,mean,sd,hdi_3%,hdi_97%,mcse_mean,mcse_sd,ess_bulk,ess_tail,r_hat
beta[hour_dec],0.29,0.02,0.25,0.33,0.0,0.0,8634.66,5848.99,1.0
beta[days_until_xmas],0.36,0.02,0.32,0.39,0.0,0.0,8063.0,5448.83,1.0
intercept,1.17,0.03,1.11,1.23,0.0,0.0,7748.29,5269.48,1.0
weekday_cat_raw[0],0.12,0.2,-0.23,0.49,0.0,0.0,2294.24,3380.3,1.0
weekday_cat_raw[1],0.18,0.19,-0.16,0.56,0.0,0.0,2320.32,3135.59,1.0
weekday_cat_raw[2],0.02,0.2,-0.35,0.37,0.0,0.0,2329.69,3443.14,1.0
weekday_cat_raw[3],-0.05,0.2,-0.41,0.31,0.0,0.0,2347.98,3450.25,1.0
weekday_cat_raw[4],0.11,0.2,-0.25,0.48,0.0,0.0,2310.42,3391.08,1.0
weekday_cat_raw[5],-0.05,0.2,-0.42,0.32,0.0,0.0,2332.84,3428.56,1.0
weekday_cat_raw[6],-0.31,0.2,-0.68,0.06,0.0,0.0,2373.08,3444.71,1.0
dest_top_raw[Berlin Ostbahnhof],-0.01,0.19,-0.35,0.35,0.0,0.0,2696.89,4283.11,1.0
dest_top_raw[Duisburg Hbf],0.59,0.18,0.27,0.93,0.0,0.0,2458.96,4299.07,1.0
dest_top_raw[Düsseldorf Hbf],-0.25,0.16,-0.55,0.05,0.0,0.0,2092.28,3671.81,1.0
dest_top_raw[Essen Hbf],-0.28,0.17,-0.59,0.05,0.0,0.0,2415.41,4220.09,1.0
dest_top_raw[Hamm(Westf)Hbf],0.95,0.18,0.61,1.29,0.0,0.0,2474.33,4177.25,1.0
dest_top_raw[Iserlohn],-0.22,0.17,-0.54,0.09,0.0,0.0,2274.67,4076.83,1.0
dest_top_raw[Lüdenscheid],0.45,0.18,0.1,0.76,0.0,0.0,2408.1,4346.66,1.0
dest_top_raw[Other],0.12,0.15,-0.17,0.4,0.0,0.0,1919.68,3429.31,1.0
dest_top_raw[Recklinghausen Hbf],-0.3,0.18,-0.65,0.03,0.0,0.0,2618.84,4375.07,1.0
dest_top_raw[Soest],0.22,0.17,-0.09,0.53,0.0,0.0,2277.8,4103.51,1.0
dest_top_raw[Solingen Hbf],-1.17,0.17,-1.5,-0.85,0.0,0.0,2353.01,4139.88,1.0
train_cat_offset[HighSpeed],1.04,0.69,-0.22,2.34,0.01,0.01,4962.44,5448.53,1.0
train_cat_offset[Regional],-1.04,0.69,-2.26,0.33,0.01,0.01,4585.06,4439.42,1.0
train_cat_offset[S-Bahn],0.01,0.6,-1.1,1.16,0.01,0.01,4562.79,4375.12,1.0
train_cat_sigma,0.39,0.15,0.16,0.67,0.0,0.0,5108.34,5529.13,1.0
weekday_cat_eff[0],0.12,0.04,0.04,0.21,0.0,0.0,9039.78,5447.32,1.0
weekday_cat_eff[1],0.18,0.04,0.09,0.26,0.0,0.0,9171.86,5568.52,1.0
weekday_cat_eff[2],0.02,0.05,-0.06,0.11,0.0,0.0,9108.17,5163.31,1.0
weekday_cat_eff[3],-0.06,0.05,-0.15,0.03,0.0,0.0,8899.03,5062.25,1.0
weekday_cat_eff[4],0.11,0.05,0.02,0.2,0.0,0.0,8835.25,4977.26,1.0
weekday_cat_eff[5],-0.05,0.05,-0.15,0.03,0.0,0.0,8865.85,5154.19,1.0
weekday_cat_eff[6],-0.31,0.05,-0.41,-0.22,0.0,0.0,9326.82,5012.51,1.0
dest_top_eff[Berlin Ostbahnhof],-0.02,0.11,-0.22,0.2,0.0,0.0,11683.69,6280.88,1.0
dest_top_eff[Duisburg Hbf],0.58,0.1,0.4,0.78,0.0,0.0,10031.91,5715.13,1.0
dest_top_eff[Düsseldorf Hbf],-0.25,0.07,-0.38,-0.12,0.0,0.0,9615.72,5382.84,1.0
dest_top_eff[Essen Hbf],-0.29,0.09,-0.45,-0.11,0.0,0.0,8821.29,6698.08,1.0
dest_top_eff[Hamm(Westf)Hbf],0.94,0.1,0.75,1.14,0.0,0.0,10984.58,6258.2,1.0
dest_top_eff[Iserlohn],-0.23,0.09,-0.4,-0.08,0.0,0.0,10984.94,6459.12,1.0
dest_top_eff[Lüdenscheid],0.44,0.1,0.25,0.62,0.0,0.0,9290.22,5982.26,1.0
dest_top_eff[Other],0.11,0.04,0.03,0.19,0.0,0.0,9320.04,6800.08,1.0
dest_top_eff[Recklinghausen Hbf],-0.31,0.11,-0.52,-0.11,0.0,0.0,9816.78,6517.99,1.0
dest_top_eff[Soest],0.21,0.08,0.06,0.36,0.0,0.0,10849.76,6186.81,1.0
dest_top_eff[Solingen Hbf],-1.18,0.09,-1.35,-1.01,0.0,0.0,9051.47,6979.53,1.0
train_cat_raw_eff[HighSpeed],0.36,0.24,-0.1,0.83,0.0,0.0,4720.5,5465.11,1.0
train_cat_raw_eff[Regional],-0.36,0.24,-0.81,0.11,0.0,0.0,4614.23,5374.57,1.0
train_cat_raw_eff[S-Bahn],0.0,0.25,-0.48,0.46,0.0,0.0,4506.4,5520.1,1.0
train_cat_eff[HighSpeed],0.36,0.04,0.27,0.44,0.0,0.0,8998.39,6430.0,1.0
train_cat_eff[Regional],-0.36,0.04,-0.44,-0.28,0.0,0.0,8292.43,6877.61,1.0
train_cat_eff[S-Bahn],0.0,0.06,-0.11,0.12,0.0,0.0,8693.83,6252.53,1.0
p[0],0.72,0.02,0.69,0.75,0.0,0.0,8649.13,6699.96,1.0
p[1],0.84,0.01,0.82,0.86,0.0,0.0,8924.34,6736.97,1.0
p[2],0.71,0.02,0.68,0.75,0.0,0.0,8855.99,7629.26,1.0
p[3],0.86,0.02,0.83,0.89,0.0,0.0,9112.82,6970.15,1.0
p[4],0.64,0.02,0.6,0.68,0.0,0.0,9320.18,6783.11,1.0
p[5],0.81,0.02,0.77,0.84,0.0,0.0,9232.33,6819.65,1.0
p[6],0.82,0.02,0.79,0.86,0.0,0.0,11212.37,6602.41,1.0
p[7],0.73,0.02,0.7,0.75,0.0,0.0,8660.77,6729.62,1.0
p[8],0.79,0.02,0.76,0.83,0.0,0.0,8761.32,6665.02,1.0
p[9],0.73,0.03,0.68,0.77,0.0,0.0,8818.04,6406.99,1.0
p[10],0.72,0.02,0.69,0.76,0.0,0.0,8846.1,7708.94,1.0
p[11],0.85,0.01,0.83,0.87,0.0,0.0,8914.96,6830.83,1.0
p[12],0.73,0.02,0.69,0.76,0.0,0.0,8837.52,7669.75,1.0
p[13],0.66,0.02,0.62,0.7,0.0,0.0,9289.67,6812.84,1.0
p[14],0.87,0.01,0.84,0.89,0.0,0.0,9129.5,6812.15,1.0
p[15],0.73,0.02,0.7,0.77,0.0,0.0,8828.87,7670.04,1.0
p[16],0.85,0.01,0.84,0.87,0.0,0.0,8912.61,6967.84,1.0
p[17],0.75,0.01,0.72,0.77,0.0,0.0,8686.58,6672.83,1.0
p[18],0.67,0.02,0.64,0.71,0.0,0.0,9273.16,6842.53,1.0
p[19],0.74,0.02,0.71,0.78,0.0,0.0,8812.53,7631.96,1.0
p[20],0.75,0.01,0.73,0.78,0.0,0.0,8702.23,6585.96,1.0
p[21],0.55,0.02,0.51,0.59,0.0,0.0,8851.71,6927.62,1.0
p[22],0.86,0.01,0.85,0.88,0.0,0.0,8905.7,6756.35,1.0
p[23],0.75,0.02,0.72,0.79,0.0,0.0,8798.2,7446.09,1.0
p[24],0.56,0.02,0.52,0.6,0.0,0.0,8880.59,6907.56,1.0
p[25],0.82,0.02,0.79,0.85,0.0,0.0,8682.15,6636.93,1.0
p[26],0.76,0.01,0.74,0.79,0.0,0.0,8715.54,6524.11,1.0
p[27],0.84,0.02,0.81,0.87,0.0,0.0,9248.7,6883.24,1.0
p[28],0.82,0.02,0.78,0.85,0.0,0.0,9587.35,6131.29,1.0
p[29],0.76,0.01,0.74,0.79,0.0,0.0,8717.66,6366.6,1.0
p[30],0.56,0.02,0.52,0.61,0.0,0.0,8896.55,6936.88,1.0
p[31],0.77,0.01,0.74,0.79,0.0,0.0,8722.79,6392.88,1.0
p[32],0.87,0.01,0.85,0.89,0.0,0.0,8900.28,6930.91,1.0
p[33],0.7,0.02,0.66,0.73,0.0,0.0,9202.98,7000.16,1.0
p[34],0.78,0.02,0.75,0.82,0.0,0.0,9920.54,6867.47,1.0
p[35],0.77,0.01,0.74,0.79,0.0,0.0,8727.15,6507.63,1.0
p[36],0.76,0.02,0.73,0.79,0.0,0.0,8777.96,7408.98,1.0
p[37],0.88,0.01,0.86,0.91,0.0,0.0,9135.64,6508.71,1.0
p[38],0.83,0.02,0.8,0.86,0.0,0.0,8661.36,6724.41,1.0
p[39],0.7,0.02,0.67,0.73,0.0,0.0,9189.69,6968.53,1.0
p[40],0.57,0.02,0.53,0.61,0.0,0.0,8927.42,6700.49,1.0
p[41],0.87,0.01,0.86,0.89,0.0,0.0,8894.95,6891.85,1.0
p[42],0.87,0.01,0.86,0.89,0.0,0.0,8894.79,6861.21,1.0
p[43],0.77,0.01,0.75,0.79,0.0,0.0,8738.56,6810.89,1.0
p[44],0.84,0.02,0.81,0.87,0.0,0.0,9232.11,6799.24,1.0
p[45],0.87,0.01,0.86,0.89,0.0,0.0,8892.1,6906.08,1.0
p[46],0.77,0.01,0.75,0.79,0.0,0.0,8738.9,6780.53,1.0
p[47],0.82,0.02,0.79,0.86,0.0,0.0,9583.57,5931.34,1.0
p[48],0.77,0.01,0.75,0.8,0.0,0.0,8742.11,6780.83,1.0
p[49],0.87,0.01,0.86,0.89,0.0,0.0,8890.38,6947.92,1.0
p[50],0.83,0.02,0.8,0.86,0.0,0.0,8653.23,6694.99,1.0
p[51],0.76,0.02,0.73,0.8,0.0,0.0,9915.85,7683.86,1.0
p[52],0.58,0.02,0.54,0.62,0.0,0.0,8931.77,6732.44,1.0
p[53],0.86,0.02,0.83,0.89,0.0,0.0,11269.56,6811.91,1.0
p[54],0.78,0.01,0.75,0.8,0.0,0.0,8745.39,6705.8,1.0
p[55],0.89,0.01,0.86,0.91,0.0,0.0,9139.87,6508.44,1.0
p[56],0.71,0.02,0.67,0.74,0.0,0.0,9171.69,7005.98,1.0
p[57],0.79,0.02,0.76,0.82,0.0,0.0,9924.96,6832.99,1.0
p[58],0.78,0.01,0.75,0.8,0.0,0.0,8748.76,6676.44,1.0
p[59],0.78,0.01,0.75,0.8,0.0,0.0,8748.76,6676.44,1.0
p[60],0.77,0.02,0.74,0.8,0.0,0.0,8765.27,7337.8,1.0
p[61],0.78,0.01,0.75,0.8,0.0,0.0,8749.47,6676.44,1.0
p[62],0.89,0.01,0.87,0.91,0.0,0.0,9139.19,6480.28,1.0
p[63],0.77,0.02,0.74,0.8,0.0,0.0,8762.48,7302.29,1.0
p[64],0.71,0.02,0.68,0.74,0.0,0.0,9169.81,7071.93,1.0
p[65],0.58,0.02,0.54,0.62,0.0,0.0,8929.93,6818.26,1.0
p[66],0.88,0.01,0.86,0.89,0.0,0.0,8883.27,6858.64,1.0
p[67],0.88,0.01,0.86,0.89,0.0,0.0,8882.88,6858.64,1.0
p[68],0.84,0.01,0.81,0.86,0.0,0.0,8638.76,6695.66,1.0
p[69],0.8,0.02,0.77,0.83,0.0,0.0,9927.72,6805.65,1.0
p[70],0.78,0.01,0.76,0.8,0.0,0.0,8756.38,6599.05,1.0
p[71],0.85,0.02,0.82,0.88,0.0,0.0,9213.58,6770.1,1.0
p[72],0.78,0.01,0.76,0.8,0.0,0.0,8757.14,6599.05,1.0
p[73],0.83,0.02,0.8,0.86,0.0,0.0,9562.3,6106.04,1.0
p[74],0.78,0.01,0.76,0.8,0.0,0.0,8758.61,6641.2,1.0
p[75],0.78,0.01,0.75,0.81,0.0,0.0,8755.92,7232.82,1.0
p[76],0.78,0.01,0.76,0.8,0.0,0.0,8760.31,6514.14,1.0
p[77],0.87,0.01,0.84,0.89,0.0,0.0,11274.32,7013.03,1.0
p[78],0.87,0.01,0.84,0.89,0.0,0.0,11274.32,7013.03,1.0
p[79],0.88,0.01,0.86,0.9,0.0,0.0,8878.5,6853.22,1.0
p[80],0.59,0.02,0.55,0.63,0.0,0.0,8930.17,6890.57,1.0
p[81],0.89,0.01,0.87,0.91,0.0,0.0,9146.17,6370.34,1.0
p[82],0.72,0.02,0.68,0.75,0.0,0.0,9137.74,7007.39,1.0
p[83],0.8,0.02,0.77,0.83,0.0,0.0,9929.36,6681.31,1.0
p[84],0.78,0.01,0.76,0.81,0.0,0.0,8765.98,6505.74,1.0
p[85],0.79,0.01,0.76,0.81,0.0,0.0,8766.56,6533.76,1.0
p[86],0.78,0.01,0.75,0.81,0.0,0.0,8747.71,7148.64,1.0
p[87],0.84,0.01,0.81,0.87,0.0,0.0,8624.61,6777.04,1.0
p[88],0.89,0.01,0.87,0.92,0.0,0.0,9148.39,6417.6,1.0
p[89],0.88,0.01,0.87,0.9,0.0,0.0,8872.59,6896.63,1.0
p[90],0.78,0.01,0.75,0.81,0.0,0.0,8740.6,7233.57,1.0
p[91],0.72,0.02,0.69,0.75,0.0,0.0,9125.0,7056.93,1.0
p[92],0.6,0.02,0.56,0.64,0.0,0.0,8933.36,6860.08,1.0
p[93],0.84,0.01,0.82,0.87,0.0,0.0,8616.47,6748.12,1.0
p[94],0.79,0.01,0.77,0.81,0.0,0.0,8778.28,6525.93,1.0
p[95],0.86,0.01,0.83,0.88,0.0,0.0,9192.57,6742.52,1.0
p[96],0.81,0.02,0.78,0.83,0.0,0.0,9927.87,6652.22,1.0
p[97],0.79,0.01,0.77,0.81,0.0,0.0,8779.91,6525.93,1.0
p[98],0.84,0.02,0.81,0.87,0.0,0.0,9548.31,6261.08,1.0
p[99],0.88,0.01,0.87,0.9,0.0,0.0,8870.11,6897.39,1.0
p[100],0.79,0.01,0.77,0.81,0.0,0.0,8781.17,6525.93,1.0
p[101],0.79,0.01,0.77,0.81,0.0,0.0,8781.36,6525.93,1.0
p[102],0.78,0.01,0.76,0.81,0.0,0.0,8730.98,7302.61,1.0
p[103],0.89,0.01,0.87,0.9,0.0,0.0,8869.57,6927.86,1.0
p[104],0.89,0.01,0.87,0.9,0.0,0.0,8869.26,6895.76,1.0
p[105],0.79,0.01,0.77,0.81,0.0,0.0,8782.68,6582.15,1.0
p[106],0.78,0.02,0.75,0.82,0.0,0.0,9910.2,7611.8,1.0
p[107],0.89,0.01,0.87,0.9,0.0,0.0,8867.97,6959.76,1.0
p[108],0.6,0.02,0.56,0.64,0.0,0.0,8934.36,6796.96,1.0
p[109],0.87,0.01,0.85,0.9,0.0,0.0,11267.13,7035.11,1.0
p[110],0.79,0.01,0.77,0.81,0.0,0.0,8785.73,6582.15,1.0
p[111],0.9,0.01,0.88,0.92,0.0,0.0,9149.81,6320.27,1.0
p[112],0.73,0.02,0.7,0.76,0.0,0.0,9107.4,7056.62,1.0
p[113],0.81,0.02,0.78,0.84,0.0,0.0,9924.66,6787.86,1.0
p[114],0.79,0.01,0.77,0.81,0.0,0.0,8788.0,6553.48,1.0
p[115],0.79,0.01,0.76,0.82,0.0,0.0,8724.26,7199.13,1.0
p[116],0.79,0.01,0.77,0.81,0.0,0.0,8789.9,6469.8,1.0
p[117],0.85,0.01,0.82,0.87,0.0,0.0,9433.98,7102.43,1.0
p[118],0.79,0.01,0.77,0.81,0.0,0.0,8791.91,6469.8,1.0
p[119],0.9,0.01,0.88,0.92,0.0,0.0,9146.67,6426.76,1.0
p[120],0.61,0.02,0.57,0.65,0.0,0.0,8933.24,6734.1,1.0
p[121],0.89,0.01,0.87,0.9,0.0,0.0,8862.06,6833.8,1.0
p[122],0.85,0.01,0.82,0.87,0.0,0.0,8590.76,6754.51,1.0
p[123],0.89,0.01,0.87,0.9,0.0,0.0,8860.0,6855.25,1.0
p[124],0.86,0.01,0.84,0.89,0.0,0.0,9171.08,6728.38,1.0
p[125],0.8,0.01,0.78,0.82,0.0,0.0,8797.55,6442.5,1.0
p[126],0.89,0.01,0.88,0.9,0.0,0.0,8859.43,6855.25,1.0
p[127],0.85,0.02,0.82,0.87,0.0,0.0,9534.15,6392.82,1.0
p[128],0.8,0.01,0.78,0.82,0.0,0.0,8798.44,6420.99,1.0
p[129],0.8,0.01,0.78,0.82,0.0,0.0,8798.9,6420.99,1.0
p[130],0.79,0.01,0.77,0.82,0.0,0.0,8714.17,7097.38,1.0
p[131],0.81,0.01,0.79,0.84,0.0,0.0,9923.12,6681.83,1.0
p[132],0.89,0.01,0.88,0.9,0.0,0.0,8858.4,6885.92,1.0
p[133],0.88,0.01,0.85,0.9,0.0,0.0,11259.48,7101.94,1.0
p[134],0.88,0.01,0.85,0.9,0.0,0.0,11259.48,7101.94,1.0
p[135],0.8,0.01,0.78,0.82,0.0,0.0,8803.18,6394.09,1.0
p[136],0.79,0.02,0.76,0.82,0.0,0.0,10039.76,7535.68,1.0
p[137],0.61,0.02,0.58,0.65,0.0,0.0,8937.89,6781.9,1.0
p[138],0.8,0.01,0.78,0.82,0.0,0.0,8805.95,6417.77,1.0
p[139],0.74,0.02,0.71,0.77,0.0,0.0,9067.3,7106.02,1.0
p[140],0.9,0.01,0.88,0.92,0.0,0.0,9141.33,6401.93,1.0
p[141],0.82,0.01,0.79,0.84,0.0,0.0,9921.12,6608.45,1.0
p[142],0.74,0.02,0.71,0.77,0.0,0.0,9060.91,7006.05,1.0
p[143],0.8,0.01,0.78,0.82,0.0,0.0,8810.42,6368.89,1.0
p[144],0.8,0.01,0.77,0.82,0.0,0.0,8705.19,6935.52,1.0
p[145],0.8,0.01,0.77,0.82,0.0,0.0,8700.26,6864.84,1.0
p[146],0.88,0.01,0.86,0.9,0.0,0.0,11244.07,7002.63,1.0
p[147],0.62,0.02,0.58,0.66,0.0,0.0,8938.7,6738.51,1.0
p[148],0.9,0.01,0.88,0.92,0.0,0.0,9139.17,6348.77,1.0
p[149],0.89,0.01,0.88,0.91,0.0,0.0,8846.21,6941.5,1.0
p[150],0.8,0.01,0.79,0.82,0.0,0.0,8821.25,6488.71,1.0
p[151],0.89,0.01,0.88,0.91,0.0,0.0,8844.91,6941.5,1.0
p[152],0.81,0.01,0.79,0.83,0.0,0.0,8822.49,6506.4,1.0
p[153],0.87,0.01,0.84,0.89,0.0,0.0,9150.45,6581.99,1.0
p[154],0.81,0.01,0.79,0.83,0.0,0.0,8824.38,6516.46,1.0
p[155],0.82,0.01,0.8,0.85,0.0,0.0,9992.63,6862.16,1.0
p[156],0.74,0.02,0.71,0.77,0.0,0.0,9041.24,7038.85,1.0
p[157],0.8,0.01,0.78,0.83,0.0,0.0,8693.1,6929.89,1.0
p[158],0.89,0.01,0.88,0.91,0.0,0.0,8843.23,6944.78,1.0
p[159],0.89,0.01,0.88,0.91,0.0,0.0,8841.84,6944.98,1.0
p[160],0.85,0.01,0.83,0.88,0.0,0.0,9508.52,6501.36,1.0
p[161],0.86,0.01,0.83,0.88,0.0,0.0,9363.54,6932.49,1.0
p[162],0.86,0.01,0.83,0.88,0.0,0.0,9363.54,6932.49,1.0
p[163],0.8,0.02,0.76,0.83,0.0,0.0,9960.44,7573.85,1.0
p[164],0.63,0.02,0.59,0.66,0.0,0.0,8938.17,6827.66,1.0
p[165],0.81,0.01,0.79,0.83,0.0,0.0,8828.53,6602.05,1.0
p[166],0.9,0.01,0.88,0.91,0.0,0.0,8840.8,6978.65,1.0
p[167],0.81,0.01,0.79,0.83,0.0,0.0,8826.45,6602.2,1.0
p[168],0.82,0.01,0.8,0.85,0.0,0.0,9982.58,6893.34,1.0
p[169],0.75,0.02,0.72,0.78,0.0,0.0,9030.25,7039.71,1.0
p[170],0.81,0.01,0.79,0.83,0.0,0.0,8831.44,6507.52,1.0
p[171],0.8,0.01,0.78,0.83,0.0,0.0,8687.4,7133.01,1.0
p[172],0.81,0.01,0.79,0.83,0.0,0.0,8833.78,6535.23,1.0
p[173],0.86,0.01,0.84,0.88,0.0,0.0,9348.83,6925.4,1.0
p[174],0.81,0.01,0.78,0.83,0.0,0.0,8678.73,7195.95,1.0
p[175],0.75,0.02,0.72,0.78,0.0,0.0,9018.74,7039.8,1.0
p[176],0.81,0.01,0.79,0.83,0.0,0.0,8839.17,6428.81,1.0
p[177],0.89,0.01,0.86,0.91,0.0,0.0,11213.98,6928.27,1.0
p[178],0.86,0.01,0.84,0.89,0.0,0.0,8541.45,6636.84,1.0
p[179],0.87,0.01,0.85,0.9,0.0,0.0,9133.83,6669.74,1.0
p[180],0.91,0.01,0.89,0.93,0.0,0.0,9135.19,6321.79,1.0
p[181],0.81,0.01,0.78,0.83,0.0,0.0,8673.35,7163.13,1.0
p[182],0.83,0.01,0.8,0.85,0.0,0.0,9948.31,6792.21,1.0
p[183],0.81,0.01,0.8,0.83,0.0,0.0,8845.07,6395.24,1.0
p[184],0.91,0.01,0.89,0.93,0.0,0.0,9131.83,6296.45,1.0
p[185],0.81,0.01,0.8,0.83,0.0,0.0,8845.17,6395.24,1.0
p[186],0.9,0.01,0.89,0.91,0.0,0.0,8834.14,7080.16,1.0
p[187],0.82,0.01,0.8,0.83,0.0,0.0,8847.92,6476.64,1.0
p[188],0.82,0.01,0.8,0.83,0.0,0.0,8847.92,6476.64,1.0
p[189],0.82,0.01,0.8,0.83,0.0,0.0,8848.15,6476.75,1.0
p[190],0.9,0.01,0.89,0.91,0.0,0.0,8831.66,7079.71,1.0
p[191],0.9,0.01,0.89,0.91,0.0,0.0,8830.51,7119.21,1.0
p[192],0.9,0.01,0.89,0.91,0.0,0.0,8830.51,7119.21,1.0
p[193],0.82,0.01,0.8,0.84,0.0,0.0,8849.34,6532.69,1.0
p[194],0.83,0.01,0.81,0.86,0.0,0.0,9922.3,6834.34,1.0
p[195],0.76,0.02,0.73,0.79,0.0,0.0,8994.95,7008.78,1.0
p[196],0.91,0.01,0.89,0.93,0.0,0.0,9126.0,6365.49,1.0
p[197],0.91,0.01,0.89,0.93,0.0,0.0,9124.64,6365.49,1.0
p[198],0.82,0.01,0.8,0.84,0.0,0.0,8852.17,6454.94,1.0
p[199],0.81,0.01,0.79,0.84,0.0,0.0,8661.63,7302.18,1.0
p[200],0.82,0.01,0.8,0.84,0.0,0.0,8854.14,6451.35,1.0
p[201],0.89,0.01,0.87,0.91,0.0,0.0,11191.1,6893.92,1.0
p[202],0.81,0.01,0.79,0.84,0.0,0.0,8656.23,7302.56,1.0
p[203],0.87,0.01,0.84,0.89,0.0,0.0,9302.74,6806.59,1.0
p[204],0.87,0.01,0.84,0.89,0.0,0.0,9302.74,6806.59,1.0
p[205],0.9,0.01,0.89,0.92,0.0,0.0,8822.41,7050.92,1.0
p[206],0.89,0.01,0.87,0.91,0.0,0.0,11187.55,6918.72,1.0
p[207],0.88,0.01,0.86,0.9,0.0,0.0,9116.89,6591.47,1.0
p[208],0.84,0.01,0.81,0.86,0.0,0.0,9883.05,6880.79,1.0
p[209],0.82,0.01,0.8,0.84,0.0,0.0,8860.72,6342.35,1.0
p[210],0.82,0.01,0.8,0.84,0.0,0.0,8861.14,6342.35,1.0
p[211],0.86,0.01,0.84,0.89,0.0,0.0,9466.93,6472.73,1.0
p[212],0.91,0.01,0.9,0.93,0.0,0.0,9127.06,6338.01,1.0
p[213],0.82,0.01,0.79,0.84,0.0,0.0,8646.73,6997.32,1.0
p[214],0.76,0.02,0.73,0.79,0.0,0.0,8967.51,7074.34,1.0
p[215],0.81,0.02,0.78,0.84,0.0,0.0,9848.91,7424.62,1.0
p[216],0.82,0.01,0.81,0.84,0.0,0.0,8866.16,6316.83,1.0
p[217],0.82,0.01,0.81,0.84,0.0,0.0,8867.36,6264.76,1.0
p[218],0.89,0.01,0.87,0.92,0.0,0.0,11172.28,6752.49,1.0
p[219],0.82,0.01,0.81,0.84,0.0,0.0,8871.07,6444.87,1.0
p[220],0.82,0.01,0.81,0.84,0.0,0.0,8871.07,6444.87,1.0
p[221],0.77,0.02,0.74,0.79,0.0,0.0,8959.76,7043.52,1.0
p[222],0.84,0.01,0.82,0.86,0.0,0.0,9847.01,6820.95,1.0
p[223],0.92,0.01,0.9,0.93,0.0,0.0,9130.46,6232.32,1.0
p[224],0.83,0.01,0.81,0.84,0.0,0.0,8874.13,6386.6,1.0
p[225],0.82,0.01,0.8,0.84,0.0,0.0,8636.7,6871.31,1.0
p[226],0.83,0.01,0.81,0.84,0.0,0.0,8876.94,6455.4,1.0
p[227],0.82,0.01,0.8,0.84,0.0,0.0,8631.95,6828.37,1.0
p[228],0.83,0.01,0.81,0.84,0.0,0.0,8876.93,6482.77,1.0
p[229],0.87,0.01,0.85,0.89,0.0,0.0,9250.17,6930.58,1.0
p[230],0.83,0.01,0.81,0.85,0.0,0.0,8881.04,6427.75,1.0
p[231],0.92,0.01,0.9,0.93,0.0,0.0,9129.57,6181.15,1.0
p[232],0.66,0.02,0.62,0.69,0.0,0.0,8945.61,7020.31,1.0
p[233],0.87,0.01,0.85,0.9,0.0,0.0,8493.38,6635.92,1.0
p[234],0.88,0.01,0.86,0.91,0.0,0.0,9096.92,6377.93,1.0
p[235],0.91,0.01,0.9,0.92,0.0,0.0,8805.6,6939.31,1.0
p[236],0.83,0.01,0.81,0.85,0.0,0.0,8970.81,6405.79,1.0
p[237],0.83,0.01,0.81,0.85,0.0,0.0,8970.81,6405.79,1.0
p[238],0.82,0.01,0.8,0.85,0.0,0.0,8624.15,6981.21,1.0
p[239],0.83,0.01,0.81,0.85,0.0,0.0,8964.93,6375.48,1.0
p[240],0.87,0.01,0.85,0.89,0.0,0.0,9440.92,6584.18,1.0
p[241],0.91,0.01,0.9,0.92,0.0,0.0,8802.96,6846.58,1.0
p[242],0.77,0.01,0.74,0.8,0.0,0.0,8938.5,7176.6,1.0
p[243],0.83,0.01,0.81,0.85,0.0,0.0,8961.07,6376.1,1.0
p[244],0.83,0.01,0.81,0.85,0.0,0.0,8963.06,6376.1,1.0
p[245],0.83,0.01,0.81,0.85,0.0,0.0,8958.44,6481.13,1.0
p[246],0.82,0.02,0.79,0.85,0.0,0.0,9809.76,7130.46,1.0
p[247],0.85,0.01,0.82,0.87,0.0,0.0,9792.49,7037.48,1.0
p[248],0.66,0.02,0.63,0.7,0.0,0.0,8947.56,6577.74,1.0
p[249],0.83,0.01,0.81,0.85,0.0,0.0,8952.41,6350.87,1.0
p[250],0.77,0.01,0.75,0.8,0.0,0.0,8924.5,7175.21,1.0
p[251],0.92,0.01,0.9,0.94,0.0,0.0,9123.77,6201.52,1.0
p[252],0.85,0.01,0.82,0.87,0.0,0.0,9782.32,7109.58,1.0
p[253],0.83,0.01,0.82,0.85,0.0,0.0,8940.69,6404.14,1.0
p[254],0.83,0.01,0.8,0.85,0.0,0.0,8617.35,6887.37,1.0
p[255],0.83,0.01,0.82,0.85,0.0,0.0,8935.08,6529.98,1.0
p[256],0.88,0.01,0.86,0.9,0.0,0.0,9206.64,6962.79,1.0
p[257],0.88,0.01,0.86,0.9,0.0,0.0,9206.64,6962.79,1.0
p[258],0.83,0.01,0.81,0.85,0.0,0.0,8617.19,6887.37,1.0
p[259],0.91,0.01,0.9,0.92,0.0,0.0,8790.52,6974.81,1.0
p[260],0.92,0.01,0.9,0.94,0.0,0.0,9119.84,6153.78,1.0
p[261],0.88,0.01,0.86,0.9,0.0,0.0,8476.2,6636.95,1.0
p[262],0.83,0.01,0.82,0.85,0.0,0.0,8927.85,6587.22,1.0
p[263],0.78,0.01,0.75,0.81,0.0,0.0,8908.1,6863.02,1.0
p[264],0.84,0.01,0.82,0.85,0.0,0.0,8920.99,6587.22,1.0
p[265],0.84,0.01,0.82,0.85,0.0,0.0,8919.44,6530.12,1.0
p[266],0.88,0.01,0.85,0.9,0.0,0.0,9422.95,6692.88,1.0
p[267],0.89,0.01,0.87,0.91,0.0,0.0,9072.68,6331.36,1.0
p[268],0.85,0.01,0.83,0.87,0.0,0.0,9757.44,7004.34,1.0
p[269],0.83,0.01,0.81,0.85,0.0,0.0,8609.51,6894.18,1.0
p[270],0.91,0.01,0.9,0.92,0.0,0.0,8789.2,7070.96,1.0
p[271],0.84,0.01,0.82,0.85,0.0,0.0,8919.16,6564.14,1.0
p[272],0.84,0.01,0.82,0.85,0.0,0.0,8916.43,6564.14,1.0
p[273],0.84,0.01,0.82,0.85,0.0,0.0,8913.22,6564.14,1.0
p[274],0.91,0.01,0.9,0.92,0.0,0.0,8787.03,7070.53,1.0
p[275],0.67,0.02,0.64,0.71,0.0,0.0,8949.62,6549.89,1.0
p[276],0.83,0.02,0.8,0.86,0.0,0.0,9722.35,7104.79,1.0
p[277],0.78,0.01,0.76,0.81,0.0,0.0,8895.97,6853.09,1.0
p[278],0.9,0.01,0.88,0.92,0.0,0.0,11095.91,6809.67,1.0
p[279],0.9,0.01,0.88,0.92,0.0,0.0,11095.91,6809.67,1.0
p[280],0.85,0.01,0.83,0.87,0.0,0.0,9734.4,7035.78,1.0
p[281],0.83,0.01,0.81,0.86,0.0,0.0,8603.96,6999.92,1.0
p[282],0.92,0.01,0.91,0.94,0.0,0.0,9105.58,6335.56,1.0
p[283],0.91,0.01,0.9,0.93,0.0,0.0,8781.32,6970.3,1.0
p[284],0.84,0.01,0.82,0.86,0.0,0.0,8910.11,6566.21,1.0
p[285],0.84,0.01,0.82,0.86,0.0,0.0,8908.44,6566.21,1.0
p[286],0.84,0.01,0.82,0.86,0.0,0.0,8911.78,6566.21,1.0
p[287],0.88,0.01,0.86,0.9,0.0,0.0,9164.78,6966.87,1.0
p[288],0.84,0.01,0.81,0.86,0.0,0.0,8600.85,7000.92,1.0
p[289],0.92,0.01,0.9,0.93,0.0,0.0,8777.39,6939.75,1.0
p[290],0.92,0.01,0.91,0.94,0.0,0.0,9099.25,6282.61,1.0
p[291],0.84,0.01,0.83,0.86,0.0,0.0,8922.12,6481.51,1.0
p[292],0.92,0.01,0.9,0.93,0.0,0.0,8775.04,6972.88,1.0
p[293],0.84,0.01,0.83,0.86,0.0,0.0,8919.02,6481.51,1.0
p[294],0.9,0.01,0.87,0.92,0.0,0.0,9051.58,6201.46,1.0
p[295],0.84,0.01,0.82,0.86,0.0,0.0,8596.84,6839.98,1.0
p[296],0.84,0.01,0.83,0.86,0.0,0.0,8916.93,6426.11,1.0
p[297],0.91,0.01,0.89,0.93,0.0,0.0,11078.04,6870.49,1.0
p[298],0.79,0.01,0.76,0.81,0.0,0.0,8876.49,6950.49,1.0
p[299],0.92,0.01,0.91,0.93,0.0,0.0,8770.05,7032.88,1.0
p[300],0.84,0.01,0.83,0.86,0.0,0.0,8906.85,6421.3,1.0
p[301],0.86,0.01,0.83,0.88,0.0,0.0,9709.51,7171.49,1.0
p[302],0.68,0.02,0.65,0.72,0.0,0.0,8953.36,7029.16,1.0
p[303],0.84,0.02,0.81,0.86,0.0,0.0,9662.49,7005.51,1.0
p[304],0.85,0.01,0.83,0.86,0.0,0.0,8893.18,6368.27,1.0
p[305],0.85,0.01,0.83,0.86,0.0,0.0,8887.31,6394.12,1.0
p[306],0.84,0.01,0.82,0.86,0.0,0.0,8590.6,6690.65,1.0
p[307],0.79,0.01,0.77,0.82,0.0,0.0,8862.2,6502.85,1.0
p[308],0.85,0.01,0.83,0.86,0.0,0.0,8881.19,6462.81,1.0
p[309],0.86,0.01,0.84,0.88,0.0,0.0,9674.26,7309.66,1.0
p[310],0.85,0.01,0.83,0.86,0.0,0.0,8883.2,6475.92,1.0
p[311],0.85,0.01,0.83,0.86,0.0,0.0,8882.27,6475.92,1.0
p[312],0.92,0.01,0.91,0.93,0.0,0.0,8759.36,7106.51,1.0
p[313],0.93,0.01,0.91,0.94,0.0,0.0,9052.93,6335.35,1.0
p[314],0.84,0.01,0.82,0.86,0.0,0.0,8583.12,6779.08,1.0
p[315],0.69,0.02,0.65,0.72,0.0,0.0,8955.16,7039.18,1.0
p[316],0.91,0.01,0.89,0.93,0.0,0.0,11045.56,7034.59,1.0
p[317],0.89,0.01,0.87,0.91,0.0,0.0,9111.7,6838.89,1.0
p[318],0.89,0.01,0.87,0.91,0.0,0.0,9111.7,6838.89,1.0
p[319],0.85,0.01,0.83,0.86,0.0,0.0,8870.42,6474.26,1.0
p[320],0.86,0.01,0.84,0.88,0.0,0.0,9645.44,7307.27,1.0
p[321],0.85,0.01,0.83,0.86,0.0,0.0,8869.02,6474.26,1.0
p[322],0.92,0.01,0.91,0.93,0.0,0.0,8757.47,7005.34,1.0
p[323],0.93,0.01,0.91,0.94,0.0,0.0,9036.36,6415.3,1.0
p[324],0.84,0.01,0.82,0.87,0.0,0.0,8574.4,6807.35,1.0
p[325],0.9,0.01,0.88,0.92,0.0,0.0,9032.46,6358.2,1.0
p[326],0.92,0.01,0.91,0.93,0.0,0.0,8755.21,7170.66,1.0
p[327],0.91,0.01,0.89,0.93,0.0,0.0,11031.8,7024.86,1.0
p[328],0.85,0.01,0.83,0.87,0.0,0.0,8855.97,6443.72,1.0
p[329],0.91,0.01,0.89,0.93,0.0,0.0,11031.8,7024.86,1.0
p[330],0.69,0.02,0.66,0.73,0.0,0.0,8953.13,7072.27,1.0
p[331],0.92,0.01,0.91,0.93,0.0,0.0,8749.95,7203.61,1.0
p[332],0.85,0.01,0.83,0.87,0.0,0.0,8853.45,6392.74,1.0
p[333],0.92,0.01,0.91,0.93,0.0,0.0,8749.89,7203.61,1.0
p[334],0.91,0.01,0.89,0.93,0.0,0.0,11027.49,7057.47,1.0
p[335],0.8,0.01,0.78,0.83,0.0,0.0,8839.67,6500.19,1.0
p[336],0.85,0.01,0.84,0.87,0.0,0.0,8841.97,6420.2,1.0
p[337],0.86,0.01,0.84,0.89,0.0,0.0,9609.01,7277.7,1.0
p[338],0.8,0.01,0.78,0.83,0.0,0.0,8837.46,6638.77,1.0
p[339],0.85,0.01,0.84,0.87,0.0,0.0,8842.01,6367.41,1.0
p[340],0.89,0.01,0.87,0.91,0.0,0.0,8420.22,6578.62,1.0
p[341],0.93,0.01,0.91,0.94,0.0,0.0,8993.04,6389.0,1.0
p[342],0.85,0.01,0.82,0.87,0.0,0.0,9587.77,7038.5,1.0
p[343],0.85,0.01,0.84,0.87,0.0,0.0,8843.55,6366.05,1.0
p[344],0.85,0.01,0.83,0.87,0.0,0.0,8553.09,6630.68,1.0
p[345],0.85,0.01,0.84,0.87,0.0,0.0,8818.09,6344.9,1.0
p[346],0.7,0.02,0.67,0.73,0.0,0.0,8949.44,7021.82,1.0
p[347],0.89,0.01,0.88,0.91,0.0,0.0,9068.83,6936.18,1.0
p[348],0.92,0.01,0.91,0.93,0.0,0.0,8742.63,6915.73,1.0
p[349],0.93,0.01,0.92,0.95,0.0,0.0,8975.34,6364.42,1.0
p[350],0.89,0.01,0.88,0.91,0.0,0.0,8413.22,6549.82,1.0
p[351],0.9,0.01,0.88,0.92,0.0,0.0,9015.59,6277.36,1.0
p[352],0.85,0.01,0.83,0.87,0.0,0.0,8533.59,6652.04,1.0
p[353],0.86,0.01,0.84,0.87,0.0,0.0,8799.28,6258.36,1.0
p[354],0.87,0.01,0.85,0.89,0.0,0.0,9567.58,7185.89,1.0
p[355],0.92,0.01,0.91,0.93,0.0,0.0,8739.57,6792.82,1.0
p[356],0.86,0.01,0.84,0.87,0.0,0.0,8798.97,6258.36,1.0
p[357],0.86,0.01,0.84,0.87,0.0,0.0,8796.1,6258.36,1.0
p[358],0.92,0.01,0.91,0.93,0.0,0.0,8738.25,6793.34,1.0
p[359],0.85,0.01,0.83,0.87,0.0,0.0,8529.02,6652.41,1.0
p[360],0.81,0.01,0.78,0.83,0.0,0.0,8814.17,6778.07,1.0
p[361],0.92,0.01,0.91,0.93,0.0,0.0,8737.47,6856.41,1.0
p[362],0.86,0.01,0.84,0.87,0.0,0.0,8780.93,6235.21,1.0
p[363],0.91,0.01,0.9,0.93,0.0,0.0,10989.91,7069.68,1.0
p[364],0.91,0.01,0.9,0.93,0.0,0.0,10989.91,7069.68,1.0
p[365],0.86,0.01,0.84,0.87,0.0,0.0,8773.9,6235.21,1.0
p[366],0.92,0.01,0.91,0.93,0.0,0.0,8734.6,6918.17,1.0
p[367],0.85,0.01,0.82,0.88,0.0,0.0,9544.65,6848.79,1.0
p[368],0.7,0.02,0.67,0.74,0.0,0.0,8949.32,7087.75,1.0
p[369],0.93,0.01,0.92,0.95,0.0,0.0,8946.97,6556.08,1.0
p[370],0.81,0.01,0.78,0.83,0.0,0.0,8800.28,7008.27,1.0
p[371],0.93,0.01,0.92,0.95,0.0,0.0,8944.11,6472.22,1.0
p[372],0.87,0.01,0.85,0.89,0.0,0.0,9534.16,7242.45,1.0
p[373],0.86,0.01,0.84,0.87,0.0,0.0,8761.38,6218.08,1.0
p[374],0.85,0.01,0.83,0.87,0.0,0.0,8511.29,6667.94,1.0
p[375],0.86,0.01,0.84,0.87,0.0,0.0,8752.25,6218.08,1.0
p[376],0.93,0.01,0.92,0.95,0.0,0.0,8925.19,6587.34,1.0
p[377],0.71,0.02,0.68,0.74,0.0,0.0,8950.13,6819.83,1.0
p[378],0.81,0.01,0.79,0.84,0.0,0.0,8787.35,6896.23,1.0
p[379],0.86,0.01,0.85,0.88,0.0,0.0,8749.89,6335.66,1.0
p[380],0.93,0.01,0.92,0.94,0.0,0.0,8723.85,6763.72,1.0
p[381],0.93,0.01,0.92,0.94,0.0,0.0,8723.85,6763.72,1.0
p[382],0.9,0.01,0.88,0.92,0.0,0.0,8398.12,6637.71,1.0
p[383],0.86,0.01,0.85,0.88,0.0,0.0,8746.66,6335.45,1.0
p[384],0.87,0.01,0.85,0.89,0.0,0.0,9494.66,7231.52,1.0
p[385],0.91,0.01,0.89,0.93,0.0,0.0,8995.69,6328.91,1.0
p[386],0.86,0.01,0.84,0.88,0.0,0.0,8493.56,6661.76,1.0
p[387],0.9,0.01,0.88,0.92,0.0,0.0,9322.73,6395.73,1.0
p[388],0.86,0.01,0.85,0.88,0.0,0.0,8740.22,6414.55,1.0
p[389],0.93,0.01,0.92,0.94,0.0,0.0,8719.62,6865.56,1.0
p[390],0.86,0.01,0.85,0.88,0.0,0.0,8728.96,6413.82,1.0
p[391],0.93,0.01,0.92,0.94,0.0,0.0,8718.18,6773.52,1.0
p[392],0.86,0.01,0.83,0.88,0.0,0.0,9496.87,6816.88,1.0
p[393],0.86,0.01,0.85,0.88,0.0,0.0,8723.4,6439.9,1.0
p[394],0.86,0.01,0.85,0.88,0.0,0.0,8719.2,6439.9,1.0
p[395],0.92,0.01,0.9,0.94,0.0,0.0,10935.36,7003.88,1.0
p[396],0.88,0.01,0.86,0.9,0.0,0.0,9472.93,7284.54,1.0
p[397],0.82,0.01,0.79,0.84,0.0,0.0,8775.37,6941.67,1.0
p[398],0.9,0.01,0.88,0.92,0.0,0.0,9308.34,6293.49,1.0
p[399],0.94,0.01,0.92,0.95,0.0,0.0,8867.34,6447.41,1.0
p[400],0.86,0.01,0.84,0.88,0.0,0.0,8471.61,6599.41,1.0
p[401],0.87,0.01,0.85,0.88,0.0,0.0,8703.92,6496.49,1.0
p[402],0.93,0.01,0.92,0.94,0.0,0.0,8710.84,6565.49,1.0
p[403],0.86,0.01,0.84,0.88,0.0,0.0,8467.92,6569.63,1.0
p[404],0.87,0.01,0.85,0.88,0.0,0.0,8696.06,6507.36,1.0
p[405],0.82,0.01,0.8,0.84,0.0,0.0,8763.36,6939.52,1.0
p[406],0.94,0.01,0.92,0.95,0.0,0.0,8861.18,6532.63,1.0
p[407],0.87,0.01,0.85,0.88,0.0,0.0,8696.19,6536.28,1.0
p[408],0.91,0.01,0.89,0.93,0.0,0.0,8971.85,6277.22,1.0
p[409],0.93,0.01,0.92,0.94,0.0,0.0,8706.65,6563.49,1.0
p[410],0.88,0.01,0.86,0.9,0.0,0.0,9440.74,7354.94,1.0
p[411],0.87,0.01,0.85,0.88,0.0,0.0,8681.47,6583.88,1.0
p[412],0.86,0.01,0.84,0.88,0.0,0.0,8458.06,6539.38,1.0
p[413],0.87,0.01,0.85,0.88,0.0,0.0,8682.23,6562.71,1.0
p[414],0.93,0.01,0.92,0.94,0.0,0.0,8703.71,6633.73,1.0
p[415],0.87,0.01,0.85,0.88,0.0,0.0,8674.07,6534.64,1.0
p[416],0.86,0.01,0.84,0.89,0.0,0.0,9423.16,6883.5,1.0
p[417],0.87,0.01,0.85,0.88,0.0,0.0,8671.08,6534.64,1.0
p[418],0.73,0.02,0.69,0.76,0.0,0.0,8945.39,6817.45,1.0
p[419],0.93,0.01,0.92,0.94,0.0,0.0,8702.33,6753.99,1.0
p[420],0.92,0.01,0.91,0.94,0.0,0.0,10876.97,7004.05,1.0
p[421],0.92,0.01,0.91,0.94,0.0,0.0,10876.97,7004.05,1.0
p[422],0.87,0.01,0.86,0.89,0.0,0.0,8663.02,6562.85,1.0
p[423],0.9,0.01,0.88,0.92,0.0,0.0,9281.2,6292.75,1.0
p[424],0.82,0.01,0.8,0.85,0.0,0.0,8744.34,7023.18,1.0
p[425],0.91,0.01,0.89,0.92,0.0,0.0,8375.18,6522.26,1.0
p[426],0.88,0.01,0.86,0.9,0.0,0.0,9414.82,7391.45,1.0
p[427],0.87,0.01,0.86,0.89,0.0,0.0,8667.64,6620.01,1.0
p[428],0.87,0.01,0.86,0.89,0.0,0.0,8667.09,6679.97,1.0
p[429],0.93,0.01,0.92,0.94,0.0,0.0,8700.17,6770.96,1.0
p[430],0.94,0.01,0.93,0.95,0.0,0.0,8842.34,6682.34,1.0
p[431],0.93,0.01,0.92,0.94,0.0,0.0,8698.47,6740.59,1.0
p[432],0.93,0.01,0.92,0.94,0.0,0.0,8696.03,6740.41,1.0
p[433],0.93,0.01,0.92,0.94,0.0,0.0,8695.67,6740.41,1.0
p[434],0.93,0.01,0.92,0.94,0.0,0.0,8695.67,6740.41,1.0
p[435],0.87,0.01,0.85,0.89,0.0,0.0,8424.97,6539.6,1.0
p[436],0.93,0.01,0.92,0.94,0.0,0.0,8695.17,6740.41,1.0
p[437],0.92,0.01,0.9,0.93,0.0,0.0,8950.04,6564.59,1.0
p[438],0.87,0.01,0.86,0.89,0.0,0.0,8655.92,6668.95,1.0
p[439],0.88,0.01,0.86,0.9,0.0,0.0,9387.54,7499.9,1.0
p[440],0.87,0.01,0.86,0.89,0.0,0.0,8658.47,6669.55,1.0
p[441],0.83,0.01,0.81,0.85,0.0,0.0,8731.53,6769.51,1.0
p[442],0.94,0.01,0.93,0.95,0.0,0.0,8831.82,6648.74,1.0
p[443],0.91,0.01,0.89,0.93,0.0,0.0,8362.43,6439.21,1.0
p[444],0.87,0.01,0.86,0.89,0.0,0.0,8649.96,6731.55,1.0
p[445],0.93,0.0,0.92,0.94,0.0,0.0,8691.46,6740.78,1.0
p[446],0.88,0.01,0.86,0.89,0.0,0.0,8641.66,6701.87,1.0
p[447],0.88,0.01,0.86,0.89,0.0,0.0,8641.12,6701.87,1.0
p[448],0.88,0.01,0.86,0.89,0.0,0.0,8637.12,6701.15,1.0
p[449],0.88,0.01,0.86,0.89,0.0,0.0,8637.21,6674.08,1.0
p[450],0.94,0.01,0.93,0.95,0.0,0.0,8825.11,6827.93,1.0
p[451],0.87,0.01,0.85,0.89,0.0,0.0,9347.07,6915.22,1.0
p[452],0.83,0.01,0.81,0.86,0.0,0.0,8714.87,6708.8,1.0
p[453],0.74,0.02,0.71,0.77,0.0,0.0,8946.43,7100.91,1.0
p[454],0.93,0.01,0.91,0.94,0.0,0.0,10563.26,6866.06,1.0
p[455],0.88,0.01,0.86,0.89,0.0,0.0,8634.04,6685.77,1.0
p[456],0.89,0.01,0.87,0.91,0.0,0.0,9359.07,7651.12,1.0
p[457],0.88,0.01,0.86,0.89,0.0,0.0,8638.01,6685.77,1.0
p[458],0.88,0.01,0.86,0.89,0.0,0.0,8634.29,6685.77,1.0
p[459],0.87,0.01,0.86,0.89,0.0,0.0,8405.51,6519.53,1.0
p[460],0.88,0.01,0.86,0.89,0.0,0.0,8622.54,6612.65,1.0
p[461],0.94,0.0,0.93,0.95,0.0,0.0,8680.93,6848.08,1.0
p[462],0.92,0.01,0.9,0.94,0.0,0.0,8929.54,6734.25,1.0
p[463],0.88,0.01,0.87,0.89,0.0,0.0,8617.83,6607.05,1.0
p[464],0.91,0.01,0.9,0.93,0.0,0.0,8352.2,6337.02,1.0
p[465],0.94,0.01,0.93,0.96,0.0,0.0,8815.95,6638.49,1.0
p[466],0.91,0.01,0.89,0.93,0.0,0.0,9225.58,6304.14,1.0
p[467],0.84,0.01,0.81,0.86,0.0,0.0,8694.62,6885.68,1.0
p[468],0.88,0.01,0.87,0.89,0.0,0.0,8612.5,6607.05,1.0
p[469],0.94,0.0,0.93,0.95,0.0,0.0,8677.57,6848.64,1.0
p[470],0.88,0.01,0.87,0.89,0.0,0.0,8610.84,6608.0,1.0
p[471],0.93,0.01,0.91,0.94,0.0,0.0,10479.3,6865.44,1.0
p[472],0.94,0.0,0.93,0.95,0.0,0.0,8676.59,6848.28,1.0
p[473],0.87,0.01,0.85,0.9,0.0,0.0,9288.47,6791.64,1.0
p[474],0.88,0.01,0.87,0.89,0.0,0.0,8606.92,6578.81,1.0
p[475],0.88,0.01,0.87,0.89,0.0,0.0,8607.6,6578.81,1.0
p[476],0.75,0.02,0.71,0.78,0.0,0.0,8943.94,7134.18,1.0
p[477],0.88,0.01,0.87,0.9,0.0,0.0,8600.97,6595.82,1.0
p[478],0.88,0.01,0.87,0.9,0.0,0.0,8601.33,6595.82,1.0
p[479],0.89,0.01,0.87,0.91,0.0,0.0,9309.23,7692.39,1.0
p[480],0.88,0.01,0.87,0.9,0.0,0.0,8600.45,6551.4,1.0
p[481],0.88,0.01,0.87,0.9,0.0,0.0,8597.73,6551.4,1.0
p[482],0.94,0.0,0.93,0.95,0.0,0.0,8671.38,6661.92,1.0
p[483],0.94,0.0,0.93,0.95,0.0,0.0,8671.38,6661.92,1.0
p[484],0.95,0.01,0.93,0.96,0.0,0.0,8796.63,6756.5,1.0
p[485],0.84,0.02,0.8,0.87,0.0,0.0,8806.25,6390.81,1.0
p[486],0.88,0.01,0.86,0.9,0.0,0.0,8368.82,6547.09,1.0
p[487],0.92,0.01,0.91,0.94,0.0,0.0,8906.45,6823.18,1.0
p[488],0.91,0.01,0.9,0.93,0.0,0.0,9197.7,6253.24,1.0
p[489],0.88,0.01,0.87,0.9,0.0,0.0,8602.0,6568.6,1.0
p[490],0.88,0.01,0.87,0.9,0.0,0.0,8601.58,6568.6,1.0
p[491],0.92,0.01,0.9,0.93,0.0,0.0,8340.29,6084.08,1.0
p[492],0.94,0.0,0.93,0.95,0.0,0.0,8662.72,6875.28,1.0
p[493],0.88,0.01,0.86,0.9,0.0,0.0,9237.27,6730.77,1.0
p[494],0.89,0.01,0.87,0.9,0.0,0.0,8593.58,6566.69,1.0
p[495],0.89,0.01,0.87,0.9,0.0,0.0,8591.71,6453.35,1.0
p[496],0.9,0.01,0.88,0.91,0.0,0.0,9238.78,7648.32,1.0
p[497],0.89,0.01,0.88,0.9,0.0,0.0,8583.51,6551.25,1.0
p[498],0.94,0.0,0.93,0.95,0.0,0.0,8657.33,6969.74,1.0
p[499],0.89,0.01,0.88,0.9,0.0,0.0,8579.3,6582.34,1.0
p[500],0.93,0.01,0.91,0.94,0.0,0.0,8881.73,6766.71,1.0
p[501],0.89,0.01,0.88,0.9,0.0,0.0,8582.62,6610.8,1.0
p[502],0.92,0.01,0.9,0.94,0.0,0.0,8333.84,6088.09,1.0
p[503],0.92,0.01,0.9,0.93,0.0,0.0,9168.64,6253.14,1.0
p[504],0.89,0.01,0.86,0.91,0.0,0.0,9173.77,6670.37,1.0
p[505],0.89,0.01,0.88,0.91,0.0,0.0,8575.39,6439.23,1.0
p[506],0.94,0.0,0.93,0.95,0.0,0.0,8645.32,6966.63,1.0
p[507],0.89,0.01,0.88,0.91,0.0,0.0,8576.73,6439.23,1.0
p[508],0.89,0.01,0.88,0.91,0.0,0.0,8578.42,6493.88,1.0
p[509],0.95,0.01,0.94,0.96,0.0,0.0,8756.43,6875.85,1.0
p[510],0.94,0.0,0.94,0.95,0.0,0.0,8644.2,6935.66,1.0
p[511],0.9,0.01,0.88,0.92,0.0,0.0,9181.22,7615.04,1.0
p[512],0.94,0.0,0.94,0.95,0.0,0.0,8643.96,6935.66,1.0
p[513],0.95,0.01,0.94,0.96,0.0,0.0,8756.0,6873.04,1.0
p[514],0.89,0.01,0.87,0.91,0.0,0.0,8320.78,6466.18,1.0
p[515],0.89,0.01,0.88,0.91,0.0,0.0,8557.9,6453.55,1.0
p[516],0.89,0.01,0.88,0.91,0.0,0.0,8558.98,6399.39,1.0
p[517],0.92,0.01,0.91,0.94,0.0,0.0,8317.72,6008.43,1.0
p[518],0.89,0.01,0.87,0.91,0.0,0.0,9119.21,6699.4,1.0
p[519],0.95,0.0,0.94,0.95,0.0,0.0,8633.27,6782.54,1.0
p[520],0.74,0.02,0.7,0.78,0.0,0.0,9174.87,7269.73,1.0
p[521],0.86,0.02,0.83,0.89,0.0,0.0,9893.09,6731.24,1.0
p[522],0.72,0.02,0.69,0.76,0.0,0.0,8762.45,7495.84,1.0
p[523],0.79,0.02,0.76,0.83,0.0,0.0,8794.91,6714.64,1.0
p[524],0.83,0.02,0.79,0.86,0.0,0.0,11039.48,6942.75,1.0
p[525],0.81,0.02,0.78,0.85,0.0,0.0,9380.45,6585.13,1.0
p[526],0.73,0.02,0.7,0.76,0.0,0.0,8768.48,7706.97,1.0
p[527],0.85,0.01,0.83,0.87,0.0,0.0,8686.93,7311.4,1.0
p[528],0.87,0.01,0.84,0.9,0.0,0.0,9956.44,6779.58,1.0
p[529],0.74,0.02,0.71,0.77,0.0,0.0,8776.95,7598.08,1.0
p[530],0.75,0.01,0.73,0.78,0.0,0.0,8576.06,7240.85,1.0
p[531],0.75,0.02,0.72,0.78,0.0,0.0,8778.91,7492.0,1.0
p[532],0.86,0.01,0.85,0.88,0.0,0.0,8680.56,7432.82,1.0
p[533],0.87,0.01,0.85,0.88,0.0,0.0,8681.18,7433.2,1.0
p[534],0.76,0.02,0.73,0.79,0.0,0.0,8789.28,7493.05,1.0
p[535],0.84,0.02,0.81,0.87,0.0,0.0,9398.13,6480.73,1.0
p[536],0.77,0.01,0.74,0.79,0.0,0.0,8623.15,7173.58,1.0
p[537],0.82,0.02,0.8,0.85,0.0,0.0,8772.28,6549.86,1.0
p[538],0.82,0.02,0.79,0.85,0.0,0.0,9790.55,6498.21,1.0
p[539],0.57,0.02,0.53,0.61,0.0,0.0,8873.3,7087.28,1.0
p[540],0.77,0.01,0.75,0.79,0.0,0.0,8634.6,7173.39,1.0
p[541],0.7,0.02,0.66,0.73,0.0,0.0,9090.93,7229.96,1.0
p[542],0.79,0.02,0.76,0.82,0.0,0.0,9205.43,7166.23,1.0
p[543],0.77,0.01,0.75,0.79,0.0,0.0,8639.97,7210.92,1.0
p[544],0.77,0.01,0.75,0.8,0.0,0.0,8641.24,7245.17,1.0
p[545],0.89,0.01,0.86,0.91,0.0,0.0,10022.3,6870.57,1.0
p[546],0.77,0.02,0.74,0.79,0.0,0.0,8800.37,7242.27,1.0
p[547],0.7,0.02,0.67,0.74,0.0,0.0,9094.83,7230.18,1.0
p[548],0.83,0.02,0.8,0.86,0.0,0.0,8766.86,6636.33,1.0
p[549],0.57,0.02,0.53,0.61,0.0,0.0,8888.32,7120.67,1.0
p[550],0.87,0.01,0.86,0.89,0.0,0.0,8676.01,7397.22,1.0
p[551],0.83,0.02,0.8,0.86,0.0,0.0,8764.72,6607.73,1.0
p[552],0.77,0.01,0.75,0.8,0.0,0.0,8652.2,7210.43,1.0
p[553],0.88,0.01,0.86,0.89,0.0,0.0,8674.76,7507.39,1.0
p[554],0.78,0.01,0.75,0.8,0.0,0.0,8656.17,7210.37,1.0
p[555],0.86,0.01,0.83,0.89,0.0,0.0,11189.5,7090.14,1.0
p[556],0.78,0.01,0.75,0.8,0.0,0.0,8659.1,7210.17,1.0
p[557],0.85,0.02,0.82,0.88,0.0,0.0,9402.61,6427.08,1.0
p[558],0.88,0.01,0.86,0.89,0.0,0.0,8673.71,7506.51,1.0
p[559],0.77,0.02,0.73,0.81,0.0,0.0,9423.91,7021.0,1.0
p[560],0.58,0.02,0.54,0.62,0.0,0.0,8901.43,6823.85,1.0
p[561],0.78,0.01,0.75,0.8,0.0,0.0,8662.25,7176.22,1.0
p[562],0.78,0.01,0.76,0.8,0.0,0.0,8662.66,7176.22,1.0
p[563],0.83,0.02,0.8,0.86,0.0,0.0,9808.03,6457.35,1.0
p[564],0.71,0.02,0.68,0.75,0.0,0.0,9108.62,7195.04,1.0
p[565],0.89,0.01,0.87,0.91,0.0,0.0,10051.78,6826.69,1.0
p[566],0.78,0.01,0.76,0.8,0.0,0.0,8667.48,7142.25,1.0
p[567],0.78,0.01,0.76,0.8,0.0,0.0,8668.29,7142.36,1.0
p[568],0.77,0.02,0.75,0.8,0.0,0.0,8806.73,7181.86,1.0
p[569],0.8,0.02,0.77,0.83,0.0,0.0,9209.72,7033.46,1.0
p[570],0.89,0.01,0.87,0.91,0.0,0.0,10056.64,6857.48,1.0
p[571],0.78,0.01,0.76,0.8,0.0,0.0,8672.19,7142.31,1.0
p[572],0.78,0.01,0.76,0.8,0.0,0.0,8672.52,7142.61,1.0
p[573],0.71,0.02,0.68,0.75,0.0,0.0,9114.07,7194.51,1.0
p[574],0.78,0.02,0.75,0.81,0.0,0.0,8805.68,7081.82,1.0
p[575],0.88,0.01,0.86,0.9,0.0,0.0,8676.72,7543.79,1.0
p[576],0.59,0.02,0.55,0.63,0.0,0.0,8916.48,6718.5,1.0
p[577],0.88,0.01,0.86,0.9,0.0,0.0,8676.3,7544.19,1.0
p[578],0.84,0.01,0.81,0.87,0.0,0.0,8760.06,6248.06,1.0
p[579],0.88,0.01,0.87,0.9,0.0,0.0,8675.95,7506.98,1.0
p[580],0.78,0.01,0.76,0.8,0.0,0.0,8681.47,7142.61,1.0
p[581],0.78,0.01,0.76,0.8,0.0,0.0,8681.47,7142.61,1.0
p[582],0.8,0.02,0.77,0.83,0.0,0.0,9209.3,7044.14,1.0
p[583],0.78,0.01,0.76,0.81,0.0,0.0,8683.38,7142.45,1.0
p[584],0.88,0.01,0.87,0.9,0.0,0.0,8675.94,7544.39,1.0
p[585],0.78,0.01,0.75,0.81,0.0,0.0,8809.67,7082.05,1.0
p[586],0.83,0.02,0.8,0.86,0.0,0.0,9818.25,6338.54,1.0
p[587],0.85,0.02,0.83,0.88,0.0,0.0,9402.91,6479.43,1.0
p[588],0.88,0.01,0.87,0.9,0.0,0.0,8675.29,7544.39,1.0
p[589],0.87,0.01,0.84,0.89,0.0,0.0,11202.34,7078.27,1.0
p[590],0.87,0.01,0.84,0.89,0.0,0.0,11202.34,7078.27,1.0
p[591],0.79,0.01,0.76,0.81,0.0,0.0,8687.4,7142.42,1.0
p[592],0.78,0.02,0.74,0.81,0.0,0.0,9485.5,7038.64,1.0
p[593],0.59,0.02,0.55,0.63,0.0,0.0,8929.62,6733.36,1.0
p[594],0.79,0.01,0.76,0.81,0.0,0.0,8690.69,7142.73,1.0
p[595],0.79,0.01,0.77,0.81,0.0,0.0,8691.77,7142.5,1.0
p[596],0.89,0.01,0.87,0.92,0.0,0.0,10080.75,6743.64,1.0
p[597],0.72,0.02,0.69,0.75,0.0,0.0,9124.62,7163.12,1.0
p[598],0.8,0.02,0.78,0.83,0.0,0.0,9208.94,7023.09,1.0
p[599],0.78,0.01,0.76,0.81,0.0,0.0,8812.81,7017.6,1.0
p[600],0.79,0.01,0.77,0.81,0.0,0.0,8698.3,7175.37,1.0
p[601],0.84,0.01,0.82,0.87,0.0,0.0,8758.01,6624.74,1.0
p[602],0.79,0.01,0.77,0.81,0.0,0.0,8702.58,7141.61,1.0
p[603],0.9,0.01,0.87,0.92,0.0,0.0,10087.71,6742.78,1.0
p[604],0.78,0.01,0.76,0.81,0.0,0.0,8814.33,6985.92,1.0
p[605],0.6,0.02,0.56,0.64,0.0,0.0,8941.62,6779.24,1.0
p[606],0.89,0.01,0.87,0.9,0.0,0.0,8673.41,7652.87,1.0
p[607],0.89,0.01,0.87,0.9,0.0,0.0,8673.18,7576.54,1.0
p[608],0.73,0.02,0.69,0.76,0.0,0.0,9129.53,7163.57,1.0
p[609],0.84,0.01,0.82,0.87,0.0,0.0,8755.54,6621.37,1.0
p[610],0.79,0.01,0.77,0.81,0.0,0.0,8712.7,7141.61,1.0
p[611],0.79,0.01,0.77,0.81,0.0,0.0,8712.7,7141.61,1.0
p[612],0.84,0.02,0.81,0.87,0.0,0.0,9826.83,6312.13,1.0
p[613],0.89,0.01,0.87,0.9,0.0,0.0,8670.62,7663.95,1.0
p[614],0.79,0.01,0.76,0.82,0.0,0.0,8817.13,7018.12,1.0
p[615],0.79,0.01,0.77,0.81,0.0,0.0,8716.61,7209.23,1.0
p[616],0.81,0.02,0.78,0.84,0.0,0.0,9208.25,7023.16,1.0
p[617],0.86,0.01,0.83,0.89,0.0,0.0,9403.16,6478.33,1.0
p[618],0.79,0.01,0.77,0.81,0.0,0.0,8719.51,7175.01,1.0
p[619],0.79,0.01,0.77,0.81,0.0,0.0,8720.14,7175.23,1.0
p[620],0.89,0.01,0.87,0.9,0.0,0.0,8668.5,7703.56,1.0
p[621],0.78,0.02,0.75,0.82,0.0,0.0,9375.99,7077.88,1.0
p[622],0.61,0.02,0.57,0.64,0.0,0.0,8955.66,6804.08,1.0
p[623],0.79,0.01,0.77,0.82,0.0,0.0,8723.12,7141.49,1.0
p[624],0.88,0.01,0.85,0.9,0.0,0.0,11215.11,6930.78,1.0
p[625],0.73,0.02,0.7,0.76,0.0,0.0,9139.37,7063.01,1.0
p[626],0.8,0.01,0.78,0.82,0.0,0.0,8729.08,7169.01,1.0
p[627],0.81,0.01,0.79,0.84,0.0,0.0,9208.74,7022.83,1.0
p[628],0.8,0.01,0.78,0.82,0.0,0.0,8731.95,7169.01,1.0
p[629],0.8,0.01,0.78,0.82,0.0,0.0,8733.39,7202.87,1.0
p[630],0.79,0.01,0.77,0.82,0.0,0.0,8822.75,7044.78,1.0
p[631],0.9,0.01,0.88,0.92,0.0,0.0,10102.06,6698.17,1.0
p[632],0.89,0.01,0.88,0.9,0.0,0.0,8666.28,7743.85,1.0
p[633],0.8,0.01,0.78,0.82,0.0,0.0,8735.54,7202.87,1.0
p[634],0.9,0.01,0.88,0.92,0.0,0.0,10104.29,6698.17,1.0
p[635],0.8,0.01,0.78,0.82,0.0,0.0,8740.83,7202.5,1.0
p[636],0.79,0.01,0.77,0.82,0.0,0.0,8822.18,7205.87,1.0
p[637],0.61,0.02,0.57,0.65,0.0,0.0,8971.46,6896.21,1.0
p[638],0.89,0.01,0.88,0.9,0.0,0.0,8663.5,7745.27,1.0
p[639],0.89,0.01,0.88,0.91,0.0,0.0,8663.35,7705.55,1.0
p[640],0.8,0.01,0.78,0.82,0.0,0.0,8746.52,7168.11,1.0
p[641],0.85,0.01,0.83,0.87,0.0,0.0,9406.68,7429.72,1.0
p[642],0.85,0.02,0.82,0.88,0.0,0.0,9831.41,6184.48,1.0
p[643],0.89,0.01,0.88,0.91,0.0,0.0,8661.76,7643.57,1.0
p[644],0.8,0.01,0.78,0.82,0.0,0.0,8749.24,7167.83,1.0
p[645],0.8,0.01,0.77,0.82,0.0,0.0,8823.65,7240.61,1.0
p[646],0.82,0.01,0.79,0.84,0.0,0.0,9208.44,6958.18,1.0
p[647],0.74,0.02,0.71,0.77,0.0,0.0,9150.52,7126.37,1.0
p[648],0.87,0.01,0.84,0.89,0.0,0.0,9400.74,6530.0,1.0
p[649],0.8,0.01,0.78,0.82,0.0,0.0,8752.32,7133.64,1.0
p[650],0.85,0.01,0.83,0.88,0.0,0.0,8741.49,6616.43,1.0
p[651],0.79,0.02,0.76,0.83,0.0,0.0,9370.01,6822.93,1.0
p[652],0.8,0.01,0.78,0.82,0.0,0.0,8753.88,7133.64,1.0
p[653],0.88,0.01,0.85,0.9,0.0,0.0,11224.1,6855.3,1.0
p[654],0.88,0.01,0.85,0.9,0.0,0.0,11224.1,6855.3,1.0
p[655],0.89,0.01,0.88,0.91,0.0,0.0,8659.03,7641.75,1.0
p[656],0.62,0.02,0.58,0.65,0.0,0.0,8983.41,6834.25,1.0
p[657],0.8,0.01,0.78,0.82,0.0,0.0,8756.73,7133.33,1.0
p[658],0.8,0.01,0.78,0.82,0.0,0.0,8758.23,7166.96,1.0
p[659],0.82,0.01,0.79,0.85,0.0,0.0,9214.38,6928.02,1.0
p[660],0.74,0.02,0.71,0.77,0.0,0.0,9153.42,7126.81,1.0
p[661],0.8,0.01,0.78,0.82,0.0,0.0,8760.9,7133.0,1.0
p[662],0.8,0.01,0.77,0.83,0.0,0.0,8825.88,7278.9,1.0
p[663],0.81,0.01,0.78,0.82,0.0,0.0,8762.55,7066.19,1.0
p[664],0.91,0.01,0.89,0.92,0.0,0.0,10132.54,6762.99,1.0
p[665],0.62,0.02,0.59,0.66,0.0,0.0,8997.75,6734.12,1.0
p[666],0.8,0.01,0.78,0.83,0.0,0.0,8827.62,7349.68,1.0
p[667],0.9,0.01,0.88,0.91,0.0,0.0,8654.13,7320.47,1.0
p[668],0.81,0.01,0.79,0.83,0.0,0.0,8770.06,7100.37,1.0
p[669],0.81,0.01,0.79,0.83,0.0,0.0,8771.4,7067.08,1.0
p[670],0.86,0.01,0.83,0.88,0.0,0.0,8738.62,6665.31,1.0
p[671],0.88,0.01,0.86,0.91,0.0,0.0,11233.66,7079.53,1.0
p[672],0.82,0.01,0.8,0.85,0.0,0.0,9209.98,6865.34,1.0
p[673],0.8,0.01,0.78,0.83,0.0,0.0,8828.7,7385.06,1.0
p[674],0.9,0.01,0.88,0.91,0.0,0.0,8654.04,7356.77,1.0
p[675],0.86,0.01,0.83,0.88,0.0,0.0,9828.64,6367.59,1.0
p[676],0.81,0.01,0.79,0.83,0.0,0.0,8776.7,7131.48,1.0
p[677],0.87,0.01,0.85,0.9,0.0,0.0,9400.45,6588.42,1.0
p[678],0.9,0.01,0.88,0.91,0.0,0.0,8653.7,7287.92,1.0
p[679],0.81,0.01,0.79,0.83,0.0,0.0,8779.0,7131.48,1.0
p[680],0.8,0.02,0.77,0.83,0.0,0.0,9388.85,6758.23,1.0
p[681],0.9,0.01,0.88,0.91,0.0,0.0,8652.95,7324.24,1.0
p[682],0.81,0.01,0.79,0.83,0.0,0.0,8782.03,7131.59,1.0
p[683],0.81,0.01,0.79,0.83,0.0,0.0,8783.33,7198.82,1.0
p[684],0.86,0.01,0.84,0.88,0.0,0.0,9405.31,7185.25,1.0
p[685],0.86,0.01,0.84,0.88,0.0,0.0,9405.31,7185.25,1.0
p[686],0.63,0.02,0.59,0.67,0.0,0.0,9015.02,6703.07,1.0
p[687],0.9,0.01,0.88,0.91,0.0,0.0,8651.34,7322.62,1.0
p[688],0.89,0.01,0.86,0.91,0.0,0.0,11236.03,7046.09,1.0
p[689],0.83,0.01,0.8,0.85,0.0,0.0,9211.23,6833.25,1.0
p[690],0.81,0.01,0.79,0.83,0.0,0.0,8787.26,7232.41,1.0
p[691],0.75,0.02,0.72,0.78,0.0,0.0,9169.12,7028.16,1.0
p[692],0.81,0.01,0.79,0.83,0.0,0.0,8789.74,7233.89,1.0
p[693],0.81,0.01,0.78,0.83,0.0,0.0,8832.5,7456.83,1.0
p[694],0.81,0.01,0.79,0.83,0.0,0.0,8792.33,7233.15,1.0
p[695],0.91,0.01,0.89,0.93,0.0,0.0,10161.37,6879.22,1.0
p[696],0.81,0.01,0.79,0.83,0.0,0.0,8794.37,7267.73,1.0
p[697],0.81,0.01,0.78,0.83,0.0,0.0,8835.56,7455.19,1.0
p[698],0.91,0.01,0.89,0.93,0.0,0.0,10161.28,6817.24,1.0
p[699],0.86,0.01,0.84,0.88,0.0,0.0,9396.56,7220.69,1.0
p[700],0.82,0.01,0.8,0.83,0.0,0.0,8799.03,7301.52,1.0
p[701],0.76,0.02,0.73,0.79,0.0,0.0,9174.15,7159.9,1.0
p[702],0.9,0.01,0.89,0.91,0.0,0.0,8647.33,7321.97,1.0
p[703],0.82,0.01,0.8,0.83,0.0,0.0,8803.23,7301.52,1.0
p[704],0.91,0.01,0.89,0.93,0.0,0.0,10170.29,6817.93,1.0
p[705],0.83,0.01,0.81,0.86,0.0,0.0,9210.5,6749.08,1.0
p[706],0.81,0.01,0.79,0.84,0.0,0.0,8836.71,7531.19,1.0
p[707],0.88,0.01,0.85,0.9,0.0,0.0,9397.83,6614.22,1.0
p[708],0.86,0.01,0.83,0.89,0.0,0.0,9827.78,6272.67,1.0
p[709],0.87,0.01,0.84,0.89,0.0,0.0,8727.42,6607.3,1.0
p[710],0.81,0.02,0.78,0.84,0.0,0.0,9399.8,6757.88,1.0
p[711],0.82,0.01,0.8,0.84,0.0,0.0,8809.6,7231.89,1.0
p[712],0.9,0.01,0.89,0.91,0.0,0.0,8644.95,7285.1,1.0
p[713],0.9,0.01,0.89,0.91,0.0,0.0,8644.83,7250.35,1.0
p[714],0.64,0.02,0.61,0.68,0.0,0.0,9049.8,6732.51,1.0
p[715],0.82,0.01,0.8,0.84,0.0,0.0,8814.84,7198.26,1.0
p[716],0.76,0.02,0.73,0.79,0.0,0.0,9177.83,7160.87,1.0
p[717],0.91,0.01,0.89,0.93,0.0,0.0,10175.37,6786.15,1.0
p[718],0.84,0.01,0.81,0.86,0.0,0.0,9208.95,6721.62,1.0
p[719],0.82,0.01,0.8,0.84,0.0,0.0,8820.47,7198.21,1.0
p[720],0.82,0.01,0.79,0.84,0.0,0.0,8838.9,7421.25,1.0
p[721],0.82,0.01,0.8,0.84,0.0,0.0,8822.13,7198.78,1.0
p[722],0.89,0.01,0.87,0.91,0.0,0.0,11229.65,7239.39,1.0
p[723],0.89,0.01,0.87,0.91,0.0,0.0,11229.65,7239.39,1.0
p[724],0.76,0.02,0.73,0.79,0.0,0.0,9182.93,7160.72,1.0
p[725],0.82,0.01,0.8,0.84,0.0,0.0,8826.4,7267.27,1.0
p[726],0.82,0.01,0.79,0.84,0.0,0.0,8839.52,7458.47,1.0
p[727],0.65,0.02,0.61,0.68,0.0,0.0,9065.12,6528.06,1.0
p[728],0.91,0.01,0.9,0.93,0.0,0.0,10181.27,6695.89,1.0
p[729],0.87,0.01,0.85,0.89,0.0,0.0,9390.78,7324.64,1.0
p[730],0.87,0.01,0.85,0.89,0.0,0.0,9390.78,7324.64,1.0
p[731],0.88,0.01,0.86,0.9,0.0,0.0,9389.84,6552.06,1.0
p[732],0.82,0.01,0.81,0.84,0.0,0.0,8833.55,7267.09,1.0
p[733],0.82,0.01,0.81,0.84,0.0,0.0,8834.35,7267.4,1.0
p[734],0.91,0.01,0.89,0.92,0.0,0.0,8640.11,7522.53,1.0
p[735],0.82,0.01,0.81,0.84,0.0,0.0,8836.47,7267.4,1.0
p[736],0.84,0.01,0.81,0.86,0.0,0.0,9207.39,6633.8,1.0
p[737],0.82,0.01,0.8,0.84,0.0,0.0,8840.37,7385.69,1.0
p[738],0.87,0.01,0.85,0.89,0.0,0.0,8715.7,6474.39,1.0
p[739],0.87,0.01,0.84,0.89,0.0,0.0,9827.73,6274.17,1.0
p[740],0.89,0.01,0.87,0.92,0.0,0.0,11228.0,7239.39,1.0
p[741],0.89,0.01,0.87,0.92,0.0,0.0,11228.88,7204.91,1.0
p[742],0.83,0.01,0.81,0.84,0.0,0.0,8842.0,7267.52,1.0
p[743],0.82,0.02,0.79,0.85,0.0,0.0,9410.93,6574.98,1.0
p[744],0.83,0.01,0.81,0.84,0.0,0.0,8844.08,7267.52,1.0
p[745],0.65,0.02,0.62,0.69,0.0,0.0,9083.04,6514.19,1.0
p[746],0.84,0.01,0.82,0.87,0.0,0.0,9206.1,6633.83,1.0
p[747],0.92,0.01,0.9,0.93,0.0,0.0,10189.59,6694.54,1.0
p[748],0.77,0.02,0.74,0.8,0.0,0.0,9196.7,7159.3,1.0
p[749],0.83,0.01,0.81,0.85,0.0,0.0,8849.63,7302.98,1.0
p[750],0.83,0.01,0.81,0.85,0.0,0.0,8850.42,7268.25,1.0
p[751],0.82,0.01,0.8,0.85,0.0,0.0,8842.94,7457.86,1.0
p[752],0.83,0.01,0.81,0.85,0.0,0.0,8854.13,7267.49,1.0
p[753],0.83,0.01,0.81,0.85,0.0,0.0,8854.58,7268.23,1.0
p[754],0.92,0.01,0.9,0.93,0.0,0.0,10195.03,6718.28,1.0
p[755],0.82,0.01,0.8,0.85,0.0,0.0,8845.86,7457.86,1.0
p[756],0.77,0.02,0.74,0.8,0.0,0.0,9198.29,7059.92,1.0
p[757],0.66,0.02,0.62,0.69,0.0,0.0,9094.05,6473.9,1.0
p[758],0.89,0.01,0.87,0.91,0.0,0.0,9386.89,6422.06,1.0
p[759],0.91,0.01,0.9,0.92,0.0,0.0,8631.79,7356.55,1.0
p[760],0.85,0.01,0.82,0.87,0.0,0.0,9195.96,6662.41,1.0
p[761],0.88,0.01,0.85,0.9,0.0,0.0,8709.52,6465.18,1.0
p[762],0.83,0.01,0.81,0.85,0.0,0.0,8870.45,7339.65,1.0
p[763],0.87,0.01,0.85,0.9,0.0,0.0,9818.91,6365.68,1.0
p[764],0.83,0.01,0.8,0.85,0.0,0.0,8850.01,7423.8,1.0
p[765],0.83,0.01,0.82,0.85,0.0,0.0,8871.39,7339.65,1.0
p[766],0.83,0.01,0.82,0.85,0.0,0.0,8874.52,7339.65,1.0
p[767],0.82,0.02,0.8,0.85,0.0,0.0,9417.8,6633.72,1.0
p[768],0.83,0.01,0.82,0.85,0.0,0.0,8877.03,7339.25,1.0
p[769],0.83,0.01,0.82,0.85,0.0,0.0,8877.79,7339.25,1.0
p[770],0.67,0.02,0.63,0.7,0.0,0.0,9110.19,6567.88,1.0
p[771],0.83,0.01,0.82,0.85,0.0,0.0,8879.7,7375.09,1.0
p[772],0.91,0.01,0.9,0.92,0.0,0.0,8629.13,7390.99,1.0
p[773],0.92,0.01,0.9,0.94,0.0,0.0,10206.89,6778.14,1.0
p[774],0.85,0.01,0.82,0.87,0.0,0.0,9193.56,6663.37,1.0
p[775],0.78,0.01,0.75,0.81,0.0,0.0,9208.36,7060.64,1.0
p[776],0.88,0.01,0.86,0.9,0.0,0.0,9375.48,6995.56,1.0
p[777],0.84,0.01,0.82,0.85,0.0,0.0,8885.67,7339.86,1.0
p[778],0.84,0.01,0.82,0.85,0.0,0.0,8886.73,7339.86,1.0
p[779],0.83,0.01,0.81,0.85,0.0,0.0,8854.51,7424.26,1.0
p[780],0.83,0.01,0.81,0.85,0.0,0.0,8853.64,7391.9,1.0
p[781],0.84,0.01,0.82,0.85,0.0,0.0,8892.51,7304.11,1.0
p[782],0.91,0.01,0.9,0.92,0.0,0.0,8623.11,7391.62,1.0
p[783],0.67,0.02,0.64,0.71,0.0,0.0,9122.37,6682.89,1.0
p[784],0.88,0.01,0.86,0.9,0.0,0.0,9370.92,7228.11,1.0
p[785],0.88,0.01,0.86,0.9,0.0,0.0,9370.92,7228.11,1.0
p[786],0.78,0.01,0.75,0.81,0.0,0.0,9213.39,6995.47,1.0
p[787],0.89,0.01,0.87,0.91,0.0,0.0,9378.47,6291.08,1.0
p[788],0.84,0.01,0.82,0.85,0.0,0.0,8896.73,7302.91,1.0
p[789],0.88,0.01,0.86,0.9,0.0,0.0,8700.8,6410.31,1.0
p[790],0.84,0.01,0.82,0.86,0.0,0.0,8898.16,7302.91,1.0
p[791],0.88,0.01,0.86,0.9,0.0,0.0,9809.38,6419.5,1.0
p[792],0.91,0.01,0.9,0.93,0.0,0.0,8620.35,7357.69,1.0
p[793],0.9,0.01,0.88,0.92,0.0,0.0,11196.55,7343.42,1.0
p[794],0.9,0.01,0.88,0.92,0.0,0.0,11196.55,7343.42,1.0
p[795],0.85,0.01,0.83,0.88,0.0,0.0,9190.0,6605.93,1.0
p[796],0.92,0.01,0.91,0.94,0.0,0.0,10219.14,6781.57,1.0
p[797],0.84,0.01,0.82,0.86,0.0,0.0,8903.93,7338.76,1.0
p[798],0.91,0.01,0.9,0.93,0.0,0.0,8619.37,7358.76,1.0
p[799],0.9,0.01,0.88,0.92,0.0,0.0,11188.84,7343.42,1.0
p[800],0.83,0.02,0.8,0.86,0.0,0.0,9416.17,6606.44,1.0
p[801],0.68,0.02,0.64,0.71,0.0,0.0,9138.6,6783.67,1.0
p[802],0.84,0.01,0.82,0.86,0.0,0.0,8907.29,7374.05,1.0
p[803],0.84,0.01,0.82,0.86,0.0,0.0,8909.97,7410.54,1.0
p[804],0.84,0.01,0.83,0.86,0.0,0.0,8911.45,7447.13,1.0
p[805],0.92,0.01,0.91,0.94,0.0,0.0,10233.37,6751.28,1.0
p[806],0.79,0.01,0.76,0.81,0.0,0.0,9218.13,6963.63,1.0
p[807],0.84,0.01,0.83,0.86,0.0,0.0,8914.13,7447.13,1.0
p[808],0.85,0.01,0.83,0.88,0.0,0.0,9190.47,6707.75,1.0
p[809],0.84,0.01,0.82,0.86,0.0,0.0,8852.62,7609.51,1.0
p[810],0.84,0.01,0.82,0.86,0.0,0.0,8852.94,7685.86,1.0
p[811],0.84,0.01,0.83,0.86,0.0,0.0,8915.94,7423.74,1.0
p[812],0.84,0.01,0.83,0.86,0.0,0.0,8917.0,7447.44,1.0
p[813],0.84,0.01,0.82,0.86,0.0,0.0,8855.4,7715.27,1.0
p[814],0.68,0.02,0.65,0.72,0.0,0.0,9151.97,6708.66,1.0
p[815],0.88,0.01,0.87,0.9,0.0,0.0,9164.65,7192.04,1.0
p[816],0.92,0.01,0.91,0.93,0.0,0.0,8614.68,7321.61,1.0
p[817],0.79,0.01,0.76,0.82,0.0,0.0,9224.94,7060.7,1.0
p[818],0.86,0.01,0.84,0.88,0.0,0.0,9193.2,6737.58,1.0
p[819],0.84,0.01,0.83,0.86,0.0,0.0,8928.48,7519.07,1.0
p[820],0.92,0.01,0.91,0.93,0.0,0.0,8611.23,7252.4,1.0
p[821],0.84,0.01,0.82,0.86,0.0,0.0,8853.62,7652.18,1.0
p[822],0.88,0.01,0.86,0.91,0.0,0.0,9794.46,6235.55,1.0
p[823],0.85,0.01,0.83,0.86,0.0,0.0,8930.42,7519.75,1.0
p[824],0.9,0.01,0.88,0.92,0.0,0.0,9367.32,6453.34,1.0
p[825],0.84,0.01,0.81,0.87,0.0,0.0,9415.92,6281.61,1.0
p[826],0.91,0.01,0.89,0.93,0.0,0.0,11173.02,7308.47,1.0
p[827],0.91,0.01,0.89,0.93,0.0,0.0,11173.02,7308.47,1.0
p[828],0.85,0.01,0.83,0.86,0.0,0.0,8939.06,7482.43,1.0
p[829],0.69,0.02,0.65,0.72,0.0,0.0,9103.56,6785.87,1.0
p[830],0.89,0.01,0.87,0.91,0.0,0.0,8691.1,6410.07,1.0
p[831],0.92,0.01,0.91,0.93,0.0,0.0,8608.16,7359.61,1.0
p[832],0.8,0.01,0.77,0.82,0.0,0.0,9226.56,7160.84,1.0
p[833],0.85,0.01,0.83,0.86,0.0,0.0,8943.53,7483.12,1.0
p[834],0.86,0.01,0.84,0.88,0.0,0.0,9187.79,6646.38,1.0
p[835],0.84,0.01,0.82,0.87,0.0,0.0,8856.02,7651.1,1.0
p[836],0.85,0.01,0.83,0.86,0.0,0.0,8945.85,7446.47,1.0
p[837],0.85,0.01,0.83,0.86,0.0,0.0,8947.51,7410.17,1.0
p[838],0.91,0.01,0.89,0.93,0.0,0.0,11164.35,7308.18,1.0
p[839],0.89,0.01,0.87,0.91,0.0,0.0,9147.42,7316.79,1.0
p[840],0.85,0.01,0.82,0.87,0.0,0.0,8859.48,7608.89,1.0
p[841],0.93,0.01,0.91,0.94,0.0,0.0,10293.02,6875.93,1.0
p[842],0.85,0.01,0.83,0.87,0.0,0.0,8951.83,7338.56,1.0
p[843],0.86,0.01,0.84,0.89,0.0,0.0,9182.45,6705.05,1.0
p[844],0.92,0.01,0.91,0.93,0.0,0.0,8602.9,7253.14,1.0
p[845],0.89,0.01,0.87,0.91,0.0,0.0,9778.64,6049.03,1.0
p[846],0.85,0.01,0.84,0.87,0.0,0.0,8956.72,7302.9,1.0
p[847],0.85,0.01,0.84,0.87,0.0,0.0,8956.72,7302.9,1.0
p[848],0.92,0.01,0.91,0.93,0.0,0.0,8602.07,7323.02,1.0
p[849],0.89,0.01,0.87,0.91,0.0,0.0,8680.41,6300.86,1.0
p[850],0.85,0.01,0.83,0.87,0.0,0.0,8862.7,7651.16,1.0
p[851],0.9,0.01,0.88,0.92,0.0,0.0,9362.9,6453.42,1.0
p[852],0.85,0.01,0.84,0.87,0.0,0.0,8960.17,7302.75,1.0
p[853],0.85,0.01,0.84,0.87,0.0,0.0,8960.17,7302.75,1.0
p[854],0.85,0.01,0.82,0.87,0.0,0.0,9416.68,6388.54,1.0
p[855],0.92,0.01,0.91,0.93,0.0,0.0,8599.47,7253.3,1.0
p[856],0.91,0.01,0.89,0.93,0.0,0.0,11146.56,7343.83,1.0
p[857],0.7,0.02,0.66,0.73,0.0,0.0,9108.15,6754.73,1.0
p[858],0.85,0.01,0.84,0.87,0.0,0.0,8963.04,7302.17,1.0
p[859],0.8,0.01,0.78,0.83,0.0,0.0,9234.26,7161.68,1.0
p[860],0.85,0.01,0.83,0.87,0.0,0.0,8862.56,7571.87,1.0
p[861],0.93,0.01,0.92,0.95,0.0,0.0,10318.07,6764.51,1.0
p[862],0.86,0.01,0.84,0.87,0.0,0.0,8970.57,7301.72,1.0
p[863],0.86,0.01,0.84,0.87,0.0,0.0,8970.1,7301.72,1.0
p[864],0.86,0.01,0.84,0.87,0.0,0.0,8973.24,7301.1,1.0
p[865],0.86,0.01,0.84,0.87,0.0,0.0,8973.71,7336.07,1.0
p[866],0.81,0.01,0.78,0.83,0.0,0.0,9232.11,7161.54,1.0
p[867],0.7,0.02,0.67,0.74,0.0,0.0,9115.27,6563.44,1.0
p[868],0.89,0.01,0.88,0.91,0.0,0.0,9125.85,7385.77,1.0
p[869],0.92,0.01,0.91,0.93,0.0,0.0,8592.96,7253.9,1.0
p[870],0.86,0.01,0.84,0.87,0.0,0.0,8977.84,7335.74,1.0
p[871],0.86,0.01,0.84,0.87,0.0,0.0,8977.65,7335.74,1.0
p[872],0.86,0.01,0.84,0.87,0.0,0.0,8978.04,7335.74,1.0
p[873],0.92,0.01,0.91,0.94,0.0,0.0,8591.29,7288.92,1.0
p[874],0.9,0.01,0.88,0.92,0.0,0.0,8675.53,6078.5,1.0
p[875],0.85,0.01,0.83,0.87,0.0,0.0,8861.46,7498.0,1.0
p[876],0.93,0.01,0.92,0.94,0.0,0.0,8590.4,7294.3,1.0
p[877],0.93,0.01,0.92,0.95,0.0,0.0,10327.91,6857.01,1.0
p[878],0.87,0.01,0.85,0.89,0.0,0.0,9173.0,6738.3,1.0
p[879],0.86,0.01,0.84,0.87,0.0,0.0,8981.56,7336.0,1.0
p[880],0.93,0.01,0.92,0.94,0.0,0.0,8590.12,7294.49,1.0
p[881],0.89,0.01,0.87,0.92,0.0,0.0,9760.44,6000.64,1.0
p[882],0.93,0.01,0.92,0.95,0.0,0.0,10331.67,6704.47,1.0
p[883],0.86,0.01,0.84,0.88,0.0,0.0,8861.24,7533.48,1.0
p[884],0.92,0.01,0.9,0.93,0.0,0.0,11117.33,7238.44,1.0
p[885],0.92,0.01,0.9,0.93,0.0,0.0,11117.33,7238.44,1.0
p[886],0.71,0.02,0.68,0.74,0.0,0.0,9120.62,6648.02,1.0
p[887],0.93,0.01,0.92,0.94,0.0,0.0,8586.81,7294.44,1.0
p[888],0.86,0.01,0.85,0.88,0.0,0.0,8991.35,7299.31,1.0
p[889],0.85,0.01,0.83,0.88,0.0,0.0,9421.61,6255.92,1.0
p[890],0.81,0.01,0.79,0.84,0.0,0.0,9231.98,7233.36,1.0
p[891],0.86,0.01,0.85,0.88,0.0,0.0,8991.51,7299.31,1.0
p[892],0.87,0.01,0.85,0.89,0.0,0.0,9170.96,6692.19,1.0
p[893],0.86,0.01,0.84,0.88,0.0,0.0,8864.96,7534.39,1.0
p[894],0.86,0.01,0.85,0.88,0.0,0.0,8993.12,7299.31,1.0
p[895],0.86,0.01,0.85,0.88,0.0,0.0,8993.82,7299.31,1.0
p[896],0.93,0.01,0.92,0.95,0.0,0.0,10342.63,6674.07,1.0
p[897],0.86,0.01,0.84,0.88,0.0,0.0,8865.28,7609.47,1.0
p[898],0.71,0.02,0.68,0.75,0.0,0.0,9123.3,6423.52,1.0
p[899],0.9,0.01,0.88,0.92,0.0,0.0,8669.81,6059.89,1.0
p[900],0.82,0.01,0.79,0.84,0.0,0.0,9237.93,7268.2,1.0
p[901],0.86,0.01,0.85,0.88,0.0,0.0,9002.49,7336.32,1.0
p[902],0.88,0.01,0.86,0.9,0.0,0.0,9162.74,6692.54,1.0
p[903],0.86,0.01,0.85,0.88,0.0,0.0,9004.01,7301.09,1.0
p[904],0.86,0.01,0.84,0.88,0.0,0.0,8867.19,7659.75,1.0
p[905],0.9,0.01,0.88,0.92,0.0,0.0,9735.76,6055.76,1.0
p[906],0.93,0.01,0.92,0.94,0.0,0.0,8581.05,7227.34,1.0
p[907],0.91,0.01,0.89,0.93,0.0,0.0,9337.41,6371.17,1.0
p[908],0.93,0.01,0.92,0.94,0.0,0.0,8580.54,7227.34,1.0
p[909],0.92,0.01,0.9,0.94,0.0,0.0,11089.34,7236.26,1.0
p[910],0.93,0.01,0.92,0.94,0.0,0.0,8580.18,7227.35,1.0
p[911],0.87,0.01,0.85,0.88,0.0,0.0,9009.81,7371.34,1.0
p[912],0.93,0.01,0.92,0.94,0.0,0.0,8579.38,7227.14,1.0
p[913],0.93,0.01,0.92,0.94,0.0,0.0,8579.38,7227.14,1.0
p[914],0.94,0.01,0.92,0.95,0.0,0.0,10365.51,6706.93,1.0
p[915],0.87,0.01,0.85,0.88,0.0,0.0,9011.24,7371.34,1.0
p[916],0.88,0.01,0.86,0.9,0.0,0.0,9160.97,6630.37,1.0
p[917],0.94,0.01,0.92,0.95,0.0,0.0,10365.76,6677.64,1.0
p[918],0.87,0.01,0.85,0.88,0.0,0.0,9015.2,7335.85,1.0
p[919],0.86,0.01,0.84,0.88,0.0,0.0,8869.34,7515.92,1.0
p[920],0.82,0.01,0.79,0.84,0.0,0.0,9236.44,7303.47,1.0
p[921],0.87,0.01,0.85,0.88,0.0,0.0,9017.78,7442.52,1.0
p[922],0.93,0.01,0.92,0.94,0.0,0.0,8576.65,7204.8,1.0
p[923],0.87,0.01,0.85,0.88,0.0,0.0,9019.15,7478.85,1.0
p[924],0.86,0.01,0.85,0.88,0.0,0.0,8869.0,7569.66,1.0
p[925],0.93,0.01,0.92,0.94,0.0,0.0,8574.43,7204.48,1.0
p[926],0.87,0.01,0.86,0.88,0.0,0.0,9022.91,7496.73,1.0
p[927],0.87,0.01,0.86,0.88,0.0,0.0,9023.6,7534.07,1.0
p[928],0.87,0.01,0.86,0.88,0.0,0.0,9023.6,7534.07,1.0
p[929],0.88,0.01,0.86,0.9,0.0,0.0,9158.65,6659.81,1.0
p[930],0.87,0.01,0.86,0.88,0.0,0.0,9023.94,7421.92,1.0
p[931],0.73,0.02,0.69,0.76,0.0,0.0,9128.46,6477.93,1.0
p[932],0.9,0.01,0.88,0.92,0.0,0.0,9713.33,6032.46,1.0
p[933],0.87,0.01,0.85,0.89,0.0,0.0,8871.11,7480.14,1.0
p[934],0.91,0.01,0.89,0.92,0.0,0.0,8644.33,6050.19,1.0
p[935],0.82,0.01,0.8,0.85,0.0,0.0,9236.68,7234.34,1.0
p[936],0.94,0.01,0.93,0.95,0.0,0.0,10373.22,6673.41,1.0
p[937],0.93,0.01,0.92,0.94,0.0,0.0,8570.98,7192.73,1.0
p[938],0.93,0.01,0.92,0.94,0.0,0.0,8569.7,7192.79,1.0
p[939],0.73,0.02,0.7,0.76,0.0,0.0,9129.32,6532.73,1.0
p[940],0.87,0.01,0.86,0.89,0.0,0.0,9029.35,7290.43,1.0
p[941],0.92,0.01,0.91,0.94,0.0,0.0,11047.28,7203.33,1.0
p[942],0.92,0.01,0.91,0.94,0.0,0.0,11047.28,7203.33,1.0
p[943],0.94,0.01,0.93,0.95,0.0,0.0,10384.33,6701.92,1.0
p[944],0.87,0.01,0.86,0.89,0.0,0.0,9031.84,7367.46,1.0
p[945],0.83,0.01,0.8,0.85,0.0,0.0,9238.0,7374.99,1.0
p[946],0.87,0.01,0.86,0.89,0.0,0.0,9033.67,7367.1,1.0
p[947],0.83,0.01,0.8,0.85,0.0,0.0,9237.47,7234.74,1.0
p[948],0.93,0.0,0.92,0.94,0.0,0.0,8571.05,7059.13,1.0
p[949],0.73,0.02,0.7,0.76,0.0,0.0,9130.17,6476.57,1.0
p[950],0.87,0.01,0.85,0.89,0.0,0.0,8875.96,7499.26,1.0
p[951],0.93,0.0,0.93,0.94,0.0,0.0,8570.91,7058.66,1.0
p[952],0.93,0.0,0.93,0.94,0.0,0.0,8570.94,7058.66,1.0
p[953],0.93,0.0,0.93,0.94,0.0,0.0,8569.99,7025.89,1.0
p[954],0.88,0.01,0.86,0.89,0.0,0.0,9040.71,7296.89,1.0
p[955],0.91,0.01,0.89,0.93,0.0,0.0,8629.51,5730.18,1.0
p[956],0.89,0.01,0.87,0.91,0.0,0.0,9147.52,6690.46,1.0
p[957],0.88,0.01,0.86,0.89,0.0,0.0,9041.49,7331.24,1.0
p[958],0.88,0.01,0.86,0.89,0.0,0.0,9042.43,7331.74,1.0
p[959],0.89,0.01,0.87,0.91,0.0,0.0,9146.08,6690.47,1.0
p[960],0.94,0.0,0.93,0.94,0.0,0.0,8567.99,7058.52,1.0
p[961],0.88,0.01,0.86,0.89,0.0,0.0,9043.45,7331.74,1.0
p[962],0.91,0.01,0.89,0.93,0.0,0.0,9688.93,6051.61,1.0
p[963],0.88,0.01,0.86,0.89,0.0,0.0,9045.62,7367.62,1.0
p[964],0.74,0.02,0.71,0.77,0.0,0.0,9127.24,6528.61,1.0
p[965],0.88,0.01,0.86,0.89,0.0,0.0,9047.13,7367.62,1.0
p[966],0.87,0.01,0.85,0.89,0.0,0.0,9389.43,6335.87,1.0
p[967],0.93,0.01,0.91,0.94,0.0,0.0,10570.32,7271.44,1.0
p[968],0.89,0.01,0.87,0.91,0.0,0.0,9140.06,6689.6,1.0
p[969],0.88,0.01,0.86,0.89,0.0,0.0,9050.92,7438.96,1.0
p[970],0.94,0.01,0.93,0.96,0.0,0.0,10417.18,6499.92,1.0
p[971],0.94,0.0,0.93,0.95,0.0,0.0,8563.6,7058.11,1.0
p[972],0.88,0.01,0.86,0.89,0.0,0.0,8877.14,7424.16,1.0
p[973],0.88,0.01,0.87,0.89,0.0,0.0,9051.9,7433.05,1.0
p[974],0.94,0.0,0.93,0.95,0.0,0.0,8563.26,7058.47,1.0
p[975],0.74,0.02,0.71,0.77,0.0,0.0,9121.15,6612.82,1.0
p[976],0.88,0.01,0.87,0.9,0.0,0.0,9054.25,7396.69,1.0
p[977],0.91,0.01,0.89,0.93,0.0,0.0,9671.57,5958.23,1.0
p[978],0.88,0.01,0.87,0.9,0.0,0.0,9057.16,7394.06,1.0
p[979],0.93,0.01,0.91,0.95,0.0,0.0,10537.27,7201.44,1.0
p[980],0.88,0.01,0.87,0.9,0.0,0.0,9056.36,7393.81,1.0
p[981],0.88,0.01,0.85,0.9,0.0,0.0,9372.71,6309.1,1.0
p[982],0.88,0.01,0.87,0.9,0.0,0.0,9057.55,7394.42,1.0
p[983],0.94,0.0,0.93,0.95,0.0,0.0,8560.85,6897.24,1.0
p[984],0.84,0.01,0.82,0.86,0.0,0.0,9230.73,7252.64,1.0
p[985],0.75,0.02,0.72,0.78,0.0,0.0,9116.81,6583.0,1.0
p[986],0.88,0.01,0.87,0.9,0.0,0.0,9058.92,7325.45,1.0
p[987],0.88,0.01,0.87,0.9,0.0,0.0,9059.6,7325.45,1.0
p[988],0.88,0.01,0.87,0.9,0.0,0.0,9062.6,7324.75,1.0
p[989],0.94,0.0,0.93,0.95,0.0,0.0,8556.15,6896.72,1.0
p[990],0.88,0.01,0.87,0.9,0.0,0.0,9062.96,7289.84,1.0
p[991],0.89,0.01,0.87,0.9,0.0,0.0,9063.48,7324.29,1.0
p[992],0.88,0.01,0.86,0.9,0.0,0.0,8883.49,7337.68,1.0
p[993],0.95,0.01,0.94,0.96,0.0,0.0,10331.11,6494.92,1.0
p[994],0.9,0.01,0.88,0.91,0.0,0.0,9118.53,6807.35,1.0
p[995],0.94,0.0,0.93,0.95,0.0,0.0,8555.3,6896.41,1.0
p[996],0.94,0.0,0.93,0.95,0.0,0.0,8555.3,6896.41,1.0
p[997],0.89,0.01,0.87,0.9,0.0,0.0,9066.13,7253.94,1.0
p[998],0.84,0.02,0.81,0.87,0.0,0.0,9148.21,6123.08,1.0
p[999],0.92,0.01,0.9,0.93,0.0,0.0,9651.09,5935.43,1.0
p[1000],0.94,0.0,0.93,0.95,0.0,0.0,8553.64,6895.37,1.0
p[1001],0.95,0.01,0.94,0.96,0.0,0.0,10328.78,6494.86,1.0
p[1002],0.92,0.01,0.9,0.93,0.0,0.0,8600.65,5717.36,1.0
p[1003],0.89,0.01,0.87,0.9,0.0,0.0,9068.76,7132.22,1.0
p[1004],0.89,0.01,0.88,0.9,0.0,0.0,9069.02,7099.5,1.0
p[1005],0.89,0.01,0.88,0.9,0.0,0.0,9069.48,7096.65,1.0
p[1006],0.89,0.01,0.88,0.9,0.0,0.0,9070.12,7131.57,1.0
p[1007],0.94,0.0,0.93,0.95,0.0,0.0,8550.53,6742.06,1.0
p[1008],0.94,0.0,0.93,0.95,0.0,0.0,8549.4,6742.06,1.0
p[1009],0.89,0.01,0.88,0.9,0.0,0.0,9070.8,7215.57,1.0
p[1010],0.89,0.01,0.88,0.9,0.0,0.0,9071.26,7215.57,1.0
p[1011],0.93,0.01,0.91,0.94,0.0,0.0,9273.1,5937.2,1.0
p[1012],0.92,0.01,0.9,0.94,0.0,0.0,9627.33,5981.94,1.0
p[1013],0.89,0.01,0.87,0.91,0.0,0.0,8879.54,7281.77,1.0
p[1014],0.95,0.01,0.94,0.96,0.0,0.0,10309.55,6552.54,1.0
p[1015],0.92,0.01,0.91,0.94,0.0,0.0,8587.41,5564.07,1.0
p[1016],0.89,0.01,0.88,0.91,0.0,0.0,9072.92,6983.95,1.0
p[1017],0.89,0.01,0.88,0.91,0.0,0.0,9073.6,7114.71,1.0
p[1018],0.89,0.01,0.88,0.91,0.0,0.0,9073.98,7047.81,1.0
p[1019],0.89,0.01,0.87,0.91,0.0,0.0,9338.86,6349.27,1.0
p[1020],0.89,0.01,0.88,0.91,0.0,0.0,9076.65,7046.22,1.0
p[1021],0.95,0.0,0.94,0.95,0.0,0.0,8546.25,6713.3,1.0
p[1022],0.95,0.01,0.94,0.96,0.0,0.0,10293.32,6578.55,1.0
p[1023],0.89,0.01,0.87,0.91,0.0,0.0,8886.02,7216.27,1.0
p[1024],0.95,0.0,0.94,0.95,0.0,0.0,8548.28,6713.42,1.0
p[1025],0.91,0.01,0.89,0.92,0.0,0.0,9086.77,6775.35,1.0
p[1026],0.93,0.01,0.92,0.95,0.0,0.0,9259.24,5923.7,1.0
p[1027],0.9,0.01,0.88,0.91,0.0,0.0,9077.37,7013.48,1.0
p[1028],0.93,0.01,0.91,0.94,0.0,0.0,8571.88,5781.42,1.0
p[1029],0.9,0.01,0.88,0.91,0.0,0.0,9077.59,6992.61,1.0
p[1030],0.86,0.01,0.84,0.88,0.0,0.0,9095.24,7716.38,1.0
p[1031],0.9,0.01,0.88,0.91,0.0,0.0,9077.59,6992.61,1.0
p[1032],0.89,0.01,0.87,0.91,0.0,0.0,9326.44,6319.21,1.0
p[1033],0.81,0.01,0.79,0.84,0.0,0.0,8775.55,6836.89,1.0
p[1034],0.7,0.02,0.66,0.75,0.0,0.0,9604.39,7539.7,1.0
p[1035],0.83,0.02,0.8,0.87,0.0,0.0,10157.25,6584.21,1.0
p[1036],0.68,0.02,0.64,0.72,0.0,0.0,8754.33,7289.68,1.0
p[1037],0.78,0.02,0.74,0.82,0.0,0.0,9788.64,6851.87,1.0
p[1038],0.76,0.02,0.72,0.8,0.0,0.0,8393.34,5495.26,1.0
p[1039],0.69,0.02,0.65,0.73,0.0,0.0,8753.33,7148.73,1.0
p[1040],0.8,0.02,0.76,0.84,0.0,0.0,10664.15,6590.45,1.0
p[1041],0.83,0.01,0.8,0.85,0.0,0.0,8761.88,6745.26,1.0
p[1042],0.85,0.02,0.82,0.88,0.0,0.0,10235.24,6673.17,1.0
p[1043],0.7,0.02,0.66,0.73,0.0,0.0,8751.93,7172.58,1.0
p[1044],0.71,0.02,0.68,0.74,0.0,0.0,8690.27,7221.96,1.0
p[1045],0.71,0.02,0.67,0.74,0.0,0.0,8746.01,6974.71,1.0
p[1046],0.84,0.01,0.82,0.86,0.0,0.0,8750.66,6835.6,1.0
p[1047],0.84,0.01,0.82,0.86,0.0,0.0,8749.39,6865.69,1.0
p[1048],0.72,0.02,0.68,0.75,0.0,0.0,8747.08,6847.82,1.0
p[1049],0.81,0.02,0.78,0.84,0.0,0.0,9807.86,6705.17,1.0
p[1050],0.79,0.02,0.76,0.83,0.0,0.0,8370.05,5613.27,1.0
p[1051],0.73,0.01,0.7,0.75,0.0,0.0,8721.3,7192.5,1.0
p[1052],0.79,0.02,0.75,0.83,0.0,0.0,9738.75,6351.68,1.0
p[1053],0.52,0.02,0.48,0.56,0.0,0.0,9069.72,6748.75,1.0
p[1054],0.73,0.01,0.7,0.76,0.0,0.0,8728.65,7268.18,1.0
p[1055],0.66,0.02,0.62,0.69,0.0,0.0,9249.39,6811.5,1.0
p[1056],0.75,0.02,0.72,0.79,0.0,0.0,9656.1,7365.23,1.0
p[1057],0.73,0.01,0.71,0.76,0.0,0.0,8734.05,7267.91,1.0
p[1058],0.73,0.01,0.71,0.76,0.0,0.0,8735.98,7267.78,1.0
p[1059],0.66,0.02,0.62,0.7,0.0,0.0,9252.0,6905.49,1.0
p[1060],0.73,0.02,0.69,0.76,0.0,0.0,8737.37,6786.89,1.0
p[1061],0.86,0.01,0.84,0.89,0.0,0.0,10378.61,6417.1,1.0
p[1062],0.8,0.02,0.77,0.83,0.0,0.0,8362.22,5570.06,1.0
p[1063],0.53,0.02,0.48,0.57,0.0,0.0,9081.6,6811.72,1.0
p[1064],0.85,0.01,0.83,0.87,0.0,0.0,8740.68,6928.95,1.0
p[1065],0.85,0.01,0.83,0.87,0.0,0.0,8740.77,6928.95,1.0
p[1066],0.8,0.02,0.77,0.83,0.0,0.0,8360.97,5695.89,1.0
p[1067],0.74,0.01,0.71,0.76,0.0,0.0,8744.01,7164.75,1.0
p[1068],0.74,0.01,0.71,0.76,0.0,0.0,8744.84,7164.75,1.0
p[1069],0.85,0.01,0.83,0.87,0.0,0.0,8738.32,6960.53,1.0
p[1070],0.8,0.02,0.76,0.83,0.0,0.0,9729.0,6489.28,1.0
p[1071],0.82,0.02,0.79,0.85,0.0,0.0,9809.87,6763.53,1.0
p[1072],0.84,0.02,0.8,0.87,0.0,0.0,10744.84,6811.25,1.0
p[1073],0.74,0.01,0.71,0.76,0.0,0.0,8750.28,7165.03,1.0
p[1074],0.53,0.02,0.49,0.57,0.0,0.0,9092.42,6961.53,1.0
p[1075],0.73,0.02,0.69,0.77,0.0,0.0,9882.24,6972.36,1.0
p[1076],0.74,0.01,0.72,0.77,0.0,0.0,8752.92,7131.42,1.0
p[1077],0.76,0.02,0.73,0.79,0.0,0.0,9655.82,7392.91,1.0
p[1078],0.67,0.02,0.63,0.71,0.0,0.0,9269.6,6935.79,1.0
p[1079],0.74,0.01,0.72,0.77,0.0,0.0,8758.47,7032.81,1.0
p[1080],0.74,0.02,0.7,0.77,0.0,0.0,8724.48,6696.94,1.0
p[1081],0.74,0.01,0.72,0.77,0.0,0.0,8762.45,6968.8,1.0
p[1082],0.87,0.01,0.84,0.9,0.0,0.0,10467.42,6336.03,1.0
p[1083],0.87,0.01,0.84,0.9,0.0,0.0,10473.5,6469.57,1.0
p[1084],0.75,0.01,0.72,0.77,0.0,0.0,8764.53,7033.36,1.0
p[1085],0.75,0.01,0.72,0.77,0.0,0.0,8764.53,7033.36,1.0
p[1086],0.67,0.02,0.63,0.71,0.0,0.0,9273.54,6935.4,1.0
p[1087],0.75,0.01,0.72,0.77,0.0,0.0,8766.21,7000.74,1.0
p[1088],0.74,0.02,0.71,0.77,0.0,0.0,8723.41,6725.99,1.0
p[1089],0.54,0.02,0.5,0.58,0.0,0.0,9104.87,7037.16,1.0
p[1090],0.86,0.01,0.84,0.88,0.0,0.0,8725.53,6809.05,1.0
p[1091],0.86,0.01,0.84,0.88,0.0,0.0,8724.7,6748.16,1.0
p[1092],0.77,0.02,0.73,0.8,0.0,0.0,9658.72,7429.25,1.0
p[1093],0.86,0.01,0.84,0.88,0.0,0.0,8724.82,6748.16,1.0
p[1094],0.75,0.01,0.72,0.77,0.0,0.0,8768.66,6936.93,1.0
p[1095],0.74,0.02,0.71,0.77,0.0,0.0,8718.57,6725.65,1.0
p[1096],0.86,0.01,0.84,0.88,0.0,0.0,8724.41,6747.2,1.0
p[1097],0.81,0.02,0.77,0.84,0.0,0.0,9705.44,6622.09,1.0
p[1098],0.83,0.02,0.8,0.86,0.0,0.0,9808.1,6734.18,1.0
p[1099],0.75,0.01,0.72,0.77,0.0,0.0,8771.88,6904.79,1.0
p[1100],0.75,0.01,0.72,0.77,0.0,0.0,8771.88,6904.79,1.0
p[1101],0.86,0.01,0.84,0.88,0.0,0.0,8723.71,6658.16,1.0
p[1102],0.84,0.02,0.81,0.87,0.0,0.0,10756.03,6811.45,1.0
p[1103],0.84,0.02,0.81,0.87,0.0,0.0,10756.03,6811.45,1.0
p[1104],0.75,0.01,0.72,0.77,0.0,0.0,8775.05,6904.74,1.0
p[1105],0.81,0.02,0.78,0.84,0.0,0.0,8347.18,6059.23,1.0
p[1106],0.54,0.02,0.51,0.59,0.0,0.0,9114.78,6963.5,1.0
p[1107],0.75,0.01,0.73,0.78,0.0,0.0,8779.68,6868.45,1.0
p[1108],0.75,0.01,0.73,0.78,0.0,0.0,8780.29,6868.45,1.0
p[1109],0.68,0.02,0.64,0.72,0.0,0.0,9281.66,6903.77,1.0
p[1110],0.87,0.01,0.85,0.9,0.0,0.0,10537.66,6584.93,1.0
p[1111],0.77,0.02,0.74,0.8,0.0,0.0,9661.71,7539.52,1.0
p[1112],0.75,0.01,0.73,0.78,0.0,0.0,8785.11,6868.59,1.0
p[1113],0.74,0.02,0.7,0.78,0.0,0.0,9893.74,7003.2,1.0
p[1114],0.75,0.01,0.73,0.78,0.0,0.0,8787.56,6868.59,1.0
p[1115],0.81,0.02,0.78,0.85,0.0,0.0,8341.79,6024.41,1.0
p[1116],0.75,0.02,0.72,0.78,0.0,0.0,8701.96,6847.9,1.0
p[1117],0.68,0.02,0.65,0.72,0.0,0.0,9284.7,6872.93,1.0
p[1118],0.88,0.01,0.85,0.9,0.0,0.0,10583.15,6655.33,1.0
p[1119],0.55,0.02,0.51,0.59,0.0,0.0,9125.38,6882.99,1.0
p[1120],0.86,0.01,0.85,0.88,0.0,0.0,8713.66,6722.55,1.0
p[1121],0.75,0.02,0.72,0.78,0.0,0.0,8698.92,6940.88,1.0
p[1122],0.86,0.01,0.85,0.88,0.0,0.0,8712.87,6645.79,1.0
p[1123],0.76,0.01,0.73,0.78,0.0,0.0,8795.9,6807.09,1.0
p[1124],0.78,0.02,0.74,0.81,0.0,0.0,9665.19,7355.6,1.0
p[1125],0.83,0.02,0.8,0.86,0.0,0.0,9806.82,6732.24,1.0
p[1126],0.81,0.02,0.78,0.85,0.0,0.0,9676.77,6546.01,1.0
p[1127],0.75,0.02,0.72,0.78,0.0,0.0,8697.31,7005.76,1.0
p[1128],0.76,0.01,0.73,0.78,0.0,0.0,8799.01,6776.81,1.0
p[1129],0.76,0.01,0.73,0.78,0.0,0.0,8799.01,6776.81,1.0
p[1130],0.86,0.01,0.85,0.88,0.0,0.0,8711.19,6704.79,1.0
p[1131],0.76,0.01,0.73,0.78,0.0,0.0,8801.08,6776.93,1.0
p[1132],0.87,0.01,0.85,0.88,0.0,0.0,8710.61,6734.89,1.0
p[1133],0.82,0.02,0.79,0.85,0.0,0.0,8332.75,5941.88,1.0
p[1134],0.75,0.02,0.71,0.79,0.0,0.0,9895.48,7067.51,1.0
p[1135],0.87,0.01,0.85,0.88,0.0,0.0,8709.43,6734.89,1.0
p[1136],0.85,0.02,0.82,0.88,0.0,0.0,10768.09,6869.48,1.0
p[1137],0.76,0.01,0.74,0.78,0.0,0.0,8804.48,6807.19,1.0
p[1138],0.76,0.01,0.74,0.78,0.0,0.0,8804.38,6807.19,1.0
p[1139],0.56,0.02,0.52,0.6,0.0,0.0,9140.24,6944.77,1.0
p[1140],0.76,0.01,0.74,0.78,0.0,0.0,8807.29,6837.58,1.0
p[1141],0.88,0.01,0.86,0.9,0.0,0.0,10196.88,6450.38,1.0
p[1142],0.69,0.02,0.66,0.73,0.0,0.0,9291.8,6990.01,1.0
p[1143],0.78,0.02,0.75,0.81,0.0,0.0,9663.83,7355.38,1.0
p[1144],0.76,0.01,0.74,0.78,0.0,0.0,8810.71,6868.54,1.0
p[1145],0.76,0.01,0.74,0.78,0.0,0.0,8811.06,6868.54,1.0
p[1146],0.76,0.01,0.74,0.79,0.0,0.0,8812.15,6868.54,1.0
p[1147],0.76,0.02,0.73,0.79,0.0,0.0,8687.52,7008.97,1.0
p[1148],0.82,0.01,0.8,0.85,0.0,0.0,9240.13,7089.37,1.0
p[1149],0.88,0.01,0.86,0.91,0.0,0.0,10197.0,6395.74,1.0
p[1150],0.87,0.01,0.85,0.89,0.0,0.0,8702.91,6794.83,1.0
p[1151],0.69,0.02,0.66,0.73,0.0,0.0,9296.74,7001.36,1.0
p[1152],0.87,0.01,0.85,0.89,0.0,0.0,8702.18,6794.29,1.0
p[1153],0.57,0.02,0.53,0.6,0.0,0.0,9155.31,7138.1,1.0
p[1154],0.78,0.02,0.76,0.82,0.0,0.0,9662.32,7354.83,1.0
p[1155],0.77,0.01,0.74,0.79,0.0,0.0,8825.26,6835.8,1.0
p[1156],0.77,0.01,0.74,0.79,0.0,0.0,8825.26,6835.8,1.0
p[1157],0.87,0.01,0.85,0.89,0.0,0.0,8699.79,6824.79,1.0
p[1158],0.77,0.01,0.74,0.79,0.0,0.0,8825.26,6835.8,1.0
p[1159],0.82,0.02,0.79,0.85,0.0,0.0,9750.88,6627.82,1.0
p[1160],0.87,0.01,0.85,0.89,0.0,0.0,8699.16,6824.79,1.0
p[1161],0.83,0.02,0.8,0.85,0.0,0.0,8316.99,6199.16,1.0
p[1162],0.86,0.02,0.83,0.88,0.0,0.0,10772.82,6931.96,1.0
p[1163],0.86,0.02,0.83,0.88,0.0,0.0,10772.82,6931.96,1.0
p[1164],0.77,0.01,0.75,0.79,0.0,0.0,8828.79,6961.06,1.0
p[1165],0.84,0.02,0.81,0.87,0.0,0.0,9798.6,6643.46,1.0
p[1166],0.77,0.01,0.75,0.79,0.0,0.0,8832.05,6962.12,1.0
p[1167],0.77,0.01,0.75,0.79,0.0,0.0,8832.05,6962.12,1.0
p[1168],0.77,0.01,0.75,0.79,0.0,0.0,8833.09,6962.12,1.0
p[1169],0.76,0.02,0.72,0.8,0.0,0.0,9891.46,6968.31,1.0
p[1170],0.89,0.01,0.86,0.91,0.0,0.0,10199.74,6504.84,1.0
p[1171],0.7,0.02,0.67,0.73,0.0,0.0,9305.22,6843.88,1.0
p[1172],0.77,0.01,0.75,0.79,0.0,0.0,8840.56,6899.38,1.0
p[1173],0.79,0.02,0.76,0.82,0.0,0.0,9649.69,7354.63,1.0
p[1174],0.77,0.01,0.75,0.8,0.0,0.0,8841.83,6899.4,1.0
p[1175],0.77,0.02,0.74,0.8,0.0,0.0,8667.28,6941.48,1.0
p[1176],0.89,0.01,0.86,0.91,0.0,0.0,10202.73,6748.64,1.0
p[1177],0.58,0.02,0.54,0.61,0.0,0.0,9173.31,7271.36,1.0
p[1178],0.87,0.01,0.86,0.89,0.0,0.0,8690.82,6790.9,1.0
p[1179],0.77,0.01,0.75,0.8,0.0,0.0,8846.94,6899.66,1.0
p[1180],0.71,0.02,0.67,0.74,0.0,0.0,9311.17,6813.19,1.0
p[1181],0.58,0.02,0.54,0.62,0.0,0.0,9176.3,7234.58,1.0
p[1182],0.78,0.01,0.75,0.8,0.0,0.0,8847.64,6931.33,1.0
p[1183],0.79,0.02,0.76,0.82,0.0,0.0,9648.26,7284.46,1.0
p[1184],0.88,0.01,0.86,0.89,0.0,0.0,8688.2,6790.9,1.0
p[1185],0.78,0.01,0.75,0.8,0.0,0.0,8848.86,6931.33,1.0
p[1186],0.83,0.02,0.8,0.86,0.0,0.0,9742.53,6534.23,1.0
p[1187],0.85,0.02,0.82,0.88,0.0,0.0,9792.05,6702.25,1.0
p[1188],0.88,0.01,0.86,0.89,0.0,0.0,8687.69,6790.9,1.0
p[1189],0.78,0.01,0.75,0.8,0.0,0.0,8850.68,6931.33,1.0
p[1190],0.77,0.02,0.73,0.8,0.0,0.0,9880.66,7027.14,1.0
p[1191],0.88,0.01,0.86,0.89,0.0,0.0,8686.85,6730.77,1.0
p[1192],0.88,0.01,0.86,0.89,0.0,0.0,8687.0,6730.34,1.0
p[1193],0.58,0.02,0.54,0.62,0.0,0.0,9179.11,7134.67,1.0
p[1194],0.78,0.01,0.76,0.8,0.0,0.0,8858.19,6900.55,1.0
p[1195],0.78,0.01,0.76,0.8,0.0,0.0,8858.19,6900.55,1.0
p[1196],0.86,0.01,0.84,0.89,0.0,0.0,10773.27,6964.59,1.0
p[1197],0.86,0.01,0.84,0.89,0.0,0.0,10774.4,6964.59,1.0
p[1198],0.71,0.02,0.68,0.74,0.0,0.0,9309.98,6636.45,1.0
p[1199],0.8,0.02,0.77,0.83,0.0,0.0,9639.17,7283.73,1.0
p[1200],0.89,0.01,0.87,0.91,0.0,0.0,10201.84,6734.87,1.0
p[1201],0.78,0.01,0.76,0.8,0.0,0.0,8864.08,6931.7,1.0
p[1202],0.84,0.01,0.81,0.86,0.0,0.0,9206.66,7058.16,1.0
p[1203],0.78,0.01,0.76,0.8,0.0,0.0,8869.8,6900.01,1.0
p[1204],0.78,0.01,0.76,0.8,0.0,0.0,8871.15,6900.37,1.0
p[1205],0.59,0.02,0.55,0.63,0.0,0.0,9190.35,7147.14,1.0
p[1206],0.72,0.02,0.68,0.75,0.0,0.0,9311.59,6723.76,1.0
p[1207],0.89,0.01,0.87,0.91,0.0,0.0,10204.46,6840.28,1.0
p[1208],0.8,0.02,0.77,0.83,0.0,0.0,9637.01,7283.1,1.0
p[1209],0.88,0.01,0.87,0.9,0.0,0.0,8678.55,6763.92,1.0
p[1210],0.78,0.01,0.76,0.81,0.0,0.0,8878.02,6868.95,1.0
p[1211],0.83,0.02,0.81,0.86,0.0,0.0,9726.7,6694.23,1.0
p[1212],0.79,0.01,0.76,0.81,0.0,0.0,8880.17,6931.49,1.0
p[1213],0.89,0.01,0.87,0.91,0.0,0.0,10203.33,6919.34,1.0
p[1214],0.85,0.01,0.83,0.88,0.0,0.0,9781.48,6478.59,1.0
p[1215],0.88,0.01,0.87,0.9,0.0,0.0,8678.04,6849.46,1.0
p[1216],0.79,0.01,0.76,0.81,0.0,0.0,8882.3,6996.15,1.0
p[1217],0.88,0.01,0.87,0.9,0.0,0.0,8676.33,6848.74,1.0
p[1218],0.78,0.01,0.75,0.81,0.0,0.0,8637.84,7008.74,1.0
p[1219],0.78,0.02,0.74,0.81,0.0,0.0,9875.89,6997.71,1.0
p[1220],0.59,0.02,0.56,0.63,0.0,0.0,9202.96,7181.52,1.0
p[1221],0.87,0.01,0.84,0.9,0.0,0.0,10768.93,6995.79,1.0
p[1222],0.87,0.01,0.84,0.9,0.0,0.0,10768.93,6995.79,1.0
p[1223],0.79,0.01,0.77,0.81,0.0,0.0,8890.03,6964.25,1.0
p[1224],0.88,0.01,0.87,0.9,0.0,0.0,8673.06,6818.0,1.0
p[1225],0.79,0.01,0.77,0.81,0.0,0.0,8890.66,6964.21,1.0
p[1226],0.79,0.01,0.77,0.81,0.0,0.0,8891.48,6964.21,1.0
p[1227],0.78,0.01,0.76,0.81,0.0,0.0,8636.0,6850.14,1.0
p[1228],0.79,0.01,0.77,0.81,0.0,0.0,8892.78,6963.92,1.0
p[1229],0.72,0.02,0.69,0.76,0.0,0.0,9315.43,6759.6,1.0
p[1230],0.79,0.01,0.77,0.81,0.0,0.0,8893.28,6964.17,1.0
p[1231],0.81,0.01,0.78,0.83,0.0,0.0,9625.49,7352.67,1.0
p[1232],0.79,0.01,0.76,0.81,0.0,0.0,8631.22,6944.6,1.0
p[1233],0.89,0.01,0.87,0.9,0.0,0.0,8665.83,6795.9,1.0
p[1234],0.9,0.01,0.88,0.92,0.0,0.0,10200.58,7149.52,1.0
p[1235],0.6,0.02,0.57,0.64,0.0,0.0,9210.1,7243.15,1.0
p[1236],0.73,0.02,0.7,0.76,0.0,0.0,9319.07,6747.94,1.0
p[1237],0.9,0.01,0.88,0.92,0.0,0.0,10198.92,7149.52,1.0
p[1238],0.86,0.01,0.83,0.89,0.0,0.0,9770.7,6461.6,1.0
p[1239],0.79,0.01,0.77,0.81,0.0,0.0,8893.33,6764.54,1.0
p[1240],0.85,0.01,0.82,0.87,0.0,0.0,8279.67,6490.54,1.0
p[1241],0.84,0.02,0.81,0.87,0.0,0.0,9705.28,6880.25,1.0
p[1242],0.79,0.01,0.76,0.81,0.0,0.0,8629.6,7041.16,1.0
p[1243],0.87,0.01,0.85,0.9,0.0,0.0,10761.94,6995.2,1.0
p[1244],0.79,0.01,0.77,0.81,0.0,0.0,8895.38,6918.83,1.0
p[1245],0.79,0.01,0.78,0.82,0.0,0.0,8896.41,6918.75,1.0
p[1246],0.87,0.01,0.85,0.9,0.0,0.0,10758.92,6995.63,1.0
p[1247],0.79,0.02,0.75,0.82,0.0,0.0,9862.08,6913.86,1.0
p[1248],0.8,0.01,0.78,0.82,0.0,0.0,8897.99,6795.25,1.0
p[1249],0.61,0.02,0.57,0.64,0.0,0.0,9219.92,7059.24,1.0
p[1250],0.89,0.01,0.87,0.9,0.0,0.0,8659.9,6679.42,1.0
p[1251],0.81,0.01,0.79,0.84,0.0,0.0,9620.48,7397.09,1.0
p[1252],0.73,0.02,0.7,0.76,0.0,0.0,9319.94,6777.84,1.0
p[1253],0.8,0.01,0.78,0.82,0.0,0.0,8899.28,6766.14,1.0
p[1254],0.9,0.01,0.88,0.92,0.0,0.0,10195.12,7181.96,1.0
p[1255],0.81,0.01,0.79,0.84,0.0,0.0,9620.7,7383.49,1.0
p[1256],0.8,0.01,0.78,0.82,0.0,0.0,8906.55,6858.15,1.0
p[1257],0.79,0.01,0.77,0.82,0.0,0.0,8620.67,7064.96,1.0
p[1258],0.8,0.01,0.78,0.82,0.0,0.0,8906.39,6858.15,1.0
p[1259],0.8,0.01,0.78,0.82,0.0,0.0,8906.62,6767.05,1.0
p[1260],0.8,0.01,0.78,0.82,0.0,0.0,8906.77,6890.04,1.0
p[1261],0.85,0.01,0.83,0.87,0.0,0.0,9166.59,7293.97,1.0
p[1262],0.79,0.01,0.77,0.82,0.0,0.0,8615.51,7048.83,1.0
p[1263],0.61,0.02,0.58,0.65,0.0,0.0,9231.96,7259.47,1.0
p[1264],0.74,0.02,0.71,0.77,0.0,0.0,9319.56,6778.33,1.0
p[1265],0.9,0.01,0.88,0.92,0.0,0.0,10191.09,7204.85,1.0
p[1266],0.8,0.01,0.78,0.82,0.0,0.0,8910.6,6506.9,1.0
p[1267],0.82,0.01,0.79,0.84,0.0,0.0,9616.35,7353.36,1.0
p[1268],0.85,0.01,0.82,0.88,0.0,0.0,9679.1,6911.5,1.0
p[1269],0.89,0.01,0.88,0.91,0.0,0.0,8649.19,6483.04,1.0
p[1270],0.85,0.01,0.83,0.88,0.0,0.0,8265.89,6546.54,1.0
p[1271],0.8,0.01,0.77,0.82,0.0,0.0,8608.13,7164.12,1.0
p[1272],0.8,0.01,0.78,0.82,0.0,0.0,8911.2,6481.45,1.0
p[1273],0.89,0.01,0.88,0.91,0.0,0.0,8644.2,6321.78,1.0
p[1274],0.62,0.02,0.58,0.65,0.0,0.0,9242.4,7142.0,1.0
p[1275],0.8,0.01,0.79,0.82,0.0,0.0,8911.88,6293.64,1.0
p[1276],0.89,0.01,0.88,0.91,0.0,0.0,8642.71,6269.43,1.0
p[1277],0.87,0.01,0.84,0.89,0.0,0.0,9748.17,6415.69,1.0
p[1278],0.82,0.01,0.79,0.85,0.0,0.0,9608.48,7260.55,1.0
p[1279],0.81,0.01,0.79,0.83,0.0,0.0,8913.17,6398.86,1.0
p[1280],0.8,0.01,0.77,0.83,0.0,0.0,8598.34,7216.33,1.0
p[1281],0.81,0.01,0.79,0.83,0.0,0.0,8915.55,6427.52,1.0
p[1282],0.91,0.01,0.89,0.92,0.0,0.0,10182.74,7205.22,1.0
p[1283],0.74,0.02,0.72,0.78,0.0,0.0,9323.78,6748.16,1.0
p[1284],0.81,0.01,0.79,0.83,0.0,0.0,8915.59,6454.64,1.0
p[1285],0.86,0.01,0.83,0.88,0.0,0.0,8255.78,6489.49,1.0
p[1286],0.8,0.01,0.78,0.83,0.0,0.0,8593.42,7303.16,1.0
p[1287],0.81,0.01,0.79,0.83,0.0,0.0,8917.61,6454.32,1.0
p[1288],0.9,0.01,0.88,0.91,0.0,0.0,8634.7,6623.71,1.0
p[1289],0.91,0.01,0.89,0.93,0.0,0.0,10179.85,7205.17,1.0
p[1290],0.87,0.01,0.85,0.9,0.0,0.0,9738.0,6469.76,1.0
p[1291],0.81,0.01,0.79,0.83,0.0,0.0,8917.89,6511.19,1.0
p[1292],0.8,0.01,0.78,0.83,0.0,0.0,8586.49,7391.73,1.0
p[1293],0.81,0.01,0.79,0.83,0.0,0.0,8917.79,6511.19,1.0
p[1294],0.75,0.02,0.72,0.78,0.0,0.0,9322.53,6677.13,1.0
p[1295],0.9,0.01,0.88,0.91,0.0,0.0,8633.79,6711.38,1.0
p[1296],0.83,0.01,0.8,0.85,0.0,0.0,9596.07,7188.93,1.0
p[1297],0.81,0.01,0.79,0.83,0.0,0.0,8921.21,6539.54,1.0
p[1298],0.63,0.02,0.59,0.67,0.0,0.0,9257.63,7407.07,1.0
p[1299],0.86,0.01,0.83,0.88,0.0,0.0,9650.78,7136.67,1.0
p[1300],0.9,0.01,0.88,0.91,0.0,0.0,8630.57,6652.64,1.0
p[1301],0.81,0.01,0.79,0.83,0.0,0.0,8922.28,6625.12,1.0
p[1302],0.81,0.01,0.79,0.83,0.0,0.0,8922.64,6771.87,1.0
p[1303],0.63,0.02,0.6,0.67,0.0,0.0,9262.58,7413.69,1.0
p[1304],0.89,0.01,0.86,0.91,0.0,0.0,10719.93,6937.21,1.0
p[1305],0.83,0.01,0.8,0.85,0.0,0.0,9591.19,7122.77,1.0
p[1306],0.75,0.02,0.72,0.78,0.0,0.0,9315.76,6588.58,1.0
p[1307],0.81,0.01,0.79,0.83,0.0,0.0,8923.83,6682.57,1.0
p[1308],0.81,0.01,0.79,0.83,0.0,0.0,8923.84,6682.76,1.0
p[1309],0.81,0.01,0.79,0.83,0.0,0.0,8923.73,6682.76,1.0
p[1310],0.8,0.02,0.77,0.84,0.0,0.0,9835.36,6745.2,1.0
p[1311],0.91,0.01,0.89,0.93,0.0,0.0,10171.7,7137.47,1.0
p[1312],0.81,0.01,0.8,0.83,0.0,0.0,8924.57,6682.61,1.0
p[1313],0.81,0.01,0.78,0.83,0.0,0.0,8570.26,7267.4,1.0
p[1314],0.81,0.01,0.79,0.84,0.0,0.0,8566.54,7319.15,1.0
p[1315],0.64,0.02,0.6,0.67,0.0,0.0,9266.69,7194.3,1.0
p[1316],0.9,0.01,0.89,0.91,0.0,0.0,8625.79,6653.43,1.0
p[1317],0.91,0.01,0.89,0.93,0.0,0.0,10166.05,7170.58,1.0
p[1318],0.88,0.01,0.85,0.9,0.0,0.0,9721.34,6525.12,1.0
p[1319],0.83,0.01,0.81,0.86,0.0,0.0,9580.46,7029.01,1.0
p[1320],0.9,0.01,0.89,0.91,0.0,0.0,8624.2,6652.22,1.0
p[1321],0.81,0.01,0.79,0.84,0.0,0.0,8560.18,7463.28,1.0
p[1322],0.86,0.01,0.84,0.89,0.0,0.0,9626.09,6891.47,1.0
p[1323],0.82,0.01,0.8,0.84,0.0,0.0,8926.1,6721.5,1.0
p[1324],0.87,0.01,0.84,0.89,0.0,0.0,9120.7,7224.08,1.0
p[1325],0.82,0.01,0.8,0.84,0.0,0.0,8926.41,6721.5,1.0
p[1326],0.81,0.02,0.78,0.84,0.0,0.0,9823.61,6796.8,1.0
p[1327],0.9,0.01,0.89,0.91,0.0,0.0,8622.43,6863.11,1.0
p[1328],0.64,0.02,0.61,0.68,0.0,0.0,9276.75,7247.36,1.0
p[1329],0.82,0.01,0.8,0.84,0.0,0.0,8926.64,6721.5,1.0
p[1330],0.9,0.01,0.89,0.92,0.0,0.0,8621.06,6863.11,1.0
p[1331],0.87,0.01,0.84,0.89,0.0,0.0,8240.6,6572.55,1.0
p[1332],0.82,0.01,0.8,0.84,0.0,0.0,8930.49,6781.77,1.0
p[1333],0.76,0.02,0.73,0.79,0.0,0.0,9305.29,6475.0,1.0
p[1334],0.91,0.01,0.89,0.93,0.0,0.0,10160.87,7343.48,1.0
p[1335],0.84,0.01,0.81,0.86,0.0,0.0,9573.9,7147.26,1.0
p[1336],0.82,0.01,0.8,0.84,0.0,0.0,8931.89,6934.84,1.0
p[1337],0.82,0.01,0.79,0.84,0.0,0.0,8554.12,7373.67,1.0
p[1338],0.89,0.01,0.87,0.91,0.0,0.0,10682.61,7099.47,1.0
p[1339],0.82,0.01,0.8,0.84,0.0,0.0,8930.44,6750.53,1.0
p[1340],0.91,0.01,0.9,0.93,0.0,0.0,10158.01,7026.74,1.0
p[1341],0.82,0.01,0.79,0.84,0.0,0.0,8551.63,7373.67,1.0
p[1342],0.82,0.01,0.8,0.84,0.0,0.0,8931.83,6812.22,1.0
p[1343],0.65,0.02,0.61,0.68,0.0,0.0,9275.59,7015.23,1.0
p[1344],0.91,0.01,0.89,0.92,0.0,0.0,8616.08,6712.94,1.0
p[1345],0.77,0.02,0.74,0.79,0.0,0.0,9306.3,6293.51,1.0
p[1346],0.84,0.01,0.82,0.86,0.0,0.0,9563.9,7185.82,1.0
p[1347],0.82,0.01,0.81,0.84,0.0,0.0,8933.35,6811.99,1.0
p[1348],0.88,0.01,0.86,0.91,0.0,0.0,9700.09,6553.47,1.0
p[1349],0.87,0.01,0.84,0.89,0.0,0.0,9592.33,6551.14,1.0
p[1350],0.82,0.01,0.8,0.84,0.0,0.0,8543.07,7426.06,1.0
p[1351],0.83,0.01,0.81,0.84,0.0,0.0,8933.68,6811.99,1.0
p[1352],0.91,0.01,0.89,0.92,0.0,0.0,8613.74,6683.43,1.0
p[1353],0.83,0.01,0.81,0.84,0.0,0.0,8934.29,6811.46,1.0
p[1354],0.82,0.02,0.79,0.85,0.0,0.0,9811.72,6706.26,1.0
p[1355],0.87,0.01,0.85,0.89,0.0,0.0,8232.86,6545.54,1.0
p[1356],0.91,0.01,0.89,0.92,0.0,0.0,8611.34,6684.38,1.0
p[1357],0.83,0.01,0.81,0.84,0.0,0.0,8934.95,6811.46,1.0
p[1358],0.65,0.02,0.62,0.69,0.0,0.0,9280.02,6984.72,1.0
p[1359],0.9,0.01,0.87,0.92,0.0,0.0,10664.02,7133.79,1.0
p[1360],0.83,0.01,0.81,0.84,0.0,0.0,8935.86,6904.17,1.0
p[1361],0.77,0.02,0.74,0.8,0.0,0.0,9305.69,6603.43,1.0
p[1362],0.83,0.01,0.81,0.84,0.0,0.0,8935.87,6903.39,1.0
p[1363],0.83,0.01,0.81,0.85,0.0,0.0,8935.69,6967.46,1.0
p[1364],0.83,0.01,0.81,0.85,0.0,0.0,8936.86,6967.46,1.0
p[1365],0.92,0.01,0.9,0.93,0.0,0.0,10144.46,7130.75,1.0
p[1366],0.84,0.01,0.82,0.87,0.0,0.0,9553.58,7017.16,1.0
p[1367],0.82,0.01,0.8,0.85,0.0,0.0,8532.7,7645.11,1.0
p[1368],0.83,0.01,0.81,0.85,0.0,0.0,8936.65,6924.53,1.0
p[1369],0.83,0.01,0.81,0.85,0.0,0.0,8937.09,6924.53,1.0
p[1370],0.77,0.02,0.74,0.8,0.0,0.0,9303.58,6560.52,1.0
p[1371],0.66,0.02,0.62,0.69,0.0,0.0,9282.49,6874.11,1.0
p[1372],0.92,0.01,0.9,0.93,0.0,0.0,10141.31,7266.31,1.0
p[1373],0.91,0.01,0.9,0.92,0.0,0.0,8608.18,6745.86,1.0
p[1374],0.83,0.01,0.81,0.85,0.0,0.0,8938.16,6955.7,1.0
p[1375],0.91,0.01,0.9,0.92,0.0,0.0,8609.25,6715.31,1.0
p[1376],0.83,0.01,0.81,0.85,0.0,0.0,8939.55,6955.67,1.0
p[1377],0.89,0.01,0.87,0.91,0.0,0.0,9674.69,6470.75,1.0
p[1378],0.91,0.01,0.9,0.92,0.0,0.0,8607.38,6715.31,1.0
p[1379],0.85,0.01,0.82,0.87,0.0,0.0,9543.84,7014.27,1.0
p[1380],0.83,0.01,0.8,0.85,0.0,0.0,8519.6,7606.67,1.0
p[1381],0.83,0.01,0.81,0.85,0.0,0.0,8938.89,6873.78,1.0
p[1382],0.87,0.01,0.85,0.9,0.0,0.0,9559.81,6356.64,1.0
p[1383],0.91,0.01,0.9,0.92,0.0,0.0,8606.25,6715.01,1.0
p[1384],0.88,0.01,0.86,0.9,0.0,0.0,9079.45,7244.37,1.0
p[1385],0.82,0.02,0.79,0.85,0.0,0.0,9777.37,6701.88,1.0
p[1386],0.83,0.01,0.82,0.85,0.0,0.0,8939.47,6871.59,1.0
p[1387],0.67,0.02,0.63,0.7,0.0,0.0,9286.04,6848.08,1.0
p[1388],0.83,0.01,0.82,0.85,0.0,0.0,8940.44,6808.99,1.0
p[1389],0.83,0.01,0.82,0.85,0.0,0.0,8940.44,6808.99,1.0
p[1390],0.78,0.01,0.75,0.81,0.0,0.0,9297.28,6574.74,1.0
p[1391],0.83,0.01,0.81,0.85,0.0,0.0,8505.04,7419.49,1.0
p[1392],0.92,0.01,0.9,0.94,0.0,0.0,10127.29,7091.15,1.0
p[1393],0.85,0.01,0.83,0.87,0.0,0.0,9527.99,7049.46,1.0
p[1394],0.84,0.01,0.82,0.85,0.0,0.0,8941.57,6749.99,1.0
p[1395],0.84,0.01,0.82,0.85,0.0,0.0,8942.02,6749.99,1.0
p[1396],0.84,0.01,0.82,0.85,0.0,0.0,8942.94,6749.99,1.0
p[1397],0.83,0.01,0.81,0.85,0.0,0.0,8501.41,7418.08,1.0
p[1398],0.78,0.01,0.75,0.81,0.0,0.0,9293.34,6599.94,1.0
p[1399],0.67,0.02,0.64,0.7,0.0,0.0,9293.85,7003.88,1.0
p[1400],0.91,0.01,0.9,0.93,0.0,0.0,8592.8,7030.83,1.0
p[1401],0.92,0.01,0.91,0.94,0.0,0.0,10118.21,7043.67,1.0
p[1402],0.91,0.01,0.9,0.93,0.0,0.0,8592.8,7030.83,1.0
p[1403],0.84,0.01,0.82,0.86,0.0,0.0,8944.74,6869.75,1.0
p[1404],0.85,0.01,0.83,0.88,0.0,0.0,9518.87,7081.66,1.0
p[1405],0.83,0.01,0.81,0.86,0.0,0.0,8493.7,7174.01,1.0
p[1406],0.91,0.01,0.9,0.93,0.0,0.0,8589.6,7030.44,1.0
p[1407],0.91,0.01,0.9,0.93,0.0,0.0,8589.22,7030.44,1.0
p[1408],0.89,0.01,0.87,0.91,0.0,0.0,9653.44,6526.88,1.0
p[1409],0.84,0.01,0.82,0.86,0.0,0.0,8945.22,6932.59,1.0
p[1410],0.88,0.01,0.86,0.9,0.0,0.0,9518.83,6385.84,1.0
p[1411],0.91,0.01,0.9,0.93,0.0,0.0,8585.08,7030.76,1.0
p[1412],0.83,0.02,0.8,0.86,0.0,0.0,9712.48,6994.32,1.0
p[1413],0.92,0.01,0.9,0.93,0.0,0.0,8583.4,7030.6,1.0
p[1414],0.68,0.02,0.64,0.71,0.0,0.0,9297.99,7011.45,1.0
p[1415],0.84,0.01,0.82,0.86,0.0,0.0,8945.3,6866.03,1.0
p[1416],0.84,0.01,0.82,0.86,0.0,0.0,8945.04,6865.29,1.0
p[1417],0.84,0.01,0.82,0.86,0.0,0.0,8945.27,6807.97,1.0
p[1418],0.91,0.01,0.88,0.92,0.0,0.0,10584.98,7067.94,1.0
p[1419],0.79,0.01,0.76,0.82,0.0,0.0,9278.03,6628.22,1.0
p[1420],0.86,0.01,0.83,0.88,0.0,0.0,9505.52,7114.98,1.0
p[1421],0.84,0.01,0.81,0.86,0.0,0.0,8486.61,7104.52,1.0
p[1422],0.84,0.01,0.83,0.86,0.0,0.0,8947.14,6807.67,1.0
p[1423],0.92,0.01,0.91,0.94,0.0,0.0,10106.66,7210.1,1.0
p[1424],0.84,0.01,0.83,0.86,0.0,0.0,8946.06,6807.67,1.0
p[1425],0.84,0.01,0.83,0.86,0.0,0.0,8946.12,6747.23,1.0
p[1426],0.92,0.01,0.91,0.93,0.0,0.0,8576.6,7058.36,1.0
p[1427],0.84,0.01,0.83,0.86,0.0,0.0,8946.8,6747.23,1.0
p[1428],0.92,0.01,0.91,0.93,0.0,0.0,8573.18,7064.86,1.0
p[1429],0.93,0.01,0.91,0.94,0.0,0.0,10101.42,7187.08,1.0
p[1430],0.9,0.01,0.88,0.92,0.0,0.0,9630.37,6583.95,1.0
p[1431],0.86,0.01,0.84,0.88,0.0,0.0,9490.92,7142.27,1.0
p[1432],0.85,0.01,0.83,0.86,0.0,0.0,8946.15,6657.63,1.0
p[1433],0.85,0.01,0.83,0.86,0.0,0.0,8946.47,6657.75,1.0
p[1434],0.88,0.01,0.86,0.91,0.0,0.0,9502.24,6440.28,1.0
p[1435],0.84,0.01,0.82,0.86,0.0,0.0,8472.43,7205.81,1.0
p[1436],0.85,0.01,0.83,0.86,0.0,0.0,8946.18,6655.89,1.0
p[1437],0.84,0.01,0.81,0.87,0.0,0.0,9670.45,6931.15,1.0
p[1438],0.85,0.01,0.83,0.86,0.0,0.0,8947.06,6569.44,1.0
p[1439],0.69,0.02,0.65,0.72,0.0,0.0,9305.05,6967.67,1.0
p[1440],0.92,0.01,0.91,0.93,0.0,0.0,8565.34,7198.92,1.0
p[1441],0.92,0.01,0.91,0.93,0.0,0.0,8564.59,7198.92,1.0
p[1442],0.85,0.01,0.83,0.86,0.0,0.0,8948.13,6609.59,1.0
p[1443],0.8,0.01,0.77,0.82,0.0,0.0,9258.74,6626.26,1.0
p[1444],0.86,0.01,0.84,0.88,0.0,0.0,9478.73,7176.02,1.0
p[1445],0.85,0.01,0.83,0.87,0.0,0.0,8948.22,6697.04,1.0
p[1446],0.85,0.01,0.83,0.87,0.0,0.0,8948.18,6697.04,1.0
p[1447],0.93,0.01,0.91,0.94,0.0,0.0,10083.26,7112.76,1.0
p[1448],0.85,0.01,0.82,0.87,0.0,0.0,8463.02,7171.8,1.0
p[1449],0.69,0.02,0.66,0.73,0.0,0.0,9307.51,7033.38,1.0
p[1450],0.8,0.01,0.77,0.83,0.0,0.0,9248.89,6680.49,1.0
p[1451],0.92,0.01,0.91,0.93,0.0,0.0,8554.46,6872.51,1.0
p[1452],0.86,0.01,0.84,0.89,0.0,0.0,9457.16,7215.41,1.0
p[1453],0.9,0.01,0.88,0.92,0.0,0.0,9605.28,6612.0,1.0
p[1454],0.93,0.01,0.91,0.94,0.0,0.0,10072.23,7244.14,1.0
p[1455],0.85,0.01,0.84,0.87,0.0,0.0,8948.07,6529.61,1.0
p[1456],0.85,0.01,0.84,0.87,0.0,0.0,8948.07,6529.61,1.0
p[1457],0.89,0.01,0.87,0.91,0.0,0.0,9468.27,6663.05,1.0
p[1458],0.85,0.01,0.84,0.87,0.0,0.0,8947.81,6534.77,1.0
p[1459],0.85,0.01,0.82,0.87,0.0,0.0,9623.75,6858.58,1.0
p[1460],0.85,0.01,0.84,0.87,0.0,0.0,8947.96,6637.11,1.0
p[1461],0.85,0.01,0.84,0.87,0.0,0.0,8947.01,6637.11,1.0
p[1462],0.7,0.02,0.66,0.73,0.0,0.0,9311.39,7132.37,1.0
p[1463],0.92,0.01,0.91,0.93,0.0,0.0,8546.27,6871.54,1.0
p[1464],0.92,0.01,0.91,0.93,0.0,0.0,8546.27,6871.54,1.0
p[1465],0.93,0.01,0.92,0.95,0.0,0.0,10059.46,7398.45,1.0
p[1466],0.87,0.01,0.85,0.89,0.0,0.0,9448.43,7242.15,1.0
p[1467],0.8,0.01,0.78,0.83,0.0,0.0,9235.64,6703.93,1.0
p[1468],0.86,0.01,0.84,0.87,0.0,0.0,8947.25,6860.69,1.0
p[1469],0.92,0.01,0.91,0.93,0.0,0.0,8543.53,6872.06,1.0
p[1470],0.86,0.01,0.84,0.87,0.0,0.0,8946.54,6894.5,1.0
p[1471],0.91,0.01,0.9,0.93,0.0,0.0,10501.86,6982.88,1.0
p[1472],0.86,0.01,0.84,0.87,0.0,0.0,8946.29,6895.67,1.0
p[1473],0.85,0.01,0.83,0.87,0.0,0.0,8446.06,7188.8,1.0
p[1474],0.81,0.01,0.78,0.83,0.0,0.0,9230.17,6597.88,1.0
p[1475],0.93,0.01,0.92,0.95,0.0,0.0,10048.69,7313.82,1.0
p[1476],0.7,0.02,0.67,0.74,0.0,0.0,9315.03,6968.17,1.0
p[1477],0.86,0.01,0.84,0.87,0.0,0.0,8947.53,6896.32,1.0
p[1478],0.92,0.01,0.91,0.94,0.0,0.0,8536.12,6841.22,1.0
p[1479],0.91,0.01,0.89,0.92,0.0,0.0,9580.73,6582.9,1.0
p[1480],0.86,0.01,0.84,0.87,0.0,0.0,8948.08,6834.81,1.0
p[1481],0.86,0.01,0.84,0.87,0.0,0.0,8948.16,6834.81,1.0
p[1482],0.89,0.01,0.87,0.91,0.0,0.0,9433.01,6330.4,1.0
p[1483],0.86,0.01,0.84,0.88,0.0,0.0,8948.96,6928.66,1.0
p[1484],0.85,0.01,0.83,0.88,0.0,0.0,9567.0,6920.62,1.0
p[1485],0.86,0.01,0.84,0.88,0.0,0.0,8948.29,6747.06,1.0
p[1486],0.93,0.01,0.91,0.95,0.0,0.0,8239.47,6549.18,1.0
p[1487],0.93,0.01,0.92,0.94,0.0,0.0,8525.91,6901.79,1.0
p[1488],0.87,0.01,0.85,0.89,0.0,0.0,9416.7,7215.81,1.0
p[1489],0.86,0.01,0.85,0.88,0.0,0.0,8947.21,6929.97,1.0
p[1490],0.93,0.01,0.92,0.94,0.0,0.0,8524.46,6839.68,1.0
p[1491],0.86,0.01,0.85,0.88,0.0,0.0,8946.8,6929.97,1.0
p[1492],0.93,0.01,0.92,0.94,0.0,0.0,8522.04,6933.27,1.0
p[1493],0.81,0.02,0.77,0.84,0.0,0.0,9506.44,6639.02,1.0
p[1494],0.94,0.01,0.92,0.95,0.0,0.0,10019.61,7475.13,1.0
p[1495],0.93,0.01,0.92,0.94,0.0,0.0,8519.07,7095.76,1.0
p[1496],0.93,0.01,0.92,0.94,0.0,0.0,8519.07,7095.76,1.0
p[1497],0.86,0.01,0.85,0.88,0.0,0.0,8947.96,6991.6,1.0
p[1498],0.86,0.01,0.84,0.88,0.0,0.0,8457.81,6929.47,1.0
p[1499],0.9,0.01,0.88,0.92,0.0,0.0,9397.21,6154.83,1.0
p[1500],0.86,0.01,0.85,0.88,0.0,0.0,8948.04,6958.73,1.0
p[1501],0.87,0.01,0.85,0.88,0.0,0.0,8947.46,6860.87,1.0
p[1502],0.92,0.01,0.9,0.94,0.0,0.0,10442.02,7030.67,1.0
p[1503],0.86,0.01,0.83,0.88,0.0,0.0,9502.63,6921.42,1.0
p[1504],0.87,0.01,0.85,0.88,0.0,0.0,8946.9,6860.87,1.0
p[1505],0.93,0.01,0.92,0.94,0.0,0.0,8514.48,7128.01,1.0
p[1506],0.93,0.01,0.92,0.94,0.0,0.0,8514.04,7062.27,1.0
p[1507],0.88,0.01,0.86,0.9,0.0,0.0,9389.25,7251.55,1.0
p[1508],0.87,0.01,0.85,0.88,0.0,0.0,8946.12,6857.36,1.0
p[1509],0.87,0.01,0.85,0.88,0.0,0.0,8946.65,6926.11,1.0
p[1510],0.94,0.01,0.93,0.95,0.0,0.0,9995.94,7578.68,1.0
p[1511],0.87,0.01,0.84,0.89,0.0,0.0,8470.36,6930.75,1.0
p[1512],0.87,0.01,0.85,0.89,0.0,0.0,8943.64,6990.76,1.0
p[1513],0.87,0.01,0.85,0.89,0.0,0.0,8943.08,6990.33,1.0
p[1514],0.93,0.01,0.92,0.94,0.0,0.0,8505.48,7042.4,1.0
p[1515],0.93,0.01,0.92,0.94,0.0,0.0,8505.48,7042.4,1.0
p[1516],0.9,0.01,0.88,0.92,0.0,0.0,9355.21,6302.26,1.0
p[1517],0.87,0.01,0.84,0.89,0.0,0.0,9430.0,6986.41,1.0
p[1518],0.87,0.01,0.86,0.89,0.0,0.0,8940.17,6912.93,1.0
p[1519],0.87,0.01,0.86,0.89,0.0,0.0,8940.22,6912.93,1.0
p[1520],0.88,0.01,0.86,0.9,0.0,0.0,9364.7,7218.32,1.0
p[1521],0.92,0.01,0.9,0.93,0.0,0.0,9517.57,6416.07,1.0
p[1522],0.87,0.01,0.86,0.89,0.0,0.0,8939.75,6912.93,1.0
p[1523],0.87,0.01,0.86,0.89,0.0,0.0,8940.28,6913.68,1.0
p[1524],0.94,0.01,0.93,0.95,0.0,0.0,9968.17,7562.73,1.0
p[1525],0.87,0.01,0.85,0.89,0.0,0.0,8477.09,6995.1,1.0
p[1526],0.92,0.01,0.9,0.94,0.0,0.0,9505.9,6415.43,1.0
p[1527],0.88,0.01,0.86,0.89,0.0,0.0,8937.39,6975.27,1.0
p[1528],0.88,0.01,0.86,0.89,0.0,0.0,8937.06,6974.19,1.0
p[1529],0.83,0.01,0.81,0.86,0.0,0.0,9156.95,6586.16,1.0
p[1530],0.94,0.01,0.93,0.94,0.0,0.0,8494.34,6738.49,1.0
p[1531],0.87,0.01,0.85,0.89,0.0,0.0,9370.09,7019.69,1.0
p[1532],0.68,0.02,0.64,0.72,0.0,0.0,9284.64,7191.66,1.0
p[1533],0.82,0.02,0.78,0.85,0.0,0.0,10301.92,7029.17,1.0
p[1534],0.65,0.02,0.61,0.69,0.0,0.0,9095.88,7106.2,1.0
p[1535],0.8,0.01,0.77,0.82,0.0,0.0,8990.15,6991.55,1.0
p[1536],0.78,0.02,0.74,0.82,0.0,0.0,10658.68,6966.06,1.0
p[1537],0.76,0.02,0.72,0.8,0.0,0.0,9600.4,6462.02,1.0
p[1538],0.66,0.02,0.62,0.7,0.0,0.0,9093.89,7153.5,1.0
p[1539],0.83,0.02,0.8,0.86,0.0,0.0,10342.21,6946.13,1.0
p[1540],0.67,0.02,0.64,0.71,0.0,0.0,9080.98,7117.36,1.0
p[1541],0.82,0.01,0.79,0.84,0.0,0.0,8973.16,6860.71,1.0
p[1542],0.68,0.02,0.65,0.72,0.0,0.0,9071.97,6950.91,1.0
p[1543],0.82,0.01,0.8,0.84,0.0,0.0,8964.73,6955.32,1.0
p[1544],0.83,0.01,0.8,0.85,0.0,0.0,8960.16,7019.49,1.0
p[1545],0.69,0.02,0.66,0.73,0.0,0.0,9053.19,6951.82,1.0
p[1546],0.79,0.02,0.75,0.83,0.0,0.0,9567.82,6376.79,1.0
p[1547],0.7,0.01,0.68,0.73,0.0,0.0,8736.41,6695.46,1.0
p[1548],0.77,0.02,0.73,0.81,0.0,0.0,10019.31,6500.33,1.0
p[1549],0.49,0.02,0.45,0.53,0.0,0.0,9354.56,6920.56,1.0
p[1550],0.71,0.01,0.68,0.74,0.0,0.0,8739.94,6694.96,1.0
p[1551],0.63,0.02,0.59,0.67,0.0,0.0,9513.67,7294.89,1.0
p[1552],0.73,0.02,0.7,0.77,0.0,0.0,9203.35,6843.78,1.0
p[1553],0.71,0.01,0.69,0.74,0.0,0.0,8743.95,6754.79,1.0
p[1554],0.71,0.01,0.69,0.74,0.0,0.0,8744.53,6754.79,1.0
p[1555],0.7,0.02,0.67,0.74,0.0,0.0,9042.55,6857.94,1.0
p[1556],0.63,0.02,0.59,0.67,0.0,0.0,9515.96,7295.26,1.0
p[1557],0.85,0.02,0.82,0.88,0.0,0.0,10384.29,6648.03,1.0
p[1558],0.78,0.02,0.75,0.82,0.0,0.0,8754.51,6626.47,1.0
p[1559],0.5,0.02,0.45,0.54,0.0,0.0,9357.11,6796.46,1.0
p[1560],0.84,0.01,0.81,0.86,0.0,0.0,8941.48,6891.65,1.0
p[1561],0.72,0.01,0.69,0.74,0.0,0.0,8746.99,6785.14,1.0
p[1562],0.72,0.01,0.69,0.74,0.0,0.0,8746.99,6785.14,1.0
p[1563],0.78,0.02,0.74,0.82,0.0,0.0,10008.6,6500.88,1.0
p[1564],0.8,0.02,0.77,0.84,0.0,0.0,9552.76,6431.45,1.0
p[1565],0.84,0.01,0.82,0.86,0.0,0.0,8938.25,6860.58,1.0
p[1566],0.84,0.01,0.82,0.86,0.0,0.0,8938.16,6860.62,1.0
p[1567],0.71,0.02,0.66,0.75,0.0,0.0,9509.92,7346.0,1.0
p[1568],0.5,0.02,0.46,0.54,0.0,0.0,9360.68,6841.53,1.0
p[1569],0.82,0.02,0.79,0.86,0.0,0.0,10667.3,7372.84,1.0
p[1570],0.72,0.01,0.69,0.75,0.0,0.0,8750.47,6824.94,1.0
p[1571],0.72,0.01,0.69,0.75,0.0,0.0,8749.94,6824.94,1.0
p[1572],0.72,0.01,0.69,0.75,0.0,0.0,8749.72,6824.94,1.0
p[1573],0.74,0.02,0.71,0.78,0.0,0.0,9186.66,6892.52,1.0
p[1574],0.64,0.02,0.6,0.68,0.0,0.0,9520.59,7225.87,1.0
p[1575],0.72,0.01,0.7,0.75,0.0,0.0,8753.0,6825.01,1.0
p[1576],0.71,0.02,0.68,0.75,0.0,0.0,9021.46,6881.3,1.0
p[1577],0.72,0.01,0.7,0.75,0.0,0.0,8756.4,6824.52,1.0
p[1578],0.72,0.02,0.68,0.75,0.0,0.0,9020.31,6944.32,1.0
p[1579],0.84,0.01,0.82,0.86,0.0,0.0,8928.49,6860.39,1.0
p[1580],0.72,0.01,0.7,0.75,0.0,0.0,8758.54,6870.92,1.0
p[1581],0.51,0.02,0.47,0.55,0.0,0.0,9369.44,6842.06,1.0
p[1582],0.84,0.01,0.82,0.86,0.0,0.0,8926.09,6860.62,1.0
p[1583],0.72,0.01,0.7,0.75,0.0,0.0,8760.51,6762.46,1.0
p[1584],0.75,0.02,0.71,0.78,0.0,0.0,9176.24,6820.28,1.0
p[1585],0.81,0.02,0.77,0.84,0.0,0.0,9538.4,6376.37,1.0
p[1586],0.86,0.01,0.83,0.89,0.0,0.0,10383.66,6703.36,1.0
p[1587],0.73,0.01,0.7,0.75,0.0,0.0,8764.02,6792.63,1.0
p[1588],0.79,0.02,0.75,0.82,0.0,0.0,10000.29,6434.85,1.0
p[1589],0.65,0.02,0.61,0.68,0.0,0.0,9526.12,7091.15,1.0
p[1590],0.72,0.02,0.68,0.75,0.0,0.0,9014.64,6944.35,1.0
p[1591],0.73,0.01,0.7,0.75,0.0,0.0,8764.97,6793.03,1.0
p[1592],0.84,0.01,0.82,0.86,0.0,0.0,8923.29,6986.59,1.0
p[1593],0.84,0.01,0.82,0.86,0.0,0.0,8923.29,6986.59,1.0
p[1594],0.72,0.02,0.67,0.76,0.0,0.0,9452.26,7241.07,1.0
p[1595],0.52,0.02,0.48,0.56,0.0,0.0,9374.66,6842.64,1.0
p[1596],0.73,0.01,0.7,0.75,0.0,0.0,8769.49,6778.05,1.0
p[1597],0.73,0.01,0.7,0.75,0.0,0.0,8770.44,6778.05,1.0
p[1598],0.65,0.02,0.61,0.69,0.0,0.0,9529.89,7124.3,1.0
p[1599],0.75,0.02,0.72,0.78,0.0,0.0,9163.28,6580.8,1.0
p[1600],0.85,0.01,0.83,0.87,0.0,0.0,8916.84,6986.93,1.0
p[1601],0.83,0.02,0.8,0.86,0.0,0.0,10664.05,7303.24,1.0
p[1602],0.83,0.02,0.8,0.86,0.0,0.0,10664.05,7303.24,1.0
p[1603],0.72,0.02,0.69,0.76,0.0,0.0,9005.15,6810.41,1.0
p[1604],0.73,0.01,0.71,0.76,0.0,0.0,8772.67,6809.13,1.0
p[1605],0.86,0.01,0.84,0.89,0.0,0.0,10384.38,6761.86,1.0
p[1606],0.73,0.01,0.71,0.76,0.0,0.0,8773.57,6809.13,1.0
p[1607],0.73,0.01,0.71,0.76,0.0,0.0,8773.99,6809.13,1.0
p[1608],0.73,0.02,0.69,0.76,0.0,0.0,9000.53,6780.25,1.0
p[1609],0.52,0.02,0.48,0.56,0.0,0.0,9382.33,6662.25,1.0
p[1610],0.74,0.01,0.71,0.76,0.0,0.0,8776.07,6778.62,1.0
p[1611],0.74,0.01,0.71,0.76,0.0,0.0,8776.61,6778.57,1.0
p[1612],0.79,0.02,0.76,0.83,0.0,0.0,9977.64,6475.2,1.0
p[1613],0.85,0.01,0.83,0.87,0.0,0.0,8908.29,7019.57,1.0
p[1614],0.73,0.02,0.7,0.76,0.0,0.0,8997.41,6758.28,1.0
p[1615],0.87,0.01,0.84,0.89,0.0,0.0,10386.9,6762.44,1.0
p[1616],0.76,0.02,0.72,0.79,0.0,0.0,9148.87,6608.29,1.0
p[1617],0.74,0.01,0.71,0.76,0.0,0.0,8780.94,6823.89,1.0
p[1618],0.74,0.01,0.71,0.76,0.0,0.0,8781.09,6823.65,1.0
p[1619],0.85,0.01,0.83,0.87,0.0,0.0,8905.89,7052.15,1.0
p[1620],0.73,0.02,0.69,0.77,0.0,0.0,9415.2,7115.91,1.0
p[1621],0.85,0.01,0.83,0.87,0.0,0.0,8903.9,7052.23,1.0
p[1622],0.53,0.02,0.49,0.57,0.0,0.0,9379.97,6751.65,1.0
p[1623],0.8,0.02,0.77,0.83,0.0,0.0,8690.39,6690.09,1.0
p[1624],0.74,0.02,0.7,0.77,0.0,0.0,8953.2,6759.18,1.0
p[1625],0.76,0.02,0.73,0.79,0.0,0.0,9131.46,6409.75,1.0
p[1626],0.67,0.02,0.63,0.7,0.0,0.0,9544.44,6837.82,1.0
p[1627],0.74,0.01,0.72,0.77,0.0,0.0,8788.5,6838.9,1.0
p[1628],0.86,0.01,0.84,0.87,0.0,0.0,8892.28,7085.11,1.0
p[1629],0.75,0.01,0.72,0.77,0.0,0.0,8790.39,6854.64,1.0
p[1630],0.75,0.01,0.72,0.77,0.0,0.0,8790.39,6854.64,1.0
p[1631],0.76,0.02,0.73,0.8,0.0,0.0,9125.12,6438.46,1.0
p[1632],0.86,0.01,0.84,0.87,0.0,0.0,8888.0,7118.5,1.0
p[1633],0.75,0.01,0.72,0.77,0.0,0.0,8792.0,6868.16,1.0
p[1634],0.67,0.02,0.64,0.71,0.0,0.0,9545.91,6776.71,1.0
p[1635],0.75,0.01,0.72,0.77,0.0,0.0,8792.59,6867.83,1.0
p[1636],0.84,0.02,0.81,0.87,0.0,0.0,10639.46,7232.23,1.0
p[1637],0.83,0.02,0.79,0.86,0.0,0.0,9499.63,6234.9,1.0
p[1638],0.86,0.01,0.84,0.88,0.0,0.0,8883.73,7118.56,1.0
p[1639],0.74,0.02,0.7,0.78,0.0,0.0,9378.07,7040.8,1.0
p[1640],0.86,0.01,0.84,0.88,0.0,0.0,8883.0,7118.56,1.0
p[1641],0.75,0.01,0.73,0.77,0.0,0.0,8797.26,6867.52,1.0
p[1642],0.81,0.02,0.78,0.84,0.0,0.0,9533.33,7021.33,1.0
p[1643],0.75,0.01,0.73,0.77,0.0,0.0,8799.19,6806.47,1.0
p[1644],0.77,0.02,0.74,0.8,0.0,0.0,9113.4,6465.86,1.0
p[1645],0.87,0.01,0.85,0.9,0.0,0.0,10371.83,6525.82,1.0
p[1646],0.86,0.01,0.84,0.88,0.0,0.0,8877.92,7085.31,1.0
p[1647],0.75,0.01,0.73,0.78,0.0,0.0,8800.45,6837.12,1.0
p[1648],0.74,0.02,0.71,0.77,0.0,0.0,8896.96,6819.28,1.0
p[1649],0.68,0.02,0.64,0.71,0.0,0.0,9548.77,6837.24,1.0
p[1650],0.75,0.01,0.73,0.78,0.0,0.0,8801.21,6837.08,1.0
p[1651],0.87,0.01,0.85,0.9,0.0,0.0,10371.48,6525.82,1.0
p[1652],0.75,0.01,0.73,0.78,0.0,0.0,8801.43,6836.52,1.0
p[1653],0.75,0.02,0.71,0.77,0.0,0.0,8892.14,6849.9,1.0
p[1654],0.68,0.02,0.64,0.71,0.0,0.0,9547.68,6837.24,1.0
p[1655],0.75,0.01,0.73,0.78,0.0,0.0,8802.22,6836.45,1.0
p[1656],0.75,0.01,0.73,0.78,0.0,0.0,8802.76,6839.77,1.0
p[1657],0.55,0.02,0.51,0.59,0.0,0.0,9370.88,6766.45,1.0
p[1658],0.75,0.01,0.73,0.78,0.0,0.0,8803.81,6869.97,1.0
p[1659],0.75,0.01,0.73,0.78,0.0,0.0,8806.42,6870.59,1.0
p[1660],0.77,0.02,0.74,0.81,0.0,0.0,9093.31,6445.83,1.0
p[1661],0.68,0.02,0.65,0.72,0.0,0.0,9548.87,6806.94,1.0
p[1662],0.85,0.02,0.82,0.88,0.0,0.0,10625.48,7232.29,1.0
p[1663],0.81,0.02,0.78,0.84,0.0,0.0,9926.18,6520.29,1.0
p[1664],0.76,0.01,0.73,0.78,0.0,0.0,8808.36,6808.72,1.0
p[1665],0.75,0.02,0.72,0.78,0.0,0.0,8858.79,6788.17,1.0
p[1666],0.88,0.01,0.85,0.9,0.0,0.0,10366.7,6470.55,1.0
p[1667],0.85,0.02,0.82,0.88,0.0,0.0,10622.56,7232.29,1.0
p[1668],0.85,0.02,0.82,0.88,0.0,0.0,10622.56,7232.29,1.0
p[1669],0.76,0.01,0.74,0.78,0.0,0.0,8806.63,6869.76,1.0
p[1670],0.83,0.02,0.8,0.86,0.0,0.0,9472.96,6271.16,1.0
p[1671],0.55,0.02,0.52,0.59,0.0,0.0,9372.11,6744.47,1.0
p[1672],0.86,0.01,0.85,0.88,0.0,0.0,8896.98,7257.67,1.0
p[1673],0.87,0.01,0.85,0.88,0.0,0.0,8890.34,7120.04,1.0
p[1674],0.69,0.02,0.65,0.72,0.0,0.0,9547.83,6806.04,1.0
p[1675],0.75,0.02,0.72,0.78,0.0,0.0,8836.02,6757.85,1.0
p[1676],0.78,0.02,0.75,0.81,0.0,0.0,9079.08,6528.67,1.0
p[1677],0.87,0.01,0.85,0.88,0.0,0.0,8888.9,6979.64,1.0
p[1678],0.76,0.01,0.74,0.78,0.0,0.0,8809.89,6778.16,1.0
p[1679],0.76,0.01,0.74,0.79,0.0,0.0,8811.53,6778.32,1.0
p[1680],0.76,0.01,0.74,0.79,0.0,0.0,8811.81,6778.32,1.0
p[1681],0.88,0.01,0.86,0.9,0.0,0.0,10360.47,6496.56,1.0
p[1682],0.75,0.02,0.71,0.79,0.0,0.0,9319.12,6849.6,1.0
p[1683],0.87,0.01,0.85,0.88,0.0,0.0,8879.49,6955.9,1.0
p[1684],0.56,0.02,0.52,0.6,0.0,0.0,9365.18,6774.31,1.0
p[1685],0.76,0.02,0.72,0.78,0.0,0.0,8820.3,6727.41,1.0
p[1686],0.76,0.01,0.74,0.79,0.0,0.0,8813.09,6722.56,1.0
p[1687],0.69,0.02,0.66,0.72,0.0,0.0,9547.44,6745.8,1.0
p[1688],0.87,0.01,0.85,0.89,0.0,0.0,8865.84,6955.14,1.0
p[1689],0.82,0.01,0.79,0.85,0.0,0.0,9457.44,7133.3,1.0
p[1690],0.78,0.02,0.75,0.81,0.0,0.0,9070.3,6504.97,1.0
p[1691],0.85,0.02,0.82,0.88,0.0,0.0,10606.98,7197.48,1.0
p[1692],0.76,0.01,0.74,0.79,0.0,0.0,8815.55,6752.76,1.0
p[1693],0.87,0.01,0.85,0.89,0.0,0.0,8856.58,7084.95,1.0
p[1694],0.77,0.01,0.74,0.79,0.0,0.0,8816.1,6739.86,1.0
p[1695],0.76,0.02,0.73,0.79,0.0,0.0,8805.12,6786.45,1.0
p[1696],0.88,0.01,0.86,0.91,0.0,0.0,10352.02,6523.6,1.0
p[1697],0.82,0.02,0.79,0.85,0.0,0.0,9897.11,6590.81,1.0
p[1698],0.77,0.01,0.74,0.79,0.0,0.0,8816.77,6565.92,1.0
p[1699],0.88,0.01,0.86,0.91,0.0,0.0,10350.3,6495.67,1.0
p[1700],0.76,0.02,0.72,0.8,0.0,0.0,9297.62,6787.73,1.0
p[1701],0.57,0.02,0.53,0.6,0.0,0.0,9360.4,6768.91,1.0
p[1702],0.87,0.01,0.86,0.89,0.0,0.0,8852.15,7141.53,1.0
p[1703],0.77,0.01,0.75,0.79,0.0,0.0,8820.14,6580.54,1.0
p[1704],0.79,0.02,0.76,0.82,0.0,0.0,9055.64,6491.7,1.0
p[1705],0.7,0.02,0.66,0.73,0.0,0.0,9548.26,6775.95,1.0
p[1706],0.87,0.01,0.86,0.89,0.0,0.0,8846.39,7218.52,1.0
p[1707],0.76,0.02,0.73,0.79,0.0,0.0,8777.39,6878.72,1.0
p[1708],0.88,0.01,0.86,0.91,0.0,0.0,10344.44,6469.85,1.0
p[1709],0.77,0.01,0.75,0.79,0.0,0.0,8823.59,6580.13,1.0
p[1710],0.77,0.01,0.75,0.79,0.0,0.0,8823.63,6537.5,1.0
p[1711],0.86,0.02,0.83,0.88,0.0,0.0,10593.84,7163.81,1.0
p[1712],0.86,0.02,0.83,0.88,0.0,0.0,10593.84,7163.81,1.0
p[1713],0.76,0.02,0.73,0.79,0.0,0.0,8767.86,6941.84,1.0
p[1714],0.77,0.01,0.75,0.79,0.0,0.0,8820.91,6537.36,1.0
p[1715],0.77,0.01,0.75,0.79,0.0,0.0,8820.91,6537.36,1.0
p[1716],0.87,0.01,0.86,0.89,0.0,0.0,8823.86,7294.85,1.0
p[1717],0.77,0.01,0.75,0.79,0.0,0.0,8823.49,6622.02,1.0
p[1718],0.79,0.02,0.76,0.82,0.0,0.0,9046.38,6393.88,1.0
p[1719],0.87,0.01,0.86,0.89,0.0,0.0,8814.02,7260.0,1.0
p[1720],0.77,0.01,0.75,0.8,0.0,0.0,8824.39,6593.5,1.0
p[1721],0.77,0.01,0.75,0.8,0.0,0.0,8824.39,6593.5,1.0
p[1722],0.77,0.02,0.74,0.8,0.0,0.0,8738.18,6756.87,1.0
p[1723],0.85,0.02,0.82,0.87,0.0,0.0,9432.62,6120.58,1.0
p[1724],0.87,0.01,0.86,0.89,0.0,0.0,8810.04,7259.74,1.0
p[1725],0.83,0.02,0.79,0.86,0.0,0.0,9880.02,6507.32,1.0
p[1726],0.71,0.02,0.67,0.74,0.0,0.0,9544.71,6715.32,1.0
p[1727],0.88,0.01,0.86,0.89,0.0,0.0,8801.54,7251.56,1.0
p[1728],0.58,0.02,0.54,0.62,0.0,0.0,9338.68,6941.53,1.0
p[1729],0.78,0.01,0.76,0.8,0.0,0.0,8826.6,6593.71,1.0
p[1730],0.89,0.01,0.87,0.91,0.0,0.0,10333.12,6499.43,1.0
p[1731],0.77,0.02,0.73,0.8,0.0,0.0,9255.91,6669.7,1.0
p[1732],0.78,0.01,0.76,0.8,0.0,0.0,8829.27,6579.81,1.0
p[1733],0.71,0.02,0.67,0.74,0.0,0.0,9541.48,6778.91,1.0
p[1734],0.79,0.02,0.77,0.82,0.0,0.0,9028.99,6540.42,1.0
p[1735],0.78,0.01,0.76,0.8,0.0,0.0,8830.85,6579.81,1.0
p[1736],0.86,0.01,0.83,0.89,0.0,0.0,10567.92,7266.33,1.0
p[1737],0.78,0.01,0.76,0.8,0.0,0.0,8832.63,6622.2,1.0
p[1738],0.77,0.02,0.74,0.8,0.0,0.0,8706.06,6668.45,1.0
p[1739],0.78,0.01,0.76,0.8,0.0,0.0,8832.59,6622.2,1.0
p[1740],0.86,0.01,0.83,0.89,0.0,0.0,10565.88,7266.33,1.0
p[1741],0.89,0.01,0.87,0.91,0.0,0.0,10325.12,6555.92,1.0
p[1742],0.78,0.01,0.76,0.8,0.0,0.0,8833.24,6622.2,1.0
p[1743],0.78,0.01,0.76,0.8,0.0,0.0,8834.17,6622.47,1.0
p[1744],0.77,0.01,0.75,0.8,0.0,0.0,8696.43,6758.16,1.0
p[1745],0.59,0.02,0.55,0.62,0.0,0.0,9326.15,6995.15,1.0
p[1746],0.84,0.01,0.81,0.86,0.0,0.0,9373.38,6976.82,1.0
p[1747],0.8,0.02,0.77,0.83,0.0,0.0,9009.16,6542.01,1.0
p[1748],0.78,0.01,0.76,0.8,0.0,0.0,8834.59,6586.05,1.0
p[1749],0.78,0.01,0.76,0.8,0.0,0.0,8834.54,6586.05,1.0
p[1750],0.88,0.01,0.87,0.9,0.0,0.0,8766.83,7048.22,1.0
p[1751],0.83,0.02,0.8,0.86,0.0,0.0,9850.54,6520.46,1.0
p[1752],0.78,0.01,0.75,0.8,0.0,0.0,8681.19,6757.67,1.0
p[1753],0.89,0.01,0.87,0.91,0.0,0.0,10309.91,6525.42,1.0
p[1754],0.72,0.02,0.68,0.75,0.0,0.0,9534.97,6748.33,1.0
p[1755],0.78,0.01,0.76,0.8,0.0,0.0,8837.67,6637.63,1.0
p[1756],0.77,0.02,0.74,0.81,0.0,0.0,9202.94,6520.62,1.0
p[1757],0.59,0.02,0.55,0.63,0.0,0.0,9321.16,7028.17,1.0
p[1758],0.88,0.01,0.87,0.9,0.0,0.0,8748.07,6984.84,1.0
p[1759],0.88,0.01,0.87,0.9,0.0,0.0,8747.38,7050.94,1.0
p[1760],0.8,0.02,0.78,0.83,0.0,0.0,8998.02,6566.95,1.0
p[1761],0.79,0.01,0.77,0.81,0.0,0.0,8839.99,6561.48,1.0
p[1762],0.79,0.01,0.77,0.81,0.0,0.0,8839.6,6561.48,1.0
p[1763],0.89,0.01,0.87,0.92,0.0,0.0,10296.23,6608.17,1.0
p[1764],0.72,0.02,0.69,0.75,0.0,0.0,9527.02,6718.74,1.0
p[1765],0.79,0.01,0.77,0.81,0.0,0.0,8840.55,6560.98,1.0
p[1766],0.78,0.01,0.75,0.81,0.0,0.0,8649.98,6818.43,1.0
p[1767],0.79,0.01,0.77,0.81,0.0,0.0,8841.4,6608.44,1.0
p[1768],0.79,0.01,0.77,0.81,0.0,0.0,8843.42,6541.0,1.0
p[1769],0.88,0.01,0.87,0.9,0.0,0.0,8733.18,7122.19,1.0
p[1770],0.78,0.01,0.76,0.81,0.0,0.0,8630.12,6872.45,1.0
p[1771],0.81,0.01,0.78,0.83,0.0,0.0,8983.35,6445.38,1.0
p[1772],0.84,0.02,0.81,0.87,0.0,0.0,9816.58,6520.91,1.0
p[1773],0.79,0.01,0.77,0.81,0.0,0.0,8844.26,6442.66,1.0
p[1774],0.79,0.01,0.77,0.81,0.0,0.0,8844.58,6442.66,1.0
p[1775],0.9,0.01,0.88,0.92,0.0,0.0,10275.53,6609.09,1.0
p[1776],0.79,0.01,0.76,0.82,0.0,0.0,8595.85,6759.87,1.0
p[1777],0.81,0.01,0.78,0.84,0.0,0.0,8969.1,6410.24,1.0
p[1778],0.8,0.01,0.77,0.81,0.0,0.0,8844.63,6415.57,1.0
p[1779],0.8,0.01,0.78,0.81,0.0,0.0,8844.42,6388.06,1.0
p[1780],0.79,0.02,0.75,0.82,0.0,0.0,9127.93,6496.38,1.0
p[1781],0.79,0.01,0.76,0.82,0.0,0.0,8589.57,6781.08,1.0
p[1782],0.89,0.01,0.87,0.9,0.0,0.0,8697.47,7263.31,1.0
p[1783],0.8,0.01,0.78,0.82,0.0,0.0,8845.72,6388.36,1.0
p[1784],0.9,0.01,0.88,0.92,0.0,0.0,10268.28,6643.03,1.0
p[1785],0.73,0.02,0.7,0.76,0.0,0.0,9515.02,6654.04,1.0
p[1786],0.73,0.02,0.7,0.76,0.0,0.0,9515.02,6654.04,1.0
p[1787],0.8,0.01,0.78,0.82,0.0,0.0,8847.24,6414.82,1.0
p[1788],0.86,0.01,0.84,0.89,0.0,0.0,9375.42,6144.79,1.0
p[1789],0.88,0.01,0.85,0.9,0.0,0.0,10492.24,7163.1,1.0
p[1790],0.61,0.02,0.57,0.65,0.0,0.0,9295.89,7124.97,1.0
p[1791],0.8,0.01,0.78,0.82,0.0,0.0,8847.4,6414.56,1.0
p[1792],0.8,0.01,0.78,0.82,0.0,0.0,8847.37,6414.56,1.0
p[1793],0.79,0.01,0.77,0.82,0.0,0.0,8566.66,6731.81,1.0
p[1794],0.8,0.01,0.78,0.82,0.0,0.0,8848.69,6387.85,1.0
p[1795],0.82,0.01,0.79,0.84,0.0,0.0,8952.54,6465.0,1.0
p[1796],0.89,0.01,0.88,0.9,0.0,0.0,8680.39,7280.69,1.0
p[1797],0.8,0.01,0.78,0.82,0.0,0.0,8849.14,6388.38,1.0
p[1798],0.85,0.02,0.82,0.88,0.0,0.0,9782.0,6576.67,1.0
p[1799],0.89,0.01,0.88,0.91,0.0,0.0,8670.55,7298.35,1.0
p[1800],0.85,0.01,0.83,0.87,0.0,0.0,9262.12,6859.24,1.0
p[1801],0.86,0.01,0.84,0.89,0.0,0.0,9364.97,6145.52,1.0
p[1802],0.61,0.02,0.57,0.65,0.0,0.0,9287.39,7084.67,1.0
p[1803],0.8,0.01,0.78,0.82,0.0,0.0,8850.23,6248.78,1.0
p[1804],0.74,0.02,0.71,0.77,0.0,0.0,9505.33,6683.34,1.0
p[1805],0.89,0.01,0.88,0.91,0.0,0.0,8664.05,7263.66,1.0
p[1806],0.79,0.02,0.76,0.83,0.0,0.0,9083.19,6496.99,1.0
p[1807],0.8,0.01,0.78,0.82,0.0,0.0,8850.46,6172.83,1.0
p[1808],0.89,0.01,0.88,0.91,0.0,0.0,8661.13,7263.71,1.0
p[1809],0.62,0.02,0.58,0.65,0.0,0.0,9282.98,7051.25,1.0
p[1810],0.82,0.01,0.79,0.84,0.0,0.0,8937.72,6460.95,1.0
p[1811],0.74,0.02,0.71,0.77,0.0,0.0,9503.35,6653.65,1.0
p[1812],0.9,0.01,0.88,0.92,0.0,0.0,10239.82,6413.8,1.0
p[1813],0.8,0.01,0.78,0.82,0.0,0.0,8852.6,6148.11,1.0
p[1814],0.89,0.01,0.88,0.91,0.0,0.0,8653.94,7263.7,1.0
p[1815],0.9,0.01,0.88,0.92,0.0,0.0,10241.84,6439.62,1.0
p[1816],0.8,0.01,0.79,0.82,0.0,0.0,8853.55,6148.29,1.0
p[1817],0.8,0.01,0.79,0.82,0.0,0.0,8853.52,6148.29,1.0
p[1818],0.8,0.01,0.77,0.83,0.0,0.0,8536.86,6714.8,1.0
p[1819],0.8,0.01,0.79,0.82,0.0,0.0,8854.25,6147.96,1.0
p[1820],0.62,0.02,0.58,0.66,0.0,0.0,9273.23,7017.54,1.0
p[1821],0.88,0.01,0.86,0.91,0.0,0.0,10448.8,7223.88,1.0
p[1822],0.82,0.01,0.8,0.85,0.0,0.0,8919.54,6487.05,1.0
p[1823],0.87,0.01,0.84,0.89,0.0,0.0,9342.45,6144.98,1.0
p[1824],0.81,0.01,0.79,0.83,0.0,0.0,8857.77,6172.11,1.0
p[1825],0.9,0.01,0.88,0.91,0.0,0.0,8635.28,7193.66,1.0
p[1826],0.91,0.01,0.89,0.93,0.0,0.0,10223.12,6469.68,1.0
p[1827],0.75,0.02,0.71,0.78,0.0,0.0,9493.04,6623.59,1.0
p[1828],0.81,0.01,0.79,0.83,0.0,0.0,8857.79,6227.75,1.0
p[1829],0.8,0.02,0.77,0.83,0.0,0.0,9040.32,6469.37,1.0
p[1830],0.85,0.01,0.83,0.88,0.0,0.0,9739.51,6633.97,1.0
p[1831],0.9,0.01,0.88,0.91,0.0,0.0,8621.55,7263.91,1.0
p[1832],0.88,0.01,0.86,0.91,0.0,0.0,10435.72,7339.76,1.0
p[1833],0.63,0.02,0.59,0.66,0.0,0.0,9267.53,6990.79,1.0
p[1834],0.81,0.01,0.79,0.83,0.0,0.0,8859.69,6328.85,1.0
p[1835],0.83,0.01,0.8,0.85,0.0,0.0,8903.71,6627.41,1.0
p[1836],0.75,0.02,0.72,0.78,0.0,0.0,9487.02,6652.43,1.0
p[1837],0.81,0.01,0.79,0.83,0.0,0.0,8858.66,6125.19,1.0
p[1838],0.81,0.01,0.79,0.83,0.0,0.0,8859.03,6125.19,1.0
p[1839],0.81,0.01,0.78,0.83,0.0,0.0,8509.97,6890.54,1.0
p[1840],0.81,0.01,0.79,0.83,0.0,0.0,8860.09,6125.06,1.0
p[1841],0.81,0.01,0.79,0.83,0.0,0.0,8860.09,6125.06,1.0
p[1842],0.81,0.01,0.79,0.83,0.0,0.0,8860.46,6125.06,1.0
p[1843],0.86,0.01,0.84,0.88,0.0,0.0,9193.92,6890.01,1.0
p[1844],0.81,0.01,0.79,0.83,0.0,0.0,8860.95,6150.23,1.0
p[1845],0.81,0.01,0.78,0.83,0.0,0.0,8502.76,6859.15,1.0
p[1846],0.9,0.01,0.89,0.91,0.0,0.0,8605.33,7264.75,1.0
p[1847],0.91,0.01,0.89,0.93,0.0,0.0,10200.92,6529.2,1.0
p[1848],0.9,0.01,0.89,0.91,0.0,0.0,8603.45,7264.75,1.0
p[1849],0.63,0.02,0.59,0.67,0.0,0.0,9253.53,6989.88,1.0
p[1850],0.81,0.01,0.8,0.83,0.0,0.0,8862.03,6028.61,1.0
p[1851],0.83,0.01,0.8,0.85,0.0,0.0,8888.34,6484.03,1.0
p[1852],0.81,0.01,0.8,0.83,0.0,0.0,8862.95,6029.1,1.0
p[1853],0.9,0.01,0.89,0.91,0.0,0.0,8594.17,7095.55,1.0
p[1854],0.81,0.01,0.78,0.83,0.0,0.0,8498.33,6766.33,1.0
p[1855],0.75,0.02,0.72,0.78,0.0,0.0,9473.11,6741.85,1.0
p[1856],0.88,0.01,0.85,0.9,0.0,0.0,9303.81,6325.24,1.0
p[1857],0.9,0.01,0.89,0.91,0.0,0.0,8582.53,6997.61,1.0
p[1858],0.82,0.01,0.8,0.83,0.0,0.0,8865.04,6305.08,1.0
p[1859],0.86,0.01,0.84,0.89,0.0,0.0,9703.56,6605.96,1.0
p[1860],0.81,0.02,0.78,0.84,0.0,0.0,8986.37,6531.96,1.0
p[1861],0.82,0.01,0.8,0.84,0.0,0.0,8866.95,6357.35,1.0
p[1862],0.82,0.01,0.8,0.84,0.0,0.0,8866.85,6357.35,1.0
p[1863],0.64,0.02,0.6,0.68,0.0,0.0,9245.71,7087.36,1.0
p[1864],0.91,0.01,0.89,0.93,0.0,0.0,10184.28,6472.02,1.0
p[1865],0.82,0.01,0.8,0.84,0.0,0.0,8868.16,6357.15,1.0
p[1866],0.76,0.02,0.73,0.79,0.0,0.0,9463.2,6741.64,1.0
p[1867],0.82,0.01,0.8,0.84,0.0,0.0,8867.37,6357.49,1.0
p[1868],0.83,0.01,0.81,0.86,0.0,0.0,8872.05,6596.62,1.0
p[1869],0.81,0.01,0.79,0.84,0.0,0.0,8485.01,6521.28,1.0
p[1870],0.82,0.01,0.8,0.84,0.0,0.0,8867.16,6330.47,1.0
p[1871],0.82,0.01,0.8,0.84,0.0,0.0,8867.22,6303.52,1.0
p[1872],0.82,0.01,0.8,0.84,0.0,0.0,8867.86,6329.43,1.0
p[1873],0.76,0.02,0.73,0.79,0.0,0.0,9456.8,6728.97,1.0
p[1874],0.82,0.01,0.79,0.84,0.0,0.0,8474.85,6692.0,1.0
p[1875],0.82,0.01,0.8,0.84,0.0,0.0,8870.4,6277.45,1.0
p[1876],0.84,0.01,0.81,0.86,0.0,0.0,8857.37,6596.29,1.0
p[1877],0.88,0.01,0.86,0.9,0.0,0.0,9280.12,6376.72,1.0
p[1878],0.91,0.01,0.9,0.93,0.0,0.0,10155.96,6585.32,1.0
p[1879],0.87,0.01,0.84,0.89,0.0,0.0,9676.82,6620.53,1.0
p[1880],0.82,0.01,0.81,0.84,0.0,0.0,8870.13,6277.55,1.0
p[1881],0.82,0.01,0.79,0.84,0.0,0.0,8470.37,6663.4,1.0
p[1882],0.91,0.01,0.9,0.93,0.0,0.0,10152.38,6641.87,1.0
p[1883],0.9,0.01,0.89,0.92,0.0,0.0,8536.05,7003.87,1.0
p[1884],0.82,0.02,0.79,0.85,0.0,0.0,8926.44,6560.61,1.0
p[1885],0.82,0.01,0.81,0.84,0.0,0.0,8870.87,6225.32,1.0
p[1886],0.91,0.01,0.89,0.92,0.0,0.0,8531.91,6938.61,1.0
p[1887],0.83,0.01,0.81,0.84,0.0,0.0,8871.04,6174.78,1.0
p[1888],0.77,0.02,0.74,0.8,0.0,0.0,9444.02,6655.8,1.0
p[1889],0.84,0.01,0.82,0.86,0.0,0.0,8845.45,6563.77,1.0
p[1890],0.91,0.01,0.89,0.92,0.0,0.0,8523.06,6938.09,1.0
p[1891],0.83,0.01,0.81,0.84,0.0,0.0,8870.63,6237.23,1.0
p[1892],0.83,0.01,0.81,0.85,0.0,0.0,8871.17,6237.19,1.0
p[1893],0.82,0.01,0.8,0.85,0.0,0.0,8458.14,6659.4,1.0
p[1894],0.91,0.01,0.9,0.92,0.0,0.0,8518.74,6905.7,1.0
p[1895],0.91,0.01,0.9,0.92,0.0,0.0,8515.99,6905.7,1.0
p[1896],0.91,0.01,0.9,0.92,0.0,0.0,8517.08,6905.7,1.0
p[1897],0.91,0.01,0.9,0.92,0.0,0.0,8517.08,6905.7,1.0
p[1898],0.92,0.01,0.9,0.93,0.0,0.0,10118.53,6789.28,1.0
p[1899],0.82,0.01,0.8,0.85,0.0,0.0,8454.42,6601.44,1.0
p[1900],0.91,0.01,0.9,0.92,0.0,0.0,8517.42,6783.04,1.0
p[1901],0.83,0.01,0.81,0.85,0.0,0.0,8869.74,6407.87,1.0
p[1902],0.83,0.01,0.81,0.85,0.0,0.0,8870.06,6408.35,1.0
p[1903],0.83,0.01,0.81,0.85,0.0,0.0,8869.81,6408.34,1.0
p[1904],0.84,0.01,0.82,0.87,0.0,0.0,8832.75,6507.99,1.0
p[1905],0.82,0.01,0.8,0.85,0.0,0.0,8448.9,6553.23,1.0
p[1906],0.83,0.01,0.81,0.85,0.0,0.0,8869.42,6354.04,1.0
p[1907],0.9,0.01,0.88,0.92,0.0,0.0,10313.9,7096.23,1.0
p[1908],0.89,0.01,0.86,0.91,0.0,0.0,9241.9,6402.86,1.0
p[1909],0.82,0.02,0.79,0.85,0.0,0.0,8866.21,6510.37,1.0
p[1910],0.83,0.01,0.81,0.85,0.0,0.0,8870.33,6435.49,1.0
p[1911],0.87,0.01,0.85,0.9,0.0,0.0,9623.38,6665.0,1.0
p[1912],0.91,0.01,0.9,0.92,0.0,0.0,8494.25,6753.31,1.0
p[1913],0.83,0.01,0.82,0.85,0.0,0.0,8873.29,6436.06,1.0
p[1914],0.85,0.01,0.82,0.87,0.0,0.0,8816.65,6536.95,1.0
p[1915],0.91,0.01,0.9,0.92,0.0,0.0,8494.52,6724.26,1.0
p[1916],0.91,0.01,0.9,0.92,0.0,0.0,8494.52,6724.26,1.0
p[1917],0.67,0.02,0.63,0.7,0.0,0.0,9208.5,7119.89,1.0
p[1918],0.78,0.02,0.75,0.81,0.0,0.0,9384.23,6562.78,1.0
p[1919],0.67,0.02,0.63,0.7,0.0,0.0,9207.31,7119.89,1.0
p[1920],0.83,0.01,0.8,0.85,0.0,0.0,8433.21,6436.89,1.0
p[1921],0.84,0.01,0.82,0.85,0.0,0.0,8874.12,6554.85,1.0
p[1922],0.91,0.01,0.9,0.92,0.0,0.0,8482.04,6753.69,1.0
p[1923],0.92,0.01,0.91,0.94,0.0,0.0,10077.83,6848.85,1.0
p[1924],0.91,0.01,0.9,0.93,0.0,0.0,8478.45,6753.25,1.0
p[1925],0.84,0.01,0.82,0.85,0.0,0.0,8874.95,6499.36,1.0
p[1926],0.85,0.01,0.83,0.87,0.0,0.0,8802.96,6622.84,1.0
p[1927],0.84,0.01,0.82,0.85,0.0,0.0,8874.89,6527.01,1.0
p[1928],0.92,0.01,0.91,0.94,0.0,0.0,10074.22,6819.29,1.0
p[1929],0.84,0.01,0.82,0.86,0.0,0.0,8875.17,6527.01,1.0
p[1930],0.89,0.01,0.87,0.91,0.0,0.0,9215.88,6428.47,1.0
p[1931],0.88,0.01,0.85,0.9,0.0,0.0,9591.26,6635.62,1.0
p[1932],0.84,0.01,0.82,0.86,0.0,0.0,8875.37,6498.74,1.0
p[1933],0.84,0.01,0.82,0.86,0.0,0.0,8876.15,6526.4,1.0
p[1934],0.78,0.02,0.75,0.81,0.0,0.0,9359.63,6799.88,1.0
p[1935],0.67,0.02,0.64,0.71,0.0,0.0,9179.48,7152.63,1.0
p[1936],0.84,0.01,0.82,0.86,0.0,0.0,8875.96,6525.88,1.0
p[1937],0.92,0.01,0.91,0.94,0.0,0.0,10061.67,6881.18,1.0
p[1938],0.79,0.02,0.76,0.81,0.0,0.0,9348.37,6738.96,1.0
p[1939],0.83,0.02,0.8,0.86,0.0,0.0,8806.99,6553.71,1.0
p[1940],0.85,0.01,0.83,0.88,0.0,0.0,8787.67,6708.42,1.0
p[1941],0.84,0.01,0.82,0.86,0.0,0.0,8876.41,6457.35,1.0
p[1942],0.9,0.01,0.88,0.93,0.0,0.0,10243.31,7062.3,1.0
p[1943],0.84,0.01,0.82,0.86,0.0,0.0,8876.35,6444.02,1.0
p[1944],0.84,0.01,0.82,0.86,0.0,0.0,8875.63,6457.71,1.0
p[1945],0.92,0.01,0.91,0.94,0.0,0.0,9939.31,7043.44,1.0
p[1946],0.92,0.01,0.9,0.93,0.0,0.0,8454.88,6666.14,1.0
p[1947],0.92,0.01,0.9,0.93,0.0,0.0,8450.93,6666.14,1.0
p[1948],0.92,0.01,0.9,0.93,0.0,0.0,8450.93,6666.14,1.0
p[1949],0.84,0.01,0.83,0.86,0.0,0.0,8876.0,6457.22,1.0
p[1950],0.92,0.01,0.9,0.93,0.0,0.0,8444.43,6724.4,1.0
p[1951],0.68,0.02,0.64,0.72,0.0,0.0,9141.35,7086.37,1.0
p[1952],0.84,0.01,0.83,0.86,0.0,0.0,8875.59,6457.6,1.0
p[1953],0.9,0.01,0.87,0.92,0.0,0.0,9192.73,6400.62,1.0
p[1954],0.84,0.01,0.83,0.86,0.0,0.0,8876.05,6456.49,1.0
p[1955],0.84,0.01,0.83,0.86,0.0,0.0,8875.84,6483.67,1.0
p[1956],0.88,0.01,0.86,0.91,0.0,0.0,9562.15,6679.83,1.0
p[1957],0.84,0.01,0.83,0.86,0.0,0.0,8875.69,6483.67,1.0
p[1958],0.92,0.01,0.91,0.93,0.0,0.0,8442.9,7004.99,1.0
p[1959],0.93,0.01,0.91,0.94,0.0,0.0,9884.13,7109.92,1.0
p[1960],0.91,0.01,0.89,0.93,0.0,0.0,10210.32,7029.94,1.0
p[1961],0.68,0.02,0.65,0.72,0.0,0.0,9116.31,7152.44,1.0
p[1962],0.92,0.01,0.91,0.93,0.0,0.0,8441.92,7004.19,1.0
p[1963],0.84,0.02,0.81,0.87,0.0,0.0,8757.97,6510.98,1.0
p[1964],0.85,0.01,0.83,0.86,0.0,0.0,8875.08,6510.79,1.0
p[1965],0.79,0.01,0.76,0.82,0.0,0.0,9313.03,7046.54,1.0
p[1966],0.92,0.01,0.91,0.93,0.0,0.0,8442.54,6984.41,1.0
p[1967],0.79,0.01,0.77,0.82,0.0,0.0,9303.24,7145.64,1.0
p[1968],0.86,0.01,0.84,0.88,0.0,0.0,8756.56,6531.88,1.0
p[1969],0.85,0.01,0.83,0.86,0.0,0.0,8874.63,6429.07,1.0
p[1970],0.85,0.01,0.83,0.87,0.0,0.0,8873.54,6401.64,1.0
p[1971],0.8,0.01,0.77,0.82,0.0,0.0,9295.56,7111.94,1.0
p[1972],0.69,0.02,0.66,0.73,0.0,0.0,9081.28,7250.25,1.0
p[1973],0.92,0.01,0.91,0.93,0.0,0.0,8431.58,6918.94,1.0
p[1974],0.92,0.01,0.91,0.93,0.0,0.0,8431.58,6918.94,1.0
p[1975],0.85,0.01,0.83,0.87,0.0,0.0,8874.18,6416.59,1.0
p[1976],0.92,0.01,0.91,0.93,0.0,0.0,8429.08,6824.58,1.0
p[1977],0.85,0.01,0.83,0.87,0.0,0.0,8873.53,6474.2,1.0
p[1978],0.89,0.01,0.87,0.91,0.0,0.0,9528.63,6591.28,1.0
p[1979],0.93,0.01,0.91,0.94,0.0,0.0,9823.74,7351.87,1.0
p[1980],0.85,0.01,0.83,0.87,0.0,0.0,8873.71,6399.91,1.0
p[1981],0.85,0.01,0.82,0.87,0.0,0.0,8389.34,6074.13,1.0
p[1982],0.7,0.02,0.66,0.73,0.0,0.0,9054.86,6887.14,1.0
p[1983],0.85,0.01,0.84,0.87,0.0,0.0,8872.11,6399.0,1.0
p[1984],0.85,0.01,0.84,0.87,0.0,0.0,8870.99,6363.72,1.0
p[1985],0.87,0.01,0.84,0.89,0.0,0.0,8731.9,6769.11,1.0
p[1986],0.85,0.01,0.84,0.87,0.0,0.0,8871.65,6336.83,1.0
p[1987],0.85,0.01,0.84,0.87,0.0,0.0,8871.48,6336.83,1.0
p[1988],0.93,0.01,0.92,0.95,0.0,0.0,9768.82,7406.05,1.0
p[1989],0.7,0.02,0.67,0.74,0.0,0.0,9029.5,7186.78,1.0
p[1990],0.92,0.01,0.91,0.93,0.0,0.0,8405.08,6939.05,1.0
p[1991],0.92,0.01,0.91,0.94,0.0,0.0,8401.01,6876.4,1.0
p[1992],0.86,0.01,0.84,0.87,0.0,0.0,8871.38,6221.04,1.0
p[1993],0.86,0.01,0.84,0.87,0.0,0.0,8871.62,6170.41,1.0
p[1994],0.89,0.01,0.87,0.91,0.0,0.0,9455.4,6539.28,1.0
p[1995],0.86,0.01,0.84,0.88,0.0,0.0,8872.57,6220.26,1.0
p[1996],0.86,0.01,0.84,0.88,0.0,0.0,8871.08,6272.16,1.0
p[1997],0.87,0.01,0.85,0.89,0.0,0.0,8706.68,6826.38,1.0
p[1998],0.86,0.01,0.84,0.88,0.0,0.0,8868.4,6283.45,1.0
p[1999],0.93,0.01,0.92,0.95,0.0,0.0,9695.7,7333.64,1.0
p[2000],0.9,0.01,0.88,0.92,0.0,0.0,8256.98,6492.12,1.0
p[2001],0.86,0.01,0.85,0.88,0.0,0.0,8864.84,6274.84,1.0
p[2002],0.86,0.01,0.85,0.88,0.0,0.0,8864.84,6274.84,1.0
p[2003],0.86,0.01,0.85,0.88,0.0,0.0,8865.34,6274.84,1.0
p[2004],0.81,0.01,0.79,0.84,0.0,0.0,9190.77,6683.32,1.0
p[2005],0.86,0.02,0.83,0.89,0.0,0.0,8337.89,6844.1,1.0
p[2006],0.7,0.02,0.66,0.75,0.0,0.0,9432.13,6945.02,1.0
p[2007],0.46,0.02,0.42,0.5,0.0,0.0,8364.77,7379.05,1.0
p[2008],0.83,0.02,0.8,0.87,0.0,0.0,10151.66,6522.79,1.0
p[2009],0.61,0.02,0.56,0.65,0.0,0.0,9222.03,7190.25,1.0
p[2010],0.8,0.02,0.76,0.84,0.0,0.0,10776.72,6906.91,1.0
p[2011],0.69,0.03,0.64,0.74,0.0,0.0,8815.24,6774.52,1.0
p[2012],0.62,0.02,0.57,0.65,0.0,0.0,9239.95,7151.39,1.0
p[2013],0.7,0.02,0.66,0.73,0.0,0.0,8624.71,7492.66,1.0
p[2014],0.85,0.02,0.82,0.88,0.0,0.0,10230.63,6539.95,1.0
p[2015],0.51,0.02,0.47,0.55,0.0,0.0,8548.16,7106.13,1.0
p[2016],0.84,0.01,0.82,0.86,0.0,0.0,8689.41,7518.38,1.0
p[2017],0.52,0.02,0.47,0.56,0.0,0.0,8572.73,7138.5,1.0
p[2018],0.85,0.01,0.83,0.87,0.0,0.0,8681.37,7517.22,1.0
p[2019],0.81,0.02,0.78,0.85,0.0,0.0,9717.4,6846.77,1.0
p[2020],0.73,0.01,0.7,0.76,0.0,0.0,8969.82,7413.93,1.0
p[2021],0.73,0.01,0.7,0.76,0.0,0.0,8970.3,7413.93,1.0
p[2022],0.79,0.02,0.75,0.83,0.0,0.0,9868.92,6625.87,1.0
p[2023],0.73,0.01,0.71,0.76,0.0,0.0,8979.11,7413.55,1.0
p[2024],0.52,0.02,0.48,0.56,0.0,0.0,8599.54,7206.22,1.0
p[2025],0.75,0.02,0.72,0.79,0.0,0.0,9462.71,6496.55,1.0
p[2026],0.66,0.02,0.62,0.7,0.0,0.0,9324.3,6952.51,1.0
p[2027],0.74,0.01,0.71,0.76,0.0,0.0,8983.62,7449.73,1.0
p[2028],0.74,0.01,0.71,0.76,0.0,0.0,8986.39,7449.46,1.0
p[2029],0.66,0.02,0.62,0.7,0.0,0.0,9330.97,6952.51,1.0
p[2030],0.87,0.01,0.84,0.89,0.0,0.0,10407.33,6663.38,1.0
p[2031],0.73,0.02,0.7,0.76,0.0,0.0,8685.58,7520.37,1.0
p[2032],0.8,0.02,0.77,0.83,0.0,0.0,8700.71,6636.42,1.0
p[2033],0.85,0.01,0.83,0.87,0.0,0.0,8665.55,7478.36,1.0
p[2034],0.53,0.02,0.49,0.57,0.0,0.0,8629.92,7085.61,1.0
p[2035],0.85,0.01,0.83,0.87,0.0,0.0,8663.2,7477.85,1.0
p[2036],0.74,0.01,0.72,0.77,0.0,0.0,8993.56,7378.45,1.0
p[2037],0.82,0.02,0.79,0.85,0.0,0.0,9722.47,6703.87,1.0
p[2038],0.8,0.02,0.76,0.83,0.0,0.0,9913.98,6658.3,1.0
p[2039],0.74,0.01,0.72,0.77,0.0,0.0,8995.01,7414.41,1.0
p[2040],0.84,0.02,0.81,0.87,0.0,0.0,10888.01,7062.24,1.0
p[2041],0.73,0.02,0.69,0.77,0.0,0.0,9325.38,6411.76,1.0
p[2042],0.85,0.01,0.84,0.87,0.0,0.0,8658.37,7476.74,1.0
p[2043],0.74,0.01,0.72,0.77,0.0,0.0,8998.14,7414.89,1.0
p[2044],0.53,0.02,0.49,0.57,0.0,0.0,8657.22,6922.32,1.0
p[2045],0.75,0.01,0.72,0.77,0.0,0.0,9002.6,7378.62,1.0
p[2046],0.76,0.02,0.73,0.8,0.0,0.0,9466.76,6590.68,1.0
p[2047],0.67,0.02,0.63,0.71,0.0,0.0,9341.05,6976.13,1.0
p[2048],0.87,0.01,0.85,0.9,0.0,0.0,10437.0,6723.45,1.0
p[2049],0.75,0.01,0.72,0.77,0.0,0.0,9007.88,7414.57,1.0
p[2050],0.74,0.02,0.71,0.77,0.0,0.0,8705.3,7372.66,1.0
p[2051],0.75,0.01,0.72,0.77,0.0,0.0,9007.77,7414.57,1.0
p[2052],0.75,0.01,0.72,0.77,0.0,0.0,9009.32,7415.09,1.0
p[2053],0.75,0.01,0.72,0.77,0.0,0.0,9009.85,7377.9,1.0
p[2054],0.54,0.02,0.5,0.58,0.0,0.0,8722.01,6984.65,1.0
p[2055],0.86,0.01,0.84,0.88,0.0,0.0,8648.85,7297.82,1.0
p[2056],0.87,0.01,0.85,0.9,0.0,0.0,10439.13,6788.95,1.0
p[2057],0.86,0.01,0.84,0.88,0.0,0.0,8647.61,7213.27,1.0
p[2058],0.86,0.01,0.84,0.88,0.0,0.0,8647.57,7319.17,1.0
p[2059],0.83,0.02,0.79,0.86,0.0,0.0,9724.12,6988.33,1.0
p[2060],0.86,0.01,0.84,0.88,0.0,0.0,8647.34,7216.37,1.0
p[2061],0.77,0.02,0.74,0.8,0.0,0.0,9469.08,6518.96,1.0
p[2062],0.75,0.01,0.73,0.77,0.0,0.0,9014.2,7376.75,1.0
p[2063],0.68,0.02,0.64,0.71,0.0,0.0,9350.29,7093.03,1.0
p[2064],0.81,0.02,0.77,0.84,0.0,0.0,9937.39,6558.18,1.0
p[2065],0.75,0.01,0.73,0.77,0.0,0.0,9014.84,7341.64,1.0
p[2066],0.86,0.01,0.84,0.88,0.0,0.0,8645.75,7216.25,1.0
p[2067],0.74,0.02,0.71,0.77,0.0,0.0,8713.89,7353.41,1.0
p[2068],0.75,0.01,0.73,0.78,0.0,0.0,9017.96,7306.27,1.0
p[2069],0.85,0.02,0.82,0.88,0.0,0.0,10896.35,7093.95,1.0
p[2070],0.85,0.02,0.82,0.88,0.0,0.0,10896.35,7093.95,1.0
p[2071],0.74,0.02,0.7,0.78,0.0,0.0,9334.01,6727.78,1.0
p[2072],0.55,0.02,0.51,0.59,0.0,0.0,8742.05,6891.25,1.0
p[2073],0.75,0.01,0.73,0.78,0.0,0.0,9023.24,7237.47,1.0
p[2074],0.75,0.01,0.73,0.78,0.0,0.0,9023.18,7237.47,1.0
p[2075],0.68,0.02,0.65,0.72,0.0,0.0,9362.09,7175.38,1.0
p[2076],0.75,0.01,0.73,0.78,0.0,0.0,9024.57,7203.07,1.0
p[2077],0.77,0.02,0.74,0.81,0.0,0.0,9467.52,6446.9,1.0
p[2078],0.75,0.02,0.72,0.78,0.0,0.0,8724.11,7219.99,1.0
p[2079],0.82,0.02,0.79,0.85,0.0,0.0,8675.71,6578.57,1.0
p[2080],0.88,0.01,0.85,0.9,0.0,0.0,10473.33,6850.63,1.0
p[2081],0.76,0.01,0.73,0.78,0.0,0.0,9029.91,7134.81,1.0
p[2082],0.68,0.02,0.65,0.72,0.0,0.0,9367.06,7141.46,1.0
p[2083],0.86,0.01,0.85,0.88,0.0,0.0,8632.44,7488.25,1.0
p[2084],0.78,0.02,0.75,0.81,0.0,0.0,9465.92,6409.54,1.0
p[2085],0.76,0.01,0.74,0.78,0.0,0.0,9036.65,7133.98,1.0
p[2086],0.81,0.02,0.78,0.85,0.0,0.0,9938.96,6502.49,1.0
p[2087],0.75,0.02,0.72,0.78,0.0,0.0,8727.72,7186.45,1.0
p[2088],0.76,0.01,0.74,0.78,0.0,0.0,9037.86,7133.98,1.0
p[2089],0.76,0.01,0.74,0.78,0.0,0.0,9038.41,7133.98,1.0
p[2090],0.84,0.02,0.8,0.87,0.0,0.0,9713.28,6809.06,1.0
p[2091],0.76,0.01,0.74,0.78,0.0,0.0,9041.85,7167.61,1.0
p[2092],0.87,0.01,0.85,0.88,0.0,0.0,8623.71,7396.5,1.0
p[2093],0.76,0.01,0.74,0.79,0.0,0.0,9043.35,7167.61,1.0
p[2094],0.56,0.02,0.52,0.6,0.0,0.0,8762.77,6936.34,1.0
p[2095],0.76,0.01,0.74,0.79,0.0,0.0,9044.79,7201.56,1.0
p[2096],0.87,0.01,0.85,0.88,0.0,0.0,8622.43,7396.5,1.0
p[2097],0.85,0.02,0.82,0.88,0.0,0.0,10907.45,7066.97,1.0
p[2098],0.76,0.01,0.74,0.79,0.0,0.0,9045.38,7201.33,1.0
p[2099],0.75,0.02,0.71,0.79,0.0,0.0,9339.81,6697.22,1.0
p[2100],0.78,0.02,0.75,0.81,0.0,0.0,9467.96,6292.78,1.0
p[2101],0.87,0.01,0.85,0.89,0.0,0.0,8620.01,7396.61,1.0
p[2102],0.76,0.01,0.74,0.79,0.0,0.0,9046.92,7133.87,1.0
p[2103],0.87,0.01,0.85,0.89,0.0,0.0,8617.82,7396.95,1.0
p[2104],0.76,0.02,0.73,0.79,0.0,0.0,8738.25,7121.14,1.0
p[2105],0.77,0.01,0.74,0.79,0.0,0.0,9048.14,7067.9,1.0
p[2106],0.69,0.02,0.66,0.73,0.0,0.0,9369.02,7172.5,1.0
p[2107],0.77,0.01,0.74,0.79,0.0,0.0,9049.6,7067.54,1.0
p[2108],0.88,0.01,0.86,0.91,0.0,0.0,10489.63,6925.21,1.0
p[2109],0.77,0.01,0.74,0.79,0.0,0.0,9050.59,7067.11,1.0
p[2110],0.88,0.01,0.86,0.91,0.0,0.0,10490.6,6925.21,1.0
p[2111],0.76,0.02,0.73,0.79,0.0,0.0,8741.71,7148.19,1.0
p[2112],0.82,0.01,0.8,0.85,0.0,0.0,9227.99,7129.96,1.0
p[2113],0.87,0.01,0.85,0.89,0.0,0.0,8610.95,7433.5,1.0
p[2114],0.7,0.02,0.66,0.73,0.0,0.0,9368.29,7335.73,1.0
p[2115],0.87,0.01,0.86,0.89,0.0,0.0,8609.96,7433.5,1.0
p[2116],0.79,0.02,0.76,0.82,0.0,0.0,9466.62,6225.47,1.0
p[2117],0.84,0.02,0.81,0.87,0.0,0.0,9706.6,6903.15,1.0
p[2118],0.87,0.01,0.86,0.89,0.0,0.0,8609.18,7433.5,1.0
p[2119],0.82,0.02,0.79,0.85,0.0,0.0,9950.9,6461.26,1.0
p[2120],0.77,0.01,0.75,0.79,0.0,0.0,9056.88,6970.45,1.0
p[2121],0.76,0.02,0.73,0.79,0.0,0.0,8743.93,7116.24,1.0
p[2122],0.86,0.02,0.83,0.89,0.0,0.0,10914.17,6872.37,1.0
p[2123],0.86,0.02,0.83,0.89,0.0,0.0,10914.17,6872.37,1.0
p[2124],0.77,0.01,0.75,0.79,0.0,0.0,9059.23,6971.17,1.0
p[2125],0.87,0.01,0.86,0.89,0.0,0.0,8606.24,7470.16,1.0
p[2126],0.76,0.02,0.72,0.8,0.0,0.0,9358.77,6910.91,1.0
p[2127],0.77,0.01,0.75,0.79,0.0,0.0,9061.12,7003.25,1.0
p[2128],0.77,0.01,0.75,0.79,0.0,0.0,9061.12,7003.25,1.0
p[2129],0.57,0.02,0.53,0.61,0.0,0.0,8778.83,6995.9,1.0
p[2130],0.77,0.01,0.75,0.79,0.0,0.0,9062.03,7003.01,1.0
p[2131],0.89,0.01,0.86,0.91,0.0,0.0,10521.6,7019.7,1.0
p[2132],0.77,0.01,0.75,0.8,0.0,0.0,9064.42,6971.09,1.0
p[2133],0.77,0.02,0.74,0.8,0.0,0.0,8752.99,7148.96,1.0
p[2134],0.77,0.01,0.75,0.8,0.0,0.0,9066.91,7002.87,1.0
p[2135],0.89,0.01,0.87,0.91,0.0,0.0,10531.12,7050.93,1.0
p[2136],0.77,0.02,0.74,0.8,0.0,0.0,8754.55,7182.34,1.0
p[2137],0.86,0.01,0.83,0.89,0.0,0.0,10914.73,6908.81,1.0
p[2138],0.58,0.02,0.54,0.62,0.0,0.0,8794.89,7091.6,1.0
p[2139],0.88,0.01,0.86,0.89,0.0,0.0,8595.12,7451.03,1.0
p[2140],0.88,0.01,0.86,0.89,0.0,0.0,8594.68,7451.03,1.0
p[2141],0.71,0.02,0.68,0.74,0.0,0.0,9367.16,7225.95,1.0
p[2142],0.78,0.01,0.76,0.8,0.0,0.0,9075.74,7003.25,1.0
p[2143],0.78,0.01,0.76,0.8,0.0,0.0,9075.95,7003.25,1.0
p[2144],0.83,0.02,0.8,0.86,0.0,0.0,9945.65,6366.85,1.0
p[2145],0.77,0.02,0.74,0.8,0.0,0.0,8758.76,7088.22,1.0
p[2146],0.85,0.02,0.82,0.88,0.0,0.0,9705.89,6997.89,1.0
p[2147],0.78,0.01,0.76,0.8,0.0,0.0,9081.0,7003.09,1.0
p[2148],0.88,0.01,0.86,0.89,0.0,0.0,8588.93,7412.07,1.0
p[2149],0.88,0.01,0.86,0.89,0.0,0.0,8588.53,7412.07,1.0
p[2150],0.77,0.02,0.73,0.8,0.0,0.0,9362.57,6727.38,1.0
p[2151],0.86,0.01,0.84,0.89,0.0,0.0,10909.48,6940.26,1.0
p[2152],0.88,0.01,0.86,0.89,0.0,0.0,8586.46,7376.2,1.0
p[2153],0.8,0.02,0.77,0.83,0.0,0.0,9460.55,5897.48,1.0
p[2154],0.78,0.01,0.76,0.8,0.0,0.0,9086.35,7003.06,1.0
p[2155],0.78,0.01,0.76,0.8,0.0,0.0,9086.35,7003.06,1.0
p[2156],0.58,0.02,0.55,0.62,0.0,0.0,8814.83,6963.25,1.0
p[2157],0.8,0.02,0.77,0.83,0.0,0.0,9459.13,5950.03,1.0
p[2158],0.71,0.02,0.68,0.75,0.0,0.0,9372.78,7191.85,1.0
p[2159],0.78,0.01,0.76,0.8,0.0,0.0,9091.81,7002.53,1.0
p[2160],0.78,0.01,0.76,0.8,0.0,0.0,9091.88,7002.39,1.0
p[2161],0.78,0.01,0.76,0.8,0.0,0.0,9092.8,7002.39,1.0
p[2162],0.89,0.01,0.87,0.91,0.0,0.0,10604.22,7008.04,1.0
p[2163],0.78,0.02,0.75,0.8,0.0,0.0,8766.68,6989.8,1.0
p[2164],0.78,0.01,0.76,0.8,0.0,0.0,9096.53,6937.96,1.0
p[2165],0.78,0.01,0.76,0.8,0.0,0.0,9096.53,6937.96,1.0
p[2166],0.78,0.01,0.76,0.8,0.0,0.0,9097.02,6937.96,1.0
p[2167],0.78,0.01,0.75,0.81,0.0,0.0,8769.05,7021.32,1.0
p[2168],0.89,0.01,0.87,0.91,0.0,0.0,10634.55,7040.72,1.0
p[2169],0.59,0.02,0.55,0.63,0.0,0.0,8841.98,6986.82,1.0
p[2170],0.72,0.02,0.69,0.75,0.0,0.0,9371.75,7124.08,1.0
p[2171],0.88,0.01,0.87,0.9,0.0,0.0,8574.07,7341.35,1.0
p[2172],0.8,0.02,0.77,0.83,0.0,0.0,9453.99,5814.18,1.0
p[2173],0.85,0.01,0.83,0.88,0.0,0.0,9700.53,6964.64,1.0
p[2174],0.79,0.01,0.77,0.81,0.0,0.0,9102.95,6938.01,1.0
p[2175],0.88,0.01,0.87,0.9,0.0,0.0,8572.27,7340.94,1.0
p[2176],0.84,0.01,0.82,0.86,0.0,0.0,9196.73,7150.27,1.0
p[2177],0.84,0.02,0.81,0.87,0.0,0.0,9934.47,6340.39,1.0
p[2178],0.79,0.01,0.77,0.81,0.0,0.0,9103.97,6906.26,1.0
p[2179],0.89,0.01,0.87,0.92,0.0,0.0,10666.98,7040.45,1.0
p[2180],0.78,0.01,0.75,0.81,0.0,0.0,8773.69,7087.3,1.0
p[2181],0.79,0.01,0.77,0.81,0.0,0.0,9108.02,6937.93,1.0
p[2182],0.87,0.01,0.84,0.9,0.0,0.0,10894.86,6878.47,1.0
p[2183],0.87,0.01,0.84,0.9,0.0,0.0,10894.86,6878.47,1.0
p[2184],0.78,0.02,0.74,0.81,0.0,0.0,9389.77,6639.41,1.0
p[2185],0.6,0.02,0.56,0.64,0.0,0.0,8846.16,7016.02,1.0
p[2186],0.88,0.01,0.87,0.9,0.0,0.0,8567.15,7201.09,1.0
p[2187],0.79,0.01,0.77,0.81,0.0,0.0,9112.35,6875.39,1.0
p[2188],0.88,0.01,0.87,0.9,0.0,0.0,8565.78,7201.52,1.0
p[2189],0.9,0.01,0.88,0.92,0.0,0.0,10546.9,7007.91,1.0
p[2190],0.72,0.02,0.69,0.76,0.0,0.0,9375.52,7123.12,1.0
p[2191],0.81,0.01,0.78,0.83,0.0,0.0,9454.41,5897.94,1.0
p[2192],0.79,0.01,0.77,0.81,0.0,0.0,9117.14,6907.87,1.0
p[2193],0.79,0.01,0.76,0.81,0.0,0.0,8780.92,7054.88,1.0
p[2194],0.79,0.01,0.77,0.81,0.0,0.0,9118.92,6971.64,1.0
p[2195],0.79,0.01,0.77,0.81,0.0,0.0,9120.12,6971.83,1.0
p[2196],0.89,0.01,0.87,0.9,0.0,0.0,8562.1,7306.23,1.0
p[2197],0.79,0.01,0.77,0.81,0.0,0.0,9120.5,6971.83,1.0
p[2198],0.79,0.01,0.76,0.81,0.0,0.0,8782.29,7023.01,1.0
p[2199],0.87,0.01,0.85,0.9,0.0,0.0,10887.37,6821.76,1.0
p[2200],0.89,0.01,0.87,0.9,0.0,0.0,8560.1,7378.17,1.0
p[2201],0.6,0.02,0.57,0.64,0.0,0.0,8857.83,6887.0,1.0
p[2202],0.89,0.01,0.87,0.9,0.0,0.0,8559.1,7378.17,1.0
p[2203],0.9,0.01,0.88,0.92,0.0,0.0,10554.9,6886.3,1.0
p[2204],0.73,0.02,0.7,0.76,0.0,0.0,9378.81,7089.99,1.0
p[2205],0.81,0.01,0.78,0.84,0.0,0.0,9451.0,5965.36,1.0
p[2206],0.86,0.01,0.83,0.89,0.0,0.0,9687.09,6840.7,1.0
p[2207],0.79,0.01,0.77,0.81,0.0,0.0,9127.27,6939.82,1.0
p[2208],0.79,0.01,0.77,0.81,0.0,0.0,9127.27,6939.82,1.0
p[2209],0.84,0.02,0.81,0.87,0.0,0.0,9921.56,6366.82,1.0
p[2210],0.79,0.01,0.76,0.82,0.0,0.0,8781.84,7056.45,1.0
p[2211],0.8,0.01,0.78,0.82,0.0,0.0,9129.12,6940.08,1.0
p[2212],0.79,0.02,0.75,0.82,0.0,0.0,9357.58,6809.71,1.0
p[2213],0.8,0.01,0.78,0.82,0.0,0.0,9130.7,6971.78,1.0
p[2214],0.61,0.02,0.57,0.65,0.0,0.0,8944.58,7009.78,1.0
p[2215],0.8,0.01,0.78,0.82,0.0,0.0,9131.13,7004.24,1.0
p[2216],0.73,0.02,0.7,0.77,0.0,0.0,9383.09,6992.84,1.0
p[2217],0.81,0.01,0.79,0.84,0.0,0.0,9449.32,5837.9,1.0
p[2218],0.88,0.01,0.85,0.9,0.0,0.0,10877.86,6977.78,1.0
p[2219],0.8,0.01,0.78,0.82,0.0,0.0,9133.23,6909.62,1.0
p[2220],0.8,0.01,0.78,0.82,0.0,0.0,9133.85,6909.49,1.0
p[2221],0.8,0.01,0.78,0.82,0.0,0.0,9134.48,6909.49,1.0
p[2222],0.79,0.01,0.77,0.82,0.0,0.0,8787.55,7017.03,1.0
p[2223],0.8,0.01,0.78,0.82,0.0,0.0,9136.14,6941.9,1.0
p[2224],0.8,0.01,0.78,0.82,0.0,0.0,9136.51,6941.9,1.0
p[2225],0.9,0.01,0.88,0.92,0.0,0.0,10564.41,6897.27,1.0
p[2226],0.89,0.01,0.88,0.91,0.0,0.0,8544.43,7414.06,1.0
p[2227],0.79,0.01,0.77,0.82,0.0,0.0,8788.67,7017.03,1.0
p[2228],0.62,0.02,0.58,0.65,0.0,0.0,9050.91,7173.31,1.0
p[2229],0.89,0.01,0.88,0.91,0.0,0.0,8543.19,7414.06,1.0
p[2230],0.74,0.02,0.71,0.77,0.0,0.0,9379.21,6997.87,1.0
p[2231],0.9,0.01,0.88,0.92,0.0,0.0,10566.85,6897.13,1.0
p[2232],0.89,0.01,0.88,0.91,0.0,0.0,8542.21,7413.78,1.0
p[2233],0.82,0.01,0.79,0.84,0.0,0.0,9441.01,5918.31,1.0
p[2234],0.85,0.01,0.83,0.88,0.0,0.0,9155.74,6799.0,1.0
p[2235],0.8,0.01,0.78,0.82,0.0,0.0,9141.0,6971.73,1.0
p[2236],0.8,0.01,0.78,0.82,0.0,0.0,9141.64,6971.73,1.0
p[2237],0.85,0.01,0.82,0.88,0.0,0.0,9900.59,6433.86,1.0
p[2238],0.8,0.01,0.78,0.82,0.0,0.0,9141.64,6971.73,1.0
p[2239],0.8,0.01,0.77,0.82,0.0,0.0,8795.25,7016.16,1.0
p[2240],0.87,0.01,0.84,0.89,0.0,0.0,9674.49,6780.34,1.0
p[2241],0.89,0.01,0.88,0.91,0.0,0.0,8539.44,7413.47,1.0
p[2242],0.89,0.01,0.88,0.91,0.0,0.0,8538.82,7413.47,1.0
p[2243],0.8,0.01,0.79,0.82,0.0,0.0,9143.86,6940.78,1.0
p[2244],0.8,0.02,0.76,0.83,0.0,0.0,9370.66,6777.58,1.0
p[2245],0.81,0.01,0.79,0.83,0.0,0.0,9144.77,7004.53,1.0
p[2246],0.62,0.02,0.59,0.66,0.0,0.0,9151.22,7139.55,1.0
p[2247],0.81,0.01,0.79,0.83,0.0,0.0,9145.0,7036.9,1.0
p[2248],0.91,0.01,0.89,0.92,0.0,0.0,10567.19,6837.93,1.0
p[2249],0.74,0.02,0.71,0.78,0.0,0.0,9385.48,7096.83,1.0
p[2250],0.82,0.01,0.8,0.85,0.0,0.0,9436.47,6122.22,1.0
p[2251],0.8,0.01,0.78,0.83,0.0,0.0,8796.75,6892.14,1.0
p[2252],0.81,0.01,0.79,0.83,0.0,0.0,9146.47,7003.82,1.0
p[2253],0.91,0.01,0.89,0.93,0.0,0.0,10569.21,6899.76,1.0
p[2254],0.8,0.01,0.78,0.83,0.0,0.0,8799.71,6923.84,1.0
p[2255],0.81,0.01,0.79,0.83,0.0,0.0,9148.94,7003.53,1.0
p[2256],0.63,0.02,0.59,0.66,0.0,0.0,9239.91,7074.14,1.0
p[2257],0.9,0.01,0.88,0.91,0.0,0.0,8528.25,7379.29,1.0
p[2258],0.81,0.01,0.79,0.83,0.0,0.0,9150.67,7000.93,1.0
p[2259],0.75,0.02,0.72,0.78,0.0,0.0,9389.53,7196.49,1.0
p[2260],0.83,0.01,0.8,0.85,0.0,0.0,9427.02,6197.07,1.0
p[2261],0.81,0.01,0.79,0.83,0.0,0.0,9150.64,7033.31,1.0
p[2262],0.87,0.01,0.85,0.9,0.0,0.0,9653.0,6811.43,1.0
p[2263],0.81,0.01,0.79,0.83,0.0,0.0,9149.88,7033.1,1.0
p[2264],0.86,0.01,0.83,0.88,0.0,0.0,9877.23,6475.8,1.0
p[2265],0.81,0.01,0.78,0.83,0.0,0.0,8800.18,6955.61,1.0
p[2266],0.8,0.02,0.77,0.84,0.0,0.0,9375.05,6674.08,1.0
p[2267],0.81,0.01,0.8,0.83,0.0,0.0,9151.71,7131.36,1.0
p[2268],0.63,0.02,0.6,0.67,0.0,0.0,9251.04,6943.52,1.0
p[2269],0.81,0.01,0.8,0.83,0.0,0.0,9153.93,7164.08,1.0
p[2270],0.89,0.01,0.86,0.91,0.0,0.0,10851.83,7124.04,1.0
p[2271],0.83,0.01,0.8,0.85,0.0,0.0,9416.9,6415.69,1.0
p[2272],0.75,0.02,0.73,0.78,0.0,0.0,9387.77,7122.18,1.0
p[2273],0.82,0.01,0.8,0.83,0.0,0.0,9155.81,7163.8,1.0
p[2274],0.81,0.01,0.78,0.83,0.0,0.0,8806.29,6988.16,1.0
p[2275],0.82,0.01,0.8,0.83,0.0,0.0,9156.23,7163.95,1.0
p[2276],0.82,0.01,0.8,0.83,0.0,0.0,9156.47,7163.53,1.0
p[2277],0.82,0.01,0.8,0.83,0.0,0.0,9157.11,7163.53,1.0
p[2278],0.91,0.01,0.89,0.93,0.0,0.0,10567.25,6837.79,1.0
p[2279],0.9,0.01,0.89,0.91,0.0,0.0,8515.94,7525.38,1.0
p[2280],0.82,0.01,0.8,0.84,0.0,0.0,9155.97,7163.99,1.0
p[2281],0.81,0.01,0.79,0.84,0.0,0.0,8807.64,6956.52,1.0
p[2282],0.82,0.01,0.8,0.84,0.0,0.0,9156.69,7163.95,1.0
p[2283],0.91,0.01,0.89,0.93,0.0,0.0,10564.99,6806.81,1.0
p[2284],0.9,0.01,0.89,0.91,0.0,0.0,8512.1,7525.66,1.0
p[2285],0.9,0.01,0.89,0.91,0.0,0.0,8511.41,7563.1,1.0
p[2286],0.82,0.01,0.8,0.84,0.0,0.0,9160.61,7231.89,1.0
p[2287],0.83,0.01,0.81,0.86,0.0,0.0,9406.38,6610.86,1.0
p[2288],0.88,0.01,0.85,0.9,0.0,0.0,9634.27,6662.15,1.0
p[2289],0.82,0.01,0.8,0.84,0.0,0.0,9160.96,7231.89,1.0
p[2290],0.81,0.01,0.79,0.84,0.0,0.0,8810.14,6924.61,1.0
p[2291],0.86,0.01,0.84,0.89,0.0,0.0,9856.72,6420.99,1.0
p[2292],0.82,0.01,0.8,0.84,0.0,0.0,9163.35,7096.1,1.0
p[2293],0.76,0.02,0.73,0.79,0.0,0.0,9385.09,7157.37,1.0
p[2294],0.81,0.02,0.78,0.84,0.0,0.0,9389.04,6887.16,1.0
p[2295],0.87,0.01,0.84,0.89,0.0,0.0,9117.18,7013.97,1.0
p[2296],0.82,0.01,0.8,0.84,0.0,0.0,9165.56,7130.86,1.0
p[2297],0.64,0.02,0.61,0.68,0.0,0.0,9268.61,6888.33,1.0
p[2298],0.82,0.01,0.8,0.84,0.0,0.0,9166.46,7164.78,1.0
p[2299],0.91,0.01,0.9,0.93,0.0,0.0,10566.86,6601.67,1.0
p[2300],0.84,0.01,0.81,0.86,0.0,0.0,9396.17,6667.15,1.0
p[2301],0.76,0.02,0.74,0.79,0.0,0.0,9384.98,7229.14,1.0
p[2302],0.9,0.01,0.89,0.92,0.0,0.0,8504.05,7414.22,1.0
p[2303],0.82,0.01,0.79,0.84,0.0,0.0,8806.04,7052.52,1.0
p[2304],0.82,0.01,0.81,0.84,0.0,0.0,9166.78,7131.64,1.0
p[2305],0.9,0.01,0.89,0.92,0.0,0.0,8503.33,7414.22,1.0
p[2306],0.82,0.01,0.81,0.84,0.0,0.0,9168.69,7164.77,1.0
p[2307],0.82,0.01,0.79,0.84,0.0,0.0,8808.58,6987.88,1.0
p[2308],0.82,0.01,0.81,0.84,0.0,0.0,9168.58,7164.68,1.0
p[2309],0.89,0.01,0.87,0.92,0.0,0.0,10818.45,7090.79,1.0
p[2310],0.65,0.02,0.62,0.69,0.0,0.0,9273.18,6889.21,1.0
p[2311],0.91,0.01,0.89,0.92,0.0,0.0,8502.96,7523.66,1.0
p[2312],0.92,0.01,0.9,0.93,0.0,0.0,10566.96,6651.35,1.0
p[2313],0.83,0.01,0.81,0.84,0.0,0.0,9171.36,7131.07,1.0
p[2314],0.88,0.01,0.86,0.91,0.0,0.0,9626.5,6749.96,1.0
p[2315],0.83,0.01,0.81,0.84,0.0,0.0,9171.48,7131.27,1.0
p[2316],0.83,0.01,0.81,0.84,0.0,0.0,9171.48,7131.27,1.0
p[2317],0.84,0.01,0.82,0.87,0.0,0.0,9386.08,6755.02,1.0
p[2318],0.82,0.01,0.8,0.84,0.0,0.0,8812.07,7052.17,1.0
p[2319],0.87,0.01,0.84,0.89,0.0,0.0,9823.34,6394.27,1.0
p[2320],0.83,0.01,0.81,0.85,0.0,0.0,9171.34,7164.84,1.0
p[2321],0.82,0.02,0.79,0.85,0.0,0.0,9388.15,7011.18,1.0
p[2322],0.91,0.01,0.9,0.92,0.0,0.0,8495.38,7519.74,1.0
p[2323],0.83,0.01,0.81,0.85,0.0,0.0,9172.55,7097.33,1.0
p[2324],0.83,0.01,0.81,0.85,0.0,0.0,9172.55,7097.33,1.0
p[2325],0.9,0.01,0.87,0.92,0.0,0.0,10803.44,7123.87,1.0
p[2326],0.66,0.02,0.62,0.69,0.0,0.0,9284.39,7047.91,1.0
p[2327],0.91,0.01,0.9,0.92,0.0,0.0,8494.39,7519.74,1.0
p[2328],0.83,0.01,0.81,0.85,0.0,0.0,9172.37,7197.75,1.0
p[2329],0.77,0.02,0.74,0.8,0.0,0.0,9398.13,7023.69,1.0
p[2330],0.92,0.01,0.9,0.93,0.0,0.0,10567.49,6638.2,1.0
p[2331],0.84,0.01,0.82,0.87,0.0,0.0,9375.92,6785.12,1.0
p[2332],0.83,0.01,0.81,0.85,0.0,0.0,9172.85,7196.74,1.0
p[2333],0.82,0.01,0.8,0.85,0.0,0.0,8811.68,7019.17,1.0
p[2334],0.83,0.01,0.81,0.85,0.0,0.0,9173.54,7196.74,1.0
p[2335],0.83,0.01,0.81,0.85,0.0,0.0,9173.54,7196.74,1.0
p[2336],0.83,0.01,0.81,0.85,0.0,0.0,9173.19,7162.76,1.0
p[2337],0.83,0.01,0.8,0.85,0.0,0.0,8813.48,7018.72,1.0
p[2338],0.88,0.01,0.86,0.9,0.0,0.0,9088.83,7024.59,1.0
p[2339],0.92,0.01,0.9,0.94,0.0,0.0,10561.84,6638.65,1.0
p[2340],0.66,0.02,0.63,0.7,0.0,0.0,9292.98,7115.31,1.0
p[2341],0.91,0.01,0.9,0.92,0.0,0.0,8490.67,7520.21,1.0
p[2342],0.78,0.01,0.75,0.8,0.0,0.0,9388.28,7118.77,1.0
p[2343],0.91,0.01,0.9,0.92,0.0,0.0,8489.24,7446.32,1.0
p[2344],0.85,0.01,0.82,0.87,0.0,0.0,9368.29,7102.83,1.0
p[2345],0.91,0.01,0.9,0.92,0.0,0.0,8489.12,7483.97,1.0
p[2346],0.89,0.01,0.87,0.91,0.0,0.0,9601.92,6810.36,1.0
p[2347],0.83,0.01,0.82,0.85,0.0,0.0,9175.36,7161.95,1.0
p[2348],0.83,0.01,0.8,0.85,0.0,0.0,8806.54,7151.93,1.0
p[2349],0.83,0.01,0.82,0.85,0.0,0.0,9175.59,7161.95,1.0
p[2350],0.87,0.01,0.85,0.9,0.0,0.0,9799.0,6275.45,1.0
p[2351],0.78,0.01,0.75,0.81,0.0,0.0,9387.16,7156.46,1.0
p[2352],0.91,0.01,0.9,0.92,0.0,0.0,8486.6,7375.44,1.0
p[2353],0.83,0.01,0.82,0.85,0.0,0.0,9177.64,7264.18,1.0
p[2354],0.67,0.02,0.63,0.7,0.0,0.0,9295.49,7114.07,1.0
p[2355],0.84,0.01,0.82,0.85,0.0,0.0,9178.67,7264.18,1.0
p[2356],0.92,0.01,0.9,0.94,0.0,0.0,10560.26,6616.6,1.0
p[2357],0.83,0.02,0.8,0.86,0.0,0.0,9378.61,7026.18,1.0
p[2358],0.85,0.01,0.83,0.87,0.0,0.0,9356.79,7120.32,1.0
p[2359],0.78,0.01,0.75,0.81,0.0,0.0,9375.12,7006.11,1.0
p[2360],0.84,0.01,0.82,0.85,0.0,0.0,9180.09,7264.47,1.0
p[2361],0.92,0.01,0.9,0.94,0.0,0.0,10559.9,6616.6,1.0
p[2362],0.83,0.01,0.81,0.86,0.0,0.0,8808.47,7084.24,1.0
p[2363],0.84,0.01,0.82,0.85,0.0,0.0,9180.44,7230.62,1.0
p[2364],0.84,0.01,0.82,0.85,0.0,0.0,9180.24,7230.26,1.0
p[2365],0.83,0.01,0.81,0.86,0.0,0.0,8809.16,7051.88,1.0
p[2366],0.78,0.01,0.76,0.81,0.0,0.0,9374.93,7110.63,1.0
p[2367],0.67,0.02,0.64,0.71,0.0,0.0,9303.65,7048.69,1.0
p[2368],0.88,0.01,0.86,0.9,0.0,0.0,9068.03,6918.34,1.0
p[2369],0.88,0.01,0.86,0.9,0.0,0.0,9068.03,6918.34,1.0
p[2370],0.84,0.01,0.82,0.86,0.0,0.0,9182.84,7302.4,1.0
p[2371],0.84,0.01,0.82,0.86,0.0,0.0,9182.84,7302.4,1.0
p[2372],0.88,0.01,0.86,0.9,0.0,0.0,9066.1,6887.54,1.0
p[2373],0.91,0.01,0.9,0.93,0.0,0.0,8474.4,7559.83,1.0
p[2374],0.84,0.01,0.81,0.86,0.0,0.0,8805.38,7052.91,1.0
p[2375],0.85,0.01,0.83,0.88,0.0,0.0,9344.48,7066.1,1.0
p[2376],0.84,0.01,0.82,0.86,0.0,0.0,9182.34,7278.06,1.0
p[2377],0.92,0.01,0.9,0.93,0.0,0.0,8473.51,7559.71,1.0
p[2378],0.83,0.02,0.8,0.86,0.0,0.0,9370.64,6850.01,1.0
p[2379],0.92,0.01,0.91,0.94,0.0,0.0,10556.81,6615.33,1.0
p[2380],0.92,0.01,0.9,0.93,0.0,0.0,8472.85,7597.4,1.0
p[2381],0.91,0.01,0.89,0.93,0.0,0.0,10745.74,7087.9,1.0
p[2382],0.68,0.02,0.65,0.72,0.0,0.0,9311.53,6881.38,1.0
p[2383],0.84,0.01,0.83,0.86,0.0,0.0,9184.43,7243.76,1.0
p[2384],0.84,0.01,0.83,0.86,0.0,0.0,9185.1,7243.76,1.0
p[2385],0.84,0.01,0.83,0.86,0.0,0.0,9185.36,7243.76,1.0
p[2386],0.86,0.01,0.83,0.88,0.0,0.0,9339.38,7185.71,1.0
p[2387],0.79,0.01,0.76,0.82,0.0,0.0,9373.49,6913.1,1.0
p[2388],0.84,0.01,0.83,0.86,0.0,0.0,9186.66,7278.5,1.0
p[2389],0.88,0.01,0.86,0.9,0.0,0.0,9760.21,6261.93,1.0
p[2390],0.84,0.01,0.83,0.86,0.0,0.0,9186.35,7277.94,1.0
p[2391],0.84,0.01,0.82,0.86,0.0,0.0,8800.21,7152.22,1.0
p[2392],0.93,0.01,0.91,0.94,0.0,0.0,10554.76,6851.92,1.0
p[2393],0.84,0.01,0.83,0.86,0.0,0.0,9186.14,7273.56,1.0
p[2394],0.84,0.01,0.82,0.86,0.0,0.0,8802.8,7151.7,1.0
p[2395],0.85,0.01,0.83,0.86,0.0,0.0,9184.83,7238.58,1.0
p[2396],0.68,0.02,0.65,0.72,0.0,0.0,9315.1,6917.89,1.0
p[2397],0.93,0.01,0.91,0.94,0.0,0.0,10550.43,6696.95,1.0
p[2398],0.92,0.01,0.91,0.93,0.0,0.0,8471.03,7635.49,1.0
p[2399],0.85,0.01,0.83,0.86,0.0,0.0,9183.33,7238.58,1.0
p[2400],0.86,0.01,0.84,0.88,0.0,0.0,9328.24,7149.96,1.0
p[2401],0.85,0.01,0.83,0.86,0.0,0.0,9183.0,7204.1,1.0
p[2402],0.84,0.01,0.82,0.87,0.0,0.0,8802.85,7118.74,1.0
p[2403],0.92,0.01,0.91,0.93,0.0,0.0,8469.59,7635.12,1.0
p[2404],0.89,0.01,0.86,0.91,0.0,0.0,9744.12,6223.01,1.0
p[2405],0.9,0.01,0.88,0.92,0.0,0.0,9561.33,6718.51,1.0
p[2406],0.8,0.01,0.77,0.82,0.0,0.0,9365.57,6909.67,1.0
p[2407],0.84,0.01,0.81,0.87,0.0,0.0,9357.48,6641.95,1.0
p[2408],0.85,0.01,0.83,0.86,0.0,0.0,9181.45,7136.4,1.0
p[2409],0.92,0.01,0.91,0.93,0.0,0.0,8468.22,7559.18,1.0
p[2410],0.85,0.01,0.83,0.87,0.0,0.0,9180.21,7136.24,1.0
p[2411],0.85,0.01,0.83,0.87,0.0,0.0,9180.21,7136.24,1.0
p[2412],0.69,0.02,0.66,0.73,0.0,0.0,9321.58,6920.05,1.0
p[2413],0.85,0.01,0.83,0.87,0.0,0.0,9180.67,7103.01,1.0
p[2414],0.92,0.01,0.91,0.93,0.0,0.0,8468.57,7415.11,1.0
p[2415],0.8,0.01,0.77,0.83,0.0,0.0,9364.29,6864.62,1.0
p[2416],0.93,0.01,0.91,0.94,0.0,0.0,10541.38,6691.99,1.0
p[2417],0.86,0.01,0.84,0.89,0.0,0.0,9312.8,7220.22,1.0
p[2418],0.85,0.01,0.83,0.87,0.0,0.0,9181.51,7102.88,1.0
p[2419],0.85,0.01,0.84,0.87,0.0,0.0,9181.28,7103.04,1.0
p[2420],0.85,0.01,0.83,0.87,0.0,0.0,8806.43,7167.14,1.0
p[2421],0.92,0.01,0.91,0.93,0.0,0.0,8467.13,7414.95,1.0
p[2422],0.92,0.01,0.91,0.93,0.0,0.0,8467.13,7414.95,1.0
p[2423],0.93,0.01,0.92,0.95,0.0,0.0,10537.2,6662.74,1.0
p[2424],0.7,0.02,0.66,0.73,0.0,0.0,9323.3,6928.8,1.0
p[2425],0.92,0.01,0.91,0.93,0.0,0.0,8465.78,7450.77,1.0
p[2426],0.92,0.01,0.91,0.93,0.0,0.0,8465.25,7451.08,1.0
p[2427],0.9,0.01,0.88,0.92,0.0,0.0,9545.43,6719.98,1.0
p[2428],0.87,0.01,0.84,0.89,0.0,0.0,9309.13,7152.33,1.0
p[2429],0.85,0.01,0.84,0.87,0.0,0.0,9179.89,7037.22,1.0
p[2430],0.85,0.01,0.84,0.87,0.0,0.0,9179.46,7037.41,1.0
p[2431],0.89,0.01,0.87,0.91,0.0,0.0,9714.28,6248.35,1.0
p[2432],0.85,0.01,0.84,0.87,0.0,0.0,9179.22,7037.41,1.0
p[2433],0.8,0.01,0.78,0.83,0.0,0.0,9348.09,6689.99,1.0
p[2434],0.85,0.01,0.84,0.87,0.0,0.0,9177.87,7037.37,1.0
p[2435],0.92,0.01,0.91,0.93,0.0,0.0,8463.23,7342.63,1.0
p[2436],0.7,0.02,0.67,0.74,0.0,0.0,9327.3,6881.79,1.0
p[2437],0.85,0.01,0.82,0.88,0.0,0.0,9344.7,6770.83,1.0
p[2438],0.86,0.01,0.84,0.87,0.0,0.0,9177.22,7037.8,1.0
p[2439],0.87,0.01,0.85,0.89,0.0,0.0,9296.06,7221.01,1.0
p[2440],0.86,0.01,0.84,0.87,0.0,0.0,9175.0,6942.13,1.0
p[2441],0.81,0.01,0.78,0.83,0.0,0.0,9339.21,6749.5,1.0
p[2442],0.93,0.01,0.92,0.95,0.0,0.0,10523.48,6822.22,1.0
p[2443],0.86,0.01,0.84,0.87,0.0,0.0,9173.67,6942.15,1.0
p[2444],0.93,0.01,0.91,0.94,0.0,0.0,8460.75,7272.38,1.0
p[2445],0.86,0.01,0.84,0.87,0.0,0.0,9173.8,6974.38,1.0
p[2446],0.85,0.01,0.83,0.88,0.0,0.0,8812.87,7304.79,1.0
p[2447],0.71,0.02,0.67,0.74,0.0,0.0,9329.31,6912.72,1.0
p[2448],0.93,0.01,0.92,0.94,0.0,0.0,8461.43,7203.53,1.0
p[2449],0.81,0.01,0.78,0.84,0.0,0.0,9197.75,6722.65,1.0
p[2450],0.86,0.01,0.84,0.88,0.0,0.0,9171.91,6911.19,1.0
p[2451],0.86,0.01,0.84,0.88,0.0,0.0,9171.91,6911.19,1.0
p[2452],0.89,0.01,0.87,0.92,0.0,0.0,9680.18,6146.41,1.0
p[2453],0.91,0.01,0.89,0.93,0.0,0.0,9521.32,6678.93,1.0
p[2454],0.86,0.01,0.84,0.88,0.0,0.0,9171.43,6848.44,1.0
p[2455],0.86,0.01,0.85,0.88,0.0,0.0,9170.27,6817.57,1.0
p[2456],0.85,0.01,0.83,0.88,0.0,0.0,9331.27,6739.7,1.0
p[2457],0.71,0.02,0.68,0.75,0.0,0.0,9331.7,6945.34,1.0
p[2458],0.86,0.01,0.85,0.88,0.0,0.0,9168.31,6817.57,1.0
p[2459],0.87,0.01,0.85,0.89,0.0,0.0,9277.95,7218.96,1.0
p[2460],0.86,0.01,0.85,0.88,0.0,0.0,9165.4,6848.26,1.0
p[2461],0.86,0.01,0.85,0.88,0.0,0.0,9165.4,6848.26,1.0
p[2462],0.82,0.01,0.79,0.84,0.0,0.0,9187.81,6941.93,1.0
p[2463],0.93,0.01,0.92,0.94,0.0,0.0,8459.52,7135.43,1.0
p[2464],0.86,0.01,0.85,0.88,0.0,0.0,9163.32,6879.35,1.0
p[2465],0.72,0.02,0.68,0.75,0.0,0.0,9332.92,6928.06,1.0
p[2466],0.93,0.01,0.92,0.94,0.0,0.0,8457.83,7104.24,1.0
p[2467],0.93,0.01,0.92,0.94,0.0,0.0,8457.83,7104.24,1.0
p[2468],0.82,0.01,0.79,0.84,0.0,0.0,9184.62,6943.51,1.0
p[2469],0.86,0.01,0.84,0.88,0.0,0.0,8814.66,7307.39,1.0
p[2470],0.93,0.01,0.92,0.94,0.0,0.0,8457.41,7071.08,1.0
p[2471],0.93,0.01,0.92,0.94,0.0,0.0,8457.41,7071.08,1.0
p[2472],0.9,0.01,0.88,0.92,0.0,0.0,8507.72,6607.57,1.0
p[2473],0.87,0.01,0.85,0.88,0.0,0.0,9159.24,6878.78,1.0
p[2474],0.9,0.01,0.88,0.92,0.0,0.0,9650.59,6210.34,1.0
p[2475],0.93,0.01,0.92,0.94,0.0,0.0,8454.52,7104.12,1.0
p[2476],0.94,0.01,0.92,0.95,0.0,0.0,10492.72,6923.06,1.0
p[2477],0.9,0.01,0.88,0.92,0.0,0.0,8509.11,6665.27,1.0
p[2478],0.93,0.01,0.92,0.94,0.0,0.0,8453.89,7103.95,1.0
p[2479],0.72,0.02,0.69,0.76,0.0,0.0,9338.62,6866.55,1.0
p[2480],0.93,0.01,0.92,0.94,0.0,0.0,8453.79,7104.09,1.0
p[2481],0.88,0.01,0.86,0.9,0.0,0.0,9251.06,7138.56,1.0
p[2482],0.93,0.01,0.92,0.94,0.0,0.0,8453.46,7104.09,1.0
p[2483],0.87,0.01,0.85,0.88,0.0,0.0,9153.42,6973.99,1.0
p[2484],0.94,0.01,0.93,0.95,0.0,0.0,10486.05,6922.33,1.0
p[2485],0.87,0.01,0.85,0.88,0.0,0.0,9152.19,6973.99,1.0
p[2486],0.91,0.01,0.89,0.92,0.0,0.0,8507.41,6549.41,1.0
p[2487],0.87,0.01,0.85,0.89,0.0,0.0,9149.25,6974.14,1.0
p[2488],0.93,0.01,0.92,0.94,0.0,0.0,8452.22,7071.27,1.0
p[2489],0.87,0.01,0.86,0.89,0.0,0.0,9143.53,7071.18,1.0
p[2490],0.9,0.01,0.88,0.92,0.0,0.0,9616.45,6185.76,1.0
p[2491],0.91,0.01,0.89,0.92,0.0,0.0,8502.31,6466.17,1.0
p[2492],0.87,0.01,0.86,0.89,0.0,0.0,9142.0,7005.93,1.0
p[2493],0.93,0.01,0.92,0.94,0.0,0.0,8445.06,7104.37,1.0
p[2494],0.89,0.01,0.87,0.9,0.0,0.0,9228.78,7218.01,1.0
p[2495],0.73,0.02,0.7,0.77,0.0,0.0,9344.49,6798.54,1.0
p[2496],0.91,0.01,0.89,0.93,0.0,0.0,8502.29,6520.98,1.0
p[2497],0.93,0.01,0.93,0.95,0.0,0.0,8443.49,7160.33,1.0
p[2498],0.94,0.01,0.93,0.95,0.0,0.0,10452.08,6826.99,1.0
p[2499],0.88,0.01,0.85,0.9,0.0,0.0,8494.5,6750.37,1.0
p[2500],0.88,0.01,0.86,0.89,0.0,0.0,9131.55,6973.23,1.0
p[2501],0.91,0.01,0.89,0.93,0.0,0.0,9586.46,6110.19,1.0
p[2502],0.83,0.01,0.81,0.86,0.0,0.0,9172.68,7309.24,1.0
p[2503],0.91,0.01,0.89,0.93,0.0,0.0,8499.9,6549.0,1.0
p[2504],0.74,0.02,0.71,0.77,0.0,0.0,9336.77,6736.76,1.0
p[2505],0.94,0.01,0.93,0.95,0.0,0.0,8437.92,7091.99,1.0
p[2506],0.94,0.01,0.93,0.95,0.0,0.0,8437.92,7091.99,1.0
p[2507],0.66,0.02,0.62,0.71,0.0,0.0,9571.84,7224.23,1.0
p[2508],0.55,0.02,0.51,0.6,0.0,0.0,9225.93,7335.7,1.0
p[2509],0.72,0.02,0.68,0.76,0.0,0.0,8627.4,6649.79,1.0
p[2510],0.78,0.01,0.76,0.81,0.0,0.0,8835.45,7125.44,1.0
p[2511],0.8,0.02,0.77,0.84,0.0,0.0,10108.59,6840.9,1.0
p[2512],0.76,0.02,0.72,0.81,0.0,0.0,10958.37,6931.97,1.0
p[2513],0.42,0.02,0.38,0.46,0.0,0.0,8872.5,7233.15,1.0
p[2514],0.67,0.02,0.63,0.72,0.0,0.0,9578.98,7165.26,1.0
p[2515],0.56,0.02,0.52,0.61,0.0,0.0,9237.77,7334.71,1.0
p[2516],0.81,0.02,0.77,0.85,0.0,0.0,10146.9,6938.03,1.0
p[2517],0.73,0.02,0.69,0.77,0.0,0.0,8604.61,6601.15,1.0
p[2518],0.43,0.02,0.39,0.47,0.0,0.0,8882.88,7349.01,1.0
p[2519],0.8,0.01,0.77,0.82,0.0,0.0,8814.26,7189.9,1.0
p[2520],0.66,0.02,0.63,0.69,0.0,0.0,8777.68,7334.26,1.0
p[2521],0.82,0.02,0.78,0.85,0.0,0.0,10184.92,7037.4,1.0
p[2522],0.74,0.02,0.7,0.78,0.0,0.0,8584.51,6793.21,1.0
p[2523],0.45,0.02,0.41,0.49,0.0,0.0,8890.77,7171.18,1.0
p[2524],0.83,0.02,0.79,0.86,0.0,0.0,10222.98,6988.39,1.0
p[2525],0.75,0.02,0.71,0.79,0.0,0.0,8566.48,6959.12,1.0
p[2526],0.46,0.02,0.42,0.5,0.0,0.0,8898.15,7100.29,1.0
p[2527],0.82,0.01,0.79,0.84,0.0,0.0,8777.57,7432.39,1.0
p[2528],0.83,0.02,0.8,0.86,0.0,0.0,10253.49,6989.01,1.0
p[2529],0.76,0.02,0.72,0.8,0.0,0.0,8552.44,7150.09,1.0
p[2530],0.82,0.01,0.8,0.84,0.0,0.0,8764.37,7396.45,1.0
p[2531],0.47,0.02,0.43,0.51,0.0,0.0,8912.77,7067.34,1.0
p[2532],0.61,0.02,0.57,0.65,0.0,0.0,9264.82,6800.52,1.0
p[2533],0.72,0.02,0.68,0.75,0.0,0.0,9590.05,6720.81,1.0
p[2534],0.69,0.02,0.65,0.72,0.0,0.0,8876.35,7102.15,1.0
p[2535],0.84,0.02,0.81,0.87,0.0,0.0,10247.05,7003.1,1.0
p[2536],0.82,0.01,0.8,0.85,0.0,0.0,8756.16,7507.05,1.0
p[2537],0.79,0.02,0.75,0.83,0.0,0.0,9652.55,6466.04,1.0
p[2538],0.7,0.01,0.67,0.73,0.0,0.0,8811.8,7303.92,1.0
p[2539],0.83,0.01,0.81,0.85,0.0,0.0,8751.73,7470.05,1.0
p[2540],0.76,0.02,0.72,0.8,0.0,0.0,9887.31,6588.81,1.0
p[2541],0.77,0.02,0.74,0.81,0.0,0.0,8521.96,7165.92,1.0
p[2542],0.81,0.02,0.77,0.84,0.0,0.0,11038.94,6778.19,1.0
p[2543],0.7,0.01,0.68,0.73,0.0,0.0,8815.18,7268.46,1.0
p[2544],0.83,0.01,0.81,0.85,0.0,0.0,8747.13,7433.75,1.0
p[2545],0.69,0.02,0.65,0.74,0.0,0.0,9959.54,6533.2,1.0
p[2546],0.48,0.02,0.44,0.52,0.0,0.0,8927.57,6969.04,1.0
p[2547],0.7,0.01,0.68,0.73,0.0,0.0,8817.66,7234.55,1.0
p[2548],0.73,0.02,0.69,0.76,0.0,0.0,9583.31,6665.6,1.0
p[2549],0.62,0.02,0.59,0.66,0.0,0.0,9270.43,6750.38,1.0
p[2550],0.71,0.01,0.68,0.73,0.0,0.0,8821.41,7166.29,1.0
p[2551],0.71,0.01,0.68,0.73,0.0,0.0,8825.08,7199.63,1.0
p[2552],0.85,0.02,0.82,0.88,0.0,0.0,10256.41,7052.65,1.0
p[2553],0.7,0.02,0.67,0.74,0.0,0.0,8868.87,6669.65,1.0
p[2554],0.63,0.02,0.59,0.67,0.0,0.0,9271.07,6720.18,1.0
p[2555],0.49,0.02,0.45,0.53,0.0,0.0,8928.5,6905.43,1.0
p[2556],0.83,0.01,0.81,0.85,0.0,0.0,8736.15,7470.83,1.0
p[2557],0.83,0.01,0.81,0.85,0.0,0.0,8735.92,7470.83,1.0
p[2558],0.83,0.01,0.81,0.85,0.0,0.0,8736.07,7470.83,1.0
p[2559],0.8,0.02,0.76,0.83,0.0,0.0,9643.49,6169.85,1.0
p[2560],0.71,0.01,0.68,0.74,0.0,0.0,8830.81,7202.03,1.0
p[2561],0.77,0.02,0.73,0.81,0.0,0.0,9881.37,6674.37,1.0
p[2562],0.71,0.01,0.68,0.74,0.0,0.0,8831.98,7168.81,1.0
p[2563],0.71,0.01,0.69,0.74,0.0,0.0,8834.21,7168.81,1.0
p[2564],0.83,0.01,0.81,0.85,0.0,0.0,8728.62,7549.44,1.0
p[2565],0.71,0.01,0.69,0.74,0.0,0.0,8834.65,7135.1,1.0
p[2566],0.7,0.02,0.66,0.74,0.0,0.0,9959.66,6589.76,1.0
p[2567],0.82,0.02,0.78,0.85,0.0,0.0,11042.5,6746.21,1.0
p[2568],0.82,0.02,0.78,0.85,0.0,0.0,11042.5,6746.21,1.0
p[2569],0.71,0.01,0.69,0.74,0.0,0.0,8833.91,7101.13,1.0
p[2570],0.71,0.01,0.69,0.74,0.0,0.0,8833.91,7101.13,1.0
p[2571],0.5,0.02,0.46,0.54,0.0,0.0,8931.06,6937.09,1.0
p[2572],0.64,0.02,0.6,0.67,0.0,0.0,9280.3,6691.9,1.0
p[2573],0.74,0.02,0.7,0.77,0.0,0.0,9575.84,6721.69,1.0
p[2574],0.72,0.01,0.69,0.74,0.0,0.0,8834.5,7134.97,1.0
p[2575],0.78,0.02,0.75,0.82,0.0,0.0,8490.59,7352.41,1.0
p[2576],0.71,0.02,0.68,0.75,0.0,0.0,8867.69,6789.31,1.0
p[2577],0.85,0.02,0.83,0.88,0.0,0.0,10265.34,7002.84,1.0
p[2578],0.84,0.01,0.82,0.86,0.0,0.0,8716.19,7366.35,1.0
p[2579],0.5,0.02,0.46,0.54,0.0,0.0,8935.64,6936.77,1.0
p[2580],0.85,0.01,0.83,0.88,0.0,0.0,10266.69,6970.1,1.0
p[2581],0.72,0.01,0.69,0.74,0.0,0.0,8834.2,7003.36,1.0
p[2582],0.64,0.02,0.61,0.68,0.0,0.0,9281.08,6663.2,1.0
p[2583],0.72,0.01,0.7,0.75,0.0,0.0,8836.13,7003.41,1.0
p[2584],0.84,0.01,0.82,0.86,0.0,0.0,8713.37,7365.59,1.0
p[2585],0.78,0.02,0.75,0.82,0.0,0.0,9879.65,6639.11,1.0
p[2586],0.84,0.01,0.82,0.86,0.0,0.0,8712.46,7364.88,1.0
p[2587],0.72,0.01,0.7,0.75,0.0,0.0,8837.26,7003.41,1.0
p[2588],0.81,0.02,0.77,0.84,0.0,0.0,9629.62,6208.5,1.0
p[2589],0.72,0.01,0.7,0.75,0.0,0.0,8837.72,6970.93,1.0
p[2590],0.84,0.01,0.82,0.86,0.0,0.0,8706.37,7335.43,1.0
p[2591],0.82,0.02,0.79,0.86,0.0,0.0,11039.92,6776.59,1.0
p[2592],0.72,0.01,0.7,0.75,0.0,0.0,8836.5,6971.07,1.0
p[2593],0.71,0.02,0.67,0.75,0.0,0.0,9955.38,6537.4,1.0
p[2594],0.84,0.01,0.82,0.86,0.0,0.0,8703.93,7335.15,1.0
p[2595],0.72,0.01,0.7,0.75,0.0,0.0,8837.88,6971.07,1.0
p[2596],0.51,0.02,0.47,0.55,0.0,0.0,8939.53,6905.39,1.0
p[2597],0.72,0.01,0.7,0.75,0.0,0.0,8838.76,6939.28,1.0
p[2598],0.75,0.02,0.71,0.78,0.0,0.0,9565.65,6691.85,1.0
p[2599],0.65,0.02,0.61,0.68,0.0,0.0,9280.64,6692.92,1.0
p[2600],0.86,0.01,0.83,0.89,0.0,0.0,10273.14,7100.1,1.0
p[2601],0.73,0.01,0.7,0.75,0.0,0.0,8839.19,6939.28,1.0
p[2602],0.73,0.01,0.7,0.75,0.0,0.0,8839.47,6907.23,1.0
p[2603],0.73,0.01,0.7,0.75,0.0,0.0,8838.35,6907.23,1.0
p[2604],0.73,0.01,0.7,0.75,0.0,0.0,8838.05,6875.71,1.0
p[2605],0.86,0.01,0.83,0.89,0.0,0.0,10276.17,7133.89,1.0
p[2606],0.72,0.02,0.69,0.75,0.0,0.0,8855.04,6976.25,1.0
p[2607],0.52,0.02,0.48,0.55,0.0,0.0,8941.78,6843.02,1.0
p[2608],0.85,0.01,0.83,0.86,0.0,0.0,8687.58,7370.59,1.0
p[2609],0.85,0.01,0.83,0.86,0.0,0.0,8685.51,7370.59,1.0
p[2610],0.79,0.02,0.76,0.82,0.0,0.0,9199.18,6873.67,1.0
p[2611],0.81,0.02,0.78,0.85,0.0,0.0,9620.73,6210.53,1.0
p[2612],0.85,0.01,0.83,0.86,0.0,0.0,8682.93,7370.7,1.0
p[2613],0.73,0.01,0.71,0.75,0.0,0.0,8844.2,6875.2,1.0
p[2614],0.79,0.02,0.75,0.83,0.0,0.0,9870.9,6503.64,1.0
p[2615],0.73,0.01,0.71,0.75,0.0,0.0,8844.6,6875.23,1.0
p[2616],0.65,0.02,0.62,0.69,0.0,0.0,9282.53,6752.85,1.0
p[2617],0.83,0.02,0.8,0.86,0.0,0.0,11035.23,6868.93,1.0
p[2618],0.83,0.02,0.8,0.86,0.0,0.0,11035.23,6868.93,1.0
p[2619],0.72,0.02,0.68,0.76,0.0,0.0,9949.33,6736.91,1.0
p[2620],0.73,0.01,0.71,0.76,0.0,0.0,8842.6,6844.64,1.0
p[2621],0.85,0.01,0.83,0.87,0.0,0.0,8675.69,7300.49,1.0
p[2622],0.8,0.02,0.76,0.83,0.0,0.0,8466.69,7381.78,1.0
p[2623],0.52,0.02,0.48,0.56,0.0,0.0,8950.15,6725.15,1.0
p[2624],0.73,0.01,0.71,0.76,0.0,0.0,8840.75,6783.62,1.0
p[2625],0.73,0.01,0.71,0.76,0.0,0.0,8841.31,6783.62,1.0
p[2626],0.73,0.01,0.71,0.76,0.0,0.0,8841.84,6783.97,1.0
p[2627],0.76,0.02,0.72,0.79,0.0,0.0,9556.34,6660.27,1.0
p[2628],0.66,0.02,0.62,0.7,0.0,0.0,9280.25,6836.96,1.0
p[2629],0.87,0.01,0.84,0.89,0.0,0.0,10275.52,7116.42,1.0
p[2630],0.74,0.01,0.71,0.76,0.0,0.0,8840.14,6754.86,1.0
p[2631],0.83,0.02,0.8,0.87,0.0,0.0,11033.06,6807.06,1.0
p[2632],0.87,0.01,0.84,0.89,0.0,0.0,10279.13,7149.59,1.0
p[2633],0.74,0.01,0.71,0.76,0.0,0.0,8840.61,6815.36,1.0
p[2634],0.74,0.01,0.71,0.76,0.0,0.0,8840.96,6815.36,1.0
p[2635],0.73,0.02,0.7,0.76,0.0,0.0,8838.66,6913.43,1.0
p[2636],0.66,0.02,0.63,0.7,0.0,0.0,9277.82,6835.45,1.0
p[2637],0.53,0.02,0.49,0.57,0.0,0.0,8954.22,6690.43,1.0
p[2638],0.85,0.01,0.83,0.87,0.0,0.0,8662.34,7267.77,1.0
p[2639],0.8,0.02,0.77,0.84,0.0,0.0,8451.8,7413.37,1.0
p[2640],0.74,0.01,0.72,0.76,0.0,0.0,8839.12,6844.23,1.0
p[2641],0.82,0.02,0.79,0.85,0.0,0.0,9606.03,6186.36,1.0
p[2642],0.8,0.02,0.76,0.83,0.0,0.0,9854.0,6474.15,1.0
p[2643],0.85,0.01,0.84,0.87,0.0,0.0,8656.59,7267.56,1.0
p[2644],0.85,0.01,0.84,0.87,0.0,0.0,8656.2,7267.33,1.0
p[2645],0.85,0.01,0.84,0.87,0.0,0.0,8656.25,7267.33,1.0
p[2646],0.86,0.01,0.84,0.87,0.0,0.0,8654.94,7266.9,1.0
p[2647],0.74,0.01,0.72,0.77,0.0,0.0,8838.09,6906.49,1.0
p[2648],0.73,0.02,0.69,0.77,0.0,0.0,9930.74,6620.78,1.0
p[2649],0.53,0.02,0.49,0.57,0.0,0.0,8959.79,6661.87,1.0
p[2650],0.74,0.01,0.72,0.77,0.0,0.0,8837.7,6869.58,1.0
p[2651],0.84,0.02,0.81,0.87,0.0,0.0,11024.7,6777.74,1.0
p[2652],0.74,0.01,0.72,0.77,0.0,0.0,8837.52,6906.65,1.0
p[2653],0.87,0.01,0.84,0.89,0.0,0.0,10278.25,7018.78,1.0
p[2654],0.76,0.02,0.73,0.8,0.0,0.0,9542.55,6517.45,1.0
p[2655],0.67,0.02,0.64,0.71,0.0,0.0,9280.15,6805.47,1.0
p[2656],0.87,0.01,0.85,0.9,0.0,0.0,10277.29,7050.89,1.0
p[2657],0.74,0.02,0.71,0.77,0.0,0.0,8830.52,6730.22,1.0
p[2658],0.75,0.01,0.72,0.77,0.0,0.0,8840.66,6969.92,1.0
p[2659],0.75,0.01,0.72,0.77,0.0,0.0,8840.66,6969.92,1.0
p[2660],0.75,0.01,0.72,0.77,0.0,0.0,8842.21,7001.76,1.0
p[2661],0.54,0.02,0.5,0.58,0.0,0.0,8966.28,6658.74,1.0
p[2662],0.75,0.01,0.72,0.77,0.0,0.0,8840.31,6938.4,1.0
p[2663],0.75,0.01,0.72,0.77,0.0,0.0,8840.31,6938.4,1.0
p[2664],0.81,0.02,0.78,0.84,0.0,0.0,8431.99,7326.99,1.0
p[2665],0.83,0.02,0.8,0.86,0.0,0.0,9594.08,6297.7,1.0
p[2666],0.77,0.02,0.74,0.8,0.0,0.0,9530.19,6402.94,1.0
p[2667],0.75,0.01,0.73,0.77,0.0,0.0,8840.48,6808.39,1.0
p[2668],0.86,0.01,0.84,0.88,0.0,0.0,8641.39,7267.44,1.0
p[2669],0.75,0.01,0.73,0.77,0.0,0.0,8840.33,6808.39,1.0
p[2670],0.81,0.02,0.77,0.84,0.0,0.0,9833.22,6617.22,1.0
p[2671],0.86,0.01,0.84,0.88,0.0,0.0,8639.1,7267.33,1.0
p[2672],0.74,0.02,0.7,0.78,0.0,0.0,9922.06,6511.38,1.0
p[2673],0.75,0.01,0.73,0.78,0.0,0.0,8840.37,6844.42,1.0
p[2674],0.55,0.02,0.51,0.58,0.0,0.0,8972.19,6600.07,1.0
p[2675],0.86,0.01,0.84,0.88,0.0,0.0,8633.64,7188.04,1.0
p[2676],0.85,0.02,0.82,0.88,0.0,0.0,11008.41,6902.08,1.0
p[2677],0.85,0.02,0.82,0.88,0.0,0.0,11008.41,6902.08,1.0
p[2678],0.77,0.02,0.74,0.81,0.0,0.0,9517.95,6342.02,1.0
p[2679],0.81,0.01,0.79,0.84,0.0,0.0,9133.28,7023.23,1.0
p[2680],0.86,0.01,0.85,0.88,0.0,0.0,8628.58,7120.35,1.0
p[2681],0.68,0.02,0.65,0.72,0.0,0.0,9279.45,6948.21,1.0
p[2682],0.76,0.01,0.73,0.78,0.0,0.0,8840.32,6906.22,1.0
p[2683],0.88,0.01,0.85,0.9,0.0,0.0,10276.16,7101.06,1.0
p[2684],0.86,0.01,0.85,0.88,0.0,0.0,8625.35,7154.4,1.0
p[2685],0.88,0.01,0.85,0.9,0.0,0.0,10276.71,7101.06,1.0
p[2686],0.69,0.02,0.65,0.72,0.0,0.0,9277.21,6981.57,1.0
p[2687],0.85,0.02,0.82,0.88,0.0,0.0,10996.12,6965.21,1.0
p[2688],0.75,0.02,0.72,0.78,0.0,0.0,8813.7,6648.69,1.0
p[2689],0.55,0.02,0.51,0.59,0.0,0.0,8972.88,6513.98,1.0
p[2690],0.88,0.01,0.85,0.9,0.0,0.0,10276.25,7067.95,1.0
p[2691],0.76,0.01,0.73,0.78,0.0,0.0,8842.55,6937.21,1.0
p[2692],0.87,0.01,0.85,0.88,0.0,0.0,8621.35,7154.14,1.0
p[2693],0.82,0.02,0.79,0.85,0.0,0.0,8409.06,7385.37,1.0
p[2694],0.69,0.02,0.65,0.72,0.0,0.0,9272.5,6884.87,1.0
p[2695],0.76,0.01,0.74,0.78,0.0,0.0,8845.23,6937.53,1.0
p[2696],0.76,0.01,0.74,0.78,0.0,0.0,8845.34,6937.53,1.0
p[2697],0.78,0.02,0.75,0.81,0.0,0.0,9505.08,6353.27,1.0
p[2698],0.83,0.02,0.8,0.87,0.0,0.0,9580.18,6389.69,1.0
p[2699],0.81,0.02,0.78,0.84,0.0,0.0,9819.35,6515.44,1.0
p[2700],0.76,0.01,0.74,0.78,0.0,0.0,8846.39,6969.44,1.0
p[2701],0.76,0.01,0.74,0.78,0.0,0.0,8845.55,6969.33,1.0
p[2702],0.87,0.01,0.85,0.88,0.0,0.0,8619.45,7087.1,1.0
p[2703],0.76,0.01,0.74,0.78,0.0,0.0,8845.78,6969.33,1.0
p[2704],0.76,0.01,0.74,0.78,0.0,0.0,8846.25,6969.33,1.0
p[2705],0.85,0.02,0.82,0.88,0.0,0.0,10983.16,6869.83,1.0
p[2706],0.56,0.02,0.52,0.6,0.0,0.0,8977.38,6404.31,1.0
p[2707],0.76,0.01,0.74,0.78,0.0,0.0,8846.06,6970.72,1.0
p[2708],0.88,0.01,0.86,0.9,0.0,0.0,10273.02,7100.46,1.0
p[2709],0.78,0.02,0.75,0.81,0.0,0.0,9493.92,6436.59,1.0
p[2710],0.69,0.02,0.66,0.73,0.0,0.0,9263.81,6981.62,1.0
p[2711],0.76,0.01,0.74,0.79,0.0,0.0,8846.29,7002.65,1.0
p[2712],0.77,0.01,0.74,0.79,0.0,0.0,8844.1,7002.65,1.0
p[2713],0.77,0.01,0.74,0.79,0.0,0.0,8844.72,7003.27,1.0
p[2714],0.76,0.02,0.73,0.79,0.0,0.0,8805.04,6426.17,1.0
p[2715],0.57,0.02,0.53,0.6,0.0,0.0,8977.06,6430.61,1.0
p[2716],0.77,0.01,0.74,0.79,0.0,0.0,8844.31,6991.33,1.0
p[2717],0.87,0.01,0.85,0.89,0.0,0.0,8598.86,7032.39,1.0
p[2718],0.87,0.01,0.85,0.89,0.0,0.0,8600.15,7032.39,1.0
p[2719],0.79,0.02,0.76,0.82,0.0,0.0,9479.78,6436.6,1.0
p[2720],0.77,0.01,0.75,0.79,0.0,0.0,8844.04,6927.49,1.0
p[2721],0.77,0.01,0.75,0.79,0.0,0.0,8843.87,6927.49,1.0
p[2722],0.84,0.02,0.81,0.87,0.0,0.0,9559.93,6371.44,1.0
p[2723],0.87,0.01,0.86,0.89,0.0,0.0,8597.23,7053.42,1.0
p[2724],0.82,0.02,0.79,0.85,0.0,0.0,9801.78,6467.85,1.0
p[2725],0.77,0.01,0.75,0.79,0.0,0.0,8844.84,6927.47,1.0
p[2726],0.7,0.02,0.67,0.73,0.0,0.0,9251.44,6870.47,1.0
p[2727],0.89,0.01,0.86,0.91,0.0,0.0,10266.22,7200.08,1.0
p[2728],0.76,0.02,0.72,0.8,0.0,0.0,9776.23,6496.46,1.0
p[2729],0.83,0.01,0.8,0.85,0.0,0.0,9091.2,7020.46,1.0
p[2730],0.77,0.01,0.75,0.79,0.0,0.0,8844.99,6896.2,1.0
p[2731],0.57,0.02,0.53,0.61,0.0,0.0,8978.02,6458.99,1.0
p[2732],0.77,0.01,0.75,0.79,0.0,0.0,8846.45,6880.47,1.0
p[2733],0.77,0.01,0.75,0.79,0.0,0.0,8846.84,6880.47,1.0
p[2734],0.89,0.01,0.86,0.91,0.0,0.0,10262.26,7269.55,1.0
p[2735],0.79,0.02,0.76,0.82,0.0,0.0,9461.5,6381.0,1.0
p[2736],0.7,0.02,0.67,0.74,0.0,0.0,9247.07,6810.14,1.0
p[2737],0.77,0.01,0.75,0.79,0.0,0.0,8850.16,6813.49,1.0
p[2738],0.77,0.01,0.75,0.79,0.0,0.0,8850.33,6879.71,1.0
p[2739],0.89,0.01,0.87,0.91,0.0,0.0,10261.57,7183.85,1.0
p[2740],0.78,0.01,0.75,0.8,0.0,0.0,8850.9,6904.84,1.0
p[2741],0.77,0.02,0.74,0.8,0.0,0.0,8654.01,6771.63,1.0
p[2742],0.58,0.02,0.54,0.62,0.0,0.0,8982.45,6486.53,1.0
p[2743],0.88,0.01,0.86,0.89,0.0,0.0,8578.68,7089.56,1.0
p[2744],0.8,0.02,0.77,0.82,0.0,0.0,9449.65,6292.85,1.0
p[2745],0.78,0.01,0.76,0.8,0.0,0.0,8855.11,6903.95,1.0
p[2746],0.71,0.02,0.68,0.74,0.0,0.0,9242.22,6827.22,1.0
p[2747],0.85,0.02,0.82,0.88,0.0,0.0,9539.71,6282.88,1.0
p[2748],0.83,0.02,0.8,0.86,0.0,0.0,9786.2,6445.22,1.0
p[2749],0.78,0.01,0.76,0.8,0.0,0.0,8854.83,6904.63,1.0
p[2750],0.88,0.01,0.86,0.89,0.0,0.0,8571.86,7123.19,1.0
p[2751],0.78,0.01,0.76,0.8,0.0,0.0,8855.16,6841.93,1.0
p[2752],0.78,0.01,0.76,0.8,0.0,0.0,8855.65,6872.84,1.0
p[2753],0.88,0.01,0.86,0.89,0.0,0.0,8570.97,7056.57,1.0
p[2754],0.77,0.02,0.73,0.81,0.0,0.0,9726.53,6405.1,1.0
p[2755],0.59,0.02,0.55,0.62,0.0,0.0,8988.55,6403.81,1.0
p[2756],0.86,0.01,0.84,0.89,0.0,0.0,10904.38,7030.38,1.0
p[2757],0.78,0.01,0.76,0.8,0.0,0.0,8855.82,6915.59,1.0
p[2758],0.78,0.01,0.76,0.8,0.0,0.0,8855.38,6915.57,1.0
p[2759],0.8,0.02,0.77,0.83,0.0,0.0,9439.54,6349.61,1.0
p[2760],0.71,0.02,0.68,0.75,0.0,0.0,9236.1,6808.82,1.0
p[2761],0.78,0.01,0.76,0.8,0.0,0.0,8855.43,6915.59,1.0
p[2762],0.78,0.01,0.76,0.8,0.0,0.0,8857.56,6822.46,1.0
p[2763],0.89,0.01,0.87,0.91,0.0,0.0,10241.9,7133.93,1.0
p[2764],0.89,0.01,0.87,0.91,0.0,0.0,10241.34,7133.93,1.0
p[2765],0.78,0.02,0.75,0.81,0.0,0.0,8621.56,6681.68,1.0
p[2766],0.59,0.02,0.55,0.63,0.0,0.0,8993.1,6435.52,1.0
p[2767],0.72,0.02,0.69,0.75,0.0,0.0,9234.83,6808.57,1.0
p[2768],0.88,0.01,0.87,0.9,0.0,0.0,8556.97,6990.74,1.0
p[2769],0.88,0.01,0.87,0.9,0.0,0.0,8556.98,6990.75,1.0
p[2770],0.85,0.01,0.83,0.88,0.0,0.0,9516.22,6348.77,1.0
p[2771],0.8,0.02,0.77,0.83,0.0,0.0,9425.64,6323.09,1.0
p[2772],0.79,0.01,0.77,0.81,0.0,0.0,8858.72,6790.75,1.0
p[2773],0.84,0.01,0.82,0.87,0.0,0.0,9040.43,6686.95,1.0
p[2774],0.84,0.02,0.81,0.87,0.0,0.0,9754.94,6498.99,1.0
p[2775],0.79,0.01,0.77,0.81,0.0,0.0,8858.0,6673.02,1.0
p[2776],0.79,0.01,0.77,0.81,0.0,0.0,8858.25,6854.36,1.0
p[2777],0.88,0.01,0.87,0.9,0.0,0.0,8552.92,7054.22,1.0
p[2778],0.79,0.01,0.77,0.81,0.0,0.0,8856.92,6823.6,1.0
p[2779],0.6,0.02,0.56,0.63,0.0,0.0,8999.26,6490.33,1.0
p[2780],0.79,0.01,0.77,0.81,0.0,0.0,8855.79,6822.76,1.0
p[2781],0.79,0.01,0.77,0.81,0.0,0.0,8854.3,6822.76,1.0
p[2782],0.81,0.01,0.78,0.83,0.0,0.0,9411.27,6368.68,1.0
p[2783],0.9,0.01,0.88,0.92,0.0,0.0,10234.34,7083.2,1.0
p[2784],0.78,0.02,0.75,0.82,0.0,0.0,9648.26,6524.22,1.0
p[2785],0.89,0.01,0.87,0.9,0.0,0.0,8547.65,7054.0,1.0
p[2786],0.73,0.02,0.69,0.76,0.0,0.0,9217.79,6838.9,1.0
p[2787],0.79,0.01,0.77,0.81,0.0,0.0,8855.07,6702.79,1.0
p[2788],0.87,0.01,0.85,0.9,0.0,0.0,10853.38,7063.77,1.0
p[2789],0.79,0.01,0.77,0.81,0.0,0.0,8855.59,6701.87,1.0
p[2790],0.79,0.01,0.77,0.81,0.0,0.0,8854.8,6701.87,1.0
p[2791],0.79,0.01,0.76,0.82,0.0,0.0,8582.07,6654.95,1.0
p[2792],0.85,0.01,0.82,0.87,0.0,0.0,9016.47,6690.91,1.0
p[2793],0.85,0.01,0.82,0.87,0.0,0.0,9016.47,6690.91,1.0
p[2794],0.6,0.02,0.57,0.64,0.0,0.0,9000.2,6518.76,1.0
p[2795],0.89,0.01,0.87,0.9,0.0,0.0,8543.5,6989.78,1.0
p[2796],0.73,0.02,0.7,0.76,0.0,0.0,9211.75,6869.98,1.0
p[2797],0.79,0.01,0.77,0.81,0.0,0.0,8855.91,6759.8,1.0
p[2798],0.81,0.01,0.78,0.84,0.0,0.0,9395.6,6341.83,1.0
p[2799],0.8,0.01,0.77,0.81,0.0,0.0,8856.47,6759.8,1.0
p[2800],0.84,0.02,0.81,0.87,0.0,0.0,9724.72,6541.47,1.0
p[2801],0.9,0.01,0.88,0.92,0.0,0.0,10223.55,7099.65,1.0
p[2802],0.86,0.01,0.83,0.89,0.0,0.0,9485.08,6215.97,1.0
p[2803],0.79,0.02,0.75,0.82,0.0,0.0,9609.14,6524.89,1.0
p[2804],0.89,0.01,0.87,0.9,0.0,0.0,8536.58,6961.4,1.0
p[2805],0.8,0.01,0.78,0.82,0.0,0.0,8854.4,6669.65,1.0
p[2806],0.8,0.01,0.78,0.82,0.0,0.0,8854.4,6669.65,1.0
p[2807],0.61,0.02,0.57,0.65,0.0,0.0,8999.16,6491.18,1.0
p[2808],0.8,0.01,0.78,0.82,0.0,0.0,8853.98,6728.17,1.0
p[2809],0.73,0.02,0.7,0.76,0.0,0.0,9202.31,6807.31,1.0
p[2810],0.89,0.01,0.88,0.9,0.0,0.0,8531.13,6993.43,1.0
p[2811],0.88,0.01,0.85,0.9,0.0,0.0,10821.67,7134.56,1.0
p[2812],0.82,0.01,0.79,0.84,0.0,0.0,9381.57,6449.89,1.0
p[2813],0.8,0.01,0.78,0.82,0.0,0.0,8855.54,6850.79,1.0
p[2814],0.8,0.01,0.78,0.82,0.0,0.0,8855.36,6850.79,1.0
p[2815],0.9,0.01,0.88,0.92,0.0,0.0,10215.77,7185.27,1.0
p[2816],0.8,0.01,0.77,0.82,0.0,0.0,8557.63,6676.02,1.0
p[2817],0.89,0.01,0.88,0.91,0.0,0.0,8526.1,7092.07,1.0
p[2818],0.85,0.01,0.83,0.87,0.0,0.0,8992.79,6916.45,1.0
p[2819],0.62,0.02,0.58,0.65,0.0,0.0,8999.86,6841.54,1.0
p[2820],0.8,0.01,0.78,0.82,0.0,0.0,8852.16,6974.71,1.0
p[2821],0.8,0.01,0.78,0.82,0.0,0.0,8852.16,6974.71,1.0
p[2822],0.9,0.01,0.88,0.92,0.0,0.0,10213.31,7151.52,1.0
p[2823],0.74,0.02,0.71,0.77,0.0,0.0,9195.01,6737.16,1.0
p[2824],0.89,0.01,0.88,0.91,0.0,0.0,8526.18,7092.29,1.0
p[2825],0.87,0.01,0.84,0.89,0.0,0.0,9463.83,6245.72,1.0
p[2826],0.8,0.01,0.78,0.82,0.0,0.0,8850.35,6964.31,1.0
p[2827],0.89,0.01,0.88,0.91,0.0,0.0,8524.1,7091.97,1.0
p[2828],0.89,0.01,0.88,0.91,0.0,0.0,8524.1,7091.97,1.0
p[2829],0.8,0.01,0.78,0.82,0.0,0.0,8851.07,6964.31,1.0
p[2830],0.82,0.01,0.79,0.85,0.0,0.0,9362.46,6475.88,1.0
p[2831],0.89,0.01,0.88,0.91,0.0,0.0,8522.88,7092.42,1.0
p[2832],0.85,0.01,0.82,0.88,0.0,0.0,9701.44,6542.56,1.0
p[2833],0.8,0.02,0.76,0.83,0.0,0.0,9547.82,6355.54,1.0
p[2834],0.9,0.01,0.89,0.92,0.0,0.0,10204.77,7150.99,1.0
p[2835],0.81,0.01,0.79,0.82,0.0,0.0,8847.0,6944.52,1.0
p[2836],0.81,0.01,0.79,0.82,0.0,0.0,8847.3,6944.52,1.0
p[2837],0.62,0.02,0.58,0.66,0.0,0.0,8999.58,6938.06,1.0
p[2838],0.89,0.01,0.88,0.91,0.0,0.0,8518.96,7174.56,1.0
p[2839],0.81,0.01,0.79,0.83,0.0,0.0,8848.63,6808.11,1.0
p[2840],0.82,0.01,0.8,0.85,0.0,0.0,9349.79,6475.17,1.0
p[2841],0.74,0.02,0.71,0.77,0.0,0.0,9183.46,6676.11,1.0
p[2842],0.91,0.01,0.89,0.92,0.0,0.0,10202.24,7183.68,1.0
p[2843],0.81,0.01,0.79,0.83,0.0,0.0,8849.75,6870.24,1.0
p[2844],0.8,0.01,0.78,0.83,0.0,0.0,8530.76,6700.99,1.0
p[2845],0.63,0.02,0.59,0.66,0.0,0.0,9002.78,6943.49,1.0
p[2846],0.75,0.02,0.72,0.78,0.0,0.0,9179.04,6826.16,1.0
p[2847],0.91,0.01,0.89,0.93,0.0,0.0,10193.38,7265.27,1.0
p[2848],0.81,0.01,0.79,0.83,0.0,0.0,8949.95,6710.46,1.0
p[2849],0.83,0.01,0.8,0.85,0.0,0.0,9331.62,6417.6,1.0
p[2850],0.81,0.01,0.79,0.83,0.0,0.0,8945.99,6480.6,1.0
p[2851],0.86,0.01,0.84,0.88,0.0,0.0,8962.7,7142.73,1.0
p[2852],0.9,0.01,0.88,0.91,0.0,0.0,8506.56,7121.99,1.0
p[2853],0.86,0.01,0.84,0.88,0.0,0.0,8962.7,7142.73,1.0
p[2854],0.9,0.01,0.88,0.91,0.0,0.0,8506.29,7121.99,1.0
p[2855],0.81,0.01,0.79,0.83,0.0,0.0,8937.33,6649.22,1.0
p[2856],0.86,0.01,0.83,0.88,0.0,0.0,9678.15,6487.43,1.0
p[2857],0.87,0.01,0.85,0.9,0.0,0.0,9438.77,6431.25,1.0
p[2858],0.81,0.01,0.79,0.83,0.0,0.0,8927.09,6708.16,1.0
p[2859],0.81,0.01,0.79,0.83,0.0,0.0,8921.99,6799.25,1.0
p[2860],0.89,0.01,0.86,0.91,0.0,0.0,10724.28,7274.68,1.0
p[2861],0.63,0.02,0.6,0.67,0.0,0.0,9004.87,6954.85,1.0
p[2862],0.8,0.02,0.77,0.84,0.0,0.0,9469.18,6333.93,1.0
p[2863],0.81,0.01,0.79,0.83,0.0,0.0,8914.93,6902.89,1.0
p[2864],0.75,0.02,0.72,0.78,0.0,0.0,9171.02,6870.77,1.0
p[2865],0.83,0.01,0.81,0.86,0.0,0.0,9319.23,6509.12,1.0
p[2866],0.82,0.01,0.8,0.83,0.0,0.0,8909.47,6866.19,1.0
p[2867],0.91,0.01,0.89,0.93,0.0,0.0,10177.79,7300.04,1.0
p[2868],0.82,0.01,0.8,0.83,0.0,0.0,8899.98,6866.49,1.0
p[2869],0.82,0.01,0.8,0.83,0.0,0.0,8896.28,6897.16,1.0
p[2870],0.82,0.01,0.8,0.83,0.0,0.0,8895.93,6897.16,1.0
p[2871],0.86,0.01,0.84,0.89,0.0,0.0,8942.9,7074.86,1.0
p[2872],0.91,0.01,0.89,0.93,0.0,0.0,10170.34,7335.25,1.0
p[2873],0.64,0.02,0.6,0.68,0.0,0.0,9008.09,6891.3,1.0
p[2874],0.9,0.01,0.89,0.91,0.0,0.0,8496.36,7163.15,1.0
p[2875],0.76,0.02,0.73,0.79,0.0,0.0,9188.28,7012.19,1.0
p[2876],0.81,0.01,0.78,0.84,0.0,0.0,8501.25,6682.39,1.0
p[2877],0.83,0.01,0.81,0.86,0.0,0.0,9305.13,6415.95,1.0
p[2878],0.82,0.01,0.8,0.84,0.0,0.0,8880.86,7012.1,1.0
p[2879],0.9,0.01,0.89,0.92,0.0,0.0,8497.26,7163.27,1.0
p[2880],0.82,0.01,0.8,0.84,0.0,0.0,8873.45,7012.1,1.0
p[2881],0.86,0.01,0.84,0.89,0.0,0.0,9653.85,6542.98,1.0
p[2882],0.88,0.01,0.85,0.9,0.0,0.0,9413.28,6485.52,1.0
p[2883],0.9,0.01,0.89,0.92,0.0,0.0,8495.53,7129.92,1.0
p[2884],0.81,0.02,0.78,0.84,0.0,0.0,9416.56,6552.33,1.0
p[2885],0.65,0.02,0.61,0.68,0.0,0.0,9008.08,6984.36,1.0
p[2886],0.82,0.01,0.8,0.84,0.0,0.0,8855.5,7016.09,1.0
p[2887],0.82,0.01,0.8,0.84,0.0,0.0,8852.99,7016.09,1.0
p[2888],0.9,0.01,0.89,0.92,0.0,0.0,8494.06,7163.42,1.0
p[2889],0.82,0.01,0.8,0.84,0.0,0.0,8849.52,6920.18,1.0
p[2890],0.84,0.01,0.81,0.86,0.0,0.0,9289.02,6530.17,1.0
p[2891],0.76,0.02,0.73,0.79,0.0,0.0,9161.37,6888.3,1.0
p[2892],0.91,0.01,0.9,0.93,0.0,0.0,10160.03,7428.06,1.0
p[2893],0.82,0.01,0.8,0.84,0.0,0.0,8839.12,6946.4,1.0
p[2894],0.82,0.01,0.8,0.84,0.0,0.0,8833.62,6946.4,1.0
p[2895],0.82,0.01,0.8,0.84,0.0,0.0,8823.65,6943.95,1.0
p[2896],0.82,0.01,0.79,0.84,0.0,0.0,8481.84,6681.63,1.0
p[2897],0.77,0.02,0.74,0.8,0.0,0.0,9146.72,6793.82,1.0
p[2898],0.91,0.01,0.89,0.92,0.0,0.0,8477.86,7129.9,1.0
p[2899],0.83,0.01,0.81,0.84,0.0,0.0,8808.28,6943.61,1.0
p[2900],0.84,0.01,0.82,0.87,0.0,0.0,9272.13,6531.56,1.0
p[2901],0.83,0.01,0.81,0.85,0.0,0.0,8795.34,6944.45,1.0
p[2902],0.87,0.01,0.84,0.89,0.0,0.0,9625.1,6446.13,1.0
p[2903],0.91,0.01,0.89,0.92,0.0,0.0,8470.59,7030.77,1.0
p[2904],0.91,0.01,0.89,0.92,0.0,0.0,8470.59,7030.77,1.0
p[2905],0.82,0.02,0.79,0.85,0.0,0.0,9366.67,6577.73,1.0
p[2906],0.83,0.01,0.81,0.85,0.0,0.0,8786.42,6931.88,1.0
p[2907],0.9,0.01,0.87,0.92,0.0,0.0,10603.93,7235.83,1.0
p[2908],0.83,0.01,0.81,0.85,0.0,0.0,8782.04,6932.09,1.0
p[2909],0.83,0.01,0.81,0.85,0.0,0.0,8782.04,6932.09,1.0
p[2910],0.92,0.01,0.9,0.94,0.0,0.0,10136.04,7303.88,1.0
p[2911],0.92,0.01,0.9,0.94,0.0,0.0,10133.75,7303.88,1.0
p[2912],0.84,0.01,0.82,0.87,0.0,0.0,9260.83,6442.57,1.0
p[2913],0.77,0.02,0.74,0.8,0.0,0.0,9110.74,6716.59,1.0
p[2914],0.91,0.01,0.9,0.92,0.0,0.0,8460.07,7033.37,1.0
p[2915],0.83,0.01,0.81,0.85,0.0,0.0,8774.16,6932.11,1.0
p[2916],0.83,0.01,0.81,0.85,0.0,0.0,8773.52,6912.92,1.0
p[2917],0.66,0.02,0.62,0.7,0.0,0.0,9015.28,6901.64,1.0
p[2918],0.83,0.01,0.81,0.85,0.0,0.0,8766.04,6912.92,1.0
p[2919],0.83,0.01,0.81,0.85,0.0,0.0,8766.52,6912.4,1.0
p[2920],0.83,0.01,0.8,0.85,0.0,0.0,8459.45,6707.26,1.0
p[2921],0.91,0.01,0.9,0.92,0.0,0.0,8457.57,7033.77,1.0
p[2922],0.92,0.01,0.9,0.94,0.0,0.0,10124.76,7269.21,1.0
p[2923],0.66,0.02,0.63,0.7,0.0,0.0,9013.72,6899.36,1.0
p[2924],0.78,0.02,0.75,0.8,0.0,0.0,9088.97,6746.7,1.0
p[2925],0.91,0.01,0.9,0.92,0.0,0.0,8448.71,7033.37,1.0
p[2926],0.83,0.01,0.81,0.85,0.0,0.0,8751.02,6849.26,1.0
p[2927],0.87,0.01,0.85,0.9,0.0,0.0,9592.65,6446.82,1.0
p[2928],0.83,0.01,0.81,0.85,0.0,0.0,8741.0,6849.34,1.0
p[2929],0.89,0.01,0.87,0.91,0.0,0.0,9362.51,6540.74,1.0
p[2930],0.83,0.01,0.81,0.85,0.0,0.0,8740.33,6849.67,1.0
p[2931],0.83,0.02,0.8,0.86,0.0,0.0,9306.48,6607.35,1.0
p[2932],0.67,0.02,0.63,0.7,0.0,0.0,9015.54,7018.39,1.0
p[2933],0.91,0.01,0.9,0.92,0.0,0.0,8435.6,6980.42,1.0
p[2934],0.84,0.01,0.82,0.85,0.0,0.0,8727.59,6849.52,1.0
p[2935],0.9,0.01,0.88,0.92,0.0,0.0,10541.51,7259.0,1.0
p[2936],0.9,0.01,0.88,0.92,0.0,0.0,10541.51,7259.0,1.0
p[2937],0.85,0.01,0.83,0.87,0.0,0.0,9228.59,6611.41,1.0
p[2938],0.84,0.01,0.82,0.85,0.0,0.0,8720.82,6880.78,1.0
p[2939],0.78,0.02,0.75,0.81,0.0,0.0,9048.18,6727.03,1.0
p[2940],0.84,0.01,0.82,0.86,0.0,0.0,8705.27,6911.67,1.0
p[2941],0.91,0.01,0.9,0.93,0.0,0.0,8423.32,6888.7,1.0
p[2942],0.91,0.01,0.9,0.93,0.0,0.0,8423.32,6888.7,1.0
p[2943],0.83,0.01,0.81,0.86,0.0,0.0,8430.47,6405.31,1.0
p[2944],0.84,0.01,0.82,0.86,0.0,0.0,8699.05,6911.83,1.0
p[2945],0.67,0.02,0.64,0.71,0.0,0.0,9016.86,7217.3,1.0
p[2946],0.78,0.02,0.76,0.81,0.0,0.0,9032.52,6881.98,1.0
p[2947],0.92,0.01,0.91,0.94,0.0,0.0,10091.86,7001.13,1.0
p[2948],0.88,0.01,0.86,0.9,0.0,0.0,9562.39,6419.38,1.0
p[2949],0.84,0.01,0.82,0.86,0.0,0.0,8673.89,6698.3,1.0
p[2950],0.68,0.02,0.64,0.72,0.0,0.0,9017.95,7185.36,1.0
p[2951],0.88,0.01,0.86,0.91,0.0,0.0,8259.28,7104.09,1.0
p[2952],0.84,0.01,0.82,0.86,0.0,0.0,8664.24,6727.7,1.0
p[2953],0.86,0.01,0.83,0.88,0.0,0.0,9192.87,6701.98,1.0
p[2954],0.92,0.01,0.9,0.93,0.0,0.0,8404.63,6828.6,1.0
p[2955],0.84,0.01,0.83,0.86,0.0,0.0,8650.3,6787.07,1.0
p[2956],0.84,0.01,0.83,0.86,0.0,0.0,8649.89,6787.07,1.0
p[2957],0.89,0.01,0.86,0.91,0.0,0.0,8254.24,7070.17,1.0
p[2958],0.93,0.01,0.91,0.94,0.0,0.0,10063.61,7066.08,1.0
p[2959],0.69,0.02,0.65,0.72,0.0,0.0,9011.78,7085.68,1.0
p[2960],0.85,0.01,0.83,0.86,0.0,0.0,8645.57,6755.87,1.0
p[2961],0.92,0.01,0.91,0.93,0.0,0.0,8392.59,6734.16,1.0
p[2962],0.92,0.01,0.91,0.93,0.0,0.0,8392.59,6734.16,1.0
p[2963],0.85,0.01,0.83,0.86,0.0,0.0,8648.79,6817.0,1.0
p[2964],0.89,0.01,0.86,0.91,0.0,0.0,9544.58,6297.25,1.0
p[2965],0.85,0.01,0.83,0.86,0.0,0.0,8651.21,6817.0,1.0
p[2966],0.92,0.01,0.91,0.93,0.0,0.0,8387.86,6616.65,1.0
p[2967],0.69,0.02,0.65,0.73,0.0,0.0,9011.63,7185.62,1.0
p[2968],0.86,0.01,0.84,0.88,0.0,0.0,9158.48,6949.91,1.0
p[2969],0.92,0.01,0.91,0.93,0.0,0.0,8381.41,6674.12,1.0
p[2970],0.8,0.01,0.77,0.83,0.0,0.0,8937.88,6727.37,1.0
p[2971],0.93,0.01,0.91,0.94,0.0,0.0,10038.62,7075.97,1.0
p[2972],0.89,0.01,0.87,0.91,0.0,0.0,8241.2,7004.46,1.0
p[2973],0.85,0.02,0.82,0.88,0.0,0.0,8304.35,6946.49,1.0
p[2974],0.85,0.01,0.84,0.87,0.0,0.0,8627.08,6805.0,1.0
p[2975],0.85,0.01,0.84,0.87,0.0,0.0,8625.22,6805.0,1.0
p[2976],0.89,0.01,0.87,0.91,0.0,0.0,9482.97,6333.81,1.0
p[2977],0.92,0.01,0.91,0.93,0.0,0.0,8364.21,6878.58,1.0
p[2978],0.92,0.01,0.91,0.93,0.0,0.0,8364.21,6878.58,1.0
p[2979],0.7,0.02,0.66,0.74,0.0,0.0,9011.95,7217.49,1.0
p[2980],0.57,0.02,0.53,0.6,0.0,0.0,8739.09,7126.38,1.0
p[2981],0.59,0.03,0.54,0.64,0.0,0.0,9348.31,6644.52,1.0
p[2982],0.73,0.02,0.69,0.76,0.0,0.0,8876.86,7072.03,1.0
p[2983],0.48,0.02,0.43,0.53,0.0,0.0,9496.16,7052.87,1.0
p[2984],0.75,0.02,0.71,0.8,0.0,0.0,9657.59,6962.47,1.0
p[2985],0.65,0.03,0.61,0.7,0.0,0.0,8754.58,5978.43,1.0
p[2986],0.71,0.03,0.66,0.76,0.0,0.0,10726.38,6913.59,1.0
p[2987],0.58,0.02,0.54,0.61,0.0,0.0,8744.77,7041.34,1.0
p[2988],0.66,0.03,0.61,0.71,0.0,0.0,8746.07,6330.78,1.0
p[2989],0.35,0.02,0.31,0.39,0.0,0.0,9299.86,7044.72,1.0
p[2990],0.6,0.03,0.56,0.65,0.0,0.0,9339.61,6813.54,1.0
p[2991],0.76,0.02,0.72,0.81,0.0,0.0,9677.88,7056.2,1.0
p[2992],0.67,0.03,0.62,0.72,0.0,0.0,8736.2,6391.67,1.0
p[2993],0.49,0.02,0.45,0.54,0.0,0.0,9504.99,7020.12,1.0
p[2994],0.59,0.02,0.55,0.62,0.0,0.0,8745.1,7008.8,1.0
p[2995],0.36,0.02,0.32,0.4,0.0,0.0,9316.91,7076.47,1.0
p[2996],0.75,0.02,0.72,0.78,0.0,0.0,8857.53,6955.3,1.0
p[2997],0.59,0.02,0.56,0.63,0.0,0.0,8747.54,7002.91,1.0
p[2998],0.77,0.02,0.73,0.81,0.0,0.0,9683.64,6927.25,1.0
p[2999],0.68,0.02,0.63,0.72,0.0,0.0,8712.84,6528.29,1.0
p[3000],0.6,0.02,0.57,0.63,0.0,0.0,8750.11,6938.31,1.0
p[3001],0.37,0.02,0.33,0.41,0.0,0.0,9337.9,7075.83,1.0
p[3002],0.78,0.02,0.74,0.82,0.0,0.0,9701.07,6991.15,1.0
p[3003],0.69,0.02,0.65,0.74,0.0,0.0,8690.1,6392.73,1.0
p[3004],0.76,0.01,0.73,0.79,0.0,0.0,8824.48,6924.57,1.0
p[3005],0.61,0.02,0.58,0.65,0.0,0.0,8758.18,6876.17,1.0
p[3006],0.39,0.02,0.35,0.43,0.0,0.0,9355.04,7111.37,1.0
p[3007],0.79,0.02,0.75,0.83,0.0,0.0,9722.49,6896.65,1.0
p[3008],0.7,0.02,0.66,0.74,0.0,0.0,8671.49,6414.57,1.0
p[3009],0.62,0.02,0.59,0.66,0.0,0.0,8762.65,6694.18,1.0
p[3010],0.4,0.02,0.36,0.44,0.0,0.0,9366.42,7087.5,1.0
p[3011],0.54,0.02,0.5,0.58,0.0,0.0,9530.08,6826.58,1.0
p[3012],0.62,0.02,0.58,0.66,0.0,0.0,9422.16,6975.03,1.0
p[3013],0.8,0.02,0.76,0.83,0.0,0.0,9733.53,6921.27,1.0
p[3014],0.78,0.01,0.75,0.8,0.0,0.0,8780.4,6818.94,1.0
p[3015],0.63,0.02,0.6,0.67,0.0,0.0,8763.39,6637.59,1.0
p[3016],0.78,0.01,0.75,0.81,0.0,0.0,8776.45,6849.52,1.0
p[3017],0.64,0.02,0.61,0.67,0.0,0.0,8762.3,6666.44,1.0
p[3018],0.41,0.02,0.37,0.45,0.0,0.0,9379.75,7011.78,1.0
p[3019],0.64,0.02,0.61,0.67,0.0,0.0,8764.03,6696.45,1.0
p[3020],0.55,0.02,0.51,0.59,0.0,0.0,9531.53,6703.12,1.0
p[3021],0.64,0.02,0.61,0.67,0.0,0.0,8766.17,6725.95,1.0
p[3022],0.8,0.02,0.77,0.84,0.0,0.0,9734.01,6797.57,1.0
p[3023],0.63,0.02,0.59,0.67,0.0,0.0,9414.69,7011.71,1.0
p[3024],0.56,0.02,0.51,0.6,0.0,0.0,9533.22,6703.52,1.0
p[3025],0.42,0.02,0.38,0.46,0.0,0.0,9390.75,7189.01,1.0
p[3026],0.79,0.01,0.76,0.81,0.0,0.0,8753.61,6879.39,1.0
p[3027],0.79,0.01,0.76,0.81,0.0,0.0,8753.35,6894.36,1.0
p[3028],0.79,0.01,0.76,0.81,0.0,0.0,8749.77,6832.03,1.0
p[3029],0.74,0.02,0.7,0.79,0.0,0.0,9264.73,6503.76,1.0
p[3030],0.65,0.02,0.62,0.68,0.0,0.0,8767.43,6846.51,1.0
p[3031],0.79,0.01,0.76,0.81,0.0,0.0,8745.38,6831.84,1.0
p[3032],0.65,0.02,0.62,0.68,0.0,0.0,8767.23,6815.82,1.0
p[3033],0.77,0.02,0.73,0.81,0.0,0.0,10744.55,7236.14,1.0
p[3034],0.77,0.02,0.73,0.81,0.0,0.0,10744.55,7236.14,1.0
p[3035],0.65,0.02,0.62,0.68,0.0,0.0,8767.5,6815.87,1.0
p[3036],0.64,0.03,0.59,0.68,0.0,0.0,9742.38,7206.71,1.0
p[3037],0.65,0.02,0.62,0.68,0.0,0.0,8770.49,6909.41,1.0
p[3038],0.42,0.02,0.38,0.46,0.0,0.0,9401.1,7077.4,1.0
p[3039],0.57,0.02,0.52,0.61,0.0,0.0,9535.79,6674.05,1.0
p[3040],0.67,0.02,0.63,0.71,0.0,0.0,9271.73,6457.28,1.0
p[3041],0.65,0.02,0.62,0.68,0.0,0.0,8771.49,6847.4,1.0
p[3042],0.81,0.02,0.78,0.85,0.0,0.0,9742.33,6795.81,1.0
p[3043],0.65,0.02,0.61,0.68,0.0,0.0,9413.47,6709.33,1.0
p[3044],0.57,0.02,0.53,0.61,0.0,0.0,9534.59,6673.74,1.0
p[3045],0.43,0.02,0.39,0.47,0.0,0.0,9410.25,6885.23,1.0
p[3046],0.8,0.01,0.77,0.82,0.0,0.0,8723.77,6925.37,1.0
p[3047],0.8,0.01,0.77,0.82,0.0,0.0,8723.25,6925.37,1.0
p[3048],0.66,0.02,0.63,0.69,0.0,0.0,8768.34,6846.79,1.0
p[3049],0.66,0.02,0.63,0.69,0.0,0.0,8768.56,6877.96,1.0
p[3050],0.75,0.02,0.71,0.79,0.0,0.0,9243.8,6525.92,1.0
p[3051],0.73,0.02,0.68,0.77,0.0,0.0,9674.46,6807.17,1.0
p[3052],0.8,0.01,0.77,0.82,0.0,0.0,8715.11,6909.97,1.0
p[3053],0.66,0.02,0.63,0.69,0.0,0.0,8768.2,6601.86,1.0
p[3054],0.8,0.01,0.78,0.82,0.0,0.0,8712.35,6941.76,1.0
p[3055],0.66,0.02,0.63,0.69,0.0,0.0,8768.09,6804.46,1.0
p[3056],0.65,0.03,0.6,0.7,0.0,0.0,9737.56,7241.35,1.0
p[3057],0.8,0.01,0.78,0.82,0.0,0.0,8708.71,6941.18,1.0
p[3058],0.44,0.02,0.4,0.48,0.0,0.0,9413.27,6853.78,1.0
p[3059],0.66,0.02,0.63,0.69,0.0,0.0,8770.51,6816.15,1.0
p[3060],0.78,0.02,0.74,0.82,0.0,0.0,10737.01,7291.79,1.0
p[3061],0.58,0.02,0.54,0.62,0.0,0.0,9535.88,6556.04,1.0
p[3062],0.69,0.02,0.65,0.73,0.0,0.0,9250.54,6431.99,1.0
p[3063],0.82,0.02,0.78,0.85,0.0,0.0,9753.41,6797.86,1.0
p[3064],0.66,0.02,0.63,0.69,0.0,0.0,8769.49,6717.51,1.0
p[3065],0.66,0.02,0.63,0.69,0.0,0.0,8769.58,6755.46,1.0
p[3066],0.66,0.02,0.62,0.7,0.0,0.0,9396.44,6697.14,1.0
p[3067],0.82,0.02,0.79,0.85,0.0,0.0,9756.03,6768.85,1.0
p[3068],0.58,0.02,0.54,0.62,0.0,0.0,9532.56,6473.98,1.0
p[3069],0.44,0.02,0.4,0.48,0.0,0.0,9418.83,6793.38,1.0
p[3070],0.8,0.01,0.78,0.83,0.0,0.0,8693.39,6924.77,1.0
p[3071],0.8,0.01,0.78,0.83,0.0,0.0,8692.39,6924.77,1.0
p[3072],0.67,0.02,0.64,0.7,0.0,0.0,8770.44,6696.14,1.0
p[3073],0.8,0.01,0.78,0.83,0.0,0.0,8689.0,6924.45,1.0
p[3074],0.76,0.02,0.72,0.8,0.0,0.0,9227.64,6669.05,1.0
p[3075],0.74,0.02,0.7,0.78,0.0,0.0,9652.69,6839.65,1.0
p[3076],0.67,0.02,0.64,0.7,0.0,0.0,8769.61,6666.51,1.0
p[3077],0.67,0.02,0.64,0.7,0.0,0.0,8769.61,6666.51,1.0
p[3078],0.67,0.02,0.64,0.7,0.0,0.0,8769.27,6608.76,1.0
p[3079],0.81,0.01,0.78,0.83,0.0,0.0,8683.32,6973.65,1.0
p[3080],0.67,0.02,0.64,0.7,0.0,0.0,8768.98,6638.02,1.0
p[3081],0.79,0.02,0.75,0.83,0.0,0.0,10721.64,7271.97,1.0
p[3082],0.66,0.03,0.61,0.71,0.0,0.0,9729.54,7238.54,1.0
p[3083],0.79,0.02,0.75,0.83,0.0,0.0,10721.64,7271.97,1.0
p[3084],0.45,0.02,0.41,0.49,0.0,0.0,9425.45,6811.13,1.0
p[3085],0.67,0.02,0.64,0.7,0.0,0.0,8768.04,6638.02,1.0
p[3086],0.67,0.02,0.64,0.7,0.0,0.0,8767.31,6608.88,1.0
p[3087],0.7,0.02,0.66,0.73,0.0,0.0,9226.89,6507.26,1.0
p[3088],0.83,0.02,0.79,0.86,0.0,0.0,9761.66,6725.92,1.0
p[3089],0.59,0.02,0.55,0.63,0.0,0.0,9530.0,6491.06,1.0
p[3090],0.67,0.01,0.65,0.7,0.0,0.0,8768.0,6666.87,1.0
p[3091],0.83,0.02,0.79,0.86,0.0,0.0,9761.51,6710.8,1.0
p[3092],0.81,0.01,0.79,0.83,0.0,0.0,8670.19,6974.41,1.0
p[3093],0.59,0.02,0.55,0.63,0.0,0.0,9528.59,6490.93,1.0
p[3094],0.45,0.02,0.42,0.5,0.0,0.0,9430.55,6702.53,1.0
p[3095],0.81,0.01,0.79,0.83,0.0,0.0,8664.08,6974.41,1.0
p[3096],0.81,0.01,0.79,0.83,0.0,0.0,8663.41,6974.41,1.0
p[3097],0.81,0.01,0.79,0.83,0.0,0.0,8661.85,6974.41,1.0
p[3098],0.68,0.01,0.65,0.71,0.0,0.0,8768.31,6656.31,1.0
p[3099],0.77,0.02,0.73,0.81,0.0,0.0,9209.86,6668.65,1.0
p[3100],0.68,0.01,0.65,0.71,0.0,0.0,8769.35,6656.31,1.0
p[3101],0.68,0.01,0.65,0.71,0.0,0.0,8769.35,6656.31,1.0
p[3102],0.75,0.02,0.7,0.79,0.0,0.0,9637.88,6754.32,1.0
p[3103],0.81,0.01,0.79,0.84,0.0,0.0,8652.54,7088.11,1.0
p[3104],0.68,0.01,0.65,0.71,0.0,0.0,8768.6,6627.88,1.0
p[3105],0.68,0.01,0.66,0.71,0.0,0.0,8769.15,6627.85,1.0
p[3106],0.81,0.01,0.79,0.84,0.0,0.0,8647.59,7121.57,1.0
p[3107],0.67,0.02,0.63,0.72,0.0,0.0,9724.13,7237.88,1.0
p[3108],0.68,0.01,0.66,0.71,0.0,0.0,8771.7,6598.71,1.0
p[3109],0.46,0.02,0.42,0.5,0.0,0.0,9436.91,6699.87,1.0
p[3110],0.82,0.01,0.79,0.84,0.0,0.0,8645.17,7088.37,1.0
p[3111],0.68,0.01,0.66,0.71,0.0,0.0,8771.63,6570.3,1.0
p[3112],0.83,0.02,0.8,0.86,0.0,0.0,9765.53,6869.59,1.0
p[3113],0.76,0.02,0.72,0.8,0.0,0.0,8550.47,6785.72,1.0
p[3114],0.6,0.02,0.56,0.64,0.0,0.0,9516.98,6638.47,1.0
p[3115],0.71,0.02,0.67,0.75,0.0,0.0,9202.55,6574.68,1.0
p[3116],0.8,0.02,0.76,0.83,0.0,0.0,10693.67,6988.8,1.0
p[3117],0.69,0.01,0.66,0.71,0.0,0.0,8770.28,6513.54,1.0
p[3118],0.69,0.01,0.66,0.71,0.0,0.0,8770.25,6485.82,1.0
p[3119],0.69,0.01,0.66,0.71,0.0,0.0,8769.87,6527.6,1.0
p[3120],0.68,0.02,0.65,0.72,0.0,0.0,9359.34,6690.26,1.0
p[3121],0.47,0.02,0.43,0.51,0.0,0.0,9434.04,6697.57,1.0
p[3122],0.82,0.01,0.8,0.84,0.0,0.0,8632.19,7189.25,1.0
p[3123],0.61,0.02,0.57,0.65,0.0,0.0,9517.53,6462.02,1.0
p[3124],0.82,0.01,0.8,0.84,0.0,0.0,8629.33,7189.11,1.0
p[3125],0.82,0.01,0.8,0.84,0.0,0.0,8625.12,7189.25,1.0
p[3126],0.69,0.01,0.66,0.72,0.0,0.0,8769.39,6431.89,1.0
p[3127],0.69,0.01,0.66,0.72,0.0,0.0,8769.39,6431.89,1.0
p[3128],0.76,0.02,0.72,0.8,0.0,0.0,9616.75,6872.61,1.0
p[3129],0.84,0.02,0.81,0.87,0.0,0.0,9771.07,6735.07,1.0
p[3130],0.78,0.02,0.74,0.82,0.0,0.0,9192.82,6698.05,1.0
p[3131],0.82,0.01,0.8,0.84,0.0,0.0,8619.49,7154.76,1.0
p[3132],0.84,0.02,0.81,0.87,0.0,0.0,9776.15,6637.69,1.0
p[3133],0.76,0.02,0.73,0.8,0.0,0.0,9376.39,6172.63,1.0
p[3134],0.8,0.02,0.77,0.84,0.0,0.0,10674.15,6775.09,1.0
p[3135],0.8,0.02,0.77,0.84,0.0,0.0,10674.15,6775.09,1.0
p[3136],0.69,0.01,0.67,0.72,0.0,0.0,8768.64,6422.39,1.0
p[3137],0.68,0.02,0.64,0.73,0.0,0.0,9709.92,7239.48,1.0
p[3138],0.69,0.01,0.67,0.72,0.0,0.0,8769.34,6391.02,1.0
p[3139],0.47,0.02,0.44,0.52,0.0,0.0,9433.47,6709.11,1.0
p[3140],0.82,0.01,0.8,0.84,0.0,0.0,8612.23,7154.73,1.0
p[3141],0.7,0.01,0.67,0.72,0.0,0.0,8769.82,6348.36,1.0
p[3142],0.84,0.02,0.81,0.87,0.0,0.0,9776.73,6608.34,1.0
p[3143],0.61,0.02,0.58,0.65,0.0,0.0,9516.23,6405.97,1.0
p[3144],0.72,0.02,0.68,0.76,0.0,0.0,9177.6,6453.11,1.0
p[3145],0.82,0.01,0.8,0.84,0.0,0.0,8607.76,7222.61,1.0
p[3146],0.7,0.01,0.67,0.72,0.0,0.0,8768.6,6372.08,1.0
p[3147],0.7,0.01,0.67,0.72,0.0,0.0,8769.43,6345.38,1.0
p[3148],0.84,0.02,0.81,0.87,0.0,0.0,9778.75,6579.19,1.0
p[3149],0.69,0.02,0.66,0.73,0.0,0.0,9334.08,6511.07,1.0
p[3150],0.62,0.02,0.58,0.66,0.0,0.0,9512.72,6350.46,1.0
p[3151],0.48,0.02,0.44,0.52,0.0,0.0,9436.31,6829.11,1.0
p[3152],0.83,0.01,0.81,0.85,0.0,0.0,8598.37,7223.19,1.0
p[3153],0.83,0.01,0.81,0.85,0.0,0.0,8598.37,7223.19,1.0
p[3154],0.83,0.01,0.81,0.85,0.0,0.0,8593.92,7223.58,1.0
p[3155],0.7,0.01,0.68,0.73,0.0,0.0,8773.45,6268.49,1.0
p[3156],0.7,0.01,0.68,0.73,0.0,0.0,8773.22,6268.08,1.0
p[3157],0.79,0.02,0.75,0.83,0.0,0.0,9175.52,6787.28,1.0
p[3158],0.77,0.02,0.73,0.81,0.0,0.0,9587.91,6872.49,1.0
p[3159],0.7,0.01,0.68,0.73,0.0,0.0,8774.4,6268.14,1.0
p[3160],0.81,0.02,0.77,0.85,0.0,0.0,10646.05,6867.84,1.0
p[3161],0.83,0.01,0.81,0.85,0.0,0.0,8586.36,7189.02,1.0
p[3162],0.69,0.02,0.65,0.74,0.0,0.0,9692.07,7305.47,1.0
p[3163],0.7,0.01,0.68,0.73,0.0,0.0,8773.39,6294.78,1.0
p[3164],0.7,0.01,0.68,0.73,0.0,0.0,8773.39,6294.78,1.0
p[3165],0.71,0.01,0.68,0.73,0.0,0.0,8771.7,6294.78,1.0
p[3166],0.49,0.02,0.45,0.53,0.0,0.0,9434.85,6741.08,1.0
p[3167],0.85,0.02,0.82,0.88,0.0,0.0,9779.25,6571.92,1.0
p[3168],0.63,0.02,0.59,0.67,0.0,0.0,9507.87,6625.6,1.0
p[3169],0.73,0.02,0.69,0.76,0.0,0.0,9159.72,6422.1,1.0
p[3170],0.71,0.01,0.68,0.73,0.0,0.0,8771.87,6266.13,1.0
p[3171],0.71,0.01,0.68,0.73,0.0,0.0,8771.87,6266.13,1.0
p[3172],0.83,0.01,0.81,0.85,0.0,0.0,8574.33,7155.74,1.0
p[3173],0.71,0.01,0.68,0.73,0.0,0.0,8771.2,6240.48,1.0
p[3174],0.7,0.02,0.67,0.74,0.0,0.0,9311.15,6622.91,1.0
p[3175],0.63,0.02,0.59,0.67,0.0,0.0,9505.05,6566.75,1.0
p[3176],0.49,0.02,0.45,0.53,0.0,0.0,9432.32,6676.21,1.0
p[3177],0.83,0.01,0.81,0.85,0.0,0.0,8565.3,7190.39,1.0
p[3178],0.8,0.02,0.76,0.83,0.0,0.0,9147.15,6898.36,1.0
p[3179],0.71,0.01,0.69,0.74,0.0,0.0,8770.74,6215.93,1.0
p[3180],0.77,0.02,0.74,0.81,0.0,0.0,9563.51,6649.2,1.0
p[3181],0.84,0.01,0.82,0.85,0.0,0.0,8559.76,7258.78,1.0
p[3182],0.71,0.01,0.69,0.74,0.0,0.0,8771.74,6253.58,1.0
p[3183],0.71,0.01,0.69,0.74,0.0,0.0,8771.53,6253.58,1.0
p[3184],0.78,0.02,0.75,0.81,0.0,0.0,9313.14,6238.82,1.0
p[3185],0.7,0.02,0.66,0.75,0.0,0.0,9672.66,7167.01,1.0
p[3186],0.72,0.01,0.69,0.74,0.0,0.0,8771.66,6331.4,1.0
p[3187],0.5,0.02,0.46,0.54,0.0,0.0,9437.38,6588.86,1.0
p[3188],0.72,0.01,0.69,0.74,0.0,0.0,8771.05,6251.98,1.0
p[3189],0.85,0.02,0.82,0.88,0.0,0.0,9774.33,6570.53,1.0
p[3190],0.74,0.02,0.7,0.77,0.0,0.0,9132.03,6476.85,1.0
p[3191],0.64,0.02,0.6,0.68,0.0,0.0,9499.37,6509.5,1.0
p[3192],0.85,0.02,0.83,0.88,0.0,0.0,9774.19,6570.53,1.0
p[3193],0.84,0.01,0.82,0.86,0.0,0.0,8543.37,7038.11,1.0
p[3194],0.72,0.01,0.69,0.74,0.0,0.0,8770.66,6163.08,1.0
p[3195],0.71,0.02,0.68,0.75,0.0,0.0,9290.47,6451.07,1.0
p[3196],0.64,0.02,0.6,0.68,0.0,0.0,9497.82,6562.35,1.0
p[3197],0.82,0.02,0.79,0.86,0.0,0.0,10598.36,7026.02,1.0
p[3198],0.72,0.01,0.7,0.75,0.0,0.0,8773.68,6188.09,1.0
p[3199],0.84,0.01,0.82,0.86,0.0,0.0,8533.92,6848.46,1.0
p[3200],0.81,0.02,0.77,0.84,0.0,0.0,9130.52,7004.05,1.0
p[3201],0.72,0.01,0.7,0.75,0.0,0.0,8769.33,6236.59,1.0
p[3202],0.72,0.01,0.7,0.75,0.0,0.0,8769.21,6236.59,1.0
p[3203],0.86,0.01,0.83,0.89,0.0,0.0,9770.1,6633.2,1.0
p[3204],0.78,0.02,0.75,0.82,0.0,0.0,9536.23,6421.19,1.0
p[3205],0.84,0.01,0.82,0.86,0.0,0.0,8520.31,6773.55,1.0
p[3206],0.71,0.02,0.67,0.76,0.0,0.0,9655.81,7201.45,1.0
p[3207],0.84,0.01,0.82,0.86,0.0,0.0,8519.01,6771.77,1.0
p[3208],0.73,0.01,0.7,0.75,0.0,0.0,8768.13,6215.72,1.0
p[3209],0.83,0.02,0.79,0.86,0.0,0.0,10573.96,7043.26,1.0
p[3210],0.83,0.02,0.79,0.86,0.0,0.0,10573.96,7043.26,1.0
p[3211],0.73,0.01,0.7,0.75,0.0,0.0,8766.67,6166.59,1.0
p[3212],0.51,0.02,0.47,0.55,0.0,0.0,9427.09,6449.54,1.0
p[3213],0.73,0.01,0.7,0.75,0.0,0.0,8766.39,6204.42,1.0
p[3214],0.65,0.02,0.61,0.69,0.0,0.0,9487.9,6467.22,1.0
p[3215],0.83,0.02,0.79,0.86,0.0,0.0,10570.04,7043.26,1.0
p[3216],0.75,0.02,0.71,0.78,0.0,0.0,9100.41,6436.04,1.0
p[3217],0.73,0.01,0.7,0.75,0.0,0.0,8765.7,6204.42,1.0
p[3218],0.86,0.01,0.83,0.89,0.0,0.0,9764.92,6633.11,1.0
p[3219],0.73,0.01,0.7,0.75,0.0,0.0,8766.55,6157.45,1.0
p[3220],0.72,0.02,0.69,0.76,0.0,0.0,9266.27,6497.12,1.0
p[3221],0.65,0.02,0.62,0.69,0.0,0.0,9480.28,6584.51,1.0
p[3222],0.86,0.01,0.83,0.89,0.0,0.0,9761.74,6721.35,1.0
p[3223],0.52,0.02,0.48,0.56,0.0,0.0,9422.69,6533.63,1.0
p[3224],0.73,0.01,0.71,0.76,0.0,0.0,8764.7,6180.71,1.0
p[3225],0.85,0.01,0.83,0.87,0.0,0.0,8502.57,6699.6,1.0
p[3226],0.81,0.02,0.78,0.85,0.0,0.0,9106.39,6962.69,1.0
p[3227],0.8,0.02,0.77,0.83,0.0,0.0,9224.15,6019.99,1.0
p[3228],0.85,0.01,0.83,0.87,0.0,0.0,8500.17,6771.15,1.0
p[3229],0.73,0.01,0.71,0.76,0.0,0.0,8766.5,6178.95,1.0
p[3230],0.73,0.01,0.71,0.76,0.0,0.0,8765.31,6194.04,1.0
p[3231],0.79,0.02,0.76,0.83,0.0,0.0,9510.79,6476.1,1.0
p[3232],0.73,0.01,0.71,0.76,0.0,0.0,8764.98,6220.17,1.0
p[3233],0.73,0.01,0.71,0.76,0.0,0.0,8767.38,6271.84,1.0
p[3234],0.85,0.01,0.83,0.87,0.0,0.0,8494.25,6865.59,1.0
p[3235],0.72,0.02,0.68,0.77,0.0,0.0,9634.6,7163.62,1.0
p[3236],0.74,0.01,0.71,0.76,0.0,0.0,8767.46,6271.41,1.0
p[3237],0.74,0.01,0.71,0.76,0.0,0.0,8766.11,6270.57,1.0
p[3238],0.52,0.02,0.49,0.56,0.0,0.0,9412.82,6422.01,1.0
p[3239],0.85,0.01,0.83,0.87,0.0,0.0,8488.57,6890.24,1.0
p[3240],0.74,0.01,0.71,0.76,0.0,0.0,8766.74,6296.07,1.0
p[3241],0.87,0.01,0.84,0.89,0.0,0.0,9757.22,6762.54,1.0
p[3242],0.76,0.02,0.72,0.79,0.0,0.0,9077.42,6548.92,1.0
p[3243],0.66,0.02,0.63,0.7,0.0,0.0,9462.18,6713.14,1.0
p[3244],0.74,0.01,0.71,0.76,0.0,0.0,8765.18,6269.67,1.0
p[3245],0.84,0.02,0.8,0.87,0.0,0.0,10535.11,7193.32,1.0
p[3246],0.73,0.02,0.7,0.77,0.0,0.0,9247.24,6838.42,1.0
p[3247],0.74,0.01,0.72,0.76,0.0,0.0,8767.86,6323.23,1.0
p[3248],0.67,0.02,0.63,0.7,0.0,0.0,9455.94,6626.12,1.0
p[3249],0.53,0.02,0.49,0.57,0.0,0.0,9408.96,6477.4,1.0
p[3250],0.85,0.01,0.84,0.87,0.0,0.0,8475.22,6944.79,1.0
p[3251],0.74,0.01,0.72,0.77,0.0,0.0,8765.77,6277.83,1.0
p[3252],0.8,0.02,0.77,0.84,0.0,0.0,9481.17,6505.75,1.0
p[3253],0.82,0.02,0.79,0.85,0.0,0.0,9084.19,6931.36,1.0
p[3254],0.87,0.01,0.84,0.89,0.0,0.0,9754.26,6659.35,1.0
p[3255],0.74,0.01,0.72,0.77,0.0,0.0,8764.95,6279.68,1.0
p[3256],0.74,0.01,0.72,0.77,0.0,0.0,8764.46,6279.91,1.0
p[3257],0.86,0.01,0.84,0.87,0.0,0.0,8462.98,7006.28,1.0
p[3258],0.73,0.02,0.69,0.78,0.0,0.0,9609.61,7257.3,1.0
p[3259],0.86,0.01,0.84,0.87,0.0,0.0,8460.75,7138.74,1.0
p[3260],0.75,0.01,0.72,0.77,0.0,0.0,8760.0,6203.04,1.0
p[3261],0.75,0.01,0.72,0.77,0.0,0.0,8759.67,6203.04,1.0
p[3262],0.54,0.02,0.5,0.58,0.0,0.0,9406.99,6370.12,1.0
p[3263],0.75,0.01,0.72,0.77,0.0,0.0,8762.83,6153.51,1.0
p[3264],0.67,0.02,0.63,0.71,0.0,0.0,9440.25,6561.32,1.0
p[3265],0.87,0.01,0.85,0.9,0.0,0.0,9753.31,6601.85,1.0
p[3266],0.75,0.01,0.72,0.77,0.0,0.0,8761.5,6198.03,1.0
p[3267],0.77,0.02,0.73,0.8,0.0,0.0,9044.08,6535.27,1.0
p[3268],0.75,0.01,0.72,0.77,0.0,0.0,8761.26,6200.68,1.0
p[3269],0.75,0.01,0.72,0.77,0.0,0.0,8761.02,6200.68,1.0
p[3270],0.74,0.02,0.71,0.77,0.0,0.0,9222.47,6848.43,1.0
p[3271],0.86,0.01,0.84,0.88,0.0,0.0,8450.88,7073.32,1.0
p[3272],0.81,0.02,0.78,0.84,0.0,0.0,9137.0,6367.33,1.0
p[3273],0.54,0.02,0.5,0.58,0.0,0.0,9403.15,6353.1,1.0
p[3274],0.86,0.01,0.84,0.88,0.0,0.0,8446.61,7073.99,1.0
p[3275],0.68,0.02,0.64,0.71,0.0,0.0,9426.55,6531.88,1.0
p[3276],0.87,0.01,0.85,0.9,0.0,0.0,9753.47,6541.3,1.0
p[3277],0.83,0.02,0.8,0.86,0.0,0.0,9063.76,6821.47,1.0
p[3278],0.75,0.01,0.73,0.78,0.0,0.0,8762.45,6218.92,1.0
p[3279],0.86,0.01,0.84,0.88,0.0,0.0,8442.89,7073.35,1.0
p[3280],0.75,0.01,0.73,0.78,0.0,0.0,8762.33,6296.18,1.0
p[3281],0.85,0.02,0.81,0.88,0.0,0.0,10479.4,7263.46,1.0
p[3282],0.81,0.02,0.78,0.84,0.0,0.0,9443.35,6533.84,1.0
p[3283],0.86,0.01,0.84,0.88,0.0,0.0,8440.77,7039.9,1.0
p[3284],0.74,0.02,0.7,0.78,0.0,0.0,9566.33,7264.3,1.0
p[3285],0.88,0.01,0.85,0.9,0.0,0.0,9750.05,6614.39,1.0
p[3286],0.55,0.02,0.51,0.59,0.0,0.0,9403.94,6307.37,1.0
p[3287],0.76,0.01,0.73,0.78,0.0,0.0,8758.38,6288.76,1.0
p[3288],0.86,0.01,0.85,0.88,0.0,0.0,8436.58,7040.44,1.0
p[3289],0.86,0.01,0.85,0.88,0.0,0.0,8433.9,7073.8,1.0
p[3290],0.76,0.01,0.73,0.78,0.0,0.0,8757.24,6316.79,1.0
p[3291],0.76,0.01,0.73,0.78,0.0,0.0,8757.24,6316.79,1.0
p[3292],0.68,0.02,0.65,0.72,0.0,0.0,9391.6,6429.39,1.0
p[3293],0.78,0.02,0.74,0.81,0.0,0.0,9013.54,6678.46,1.0
p[3294],0.88,0.01,0.85,0.9,0.0,0.0,9747.34,6702.2,1.0
p[3295],0.76,0.01,0.74,0.78,0.0,0.0,8760.42,6315.34,1.0
p[3296],0.75,0.02,0.72,0.78,0.0,0.0,9197.14,7076.61,1.0
p[3297],0.88,0.01,0.85,0.9,0.0,0.0,9745.13,6702.81,1.0
p[3298],0.69,0.02,0.65,0.72,0.0,0.0,9376.48,6322.69,1.0
p[3299],0.56,0.02,0.52,0.6,0.0,0.0,9404.09,6265.27,1.0
p[3300],0.82,0.02,0.79,0.85,0.0,0.0,9077.43,6480.73,1.0
p[3301],0.82,0.02,0.79,0.85,0.0,0.0,9077.43,6480.73,1.0
p[3302],0.76,0.01,0.74,0.78,0.0,0.0,8759.54,6220.21,1.0
p[3303],0.84,0.02,0.81,0.87,0.0,0.0,9034.7,6772.55,1.0
p[3304],0.76,0.01,0.74,0.79,0.0,0.0,8760.7,6181.9,1.0
p[3305],0.87,0.01,0.85,0.89,0.0,0.0,8419.39,6981.1,1.0
p[3306],0.75,0.02,0.71,0.79,0.0,0.0,9521.1,7140.78,1.0
p[3307],0.76,0.01,0.74,0.79,0.0,0.0,8760.88,6233.6,1.0
p[3308],0.87,0.01,0.85,0.89,0.0,0.0,8419.26,6981.1,1.0
p[3309],0.87,0.01,0.85,0.89,0.0,0.0,8418.79,6980.71,1.0
p[3310],0.76,0.01,0.74,0.79,0.0,0.0,8760.0,6195.5,1.0
p[3311],0.56,0.02,0.52,0.6,0.0,0.0,9400.02,6292.45,1.0
p[3312],0.82,0.02,0.79,0.85,0.0,0.0,9404.16,6562.63,1.0
p[3313],0.76,0.01,0.74,0.79,0.0,0.0,8760.0,6170.76,1.0
p[3314],0.85,0.02,0.82,0.88,0.0,0.0,10426.38,6991.68,1.0
p[3315],0.77,0.01,0.74,0.79,0.0,0.0,8760.05,6295.9,1.0
p[3316],0.7,0.02,0.66,0.73,0.0,0.0,9340.59,6084.84,1.0
p[3317],0.77,0.01,0.74,0.79,0.0,0.0,8759.23,6299.43,1.0
p[3318],0.77,0.01,0.74,0.79,0.0,0.0,8759.23,6299.43,1.0
p[3319],0.88,0.01,0.86,0.91,0.0,0.0,9729.64,6741.68,1.0
p[3320],0.77,0.01,0.74,0.79,0.0,0.0,8759.5,6323.51,1.0
p[3321],0.79,0.02,0.75,0.82,0.0,0.0,8983.23,6650.21,1.0
p[3322],0.76,0.02,0.73,0.79,0.0,0.0,9163.3,7050.2,1.0
p[3323],0.7,0.02,0.66,0.73,0.0,0.0,9330.32,6108.97,1.0
p[3324],0.57,0.02,0.53,0.61,0.0,0.0,9398.6,6216.29,1.0
p[3325],0.88,0.01,0.86,0.91,0.0,0.0,9725.21,6756.97,1.0
p[3326],0.87,0.01,0.86,0.89,0.0,0.0,8405.53,7040.79,1.0
p[3327],0.87,0.01,0.86,0.89,0.0,0.0,8404.95,7040.79,1.0
p[3328],0.77,0.01,0.75,0.79,0.0,0.0,8758.52,6441.73,1.0
p[3329],0.77,0.01,0.75,0.79,0.0,0.0,8759.34,6414.47,1.0
p[3330],0.77,0.01,0.75,0.79,0.0,0.0,8759.34,6414.47,1.0
p[3331],0.77,0.01,0.75,0.79,0.0,0.0,8759.08,6428.51,1.0
p[3332],0.76,0.02,0.72,0.8,0.0,0.0,9472.21,7121.91,1.0
p[3333],0.83,0.02,0.79,0.86,0.0,0.0,9379.55,6475.61,1.0
p[3334],0.77,0.01,0.75,0.8,0.0,0.0,8758.57,6359.95,1.0
p[3335],0.87,0.01,0.86,0.89,0.0,0.0,8396.37,7068.43,1.0
p[3336],0.58,0.02,0.54,0.62,0.0,0.0,9392.96,6190.38,1.0
p[3337],0.88,0.01,0.86,0.89,0.0,0.0,8397.05,7068.43,1.0
p[3338],0.77,0.01,0.75,0.8,0.0,0.0,8757.98,6387.64,1.0
p[3339],0.79,0.02,0.76,0.82,0.0,0.0,8958.46,6679.26,1.0
p[3340],0.71,0.02,0.67,0.74,0.0,0.0,9299.16,6066.4,1.0
p[3341],0.89,0.01,0.86,0.91,0.0,0.0,9718.63,6772.01,1.0
p[3342],0.78,0.01,0.75,0.8,0.0,0.0,8756.47,6451.9,1.0
p[3343],0.88,0.01,0.86,0.89,0.0,0.0,8394.85,7054.55,1.0
p[3344],0.88,0.01,0.86,0.89,0.0,0.0,8394.85,7054.55,1.0
p[3345],0.89,0.01,0.87,0.91,0.0,0.0,9715.51,6771.36,1.0
p[3346],0.77,0.02,0.74,0.8,0.0,0.0,9122.9,7083.79,1.0
p[3347],0.71,0.02,0.67,0.74,0.0,0.0,9287.58,6018.99,1.0
p[3348],0.58,0.02,0.54,0.62,0.0,0.0,9387.37,6241.6,1.0
p[3349],0.78,0.01,0.75,0.8,0.0,0.0,8755.33,6423.82,1.0
p[3350],0.88,0.01,0.86,0.89,0.0,0.0,8393.88,7021.95,1.0
p[3351],0.78,0.01,0.76,0.8,0.0,0.0,8754.47,6425.07,1.0
p[3352],0.85,0.02,0.82,0.88,0.0,0.0,8996.65,6567.45,1.0
p[3353],0.88,0.01,0.86,0.9,0.0,0.0,8391.65,6957.98,1.0
p[3354],0.78,0.01,0.76,0.8,0.0,0.0,8752.64,6398.29,1.0
p[3355],0.83,0.02,0.8,0.86,0.0,0.0,9350.95,6622.53,1.0
p[3356],0.77,0.02,0.73,0.81,0.0,0.0,9423.92,7132.86,1.0
p[3357],0.78,0.01,0.76,0.8,0.0,0.0,8752.69,6424.78,1.0
p[3358],0.88,0.01,0.86,0.9,0.0,0.0,8389.16,7088.96,1.0
p[3359],0.59,0.02,0.55,0.63,0.0,0.0,9373.69,6293.01,1.0
p[3360],0.78,0.01,0.76,0.8,0.0,0.0,8752.28,6396.84,1.0
p[3361],0.87,0.01,0.84,0.89,0.0,0.0,10334.01,7133.55,1.0
p[3362],0.78,0.01,0.76,0.81,0.0,0.0,8750.22,6397.17,1.0
p[3363],0.78,0.01,0.76,0.81,0.0,0.0,8751.07,6478.72,1.0
p[3364],0.72,0.02,0.68,0.75,0.0,0.0,9254.7,6190.49,1.0
p[3365],0.78,0.01,0.76,0.81,0.0,0.0,8750.42,6447.32,1.0
p[3366],0.79,0.01,0.76,0.81,0.0,0.0,8749.85,6502.61,1.0
p[3367],0.89,0.01,0.87,0.92,0.0,0.0,9703.53,6800.14,1.0
p[3368],0.88,0.01,0.87,0.9,0.0,0.0,8382.31,7056.25,1.0
p[3369],0.78,0.02,0.75,0.81,0.0,0.0,9069.31,7130.29,1.0
p[3370],0.89,0.01,0.87,0.92,0.0,0.0,9704.16,6829.4,1.0
p[3371],0.8,0.02,0.77,0.83,0.0,0.0,8930.46,6953.71,1.0
p[3372],0.59,0.02,0.56,0.63,0.0,0.0,9350.13,6323.38,1.0
p[3373],0.72,0.02,0.69,0.76,0.0,0.0,9232.44,6291.34,1.0
p[3374],0.88,0.01,0.87,0.9,0.0,0.0,8378.32,7089.15,1.0
p[3375],0.86,0.02,0.83,0.88,0.0,0.0,8976.02,6624.12,1.0
p[3376],0.79,0.01,0.76,0.81,0.0,0.0,8747.43,6618.01,1.0
p[3377],0.79,0.01,0.77,0.81,0.0,0.0,8747.57,6589.28,1.0
p[3378],0.88,0.01,0.87,0.9,0.0,0.0,8377.15,7122.65,1.0
p[3379],0.88,0.01,0.87,0.9,0.0,0.0,8375.42,7122.42,1.0
p[3380],0.79,0.01,0.77,0.81,0.0,0.0,8746.59,6618.75,1.0
p[3381],0.79,0.01,0.77,0.81,0.0,0.0,8746.16,6618.75,1.0
p[3382],0.79,0.01,0.77,0.81,0.0,0.0,8745.28,6647.03,1.0
p[3383],0.78,0.02,0.74,0.82,0.0,0.0,9375.26,7067.95,1.0
p[3384],0.87,0.01,0.84,0.9,0.0,0.0,10293.38,6951.47,1.0
p[3385],0.87,0.01,0.84,0.9,0.0,0.0,10293.38,6951.47,1.0
p[3386],0.6,0.02,0.56,0.64,0.0,0.0,9328.61,6350.7,1.0
p[3387],0.73,0.02,0.69,0.76,0.0,0.0,9201.8,6441.28,1.0
p[3388],0.79,0.01,0.77,0.81,0.0,0.0,8747.94,6735.02,1.0
p[3389],0.79,0.01,0.77,0.81,0.0,0.0,8748.74,6735.02,1.0
p[3390],0.81,0.02,0.78,0.84,0.0,0.0,8908.06,6853.08,1.0
p[3391],0.79,0.01,0.77,0.81,0.0,0.0,8747.56,6795.22,1.0
p[3392],0.79,0.02,0.76,0.82,0.0,0.0,9027.56,7222.06,1.0
p[3393],0.9,0.01,0.88,0.92,0.0,0.0,9691.82,6770.67,1.0
p[3394],0.84,0.02,0.81,0.87,0.0,0.0,9299.67,6734.38,1.0
p[3395],0.61,0.02,0.57,0.65,0.0,0.0,9310.92,6377.75,1.0
p[3396],0.89,0.01,0.87,0.9,0.0,0.0,8353.33,7364.21,1.0
p[3397],0.89,0.01,0.87,0.9,0.0,0.0,8353.33,7364.21,1.0
p[3398],0.89,0.01,0.87,0.9,0.0,0.0,8351.78,7399.9,1.0
p[3399],0.73,0.02,0.7,0.77,0.0,0.0,9178.26,6590.22,1.0
p[3400],0.89,0.01,0.87,0.9,0.0,0.0,8350.82,7399.9,1.0
p[3401],0.8,0.01,0.77,0.82,0.0,0.0,8745.27,6735.34,1.0
p[3402],0.84,0.02,0.82,0.87,0.0,0.0,9294.28,6803.3,1.0
p[3403],0.8,0.01,0.77,0.82,0.0,0.0,8747.4,6794.35,1.0
p[3404],0.8,0.01,0.78,0.82,0.0,0.0,8749.22,6824.81,1.0
p[3405],0.79,0.02,0.75,0.83,0.0,0.0,9331.52,7134.48,1.0
p[3406],0.61,0.02,0.57,0.65,0.0,0.0,9287.08,6351.86,1.0
p[3407],0.8,0.01,0.78,0.82,0.0,0.0,8748.36,6795.58,1.0
p[3408],0.74,0.02,0.7,0.77,0.0,0.0,9156.61,6608.01,1.0
p[3409],0.89,0.01,0.88,0.91,0.0,0.0,8338.67,7400.23,1.0
p[3410],0.89,0.01,0.88,0.91,0.0,0.0,8336.38,7399.79,1.0
p[3411],0.8,0.02,0.77,0.83,0.0,0.0,8981.02,7076.12,1.0
p[3412],0.82,0.02,0.79,0.85,0.0,0.0,8869.33,6667.99,1.0
p[3413],0.62,0.02,0.58,0.66,0.0,0.0,9265.82,6351.79,1.0
p[3414],0.8,0.01,0.78,0.83,0.0,0.0,8746.56,6888.09,1.0
p[3415],0.87,0.01,0.84,0.89,0.0,0.0,8926.32,6734.4,1.0
p[3416],0.89,0.01,0.88,0.91,0.0,0.0,8325.46,7378.26,1.0
p[3417],0.81,0.01,0.78,0.83,0.0,0.0,8744.86,6889.29,1.0
p[3418],0.9,0.01,0.88,0.92,0.0,0.0,9668.3,6761.62,1.0
p[3419],0.85,0.02,0.82,0.88,0.0,0.0,9268.35,7060.69,1.0
p[3420],0.81,0.01,0.78,0.83,0.0,0.0,8745.71,6888.66,1.0
p[3421],0.89,0.01,0.88,0.91,0.0,0.0,8321.59,7413.88,1.0
p[3422],0.62,0.02,0.59,0.66,0.0,0.0,9246.21,6350.81,1.0
p[3423],0.8,0.02,0.76,0.83,0.0,0.0,9283.85,7035.91,1.0
p[3424],0.81,0.01,0.79,0.83,0.0,0.0,8748.7,6921.48,1.0
p[3425],0.81,0.01,0.79,0.83,0.0,0.0,8750.23,6921.48,1.0
p[3426],0.9,0.01,0.88,0.91,0.0,0.0,8314.57,7414.23,1.0
p[3427],0.75,0.02,0.71,0.78,0.0,0.0,9113.24,6516.32,1.0
p[3428],0.75,0.02,0.71,0.78,0.0,0.0,9109.78,6516.32,1.0
p[3429],0.75,0.02,0.72,0.78,0.0,0.0,9102.15,6516.32,1.0
p[3430],0.81,0.02,0.77,0.85,0.0,0.0,8463.94,6705.06,1.0
p[3431],0.81,0.02,0.78,0.83,0.0,0.0,8930.94,7121.37,1.0
p[3432],0.81,0.01,0.79,0.83,0.0,0.0,8749.58,7054.43,1.0
p[3433],0.91,0.01,0.89,0.93,0.0,0.0,9648.88,6769.94,1.0
p[3434],0.81,0.01,0.79,0.83,0.0,0.0,8749.19,7087.72,1.0
p[3435],0.75,0.02,0.72,0.79,0.0,0.0,9078.0,6848.59,1.0
p[3436],0.81,0.02,0.77,0.84,0.0,0.0,9239.48,7134.23,1.0
p[3437],0.64,0.02,0.6,0.68,0.0,0.0,9203.82,6324.61,1.0
p[3438],0.8,0.01,0.77,0.82,0.0,0.0,8980.83,7163.9,1.0
p[3439],0.58,0.02,0.53,0.62,0.0,0.0,9455.26,6634.16,1.0
p[3440],0.66,0.02,0.62,0.69,0.0,0.0,9060.72,7483.02,1.0
p[3441],0.8,0.01,0.78,0.82,0.0,0.0,8980.95,7163.23,1.0
p[3442],0.8,0.01,0.78,0.82,0.0,0.0,8980.95,7163.23,1.0
p[3443],0.69,0.02,0.65,0.73,0.0,0.0,10087.26,7005.46,1.0
p[3444],0.76,0.02,0.72,0.8,0.0,0.0,9566.09,6840.08,1.0
p[3445],0.78,0.02,0.74,0.82,0.0,0.0,11306.98,6748.06,1.0
p[3446],0.82,0.02,0.79,0.86,0.0,0.0,9304.23,6861.99,1.0
p[3447],0.67,0.03,0.62,0.72,0.0,0.0,8977.76,6637.4,1.0
p[3448],0.59,0.02,0.55,0.63,0.0,0.0,9488.19,6604.93,1.0
p[3449],0.67,0.02,0.63,0.7,0.0,0.0,9050.39,7555.93,1.0
p[3450],0.81,0.01,0.79,0.83,0.0,0.0,8979.04,7159.4,1.0
p[3451],0.67,0.02,0.64,0.71,0.0,0.0,9047.99,7520.98,1.0
p[3452],0.68,0.02,0.64,0.71,0.0,0.0,9037.95,7596.12,1.0
p[3453],0.83,0.02,0.8,0.87,0.0,0.0,9313.69,6884.19,1.0
p[3454],0.82,0.01,0.8,0.84,0.0,0.0,8980.07,7223.76,1.0
p[3455],0.69,0.01,0.66,0.72,0.0,0.0,8579.96,6904.91,1.0
p[3456],0.61,0.02,0.57,0.65,0.0,0.0,9550.9,6306.1,1.0
p[3457],0.69,0.02,0.65,0.72,0.0,0.0,9021.64,7559.44,1.0
p[3458],0.48,0.02,0.44,0.52,0.0,0.0,9091.71,7113.31,1.0
p[3459],0.83,0.01,0.81,0.85,0.0,0.0,8974.63,7299.8,1.0
p[3460],0.7,0.02,0.67,0.73,0.0,0.0,9013.05,7486.33,1.0
p[3461],0.49,0.02,0.45,0.53,0.0,0.0,9121.3,7075.1,1.0
p[3462],0.83,0.01,0.81,0.85,0.0,0.0,8972.58,7126.96,1.0
p[3463],0.71,0.01,0.68,0.73,0.0,0.0,8603.81,6964.72,1.0
p[3464],0.8,0.02,0.76,0.83,0.0,0.0,9525.65,6681.81,1.0
p[3465],0.71,0.01,0.68,0.73,0.0,0.0,8604.56,6965.11,1.0
p[3466],0.77,0.02,0.73,0.81,0.0,0.0,9782.07,5942.78,1.0
p[3467],0.71,0.01,0.69,0.74,0.0,0.0,8605.93,6964.72,1.0
p[3468],0.5,0.02,0.46,0.54,0.0,0.0,9130.29,6991.07,1.0
p[3469],0.71,0.01,0.69,0.74,0.0,0.0,8607.38,6920.32,1.0
p[3470],0.63,0.02,0.6,0.67,0.0,0.0,9559.65,6640.01,1.0
p[3471],0.73,0.02,0.7,0.77,0.0,0.0,10178.77,6741.18,1.0
p[3472],0.72,0.01,0.69,0.74,0.0,0.0,8610.97,6902.15,1.0
p[3473],0.72,0.01,0.69,0.74,0.0,0.0,8611.95,6902.15,1.0
p[3474],0.85,0.02,0.82,0.88,0.0,0.0,9331.62,6505.52,1.0
p[3475],0.71,0.02,0.68,0.74,0.0,0.0,9001.74,7414.57,1.0
p[3476],0.5,0.02,0.46,0.54,0.0,0.0,9136.07,7108.55,1.0
p[3477],0.84,0.01,0.82,0.86,0.0,0.0,8969.05,7073.86,1.0
p[3478],0.64,0.02,0.6,0.69,0.0,0.0,10059.67,6371.48,1.0
p[3479],0.84,0.01,0.82,0.86,0.0,0.0,8968.46,7041.1,1.0
p[3480],0.8,0.02,0.77,0.84,0.0,0.0,9516.48,6680.67,1.0
p[3481],0.72,0.01,0.7,0.74,0.0,0.0,8619.23,6727.16,1.0
p[3482],0.84,0.01,0.82,0.86,0.0,0.0,8967.27,7197.6,1.0
p[3483],0.78,0.02,0.74,0.82,0.0,0.0,9775.06,5940.69,1.0
p[3484],0.72,0.01,0.7,0.74,0.0,0.0,8620.83,6490.14,1.0
p[3485],0.82,0.02,0.79,0.86,0.0,0.0,11379.02,6934.09,1.0
p[3486],0.71,0.02,0.67,0.75,0.0,0.0,10116.09,7565.09,1.0
p[3487],0.72,0.01,0.7,0.75,0.0,0.0,8623.49,6435.52,1.0
p[3488],0.84,0.01,0.82,0.86,0.0,0.0,8963.3,7163.25,1.0
p[3489],0.65,0.02,0.61,0.69,0.0,0.0,10050.6,6397.61,1.0
p[3490],0.51,0.02,0.47,0.55,0.0,0.0,9144.48,7026.81,1.0
p[3491],0.72,0.01,0.7,0.75,0.0,0.0,8626.58,6463.31,1.0
p[3492],0.72,0.01,0.7,0.75,0.0,0.0,8626.8,6463.31,1.0
p[3493],0.86,0.01,0.83,0.88,0.0,0.0,9332.84,6563.96,1.0
p[3494],0.65,0.02,0.61,0.68,0.0,0.0,9505.59,6473.77,1.0
p[3495],0.65,0.02,0.61,0.68,0.0,0.0,9506.79,6473.77,1.0
p[3496],0.72,0.01,0.7,0.75,0.0,0.0,8628.91,6380.48,1.0
p[3497],0.73,0.01,0.7,0.75,0.0,0.0,8629.14,6379.78,1.0
p[3498],0.72,0.02,0.69,0.75,0.0,0.0,8984.35,7273.17,1.0
p[3499],0.73,0.01,0.7,0.75,0.0,0.0,8631.31,6460.69,1.0
p[3500],0.86,0.01,0.83,0.88,0.0,0.0,9335.86,6536.21,1.0
p[3501],0.73,0.01,0.7,0.75,0.0,0.0,8631.07,6487.23,1.0
p[3502],0.72,0.02,0.69,0.75,0.0,0.0,8980.05,7238.28,1.0
p[3503],0.65,0.02,0.61,0.68,0.0,0.0,9498.75,6572.19,1.0
p[3504],0.51,0.02,0.48,0.55,0.0,0.0,9147.56,6653.14,1.0
p[3505],0.85,0.01,0.83,0.86,0.0,0.0,8961.06,7109.88,1.0
p[3506],0.85,0.01,0.83,0.86,0.0,0.0,8961.06,7109.88,1.0
p[3507],0.66,0.02,0.61,0.7,0.0,0.0,10042.62,6370.42,1.0
p[3508],0.85,0.01,0.83,0.86,0.0,0.0,8961.33,7110.31,1.0
p[3509],0.73,0.01,0.71,0.75,0.0,0.0,8636.52,6454.12,1.0
p[3510],0.73,0.01,0.71,0.75,0.0,0.0,8636.52,6454.12,1.0
p[3511],0.85,0.01,0.83,0.86,0.0,0.0,8960.72,7077.21,1.0
p[3512],0.81,0.02,0.78,0.85,0.0,0.0,9501.28,6771.52,1.0
p[3513],0.75,0.02,0.72,0.78,0.0,0.0,10190.7,6790.7,1.0
p[3514],0.72,0.02,0.69,0.75,0.0,0.0,8975.1,7238.48,1.0
p[3515],0.73,0.01,0.71,0.75,0.0,0.0,8638.54,6432.94,1.0
p[3516],0.79,0.02,0.75,0.82,0.0,0.0,9763.53,5940.48,1.0
p[3517],0.73,0.01,0.71,0.75,0.0,0.0,8640.19,6422.91,1.0
p[3518],0.73,0.01,0.71,0.75,0.0,0.0,8640.19,6422.91,1.0
p[3519],0.83,0.02,0.8,0.86,0.0,0.0,11382.71,6868.43,1.0
p[3520],0.83,0.02,0.8,0.86,0.0,0.0,11382.71,6868.43,1.0
p[3521],0.72,0.02,0.68,0.76,0.0,0.0,10119.1,7596.46,1.0
p[3522],0.66,0.02,0.62,0.7,0.0,0.0,10034.95,6180.82,1.0
p[3523],0.52,0.02,0.48,0.56,0.0,0.0,9147.92,6662.09,1.0
p[3524],0.73,0.01,0.71,0.76,0.0,0.0,8646.27,6506.63,1.0
p[3525],0.73,0.01,0.71,0.76,0.0,0.0,8646.73,6424.73,1.0
p[3526],0.86,0.01,0.84,0.89,0.0,0.0,9337.35,6525.47,1.0
p[3527],0.66,0.02,0.62,0.69,0.0,0.0,9482.13,6660.41,1.0
p[3528],0.75,0.02,0.72,0.79,0.0,0.0,10192.57,6792.28,1.0
p[3529],0.73,0.01,0.71,0.76,0.0,0.0,8650.17,6464.68,1.0
p[3530],0.73,0.02,0.7,0.76,0.0,0.0,8967.64,7136.43,1.0
p[3531],0.74,0.01,0.71,0.76,0.0,0.0,8651.16,6425.23,1.0
p[3532],0.87,0.01,0.84,0.89,0.0,0.0,9341.55,6525.47,1.0
p[3533],0.66,0.02,0.63,0.7,0.0,0.0,9472.03,6631.37,1.0
p[3534],0.67,0.02,0.63,0.71,0.0,0.0,10037.09,6334.48,1.0
p[3535],0.53,0.02,0.49,0.57,0.0,0.0,9150.8,6516.95,1.0
p[3536],0.85,0.01,0.84,0.87,0.0,0.0,8951.03,7244.45,1.0
p[3537],0.85,0.01,0.84,0.87,0.0,0.0,8950.1,7244.45,1.0
p[3538],0.82,0.02,0.79,0.85,0.0,0.0,9484.05,6798.57,1.0
p[3539],0.74,0.01,0.72,0.76,0.0,0.0,8658.43,6655.35,1.0
p[3540],0.74,0.01,0.72,0.76,0.0,0.0,8658.43,6655.35,1.0
p[3541],0.76,0.02,0.73,0.79,0.0,0.0,10195.01,6689.21,1.0
p[3542],0.85,0.01,0.84,0.87,0.0,0.0,8948.24,7253.58,1.0
p[3543],0.74,0.01,0.72,0.76,0.0,0.0,8660.53,6726.57,1.0
p[3544],0.8,0.02,0.76,0.83,0.0,0.0,9752.37,6021.98,1.0
p[3545],0.73,0.02,0.7,0.76,0.0,0.0,8953.49,7169.79,1.0
p[3546],0.74,0.01,0.72,0.76,0.0,0.0,8664.31,6909.91,1.0
p[3547],0.73,0.02,0.69,0.77,0.0,0.0,10125.32,7381.69,1.0
p[3548],0.85,0.01,0.84,0.87,0.0,0.0,8945.6,7430.98,1.0
p[3549],0.53,0.02,0.5,0.57,0.0,0.0,9156.53,6543.0,1.0
p[3550],0.67,0.02,0.63,0.71,0.0,0.0,10035.63,6150.34,1.0
p[3551],0.85,0.01,0.84,0.87,0.0,0.0,8945.3,7430.98,1.0
p[3552],0.74,0.01,0.72,0.76,0.0,0.0,8670.25,6717.37,1.0
p[3553],0.74,0.01,0.72,0.76,0.0,0.0,8670.39,6717.37,1.0
p[3554],0.74,0.01,0.72,0.77,0.0,0.0,8672.55,6732.91,1.0
p[3555],0.76,0.02,0.73,0.79,0.0,0.0,10197.77,6695.06,1.0
p[3556],0.67,0.02,0.64,0.7,0.0,0.0,9444.43,6601.58,1.0
p[3557],0.87,0.01,0.84,0.89,0.0,0.0,9344.48,6530.16,1.0
p[3558],0.74,0.02,0.71,0.77,0.0,0.0,8941.37,7203.47,1.0
p[3559],0.75,0.01,0.72,0.77,0.0,0.0,8676.74,6748.5,1.0
p[3560],0.84,0.02,0.81,0.87,0.0,0.0,11369.11,6997.45,1.0
p[3561],0.75,0.01,0.72,0.77,0.0,0.0,8677.96,6748.88,1.0
p[3562],0.75,0.01,0.72,0.77,0.0,0.0,8677.96,6748.88,1.0
p[3563],0.75,0.01,0.72,0.77,0.0,0.0,8679.59,6748.18,1.0
p[3564],0.75,0.01,0.73,0.77,0.0,0.0,8680.19,6748.18,1.0
p[3565],0.81,0.01,0.78,0.83,0.0,0.0,9566.53,6955.39,1.0
p[3566],0.74,0.02,0.71,0.77,0.0,0.0,8937.28,7237.05,1.0
p[3567],0.75,0.01,0.73,0.77,0.0,0.0,8683.2,6748.18,1.0
p[3568],0.54,0.02,0.5,0.58,0.0,0.0,9163.4,6487.13,1.0
p[3569],0.67,0.02,0.64,0.71,0.0,0.0,9433.46,6566.72,1.0
p[3570],0.68,0.02,0.64,0.72,0.0,0.0,10026.83,6049.61,1.0
p[3571],0.86,0.01,0.84,0.88,0.0,0.0,8936.89,7320.36,1.0
p[3572],0.86,0.01,0.84,0.88,0.0,0.0,8936.98,7411.71,1.0
p[3573],0.86,0.01,0.84,0.88,0.0,0.0,8934.99,7391.55,1.0
p[3574],0.75,0.01,0.73,0.77,0.0,0.0,8691.49,6733.49,1.0
p[3575],0.77,0.02,0.74,0.8,0.0,0.0,10200.04,6872.59,1.0
p[3576],0.75,0.01,0.73,0.77,0.0,0.0,8692.48,6733.49,1.0
p[3577],0.75,0.01,0.73,0.77,0.0,0.0,8692.28,6776.01,1.0
p[3578],0.81,0.02,0.77,0.84,0.0,0.0,9733.42,6165.64,1.0
p[3579],0.74,0.02,0.71,0.77,0.0,0.0,8930.85,7168.92,1.0
p[3580],0.87,0.01,0.85,0.9,0.0,0.0,9343.79,6576.45,1.0
p[3581],0.75,0.01,0.73,0.77,0.0,0.0,8695.65,6810.11,1.0
p[3582],0.75,0.01,0.73,0.77,0.0,0.0,8695.65,6810.11,1.0
p[3583],0.75,0.01,0.73,0.77,0.0,0.0,8695.97,6779.76,1.0
p[3584],0.74,0.02,0.7,0.78,0.0,0.0,10123.74,7359.3,1.0
p[3585],0.84,0.02,0.81,0.87,0.0,0.0,11358.73,6870.7,1.0
p[3586],0.84,0.02,0.81,0.87,0.0,0.0,11358.73,6870.7,1.0
p[3587],0.55,0.02,0.51,0.58,0.0,0.0,9160.99,6407.85,1.0
p[3588],0.68,0.02,0.64,0.72,0.0,0.0,10018.11,6226.15,1.0
p[3589],0.75,0.01,0.73,0.77,0.0,0.0,8700.64,6711.05,1.0
p[3590],0.75,0.01,0.73,0.77,0.0,0.0,8701.18,6711.05,1.0
p[3591],0.88,0.01,0.85,0.9,0.0,0.0,9343.29,6485.37,1.0
p[3592],0.68,0.02,0.65,0.71,0.0,0.0,9401.69,6466.2,1.0
p[3593],0.77,0.02,0.74,0.8,0.0,0.0,10198.99,6752.44,1.0
p[3594],0.75,0.01,0.73,0.78,0.0,0.0,8704.18,6599.37,1.0
p[3595],0.75,0.02,0.72,0.78,0.0,0.0,8927.14,7203.08,1.0
p[3596],0.76,0.01,0.73,0.78,0.0,0.0,8706.06,6585.08,1.0
p[3597],0.86,0.01,0.85,0.88,0.0,0.0,8925.01,7342.74,1.0
p[3598],0.85,0.02,0.82,0.88,0.0,0.0,11353.16,6870.17,1.0
p[3599],0.75,0.01,0.72,0.78,0.0,0.0,8923.56,7202.22,1.0
p[3600],0.68,0.02,0.65,0.72,0.0,0.0,9390.84,6411.15,1.0
p[3601],0.76,0.01,0.74,0.78,0.0,0.0,8710.29,6486.78,1.0
p[3602],0.86,0.01,0.85,0.88,0.0,0.0,8923.01,7414.52,1.0
p[3603],0.55,0.02,0.52,0.59,0.0,0.0,9160.45,6533.09,1.0
p[3604],0.69,0.02,0.65,0.73,0.0,0.0,9996.72,6300.0,1.0
p[3605],0.83,0.02,0.8,0.86,0.0,0.0,9438.23,6643.6,1.0
p[3606],0.76,0.01,0.74,0.78,0.0,0.0,8713.53,6582.12,1.0
p[3607],0.76,0.01,0.74,0.78,0.0,0.0,8713.53,6582.12,1.0
p[3608],0.78,0.02,0.75,0.81,0.0,0.0,10196.05,6815.92,1.0
p[3609],0.76,0.01,0.74,0.78,0.0,0.0,8716.56,6582.12,1.0
p[3610],0.81,0.02,0.78,0.85,0.0,0.0,9715.48,6349.84,1.0
p[3611],0.87,0.01,0.85,0.88,0.0,0.0,8919.29,7307.54,1.0
p[3612],0.75,0.02,0.71,0.79,0.0,0.0,10120.32,7340.51,1.0
p[3613],0.76,0.01,0.74,0.78,0.0,0.0,8719.52,6575.75,1.0
p[3614],0.88,0.01,0.86,0.9,0.0,0.0,9335.83,6350.97,1.0
p[3615],0.87,0.01,0.85,0.88,0.0,0.0,8917.74,7307.34,1.0
p[3616],0.85,0.02,0.82,0.88,0.0,0.0,11341.26,6870.9,1.0
p[3617],0.69,0.02,0.66,0.73,0.0,0.0,9980.07,6222.78,1.0
p[3618],0.56,0.02,0.52,0.6,0.0,0.0,9161.34,6395.01,1.0
p[3619],0.76,0.01,0.74,0.78,0.0,0.0,8722.81,6585.19,1.0
p[3620],0.87,0.01,0.85,0.88,0.0,0.0,8916.67,7307.34,1.0
p[3621],0.87,0.01,0.85,0.88,0.0,0.0,8915.43,7307.34,1.0
p[3622],0.76,0.01,0.74,0.78,0.0,0.0,8724.94,6500.58,1.0
p[3623],0.88,0.01,0.86,0.9,0.0,0.0,9334.54,6358.59,1.0
p[3624],0.69,0.02,0.66,0.72,0.0,0.0,9349.05,6548.56,1.0
p[3625],0.78,0.02,0.75,0.81,0.0,0.0,10196.4,6940.98,1.0
p[3626],0.76,0.01,0.73,0.79,0.0,0.0,8905.64,7085.1,1.0
p[3627],0.76,0.01,0.74,0.78,0.0,0.0,8729.0,6391.93,1.0
p[3628],0.76,0.01,0.74,0.78,0.0,0.0,8729.21,6391.93,1.0
p[3629],0.76,0.01,0.74,0.78,0.0,0.0,8730.31,6390.2,1.0
p[3630],0.76,0.01,0.74,0.78,0.0,0.0,8730.31,6390.2,1.0
p[3631],0.88,0.01,0.86,0.9,0.0,0.0,9337.39,6354.01,1.0
p[3632],0.76,0.01,0.73,0.79,0.0,0.0,8902.81,7001.82,1.0
p[3633],0.7,0.02,0.66,0.74,0.0,0.0,9959.89,6142.97,1.0
p[3634],0.57,0.02,0.53,0.6,0.0,0.0,9159.82,6392.99,1.0
p[3635],0.7,0.02,0.67,0.73,0.0,0.0,9323.97,6665.6,1.0
p[3636],0.87,0.01,0.86,0.89,0.0,0.0,8908.88,7339.92,1.0
p[3637],0.84,0.02,0.81,0.87,0.0,0.0,9416.38,6560.57,1.0
p[3638],0.77,0.01,0.75,0.79,0.0,0.0,8739.48,6463.46,1.0
p[3639],0.77,0.01,0.75,0.79,0.0,0.0,8740.05,6464.13,1.0
p[3640],0.79,0.02,0.76,0.81,0.0,0.0,10194.79,6963.98,1.0
p[3641],0.87,0.01,0.86,0.89,0.0,0.0,8905.47,7374.08,1.0
p[3642],0.76,0.01,0.73,0.79,0.0,0.0,8896.05,7068.48,1.0
p[3643],0.88,0.01,0.86,0.91,0.0,0.0,9332.96,6469.68,1.0
p[3644],0.77,0.01,0.75,0.79,0.0,0.0,8741.74,6492.04,1.0
p[3645],0.77,0.01,0.75,0.79,0.0,0.0,8741.74,6492.04,1.0
p[3646],0.83,0.01,0.8,0.85,0.0,0.0,9450.85,6978.43,1.0
p[3647],0.82,0.02,0.79,0.85,0.0,0.0,9686.67,6254.89,1.0
p[3648],0.76,0.02,0.72,0.79,0.0,0.0,10110.15,7277.33,1.0
p[3649],0.87,0.01,0.86,0.89,0.0,0.0,8902.68,7199.68,1.0
p[3650],0.71,0.02,0.67,0.74,0.0,0.0,9935.08,6350.77,1.0
p[3651],0.57,0.02,0.54,0.61,0.0,0.0,9161.37,6236.34,1.0
p[3652],0.77,0.01,0.75,0.79,0.0,0.0,8750.07,6490.24,1.0
p[3653],0.77,0.01,0.75,0.79,0.0,0.0,8750.76,6490.24,1.0
p[3654],0.87,0.01,0.86,0.89,0.0,0.0,8901.45,7199.68,1.0
p[3655],0.7,0.02,0.67,0.73,0.0,0.0,9286.35,6932.46,1.0
p[3656],0.79,0.02,0.76,0.82,0.0,0.0,10189.11,6885.4,1.0
p[3657],0.86,0.01,0.83,0.89,0.0,0.0,11306.72,6869.86,1.0
p[3658],0.86,0.01,0.83,0.89,0.0,0.0,11306.72,6869.86,1.0
p[3659],0.77,0.01,0.74,0.79,0.0,0.0,8887.22,7073.9,1.0
p[3660],0.77,0.01,0.75,0.79,0.0,0.0,8756.62,6547.98,1.0
p[3661],0.77,0.01,0.74,0.79,0.0,0.0,8882.88,7203.43,1.0
p[3662],0.71,0.02,0.67,0.75,0.0,0.0,9913.31,6222.58,1.0
p[3663],0.58,0.02,0.54,0.61,0.0,0.0,9159.17,6244.65,1.0
p[3664],0.71,0.02,0.67,0.74,0.0,0.0,9262.14,6954.45,1.0
p[3665],0.88,0.01,0.86,0.89,0.0,0.0,8893.58,7236.18,1.0
p[3666],0.78,0.01,0.76,0.8,0.0,0.0,8769.65,6708.25,1.0
p[3667],0.79,0.02,0.77,0.82,0.0,0.0,10182.12,6761.45,1.0
p[3668],0.89,0.01,0.87,0.91,0.0,0.0,9335.8,6677.11,1.0
p[3669],0.78,0.01,0.76,0.8,0.0,0.0,8769.48,6690.78,1.0
p[3670],0.77,0.01,0.74,0.8,0.0,0.0,8873.29,7203.19,1.0
p[3671],0.88,0.01,0.86,0.89,0.0,0.0,8887.18,7199.83,1.0
p[3672],0.78,0.01,0.76,0.8,0.0,0.0,8771.85,6602.05,1.0
p[3673],0.85,0.01,0.82,0.88,0.0,0.0,9382.87,6219.41,1.0
p[3674],0.78,0.01,0.76,0.8,0.0,0.0,8773.24,6565.24,1.0
p[3675],0.83,0.02,0.8,0.86,0.0,0.0,9670.83,6254.4,1.0
p[3676],0.78,0.01,0.76,0.8,0.0,0.0,8772.96,6593.13,1.0
p[3677],0.77,0.02,0.73,0.8,0.0,0.0,10100.18,7277.8,1.0
p[3678],0.86,0.01,0.84,0.89,0.0,0.0,11287.85,7062.62,1.0
p[3679],0.72,0.02,0.68,0.75,0.0,0.0,9886.82,6397.84,1.0
p[3680],0.59,0.02,0.55,0.62,0.0,0.0,9157.13,6524.49,1.0
p[3681],0.78,0.01,0.76,0.8,0.0,0.0,8777.73,6622.89,1.0
p[3682],0.78,0.01,0.76,0.8,0.0,0.0,8778.18,6593.13,1.0
p[3683],0.71,0.02,0.68,0.74,0.0,0.0,9226.65,6986.93,1.0
p[3684],0.8,0.01,0.77,0.83,0.0,0.0,10172.89,6854.65,1.0
p[3685],0.78,0.01,0.76,0.8,0.0,0.0,8780.95,6593.76,1.0
p[3686],0.78,0.01,0.75,0.8,0.0,0.0,8864.07,7271.98,1.0
p[3687],0.78,0.01,0.76,0.8,0.0,0.0,8782.01,6593.76,1.0
p[3688],0.88,0.01,0.87,0.89,0.0,0.0,8881.22,7233.71,1.0
p[3689],0.59,0.02,0.55,0.63,0.0,0.0,9163.67,6581.83,1.0
p[3690],0.72,0.02,0.68,0.76,0.0,0.0,9868.7,6412.73,1.0
p[3691],0.87,0.01,0.84,0.89,0.0,0.0,11272.34,7018.2,1.0
p[3692],0.78,0.01,0.75,0.8,0.0,0.0,8858.53,7342.22,1.0
p[3693],0.88,0.01,0.87,0.9,0.0,0.0,8876.99,7267.92,1.0
p[3694],0.8,0.01,0.77,0.83,0.0,0.0,10161.6,6761.11,1.0
p[3695],0.79,0.01,0.77,0.8,0.0,0.0,8792.33,6801.31,1.0
p[3696],0.89,0.01,0.87,0.91,0.0,0.0,9327.36,6736.78,1.0
p[3697],0.84,0.01,0.82,0.86,0.0,0.0,9357.82,6771.91,1.0
p[3698],0.79,0.01,0.77,0.8,0.0,0.0,8792.81,6809.11,1.0
p[3699],0.89,0.01,0.87,0.91,0.0,0.0,9328.84,6767.4,1.0
p[3700],0.85,0.01,0.83,0.88,0.0,0.0,9369.76,6017.91,1.0
p[3701],0.72,0.02,0.69,0.75,0.0,0.0,9191.22,6984.2,1.0
p[3702],0.78,0.01,0.76,0.81,0.0,0.0,8854.49,7272.52,1.0
p[3703],0.84,0.02,0.81,0.86,0.0,0.0,9649.36,6333.58,1.0
p[3704],0.79,0.01,0.77,0.8,0.0,0.0,8795.03,6730.2,1.0
p[3705],0.79,0.01,0.77,0.8,0.0,0.0,8795.03,6730.2,1.0
p[3706],0.79,0.01,0.77,0.81,0.0,0.0,8798.37,6752.9,1.0
p[3707],0.88,0.01,0.87,0.9,0.0,0.0,8872.95,7229.89,1.0
p[3708],0.78,0.02,0.74,0.81,0.0,0.0,10083.13,7223.55,1.0
p[3709],0.79,0.01,0.77,0.81,0.0,0.0,8801.12,6706.32,1.0
p[3710],0.6,0.02,0.56,0.63,0.0,0.0,9165.02,6583.92,1.0
p[3711],0.79,0.01,0.77,0.81,0.0,0.0,8801.12,6706.32,1.0
p[3712],0.73,0.02,0.69,0.76,0.0,0.0,9853.56,6410.48,1.0
p[3713],0.88,0.01,0.87,0.9,0.0,0.0,8869.15,7170.29,1.0
p[3714],0.79,0.01,0.77,0.81,0.0,0.0,8804.34,6653.34,1.0
p[3715],0.72,0.02,0.69,0.75,0.0,0.0,9165.52,6894.73,1.0
p[3716],0.9,0.01,0.88,0.92,0.0,0.0,9326.85,6798.34,1.0
p[3717],0.81,0.01,0.78,0.83,0.0,0.0,10152.39,6791.76,1.0
p[3718],0.78,0.01,0.76,0.81,0.0,0.0,8839.13,7204.38,1.0
p[3719],0.79,0.01,0.77,0.81,0.0,0.0,8805.95,6682.03,1.0
p[3720],0.79,0.01,0.77,0.81,0.0,0.0,8806.51,6682.03,1.0
p[3721],0.6,0.02,0.57,0.64,0.0,0.0,9162.28,6520.56,1.0
p[3722],0.73,0.02,0.69,0.76,0.0,0.0,9829.86,6414.25,1.0
p[3723],0.73,0.02,0.7,0.76,0.0,0.0,9142.3,6926.86,1.0
p[3724],0.79,0.01,0.76,0.81,0.0,0.0,8828.92,7176.06,1.0
p[3725],0.9,0.01,0.88,0.92,0.0,0.0,9317.79,6748.85,1.0
p[3726],0.86,0.01,0.83,0.89,0.0,0.0,9342.85,6018.39,1.0
p[3727],0.81,0.01,0.78,0.84,0.0,0.0,10144.15,7054.56,1.0
p[3728],0.79,0.01,0.78,0.81,0.0,0.0,8817.69,6676.99,1.0
p[3729],0.84,0.01,0.81,0.87,0.0,0.0,9626.57,6358.99,1.0
p[3730],0.79,0.01,0.76,0.81,0.0,0.0,8825.41,7215.63,1.0
p[3731],0.79,0.01,0.78,0.81,0.0,0.0,8818.76,6580.12,1.0
p[3732],0.79,0.01,0.78,0.81,0.0,0.0,8819.07,6580.12,1.0
p[3733],0.79,0.01,0.78,0.81,0.0,0.0,8819.2,6580.12,1.0
p[3734],0.88,0.01,0.85,0.9,0.0,0.0,11223.11,6910.94,1.0
p[3735],0.79,0.02,0.75,0.82,0.0,0.0,10207.77,6980.96,1.0
p[3736],0.74,0.02,0.7,0.77,0.0,0.0,9808.11,6498.58,1.0
p[3737],0.8,0.01,0.78,0.81,0.0,0.0,8822.8,6652.68,1.0
p[3738],0.61,0.02,0.57,0.64,0.0,0.0,9159.49,6481.9,1.0
p[3739],0.89,0.01,0.88,0.9,0.0,0.0,8929.16,7039.12,1.0
p[3740],0.8,0.01,0.78,0.82,0.0,0.0,8825.81,6681.18,1.0
p[3741],0.8,0.01,0.78,0.82,0.0,0.0,8825.98,6681.18,1.0
p[3742],0.73,0.02,0.71,0.76,0.0,0.0,9102.47,6905.02,1.0
p[3743],0.9,0.01,0.88,0.92,0.0,0.0,9298.75,6749.73,1.0
p[3744],0.81,0.01,0.79,0.84,0.0,0.0,10133.93,7176.83,1.0
p[3745],0.89,0.01,0.88,0.9,0.0,0.0,8919.05,7072.22,1.0
p[3746],0.8,0.01,0.78,0.82,0.0,0.0,8827.65,6680.67,1.0
p[3747],0.89,0.01,0.88,0.9,0.0,0.0,8920.17,7139.21,1.0
p[3748],0.8,0.01,0.78,0.82,0.0,0.0,8828.68,6659.74,1.0
p[3749],0.79,0.01,0.77,0.82,0.0,0.0,8814.6,7238.63,1.0
p[3750],0.8,0.01,0.78,0.82,0.0,0.0,8829.31,6688.24,1.0
p[3751],0.8,0.01,0.78,0.82,0.0,0.0,8830.08,6688.24,1.0
p[3752],0.79,0.01,0.77,0.82,0.0,0.0,8807.5,7238.47,1.0
p[3753],0.61,0.02,0.58,0.65,0.0,0.0,9166.96,6629.0,1.0
p[3754],0.74,0.02,0.71,0.77,0.0,0.0,9786.07,6671.32,1.0
p[3755],0.9,0.01,0.88,0.92,0.0,0.0,9295.26,6698.53,1.0
p[3756],0.89,0.01,0.88,0.9,0.0,0.0,8899.31,7085.92,1.0
p[3757],0.74,0.02,0.71,0.77,0.0,0.0,9067.03,6873.09,1.0
p[3758],0.87,0.01,0.84,0.89,0.0,0.0,9324.62,5996.44,1.0
p[3759],0.8,0.01,0.78,0.82,0.0,0.0,8838.72,6659.06,1.0
p[3760],0.8,0.01,0.78,0.82,0.0,0.0,8838.72,6659.06,1.0
p[3761],0.85,0.01,0.83,0.87,0.0,0.0,9244.68,6710.73,1.0
p[3762],0.85,0.01,0.82,0.88,0.0,0.0,9600.23,6521.3,1.0
p[3763],0.8,0.01,0.77,0.82,0.0,0.0,8800.33,7170.21,1.0
p[3764],0.82,0.01,0.79,0.84,0.0,0.0,10117.0,7179.75,1.0
p[3765],0.8,0.01,0.79,0.82,0.0,0.0,8842.01,6659.17,1.0
p[3766],0.8,0.01,0.79,0.82,0.0,0.0,8842.01,6659.17,1.0
p[3767],0.8,0.01,0.79,0.82,0.0,0.0,8842.01,6659.17,1.0
p[3768],0.89,0.01,0.88,0.91,0.0,0.0,8873.81,7196.56,1.0
p[3769],0.89,0.01,0.88,0.91,0.0,0.0,8872.87,7196.56,1.0
p[3770],0.8,0.02,0.76,0.83,0.0,0.0,10126.69,7146.23,1.0
p[3771],0.75,0.02,0.71,0.78,0.0,0.0,9757.23,6772.77,1.0
p[3772],0.81,0.01,0.79,0.82,0.0,0.0,8920.83,6867.72,1.0
p[3773],0.62,0.02,0.59,0.66,0.0,0.0,9162.8,6785.17,1.0
p[3774],0.89,0.01,0.88,0.91,0.0,0.0,8860.35,7075.11,1.0
p[3775],0.81,0.01,0.79,0.82,0.0,0.0,8920.96,6867.8,1.0
p[3776],0.74,0.02,0.72,0.77,0.0,0.0,9044.17,6697.92,1.0
p[3777],0.91,0.01,0.89,0.92,0.0,0.0,9271.5,6481.73,1.0
p[3778],0.8,0.01,0.78,0.82,0.0,0.0,8787.49,7048.01,1.0
p[3779],0.82,0.01,0.8,0.85,0.0,0.0,10106.5,7350.36,1.0
p[3780],0.81,0.01,0.79,0.82,0.0,0.0,8890.33,6868.7,1.0
p[3781],0.88,0.01,0.86,0.91,0.0,0.0,11169.29,7072.47,1.0
p[3782],0.81,0.01,0.79,0.82,0.0,0.0,8876.15,6868.7,1.0
p[3783],0.91,0.01,0.89,0.92,0.0,0.0,9260.49,6480.09,1.0
p[3784],0.8,0.01,0.78,0.83,0.0,0.0,8783.67,6919.6,1.0
p[3785],0.75,0.02,0.72,0.78,0.0,0.0,9728.16,6992.29,1.0
p[3786],0.63,0.02,0.59,0.66,0.0,0.0,9164.56,6964.44,1.0
p[3787],0.9,0.01,0.88,0.91,0.0,0.0,8839.94,6962.15,1.0
p[3788],0.75,0.02,0.72,0.78,0.0,0.0,9023.24,6694.29,1.0
p[3789],0.83,0.01,0.8,0.85,0.0,0.0,10097.28,7191.34,1.0
p[3790],0.81,0.01,0.78,0.83,0.0,0.0,8778.95,6919.43,1.0
p[3791],0.87,0.01,0.85,0.9,0.0,0.0,9297.07,6071.01,1.0
p[3792],0.86,0.01,0.83,0.88,0.0,0.0,9562.84,6411.02,1.0
p[3793],0.81,0.01,0.79,0.83,0.0,0.0,8847.68,6768.73,1.0
p[3794],0.81,0.01,0.79,0.83,0.0,0.0,8851.37,6768.73,1.0
p[3795],0.81,0.01,0.79,0.83,0.0,0.0,8848.99,6768.73,1.0
p[3796],0.81,0.01,0.79,0.83,0.0,0.0,8848.03,6768.67,1.0
p[3797],0.81,0.01,0.79,0.83,0.0,0.0,8830.16,6784.43,1.0
p[3798],0.8,0.02,0.77,0.83,0.0,0.0,10012.02,7180.45,1.0
p[3799],0.89,0.01,0.86,0.91,0.0,0.0,11141.46,6965.72,1.0
p[3800],0.9,0.01,0.89,0.91,0.0,0.0,8820.94,7007.81,1.0
p[3801],0.63,0.02,0.6,0.67,0.0,0.0,9165.34,6941.17,1.0
p[3802],0.76,0.02,0.72,0.79,0.0,0.0,9707.21,6961.05,1.0
p[3803],0.81,0.01,0.8,0.83,0.0,0.0,8812.35,6709.09,1.0
p[3804],0.9,0.01,0.89,0.91,0.0,0.0,8817.05,7105.08,1.0
p[3805],0.81,0.01,0.8,0.83,0.0,0.0,8812.35,6709.09,1.0
p[3806],0.75,0.02,0.73,0.78,0.0,0.0,8988.28,6520.41,1.0
p[3807],0.83,0.01,0.81,0.85,0.0,0.0,10081.16,7384.4,1.0
p[3808],0.81,0.01,0.8,0.83,0.0,0.0,8794.21,6678.7,1.0
p[3809],0.81,0.01,0.8,0.83,0.0,0.0,8786.88,6678.7,1.0
p[3810],0.91,0.01,0.89,0.93,0.0,0.0,9220.44,6190.01,1.0
p[3811],0.82,0.01,0.8,0.83,0.0,0.0,8780.95,6678.7,1.0
p[3812],0.76,0.02,0.73,0.78,0.0,0.0,8972.42,6631.84,1.0
p[3813],0.64,0.02,0.6,0.67,0.0,0.0,9159.03,7115.96,1.0
p[3814],0.76,0.02,0.72,0.79,0.0,0.0,9673.03,7060.79,1.0
p[3815],0.9,0.01,0.89,0.91,0.0,0.0,8787.52,7229.33,1.0
p[3816],0.91,0.01,0.89,0.93,0.0,0.0,9211.2,6112.92,1.0
p[3817],0.9,0.01,0.89,0.91,0.0,0.0,8786.85,7229.62,1.0
p[3818],0.9,0.01,0.89,0.91,0.0,0.0,8777.43,7364.29,1.0
p[3819],0.83,0.01,0.81,0.86,0.0,0.0,10060.25,7454.6,1.0
p[3820],0.88,0.01,0.86,0.9,0.0,0.0,9275.35,6276.14,1.0
p[3821],0.9,0.01,0.89,0.91,0.0,0.0,8772.31,7364.29,1.0
p[3822],0.81,0.01,0.79,0.84,0.0,0.0,8748.57,6977.12,1.0
p[3823],0.86,0.01,0.84,0.89,0.0,0.0,9522.05,6410.56,1.0
p[3824],0.82,0.01,0.8,0.84,0.0,0.0,8737.05,6543.24,1.0
p[3825],0.87,0.01,0.85,0.89,0.0,0.0,9123.13,6891.27,1.0
p[3826],0.81,0.02,0.78,0.84,0.0,0.0,9929.91,6980.93,1.0
p[3827],0.91,0.01,0.9,0.93,0.0,0.0,9191.38,6138.79,1.0
p[3828],0.82,0.01,0.8,0.84,0.0,0.0,8727.75,6570.1,1.0
p[3829],0.64,0.02,0.61,0.68,0.0,0.0,9153.86,7003.32,1.0
p[3830],0.9,0.01,0.89,0.91,0.0,0.0,8759.18,7332.45,1.0
p[3831],0.82,0.01,0.8,0.84,0.0,0.0,8724.2,6569.82,1.0
p[3832],0.82,0.01,0.8,0.84,0.0,0.0,8724.2,6569.82,1.0
p[3833],0.82,0.01,0.8,0.84,0.0,0.0,8718.93,6569.82,1.0
p[3834],0.82,0.01,0.8,0.84,0.0,0.0,8718.93,6569.82,1.0
p[3835],0.77,0.02,0.73,0.8,0.0,0.0,9633.69,7092.0,1.0
p[3836],0.82,0.01,0.8,0.84,0.0,0.0,8707.82,6570.24,1.0
p[3837],0.76,0.01,0.74,0.79,0.0,0.0,8927.67,6435.01,1.0
p[3838],0.91,0.01,0.9,0.93,0.0,0.0,9182.38,6090.81,1.0
p[3839],0.84,0.01,0.81,0.86,0.0,0.0,10041.76,7365.51,1.0
p[3840],0.82,0.01,0.79,0.84,0.0,0.0,8733.13,7044.85,1.0
p[3841],0.82,0.01,0.81,0.84,0.0,0.0,8699.83,6654.06,1.0
p[3842],0.82,0.01,0.81,0.84,0.0,0.0,8697.8,6654.06,1.0
p[3843],0.82,0.01,0.81,0.84,0.0,0.0,8697.8,6654.06,1.0
p[3844],0.77,0.02,0.74,0.8,0.0,0.0,9609.13,6927.52,1.0
p[3845],0.82,0.01,0.8,0.84,0.0,0.0,8725.38,6979.71,1.0
p[3846],0.77,0.01,0.74,0.79,0.0,0.0,8902.34,6573.04,1.0
p[3847],0.65,0.02,0.62,0.68,0.0,0.0,9147.47,6939.92,1.0
p[3848],0.84,0.01,0.82,0.86,0.0,0.0,10022.17,7439.56,1.0
p[3849],0.83,0.01,0.81,0.84,0.0,0.0,8660.39,6537.42,1.0
p[3850],0.87,0.01,0.84,0.89,0.0,0.0,9488.93,6356.13,1.0
p[3851],0.92,0.01,0.9,0.93,0.0,0.0,9165.09,6189.74,1.0
p[3852],0.82,0.01,0.8,0.84,0.0,0.0,8721.29,6775.99,1.0
p[3853],0.83,0.01,0.81,0.84,0.0,0.0,8654.48,6622.6,1.0
p[3854],0.83,0.01,0.81,0.84,0.0,0.0,8650.73,6622.6,1.0
p[3855],0.88,0.01,0.86,0.91,0.0,0.0,9241.66,6223.69,1.0
p[3856],0.91,0.01,0.9,0.92,0.0,0.0,8727.74,6869.0,1.0
p[3857],0.83,0.01,0.81,0.84,0.0,0.0,8644.64,6680.15,1.0
p[3858],0.82,0.02,0.79,0.85,0.0,0.0,9874.45,6757.26,1.0
p[3859],0.91,0.01,0.9,0.92,0.0,0.0,8726.59,6868.52,1.0
p[3860],0.83,0.01,0.81,0.84,0.0,0.0,8641.46,6621.72,1.0
p[3861],0.83,0.01,0.81,0.84,0.0,0.0,8640.72,6710.5,1.0
p[3862],0.66,0.02,0.62,0.69,0.0,0.0,9141.13,7135.22,1.0
p[3863],0.91,0.01,0.9,0.92,0.0,0.0,8722.38,6931.33,1.0
p[3864],0.9,0.01,0.88,0.92,0.0,0.0,11022.33,6871.89,1.0
p[3865],0.87,0.01,0.85,0.89,0.0,0.0,9057.41,6976.2,1.0
p[3866],0.83,0.01,0.81,0.84,0.0,0.0,8633.8,6633.27,1.0
p[3867],0.84,0.01,0.82,0.87,0.0,0.0,10041.17,7539.33,1.0
p[3868],0.77,0.01,0.75,0.8,0.0,0.0,8868.67,6631.27,1.0
p[3869],0.83,0.01,0.81,0.84,0.0,0.0,8631.86,6633.27,1.0
p[3870],0.83,0.01,0.81,0.85,0.0,0.0,8626.41,6551.33,1.0
p[3871],0.83,0.01,0.81,0.85,0.0,0.0,8626.41,6551.33,1.0
p[3872],0.83,0.01,0.81,0.85,0.0,0.0,8618.93,6552.1,1.0
p[3873],0.92,0.01,0.9,0.93,0.0,0.0,9144.42,6141.16,1.0
p[3874],0.83,0.01,0.81,0.85,0.0,0.0,8612.67,6580.04,1.0
p[3875],0.83,0.01,0.8,0.85,0.0,0.0,8706.19,6610.61,1.0
p[3876],0.78,0.02,0.75,0.81,0.0,0.0,9541.78,7069.34,1.0
p[3877],0.91,0.01,0.9,0.92,0.0,0.0,8694.95,7137.8,1.0
p[3878],0.66,0.02,0.63,0.7,0.0,0.0,9142.94,7102.13,1.0
p[3879],0.92,0.01,0.9,0.94,0.0,0.0,9126.61,6094.08,1.0
p[3880],0.85,0.01,0.82,0.87,0.0,0.0,9994.31,7576.72,1.0
p[3881],0.83,0.01,0.82,0.85,0.0,0.0,8595.09,6628.52,1.0
p[3882],0.83,0.01,0.82,0.85,0.0,0.0,8591.97,6628.16,1.0
p[3883],0.78,0.01,0.75,0.8,0.0,0.0,8844.5,6507.09,1.0
p[3884],0.83,0.01,0.81,0.85,0.0,0.0,8702.2,6476.25,1.0
p[3885],0.91,0.01,0.9,0.92,0.0,0.0,8677.55,7041.88,1.0
p[3886],0.89,0.01,0.87,0.91,0.0,0.0,9208.79,6123.57,1.0
p[3887],0.83,0.02,0.8,0.85,0.0,0.0,9793.86,6816.45,1.0
p[3888],0.87,0.01,0.85,0.9,0.0,0.0,9447.81,6251.7,1.0
p[3889],0.83,0.01,0.82,0.85,0.0,0.0,8576.03,6684.58,1.0
p[3890],0.83,0.01,0.82,0.85,0.0,0.0,8576.03,6684.58,1.0
p[3891],0.83,0.01,0.82,0.85,0.0,0.0,8576.03,6684.58,1.0
p[3892],0.67,0.02,0.63,0.7,0.0,0.0,9140.83,7203.85,1.0
p[3893],0.91,0.01,0.9,0.92,0.0,0.0,8671.53,7077.78,1.0
p[3894],0.84,0.01,0.82,0.85,0.0,0.0,8572.04,6629.12,1.0
p[3895],0.91,0.01,0.9,0.92,0.0,0.0,8665.57,7143.86,1.0
p[3896],0.91,0.01,0.9,0.92,0.0,0.0,8665.57,7143.86,1.0
p[3897],0.91,0.01,0.9,0.92,0.0,0.0,8665.72,7211.06,1.0
p[3898],0.85,0.01,0.83,0.87,0.0,0.0,9949.84,7576.0,1.0
p[3899],0.84,0.01,0.82,0.85,0.0,0.0,8562.14,6686.78,1.0
p[3900],0.84,0.01,0.82,0.85,0.0,0.0,8563.22,6686.78,1.0
p[3901],0.92,0.01,0.9,0.94,0.0,0.0,9104.2,6268.14,1.0
p[3902],0.78,0.01,0.75,0.81,0.0,0.0,8816.73,6563.63,1.0
p[3903],0.84,0.01,0.82,0.85,0.0,0.0,8548.73,6744.08,1.0
p[3904],0.78,0.01,0.76,0.81,0.0,0.0,8798.3,6452.67,1.0
p[3905],0.79,0.02,0.76,0.82,0.0,0.0,9479.12,7135.31,1.0
p[3906],0.78,0.01,0.76,0.81,0.0,0.0,8795.01,6565.89,1.0
p[3907],0.91,0.01,0.9,0.92,0.0,0.0,8644.06,7134.32,1.0
p[3908],0.91,0.01,0.9,0.93,0.0,0.0,8641.06,7200.89,1.0
p[3909],0.83,0.01,0.81,0.86,0.0,0.0,8685.73,6560.33,1.0
p[3910],0.91,0.01,0.9,0.93,0.0,0.0,8639.77,6971.09,1.0
p[3911],0.85,0.01,0.83,0.88,0.0,0.0,9909.19,7574.91,1.0
p[3912],0.92,0.01,0.91,0.94,0.0,0.0,9091.28,6215.71,1.0
p[3913],0.84,0.01,0.82,0.86,0.0,0.0,8530.6,6643.7,1.0
p[3914],0.84,0.01,0.82,0.86,0.0,0.0,8530.85,6557.74,1.0
p[3915],0.89,0.01,0.87,0.91,0.0,0.0,9187.3,6238.88,1.0
p[3916],0.91,0.01,0.9,0.93,0.0,0.0,8633.59,7035.16,1.0
p[3917],0.91,0.01,0.9,0.93,0.0,0.0,8633.59,7035.16,1.0
p[3918],0.84,0.01,0.82,0.86,0.0,0.0,8538.75,6556.89,1.0
p[3919],0.88,0.01,0.86,0.9,0.0,0.0,9415.57,6225.98,1.0
p[3920],0.84,0.01,0.83,0.86,0.0,0.0,8532.85,6620.78,1.0
p[3921],0.83,0.02,0.81,0.86,0.0,0.0,9703.22,6914.71,1.0
p[3922],0.84,0.01,0.83,0.86,0.0,0.0,8530.68,6620.44,1.0
p[3923],0.84,0.01,0.83,0.86,0.0,0.0,8531.62,6620.44,1.0
p[3924],0.84,0.01,0.83,0.86,0.0,0.0,8523.95,6527.77,1.0
p[3925],0.68,0.02,0.65,0.71,0.0,0.0,9133.79,7136.43,1.0
p[3926],0.84,0.01,0.83,0.86,0.0,0.0,8523.53,6343.5,1.0
p[3927],0.92,0.01,0.91,0.93,0.0,0.0,8616.61,7037.34,1.0
p[3928],0.79,0.01,0.76,0.82,0.0,0.0,8762.28,6482.26,1.0
p[3929],0.79,0.01,0.76,0.82,0.0,0.0,8757.52,6482.26,1.0
p[3930],0.84,0.01,0.83,0.86,0.0,0.0,8520.96,6291.31,1.0
p[3931],0.93,0.01,0.91,0.94,0.0,0.0,9074.0,6215.37,1.0
p[3932],0.86,0.01,0.83,0.88,0.0,0.0,9844.69,7651.05,1.0
p[3933],0.91,0.01,0.89,0.93,0.0,0.0,10901.08,7097.23,1.0
p[3934],0.84,0.01,0.83,0.86,0.0,0.0,8518.37,6181.87,1.0
p[3935],0.79,0.01,0.77,0.82,0.0,0.0,8745.66,6652.55,1.0
p[3936],0.68,0.02,0.65,0.72,0.0,0.0,9129.11,7102.75,1.0
p[3937],0.8,0.02,0.76,0.83,0.0,0.0,9419.36,7171.45,1.0
p[3938],0.85,0.01,0.83,0.86,0.0,0.0,8511.95,6201.45,1.0
p[3939],0.84,0.01,0.82,0.86,0.0,0.0,8664.87,6853.8,1.0
p[3940],0.92,0.01,0.91,0.93,0.0,0.0,8590.77,6969.77,1.0
p[3941],0.85,0.01,0.83,0.86,0.0,0.0,8491.51,6183.63,1.0
p[3942],0.88,0.01,0.86,0.91,0.0,0.0,9381.24,6124.74,1.0
p[3943],0.9,0.01,0.88,0.92,0.0,0.0,9153.47,6503.44,1.0
p[3944],0.93,0.01,0.91,0.94,0.0,0.0,9041.41,6142.76,1.0
p[3945],0.85,0.01,0.83,0.86,0.0,0.0,8494.73,6285.51,1.0
p[3946],0.85,0.01,0.83,0.86,0.0,0.0,8498.08,6285.51,1.0
p[3947],0.92,0.01,0.91,0.93,0.0,0.0,8584.13,6847.81,1.0
p[3948],0.85,0.01,0.83,0.87,0.0,0.0,8499.67,6373.74,1.0
p[3949],0.69,0.02,0.65,0.72,0.0,0.0,9121.68,7069.93,1.0
p[3950],0.84,0.01,0.81,0.87,0.0,0.0,9616.89,6805.12,1.0
p[3951],0.93,0.01,0.91,0.94,0.0,0.0,9023.85,6218.6,1.0
p[3952],0.85,0.01,0.83,0.87,0.0,0.0,8492.48,6346.16,1.0
p[3953],0.8,0.01,0.77,0.82,0.0,0.0,8710.84,6620.48,1.0
p[3954],0.8,0.01,0.77,0.82,0.0,0.0,8708.24,6618.97,1.0
p[3955],0.85,0.01,0.84,0.87,0.0,0.0,8489.97,6425.46,1.0
p[3956],0.92,0.01,0.91,0.93,0.0,0.0,8569.06,6992.53,1.0
p[3957],0.85,0.01,0.84,0.87,0.0,0.0,8478.92,6425.46,1.0
p[3958],0.91,0.01,0.89,0.93,0.0,0.0,10829.16,7037.55,1.0
p[3959],0.8,0.01,0.77,0.83,0.0,0.0,8696.47,6703.87,1.0
p[3960],0.69,0.02,0.66,0.73,0.0,0.0,9118.18,7004.43,1.0
p[3961],0.8,0.02,0.77,0.83,0.0,0.0,9357.07,7256.8,1.0
p[3962],0.85,0.01,0.84,0.87,0.0,0.0,8472.2,6341.85,1.0
p[3963],0.92,0.01,0.91,0.93,0.0,0.0,8556.55,6960.51,1.0
p[3964],0.93,0.01,0.92,0.94,0.0,0.0,9009.39,6194.84,1.0
p[3965],0.85,0.01,0.83,0.87,0.0,0.0,8617.11,6886.15,1.0
p[3966],0.9,0.01,0.88,0.92,0.0,0.0,9129.36,6396.4,1.0
p[3967],0.89,0.01,0.87,0.91,0.0,0.0,9346.42,6176.14,1.0
p[3968],0.93,0.01,0.92,0.94,0.0,0.0,9004.27,6195.3,1.0
p[3969],0.85,0.01,0.84,0.87,0.0,0.0,8459.29,6303.05,1.0
p[3970],0.85,0.01,0.84,0.87,0.0,0.0,8459.29,6303.05,1.0
p[3971],0.85,0.01,0.82,0.87,0.0,0.0,9537.61,6915.4,1.0
p[3972],0.92,0.01,0.91,0.93,0.0,0.0,8536.29,7007.98,1.0
p[3973],0.92,0.01,0.91,0.93,0.0,0.0,8536.29,7007.98,1.0
p[3974],0.7,0.02,0.67,0.73,0.0,0.0,9112.95,6972.33,1.0
p[3975],0.85,0.01,0.84,0.87,0.0,0.0,8452.79,6107.35,1.0
p[3976],0.86,0.01,0.84,0.87,0.0,0.0,8455.02,6107.35,1.0
p[3977],0.86,0.01,0.84,0.87,0.0,0.0,8449.05,5964.73,1.0
p[3978],0.81,0.01,0.78,0.83,0.0,0.0,8679.06,6708.8,1.0
p[3979],0.81,0.01,0.78,0.83,0.0,0.0,8678.59,6708.8,1.0
p[3980],0.86,0.01,0.84,0.87,0.0,0.0,8440.45,5986.85,1.0
p[3981],0.85,0.01,0.83,0.87,0.0,0.0,8582.43,6847.73,1.0
p[3982],0.92,0.01,0.91,0.93,0.0,0.0,8521.99,7173.0,1.0
p[3983],0.86,0.01,0.84,0.87,0.0,0.0,8437.33,6017.39,1.0
p[3984],0.71,0.02,0.67,0.74,0.0,0.0,9106.44,7069.4,1.0
p[3985],0.81,0.02,0.78,0.84,0.0,0.0,9282.32,7073.39,1.0
p[3986],0.93,0.01,0.91,0.93,0.0,0.0,8516.48,7174.06,1.0
p[3987],0.93,0.01,0.91,0.94,0.0,0.0,8516.21,7106.93,1.0
p[3988],0.86,0.01,0.84,0.88,0.0,0.0,8427.52,6055.87,1.0
p[3989],0.93,0.01,0.92,0.95,0.0,0.0,8967.67,6558.35,1.0
p[3990],0.89,0.01,0.87,0.92,0.0,0.0,9302.55,6225.93,1.0
p[3991],0.86,0.01,0.85,0.88,0.0,0.0,8415.97,6257.46,1.0
p[3992],0.91,0.01,0.89,0.93,0.0,0.0,9094.11,6473.38,1.0
p[3993],0.85,0.01,0.83,0.88,0.0,0.0,9464.93,6806.24,1.0
p[3994],0.71,0.02,0.68,0.74,0.0,0.0,9100.07,7170.09,1.0
p[3995],0.86,0.01,0.85,0.88,0.0,0.0,8407.31,6362.17,1.0
p[3996],0.86,0.01,0.85,0.88,0.0,0.0,8401.01,6287.77,1.0
p[3997],0.93,0.01,0.92,0.94,0.0,0.0,8494.78,7207.56,1.0
p[3998],0.86,0.01,0.85,0.88,0.0,0.0,8394.45,6287.77,1.0
p[3999],0.81,0.01,0.79,0.84,0.0,0.0,8650.13,6778.93,1.0
p[4000],0.86,0.01,0.85,0.88,0.0,0.0,8395.1,6287.77,1.0
p[4001],0.86,0.01,0.84,0.88,0.0,0.0,8542.97,6756.35,1.0
p[4002],0.82,0.02,0.79,0.85,0.0,0.0,9224.49,7030.4,1.0
p[4003],0.86,0.01,0.85,0.88,0.0,0.0,8378.01,6380.23,1.0
p[4004],0.86,0.01,0.84,0.89,0.0,0.0,8367.98,6032.55,1.0
p[4005],0.82,0.01,0.79,0.84,0.0,0.0,8643.7,6870.3,1.0
p[4006],0.94,0.01,0.92,0.95,0.0,0.0,8935.4,6698.39,1.0
p[4007],0.87,0.01,0.85,0.88,0.0,0.0,8365.12,6380.23,1.0
p[4008],0.91,0.01,0.89,0.93,0.0,0.0,9070.9,6472.54,1.0
p[4009],0.87,0.01,0.85,0.88,0.0,0.0,8369.38,6426.64,1.0
p[4010],0.93,0.01,0.92,0.94,0.0,0.0,8474.75,7292.16,1.0
p[4011],0.82,0.01,0.8,0.84,0.0,0.0,8636.98,6870.3,1.0
p[4012],0.87,0.01,0.85,0.88,0.0,0.0,8379.15,6374.28,1.0
p[4013],0.72,0.02,0.69,0.75,0.0,0.0,9094.7,7102.37,1.0
p[4014],0.86,0.01,0.84,0.89,0.0,0.0,9373.63,6601.8,1.0
p[4015],0.58,0.02,0.54,0.62,0.0,0.0,9044.24,7119.13,1.0
p[4016],0.82,0.02,0.79,0.86,0.0,0.0,10103.65,6901.18,1.0
p[4017],0.66,0.02,0.62,0.7,0.0,0.0,8973.84,7559.04,1.0
p[4018],0.78,0.02,0.74,0.82,0.0,0.0,11125.75,6969.59,1.0
p[4019],0.67,0.03,0.62,0.72,0.0,0.0,8826.68,6802.89,1.0
p[4020],0.67,0.02,0.64,0.7,0.0,0.0,8463.78,7073.65,1.0
p[4021],0.59,0.02,0.55,0.63,0.0,0.0,9076.21,7223.45,1.0
p[4022],0.67,0.02,0.63,0.71,0.0,0.0,8982.39,7322.82,1.0
p[4023],0.68,0.02,0.64,0.71,0.0,0.0,8988.42,7422.24,1.0
p[4024],0.84,0.02,0.8,0.87,0.0,0.0,10154.0,6790.48,1.0
p[4025],0.82,0.01,0.8,0.84,0.0,0.0,8752.82,7665.44,1.0
p[4026],0.68,0.02,0.65,0.72,0.0,0.0,8995.14,7571.7,1.0
p[4027],0.69,0.01,0.66,0.72,0.0,0.0,8503.55,7007.27,1.0
p[4028],0.62,0.02,0.58,0.65,0.0,0.0,9142.24,6990.91,1.0
p[4029],0.69,0.02,0.66,0.73,0.0,0.0,9016.65,7542.1,1.0
p[4030],0.7,0.01,0.68,0.73,0.0,0.0,8529.94,7104.61,1.0
p[4031],0.49,0.02,0.45,0.53,0.0,0.0,9024.2,6774.42,1.0
p[4032],0.83,0.01,0.81,0.85,0.0,0.0,8756.51,6982.79,1.0
p[4033],0.7,0.02,0.67,0.74,0.0,0.0,9029.37,7467.82,1.0
p[4034],0.49,0.02,0.45,0.53,0.0,0.0,9044.37,6748.31,1.0
p[4035],0.8,0.02,0.76,0.83,0.0,0.0,9713.74,6320.99,1.0
p[4036],0.71,0.01,0.69,0.74,0.0,0.0,8554.38,7138.61,1.0
p[4037],0.85,0.02,0.82,0.88,0.0,0.0,10217.34,6976.16,1.0
p[4038],0.78,0.02,0.74,0.81,0.0,0.0,9975.44,6342.26,1.0
p[4039],0.72,0.01,0.69,0.74,0.0,0.0,8559.53,7106.14,1.0
p[4040],0.5,0.02,0.46,0.54,0.0,0.0,9066.65,6717.23,1.0
p[4041],0.72,0.01,0.69,0.74,0.0,0.0,8565.11,7106.14,1.0
p[4042],0.64,0.02,0.6,0.68,0.0,0.0,9202.49,6958.09,1.0
p[4043],0.74,0.02,0.7,0.77,0.0,0.0,9498.5,7011.83,1.0
p[4044],0.72,0.01,0.69,0.74,0.0,0.0,8571.21,7106.08,1.0
p[4045],0.72,0.01,0.69,0.74,0.0,0.0,8572.05,7106.0,1.0
p[4046],0.86,0.01,0.83,0.88,0.0,0.0,10228.67,7002.71,1.0
p[4047],0.71,0.02,0.68,0.75,0.0,0.0,9043.87,7431.37,1.0
p[4048],0.51,0.02,0.47,0.55,0.0,0.0,9083.66,6715.55,1.0
p[4049],0.65,0.02,0.61,0.69,0.0,0.0,10177.11,7278.69,1.0
p[4050],0.84,0.01,0.82,0.86,0.0,0.0,8761.72,7054.75,1.0
p[4051],0.84,0.01,0.82,0.86,0.0,0.0,8762.23,7053.5,1.0
p[4052],0.64,0.02,0.61,0.68,0.0,0.0,9214.98,6859.06,1.0
p[4053],0.81,0.02,0.77,0.84,0.0,0.0,9718.13,6217.28,1.0
p[4054],0.72,0.01,0.7,0.75,0.0,0.0,8582.98,7073.68,1.0
p[4055],0.84,0.01,0.82,0.86,0.0,0.0,8763.65,6990.28,1.0
p[4056],0.78,0.02,0.75,0.82,0.0,0.0,9998.66,6082.3,1.0
p[4057],0.83,0.02,0.79,0.86,0.0,0.0,11298.85,7069.08,1.0
p[4058],0.73,0.01,0.7,0.75,0.0,0.0,8588.22,7074.8,1.0
p[4059],0.84,0.01,0.83,0.86,0.0,0.0,8765.01,6990.88,1.0
p[4060],0.71,0.02,0.67,0.76,0.0,0.0,9898.97,6780.29,1.0
p[4061],0.51,0.02,0.48,0.55,0.0,0.0,9102.62,6512.47,1.0
p[4062],0.73,0.01,0.7,0.75,0.0,0.0,8594.23,7041.94,1.0
p[4063],0.65,0.02,0.61,0.7,0.0,0.0,10188.0,7279.75,1.0
p[4064],0.73,0.01,0.7,0.75,0.0,0.0,8597.93,7041.94,1.0
p[4065],0.86,0.01,0.83,0.89,0.0,0.0,10249.92,6912.97,1.0
p[4066],0.75,0.02,0.71,0.78,0.0,0.0,9509.02,6894.81,1.0
p[4067],0.65,0.02,0.62,0.69,0.0,0.0,9227.42,6857.98,1.0
p[4068],0.73,0.01,0.7,0.75,0.0,0.0,8601.94,7042.05,1.0
p[4069],0.73,0.01,0.71,0.75,0.0,0.0,8602.8,7009.34,1.0
p[4070],0.73,0.01,0.71,0.75,0.0,0.0,8602.8,7009.34,1.0
p[4071],0.72,0.02,0.69,0.75,0.0,0.0,9055.21,7187.07,1.0
p[4072],0.73,0.01,0.71,0.75,0.0,0.0,8605.67,7009.34,1.0
p[4073],0.86,0.01,0.83,0.89,0.0,0.0,10251.81,6851.26,1.0
p[4074],0.73,0.01,0.71,0.75,0.0,0.0,8607.61,7009.39,1.0
p[4075],0.72,0.02,0.69,0.76,0.0,0.0,9058.65,7152.88,1.0
p[4076],0.65,0.02,0.62,0.69,0.0,0.0,9233.54,6859.7,1.0
p[4077],0.52,0.02,0.48,0.56,0.0,0.0,9128.74,6456.59,1.0
p[4078],0.85,0.01,0.83,0.87,0.0,0.0,8768.34,7088.18,1.0
p[4079],0.66,0.02,0.62,0.7,0.0,0.0,10197.05,7209.48,1.0
p[4080],0.85,0.01,0.83,0.87,0.0,0.0,8768.03,7053.73,1.0
p[4081],0.85,0.01,0.83,0.87,0.0,0.0,8767.23,7086.03,1.0
p[4082],0.75,0.02,0.72,0.79,0.0,0.0,9512.79,6796.45,1.0
p[4083],0.81,0.02,0.78,0.85,0.0,0.0,9724.01,6268.7,1.0
p[4084],0.73,0.01,0.71,0.76,0.0,0.0,8617.99,7010.2,1.0
p[4085],0.73,0.01,0.71,0.76,0.0,0.0,8617.99,7010.2,1.0
p[4086],0.85,0.01,0.83,0.87,0.0,0.0,8768.55,7189.8,1.0
p[4087],0.79,0.02,0.76,0.83,0.0,0.0,10016.74,6232.99,1.0
p[4088],0.73,0.01,0.71,0.76,0.0,0.0,8620.07,7010.76,1.0
p[4089],0.73,0.02,0.7,0.76,0.0,0.0,9065.06,7152.77,1.0
p[4090],0.73,0.01,0.71,0.76,0.0,0.0,8621.03,6978.68,1.0
p[4091],0.73,0.01,0.71,0.76,0.0,0.0,8621.03,6978.68,1.0
p[4092],0.83,0.02,0.8,0.86,0.0,0.0,11326.65,7069.09,1.0
p[4093],0.83,0.02,0.8,0.86,0.0,0.0,11326.65,7069.09,1.0
p[4094],0.74,0.01,0.71,0.76,0.0,0.0,8623.26,6946.79,1.0
p[4095],0.72,0.02,0.68,0.76,0.0,0.0,9772.81,6633.09,1.0
p[4096],0.53,0.02,0.49,0.56,0.0,0.0,9151.05,6657.1,1.0
p[4097],0.74,0.01,0.71,0.76,0.0,0.0,8629.52,6946.61,1.0
p[4098],0.67,0.02,0.62,0.71,0.0,0.0,10202.61,7278.74,1.0
p[4099],0.74,0.01,0.71,0.76,0.0,0.0,8633.79,6914.77,1.0
p[4100],0.87,0.01,0.84,0.89,0.0,0.0,10286.13,6821.25,1.0
p[4101],0.76,0.02,0.73,0.79,0.0,0.0,9516.16,6827.42,1.0
p[4102],0.74,0.01,0.72,0.76,0.0,0.0,8640.83,6883.23,1.0
p[4103],0.73,0.02,0.7,0.76,0.0,0.0,9073.13,7153.37,1.0
p[4104],0.66,0.02,0.63,0.7,0.0,0.0,9248.62,6888.21,1.0
p[4105],0.74,0.01,0.72,0.76,0.0,0.0,8646.66,6914.9,1.0
p[4106],0.87,0.01,0.84,0.89,0.0,0.0,10288.56,6819.58,1.0
p[4107],0.73,0.02,0.71,0.77,0.0,0.0,9076.91,7306.6,1.0
p[4108],0.85,0.01,0.84,0.87,0.0,0.0,8774.49,7177.48,1.0
p[4109],0.53,0.02,0.49,0.57,0.0,0.0,9173.24,6515.57,1.0
p[4110],0.85,0.01,0.84,0.87,0.0,0.0,8774.79,7143.94,1.0
p[4111],0.67,0.02,0.63,0.71,0.0,0.0,10207.22,7209.0,1.0
p[4112],0.67,0.02,0.63,0.7,0.0,0.0,9256.88,6919.67,1.0
p[4113],0.82,0.02,0.79,0.85,0.0,0.0,9728.28,6346.24,1.0
p[4114],0.74,0.01,0.72,0.77,0.0,0.0,8662.27,6946.19,1.0
p[4115],0.8,0.02,0.77,0.83,0.0,0.0,10035.03,6260.09,1.0
p[4116],0.86,0.01,0.84,0.87,0.0,0.0,8774.15,7230.25,1.0
p[4117],0.76,0.02,0.73,0.79,0.0,0.0,9515.5,6698.95,1.0
p[4118],0.74,0.02,0.71,0.77,0.0,0.0,9081.83,7413.44,1.0
p[4119],0.74,0.01,0.72,0.77,0.0,0.0,8668.97,6946.24,1.0
p[4120],0.75,0.01,0.72,0.77,0.0,0.0,8669.67,6978.13,1.0
p[4121],0.75,0.01,0.72,0.77,0.0,0.0,8671.34,6978.13,1.0
p[4122],0.75,0.01,0.72,0.77,0.0,0.0,8671.34,6978.13,1.0
p[4123],0.86,0.01,0.84,0.87,0.0,0.0,8773.33,7154.41,1.0
p[4124],0.73,0.02,0.69,0.77,0.0,0.0,9771.67,6545.5,1.0
p[4125],0.84,0.02,0.81,0.87,0.0,0.0,11344.24,7005.88,1.0
p[4126],0.75,0.01,0.72,0.77,0.0,0.0,8673.4,6978.36,1.0
p[4127],0.86,0.01,0.84,0.87,0.0,0.0,8773.26,7154.41,1.0
p[4128],0.54,0.02,0.5,0.58,0.0,0.0,9198.51,6459.93,1.0
p[4129],0.68,0.02,0.64,0.72,0.0,0.0,10215.86,7076.53,1.0
p[4130],0.75,0.01,0.72,0.77,0.0,0.0,8678.72,6978.18,1.0
p[4131],0.67,0.02,0.64,0.71,0.0,0.0,9271.73,6860.71,1.0
p[4132],0.77,0.02,0.74,0.8,0.0,0.0,9520.63,6700.66,1.0
p[4133],0.75,0.01,0.73,0.77,0.0,0.0,8686.48,6946.08,1.0
p[4134],0.87,0.01,0.85,0.9,0.0,0.0,10302.69,6819.07,1.0
p[4135],0.74,0.02,0.72,0.77,0.0,0.0,9084.63,7420.39,1.0
p[4136],0.81,0.01,0.78,0.84,0.0,0.0,9573.44,7363.92,1.0
p[4137],0.75,0.01,0.73,0.77,0.0,0.0,8689.31,6977.89,1.0
p[4138],0.75,0.01,0.73,0.77,0.0,0.0,8691.02,6945.76,1.0
p[4139],0.87,0.01,0.85,0.9,0.0,0.0,10304.22,6757.41,1.0
p[4140],0.74,0.02,0.72,0.77,0.0,0.0,9085.8,7402.01,1.0
p[4141],0.68,0.02,0.64,0.71,0.0,0.0,9277.63,6891.52,1.0
p[4142],0.54,0.02,0.51,0.58,0.0,0.0,9214.82,6514.69,1.0
p[4143],0.68,0.02,0.64,0.72,0.0,0.0,10221.01,7201.51,1.0
p[4144],0.83,0.02,0.8,0.86,0.0,0.0,9728.88,6268.29,1.0
p[4145],0.86,0.01,0.85,0.88,0.0,0.0,8772.27,7123.75,1.0
p[4146],0.75,0.01,0.73,0.77,0.0,0.0,8704.09,6882.04,1.0
p[4147],0.81,0.02,0.78,0.84,0.0,0.0,10051.97,6432.5,1.0
p[4148],0.75,0.01,0.73,0.77,0.0,0.0,8705.26,6882.04,1.0
p[4149],0.75,0.01,0.73,0.78,0.0,0.0,8705.73,6913.36,1.0
p[4150],0.75,0.02,0.72,0.78,0.0,0.0,9090.96,7450.11,1.0
p[4151],0.77,0.02,0.74,0.8,0.0,0.0,9520.85,6584.77,1.0
p[4152],0.86,0.01,0.85,0.88,0.0,0.0,8771.98,7057.49,1.0
p[4153],0.75,0.01,0.73,0.78,0.0,0.0,8708.75,6882.38,1.0
p[4154],0.75,0.01,0.73,0.78,0.0,0.0,8708.75,6882.38,1.0
p[4155],0.85,0.02,0.82,0.88,0.0,0.0,11356.62,7037.93,1.0
p[4156],0.85,0.02,0.82,0.88,0.0,0.0,11356.62,7037.93,1.0
p[4157],0.75,0.01,0.73,0.78,0.0,0.0,8712.07,6851.41,1.0
p[4158],0.74,0.02,0.71,0.78,0.0,0.0,9752.65,6607.46,1.0
p[4159],0.55,0.02,0.51,0.59,0.0,0.0,9235.99,6569.75,1.0
p[4160],0.69,0.02,0.65,0.73,0.0,0.0,10222.03,7099.6,1.0
p[4161],0.86,0.01,0.85,0.88,0.0,0.0,8773.02,6990.9,1.0
p[4162],0.76,0.01,0.73,0.78,0.0,0.0,8716.26,6851.77,1.0
p[4163],0.86,0.01,0.85,0.88,0.0,0.0,8773.21,6990.59,1.0
p[4164],0.76,0.01,0.74,0.78,0.0,0.0,8721.11,6851.84,1.0
p[4165],0.78,0.02,0.75,0.81,0.0,0.0,9520.95,6556.1,1.0
p[4166],0.68,0.02,0.65,0.72,0.0,0.0,9287.71,6892.55,1.0
p[4167],0.88,0.01,0.85,0.9,0.0,0.0,10327.06,6666.9,1.0
p[4168],0.76,0.01,0.74,0.78,0.0,0.0,8727.38,6790.63,1.0
p[4169],0.85,0.02,0.82,0.88,0.0,0.0,11361.12,7038.36,1.0
p[4170],0.69,0.02,0.66,0.72,0.0,0.0,9293.92,6923.05,1.0
p[4171],0.75,0.01,0.73,0.78,0.0,0.0,9093.53,7364.88,1.0
p[4172],0.69,0.02,0.65,0.73,0.0,0.0,10222.17,7232.35,1.0
p[4173],0.76,0.01,0.74,0.78,0.0,0.0,8740.01,6851.36,1.0
p[4174],0.87,0.01,0.85,0.88,0.0,0.0,8775.52,6859.43,1.0
p[4175],0.88,0.01,0.86,0.9,0.0,0.0,10337.47,6754.94,1.0
p[4176],0.56,0.02,0.52,0.6,0.0,0.0,9259.68,6515.25,1.0
p[4177],0.84,0.02,0.81,0.87,0.0,0.0,9728.99,6372.88,1.0
p[4178],0.76,0.01,0.74,0.78,0.0,0.0,8744.69,6882.45,1.0
p[4179],0.78,0.02,0.75,0.81,0.0,0.0,9526.52,6613.74,1.0
p[4180],0.76,0.01,0.74,0.78,0.0,0.0,8745.39,6851.79,1.0
p[4181],0.82,0.02,0.79,0.85,0.0,0.0,10062.78,6365.19,1.0
p[4182],0.76,0.01,0.73,0.78,0.0,0.0,9094.73,7383.47,1.0
p[4183],0.76,0.01,0.74,0.78,0.0,0.0,8751.96,6914.2,1.0
p[4184],0.87,0.01,0.85,0.88,0.0,0.0,8773.78,6921.64,1.0
p[4185],0.76,0.01,0.74,0.78,0.0,0.0,8758.97,6913.63,1.0
p[4186],0.76,0.01,0.74,0.78,0.0,0.0,8758.97,6913.63,1.0
p[4187],0.75,0.02,0.72,0.79,0.0,0.0,9735.66,6550.33,1.0
p[4188],0.7,0.02,0.66,0.74,0.0,0.0,10224.26,7325.67,1.0
p[4189],0.87,0.01,0.85,0.88,0.0,0.0,8773.84,6951.56,1.0
p[4190],0.56,0.02,0.53,0.6,0.0,0.0,9271.41,6515.26,1.0
p[4191],0.87,0.01,0.85,0.88,0.0,0.0,8774.27,7015.54,1.0
p[4192],0.87,0.01,0.85,0.88,0.0,0.0,8774.26,7015.54,1.0
p[4193],0.7,0.02,0.66,0.73,0.0,0.0,9307.29,6986.34,1.0
p[4194],0.78,0.02,0.76,0.81,0.0,0.0,9524.83,6612.95,1.0
p[4195],0.86,0.01,0.83,0.88,0.0,0.0,11358.06,7038.28,1.0
p[4196],0.77,0.01,0.75,0.79,0.0,0.0,8777.3,6944.66,1.0
p[4197],0.77,0.01,0.75,0.79,0.0,0.0,8778.39,6944.87,1.0
p[4198],0.76,0.01,0.74,0.79,0.0,0.0,9098.33,7403.19,1.0
p[4199],0.88,0.01,0.86,0.91,0.0,0.0,10372.57,6787.09,1.0
p[4200],0.88,0.01,0.86,0.91,0.0,0.0,10376.19,6787.09,1.0
p[4201],0.77,0.01,0.75,0.79,0.0,0.0,8787.4,6976.34,1.0
p[4202],0.7,0.02,0.67,0.74,0.0,0.0,10229.32,7306.12,1.0
p[4203],0.76,0.01,0.74,0.79,0.0,0.0,9098.56,7456.86,1.0
p[4204],0.87,0.01,0.86,0.89,0.0,0.0,8770.22,6996.26,1.0
p[4205],0.87,0.01,0.86,0.89,0.0,0.0,8770.05,6996.26,1.0
p[4206],0.77,0.01,0.74,0.79,0.0,0.0,9101.17,7448.51,1.0
p[4207],0.7,0.02,0.67,0.73,0.0,0.0,9321.19,6954.3,1.0
p[4208],0.82,0.02,0.79,0.85,0.0,0.0,10067.78,6323.2,1.0
p[4209],0.89,0.01,0.86,0.91,0.0,0.0,10401.0,6756.78,1.0
p[4210],0.84,0.02,0.82,0.87,0.0,0.0,9729.45,6166.18,1.0
p[4211],0.77,0.01,0.75,0.79,0.0,0.0,8802.01,7008.16,1.0
p[4212],0.79,0.02,0.76,0.82,0.0,0.0,9522.53,6527.8,1.0
p[4213],0.87,0.01,0.86,0.89,0.0,0.0,8767.97,6996.32,1.0
p[4214],0.77,0.01,0.75,0.79,0.0,0.0,8804.73,6881.22,1.0
p[4215],0.77,0.01,0.75,0.79,0.0,0.0,8804.73,6881.22,1.0
p[4216],0.86,0.01,0.83,0.89,0.0,0.0,11362.84,7205.41,1.0
p[4217],0.86,0.01,0.83,0.89,0.0,0.0,11362.84,7205.41,1.0
p[4218],0.87,0.01,0.86,0.89,0.0,0.0,8766.35,7128.63,1.0
p[4219],0.58,0.02,0.54,0.61,0.0,0.0,9305.74,6301.06,1.0
p[4220],0.77,0.01,0.75,0.79,0.0,0.0,8810.81,6911.72,1.0
p[4221],0.71,0.02,0.67,0.75,0.0,0.0,10230.29,7167.36,1.0
p[4222],0.77,0.01,0.75,0.79,0.0,0.0,8813.08,6911.72,1.0
p[4223],0.77,0.02,0.73,0.8,0.0,0.0,9729.27,6517.12,1.0
p[4224],0.79,0.02,0.76,0.82,0.0,0.0,9524.21,6499.64,1.0
p[4225],0.71,0.02,0.67,0.74,0.0,0.0,9325.87,6864.07,1.0
p[4226],0.89,0.01,0.87,0.91,0.0,0.0,10428.58,6677.11,1.0
p[4227],0.78,0.01,0.76,0.8,0.0,0.0,8823.81,6943.69,1.0
p[4228],0.71,0.02,0.68,0.74,0.0,0.0,9330.7,6863.82,1.0
p[4229],0.77,0.01,0.75,0.8,0.0,0.0,9111.35,7408.88,1.0
p[4230],0.78,0.01,0.76,0.8,0.0,0.0,8834.27,6943.5,1.0
p[4231],0.71,0.02,0.68,0.75,0.0,0.0,10226.9,7132.58,1.0
p[4232],0.88,0.01,0.86,0.89,0.0,0.0,8768.5,7229.97,1.0
p[4233],0.86,0.01,0.84,0.89,0.0,0.0,11359.22,7104.45,1.0
p[4234],0.58,0.02,0.55,0.62,0.0,0.0,9327.54,6406.52,1.0
p[4235],0.85,0.01,0.82,0.88,0.0,0.0,9726.4,6339.25,1.0
p[4236],0.8,0.01,0.77,0.82,0.0,0.0,9522.52,6390.03,1.0
p[4237],0.78,0.01,0.76,0.8,0.0,0.0,8843.89,6912.01,1.0
p[4238],0.83,0.02,0.8,0.86,0.0,0.0,10070.6,6361.12,1.0
p[4239],0.77,0.01,0.75,0.8,0.0,0.0,9109.41,7408.43,1.0
p[4240],0.78,0.01,0.76,0.8,0.0,0.0,8847.21,6912.37,1.0
p[4241],0.84,0.01,0.81,0.86,0.0,0.0,9556.61,7381.28,1.0
p[4242],0.77,0.02,0.74,0.81,0.0,0.0,9712.21,6460.31,1.0
p[4243],0.72,0.02,0.69,0.76,0.0,0.0,10223.23,7065.07,1.0
p[4244],0.59,0.02,0.55,0.62,0.0,0.0,9344.34,6488.21,1.0
p[4245],0.89,0.01,0.87,0.91,0.0,0.0,10487.65,6665.79,1.0
p[4246],0.78,0.01,0.77,0.8,0.0,0.0,8865.27,6881.47,1.0
p[4247],0.78,0.01,0.77,0.8,0.0,0.0,8867.5,6881.47,1.0
p[4248],0.78,0.01,0.76,0.81,0.0,0.0,9113.05,7445.55,1.0
p[4249],0.8,0.01,0.77,0.83,0.0,0.0,9522.05,6417.87,1.0
p[4250],0.88,0.01,0.87,0.9,0.0,0.0,8764.89,7164.86,1.0
p[4251],0.79,0.01,0.77,0.8,0.0,0.0,8874.24,6850.77,1.0
p[4252],0.88,0.01,0.87,0.9,0.0,0.0,8764.66,7142.67,1.0
p[4253],0.79,0.01,0.77,0.81,0.0,0.0,8878.52,6881.58,1.0
p[4254],0.88,0.01,0.87,0.9,0.0,0.0,8764.07,7142.87,1.0
p[4255],0.79,0.01,0.77,0.81,0.0,0.0,8882.04,6913.34,1.0
p[4256],0.87,0.01,0.84,0.9,0.0,0.0,11354.36,7309.36,1.0
p[4257],0.6,0.02,0.56,0.63,0.0,0.0,9246.07,6369.64,1.0
p[4258],0.72,0.02,0.69,0.75,0.0,0.0,9349.7,6835.52,1.0
p[4259],0.73,0.02,0.69,0.76,0.0,0.0,10214.78,7131.42,1.0
p[4260],0.79,0.01,0.77,0.81,0.0,0.0,8886.65,6945.48,1.0
p[4261],0.78,0.01,0.76,0.81,0.0,0.0,9113.16,7476.04,1.0
p[4262],0.88,0.01,0.87,0.9,0.0,0.0,8763.25,7141.23,1.0
p[4263],0.84,0.01,0.82,0.86,0.0,0.0,9544.81,7524.49,1.0
p[4264],0.81,0.01,0.78,0.83,0.0,0.0,9523.37,6444.53,1.0
p[4265],0.9,0.01,0.88,0.92,0.0,0.0,10529.52,6820.79,1.0
p[4266],0.79,0.01,0.77,0.81,0.0,0.0,8892.55,6914.2,1.0
p[4267],0.79,0.01,0.77,0.81,0.0,0.0,8892.55,6914.2,1.0
p[4268],0.79,0.01,0.77,0.81,0.0,0.0,8893.25,6914.2,1.0
p[4269],0.84,0.02,0.81,0.87,0.0,0.0,10060.6,6303.93,1.0
p[4270],0.78,0.01,0.76,0.81,0.0,0.0,9113.27,7457.84,1.0
p[4271],0.86,0.01,0.83,0.88,0.0,0.0,9722.51,6285.77,1.0
p[4272],0.72,0.02,0.69,0.75,0.0,0.0,9358.43,6960.71,1.0
p[4273],0.9,0.01,0.88,0.92,0.0,0.0,10535.7,6820.79,1.0
p[4274],0.79,0.01,0.77,0.81,0.0,0.0,8901.62,6883.02,1.0
p[4275],0.79,0.01,0.77,0.81,0.0,0.0,8903.16,6914.04,1.0
p[4276],0.78,0.02,0.75,0.82,0.0,0.0,9701.29,6434.83,1.0
p[4277],0.73,0.02,0.7,0.77,0.0,0.0,10210.26,7232.99,1.0
p[4278],0.6,0.02,0.57,0.64,0.0,0.0,9251.3,6355.43,1.0
p[4279],0.81,0.01,0.78,0.84,0.0,0.0,9522.43,6444.0,1.0
p[4280],0.73,0.02,0.7,0.76,0.0,0.0,9358.86,6929.37,1.0
p[4281],0.89,0.01,0.87,0.9,0.0,0.0,8756.25,7037.61,1.0
p[4282],0.89,0.01,0.87,0.9,0.0,0.0,8756.25,7037.61,1.0
p[4283],0.79,0.01,0.76,0.81,0.0,0.0,9116.45,7332.83,1.0
p[4284],0.79,0.01,0.78,0.81,0.0,0.0,8914.78,6977.33,1.0
p[4285],0.9,0.01,0.88,0.92,0.0,0.0,10556.73,6875.84,1.0
p[4286],0.8,0.01,0.78,0.81,0.0,0.0,8922.84,7074.53,1.0
p[4287],0.73,0.02,0.7,0.76,0.0,0.0,9362.21,6929.86,1.0
p[4288],0.79,0.01,0.77,0.82,0.0,0.0,9115.38,7333.78,1.0
p[4289],0.89,0.01,0.88,0.9,0.0,0.0,8752.87,7239.62,1.0
p[4290],0.61,0.02,0.57,0.64,0.0,0.0,9261.26,6535.28,1.0
p[4291],0.8,0.01,0.78,0.82,0.0,0.0,8934.57,7041.46,1.0
p[4292],0.86,0.01,0.84,0.89,0.0,0.0,9713.04,6369.46,1.0
p[4293],0.8,0.01,0.78,0.82,0.0,0.0,8937.41,7041.27,1.0
p[4294],0.8,0.01,0.78,0.82,0.0,0.0,8942.52,7041.48,1.0
p[4295],0.79,0.01,0.77,0.82,0.0,0.0,9118.87,7405.83,1.0
p[4296],0.85,0.01,0.82,0.87,0.0,0.0,10047.91,6262.96,1.0
p[4297],0.89,0.01,0.88,0.9,0.0,0.0,8749.38,7312.21,1.0
p[4298],0.74,0.02,0.71,0.78,0.0,0.0,10195.96,7337.82,1.0
p[4299],0.8,0.01,0.78,0.82,0.0,0.0,8948.46,7074.58,1.0
p[4300],0.89,0.01,0.88,0.9,0.0,0.0,8749.44,7312.21,1.0
p[4301],0.79,0.02,0.76,0.82,0.0,0.0,9667.36,6204.01,1.0
p[4302],0.9,0.01,0.88,0.92,0.0,0.0,10587.51,6822.2,1.0
p[4303],0.9,0.01,0.88,0.92,0.0,0.0,10588.27,6822.37,1.0
p[4304],0.74,0.02,0.71,0.77,0.0,0.0,9368.08,7029.55,1.0
p[4305],0.8,0.01,0.78,0.82,0.0,0.0,8953.87,7074.33,1.0
p[4306],0.8,0.01,0.78,0.82,0.0,0.0,8957.64,7041.16,1.0
p[4307],0.62,0.02,0.58,0.65,0.0,0.0,9265.42,6561.54,1.0
p[4308],0.8,0.01,0.77,0.82,0.0,0.0,9123.31,7388.04,1.0
p[4309],0.85,0.01,0.83,0.88,0.0,0.0,9516.07,7728.52,1.0
p[4310],0.74,0.02,0.71,0.78,0.0,0.0,10191.21,7408.78,1.0
p[4311],0.8,0.01,0.79,0.82,0.0,0.0,8963.76,7073.79,1.0
p[4312],0.62,0.02,0.59,0.66,0.0,0.0,9268.31,6639.73,1.0
p[4313],0.8,0.01,0.79,0.82,0.0,0.0,8967.35,7073.79,1.0
p[4314],0.8,0.01,0.77,0.82,0.0,0.0,9121.87,7388.82,1.0
p[4315],0.9,0.01,0.89,0.92,0.0,0.0,10615.46,6659.23,1.0
p[4316],0.89,0.01,0.88,0.91,0.0,0.0,8742.16,7412.53,1.0
p[4317],0.75,0.02,0.71,0.78,0.0,0.0,10188.34,7445.47,1.0
p[4318],0.87,0.01,0.84,0.89,0.0,0.0,9704.26,6386.63,1.0
p[4319],0.81,0.01,0.79,0.82,0.0,0.0,8975.28,7139.9,1.0
p[4320],0.74,0.02,0.71,0.77,0.0,0.0,9370.61,6997.99,1.0
p[4321],0.8,0.01,0.78,0.82,0.0,0.0,9121.18,7461.71,1.0
p[4322],0.88,0.01,0.86,0.9,0.0,0.0,11316.83,7271.5,1.0
p[4323],0.85,0.01,0.82,0.88,0.0,0.0,10032.37,6236.79,1.0
p[4324],0.81,0.01,0.79,0.82,0.0,0.0,8982.87,7039.91,1.0
p[4325],0.81,0.01,0.79,0.82,0.0,0.0,8982.87,7039.91,1.0
p[4326],0.8,0.02,0.77,0.83,0.0,0.0,9650.11,6231.49,1.0
p[4327],0.81,0.01,0.79,0.82,0.0,0.0,8985.96,7008.16,1.0
p[4328],0.63,0.02,0.59,0.66,0.0,0.0,9272.24,6755.98,1.0
p[4329],0.75,0.02,0.72,0.79,0.0,0.0,10178.78,7372.23,1.0
p[4330],0.81,0.01,0.79,0.83,0.0,0.0,8989.84,6976.5,1.0
p[4331],0.9,0.01,0.88,0.91,0.0,0.0,8736.42,7516.12,1.0
p[4332],0.91,0.01,0.89,0.93,0.0,0.0,10641.99,6692.57,1.0
p[4333],0.81,0.01,0.79,0.83,0.0,0.0,8998.74,7106.47,1.0
p[4334],0.8,0.01,0.78,0.83,0.0,0.0,9123.34,7386.95,1.0
p[4335],0.88,0.01,0.86,0.91,0.0,0.0,11303.56,7199.95,1.0
p[4336],0.81,0.01,0.79,0.83,0.0,0.0,9001.97,7073.54,1.0
p[4337],0.9,0.01,0.89,0.91,0.0,0.0,8735.65,7479.58,1.0
p[4338],0.75,0.02,0.72,0.78,0.0,0.0,9368.9,7130.89,1.0
p[4339],0.9,0.01,0.89,0.91,0.0,0.0,8734.53,7573.03,1.0
p[4340],0.81,0.01,0.79,0.83,0.0,0.0,9007.92,7106.22,1.0
p[4341],0.63,0.02,0.6,0.67,0.0,0.0,9275.05,6595.17,1.0
p[4342],0.75,0.02,0.72,0.79,0.0,0.0,10170.26,7456.15,1.0
p[4343],0.9,0.01,0.89,0.91,0.0,0.0,8734.48,7536.13,1.0
p[4344],0.75,0.02,0.72,0.78,0.0,0.0,9373.76,7231.95,1.0
p[4345],0.86,0.01,0.83,0.88,0.0,0.0,10022.3,6267.2,1.0
p[4346],0.81,0.01,0.78,0.83,0.0,0.0,9123.42,7317.41,1.0
p[4347],0.81,0.01,0.8,0.83,0.0,0.0,9018.36,7106.99,1.0
p[4348],0.81,0.01,0.8,0.83,0.0,0.0,9022.56,7141.02,1.0
p[4349],0.81,0.01,0.8,0.83,0.0,0.0,9022.89,7141.02,1.0
p[4350],0.81,0.02,0.77,0.84,0.0,0.0,9628.32,6315.53,1.0
p[4351],0.89,0.01,0.86,0.91,0.0,0.0,11276.16,7148.59,1.0
p[4352],0.9,0.01,0.89,0.91,0.0,0.0,8731.87,7612.18,1.0
p[4353],0.88,0.01,0.85,0.9,0.0,0.0,9685.17,6343.89,1.0
p[4354],0.76,0.02,0.73,0.79,0.0,0.0,10163.37,7345.06,1.0
p[4355],0.64,0.02,0.6,0.67,0.0,0.0,9280.88,6539.8,1.0
p[4356],0.82,0.01,0.8,0.83,0.0,0.0,9029.86,7174.02,1.0
p[4357],0.91,0.01,0.89,0.93,0.0,0.0,10684.05,6601.37,1.0
p[4358],0.76,0.02,0.73,0.78,0.0,0.0,9376.05,7130.22,1.0
p[4359],0.91,0.01,0.89,0.93,0.0,0.0,10684.05,6629.63,1.0
p[4360],0.82,0.01,0.8,0.83,0.0,0.0,9037.02,7207.83,1.0
p[4361],0.81,0.01,0.79,0.84,0.0,0.0,9123.65,7352.42,1.0
p[4362],0.82,0.01,0.8,0.83,0.0,0.0,9040.21,7241.97,1.0
p[4363],0.86,0.01,0.84,0.89,0.0,0.0,9480.76,7575.53,1.0
p[4364],0.82,0.01,0.8,0.84,0.0,0.0,9043.96,7208.03,1.0
p[4365],0.81,0.01,0.79,0.84,0.0,0.0,9122.26,7388.75,1.0
p[4366],0.9,0.01,0.89,0.91,0.0,0.0,8728.46,7649.56,1.0
p[4367],0.76,0.02,0.73,0.8,0.0,0.0,10149.11,7341.3,1.0
p[4368],0.64,0.02,0.61,0.68,0.0,0.0,9285.7,6538.89,1.0
p[4369],0.83,0.01,0.81,0.86,0.0,0.0,9480.83,6583.78,1.0
p[4370],0.76,0.02,0.73,0.79,0.0,0.0,9379.44,7164.04,1.0
p[4371],0.9,0.01,0.89,0.91,0.0,0.0,8726.53,7553.8,1.0
p[4372],0.91,0.01,0.9,0.93,0.0,0.0,10703.64,6719.06,1.0
p[4373],0.88,0.01,0.86,0.9,0.0,0.0,9675.6,6289.06,1.0
p[4374],0.9,0.01,0.89,0.92,0.0,0.0,8723.95,7548.35,1.0
p[4375],0.82,0.01,0.8,0.84,0.0,0.0,9056.21,7140.8,1.0
p[4376],0.82,0.01,0.79,0.84,0.0,0.0,9125.86,7482.6,1.0
p[4377],0.84,0.01,0.81,0.86,0.0,0.0,9477.11,6638.17,1.0
p[4378],0.9,0.01,0.89,0.92,0.0,0.0,8724.07,7548.98,1.0
p[4379],0.91,0.01,0.9,0.93,0.0,0.0,10705.63,6689.29,1.0
p[4380],0.86,0.01,0.84,0.89,0.0,0.0,10003.33,6186.36,1.0
p[4381],0.82,0.01,0.81,0.84,0.0,0.0,9060.37,7243.18,1.0
p[4382],0.82,0.01,0.81,0.84,0.0,0.0,9060.37,7243.18,1.0
p[4383],0.81,0.02,0.78,0.84,0.0,0.0,9617.37,6341.24,1.0
p[4384],0.82,0.01,0.81,0.84,0.0,0.0,9066.0,7209.06,1.0
p[4385],0.65,0.02,0.62,0.68,0.0,0.0,9291.26,6458.07,1.0
p[4386],0.77,0.02,0.74,0.8,0.0,0.0,10136.44,7170.41,1.0
p[4387],0.91,0.01,0.89,0.92,0.0,0.0,8721.99,7466.98,1.0
p[4388],0.77,0.01,0.74,0.79,0.0,0.0,9382.31,7130.86,1.0
p[4389],0.84,0.01,0.82,0.86,0.0,0.0,9466.96,6581.22,1.0
p[4390],0.82,0.01,0.81,0.84,0.0,0.0,9070.16,7233.76,1.0
p[4391],0.83,0.01,0.81,0.84,0.0,0.0,9072.09,7233.76,1.0
p[4392],0.91,0.01,0.89,0.92,0.0,0.0,8719.32,7558.87,1.0
p[4393],0.82,0.01,0.8,0.84,0.0,0.0,9124.07,7308.12,1.0
p[4394],0.92,0.01,0.9,0.93,0.0,0.0,10719.01,6732.43,1.0
p[4395],0.91,0.01,0.89,0.92,0.0,0.0,8719.03,7558.97,1.0
p[4396],0.92,0.01,0.9,0.93,0.0,0.0,10721.29,6701.53,1.0
p[4397],0.83,0.01,0.81,0.84,0.0,0.0,9078.63,7233.12,1.0
p[4398],0.82,0.01,0.8,0.84,0.0,0.0,9122.95,7308.39,1.0
p[4399],0.77,0.02,0.74,0.8,0.0,0.0,10122.22,7225.93,1.0
p[4400],0.65,0.02,0.62,0.69,0.0,0.0,9298.32,6377.02,1.0
p[4401],0.87,0.01,0.85,0.89,0.0,0.0,9454.97,7416.43,1.0
p[4402],0.77,0.01,0.74,0.8,0.0,0.0,9384.67,7194.13,1.0
p[4403],0.83,0.01,0.81,0.84,0.0,0.0,9086.87,7233.7,1.0
p[4404],0.82,0.01,0.8,0.85,0.0,0.0,9119.07,7453.97,1.0
p[4405],0.91,0.01,0.9,0.92,0.0,0.0,8718.35,7519.48,1.0
p[4406],0.87,0.01,0.85,0.89,0.0,0.0,9982.46,6415.34,1.0
p[4407],0.83,0.01,0.81,0.85,0.0,0.0,9094.65,7223.36,1.0
p[4408],0.83,0.01,0.81,0.85,0.0,0.0,9095.29,7177.04,1.0
p[4409],0.82,0.02,0.79,0.85,0.0,0.0,9611.69,6455.31,1.0
p[4410],0.91,0.01,0.9,0.92,0.0,0.0,8717.4,7482.86,1.0
p[4411],0.9,0.01,0.88,0.92,0.0,0.0,11198.53,7028.62,1.0
p[4412],0.66,0.02,0.63,0.69,0.0,0.0,9296.89,6136.42,1.0
p[4413],0.83,0.01,0.81,0.85,0.0,0.0,9097.93,7110.0,1.0
p[4414],0.85,0.01,0.82,0.87,0.0,0.0,9449.62,6640.03,1.0
p[4415],0.83,0.01,0.81,0.85,0.0,0.0,9101.43,7110.0,1.0
p[4416],0.91,0.01,0.9,0.92,0.0,0.0,8714.67,7519.23,1.0
p[4417],0.91,0.01,0.9,0.92,0.0,0.0,8714.67,7519.23,1.0
p[4418],0.77,0.01,0.75,0.8,0.0,0.0,9299.3,7199.13,1.0
p[4419],0.83,0.01,0.81,0.85,0.0,0.0,9103.9,7126.97,1.0
p[4420],0.89,0.01,0.87,0.91,0.0,0.0,9654.24,6313.23,1.0
p[4421],0.83,0.01,0.82,0.85,0.0,0.0,9106.54,7200.33,1.0
p[4422],0.83,0.01,0.8,0.85,0.0,0.0,9120.18,7434.18,1.0
p[4423],0.91,0.01,0.9,0.92,0.0,0.0,8712.49,7556.62,1.0
p[4424],0.91,0.01,0.9,0.92,0.0,0.0,8711.05,7519.0,1.0
p[4425],0.85,0.01,0.82,0.87,0.0,0.0,9444.27,6728.11,1.0
p[4426],0.83,0.01,0.82,0.85,0.0,0.0,9112.97,7193.71,1.0
p[4427],0.83,0.01,0.82,0.85,0.0,0.0,9112.97,7193.71,1.0
p[4428],0.67,0.02,0.63,0.7,0.0,0.0,9297.87,6187.01,1.0
p[4429],0.78,0.02,0.75,0.81,0.0,0.0,10093.06,7022.52,1.0
p[4430],0.91,0.01,0.9,0.92,0.0,0.0,8709.67,7519.0,1.0
p[4431],0.78,0.01,0.75,0.81,0.0,0.0,9286.06,7268.52,1.0
p[4432],0.83,0.01,0.81,0.85,0.0,0.0,9120.81,7454.76,1.0
p[4433],0.84,0.01,0.82,0.85,0.0,0.0,9117.44,7193.19,1.0
p[4434],0.92,0.01,0.9,0.94,0.0,0.0,10743.55,6772.36,1.0
p[4435],0.85,0.01,0.83,0.87,0.0,0.0,9435.4,6788.2,1.0
p[4436],0.88,0.01,0.85,0.9,0.0,0.0,9955.49,6198.12,1.0
p[4437],0.83,0.01,0.81,0.85,0.0,0.0,9120.58,7455.21,1.0
p[4438],0.84,0.01,0.82,0.85,0.0,0.0,9120.86,7286.11,1.0
p[4439],0.83,0.02,0.8,0.86,0.0,0.0,9597.97,6515.97,1.0
p[4440],0.84,0.01,0.82,0.85,0.0,0.0,9124.69,7183.28,1.0
p[4441],0.84,0.01,0.82,0.85,0.0,0.0,9124.69,7183.28,1.0
p[4442],0.91,0.01,0.9,0.92,0.0,0.0,8706.34,7521.14,1.0
p[4443],0.67,0.02,0.64,0.7,0.0,0.0,9302.55,6193.43,1.0
p[4444],0.84,0.01,0.82,0.85,0.0,0.0,9125.56,7270.25,1.0
p[4445],0.89,0.01,0.87,0.91,0.0,0.0,9638.0,6263.39,1.0
p[4446],0.91,0.01,0.9,0.92,0.0,0.0,8704.39,7539.83,1.0
p[4447],0.92,0.01,0.91,0.94,0.0,0.0,10748.11,6838.33,1.0
p[4448],0.85,0.01,0.83,0.87,0.0,0.0,9426.55,6882.61,1.0
p[4449],0.84,0.01,0.82,0.86,0.0,0.0,9132.09,7216.58,1.0
p[4450],0.84,0.01,0.82,0.86,0.0,0.0,9132.8,7217.21,1.0
p[4451],0.92,0.01,0.91,0.94,0.0,0.0,10747.16,6860.32,1.0
p[4452],0.79,0.01,0.76,0.81,0.0,0.0,9259.71,7165.76,1.0
p[4453],0.91,0.01,0.9,0.93,0.0,0.0,8703.32,7543.41,1.0
p[4454],0.84,0.01,0.81,0.86,0.0,0.0,9117.21,7510.51,1.0
p[4455],0.79,0.01,0.76,0.81,0.0,0.0,9257.19,7165.76,1.0
p[4456],0.84,0.01,0.83,0.86,0.0,0.0,9136.92,7100.44,1.0
p[4457],0.79,0.01,0.76,0.81,0.0,0.0,9260.89,7199.73,1.0
p[4458],0.92,0.01,0.9,0.93,0.0,0.0,8701.61,7543.5,1.0
p[4459],0.79,0.02,0.76,0.82,0.0,0.0,10062.61,6965.24,1.0
p[4460],0.84,0.01,0.83,0.86,0.0,0.0,9140.69,7065.65,1.0
p[4461],0.92,0.01,0.91,0.94,0.0,0.0,10752.91,6828.43,1.0
p[4462],0.9,0.01,0.88,0.92,0.0,0.0,9627.55,6279.23,1.0
p[4463],0.68,0.02,0.65,0.71,0.0,0.0,9303.38,6187.47,1.0
p[4464],0.88,0.01,0.86,0.9,0.0,0.0,9927.51,6154.49,1.0
p[4465],0.92,0.01,0.91,0.93,0.0,0.0,8701.62,7479.68,1.0
p[4466],0.84,0.01,0.83,0.86,0.0,0.0,9147.47,7132.12,1.0
p[4467],0.92,0.01,0.91,0.93,0.0,0.0,8700.86,7407.44,1.0
p[4468],0.92,0.01,0.91,0.93,0.0,0.0,8700.86,7407.44,1.0
p[4469],0.91,0.01,0.89,0.93,0.0,0.0,11104.61,6996.57,1.0
p[4470],0.86,0.01,0.84,0.88,0.0,0.0,9407.59,6942.68,1.0
p[4471],0.68,0.02,0.65,0.72,0.0,0.0,9301.56,6187.28,1.0
p[4472],0.84,0.01,0.83,0.86,0.0,0.0,9148.82,7084.17,1.0
p[4473],0.84,0.01,0.83,0.86,0.0,0.0,9149.02,7084.17,1.0
p[4474],0.93,0.01,0.91,0.94,0.0,0.0,10764.23,6708.99,1.0
p[4475],0.85,0.01,0.83,0.86,0.0,0.0,9151.96,7184.04,1.0
p[4476],0.85,0.01,0.83,0.86,0.0,0.0,9153.55,7184.04,1.0
p[4477],0.86,0.01,0.84,0.88,0.0,0.0,9403.93,6848.49,1.0
p[4478],0.79,0.01,0.77,0.82,0.0,0.0,9232.46,7066.85,1.0
p[4479],0.85,0.01,0.83,0.86,0.0,0.0,9154.79,7184.04,1.0
p[4480],0.92,0.01,0.91,0.93,0.0,0.0,8697.69,7441.99,1.0
p[4481],0.92,0.01,0.91,0.93,0.0,0.0,8697.58,7405.62,1.0
p[4482],0.85,0.01,0.83,0.86,0.0,0.0,9158.62,7250.15,1.0
p[4483],0.79,0.01,0.77,0.82,0.0,0.0,9230.1,7034.07,1.0
p[4484],0.8,0.02,0.77,0.83,0.0,0.0,10028.64,7031.28,1.0
p[4485],0.8,0.01,0.77,0.82,0.0,0.0,9222.18,7034.04,1.0
p[4486],0.85,0.01,0.83,0.86,0.0,0.0,9163.54,7375.44,1.0
p[4487],0.9,0.01,0.88,0.92,0.0,0.0,9606.75,6256.68,1.0
p[4488],0.89,0.01,0.86,0.91,0.0,0.0,9903.18,6104.97,1.0
p[4489],0.93,0.01,0.91,0.94,0.0,0.0,10770.89,6833.86,1.0
p[4490],0.85,0.01,0.83,0.87,0.0,0.0,9165.5,7401.41,1.0
p[4491],0.93,0.01,0.91,0.94,0.0,0.0,10773.01,6864.72,1.0
p[4492],0.85,0.01,0.83,0.87,0.0,0.0,9166.6,7390.64,1.0
p[4493],0.85,0.01,0.82,0.87,0.0,0.0,9102.81,7353.83,1.0
p[4494],0.69,0.02,0.66,0.73,0.0,0.0,9300.12,6330.98,1.0
p[4495],0.8,0.01,0.77,0.83,0.0,0.0,9199.34,7034.69,1.0
p[4496],0.84,0.01,0.82,0.87,0.0,0.0,9559.78,6558.96,1.0
p[4497],0.85,0.01,0.84,0.87,0.0,0.0,9174.03,7456.38,1.0
p[4498],0.92,0.01,0.91,0.93,0.0,0.0,8690.73,7128.11,1.0
p[4499],0.92,0.01,0.91,0.93,0.0,0.0,8690.72,7128.11,1.0
p[4500],0.85,0.01,0.84,0.87,0.0,0.0,9175.41,7419.31,1.0
p[4501],0.92,0.01,0.91,0.93,0.0,0.0,8688.94,7029.35,1.0
p[4502],0.81,0.02,0.78,0.84,0.0,0.0,9990.9,7007.49,1.0
p[4503],0.92,0.01,0.91,0.93,0.0,0.0,8688.94,7029.35,1.0
p[4504],0.85,0.01,0.84,0.87,0.0,0.0,9175.97,7397.78,1.0
p[4505],0.89,0.01,0.87,0.91,0.0,0.0,8727.12,5902.0,1.0
p[4506],0.7,0.02,0.67,0.73,0.0,0.0,9296.95,6587.23,1.0
p[4507],0.92,0.01,0.91,0.93,0.0,0.0,8688.54,7029.35,1.0
p[4508],0.8,0.01,0.78,0.83,0.0,0.0,9181.9,7115.08,1.0
p[4509],0.91,0.01,0.89,0.93,0.0,0.0,11026.25,7131.07,1.0
p[4510],0.8,0.01,0.78,0.83,0.0,0.0,9179.29,7115.08,1.0
p[4511],0.86,0.01,0.84,0.87,0.0,0.0,9180.03,7328.07,1.0
p[4512],0.89,0.01,0.87,0.91,0.0,0.0,9869.79,6008.65,1.0
p[4513],0.93,0.01,0.92,0.95,0.0,0.0,10626.45,6831.93,1.0
p[4514],0.85,0.01,0.82,0.87,0.0,0.0,9546.99,6571.47,1.0
p[4515],0.86,0.01,0.84,0.87,0.0,0.0,9184.54,7206.31,1.0
p[4516],0.7,0.02,0.67,0.74,0.0,0.0,9295.93,6578.03,1.0
p[4517],0.93,0.01,0.92,0.95,0.0,0.0,10621.7,6858.38,1.0
p[4518],0.91,0.01,0.89,0.92,0.0,0.0,9584.26,6175.38,1.0
p[4519],0.81,0.01,0.78,0.83,0.0,0.0,9155.27,7202.43,1.0
p[4520],0.81,0.01,0.78,0.83,0.0,0.0,9153.08,7176.65,1.0
p[4521],0.86,0.01,0.84,0.88,0.0,0.0,9188.77,7223.71,1.0
p[4522],0.9,0.01,0.88,0.92,0.0,0.0,8714.48,5855.12,1.0
p[4523],0.93,0.01,0.92,0.94,0.0,0.0,8680.82,7073.04,1.0
p[4524],0.71,0.02,0.68,0.74,0.0,0.0,9291.87,6664.53,1.0
p[4525],0.86,0.01,0.85,0.88,0.0,0.0,9189.04,7223.71,1.0
p[4526],0.86,0.01,0.85,0.88,0.0,0.0,9189.31,7223.71,1.0
p[4527],0.81,0.02,0.78,0.84,0.0,0.0,9947.83,6956.61,1.0
p[4528],0.93,0.01,0.92,0.95,0.0,0.0,10615.49,7047.51,1.0
p[4529],0.86,0.01,0.85,0.88,0.0,0.0,9190.89,7238.51,1.0
p[4530],0.93,0.01,0.92,0.94,0.0,0.0,8678.75,7086.97,1.0
p[4531],0.91,0.01,0.89,0.93,0.0,0.0,9563.44,6029.4,1.0
p[4532],0.9,0.01,0.88,0.92,0.0,0.0,9837.53,5960.9,1.0
p[4533],0.86,0.01,0.83,0.88,0.0,0.0,9520.99,6842.56,1.0
p[4534],0.86,0.01,0.85,0.88,0.0,0.0,9190.69,6896.88,1.0
p[4535],0.71,0.02,0.68,0.75,0.0,0.0,9289.37,6692.51,1.0
p[4536],0.82,0.01,0.79,0.84,0.0,0.0,9113.49,7341.46,1.0
p[4537],0.82,0.01,0.79,0.84,0.0,0.0,9113.49,7341.46,1.0
p[4538],0.87,0.01,0.85,0.88,0.0,0.0,9196.89,7277.67,1.0
p[4539],0.93,0.01,0.92,0.94,0.0,0.0,8677.37,7087.49,1.0
p[4540],0.9,0.01,0.88,0.92,0.0,0.0,8695.45,5876.63,1.0
p[4541],0.82,0.02,0.79,0.85,0.0,0.0,9905.4,7089.57,1.0
p[4542],0.87,0.01,0.85,0.88,0.0,0.0,9199.0,7313.73,1.0
p[4543],0.87,0.01,0.84,0.89,0.0,0.0,8633.55,6698.61,1.0
p[4544],0.87,0.01,0.85,0.88,0.0,0.0,9200.14,7314.61,1.0
p[4545],0.91,0.01,0.89,0.93,0.0,0.0,9549.23,6100.37,1.0
p[4546],0.87,0.01,0.85,0.88,0.0,0.0,9200.17,7245.05,1.0
p[4547],0.87,0.01,0.85,0.88,0.0,0.0,9199.76,7245.05,1.0
p[4548],0.93,0.01,0.92,0.94,0.0,0.0,8674.84,6925.99,1.0
p[4549],0.94,0.01,0.92,0.95,0.0,0.0,10589.1,7011.96,1.0
p[4550],0.93,0.01,0.92,0.94,0.0,0.0,8675.08,6894.58,1.0
p[4551],0.86,0.01,0.84,0.89,0.0,0.0,9491.85,6872.3,1.0
p[4552],0.82,0.01,0.8,0.85,0.0,0.0,9093.32,7303.58,1.0
p[4553],0.72,0.02,0.69,0.76,0.0,0.0,9279.7,6799.04,1.0
p[4554],0.53,0.02,0.49,0.57,0.0,0.0,9246.66,7081.55,1.0
p[4555],0.79,0.02,0.75,0.83,0.0,0.0,10353.25,6246.5,1.0
p[4556],0.7,0.02,0.66,0.74,0.0,0.0,8508.99,5673.4,1.0
p[4557],0.75,0.02,0.7,0.79,0.0,0.0,10708.95,6427.7,1.0
p[4558],0.73,0.02,0.68,0.77,0.0,0.0,10128.76,6867.15,1.0
p[4559],0.63,0.02,0.59,0.66,0.0,0.0,8589.71,7231.42,1.0
p[4560],0.63,0.03,0.57,0.68,0.0,0.0,8601.84,6056.39,1.0
p[4561],0.54,0.02,0.5,0.58,0.0,0.0,9266.19,7178.68,1.0
p[4562],0.71,0.02,0.67,0.75,0.0,0.0,8503.65,5694.46,1.0
p[4563],0.63,0.02,0.59,0.67,0.0,0.0,9101.74,7077.3,1.0
p[4564],0.72,0.02,0.68,0.76,0.0,0.0,8500.21,5732.65,1.0
p[4565],0.81,0.02,0.77,0.84,0.0,0.0,10415.69,6325.55,1.0
p[4566],0.79,0.01,0.76,0.81,0.0,0.0,8834.89,6558.13,1.0
p[4567],0.65,0.02,0.62,0.68,0.0,0.0,8624.6,7098.0,1.0
p[4568],0.57,0.02,0.53,0.61,0.0,0.0,9314.95,7078.62,1.0
p[4569],0.73,0.02,0.69,0.77,0.0,0.0,8497.75,5614.88,1.0
p[4570],0.66,0.02,0.63,0.69,0.0,0.0,8646.18,7064.45,1.0
p[4571],0.44,0.02,0.4,0.47,0.0,0.0,9250.7,7167.86,1.0
p[4572],0.8,0.01,0.78,0.82,0.0,0.0,8831.18,6017.58,1.0
p[4573],0.74,0.02,0.7,0.78,0.0,0.0,8487.35,5651.5,1.0
p[4574],0.44,0.02,0.41,0.48,0.0,0.0,9268.14,7167.45,1.0
p[4575],0.82,0.02,0.79,0.85,0.0,0.0,10466.02,6562.57,1.0
p[4576],0.76,0.02,0.73,0.8,0.0,0.0,10172.18,6779.69,1.0
p[4577],0.74,0.02,0.7,0.78,0.0,0.0,9962.16,6987.68,1.0
p[4578],0.67,0.01,0.64,0.7,0.0,0.0,8676.18,7065.06,1.0
p[4579],0.45,0.02,0.41,0.49,0.0,0.0,9282.9,7137.87,1.0
p[4580],0.67,0.01,0.65,0.7,0.0,0.0,8679.81,7064.39,1.0
p[4581],0.59,0.02,0.55,0.63,0.0,0.0,9358.92,6972.14,1.0
p[4582],0.7,0.02,0.66,0.73,0.0,0.0,10011.96,7309.02,1.0
p[4583],0.68,0.01,0.65,0.7,0.0,0.0,8685.19,6968.08,1.0
p[4584],0.59,0.02,0.55,0.63,0.0,0.0,9364.96,6972.6,1.0
p[4585],0.83,0.02,0.8,0.86,0.0,0.0,10478.68,6581.52,1.0
p[4586],0.67,0.02,0.64,0.71,0.0,0.0,9099.76,7426.04,1.0
p[4587],0.81,0.01,0.79,0.83,0.0,0.0,8827.67,6398.16,1.0
p[4588],0.6,0.02,0.56,0.65,0.0,0.0,10286.5,7264.75,1.0
p[4589],0.81,0.01,0.79,0.83,0.0,0.0,8828.37,6398.15,1.0
p[4590],0.77,0.02,0.74,0.81,0.0,0.0,10180.02,6652.39,1.0
p[4591],0.68,0.01,0.66,0.71,0.0,0.0,8696.09,6969.09,1.0
p[4592],0.46,0.02,0.42,0.5,0.0,0.0,9309.02,7074.73,1.0
p[4593],0.81,0.01,0.79,0.83,0.0,0.0,8828.13,6371.77,1.0
p[4594],0.75,0.02,0.71,0.79,0.0,0.0,9863.86,7042.2,1.0
p[4595],0.79,0.02,0.76,0.83,0.0,0.0,10810.02,6612.4,1.0
p[4596],0.68,0.01,0.66,0.71,0.0,0.0,8700.2,6969.14,1.0
p[4597],0.82,0.01,0.79,0.83,0.0,0.0,8826.61,6397.82,1.0
p[4598],0.67,0.02,0.63,0.72,0.0,0.0,10172.12,6911.77,1.0
p[4599],0.46,0.02,0.42,0.5,0.0,0.0,9324.06,7009.22,1.0
p[4600],0.61,0.02,0.56,0.65,0.0,0.0,10299.68,7162.16,1.0
p[4601],0.83,0.02,0.8,0.86,0.0,0.0,10492.1,6636.15,1.0
p[4602],0.71,0.02,0.67,0.74,0.0,0.0,10024.46,7324.74,1.0
p[4603],0.6,0.02,0.56,0.64,0.0,0.0,9381.65,6878.5,1.0
p[4604],0.69,0.01,0.66,0.71,0.0,0.0,8708.28,7001.98,1.0
p[4605],0.69,0.01,0.66,0.71,0.0,0.0,8708.91,7034.38,1.0
p[4606],0.69,0.01,0.66,0.71,0.0,0.0,8708.91,7034.38,1.0
p[4607],0.84,0.02,0.8,0.86,0.0,0.0,10494.48,6604.71,1.0
p[4608],0.69,0.01,0.66,0.71,0.0,0.0,8715.18,7034.16,1.0
p[4609],0.68,0.02,0.65,0.72,0.0,0.0,9090.19,7143.38,1.0
p[4610],0.82,0.01,0.8,0.84,0.0,0.0,8822.31,6397.17,1.0
p[4611],0.47,0.02,0.43,0.51,0.0,0.0,9345.96,6945.7,1.0
p[4612],0.61,0.02,0.57,0.64,0.0,0.0,9387.78,6941.66,1.0
p[4613],0.61,0.02,0.57,0.66,0.0,0.0,10306.03,7143.63,1.0
p[4614],0.82,0.01,0.8,0.84,0.0,0.0,8821.74,6370.75,1.0
p[4615],0.69,0.01,0.67,0.72,0.0,0.0,8723.51,7034.21,1.0
p[4616],0.82,0.01,0.8,0.84,0.0,0.0,8821.2,6397.74,1.0
p[4617],0.78,0.02,0.75,0.82,0.0,0.0,10179.31,6494.91,1.0
p[4618],0.71,0.02,0.68,0.75,0.0,0.0,10036.41,7349.68,1.0
p[4619],0.69,0.01,0.67,0.72,0.0,0.0,8726.01,7034.36,1.0
p[4620],0.82,0.01,0.8,0.84,0.0,0.0,8820.65,6452.55,1.0
p[4621],0.76,0.02,0.72,0.8,0.0,0.0,9780.52,6993.25,1.0
p[4622],0.69,0.01,0.67,0.72,0.0,0.0,8727.32,7033.72,1.0
p[4623],0.69,0.01,0.67,0.72,0.0,0.0,8727.32,7033.72,1.0
p[4624],0.68,0.02,0.64,0.73,0.0,0.0,10182.09,6914.72,1.0
p[4625],0.7,0.01,0.67,0.72,0.0,0.0,8731.87,7033.79,1.0
p[4626],0.62,0.02,0.58,0.66,0.0,0.0,10306.41,7142.76,1.0
p[4627],0.48,0.02,0.44,0.51,0.0,0.0,9365.99,6918.03,1.0
p[4628],0.7,0.01,0.67,0.72,0.0,0.0,8734.25,7099.39,1.0
p[4629],0.8,0.02,0.77,0.84,0.0,0.0,10822.7,6687.87,1.0
p[4630],0.84,0.02,0.81,0.87,0.0,0.0,10505.7,6544.06,1.0
p[4631],0.62,0.02,0.58,0.65,0.0,0.0,9394.45,6728.03,1.0
p[4632],0.72,0.02,0.68,0.75,0.0,0.0,10042.41,7308.43,1.0
p[4633],0.7,0.01,0.67,0.72,0.0,0.0,8740.25,6937.26,1.0
p[4634],0.84,0.02,0.81,0.87,0.0,0.0,10508.37,6573.87,1.0
p[4635],0.69,0.02,0.66,0.73,0.0,0.0,9077.24,7144.87,1.0
p[4636],0.62,0.02,0.58,0.66,0.0,0.0,9399.56,6726.59,1.0
p[4637],0.48,0.02,0.44,0.52,0.0,0.0,9387.78,6957.14,1.0
p[4638],0.63,0.02,0.58,0.67,0.0,0.0,10310.61,7129.38,1.0
p[4639],0.79,0.02,0.75,0.83,0.0,0.0,10183.58,6461.09,1.0
p[4640],0.7,0.01,0.68,0.73,0.0,0.0,8751.02,7132.65,1.0
p[4641],0.83,0.01,0.81,0.85,0.0,0.0,8813.03,6678.93,1.0
p[4642],0.72,0.02,0.69,0.76,0.0,0.0,10043.21,7379.88,1.0
p[4643],0.77,0.02,0.73,0.81,0.0,0.0,9719.49,7008.74,1.0
p[4644],0.7,0.01,0.68,0.73,0.0,0.0,8754.12,7132.65,1.0
p[4645],0.7,0.01,0.68,0.73,0.0,0.0,8754.12,7132.65,1.0
p[4646],0.83,0.01,0.81,0.85,0.0,0.0,8810.16,6678.9,1.0
p[4647],0.81,0.02,0.78,0.85,0.0,0.0,10834.67,6759.08,1.0
p[4648],0.69,0.02,0.65,0.74,0.0,0.0,10188.48,6913.52,1.0
p[4649],0.83,0.01,0.81,0.85,0.0,0.0,8809.13,6677.13,1.0
p[4650],0.71,0.01,0.68,0.73,0.0,0.0,8757.51,7099.34,1.0
p[4651],0.49,0.02,0.45,0.52,0.0,0.0,9401.48,6923.2,1.0
p[4652],0.71,0.01,0.68,0.73,0.0,0.0,8759.11,7066.34,1.0
p[4653],0.63,0.02,0.59,0.68,0.0,0.0,10317.43,7096.6,1.0
p[4654],0.83,0.01,0.81,0.85,0.0,0.0,8808.03,6649.0,1.0
p[4655],0.73,0.02,0.7,0.76,0.0,0.0,10043.44,7516.55,1.0
p[4656],0.83,0.01,0.81,0.85,0.0,0.0,8806.05,6649.16,1.0
p[4657],0.63,0.02,0.59,0.66,0.0,0.0,9411.04,6726.3,1.0
p[4658],0.85,0.02,0.82,0.88,0.0,0.0,10512.35,6459.54,1.0
p[4659],0.71,0.01,0.68,0.73,0.0,0.0,8764.37,7034.16,1.0
p[4660],0.71,0.01,0.68,0.73,0.0,0.0,8764.37,7034.16,1.0
p[4661],0.7,0.02,0.67,0.74,0.0,0.0,9063.71,7070.17,1.0
p[4662],0.71,0.01,0.69,0.73,0.0,0.0,8766.5,7034.14,1.0
p[4663],0.7,0.02,0.67,0.74,0.0,0.0,9064.56,7103.74,1.0
p[4664],0.85,0.02,0.82,0.88,0.0,0.0,10514.87,6459.54,1.0
p[4665],0.78,0.02,0.75,0.81,0.0,0.0,9382.08,6893.85,1.0
p[4666],0.63,0.02,0.6,0.67,0.0,0.0,9413.86,6756.61,1.0
p[4667],0.49,0.02,0.46,0.53,0.0,0.0,9414.52,6678.6,1.0
p[4668],0.64,0.02,0.6,0.68,0.0,0.0,10322.57,7097.0,1.0
p[4669],0.83,0.01,0.82,0.85,0.0,0.0,8801.52,6737.68,1.0
p[4670],0.71,0.01,0.69,0.74,0.0,0.0,8772.56,7100.28,1.0
p[4671],0.84,0.01,0.82,0.85,0.0,0.0,8797.86,6736.98,1.0
p[4672],0.8,0.02,0.76,0.83,0.0,0.0,10182.35,6424.68,1.0
p[4673],0.84,0.01,0.82,0.85,0.0,0.0,8796.72,6947.61,1.0
p[4674],0.71,0.01,0.69,0.74,0.0,0.0,8774.88,7033.98,1.0
p[4675],0.74,0.02,0.7,0.77,0.0,0.0,10040.81,7470.78,1.0
p[4676],0.71,0.01,0.69,0.74,0.0,0.0,8776.26,7001.99,1.0
p[4677],0.71,0.02,0.68,0.74,0.0,0.0,9056.18,7103.18,1.0
p[4678],0.78,0.02,0.74,0.81,0.0,0.0,9683.2,7055.57,1.0
p[4679],0.71,0.01,0.69,0.74,0.0,0.0,8777.09,7001.99,1.0
p[4680],0.71,0.01,0.69,0.74,0.0,0.0,8777.09,7001.99,1.0
p[4681],0.82,0.02,0.78,0.85,0.0,0.0,10845.91,6838.08,1.0
p[4682],0.72,0.01,0.69,0.74,0.0,0.0,8778.49,6969.57,1.0
p[4683],0.7,0.02,0.66,0.74,0.0,0.0,10188.96,7032.36,1.0
p[4684],0.5,0.02,0.46,0.54,0.0,0.0,9432.07,6640.56,1.0
p[4685],0.64,0.02,0.6,0.69,0.0,0.0,10323.32,7163.56,1.0
p[4686],0.72,0.01,0.69,0.74,0.0,0.0,8781.54,7001.23,1.0
p[4687],0.85,0.01,0.83,0.88,0.0,0.0,10521.89,6296.06,1.0
p[4688],0.84,0.01,0.82,0.86,0.0,0.0,8790.86,6792.43,1.0
p[4689],0.64,0.02,0.6,0.67,0.0,0.0,9423.16,6805.53,1.0
p[4690],0.74,0.02,0.71,0.77,0.0,0.0,10041.08,7256.15,1.0
p[4691],0.72,0.01,0.7,0.74,0.0,0.0,8788.2,6968.7,1.0
p[4692],0.71,0.02,0.68,0.74,0.0,0.0,9054.04,7203.49,1.0
p[4693],0.79,0.02,0.76,0.82,0.0,0.0,9362.34,6926.46,1.0
p[4694],0.86,0.01,0.83,0.88,0.0,0.0,10521.91,6348.32,1.0
p[4695],0.71,0.02,0.68,0.75,0.0,0.0,9047.86,7236.68,1.0
p[4696],0.51,0.02,0.47,0.54,0.0,0.0,9442.24,6785.46,1.0
p[4697],0.65,0.02,0.61,0.69,0.0,0.0,10321.87,7131.51,1.0
p[4698],0.84,0.01,0.82,0.86,0.0,0.0,8786.04,6678.78,1.0
p[4699],0.82,0.02,0.79,0.86,0.0,0.0,10848.39,6615.99,1.0
p[4700],0.72,0.01,0.7,0.75,0.0,0.0,8799.16,6968.67,1.0
p[4701],0.84,0.01,0.82,0.86,0.0,0.0,8784.58,6709.23,1.0
p[4702],0.81,0.02,0.77,0.84,0.0,0.0,10180.13,6418.42,1.0
p[4703],0.72,0.02,0.69,0.75,0.0,0.0,9040.53,7237.16,1.0
p[4704],0.75,0.02,0.71,0.78,0.0,0.0,10039.02,7202.39,1.0
p[4705],0.79,0.02,0.75,0.82,0.0,0.0,9637.09,6989.38,1.0
p[4706],0.73,0.01,0.7,0.75,0.0,0.0,8801.15,6842.75,1.0
p[4707],0.73,0.01,0.7,0.75,0.0,0.0,8800.62,6842.75,1.0
p[4708],0.71,0.02,0.67,0.76,0.0,0.0,10193.15,6720.4,1.0
p[4709],0.84,0.01,0.83,0.86,0.0,0.0,8782.37,6570.17,1.0
p[4710],0.83,0.02,0.79,0.86,0.0,0.0,10850.21,6870.86,1.0
p[4711],0.65,0.02,0.61,0.7,0.0,0.0,10317.96,7199.45,1.0
p[4712],0.73,0.01,0.7,0.75,0.0,0.0,8802.96,6812.22,1.0
p[4713],0.51,0.02,0.48,0.55,0.0,0.0,9451.36,6685.82,1.0
p[4714],0.73,0.01,0.7,0.75,0.0,0.0,8804.12,6873.96,1.0
p[4715],0.65,0.02,0.61,0.68,0.0,0.0,9429.37,6746.25,1.0
p[4716],0.85,0.01,0.83,0.86,0.0,0.0,8779.35,6514.39,1.0
p[4717],0.85,0.01,0.83,0.86,0.0,0.0,8779.35,6514.39,1.0
p[4718],0.75,0.02,0.72,0.78,0.0,0.0,10035.92,7105.39,1.0
p[4719],0.86,0.01,0.83,0.89,0.0,0.0,10521.32,6321.85,1.0
p[4720],0.65,0.02,0.62,0.69,0.0,0.0,9431.85,6776.82,1.0
p[4721],0.72,0.02,0.69,0.75,0.0,0.0,9026.71,7134.12,1.0
p[4722],0.73,0.01,0.71,0.75,0.0,0.0,8810.51,6873.96,1.0
p[4723],0.73,0.01,0.71,0.75,0.0,0.0,8812.57,6874.53,1.0
p[4724],0.52,0.02,0.48,0.56,0.0,0.0,9469.0,6682.06,1.0
p[4725],0.66,0.02,0.62,0.7,0.0,0.0,10318.93,7100.07,1.0
p[4726],0.66,0.02,0.62,0.69,0.0,0.0,9435.38,6807.89,1.0
p[4727],0.73,0.02,0.69,0.76,0.0,0.0,9017.9,7306.48,1.0
p[4728],0.85,0.01,0.83,0.86,0.0,0.0,8774.52,6543.33,1.0
p[4729],0.75,0.02,0.72,0.79,0.0,0.0,10031.3,7185.68,1.0
p[4730],0.73,0.01,0.71,0.76,0.0,0.0,8820.09,6690.35,1.0
p[4731],0.86,0.01,0.84,0.89,0.0,0.0,10523.97,6322.74,1.0
p[4732],0.82,0.02,0.78,0.85,0.0,0.0,10167.22,6535.54,1.0
p[4733],0.79,0.02,0.76,0.83,0.0,0.0,9643.58,7054.64,1.0
p[4734],0.73,0.02,0.7,0.76,0.0,0.0,9012.47,7237.39,1.0
p[4735],0.86,0.01,0.84,0.89,0.0,0.0,10525.89,6320.9,1.0
p[4736],0.74,0.01,0.71,0.76,0.0,0.0,8823.18,6810.36,1.0
p[4737],0.74,0.01,0.71,0.76,0.0,0.0,8823.18,6810.36,1.0
p[4738],0.85,0.01,0.83,0.87,0.0,0.0,8772.14,6544.44,1.0
p[4739],0.73,0.02,0.69,0.76,0.0,0.0,10190.36,6680.57,1.0
p[4740],0.74,0.01,0.71,0.76,0.0,0.0,8826.87,6840.89,1.0
p[4741],0.85,0.01,0.83,0.87,0.0,0.0,8771.63,6600.58,1.0
p[4742],0.67,0.02,0.63,0.71,0.0,0.0,10317.27,7122.04,1.0
p[4743],0.53,0.02,0.49,0.56,0.0,0.0,9484.3,6870.5,1.0
p[4744],0.83,0.02,0.8,0.86,0.0,0.0,10848.27,6819.69,1.0
p[4745],0.74,0.01,0.72,0.76,0.0,0.0,8830.36,6807.86,1.0
p[4746],0.76,0.02,0.73,0.79,0.0,0.0,10019.58,7037.02,1.0
p[4747],0.85,0.01,0.84,0.87,0.0,0.0,8767.07,6630.21,1.0
p[4748],0.66,0.02,0.63,0.7,0.0,0.0,9439.0,6776.3,1.0
p[4749],0.8,0.01,0.78,0.83,0.0,0.0,9322.28,6740.95,1.0
p[4750],0.73,0.02,0.7,0.76,0.0,0.0,8999.0,7036.63,1.0
p[4751],0.74,0.01,0.72,0.76,0.0,0.0,8834.24,6932.98,1.0
p[4752],0.74,0.01,0.72,0.76,0.0,0.0,8835.13,6933.82,1.0
p[4753],0.85,0.01,0.84,0.87,0.0,0.0,8765.74,6660.25,1.0
p[4754],0.87,0.01,0.84,0.89,0.0,0.0,10526.16,6452.58,1.0
p[4755],0.53,0.02,0.5,0.57,0.0,0.0,9496.3,6898.95,1.0
p[4756],0.67,0.02,0.63,0.71,0.0,0.0,10313.62,7202.71,1.0
p[4757],0.74,0.02,0.71,0.76,0.0,0.0,8992.25,7170.68,1.0
p[4758],0.85,0.01,0.84,0.87,0.0,0.0,8764.01,6462.1,1.0
p[4759],0.67,0.02,0.64,0.7,0.0,0.0,9433.55,6776.06,1.0
p[4760],0.74,0.01,0.72,0.77,0.0,0.0,8844.59,6901.56,1.0
p[4761],0.8,0.02,0.77,0.84,0.0,0.0,9725.74,7035.47,1.0
p[4762],0.86,0.01,0.84,0.87,0.0,0.0,8761.9,6354.23,1.0
p[4763],0.74,0.02,0.71,0.77,0.0,0.0,8984.0,7170.68,1.0
p[4764],0.74,0.01,0.72,0.77,0.0,0.0,8846.45,6901.56,1.0
p[4765],0.75,0.01,0.72,0.77,0.0,0.0,8847.44,6900.46,1.0
p[4766],0.81,0.01,0.78,0.84,0.0,0.0,9311.32,6831.3,1.0
p[4767],0.82,0.02,0.79,0.85,0.0,0.0,10155.38,6621.74,1.0
p[4768],0.84,0.02,0.81,0.87,0.0,0.0,10847.19,6820.3,1.0
p[4769],0.76,0.02,0.73,0.8,0.0,0.0,10013.47,7218.1,1.0
p[4770],0.73,0.02,0.7,0.77,0.0,0.0,10178.02,6625.31,1.0
p[4771],0.86,0.01,0.84,0.87,0.0,0.0,8759.06,6462.14,1.0
p[4772],0.54,0.02,0.5,0.58,0.0,0.0,9508.98,6776.25,1.0
p[4773],0.68,0.02,0.64,0.72,0.0,0.0,10306.19,7202.17,1.0
p[4774],0.75,0.01,0.73,0.77,0.0,0.0,8851.85,6930.8,1.0
p[4775],0.75,0.01,0.73,0.77,0.0,0.0,8851.57,6930.8,1.0
p[4776],0.67,0.02,0.64,0.71,0.0,0.0,9433.71,6686.91,1.0
p[4777],0.77,0.02,0.74,0.8,0.0,0.0,10011.93,7322.68,1.0
p[4778],0.75,0.01,0.73,0.77,0.0,0.0,8856.53,6629.83,1.0
p[4779],0.75,0.01,0.73,0.77,0.0,0.0,8856.72,6629.83,1.0
p[4780],0.74,0.02,0.71,0.77,0.0,0.0,8973.28,7169.04,1.0
p[4781],0.84,0.02,0.81,0.87,0.0,0.0,10837.7,6867.59,1.0
p[4782],0.87,0.01,0.85,0.9,0.0,0.0,10523.63,6316.09,1.0
p[4783],0.74,0.02,0.72,0.77,0.0,0.0,8966.11,7153.31,1.0
p[4784],0.55,0.02,0.51,0.58,0.0,0.0,9525.25,6675.85,1.0
p[4785],0.68,0.02,0.65,0.71,0.0,0.0,9434.24,6716.43,1.0
p[4786],0.68,0.02,0.64,0.72,0.0,0.0,10299.29,7102.36,1.0
p[4787],0.75,0.01,0.73,0.77,0.0,0.0,8864.22,6463.41,1.0
p[4788],0.81,0.01,0.79,0.84,0.0,0.0,9291.46,6951.25,1.0
p[4789],0.86,0.01,0.85,0.88,0.0,0.0,8748.67,6354.06,1.0
p[4790],0.83,0.02,0.8,0.86,0.0,0.0,10141.12,6693.77,1.0
p[4791],0.75,0.01,0.73,0.77,0.0,0.0,8865.9,6547.19,1.0
p[4792],0.77,0.02,0.74,0.8,0.0,0.0,9998.62,7087.81,1.0
p[4793],0.81,0.02,0.78,0.84,0.0,0.0,9812.06,7098.69,1.0
p[4794],0.75,0.01,0.73,0.78,0.0,0.0,8866.82,6547.19,1.0
p[4795],0.75,0.02,0.72,0.78,0.0,0.0,8955.75,7376.2,1.0
p[4796],0.75,0.01,0.73,0.78,0.0,0.0,8868.35,6435.87,1.0
p[4797],0.75,0.01,0.73,0.78,0.0,0.0,8868.35,6435.87,1.0
p[4798],0.86,0.01,0.85,0.88,0.0,0.0,8745.35,6434.01,1.0
p[4799],0.86,0.01,0.85,0.88,0.0,0.0,8745.15,6434.01,1.0
p[4800],0.88,0.01,0.85,0.9,0.0,0.0,10519.16,6451.03,1.0
p[4801],0.85,0.02,0.82,0.88,0.0,0.0,10837.45,6898.61,1.0
p[4802],0.76,0.01,0.74,0.78,0.0,0.0,8872.18,6573.13,1.0
p[4803],0.55,0.02,0.52,0.59,0.0,0.0,9535.35,6921.53,1.0
p[4804],0.75,0.02,0.71,0.78,0.0,0.0,10162.72,6494.8,1.0
p[4805],0.76,0.01,0.74,0.78,0.0,0.0,8874.37,6516.98,1.0
p[4806],0.69,0.02,0.65,0.73,0.0,0.0,10289.48,7225.01,1.0
p[4807],0.75,0.02,0.72,0.78,0.0,0.0,8941.6,7522.41,1.0
p[4808],0.76,0.01,0.74,0.78,0.0,0.0,8877.99,6490.42,1.0
p[4809],0.88,0.01,0.86,0.9,0.0,0.0,10512.79,6508.01,1.0
p[4810],0.76,0.01,0.74,0.78,0.0,0.0,8879.89,6491.11,1.0
p[4811],0.78,0.02,0.75,0.81,0.0,0.0,9989.27,7161.19,1.0
p[4812],0.69,0.02,0.65,0.73,0.0,0.0,10281.76,7156.83,1.0
p[4813],0.88,0.01,0.86,0.9,0.0,0.0,10510.43,6537.27,1.0
p[4814],0.56,0.02,0.52,0.59,0.0,0.0,9556.43,6998.09,1.0
p[4815],0.76,0.02,0.73,0.78,0.0,0.0,8933.22,7561.63,1.0
p[4816],0.82,0.01,0.8,0.85,0.0,0.0,9267.67,6984.06,1.0
p[4817],0.87,0.01,0.85,0.88,0.0,0.0,8729.14,6406.15,1.0
p[4818],0.84,0.02,0.81,0.87,0.0,0.0,10115.51,6758.07,1.0
p[4819],0.76,0.01,0.74,0.78,0.0,0.0,8887.67,6277.36,1.0
p[4820],0.76,0.01,0.74,0.78,0.0,0.0,8888.91,6277.36,1.0
p[4821],0.69,0.02,0.66,0.73,0.0,0.0,9435.04,6687.09,1.0
p[4822],0.76,0.02,0.73,0.79,0.0,0.0,8928.75,7524.83,1.0
p[4823],0.76,0.01,0.74,0.78,0.0,0.0,8888.68,6277.36,1.0
p[4824],0.82,0.02,0.79,0.85,0.0,0.0,9847.15,7235.09,1.0
p[4825],0.87,0.01,0.85,0.88,0.0,0.0,8725.26,6434.58,1.0
p[4826],0.85,0.01,0.82,0.88,0.0,0.0,10820.63,6867.91,1.0
p[4827],0.78,0.02,0.76,0.81,0.0,0.0,9977.02,7152.13,1.0
p[4828],0.76,0.02,0.72,0.79,0.0,0.0,10149.19,6377.54,1.0
p[4829],0.57,0.02,0.53,0.6,0.0,0.0,9560.25,6983.03,1.0
p[4830],0.77,0.01,0.75,0.79,0.0,0.0,8897.46,6354.53,1.0
p[4831],0.77,0.01,0.75,0.79,0.0,0.0,8898.11,6354.53,1.0
p[4832],0.87,0.01,0.86,0.89,0.0,0.0,8718.4,6406.14,1.0
p[4833],0.76,0.01,0.73,0.79,0.0,0.0,8917.0,7627.18,1.0
p[4834],0.88,0.01,0.86,0.91,0.0,0.0,10504.4,6306.78,1.0
p[4835],0.88,0.01,0.86,0.91,0.0,0.0,10503.57,6410.47,1.0
p[4836],0.7,0.02,0.67,0.73,0.0,0.0,9431.59,6487.42,1.0
p[4837],0.77,0.01,0.75,0.79,0.0,0.0,8902.12,6326.8,1.0
p[4838],0.77,0.01,0.75,0.79,0.0,0.0,8904.23,6327.36,1.0
p[4839],0.76,0.01,0.74,0.79,0.0,0.0,8906.3,7627.22,1.0
p[4840],0.57,0.02,0.53,0.61,0.0,0.0,9567.85,7081.04,1.0
p[4841],0.79,0.02,0.76,0.82,0.0,0.0,9968.96,7186.17,1.0
p[4842],0.83,0.01,0.8,0.85,0.0,0.0,9248.16,7066.32,1.0
p[4843],0.77,0.01,0.75,0.79,0.0,0.0,8907.79,6379.99,1.0
p[4844],0.7,0.02,0.67,0.73,0.0,0.0,9429.95,6377.14,1.0
p[4845],0.77,0.01,0.74,0.79,0.0,0.0,8903.36,7627.37,1.0
p[4846],0.84,0.02,0.82,0.87,0.0,0.0,10095.79,6699.2,1.0
p[4847],0.77,0.01,0.75,0.79,0.0,0.0,8908.71,6380.26,1.0
p[4848],0.71,0.02,0.67,0.75,0.0,0.0,10252.71,7105.9,1.0
p[4849],0.86,0.01,0.83,0.89,0.0,0.0,10797.2,6805.58,1.0
p[4850],0.87,0.01,0.86,0.89,0.0,0.0,8708.13,6603.63,1.0
p[4851],0.77,0.01,0.75,0.79,0.0,0.0,8909.99,6396.58,1.0
p[4852],0.83,0.02,0.8,0.86,0.0,0.0,9816.21,7270.61,1.0
p[4853],0.79,0.02,0.76,0.82,0.0,0.0,9963.58,7185.82,1.0
p[4854],0.76,0.02,0.73,0.8,0.0,0.0,10136.43,6508.88,1.0
p[4855],0.88,0.01,0.86,0.89,0.0,0.0,8707.35,6547.57,1.0
p[4856],0.58,0.02,0.54,0.61,0.0,0.0,9566.78,7037.34,1.0
p[4857],0.78,0.01,0.76,0.8,0.0,0.0,8913.42,6530.79,1.0
p[4858],0.88,0.01,0.86,0.89,0.0,0.0,8706.51,6604.46,1.0
p[4859],0.71,0.02,0.67,0.75,0.0,0.0,10246.85,7157.65,1.0
p[4860],0.89,0.01,0.87,0.91,0.0,0.0,10494.26,6809.89,1.0
p[4861],0.71,0.02,0.68,0.74,0.0,0.0,9425.95,6373.97,1.0
p[4862],0.78,0.01,0.76,0.8,0.0,0.0,8916.4,6504.0,1.0
p[4863],0.78,0.01,0.76,0.8,0.0,0.0,8916.73,6504.0,1.0
p[4864],0.77,0.01,0.75,0.8,0.0,0.0,8884.43,7589.75,1.0
p[4865],0.79,0.01,0.77,0.82,0.0,0.0,9950.34,7219.84,1.0
p[4866],0.77,0.01,0.75,0.8,0.0,0.0,8879.75,7532.25,1.0
p[4867],0.71,0.02,0.68,0.74,0.0,0.0,9422.98,6297.89,1.0
p[4868],0.88,0.01,0.86,0.89,0.0,0.0,8703.73,6495.2,1.0
p[4869],0.58,0.02,0.55,0.62,0.0,0.0,9572.88,7194.63,1.0
p[4870],0.8,0.01,0.77,0.83,0.0,0.0,9939.19,7246.98,1.0
p[4871],0.89,0.01,0.87,0.91,0.0,0.0,10482.77,7064.71,1.0
p[4872],0.85,0.01,0.82,0.88,0.0,0.0,10074.62,6612.02,1.0
p[4873],0.78,0.01,0.76,0.8,0.0,0.0,8923.9,6727.25,1.0
p[4874],0.78,0.01,0.75,0.8,0.0,0.0,8869.68,7744.11,1.0
p[4875],0.83,0.02,0.8,0.86,0.0,0.0,9781.58,7201.8,1.0
p[4876],0.78,0.01,0.76,0.8,0.0,0.0,8923.98,6725.87,1.0
p[4877],0.78,0.01,0.76,0.8,0.0,0.0,8924.58,6608.3,1.0
p[4878],0.87,0.01,0.84,0.89,0.0,0.0,10761.39,6836.14,1.0
p[4879],0.84,0.01,0.81,0.86,0.0,0.0,9216.11,7233.49,1.0
p[4880],0.78,0.01,0.76,0.8,0.0,0.0,8926.2,6577.77,1.0
p[4881],0.59,0.02,0.55,0.62,0.0,0.0,9585.58,7273.15,1.0
p[4882],0.78,0.01,0.76,0.8,0.0,0.0,8927.13,6606.82,1.0
p[4883],0.88,0.01,0.87,0.9,0.0,0.0,8697.45,6635.86,1.0
p[4884],0.88,0.01,0.87,0.9,0.0,0.0,8694.81,6635.83,1.0
p[4885],0.72,0.02,0.69,0.75,0.0,0.0,9414.56,6241.04,1.0
p[4886],0.89,0.01,0.87,0.91,0.0,0.0,10472.76,7105.05,1.0
p[4887],0.78,0.01,0.75,0.81,0.0,0.0,8857.59,7735.51,1.0
p[4888],0.79,0.01,0.77,0.8,0.0,0.0,8930.56,6605.69,1.0
p[4889],0.79,0.01,0.77,0.81,0.0,0.0,8932.4,6633.17,1.0
p[4890],0.78,0.01,0.76,0.81,0.0,0.0,8850.35,7645.24,1.0
p[4891],0.88,0.01,0.87,0.9,0.0,0.0,8691.72,6608.84,1.0
p[4892],0.72,0.02,0.69,0.75,0.0,0.0,9408.74,6218.78,1.0
p[4893],0.79,0.01,0.77,0.81,0.0,0.0,8936.37,6408.66,1.0
p[4894],0.73,0.02,0.69,0.76,0.0,0.0,10199.55,7027.18,1.0
p[4895],0.88,0.01,0.87,0.9,0.0,0.0,8689.49,6579.31,1.0
p[4896],0.86,0.01,0.83,0.88,0.0,0.0,10051.52,6641.1,1.0
p[4897],0.78,0.01,0.76,0.81,0.0,0.0,8840.95,7608.39,1.0
p[4898],0.84,0.02,0.81,0.87,0.0,0.0,9749.4,7131.55,1.0
p[4899],0.81,0.01,0.78,0.83,0.0,0.0,9897.31,7152.65,1.0
p[4900],0.79,0.01,0.77,0.81,0.0,0.0,8941.25,6412.92,1.0
p[4901],0.79,0.01,0.77,0.81,0.0,0.0,8941.91,6413.24,1.0
p[4902],0.79,0.01,0.77,0.81,0.0,0.0,8941.91,6413.24,1.0
p[4903],0.78,0.02,0.75,0.82,0.0,0.0,10077.65,6654.63,1.0
p[4904],0.84,0.01,0.82,0.87,0.0,0.0,9196.5,7256.69,1.0
p[4905],0.73,0.02,0.69,0.77,0.0,0.0,10189.24,7027.6,1.0
p[4906],0.87,0.01,0.85,0.9,0.0,0.0,10716.15,6683.3,1.0
p[4907],0.6,0.02,0.57,0.64,0.0,0.0,9589.62,7134.75,1.0
p[4908],0.89,0.01,0.87,0.9,0.0,0.0,8685.74,6721.59,1.0
p[4909],0.73,0.02,0.7,0.76,0.0,0.0,9395.41,6415.31,1.0
p[4910],0.89,0.01,0.87,0.9,0.0,0.0,8685.31,6782.19,1.0
p[4911],0.81,0.01,0.78,0.84,0.0,0.0,9882.38,7152.8,1.0
p[4912],0.79,0.01,0.76,0.82,0.0,0.0,8829.56,7552.91,1.0
p[4913],0.9,0.01,0.88,0.92,0.0,0.0,10447.7,7339.16,1.0
p[4914],0.9,0.01,0.88,0.92,0.0,0.0,10447.28,7339.16,1.0
p[4915],0.89,0.01,0.87,0.9,0.0,0.0,8683.33,6874.96,1.0
p[4916],0.9,0.01,0.88,0.92,0.0,0.0,10446.62,7339.16,1.0
p[4917],0.61,0.02,0.57,0.64,0.0,0.0,9591.71,7100.37,1.0
p[4918],0.8,0.01,0.78,0.81,0.0,0.0,8945.54,6495.05,1.0
p[4919],0.89,0.01,0.88,0.9,0.0,0.0,8681.36,6782.78,1.0
p[4920],0.74,0.02,0.7,0.77,0.0,0.0,10170.49,7028.07,1.0
p[4921],0.73,0.02,0.7,0.76,0.0,0.0,9385.63,6463.62,1.0
p[4922],0.8,0.01,0.78,0.82,0.0,0.0,8946.1,6550.34,1.0
p[4923],0.8,0.01,0.78,0.82,0.0,0.0,8946.5,6550.34,1.0
p[4924],0.86,0.01,0.84,0.89,0.0,0.0,10027.04,6669.32,1.0
p[4925],0.9,0.01,0.88,0.92,0.0,0.0,10439.53,7485.22,1.0
p[4926],0.79,0.01,0.77,0.82,0.0,0.0,8814.65,7589.08,1.0
p[4927],0.81,0.01,0.79,0.84,0.0,0.0,9861.06,7146.51,1.0
p[4928],0.8,0.01,0.78,0.82,0.0,0.0,8949.45,6550.18,1.0
p[4929],0.85,0.01,0.82,0.87,0.0,0.0,9707.83,6905.33,1.0
p[4930],0.8,0.01,0.78,0.82,0.0,0.0,8949.23,6550.18,1.0
p[4931],0.8,0.01,0.78,0.82,0.0,0.0,8948.79,6654.87,1.0
p[4932],0.89,0.01,0.88,0.9,0.0,0.0,8676.14,6986.72,1.0
p[4933],0.89,0.01,0.88,0.9,0.0,0.0,8675.51,6986.72,1.0
p[4934],0.61,0.02,0.58,0.65,0.0,0.0,9598.65,7134.15,1.0
p[4935],0.79,0.02,0.76,0.82,0.0,0.0,10058.22,6533.96,1.0
p[4936],0.88,0.01,0.85,0.9,0.0,0.0,10674.65,6782.65,1.0
p[4937],0.8,0.01,0.78,0.82,0.0,0.0,8949.98,6701.84,1.0
p[4938],0.8,0.01,0.78,0.82,0.0,0.0,8949.95,6701.84,1.0
p[4939],0.74,0.02,0.71,0.77,0.0,0.0,9374.89,6384.52,1.0
p[4940],0.8,0.01,0.77,0.82,0.0,0.0,8796.94,7695.75,1.0
p[4941],0.8,0.01,0.78,0.82,0.0,0.0,8950.03,6444.87,1.0
p[4942],0.82,0.01,0.79,0.84,0.0,0.0,9839.28,7180.94,1.0
p[4943],0.8,0.01,0.78,0.82,0.0,0.0,8950.18,6500.02,1.0
p[4944],0.8,0.01,0.78,0.82,0.0,0.0,8950.51,6472.87,1.0
p[4945],0.9,0.01,0.88,0.92,0.0,0.0,10421.25,7560.04,1.0
p[4946],0.89,0.01,0.88,0.91,0.0,0.0,8667.35,7050.68,1.0
p[4947],0.62,0.02,0.58,0.65,0.0,0.0,9604.93,7169.39,1.0
p[4948],0.89,0.01,0.88,0.91,0.0,0.0,8664.23,7050.68,1.0
p[4949],0.8,0.01,0.79,0.82,0.0,0.0,8954.71,6641.38,1.0
p[4950],0.89,0.01,0.88,0.91,0.0,0.0,8663.05,7116.85,1.0
p[4951],0.75,0.02,0.71,0.78,0.0,0.0,10134.97,7029.52,1.0
p[4952],0.81,0.01,0.79,0.82,0.0,0.0,8955.94,6638.16,1.0
p[4953],0.91,0.01,0.89,0.92,0.0,0.0,10410.43,7634.36,1.0
p[4954],0.82,0.01,0.8,0.85,0.0,0.0,9821.9,7182.39,1.0
p[4955],0.81,0.01,0.79,0.82,0.0,0.0,8956.37,6667.28,1.0
p[4956],0.8,0.01,0.78,0.83,0.0,0.0,8775.27,7705.32,1.0
p[4957],0.85,0.01,0.83,0.88,0.0,0.0,9672.85,6873.18,1.0
p[4958],0.88,0.01,0.86,0.9,0.0,0.0,10637.47,6753.08,1.0
p[4959],0.81,0.01,0.79,0.83,0.0,0.0,8958.31,6757.76,1.0
p[4960],0.81,0.01,0.79,0.83,0.0,0.0,8958.31,6757.76,1.0
p[4961],0.9,0.01,0.88,0.91,0.0,0.0,8656.97,7049.6,1.0
p[4962],0.8,0.02,0.77,0.83,0.0,0.0,10027.47,6642.53,1.0
p[4963],0.63,0.02,0.59,0.66,0.0,0.0,9607.12,7237.31,1.0
p[4964],0.81,0.01,0.79,0.83,0.0,0.0,8959.52,6754.32,1.0
p[4965],0.9,0.01,0.88,0.91,0.0,0.0,8653.99,7149.06,1.0
p[4966],0.81,0.01,0.79,0.83,0.0,0.0,8959.57,6754.32,1.0
p[4967],0.81,0.01,0.79,0.83,0.0,0.0,8959.57,6754.32,1.0
p[4968],0.75,0.02,0.72,0.78,0.0,0.0,9361.13,6262.95,1.0
p[4969],0.83,0.01,0.8,0.85,0.0,0.0,9797.98,7113.61,1.0
p[4970],0.75,0.02,0.72,0.78,0.0,0.0,9359.13,6263.78,1.0
p[4971],0.91,0.01,0.89,0.93,0.0,0.0,10391.1,7522.68,1.0
p[4972],0.75,0.02,0.72,0.78,0.0,0.0,9356.63,6263.78,1.0
p[4973],0.81,0.01,0.78,0.83,0.0,0.0,8758.35,7627.82,1.0
p[4974],0.75,0.02,0.72,0.78,0.0,0.0,9355.28,6351.88,1.0
p[4975],0.91,0.01,0.89,0.93,0.0,0.0,10386.17,7522.84,1.0
p[4976],0.75,0.02,0.72,0.79,0.0,0.0,10100.87,7128.63,1.0
p[4977],0.9,0.01,0.89,0.91,0.0,0.0,8643.28,7115.1,1.0
p[4978],0.9,0.01,0.89,0.91,0.0,0.0,8641.3,7114.54,1.0
p[4979],0.63,0.02,0.6,0.67,0.0,0.0,9607.03,7171.7,1.0
p[4980],0.81,0.01,0.8,0.83,0.0,0.0,8963.15,7126.39,1.0
p[4981],0.9,0.01,0.89,0.91,0.0,0.0,8639.42,7049.12,1.0
p[4982],0.86,0.01,0.83,0.88,0.0,0.0,9640.81,6604.43,1.0
p[4983],0.82,0.01,0.8,0.83,0.0,0.0,8964.83,7094.81,1.0
p[4984],0.83,0.01,0.81,0.85,0.0,0.0,9764.98,7112.57,1.0
p[4985],0.82,0.01,0.8,0.83,0.0,0.0,8965.41,7094.95,1.0
p[4986],0.82,0.01,0.8,0.83,0.0,0.0,8965.11,7128.82,1.0
p[4987],0.89,0.01,0.86,0.91,0.0,0.0,10592.21,6716.33,1.0
p[4988],0.64,0.02,0.6,0.67,0.0,0.0,9601.57,7138.25,1.0
p[4989],0.82,0.01,0.8,0.83,0.0,0.0,8965.61,7162.15,1.0
p[4990],0.91,0.01,0.89,0.93,0.0,0.0,10366.15,7596.19,1.0
p[4991],0.76,0.02,0.73,0.79,0.0,0.0,9340.02,6478.07,1.0
p[4992],0.9,0.01,0.89,0.91,0.0,0.0,8634.0,7082.51,1.0
p[4993],0.76,0.02,0.73,0.79,0.0,0.0,9338.0,6523.31,1.0
p[4994],0.82,0.01,0.8,0.84,0.0,0.0,8966.17,7162.63,1.0
p[4995],0.82,0.01,0.8,0.84,0.0,0.0,8966.41,7162.63,1.0
p[4996],0.9,0.01,0.89,0.91,0.0,0.0,8632.83,7115.29,1.0
p[4997],0.83,0.01,0.81,0.86,0.0,0.0,9746.55,7081.37,1.0
p[4998],0.82,0.01,0.8,0.84,0.0,0.0,8967.17,7162.82,1.0
p[4999],0.87,0.01,0.84,0.89,0.0,0.0,8309.54,6751.14,1.0
p[5000],0.77,0.02,0.73,0.8,0.0,0.0,10066.86,7128.6,1.0
p[5001],0.82,0.01,0.8,0.84,0.0,0.0,8967.26,7114.97,1.0
p[5002],0.82,0.01,0.8,0.84,0.0,0.0,8967.58,7027.87,1.0
p[5003],0.91,0.01,0.9,0.93,0.0,0.0,10348.21,7559.9,1.0
p[5004],0.86,0.01,0.84,0.89,0.0,0.0,9601.5,6519.06,1.0
p[5005],0.9,0.01,0.89,0.92,0.0,0.0,8625.43,6992.75,1.0
p[5006],0.91,0.01,0.9,0.93,0.0,0.0,10345.95,7635.91,1.0
p[5007],0.82,0.01,0.8,0.84,0.0,0.0,8969.25,7051.35,1.0
p[5008],0.82,0.01,0.81,0.84,0.0,0.0,8968.91,6889.93,1.0
p[5009],0.81,0.02,0.78,0.85,0.0,0.0,9966.87,6853.26,1.0
p[5010],0.9,0.01,0.89,0.92,0.0,0.0,8620.53,6866.04,1.0
p[5011],0.91,0.01,0.89,0.92,0.0,0.0,8618.16,6960.75,1.0
p[5012],0.89,0.01,0.87,0.91,0.0,0.0,10544.81,6884.33,1.0
p[5013],0.65,0.02,0.62,0.69,0.0,0.0,9568.57,7145.64,1.0
p[5014],0.82,0.01,0.81,0.84,0.0,0.0,8970.31,6954.66,1.0
p[5015],0.77,0.02,0.74,0.8,0.0,0.0,9317.54,6493.15,1.0
p[5016],0.83,0.01,0.81,0.84,0.0,0.0,8973.79,6954.26,1.0
p[5017],0.77,0.02,0.74,0.8,0.0,0.0,9312.93,6440.41,1.0
p[5018],0.83,0.01,0.81,0.84,0.0,0.0,8973.81,6921.95,1.0
p[5019],0.77,0.02,0.74,0.81,0.0,0.0,9825.2,6997.42,1.0
p[5020],0.83,0.01,0.81,0.84,0.0,0.0,8974.13,6797.04,1.0
p[5021],0.87,0.01,0.85,0.89,0.0,0.0,8308.16,6662.96,1.0
p[5022],0.83,0.01,0.81,0.85,0.0,0.0,8972.17,6952.25,1.0
p[5023],0.83,0.01,0.81,0.85,0.0,0.0,8971.89,6919.36,1.0
p[5024],0.91,0.01,0.9,0.92,0.0,0.0,8609.16,6960.64,1.0
p[5025],0.87,0.01,0.85,0.89,0.0,0.0,9570.09,6519.4,1.0
p[5026],0.77,0.02,0.74,0.8,0.0,0.0,9307.09,6440.41,1.0
p[5027],0.92,0.01,0.9,0.93,0.0,0.0,10311.59,7599.57,1.0
p[5028],0.92,0.01,0.9,0.93,0.0,0.0,10309.52,7599.57,1.0
p[5029],0.82,0.02,0.79,0.85,0.0,0.0,9918.3,6872.75,1.0
p[5030],0.91,0.01,0.9,0.92,0.0,0.0,8605.13,7260.81,1.0
p[5031],0.83,0.01,0.81,0.85,0.0,0.0,8974.56,6951.71,1.0
p[5032],0.83,0.01,0.81,0.85,0.0,0.0,8974.58,7014.19,1.0
p[5033],0.91,0.01,0.9,0.92,0.0,0.0,8602.87,7260.15,1.0
p[5034],0.66,0.02,0.63,0.7,0.0,0.0,9529.0,7189.45,1.0
p[5035],0.83,0.01,0.82,0.85,0.0,0.0,8972.72,6919.04,1.0
p[5036],0.78,0.02,0.75,0.81,0.0,0.0,9296.12,6424.62,1.0
p[5037],0.92,0.01,0.9,0.94,0.0,0.0,10294.66,7676.38,1.0
p[5038],0.88,0.01,0.86,0.9,0.0,0.0,8306.19,6720.86,1.0
p[5039],0.83,0.01,0.82,0.85,0.0,0.0,8974.7,6879.05,1.0
p[5040],0.67,0.02,0.63,0.7,0.0,0.0,9515.27,7191.64,1.0
p[5041],0.78,0.02,0.75,0.81,0.0,0.0,9783.14,7195.77,1.0
p[5042],0.91,0.01,0.9,0.92,0.0,0.0,8595.78,7227.22,1.0
p[5043],0.84,0.01,0.82,0.85,0.0,0.0,8974.5,6863.4,1.0
p[5044],0.84,0.01,0.82,0.85,0.0,0.0,8974.5,6863.4,1.0
p[5045],0.88,0.01,0.85,0.9,0.0,0.0,9537.74,6357.5,1.0
p[5046],0.83,0.02,0.8,0.86,0.0,0.0,9835.43,6902.01,1.0
p[5047],0.91,0.01,0.9,0.93,0.0,0.0,8587.39,7035.36,1.0
p[5048],0.84,0.01,0.82,0.85,0.0,0.0,8971.77,6815.13,1.0
p[5049],0.67,0.02,0.64,0.71,0.0,0.0,9496.9,7058.66,1.0
p[5050],0.91,0.01,0.9,0.93,0.0,0.0,8586.1,6970.88,1.0
p[5051],0.91,0.01,0.9,0.93,0.0,0.0,8586.1,6970.88,1.0
p[5052],0.84,0.01,0.82,0.86,0.0,0.0,8971.31,6845.82,1.0
p[5053],0.84,0.01,0.82,0.86,0.0,0.0,8971.06,6845.92,1.0
p[5054],0.79,0.01,0.76,0.81,0.0,0.0,9269.74,6615.83,1.0
p[5055],0.88,0.01,0.86,0.9,0.0,0.0,8304.75,6590.67,1.0
p[5056],0.79,0.02,0.76,0.82,0.0,0.0,9740.11,7213.81,1.0
p[5057],0.84,0.01,0.82,0.86,0.0,0.0,8970.63,6725.29,1.0
p[5058],0.84,0.02,0.81,0.87,0.0,0.0,8276.65,6782.48,1.0
p[5059],0.92,0.01,0.91,0.94,0.0,0.0,10248.96,7706.78,1.0
p[5060],0.84,0.01,0.83,0.86,0.0,0.0,8968.5,6814.63,1.0
p[5061],0.84,0.01,0.83,0.86,0.0,0.0,8968.99,6814.65,1.0
p[5062],0.79,0.01,0.76,0.82,0.0,0.0,9253.22,6529.33,1.0
p[5063],0.84,0.02,0.81,0.86,0.0,0.0,9760.29,7146.59,1.0
p[5064],0.68,0.02,0.65,0.72,0.0,0.0,9457.86,7163.62,1.0
p[5065],0.5,0.02,0.46,0.55,0.0,0.0,9404.06,7100.38,1.0
p[5066],0.68,0.02,0.63,0.72,0.0,0.0,9055.29,6556.67,1.0
p[5067],0.75,0.02,0.72,0.78,0.0,0.0,9050.32,7240.68,1.0
p[5068],0.6,0.02,0.56,0.63,0.0,0.0,8564.82,7102.14,1.0
p[5069],0.73,0.03,0.68,0.78,0.0,0.0,10701.31,6824.49,1.0
p[5070],0.77,0.02,0.73,0.81,0.0,0.0,10678.05,7028.34,1.0
p[5071],0.6,0.02,0.57,0.63,0.0,0.0,8567.07,7185.17,1.0
p[5072],0.6,0.03,0.54,0.66,0.0,0.0,9117.64,6633.03,1.0
p[5073],0.51,0.02,0.47,0.56,0.0,0.0,9427.19,7035.14,1.0
p[5074],0.69,0.02,0.64,0.73,0.0,0.0,9036.73,6353.26,1.0
p[5075],0.6,0.02,0.56,0.64,0.0,0.0,9232.4,7453.53,1.0
p[5076],0.76,0.01,0.74,0.79,0.0,0.0,9044.34,7155.21,1.0
p[5077],0.7,0.02,0.65,0.74,0.0,0.0,9020.9,6498.67,1.0
p[5078],0.79,0.02,0.75,0.83,0.0,0.0,10729.39,6562.0,1.0
p[5079],0.63,0.02,0.6,0.66,0.0,0.0,8590.28,7001.3,1.0
p[5080],0.71,0.02,0.66,0.75,0.0,0.0,8998.69,6609.64,1.0
p[5081],0.63,0.02,0.61,0.67,0.0,0.0,8596.38,6918.37,1.0
p[5082],0.41,0.02,0.37,0.45,0.0,0.0,9639.74,7058.2,1.0
p[5083],0.78,0.01,0.76,0.81,0.0,0.0,9031.55,7109.91,1.0
p[5084],0.72,0.02,0.68,0.76,0.0,0.0,8977.68,6387.03,1.0
p[5085],0.42,0.02,0.38,0.45,0.0,0.0,9650.33,6989.45,1.0
p[5086],0.74,0.02,0.7,0.79,0.0,0.0,9915.37,6402.56,1.0
p[5087],0.72,0.02,0.67,0.76,0.0,0.0,10292.06,6119.3,1.0
p[5088],0.65,0.02,0.62,0.68,0.0,0.0,8607.22,6812.28,1.0
p[5089],0.81,0.02,0.77,0.84,0.0,0.0,10780.54,6470.84,1.0
p[5090],0.42,0.02,0.38,0.46,0.0,0.0,9661.37,6895.18,1.0
p[5091],0.65,0.02,0.62,0.68,0.0,0.0,8609.24,6799.92,1.0
p[5092],0.56,0.02,0.52,0.6,0.0,0.0,9519.29,6969.43,1.0
p[5093],0.67,0.02,0.63,0.71,0.0,0.0,9523.55,6773.97,1.0
p[5094],0.64,0.02,0.61,0.68,0.0,0.0,9224.21,6862.25,1.0
p[5095],0.65,0.02,0.62,0.68,0.0,0.0,8612.9,6708.12,1.0
p[5096],0.79,0.01,0.77,0.82,0.0,0.0,9012.46,6927.89,1.0
p[5097],0.43,0.02,0.39,0.47,0.0,0.0,9671.29,6861.44,1.0
p[5098],0.57,0.02,0.53,0.62,0.0,0.0,9819.71,6834.42,1.0
p[5099],0.79,0.01,0.77,0.82,0.0,0.0,9012.13,6927.89,1.0
p[5100],0.81,0.02,0.78,0.85,0.0,0.0,10793.6,6415.51,1.0
p[5101],0.66,0.01,0.63,0.68,0.0,0.0,8619.34,6737.93,1.0
p[5102],0.75,0.02,0.71,0.79,0.0,0.0,9906.16,6428.96,1.0
p[5103],0.73,0.02,0.68,0.77,0.0,0.0,10293.39,6281.23,1.0
p[5104],0.8,0.01,0.77,0.82,0.0,0.0,9010.17,6958.18,1.0
p[5105],0.66,0.01,0.63,0.69,0.0,0.0,8621.24,6737.94,1.0
p[5106],0.78,0.02,0.74,0.82,0.0,0.0,10740.09,6965.11,1.0
p[5107],0.8,0.01,0.77,0.82,0.0,0.0,9007.45,6956.04,1.0
p[5108],0.65,0.03,0.6,0.69,0.0,0.0,9963.88,7217.4,1.0
p[5109],0.57,0.02,0.53,0.61,0.0,0.0,9533.79,6843.48,1.0
p[5110],0.43,0.02,0.4,0.47,0.0,0.0,9680.36,6771.73,1.0
p[5111],0.58,0.02,0.53,0.62,0.0,0.0,9811.53,6836.45,1.0
p[5112],0.66,0.01,0.63,0.69,0.0,0.0,8623.91,6571.04,1.0
p[5113],0.8,0.01,0.78,0.82,0.0,0.0,9004.57,6937.68,1.0
p[5114],0.82,0.02,0.78,0.85,0.0,0.0,10795.35,6554.82,1.0
p[5115],0.58,0.02,0.54,0.62,0.0,0.0,9537.24,6874.06,1.0
p[5116],0.68,0.02,0.65,0.72,0.0,0.0,9505.52,6714.59,1.0
p[5117],0.65,0.02,0.62,0.69,0.0,0.0,9223.04,6831.91,1.0
p[5118],0.66,0.01,0.63,0.69,0.0,0.0,8627.59,6583.94,1.0
p[5119],0.66,0.01,0.63,0.69,0.0,0.0,8628.43,6526.48,1.0
p[5120],0.66,0.01,0.63,0.69,0.0,0.0,8630.0,6583.94,1.0
p[5121],0.82,0.02,0.79,0.85,0.0,0.0,10801.43,6470.98,1.0
p[5122],0.58,0.02,0.54,0.62,0.0,0.0,9542.02,6873.8,1.0
p[5123],0.59,0.02,0.54,0.63,0.0,0.0,9795.56,6928.92,1.0
p[5124],0.44,0.02,0.4,0.48,0.0,0.0,9686.69,6801.93,1.0
p[5125],0.8,0.01,0.78,0.82,0.0,0.0,8998.31,6969.21,1.0
p[5126],0.8,0.01,0.78,0.82,0.0,0.0,8997.81,6969.21,1.0
p[5127],0.8,0.01,0.78,0.82,0.0,0.0,8996.51,6937.42,1.0
p[5128],0.69,0.02,0.65,0.73,0.0,0.0,9494.65,6595.71,1.0
p[5129],0.67,0.01,0.64,0.69,0.0,0.0,8634.39,6641.98,1.0
p[5130],0.8,0.01,0.78,0.83,0.0,0.0,8993.87,6937.4,1.0
p[5131],0.76,0.02,0.72,0.8,0.0,0.0,9887.66,6296.5,1.0
p[5132],0.74,0.02,0.7,0.78,0.0,0.0,10286.34,6305.38,1.0
p[5133],0.67,0.01,0.64,0.69,0.0,0.0,8635.52,6608.68,1.0
p[5134],0.66,0.02,0.63,0.7,0.0,0.0,9218.59,6681.61,1.0
p[5135],0.67,0.01,0.64,0.69,0.0,0.0,8635.67,6608.68,1.0
p[5136],0.67,0.01,0.64,0.69,0.0,0.0,8635.67,6608.68,1.0
p[5137],0.78,0.02,0.75,0.83,0.0,0.0,10733.47,6933.17,1.0
p[5138],0.67,0.01,0.64,0.7,0.0,0.0,8637.75,6529.8,1.0
p[5139],0.66,0.02,0.61,0.7,0.0,0.0,9884.52,7237.58,1.0
p[5140],0.59,0.02,0.55,0.64,0.0,0.0,9781.79,6927.44,1.0
p[5141],0.45,0.02,0.41,0.49,0.0,0.0,9692.02,6830.53,1.0
p[5142],0.81,0.01,0.78,0.83,0.0,0.0,8990.44,6969.48,1.0
p[5143],0.81,0.01,0.78,0.83,0.0,0.0,8988.36,6937.67,1.0
p[5144],0.67,0.01,0.64,0.7,0.0,0.0,8640.69,6473.58,1.0
p[5145],0.67,0.01,0.65,0.7,0.0,0.0,8640.89,6473.58,1.0
p[5146],0.59,0.02,0.55,0.63,0.0,0.0,9550.77,6842.05,1.0
p[5147],0.83,0.02,0.79,0.86,0.0,0.0,10810.73,6402.52,1.0
p[5148],0.7,0.02,0.66,0.73,0.0,0.0,9484.53,6711.99,1.0
p[5149],0.67,0.02,0.63,0.7,0.0,0.0,9215.01,6741.17,1.0
p[5150],0.67,0.01,0.65,0.7,0.0,0.0,8640.23,6473.72,1.0
p[5151],0.59,0.02,0.55,0.63,0.0,0.0,9556.14,6750.86,1.0
p[5152],0.83,0.02,0.8,0.86,0.0,0.0,10811.74,6440.69,1.0
p[5153],0.6,0.02,0.55,0.64,0.0,0.0,9770.14,6990.85,1.0
p[5154],0.67,0.02,0.64,0.7,0.0,0.0,9211.18,6741.32,1.0
p[5155],0.81,0.01,0.79,0.83,0.0,0.0,8982.97,6953.8,1.0
p[5156],0.81,0.01,0.79,0.83,0.0,0.0,8982.57,6985.59,1.0
p[5157],0.45,0.02,0.42,0.49,0.0,0.0,9705.25,6890.8,1.0
p[5158],0.68,0.01,0.65,0.7,0.0,0.0,8646.95,6473.84,1.0
p[5159],0.68,0.01,0.65,0.71,0.0,0.0,8647.55,6529.2,1.0
p[5160],0.75,0.02,0.71,0.79,0.0,0.0,10266.63,6086.24,1.0
p[5161],0.77,0.02,0.73,0.81,0.0,0.0,9869.62,6136.36,1.0
p[5162],0.7,0.02,0.66,0.74,0.0,0.0,9469.14,6687.37,1.0
p[5163],0.68,0.01,0.65,0.71,0.0,0.0,8648.83,6529.39,1.0
p[5164],0.67,0.02,0.64,0.71,0.0,0.0,9207.6,6595.45,1.0
p[5165],0.68,0.01,0.65,0.71,0.0,0.0,8650.08,6557.53,1.0
p[5166],0.81,0.01,0.79,0.83,0.0,0.0,8981.12,7044.8,1.0
p[5167],0.81,0.01,0.79,0.83,0.0,0.0,8980.6,7044.69,1.0
p[5168],0.79,0.02,0.76,0.83,0.0,0.0,10720.17,6933.44,1.0
p[5169],0.46,0.02,0.42,0.5,0.0,0.0,9710.33,6783.51,1.0
p[5170],0.68,0.01,0.66,0.71,0.0,0.0,8651.52,6489.46,1.0
p[5171],0.67,0.02,0.63,0.72,0.0,0.0,9840.88,7172.9,1.0
p[5172],0.61,0.02,0.56,0.65,0.0,0.0,9754.55,6969.33,1.0
p[5173],0.68,0.01,0.66,0.71,0.0,0.0,8652.59,6461.87,1.0
p[5174],0.82,0.01,0.79,0.84,0.0,0.0,8977.81,7044.65,1.0
p[5175],0.83,0.02,0.8,0.86,0.0,0.0,10811.14,6141.92,1.0
p[5176],0.71,0.02,0.67,0.74,0.0,0.0,9461.75,6642.46,1.0
p[5177],0.6,0.02,0.56,0.64,0.0,0.0,9564.94,6687.67,1.0
p[5178],0.82,0.01,0.79,0.84,0.0,0.0,8977.25,7028.38,1.0
p[5179],0.68,0.01,0.66,0.71,0.0,0.0,8654.96,6473.32,1.0
p[5180],0.68,0.01,0.66,0.71,0.0,0.0,8655.45,6473.23,1.0
p[5181],0.68,0.02,0.64,0.71,0.0,0.0,9201.26,6741.49,1.0
p[5182],0.68,0.02,0.65,0.71,0.0,0.0,9199.45,6832.11,1.0
p[5183],0.69,0.01,0.66,0.71,0.0,0.0,8659.51,6481.75,1.0
p[5184],0.47,0.02,0.43,0.51,0.0,0.0,9718.88,6769.58,1.0
p[5185],0.61,0.02,0.57,0.64,0.0,0.0,9567.72,6746.99,1.0
p[5186],0.61,0.02,0.57,0.65,0.0,0.0,9746.5,6851.98,1.0
p[5187],0.82,0.01,0.8,0.84,0.0,0.0,8969.96,7044.44,1.0
p[5188],0.78,0.02,0.74,0.82,0.0,0.0,9852.33,6064.26,1.0
p[5189],0.69,0.01,0.66,0.71,0.0,0.0,8663.83,6453.67,1.0
p[5190],0.71,0.02,0.67,0.75,0.0,0.0,9447.34,6541.69,1.0
p[5191],0.76,0.02,0.72,0.8,0.0,0.0,10243.96,6178.19,1.0
p[5192],0.82,0.01,0.8,0.84,0.0,0.0,8967.57,7044.29,1.0
p[5193],0.84,0.02,0.81,0.87,0.0,0.0,10814.29,6191.82,1.0
p[5194],0.68,0.02,0.65,0.72,0.0,0.0,9198.74,6894.39,1.0
p[5195],0.69,0.01,0.67,0.72,0.0,0.0,8666.85,6522.07,1.0
p[5196],0.69,0.01,0.67,0.72,0.0,0.0,8666.85,6522.07,1.0
p[5197],0.82,0.01,0.8,0.84,0.0,0.0,8965.31,7000.27,1.0
p[5198],0.76,0.02,0.73,0.79,0.0,0.0,9620.91,6635.56,1.0
p[5199],0.68,0.02,0.63,0.72,0.0,0.0,9810.11,7040.62,1.0
p[5200],0.69,0.01,0.67,0.72,0.0,0.0,8669.9,6494.21,1.0
p[5201],0.47,0.02,0.43,0.51,0.0,0.0,9714.43,6710.53,1.0
p[5202],0.62,0.02,0.57,0.66,0.0,0.0,9727.29,6896.9,1.0
p[5203],0.8,0.02,0.77,0.84,0.0,0.0,10712.2,6903.45,1.0
p[5204],0.82,0.01,0.8,0.84,0.0,0.0,8960.99,7000.27,1.0
p[5205],0.69,0.01,0.67,0.72,0.0,0.0,8672.78,6453.2,1.0
p[5206],0.69,0.01,0.67,0.72,0.0,0.0,8673.49,6465.76,1.0
p[5207],0.72,0.02,0.68,0.75,0.0,0.0,9439.05,6363.39,1.0
p[5208],0.61,0.02,0.57,0.65,0.0,0.0,9568.85,6660.3,1.0
p[5209],0.84,0.02,0.81,0.87,0.0,0.0,10803.54,6192.5,1.0
p[5210],0.69,0.02,0.65,0.72,0.0,0.0,9193.79,6801.26,1.0
p[5211],0.84,0.02,0.81,0.87,0.0,0.0,10803.24,6196.97,1.0
p[5212],0.69,0.02,0.66,0.72,0.0,0.0,9191.45,6801.42,1.0
p[5213],0.62,0.02,0.58,0.66,0.0,0.0,9707.98,6852.49,1.0
p[5214],0.83,0.01,0.81,0.85,0.0,0.0,8951.46,7032.57,1.0
p[5215],0.7,0.01,0.67,0.72,0.0,0.0,8680.02,6492.43,1.0
p[5216],0.81,0.02,0.77,0.84,0.0,0.0,10698.89,6903.87,1.0
p[5217],0.48,0.02,0.44,0.52,0.0,0.0,9709.65,6773.45,1.0
p[5218],0.62,0.02,0.58,0.66,0.0,0.0,9573.65,6688.34,1.0
p[5219],0.79,0.02,0.75,0.82,0.0,0.0,9827.4,6221.11,1.0
p[5220],0.7,0.01,0.68,0.72,0.0,0.0,8680.04,6520.28,1.0
p[5221],0.7,0.01,0.68,0.72,0.0,0.0,8680.04,6520.28,1.0
p[5222],0.7,0.01,0.68,0.73,0.0,0.0,8679.05,6520.28,1.0
p[5223],0.72,0.02,0.69,0.76,0.0,0.0,9419.18,6349.18,1.0
p[5224],0.69,0.02,0.66,0.73,0.0,0.0,9268.64,6740.92,1.0
p[5225],0.77,0.02,0.73,0.8,0.0,0.0,10217.44,6141.02,1.0
p[5226],0.83,0.01,0.81,0.85,0.0,0.0,8946.47,7025.72,1.0
p[5227],0.7,0.01,0.68,0.73,0.0,0.0,8681.0,6548.27,1.0
p[5228],0.7,0.01,0.68,0.73,0.0,0.0,8682.55,6548.55,1.0
p[5229],0.83,0.01,0.81,0.85,0.0,0.0,8942.93,7025.72,1.0
p[5230],0.69,0.02,0.65,0.73,0.0,0.0,9774.1,7024.68,1.0
p[5231],0.83,0.01,0.81,0.85,0.0,0.0,8942.6,7025.71,1.0
p[5232],0.63,0.02,0.58,0.67,0.0,0.0,9691.16,6969.11,1.0
p[5233],0.48,0.02,0.44,0.52,0.0,0.0,9713.27,6795.99,1.0
p[5234],0.83,0.01,0.81,0.85,0.0,0.0,8941.58,7066.73,1.0
p[5235],0.7,0.01,0.68,0.73,0.0,0.0,8684.49,6576.81,1.0
p[5236],0.81,0.02,0.77,0.85,0.0,0.0,10690.68,6998.61,1.0
p[5237],0.7,0.01,0.68,0.73,0.0,0.0,8684.89,6605.17,1.0
p[5238],0.85,0.02,0.82,0.88,0.0,0.0,10797.61,6422.63,1.0
p[5239],0.73,0.02,0.69,0.76,0.0,0.0,9404.81,6272.7,1.0
p[5240],0.77,0.02,0.74,0.8,0.0,0.0,9613.71,6770.5,1.0
p[5241],0.7,0.02,0.67,0.73,0.0,0.0,9260.61,6509.45,1.0
p[5242],0.63,0.02,0.59,0.66,0.0,0.0,9579.93,6717.55,1.0
p[5243],0.71,0.01,0.68,0.73,0.0,0.0,8689.51,6547.05,1.0
p[5244],0.71,0.01,0.68,0.73,0.0,0.0,8691.0,6547.55,1.0
p[5245],0.7,0.02,0.67,0.73,0.0,0.0,9256.5,6509.11,1.0
p[5246],0.85,0.02,0.82,0.88,0.0,0.0,10797.48,6519.35,1.0
p[5247],0.49,0.02,0.45,0.53,0.0,0.0,9708.86,6802.32,1.0
p[5248],0.64,0.02,0.59,0.68,0.0,0.0,9674.3,7067.34,1.0
p[5249],0.83,0.01,0.81,0.85,0.0,0.0,8929.61,7133.79,1.0
p[5250],0.8,0.02,0.76,0.83,0.0,0.0,9802.5,6326.61,1.0
p[5251],0.63,0.02,0.6,0.67,0.0,0.0,9583.72,6747.29,1.0
p[5252],0.71,0.01,0.69,0.74,0.0,0.0,8698.04,6575.81,1.0
p[5253],0.71,0.01,0.69,0.74,0.0,0.0,8699.52,6575.81,1.0
p[5254],0.71,0.01,0.69,0.74,0.0,0.0,8699.52,6575.81,1.0
p[5255],0.7,0.02,0.67,0.74,0.0,0.0,9247.52,6453.8,1.0
p[5256],0.83,0.01,0.82,0.85,0.0,0.0,8928.07,7191.54,1.0
p[5257],0.82,0.02,0.78,0.85,0.0,0.0,10671.3,7063.19,1.0
p[5258],0.73,0.02,0.7,0.77,0.0,0.0,9382.29,6096.41,1.0
p[5259],0.7,0.02,0.66,0.74,0.0,0.0,9731.29,6916.71,1.0
p[5260],0.85,0.01,0.82,0.88,0.0,0.0,10785.45,6546.89,1.0
p[5261],0.5,0.02,0.46,0.53,0.0,0.0,9705.56,6912.82,1.0
p[5262],0.64,0.02,0.6,0.68,0.0,0.0,9661.72,6861.17,1.0
p[5263],0.71,0.01,0.69,0.74,0.0,0.0,8701.55,6603.98,1.0
p[5264],0.84,0.01,0.82,0.86,0.0,0.0,8924.88,7011.86,1.0
p[5265],0.72,0.01,0.69,0.74,0.0,0.0,8701.94,6633.1,1.0
p[5266],0.72,0.01,0.69,0.74,0.0,0.0,8703.33,6662.53,1.0
p[5267],0.74,0.02,0.7,0.77,0.0,0.0,9374.42,6144.09,1.0
p[5268],0.85,0.01,0.83,0.88,0.0,0.0,10777.71,6600.11,1.0
p[5269],0.64,0.02,0.6,0.67,0.0,0.0,9582.01,6776.82,1.0
p[5270],0.65,0.02,0.6,0.69,0.0,0.0,9639.25,6859.36,1.0
p[5271],0.84,0.01,0.82,0.86,0.0,0.0,8889.87,7095.76,1.0
p[5272],0.71,0.02,0.68,0.75,0.0,0.0,9200.07,6426.19,1.0
p[5273],0.79,0.02,0.76,0.82,0.0,0.0,9667.18,6680.97,1.0
p[5274],0.81,0.02,0.77,0.84,0.0,0.0,9775.84,6273.85,1.0
p[5275],0.72,0.01,0.7,0.74,0.0,0.0,8712.25,6633.72,1.0
p[5276],0.86,0.01,0.83,0.88,0.0,0.0,10770.29,6515.9,1.0
p[5277],0.78,0.02,0.75,0.82,0.0,0.0,10150.81,6104.21,1.0
p[5278],0.51,0.02,0.47,0.54,0.0,0.0,9698.55,6887.09,1.0
p[5279],0.74,0.02,0.71,0.77,0.0,0.0,9359.37,6144.05,1.0
p[5280],0.72,0.01,0.7,0.74,0.0,0.0,8712.92,6633.72,1.0
p[5281],0.84,0.01,0.82,0.86,0.0,0.0,8881.59,7095.7,1.0
p[5282],0.72,0.01,0.7,0.75,0.0,0.0,8715.8,6663.06,1.0
p[5283],0.82,0.02,0.79,0.86,0.0,0.0,10651.51,7032.14,1.0
p[5284],0.64,0.02,0.61,0.68,0.0,0.0,9581.14,6746.35,1.0
p[5285],0.72,0.01,0.7,0.75,0.0,0.0,8717.56,6663.04,1.0
p[5286],0.84,0.01,0.82,0.86,0.0,0.0,8871.81,7050.23,1.0
p[5287],0.84,0.01,0.82,0.86,0.0,0.0,8870.75,7050.23,1.0
p[5288],0.72,0.02,0.69,0.75,0.0,0.0,9182.47,6453.94,1.0
p[5289],0.79,0.02,0.76,0.82,0.0,0.0,9641.32,6810.47,1.0
p[5290],0.72,0.01,0.7,0.75,0.0,0.0,8719.57,6663.07,1.0
p[5291],0.65,0.02,0.61,0.69,0.0,0.0,9626.15,6941.19,1.0
p[5292],0.72,0.01,0.7,0.75,0.0,0.0,8719.33,6663.07,1.0
p[5293],0.71,0.02,0.67,0.75,0.0,0.0,9677.59,6922.34,1.0
p[5294],0.84,0.01,0.83,0.86,0.0,0.0,8862.86,6984.91,1.0
p[5295],0.84,0.01,0.83,0.86,0.0,0.0,8861.82,6985.44,1.0
p[5296],0.73,0.01,0.7,0.75,0.0,0.0,8718.97,6611.43,1.0
p[5297],0.73,0.01,0.7,0.75,0.0,0.0,8719.21,6611.43,1.0
p[5298],0.86,0.01,0.83,0.89,0.0,0.0,10763.71,6574.71,1.0
p[5299],0.75,0.02,0.71,0.78,0.0,0.0,9343.26,6179.55,1.0
p[5300],0.65,0.02,0.62,0.69,0.0,0.0,9580.38,6716.73,1.0
p[5301],0.73,0.01,0.7,0.75,0.0,0.0,8724.56,6582.06,1.0
p[5302],0.73,0.01,0.71,0.75,0.0,0.0,8726.3,6633.86,1.0
p[5303],0.83,0.02,0.79,0.86,0.0,0.0,10629.26,7103.0,1.0
p[5304],0.72,0.02,0.69,0.75,0.0,0.0,9157.19,6318.89,1.0
p[5305],0.66,0.02,0.62,0.7,0.0,0.0,9604.01,7038.65,1.0
p[5306],0.52,0.02,0.48,0.56,0.0,0.0,9684.45,7078.76,1.0
p[5307],0.86,0.01,0.84,0.89,0.0,0.0,10751.94,6780.03,1.0
p[5308],0.81,0.02,0.78,0.85,0.0,0.0,9755.85,6405.85,1.0
p[5309],0.73,0.01,0.71,0.75,0.0,0.0,8730.08,6553.47,1.0
p[5310],0.65,0.02,0.62,0.69,0.0,0.0,9580.89,6658.01,1.0
p[5311],0.75,0.02,0.72,0.78,0.0,0.0,9326.88,6270.49,1.0
p[5312],0.73,0.02,0.7,0.76,0.0,0.0,9139.81,6345.06,1.0
p[5313],0.85,0.01,0.83,0.87,0.0,0.0,8822.54,6843.18,1.0
p[5314],0.79,0.02,0.76,0.83,0.0,0.0,10116.38,6216.31,1.0
p[5315],0.85,0.01,0.83,0.87,0.0,0.0,8822.54,6843.18,1.0
p[5316],0.73,0.01,0.71,0.75,0.0,0.0,8733.88,6553.27,1.0
p[5317],0.73,0.01,0.71,0.75,0.0,0.0,8733.88,6553.27,1.0
p[5318],0.83,0.02,0.8,0.86,0.0,0.0,10608.51,7089.75,1.0
p[5319],0.8,0.02,0.77,0.83,0.0,0.0,9567.95,6857.83,1.0
p[5320],0.72,0.02,0.68,0.76,0.0,0.0,9621.51,7049.41,1.0
p[5321],0.73,0.01,0.71,0.76,0.0,0.0,8735.95,6609.68,1.0
p[5322],0.73,0.01,0.71,0.76,0.0,0.0,8735.99,6638.27,1.0
p[5323],0.66,0.02,0.62,0.7,0.0,0.0,9587.28,7028.54,1.0
p[5324],0.74,0.01,0.71,0.76,0.0,0.0,8737.61,6637.83,1.0
p[5325],0.52,0.02,0.49,0.56,0.0,0.0,9679.78,7056.2,1.0
p[5326],0.66,0.02,0.63,0.7,0.0,0.0,9577.56,6570.94,1.0
p[5327],0.87,0.01,0.84,0.89,0.0,0.0,10734.76,6575.61,1.0
p[5328],0.76,0.02,0.72,0.79,0.0,0.0,9304.0,6322.27,1.0
p[5329],0.74,0.01,0.72,0.76,0.0,0.0,8743.64,6623.44,1.0
p[5330],0.74,0.01,0.72,0.76,0.0,0.0,8744.53,6594.49,1.0
p[5331],0.87,0.01,0.84,0.89,0.0,0.0,10727.78,6575.61,1.0
p[5332],0.73,0.02,0.7,0.76,0.0,0.0,9101.31,6344.6,1.0
p[5333],0.67,0.02,0.63,0.71,0.0,0.0,9571.67,6963.28,1.0
p[5334],0.53,0.02,0.49,0.57,0.0,0.0,9671.04,7191.61,1.0
p[5335],0.8,0.02,0.77,0.83,0.0,0.0,9527.51,6883.87,1.0
p[5336],0.76,0.02,0.73,0.79,0.0,0.0,9290.41,6388.47,1.0
p[5337],0.82,0.02,0.79,0.85,0.0,0.0,9725.78,6405.51,1.0
p[5338],0.67,0.02,0.63,0.7,0.0,0.0,9575.46,6515.33,1.0
p[5339],0.74,0.01,0.72,0.76,0.0,0.0,8750.65,6595.52,1.0
p[5340],0.74,0.02,0.71,0.77,0.0,0.0,9086.61,6229.27,1.0
p[5341],0.8,0.02,0.76,0.83,0.0,0.0,10080.03,6042.38,1.0
p[5342],0.74,0.01,0.72,0.76,0.0,0.0,8751.37,6581.57,1.0
p[5343],0.86,0.01,0.84,0.87,0.0,0.0,8816.23,6831.31,1.0
p[5344],0.73,0.02,0.69,0.77,0.0,0.0,9562.31,6888.92,1.0
p[5345],0.86,0.01,0.84,0.87,0.0,0.0,8809.53,6862.13,1.0
p[5346],0.86,0.01,0.84,0.87,0.0,0.0,8803.17,6833.31,1.0
p[5347],0.54,0.02,0.5,0.57,0.0,0.0,9659.57,7150.91,1.0
p[5348],0.74,0.01,0.72,0.77,0.0,0.0,8756.24,6581.54,1.0
p[5349],0.68,0.02,0.63,0.71,0.0,0.0,9544.51,6900.73,1.0
p[5350],0.74,0.01,0.72,0.77,0.0,0.0,8756.75,6610.2,1.0
p[5351],0.75,0.01,0.72,0.77,0.0,0.0,8754.35,6497.08,1.0
p[5352],0.75,0.01,0.72,0.77,0.0,0.0,8754.61,6497.08,1.0
p[5353],0.87,0.01,0.85,0.9,0.0,0.0,10671.93,6907.55,1.0
p[5354],0.77,0.02,0.73,0.8,0.0,0.0,9271.64,6458.21,1.0
p[5355],0.67,0.02,0.64,0.71,0.0,0.0,9570.65,6510.39,1.0
p[5356],0.74,0.02,0.71,0.77,0.0,0.0,9063.32,6183.4,1.0
p[5357],0.86,0.01,0.84,0.87,0.0,0.0,8763.66,6890.33,1.0
p[5358],0.74,0.02,0.71,0.77,0.0,0.0,9055.55,6158.17,1.0
p[5359],0.75,0.01,0.73,0.77,0.0,0.0,8758.96,6525.38,1.0
p[5360],0.54,0.02,0.5,0.58,0.0,0.0,9650.41,7119.31,1.0
p[5361],0.68,0.02,0.64,0.72,0.0,0.0,9523.91,7028.48,1.0
p[5362],0.86,0.01,0.84,0.88,0.0,0.0,8737.9,6778.36,1.0
p[5363],0.68,0.02,0.64,0.71,0.0,0.0,9565.37,6537.97,1.0
p[5364],0.75,0.01,0.73,0.77,0.0,0.0,8761.58,6442.19,1.0
p[5365],0.86,0.01,0.84,0.88,0.0,0.0,8728.0,6778.2,1.0
p[5366],0.87,0.01,0.85,0.9,0.0,0.0,10627.22,6813.72,1.0
p[5367],0.75,0.01,0.73,0.77,0.0,0.0,8763.52,6415.05,1.0
p[5368],0.81,0.01,0.78,0.84,0.0,0.0,9481.95,6920.45,1.0
p[5369],0.74,0.02,0.71,0.77,0.0,0.0,9043.55,6337.13,1.0
p[5370],0.75,0.01,0.73,0.77,0.0,0.0,8765.51,6387.91,1.0
p[5371],0.81,0.02,0.77,0.84,0.0,0.0,10036.59,6264.12,1.0
p[5372],0.75,0.01,0.73,0.77,0.0,0.0,8765.9,6374.84,1.0
p[5373],0.75,0.01,0.73,0.77,0.0,0.0,8765.9,6374.84,1.0
p[5374],0.83,0.02,0.8,0.86,0.0,0.0,9694.35,6459.21,1.0
p[5375],0.77,0.02,0.74,0.8,0.0,0.0,9246.1,6486.35,1.0
p[5376],0.75,0.01,0.73,0.77,0.0,0.0,8766.96,6374.84,1.0
p[5377],0.85,0.02,0.81,0.87,0.0,0.0,10541.3,6979.65,1.0
p[5378],0.74,0.02,0.7,0.78,0.0,0.0,9482.86,6639.54,1.0
p[5379],0.85,0.02,0.81,0.87,0.0,0.0,10537.61,6979.65,1.0
p[5380],0.69,0.02,0.64,0.72,0.0,0.0,9503.82,7012.98,1.0
p[5381],0.55,0.02,0.51,0.59,0.0,0.0,9637.84,7163.13,1.0
p[5382],0.75,0.01,0.73,0.78,0.0,0.0,8770.98,6442.1,1.0
p[5383],0.86,0.01,0.85,0.88,0.0,0.0,8687.62,6604.71,1.0
p[5384],0.75,0.01,0.73,0.78,0.0,0.0,8770.96,6442.1,1.0
p[5385],0.88,0.01,0.85,0.9,0.0,0.0,10576.15,6812.59,1.0
p[5386],0.68,0.02,0.65,0.72,0.0,0.0,9559.68,6509.81,1.0
p[5387],0.86,0.01,0.85,0.88,0.0,0.0,8684.12,6622.4,1.0
p[5388],0.77,0.02,0.74,0.8,0.0,0.0,9231.01,6611.72,1.0
p[5389],0.75,0.02,0.72,0.78,0.0,0.0,9015.99,6246.58,1.0
p[5390],0.86,0.01,0.85,0.88,0.0,0.0,8674.18,6563.88,1.0
p[5391],0.85,0.02,0.82,0.88,0.0,0.0,10526.63,6980.74,1.0
p[5392],0.76,0.01,0.74,0.78,0.0,0.0,8775.99,6428.53,1.0
p[5393],0.75,0.02,0.72,0.78,0.0,0.0,9002.91,6272.86,1.0
p[5394],0.69,0.02,0.65,0.73,0.0,0.0,9480.97,6948.16,1.0
p[5395],0.69,0.02,0.65,0.72,0.0,0.0,9556.18,6481.81,1.0
p[5396],0.87,0.01,0.85,0.88,0.0,0.0,8650.7,6580.53,1.0
p[5397],0.82,0.01,0.79,0.84,0.0,0.0,9423.51,6989.03,1.0
p[5398],0.78,0.02,0.75,0.81,0.0,0.0,9215.85,6744.92,1.0
p[5399],0.76,0.01,0.74,0.78,0.0,0.0,8781.39,6256.6,1.0
p[5400],0.88,0.01,0.86,0.9,0.0,0.0,10532.5,6992.59,1.0
p[5401],0.75,0.02,0.73,0.79,0.0,0.0,8987.61,6272.86,1.0
p[5402],0.82,0.02,0.78,0.85,0.0,0.0,9997.04,6323.16,1.0
p[5403],0.84,0.02,0.8,0.86,0.0,0.0,9663.54,6601.02,1.0
p[5404],0.76,0.01,0.74,0.78,0.0,0.0,8783.06,6269.97,1.0
p[5405],0.87,0.01,0.85,0.88,0.0,0.0,8631.29,6553.4,1.0
p[5406],0.76,0.01,0.74,0.78,0.0,0.0,8784.06,6269.97,1.0
p[5407],0.75,0.02,0.71,0.79,0.0,0.0,9423.53,6639.99,1.0
p[5408],0.85,0.02,0.82,0.88,0.0,0.0,10504.24,7192.9,1.0
p[5409],0.87,0.01,0.85,0.88,0.0,0.0,8626.93,6553.3,1.0
p[5410],0.56,0.02,0.52,0.6,0.0,0.0,9611.93,7053.9,1.0
p[5411],0.7,0.02,0.66,0.73,0.0,0.0,9461.15,6792.97,1.0
p[5412],0.76,0.01,0.74,0.78,0.0,0.0,8789.16,6257.54,1.0
p[5413],0.78,0.02,0.75,0.81,0.0,0.0,9192.7,6669.47,1.0
p[5414],0.77,0.01,0.74,0.79,0.0,0.0,8790.7,6231.87,1.0
p[5415],0.76,0.02,0.73,0.79,0.0,0.0,8956.79,6365.14,1.0
p[5416],0.77,0.01,0.75,0.79,0.0,0.0,8791.41,6313.98,1.0
p[5417],0.77,0.01,0.75,0.79,0.0,0.0,8792.66,6301.69,1.0
p[5418],0.88,0.01,0.86,0.91,0.0,0.0,10465.12,6992.48,1.0
p[5419],0.76,0.02,0.73,0.79,0.0,0.0,8948.51,6446.24,1.0
p[5420],0.82,0.01,0.8,0.85,0.0,0.0,9384.05,6900.9,1.0
p[5421],0.88,0.01,0.86,0.91,0.0,0.0,10454.85,6992.48,1.0
p[5422],0.87,0.01,0.86,0.89,0.0,0.0,8597.23,6669.16,1.0
p[5423],0.7,0.02,0.66,0.73,0.0,0.0,9540.71,6494.06,1.0
p[5424],0.79,0.02,0.76,0.82,0.0,0.0,9172.12,6712.83,1.0
p[5425],0.87,0.01,0.86,0.89,0.0,0.0,8588.4,6669.16,1.0
p[5426],0.76,0.02,0.74,0.79,0.0,0.0,8932.83,6446.38,1.0
p[5427],0.89,0.01,0.86,0.91,0.0,0.0,10437.9,7040.72,1.0
p[5428],0.82,0.02,0.79,0.85,0.0,0.0,9957.88,6343.22,1.0
p[5429],0.87,0.01,0.86,0.89,0.0,0.0,8581.63,6668.7,1.0
p[5430],0.87,0.01,0.86,0.89,0.0,0.0,8582.12,6668.7,1.0
p[5431],0.77,0.01,0.75,0.79,0.0,0.0,8799.41,6366.62,1.0
p[5432],0.77,0.01,0.75,0.79,0.0,0.0,8799.05,6366.62,1.0
p[5433],0.77,0.01,0.75,0.79,0.0,0.0,8799.05,6366.62,1.0
p[5434],0.84,0.02,0.81,0.87,0.0,0.0,9633.17,6504.12,1.0
p[5435],0.77,0.01,0.75,0.79,0.0,0.0,8799.48,6340.59,1.0
p[5436],0.76,0.02,0.72,0.8,0.0,0.0,9347.47,6668.85,1.0
p[5437],0.86,0.02,0.83,0.89,0.0,0.0,10461.94,7125.83,1.0
p[5438],0.57,0.02,0.54,0.61,0.0,0.0,9585.9,7096.7,1.0
p[5439],0.77,0.01,0.75,0.79,0.0,0.0,8801.29,6340.47,1.0
p[5440],0.71,0.02,0.67,0.74,0.0,0.0,9409.82,6897.73,1.0
p[5441],0.87,0.01,0.86,0.89,0.0,0.0,8563.88,6649.69,1.0
p[5442],0.77,0.01,0.75,0.79,0.0,0.0,8802.67,6340.35,1.0
p[5443],0.89,0.01,0.87,0.91,0.0,0.0,10412.16,6944.26,1.0
p[5444],0.87,0.01,0.86,0.89,0.0,0.0,8564.7,6649.69,1.0
p[5445],0.7,0.02,0.67,0.74,0.0,0.0,9530.67,6230.59,1.0
p[5446],0.79,0.02,0.76,0.82,0.0,0.0,9155.85,6713.25,1.0
p[5447],0.77,0.02,0.74,0.8,0.0,0.0,8907.25,6447.87,1.0
p[5448],0.89,0.01,0.87,0.91,0.0,0.0,10397.62,6881.87,1.0
p[5449],0.77,0.02,0.74,0.8,0.0,0.0,8896.54,6502.44,1.0
p[5450],0.78,0.01,0.76,0.8,0.0,0.0,8805.46,6348.18,1.0
p[5451],0.71,0.02,0.67,0.75,0.0,0.0,9387.85,6915.14,1.0
p[5452],0.71,0.02,0.67,0.74,0.0,0.0,9523.54,6309.09,1.0
p[5453],0.78,0.01,0.76,0.8,0.0,0.0,8809.08,6374.86,1.0
p[5454],0.8,0.02,0.77,0.82,0.0,0.0,9137.61,6713.32,1.0
p[5455],0.77,0.02,0.74,0.8,0.0,0.0,8877.11,6515.58,1.0
p[5456],0.85,0.02,0.82,0.88,0.0,0.0,9600.76,6589.87,1.0
p[5457],0.78,0.01,0.76,0.8,0.0,0.0,8809.22,6469.79,1.0
p[5458],0.83,0.02,0.8,0.86,0.0,0.0,9910.03,6317.32,1.0
p[5459],0.78,0.01,0.76,0.8,0.0,0.0,8809.24,6553.29,1.0
p[5460],0.88,0.01,0.86,0.89,0.0,0.0,8524.06,6338.61,1.0
p[5461],0.77,0.02,0.73,0.81,0.0,0.0,9284.33,6714.93,1.0
p[5462],0.86,0.01,0.84,0.89,0.0,0.0,10408.87,7051.34,1.0
p[5463],0.88,0.01,0.86,0.89,0.0,0.0,8519.89,6251.59,1.0
p[5464],0.78,0.01,0.76,0.8,0.0,0.0,8810.65,6552.95,1.0
p[5465],0.59,0.02,0.55,0.62,0.0,0.0,9554.59,6967.42,1.0
p[5466],0.88,0.01,0.86,0.89,0.0,0.0,8513.86,6175.43,1.0
p[5467],0.78,0.01,0.76,0.8,0.0,0.0,8811.49,6510.76,1.0
p[5468],0.78,0.01,0.76,0.8,0.0,0.0,8811.52,6455.4,1.0
p[5469],0.8,0.02,0.77,0.83,0.0,0.0,9118.81,6775.27,1.0
p[5470],0.71,0.02,0.68,0.75,0.0,0.0,9511.62,6593.87,1.0
p[5471],0.88,0.01,0.87,0.9,0.0,0.0,8506.14,6370.52,1.0
p[5472],0.78,0.01,0.76,0.8,0.0,0.0,8813.36,6455.11,1.0
p[5473],0.78,0.01,0.75,0.81,0.0,0.0,8853.58,6673.49,1.0
p[5474],0.89,0.01,0.87,0.91,0.0,0.0,10321.81,6958.07,1.0
p[5475],0.78,0.01,0.76,0.8,0.0,0.0,8815.91,6454.45,1.0
p[5476],0.78,0.01,0.76,0.81,0.0,0.0,8816.07,6454.72,1.0
p[5477],0.78,0.01,0.75,0.81,0.0,0.0,8848.12,6716.16,1.0
p[5478],0.72,0.02,0.68,0.76,0.0,0.0,9445.59,6853.61,1.0
p[5479],0.89,0.01,0.87,0.91,0.0,0.0,10306.11,6925.71,1.0
p[5480],0.72,0.02,0.69,0.75,0.0,0.0,9499.12,6740.94,1.0
p[5481],0.8,0.02,0.78,0.83,0.0,0.0,9102.83,6775.35,1.0
p[5482],0.79,0.01,0.77,0.81,0.0,0.0,8815.87,6599.94,1.0
p[5483],0.88,0.01,0.87,0.9,0.0,0.0,8477.53,6523.21,1.0
p[5484],0.86,0.01,0.83,0.88,0.0,0.0,9565.62,6463.35,1.0
p[5485],0.78,0.01,0.75,0.81,0.0,0.0,8836.29,6778.47,1.0
p[5486],0.84,0.02,0.81,0.87,0.0,0.0,9866.8,6344.83,1.0
p[5487],0.79,0.01,0.77,0.81,0.0,0.0,8815.1,6570.98,1.0
p[5488],0.79,0.01,0.77,0.81,0.0,0.0,8815.15,6600.11,1.0
p[5489],0.79,0.01,0.77,0.81,0.0,0.0,8815.15,6600.11,1.0
p[5490],0.88,0.01,0.87,0.9,0.0,0.0,8469.93,6494.0,1.0
p[5491],0.78,0.02,0.74,0.81,0.0,0.0,9212.59,6929.56,1.0
p[5492],0.88,0.01,0.87,0.9,0.0,0.0,8469.86,6534.9,1.0
p[5493],0.87,0.01,0.84,0.9,0.0,0.0,10355.46,7163.66,1.0
p[5494],0.79,0.01,0.77,0.81,0.0,0.0,8817.9,6544.98,1.0
p[5495],0.79,0.01,0.77,0.81,0.0,0.0,8818.53,6488.21,1.0
p[5496],0.81,0.01,0.78,0.83,0.0,0.0,9079.91,6781.42,1.0
p[5497],0.9,0.01,0.88,0.92,0.0,0.0,10253.4,6958.51,1.0
p[5498],0.6,0.02,0.56,0.64,0.0,0.0,9548.16,6783.29,1.0
p[5499],0.73,0.02,0.69,0.76,0.0,0.0,9486.7,6863.25,1.0
p[5500],0.79,0.01,0.77,0.81,0.0,0.0,8819.6,6488.59,1.0
p[5501],0.79,0.01,0.76,0.82,0.0,0.0,8822.44,6944.91,1.0
p[5502],0.86,0.01,0.83,0.89,0.0,0.0,9531.39,6423.16,1.0
p[5503],0.8,0.01,0.78,0.82,0.0,0.0,8822.92,6482.08,1.0
p[5504],0.81,0.01,0.78,0.84,0.0,0.0,9064.85,6689.35,1.0
p[5505],0.89,0.01,0.87,0.9,0.0,0.0,8441.83,6224.28,1.0
p[5506],0.74,0.02,0.7,0.77,0.0,0.0,9337.71,7060.26,1.0
p[5507],0.89,0.01,0.87,0.9,0.0,0.0,8439.66,6161.27,1.0
p[5508],0.84,0.02,0.82,0.87,0.0,0.0,9822.22,6407.06,1.0
p[5509],0.8,0.01,0.78,0.82,0.0,0.0,8825.07,6406.98,1.0
p[5510],0.8,0.01,0.78,0.82,0.0,0.0,8826.49,6517.17,1.0
p[5511],0.8,0.01,0.78,0.82,0.0,0.0,8825.81,6517.28,1.0
p[5512],0.79,0.02,0.75,0.82,0.0,0.0,9144.17,6614.87,1.0
p[5513],0.89,0.01,0.88,0.9,0.0,0.0,8423.61,6150.56,1.0
p[5514],0.89,0.01,0.88,0.9,0.0,0.0,8423.61,6150.56,1.0
p[5515],0.8,0.01,0.78,0.82,0.0,0.0,8826.14,6482.76,1.0
p[5516],0.8,0.01,0.78,0.82,0.0,0.0,8826.7,6433.73,1.0
p[5517],0.73,0.02,0.7,0.77,0.0,0.0,9469.19,6682.52,1.0
p[5518],0.8,0.01,0.78,0.82,0.0,0.0,8826.89,6373.76,1.0
p[5519],0.89,0.01,0.88,0.9,0.0,0.0,8414.95,6150.56,1.0
p[5520],0.9,0.01,0.88,0.92,0.0,0.0,10191.91,7088.77,1.0
p[5521],0.82,0.01,0.79,0.84,0.0,0.0,9049.06,6601.72,1.0
p[5522],0.74,0.02,0.7,0.77,0.0,0.0,9466.85,6682.52,1.0
p[5523],0.8,0.01,0.78,0.82,0.0,0.0,8829.07,6427.66,1.0
p[5524],0.9,0.01,0.88,0.92,0.0,0.0,10179.94,7056.14,1.0
p[5525],0.8,0.01,0.78,0.82,0.0,0.0,8829.8,6509.36,1.0
p[5526],0.88,0.01,0.85,0.9,0.0,0.0,10289.02,7162.28,1.0
p[5527],0.85,0.01,0.83,0.88,0.0,0.0,8474.14,6646.95,1.0
p[5528],0.62,0.02,0.58,0.65,0.0,0.0,9463.86,6903.33,1.0
p[5529],0.74,0.02,0.71,0.77,0.0,0.0,9457.79,6770.25,1.0
p[5530],0.74,0.02,0.7,0.78,0.0,0.0,9270.88,6898.37,1.0
p[5531],0.8,0.01,0.78,0.82,0.0,0.0,8831.74,6392.38,1.0
p[5532],0.89,0.01,0.88,0.91,0.0,0.0,8402.09,6224.47,1.0
p[5533],0.8,0.01,0.78,0.82,0.0,0.0,8832.4,6377.78,1.0
p[5534],0.8,0.01,0.78,0.82,0.0,0.0,8832.4,6377.78,1.0
p[5535],0.9,0.01,0.88,0.92,0.0,0.0,10154.91,7155.62,1.0
p[5536],0.8,0.01,0.78,0.82,0.0,0.0,8834.83,6425.76,1.0
p[5537],0.89,0.01,0.88,0.91,0.0,0.0,8400.15,6260.51,1.0
p[5538],0.85,0.01,0.82,0.88,0.0,0.0,9769.5,6457.47,1.0
p[5539],0.8,0.02,0.76,0.83,0.0,0.0,9082.05,6641.88,1.0
p[5540],0.62,0.02,0.58,0.66,0.0,0.0,9417.87,6720.13,1.0
p[5541],0.81,0.01,0.79,0.83,0.0,0.0,8836.22,6423.32,1.0
p[5542],0.9,0.01,0.88,0.91,0.0,0.0,8381.11,6560.65,1.0
p[5543],0.91,0.01,0.89,0.92,0.0,0.0,10123.26,7294.21,1.0
p[5544],0.82,0.01,0.8,0.85,0.0,0.0,9011.04,6656.73,1.0
p[5545],0.81,0.01,0.79,0.83,0.0,0.0,8834.96,6330.58,1.0
p[5546],0.91,0.01,0.89,0.93,0.0,0.0,10055.89,7329.37,1.0
p[5547],0.86,0.01,0.83,0.88,0.0,0.0,8441.0,6705.42,1.0
p[5548],0.81,0.01,0.79,0.83,0.0,0.0,8837.26,6330.29,1.0
p[5549],0.75,0.02,0.72,0.79,0.0,0.0,9182.44,6730.32,1.0
p[5550],0.81,0.01,0.79,0.83,0.0,0.0,8837.46,6330.29,1.0
p[5551],0.9,0.01,0.88,0.91,0.0,0.0,8367.82,6648.6,1.0
p[5552],0.75,0.02,0.72,0.78,0.0,0.0,9428.75,6637.44,1.0
p[5553],0.81,0.01,0.79,0.83,0.0,0.0,8839.2,6356.54,1.0
p[5554],0.81,0.01,0.79,0.83,0.0,0.0,8839.33,6356.54,1.0
p[5555],0.86,0.01,0.83,0.88,0.0,0.0,9698.24,6471.38,1.0
p[5556],0.89,0.01,0.86,0.91,0.0,0.0,10216.22,7162.62,1.0
p[5557],0.81,0.01,0.79,0.83,0.0,0.0,8839.6,6387.78,1.0
p[5558],0.91,0.01,0.89,0.93,0.0,0.0,10007.38,7365.51,1.0
p[5559],0.9,0.01,0.89,0.91,0.0,0.0,8362.2,6427.98,1.0
p[5560],0.8,0.02,0.77,0.84,0.0,0.0,9014.85,6555.05,1.0
p[5561],0.86,0.01,0.84,0.89,0.0,0.0,8423.51,6731.9,1.0
p[5562],0.81,0.01,0.8,0.83,0.0,0.0,8841.27,6368.9,1.0
p[5563],0.81,0.01,0.8,0.83,0.0,0.0,8841.77,6368.68,1.0
p[5564],0.83,0.01,0.8,0.86,0.0,0.0,8982.85,6865.06,1.0
p[5565],0.9,0.01,0.89,0.91,0.0,0.0,8351.59,6269.61,1.0
p[5566],0.82,0.01,0.8,0.84,0.0,0.0,8842.46,6395.12,1.0
p[5567],0.82,0.01,0.8,0.84,0.0,0.0,8843.09,6422.14,1.0
p[5568],0.82,0.01,0.8,0.84,0.0,0.0,8844.01,6401.12,1.0
p[5569],0.82,0.01,0.8,0.84,0.0,0.0,8843.93,6401.33,1.0
p[5570],0.87,0.01,0.84,0.89,0.0,0.0,8412.97,6837.7,1.0
p[5571],0.76,0.02,0.73,0.8,0.0,0.0,9097.98,6865.35,1.0
p[5572],0.82,0.01,0.8,0.84,0.0,0.0,8843.71,6401.33,1.0
p[5573],0.82,0.01,0.8,0.84,0.0,0.0,8843.17,6398.22,1.0
p[5574],0.86,0.01,0.84,0.89,0.0,0.0,9563.92,6484.57,1.0
p[5575],0.82,0.01,0.8,0.84,0.0,0.0,8843.08,6344.44,1.0
p[5576],0.87,0.01,0.84,0.89,0.0,0.0,8402.57,6687.28,1.0
p[5577],0.87,0.01,0.84,0.89,0.0,0.0,8398.16,6657.72,1.0
p[5578],0.81,0.02,0.78,0.85,0.0,0.0,8940.19,6443.19,1.0
p[5579],0.82,0.01,0.8,0.84,0.0,0.0,8845.82,6139.22,1.0
p[5580],0.84,0.01,0.81,0.86,0.0,0.0,8949.87,6801.81,1.0
p[5581],0.82,0.01,0.8,0.84,0.0,0.0,8845.07,6114.51,1.0
p[5582],0.9,0.01,0.89,0.92,0.0,0.0,8315.11,6423.73,1.0
p[5583],0.91,0.01,0.9,0.93,0.0,0.0,9891.72,7531.56,1.0
p[5584],0.9,0.01,0.89,0.92,0.0,0.0,8312.56,6423.73,1.0
p[5585],0.77,0.02,0.73,0.8,0.0,0.0,9008.3,6761.46,1.0
p[5586],0.83,0.01,0.81,0.85,0.0,0.0,8847.5,6189.11,1.0
p[5587],0.91,0.01,0.89,0.92,0.0,0.0,8307.2,6480.88,1.0
p[5588],0.87,0.01,0.85,0.89,0.0,0.0,8384.36,6699.78,1.0
p[5589],0.77,0.02,0.74,0.8,0.0,0.0,9375.11,7046.42,1.0
p[5590],0.83,0.01,0.81,0.85,0.0,0.0,8848.11,6226.82,1.0
p[5591],0.83,0.01,0.81,0.85,0.0,0.0,8848.44,6226.82,1.0
p[5592],0.83,0.01,0.81,0.85,0.0,0.0,8847.4,6227.19,1.0
p[5593],0.92,0.01,0.9,0.93,0.0,0.0,9844.43,7570.05,1.0
p[5594],0.82,0.01,0.8,0.85,0.0,0.0,8687.63,6616.06,1.0
p[5595],0.87,0.01,0.85,0.9,0.0,0.0,8374.0,6583.43,1.0
p[5596],0.82,0.01,0.8,0.85,0.0,0.0,8685.13,6855.31,1.0
p[5597],0.64,0.02,0.6,0.69,0.0,0.0,9586.07,7073.48,1.0
p[5598],0.53,0.02,0.49,0.57,0.0,0.0,9279.95,7527.02,1.0
p[5599],0.53,0.02,0.49,0.58,0.0,0.0,9283.06,7526.92,1.0
p[5600],0.7,0.02,0.66,0.75,0.0,0.0,8878.5,6863.57,1.0
p[5601],0.77,0.01,0.75,0.8,0.0,0.0,8843.43,7401.11,1.0
p[5602],0.63,0.02,0.59,0.66,0.0,0.0,8780.4,6926.39,1.0
p[5603],0.63,0.02,0.6,0.66,0.0,0.0,8783.67,6930.26,1.0
p[5604],0.71,0.02,0.67,0.75,0.0,0.0,8879.22,6848.23,1.0
p[5605],0.75,0.02,0.71,0.8,0.0,0.0,10789.5,6648.86,1.0
p[5606],0.55,0.02,0.5,0.59,0.0,0.0,9292.95,7708.17,1.0
p[5607],0.8,0.02,0.76,0.84,0.0,0.0,10273.22,6560.4,1.0
p[5608],0.71,0.02,0.67,0.76,0.0,0.0,8874.26,6787.13,1.0
p[5609],0.79,0.01,0.76,0.81,0.0,0.0,8850.07,7498.23,1.0
p[5610],0.63,0.02,0.6,0.67,0.0,0.0,8810.09,7241.3,1.0
p[5611],0.72,0.02,0.69,0.77,0.0,0.0,8869.12,6772.62,1.0
p[5612],0.81,0.02,0.78,0.85,0.0,0.0,10320.44,6645.17,1.0
p[5613],0.73,0.02,0.7,0.77,0.0,0.0,8860.14,7004.15,1.0
p[5614],0.66,0.02,0.63,0.69,0.0,0.0,8846.89,7166.51,1.0
p[5615],0.8,0.01,0.78,0.82,0.0,0.0,8857.57,7387.62,1.0
p[5616],0.74,0.02,0.7,0.78,0.0,0.0,8857.64,7037.03,1.0
p[5617],0.8,0.01,0.78,0.83,0.0,0.0,8860.09,7420.03,1.0
p[5618],0.74,0.02,0.71,0.78,0.0,0.0,8853.36,7004.71,1.0
p[5619],0.45,0.02,0.41,0.49,0.0,0.0,8680.59,7354.24,1.0
p[5620],0.67,0.02,0.65,0.7,0.0,0.0,8878.64,7136.82,1.0
p[5621],0.77,0.02,0.73,0.81,0.0,0.0,9995.3,6384.85,1.0
p[5622],0.74,0.02,0.7,0.78,0.0,0.0,9854.93,6405.48,1.0
p[5623],0.67,0.02,0.65,0.7,0.0,0.0,8884.61,7170.35,1.0
p[5624],0.45,0.02,0.41,0.49,0.0,0.0,8681.66,7284.88,1.0
p[5625],0.68,0.01,0.65,0.71,0.0,0.0,8889.33,7070.19,1.0
p[5626],0.7,0.02,0.66,0.74,0.0,0.0,9712.71,6786.53,1.0
p[5627],0.6,0.02,0.56,0.64,0.0,0.0,9390.03,7302.93,1.0
p[5628],0.68,0.01,0.65,0.71,0.0,0.0,8894.6,7091.9,1.0
p[5629],0.6,0.02,0.56,0.64,0.0,0.0,9390.43,7232.71,1.0
p[5630],0.67,0.02,0.64,0.71,0.0,0.0,8888.34,7155.88,1.0
p[5631],0.46,0.02,0.42,0.5,0.0,0.0,8697.16,7351.83,1.0
p[5632],0.81,0.01,0.79,0.84,0.0,0.0,8874.42,7430.9,1.0
p[5633],0.6,0.02,0.56,0.65,0.0,0.0,10272.91,6842.32,1.0
p[5634],0.68,0.01,0.66,0.71,0.0,0.0,8908.41,7060.97,1.0
p[5635],0.82,0.01,0.79,0.84,0.0,0.0,8871.81,7464.23,1.0
p[5636],0.78,0.02,0.74,0.81,0.0,0.0,9994.25,6279.22,1.0
p[5637],0.75,0.02,0.71,0.79,0.0,0.0,9894.2,6290.14,1.0
p[5638],0.83,0.02,0.8,0.87,0.0,0.0,10427.25,6530.51,1.0
p[5639],0.69,0.01,0.66,0.71,0.0,0.0,8913.34,7038.21,1.0
p[5640],0.82,0.01,0.8,0.84,0.0,0.0,8871.04,7464.23,1.0
p[5641],0.67,0.02,0.63,0.72,0.0,0.0,9573.85,6671.16,1.0
p[5642],0.47,0.02,0.43,0.5,0.0,0.0,8712.1,7316.62,1.0
p[5643],0.61,0.02,0.56,0.66,0.0,0.0,10275.41,6728.35,1.0
p[5644],0.69,0.01,0.66,0.71,0.0,0.0,8918.81,7027.77,1.0
p[5645],0.82,0.01,0.8,0.84,0.0,0.0,8875.12,7464.23,1.0
p[5646],0.84,0.02,0.81,0.87,0.0,0.0,10467.34,6448.67,1.0
p[5647],0.61,0.02,0.57,0.65,0.0,0.0,9391.66,7228.42,1.0
p[5648],0.68,0.02,0.65,0.72,0.0,0.0,8913.71,7186.86,1.0
p[5649],0.69,0.01,0.66,0.72,0.0,0.0,8927.45,6996.88,1.0
p[5650],0.69,0.01,0.66,0.72,0.0,0.0,8929.94,6996.88,1.0
p[5651],0.68,0.02,0.65,0.72,0.0,0.0,8915.77,7186.44,1.0
p[5652],0.69,0.01,0.67,0.72,0.0,0.0,8931.84,6996.0,1.0
p[5653],0.71,0.02,0.68,0.75,0.0,0.0,9721.61,6735.41,1.0
p[5654],0.47,0.02,0.43,0.51,0.0,0.0,8717.82,7280.09,1.0
p[5655],0.82,0.01,0.8,0.84,0.0,0.0,8875.54,7320.38,1.0
p[5656],0.8,0.02,0.77,0.84,0.0,0.0,10898.21,6859.93,1.0
p[5657],0.61,0.02,0.58,0.65,0.0,0.0,9402.79,7188.58,1.0
p[5658],0.82,0.01,0.8,0.84,0.0,0.0,8875.36,7355.57,1.0
p[5659],0.62,0.02,0.57,0.66,0.0,0.0,10278.08,6727.66,1.0
p[5660],0.82,0.01,0.8,0.84,0.0,0.0,8874.94,7355.57,1.0
p[5661],0.78,0.02,0.75,0.82,0.0,0.0,9998.82,6535.15,1.0
p[5662],0.69,0.01,0.67,0.72,0.0,0.0,8939.16,6932.96,1.0
p[5663],0.82,0.01,0.8,0.84,0.0,0.0,8873.2,7304.42,1.0
p[5664],0.69,0.02,0.66,0.72,0.0,0.0,8921.91,7150.54,1.0
p[5665],0.72,0.02,0.68,0.76,0.0,0.0,9721.33,6782.85,1.0
p[5666],0.76,0.02,0.72,0.8,0.0,0.0,9922.5,6371.89,1.0
p[5667],0.7,0.01,0.67,0.72,0.0,0.0,8942.29,6902.36,1.0
p[5668],0.82,0.01,0.8,0.84,0.0,0.0,8871.35,7303.97,1.0
p[5669],0.81,0.02,0.77,0.84,0.0,0.0,10906.29,6936.27,1.0
p[5670],0.69,0.02,0.64,0.73,0.0,0.0,9593.01,6783.97,1.0
p[5671],0.62,0.02,0.58,0.67,0.0,0.0,10281.25,6697.34,1.0
p[5672],0.48,0.02,0.44,0.52,0.0,0.0,8727.9,7141.74,1.0
p[5673],0.7,0.01,0.67,0.72,0.0,0.0,8948.45,6934.02,1.0
p[5674],0.7,0.01,0.67,0.72,0.0,0.0,8948.45,6934.02,1.0
p[5675],0.7,0.01,0.67,0.73,0.0,0.0,8950.31,6935.25,1.0
p[5676],0.83,0.01,0.81,0.85,0.0,0.0,8874.06,7357.84,1.0
p[5677],0.7,0.01,0.67,0.73,0.0,0.0,8951.6,6935.91,1.0
p[5678],0.62,0.02,0.58,0.66,0.0,0.0,9412.55,7026.01,1.0
p[5679],0.72,0.02,0.69,0.76,0.0,0.0,9717.78,6638.17,1.0
p[5680],0.84,0.02,0.82,0.87,0.0,0.0,10617.69,6670.5,1.0
p[5681],0.69,0.02,0.66,0.73,0.0,0.0,8929.74,6961.21,1.0
p[5682],0.7,0.01,0.68,0.73,0.0,0.0,8953.99,6935.91,1.0
p[5683],0.7,0.01,0.68,0.73,0.0,0.0,8954.98,6936.46,1.0
p[5684],0.62,0.02,0.59,0.66,0.0,0.0,9413.11,7073.91,1.0
p[5685],0.7,0.02,0.66,0.73,0.0,0.0,8938.53,6993.14,1.0
p[5686],0.83,0.01,0.81,0.85,0.0,0.0,8888.56,7232.01,1.0
p[5687],0.63,0.02,0.58,0.67,0.0,0.0,10281.32,6668.18,1.0
p[5688],0.49,0.02,0.45,0.52,0.0,0.0,8738.92,7367.36,1.0
p[5689],0.85,0.02,0.82,0.88,0.0,0.0,10666.83,6729.31,1.0
p[5690],0.71,0.01,0.68,0.73,0.0,0.0,8965.39,7000.86,1.0
p[5691],0.71,0.01,0.68,0.73,0.0,0.0,8966.56,7039.18,1.0
p[5692],0.77,0.02,0.73,0.81,0.0,0.0,9949.21,6398.26,1.0
p[5693],0.7,0.02,0.67,0.73,0.0,0.0,8944.36,7057.32,1.0
p[5694],0.79,0.02,0.76,0.83,0.0,0.0,10001.04,6495.03,1.0
p[5695],0.73,0.02,0.7,0.77,0.0,0.0,9722.03,6395.07,1.0
p[5696],0.83,0.01,0.81,0.85,0.0,0.0,8894.31,7267.36,1.0
p[5697],0.71,0.01,0.68,0.73,0.0,0.0,8971.07,7032.02,1.0
p[5698],0.71,0.01,0.68,0.73,0.0,0.0,8972.97,7032.02,1.0
p[5699],0.71,0.01,0.68,0.73,0.0,0.0,8972.97,7032.02,1.0
p[5700],0.83,0.01,0.81,0.85,0.0,0.0,8893.27,7267.88,1.0
p[5701],0.83,0.01,0.81,0.85,0.0,0.0,8892.25,7267.88,1.0
p[5702],0.63,0.02,0.59,0.68,0.0,0.0,10279.2,6609.39,1.0
p[5703],0.83,0.01,0.81,0.85,0.0,0.0,8893.63,7267.53,1.0
p[5704],0.83,0.01,0.81,0.85,0.0,0.0,8893.63,7267.53,1.0
p[5705],0.7,0.02,0.66,0.74,0.0,0.0,9612.02,6842.9,1.0
p[5706],0.49,0.02,0.45,0.53,0.0,0.0,8753.97,7455.23,1.0
p[5707],0.71,0.01,0.69,0.73,0.0,0.0,8976.7,7032.51,1.0
p[5708],0.81,0.02,0.78,0.85,0.0,0.0,10913.02,6766.79,1.0
p[5709],0.71,0.01,0.69,0.74,0.0,0.0,8981.22,7006.32,1.0
p[5710],0.63,0.02,0.6,0.67,0.0,0.0,9287.35,7162.49,1.0
p[5711],0.85,0.02,0.82,0.88,0.0,0.0,10757.0,6851.96,1.0
p[5712],0.71,0.01,0.69,0.74,0.0,0.0,8983.6,6942.26,1.0
p[5713],0.7,0.02,0.67,0.74,0.0,0.0,8955.32,6959.93,1.0
p[5714],0.71,0.01,0.69,0.74,0.0,0.0,8986.2,6968.05,1.0
p[5715],0.85,0.02,0.82,0.88,0.0,0.0,10777.98,6883.98,1.0
p[5716],0.71,0.02,0.67,0.74,0.0,0.0,8957.72,6896.78,1.0
p[5717],0.78,0.02,0.75,0.81,0.0,0.0,9308.07,7128.04,1.0
p[5718],0.73,0.02,0.7,0.77,0.0,0.0,9722.56,6367.29,1.0
p[5719],0.63,0.02,0.6,0.68,0.0,0.0,9295.56,7166.06,1.0
p[5720],0.64,0.02,0.59,0.68,0.0,0.0,10276.08,6666.16,1.0
p[5721],0.5,0.02,0.46,0.54,0.0,0.0,8759.14,7433.59,1.0
p[5722],0.84,0.01,0.82,0.85,0.0,0.0,8887.12,7338.14,1.0
p[5723],0.84,0.01,0.82,0.85,0.0,0.0,8886.06,7267.99,1.0
p[5724],0.74,0.02,0.7,0.77,0.0,0.0,9720.73,6366.99,1.0
p[5725],0.84,0.01,0.82,0.86,0.0,0.0,8886.31,7303.42,1.0
p[5726],0.72,0.01,0.69,0.74,0.0,0.0,8997.17,6879.18,1.0
p[5727],0.72,0.01,0.69,0.74,0.0,0.0,8999.74,6872.63,1.0
p[5728],0.71,0.02,0.68,0.74,0.0,0.0,8965.5,6835.57,1.0
p[5729],0.78,0.02,0.74,0.81,0.0,0.0,9996.18,6293.64,1.0
p[5730],0.8,0.02,0.77,0.84,0.0,0.0,10001.65,6569.76,1.0
p[5731],0.72,0.01,0.69,0.74,0.0,0.0,9002.12,6903.31,1.0
p[5732],0.72,0.01,0.69,0.74,0.0,0.0,9002.12,6903.31,1.0
p[5733],0.82,0.02,0.79,0.85,0.0,0.0,10916.95,6779.84,1.0
p[5734],0.71,0.02,0.66,0.75,0.0,0.0,9622.55,6780.12,1.0
p[5735],0.84,0.01,0.82,0.86,0.0,0.0,8677.28,7374.0,1.0
p[5736],0.5,0.02,0.47,0.54,0.0,0.0,8762.26,7454.01,1.0
p[5737],0.65,0.02,0.6,0.69,0.0,0.0,10276.01,6727.26,1.0
p[5738],0.72,0.01,0.7,0.74,0.0,0.0,9007.2,6847.91,1.0
p[5739],0.72,0.01,0.7,0.74,0.0,0.0,9007.2,6847.91,1.0
p[5740],0.86,0.01,0.83,0.88,0.0,0.0,10889.92,6864.2,1.0
p[5741],0.74,0.02,0.71,0.78,0.0,0.0,9724.74,6341.43,1.0
p[5742],0.64,0.02,0.61,0.68,0.0,0.0,9299.3,7095.67,1.0
p[5743],0.72,0.01,0.7,0.75,0.0,0.0,9013.92,6847.74,1.0
p[5744],0.72,0.02,0.68,0.75,0.0,0.0,8973.2,6743.14,1.0
p[5745],0.86,0.01,0.83,0.89,0.0,0.0,10918.79,6863.64,1.0
p[5746],0.65,0.02,0.61,0.68,0.0,0.0,9298.82,7096.27,1.0
p[5747],0.51,0.02,0.47,0.55,0.0,0.0,8780.42,7491.17,1.0
p[5748],0.84,0.01,0.83,0.86,0.0,0.0,8668.91,7461.48,1.0
p[5749],0.72,0.02,0.69,0.75,0.0,0.0,8978.49,6742.87,1.0
p[5750],0.65,0.02,0.61,0.69,0.0,0.0,10275.93,6725.66,1.0
p[5751],0.84,0.01,0.83,0.86,0.0,0.0,8667.16,7485.67,1.0
p[5752],0.73,0.01,0.7,0.75,0.0,0.0,9026.47,6900.76,1.0
p[5753],0.79,0.02,0.76,0.82,0.0,0.0,9277.8,7161.67,1.0
p[5754],0.79,0.02,0.75,0.82,0.0,0.0,10021.14,6104.86,1.0
p[5755],0.73,0.01,0.7,0.75,0.0,0.0,9029.05,6899.85,1.0
p[5756],0.81,0.02,0.78,0.84,0.0,0.0,10003.88,6528.81,1.0
p[5757],0.72,0.02,0.69,0.75,0.0,0.0,8981.99,6742.5,1.0
p[5758],0.73,0.01,0.7,0.75,0.0,0.0,9031.55,6869.25,1.0
p[5759],0.85,0.01,0.83,0.86,0.0,0.0,8663.15,7522.33,1.0
p[5760],0.73,0.01,0.71,0.75,0.0,0.0,9034.13,6869.3,1.0
p[5761],0.72,0.02,0.68,0.76,0.0,0.0,9621.01,6808.26,1.0
p[5762],0.75,0.02,0.72,0.78,0.0,0.0,9724.22,6315.87,1.0
p[5763],0.85,0.01,0.83,0.86,0.0,0.0,8661.59,7522.33,1.0
p[5764],0.83,0.02,0.8,0.86,0.0,0.0,10915.35,6783.07,1.0
p[5765],0.66,0.02,0.61,0.7,0.0,0.0,10273.71,6781.42,1.0
p[5766],0.52,0.02,0.48,0.55,0.0,0.0,8780.45,7417.39,1.0
p[5767],0.85,0.01,0.83,0.86,0.0,0.0,8660.28,7522.2,1.0
p[5768],0.73,0.01,0.71,0.75,0.0,0.0,9037.46,6899.85,1.0
p[5769],0.73,0.01,0.71,0.75,0.0,0.0,9039.3,6900.11,1.0
p[5770],0.73,0.01,0.71,0.75,0.0,0.0,9039.67,6900.11,1.0
p[5771],0.66,0.02,0.62,0.69,0.0,0.0,9273.75,6938.31,1.0
p[5772],0.75,0.02,0.72,0.78,0.0,0.0,9727.21,6367.72,1.0
p[5773],0.72,0.02,0.69,0.76,0.0,0.0,8989.28,6774.08,1.0
p[5774],0.73,0.01,0.71,0.75,0.0,0.0,9042.8,6911.21,1.0
p[5775],0.86,0.01,0.84,0.89,0.0,0.0,10786.93,6721.69,1.0
p[5776],0.86,0.01,0.84,0.89,0.0,0.0,10789.11,6725.75,1.0
p[5777],0.73,0.02,0.7,0.76,0.0,0.0,8993.94,6774.91,1.0
p[5778],0.66,0.02,0.62,0.7,0.0,0.0,10266.83,6691.07,1.0
p[5779],0.74,0.01,0.71,0.76,0.0,0.0,9054.14,6910.02,1.0
p[5780],0.85,0.01,0.83,0.87,0.0,0.0,8649.15,7413.09,1.0
p[5781],0.52,0.02,0.49,0.56,0.0,0.0,8779.75,7348.41,1.0
p[5782],0.76,0.02,0.72,0.79,0.0,0.0,9725.91,6263.42,1.0
p[5783],0.85,0.01,0.83,0.87,0.0,0.0,8647.81,7414.0,1.0
p[5784],0.74,0.01,0.71,0.76,0.0,0.0,9057.74,6933.06,1.0
p[5785],0.73,0.02,0.7,0.76,0.0,0.0,9000.36,6715.4,1.0
p[5786],0.66,0.02,0.63,0.7,0.0,0.0,9271.25,7005.49,1.0
p[5787],0.82,0.02,0.79,0.85,0.0,0.0,9989.63,6509.09,1.0
p[5788],0.8,0.02,0.76,0.83,0.0,0.0,10036.35,6105.55,1.0
p[5789],0.85,0.01,0.83,0.87,0.0,0.0,8644.0,7486.86,1.0
p[5790],0.74,0.01,0.72,0.76,0.0,0.0,9063.38,6847.27,1.0
p[5791],0.74,0.01,0.72,0.76,0.0,0.0,9063.38,6847.27,1.0
p[5792],0.87,0.01,0.84,0.89,0.0,0.0,10797.01,6658.3,1.0
p[5793],0.74,0.01,0.72,0.76,0.0,0.0,9064.59,6785.39,1.0
p[5794],0.73,0.02,0.69,0.77,0.0,0.0,9629.81,6751.82,1.0
p[5795],0.67,0.02,0.63,0.71,0.0,0.0,10259.01,6717.76,1.0
p[5796],0.53,0.02,0.49,0.57,0.0,0.0,8787.37,7421.88,1.0
p[5797],0.84,0.02,0.8,0.87,0.0,0.0,10902.57,6827.23,1.0
p[5798],0.85,0.01,0.84,0.87,0.0,0.0,8637.07,7449.61,1.0
p[5799],0.74,0.01,0.72,0.76,0.0,0.0,9068.34,6815.46,1.0
p[5800],0.85,0.01,0.84,0.87,0.0,0.0,8636.65,7449.37,1.0
p[5801],0.74,0.01,0.72,0.76,0.0,0.0,9068.17,6815.91,1.0
p[5802],0.74,0.01,0.72,0.76,0.0,0.0,9073.62,6754.8,1.0
p[5803],0.87,0.01,0.84,0.89,0.0,0.0,10801.57,6699.1,1.0
p[5804],0.73,0.02,0.7,0.76,0.0,0.0,9004.53,6806.86,1.0
p[5805],0.76,0.02,0.73,0.79,0.0,0.0,9724.1,6212.92,1.0
p[5806],0.87,0.01,0.84,0.89,0.0,0.0,10803.31,6583.06,1.0
p[5807],0.86,0.01,0.84,0.87,0.0,0.0,8633.29,7447.94,1.0
p[5808],0.74,0.02,0.71,0.77,0.0,0.0,9007.76,6807.28,1.0
p[5809],0.86,0.01,0.84,0.87,0.0,0.0,8633.58,7340.09,1.0
p[5810],0.68,0.02,0.63,0.72,0.0,0.0,10245.32,6898.92,1.0
p[5811],0.67,0.02,0.64,0.7,0.0,0.0,9265.2,6996.43,1.0
p[5812],0.75,0.01,0.72,0.77,0.0,0.0,9083.38,6725.31,1.0
p[5813],0.82,0.02,0.79,0.86,0.0,0.0,9980.17,6471.53,1.0
p[5814],0.75,0.01,0.73,0.77,0.0,0.0,9085.49,6666.16,1.0
p[5815],0.74,0.02,0.71,0.77,0.0,0.0,9008.89,6869.67,1.0
p[5816],0.8,0.02,0.77,0.84,0.0,0.0,10047.54,6105.35,1.0
p[5817],0.54,0.02,0.5,0.58,0.0,0.0,8802.14,7277.07,1.0
p[5818],0.75,0.01,0.73,0.77,0.0,0.0,9087.22,6665.95,1.0
p[5819],0.67,0.02,0.64,0.71,0.0,0.0,9261.96,6954.62,1.0
p[5820],0.75,0.01,0.73,0.77,0.0,0.0,9089.18,6636.87,1.0
p[5821],0.74,0.02,0.7,0.78,0.0,0.0,9630.3,6664.82,1.0
p[5822],0.77,0.02,0.74,0.8,0.0,0.0,9718.69,6148.77,1.0
p[5823],0.54,0.02,0.5,0.58,0.0,0.0,8827.92,7278.48,1.0
p[5824],0.68,0.02,0.64,0.72,0.0,0.0,10235.2,6900.44,1.0
p[5825],0.75,0.01,0.73,0.77,0.0,0.0,9092.95,6665.95,1.0
p[5826],0.75,0.01,0.73,0.77,0.0,0.0,9092.95,6665.95,1.0
p[5827],0.75,0.01,0.73,0.77,0.0,0.0,9096.01,6636.8,1.0
p[5828],0.86,0.01,0.84,0.88,0.0,0.0,8622.22,7066.55,1.0
p[5829],0.77,0.02,0.74,0.8,0.0,0.0,9715.18,6124.54,1.0
p[5830],0.87,0.01,0.85,0.9,0.0,0.0,10812.32,6544.04,1.0
p[5831],0.74,0.02,0.72,0.77,0.0,0.0,9013.7,6719.54,1.0
p[5832],0.68,0.02,0.64,0.71,0.0,0.0,9251.05,6769.53,1.0
p[5833],0.84,0.02,0.82,0.87,0.0,0.0,10882.56,7001.19,1.0
p[5834],0.75,0.01,0.73,0.77,0.0,0.0,9100.88,6693.85,1.0
p[5835],0.85,0.02,0.82,0.87,0.0,0.0,10881.38,6936.58,1.0
p[5836],0.81,0.01,0.78,0.84,0.0,0.0,9237.14,7405.27,1.0
p[5837],0.75,0.02,0.72,0.78,0.0,0.0,9013.77,6809.94,1.0
p[5838],0.55,0.02,0.51,0.58,0.0,0.0,8932.91,7073.2,1.0
p[5839],0.69,0.02,0.65,0.73,0.0,0.0,10221.96,6716.41,1.0
p[5840],0.86,0.01,0.85,0.88,0.0,0.0,8615.28,7067.96,1.0
p[5841],0.86,0.01,0.85,0.88,0.0,0.0,8614.93,6970.28,1.0
p[5842],0.88,0.01,0.85,0.9,0.0,0.0,10821.06,6774.55,1.0
p[5843],0.68,0.02,0.65,0.72,0.0,0.0,9255.22,6738.81,1.0
p[5844],0.77,0.02,0.74,0.81,0.0,0.0,9709.08,6155.1,1.0
p[5845],0.86,0.01,0.85,0.88,0.0,0.0,8611.4,6970.12,1.0
p[5846],0.81,0.02,0.78,0.84,0.0,0.0,10056.9,6273.18,1.0
p[5847],0.75,0.02,0.72,0.78,0.0,0.0,9013.17,6841.19,1.0
p[5848],0.76,0.01,0.74,0.78,0.0,0.0,9112.51,6723.21,1.0
p[5849],0.76,0.01,0.74,0.78,0.0,0.0,9114.91,6754.1,1.0
p[5850],0.76,0.01,0.74,0.78,0.0,0.0,9114.91,6754.1,1.0
p[5851],0.76,0.01,0.74,0.78,0.0,0.0,9115.33,6754.1,1.0
p[5852],0.76,0.01,0.74,0.78,0.0,0.0,9116.41,6753.54,1.0
p[5853],0.76,0.01,0.74,0.78,0.0,0.0,9116.9,6753.54,1.0
p[5854],0.69,0.02,0.65,0.73,0.0,0.0,10206.17,6686.94,1.0
p[5855],0.75,0.02,0.71,0.79,0.0,0.0,9625.05,6723.12,1.0
p[5856],0.76,0.01,0.74,0.78,0.0,0.0,9119.16,6813.49,1.0
p[5857],0.55,0.02,0.52,0.59,0.0,0.0,9044.42,7008.32,1.0
p[5858],0.85,0.02,0.82,0.88,0.0,0.0,10868.37,6872.56,1.0
p[5859],0.88,0.01,0.86,0.9,0.0,0.0,10821.05,6889.89,1.0
p[5860],0.78,0.02,0.75,0.81,0.0,0.0,9702.86,6127.62,1.0
p[5861],0.69,0.02,0.65,0.72,0.0,0.0,9249.23,6741.72,1.0
p[5862],0.75,0.02,0.73,0.78,0.0,0.0,9012.66,6902.87,1.0
p[5863],0.76,0.01,0.74,0.78,0.0,0.0,9123.27,6842.99,1.0
p[5864],0.76,0.01,0.74,0.78,0.0,0.0,9123.67,6842.99,1.0
p[5865],0.87,0.01,0.85,0.88,0.0,0.0,8602.35,6938.87,1.0
p[5866],0.87,0.01,0.85,0.88,0.0,0.0,8602.22,6907.47,1.0
p[5867],0.76,0.02,0.73,0.78,0.0,0.0,9013.52,6934.36,1.0
p[5868],0.88,0.01,0.86,0.9,0.0,0.0,10820.42,6633.95,1.0
p[5869],0.7,0.02,0.66,0.74,0.0,0.0,10195.52,6740.52,1.0
p[5870],0.69,0.02,0.66,0.72,0.0,0.0,9237.05,6742.42,1.0
p[5871],0.76,0.01,0.74,0.79,0.0,0.0,9134.41,6989.37,1.0
p[5872],0.56,0.02,0.53,0.6,0.0,0.0,9192.01,7023.42,1.0
p[5873],0.84,0.02,0.81,0.87,0.0,0.0,9958.42,6352.27,1.0
p[5874],0.82,0.02,0.79,0.85,0.0,0.0,10065.98,6145.9,1.0
p[5875],0.76,0.02,0.73,0.79,0.0,0.0,9012.89,6902.77,1.0
p[5876],0.77,0.01,0.75,0.79,0.0,0.0,9136.45,6989.09,1.0
p[5877],0.87,0.01,0.85,0.88,0.0,0.0,8593.63,6907.7,1.0
p[5878],0.77,0.01,0.75,0.79,0.0,0.0,9138.15,7022.25,1.0
p[5879],0.82,0.01,0.8,0.85,0.0,0.0,9205.8,7461.06,1.0
p[5880],0.78,0.02,0.76,0.82,0.0,0.0,9687.38,6526.06,1.0
p[5881],0.76,0.02,0.72,0.8,0.0,0.0,9619.65,6812.06,1.0
p[5882],0.77,0.01,0.75,0.79,0.0,0.0,9142.8,7034.54,1.0
p[5883],0.57,0.02,0.53,0.61,0.0,0.0,9269.33,6927.41,1.0
p[5884],0.77,0.01,0.75,0.79,0.0,0.0,9143.56,7034.35,1.0
p[5885],0.7,0.02,0.66,0.74,0.0,0.0,10183.72,6832.12,1.0
p[5886],0.77,0.01,0.75,0.79,0.0,0.0,9144.2,6969.46,1.0
p[5887],0.87,0.01,0.86,0.89,0.0,0.0,8587.92,7003.76,1.0
p[5888],0.79,0.02,0.76,0.82,0.0,0.0,9684.87,6564.6,1.0
p[5889],0.7,0.02,0.67,0.73,0.0,0.0,9225.35,6751.54,1.0
p[5890],0.76,0.02,0.74,0.79,0.0,0.0,9014.78,6867.3,1.0
p[5891],0.77,0.01,0.75,0.79,0.0,0.0,9149.72,6902.56,1.0
p[5892],0.77,0.01,0.75,0.79,0.0,0.0,9152.07,6903.27,1.0
p[5893],0.89,0.01,0.86,0.91,0.0,0.0,10821.62,6699.99,1.0
p[5894],0.89,0.01,0.86,0.91,0.0,0.0,10821.2,6699.99,1.0
p[5895],0.71,0.02,0.67,0.75,0.0,0.0,10171.21,6768.39,1.0
p[5896],0.77,0.02,0.74,0.79,0.0,0.0,9015.4,6871.32,1.0
p[5897],0.83,0.01,0.8,0.85,0.0,0.0,9185.8,7513.37,1.0
p[5898],0.57,0.02,0.54,0.61,0.0,0.0,9401.15,7064.37,1.0
p[5899],0.87,0.01,0.86,0.89,0.0,0.0,8580.39,6878.29,1.0
p[5900],0.87,0.01,0.86,0.89,0.0,0.0,8579.74,6972.72,1.0
p[5901],0.77,0.01,0.75,0.79,0.0,0.0,9159.75,6934.52,1.0
p[5902],0.77,0.01,0.74,0.8,0.0,0.0,9013.27,6903.13,1.0
p[5903],0.83,0.01,0.8,0.85,0.0,0.0,9185.38,7550.43,1.0
p[5904],0.77,0.01,0.75,0.79,0.0,0.0,9161.8,6871.45,1.0
p[5905],0.79,0.02,0.76,0.82,0.0,0.0,9678.12,6529.96,1.0
p[5906],0.85,0.02,0.82,0.87,0.0,0.0,9943.05,6406.62,1.0
p[5907],0.86,0.01,0.83,0.89,0.0,0.0,10834.95,7027.65,1.0
p[5908],0.78,0.01,0.76,0.8,0.0,0.0,9163.12,6871.49,1.0
p[5909],0.78,0.01,0.76,0.8,0.0,0.0,9163.12,6871.49,1.0
p[5910],0.78,0.01,0.76,0.8,0.0,0.0,9163.12,6871.49,1.0
p[5911],0.83,0.02,0.8,0.86,0.0,0.0,10033.57,5976.93,1.0
p[5912],0.77,0.02,0.73,0.8,0.0,0.0,9606.39,6903.08,1.0
p[5913],0.88,0.01,0.86,0.89,0.0,0.0,8574.89,6941.29,1.0
p[5914],0.58,0.02,0.54,0.62,0.0,0.0,9463.41,7039.17,1.0
p[5915],0.71,0.02,0.67,0.75,0.0,0.0,10153.45,6708.02,1.0
p[5916],0.71,0.02,0.67,0.74,0.0,0.0,9206.99,7158.32,1.0
p[5917],0.88,0.01,0.86,0.89,0.0,0.0,8573.52,7136.04,1.0
p[5918],0.78,0.01,0.76,0.8,0.0,0.0,9167.21,6967.22,1.0
p[5919],0.78,0.01,0.76,0.8,0.0,0.0,9167.21,6967.22,1.0
p[5920],0.8,0.02,0.77,0.82,0.0,0.0,9668.55,6591.95,1.0
p[5921],0.71,0.02,0.68,0.74,0.0,0.0,9201.75,7144.88,1.0
p[5922],0.77,0.01,0.75,0.8,0.0,0.0,9013.35,6998.19,1.0
p[5923],0.88,0.01,0.86,0.89,0.0,0.0,8572.43,7070.34,1.0
p[5924],0.89,0.01,0.87,0.91,0.0,0.0,10818.02,6580.9,1.0
p[5925],0.86,0.01,0.84,0.89,0.0,0.0,10819.15,7029.8,1.0
p[5926],0.78,0.01,0.76,0.8,0.0,0.0,9170.71,7031.8,1.0
p[5927],0.77,0.01,0.75,0.8,0.0,0.0,9012.39,6933.74,1.0
p[5928],0.89,0.01,0.87,0.91,0.0,0.0,10816.73,6549.38,1.0
p[5929],0.72,0.02,0.68,0.76,0.0,0.0,10136.35,6706.84,1.0
p[5930],0.88,0.01,0.86,0.89,0.0,0.0,8567.75,7038.15,1.0
p[5931],0.71,0.02,0.68,0.74,0.0,0.0,9209.67,7040.65,1.0
p[5932],0.8,0.01,0.77,0.83,0.0,0.0,9656.63,6649.89,1.0
p[5933],0.85,0.01,0.82,0.88,0.0,0.0,9925.32,6545.63,1.0
p[5934],0.78,0.01,0.76,0.8,0.0,0.0,9172.08,7032.52,1.0
p[5935],0.78,0.01,0.75,0.8,0.0,0.0,9010.98,6960.65,1.0
p[5936],0.78,0.01,0.76,0.8,0.0,0.0,9175.46,7165.26,1.0
p[5937],0.78,0.01,0.76,0.8,0.0,0.0,9175.46,7165.26,1.0
p[5938],0.77,0.02,0.74,0.81,0.0,0.0,9592.59,6963.57,1.0
p[5939],0.88,0.01,0.87,0.9,0.0,0.0,8563.55,7103.31,1.0
p[5940],0.79,0.01,0.77,0.81,0.0,0.0,9174.88,7165.48,1.0
p[5941],0.59,0.02,0.56,0.63,0.0,0.0,9474.53,6909.42,1.0
p[5942],0.72,0.02,0.69,0.76,0.0,0.0,10121.32,6859.26,1.0
p[5943],0.72,0.02,0.69,0.75,0.0,0.0,9212.17,7109.14,1.0
p[5944],0.87,0.01,0.84,0.89,0.0,0.0,10798.97,7059.44,1.0
p[5945],0.78,0.01,0.76,0.81,0.0,0.0,9008.89,6965.07,1.0
p[5946],0.88,0.01,0.87,0.9,0.0,0.0,8559.48,7343.85,1.0
p[5947],0.81,0.01,0.78,0.83,0.0,0.0,9638.65,6768.32,1.0
p[5948],0.79,0.01,0.77,0.81,0.0,0.0,9182.73,7164.43,1.0
p[5949],0.78,0.01,0.76,0.81,0.0,0.0,9006.55,7095.16,1.0
p[5950],0.9,0.01,0.87,0.92,0.0,0.0,10806.29,6493.41,1.0
p[5951],0.79,0.01,0.77,0.81,0.0,0.0,9181.5,7164.87,1.0
p[5952],0.79,0.01,0.77,0.81,0.0,0.0,9181.43,7164.87,1.0
p[5953],0.6,0.02,0.56,0.64,0.0,0.0,9486.4,6825.67,1.0
p[5954],0.72,0.02,0.69,0.75,0.0,0.0,9200.81,7064.83,1.0
p[5955],0.9,0.01,0.88,0.92,0.0,0.0,10806.04,6392.83,1.0
p[5956],0.84,0.01,0.82,0.87,0.0,0.0,9139.26,7100.21,1.0
p[5957],0.73,0.02,0.69,0.77,0.0,0.0,10098.18,6766.14,1.0
p[5958],0.79,0.01,0.77,0.81,0.0,0.0,9183.57,7131.23,1.0
p[5959],0.84,0.02,0.81,0.87,0.0,0.0,9980.14,5826.15,1.0
p[5960],0.89,0.01,0.87,0.9,0.0,0.0,8555.67,7379.29,1.0
p[5961],0.79,0.01,0.76,0.81,0.0,0.0,9001.15,6982.19,1.0
p[5962],0.89,0.01,0.87,0.9,0.0,0.0,8554.66,7379.23,1.0
p[5963],0.79,0.01,0.77,0.81,0.0,0.0,9184.85,7130.82,1.0
p[5964],0.9,0.01,0.88,0.92,0.0,0.0,10805.62,6368.57,1.0
p[5965],0.79,0.01,0.77,0.81,0.0,0.0,9185.25,7130.82,1.0
p[5966],0.86,0.01,0.83,0.89,0.0,0.0,9896.28,6297.81,1.0
p[5967],0.78,0.02,0.75,0.82,0.0,0.0,9581.89,6838.83,1.0
p[5968],0.81,0.01,0.78,0.84,0.0,0.0,9625.04,6820.07,1.0
p[5969],0.6,0.02,0.57,0.64,0.0,0.0,9493.62,6736.22,1.0
p[5970],0.79,0.01,0.78,0.81,0.0,0.0,9188.82,7164.67,1.0
p[5971],0.79,0.01,0.78,0.81,0.0,0.0,9188.82,7164.67,1.0
p[5972],0.87,0.01,0.85,0.9,0.0,0.0,10773.56,7125.7,1.0
p[5973],0.79,0.01,0.78,0.81,0.0,0.0,9189.06,7164.67,1.0
p[5974],0.89,0.01,0.87,0.9,0.0,0.0,8549.63,7451.84,1.0
p[5975],0.8,0.01,0.78,0.81,0.0,0.0,9189.34,7164.67,1.0
p[5976],0.73,0.02,0.7,0.77,0.0,0.0,10078.54,6708.31,1.0
p[5977],0.9,0.01,0.88,0.92,0.0,0.0,10804.82,6372.64,1.0
p[5978],0.73,0.02,0.7,0.76,0.0,0.0,9198.81,6855.13,1.0
p[5979],0.79,0.01,0.76,0.82,0.0,0.0,9000.72,7045.11,1.0
p[5980],0.89,0.01,0.87,0.9,0.0,0.0,8547.7,7453.89,1.0
p[5981],0.89,0.01,0.87,0.9,0.0,0.0,8547.6,7453.89,1.0
p[5982],0.8,0.01,0.78,0.82,0.0,0.0,9190.83,7193.99,1.0
p[5983],0.89,0.01,0.88,0.9,0.0,0.0,8546.63,7453.89,1.0
p[5984],0.8,0.01,0.78,0.82,0.0,0.0,9191.64,7193.57,1.0
p[5985],0.79,0.01,0.77,0.82,0.0,0.0,8999.88,7090.32,1.0
p[5986],0.74,0.02,0.7,0.77,0.0,0.0,10067.01,6828.83,1.0
p[5987],0.73,0.02,0.7,0.76,0.0,0.0,9202.87,7018.23,1.0
p[5988],0.8,0.01,0.78,0.82,0.0,0.0,9191.97,7193.08,1.0
p[5989],0.61,0.02,0.58,0.65,0.0,0.0,9502.4,6646.67,1.0
p[5990],0.85,0.01,0.83,0.87,0.0,0.0,9117.52,7133.74,1.0
p[5991],0.9,0.01,0.88,0.92,0.0,0.0,10801.24,6448.33,1.0
p[5992],0.89,0.01,0.88,0.9,0.0,0.0,8544.66,7527.74,1.0
p[5993],0.8,0.01,0.78,0.82,0.0,0.0,9191.88,7160.81,1.0
p[5994],0.85,0.01,0.82,0.88,0.0,0.0,9947.45,5843.92,1.0
p[5995],0.79,0.01,0.77,0.82,0.0,0.0,8997.24,7043.95,1.0
p[5996],0.85,0.01,0.83,0.87,0.0,0.0,9114.2,7218.68,1.0
p[5997],0.86,0.01,0.84,0.89,0.0,0.0,9875.21,6558.24,1.0
p[5998],0.8,0.01,0.78,0.82,0.0,0.0,9193.5,7160.7,1.0
p[5999],0.79,0.02,0.76,0.83,0.0,0.0,9565.95,6856.46,1.0
p[6000],0.8,0.01,0.78,0.82,0.0,0.0,9195.23,7161.58,1.0
p[6001],0.88,0.01,0.85,0.9,0.0,0.0,10740.49,7126.32,1.0
p[6002],0.62,0.02,0.58,0.65,0.0,0.0,9501.83,6733.97,1.0
p[6003],0.89,0.01,0.88,0.91,0.0,0.0,8543.8,7565.07,1.0
p[6004],0.8,0.01,0.78,0.82,0.0,0.0,9195.13,7162.07,1.0
p[6005],0.8,0.01,0.78,0.82,0.0,0.0,9195.92,7161.94,1.0
p[6006],0.8,0.01,0.78,0.82,0.0,0.0,9196.81,7161.94,1.0
p[6007],0.8,0.01,0.78,0.82,0.0,0.0,9196.81,7161.94,1.0
p[6008],0.9,0.01,0.88,0.92,0.0,0.0,10792.41,6550.53,1.0
p[6009],0.74,0.02,0.71,0.77,0.0,0.0,9196.76,7091.8,1.0
p[6010],0.8,0.01,0.77,0.82,0.0,0.0,8992.0,7169.31,1.0
p[6011],0.8,0.01,0.79,0.82,0.0,0.0,9197.4,7128.55,1.0
p[6012],0.89,0.01,0.88,0.91,0.0,0.0,8542.36,7565.13,1.0
p[6013],0.81,0.01,0.79,0.82,0.0,0.0,9197.27,7129.0,1.0
p[6014],0.8,0.01,0.77,0.83,0.0,0.0,8985.92,7136.12,1.0
p[6015],0.81,0.01,0.79,0.82,0.0,0.0,9197.48,7129.0,1.0
p[6016],0.75,0.02,0.71,0.78,0.0,0.0,10024.11,6891.48,1.0
p[6017],0.62,0.02,0.59,0.66,0.0,0.0,9504.3,6766.09,1.0
p[6018],0.91,0.01,0.89,0.92,0.0,0.0,10788.12,6521.47,1.0
p[6019],0.74,0.02,0.71,0.78,0.0,0.0,9196.59,7040.91,1.0
p[6020],0.9,0.01,0.88,0.91,0.0,0.0,8539.49,7565.2,1.0
p[6021],0.81,0.01,0.79,0.83,0.0,0.0,9194.66,7163.21,1.0
p[6022],0.85,0.01,0.83,0.88,0.0,0.0,9916.0,6126.83,1.0
p[6023],0.8,0.01,0.78,0.83,0.0,0.0,8981.77,7230.02,1.0
p[6024],0.87,0.01,0.84,0.89,0.0,0.0,9845.32,6375.0,1.0
p[6025],0.81,0.01,0.79,0.83,0.0,0.0,9195.81,7196.48,1.0
p[6026],0.81,0.01,0.79,0.83,0.0,0.0,9195.81,7196.48,1.0
p[6027],0.8,0.02,0.77,0.83,0.0,0.0,9549.01,6951.38,1.0
p[6028],0.63,0.02,0.59,0.66,0.0,0.0,9509.7,6858.52,1.0
p[6029],0.81,0.01,0.79,0.83,0.0,0.0,9195.99,7162.84,1.0
p[6030],0.9,0.01,0.88,0.91,0.0,0.0,8537.59,7490.12,1.0
p[6031],0.81,0.01,0.79,0.83,0.0,0.0,9194.98,7196.73,1.0
p[6032],0.89,0.01,0.86,0.91,0.0,0.0,10699.47,6994.13,1.0
p[6033],0.81,0.01,0.79,0.83,0.0,0.0,9193.12,7196.27,1.0
p[6034],0.9,0.01,0.88,0.91,0.0,0.0,8536.78,7417.97,1.0
p[6035],0.9,0.01,0.89,0.91,0.0,0.0,8536.4,7417.73,1.0
p[6036],0.75,0.02,0.72,0.78,0.0,0.0,9187.05,6869.08,1.0
p[6037],0.81,0.01,0.79,0.83,0.0,0.0,9193.92,7231.21,1.0
p[6038],0.83,0.01,0.8,0.85,0.0,0.0,9556.37,6784.0,1.0
p[6039],0.91,0.01,0.89,0.93,0.0,0.0,10778.24,6363.76,1.0
p[6040],0.81,0.01,0.79,0.83,0.0,0.0,9193.26,7163.22,1.0
p[6041],0.63,0.02,0.6,0.67,0.0,0.0,9511.74,7045.89,1.0
p[6042],0.81,0.01,0.8,0.83,0.0,0.0,9192.66,7163.63,1.0
p[6043],0.76,0.02,0.72,0.79,0.0,0.0,9970.13,6981.29,1.0
p[6044],0.75,0.02,0.72,0.78,0.0,0.0,9182.26,6822.83,1.0
p[6045],0.81,0.01,0.78,0.83,0.0,0.0,8976.4,7213.82,1.0
p[6046],0.9,0.01,0.89,0.91,0.0,0.0,8532.95,7454.26,1.0
p[6047],0.82,0.01,0.8,0.83,0.0,0.0,9192.47,7096.17,1.0
p[6048],0.86,0.01,0.83,0.89,0.0,0.0,9881.53,6002.64,1.0
p[6049],0.82,0.01,0.8,0.83,0.0,0.0,9192.86,7129.66,1.0
p[6050],0.9,0.01,0.89,0.91,0.0,0.0,8529.0,7408.39,1.0
p[6051],0.91,0.01,0.89,0.93,0.0,0.0,10771.47,6379.28,1.0
p[6052],0.86,0.01,0.84,0.89,0.0,0.0,9064.03,7371.18,1.0
p[6053],0.88,0.01,0.85,0.9,0.0,0.0,9808.08,6683.72,1.0
p[6054],0.82,0.01,0.8,0.84,0.0,0.0,9193.14,7062.91,1.0
p[6055],0.82,0.01,0.8,0.84,0.0,0.0,9193.44,7062.91,1.0
p[6056],0.64,0.02,0.6,0.68,0.0,0.0,9512.11,7146.74,1.0
p[6057],0.82,0.01,0.8,0.84,0.0,0.0,9194.11,7095.69,1.0
p[6058],0.81,0.02,0.78,0.84,0.0,0.0,9525.0,7017.7,1.0
p[6059],0.76,0.02,0.73,0.79,0.0,0.0,9171.7,6829.5,1.0
p[6060],0.82,0.01,0.8,0.84,0.0,0.0,9193.14,7129.03,1.0
p[6061],0.82,0.01,0.8,0.84,0.0,0.0,9193.92,7135.04,1.0
p[6062],0.82,0.01,0.8,0.84,0.0,0.0,9194.27,7128.95,1.0
p[6063],0.89,0.01,0.87,0.91,0.0,0.0,10641.76,6961.79,1.0
p[6064],0.87,0.01,0.85,0.89,0.0,0.0,8630.05,6489.93,1.0
p[6065],0.82,0.01,0.8,0.84,0.0,0.0,9193.28,7101.88,1.0
p[6066],0.9,0.01,0.89,0.92,0.0,0.0,8520.08,7443.43,1.0
p[6067],0.77,0.02,0.73,0.8,0.0,0.0,9926.44,6899.24,1.0
p[6068],0.91,0.01,0.9,0.93,0.0,0.0,10756.99,6460.9,1.0
p[6069],0.76,0.02,0.73,0.79,0.0,0.0,9161.72,6922.59,1.0
p[6070],0.82,0.01,0.8,0.84,0.0,0.0,9192.88,7169.0,1.0
p[6071],0.82,0.01,0.8,0.84,0.0,0.0,9192.37,7169.0,1.0
p[6072],0.82,0.01,0.81,0.84,0.0,0.0,9192.64,7169.0,1.0
p[6073],0.91,0.01,0.89,0.92,0.0,0.0,8517.95,7528.27,1.0
p[6074],0.92,0.01,0.9,0.93,0.0,0.0,10751.49,6395.08,1.0
p[6075],0.87,0.01,0.84,0.89,0.0,0.0,9836.53,5989.24,1.0
p[6076],0.89,0.01,0.87,0.92,0.0,0.0,10615.79,6961.6,1.0
p[6077],0.82,0.02,0.79,0.85,0.0,0.0,9502.4,7048.53,1.0
p[6078],0.91,0.01,0.89,0.92,0.0,0.0,8515.72,7565.1,1.0
p[6079],0.92,0.01,0.9,0.93,0.0,0.0,10747.12,6323.85,1.0
p[6080],0.91,0.01,0.89,0.92,0.0,0.0,8514.84,7443.44,1.0
p[6081],0.91,0.01,0.9,0.92,0.0,0.0,8514.42,7443.2,1.0
p[6082],0.83,0.01,0.81,0.85,0.0,0.0,9188.98,7307.91,1.0
p[6083],0.84,0.01,0.82,0.87,0.0,0.0,9491.68,6736.9,1.0
p[6084],0.83,0.01,0.81,0.85,0.0,0.0,9188.89,7343.21,1.0
p[6085],0.83,0.01,0.81,0.85,0.0,0.0,9188.89,7343.21,1.0
p[6086],0.83,0.01,0.81,0.85,0.0,0.0,9188.78,7343.77,1.0
p[6087],0.83,0.01,0.81,0.85,0.0,0.0,9188.42,7344.22,1.0
p[6088],0.87,0.01,0.85,0.9,0.0,0.0,8620.51,6490.02,1.0
p[6089],0.88,0.01,0.85,0.9,0.0,0.0,8619.37,6490.02,1.0
p[6090],0.83,0.01,0.81,0.85,0.0,0.0,9187.75,7308.17,1.0
p[6091],0.78,0.02,0.74,0.81,0.0,0.0,9871.85,7158.76,1.0
p[6092],0.83,0.01,0.81,0.85,0.0,0.0,9188.09,7379.57,1.0
p[6093],0.77,0.02,0.74,0.8,0.0,0.0,9172.0,6928.95,1.0
p[6094],0.91,0.01,0.9,0.92,0.0,0.0,8511.96,7410.32,1.0
p[6095],0.83,0.01,0.81,0.85,0.0,0.0,9188.13,7379.96,1.0
p[6096],0.92,0.01,0.9,0.94,0.0,0.0,10724.58,6190.0,1.0
p[6097],0.92,0.01,0.9,0.94,0.0,0.0,10722.54,6204.17,1.0
p[6098],0.88,0.01,0.85,0.9,0.0,0.0,8613.97,6490.28,1.0
p[6099],0.87,0.01,0.85,0.9,0.0,0.0,9795.6,6046.96,1.0
p[6100],0.88,0.01,0.85,0.9,0.0,0.0,8613.97,6490.28,1.0
p[6101],0.91,0.01,0.9,0.92,0.0,0.0,8510.54,7375.65,1.0
p[6102],0.83,0.01,0.82,0.85,0.0,0.0,9185.43,7307.94,1.0
p[6103],0.83,0.01,0.82,0.85,0.0,0.0,9185.16,7342.64,1.0
p[6104],0.83,0.01,0.82,0.85,0.0,0.0,9184.88,7342.64,1.0
p[6105],0.85,0.01,0.83,0.87,0.0,0.0,9468.17,6875.37,1.0
p[6106],0.92,0.01,0.9,0.94,0.0,0.0,10702.44,6359.96,1.0
p[6107],0.88,0.01,0.86,0.9,0.0,0.0,8612.73,6462.36,1.0
p[6108],0.91,0.01,0.9,0.92,0.0,0.0,8507.92,7375.99,1.0
p[6109],0.84,0.01,0.82,0.85,0.0,0.0,9183.84,7377.77,1.0
p[6110],0.78,0.02,0.75,0.82,0.0,0.0,9834.65,7423.31,1.0
p[6111],0.88,0.01,0.86,0.9,0.0,0.0,8611.42,6490.35,1.0
p[6112],0.91,0.01,0.9,0.92,0.0,0.0,8506.86,7412.31,1.0
p[6113],0.84,0.01,0.82,0.85,0.0,0.0,9182.61,7377.65,1.0
p[6114],0.84,0.01,0.82,0.86,0.0,0.0,9182.46,7377.65,1.0
p[6115],0.84,0.01,0.82,0.86,0.0,0.0,9182.46,7377.65,1.0
p[6116],0.84,0.01,0.82,0.86,0.0,0.0,9182.63,7377.56,1.0
p[6117],0.88,0.01,0.85,0.9,0.0,0.0,9763.39,6036.26,1.0
p[6118],0.88,0.01,0.86,0.9,0.0,0.0,8605.05,6354.93,1.0
p[6119],0.84,0.01,0.82,0.86,0.0,0.0,9179.5,7342.09,1.0
p[6120],0.91,0.01,0.9,0.93,0.0,0.0,8503.56,7446.89,1.0
p[6121],0.88,0.01,0.86,0.9,0.0,0.0,8603.19,6355.32,1.0
p[6122],0.79,0.02,0.76,0.82,0.0,0.0,9168.93,7370.58,1.0
p[6123],0.88,0.01,0.86,0.91,0.0,0.0,8599.41,6328.95,1.0
p[6124],0.84,0.01,0.83,0.86,0.0,0.0,9176.34,7371.95,1.0
p[6125],0.88,0.01,0.86,0.91,0.0,0.0,8598.49,6355.52,1.0
p[6126],0.92,0.01,0.91,0.94,0.0,0.0,10670.99,6790.59,1.0
p[6127],0.79,0.02,0.76,0.82,0.0,0.0,9788.83,7423.52,1.0
p[6128],0.84,0.01,0.83,0.86,0.0,0.0,9174.74,7371.95,1.0
p[6129],0.92,0.01,0.9,0.93,0.0,0.0,8501.85,7303.5,1.0
p[6130],0.84,0.01,0.83,0.86,0.0,0.0,9172.31,7372.05,1.0
p[6131],0.84,0.01,0.83,0.86,0.0,0.0,9171.84,7372.05,1.0
p[6132],0.84,0.01,0.83,0.86,0.0,0.0,9172.08,7336.62,1.0
p[6133],0.88,0.01,0.86,0.9,0.0,0.0,9732.0,6011.29,1.0
p[6134],0.92,0.01,0.91,0.93,0.0,0.0,8501.16,7305.08,1.0
p[6135],0.89,0.01,0.87,0.91,0.0,0.0,8594.44,6409.23,1.0
p[6136],0.85,0.01,0.83,0.86,0.0,0.0,9169.51,7444.54,1.0
p[6137],0.89,0.01,0.87,0.91,0.0,0.0,8594.62,6409.23,1.0
p[6138],0.48,0.02,0.44,0.53,0.0,0.0,9338.33,7444.97,1.0
p[6139],0.73,0.02,0.7,0.76,0.0,0.0,8864.84,7343.76,1.0
p[6140],0.66,0.02,0.61,0.7,0.0,0.0,8791.26,6441.66,1.0
p[6141],0.49,0.03,0.44,0.54,0.0,0.0,9757.69,7200.6,1.0
p[6142],0.58,0.02,0.54,0.61,0.0,0.0,8775.02,7552.33,1.0
p[6143],0.58,0.02,0.54,0.61,0.0,0.0,8774.62,7477.48,1.0
p[6144],0.58,0.02,0.55,0.62,0.0,0.0,8774.62,7513.66,1.0
p[6145],0.74,0.02,0.71,0.77,0.0,0.0,8856.17,7254.06,1.0
p[6146],0.67,0.02,0.62,0.71,0.0,0.0,8779.49,6462.92,1.0
p[6147],0.61,0.02,0.56,0.65,0.0,0.0,9896.55,7169.13,1.0
p[6148],0.61,0.02,0.56,0.65,0.0,0.0,9898.26,7169.13,1.0
p[6149],0.76,0.02,0.72,0.81,0.0,0.0,10456.26,6843.15,1.0
p[6150],0.67,0.02,0.62,0.71,0.0,0.0,8776.88,6895.21,1.0
p[6151],0.59,0.02,0.56,0.62,0.0,0.0,8779.65,7481.58,1.0
p[6152],0.5,0.02,0.46,0.54,0.0,0.0,9362.58,7128.39,1.0
p[6153],0.72,0.03,0.67,0.77,0.0,0.0,11027.14,6776.16,1.0
p[6154],0.75,0.01,0.72,0.78,0.0,0.0,8843.61,7202.63,1.0
p[6155],0.77,0.02,0.73,0.81,0.0,0.0,10473.12,6776.13,1.0
p[6156],0.68,0.02,0.63,0.72,0.0,0.0,8761.88,6722.75,1.0
p[6157],0.62,0.02,0.57,0.66,0.0,0.0,9916.03,7180.92,1.0
p[6158],0.6,0.02,0.56,0.63,0.0,0.0,8788.1,7485.37,1.0
p[6159],0.68,0.02,0.64,0.72,0.0,0.0,8758.56,6752.61,1.0
p[6160],0.52,0.03,0.47,0.57,0.0,0.0,9764.67,7034.18,1.0
p[6161],0.78,0.02,0.74,0.82,0.0,0.0,10493.32,6778.47,1.0
p[6162],0.69,0.02,0.65,0.73,0.0,0.0,8748.27,6810.85,1.0
p[6163],0.61,0.02,0.58,0.64,0.0,0.0,8808.27,7514.03,1.0
p[6164],0.69,0.02,0.65,0.73,0.0,0.0,8738.82,6796.98,1.0
p[6165],0.79,0.02,0.75,0.82,0.0,0.0,10551.33,7039.63,1.0
p[6166],0.62,0.02,0.59,0.65,0.0,0.0,8817.29,7488.9,1.0
p[6167],0.77,0.01,0.74,0.79,0.0,0.0,8816.06,7060.74,1.0
p[6168],0.79,0.02,0.75,0.83,0.0,0.0,10587.07,6974.15,1.0
p[6169],0.7,0.02,0.66,0.75,0.0,0.0,8721.08,6716.25,1.0
p[6170],0.63,0.02,0.6,0.66,0.0,0.0,8827.67,7376.82,1.0
p[6171],0.55,0.02,0.51,0.59,0.0,0.0,9408.76,6681.58,1.0
p[6172],0.78,0.01,0.75,0.8,0.0,0.0,8796.98,6951.22,1.0
p[6173],0.66,0.02,0.62,0.7,0.0,0.0,9934.23,6961.43,1.0
p[6174],0.63,0.02,0.59,0.67,0.0,0.0,9120.63,7256.3,1.0
p[6175],0.78,0.01,0.76,0.81,0.0,0.0,8784.84,6857.22,1.0
p[6176],0.74,0.02,0.7,0.78,0.0,0.0,10003.15,6462.28,1.0
p[6177],0.78,0.01,0.76,0.81,0.0,0.0,8783.09,6919.65,1.0
p[6178],0.71,0.02,0.66,0.75,0.0,0.0,10120.99,6451.23,1.0
p[6179],0.64,0.02,0.61,0.67,0.0,0.0,8842.35,7102.79,1.0
p[6180],0.79,0.01,0.76,0.81,0.0,0.0,8777.35,7018.79,1.0
p[6181],0.76,0.02,0.72,0.81,0.0,0.0,11099.15,6628.71,1.0
p[6182],0.81,0.02,0.77,0.84,0.0,0.0,10548.17,7013.74,1.0
p[6183],0.64,0.02,0.62,0.67,0.0,0.0,8843.56,7136.59,1.0
p[6184],0.63,0.03,0.58,0.68,0.0,0.0,10258.59,7048.85,1.0
p[6185],0.64,0.02,0.61,0.67,0.0,0.0,8843.8,7136.59,1.0
p[6186],0.56,0.02,0.52,0.6,0.0,0.0,9412.49,6868.98,1.0
p[6187],0.65,0.01,0.62,0.67,0.0,0.0,8847.19,7136.25,1.0
p[6188],0.64,0.02,0.6,0.68,0.0,0.0,9117.6,7308.64,1.0
p[6189],0.56,0.02,0.52,0.6,0.0,0.0,9412.54,6899.92,1.0
p[6190],0.57,0.02,0.52,0.61,0.0,0.0,9741.56,6573.46,1.0
p[6191],0.79,0.01,0.77,0.81,0.0,0.0,8763.18,7189.99,1.0
p[6192],0.79,0.01,0.77,0.81,0.0,0.0,8761.33,7189.99,1.0
p[6193],0.65,0.01,0.62,0.68,0.0,0.0,8856.62,7005.19,1.0
p[6194],0.81,0.02,0.78,0.84,0.0,0.0,10555.79,7005.39,1.0
p[6195],0.72,0.02,0.68,0.76,0.0,0.0,10120.87,6398.97,1.0
p[6196],0.75,0.02,0.71,0.79,0.0,0.0,9999.06,6237.35,1.0
p[6197],0.77,0.02,0.73,0.81,0.0,0.0,11099.21,6747.9,1.0
p[6198],0.79,0.01,0.77,0.82,0.0,0.0,8752.4,7188.13,1.0
p[6199],0.79,0.01,0.77,0.82,0.0,0.0,8751.61,7188.13,1.0
p[6200],0.65,0.01,0.62,0.68,0.0,0.0,8861.63,7071.83,1.0
p[6201],0.64,0.03,0.59,0.69,0.0,0.0,10257.48,6826.82,1.0
p[6202],0.65,0.01,0.63,0.68,0.0,0.0,8861.55,7071.83,1.0
p[6203],0.79,0.01,0.77,0.82,0.0,0.0,8747.78,7293.63,1.0
p[6204],0.65,0.01,0.63,0.68,0.0,0.0,8859.49,6974.31,1.0
p[6205],0.57,0.02,0.53,0.61,0.0,0.0,9422.34,6963.57,1.0
p[6206],0.81,0.02,0.78,0.85,0.0,0.0,10570.81,6870.87,1.0
p[6207],0.68,0.02,0.64,0.72,0.0,0.0,9928.93,7144.2,1.0
p[6208],0.66,0.01,0.63,0.68,0.0,0.0,8860.19,6942.93,1.0
p[6209],0.8,0.01,0.77,0.82,0.0,0.0,8737.06,7314.91,1.0
p[6210],0.66,0.01,0.63,0.68,0.0,0.0,8861.23,6942.93,1.0
p[6211],0.66,0.01,0.63,0.69,0.0,0.0,8861.62,6942.93,1.0
p[6212],0.57,0.02,0.54,0.61,0.0,0.0,9424.46,6995.81,1.0
p[6213],0.8,0.01,0.78,0.82,0.0,0.0,8733.12,7279.25,1.0
p[6214],0.82,0.02,0.78,0.85,0.0,0.0,10575.0,6871.73,1.0
p[6215],0.65,0.02,0.62,0.69,0.0,0.0,9104.95,7205.09,1.0
p[6216],0.58,0.02,0.54,0.63,0.0,0.0,9728.25,6433.35,1.0
p[6217],0.76,0.02,0.72,0.8,0.0,0.0,9990.82,6114.06,1.0
p[6218],0.66,0.01,0.63,0.69,0.0,0.0,8868.75,6942.86,1.0
p[6219],0.8,0.01,0.78,0.82,0.0,0.0,8727.37,7222.59,1.0
p[6220],0.66,0.01,0.63,0.69,0.0,0.0,8869.03,6942.86,1.0
p[6221],0.8,0.01,0.78,0.82,0.0,0.0,8723.99,7120.84,1.0
p[6222],0.8,0.01,0.78,0.82,0.0,0.0,8723.99,7120.84,1.0
p[6223],0.66,0.01,0.64,0.69,0.0,0.0,8868.32,6911.44,1.0
p[6224],0.66,0.01,0.64,0.69,0.0,0.0,8868.32,6911.44,1.0
p[6225],0.65,0.02,0.6,0.7,0.0,0.0,10256.62,6794.62,1.0
p[6226],0.8,0.01,0.78,0.82,0.0,0.0,8720.48,7120.84,1.0
p[6227],0.78,0.02,0.74,0.82,0.0,0.0,11099.86,6869.02,1.0
p[6228],0.73,0.02,0.69,0.77,0.0,0.0,10118.59,6500.39,1.0
p[6229],0.8,0.01,0.78,0.82,0.0,0.0,8720.06,7089.1,1.0
p[6230],0.67,0.01,0.64,0.69,0.0,0.0,8869.78,6951.06,1.0
p[6231],0.67,0.01,0.64,0.69,0.0,0.0,8870.52,6951.06,1.0
p[6232],0.58,0.02,0.55,0.62,0.0,0.0,9423.55,6857.1,1.0
p[6233],0.67,0.01,0.64,0.69,0.0,0.0,8873.33,7006.68,1.0
p[6234],0.82,0.02,0.79,0.86,0.0,0.0,10585.56,6965.12,1.0
p[6235],0.67,0.01,0.64,0.69,0.0,0.0,8873.95,7006.68,1.0
p[6236],0.67,0.01,0.64,0.69,0.0,0.0,8874.2,7006.68,1.0
p[6237],0.74,0.02,0.71,0.78,0.0,0.0,9334.14,6940.16,1.0
p[6238],0.82,0.02,0.79,0.86,0.0,0.0,10585.08,6916.45,1.0
p[6239],0.66,0.02,0.63,0.7,0.0,0.0,9095.13,7105.11,1.0
p[6240],0.81,0.01,0.79,0.83,0.0,0.0,8706.08,7066.42,1.0
p[6241],0.59,0.02,0.55,0.63,0.0,0.0,9427.45,6997.91,1.0
p[6242],0.59,0.02,0.55,0.64,0.0,0.0,9712.92,6490.11,1.0
p[6243],0.67,0.01,0.65,0.7,0.0,0.0,8880.21,7014.07,1.0
p[6244],0.77,0.02,0.73,0.81,0.0,0.0,9981.51,6078.35,1.0
p[6245],0.67,0.01,0.65,0.7,0.0,0.0,8881.36,6981.86,1.0
p[6246],0.74,0.02,0.7,0.78,0.0,0.0,10118.51,6392.67,1.0
p[6247],0.68,0.01,0.65,0.7,0.0,0.0,8886.96,6949.82,1.0
p[6248],0.68,0.01,0.65,0.7,0.0,0.0,8886.96,6949.82,1.0
p[6249],0.81,0.01,0.79,0.83,0.0,0.0,8701.28,6713.99,1.0
p[6250],0.68,0.01,0.65,0.7,0.0,0.0,8888.31,6948.4,1.0
p[6251],0.79,0.02,0.75,0.83,0.0,0.0,11092.76,6869.06,1.0
p[6252],0.81,0.01,0.79,0.83,0.0,0.0,8699.28,6647.56,1.0
p[6253],0.68,0.01,0.65,0.7,0.0,0.0,8892.54,6917.09,1.0
p[6254],0.7,0.02,0.66,0.74,0.0,0.0,9913.96,7071.5,1.0
p[6255],0.6,0.02,0.56,0.63,0.0,0.0,9430.08,6924.35,1.0
p[6256],0.83,0.02,0.8,0.86,0.0,0.0,10591.56,6936.3,1.0
p[6257],0.68,0.01,0.65,0.71,0.0,0.0,8891.61,6835.82,1.0
p[6258],0.79,0.02,0.75,0.83,0.0,0.0,11091.04,6837.78,1.0
p[6259],0.83,0.02,0.8,0.86,0.0,0.0,10594.05,6967.87,1.0
p[6260],0.68,0.01,0.66,0.71,0.0,0.0,8891.72,6714.82,1.0
p[6261],0.67,0.02,0.64,0.71,0.0,0.0,9085.01,7083.69,1.0
p[6262],0.6,0.02,0.56,0.63,0.0,0.0,9433.27,6938.5,1.0
p[6263],0.61,0.02,0.56,0.65,0.0,0.0,9699.63,6632.23,1.0
p[6264],0.81,0.01,0.79,0.83,0.0,0.0,8689.93,6588.64,1.0
p[6265],0.76,0.02,0.72,0.79,0.0,0.0,8618.91,6950.98,1.0
p[6266],0.82,0.01,0.79,0.83,0.0,0.0,8688.36,6533.15,1.0
p[6267],0.78,0.02,0.74,0.81,0.0,0.0,9969.83,6079.37,1.0
p[6268],0.75,0.02,0.72,0.79,0.0,0.0,9302.46,6876.91,1.0
p[6269],0.68,0.01,0.66,0.71,0.0,0.0,8891.25,6656.65,1.0
p[6270],0.82,0.01,0.8,0.84,0.0,0.0,8686.71,6484.77,1.0
p[6271],0.75,0.02,0.71,0.79,0.0,0.0,10105.8,6585.33,1.0
p[6272],0.69,0.01,0.66,0.71,0.0,0.0,8891.15,6774.45,1.0
p[6273],0.69,0.01,0.66,0.71,0.0,0.0,8891.75,6760.23,1.0
p[6274],0.69,0.01,0.66,0.71,0.0,0.0,8891.75,6760.23,1.0
p[6275],0.67,0.02,0.63,0.72,0.0,0.0,10244.5,6457.43,1.0
p[6276],0.82,0.01,0.8,0.84,0.0,0.0,8682.1,6429.91,1.0
p[6277],0.69,0.01,0.66,0.71,0.0,0.0,8891.95,6760.23,1.0
p[6278],0.82,0.01,0.8,0.84,0.0,0.0,8679.82,6512.55,1.0
p[6279],0.8,0.02,0.76,0.83,0.0,0.0,11082.35,6775.84,1.0
p[6280],0.69,0.01,0.66,0.71,0.0,0.0,8890.55,6790.88,1.0
p[6281],0.69,0.01,0.66,0.71,0.0,0.0,8890.55,6790.88,1.0
p[6282],0.61,0.02,0.57,0.66,0.0,0.0,9684.75,6688.39,1.0
p[6283],0.69,0.01,0.66,0.71,0.0,0.0,8891.11,6774.49,1.0
p[6284],0.84,0.02,0.81,0.87,0.0,0.0,10597.1,7065.04,1.0
p[6285],0.61,0.02,0.57,0.64,0.0,0.0,9438.29,6932.45,1.0
p[6286],0.71,0.02,0.68,0.75,0.0,0.0,9903.06,6973.44,1.0
p[6287],0.69,0.01,0.66,0.71,0.0,0.0,8890.7,6790.55,1.0
p[6288],0.69,0.01,0.66,0.71,0.0,0.0,8891.04,6790.55,1.0
p[6289],0.69,0.01,0.67,0.72,0.0,0.0,8888.89,6850.47,1.0
p[6290],0.76,0.02,0.73,0.79,0.0,0.0,9288.15,6836.56,1.0
p[6291],0.84,0.02,0.81,0.87,0.0,0.0,10597.08,7132.25,1.0
p[6292],0.62,0.02,0.57,0.66,0.0,0.0,9672.48,6720.13,1.0
p[6293],0.78,0.02,0.75,0.82,0.0,0.0,9955.78,6001.47,1.0
p[6294],0.61,0.02,0.58,0.65,0.0,0.0,9442.7,6812.22,1.0
p[6295],0.7,0.01,0.67,0.72,0.0,0.0,8891.28,6679.8,1.0
p[6296],0.82,0.01,0.8,0.84,0.0,0.0,8669.57,6471.47,1.0
p[6297],0.72,0.02,0.68,0.75,0.0,0.0,9897.62,7069.86,1.0
p[6298],0.84,0.02,0.81,0.87,0.0,0.0,10600.99,7132.39,1.0
p[6299],0.76,0.02,0.72,0.8,0.0,0.0,10086.92,6613.53,1.0
p[6300],0.82,0.01,0.8,0.84,0.0,0.0,8664.0,6498.66,1.0
p[6301],0.7,0.01,0.67,0.72,0.0,0.0,8893.66,6624.57,1.0
p[6302],0.7,0.01,0.67,0.72,0.0,0.0,8893.66,6624.57,1.0
p[6303],0.82,0.01,0.8,0.84,0.0,0.0,8662.42,6848.34,1.0
p[6304],0.69,0.02,0.64,0.73,0.0,0.0,10232.03,6377.38,1.0
p[6305],0.7,0.01,0.67,0.72,0.0,0.0,8894.83,6624.57,1.0
p[6306],0.81,0.02,0.77,0.84,0.0,0.0,11066.13,6838.12,1.0
p[6307],0.83,0.01,0.81,0.84,0.0,0.0,8661.3,6848.34,1.0
p[6308],0.7,0.01,0.67,0.72,0.0,0.0,8896.88,6624.63,1.0
p[6309],0.62,0.02,0.58,0.67,0.0,0.0,9662.2,6719.24,1.0
p[6310],0.83,0.01,0.81,0.85,0.0,0.0,8656.74,6814.56,1.0
p[6311],0.62,0.02,0.58,0.66,0.0,0.0,9440.14,6753.06,1.0
p[6312],0.7,0.01,0.68,0.72,0.0,0.0,8898.67,6652.67,1.0
p[6313],0.84,0.02,0.81,0.87,0.0,0.0,10599.34,7032.4,1.0
p[6314],0.72,0.02,0.69,0.76,0.0,0.0,9888.43,7103.26,1.0
p[6315],0.7,0.01,0.68,0.72,0.0,0.0,8897.61,6586.67,1.0
p[6316],0.7,0.01,0.68,0.73,0.0,0.0,8897.25,6586.67,1.0
p[6317],0.77,0.02,0.74,0.8,0.0,0.0,9263.48,6741.56,1.0
p[6318],0.83,0.01,0.81,0.85,0.0,0.0,8650.18,6992.59,1.0
p[6319],0.7,0.02,0.66,0.73,0.0,0.0,9058.84,7136.88,1.0
p[6320],0.83,0.01,0.81,0.85,0.0,0.0,8647.48,6961.06,1.0
p[6321],0.81,0.02,0.77,0.84,0.0,0.0,11054.8,6931.57,1.0
p[6322],0.85,0.02,0.82,0.87,0.0,0.0,10598.16,7131.19,1.0
p[6323],0.62,0.02,0.59,0.66,0.0,0.0,9440.69,6757.75,1.0
p[6324],0.7,0.01,0.68,0.73,0.0,0.0,8900.7,6642.39,1.0
p[6325],0.83,0.01,0.81,0.85,0.0,0.0,8642.97,6961.49,1.0
p[6326],0.63,0.02,0.59,0.67,0.0,0.0,9648.28,6807.5,1.0
p[6327],0.71,0.01,0.68,0.73,0.0,0.0,8901.69,6672.41,1.0
p[6328],0.79,0.02,0.76,0.83,0.0,0.0,9943.6,6134.62,1.0
p[6329],0.71,0.01,0.68,0.73,0.0,0.0,8901.2,6645.62,1.0
p[6330],0.71,0.01,0.68,0.73,0.0,0.0,8900.08,6645.62,1.0
p[6331],0.71,0.01,0.68,0.73,0.0,0.0,8900.08,6645.62,1.0
p[6332],0.77,0.02,0.73,0.81,0.0,0.0,10066.33,6755.61,1.0
p[6333],0.71,0.01,0.68,0.73,0.0,0.0,8901.84,6674.29,1.0
p[6334],0.7,0.02,0.65,0.74,0.0,0.0,10052.76,6247.83,1.0
p[6335],0.81,0.02,0.78,0.85,0.0,0.0,11036.21,6868.67,1.0
p[6336],0.83,0.01,0.81,0.85,0.0,0.0,8630.47,6962.87,1.0
p[6337],0.71,0.01,0.68,0.73,0.0,0.0,8902.31,6701.11,1.0
p[6338],0.49,0.02,0.45,0.53,0.0,0.0,9210.66,6532.77,1.0
p[6339],0.64,0.02,0.59,0.67,0.0,0.0,9637.71,6745.45,1.0
p[6340],0.71,0.01,0.69,0.73,0.0,0.0,8903.34,6746.06,1.0
p[6341],0.63,0.02,0.6,0.67,0.0,0.0,9434.47,6761.28,1.0
p[6342],0.73,0.02,0.7,0.77,0.0,0.0,9862.78,7074.15,1.0
p[6343],0.85,0.02,0.82,0.88,0.0,0.0,10589.55,7115.36,1.0
p[6344],0.71,0.01,0.69,0.73,0.0,0.0,8902.63,6716.88,1.0
p[6345],0.71,0.01,0.69,0.73,0.0,0.0,8902.16,6716.88,1.0
p[6346],0.71,0.01,0.69,0.74,0.0,0.0,8901.65,6702.08,1.0
p[6347],0.71,0.02,0.67,0.74,0.0,0.0,9042.09,7025.49,1.0
p[6348],0.5,0.02,0.46,0.53,0.0,0.0,9213.76,6448.42,1.0
p[6349],0.78,0.02,0.75,0.81,0.0,0.0,9231.36,6819.69,1.0
p[6350],0.64,0.02,0.6,0.68,0.0,0.0,9732.19,6802.47,1.0
p[6351],0.84,0.01,0.82,0.85,0.0,0.0,8619.39,6961.94,1.0
p[6352],0.72,0.01,0.69,0.74,0.0,0.0,8902.6,6673.87,1.0
p[6353],0.85,0.01,0.82,0.88,0.0,0.0,10584.31,7166.09,1.0
p[6354],0.74,0.02,0.7,0.77,0.0,0.0,9845.78,7154.4,1.0
p[6355],0.84,0.01,0.82,0.86,0.0,0.0,8614.72,6898.66,1.0
p[6356],0.64,0.02,0.6,0.67,0.0,0.0,9431.85,6846.43,1.0
p[6357],0.84,0.01,0.82,0.86,0.0,0.0,8611.43,6994.3,1.0
p[6358],0.78,0.02,0.74,0.82,0.0,0.0,10047.54,6784.88,1.0
p[6359],0.71,0.02,0.66,0.75,0.0,0.0,10009.88,6343.58,1.0
p[6360],0.8,0.02,0.77,0.84,0.0,0.0,9910.56,6250.41,1.0
p[6361],0.72,0.01,0.7,0.74,0.0,0.0,8902.42,6544.33,1.0
p[6362],0.82,0.02,0.79,0.85,0.0,0.0,11008.02,6965.13,1.0
p[6363],0.5,0.02,0.47,0.54,0.0,0.0,9212.68,6443.06,1.0
p[6364],0.72,0.01,0.7,0.74,0.0,0.0,8903.89,6572.65,1.0
p[6365],0.72,0.01,0.7,0.74,0.0,0.0,8905.04,6572.65,1.0
p[6366],0.72,0.01,0.7,0.74,0.0,0.0,8905.04,6572.65,1.0
p[6367],0.65,0.02,0.6,0.69,0.0,0.0,9710.6,6929.22,1.0
p[6368],0.72,0.01,0.7,0.74,0.0,0.0,8903.71,6600.2,1.0
p[6369],0.84,0.01,0.82,0.86,0.0,0.0,8607.26,6994.1,1.0
p[6370],0.74,0.02,0.71,0.77,0.0,0.0,9831.58,7085.18,1.0
p[6371],0.64,0.02,0.61,0.68,0.0,0.0,9426.71,6846.61,1.0
p[6372],0.86,0.01,0.83,0.88,0.0,0.0,10579.83,7115.66,1.0
p[6373],0.72,0.01,0.7,0.75,0.0,0.0,8905.98,6599.75,1.0
p[6374],0.72,0.01,0.7,0.75,0.0,0.0,8905.2,6599.35,1.0
p[6375],0.79,0.02,0.76,0.82,0.0,0.0,9204.6,6864.69,1.0
p[6376],0.72,0.02,0.68,0.75,0.0,0.0,9024.31,6761.56,1.0
p[6377],0.65,0.02,0.61,0.69,0.0,0.0,9693.11,7026.87,1.0
p[6378],0.51,0.02,0.47,0.55,0.0,0.0,9207.31,6456.14,1.0
p[6379],0.84,0.01,0.83,0.86,0.0,0.0,8595.13,7025.8,1.0
p[6380],0.65,0.02,0.61,0.68,0.0,0.0,9426.29,6638.79,1.0
p[6381],0.73,0.01,0.7,0.75,0.0,0.0,8906.95,6613.5,1.0
p[6382],0.73,0.01,0.7,0.75,0.0,0.0,8907.87,6613.5,1.0
p[6383],0.73,0.01,0.7,0.75,0.0,0.0,8907.96,6613.47,1.0
p[6384],0.79,0.02,0.75,0.82,0.0,0.0,10021.27,6729.0,1.0
p[6385],0.73,0.01,0.71,0.75,0.0,0.0,8907.07,6584.28,1.0
p[6386],0.73,0.01,0.71,0.75,0.0,0.0,8907.07,6584.28,1.0
p[6387],0.72,0.02,0.68,0.76,0.0,0.0,9944.36,6319.67,1.0
p[6388],0.85,0.01,0.83,0.86,0.0,0.0,8586.31,6980.21,1.0
p[6389],0.83,0.02,0.8,0.86,0.0,0.0,10968.91,6901.21,1.0
p[6390],0.85,0.01,0.83,0.86,0.0,0.0,8585.16,6979.72,1.0
p[6391],0.52,0.02,0.48,0.55,0.0,0.0,9209.04,6401.59,1.0
p[6392],0.73,0.01,0.71,0.75,0.0,0.0,8905.22,6642.52,1.0
p[6393],0.73,0.01,0.71,0.75,0.0,0.0,8905.22,6642.52,1.0
p[6394],0.66,0.02,0.62,0.7,0.0,0.0,9671.03,6964.56,1.0
p[6395],0.86,0.01,0.83,0.89,0.0,0.0,10567.25,7199.18,1.0
p[6396],0.73,0.01,0.71,0.75,0.0,0.0,8902.8,6642.52,1.0
p[6397],0.81,0.02,0.78,0.85,0.0,0.0,9879.91,6351.14,1.0
p[6398],0.66,0.02,0.62,0.69,0.0,0.0,9416.63,6613.39,1.0
p[6399],0.75,0.02,0.72,0.78,0.0,0.0,9793.61,7051.55,1.0
p[6400],0.73,0.01,0.71,0.76,0.0,0.0,8903.98,6638.16,1.0
p[6401],0.73,0.01,0.71,0.76,0.0,0.0,8904.05,6638.17,1.0
p[6402],0.73,0.01,0.71,0.76,0.0,0.0,8903.85,6609.18,1.0
p[6403],0.73,0.02,0.7,0.76,0.0,0.0,8867.52,6581.05,1.0
p[6404],0.8,0.02,0.77,0.82,0.0,0.0,9177.13,6924.42,1.0
p[6405],0.66,0.02,0.62,0.69,0.0,0.0,9409.78,6699.87,1.0
p[6406],0.86,0.01,0.84,0.89,0.0,0.0,10564.41,7183.27,1.0
p[6407],0.52,0.02,0.49,0.56,0.0,0.0,9212.19,6381.61,1.0
p[6408],0.66,0.02,0.62,0.7,0.0,0.0,9654.81,7026.98,1.0
p[6409],0.85,0.01,0.83,0.87,0.0,0.0,8573.56,6790.0,1.0
p[6410],0.85,0.01,0.83,0.87,0.0,0.0,8572.39,6789.78,1.0
p[6411],0.76,0.02,0.72,0.79,0.0,0.0,9781.42,7079.88,1.0
p[6412],0.74,0.01,0.71,0.76,0.0,0.0,8908.82,6579.63,1.0
p[6413],0.82,0.02,0.79,0.85,0.0,0.0,9869.3,6347.98,1.0
p[6414],0.8,0.02,0.76,0.83,0.0,0.0,9988.97,6553.76,1.0
p[6415],0.74,0.01,0.72,0.76,0.0,0.0,8911.94,6593.01,1.0
p[6416],0.74,0.01,0.72,0.76,0.0,0.0,8911.94,6593.01,1.0
p[6417],0.74,0.01,0.72,0.76,0.0,0.0,8911.65,6622.0,1.0
p[6418],0.73,0.02,0.69,0.77,0.0,0.0,9877.77,6284.88,1.0
p[6419],0.85,0.01,0.84,0.87,0.0,0.0,8566.63,6879.87,1.0
p[6420],0.84,0.02,0.8,0.87,0.0,0.0,10927.34,6932.72,1.0
p[6421],0.67,0.02,0.63,0.71,0.0,0.0,9635.64,7043.28,1.0
p[6422],0.53,0.02,0.49,0.57,0.0,0.0,9210.72,6406.41,1.0
p[6423],0.85,0.01,0.84,0.87,0.0,0.0,8563.76,6880.21,1.0
p[6424],0.85,0.01,0.84,0.87,0.0,0.0,8562.54,6880.21,1.0
p[6425],0.74,0.01,0.72,0.76,0.0,0.0,8912.15,6565.78,1.0
p[6426],0.87,0.01,0.84,0.89,0.0,0.0,10551.21,7200.68,1.0
p[6427],0.76,0.02,0.73,0.79,0.0,0.0,9763.79,7152.84,1.0
p[6428],0.67,0.02,0.63,0.7,0.0,0.0,9397.12,6496.76,1.0
p[6429],0.74,0.01,0.72,0.76,0.0,0.0,8974.7,6495.4,1.0
p[6430],0.84,0.02,0.81,0.87,0.0,0.0,10912.14,6933.53,1.0
p[6431],0.74,0.01,0.72,0.77,0.0,0.0,8970.74,6495.4,1.0
p[6432],0.74,0.01,0.72,0.77,0.0,0.0,8970.95,6495.03,1.0
p[6433],0.8,0.01,0.78,0.83,0.0,0.0,9148.18,6694.55,1.0
p[6434],0.74,0.02,0.7,0.77,0.0,0.0,8834.72,6466.07,1.0
p[6435],0.67,0.02,0.63,0.72,0.0,0.0,9611.85,6976.21,1.0
p[6436],0.54,0.02,0.5,0.57,0.0,0.0,9213.98,6517.9,1.0
p[6437],0.74,0.01,0.72,0.77,0.0,0.0,8962.68,6439.87,1.0
p[6438],0.86,0.01,0.84,0.87,0.0,0.0,8555.14,6945.89,1.0
p[6439],0.87,0.01,0.84,0.89,0.0,0.0,10543.17,7236.04,1.0
p[6440],0.67,0.02,0.64,0.71,0.0,0.0,9384.8,6523.25,1.0
p[6441],0.87,0.01,0.84,0.89,0.0,0.0,10541.49,7218.41,1.0
p[6442],0.77,0.02,0.73,0.8,0.0,0.0,9745.38,7123.93,1.0
p[6443],0.82,0.02,0.79,0.86,0.0,0.0,9846.73,6285.75,1.0
p[6444],0.75,0.01,0.72,0.77,0.0,0.0,8948.5,6439.61,1.0
p[6445],0.8,0.02,0.77,0.84,0.0,0.0,9959.78,6498.19,1.0
p[6446],0.75,0.01,0.73,0.77,0.0,0.0,8946.14,6412.28,1.0
p[6447],0.75,0.01,0.73,0.77,0.0,0.0,8944.52,6439.9,1.0
p[6448],0.86,0.01,0.84,0.88,0.0,0.0,8549.33,7043.75,1.0
p[6449],0.75,0.01,0.73,0.77,0.0,0.0,8944.52,6439.9,1.0
p[6450],0.84,0.02,0.81,0.87,0.0,0.0,10884.56,6932.99,1.0
p[6451],0.74,0.02,0.7,0.78,0.0,0.0,9819.71,6514.93,1.0
p[6452],0.86,0.01,0.84,0.88,0.0,0.0,8546.36,7075.56,1.0
p[6453],0.68,0.02,0.64,0.72,0.0,0.0,9581.51,6767.62,1.0
p[6454],0.75,0.01,0.73,0.77,0.0,0.0,8929.2,6467.33,1.0
p[6455],0.75,0.01,0.73,0.77,0.0,0.0,8929.2,6467.33,1.0
p[6456],0.54,0.02,0.51,0.58,0.0,0.0,9221.28,6520.08,1.0
p[6457],0.75,0.01,0.73,0.77,0.0,0.0,8921.07,6454.29,1.0
p[6458],0.68,0.02,0.64,0.71,0.0,0.0,9364.63,6371.47,1.0
p[6459],0.87,0.01,0.85,0.9,0.0,0.0,10527.92,7184.61,1.0
p[6460],0.75,0.01,0.73,0.77,0.0,0.0,8912.88,6440.74,1.0
p[6461],0.77,0.02,0.74,0.8,0.0,0.0,9721.07,7091.54,1.0
p[6462],0.75,0.01,0.73,0.77,0.0,0.0,8911.31,6440.74,1.0
p[6463],0.75,0.02,0.72,0.78,0.0,0.0,8796.51,6473.91,1.0
p[6464],0.86,0.01,0.85,0.88,0.0,0.0,8536.08,7041.86,1.0
p[6465],0.69,0.02,0.65,0.72,0.0,0.0,9545.04,6854.96,1.0
p[6466],0.55,0.02,0.51,0.59,0.0,0.0,9220.09,6427.82,1.0
p[6467],0.86,0.01,0.85,0.88,0.0,0.0,8535.27,7010.16,1.0
p[6468],0.81,0.01,0.79,0.84,0.0,0.0,9115.31,6740.01,1.0
p[6469],0.76,0.01,0.73,0.78,0.0,0.0,8894.68,6412.72,1.0
p[6470],0.77,0.02,0.74,0.8,0.0,0.0,9702.69,7118.99,1.0
p[6471],0.76,0.01,0.74,0.78,0.0,0.0,8889.2,6411.97,1.0
p[6472],0.83,0.02,0.8,0.86,0.0,0.0,9806.11,6191.9,1.0
p[6473],0.69,0.02,0.65,0.72,0.0,0.0,9342.31,6513.74,1.0
p[6474],0.76,0.01,0.74,0.78,0.0,0.0,8878.72,6411.97,1.0
p[6475],0.76,0.01,0.74,0.78,0.0,0.0,8878.72,6411.97,1.0
p[6476],0.76,0.01,0.74,0.78,0.0,0.0,8878.72,6411.97,1.0
p[6477],0.81,0.02,0.78,0.84,0.0,0.0,9946.17,6429.96,1.0
p[6478],0.75,0.02,0.71,0.78,0.0,0.0,9760.06,6481.73,1.0
p[6479],0.88,0.01,0.85,0.9,0.0,0.0,10514.56,7218.63,1.0
p[6480],0.69,0.02,0.65,0.73,0.0,0.0,9510.75,6887.69,1.0
p[6481],0.88,0.01,0.85,0.9,0.0,0.0,10512.86,7218.63,1.0
p[6482],0.87,0.01,0.85,0.88,0.0,0.0,8527.06,7007.97,1.0
p[6483],0.87,0.01,0.85,0.88,0.0,0.0,8526.53,7007.97,1.0
p[6484],0.76,0.01,0.74,0.78,0.0,0.0,8866.57,6397.9,1.0
p[6485],0.87,0.01,0.85,0.88,0.0,0.0,8526.44,7007.97,1.0
p[6486],0.85,0.02,0.82,0.88,0.0,0.0,10814.21,7062.11,1.0
p[6487],0.69,0.02,0.66,0.72,0.0,0.0,9351.52,6430.78,1.0
p[6488],0.88,0.01,0.85,0.9,0.0,0.0,10505.03,7252.32,1.0
p[6489],0.87,0.01,0.85,0.88,0.0,0.0,8525.33,7007.23,1.0
p[6490],0.76,0.01,0.74,0.78,0.0,0.0,8861.16,6425.12,1.0
p[6491],0.76,0.01,0.74,0.78,0.0,0.0,8860.42,6425.12,1.0
p[6492],0.76,0.01,0.74,0.78,0.0,0.0,8858.47,6425.12,1.0
p[6493],0.76,0.02,0.73,0.79,0.0,0.0,8755.91,6609.2,1.0
p[6494],0.87,0.01,0.85,0.88,0.0,0.0,8522.36,6976.11,1.0
p[6495],0.69,0.02,0.66,0.72,0.0,0.0,9341.2,6512.93,1.0
p[6496],0.56,0.02,0.52,0.6,0.0,0.0,9221.65,6498.34,1.0
p[6497],0.82,0.01,0.8,0.85,0.0,0.0,9076.35,6937.17,1.0
p[6498],0.77,0.01,0.74,0.79,0.0,0.0,8835.53,6507.75,1.0
p[6499],0.77,0.01,0.74,0.79,0.0,0.0,8832.11,6507.75,1.0
p[6500],0.84,0.02,0.81,0.87,0.0,0.0,9780.58,6218.08,1.0
p[6501],0.77,0.01,0.75,0.79,0.0,0.0,8829.19,6507.75,1.0
p[6502],0.87,0.01,0.85,0.89,0.0,0.0,8511.84,6926.0,1.0
p[6503],0.79,0.02,0.75,0.81,0.0,0.0,9649.66,6993.18,1.0
p[6504],0.76,0.02,0.72,0.79,0.0,0.0,9693.14,6484.08,1.0
p[6505],0.87,0.01,0.86,0.89,0.0,0.0,8510.04,6926.41,1.0
p[6506],0.77,0.01,0.75,0.79,0.0,0.0,8817.17,6549.74,1.0
p[6507],0.57,0.02,0.53,0.6,0.0,0.0,9227.24,6288.77,1.0
p[6508],0.82,0.01,0.8,0.85,0.0,0.0,9067.49,6981.15,1.0
p[6509],0.88,0.01,0.86,0.91,0.0,0.0,10482.04,7113.13,1.0
p[6510],0.88,0.01,0.86,0.91,0.0,0.0,10481.7,7245.42,1.0
p[6511],0.7,0.02,0.66,0.73,0.0,0.0,9296.21,6627.19,1.0
p[6512],0.77,0.01,0.75,0.79,0.0,0.0,8805.86,6522.1,1.0
p[6513],0.71,0.02,0.67,0.74,0.0,0.0,9434.11,6935.96,1.0
p[6514],0.86,0.01,0.83,0.88,0.0,0.0,10754.37,7063.18,1.0
p[6515],0.77,0.01,0.75,0.79,0.0,0.0,8801.12,6522.1,1.0
p[6516],0.77,0.01,0.75,0.79,0.0,0.0,8800.45,6494.22,1.0
p[6517],0.77,0.01,0.75,0.79,0.0,0.0,8800.45,6494.22,1.0
p[6518],0.87,0.01,0.86,0.89,0.0,0.0,8501.2,6895.53,1.0
p[6519],0.77,0.01,0.75,0.79,0.0,0.0,8796.59,6494.22,1.0
p[6520],0.77,0.01,0.75,0.79,0.0,0.0,8790.55,6522.03,1.0
p[6521],0.89,0.01,0.86,0.91,0.0,0.0,10470.95,7293.72,1.0
p[6522],0.79,0.02,0.76,0.82,0.0,0.0,9627.4,6849.57,1.0
p[6523],0.7,0.02,0.67,0.74,0.0,0.0,9278.51,6685.92,1.0
p[6524],0.77,0.02,0.74,0.8,0.0,0.0,8714.2,6786.72,1.0
p[6525],0.57,0.02,0.54,0.61,0.0,0.0,9222.92,6376.5,1.0
p[6526],0.83,0.02,0.79,0.86,0.0,0.0,9829.78,6413.62,1.0
p[6527],0.87,0.01,0.86,0.89,0.0,0.0,8495.53,6912.17,1.0
p[6528],0.77,0.01,0.75,0.8,0.0,0.0,8775.94,6650.1,1.0
p[6529],0.77,0.01,0.75,0.8,0.0,0.0,8775.94,6650.1,1.0
p[6530],0.83,0.02,0.8,0.86,0.0,0.0,9810.7,6404.27,1.0
p[6531],0.88,0.01,0.86,0.89,0.0,0.0,8493.46,6973.93,1.0
p[6532],0.79,0.02,0.76,0.82,0.0,0.0,9600.38,6850.36,1.0
p[6533],0.77,0.02,0.73,0.8,0.0,0.0,9621.7,6246.2,1.0
p[6534],0.58,0.02,0.54,0.62,0.0,0.0,9224.42,6659.75,1.0
p[6535],0.78,0.01,0.76,0.8,0.0,0.0,8748.42,6678.62,1.0
p[6536],0.89,0.01,0.87,0.91,0.0,0.0,10454.27,7345.55,1.0
p[6537],0.71,0.02,0.68,0.74,0.0,0.0,9245.38,6747.04,1.0
p[6538],0.72,0.02,0.68,0.75,0.0,0.0,9376.27,6892.71,1.0
p[6539],0.78,0.01,0.76,0.8,0.0,0.0,8737.18,6565.45,1.0
p[6540],0.78,0.01,0.76,0.8,0.0,0.0,8737.18,6565.45,1.0
p[6541],0.72,0.02,0.68,0.75,0.0,0.0,9375.45,6892.71,1.0
p[6542],0.78,0.01,0.76,0.8,0.0,0.0,8733.47,6567.93,1.0
p[6543],0.77,0.02,0.74,0.8,0.0,0.0,8679.93,6684.74,1.0
p[6544],0.89,0.01,0.87,0.91,0.0,0.0,10447.21,7363.57,1.0
p[6545],0.8,0.02,0.77,0.83,0.0,0.0,9574.0,6806.13,1.0
p[6546],0.72,0.02,0.68,0.75,0.0,0.0,9363.15,6861.41,1.0
p[6547],0.88,0.01,0.86,0.89,0.0,0.0,8480.85,7005.81,1.0
p[6548],0.71,0.02,0.68,0.75,0.0,0.0,9223.59,6841.14,1.0
p[6549],0.88,0.01,0.86,0.89,0.0,0.0,8480.58,7005.81,1.0
p[6550],0.88,0.01,0.87,0.9,0.0,0.0,8479.94,7005.81,1.0
p[6551],0.88,0.01,0.87,0.9,0.0,0.0,8479.21,6941.33,1.0
p[6552],0.59,0.02,0.55,0.63,0.0,0.0,9224.32,7222.62,1.0
p[6553],0.78,0.01,0.76,0.81,0.0,0.0,8709.55,6702.85,1.0
p[6554],0.78,0.01,0.76,0.8,0.0,0.0,8707.32,6702.85,1.0
p[6555],0.78,0.01,0.76,0.81,0.0,0.0,8705.06,6709.76,1.0
p[6556],0.85,0.01,0.82,0.88,0.0,0.0,9711.5,6373.99,1.0
p[6557],0.8,0.02,0.77,0.83,0.0,0.0,9557.84,6777.28,1.0
p[6558],0.78,0.01,0.76,0.81,0.0,0.0,8694.71,6693.77,1.0
p[6559],0.83,0.02,0.8,0.86,0.0,0.0,9741.8,6386.89,1.0
p[6560],0.78,0.01,0.76,0.81,0.0,0.0,8690.41,6693.77,1.0
p[6561],0.78,0.02,0.74,0.81,0.0,0.0,9550.8,6578.65,1.0
p[6562],0.79,0.01,0.77,0.81,0.0,0.0,8683.2,6678.55,1.0
p[6563],0.79,0.02,0.74,0.82,0.0,0.0,8510.68,6689.14,1.0
p[6564],0.72,0.02,0.68,0.76,0.0,0.0,9334.67,6891.45,1.0
p[6565],0.87,0.01,0.84,0.89,0.0,0.0,10650.76,7125.55,1.0
p[6566],0.79,0.01,0.77,0.81,0.0,0.0,8666.91,6707.43,1.0
p[6567],0.89,0.01,0.87,0.92,0.0,0.0,10429.57,7434.68,1.0
p[6568],0.79,0.01,0.77,0.81,0.0,0.0,8663.04,6737.15,1.0
p[6569],0.72,0.02,0.69,0.75,0.0,0.0,9185.73,6915.79,1.0
p[6570],0.88,0.01,0.87,0.9,0.0,0.0,8470.65,6815.0,1.0
p[6571],0.8,0.02,0.78,0.83,0.0,0.0,9536.44,6812.04,1.0
p[6572],0.79,0.01,0.77,0.81,0.0,0.0,8656.69,6677.22,1.0
p[6573],0.79,0.01,0.77,0.81,0.0,0.0,8654.1,6677.22,1.0
p[6574],0.9,0.01,0.87,0.92,0.0,0.0,10421.37,7398.9,1.0
p[6575],0.88,0.01,0.87,0.9,0.0,0.0,8469.16,6696.29,1.0
p[6576],0.78,0.02,0.75,0.81,0.0,0.0,8651.0,6742.67,1.0
p[6577],0.79,0.01,0.77,0.81,0.0,0.0,8643.82,6706.74,1.0
p[6578],0.79,0.02,0.75,0.83,0.0,0.0,8500.18,6655.19,1.0
p[6579],0.79,0.01,0.77,0.81,0.0,0.0,8642.54,6707.48,1.0
p[6580],0.73,0.02,0.69,0.77,0.0,0.0,9296.18,6561.74,1.0
p[6581],0.79,0.01,0.77,0.81,0.0,0.0,8644.15,6738.26,1.0
p[6582],0.84,0.02,0.81,0.87,0.0,0.0,9675.67,6284.55,1.0
p[6583],0.79,0.01,0.77,0.81,0.0,0.0,8627.9,6768.46,1.0
p[6584],0.86,0.01,0.83,0.89,0.0,0.0,9674.38,6485.05,1.0
p[6585],0.78,0.02,0.75,0.82,0.0,0.0,9476.61,6547.7,1.0
p[6586],0.87,0.01,0.85,0.9,0.0,0.0,10603.29,7193.22,1.0
p[6587],0.79,0.01,0.77,0.81,0.0,0.0,8607.6,6738.98,1.0
p[6588],0.89,0.01,0.87,0.9,0.0,0.0,8462.65,6749.97,1.0
p[6589],0.79,0.02,0.76,0.83,0.0,0.0,8488.28,6655.44,1.0
p[6590],0.79,0.01,0.77,0.82,0.0,0.0,8588.83,6724.41,1.0
p[6591],0.8,0.01,0.77,0.82,0.0,0.0,8585.79,6724.41,1.0
p[6592],0.73,0.02,0.7,0.76,0.0,0.0,9127.27,7011.66,1.0
p[6593],0.73,0.02,0.7,0.76,0.0,0.0,9120.46,6947.58,1.0
p[6594],0.8,0.01,0.78,0.82,0.0,0.0,8573.23,6739.56,1.0
p[6595],0.81,0.01,0.79,0.84,0.0,0.0,9491.72,6975.79,1.0
p[6596],0.79,0.02,0.76,0.82,0.0,0.0,8617.3,6599.47,1.0
p[6597],0.89,0.01,0.87,0.9,0.0,0.0,8453.98,6782.58,1.0
p[6598],0.8,0.01,0.78,0.82,0.0,0.0,8555.47,6783.59,1.0
p[6599],0.89,0.01,0.88,0.9,0.0,0.0,8452.5,6752.07,1.0
p[6600],0.85,0.01,0.82,0.87,0.0,0.0,8387.87,7441.93,1.0
p[6601],0.9,0.01,0.88,0.92,0.0,0.0,10384.91,7414.81,1.0
p[6602],0.74,0.02,0.7,0.77,0.0,0.0,9235.56,6451.25,1.0
p[6603],0.8,0.01,0.78,0.82,0.0,0.0,8542.58,6784.12,1.0
p[6604],0.89,0.01,0.88,0.9,0.0,0.0,8447.6,6781.97,1.0
p[6605],0.86,0.01,0.84,0.89,0.0,0.0,9645.1,6539.58,1.0
p[6606],0.8,0.01,0.78,0.82,0.0,0.0,8536.64,6814.25,1.0
p[6607],0.74,0.02,0.7,0.77,0.0,0.0,9090.12,7000.5,1.0
p[6608],0.85,0.02,0.82,0.88,0.0,0.0,9601.91,6349.26,1.0
p[6609],0.8,0.01,0.78,0.82,0.0,0.0,8529.59,6814.51,1.0
p[6610],0.8,0.01,0.78,0.82,0.0,0.0,8527.54,6814.51,1.0
p[6611],0.85,0.01,0.83,0.88,0.0,0.0,8382.62,7456.04,1.0
p[6612],0.8,0.01,0.78,0.82,0.0,0.0,8517.92,6861.23,1.0
p[6613],0.85,0.01,0.83,0.88,0.0,0.0,8381.38,7419.95,1.0
p[6614],0.8,0.01,0.78,0.82,0.0,0.0,8509.23,6846.35,1.0
p[6615],0.82,0.01,0.79,0.85,0.0,0.0,9453.48,6974.76,1.0
p[6616],0.8,0.01,0.78,0.83,0.0,0.0,8495.29,6877.51,1.0
p[6617],0.74,0.02,0.71,0.77,0.0,0.0,9060.54,7066.87,1.0
p[6618],0.8,0.01,0.78,0.83,0.0,0.0,8489.95,6877.32,1.0
p[6619],0.89,0.01,0.88,0.91,0.0,0.0,8423.84,6815.53,1.0
p[6620],0.8,0.01,0.77,0.83,0.0,0.0,8580.78,6628.47,1.0
p[6621],0.86,0.01,0.83,0.88,0.0,0.0,8375.31,7455.64,1.0
p[6622],0.81,0.01,0.79,0.83,0.0,0.0,8470.18,6940.09,1.0
p[6623],0.81,0.01,0.79,0.83,0.0,0.0,8465.66,6924.8,1.0
p[6624],0.75,0.02,0.71,0.78,0.0,0.0,9179.85,6751.65,1.0
p[6625],0.81,0.01,0.79,0.83,0.0,0.0,8463.34,6940.07,1.0
p[6626],0.87,0.01,0.84,0.9,0.0,0.0,9608.68,6625.93,1.0
p[6627],0.85,0.01,0.83,0.88,0.0,0.0,9521.69,6349.44,1.0
p[6628],0.91,0.01,0.89,0.93,0.0,0.0,10333.71,7487.74,1.0
p[6629],0.81,0.01,0.79,0.83,0.0,0.0,8446.28,6989.13,1.0
p[6630],0.86,0.01,0.83,0.88,0.0,0.0,8367.49,7492.23,1.0
p[6631],0.81,0.01,0.79,0.83,0.0,0.0,8440.94,6973.57,1.0
p[6632],0.86,0.01,0.83,0.88,0.0,0.0,8367.07,7491.86,1.0
p[6633],0.83,0.01,0.8,0.85,0.0,0.0,9412.84,7081.54,1.0
p[6634],0.75,0.02,0.72,0.78,0.0,0.0,8998.64,6842.06,1.0
p[6635],0.81,0.01,0.79,0.83,0.0,0.0,8426.76,7054.21,1.0
p[6636],0.75,0.02,0.72,0.78,0.0,0.0,8988.31,6689.14,1.0
p[6637],0.9,0.01,0.88,0.91,0.0,0.0,8394.74,7036.41,1.0
p[6638],0.76,0.02,0.72,0.79,0.0,0.0,9113.01,6779.7,1.0
p[6639],0.81,0.02,0.78,0.85,0.0,0.0,8440.35,6761.16,1.0
p[6640],0.81,0.01,0.79,0.83,0.0,0.0,8414.65,7070.8,1.0
p[6641],0.81,0.01,0.78,0.84,0.0,0.0,8546.0,6832.74,1.0
p[6642],0.82,0.01,0.8,0.84,0.0,0.0,8403.25,6941.62,1.0
p[6643],0.91,0.01,0.89,0.93,0.0,0.0,10300.18,7432.33,1.0
p[6644],0.88,0.01,0.85,0.9,0.0,0.0,9570.15,6684.7,1.0
p[6645],0.86,0.01,0.83,0.89,0.0,0.0,9453.24,6389.12,1.0
p[6646],0.86,0.01,0.84,0.89,0.0,0.0,8348.85,7382.77,1.0
p[6647],0.81,0.02,0.77,0.84,0.0,0.0,9267.95,6296.74,1.0
p[6648],0.9,0.01,0.89,0.91,0.0,0.0,8380.41,6995.35,1.0
p[6649],0.82,0.01,0.8,0.84,0.0,0.0,8394.91,6925.43,1.0
p[6650],0.64,0.02,0.6,0.68,0.0,0.0,9204.75,7058.86,1.0
p[6651],0.82,0.01,0.8,0.84,0.0,0.0,8391.33,6925.2,1.0
p[6652],0.52,0.03,0.48,0.57,0.0,0.0,9545.68,7050.31,1.0
p[6653],0.67,0.02,0.64,0.7,0.0,0.0,8982.46,7483.49,1.0
p[6654],0.41,0.02,0.37,0.46,0.0,0.0,9662.37,7165.75,1.0
p[6655],0.7,0.03,0.65,0.75,0.0,0.0,9995.46,7124.06,1.0
p[6656],0.41,0.02,0.37,0.46,0.0,0.0,9663.81,7167.0,1.0
p[6657],0.49,0.02,0.45,0.54,0.0,0.0,9725.14,6774.26,1.0
p[6658],0.42,0.03,0.37,0.47,0.0,0.0,10115.17,7387.48,1.0
p[6659],0.5,0.02,0.47,0.54,0.0,0.0,8823.61,7107.46,1.0
p[6660],0.68,0.02,0.64,0.71,0.0,0.0,8970.58,7446.05,1.0
p[6661],0.62,0.03,0.56,0.67,0.0,0.0,9635.04,6681.95,1.0
p[6662],0.29,0.02,0.26,0.33,0.0,0.0,9578.74,7096.98,1.0
p[6663],0.65,0.03,0.6,0.71,0.0,0.0,10790.92,6932.6,1.0
p[6664],0.42,0.02,0.38,0.47,0.0,0.0,9684.24,7161.74,1.0
p[6665],0.51,0.02,0.46,0.55,0.0,0.0,9738.6,6751.73,1.0
p[6666],0.71,0.03,0.66,0.76,0.0,0.0,10016.14,7089.93,1.0
p[6667],0.52,0.02,0.48,0.55,0.0,0.0,8824.74,7074.3,1.0
p[6668],0.69,0.02,0.66,0.72,0.0,0.0,8955.15,7373.63,1.0
p[6669],0.3,0.02,0.27,0.34,0.0,0.0,9610.95,7023.45,1.0
p[6670],0.52,0.02,0.49,0.56,0.0,0.0,8828.94,7041.58,1.0
p[6671],0.52,0.02,0.47,0.56,0.0,0.0,9748.89,6666.67,1.0
p[6672],0.44,0.02,0.39,0.48,0.0,0.0,9707.59,6979.68,1.0
p[6673],0.44,0.03,0.39,0.49,0.0,0.0,10145.79,7358.6,1.0
p[6674],0.31,0.02,0.28,0.35,0.0,0.0,9640.99,6959.46,1.0
p[6675],0.73,0.02,0.68,0.78,0.0,0.0,10055.88,6955.88,1.0
p[6676],0.53,0.02,0.49,0.57,0.0,0.0,9764.28,6660.77,1.0
p[6677],0.32,0.02,0.29,0.36,0.0,0.0,9673.43,7122.76,1.0
p[6678],0.71,0.02,0.69,0.74,0.0,0.0,8907.7,7152.63,1.0
p[6679],0.54,0.02,0.5,0.58,0.0,0.0,9766.54,6612.45,1.0
p[6680],0.72,0.02,0.69,0.75,0.0,0.0,8894.7,6972.64,1.0
p[6681],0.33,0.02,0.3,0.37,0.0,0.0,9697.49,7157.57,1.0
p[6682],0.47,0.02,0.43,0.51,0.0,0.0,9738.68,7006.39,1.0
p[6683],0.56,0.02,0.51,0.6,0.0,0.0,9767.02,6570.32,1.0
p[6684],0.73,0.01,0.7,0.76,0.0,0.0,8882.42,6862.27,1.0
p[6685],0.73,0.01,0.7,0.76,0.0,0.0,8875.62,6740.25,1.0
p[6686],0.35,0.02,0.31,0.38,0.0,0.0,9723.31,7225.69,1.0
p[6687],0.58,0.02,0.55,0.61,0.0,0.0,8844.29,6527.5,1.0
p[6688],0.57,0.02,0.53,0.61,0.0,0.0,9764.02,6356.57,1.0
p[6689],0.35,0.02,0.32,0.39,0.0,0.0,9733.25,7159.62,1.0
p[6690],0.58,0.02,0.55,0.61,0.0,0.0,8847.14,6527.78,1.0
p[6691],0.74,0.01,0.71,0.77,0.0,0.0,8851.23,6740.5,1.0
p[6692],0.74,0.01,0.71,0.77,0.0,0.0,8849.4,6740.08,1.0
p[6693],0.74,0.01,0.71,0.77,0.0,0.0,8846.08,6830.38,1.0
p[6694],0.69,0.03,0.64,0.74,0.0,0.0,9586.17,6652.88,1.0
p[6695],0.74,0.01,0.71,0.77,0.0,0.0,8843.25,6799.58,1.0
p[6696],0.72,0.03,0.67,0.76,0.0,0.0,10816.72,6891.61,1.0
p[6697],0.57,0.03,0.52,0.62,0.0,0.0,10088.4,7186.67,1.0
p[6698],0.74,0.01,0.72,0.77,0.0,0.0,8836.14,6829.91,1.0
p[6699],0.36,0.02,0.32,0.4,0.0,0.0,9744.84,7091.14,1.0
p[6700],0.61,0.02,0.57,0.66,0.0,0.0,9542.49,6594.32,1.0
p[6701],0.74,0.01,0.72,0.77,0.0,0.0,8829.77,6922.48,1.0
p[6702],0.5,0.02,0.46,0.54,0.0,0.0,9754.15,6927.73,1.0
p[6703],0.36,0.02,0.33,0.4,0.0,0.0,9754.49,7091.51,1.0
p[6704],0.51,0.03,0.46,0.56,0.0,0.0,10158.48,7374.84,1.0
p[6705],0.75,0.01,0.72,0.77,0.0,0.0,8820.78,6923.11,1.0
p[6706],0.75,0.01,0.72,0.78,0.0,0.0,8812.67,6955.31,1.0
p[6707],0.59,0.02,0.56,0.62,0.0,0.0,8853.9,6472.08,1.0
p[6708],0.59,0.02,0.56,0.62,0.0,0.0,8853.9,6472.08,1.0
p[6709],0.7,0.02,0.65,0.75,0.0,0.0,9570.89,6507.38,1.0
p[6710],0.67,0.03,0.62,0.72,0.0,0.0,9917.09,6556.3,1.0
p[6711],0.58,0.03,0.53,0.63,0.0,0.0,10093.68,7309.92,1.0
p[6712],0.73,0.02,0.68,0.77,0.0,0.0,10809.99,6954.98,1.0
p[6713],0.75,0.01,0.73,0.78,0.0,0.0,8805.47,6987.69,1.0
p[6714],0.75,0.01,0.73,0.78,0.0,0.0,8803.46,6987.69,1.0
p[6715],0.6,0.02,0.57,0.63,0.0,0.0,8856.94,6445.2,1.0
p[6716],0.77,0.02,0.73,0.81,0.0,0.0,10092.54,6580.92,1.0
p[6717],0.51,0.02,0.47,0.55,0.0,0.0,9759.13,6841.69,1.0
p[6718],0.76,0.01,0.73,0.78,0.0,0.0,8787.26,7086.27,1.0
p[6719],0.59,0.02,0.55,0.63,0.0,0.0,9753.42,6513.24,1.0
p[6720],0.52,0.03,0.47,0.57,0.0,0.0,10154.7,7414.5,1.0
p[6721],0.38,0.02,0.34,0.41,0.0,0.0,9775.15,6864.87,1.0
p[6722],0.76,0.01,0.73,0.78,0.0,0.0,8783.13,7086.29,1.0
p[6723],0.76,0.01,0.73,0.78,0.0,0.0,8782.61,7053.41,1.0
p[6724],0.76,0.01,0.73,0.78,0.0,0.0,8781.12,7152.66,1.0
p[6725],0.61,0.02,0.58,0.64,0.0,0.0,8862.18,6389.87,1.0
p[6726],0.68,0.02,0.63,0.73,0.0,0.0,9903.06,6701.03,1.0
p[6727],0.61,0.02,0.58,0.64,0.0,0.0,8861.54,6363.1,1.0
p[6728],0.76,0.01,0.73,0.78,0.0,0.0,8778.39,7186.21,1.0
p[6729],0.71,0.02,0.67,0.76,0.0,0.0,9555.22,6585.53,1.0
p[6730],0.61,0.02,0.58,0.64,0.0,0.0,8860.96,6363.1,1.0
p[6731],0.61,0.02,0.58,0.64,0.0,0.0,8860.96,6363.1,1.0
p[6732],0.76,0.01,0.74,0.78,0.0,0.0,8776.94,7219.81,1.0
p[6733],0.59,0.03,0.54,0.64,0.0,0.0,10090.54,7276.64,1.0
p[6734],0.38,0.02,0.35,0.42,0.0,0.0,9782.27,6947.86,1.0
p[6735],0.61,0.02,0.58,0.64,0.0,0.0,8863.99,6416.99,1.0
p[6736],0.52,0.02,0.48,0.56,0.0,0.0,9753.51,6760.91,1.0
p[6737],0.64,0.02,0.59,0.68,0.0,0.0,9522.75,6511.36,1.0
p[6738],0.69,0.02,0.65,0.74,0.0,0.0,8779.58,7008.91,1.0
p[6739],0.69,0.02,0.65,0.73,0.0,0.0,9619.0,6511.56,1.0
p[6740],0.61,0.02,0.57,0.64,0.0,0.0,9740.55,6789.49,1.0
p[6741],0.76,0.01,0.74,0.79,0.0,0.0,8755.95,7255.64,1.0
p[6742],0.39,0.02,0.35,0.43,0.0,0.0,9792.62,6959.0,1.0
p[6743],0.53,0.03,0.49,0.58,0.0,0.0,10132.88,7370.54,1.0
p[6744],0.77,0.01,0.74,0.79,0.0,0.0,8746.0,7325.0,1.0
p[6745],0.77,0.01,0.74,0.79,0.0,0.0,8746.0,7325.0,1.0
p[6746],0.62,0.02,0.59,0.65,0.0,0.0,8867.14,6389.43,1.0
p[6747],0.69,0.02,0.64,0.74,0.0,0.0,9881.29,6625.17,1.0
p[6748],0.62,0.02,0.59,0.65,0.0,0.0,8867.6,6416.68,1.0
p[6749],0.72,0.02,0.68,0.76,0.0,0.0,9535.14,6656.37,1.0
p[6750],0.62,0.02,0.59,0.65,0.0,0.0,8867.6,6416.68,1.0
p[6751],0.62,0.02,0.59,0.65,0.0,0.0,8868.02,6416.68,1.0
p[6752],0.75,0.02,0.7,0.79,0.0,0.0,10774.02,6644.34,1.0
p[6753],0.62,0.02,0.59,0.65,0.0,0.0,8867.81,6309.44,1.0
p[6754],0.61,0.03,0.56,0.66,0.0,0.0,10078.24,7213.9,1.0
p[6755],0.39,0.02,0.36,0.43,0.0,0.0,9798.38,7023.03,1.0
p[6756],0.62,0.02,0.59,0.65,0.0,0.0,8869.32,6309.44,1.0
p[6757],0.53,0.02,0.5,0.58,0.0,0.0,9745.92,7018.96,1.0
p[6758],0.79,0.02,0.76,0.83,0.0,0.0,10091.09,6798.58,1.0
p[6759],0.7,0.02,0.66,0.74,0.0,0.0,9580.42,6455.52,1.0
p[6760],0.62,0.02,0.58,0.66,0.0,0.0,9723.14,7018.65,1.0
p[6761],0.4,0.02,0.36,0.44,0.0,0.0,9802.61,6989.95,1.0
p[6762],0.54,0.03,0.5,0.59,0.0,0.0,10109.76,7299.13,1.0
p[6763],0.77,0.01,0.75,0.8,0.0,0.0,8718.17,7119.99,1.0
p[6764],0.78,0.01,0.75,0.8,0.0,0.0,8714.3,7153.02,1.0
p[6765],0.63,0.01,0.6,0.66,0.0,0.0,8869.7,6129.44,1.0
p[6766],0.73,0.02,0.69,0.77,0.0,0.0,9516.48,6783.08,1.0
p[6767],0.7,0.02,0.66,0.75,0.0,0.0,9860.72,6638.38,1.0
p[6768],0.63,0.01,0.6,0.66,0.0,0.0,8870.0,6129.42,1.0
p[6769],0.63,0.01,0.6,0.66,0.0,0.0,8870.0,6129.42,1.0
p[6770],0.63,0.01,0.6,0.66,0.0,0.0,8870.0,6129.42,1.0
p[6771],0.78,0.01,0.75,0.8,0.0,0.0,8705.46,7170.38,1.0
p[6772],0.62,0.03,0.57,0.67,0.0,0.0,10073.42,7139.52,1.0
p[6773],0.78,0.01,0.76,0.8,0.0,0.0,8700.55,7157.6,1.0
p[6774],0.63,0.01,0.61,0.66,0.0,0.0,8872.83,6154.03,1.0
p[6775],0.41,0.02,0.37,0.45,0.0,0.0,9807.79,6893.78,1.0
p[6776],0.71,0.02,0.67,0.75,0.0,0.0,8729.6,6882.35,1.0
p[6777],0.78,0.01,0.76,0.8,0.0,0.0,8697.24,7093.84,1.0
p[6778],0.63,0.01,0.61,0.66,0.0,0.0,8872.72,6178.67,1.0
p[6779],0.66,0.02,0.62,0.7,0.0,0.0,9491.28,6396.99,1.0
p[6780],0.78,0.01,0.76,0.8,0.0,0.0,8693.39,7074.44,1.0
p[6781],0.78,0.01,0.76,0.81,0.0,0.0,8691.46,6975.35,1.0
p[6782],0.71,0.02,0.68,0.75,0.0,0.0,9554.55,6564.78,1.0
p[6783],0.76,0.02,0.72,0.8,0.0,0.0,10738.27,6831.67,1.0
p[6784],0.56,0.02,0.51,0.6,0.0,0.0,10089.57,7164.25,1.0
p[6785],0.41,0.02,0.38,0.45,0.0,0.0,9815.57,6925.08,1.0
p[6786],0.8,0.02,0.77,0.84,0.0,0.0,10092.04,6749.05,1.0
p[6787],0.63,0.02,0.59,0.67,0.0,0.0,9699.79,6737.85,1.0
p[6788],0.78,0.01,0.76,0.81,0.0,0.0,8679.54,6910.94,1.0
p[6789],0.78,0.01,0.76,0.81,0.0,0.0,8679.54,6910.94,1.0
p[6790],0.74,0.02,0.7,0.78,0.0,0.0,9496.05,6728.22,1.0
p[6791],0.64,0.01,0.61,0.67,0.0,0.0,8870.35,6229.82,1.0
p[6792],0.64,0.01,0.61,0.67,0.0,0.0,8870.35,6229.82,1.0
p[6793],0.71,0.02,0.67,0.76,0.0,0.0,9832.83,6408.48,1.0
p[6794],0.64,0.01,0.62,0.67,0.0,0.0,8870.5,6281.59,1.0
p[6795],0.64,0.01,0.62,0.67,0.0,0.0,8870.5,6281.59,1.0
p[6796],0.79,0.01,0.76,0.81,0.0,0.0,8673.43,6788.55,1.0
p[6797],0.79,0.01,0.76,0.81,0.0,0.0,8673.01,6758.18,1.0
p[6798],0.76,0.02,0.73,0.81,0.0,0.0,10721.52,6973.68,1.0
p[6799],0.63,0.03,0.58,0.68,0.0,0.0,10061.17,7218.74,1.0
p[6800],0.64,0.01,0.62,0.67,0.0,0.0,8868.15,6241.03,1.0
p[6801],0.42,0.02,0.38,0.46,0.0,0.0,9813.58,6896.28,1.0
p[6802],0.65,0.01,0.62,0.67,0.0,0.0,8868.31,6205.4,1.0
p[6803],0.81,0.02,0.77,0.84,0.0,0.0,10092.42,6687.96,1.0
p[6804],0.67,0.02,0.63,0.71,0.0,0.0,9464.47,6371.98,1.0
p[6805],0.79,0.01,0.77,0.81,0.0,0.0,8653.27,6585.4,1.0
p[6806],0.79,0.01,0.77,0.81,0.0,0.0,8650.94,6614.79,1.0
p[6807],0.64,0.02,0.6,0.68,0.0,0.0,9671.79,6946.02,1.0
p[6808],0.42,0.02,0.39,0.46,0.0,0.0,9815.81,6990.14,1.0
p[6809],0.57,0.02,0.52,0.62,0.0,0.0,10063.63,7064.92,1.0
p[6810],0.79,0.01,0.77,0.81,0.0,0.0,8644.38,6557.76,1.0
p[6811],0.73,0.02,0.69,0.76,0.0,0.0,9508.97,6425.71,1.0
p[6812],0.57,0.02,0.53,0.61,0.0,0.0,9723.05,6899.8,1.0
p[6813],0.79,0.01,0.77,0.82,0.0,0.0,8642.52,6555.9,1.0
p[6814],0.75,0.02,0.71,0.79,0.0,0.0,9477.39,6708.47,1.0
p[6815],0.65,0.01,0.63,0.68,0.0,0.0,8867.4,6192.88,1.0
p[6816],0.72,0.02,0.68,0.76,0.0,0.0,9805.93,6323.04,1.0
p[6817],0.79,0.01,0.77,0.82,0.0,0.0,8633.61,6569.39,1.0
p[6818],0.65,0.01,0.63,0.68,0.0,0.0,8869.75,6295.28,1.0
p[6819],0.65,0.01,0.63,0.68,0.0,0.0,8869.75,6295.28,1.0
p[6820],0.77,0.02,0.73,0.81,0.0,0.0,10704.39,7006.52,1.0
p[6821],0.64,0.02,0.6,0.69,0.0,0.0,10042.54,7186.42,1.0
p[6822],0.66,0.01,0.63,0.68,0.0,0.0,8869.27,6269.46,1.0
p[6823],0.8,0.01,0.77,0.82,0.0,0.0,8626.68,6554.3,1.0
p[6824],0.66,0.01,0.63,0.68,0.0,0.0,8869.33,6243.88,1.0
p[6825],0.43,0.02,0.4,0.47,0.0,0.0,9813.99,6919.43,1.0
p[6826],0.57,0.02,0.53,0.61,0.0,0.0,9711.39,6837.52,1.0
p[6827],0.68,0.02,0.64,0.72,0.0,0.0,9434.74,6600.53,1.0
p[6828],0.82,0.02,0.78,0.85,0.0,0.0,10097.46,6776.51,1.0
p[6829],0.73,0.02,0.7,0.77,0.0,0.0,9477.54,6263.41,1.0
p[6830],0.65,0.02,0.62,0.69,0.0,0.0,9649.68,6758.96,1.0
p[6831],0.58,0.02,0.54,0.63,0.0,0.0,10033.1,7129.28,1.0
p[6832],0.44,0.02,0.4,0.48,0.0,0.0,9815.44,6939.87,1.0
p[6833],0.76,0.02,0.72,0.8,0.0,0.0,9457.34,6791.87,1.0
p[6834],0.66,0.01,0.64,0.69,0.0,0.0,8861.56,6156.68,1.0
p[6835],0.73,0.02,0.69,0.78,0.0,0.0,9770.02,6485.95,1.0
p[6836],0.8,0.01,0.78,0.82,0.0,0.0,8599.49,6643.24,1.0
p[6837],0.67,0.01,0.64,0.69,0.0,0.0,8861.58,6208.64,1.0
p[6838],0.67,0.01,0.64,0.69,0.0,0.0,8861.58,6208.64,1.0
p[6839],0.8,0.01,0.78,0.82,0.0,0.0,8598.73,6641.91,1.0
p[6840],0.67,0.01,0.64,0.69,0.0,0.0,8862.97,6208.64,1.0
p[6841],0.78,0.02,0.74,0.82,0.0,0.0,10665.3,7105.08,1.0
p[6842],0.65,0.02,0.61,0.7,0.0,0.0,10023.49,7378.23,1.0
p[6843],0.67,0.01,0.64,0.69,0.0,0.0,8864.81,6274.86,1.0
p[6844],0.44,0.02,0.41,0.48,0.0,0.0,9814.99,6905.86,1.0
p[6845],0.8,0.01,0.78,0.82,0.0,0.0,8590.84,6822.69,1.0
p[6846],0.67,0.01,0.64,0.7,0.0,0.0,8864.61,6274.01,1.0
p[6847],0.69,0.02,0.66,0.73,0.0,0.0,9409.94,6735.92,1.0
p[6848],0.82,0.02,0.79,0.86,0.0,0.0,10092.2,6862.03,1.0
p[6849],0.59,0.02,0.55,0.62,0.0,0.0,9691.72,6964.55,1.0
p[6850],0.81,0.01,0.78,0.83,0.0,0.0,8581.51,6914.89,1.0
p[6851],0.74,0.02,0.71,0.78,0.0,0.0,9438.89,6355.48,1.0
p[6852],0.66,0.02,0.63,0.7,0.0,0.0,9625.9,6684.05,1.0
p[6853],0.45,0.02,0.41,0.49,0.0,0.0,9804.15,6854.81,1.0
p[6854],0.59,0.02,0.55,0.64,0.0,0.0,9996.76,7095.64,1.0
p[6855],0.81,0.01,0.79,0.83,0.0,0.0,8571.84,6793.39,1.0
p[6856],0.77,0.02,0.73,0.81,0.0,0.0,9431.17,6855.6,1.0
p[6857],0.68,0.01,0.65,0.7,0.0,0.0,8862.89,6247.07,1.0
p[6858],0.81,0.01,0.79,0.83,0.0,0.0,8567.86,6857.24,1.0
p[6859],0.74,0.02,0.7,0.79,0.0,0.0,9745.89,6347.34,1.0
p[6860],0.68,0.01,0.65,0.7,0.0,0.0,8865.06,6266.31,1.0
p[6861],0.68,0.01,0.65,0.7,0.0,0.0,8865.06,6266.31,1.0
p[6862],0.68,0.01,0.65,0.7,0.0,0.0,8864.77,6266.31,1.0
p[6863],0.79,0.02,0.75,0.83,0.0,0.0,10626.21,7137.91,1.0
p[6864],0.67,0.02,0.62,0.71,0.0,0.0,9982.22,7050.13,1.0
p[6865],0.81,0.01,0.79,0.83,0.0,0.0,8558.39,6857.3,1.0
p[6866],0.68,0.01,0.65,0.7,0.0,0.0,8863.95,6217.57,1.0
p[6867],0.46,0.02,0.42,0.49,0.0,0.0,9803.93,6732.75,1.0
p[6868],0.81,0.01,0.79,0.83,0.0,0.0,8556.4,6889.51,1.0
p[6869],0.68,0.01,0.65,0.71,0.0,0.0,8863.35,6219.88,1.0
p[6870],0.81,0.01,0.79,0.83,0.0,0.0,8553.48,7016.94,1.0
p[6871],0.81,0.01,0.79,0.83,0.0,0.0,8551.13,7016.94,1.0
p[6872],0.6,0.02,0.56,0.64,0.0,0.0,9668.16,7063.01,1.0
p[6873],0.7,0.02,0.67,0.74,0.0,0.0,9363.11,6845.84,1.0
p[6874],0.83,0.02,0.8,0.86,0.0,0.0,10081.38,6814.2,1.0
p[6875],0.75,0.02,0.72,0.79,0.0,0.0,9402.77,6598.19,1.0
p[6876],0.61,0.02,0.56,0.65,0.0,0.0,9956.21,7062.51,1.0
p[6877],0.46,0.02,0.43,0.5,0.0,0.0,9797.38,6807.78,1.0
p[6878],0.78,0.02,0.74,0.81,0.0,0.0,9400.57,6929.49,1.0
p[6879],0.69,0.01,0.66,0.71,0.0,0.0,8858.55,6234.11,1.0
p[6880],0.75,0.02,0.71,0.79,0.0,0.0,9707.79,6378.13,1.0
p[6881],0.69,0.01,0.66,0.71,0.0,0.0,8858.86,6245.93,1.0
p[6882],0.69,0.01,0.66,0.71,0.0,0.0,8858.86,6245.93,1.0
p[6883],0.8,0.02,0.76,0.84,0.0,0.0,10588.57,7105.43,1.0
p[6884],0.68,0.02,0.63,0.72,0.0,0.0,9940.12,7162.87,1.0
p[6885],0.69,0.01,0.66,0.72,0.0,0.0,8858.06,6297.87,1.0
p[6886],0.82,0.01,0.8,0.84,0.0,0.0,8519.26,7044.6,1.0
p[6887],0.47,0.02,0.43,0.51,0.0,0.0,9781.47,6805.43,1.0
p[6888],0.69,0.01,0.67,0.72,0.0,0.0,8855.68,6283.69,1.0
p[6889],0.61,0.02,0.57,0.65,0.0,0.0,9647.83,6833.44,1.0
p[6890],0.71,0.02,0.68,0.75,0.0,0.0,9324.91,6831.22,1.0
p[6891],0.69,0.01,0.67,0.72,0.0,0.0,8856.08,6344.0,1.0
p[6892],0.84,0.02,0.81,0.87,0.0,0.0,10069.36,6693.95,1.0
p[6893],0.82,0.01,0.8,0.84,0.0,0.0,8513.49,7176.55,1.0
p[6894],0.82,0.01,0.8,0.84,0.0,0.0,8508.14,7148.75,1.0
p[6895],0.76,0.02,0.73,0.79,0.0,0.0,9360.13,6689.44,1.0
p[6896],0.69,0.02,0.65,0.72,0.0,0.0,9557.92,6895.09,1.0
p[6897],0.62,0.02,0.57,0.66,0.0,0.0,9914.45,6965.15,1.0
p[6898],0.48,0.02,0.44,0.51,0.0,0.0,9761.24,6914.56,1.0
p[6899],0.82,0.01,0.8,0.84,0.0,0.0,8499.48,7207.74,1.0
p[6900],0.7,0.01,0.67,0.72,0.0,0.0,8847.58,6348.67,1.0
p[6901],0.79,0.02,0.75,0.82,0.0,0.0,9375.71,6836.05,1.0
p[6902],0.7,0.01,0.67,0.72,0.0,0.0,8847.36,6348.67,1.0
p[6903],0.76,0.02,0.72,0.8,0.0,0.0,9667.2,6623.64,1.0
p[6904],0.7,0.01,0.67,0.72,0.0,0.0,8847.74,6349.03,1.0
p[6905],0.83,0.01,0.81,0.85,0.0,0.0,8493.02,7180.19,1.0
p[6906],0.69,0.02,0.64,0.73,0.0,0.0,9895.74,7056.23,1.0
p[6907],0.81,0.02,0.77,0.84,0.0,0.0,10543.14,7224.7,1.0
p[6908],0.7,0.01,0.68,0.73,0.0,0.0,8845.94,6154.52,1.0
p[6909],0.7,0.01,0.68,0.73,0.0,0.0,8845.94,6154.52,1.0
p[6910],0.83,0.01,0.81,0.85,0.0,0.0,8489.66,7145.28,1.0
p[6911],0.48,0.02,0.45,0.52,0.0,0.0,9735.33,6914.95,1.0
p[6912],0.83,0.01,0.81,0.85,0.0,0.0,8488.69,7145.28,1.0
p[6913],0.84,0.02,0.81,0.87,0.0,0.0,10061.27,6666.72,1.0
p[6914],0.72,0.02,0.69,0.76,0.0,0.0,9283.7,6861.86,1.0
p[6915],0.62,0.02,0.58,0.66,0.0,0.0,9598.38,6876.44,1.0
p[6916],0.77,0.02,0.74,0.8,0.0,0.0,9314.01,6780.05,1.0
p[6917],0.83,0.01,0.81,0.85,0.0,0.0,8482.19,7082.72,1.0
p[6918],0.7,0.02,0.66,0.73,0.0,0.0,9522.45,6988.0,1.0
p[6919],0.63,0.02,0.59,0.68,0.0,0.0,9864.16,6869.6,1.0
p[6920],0.49,0.02,0.45,0.53,0.0,0.0,9717.23,6897.55,1.0
p[6921],0.77,0.02,0.74,0.81,0.0,0.0,9304.84,6794.36,1.0
p[6922],0.71,0.01,0.68,0.73,0.0,0.0,8842.16,6178.64,1.0
p[6923],0.77,0.02,0.73,0.81,0.0,0.0,9634.1,6799.33,1.0
p[6924],0.8,0.02,0.76,0.83,0.0,0.0,9338.52,6789.01,1.0
p[6925],0.71,0.01,0.68,0.73,0.0,0.0,8840.05,6103.85,1.0
p[6926],0.83,0.01,0.81,0.85,0.0,0.0,8464.02,7090.38,1.0
p[6927],0.82,0.02,0.78,0.85,0.0,0.0,10501.99,7203.02,1.0
p[6928],0.83,0.01,0.81,0.85,0.0,0.0,8464.31,7090.38,1.0
p[6929],0.71,0.01,0.69,0.74,0.0,0.0,8837.49,6103.02,1.0
p[6930],0.49,0.02,0.46,0.53,0.0,0.0,9692.52,6704.18,1.0
p[6931],0.71,0.01,0.69,0.74,0.0,0.0,8836.04,6063.29,1.0
p[6932],0.71,0.01,0.69,0.74,0.0,0.0,8836.04,6063.29,1.0
p[6933],0.63,0.02,0.6,0.67,0.0,0.0,9539.81,6810.13,1.0
p[6934],0.73,0.02,0.7,0.77,0.0,0.0,9241.47,6830.96,1.0
p[6935],0.85,0.02,0.82,0.88,0.0,0.0,10042.51,6428.39,1.0
p[6936],0.84,0.01,0.82,0.86,0.0,0.0,8456.66,7059.55,1.0
p[6937],0.84,0.01,0.82,0.86,0.0,0.0,8453.89,7227.11,1.0
p[6938],0.71,0.02,0.67,0.74,0.0,0.0,9486.49,7145.9,1.0
p[6939],0.64,0.02,0.6,0.69,0.0,0.0,9822.88,6839.42,1.0
p[6940],0.5,0.02,0.46,0.54,0.0,0.0,9669.37,6625.81,1.0
p[6941],0.84,0.01,0.82,0.86,0.0,0.0,8450.77,7191.55,1.0
p[6942],0.72,0.01,0.69,0.74,0.0,0.0,8834.77,6213.32,1.0
p[6943],0.8,0.02,0.77,0.84,0.0,0.0,9315.85,6734.0,1.0
p[6944],0.72,0.01,0.69,0.74,0.0,0.0,8834.67,6212.87,1.0
p[6945],0.78,0.02,0.74,0.82,0.0,0.0,9600.69,6592.3,1.0
p[6946],0.72,0.01,0.69,0.74,0.0,0.0,8833.19,6162.81,1.0
p[6947],0.84,0.01,0.82,0.86,0.0,0.0,8444.54,7089.74,1.0
p[6948],0.71,0.02,0.66,0.75,0.0,0.0,9789.36,7318.85,1.0
p[6949],0.82,0.02,0.79,0.86,0.0,0.0,10452.16,7382.12,1.0
p[6950],0.84,0.01,0.82,0.86,0.0,0.0,8443.75,7088.61,1.0
p[6951],0.51,0.02,0.47,0.55,0.0,0.0,9645.06,6420.61,1.0
p[6952],0.72,0.01,0.7,0.75,0.0,0.0,8829.82,6138.81,1.0
p[6953],0.74,0.02,0.71,0.78,0.0,0.0,9207.46,6858.59,1.0
p[6954],0.65,0.02,0.61,0.68,0.0,0.0,9479.06,6370.9,1.0
p[6955],0.86,0.02,0.83,0.89,0.0,0.0,10035.54,6486.28,1.0
p[6956],0.84,0.01,0.82,0.86,0.0,0.0,8435.96,6928.83,1.0
p[6957],0.72,0.02,0.68,0.75,0.0,0.0,9444.3,7073.34,1.0
p[6958],0.65,0.02,0.61,0.7,0.0,0.0,9782.59,6965.55,1.0
p[6959],0.51,0.02,0.48,0.56,0.0,0.0,9623.14,6424.62,1.0
p[6960],0.81,0.02,0.78,0.84,0.0,0.0,9292.03,6661.93,1.0
p[6961],0.73,0.01,0.7,0.75,0.0,0.0,8828.94,6115.44,1.0
p[6962],0.79,0.02,0.75,0.83,0.0,0.0,9561.72,6657.78,1.0
p[6963],0.73,0.01,0.7,0.75,0.0,0.0,8828.5,6116.6,1.0
p[6964],0.83,0.02,0.8,0.86,0.0,0.0,10408.42,7362.98,1.0
p[6965],0.72,0.02,0.68,0.76,0.0,0.0,9726.2,7368.72,1.0
p[6966],0.52,0.02,0.48,0.56,0.0,0.0,9600.13,6504.79,1.0
p[6967],0.73,0.01,0.71,0.76,0.0,0.0,8828.9,6135.61,1.0
p[6968],0.85,0.01,0.83,0.87,0.0,0.0,8415.57,7195.47,1.0
p[6969],0.73,0.01,0.71,0.76,0.0,0.0,8830.97,6013.82,1.0
p[6970],0.66,0.02,0.62,0.69,0.0,0.0,9426.62,6011.55,1.0
p[6971],0.75,0.02,0.72,0.79,0.0,0.0,9148.48,6860.65,1.0
p[6972],0.85,0.01,0.83,0.87,0.0,0.0,8411.0,7162.61,1.0
p[6973],0.86,0.01,0.84,0.89,0.0,0.0,10018.9,6611.08,1.0
p[6974],0.73,0.02,0.69,0.76,0.0,0.0,9403.01,7116.15,1.0
p[6975],0.67,0.02,0.62,0.71,0.0,0.0,9741.99,7029.61,1.0
p[6976],0.53,0.02,0.49,0.57,0.0,0.0,9576.18,6649.67,1.0
p[6977],0.82,0.02,0.79,0.85,0.0,0.0,9260.58,6549.56,1.0
p[6978],0.74,0.01,0.71,0.76,0.0,0.0,8824.98,6087.25,1.0
p[6979],0.85,0.01,0.83,0.87,0.0,0.0,8402.44,7262.47,1.0
p[6980],0.74,0.01,0.71,0.76,0.0,0.0,8824.98,6087.25,1.0
p[6981],0.8,0.02,0.76,0.83,0.0,0.0,9529.3,7019.8,1.0
p[6982],0.85,0.01,0.84,0.87,0.0,0.0,8400.03,7232.38,1.0
p[6983],0.74,0.01,0.71,0.76,0.0,0.0,8826.93,6087.44,1.0
p[6984],0.84,0.02,0.8,0.87,0.0,0.0,10352.0,7195.05,1.0
p[6985],0.85,0.01,0.84,0.87,0.0,0.0,8397.83,7163.49,1.0
p[6986],0.73,0.02,0.69,0.77,0.0,0.0,9673.96,7276.7,1.0
p[6987],0.53,0.02,0.49,0.57,0.0,0.0,9551.48,6480.19,1.0
p[6988],0.74,0.01,0.72,0.76,0.0,0.0,8827.93,6111.83,1.0
p[6989],0.85,0.01,0.84,0.87,0.0,0.0,8396.03,7198.6,1.0
p[6990],0.76,0.02,0.73,0.8,0.0,0.0,9109.06,6827.51,1.0
p[6991],0.67,0.02,0.63,0.71,0.0,0.0,9368.28,6120.33,1.0
p[6992],0.74,0.02,0.71,0.77,0.0,0.0,9345.68,7021.3,1.0
p[6993],0.54,0.02,0.5,0.58,0.0,0.0,9527.29,6622.05,1.0
p[6994],0.68,0.02,0.63,0.72,0.0,0.0,9696.69,7095.64,1.0
p[6995],0.75,0.01,0.72,0.77,0.0,0.0,8822.62,6114.85,1.0
p[6996],0.86,0.01,0.84,0.88,0.0,0.0,8388.21,7281.27,1.0
p[6997],0.83,0.02,0.79,0.86,0.0,0.0,9230.13,6617.44,1.0
p[6998],0.75,0.01,0.73,0.77,0.0,0.0,8819.82,6165.6,1.0
p[6999],0.81,0.02,0.77,0.84,0.0,0.0,9493.12,6968.48,1.0
p[7000],0.86,0.01,0.84,0.88,0.0,0.0,8388.32,7374.61,1.0
p[7001],0.86,0.01,0.84,0.88,0.0,0.0,8389.11,7374.19,1.0
p[7002],0.74,0.02,0.7,0.78,0.0,0.0,9616.35,7174.2,1.0
p[7003],0.75,0.01,0.73,0.78,0.0,0.0,8815.27,6165.43,1.0
p[7004],0.55,0.02,0.51,0.58,0.0,0.0,9500.07,6482.1,1.0
p[7005],0.75,0.01,0.73,0.78,0.0,0.0,8813.12,6190.74,1.0
p[7006],0.75,0.01,0.73,0.78,0.0,0.0,8813.35,6293.53,1.0
p[7007],0.68,0.02,0.64,0.72,0.0,0.0,9322.06,6206.94,1.0
p[7008],0.77,0.02,0.74,0.8,0.0,0.0,9067.14,6888.94,1.0
p[7009],0.75,0.02,0.71,0.78,0.0,0.0,9290.4,7198.99,1.0
p[7010],0.76,0.01,0.73,0.78,0.0,0.0,8811.84,6216.28,1.0
p[7011],0.55,0.02,0.51,0.59,0.0,0.0,9473.73,6652.23,1.0
p[7012],0.69,0.02,0.65,0.73,0.0,0.0,9651.94,7028.91,1.0
p[7013],0.83,0.02,0.8,0.86,0.0,0.0,9202.58,6558.15,1.0
p[7014],0.76,0.01,0.73,0.78,0.0,0.0,8810.35,6242.46,1.0
p[7015],0.76,0.01,0.73,0.78,0.0,0.0,8810.35,6242.46,1.0
p[7016],0.81,0.02,0.78,0.85,0.0,0.0,9459.54,7033.27,1.0
p[7017],0.87,0.01,0.85,0.88,0.0,0.0,8370.89,7278.56,1.0
p[7018],0.75,0.02,0.71,0.79,0.0,0.0,9561.94,7140.57,1.0
p[7019],0.87,0.01,0.85,0.88,0.0,0.0,8369.74,7278.56,1.0
p[7020],0.76,0.01,0.74,0.78,0.0,0.0,8810.1,6425.86,1.0
p[7021],0.56,0.02,0.52,0.6,0.0,0.0,9445.15,6527.59,1.0
p[7022],0.69,0.02,0.65,0.73,0.0,0.0,9267.17,6284.82,1.0
p[7023],0.78,0.02,0.75,0.81,0.0,0.0,9010.26,6787.28,1.0
p[7024],0.76,0.02,0.73,0.79,0.0,0.0,9229.9,7165.05,1.0
p[7025],0.87,0.01,0.85,0.89,0.0,0.0,8363.34,7349.61,1.0
p[7026],0.76,0.02,0.72,0.81,0.0,0.0,8618.24,7004.39,1.0
p[7027],0.77,0.01,0.74,0.79,0.0,0.0,8808.43,6480.49,1.0
p[7028],0.7,0.02,0.66,0.74,0.0,0.0,9609.11,6998.14,1.0
p[7029],0.84,0.02,0.81,0.87,0.0,0.0,9173.64,6541.98,1.0
p[7030],0.77,0.01,0.74,0.79,0.0,0.0,8808.42,6532.45,1.0
p[7031],0.77,0.01,0.74,0.79,0.0,0.0,8809.08,6532.45,1.0
p[7032],0.87,0.01,0.85,0.89,0.0,0.0,8358.42,7435.47,1.0
p[7033],0.77,0.01,0.74,0.79,0.0,0.0,8800.89,6560.88,1.0
p[7034],0.76,0.02,0.72,0.8,0.0,0.0,9509.56,7174.13,1.0
p[7035],0.57,0.02,0.53,0.61,0.0,0.0,9401.64,6545.7,1.0
p[7036],0.75,0.01,0.72,0.78,0.0,0.0,9006.06,6927.5,1.0
p[7037],0.62,0.02,0.57,0.66,0.0,0.0,10159.92,7121.47,1.0
p[7038],0.59,0.02,0.55,0.63,0.0,0.0,9256.67,7304.14,1.0
p[7039],0.71,0.02,0.66,0.75,0.0,0.0,9838.18,6567.63,1.0
p[7040],0.76,0.01,0.73,0.78,0.0,0.0,9008.17,6991.54,1.0
p[7041],0.61,0.03,0.55,0.66,0.0,0.0,9118.52,6818.33,1.0
p[7042],0.76,0.01,0.74,0.79,0.0,0.0,9011.15,7088.93,1.0
p[7043],0.6,0.02,0.56,0.64,0.0,0.0,9244.24,7294.29,1.0
p[7044],0.61,0.02,0.57,0.65,0.0,0.0,9241.67,7348.44,1.0
p[7045],0.77,0.01,0.74,0.79,0.0,0.0,9012.36,6905.04,1.0
p[7046],0.61,0.02,0.58,0.65,0.0,0.0,9240.22,7313.64,1.0
p[7047],0.55,0.02,0.51,0.59,0.0,0.0,9519.92,6103.06,1.0
p[7048],0.63,0.02,0.59,0.66,0.0,0.0,9233.16,7550.43,1.0
p[7049],0.41,0.02,0.38,0.45,0.0,0.0,9224.42,7108.66,1.0
p[7050],0.79,0.01,0.76,0.81,0.0,0.0,9012.55,6932.16,1.0
p[7051],0.79,0.01,0.76,0.81,0.0,0.0,9012.76,6990.4,1.0
p[7052],0.64,0.02,0.6,0.67,0.0,0.0,9225.07,7682.77,1.0
p[7053],0.42,0.02,0.38,0.46,0.0,0.0,9237.25,7184.11,1.0
p[7054],0.75,0.02,0.71,0.79,0.0,0.0,9802.19,6538.88,1.0
p[7055],0.65,0.01,0.62,0.68,0.0,0.0,8453.65,6746.15,1.0
p[7056],0.72,0.02,0.68,0.76,0.0,0.0,9919.61,6552.26,1.0
p[7057],0.43,0.02,0.39,0.47,0.0,0.0,9285.86,7149.45,1.0
p[7058],0.79,0.01,0.77,0.82,0.0,0.0,9008.18,7122.57,1.0
p[7059],0.65,0.01,0.63,0.68,0.0,0.0,8460.81,6728.22,1.0
p[7060],0.57,0.02,0.53,0.61,0.0,0.0,9585.31,6173.29,1.0
p[7061],0.68,0.02,0.64,0.72,0.0,0.0,10330.77,7037.12,1.0
p[7062],0.66,0.01,0.63,0.68,0.0,0.0,8462.53,6757.55,1.0
p[7063],0.73,0.02,0.7,0.77,0.0,0.0,8985.13,6441.79,1.0
p[7064],0.65,0.02,0.62,0.68,0.0,0.0,9218.21,7569.84,1.0
p[7065],0.8,0.01,0.78,0.82,0.0,0.0,9005.38,7187.92,1.0
p[7066],0.58,0.02,0.53,0.62,0.0,0.0,10300.87,6343.65,1.0
p[7067],0.8,0.01,0.78,0.82,0.0,0.0,9004.99,7187.92,1.0
p[7068],0.43,0.02,0.4,0.47,0.0,0.0,9298.27,7018.47,1.0
p[7069],0.76,0.02,0.72,0.8,0.0,0.0,9790.92,6511.25,1.0
p[7070],0.8,0.01,0.78,0.82,0.0,0.0,9005.33,7186.92,1.0
p[7071],0.73,0.02,0.69,0.77,0.0,0.0,9911.36,6604.19,1.0
p[7072],0.8,0.01,0.78,0.82,0.0,0.0,9004.09,7290.49,1.0
p[7073],0.65,0.02,0.61,0.7,0.0,0.0,10266.17,7229.42,1.0
p[7074],0.44,0.02,0.4,0.48,0.0,0.0,9306.69,6979.4,1.0
p[7075],0.58,0.02,0.54,0.63,0.0,0.0,10299.62,6339.46,1.0
p[7076],0.66,0.01,0.64,0.69,0.0,0.0,8474.57,6465.94,1.0
p[7077],0.74,0.02,0.7,0.78,0.0,0.0,8965.49,6524.56,1.0
p[7078],0.78,0.02,0.74,0.82,0.0,0.0,11361.85,7098.03,1.0
p[7079],0.69,0.02,0.65,0.73,0.0,0.0,10357.31,6986.43,1.0
p[7080],0.58,0.02,0.55,0.62,0.0,0.0,9617.68,6075.07,1.0
p[7081],0.67,0.01,0.64,0.69,0.0,0.0,8478.96,6522.63,1.0
p[7082],0.67,0.01,0.64,0.69,0.0,0.0,8478.58,6522.63,1.0
p[7083],0.74,0.02,0.71,0.78,0.0,0.0,8961.15,6496.65,1.0
p[7084],0.66,0.02,0.63,0.69,0.0,0.0,9204.99,7647.28,1.0
p[7085],0.82,0.02,0.79,0.85,0.0,0.0,9550.78,6832.36,1.0
p[7086],0.67,0.01,0.64,0.69,0.0,0.0,8480.89,6549.81,1.0
p[7087],0.66,0.02,0.63,0.69,0.0,0.0,9203.03,7609.75,1.0
p[7088],0.45,0.02,0.41,0.48,0.0,0.0,9314.68,6885.63,1.0
p[7089],0.81,0.01,0.79,0.83,0.0,0.0,9005.32,6990.67,1.0
p[7090],0.81,0.01,0.79,0.83,0.0,0.0,9004.98,6990.67,1.0
p[7091],0.59,0.02,0.55,0.64,0.0,0.0,10296.45,6531.25,1.0
p[7092],0.81,0.01,0.79,0.83,0.0,0.0,9005.66,6959.38,1.0
p[7093],0.81,0.01,0.79,0.83,0.0,0.0,9004.75,6959.38,1.0
p[7094],0.69,0.02,0.66,0.73,0.0,0.0,10368.53,7098.03,1.0
p[7095],0.77,0.02,0.73,0.8,0.0,0.0,9779.78,6485.21,1.0
p[7096],0.74,0.02,0.7,0.78,0.0,0.0,9907.31,6660.16,1.0
p[7097],0.67,0.02,0.63,0.7,0.0,0.0,9197.27,7535.08,1.0
p[7098],0.81,0.01,0.79,0.83,0.0,0.0,9004.17,7023.6,1.0
p[7099],0.67,0.01,0.65,0.7,0.0,0.0,8490.09,6388.22,1.0
p[7100],0.67,0.01,0.65,0.7,0.0,0.0,8490.09,6388.22,1.0
p[7101],0.81,0.01,0.79,0.83,0.0,0.0,9004.64,7023.6,1.0
p[7102],0.79,0.02,0.75,0.83,0.0,0.0,11359.18,6999.06,1.0
p[7103],0.75,0.02,0.71,0.78,0.0,0.0,8938.75,6468.45,1.0
p[7104],0.6,0.02,0.55,0.64,0.0,0.0,10292.22,6505.3,1.0
p[7105],0.68,0.01,0.65,0.7,0.0,0.0,8493.01,6578.77,1.0
p[7106],0.66,0.02,0.62,0.71,0.0,0.0,10276.86,7154.49,1.0
p[7107],0.68,0.01,0.65,0.7,0.0,0.0,8492.83,6588.16,1.0
p[7108],0.45,0.02,0.42,0.49,0.0,0.0,9323.97,6853.82,1.0
p[7109],0.83,0.02,0.8,0.86,0.0,0.0,9576.72,6847.58,1.0
p[7110],0.68,0.01,0.65,0.7,0.0,0.0,8492.95,6617.37,1.0
p[7111],0.81,0.01,0.79,0.83,0.0,0.0,9004.26,7126.26,1.0
p[7112],0.68,0.01,0.65,0.7,0.0,0.0,8493.48,6617.37,1.0
p[7113],0.59,0.02,0.56,0.63,0.0,0.0,9645.7,6202.14,1.0
p[7114],0.7,0.02,0.66,0.74,0.0,0.0,10374.91,7111.05,1.0
p[7115],0.81,0.01,0.79,0.83,0.0,0.0,9002.48,7092.73,1.0
p[7116],0.67,0.02,0.64,0.7,0.0,0.0,9189.77,7391.26,1.0
p[7117],0.75,0.02,0.72,0.79,0.0,0.0,8926.28,6441.0,1.0
p[7118],0.75,0.02,0.72,0.79,0.0,0.0,8926.64,6414.05,1.0
p[7119],0.6,0.02,0.56,0.64,0.0,0.0,10293.96,6534.82,1.0
p[7120],0.81,0.01,0.79,0.83,0.0,0.0,9002.83,7101.23,1.0
p[7121],0.46,0.02,0.42,0.5,0.0,0.0,9329.01,6792.18,1.0
p[7122],0.67,0.02,0.64,0.71,0.0,0.0,9182.74,7490.31,1.0
p[7123],0.81,0.01,0.8,0.83,0.0,0.0,9000.46,7032.54,1.0
p[7124],0.71,0.02,0.67,0.74,0.0,0.0,10383.4,7212.0,1.0
p[7125],0.68,0.01,0.66,0.71,0.0,0.0,8503.04,6617.49,1.0
p[7126],0.82,0.01,0.8,0.83,0.0,0.0,8999.98,7032.8,1.0
p[7127],0.76,0.02,0.72,0.79,0.0,0.0,8917.93,6360.7,1.0
p[7128],0.68,0.02,0.64,0.71,0.0,0.0,9177.69,7417.74,1.0
p[7129],0.75,0.02,0.71,0.79,0.0,0.0,9899.73,6544.75,1.0
p[7130],0.8,0.02,0.76,0.83,0.0,0.0,11354.76,6935.88,1.0
p[7131],0.69,0.01,0.66,0.71,0.0,0.0,8505.04,6645.37,1.0
p[7132],0.82,0.01,0.8,0.84,0.0,0.0,9080.29,7032.39,1.0
p[7133],0.78,0.02,0.74,0.81,0.0,0.0,9760.76,6358.26,1.0
p[7134],0.67,0.02,0.63,0.72,0.0,0.0,10280.96,7055.33,1.0
p[7135],0.46,0.02,0.43,0.5,0.0,0.0,9332.04,6539.66,1.0
p[7136],0.61,0.02,0.57,0.65,0.0,0.0,10279.05,6563.99,1.0
p[7137],0.69,0.01,0.66,0.71,0.0,0.0,8508.92,6733.3,1.0
p[7138],0.69,0.01,0.66,0.71,0.0,0.0,8509.66,6587.27,1.0
p[7139],0.76,0.02,0.73,0.79,0.0,0.0,8907.71,6413.87,1.0
p[7140],0.69,0.01,0.66,0.71,0.0,0.0,8510.84,6603.93,1.0
p[7141],0.61,0.02,0.57,0.64,0.0,0.0,9659.05,6299.91,1.0
p[7142],0.71,0.02,0.68,0.75,0.0,0.0,10395.99,7194.85,1.0
p[7143],0.68,0.02,0.65,0.71,0.0,0.0,9165.98,7174.36,1.0
p[7144],0.82,0.01,0.8,0.84,0.0,0.0,9057.14,7058.35,1.0
p[7145],0.84,0.02,0.81,0.87,0.0,0.0,9607.2,6788.98,1.0
p[7146],0.68,0.02,0.65,0.72,0.0,0.0,9161.17,7242.97,1.0
p[7147],0.62,0.02,0.57,0.66,0.0,0.0,10269.22,6536.31,1.0
p[7148],0.47,0.02,0.44,0.51,0.0,0.0,9338.43,6505.16,1.0
p[7149],0.82,0.01,0.8,0.84,0.0,0.0,9049.46,6960.87,1.0
p[7150],0.82,0.01,0.8,0.84,0.0,0.0,9045.68,6960.87,1.0
p[7151],0.69,0.01,0.67,0.72,0.0,0.0,8523.99,6411.25,1.0
p[7152],0.76,0.02,0.73,0.8,0.0,0.0,8892.21,6468.58,1.0
p[7153],0.82,0.01,0.8,0.84,0.0,0.0,9038.56,6960.63,1.0
p[7154],0.72,0.02,0.68,0.75,0.0,0.0,10400.71,7253.45,1.0
p[7155],0.69,0.02,0.66,0.72,0.0,0.0,9152.8,7451.59,1.0
p[7156],0.82,0.01,0.8,0.84,0.0,0.0,9032.55,6959.7,1.0
p[7157],0.76,0.02,0.72,0.8,0.0,0.0,9885.75,6545.18,1.0
p[7158],0.82,0.01,0.81,0.84,0.0,0.0,9027.35,6959.59,1.0
p[7159],0.8,0.02,0.77,0.84,0.0,0.0,11345.05,6903.43,1.0
p[7160],0.7,0.01,0.67,0.72,0.0,0.0,8528.14,6454.23,1.0
p[7161],0.7,0.01,0.67,0.72,0.0,0.0,8528.14,6454.23,1.0
p[7162],0.79,0.02,0.75,0.82,0.0,0.0,9740.9,6281.84,1.0
p[7163],0.68,0.02,0.64,0.73,0.0,0.0,10281.46,7063.87,1.0
p[7164],0.48,0.02,0.44,0.52,0.0,0.0,9340.9,6477.37,1.0
p[7165],0.62,0.02,0.58,0.66,0.0,0.0,10268.13,6398.15,1.0
p[7166],0.7,0.01,0.67,0.72,0.0,0.0,8529.37,6495.87,1.0
p[7167],0.7,0.01,0.68,0.72,0.0,0.0,8533.22,6425.31,1.0
p[7168],0.62,0.02,0.58,0.65,0.0,0.0,9617.12,6093.57,1.0
p[7169],0.72,0.02,0.69,0.76,0.0,0.0,10408.07,7273.25,1.0
p[7170],0.69,0.02,0.66,0.72,0.0,0.0,9143.86,7349.55,1.0
p[7171],0.84,0.02,0.81,0.87,0.0,0.0,9627.26,6835.47,1.0
p[7172],0.69,0.02,0.66,0.72,0.0,0.0,9140.84,7385.61,1.0
p[7173],0.63,0.02,0.59,0.67,0.0,0.0,10260.89,6554.72,1.0
p[7174],0.83,0.01,0.81,0.85,0.0,0.0,8974.73,6895.02,1.0
p[7175],0.7,0.01,0.68,0.73,0.0,0.0,8548.55,6394.2,1.0
p[7176],0.7,0.02,0.67,0.73,0.0,0.0,9134.29,7415.82,1.0
p[7177],0.77,0.02,0.73,0.81,0.0,0.0,9866.01,6461.03,1.0
p[7178],0.83,0.01,0.81,0.85,0.0,0.0,8965.73,6958.69,1.0
p[7179],0.71,0.01,0.68,0.73,0.0,0.0,8552.39,6407.17,1.0
p[7180],0.77,0.02,0.74,0.8,0.0,0.0,9528.62,6750.93,1.0
p[7181],0.73,0.02,0.7,0.76,0.0,0.0,10411.43,7281.83,1.0
p[7182],0.83,0.01,0.81,0.85,0.0,0.0,8958.55,6958.34,1.0
p[7183],0.7,0.02,0.65,0.74,0.0,0.0,10279.37,7256.55,1.0
p[7184],0.77,0.02,0.74,0.8,0.0,0.0,9526.55,6842.07,1.0
p[7185],0.79,0.02,0.76,0.83,0.0,0.0,9718.12,6346.81,1.0
p[7186],0.71,0.01,0.69,0.73,0.0,0.0,8555.92,6457.55,1.0
p[7187],0.49,0.02,0.45,0.53,0.0,0.0,9349.53,6698.71,1.0
p[7188],0.63,0.02,0.59,0.67,0.0,0.0,10244.03,6534.0,1.0
p[7189],0.71,0.01,0.69,0.73,0.0,0.0,8559.27,6634.7,1.0
p[7190],0.81,0.02,0.78,0.85,0.0,0.0,11329.58,6749.23,1.0
p[7191],0.63,0.02,0.6,0.67,0.0,0.0,9544.58,6408.97,1.0
p[7192],0.71,0.01,0.69,0.73,0.0,0.0,8561.68,6635.29,1.0
p[7193],0.7,0.02,0.67,0.73,0.0,0.0,9126.59,7301.75,1.0
p[7194],0.73,0.02,0.7,0.77,0.0,0.0,10411.98,7317.52,1.0
p[7195],0.85,0.01,0.82,0.88,0.0,0.0,9640.52,6707.72,1.0
p[7196],0.7,0.02,0.67,0.73,0.0,0.0,9122.01,7266.52,1.0
p[7197],0.78,0.02,0.75,0.81,0.0,0.0,9492.96,7169.6,1.0
p[7198],0.64,0.02,0.6,0.68,0.0,0.0,10230.72,6372.52,1.0
p[7199],0.84,0.01,0.82,0.85,0.0,0.0,8922.79,6861.75,1.0
p[7200],0.72,0.01,0.69,0.74,0.0,0.0,8576.43,6431.91,1.0
p[7201],0.71,0.02,0.68,0.74,0.0,0.0,9114.05,7174.88,1.0
p[7202],0.78,0.02,0.74,0.81,0.0,0.0,9840.49,6411.99,1.0
p[7203],0.84,0.01,0.82,0.85,0.0,0.0,8914.83,6831.71,1.0
p[7204],0.84,0.01,0.82,0.86,0.0,0.0,8909.51,6957.36,1.0
p[7205],0.72,0.01,0.7,0.74,0.0,0.0,8581.05,6378.65,1.0
p[7206],0.72,0.01,0.7,0.74,0.0,0.0,8581.05,6378.65,1.0
p[7207],0.84,0.01,0.82,0.86,0.0,0.0,8903.19,6956.96,1.0
p[7208],0.71,0.02,0.67,0.75,0.0,0.0,10275.67,7195.64,1.0
p[7209],0.72,0.01,0.7,0.74,0.0,0.0,8583.52,6350.87,1.0
p[7210],0.84,0.01,0.82,0.86,0.0,0.0,8898.63,6923.63,1.0
p[7211],0.72,0.01,0.7,0.74,0.0,0.0,8584.32,6350.87,1.0
p[7212],0.5,0.02,0.47,0.54,0.0,0.0,9356.55,6594.0,1.0
p[7213],0.64,0.02,0.61,0.68,0.0,0.0,9464.13,6378.7,1.0
p[7214],0.74,0.02,0.71,0.78,0.0,0.0,10408.88,7389.24,1.0
p[7215],0.84,0.01,0.82,0.86,0.0,0.0,8883.55,6988.11,1.0
p[7216],0.65,0.02,0.61,0.69,0.0,0.0,10204.76,6320.26,1.0
p[7217],0.72,0.01,0.7,0.74,0.0,0.0,8591.71,6397.34,1.0
p[7218],0.71,0.02,0.68,0.74,0.0,0.0,9101.25,6943.72,1.0
p[7219],0.82,0.02,0.79,0.86,0.0,0.0,11298.83,6901.45,1.0
p[7220],0.74,0.02,0.71,0.77,0.0,0.0,10407.55,7425.59,1.0
p[7221],0.72,0.02,0.69,0.74,0.0,0.0,9098.83,6979.18,1.0
p[7222],0.86,0.01,0.83,0.88,0.0,0.0,9672.05,6620.22,1.0
p[7223],0.84,0.01,0.83,0.86,0.0,0.0,8859.82,6924.93,1.0
p[7224],0.65,0.02,0.61,0.69,0.0,0.0,10193.88,6242.82,1.0
p[7225],0.81,0.02,0.78,0.84,0.0,0.0,9675.74,6211.31,1.0
p[7226],0.73,0.01,0.7,0.75,0.0,0.0,8606.69,6241.61,1.0
p[7227],0.84,0.01,0.83,0.86,0.0,0.0,8853.07,6956.96,1.0
p[7228],0.84,0.01,0.83,0.86,0.0,0.0,8845.87,6956.96,1.0
p[7229],0.73,0.01,0.7,0.75,0.0,0.0,8609.32,6180.39,1.0
p[7230],0.79,0.02,0.75,0.82,0.0,0.0,9817.29,6464.57,1.0
p[7231],0.72,0.02,0.69,0.75,0.0,0.0,9090.68,7010.77,1.0
p[7232],0.73,0.01,0.71,0.75,0.0,0.0,8609.43,6281.52,1.0
p[7233],0.75,0.02,0.72,0.78,0.0,0.0,10405.02,7518.33,1.0
p[7234],0.72,0.02,0.68,0.76,0.0,0.0,10268.3,7317.25,1.0
p[7235],0.73,0.01,0.71,0.75,0.0,0.0,8617.11,6258.87,1.0
p[7236],0.52,0.02,0.48,0.55,0.0,0.0,9365.34,6505.1,1.0
p[7237],0.83,0.02,0.8,0.86,0.0,0.0,11278.22,6870.45,1.0
p[7238],0.66,0.02,0.62,0.7,0.0,0.0,10172.97,6240.86,1.0
p[7239],0.79,0.01,0.77,0.82,0.0,0.0,9393.88,7098.85,1.0
p[7240],0.75,0.02,0.72,0.78,0.0,0.0,10398.47,7518.71,1.0
p[7241],0.72,0.02,0.69,0.75,0.0,0.0,9082.72,7105.59,1.0
p[7242],0.85,0.01,0.83,0.86,0.0,0.0,8819.56,6777.03,1.0
p[7243],0.65,0.02,0.62,0.69,0.0,0.0,9387.82,6406.07,1.0
p[7244],0.85,0.01,0.83,0.86,0.0,0.0,8816.89,6869.24,1.0
p[7245],0.86,0.01,0.84,0.89,0.0,0.0,9674.04,6619.61,1.0
p[7246],0.73,0.01,0.71,0.75,0.0,0.0,8629.0,6260.06,1.0
p[7247],0.73,0.02,0.7,0.75,0.0,0.0,9075.03,7172.54,1.0
p[7248],0.85,0.01,0.83,0.87,0.0,0.0,8800.66,6929.32,1.0
p[7249],0.52,0.02,0.49,0.56,0.0,0.0,9366.65,6421.18,1.0
p[7250],0.66,0.02,0.62,0.7,0.0,0.0,10150.13,6424.86,1.0
p[7251],0.8,0.01,0.77,0.82,0.0,0.0,9371.75,6935.89,1.0
p[7252],0.74,0.01,0.71,0.76,0.0,0.0,8637.46,6160.52,1.0
p[7253],0.82,0.02,0.78,0.85,0.0,0.0,9648.88,6325.18,1.0
p[7254],0.74,0.01,0.71,0.76,0.0,0.0,8638.14,6160.52,1.0
p[7255],0.79,0.02,0.76,0.83,0.0,0.0,9795.03,6438.24,1.0
p[7256],0.73,0.02,0.7,0.76,0.0,0.0,9062.33,7415.73,1.0
p[7257],0.74,0.01,0.72,0.76,0.0,0.0,8639.92,6184.26,1.0
p[7258],0.74,0.01,0.72,0.76,0.0,0.0,8639.92,6184.26,1.0
p[7259],0.85,0.01,0.84,0.87,0.0,0.0,8772.08,6861.06,1.0
p[7260],0.73,0.02,0.69,0.76,0.0,0.0,10257.12,7314.51,1.0
p[7261],0.67,0.02,0.63,0.71,0.0,0.0,10125.65,6452.37,1.0
p[7262],0.53,0.02,0.49,0.56,0.0,0.0,9364.55,6420.99,1.0
p[7263],0.85,0.01,0.84,0.87,0.0,0.0,8757.7,6957.11,1.0
p[7264],0.85,0.01,0.84,0.87,0.0,0.0,8754.61,6862.01,1.0
p[7265],0.84,0.02,0.81,0.87,0.0,0.0,11233.3,6870.26,1.0
p[7266],0.76,0.02,0.73,0.79,0.0,0.0,10382.82,7614.35,1.0
p[7267],0.73,0.02,0.71,0.76,0.0,0.0,9048.27,7638.32,1.0
p[7268],0.76,0.02,0.73,0.79,0.0,0.0,10381.26,7614.35,1.0
p[7269],0.87,0.01,0.84,0.89,0.0,0.0,9675.49,6736.15,1.0
p[7270],0.74,0.02,0.71,0.76,0.0,0.0,9038.6,7599.57,1.0
p[7271],0.67,0.02,0.64,0.71,0.0,0.0,10101.75,6619.31,1.0
p[7272],0.67,0.02,0.64,0.7,0.0,0.0,9289.01,6499.36,1.0
p[7273],0.81,0.01,0.78,0.83,0.0,0.0,9298.4,6706.35,1.0
p[7274],0.75,0.01,0.73,0.77,0.0,0.0,8666.71,6209.62,1.0
p[7275],0.54,0.02,0.5,0.57,0.0,0.0,9361.93,6571.91,1.0
p[7276],0.81,0.02,0.78,0.84,0.0,0.0,8743.13,6581.13,1.0
p[7277],0.75,0.01,0.73,0.77,0.0,0.0,8667.38,6288.36,1.0
p[7278],0.76,0.02,0.74,0.8,0.0,0.0,10367.15,7614.87,1.0
p[7279],0.74,0.02,0.71,0.77,0.0,0.0,9029.43,7562.27,1.0
p[7280],0.8,0.02,0.77,0.84,0.0,0.0,9771.09,6411.59,1.0
p[7281],0.75,0.01,0.73,0.77,0.0,0.0,8671.27,6362.29,1.0
p[7282],0.86,0.01,0.84,0.87,0.0,0.0,8695.92,6776.15,1.0
p[7283],0.86,0.01,0.84,0.87,0.0,0.0,8695.01,6776.15,1.0
p[7284],0.74,0.02,0.7,0.77,0.0,0.0,10241.62,7349.08,1.0
p[7285],0.68,0.02,0.64,0.72,0.0,0.0,10076.59,6530.82,1.0
p[7286],0.75,0.01,0.73,0.77,0.0,0.0,8756.76,6362.0,1.0
p[7287],0.54,0.02,0.51,0.58,0.0,0.0,9359.44,6685.07,1.0
p[7288],0.84,0.02,0.81,0.87,0.0,0.0,11203.47,6839.14,1.0
p[7289],0.83,0.02,0.8,0.86,0.0,0.0,9604.92,6249.76,1.0
p[7290],0.77,0.02,0.74,0.8,0.0,0.0,10354.12,7594.82,1.0
p[7291],0.68,0.02,0.64,0.71,0.0,0.0,9237.41,6413.4,1.0
p[7292],0.81,0.02,0.78,0.84,0.0,0.0,8730.5,6496.48,1.0
p[7293],0.75,0.01,0.73,0.77,0.0,0.0,8754.76,6504.36,1.0
p[7294],0.74,0.01,0.72,0.77,0.0,0.0,9010.35,7524.75,1.0
p[7295],0.86,0.01,0.85,0.88,0.0,0.0,8677.01,6813.69,1.0
p[7296],0.86,0.01,0.85,0.88,0.0,0.0,8677.01,6813.69,1.0
p[7297],0.75,0.01,0.73,0.77,0.0,0.0,8754.96,6617.18,1.0
p[7298],0.81,0.01,0.79,0.84,0.0,0.0,9251.61,6815.62,1.0
p[7299],0.68,0.02,0.64,0.72,0.0,0.0,10047.45,6682.75,1.0
p[7300],0.86,0.01,0.85,0.88,0.0,0.0,8664.94,6692.16,1.0
p[7301],0.75,0.01,0.72,0.77,0.0,0.0,8999.05,7638.59,1.0
p[7302],0.88,0.01,0.85,0.9,0.0,0.0,9613.84,6643.4,1.0
p[7303],0.75,0.01,0.74,0.77,0.0,0.0,8756.45,6587.47,1.0
p[7304],0.77,0.02,0.74,0.8,0.0,0.0,10341.06,7613.18,1.0
p[7305],0.86,0.01,0.85,0.88,0.0,0.0,8658.73,6739.54,1.0
p[7306],0.82,0.01,0.79,0.84,0.0,0.0,8717.52,6443.83,1.0
p[7307],0.76,0.01,0.74,0.78,0.0,0.0,8756.33,6587.47,1.0
p[7308],0.75,0.01,0.72,0.78,0.0,0.0,8994.22,7563.19,1.0
p[7309],0.81,0.02,0.78,0.84,0.0,0.0,9742.86,6410.96,1.0
p[7310],0.76,0.01,0.74,0.78,0.0,0.0,8754.63,6587.47,1.0
p[7311],0.76,0.01,0.74,0.78,0.0,0.0,8754.63,6587.47,1.0
p[7312],0.55,0.02,0.52,0.59,0.0,0.0,9347.56,6814.24,1.0
p[7313],0.86,0.01,0.85,0.88,0.0,0.0,8647.95,6710.44,1.0
p[7314],0.85,0.02,0.82,0.88,0.0,0.0,11169.81,6963.44,1.0
p[7315],0.75,0.02,0.71,0.78,0.0,0.0,10225.76,7252.51,1.0
p[7316],0.86,0.01,0.85,0.88,0.0,0.0,8639.22,6770.83,1.0
p[7317],0.69,0.02,0.65,0.73,0.0,0.0,10019.27,6741.85,1.0
p[7318],0.55,0.02,0.52,0.59,0.0,0.0,9344.4,6789.58,1.0
p[7319],0.76,0.01,0.74,0.78,0.0,0.0,8756.96,6644.34,1.0
p[7320],0.87,0.01,0.85,0.88,0.0,0.0,8633.83,6816.77,1.0
p[7321],0.76,0.01,0.74,0.78,0.0,0.0,8756.71,6644.34,1.0
p[7322],0.78,0.02,0.75,0.81,0.0,0.0,10328.5,7619.89,1.0
p[7323],0.69,0.02,0.65,0.72,0.0,0.0,9169.02,6633.12,1.0
p[7324],0.82,0.01,0.79,0.85,0.0,0.0,8701.75,6527.04,1.0
p[7325],0.75,0.01,0.73,0.78,0.0,0.0,8975.66,7344.18,1.0
p[7326],0.76,0.01,0.74,0.78,0.0,0.0,8753.68,6671.54,1.0
p[7327],0.85,0.02,0.82,0.88,0.0,0.0,11148.62,6932.28,1.0
p[7328],0.88,0.01,0.86,0.9,0.0,0.0,9571.46,6650.39,1.0
p[7329],0.87,0.01,0.85,0.88,0.0,0.0,8609.2,6725.16,1.0
p[7330],0.76,0.01,0.73,0.78,0.0,0.0,8971.97,7308.9,1.0
p[7331],0.7,0.02,0.66,0.73,0.0,0.0,9997.85,6681.51,1.0
p[7332],0.84,0.02,0.81,0.87,0.0,0.0,9565.82,6249.59,1.0
p[7333],0.76,0.01,0.74,0.78,0.0,0.0,8746.57,6584.18,1.0
p[7334],0.82,0.01,0.79,0.85,0.0,0.0,8685.77,6584.19,1.0
p[7335],0.78,0.02,0.75,0.81,0.0,0.0,10312.14,7575.19,1.0
p[7336],0.76,0.01,0.75,0.78,0.0,0.0,8746.33,6584.18,1.0
p[7337],0.82,0.02,0.79,0.85,0.0,0.0,9711.53,6493.6,1.0
p[7338],0.76,0.01,0.73,0.79,0.0,0.0,8962.01,7176.16,1.0
p[7339],0.77,0.01,0.75,0.78,0.0,0.0,8747.73,6586.38,1.0
p[7340],0.85,0.01,0.83,0.88,0.0,0.0,11123.65,6901.55,1.0
p[7341],0.57,0.02,0.53,0.6,0.0,0.0,9337.36,6805.39,1.0
p[7342],0.7,0.02,0.66,0.74,0.0,0.0,9953.99,6680.79,1.0
p[7343],0.77,0.01,0.75,0.79,0.0,0.0,8733.46,6277.27,1.0
p[7344],0.7,0.02,0.67,0.73,0.0,0.0,9069.11,6172.7,1.0
p[7345],0.77,0.01,0.75,0.79,0.0,0.0,8725.68,6336.77,1.0
p[7346],0.88,0.01,0.86,0.91,0.0,0.0,9523.58,6650.74,1.0
p[7347],0.79,0.02,0.76,0.82,0.0,0.0,10295.59,7580.78,1.0
p[7348],0.87,0.01,0.86,0.89,0.0,0.0,8560.05,6668.17,1.0
p[7349],0.76,0.01,0.74,0.79,0.0,0.0,8943.05,7075.43,1.0
p[7350],0.87,0.01,0.86,0.89,0.0,0.0,8552.62,6694.85,1.0
p[7351],0.77,0.01,0.75,0.79,0.0,0.0,8701.21,6444.12,1.0
p[7352],0.83,0.01,0.8,0.85,0.0,0.0,9130.14,6671.82,1.0
p[7353],0.57,0.02,0.54,0.61,0.0,0.0,9331.8,6900.73,1.0
p[7354],0.71,0.02,0.67,0.74,0.0,0.0,9920.73,6833.8,1.0
p[7355],0.77,0.01,0.74,0.79,0.0,0.0,8937.6,7032.76,1.0
p[7356],0.87,0.01,0.86,0.89,0.0,0.0,8538.76,6801.76,1.0
p[7357],0.83,0.01,0.8,0.85,0.0,0.0,9118.57,6747.12,1.0
p[7358],0.79,0.02,0.76,0.82,0.0,0.0,10277.96,7559.76,1.0
p[7359],0.77,0.01,0.75,0.79,0.0,0.0,8666.07,6445.24,1.0
p[7360],0.83,0.01,0.8,0.86,0.0,0.0,8656.68,6611.93,1.0
p[7361],0.77,0.01,0.74,0.79,0.0,0.0,8932.3,7047.32,1.0
p[7362],0.83,0.02,0.8,0.86,0.0,0.0,9673.06,6367.51,1.0
p[7363],0.87,0.01,0.86,0.89,0.0,0.0,8520.72,6848.53,1.0
p[7364],0.87,0.01,0.86,0.89,0.0,0.0,8519.83,6848.53,1.0
p[7365],0.77,0.01,0.75,0.79,0.0,0.0,8656.05,6444.86,1.0
p[7366],0.77,0.01,0.75,0.79,0.0,0.0,8656.05,6444.86,1.0
p[7367],0.77,0.01,0.76,0.79,0.0,0.0,8648.96,6417.7,1.0
p[7368],0.88,0.01,0.86,0.89,0.0,0.0,8510.62,6849.54,1.0
p[7369],0.77,0.02,0.73,0.8,0.0,0.0,10250.06,7250.64,1.0
p[7370],0.86,0.01,0.83,0.89,0.0,0.0,11059.41,6749.08,1.0
p[7371],0.78,0.01,0.76,0.79,0.0,0.0,8624.45,6472.33,1.0
p[7372],0.71,0.02,0.67,0.75,0.0,0.0,9879.28,6894.59,1.0
p[7373],0.88,0.01,0.86,0.89,0.0,0.0,8499.17,6882.1,1.0
p[7374],0.83,0.01,0.81,0.86,0.0,0.0,8646.29,6526.61,1.0
p[7375],0.79,0.01,0.77,0.82,0.0,0.0,10259.96,7482.6,1.0
p[7376],0.71,0.02,0.68,0.74,0.0,0.0,8985.87,6378.82,1.0
p[7377],0.85,0.01,0.82,0.88,0.0,0.0,9523.98,6195.51,1.0
p[7378],0.77,0.01,0.75,0.8,0.0,0.0,8916.45,7141.42,1.0
p[7379],0.89,0.01,0.87,0.91,0.0,0.0,9475.17,6538.74,1.0
p[7380],0.78,0.01,0.76,0.8,0.0,0.0,8576.09,6502.77,1.0
p[7381],0.78,0.01,0.76,0.8,0.0,0.0,8567.55,6474.74,1.0
p[7382],0.88,0.01,0.86,0.89,0.0,0.0,8483.38,6928.96,1.0
p[7383],0.72,0.02,0.68,0.75,0.0,0.0,9850.82,6864.49,1.0
p[7384],0.77,0.01,0.75,0.8,0.0,0.0,8910.83,7107.81,1.0
p[7385],0.59,0.02,0.55,0.62,0.0,0.0,9324.92,6891.93,1.0
p[7386],0.88,0.01,0.87,0.89,0.0,0.0,8478.82,6892.37,1.0
p[7387],0.84,0.01,0.81,0.86,0.0,0.0,8633.18,6583.07,1.0
p[7388],0.83,0.02,0.8,0.86,0.0,0.0,9640.08,6328.7,1.0
p[7389],0.78,0.01,0.76,0.8,0.0,0.0,8542.33,6524.41,1.0
p[7390],0.78,0.01,0.76,0.8,0.0,0.0,8539.77,6524.41,1.0
p[7391],0.78,0.01,0.75,0.8,0.0,0.0,8898.96,7107.33,1.0
p[7392],0.8,0.01,0.77,0.83,0.0,0.0,10231.69,7473.66,1.0
p[7393],0.85,0.01,0.83,0.88,0.0,0.0,9503.07,6298.59,1.0
p[7394],0.78,0.01,0.76,0.8,0.0,0.0,8534.96,6495.7,1.0
p[7395],0.84,0.01,0.81,0.86,0.0,0.0,9037.69,6808.39,1.0
p[7396],0.88,0.01,0.87,0.9,0.0,0.0,8456.88,6741.14,1.0
p[7397],0.87,0.01,0.84,0.89,0.0,0.0,11005.14,6718.19,1.0
p[7398],0.78,0.01,0.77,0.8,0.0,0.0,8513.9,6460.42,1.0
p[7399],0.59,0.02,0.56,0.63,0.0,0.0,9315.45,6970.97,1.0
p[7400],0.79,0.01,0.77,0.8,0.0,0.0,8512.43,6460.42,1.0
p[7401],0.79,0.01,0.77,0.8,0.0,0.0,8502.62,6493.66,1.0
p[7402],0.89,0.01,0.87,0.92,0.0,0.0,9433.74,6371.95,1.0
p[7403],0.72,0.02,0.69,0.75,0.0,0.0,8909.78,6532.73,1.0
p[7404],0.78,0.02,0.74,0.81,0.0,0.0,10120.86,7228.89,1.0
p[7405],0.78,0.01,0.75,0.81,0.0,0.0,8891.9,7140.75,1.0
p[7406],0.88,0.01,0.87,0.9,0.0,0.0,8447.41,6657.88,1.0
p[7407],0.84,0.01,0.82,0.87,0.0,0.0,8616.94,6498.06,1.0
p[7408],0.8,0.01,0.78,0.83,0.0,0.0,10211.94,7587.09,1.0
p[7409],0.79,0.01,0.77,0.81,0.0,0.0,8471.78,6659.36,1.0
p[7410],0.88,0.01,0.87,0.9,0.0,0.0,8443.11,6644.87,1.0
p[7411],0.78,0.01,0.76,0.81,0.0,0.0,8886.26,7106.73,1.0
p[7412],0.73,0.02,0.69,0.76,0.0,0.0,9786.23,6864.17,1.0
p[7413],0.88,0.01,0.87,0.9,0.0,0.0,8437.31,6587.28,1.0
p[7414],0.79,0.01,0.77,0.81,0.0,0.0,8410.71,6512.4,1.0
p[7415],0.81,0.01,0.78,0.83,0.0,0.0,10194.9,7603.57,1.0
p[7416],0.86,0.01,0.83,0.88,0.0,0.0,9469.95,6326.27,1.0
p[7417],0.84,0.01,0.82,0.87,0.0,0.0,8608.74,6495.14,1.0
p[7418],0.84,0.02,0.81,0.87,0.0,0.0,9593.35,6276.55,1.0
p[7419],0.79,0.01,0.76,0.81,0.0,0.0,8874.38,7173.87,1.0
p[7420],0.89,0.01,0.87,0.9,0.0,0.0,8427.64,6720.75,1.0
p[7421],0.79,0.01,0.77,0.81,0.0,0.0,8395.67,6457.75,1.0
p[7422],0.89,0.01,0.87,0.9,0.0,0.0,8421.4,6735.3,1.0
p[7423],0.89,0.01,0.87,0.9,0.0,0.0,8412.93,6735.68,1.0
p[7424],0.79,0.01,0.77,0.81,0.0,0.0,8373.26,6598.34,1.0
p[7425],0.79,0.01,0.77,0.81,0.0,0.0,8373.26,6598.34,1.0
p[7426],0.78,0.02,0.75,0.82,0.0,0.0,10029.83,7264.92,1.0
p[7427],0.6,0.02,0.57,0.64,0.0,0.0,9303.4,6897.33,1.0
p[7428],0.79,0.01,0.77,0.81,0.0,0.0,8360.99,6655.73,1.0
p[7429],0.73,0.02,0.7,0.76,0.0,0.0,8840.71,6371.03,1.0
p[7430],0.81,0.01,0.79,0.84,0.0,0.0,10168.76,7624.75,1.0
p[7431],0.9,0.01,0.88,0.92,0.0,0.0,9373.5,6422.33,1.0
p[7432],0.79,0.01,0.77,0.82,0.0,0.0,8862.77,7073.13,1.0
p[7433],0.61,0.02,0.57,0.65,0.0,0.0,9300.42,6859.89,1.0
p[7434],0.74,0.02,0.7,0.77,0.0,0.0,9724.79,6861.26,1.0
p[7435],0.81,0.01,0.79,0.84,0.0,0.0,10146.79,7351.33,1.0
p[7436],0.8,0.01,0.78,0.82,0.0,0.0,8318.58,6544.6,1.0
p[7437],0.8,0.01,0.78,0.82,0.0,0.0,8316.92,6489.33,1.0
p[7438],0.85,0.01,0.82,0.88,0.0,0.0,9542.52,6302.46,1.0
p[7439],0.8,0.01,0.78,0.82,0.0,0.0,8310.87,6661.55,1.0
p[7440],0.89,0.01,0.88,0.9,0.0,0.0,8365.25,6570.07,1.0
p[7441],0.62,0.02,0.58,0.65,0.0,0.0,9291.49,6942.86,1.0
p[7442],0.87,0.01,0.84,0.89,0.0,0.0,9419.16,6534.16,1.0
p[7443],0.79,0.02,0.76,0.82,0.0,0.0,9969.45,6781.85,1.0
p[7444],0.8,0.01,0.78,0.82,0.0,0.0,8291.91,6574.19,1.0
p[7445],0.8,0.01,0.78,0.82,0.0,0.0,8284.0,6545.63,1.0
p[7446],0.89,0.01,0.88,0.91,0.0,0.0,8352.75,6541.65,1.0
p[7447],0.8,0.01,0.78,0.82,0.0,0.0,8282.96,6600.51,1.0
p[7448],0.74,0.02,0.71,0.77,0.0,0.0,8761.64,6404.0,1.0
p[7449],0.9,0.01,0.88,0.92,0.0,0.0,9341.92,6858.26,1.0
p[7450],0.82,0.01,0.79,0.84,0.0,0.0,10124.12,7470.37,1.0
p[7451],0.89,0.01,0.88,0.91,0.0,0.0,8342.27,6658.64,1.0
p[7452],0.75,0.02,0.71,0.78,0.0,0.0,9640.85,6612.3,1.0
p[7453],0.8,0.01,0.77,0.82,0.0,0.0,8830.4,6910.25,1.0
p[7454],0.62,0.02,0.59,0.66,0.0,0.0,9281.59,6978.19,1.0
p[7455],0.81,0.01,0.79,0.83,0.0,0.0,8237.25,6640.44,1.0
p[7456],0.85,0.01,0.83,0.88,0.0,0.0,9502.29,6329.1,1.0
p[7457],0.81,0.01,0.79,0.83,0.0,0.0,8232.22,6527.61,1.0
p[7458],0.8,0.02,0.77,0.83,0.0,0.0,9883.37,6780.88,1.0
p[7459],0.9,0.01,0.88,0.91,0.0,0.0,8326.69,6714.26,1.0
p[7460],0.9,0.01,0.88,0.91,0.0,0.0,8326.09,6804.41,1.0
p[7461],0.9,0.01,0.88,0.91,0.0,0.0,8325.41,6804.41,1.0
p[7462],0.81,0.01,0.79,0.83,0.0,0.0,8205.98,6522.35,1.0
p[7463],0.63,0.02,0.59,0.66,0.0,0.0,9273.81,6874.68,1.0
p[7464],0.9,0.01,0.88,0.91,0.0,0.0,8323.12,6804.41,1.0
p[7465],0.9,0.01,0.88,0.91,0.0,0.0,8322.7,6804.41,1.0
p[7466],0.81,0.01,0.79,0.83,0.0,0.0,8204.46,6522.65,1.0
p[7467],0.83,0.01,0.8,0.85,0.0,0.0,10075.17,7435.15,1.0
p[7468],0.75,0.02,0.72,0.78,0.0,0.0,8686.89,6125.44,1.0
p[7469],0.9,0.01,0.89,0.91,0.0,0.0,8318.6,6744.09,1.0
p[7470],0.76,0.02,0.72,0.79,0.0,0.0,9541.58,6893.76,1.0
p[7471],0.81,0.01,0.8,0.83,0.0,0.0,8174.25,6393.06,1.0
p[7472],0.81,0.01,0.78,0.83,0.0,0.0,8808.37,6776.76,1.0
p[7473],0.9,0.01,0.89,0.91,0.0,0.0,8312.7,6868.23,1.0
p[7474],0.81,0.01,0.8,0.83,0.0,0.0,8164.39,6572.63,1.0
p[7475],0.86,0.01,0.83,0.89,0.0,0.0,9458.96,6149.47,1.0
p[7476],0.9,0.01,0.89,0.91,0.0,0.0,8305.81,6940.39,1.0
p[7477],0.82,0.01,0.8,0.83,0.0,0.0,8147.89,6713.95,1.0
p[7478],0.9,0.01,0.89,0.91,0.0,0.0,8303.5,7003.66,1.0
p[7479],0.81,0.02,0.78,0.84,0.0,0.0,9798.17,6690.53,1.0
p[7480],0.64,0.02,0.6,0.68,0.0,0.0,9263.24,7079.94,1.0
p[7481],0.82,0.01,0.8,0.83,0.0,0.0,8137.57,6907.19,1.0
p[7482],0.82,0.01,0.8,0.84,0.0,0.0,8129.59,6750.96,1.0
p[7483],0.88,0.01,0.85,0.9,0.0,0.0,9350.58,6475.63,1.0
p[7484],0.83,0.01,0.81,0.86,0.0,0.0,10019.99,7350.64,1.0
p[7485],0.76,0.02,0.73,0.79,0.0,0.0,8660.25,6425.25,1.0
p[7486],0.9,0.01,0.89,0.92,0.0,0.0,8292.71,7051.75,1.0
p[7487],0.81,0.01,0.79,0.84,0.0,0.0,8789.54,6671.9,1.0
p[7488],0.82,0.01,0.8,0.84,0.0,0.0,8105.43,6871.09,1.0
p[7489],0.77,0.02,0.73,0.8,0.0,0.0,9389.52,6987.5,1.0
p[7490],0.65,0.02,0.61,0.68,0.0,0.0,9256.69,7034.68,1.0
p[7491],0.82,0.01,0.8,0.84,0.0,0.0,8100.04,6901.15,1.0
p[7492],0.87,0.01,0.84,0.89,0.0,0.0,9421.58,6052.02,1.0
p[7493],0.88,0.01,0.86,0.9,0.0,0.0,9331.11,6502.93,1.0
p[7494],0.9,0.01,0.89,0.92,0.0,0.0,8283.92,7185.73,1.0
p[7495],0.82,0.02,0.79,0.85,0.0,0.0,9701.45,6576.77,1.0
p[7496],0.65,0.02,0.62,0.69,0.0,0.0,9247.53,6919.68,1.0
p[7497],0.82,0.01,0.81,0.84,0.0,0.0,8072.84,6932.79,1.0
p[7498],0.77,0.02,0.74,0.8,0.0,0.0,8610.69,6511.7,1.0
p[7499],0.84,0.01,0.82,0.86,0.0,0.0,9992.46,7494.73,1.0
p[7500],0.91,0.01,0.89,0.92,0.0,0.0,8272.27,7234.95,1.0
p[7501],0.82,0.01,0.8,0.85,0.0,0.0,8765.2,6854.58,1.0
p[7502],0.77,0.02,0.74,0.81,0.0,0.0,9259.41,6859.84,1.0
p[7503],0.83,0.02,0.79,0.86,0.0,0.0,8450.97,6182.65,1.0
p[7504],0.83,0.01,0.81,0.85,0.0,0.0,8047.57,6716.04,1.0
p[7505],0.89,0.01,0.86,0.91,0.0,0.0,9299.96,6646.04,1.0
p[7506],0.83,0.01,0.81,0.85,0.0,0.0,8034.01,6810.09,1.0
p[7507],0.91,0.01,0.9,0.92,0.0,0.0,8258.8,7548.9,1.0
p[7508],0.83,0.01,0.81,0.85,0.0,0.0,8033.14,6689.45,1.0
p[7509],0.83,0.01,0.81,0.85,0.0,0.0,8025.31,6718.58,1.0
p[7510],0.91,0.01,0.9,0.92,0.0,0.0,8251.23,7511.92,1.0
p[7511],0.66,0.02,0.63,0.7,0.0,0.0,9228.54,6757.6,1.0
p[7512],0.82,0.02,0.79,0.85,0.0,0.0,9601.16,6521.39,1.0
p[7513],0.75,0.01,0.73,0.78,0.0,0.0,8798.85,7152.27,1.0
p[7514],0.62,0.02,0.58,0.67,0.0,0.0,9658.07,7245.57,1.0
p[7515],0.76,0.01,0.73,0.78,0.0,0.0,8797.83,7165.39,1.0
p[7516],0.6,0.02,0.56,0.64,0.0,0.0,9157.78,7280.66,1.0
p[7517],0.71,0.02,0.66,0.75,0.0,0.0,9933.6,6565.74,1.0
p[7518],0.61,0.03,0.55,0.66,0.0,0.0,8873.49,6953.57,1.0
p[7519],0.76,0.01,0.74,0.79,0.0,0.0,8807.37,7231.04,1.0
p[7520],0.61,0.02,0.57,0.65,0.0,0.0,9185.76,7298.5,1.0
p[7521],0.61,0.02,0.58,0.65,0.0,0.0,9200.5,7228.65,1.0
p[7522],0.77,0.01,0.75,0.8,0.0,0.0,8814.71,7335.27,1.0
p[7523],0.62,0.02,0.58,0.66,0.0,0.0,9207.72,7300.03,1.0
p[7524],0.55,0.02,0.51,0.59,0.0,0.0,9114.36,7161.68,1.0
p[7525],0.63,0.02,0.6,0.67,0.0,0.0,9231.21,7248.34,1.0
p[7526],0.79,0.01,0.76,0.81,0.0,0.0,8825.16,7586.48,1.0
p[7527],0.42,0.02,0.38,0.46,0.0,0.0,9190.8,6893.31,1.0
p[7528],0.79,0.01,0.77,0.81,0.0,0.0,8829.19,7259.75,1.0
p[7529],0.64,0.02,0.61,0.68,0.0,0.0,9253.78,7300.42,1.0
p[7530],0.43,0.02,0.39,0.46,0.0,0.0,9217.12,6800.54,1.0
p[7531],0.75,0.02,0.71,0.79,0.0,0.0,10005.32,6182.67,1.0
p[7532],0.65,0.01,0.63,0.68,0.0,0.0,8481.71,6878.15,1.0
p[7533],0.72,0.02,0.68,0.77,0.0,0.0,10121.13,6573.81,1.0
p[7534],0.8,0.01,0.77,0.82,0.0,0.0,8838.42,7155.55,1.0
p[7535],0.43,0.02,0.4,0.47,0.0,0.0,9247.76,6593.88,1.0
p[7536],0.57,0.02,0.54,0.61,0.0,0.0,9189.71,6989.78,1.0
p[7537],0.68,0.02,0.64,0.72,0.0,0.0,9771.49,6779.92,1.0
p[7538],0.8,0.01,0.78,0.82,0.0,0.0,8841.52,6844.45,1.0
p[7539],0.66,0.01,0.63,0.69,0.0,0.0,8506.01,6880.16,1.0
p[7540],0.74,0.02,0.7,0.78,0.0,0.0,9132.16,6421.6,1.0
p[7541],0.66,0.01,0.63,0.69,0.0,0.0,8508.54,6849.09,1.0
p[7542],0.44,0.02,0.4,0.48,0.0,0.0,9263.26,6509.51,1.0
p[7543],0.8,0.01,0.78,0.82,0.0,0.0,8841.74,6875.62,1.0
p[7544],0.66,0.02,0.62,0.69,0.0,0.0,9273.41,7344.91,1.0
p[7545],0.8,0.01,0.78,0.82,0.0,0.0,8842.98,6874.45,1.0
p[7546],0.76,0.02,0.72,0.8,0.0,0.0,10021.93,6159.43,1.0
p[7547],0.59,0.02,0.54,0.63,0.0,0.0,10414.75,7166.95,1.0
p[7548],0.67,0.01,0.64,0.69,0.0,0.0,8514.02,6849.63,1.0
p[7549],0.67,0.01,0.64,0.69,0.0,0.0,8514.02,6849.63,1.0
p[7550],0.8,0.01,0.78,0.82,0.0,0.0,8843.66,6874.11,1.0
p[7551],0.73,0.02,0.69,0.77,0.0,0.0,10146.46,6304.82,1.0
p[7552],0.74,0.02,0.7,0.78,0.0,0.0,9133.3,6460.92,1.0
p[7553],0.65,0.02,0.61,0.7,0.0,0.0,10135.04,6288.56,1.0
p[7554],0.78,0.02,0.74,0.82,0.0,0.0,11292.78,6976.3,1.0
p[7555],0.44,0.02,0.41,0.48,0.0,0.0,9287.47,6372.26,1.0
p[7556],0.59,0.02,0.55,0.63,0.0,0.0,10422.56,7200.9,1.0
p[7557],0.67,0.01,0.64,0.69,0.0,0.0,8532.33,6851.66,1.0
p[7558],0.74,0.02,0.71,0.78,0.0,0.0,9133.49,6816.99,1.0
p[7559],0.67,0.01,0.64,0.7,0.0,0.0,8532.94,6851.66,1.0
p[7560],0.69,0.02,0.66,0.73,0.0,0.0,9788.86,6661.59,1.0
p[7561],0.59,0.02,0.55,0.63,0.0,0.0,9220.19,6803.11,1.0
p[7562],0.82,0.02,0.79,0.86,0.0,0.0,10367.83,6733.45,1.0
p[7563],0.66,0.02,0.63,0.7,0.0,0.0,9289.32,7315.08,1.0
p[7564],0.81,0.01,0.79,0.83,0.0,0.0,8852.79,6981.82,1.0
p[7565],0.67,0.01,0.65,0.7,0.0,0.0,8540.37,6851.43,1.0
p[7566],0.67,0.02,0.63,0.7,0.0,0.0,9292.92,7315.46,1.0
p[7567],0.45,0.02,0.41,0.49,0.0,0.0,9314.58,6372.6,1.0
p[7568],0.6,0.02,0.55,0.64,0.0,0.0,10432.16,7339.48,1.0
p[7569],0.81,0.01,0.79,0.83,0.0,0.0,8857.49,6855.42,1.0
p[7570],0.81,0.01,0.79,0.83,0.0,0.0,8857.49,6855.42,1.0
p[7571],0.81,0.01,0.79,0.83,0.0,0.0,8858.13,6885.95,1.0
p[7572],0.7,0.02,0.66,0.73,0.0,0.0,9790.68,6690.96,1.0
p[7573],0.68,0.01,0.65,0.7,0.0,0.0,8553.63,6789.95,1.0
p[7574],0.81,0.01,0.79,0.83,0.0,0.0,8858.84,6885.95,1.0
p[7575],0.75,0.02,0.72,0.79,0.0,0.0,9126.15,6817.02,1.0
p[7576],0.68,0.01,0.65,0.7,0.0,0.0,8556.25,6789.68,1.0
p[7577],0.74,0.02,0.7,0.78,0.0,0.0,10165.18,6268.26,1.0
p[7578],0.77,0.02,0.73,0.81,0.0,0.0,10031.94,6233.52,1.0
p[7579],0.67,0.02,0.64,0.7,0.0,0.0,9298.37,7227.87,1.0
p[7580],0.81,0.01,0.79,0.83,0.0,0.0,8860.67,6887.14,1.0
p[7581],0.68,0.01,0.65,0.7,0.0,0.0,8559.13,6697.5,1.0
p[7582],0.68,0.01,0.65,0.7,0.0,0.0,8559.13,6697.5,1.0
p[7583],0.67,0.02,0.62,0.71,0.0,0.0,10132.77,6367.9,1.0
p[7584],0.6,0.02,0.56,0.64,0.0,0.0,10442.39,7235.45,1.0
p[7585],0.68,0.01,0.65,0.7,0.0,0.0,8567.8,6729.76,1.0
p[7586],0.46,0.02,0.42,0.5,0.0,0.0,9342.95,6510.79,1.0
p[7587],0.6,0.02,0.56,0.64,0.0,0.0,9232.02,6772.43,1.0
p[7588],0.7,0.02,0.67,0.74,0.0,0.0,9799.26,6872.54,1.0
p[7589],0.79,0.02,0.76,0.83,0.0,0.0,11317.47,6972.77,1.0
p[7590],0.75,0.02,0.72,0.79,0.0,0.0,9125.43,6497.65,1.0
p[7591],0.68,0.02,0.64,0.71,0.0,0.0,9308.82,7193.75,1.0
p[7592],0.81,0.01,0.79,0.83,0.0,0.0,8866.36,6973.41,1.0
p[7593],0.82,0.01,0.8,0.83,0.0,0.0,8865.53,6895.63,1.0
p[7594],0.68,0.01,0.66,0.71,0.0,0.0,8584.27,6669.78,1.0
p[7595],0.68,0.02,0.64,0.71,0.0,0.0,9311.45,7193.15,1.0
p[7596],0.76,0.02,0.72,0.79,0.0,0.0,9123.39,6343.11,1.0
p[7597],0.61,0.02,0.56,0.65,0.0,0.0,10454.89,7255.53,1.0
p[7598],0.46,0.02,0.43,0.5,0.0,0.0,9362.87,6456.78,1.0
p[7599],0.82,0.01,0.8,0.84,0.0,0.0,8867.5,6897.41,1.0
p[7600],0.71,0.02,0.67,0.74,0.0,0.0,9803.47,6518.5,1.0
p[7601],0.76,0.02,0.72,0.79,0.0,0.0,9122.86,6391.75,1.0
p[7602],0.69,0.01,0.66,0.71,0.0,0.0,8602.22,6699.32,1.0
p[7603],0.69,0.01,0.66,0.71,0.0,0.0,8603.61,6699.66,1.0
p[7604],0.75,0.02,0.72,0.79,0.0,0.0,10177.57,6443.12,1.0
p[7605],0.68,0.02,0.65,0.71,0.0,0.0,9319.89,7143.67,1.0
p[7606],0.69,0.01,0.66,0.71,0.0,0.0,8605.46,6729.56,1.0
p[7607],0.82,0.01,0.8,0.84,0.0,0.0,8868.8,6878.64,1.0
p[7608],0.78,0.02,0.74,0.82,0.0,0.0,10037.26,6078.88,1.0
p[7609],0.68,0.02,0.63,0.72,0.0,0.0,10111.57,6505.37,1.0
p[7610],0.8,0.02,0.76,0.84,0.0,0.0,11329.84,7095.22,1.0
p[7611],0.47,0.02,0.43,0.51,0.0,0.0,9382.07,6484.48,1.0
p[7612],0.61,0.02,0.57,0.65,0.0,0.0,10464.76,7084.89,1.0
p[7613],0.69,0.01,0.67,0.71,0.0,0.0,8613.71,6699.88,1.0
p[7614],0.82,0.01,0.8,0.84,0.0,0.0,8872.29,6910.53,1.0
p[7615],0.61,0.02,0.57,0.65,0.0,0.0,9246.83,6895.94,1.0
p[7616],0.76,0.02,0.73,0.8,0.0,0.0,9117.38,6373.63,1.0
p[7617],0.71,0.02,0.68,0.75,0.0,0.0,9810.15,6540.03,1.0
p[7618],0.69,0.01,0.67,0.72,0.0,0.0,8623.35,6527.69,1.0
p[7619],0.84,0.02,0.81,0.87,0.0,0.0,10444.14,6607.39,1.0
p[7620],0.82,0.01,0.8,0.84,0.0,0.0,8874.09,6878.5,1.0
p[7621],0.69,0.02,0.66,0.72,0.0,0.0,9329.18,6995.24,1.0
p[7622],0.82,0.01,0.8,0.84,0.0,0.0,8875.42,6893.46,1.0
p[7623],0.48,0.02,0.44,0.51,0.0,0.0,9406.03,6375.13,1.0
p[7624],0.62,0.02,0.58,0.66,0.0,0.0,10473.85,7052.12,1.0
p[7625],0.82,0.01,0.8,0.84,0.0,0.0,8876.67,6863.82,1.0
p[7626],0.69,0.02,0.66,0.72,0.0,0.0,9336.33,7125.92,1.0
p[7627],0.82,0.01,0.81,0.84,0.0,0.0,8876.98,6864.59,1.0
p[7628],0.83,0.01,0.81,0.84,0.0,0.0,8877.71,6864.59,1.0
p[7629],0.7,0.01,0.67,0.72,0.0,0.0,8644.84,6613.11,1.0
p[7630],0.7,0.01,0.67,0.72,0.0,0.0,8646.18,6613.11,1.0
p[7631],0.76,0.02,0.73,0.8,0.0,0.0,10201.82,6443.77,1.0
p[7632],0.83,0.01,0.81,0.84,0.0,0.0,8877.9,6865.36,1.0
p[7633],0.77,0.02,0.74,0.8,0.0,0.0,9112.39,6542.49,1.0
p[7634],0.7,0.01,0.67,0.72,0.0,0.0,8652.98,6584.21,1.0
p[7635],0.7,0.01,0.67,0.72,0.0,0.0,8652.98,6584.21,1.0
p[7636],0.83,0.01,0.81,0.84,0.0,0.0,8879.48,6865.27,1.0
p[7637],0.69,0.02,0.66,0.72,0.0,0.0,9338.6,7159.77,1.0
p[7638],0.69,0.02,0.65,0.73,0.0,0.0,10085.39,6373.8,1.0
p[7639],0.48,0.02,0.45,0.52,0.0,0.0,9430.78,6374.69,1.0
p[7640],0.81,0.02,0.77,0.84,0.0,0.0,11345.61,7037.05,1.0
p[7641],0.63,0.02,0.58,0.67,0.0,0.0,10481.15,7150.92,1.0
p[7642],0.7,0.01,0.68,0.72,0.0,0.0,8664.96,6612.97,1.0
p[7643],0.62,0.02,0.59,0.66,0.0,0.0,9253.44,6896.29,1.0
p[7644],0.72,0.02,0.69,0.76,0.0,0.0,9814.19,6526.47,1.0
p[7645],0.79,0.02,0.76,0.83,0.0,0.0,10046.23,6119.19,1.0
p[7646],0.85,0.02,0.82,0.87,0.0,0.0,10519.23,6666.73,1.0
p[7647],0.7,0.02,0.67,0.73,0.0,0.0,9342.69,7142.69,1.0
p[7648],0.7,0.01,0.68,0.73,0.0,0.0,8676.92,6642.34,1.0
p[7649],0.7,0.02,0.67,0.73,0.0,0.0,9342.88,7126.41,1.0
p[7650],0.83,0.01,0.81,0.85,0.0,0.0,8886.32,6879.6,1.0
p[7651],0.63,0.02,0.59,0.67,0.0,0.0,10489.89,7236.66,1.0
p[7652],0.77,0.02,0.74,0.8,0.0,0.0,9671.87,6933.18,1.0
p[7653],0.71,0.01,0.69,0.73,0.0,0.0,8692.21,6730.59,1.0
p[7654],0.78,0.02,0.74,0.8,0.0,0.0,9669.93,6809.38,1.0
p[7655],0.73,0.02,0.7,0.77,0.0,0.0,9813.96,6582.78,1.0
p[7656],0.7,0.02,0.67,0.74,0.0,0.0,9347.11,7194.18,1.0
p[7657],0.77,0.02,0.74,0.81,0.0,0.0,10214.28,6379.06,1.0
p[7658],0.71,0.01,0.69,0.73,0.0,0.0,8705.21,6760.35,1.0
p[7659],0.71,0.01,0.69,0.73,0.0,0.0,8712.1,6790.58,1.0
p[7660],0.64,0.02,0.6,0.68,0.0,0.0,10494.13,7202.55,1.0
p[7661],0.7,0.02,0.66,0.74,0.0,0.0,10062.39,6668.47,1.0
p[7662],0.5,0.02,0.46,0.53,0.0,0.0,9475.09,6245.73,1.0
p[7663],0.82,0.02,0.78,0.85,0.0,0.0,11342.58,6877.69,1.0
p[7664],0.84,0.01,0.82,0.85,0.0,0.0,8890.92,6852.1,1.0
p[7665],0.71,0.01,0.69,0.74,0.0,0.0,8721.37,6730.05,1.0
p[7666],0.71,0.01,0.69,0.74,0.0,0.0,8722.18,6700.29,1.0
p[7667],0.84,0.01,0.82,0.85,0.0,0.0,8891.91,6852.1,1.0
p[7668],0.73,0.02,0.7,0.77,0.0,0.0,9813.71,6457.89,1.0
p[7669],0.8,0.02,0.77,0.83,0.0,0.0,10047.42,6007.43,1.0
p[7670],0.71,0.02,0.68,0.74,0.0,0.0,9348.52,7194.94,1.0
p[7671],0.72,0.01,0.69,0.74,0.0,0.0,8730.9,6729.71,1.0
p[7672],0.85,0.01,0.82,0.88,0.0,0.0,10602.34,6898.26,1.0
p[7673],0.64,0.02,0.6,0.67,0.0,0.0,9306.64,6680.59,1.0
p[7674],0.71,0.02,0.68,0.74,0.0,0.0,9351.41,7144.34,1.0
p[7675],0.64,0.02,0.6,0.68,0.0,0.0,10496.7,7235.47,1.0
p[7676],0.5,0.02,0.47,0.54,0.0,0.0,9499.5,6219.01,1.0
p[7677],0.84,0.01,0.82,0.86,0.0,0.0,8895.27,6953.66,1.0
p[7678],0.8,0.02,0.77,0.84,0.0,0.0,10046.8,6053.74,1.0
p[7679],0.72,0.01,0.7,0.74,0.0,0.0,8750.55,6729.19,1.0
p[7680],0.74,0.02,0.71,0.77,0.0,0.0,9808.93,6555.42,1.0
p[7681],0.71,0.02,0.68,0.74,0.0,0.0,9349.13,7144.65,1.0
p[7682],0.78,0.02,0.75,0.82,0.0,0.0,10224.13,6265.22,1.0
p[7683],0.72,0.01,0.7,0.74,0.0,0.0,8755.82,6758.37,1.0
p[7684],0.84,0.01,0.82,0.86,0.0,0.0,8896.03,6951.38,1.0
p[7685],0.72,0.01,0.7,0.74,0.0,0.0,8759.61,6728.56,1.0
p[7686],0.72,0.01,0.7,0.74,0.0,0.0,8759.61,6728.56,1.0
p[7687],0.84,0.01,0.82,0.86,0.0,0.0,8897.32,6941.78,1.0
p[7688],0.84,0.01,0.82,0.86,0.0,0.0,8898.07,6941.78,1.0
p[7689],0.79,0.02,0.76,0.81,0.0,0.0,9661.34,7048.89,1.0
p[7690],0.65,0.02,0.61,0.69,0.0,0.0,10494.03,7339.21,1.0
p[7691],0.71,0.02,0.67,0.75,0.0,0.0,10050.79,6594.99,1.0
p[7692],0.84,0.01,0.82,0.86,0.0,0.0,8899.0,6909.5,1.0
p[7693],0.72,0.01,0.7,0.74,0.0,0.0,8769.96,6758.2,1.0
p[7694],0.72,0.01,0.7,0.74,0.0,0.0,8769.96,6758.2,1.0
p[7695],0.82,0.02,0.79,0.86,0.0,0.0,11347.81,7037.91,1.0
p[7696],0.51,0.02,0.47,0.55,0.0,0.0,9354.63,6219.67,1.0
p[7697],0.74,0.02,0.71,0.77,0.0,0.0,9809.83,6532.48,1.0
p[7698],0.72,0.02,0.69,0.75,0.0,0.0,9352.63,6981.3,1.0
p[7699],0.86,0.01,0.83,0.88,0.0,0.0,10677.55,6989.43,1.0
p[7700],0.72,0.02,0.69,0.75,0.0,0.0,9353.32,7128.47,1.0
p[7701],0.84,0.01,0.83,0.86,0.0,0.0,8899.31,6817.4,1.0
p[7702],0.65,0.02,0.62,0.68,0.0,0.0,9304.57,6622.7,1.0
p[7703],0.66,0.02,0.61,0.69,0.0,0.0,10496.27,7375.68,1.0
p[7704],0.85,0.01,0.83,0.86,0.0,0.0,8900.74,6817.42,1.0
p[7705],0.85,0.01,0.83,0.86,0.0,0.0,8901.03,6848.12,1.0
p[7706],0.75,0.02,0.72,0.78,0.0,0.0,9809.93,6490.53,1.0
p[7707],0.72,0.02,0.69,0.75,0.0,0.0,9357.56,7230.58,1.0
p[7708],0.85,0.01,0.83,0.86,0.0,0.0,8901.46,6847.9,1.0
p[7709],0.79,0.02,0.76,0.82,0.0,0.0,10224.17,6375.0,1.0
p[7710],0.73,0.01,0.71,0.75,0.0,0.0,8817.48,6669.18,1.0
p[7711],0.73,0.01,0.71,0.75,0.0,0.0,8818.16,6669.18,1.0
p[7712],0.72,0.02,0.68,0.76,0.0,0.0,10033.41,6636.94,1.0
p[7713],0.52,0.02,0.49,0.56,0.0,0.0,9373.71,6237.66,1.0
p[7714],0.66,0.02,0.62,0.7,0.0,0.0,10496.33,7374.78,1.0
p[7715],0.73,0.01,0.71,0.75,0.0,0.0,8829.11,6668.77,1.0
p[7716],0.8,0.01,0.77,0.82,0.0,0.0,9649.03,7458.18,1.0
p[7717],0.75,0.02,0.72,0.78,0.0,0.0,9807.62,6408.56,1.0
p[7718],0.73,0.01,0.71,0.75,0.0,0.0,8838.24,6668.84,1.0
p[7719],0.66,0.02,0.62,0.69,0.0,0.0,9300.28,6593.41,1.0
p[7720],0.83,0.02,0.8,0.86,0.0,0.0,11345.3,7137.2,1.0
p[7721],0.73,0.02,0.7,0.76,0.0,0.0,9360.81,7160.78,1.0
p[7722],0.85,0.01,0.83,0.87,0.0,0.0,8901.37,6847.04,1.0
p[7723],0.74,0.01,0.71,0.76,0.0,0.0,8846.43,6639.41,1.0
p[7724],0.74,0.01,0.71,0.76,0.0,0.0,8849.12,6668.07,1.0
p[7725],0.82,0.02,0.79,0.85,0.0,0.0,10042.76,6228.82,1.0
p[7726],0.73,0.02,0.7,0.76,0.0,0.0,9363.34,7227.71,1.0
p[7727],0.67,0.02,0.62,0.7,0.0,0.0,10495.74,7410.89,1.0
p[7728],0.87,0.01,0.84,0.89,0.0,0.0,10763.47,6992.45,1.0
p[7729],0.53,0.02,0.49,0.56,0.0,0.0,9383.07,6249.8,1.0
p[7730],0.85,0.01,0.84,0.87,0.0,0.0,8903.86,6849.53,1.0
p[7731],0.85,0.01,0.84,0.87,0.0,0.0,8904.01,6881.2,1.0
p[7732],0.74,0.01,0.72,0.76,0.0,0.0,8868.99,6757.03,1.0
p[7733],0.74,0.01,0.72,0.76,0.0,0.0,8870.88,6757.03,1.0
p[7734],0.73,0.02,0.71,0.76,0.0,0.0,9361.82,7227.19,1.0
p[7735],0.82,0.02,0.79,0.85,0.0,0.0,10043.43,6178.92,1.0
p[7736],0.8,0.01,0.77,0.83,0.0,0.0,9637.81,7496.63,1.0
p[7737],0.76,0.02,0.73,0.79,0.0,0.0,9801.56,6328.56,1.0
p[7738],0.85,0.01,0.84,0.87,0.0,0.0,8904.81,6980.77,1.0
p[7739],0.8,0.02,0.77,0.83,0.0,0.0,10236.56,6346.89,1.0
p[7740],0.84,0.02,0.81,0.87,0.0,0.0,11340.5,7125.35,1.0
p[7741],0.74,0.01,0.72,0.76,0.0,0.0,8880.33,6817.03,1.0
p[7742],0.74,0.01,0.72,0.76,0.0,0.0,8880.33,6817.03,1.0
p[7743],0.73,0.02,0.69,0.77,0.0,0.0,9993.16,6608.85,1.0
p[7744],0.53,0.02,0.5,0.57,0.0,0.0,9394.96,6238.81,1.0
p[7745],0.74,0.01,0.72,0.76,0.0,0.0,8885.78,6756.41,1.0
p[7746],0.67,0.02,0.63,0.71,0.0,0.0,10491.27,7416.55,1.0
p[7747],0.67,0.02,0.64,0.7,0.0,0.0,9287.71,6652.19,1.0
p[7748],0.76,0.02,0.73,0.79,0.0,0.0,9799.65,6381.71,1.0
p[7749],0.87,0.01,0.85,0.89,0.0,0.0,10806.89,6894.02,1.0
p[7750],0.86,0.01,0.84,0.87,0.0,0.0,8907.84,6879.33,1.0
p[7751],0.74,0.02,0.71,0.77,0.0,0.0,9361.04,7332.61,1.0
p[7752],0.75,0.01,0.72,0.77,0.0,0.0,8902.98,6667.71,1.0
p[7753],0.74,0.02,0.71,0.77,0.0,0.0,9361.86,7263.98,1.0
p[7754],0.68,0.02,0.64,0.71,0.0,0.0,10487.14,7344.94,1.0
p[7755],0.54,0.02,0.5,0.57,0.0,0.0,9403.42,6239.45,1.0
p[7756],0.77,0.02,0.74,0.8,0.0,0.0,9799.65,6332.45,1.0
p[7757],0.83,0.02,0.8,0.86,0.0,0.0,10041.5,6157.3,1.0
p[7758],0.81,0.02,0.78,0.84,0.0,0.0,9065.4,6775.69,1.0
p[7759],0.75,0.01,0.73,0.77,0.0,0.0,8923.19,6668.17,1.0
p[7760],0.81,0.02,0.77,0.84,0.0,0.0,10239.93,6166.29,1.0
p[7761],0.74,0.01,0.72,0.77,0.0,0.0,9362.35,7317.11,1.0
p[7762],0.75,0.01,0.73,0.77,0.0,0.0,8927.31,6697.81,1.0
p[7763],0.86,0.01,0.85,0.88,0.0,0.0,8908.59,7075.36,1.0
p[7764],0.86,0.01,0.85,0.88,0.0,0.0,8908.66,7041.37,1.0
p[7765],0.74,0.02,0.7,0.78,0.0,0.0,9966.23,6762.05,1.0
p[7766],0.68,0.02,0.64,0.72,0.0,0.0,10482.74,7240.9,1.0
p[7767],0.84,0.02,0.81,0.87,0.0,0.0,11313.57,7244.45,1.0
p[7768],0.55,0.02,0.51,0.58,0.0,0.0,9409.63,6331.78,1.0
p[7769],0.75,0.01,0.73,0.77,0.0,0.0,8942.46,6610.61,1.0
p[7770],0.75,0.01,0.73,0.77,0.0,0.0,8948.49,6669.16,1.0
p[7771],0.86,0.01,0.85,0.88,0.0,0.0,8910.1,7008.96,1.0
p[7772],0.81,0.01,0.79,0.84,0.0,0.0,9056.4,6762.76,1.0
p[7773],0.75,0.01,0.73,0.77,0.0,0.0,8955.84,6668.89,1.0
p[7774],0.75,0.01,0.72,0.78,0.0,0.0,9358.78,7334.75,1.0
p[7775],0.88,0.01,0.85,0.9,0.0,0.0,10861.93,6949.03,1.0
p[7776],0.68,0.02,0.65,0.71,0.0,0.0,9285.66,6741.97,1.0
p[7777],0.75,0.01,0.73,0.77,0.0,0.0,8961.17,6668.65,1.0
p[7778],0.77,0.02,0.74,0.8,0.0,0.0,9790.44,6358.03,1.0
p[7779],0.86,0.01,0.85,0.88,0.0,0.0,8909.23,7041.22,1.0
p[7780],0.75,0.01,0.72,0.78,0.0,0.0,9359.27,7334.64,1.0
p[7781],0.82,0.01,0.79,0.84,0.0,0.0,9610.68,7357.88,1.0
p[7782],0.69,0.02,0.65,0.73,0.0,0.0,10476.6,7276.02,1.0
p[7783],0.86,0.01,0.85,0.88,0.0,0.0,8910.48,7132.87,1.0
p[7784],0.86,0.01,0.85,0.88,0.0,0.0,8910.24,7133.84,1.0
p[7785],0.82,0.01,0.79,0.85,0.0,0.0,9054.45,6750.96,1.0
p[7786],0.76,0.01,0.74,0.78,0.0,0.0,8980.8,6696.82,1.0
p[7787],0.76,0.01,0.74,0.78,0.0,0.0,8981.69,6696.82,1.0
p[7788],0.81,0.02,0.78,0.85,0.0,0.0,10230.29,6078.56,1.0
p[7789],0.82,0.01,0.79,0.84,0.0,0.0,9607.39,7321.45,1.0
p[7790],0.75,0.01,0.73,0.78,0.0,0.0,9360.26,7406.39,1.0
p[7791],0.76,0.01,0.74,0.78,0.0,0.0,8987.19,6578.95,1.0
p[7792],0.76,0.01,0.74,0.78,0.0,0.0,8987.19,6578.95,1.0
p[7793],0.85,0.02,0.82,0.88,0.0,0.0,11291.36,7262.01,1.0
p[7794],0.87,0.01,0.85,0.88,0.0,0.0,8911.0,7163.95,1.0
p[7795],0.78,0.02,0.75,0.81,0.0,0.0,9772.04,6397.55,1.0
p[7796],0.69,0.02,0.66,0.73,0.0,0.0,10464.54,7105.22,1.0
p[7797],0.76,0.01,0.74,0.78,0.0,0.0,9000.18,6511.13,1.0
p[7798],0.75,0.02,0.71,0.79,0.0,0.0,9931.66,6610.37,1.0
p[7799],0.76,0.01,0.74,0.78,0.0,0.0,9001.15,6511.81,1.0
p[7800],0.88,0.01,0.86,0.9,0.0,0.0,10897.05,6974.5,1.0
p[7801],0.56,0.02,0.53,0.6,0.0,0.0,9426.47,6381.39,1.0
p[7802],0.87,0.01,0.85,0.88,0.0,0.0,8911.12,7107.88,1.0
p[7803],0.69,0.02,0.66,0.72,0.0,0.0,9262.13,6866.86,1.0
p[7804],0.82,0.01,0.8,0.85,0.0,0.0,9046.35,6608.57,1.0
p[7805],0.76,0.01,0.73,0.79,0.0,0.0,9363.36,7334.94,1.0
p[7806],0.85,0.01,0.83,0.88,0.0,0.0,11281.98,7273.46,1.0
p[7807],0.76,0.01,0.75,0.78,0.0,0.0,9016.23,6460.04,1.0
p[7808],0.76,0.01,0.73,0.79,0.0,0.0,9363.42,7335.35,1.0
p[7809],0.87,0.01,0.86,0.88,0.0,0.0,8914.91,7174.4,1.0
p[7810],0.78,0.02,0.76,0.81,0.0,0.0,9766.99,6424.85,1.0
p[7811],0.56,0.02,0.53,0.6,0.0,0.0,9427.78,6381.36,1.0
p[7812],0.7,0.02,0.66,0.74,0.0,0.0,10454.46,7054.23,1.0
p[7813],0.77,0.01,0.75,0.79,0.0,0.0,9038.32,6599.03,1.0
p[7814],0.79,0.02,0.76,0.81,0.0,0.0,9765.53,6424.55,1.0
p[7815],0.83,0.01,0.8,0.85,0.0,0.0,9041.21,6375.08,1.0
p[7816],0.84,0.02,0.81,0.87,0.0,0.0,10012.73,6228.52,1.0
p[7817],0.87,0.01,0.86,0.89,0.0,0.0,8912.36,7071.05,1.0
p[7818],0.82,0.02,0.79,0.85,0.0,0.0,10205.31,6218.31,1.0
p[7819],0.76,0.01,0.74,0.79,0.0,0.0,9358.21,7423.05,1.0
p[7820],0.87,0.01,0.86,0.89,0.0,0.0,8912.14,7070.65,1.0
p[7821],0.77,0.01,0.75,0.79,0.0,0.0,9044.87,6668.02,1.0
p[7822],0.76,0.02,0.72,0.8,0.0,0.0,9905.2,6527.85,1.0
p[7823],0.83,0.01,0.8,0.85,0.0,0.0,9580.89,7457.31,1.0
p[7824],0.57,0.02,0.54,0.61,0.0,0.0,9430.48,6436.66,1.0
p[7825],0.7,0.02,0.67,0.74,0.0,0.0,10444.66,6945.45,1.0
p[7826],0.86,0.01,0.83,0.89,0.0,0.0,11260.12,7308.38,1.0
p[7827],0.77,0.01,0.75,0.79,0.0,0.0,9054.27,6667.81,1.0
p[7828],0.77,0.01,0.75,0.79,0.0,0.0,9056.7,6697.59,1.0
p[7829],0.83,0.01,0.8,0.86,0.0,0.0,9035.02,6168.32,1.0
p[7830],0.89,0.01,0.86,0.91,0.0,0.0,10949.14,6975.45,1.0
p[7831],0.79,0.01,0.76,0.82,0.0,0.0,9752.24,6575.34,1.0
p[7832],0.77,0.01,0.74,0.79,0.0,0.0,9350.98,7397.92,1.0
p[7833],0.87,0.01,0.86,0.89,0.0,0.0,8908.55,7239.91,1.0
p[7834],0.77,0.01,0.75,0.79,0.0,0.0,9065.99,6847.5,1.0
p[7835],0.7,0.02,0.67,0.74,0.0,0.0,9244.69,7091.9,1.0
p[7836],0.77,0.01,0.74,0.79,0.0,0.0,9351.23,7404.85,1.0
p[7837],0.71,0.02,0.67,0.75,0.0,0.0,10432.02,7006.17,1.0
p[7838],0.88,0.01,0.86,0.89,0.0,0.0,8907.65,7106.53,1.0
p[7839],0.88,0.01,0.86,0.89,0.0,0.0,8907.48,7174.74,1.0
p[7840],0.78,0.01,0.76,0.8,0.0,0.0,9085.75,6989.78,1.0
p[7841],0.83,0.01,0.81,0.86,0.0,0.0,9029.18,6056.44,1.0
p[7842],0.85,0.01,0.82,0.87,0.0,0.0,9999.27,6054.95,1.0
p[7843],0.83,0.02,0.8,0.86,0.0,0.0,10186.57,6461.29,1.0
p[7844],0.77,0.01,0.75,0.8,0.0,0.0,9350.05,7434.56,1.0
p[7845],0.83,0.01,0.81,0.86,0.0,0.0,9562.24,7497.34,1.0
p[7846],0.79,0.01,0.77,0.82,0.0,0.0,9735.52,6616.17,1.0
p[7847],0.88,0.01,0.86,0.89,0.0,0.0,8906.8,7107.76,1.0
p[7848],0.77,0.02,0.73,0.8,0.0,0.0,9864.56,6334.33,1.0
p[7849],0.78,0.01,0.76,0.8,0.0,0.0,9096.56,7021.17,1.0
p[7850],0.86,0.01,0.84,0.89,0.0,0.0,11229.93,7308.5,1.0
p[7851],0.78,0.01,0.76,0.8,0.0,0.0,9096.56,7021.17,1.0
p[7852],0.58,0.02,0.55,0.62,0.0,0.0,9441.46,6623.54,1.0
p[7853],0.88,0.01,0.86,0.89,0.0,0.0,8904.4,7108.12,1.0
p[7854],0.72,0.02,0.68,0.75,0.0,0.0,10414.16,7102.95,1.0
p[7855],0.78,0.01,0.76,0.8,0.0,0.0,9100.04,7070.99,1.0
p[7856],0.89,0.01,0.87,0.91,0.0,0.0,10972.17,6861.32,1.0
p[7857],0.78,0.01,0.76,0.8,0.0,0.0,9105.4,7121.8,1.0
p[7858],0.8,0.01,0.77,0.83,0.0,0.0,9730.82,6732.83,1.0
p[7859],0.78,0.01,0.75,0.8,0.0,0.0,9344.94,7472.37,1.0
p[7860],0.78,0.01,0.76,0.8,0.0,0.0,9114.46,6960.56,1.0
p[7861],0.78,0.01,0.75,0.8,0.0,0.0,9342.92,7327.9,1.0
p[7862],0.72,0.02,0.68,0.75,0.0,0.0,10402.63,7102.29,1.0
p[7863],0.59,0.02,0.56,0.63,0.0,0.0,9446.29,6323.24,1.0
p[7864],0.85,0.01,0.83,0.88,0.0,0.0,9983.39,6155.26,1.0
p[7865],0.84,0.01,0.81,0.86,0.0,0.0,8949.81,6039.15,1.0
p[7866],0.8,0.01,0.78,0.83,0.0,0.0,9725.04,6732.78,1.0
p[7867],0.79,0.01,0.77,0.81,0.0,0.0,9129.74,6836.84,1.0
p[7868],0.72,0.02,0.69,0.75,0.0,0.0,9220.3,7231.76,1.0
p[7869],0.84,0.02,0.81,0.86,0.0,0.0,10158.41,6248.48,1.0
p[7870],0.78,0.01,0.75,0.81,0.0,0.0,9341.42,7356.37,1.0
p[7871],0.79,0.01,0.77,0.81,0.0,0.0,9133.32,6837.67,1.0
p[7872],0.87,0.01,0.84,0.89,0.0,0.0,11193.17,7238.98,1.0
p[7873],0.79,0.01,0.77,0.81,0.0,0.0,9140.99,6836.76,1.0
p[7874],0.88,0.01,0.87,0.9,0.0,0.0,8893.05,7096.05,1.0
p[7875],0.78,0.02,0.74,0.81,0.0,0.0,9838.13,6419.48,1.0
p[7876],0.88,0.01,0.87,0.9,0.0,0.0,8892.18,7050.17,1.0
p[7877],0.79,0.01,0.77,0.81,0.0,0.0,9144.59,6836.76,1.0
p[7878],0.6,0.02,0.56,0.63,0.0,0.0,9447.76,6328.08,1.0
p[7879],0.88,0.01,0.87,0.9,0.0,0.0,8891.4,7096.21,1.0
p[7880],0.84,0.01,0.82,0.86,0.0,0.0,9525.96,7429.53,1.0
p[7881],0.79,0.01,0.77,0.81,0.0,0.0,9149.73,6837.95,1.0
p[7882],0.79,0.01,0.77,0.81,0.0,0.0,9149.73,6837.95,1.0
p[7883],0.81,0.01,0.78,0.83,0.0,0.0,9716.42,6762.66,1.0
p[7884],0.84,0.01,0.82,0.87,0.0,0.0,8934.84,6056.69,1.0
p[7885],0.79,0.01,0.77,0.81,0.0,0.0,9153.89,7027.98,1.0
p[7886],0.78,0.01,0.76,0.81,0.0,0.0,9339.19,7428.79,1.0
p[7887],0.9,0.01,0.88,0.92,0.0,0.0,11008.17,6935.83,1.0
p[7888],0.79,0.01,0.77,0.81,0.0,0.0,9159.11,6996.48,1.0
p[7889],0.89,0.01,0.87,0.9,0.0,0.0,8886.77,7019.01,1.0
p[7890],0.79,0.01,0.76,0.81,0.0,0.0,9337.08,7576.46,1.0
p[7891],0.73,0.02,0.69,0.77,0.0,0.0,10366.25,6964.46,1.0
p[7892],0.6,0.02,0.57,0.64,0.0,0.0,9449.7,6302.05,1.0
p[7893],0.85,0.01,0.82,0.87,0.0,0.0,8923.69,6124.63,1.0
p[7894],0.81,0.01,0.78,0.84,0.0,0.0,9704.8,6885.63,1.0
p[7895],0.86,0.01,0.83,0.88,0.0,0.0,9958.96,6053.66,1.0
p[7896],0.79,0.01,0.78,0.81,0.0,0.0,9172.33,6994.0,1.0
p[7897],0.79,0.01,0.76,0.81,0.0,0.0,9337.8,7576.08,1.0
p[7898],0.89,0.01,0.87,0.9,0.0,0.0,8884.17,7096.61,1.0
p[7899],0.79,0.01,0.78,0.81,0.0,0.0,9174.44,7075.02,1.0
p[7900],0.84,0.01,0.82,0.87,0.0,0.0,10132.04,6307.76,1.0
p[7901],0.89,0.01,0.87,0.9,0.0,0.0,8883.18,7130.58,1.0
p[7902],0.89,0.01,0.87,0.9,0.0,0.0,8883.67,7130.35,1.0
p[7903],0.73,0.02,0.7,0.76,0.0,0.0,9191.29,7336.26,1.0
p[7904],0.87,0.01,0.85,0.9,0.0,0.0,11157.81,7204.69,1.0
p[7905],0.79,0.02,0.75,0.82,0.0,0.0,9790.01,6471.29,1.0
p[7906],0.61,0.02,0.57,0.64,0.0,0.0,9449.85,6263.66,1.0
p[7907],0.8,0.01,0.78,0.82,0.0,0.0,9183.39,7109.76,1.0
p[7908],0.8,0.01,0.78,0.82,0.0,0.0,9183.44,7076.06,1.0
p[7909],0.8,0.01,0.78,0.82,0.0,0.0,9188.28,7321.82,1.0
p[7910],0.81,0.01,0.79,0.84,0.0,0.0,9688.34,6854.59,1.0
p[7911],0.79,0.01,0.77,0.82,0.0,0.0,9330.9,7615.84,1.0
p[7912],0.74,0.02,0.71,0.78,0.0,0.0,10324.63,6897.32,1.0
p[7913],0.61,0.02,0.58,0.65,0.0,0.0,9450.3,6246.26,1.0
p[7914],0.74,0.02,0.71,0.77,0.0,0.0,9171.22,7192.53,1.0
p[7915],0.8,0.01,0.78,0.82,0.0,0.0,9205.8,7276.43,1.0
p[7916],0.82,0.01,0.79,0.84,0.0,0.0,9674.53,6855.2,1.0
p[7917],0.89,0.01,0.88,0.91,0.0,0.0,8872.14,7232.68,1.0
p[7918],0.85,0.01,0.82,0.88,0.0,0.0,10100.59,6179.32,1.0
p[7919],0.8,0.01,0.79,0.82,0.0,0.0,9213.12,7312.4,1.0
p[7920],0.89,0.01,0.88,0.91,0.0,0.0,8869.63,7303.41,1.0
p[7921],0.89,0.01,0.88,0.91,0.0,0.0,8869.63,7303.41,1.0
p[7922],0.87,0.01,0.84,0.89,0.0,0.0,9932.21,6092.77,1.0
p[7923],0.8,0.01,0.79,0.82,0.0,0.0,9215.78,7312.4,1.0
p[7924],0.62,0.02,0.59,0.66,0.0,0.0,9452.77,6071.07,1.0
p[7925],0.89,0.01,0.88,0.91,0.0,0.0,8868.45,7303.41,1.0
p[7926],0.81,0.01,0.79,0.82,0.0,0.0,9218.89,7312.69,1.0
p[7927],0.8,0.02,0.76,0.83,0.0,0.0,9721.9,6650.38,1.0
p[7928],0.81,0.01,0.79,0.82,0.0,0.0,9221.29,7312.9,1.0
p[7929],0.74,0.02,0.71,0.77,0.0,0.0,9154.75,7280.67,1.0
p[7930],0.82,0.01,0.8,0.85,0.0,0.0,9663.36,6855.09,1.0
p[7931],0.81,0.01,0.79,0.82,0.0,0.0,9225.39,7348.34,1.0
p[7932],0.8,0.01,0.78,0.83,0.0,0.0,9316.68,7504.16,1.0
p[7933],0.63,0.02,0.59,0.66,0.0,0.0,9446.35,6023.06,1.0
p[7934],0.75,0.02,0.71,0.78,0.0,0.0,10282.61,7049.64,1.0
p[7935],0.87,0.01,0.85,0.9,0.0,0.0,9911.85,6117.17,1.0
p[7936],0.86,0.01,0.83,0.88,0.0,0.0,10072.62,6154.81,1.0
p[7937],0.81,0.01,0.79,0.83,0.0,0.0,9241.06,7493.22,1.0
p[7938],0.81,0.01,0.79,0.83,0.0,0.0,9241.61,7530.03,1.0
p[7939],0.89,0.01,0.86,0.91,0.0,0.0,11070.52,7238.45,1.0
p[7940],0.8,0.02,0.77,0.83,0.0,0.0,9689.21,6620.11,1.0
p[7941],0.9,0.01,0.89,0.91,0.0,0.0,8862.81,7362.23,1.0
p[7942],0.81,0.01,0.79,0.83,0.0,0.0,9247.55,7566.56,1.0
p[7943],0.9,0.01,0.89,0.91,0.0,0.0,8861.59,7362.23,1.0
p[7944],0.9,0.01,0.89,0.91,0.0,0.0,8861.16,7397.83,1.0
p[7945],0.83,0.01,0.8,0.85,0.0,0.0,9637.4,6884.98,1.0
p[7946],0.82,0.01,0.8,0.83,0.0,0.0,9258.2,7454.78,1.0
p[7947],0.76,0.02,0.73,0.79,0.0,0.0,10231.12,7046.97,1.0
p[7948],0.82,0.01,0.8,0.83,0.0,0.0,9259.51,7316.51,1.0
p[7949],0.64,0.02,0.6,0.67,0.0,0.0,9438.38,6143.93,1.0
p[7950],0.81,0.01,0.79,0.84,0.0,0.0,9305.36,7542.47,1.0
p[7951],0.9,0.01,0.89,0.91,0.0,0.0,8855.27,7434.69,1.0
p[7952],0.82,0.01,0.8,0.84,0.0,0.0,9261.44,7388.1,1.0
p[7953],0.91,0.01,0.89,0.93,0.0,0.0,10856.74,6983.72,1.0
p[7954],0.86,0.01,0.84,0.89,0.0,0.0,10038.22,6080.3,1.0
p[7955],0.64,0.02,0.61,0.68,0.0,0.0,9435.76,6142.88,1.0
p[7956],0.82,0.01,0.8,0.84,0.0,0.0,9265.94,7591.82,1.0
p[7957],0.81,0.02,0.78,0.84,0.0,0.0,9656.85,6930.05,1.0
p[7958],0.82,0.01,0.8,0.84,0.0,0.0,9266.69,7653.68,1.0
p[7959],0.84,0.01,0.81,0.86,0.0,0.0,9613.72,7015.1,1.0
p[7960],0.76,0.02,0.73,0.79,0.0,0.0,9154.1,6854.5,1.0
p[7961],0.9,0.01,0.89,0.92,0.0,0.0,8850.74,7291.72,1.0
p[7962],0.9,0.01,0.89,0.92,0.0,0.0,8850.14,7308.37,1.0
p[7963],0.82,0.01,0.81,0.84,0.0,0.0,9274.43,7578.94,1.0
p[7964],0.77,0.02,0.74,0.8,0.0,0.0,10187.19,7005.64,1.0
p[7965],0.65,0.02,0.62,0.69,0.0,0.0,9432.4,6201.66,1.0
p[7966],0.82,0.01,0.81,0.84,0.0,0.0,9274.33,7578.94,1.0
p[7967],0.82,0.01,0.79,0.84,0.0,0.0,9288.89,7532.64,1.0
p[7968],0.87,0.01,0.84,0.89,0.0,0.0,10003.5,6104.93,1.0
p[7969],0.91,0.01,0.89,0.92,0.0,0.0,8848.43,7117.55,1.0
p[7970],0.91,0.01,0.89,0.92,0.0,0.0,8847.36,7117.55,1.0
p[7971],0.82,0.02,0.79,0.85,0.0,0.0,9638.16,6994.2,1.0
p[7972],0.66,0.02,0.62,0.69,0.0,0.0,9428.75,6281.34,1.0
p[7973],0.84,0.01,0.82,0.87,0.0,0.0,9586.18,7109.44,1.0
p[7974],0.77,0.02,0.74,0.8,0.0,0.0,9104.89,6845.48,1.0
p[7975],0.83,0.01,0.8,0.85,0.0,0.0,9272.52,7514.61,1.0
p[7976],0.78,0.02,0.75,0.81,0.0,0.0,10139.5,6671.63,1.0
p[7977],0.83,0.01,0.81,0.85,0.0,0.0,9286.05,7471.4,1.0
p[7978],0.83,0.02,0.8,0.86,0.0,0.0,8726.62,6855.68,1.0
p[7979],0.91,0.01,0.9,0.92,0.0,0.0,8838.53,7377.41,1.0
p[7980],0.83,0.01,0.82,0.85,0.0,0.0,9288.28,7509.59,1.0
p[7981],0.91,0.01,0.9,0.92,0.0,0.0,8836.23,7256.2,1.0
p[7982],0.91,0.01,0.9,0.92,0.0,0.0,8835.79,7156.02,1.0
p[7983],0.67,0.02,0.63,0.7,0.0,0.0,9415.87,6307.91,1.0
p[7984],0.83,0.02,0.8,0.86,0.0,0.0,9605.99,6989.22,1.0
p[7985],0.72,0.02,0.69,0.75,0.0,0.0,8887.06,6752.6,1.0
p[7986],0.55,0.02,0.51,0.59,0.0,0.0,9305.64,7395.85,1.0
p[7987],0.56,0.03,0.5,0.62,0.0,0.0,8734.03,6181.72,1.0
p[7988],0.56,0.02,0.52,0.6,0.0,0.0,9323.51,7359.36,1.0
p[7989],0.57,0.02,0.53,0.6,0.0,0.0,9334.22,7291.84,1.0
p[7990],0.57,0.02,0.53,0.61,0.0,0.0,9342.24,7411.37,1.0
p[7991],0.74,0.01,0.71,0.77,0.0,0.0,8889.35,6815.72,1.0
p[7992],0.5,0.02,0.46,0.54,0.0,0.0,9293.6,7131.07,1.0
p[7993],0.58,0.02,0.54,0.62,0.0,0.0,9361.58,7288.42,1.0
p[7994],0.37,0.02,0.33,0.41,0.0,0.0,9430.42,7411.65,1.0
p[7995],0.75,0.01,0.73,0.78,0.0,0.0,8891.0,6583.19,1.0
p[7996],0.75,0.01,0.73,0.78,0.0,0.0,8891.65,6532.92,1.0
p[7997],0.38,0.02,0.34,0.41,0.0,0.0,9451.78,7379.46,1.0
p[7998],0.6,0.02,0.56,0.64,0.0,0.0,9372.74,7220.1,1.0
p[7999],0.68,0.02,0.64,0.73,0.0,0.0,10040.64,6488.26,1.0
p[8000],0.38,0.02,0.35,0.42,0.0,0.0,9474.43,7306.01,1.0
p[8001],0.76,0.01,0.74,0.79,0.0,0.0,8895.38,6447.3,1.0
p[8002],0.61,0.02,0.58,0.64,0.0,0.0,8556.8,7165.79,1.0
p[8003],0.52,0.02,0.48,0.56,0.0,0.0,9346.31,6769.31,1.0
p[8004],0.64,0.02,0.6,0.68,0.0,0.0,10210.53,7387.88,1.0
p[8005],0.61,0.02,0.59,0.64,0.0,0.0,8561.74,7166.09,1.0
p[8006],0.77,0.01,0.74,0.79,0.0,0.0,8895.52,6429.69,1.0
p[8007],0.39,0.02,0.35,0.42,0.0,0.0,9497.27,7237.04,1.0
p[8008],0.53,0.02,0.49,0.58,0.0,0.0,10484.92,7236.22,1.0
p[8009],0.61,0.02,0.57,0.64,0.0,0.0,9385.14,7117.36,1.0
p[8010],0.7,0.02,0.66,0.74,0.0,0.0,8596.47,6305.77,1.0
p[8011],0.77,0.01,0.74,0.79,0.0,0.0,8896.87,6429.98,1.0
p[8012],0.62,0.01,0.59,0.65,0.0,0.0,8569.75,7199.86,1.0
p[8013],0.72,0.02,0.68,0.76,0.0,0.0,10527.73,6383.68,1.0
p[8014],0.62,0.01,0.59,0.65,0.0,0.0,8570.23,7132.52,1.0
p[8015],0.77,0.01,0.75,0.79,0.0,0.0,8898.08,6512.44,1.0
p[8016],0.7,0.02,0.66,0.74,0.0,0.0,8594.69,6304.64,1.0
p[8017],0.69,0.02,0.65,0.74,0.0,0.0,10056.07,6442.4,1.0
p[8018],0.61,0.03,0.56,0.66,0.0,0.0,10396.63,7139.83,1.0
p[8019],0.4,0.02,0.36,0.43,0.0,0.0,9517.4,7237.31,1.0
p[8020],0.54,0.02,0.5,0.59,0.0,0.0,10497.46,7293.64,1.0
p[8021],0.62,0.01,0.59,0.65,0.0,0.0,8577.27,7166.57,1.0
p[8022],0.62,0.01,0.6,0.65,0.0,0.0,8581.31,7132.87,1.0
p[8023],0.7,0.02,0.67,0.74,0.0,0.0,8594.94,6277.73,1.0
p[8024],0.62,0.02,0.58,0.65,0.0,0.0,9389.67,7151.04,1.0
p[8025],0.79,0.02,0.76,0.83,0.0,0.0,10749.59,6439.32,1.0
p[8026],0.54,0.02,0.5,0.58,0.0,0.0,9367.78,6766.43,1.0
p[8027],0.65,0.02,0.61,0.69,0.0,0.0,10226.14,7368.38,1.0
p[8028],0.4,0.02,0.36,0.44,0.0,0.0,9533.29,7168.08,1.0
p[8029],0.62,0.02,0.58,0.66,0.0,0.0,9391.84,7151.66,1.0
p[8030],0.78,0.01,0.75,0.8,0.0,0.0,8899.35,6654.29,1.0
p[8031],0.78,0.01,0.75,0.8,0.0,0.0,8898.58,6654.29,1.0
p[8032],0.55,0.02,0.5,0.59,0.0,0.0,10510.37,7245.66,1.0
p[8033],0.78,0.01,0.75,0.8,0.0,0.0,8898.04,6654.8,1.0
p[8034],0.71,0.02,0.67,0.75,0.0,0.0,8596.46,6331.21,1.0
p[8035],0.7,0.02,0.66,0.75,0.0,0.0,10060.45,6587.59,1.0
p[8036],0.63,0.01,0.6,0.66,0.0,0.0,8593.0,7201.04,1.0
p[8037],0.78,0.01,0.76,0.8,0.0,0.0,8895.66,6626.71,1.0
p[8038],0.73,0.02,0.69,0.77,0.0,0.0,10533.36,6200.22,1.0
p[8039],0.62,0.02,0.59,0.66,0.0,0.0,9389.27,7220.08,1.0
p[8040],0.63,0.01,0.61,0.66,0.0,0.0,8597.49,7133.86,1.0
p[8041],0.63,0.01,0.61,0.66,0.0,0.0,8597.49,7133.86,1.0
p[8042],0.63,0.01,0.61,0.66,0.0,0.0,8599.51,7100.54,1.0
p[8043],0.62,0.03,0.58,0.67,0.0,0.0,10414.58,7032.62,1.0
p[8044],0.78,0.01,0.76,0.8,0.0,0.0,8896.83,6625.16,1.0
p[8045],0.63,0.01,0.61,0.66,0.0,0.0,8602.14,7100.54,1.0
p[8046],0.41,0.02,0.37,0.44,0.0,0.0,9556.92,7167.88,1.0
p[8047],0.55,0.02,0.51,0.6,0.0,0.0,10518.59,7137.87,1.0
p[8048],0.8,0.02,0.77,0.84,0.0,0.0,10759.93,6473.49,1.0
p[8049],0.66,0.02,0.62,0.7,0.0,0.0,10239.16,7417.67,1.0
p[8050],0.71,0.02,0.68,0.75,0.0,0.0,8592.8,6305.28,1.0
p[8051],0.63,0.02,0.59,0.67,0.0,0.0,9391.15,7287.61,1.0
p[8052],0.72,0.02,0.68,0.75,0.0,0.0,8590.59,6280.14,1.0
p[8053],0.55,0.02,0.52,0.59,0.0,0.0,9390.31,6999.76,1.0
p[8054],0.63,0.02,0.6,0.67,0.0,0.0,9392.52,7274.25,1.0
p[8055],0.78,0.01,0.76,0.81,0.0,0.0,8896.5,6401.31,1.0
p[8056],0.78,0.01,0.76,0.81,0.0,0.0,8894.96,6347.28,1.0
p[8057],0.56,0.02,0.51,0.6,0.0,0.0,10529.24,7157.04,1.0
p[8058],0.41,0.02,0.38,0.45,0.0,0.0,9586.53,7236.33,1.0
p[8059],0.64,0.01,0.62,0.67,0.0,0.0,8622.88,6970.74,1.0
p[8060],0.74,0.02,0.7,0.78,0.0,0.0,10530.09,6397.36,1.0
p[8061],0.71,0.02,0.67,0.76,0.0,0.0,10153.08,6476.62,1.0
p[8062],0.64,0.01,0.62,0.67,0.0,0.0,8623.65,6938.71,1.0
p[8063],0.72,0.02,0.68,0.76,0.0,0.0,8589.37,6358.03,1.0
p[8064],0.64,0.02,0.6,0.67,0.0,0.0,9397.84,7222.9,1.0
p[8065],0.64,0.01,0.62,0.67,0.0,0.0,8625.12,6938.83,1.0
p[8066],0.79,0.01,0.77,0.81,0.0,0.0,8895.71,6456.09,1.0
p[8067],0.63,0.02,0.59,0.68,0.0,0.0,10424.31,6848.01,1.0
p[8068],0.42,0.02,0.38,0.46,0.0,0.0,9607.03,7237.28,1.0
p[8069],0.57,0.02,0.52,0.61,0.0,0.0,10540.6,7163.14,1.0
p[8070],0.65,0.01,0.62,0.67,0.0,0.0,8631.18,6834.54,1.0
p[8071],0.73,0.02,0.69,0.76,0.0,0.0,8590.44,6385.28,1.0
p[8072],0.56,0.02,0.52,0.6,0.0,0.0,9404.44,6978.43,1.0
p[8073],0.65,0.01,0.62,0.67,0.0,0.0,8636.72,6681.2,1.0
p[8074],0.81,0.02,0.78,0.84,0.0,0.0,10780.63,6367.77,1.0
p[8075],0.64,0.02,0.61,0.68,0.0,0.0,9399.22,7239.61,1.0
p[8076],0.79,0.01,0.77,0.81,0.0,0.0,8890.37,6511.11,1.0
p[8077],0.79,0.01,0.77,0.81,0.0,0.0,8890.47,6539.29,1.0
p[8078],0.64,0.02,0.61,0.68,0.0,0.0,9397.05,7291.94,1.0
p[8079],0.57,0.02,0.53,0.62,0.0,0.0,10544.57,7163.86,1.0
p[8080],0.79,0.01,0.77,0.81,0.0,0.0,8891.65,6512.23,1.0
p[8081],0.79,0.01,0.77,0.82,0.0,0.0,8892.05,6456.9,1.0
p[8082],0.68,0.02,0.64,0.72,0.0,0.0,10252.4,7401.22,1.0
p[8083],0.79,0.01,0.77,0.82,0.0,0.0,8891.76,6456.9,1.0
p[8084],0.73,0.02,0.69,0.77,0.0,0.0,8589.49,6407.58,1.0
p[8085],0.65,0.01,0.63,0.68,0.0,0.0,8651.93,6416.74,1.0
p[8086],0.65,0.02,0.61,0.68,0.0,0.0,9398.43,7239.03,1.0
p[8087],0.79,0.01,0.77,0.82,0.0,0.0,8892.24,6540.77,1.0
p[8088],0.72,0.02,0.68,0.77,0.0,0.0,10075.15,6759.09,1.0
p[8089],0.8,0.01,0.77,0.82,0.0,0.0,8892.06,6540.77,1.0
p[8090],0.75,0.02,0.71,0.79,0.0,0.0,10537.28,6447.15,1.0
p[8091],0.66,0.01,0.63,0.68,0.0,0.0,8654.31,6612.16,1.0
p[8092],0.66,0.01,0.63,0.68,0.0,0.0,8654.31,6612.16,1.0
p[8093],0.8,0.01,0.78,0.82,0.0,0.0,8890.78,6456.64,1.0
p[8094],0.64,0.02,0.6,0.69,0.0,0.0,10437.64,6774.48,1.0
p[8095],0.66,0.01,0.63,0.68,0.0,0.0,8662.64,6634.12,1.0
p[8096],0.58,0.02,0.53,0.62,0.0,0.0,10544.02,7194.06,1.0
p[8097],0.66,0.01,0.63,0.68,0.0,0.0,8665.44,6634.28,1.0
p[8098],0.82,0.02,0.78,0.85,0.0,0.0,10793.22,6296.35,1.0
p[8099],0.68,0.02,0.65,0.72,0.0,0.0,10255.17,7478.85,1.0
p[8100],0.57,0.02,0.54,0.61,0.0,0.0,9428.42,7063.43,1.0
p[8101],0.65,0.02,0.62,0.69,0.0,0.0,9401.01,7065.16,1.0
p[8102],0.65,0.02,0.62,0.69,0.0,0.0,9400.44,7033.25,1.0
p[8103],0.44,0.02,0.4,0.48,0.0,0.0,9662.36,7199.7,1.0
p[8104],0.58,0.02,0.54,0.63,0.0,0.0,10548.16,7199.16,1.0
p[8105],0.76,0.02,0.72,0.8,0.0,0.0,10534.56,6446.41,1.0
p[8106],0.67,0.01,0.64,0.69,0.0,0.0,8687.63,6679.26,1.0
p[8107],0.67,0.01,0.64,0.69,0.0,0.0,8687.63,6679.26,1.0
p[8108],0.73,0.02,0.69,0.78,0.0,0.0,10006.79,6908.41,1.0
p[8109],0.8,0.01,0.78,0.82,0.0,0.0,8883.07,6395.07,1.0
p[8110],0.67,0.01,0.64,0.69,0.0,0.0,8689.79,6677.88,1.0
p[8111],0.66,0.02,0.63,0.69,0.0,0.0,9403.77,7077.1,1.0
p[8112],0.8,0.01,0.78,0.82,0.0,0.0,8883.15,6560.48,1.0
p[8113],0.66,0.02,0.61,0.7,0.0,0.0,10440.62,6743.92,1.0
p[8114],0.67,0.01,0.65,0.69,0.0,0.0,8696.16,6752.86,1.0
p[8115],0.59,0.02,0.55,0.63,0.0,0.0,10551.45,7295.16,1.0
p[8116],0.59,0.02,0.55,0.62,0.0,0.0,9445.87,6933.85,1.0
p[8117],0.82,0.02,0.79,0.86,0.0,0.0,10799.22,6514.11,1.0
p[8118],0.66,0.02,0.63,0.7,0.0,0.0,9400.1,7036.77,1.0
p[8119],0.67,0.02,0.63,0.7,0.0,0.0,9400.62,7175.91,1.0
p[8120],0.6,0.02,0.55,0.64,0.0,0.0,10544.77,7272.3,1.0
p[8121],0.81,0.01,0.79,0.83,0.0,0.0,8878.66,6477.08,1.0
p[8122],0.81,0.01,0.79,0.83,0.0,0.0,8878.55,6477.08,1.0
p[8123],0.68,0.01,0.65,0.7,0.0,0.0,8717.65,6829.01,1.0
p[8124],0.77,0.02,0.73,0.81,0.0,0.0,10523.21,6313.65,1.0
p[8125],0.68,0.01,0.65,0.7,0.0,0.0,8719.52,6799.84,1.0
p[8126],0.74,0.02,0.71,0.79,0.0,0.0,9933.48,6897.84,1.0
p[8127],0.67,0.02,0.64,0.7,0.0,0.0,9396.72,7215.02,1.0
p[8128],0.7,0.02,0.67,0.74,0.0,0.0,10252.2,7300.81,1.0
p[8129],0.81,0.01,0.79,0.83,0.0,0.0,8876.83,6532.51,1.0
p[8130],0.67,0.02,0.63,0.71,0.0,0.0,10436.62,6879.46,1.0
p[8131],0.6,0.02,0.56,0.64,0.0,0.0,10539.53,7320.37,1.0
p[8132],0.46,0.02,0.42,0.49,0.0,0.0,9715.36,7304.69,1.0
p[8133],0.68,0.01,0.66,0.71,0.0,0.0,8726.16,6638.13,1.0
p[8134],0.6,0.02,0.56,0.63,0.0,0.0,9461.27,6643.35,1.0
p[8135],0.68,0.02,0.64,0.71,0.0,0.0,9389.81,7233.92,1.0
p[8136],0.83,0.02,0.8,0.86,0.0,0.0,10802.59,6712.37,1.0
p[8137],0.69,0.01,0.66,0.71,0.0,0.0,8740.11,6606.26,1.0
p[8138],0.61,0.02,0.57,0.65,0.0,0.0,10535.85,7249.39,1.0
p[8139],0.46,0.02,0.43,0.5,0.0,0.0,9735.11,7305.23,1.0
p[8140],0.68,0.02,0.65,0.71,0.0,0.0,9378.15,7137.64,1.0
p[8141],0.69,0.01,0.66,0.71,0.0,0.0,8746.44,6548.45,1.0
p[8142],0.78,0.02,0.74,0.82,0.0,0.0,10513.63,6503.25,1.0
p[8143],0.75,0.02,0.72,0.79,0.0,0.0,9706.82,6962.36,1.0
p[8144],0.82,0.01,0.8,0.84,0.0,0.0,8859.12,6616.28,1.0
p[8145],0.68,0.02,0.65,0.71,0.0,0.0,9372.41,7136.04,1.0
p[8146],0.69,0.01,0.67,0.71,0.0,0.0,8752.84,6465.61,1.0
p[8147],0.68,0.02,0.64,0.72,0.0,0.0,10424.38,6770.58,1.0
p[8148],0.82,0.01,0.8,0.84,0.0,0.0,8854.83,6559.3,1.0
p[8149],0.69,0.01,0.67,0.71,0.0,0.0,8754.68,6330.49,1.0
p[8150],0.61,0.02,0.57,0.66,0.0,0.0,10530.83,7126.62,1.0
p[8151],0.69,0.01,0.67,0.72,0.0,0.0,8756.22,6435.65,1.0
p[8152],0.47,0.02,0.44,0.51,0.0,0.0,9748.13,7270.16,1.0
p[8153],0.69,0.01,0.67,0.72,0.0,0.0,8760.5,6409.24,1.0
p[8154],0.61,0.02,0.57,0.65,0.0,0.0,9472.96,6417.91,1.0
p[8155],0.84,0.02,0.81,0.87,0.0,0.0,10801.9,7291.41,1.0
p[8156],0.69,0.02,0.65,0.72,0.0,0.0,9358.31,7141.24,1.0
p[8157],0.82,0.01,0.8,0.84,0.0,0.0,8846.8,6559.66,1.0
p[8158],0.69,0.01,0.67,0.72,0.0,0.0,8766.64,6407.99,1.0
p[8159],0.82,0.01,0.81,0.84,0.0,0.0,8845.44,6531.48,1.0
p[8160],0.62,0.02,0.58,0.66,0.0,0.0,10527.63,6897.28,1.0
p[8161],0.7,0.01,0.68,0.72,0.0,0.0,8781.31,6603.54,1.0
p[8162],0.72,0.02,0.69,0.76,0.0,0.0,10227.16,7301.04,1.0
p[8163],0.79,0.02,0.75,0.82,0.0,0.0,10498.51,6444.65,1.0
p[8164],0.69,0.02,0.66,0.72,0.0,0.0,9342.85,7309.82,1.0
p[8165],0.76,0.02,0.73,0.8,0.0,0.0,9592.63,7013.09,1.0
p[8166],0.69,0.02,0.66,0.73,0.0,0.0,9339.15,7205.51,1.0
p[8167],0.7,0.01,0.68,0.72,0.0,0.0,8786.32,6489.71,1.0
p[8168],0.7,0.01,0.68,0.72,0.0,0.0,8786.32,6489.71,1.0
p[8169],0.83,0.01,0.81,0.84,0.0,0.0,8839.86,6531.58,1.0
p[8170],0.7,0.01,0.68,0.72,0.0,0.0,8787.26,6489.71,1.0
p[8171],0.48,0.02,0.45,0.52,0.0,0.0,9763.06,7303.76,1.0
p[8172],0.69,0.02,0.65,0.73,0.0,0.0,10414.58,6595.09,1.0
p[8173],0.63,0.02,0.59,0.67,0.0,0.0,10519.01,6774.0,1.0
p[8174],0.7,0.01,0.68,0.72,0.0,0.0,8793.43,6462.78,1.0
p[8175],0.48,0.02,0.45,0.52,0.0,0.0,9768.91,7197.64,1.0
p[8176],0.84,0.02,0.82,0.87,0.0,0.0,10804.57,7379.38,1.0
p[8177],0.62,0.02,0.59,0.66,0.0,0.0,9473.65,6285.59,1.0
p[8178],0.73,0.02,0.69,0.76,0.0,0.0,10217.64,7336.88,1.0
p[8179],0.7,0.02,0.67,0.73,0.0,0.0,9320.95,7308.51,1.0
p[8180],0.71,0.01,0.68,0.73,0.0,0.0,8807.52,6432.78,1.0
p[8181],0.63,0.02,0.59,0.67,0.0,0.0,10505.9,6729.36,1.0
p[8182],0.71,0.01,0.69,0.73,0.0,0.0,8816.29,6274.32,1.0
p[8183],0.7,0.02,0.67,0.73,0.0,0.0,9305.84,7300.96,1.0
p[8184],0.8,0.02,0.76,0.83,0.0,0.0,10476.25,6562.04,1.0
p[8185],0.83,0.01,0.82,0.85,0.0,0.0,8827.24,6591.58,1.0
p[8186],0.77,0.02,0.74,0.81,0.0,0.0,9530.82,7133.23,1.0
p[8187],0.7,0.02,0.67,0.73,0.0,0.0,9302.12,7371.6,1.0
p[8188],0.71,0.01,0.69,0.73,0.0,0.0,8822.25,6197.33,1.0
p[8189],0.78,0.02,0.75,0.81,0.0,0.0,9348.62,6847.86,1.0
p[8190],0.71,0.01,0.69,0.73,0.0,0.0,8824.25,6197.33,1.0
p[8191],0.7,0.02,0.66,0.74,0.0,0.0,10398.03,6652.66,1.0
p[8192],0.5,0.02,0.46,0.53,0.0,0.0,9796.12,7095.61,1.0
p[8193],0.83,0.01,0.82,0.85,0.0,0.0,8824.06,6562.41,1.0
p[8194],0.5,0.02,0.46,0.53,0.0,0.0,9797.77,7095.69,1.0
p[8195],0.64,0.02,0.6,0.68,0.0,0.0,10496.11,6695.99,1.0
p[8196],0.84,0.01,0.82,0.85,0.0,0.0,8824.23,6590.86,1.0
p[8197],0.71,0.01,0.69,0.74,0.0,0.0,8828.69,6173.9,1.0
p[8198],0.78,0.02,0.75,0.81,0.0,0.0,8491.51,6609.19,1.0
p[8199],0.71,0.01,0.69,0.74,0.0,0.0,8828.69,6173.9,1.0
p[8200],0.84,0.01,0.82,0.85,0.0,0.0,8822.48,6590.86,1.0
p[8201],0.71,0.02,0.68,0.74,0.0,0.0,9279.18,7422.25,1.0
p[8202],0.84,0.01,0.82,0.85,0.0,0.0,8820.76,6619.31,1.0
p[8203],0.64,0.02,0.6,0.67,0.0,0.0,9478.03,6166.75,1.0
p[8204],0.78,0.02,0.75,0.81,0.0,0.0,8488.92,6608.24,1.0
p[8205],0.85,0.01,0.82,0.88,0.0,0.0,10788.24,7378.78,1.0
p[8206],0.72,0.01,0.7,0.74,0.0,0.0,8835.84,6147.97,1.0
p[8207],0.71,0.02,0.68,0.74,0.0,0.0,9274.37,7458.66,1.0
p[8208],0.5,0.02,0.47,0.54,0.0,0.0,9800.08,7095.57,1.0
p[8209],0.64,0.02,0.6,0.68,0.0,0.0,10486.61,6794.44,1.0
p[8210],0.74,0.02,0.71,0.77,0.0,0.0,10192.63,7125.71,1.0
p[8211],0.82,0.02,0.79,0.85,0.0,0.0,10765.79,6460.3,1.0
p[8212],0.8,0.02,0.77,0.84,0.0,0.0,10453.7,6605.34,1.0
p[8213],0.72,0.01,0.7,0.74,0.0,0.0,8843.8,6248.8,1.0
p[8214],0.72,0.01,0.7,0.74,0.0,0.0,8843.8,6248.8,1.0
p[8215],0.78,0.02,0.75,0.82,0.0,0.0,9581.22,6999.9,1.0
p[8216],0.79,0.02,0.76,0.82,0.0,0.0,8481.33,6817.03,1.0
p[8217],0.71,0.02,0.68,0.74,0.0,0.0,9263.17,7459.2,1.0
p[8218],0.72,0.01,0.7,0.74,0.0,0.0,8844.88,6354.16,1.0
p[8219],0.72,0.01,0.7,0.74,0.0,0.0,8844.88,6354.16,1.0
p[8220],0.84,0.01,0.82,0.86,0.0,0.0,8818.15,6736.94,1.0
p[8221],0.82,0.02,0.79,0.86,0.0,0.0,10758.92,6402.15,1.0
p[8222],0.65,0.02,0.61,0.69,0.0,0.0,10470.05,6885.75,1.0
p[8223],0.72,0.01,0.7,0.74,0.0,0.0,8852.79,6489.04,1.0
p[8224],0.51,0.02,0.47,0.54,0.0,0.0,9810.45,7162.42,1.0
p[8225],0.86,0.01,0.83,0.88,0.0,0.0,10780.94,7378.34,1.0
p[8226],0.79,0.02,0.76,0.82,0.0,0.0,8478.14,6817.38,1.0
p[8227],0.84,0.01,0.83,0.86,0.0,0.0,8809.73,6707.23,1.0
p[8228],0.65,0.02,0.61,0.68,0.0,0.0,9477.75,6281.77,1.0
p[8229],0.75,0.02,0.72,0.78,0.0,0.0,10172.88,7192.14,1.0
p[8230],0.72,0.02,0.69,0.75,0.0,0.0,9248.57,7533.82,1.0
p[8231],0.73,0.01,0.7,0.75,0.0,0.0,8863.64,6718.39,1.0
p[8232],0.72,0.02,0.68,0.76,0.0,0.0,10365.3,6686.83,1.0
p[8233],0.84,0.01,0.83,0.86,0.0,0.0,8808.92,6737.66,1.0
p[8234],0.72,0.02,0.69,0.75,0.0,0.0,9240.02,7709.07,1.0
p[8235],0.66,0.02,0.62,0.7,0.0,0.0,10454.33,6916.55,1.0
p[8236],0.79,0.02,0.77,0.82,0.0,0.0,9292.34,6804.25,1.0
p[8237],0.73,0.01,0.71,0.75,0.0,0.0,8873.05,6675.68,1.0
p[8238],0.85,0.01,0.83,0.86,0.0,0.0,8808.45,6797.77,1.0
p[8239],0.85,0.01,0.83,0.86,0.0,0.0,8808.15,6798.98,1.0
p[8240],0.73,0.01,0.71,0.75,0.0,0.0,8875.09,6616.99,1.0
p[8241],0.8,0.02,0.77,0.83,0.0,0.0,8473.17,6847.22,1.0
p[8242],0.72,0.02,0.69,0.75,0.0,0.0,9228.37,7757.56,1.0
p[8243],0.81,0.02,0.78,0.85,0.0,0.0,10422.59,6437.92,1.0
p[8244],0.79,0.02,0.76,0.83,0.0,0.0,9628.82,7000.96,1.0
p[8245],0.73,0.01,0.71,0.75,0.0,0.0,8879.97,6736.06,1.0
p[8246],0.52,0.02,0.49,0.56,0.0,0.0,9831.4,7298.91,1.0
p[8247],0.66,0.02,0.62,0.7,0.0,0.0,10442.64,6988.19,1.0
p[8248],0.83,0.02,0.8,0.86,0.0,0.0,10725.44,6599.3,1.0
p[8249],0.73,0.01,0.71,0.75,0.0,0.0,8884.15,6735.17,1.0
p[8250],0.73,0.01,0.71,0.75,0.0,0.0,8884.78,6735.17,1.0
p[8251],0.86,0.01,0.84,0.89,0.0,0.0,10759.6,7487.96,1.0
p[8252],0.73,0.02,0.7,0.76,0.0,0.0,9209.19,7717.82,1.0
p[8253],0.8,0.02,0.77,0.83,0.0,0.0,8460.74,6878.95,1.0
p[8254],0.74,0.01,0.71,0.76,0.0,0.0,8891.7,6734.39,1.0
p[8255],0.85,0.01,0.83,0.87,0.0,0.0,8804.72,6592.84,1.0
p[8256],0.85,0.01,0.83,0.87,0.0,0.0,8805.37,6592.84,1.0
p[8257],0.73,0.02,0.69,0.77,0.0,0.0,10331.15,6711.23,1.0
p[8258],0.76,0.02,0.73,0.79,0.0,0.0,10138.67,7194.69,1.0
p[8259],0.73,0.02,0.7,0.76,0.0,0.0,9196.47,7757.94,1.0
p[8260],0.8,0.01,0.77,0.83,0.0,0.0,9274.14,6901.92,1.0
p[8261],0.67,0.02,0.63,0.71,0.0,0.0,10423.95,7054.12,1.0
p[8262],0.66,0.02,0.63,0.7,0.0,0.0,9463.69,6185.77,1.0
p[8263],0.74,0.01,0.72,0.76,0.0,0.0,8900.1,6853.08,1.0
p[8264],0.8,0.02,0.77,0.83,0.0,0.0,8455.99,6907.05,1.0
p[8265],0.74,0.01,0.72,0.76,0.0,0.0,8900.1,6853.08,1.0
p[8266],0.73,0.02,0.7,0.76,0.0,0.0,9183.25,7674.42,1.0
p[8267],0.8,0.02,0.76,0.83,0.0,0.0,9658.13,7064.82,1.0
p[8268],0.74,0.01,0.72,0.76,0.0,0.0,8902.88,6915.75,1.0
p[8269],0.74,0.01,0.72,0.76,0.0,0.0,8902.88,6915.75,1.0
p[8270],0.82,0.02,0.79,0.85,0.0,0.0,10386.09,6586.39,1.0
p[8271],0.8,0.01,0.78,0.83,0.0,0.0,9260.98,7046.54,1.0
p[8272],0.53,0.02,0.5,0.57,0.0,0.0,9843.31,7228.92,1.0
p[8273],0.74,0.01,0.72,0.76,0.0,0.0,8907.71,7011.52,1.0
p[8274],0.67,0.02,0.63,0.71,0.0,0.0,10405.09,7024.84,1.0
p[8275],0.86,0.01,0.84,0.87,0.0,0.0,8797.45,6534.78,1.0
p[8276],0.73,0.02,0.69,0.77,0.0,0.0,10310.76,6894.05,1.0
p[8277],0.84,0.02,0.81,0.87,0.0,0.0,10688.42,6686.78,1.0
p[8278],0.74,0.01,0.72,0.77,0.0,0.0,8910.21,6978.53,1.0
p[8279],0.86,0.01,0.84,0.87,0.0,0.0,8795.76,6563.0,1.0
p[8280],0.76,0.02,0.73,0.79,0.0,0.0,10109.13,7091.67,1.0
p[8281],0.81,0.02,0.78,0.84,0.0,0.0,8451.19,6937.76,1.0
p[8282],0.87,0.01,0.85,0.89,0.0,0.0,10734.62,7486.86,1.0
p[8283],0.86,0.01,0.84,0.87,0.0,0.0,8792.97,6648.49,1.0
p[8284],0.75,0.01,0.73,0.77,0.0,0.0,8915.8,7012.27,1.0
p[8285],0.74,0.02,0.71,0.77,0.0,0.0,9160.78,7737.21,1.0
p[8286],0.74,0.02,0.71,0.77,0.0,0.0,9155.1,7754.3,1.0
p[8287],0.67,0.02,0.64,0.71,0.0,0.0,9455.17,6184.64,1.0
p[8288],0.81,0.01,0.78,0.83,0.0,0.0,9242.44,6992.87,1.0
p[8289],0.81,0.01,0.78,0.84,0.0,0.0,9238.7,6993.91,1.0
p[8290],0.86,0.01,0.84,0.87,0.0,0.0,8786.5,6649.64,1.0
p[8291],0.68,0.02,0.64,0.72,0.0,0.0,10379.46,7092.31,1.0
p[8292],0.81,0.02,0.78,0.84,0.0,0.0,8446.39,7002.61,1.0
p[8293],0.75,0.01,0.73,0.77,0.0,0.0,8922.37,6943.78,1.0
p[8294],0.81,0.02,0.77,0.84,0.0,0.0,9694.25,6903.95,1.0
p[8295],0.74,0.02,0.71,0.77,0.0,0.0,9143.7,7756.56,1.0
p[8296],0.86,0.01,0.84,0.88,0.0,0.0,8784.83,6621.48,1.0
p[8297],0.75,0.01,0.73,0.77,0.0,0.0,8922.63,6943.78,1.0
p[8298],0.83,0.02,0.8,0.86,0.0,0.0,10359.65,6732.86,1.0
p[8299],0.75,0.01,0.73,0.77,0.0,0.0,8922.9,6944.1,1.0
p[8300],0.86,0.01,0.84,0.88,0.0,0.0,8784.93,6649.85,1.0
p[8301],0.74,0.02,0.7,0.78,0.0,0.0,10282.22,6801.83,1.0
p[8302],0.75,0.01,0.73,0.77,0.0,0.0,8925.6,6818.88,1.0
p[8303],0.55,0.02,0.51,0.58,0.0,0.0,9846.86,7265.75,1.0
p[8304],0.75,0.01,0.73,0.77,0.0,0.0,8926.24,6818.88,1.0
p[8305],0.86,0.01,0.85,0.88,0.0,0.0,8780.63,6859.48,1.0
p[8306],0.75,0.01,0.73,0.77,0.0,0.0,8929.75,6787.51,1.0
p[8307],0.81,0.02,0.79,0.84,0.0,0.0,8439.87,7067.77,1.0
p[8308],0.75,0.02,0.72,0.78,0.0,0.0,9126.68,7756.46,1.0
p[8309],0.85,0.02,0.82,0.88,0.0,0.0,10635.68,6628.57,1.0
p[8310],0.86,0.01,0.85,0.88,0.0,0.0,8780.37,6923.05,1.0
p[8311],0.88,0.01,0.85,0.9,0.0,0.0,10702.1,7485.42,1.0
p[8312],0.76,0.01,0.73,0.78,0.0,0.0,8930.47,6818.02,1.0
p[8313],0.77,0.02,0.75,0.8,0.0,0.0,10060.73,7332.82,1.0
p[8314],0.68,0.02,0.65,0.72,0.0,0.0,9442.27,6184.28,1.0
p[8315],0.86,0.01,0.85,0.88,0.0,0.0,8779.01,7018.65,1.0
p[8316],0.55,0.02,0.52,0.59,0.0,0.0,9848.88,7162.48,1.0
p[8317],0.69,0.02,0.65,0.73,0.0,0.0,10351.26,7062.63,1.0
p[8318],0.75,0.02,0.72,0.78,0.0,0.0,9116.32,7717.14,1.0
p[8319],0.86,0.01,0.85,0.88,0.0,0.0,8778.1,7025.4,1.0
p[8320],0.87,0.01,0.85,0.88,0.0,0.0,8778.33,7025.26,1.0
p[8321],0.76,0.01,0.74,0.78,0.0,0.0,8936.35,6556.67,1.0
p[8322],0.81,0.02,0.78,0.85,0.0,0.0,9820.28,6967.73,1.0
p[8323],0.76,0.01,0.74,0.78,0.0,0.0,8937.06,6556.67,1.0
p[8324],0.75,0.02,0.72,0.78,0.0,0.0,9108.54,7716.82,1.0
p[8325],0.87,0.01,0.85,0.88,0.0,0.0,8777.11,7057.88,1.0
p[8326],0.82,0.02,0.79,0.85,0.0,0.0,8436.8,6970.18,1.0
p[8327],0.83,0.02,0.8,0.86,0.0,0.0,10325.69,6628.65,1.0
p[8328],0.75,0.02,0.71,0.79,0.0,0.0,10244.63,6832.52,1.0
p[8329],0.76,0.01,0.74,0.78,0.0,0.0,8941.93,6441.9,1.0
p[8330],0.76,0.01,0.74,0.78,0.0,0.0,8943.48,6469.45,1.0
p[8331],0.76,0.01,0.74,0.78,0.0,0.0,8944.29,6551.84,1.0
p[8332],0.69,0.02,0.66,0.73,0.0,0.0,9424.45,6308.89,1.0
p[8333],0.78,0.02,0.75,0.81,0.0,0.0,10019.56,7298.84,1.0
p[8334],0.88,0.01,0.86,0.91,0.0,0.0,10667.51,7413.02,1.0
p[8335],0.87,0.01,0.86,0.89,0.0,0.0,8773.01,6990.07,1.0
p[8336],0.76,0.02,0.73,0.79,0.0,0.0,9075.39,7836.29,1.0
p[8337],0.7,0.02,0.66,0.74,0.0,0.0,10305.77,7092.78,1.0
p[8338],0.57,0.02,0.53,0.6,0.0,0.0,9811.05,7161.48,1.0
p[8339],0.87,0.01,0.86,0.89,0.0,0.0,8770.9,7022.67,1.0
p[8340],0.77,0.01,0.75,0.79,0.0,0.0,8951.93,6416.34,1.0
p[8341],0.77,0.01,0.75,0.79,0.0,0.0,8951.93,6416.34,1.0
p[8342],0.87,0.01,0.86,0.89,0.0,0.0,8766.97,7021.2,1.0
p[8343],0.84,0.02,0.81,0.87,0.0,0.0,10286.56,6679.18,1.0
p[8344],0.82,0.02,0.79,0.85,0.0,0.0,9768.17,6902.78,1.0
p[8345],0.87,0.01,0.86,0.89,0.0,0.0,8764.79,7020.37,1.0
p[8346],0.87,0.01,0.86,0.89,0.0,0.0,8764.54,7020.37,1.0
p[8347],0.77,0.01,0.75,0.79,0.0,0.0,8955.03,6429.75,1.0
p[8348],0.87,0.01,0.86,0.89,0.0,0.0,8761.98,7052.88,1.0
p[8349],0.76,0.02,0.72,0.8,0.0,0.0,10206.99,6765.45,1.0
p[8350],0.87,0.01,0.86,0.89,0.0,0.0,8760.45,7052.93,1.0
p[8351],0.57,0.02,0.53,0.61,0.0,0.0,9792.46,7196.3,1.0
p[8352],0.77,0.01,0.75,0.79,0.0,0.0,8958.55,6485.69,1.0
p[8353],0.77,0.01,0.75,0.79,0.0,0.0,8958.55,6485.69,1.0
p[8354],0.79,0.02,0.76,0.82,0.0,0.0,9976.27,7121.13,1.0
p[8355],0.77,0.01,0.75,0.79,0.0,0.0,8958.19,6752.61,1.0
p[8356],0.89,0.01,0.86,0.91,0.0,0.0,10638.62,7377.51,1.0
p[8357],0.7,0.02,0.67,0.74,0.0,0.0,9403.52,6113.92,1.0
p[8358],0.88,0.01,0.86,0.89,0.0,0.0,8748.6,7031.61,1.0
p[8359],0.77,0.02,0.74,0.8,0.0,0.0,9036.44,7816.76,1.0
p[8360],0.71,0.02,0.67,0.75,0.0,0.0,10263.66,6831.92,1.0
p[8361],0.58,0.02,0.54,0.61,0.0,0.0,9769.07,7197.07,1.0
p[8362],0.88,0.01,0.86,0.89,0.0,0.0,8747.02,6967.75,1.0
p[8363],0.78,0.01,0.76,0.8,0.0,0.0,8961.16,6691.89,1.0
p[8364],0.85,0.01,0.82,0.88,0.0,0.0,10252.48,6695.91,1.0
p[8365],0.88,0.01,0.86,0.89,0.0,0.0,8743.82,6964.02,1.0
p[8366],0.83,0.02,0.8,0.86,0.0,0.0,9721.39,6969.34,1.0
p[8367],0.78,0.01,0.76,0.8,0.0,0.0,8963.63,6749.02,1.0
p[8368],0.86,0.01,0.83,0.89,0.0,0.0,10520.05,6772.5,1.0
p[8369],0.77,0.02,0.73,0.8,0.0,0.0,10170.32,7048.08,1.0
p[8370],0.78,0.01,0.76,0.8,0.0,0.0,8966.57,6880.18,1.0
p[8371],0.78,0.01,0.76,0.8,0.0,0.0,8966.57,6880.18,1.0
p[8372],0.8,0.02,0.77,0.83,0.0,0.0,9928.66,7190.53,1.0
p[8373],0.71,0.02,0.68,0.75,0.0,0.0,9384.51,6117.7,1.0
p[8374],0.78,0.01,0.75,0.81,0.0,0.0,8997.12,7634.35,1.0
p[8375],0.72,0.02,0.68,0.76,0.0,0.0,10214.79,6770.26,1.0
p[8376],0.78,0.01,0.76,0.8,0.0,0.0,8974.25,6909.27,1.0
p[8377],0.59,0.02,0.55,0.63,0.0,0.0,9732.27,7409.21,1.0
p[8378],0.88,0.01,0.87,0.9,0.0,0.0,8724.85,7159.59,1.0
p[8379],0.84,0.02,0.81,0.87,0.0,0.0,9677.47,6782.91,1.0
p[8380],0.79,0.01,0.77,0.81,0.0,0.0,8977.67,6933.09,1.0
p[8381],0.88,0.01,0.87,0.9,0.0,0.0,8719.19,7158.48,1.0
p[8382],0.79,0.01,0.77,0.81,0.0,0.0,8978.21,6931.11,1.0
p[8383],0.88,0.01,0.87,0.9,0.0,0.0,8717.72,7158.06,1.0
p[8384],0.88,0.01,0.87,0.9,0.0,0.0,8717.72,7158.06,1.0
p[8385],0.6,0.02,0.56,0.63,0.0,0.0,9713.6,7338.97,1.0
p[8386],0.79,0.01,0.77,0.81,0.0,0.0,8979.59,6930.43,1.0
p[8387],0.86,0.01,0.83,0.88,0.0,0.0,10202.99,6584.23,1.0
p[8388],0.78,0.02,0.74,0.81,0.0,0.0,10126.92,7085.11,1.0
p[8389],0.79,0.01,0.77,0.81,0.0,0.0,8981.16,6928.17,1.0
p[8390],0.72,0.02,0.69,0.76,0.0,0.0,9367.62,6271.44,1.0
p[8391],0.81,0.01,0.78,0.83,0.0,0.0,9881.75,7259.69,1.0
p[8392],0.89,0.01,0.87,0.9,0.0,0.0,8708.22,7158.51,1.0
p[8393],0.79,0.01,0.76,0.81,0.0,0.0,8947.58,7596.72,1.0
p[8394],0.79,0.01,0.77,0.81,0.0,0.0,8983.58,6831.84,1.0
p[8395],0.73,0.02,0.69,0.77,0.0,0.0,10161.57,6800.24,1.0
p[8396],0.6,0.02,0.57,0.64,0.0,0.0,9691.36,7337.34,1.0
p[8397],0.86,0.01,0.83,0.89,0.0,0.0,10175.45,6426.98,1.0
p[8398],0.79,0.01,0.77,0.81,0.0,0.0,8983.78,6899.44,1.0
p[8399],0.89,0.01,0.87,0.9,0.0,0.0,8699.6,7191.3,1.0
p[8400],0.84,0.02,0.81,0.87,0.0,0.0,9619.95,6692.59,1.0
p[8401],0.8,0.01,0.78,0.82,0.0,0.0,8982.06,6900.77,1.0
p[8402],0.79,0.02,0.75,0.82,0.0,0.0,10098.35,7188.03,1.0
p[8403],0.61,0.02,0.57,0.64,0.0,0.0,9672.64,7299.7,1.0
p[8404],0.8,0.01,0.78,0.82,0.0,0.0,8983.84,6901.16,1.0
p[8405],0.73,0.02,0.7,0.77,0.0,0.0,9343.73,6508.2,1.0
p[8406],0.81,0.01,0.79,0.84,0.0,0.0,9834.09,7268.77,1.0
p[8407],0.89,0.01,0.88,0.9,0.0,0.0,8690.89,7291.22,1.0
p[8408],0.74,0.02,0.7,0.78,0.0,0.0,10106.59,6923.51,1.0
p[8409],0.8,0.01,0.78,0.82,0.0,0.0,8987.97,7032.21,1.0
p[8410],0.89,0.01,0.88,0.91,0.0,0.0,8685.24,7296.1,1.0
p[8411],0.8,0.01,0.77,0.82,0.0,0.0,8904.66,7673.26,1.0
p[8412],0.8,0.02,0.76,0.84,0.0,0.0,8374.64,6694.27,1.0
p[8413],0.87,0.01,0.84,0.89,0.0,0.0,10130.39,6426.39,1.0
p[8414],0.8,0.01,0.78,0.82,0.0,0.0,8989.32,6934.35,1.0
p[8415],0.89,0.01,0.88,0.91,0.0,0.0,8682.84,7296.51,1.0
p[8416],0.8,0.01,0.78,0.82,0.0,0.0,8988.97,6967.93,1.0
p[8417],0.89,0.01,0.88,0.91,0.0,0.0,8680.97,7296.32,1.0
p[8418],0.8,0.01,0.78,0.82,0.0,0.0,8989.27,6999.7,1.0
p[8419],0.62,0.02,0.58,0.66,0.0,0.0,9629.61,7339.53,1.0
p[8420],0.8,0.02,0.76,0.83,0.0,0.0,10052.37,6959.31,1.0
p[8421],0.55,0.03,0.5,0.6,0.0,0.0,9820.97,6760.81,1.0
p[8422],0.69,0.02,0.66,0.72,0.0,0.0,9065.67,7376.84,1.0
p[8423],0.52,0.02,0.47,0.56,0.0,0.0,9228.68,7424.81,1.0
p[8424],0.64,0.03,0.59,0.7,0.0,0.0,10232.98,6341.25,1.0
p[8425],0.53,0.03,0.47,0.59,0.0,0.0,9422.03,7218.25,1.0
p[8426],0.7,0.02,0.67,0.73,0.0,0.0,9065.15,7127.98,1.0
p[8427],0.53,0.02,0.49,0.57,0.0,0.0,9242.42,7178.44,1.0
p[8428],0.54,0.02,0.49,0.58,0.0,0.0,9254.76,7120.65,1.0
p[8429],0.54,0.02,0.5,0.58,0.0,0.0,9260.47,7055.22,1.0
p[8430],0.72,0.02,0.69,0.75,0.0,0.0,9062.94,7167.45,1.0
p[8431],0.47,0.02,0.43,0.51,0.0,0.0,9414.99,7199.82,1.0
p[8432],0.55,0.02,0.51,0.59,0.0,0.0,9276.78,6986.09,1.0
p[8433],0.73,0.01,0.7,0.76,0.0,0.0,9058.66,7183.05,1.0
p[8434],0.35,0.02,0.31,0.38,0.0,0.0,9757.91,6944.18,1.0
p[8435],0.73,0.01,0.7,0.76,0.0,0.0,9057.98,7235.15,1.0
p[8436],0.57,0.02,0.53,0.61,0.0,0.0,9294.39,6986.63,1.0
p[8437],0.35,0.02,0.32,0.39,0.0,0.0,9772.98,6851.13,1.0
p[8438],0.58,0.02,0.55,0.61,0.0,0.0,8465.11,6952.65,1.0
p[8439],0.69,0.03,0.64,0.74,0.0,0.0,10245.65,6406.97,1.0
p[8440],0.66,0.03,0.61,0.71,0.0,0.0,10422.18,6082.0,1.0
p[8441],0.36,0.02,0.32,0.39,0.0,0.0,9785.04,6883.18,1.0
p[8442],0.61,0.02,0.57,0.65,0.0,0.0,9806.78,6725.56,1.0
p[8443],0.59,0.02,0.56,0.62,0.0,0.0,8474.58,7018.01,1.0
p[8444],0.74,0.01,0.72,0.77,0.0,0.0,9052.95,7021.85,1.0
p[8445],0.59,0.02,0.56,0.62,0.0,0.0,8475.69,6984.63,1.0
p[8446],0.58,0.02,0.54,0.62,0.0,0.0,9302.35,7151.58,1.0
p[8447],0.67,0.02,0.63,0.72,0.0,0.0,9147.64,6730.43,1.0
p[8448],0.36,0.02,0.33,0.4,0.0,0.0,9799.68,6946.56,1.0
p[8449],0.75,0.01,0.72,0.77,0.0,0.0,9051.14,6988.38,1.0
p[8450],0.51,0.03,0.46,0.55,0.0,0.0,9997.65,6988.67,1.0
p[8451],0.7,0.02,0.65,0.74,0.0,0.0,10242.58,6437.94,1.0
p[8452],0.75,0.01,0.72,0.77,0.0,0.0,9050.72,6952.83,1.0
p[8453],0.59,0.02,0.56,0.62,0.0,0.0,8479.79,7015.14,1.0
p[8454],0.67,0.02,0.63,0.72,0.0,0.0,9140.22,6760.24,1.0
p[8455],0.59,0.02,0.56,0.62,0.0,0.0,8480.32,7015.91,1.0
p[8456],0.67,0.03,0.62,0.72,0.0,0.0,10452.32,6009.89,1.0
p[8457],0.72,0.02,0.68,0.77,0.0,0.0,10693.6,6811.55,1.0
p[8458],0.58,0.03,0.53,0.63,0.0,0.0,10310.69,7215.71,1.0
p[8459],0.51,0.03,0.46,0.56,0.0,0.0,9992.83,6877.98,1.0
p[8460],0.6,0.02,0.56,0.62,0.0,0.0,8486.06,6910.16,1.0
p[8461],0.37,0.02,0.33,0.41,0.0,0.0,9814.72,6858.71,1.0
p[8462],0.6,0.02,0.57,0.63,0.0,0.0,8487.91,6992.39,1.0
p[8463],0.77,0.02,0.73,0.81,0.0,0.0,10887.1,6970.43,1.0
p[8464],0.68,0.02,0.64,0.72,0.0,0.0,9125.49,6728.18,1.0
p[8465],0.59,0.02,0.55,0.63,0.0,0.0,9310.41,7118.92,1.0
p[8466],0.75,0.01,0.73,0.78,0.0,0.0,9043.51,7059.34,1.0
p[8467],0.51,0.02,0.47,0.55,0.0,0.0,9489.16,6841.87,1.0
p[8468],0.75,0.01,0.73,0.78,0.0,0.0,9043.05,7059.86,1.0
p[8469],0.6,0.02,0.57,0.63,0.0,0.0,8492.09,6991.84,1.0
p[8470],0.63,0.02,0.58,0.67,0.0,0.0,9782.68,6606.08,1.0
p[8471],0.37,0.02,0.34,0.41,0.0,0.0,9823.51,6766.02,1.0
p[8472],0.76,0.01,0.73,0.78,0.0,0.0,9040.4,6994.59,1.0
p[8473],0.76,0.01,0.73,0.78,0.0,0.0,9040.04,6994.59,1.0
p[8474],0.76,0.01,0.73,0.78,0.0,0.0,9039.01,6994.76,1.0
p[8475],0.52,0.02,0.47,0.57,0.0,0.0,9984.99,6850.12,1.0
p[8476],0.6,0.02,0.57,0.63,0.0,0.0,8498.01,6742.51,1.0
p[8477],0.76,0.01,0.73,0.78,0.0,0.0,9039.01,6994.42,1.0
p[8478],0.76,0.01,0.73,0.78,0.0,0.0,9038.91,6994.42,1.0
p[8479],0.6,0.02,0.57,0.63,0.0,0.0,8498.92,6702.13,1.0
p[8480],0.68,0.02,0.63,0.73,0.0,0.0,10454.72,6031.72,1.0
p[8481],0.6,0.02,0.56,0.63,0.0,0.0,9316.98,7052.79,1.0
p[8482],0.71,0.02,0.66,0.75,0.0,0.0,10232.82,6506.58,1.0
p[8483],0.63,0.02,0.59,0.67,0.0,0.0,9772.86,6639.49,1.0
p[8484],0.73,0.02,0.69,0.78,0.0,0.0,10694.8,6872.66,1.0
p[8485],0.61,0.02,0.58,0.63,0.0,0.0,8502.09,6763.44,1.0
p[8486],0.61,0.02,0.58,0.63,0.0,0.0,8502.09,6763.44,1.0
p[8487],0.52,0.02,0.48,0.57,0.0,0.0,9975.77,6910.09,1.0
p[8488],0.38,0.02,0.34,0.42,0.0,0.0,9834.36,6857.09,1.0
p[8489],0.61,0.02,0.58,0.64,0.0,0.0,8503.0,6714.44,1.0
p[8490],0.59,0.03,0.54,0.64,0.0,0.0,10255.16,7110.84,1.0
p[8491],0.52,0.02,0.48,0.56,0.0,0.0,9506.13,6904.4,1.0
p[8492],0.63,0.02,0.59,0.67,0.0,0.0,9764.71,6757.61,1.0
p[8493],0.69,0.02,0.65,0.73,0.0,0.0,9097.35,6677.67,1.0
p[8494],0.76,0.01,0.74,0.79,0.0,0.0,9032.63,6993.93,1.0
p[8495],0.6,0.02,0.56,0.64,0.0,0.0,9319.09,6861.1,1.0
p[8496],0.61,0.02,0.58,0.64,0.0,0.0,8506.56,6722.32,1.0
p[8497],0.78,0.02,0.75,0.82,0.0,0.0,10886.82,6939.9,1.0
p[8498],0.69,0.02,0.65,0.73,0.0,0.0,9091.2,6677.64,1.0
p[8499],0.76,0.01,0.74,0.79,0.0,0.0,9030.14,6812.24,1.0
p[8500],0.76,0.01,0.74,0.79,0.0,0.0,9029.69,6814.26,1.0
p[8501],0.76,0.01,0.74,0.79,0.0,0.0,9029.69,6814.26,1.0
p[8502],0.61,0.02,0.58,0.64,0.0,0.0,8509.44,6722.79,1.0
p[8503],0.61,0.02,0.57,0.64,0.0,0.0,9320.34,6860.86,1.0
p[8504],0.53,0.02,0.49,0.58,0.0,0.0,9954.93,6725.79,1.0
p[8505],0.62,0.02,0.59,0.64,0.0,0.0,8513.2,6623.79,1.0
p[8506],0.62,0.02,0.59,0.64,0.0,0.0,8513.67,6623.79,1.0
p[8507],0.72,0.02,0.68,0.76,0.0,0.0,10208.12,6354.24,1.0
p[8508],0.77,0.01,0.74,0.79,0.0,0.0,9027.69,6815.25,1.0
p[8509],0.69,0.02,0.65,0.74,0.0,0.0,10450.93,5831.47,1.0
p[8510],0.62,0.02,0.59,0.64,0.0,0.0,8515.88,6623.79,1.0
p[8511],0.77,0.01,0.74,0.79,0.0,0.0,9025.6,6815.25,1.0
p[8512],0.64,0.02,0.6,0.68,0.0,0.0,9751.34,6695.98,1.0
p[8513],0.61,0.02,0.57,0.65,0.0,0.0,9318.87,6860.91,1.0
p[8514],0.74,0.02,0.7,0.79,0.0,0.0,10687.24,6802.86,1.0
p[8515],0.54,0.02,0.49,0.58,0.0,0.0,9942.71,6816.55,1.0
p[8516],0.39,0.02,0.35,0.43,0.0,0.0,9852.6,6982.32,1.0
p[8517],0.62,0.02,0.59,0.65,0.0,0.0,8519.71,6595.77,1.0
p[8518],0.61,0.03,0.56,0.65,0.0,0.0,10217.79,7074.28,1.0
p[8519],0.62,0.02,0.59,0.65,0.0,0.0,8523.12,6624.74,1.0
p[8520],0.53,0.02,0.49,0.57,0.0,0.0,9520.39,6872.8,1.0
p[8521],0.7,0.02,0.66,0.74,0.0,0.0,9058.65,6672.24,1.0
p[8522],0.77,0.01,0.75,0.8,0.0,0.0,9017.05,6580.95,1.0
p[8523],0.61,0.02,0.58,0.65,0.0,0.0,9318.52,6830.51,1.0
p[8524],0.62,0.01,0.59,0.65,0.0,0.0,8528.48,6645.83,1.0
p[8525],0.7,0.02,0.66,0.74,0.0,0.0,9743.33,7170.49,1.0
p[8526],0.4,0.02,0.36,0.43,0.0,0.0,9860.04,6919.13,1.0
p[8527],0.54,0.02,0.5,0.59,0.0,0.0,9927.7,6743.87,1.0
p[8528],0.62,0.02,0.58,0.65,0.0,0.0,9320.47,6829.15,1.0
p[8529],0.77,0.01,0.75,0.8,0.0,0.0,9016.2,6647.7,1.0
p[8530],0.63,0.01,0.6,0.65,0.0,0.0,8533.41,6774.74,1.0
p[8531],0.77,0.01,0.75,0.8,0.0,0.0,9015.44,6646.33,1.0
p[8532],0.73,0.02,0.69,0.77,0.0,0.0,10190.4,6265.65,1.0
p[8533],0.77,0.01,0.75,0.8,0.0,0.0,9015.44,6646.33,1.0
p[8534],0.65,0.02,0.61,0.69,0.0,0.0,9729.44,6638.68,1.0
p[8535],0.63,0.01,0.6,0.66,0.0,0.0,8536.23,6750.33,1.0
p[8536],0.78,0.01,0.75,0.8,0.0,0.0,9013.69,6532.72,1.0
p[8537],0.62,0.02,0.58,0.66,0.0,0.0,9321.31,6738.52,1.0
p[8538],0.75,0.02,0.71,0.8,0.0,0.0,10674.96,6846.09,1.0
p[8539],0.78,0.01,0.75,0.8,0.0,0.0,9011.95,6566.56,1.0
p[8540],0.63,0.01,0.6,0.66,0.0,0.0,8539.57,6794.71,1.0
p[8541],0.62,0.03,0.57,0.66,0.0,0.0,10170.31,6883.56,1.0
p[8542],0.63,0.01,0.6,0.66,0.0,0.0,8543.06,6803.06,1.0
p[8543],0.63,0.01,0.6,0.66,0.0,0.0,8543.06,6803.06,1.0
p[8544],0.8,0.02,0.76,0.84,0.0,0.0,10885.56,7129.9,1.0
p[8545],0.55,0.02,0.51,0.59,0.0,0.0,9532.3,6935.93,1.0
p[8546],0.63,0.02,0.59,0.66,0.0,0.0,9317.42,6651.32,1.0
p[8547],0.66,0.02,0.62,0.7,0.0,0.0,9719.02,6752.28,1.0
p[8548],0.64,0.01,0.61,0.66,0.0,0.0,8546.9,6832.82,1.0
p[8549],0.71,0.02,0.68,0.75,0.0,0.0,9721.96,6743.75,1.0
p[8550],0.66,0.02,0.62,0.7,0.0,0.0,9717.8,6692.57,1.0
p[8551],0.63,0.02,0.59,0.66,0.0,0.0,9315.97,6680.38,1.0
p[8552],0.56,0.02,0.51,0.6,0.0,0.0,9891.49,6841.68,1.0
p[8553],0.78,0.01,0.76,0.81,0.0,0.0,9040.7,6615.12,1.0
p[8554],0.64,0.01,0.61,0.67,0.0,0.0,8554.78,6816.29,1.0
p[8555],0.64,0.01,0.61,0.67,0.0,0.0,8554.43,6816.36,1.0
p[8556],0.66,0.02,0.63,0.7,0.0,0.0,9708.23,6721.99,1.0
p[8557],0.78,0.01,0.76,0.81,0.0,0.0,9034.47,6673.47,1.0
p[8558],0.63,0.02,0.6,0.67,0.0,0.0,9314.37,6537.95,1.0
p[8559],0.71,0.02,0.67,0.75,0.0,0.0,10412.11,5976.12,1.0
p[8560],0.64,0.01,0.61,0.67,0.0,0.0,8556.24,6784.7,1.0
p[8561],0.74,0.02,0.7,0.78,0.0,0.0,10171.58,6156.42,1.0
p[8562],0.63,0.03,0.58,0.67,0.0,0.0,10134.22,6730.48,1.0
p[8563],0.79,0.01,0.76,0.81,0.0,0.0,9021.37,6703.46,1.0
p[8564],0.64,0.01,0.62,0.67,0.0,0.0,8558.59,6846.68,1.0
p[8565],0.42,0.02,0.38,0.45,0.0,0.0,9879.27,6769.75,1.0
p[8566],0.56,0.02,0.52,0.61,0.0,0.0,9871.75,6810.06,1.0
p[8567],0.64,0.01,0.62,0.67,0.0,0.0,8562.0,6846.5,1.0
p[8568],0.81,0.02,0.77,0.84,0.0,0.0,10873.39,7243.78,1.0
p[8569],0.64,0.02,0.6,0.67,0.0,0.0,9306.93,6509.89,1.0
p[8570],0.65,0.01,0.62,0.67,0.0,0.0,8566.84,6791.61,1.0
p[8571],0.64,0.02,0.6,0.67,0.0,0.0,9305.43,6400.4,1.0
p[8572],0.67,0.02,0.63,0.71,0.0,0.0,9687.34,6657.78,1.0
p[8573],0.57,0.02,0.52,0.61,0.0,0.0,9854.78,6826.52,1.0
p[8574],0.79,0.01,0.77,0.81,0.0,0.0,9000.29,6849.93,1.0
p[8575],0.73,0.02,0.69,0.76,0.0,0.0,9688.19,6171.12,1.0
p[8576],0.77,0.02,0.73,0.81,0.0,0.0,10636.21,6876.68,1.0
p[8577],0.65,0.01,0.62,0.68,0.0,0.0,8573.7,6729.28,1.0
p[8578],0.79,0.01,0.77,0.81,0.0,0.0,8993.2,6837.77,1.0
p[8579],0.65,0.01,0.62,0.68,0.0,0.0,8574.17,6700.05,1.0
p[8580],0.72,0.02,0.68,0.76,0.0,0.0,10382.04,6139.83,1.0
p[8581],0.64,0.02,0.61,0.68,0.0,0.0,9299.68,6320.27,1.0
p[8582],0.65,0.01,0.63,0.68,0.0,0.0,8575.09,6759.56,1.0
p[8583],0.65,0.01,0.63,0.68,0.0,0.0,8575.09,6759.56,1.0
p[8584],0.75,0.02,0.71,0.79,0.0,0.0,10141.83,6248.24,1.0
p[8585],0.64,0.02,0.59,0.69,0.0,0.0,10080.99,6774.93,1.0
p[8586],0.77,0.02,0.73,0.81,0.0,0.0,10629.56,6876.49,1.0
p[8587],0.57,0.02,0.53,0.62,0.0,0.0,9832.96,6919.17,1.0
p[8588],0.43,0.02,0.39,0.47,0.0,0.0,9884.48,6891.68,1.0
p[8589],0.79,0.01,0.77,0.82,0.0,0.0,8983.08,6657.0,1.0
p[8590],0.8,0.01,0.77,0.82,0.0,0.0,8980.48,6628.14,1.0
p[8591],0.66,0.01,0.63,0.68,0.0,0.0,8582.69,6655.6,1.0
p[8592],0.66,0.01,0.63,0.68,0.0,0.0,8583.14,6655.6,1.0
p[8593],0.81,0.02,0.78,0.85,0.0,0.0,10862.16,7176.27,1.0
p[8594],0.68,0.02,0.64,0.72,0.0,0.0,9663.0,6661.14,1.0
p[8595],0.8,0.01,0.78,0.82,0.0,0.0,8976.23,6570.08,1.0
p[8596],0.65,0.02,0.62,0.69,0.0,0.0,9295.54,6345.82,1.0
p[8597],0.57,0.02,0.53,0.61,0.0,0.0,9555.96,6625.42,1.0
p[8598],0.8,0.01,0.78,0.82,0.0,0.0,8967.65,6571.32,1.0
p[8599],0.66,0.01,0.63,0.68,0.0,0.0,8588.7,6627.34,1.0
p[8600],0.65,0.02,0.62,0.69,0.0,0.0,9294.08,6293.27,1.0
p[8601],0.58,0.02,0.54,0.62,0.0,0.0,9813.52,6944.9,1.0
p[8602],0.44,0.02,0.4,0.47,0.0,0.0,9884.57,6918.31,1.0
p[8603],0.73,0.02,0.7,0.77,0.0,0.0,9699.22,6344.75,1.0
p[8604],0.66,0.01,0.64,0.69,0.0,0.0,8596.62,6607.57,1.0
p[8605],0.8,0.01,0.78,0.82,0.0,0.0,8942.47,6544.41,1.0
p[8606],0.66,0.01,0.64,0.69,0.0,0.0,8597.09,6607.57,1.0
p[8607],0.73,0.02,0.69,0.77,0.0,0.0,10358.06,6240.68,1.0
p[8608],0.69,0.02,0.65,0.73,0.0,0.0,9640.91,6574.38,1.0
p[8609],0.8,0.01,0.78,0.82,0.0,0.0,8932.86,6638.83,1.0
p[8610],0.66,0.02,0.62,0.69,0.0,0.0,9287.88,6349.3,1.0
p[8611],0.67,0.01,0.64,0.69,0.0,0.0,8602.75,6690.57,1.0
p[8612],0.44,0.02,0.4,0.48,0.0,0.0,9886.89,6946.68,1.0
p[8613],0.67,0.01,0.64,0.69,0.0,0.0,8603.83,6690.57,1.0
p[8614],0.78,0.02,0.74,0.82,0.0,0.0,10597.46,6945.36,1.0
p[8615],0.65,0.02,0.61,0.7,0.0,0.0,10010.2,6834.9,1.0
p[8616],0.8,0.01,0.78,0.83,0.0,0.0,8921.17,6666.14,1.0
p[8617],0.59,0.02,0.54,0.63,0.0,0.0,9787.64,6913.8,1.0
p[8618],0.67,0.01,0.64,0.69,0.0,0.0,8605.17,6661.03,1.0
p[8619],0.66,0.02,0.63,0.7,0.0,0.0,9282.68,6322.01,1.0
p[8620],0.69,0.02,0.66,0.73,0.0,0.0,9628.8,6517.69,1.0
p[8621],0.81,0.01,0.79,0.83,0.0,0.0,8908.78,6708.29,1.0
p[8622],0.67,0.01,0.64,0.69,0.0,0.0,8610.23,6575.06,1.0
p[8623],0.82,0.02,0.79,0.86,0.0,0.0,10840.39,7077.85,1.0
p[8624],0.66,0.02,0.63,0.7,0.0,0.0,9278.11,6322.01,1.0
p[8625],0.81,0.01,0.79,0.83,0.0,0.0,8901.48,6679.55,1.0
p[8626],0.45,0.02,0.41,0.49,0.0,0.0,9884.41,6915.7,1.0
p[8627],0.59,0.02,0.55,0.64,0.0,0.0,9774.67,7008.6,1.0
p[8628],0.81,0.01,0.79,0.83,0.0,0.0,8899.34,6709.03,1.0
p[8629],0.81,0.01,0.79,0.83,0.0,0.0,8896.64,6739.82,1.0
p[8630],0.75,0.02,0.71,0.78,0.0,0.0,9636.42,6905.83,1.0
p[8631],0.67,0.01,0.65,0.7,0.0,0.0,8619.54,6577.65,1.0
p[8632],0.67,0.01,0.65,0.7,0.0,0.0,8620.28,6577.65,1.0
p[8633],0.67,0.02,0.63,0.7,0.0,0.0,9272.75,6270.46,1.0
p[8634],0.74,0.02,0.7,0.78,0.0,0.0,10325.05,6427.44,1.0
p[8635],0.77,0.02,0.73,0.81,0.0,0.0,10073.88,6224.55,1.0
p[8636],0.68,0.01,0.65,0.7,0.0,0.0,8624.12,6577.65,1.0
p[8637],0.68,0.01,0.65,0.7,0.0,0.0,8624.12,6577.65,1.0
p[8638],0.79,0.02,0.75,0.83,0.0,0.0,10580.16,6899.07,1.0
p[8639],0.7,0.02,0.66,0.74,0.0,0.0,9600.76,6463.24,1.0
p[8640],0.68,0.01,0.65,0.7,0.0,0.0,8627.32,6604.17,1.0
p[8641],0.67,0.02,0.62,0.71,0.0,0.0,9951.35,6818.42,1.0
p[8642],0.6,0.02,0.56,0.64,0.0,0.0,9756.37,6879.9,1.0
p[8643],0.45,0.02,0.42,0.49,0.0,0.0,9878.9,6981.16,1.0
p[8644],0.81,0.01,0.79,0.83,0.0,0.0,8862.1,6827.8,1.0
p[8645],0.6,0.02,0.56,0.63,0.0,0.0,9556.86,6617.49,1.0
p[8646],0.7,0.02,0.67,0.74,0.0,0.0,9590.3,6490.99,1.0
p[8647],0.67,0.02,0.64,0.71,0.0,0.0,9263.87,6245.1,1.0
p[8648],0.68,0.01,0.66,0.71,0.0,0.0,8631.18,6576.06,1.0
p[8649],0.46,0.02,0.42,0.5,0.0,0.0,9876.7,7033.52,1.0
p[8650],0.61,0.02,0.56,0.65,0.0,0.0,9731.03,6787.33,1.0
p[8651],0.75,0.02,0.72,0.79,0.0,0.0,9582.86,7016.86,1.0
p[8652],0.68,0.01,0.66,0.71,0.0,0.0,8643.08,6633.02,1.0
p[8653],0.68,0.02,0.64,0.71,0.0,0.0,9258.86,6171.9,1.0
p[8654],0.76,0.02,0.72,0.79,0.0,0.0,8879.06,6645.43,1.0
p[8655],0.69,0.01,0.66,0.71,0.0,0.0,8644.09,6633.02,1.0
p[8656],0.75,0.02,0.71,0.79,0.0,0.0,10290.01,6518.41,1.0
p[8657],0.68,0.02,0.65,0.71,0.0,0.0,9256.77,6222.32,1.0
p[8658],0.71,0.02,0.67,0.75,0.0,0.0,9567.11,6463.91,1.0
p[8659],0.69,0.01,0.66,0.71,0.0,0.0,8649.98,6691.11,1.0
p[8660],0.82,0.01,0.8,0.84,0.0,0.0,8818.71,6590.38,1.0
p[8661],0.68,0.02,0.63,0.72,0.0,0.0,9893.87,6788.01,1.0
p[8662],0.78,0.02,0.74,0.82,0.0,0.0,10039.26,6477.98,1.0
p[8663],0.61,0.02,0.57,0.65,0.0,0.0,9710.92,6787.67,1.0
p[8664],0.47,0.02,0.43,0.51,0.0,0.0,9872.73,7024.09,1.0
p[8665],0.8,0.02,0.76,0.84,0.0,0.0,10544.92,6791.65,1.0
p[8666],0.69,0.01,0.66,0.71,0.0,0.0,8654.85,6632.55,1.0
p[8667],0.61,0.02,0.57,0.65,0.0,0.0,9558.0,6722.96,1.0
p[8668],0.71,0.02,0.68,0.75,0.0,0.0,9552.97,6409.24,1.0
p[8669],0.84,0.02,0.81,0.87,0.0,0.0,10796.97,7093.73,1.0
p[8670],0.68,0.02,0.65,0.72,0.0,0.0,9248.07,6313.6,1.0
p[8671],0.76,0.02,0.73,0.8,0.0,0.0,8853.73,6615.62,1.0
p[8672],0.82,0.01,0.8,0.84,0.0,0.0,8797.6,6476.54,1.0
p[8673],0.69,0.01,0.67,0.72,0.0,0.0,8661.32,6691.16,1.0
p[8674],0.76,0.02,0.73,0.79,0.0,0.0,9543.92,6981.37,1.0
p[8675],0.69,0.02,0.65,0.72,0.0,0.0,9245.59,6286.59,1.0
p[8676],0.62,0.02,0.58,0.66,0.0,0.0,9692.07,6696.31,1.0
p[8677],0.47,0.02,0.44,0.51,0.0,0.0,9865.27,6959.35,1.0
p[8678],0.82,0.01,0.8,0.84,0.0,0.0,8777.69,6264.7,1.0
p[8679],0.7,0.01,0.67,0.72,0.0,0.0,8665.11,6662.0,1.0
p[8680],0.79,0.02,0.75,0.82,0.0,0.0,10013.22,6220.72,1.0
p[8681],0.77,0.02,0.73,0.8,0.0,0.0,8833.54,6704.68,1.0
p[8682],0.69,0.02,0.66,0.72,0.0,0.0,9242.3,6300.0,1.0
p[8683],0.82,0.01,0.8,0.84,0.0,0.0,8776.18,6265.17,1.0
p[8684],0.7,0.01,0.67,0.72,0.0,0.0,8667.5,6691.15,1.0
p[8685],0.76,0.02,0.72,0.8,0.0,0.0,10231.83,6564.33,1.0
p[8686],0.81,0.02,0.77,0.84,0.0,0.0,10508.03,6854.43,1.0
p[8687],0.7,0.01,0.67,0.72,0.0,0.0,8670.18,6632.87,1.0
p[8688],0.7,0.01,0.67,0.72,0.0,0.0,8670.18,6632.87,1.0
p[8689],0.72,0.02,0.69,0.76,0.0,0.0,9519.71,6355.76,1.0
p[8690],0.48,0.02,0.44,0.52,0.0,0.0,9857.28,6895.62,1.0
p[8691],0.83,0.01,0.81,0.85,0.0,0.0,8757.16,6316.32,1.0
p[8692],0.7,0.01,0.68,0.72,0.0,0.0,8675.14,6632.67,1.0
p[8693],0.63,0.02,0.58,0.67,0.0,0.0,9660.39,6786.84,1.0
p[8694],0.77,0.02,0.74,0.8,0.0,0.0,8817.75,6686.64,1.0
p[8695],0.62,0.02,0.58,0.66,0.0,0.0,9548.3,6709.82,1.0
p[8696],0.7,0.01,0.68,0.73,0.0,0.0,8678.26,6662.25,1.0
p[8697],0.83,0.01,0.81,0.85,0.0,0.0,8747.43,6419.32,1.0
p[8698],0.7,0.01,0.68,0.73,0.0,0.0,8678.41,6662.25,1.0
p[8699],0.81,0.02,0.77,0.84,0.0,0.0,10490.09,6845.9,1.0
p[8700],0.83,0.01,0.81,0.85,0.0,0.0,8745.79,6419.32,1.0
p[8701],0.7,0.02,0.66,0.73,0.0,0.0,9229.2,6327.11,1.0
p[8702],0.72,0.02,0.69,0.76,0.0,0.0,9504.98,6354.94,1.0
p[8703],0.7,0.01,0.68,0.73,0.0,0.0,8679.35,6633.24,1.0
p[8704],0.77,0.02,0.74,0.8,0.0,0.0,9557.54,7198.06,1.0
p[8705],0.7,0.02,0.66,0.73,0.0,0.0,9224.83,6367.72,1.0
p[8706],0.49,0.02,0.45,0.52,0.0,0.0,9851.29,6837.55,1.0
p[8707],0.63,0.02,0.59,0.67,0.0,0.0,9647.05,7027.66,1.0
p[8708],0.83,0.01,0.81,0.85,0.0,0.0,8731.09,6447.47,1.0
p[8709],0.71,0.01,0.68,0.73,0.0,0.0,8686.35,6634.21,1.0
p[8710],0.71,0.01,0.68,0.73,0.0,0.0,8688.04,6548.31,1.0
p[8711],0.77,0.02,0.73,0.81,0.0,0.0,10189.1,6467.06,1.0
p[8712],0.83,0.01,0.81,0.85,0.0,0.0,8724.46,6474.83,1.0
p[8713],0.78,0.02,0.74,0.81,0.0,0.0,8791.0,6702.23,1.0
p[8714],0.71,0.01,0.68,0.73,0.0,0.0,8689.91,6520.59,1.0
p[8715],0.79,0.02,0.76,0.83,0.0,0.0,9975.34,6380.56,1.0
p[8716],0.7,0.02,0.67,0.73,0.0,0.0,9215.49,6421.81,1.0
p[8717],0.83,0.01,0.81,0.85,0.0,0.0,8716.73,6529.75,1.0
p[8718],0.7,0.02,0.66,0.74,0.0,0.0,9776.52,6851.12,1.0
p[8719],0.49,0.02,0.45,0.53,0.0,0.0,9844.41,6930.99,1.0
p[8720],0.64,0.02,0.59,0.68,0.0,0.0,9625.49,6914.88,1.0
p[8721],0.71,0.01,0.69,0.74,0.0,0.0,8696.35,6492.86,1.0
p[8722],0.73,0.02,0.7,0.77,0.0,0.0,9475.61,6546.46,1.0
p[8723],0.78,0.02,0.75,0.81,0.0,0.0,8774.1,6701.64,1.0
p[8724],0.84,0.01,0.82,0.85,0.0,0.0,8691.1,6502.53,1.0
p[8725],0.71,0.02,0.67,0.74,0.0,0.0,9201.72,6449.84,1.0
p[8726],0.82,0.02,0.78,0.85,0.0,0.0,10442.35,6854.43,1.0
p[8727],0.5,0.02,0.46,0.54,0.0,0.0,9835.31,6966.09,1.0
p[8728],0.64,0.02,0.6,0.68,0.0,0.0,9601.0,7011.41,1.0
p[8729],0.71,0.02,0.68,0.74,0.0,0.0,9196.36,6491.27,1.0
p[8730],0.85,0.02,0.82,0.88,0.0,0.0,10726.25,7204.56,1.0
p[8731],0.64,0.02,0.6,0.67,0.0,0.0,9538.42,6671.92,1.0
p[8732],0.84,0.01,0.82,0.86,0.0,0.0,8669.39,6572.23,1.0
p[8733],0.72,0.01,0.69,0.74,0.0,0.0,8707.57,6694.0,1.0
p[8734],0.78,0.02,0.75,0.81,0.0,0.0,9426.2,7335.16,1.0
p[8735],0.78,0.02,0.75,0.82,0.0,0.0,8753.41,6717.6,1.0
p[8736],0.8,0.02,0.77,0.84,0.0,0.0,9938.0,6408.22,1.0
p[8737],0.71,0.02,0.68,0.74,0.0,0.0,9192.17,6546.23,1.0
p[8738],0.78,0.02,0.74,0.82,0.0,0.0,10133.76,6489.77,1.0
p[8739],0.84,0.01,0.82,0.86,0.0,0.0,8658.27,6718.87,1.0
p[8740],0.84,0.01,0.82,0.86,0.0,0.0,8657.27,6718.87,1.0
p[8741],0.72,0.01,0.7,0.74,0.0,0.0,8711.4,6595.15,1.0
p[8742],0.72,0.01,0.7,0.74,0.0,0.0,8711.4,6595.15,1.0
p[8743],0.74,0.02,0.71,0.77,0.0,0.0,9440.44,6718.8,1.0
p[8744],0.84,0.01,0.82,0.86,0.0,0.0,8656.38,6810.7,1.0
p[8745],0.71,0.02,0.67,0.75,0.0,0.0,9708.0,6697.58,1.0
p[8746],0.82,0.02,0.79,0.86,0.0,0.0,10419.9,6949.35,1.0
p[8747],0.51,0.02,0.47,0.54,0.0,0.0,9825.23,7098.02,1.0
p[8748],0.65,0.02,0.6,0.69,0.0,0.0,9575.8,7043.2,1.0
p[8749],0.72,0.01,0.7,0.74,0.0,0.0,8711.79,6595.15,1.0
p[8750],0.72,0.01,0.7,0.74,0.0,0.0,8712.95,6566.6,1.0
p[8751],0.84,0.01,0.82,0.86,0.0,0.0,8647.24,6840.29,1.0
p[8752],0.64,0.02,0.61,0.68,0.0,0.0,9533.67,6771.14,1.0
p[8753],0.79,0.02,0.76,0.82,0.0,0.0,8734.73,6673.97,1.0
p[8754],0.72,0.02,0.68,0.75,0.0,0.0,9176.42,6590.08,1.0
p[8755],0.86,0.01,0.83,0.88,0.0,0.0,10701.68,7221.75,1.0
p[8756],0.74,0.02,0.71,0.78,0.0,0.0,9423.1,6808.66,1.0
p[8757],0.72,0.02,0.68,0.75,0.0,0.0,9172.48,6647.41,1.0
p[8758],0.51,0.02,0.47,0.55,0.0,0.0,9814.54,7269.57,1.0
p[8759],0.65,0.02,0.61,0.69,0.0,0.0,9548.98,7042.26,1.0
p[8760],0.79,0.02,0.76,0.82,0.0,0.0,8719.49,6601.25,1.0
p[8761],0.73,0.01,0.7,0.75,0.0,0.0,8724.4,6637.39,1.0
p[8762],0.79,0.02,0.76,0.82,0.0,0.0,9356.06,7235.27,1.0
p[8763],0.73,0.01,0.7,0.75,0.0,0.0,8726.8,6608.33,1.0
p[8764],0.72,0.02,0.69,0.75,0.0,0.0,9165.04,6705.89,1.0
p[8765],0.79,0.02,0.75,0.82,0.0,0.0,10089.59,6436.79,1.0
p[8766],0.73,0.01,0.7,0.75,0.0,0.0,8728.01,6652.01,1.0
p[8767],0.85,0.01,0.83,0.86,0.0,0.0,8682.78,6570.37,1.0
p[8768],0.81,0.02,0.78,0.85,0.0,0.0,9890.42,6541.2,1.0
p[8769],0.72,0.02,0.68,0.76,0.0,0.0,9623.43,6818.39,1.0
p[8770],0.85,0.01,0.83,0.86,0.0,0.0,8659.57,6514.5,1.0
p[8771],0.73,0.01,0.71,0.75,0.0,0.0,8730.47,6651.71,1.0
p[8772],0.73,0.01,0.71,0.75,0.0,0.0,8731.32,6651.71,1.0
p[8773],0.83,0.02,0.8,0.86,0.0,0.0,10369.53,6916.28,1.0
p[8774],0.52,0.02,0.48,0.56,0.0,0.0,9797.16,7237.6,1.0
p[8775],0.66,0.02,0.62,0.69,0.0,0.0,9518.68,6846.63,1.0
p[8776],0.75,0.02,0.72,0.78,0.0,0.0,9389.94,6687.65,1.0
p[8777],0.86,0.01,0.84,0.89,0.0,0.0,10667.88,7257.29,1.0
p[8778],0.85,0.01,0.83,0.87,0.0,0.0,8621.88,6601.72,1.0
p[8779],0.73,0.02,0.69,0.76,0.0,0.0,9154.34,6720.23,1.0
p[8780],0.73,0.01,0.71,0.76,0.0,0.0,8738.29,6664.08,1.0
p[8781],0.73,0.02,0.69,0.76,0.0,0.0,9148.71,6780.15,1.0
p[8782],0.52,0.02,0.48,0.56,0.0,0.0,9785.9,7037.05,1.0
p[8783],0.66,0.02,0.62,0.71,0.0,0.0,9500.09,7010.62,1.0
p[8784],0.85,0.01,0.83,0.87,0.0,0.0,8579.98,6542.43,1.0
p[8785],0.85,0.01,0.83,0.87,0.0,0.0,8573.84,6570.34,1.0
p[8786],0.8,0.02,0.77,0.83,0.0,0.0,8677.95,6536.38,1.0
p[8787],0.74,0.01,0.71,0.76,0.0,0.0,8741.77,6705.9,1.0
p[8788],0.82,0.02,0.79,0.85,0.0,0.0,9858.59,6547.36,1.0
p[8789],0.8,0.02,0.76,0.83,0.0,0.0,10048.88,6468.39,1.0
p[8790],0.73,0.02,0.7,0.76,0.0,0.0,9140.84,6749.37,1.0
p[8791],0.74,0.01,0.72,0.76,0.0,0.0,8742.97,6718.21,1.0
p[8792],0.76,0.02,0.73,0.79,0.0,0.0,9360.5,6657.55,1.0
p[8793],0.84,0.02,0.8,0.87,0.0,0.0,10335.36,6901.27,1.0
p[8794],0.73,0.02,0.69,0.77,0.0,0.0,9550.42,6803.91,1.0
p[8795],0.85,0.01,0.84,0.87,0.0,0.0,8536.26,6403.44,1.0
p[8796],0.85,0.01,0.84,0.87,0.0,0.0,8531.47,6403.44,1.0
p[8797],0.74,0.01,0.72,0.77,0.0,0.0,8747.21,6718.19,1.0
p[8798],0.53,0.02,0.49,0.57,0.0,0.0,9771.45,7045.39,1.0
p[8799],0.74,0.01,0.72,0.77,0.0,0.0,8748.12,6778.56,1.0
p[8800],0.74,0.01,0.72,0.77,0.0,0.0,8750.28,6778.33,1.0
p[8801],0.85,0.01,0.84,0.87,0.0,0.0,8506.63,6273.13,1.0
p[8802],0.67,0.02,0.63,0.71,0.0,0.0,9497.38,6636.95,1.0
p[8803],0.87,0.01,0.84,0.89,0.0,0.0,10620.74,7189.39,1.0
p[8804],0.86,0.01,0.84,0.87,0.0,0.0,8492.36,6274.47,1.0
p[8805],0.74,0.02,0.71,0.77,0.0,0.0,9184.68,6719.17,1.0
p[8806],0.68,0.02,0.64,0.72,0.0,0.0,9554.62,6912.59,1.0
p[8807],0.75,0.01,0.72,0.77,0.0,0.0,8760.68,6996.16,1.0
p[8808],0.8,0.02,0.77,0.84,0.0,0.0,9992.92,6414.54,1.0
p[8809],0.75,0.01,0.73,0.77,0.0,0.0,8760.25,7028.71,1.0
p[8810],0.83,0.02,0.79,0.86,0.0,0.0,9814.6,6519.01,1.0
p[8811],0.75,0.01,0.73,0.77,0.0,0.0,8760.83,7028.71,1.0
p[8812],0.86,0.01,0.84,0.88,0.0,0.0,8455.97,6377.04,1.0
p[8813],0.84,0.02,0.81,0.87,0.0,0.0,10297.24,6896.79,1.0
p[8814],0.86,0.01,0.84,0.88,0.0,0.0,8452.8,6516.59,1.0
p[8815],0.54,0.02,0.5,0.58,0.0,0.0,9738.6,6984.23,1.0
p[8816],0.75,0.01,0.73,0.77,0.0,0.0,8760.88,7028.68,1.0
p[8817],0.75,0.01,0.73,0.77,0.0,0.0,8760.68,7028.68,1.0
p[8818],0.74,0.02,0.7,0.78,0.0,0.0,9469.21,6713.87,1.0
p[8819],0.87,0.01,0.85,0.9,0.0,0.0,10772.58,7293.7,1.0
p[8820],0.68,0.02,0.64,0.71,0.0,0.0,9479.51,6309.37,1.0
p[8821],0.77,0.02,0.74,0.8,0.0,0.0,9305.99,6692.19,1.0
p[8822],0.75,0.02,0.71,0.78,0.0,0.0,9133.4,6874.2,1.0
p[8823],0.86,0.01,0.85,0.88,0.0,0.0,8413.41,6871.32,1.0
p[8824],0.69,0.02,0.64,0.72,0.0,0.0,9462.88,6951.08,1.0
p[8825],0.76,0.01,0.73,0.78,0.0,0.0,8773.61,6933.93,1.0
p[8826],0.81,0.02,0.78,0.84,0.0,0.0,9849.68,6492.91,1.0
p[8827],0.86,0.01,0.85,0.88,0.0,0.0,8388.42,6839.48,1.0
p[8828],0.83,0.02,0.8,0.86,0.0,0.0,9773.35,6690.29,1.0
p[8829],0.76,0.01,0.73,0.78,0.0,0.0,8776.79,6840.32,1.0
p[8830],0.76,0.01,0.74,0.78,0.0,0.0,8777.52,6840.32,1.0
p[8831],0.87,0.01,0.85,0.88,0.0,0.0,8380.62,6718.6,1.0
p[8832],0.85,0.02,0.82,0.88,0.0,0.0,10241.37,6856.43,1.0
p[8833],0.76,0.01,0.74,0.78,0.0,0.0,8782.76,6840.5,1.0
p[8834],0.75,0.02,0.71,0.79,0.0,0.0,9383.21,7029.69,1.0
p[8835],0.87,0.01,0.85,0.88,0.0,0.0,8362.83,6748.71,1.0
p[8836],0.56,0.02,0.52,0.6,0.0,0.0,9698.18,7019.07,1.0
p[8837],0.78,0.02,0.75,0.81,0.0,0.0,9267.08,6898.72,1.0
p[8838],0.87,0.01,0.85,0.88,0.0,0.0,8350.8,7253.88,1.0
p[8839],0.69,0.02,0.66,0.73,0.0,0.0,9452.41,6616.49,1.0
p[8840],0.56,0.02,0.52,0.6,0.0,0.0,9686.43,6922.67,1.0
p[8841],0.7,0.02,0.66,0.74,0.0,0.0,9358.12,6967.8,1.0
p[8842],0.76,0.01,0.74,0.79,0.0,0.0,8788.08,6867.18,1.0
p[8843],0.76,0.02,0.73,0.79,0.0,0.0,9071.76,6935.81,1.0
p[8844],0.82,0.02,0.79,0.85,0.0,0.0,9724.07,6411.66,1.0
p[8845],0.77,0.01,0.74,0.79,0.0,0.0,8792.89,6836.55,1.0
p[8846],0.84,0.02,0.81,0.87,0.0,0.0,9733.63,6807.49,1.0
p[8847],0.87,0.01,0.85,0.89,0.0,0.0,8299.03,6998.47,1.0
p[8848],0.76,0.02,0.72,0.79,0.0,0.0,9322.91,6779.55,1.0
p[8849],0.77,0.01,0.75,0.79,0.0,0.0,8798.29,6836.38,1.0
p[8850],0.57,0.02,0.53,0.61,0.0,0.0,9672.06,7052.21,1.0
p[8851],0.77,0.01,0.75,0.79,0.0,0.0,8798.53,6836.38,1.0
p[8852],0.87,0.01,0.85,0.89,0.0,0.0,8285.31,6998.41,1.0
p[8853],0.79,0.02,0.76,0.82,0.0,0.0,9223.87,6896.52,1.0
p[8854],0.7,0.02,0.67,0.74,0.0,0.0,9431.84,6802.74,1.0
p[8855],0.87,0.01,0.86,0.89,0.0,0.0,8257.59,7165.72,1.0
p[8856],0.77,0.01,0.75,0.8,0.0,0.0,8802.95,6873.36,1.0
p[8857],0.71,0.02,0.67,0.75,0.0,0.0,9257.33,6949.54,1.0
p[8858],0.57,0.02,0.53,0.61,0.0,0.0,9653.15,6857.4,1.0
p[8859],0.77,0.02,0.73,0.8,0.0,0.0,9015.58,7083.32,1.0
p[8860],0.87,0.01,0.86,0.89,0.0,0.0,8249.44,7067.26,1.0
p[8861],0.77,0.01,0.75,0.8,0.0,0.0,8804.19,6842.23,1.0
p[8862],0.83,0.02,0.8,0.86,0.0,0.0,9596.4,6511.94,1.0
p[8863],0.85,0.02,0.82,0.88,0.0,0.0,9689.58,6688.58,1.0
p[8864],0.77,0.02,0.73,0.8,0.0,0.0,9259.17,6834.32,1.0
p[8865],0.58,0.02,0.54,0.62,0.0,0.0,9636.49,6915.33,1.0
p[8866],0.71,0.02,0.68,0.74,0.0,0.0,9411.43,7081.6,1.0
p[8867],0.8,0.02,0.76,0.82,0.0,0.0,9143.94,6926.68,1.0
p[8868],0.78,0.01,0.76,0.8,0.0,0.0,8811.22,6656.17,1.0
p[8869],0.88,0.01,0.86,0.89,0.0,0.0,8203.31,7131.61,1.0
p[8870],0.78,0.01,0.76,0.8,0.0,0.0,8811.37,6730.02,1.0
p[8871],0.72,0.02,0.68,0.76,0.0,0.0,9165.05,6931.65,1.0
p[8872],0.78,0.01,0.76,0.81,0.0,0.0,8813.26,6700.12,1.0
p[8873],0.78,0.02,0.74,0.82,0.0,0.0,8731.32,7184.63,1.0
p[8874],0.78,0.02,0.75,0.81,0.0,0.0,8962.0,7099.3,1.0
p[8875],0.78,0.01,0.76,0.81,0.0,0.0,8815.57,6703.48,1.0
p[8876],0.88,0.01,0.86,0.9,0.0,0.0,8188.36,7300.74,1.0
p[8877],0.78,0.01,0.76,0.81,0.0,0.0,8815.48,6703.48,1.0
p[8878],0.85,0.02,0.82,0.88,0.0,0.0,9639.07,6733.36,1.0
p[8879],0.78,0.02,0.74,0.81,0.0,0.0,9190.01,6907.28,1.0
p[8880],0.88,0.01,0.87,0.9,0.0,0.0,8177.08,7300.74,1.0
p[8881],0.59,0.02,0.55,0.63,0.0,0.0,9602.51,7113.17,1.0
p[8882],0.58,0.02,0.53,0.63,0.0,0.0,9711.39,7138.24,1.0
p[8883],0.72,0.02,0.69,0.75,0.0,0.0,8633.76,7499.87,1.0
p[8884],0.55,0.02,0.51,0.59,0.0,0.0,8891.74,7027.0,1.0
p[8885],0.72,0.02,0.69,0.75,0.0,0.0,8632.37,7573.93,1.0
p[8886],0.67,0.03,0.62,0.72,0.0,0.0,10178.5,6206.82,1.0
p[8887],0.56,0.03,0.51,0.62,0.0,0.0,9006.84,7039.81,1.0
p[8888],0.73,0.02,0.7,0.76,0.0,0.0,8622.62,7499.04,1.0
p[8889],0.56,0.02,0.52,0.6,0.0,0.0,8928.15,7007.08,1.0
p[8890],0.73,0.02,0.71,0.76,0.0,0.0,8626.68,7501.34,1.0
p[8891],0.57,0.02,0.53,0.61,0.0,0.0,8947.1,6974.99,1.0
p[8892],0.57,0.02,0.53,0.61,0.0,0.0,8963.02,7006.82,1.0
p[8893],0.5,0.02,0.46,0.55,0.0,0.0,9227.9,7292.11,1.0
p[8894],0.59,0.02,0.55,0.63,0.0,0.0,8991.87,7071.1,1.0
p[8895],0.37,0.02,0.34,0.41,0.0,0.0,8701.06,7482.29,1.0
p[8896],0.76,0.01,0.73,0.78,0.0,0.0,8717.63,7300.22,1.0
p[8897],0.6,0.02,0.56,0.64,0.0,0.0,9022.11,6973.4,1.0
p[8898],0.38,0.02,0.34,0.42,0.0,0.0,8696.72,7519.1,1.0
p[8899],0.71,0.02,0.67,0.76,0.0,0.0,10238.88,6437.4,1.0
p[8900],0.61,0.02,0.58,0.64,0.0,0.0,8762.22,7142.53,1.0
p[8901],0.69,0.03,0.64,0.73,0.0,0.0,9758.45,6279.64,1.0
p[8902],0.39,0.02,0.35,0.42,0.0,0.0,8697.78,7408.35,1.0
p[8903],0.77,0.01,0.74,0.79,0.0,0.0,8751.92,7472.92,1.0
p[8904],0.61,0.02,0.58,0.65,0.0,0.0,8774.58,7060.23,1.0
p[8905],0.77,0.01,0.74,0.79,0.0,0.0,8756.19,7472.92,1.0
p[8906],0.53,0.02,0.49,0.57,0.0,0.0,9216.93,7444.22,1.0
p[8907],0.64,0.02,0.6,0.68,0.0,0.0,9869.81,6792.69,1.0
p[8908],0.62,0.02,0.59,0.65,0.0,0.0,8783.16,7012.07,1.0
p[8909],0.77,0.01,0.74,0.79,0.0,0.0,8759.75,7598.92,1.0
p[8910],0.7,0.02,0.66,0.74,0.0,0.0,8967.01,6743.48,1.0
p[8911],0.54,0.03,0.49,0.58,0.0,0.0,10434.65,6898.08,1.0
p[8912],0.61,0.02,0.58,0.65,0.0,0.0,9048.68,6878.07,1.0
p[8913],0.77,0.01,0.74,0.79,0.0,0.0,8760.64,7584.76,1.0
p[8914],0.77,0.01,0.75,0.79,0.0,0.0,8762.24,7584.76,1.0
p[8915],0.72,0.02,0.68,0.77,0.0,0.0,10257.54,6490.38,1.0
p[8916],0.7,0.02,0.66,0.74,0.0,0.0,8962.63,6743.22,1.0
p[8917],0.62,0.02,0.59,0.65,0.0,0.0,8794.31,6895.97,1.0
p[8918],0.77,0.01,0.75,0.8,0.0,0.0,8769.35,7499.71,1.0
p[8919],0.7,0.02,0.65,0.74,0.0,0.0,9792.19,6150.71,1.0
p[8920],0.62,0.02,0.59,0.65,0.0,0.0,8796.08,6895.97,1.0
p[8921],0.75,0.02,0.7,0.79,0.0,0.0,10787.77,6799.55,1.0
p[8922],0.61,0.03,0.56,0.66,0.0,0.0,9716.0,6836.28,1.0
p[8923],0.4,0.02,0.36,0.44,0.0,0.0,8701.58,7390.12,1.0
p[8924],0.63,0.02,0.6,0.65,0.0,0.0,8804.73,6896.36,1.0
p[8925],0.54,0.03,0.5,0.59,0.0,0.0,10442.66,6759.35,1.0
p[8926],0.79,0.02,0.76,0.83,0.0,0.0,10691.68,6616.44,1.0
p[8927],0.71,0.02,0.67,0.75,0.0,0.0,8954.04,6735.59,1.0
p[8928],0.54,0.02,0.5,0.58,0.0,0.0,9204.57,7135.74,1.0
p[8929],0.65,0.02,0.61,0.69,0.0,0.0,9898.6,6824.21,1.0
p[8930],0.63,0.02,0.6,0.66,0.0,0.0,8810.08,6865.65,1.0
p[8931],0.78,0.01,0.75,0.8,0.0,0.0,8786.25,7390.22,1.0
p[8932],0.62,0.02,0.59,0.66,0.0,0.0,9077.16,7036.09,1.0
p[8933],0.63,0.02,0.6,0.66,0.0,0.0,8814.79,6896.8,1.0
p[8934],0.55,0.02,0.5,0.6,0.0,0.0,10448.17,6723.31,1.0
p[8935],0.4,0.02,0.37,0.44,0.0,0.0,8700.97,7497.65,1.0
p[8936],0.78,0.01,0.75,0.8,0.0,0.0,8782.06,7412.4,1.0
p[8937],0.62,0.02,0.59,0.66,0.0,0.0,9082.77,7036.23,1.0
p[8938],0.78,0.01,0.75,0.8,0.0,0.0,8780.44,7412.4,1.0
p[8939],0.66,0.02,0.62,0.7,0.0,0.0,9902.28,6888.28,1.0
p[8940],0.71,0.02,0.67,0.75,0.0,0.0,8948.97,6770.09,1.0
p[8941],0.78,0.01,0.76,0.8,0.0,0.0,8778.02,7436.05,1.0
p[8942],0.63,0.02,0.6,0.66,0.0,0.0,8824.88,6804.67,1.0
p[8943],0.78,0.01,0.76,0.8,0.0,0.0,8778.02,7436.05,1.0
p[8944],0.78,0.01,0.76,0.8,0.0,0.0,8777.99,7473.05,1.0
p[8945],0.71,0.02,0.66,0.75,0.0,0.0,9813.31,6423.53,1.0
p[8946],0.63,0.02,0.59,0.66,0.0,0.0,9093.6,6963.75,1.0
p[8947],0.74,0.02,0.69,0.78,0.0,0.0,10263.35,6355.9,1.0
p[8948],0.63,0.02,0.61,0.66,0.0,0.0,8828.01,6746.47,1.0
p[8949],0.64,0.02,0.61,0.66,0.0,0.0,8828.5,6746.47,1.0
p[8950],0.64,0.02,0.61,0.66,0.0,0.0,8828.5,6746.47,1.0
p[8951],0.76,0.02,0.71,0.8,0.0,0.0,10798.52,6786.96,1.0
p[8952],0.62,0.03,0.58,0.67,0.0,0.0,9736.41,6718.76,1.0
p[8953],0.56,0.02,0.51,0.6,0.0,0.0,10452.95,6722.96,1.0
p[8954],0.41,0.02,0.37,0.45,0.0,0.0,8703.46,7388.41,1.0
p[8955],0.64,0.02,0.61,0.67,0.0,0.0,8836.82,6657.87,1.0
p[8956],0.55,0.02,0.51,0.59,0.0,0.0,9193.66,6846.99,1.0
p[8957],0.66,0.02,0.63,0.71,0.0,0.0,9903.72,7110.02,1.0
p[8958],0.72,0.02,0.68,0.76,0.0,0.0,8941.09,6665.39,1.0
p[8959],0.8,0.02,0.77,0.84,0.0,0.0,10862.2,6853.45,1.0
p[8960],0.78,0.01,0.76,0.81,0.0,0.0,8776.9,7377.94,1.0
p[8961],0.64,0.02,0.61,0.67,0.0,0.0,8838.57,6628.72,1.0
p[8962],0.63,0.02,0.6,0.67,0.0,0.0,9105.72,6900.45,1.0
p[8963],0.78,0.01,0.76,0.81,0.0,0.0,8777.28,7377.97,1.0
p[8964],0.72,0.02,0.68,0.76,0.0,0.0,8933.37,6722.29,1.0
p[8965],0.63,0.02,0.6,0.67,0.0,0.0,9111.03,6931.22,1.0
p[8966],0.42,0.02,0.38,0.45,0.0,0.0,8696.71,7164.17,1.0
p[8967],0.56,0.02,0.52,0.61,0.0,0.0,10452.24,6784.71,1.0
p[8968],0.79,0.01,0.76,0.81,0.0,0.0,8777.13,7376.91,1.0
p[8969],0.79,0.01,0.76,0.81,0.0,0.0,8776.24,7412.8,1.0
p[8970],0.72,0.02,0.69,0.76,0.0,0.0,8930.18,6812.55,1.0
p[8971],0.65,0.01,0.62,0.67,0.0,0.0,8852.32,6806.58,1.0
p[8972],0.74,0.02,0.7,0.78,0.0,0.0,10260.12,6379.64,1.0
p[8973],0.67,0.02,0.63,0.71,0.0,0.0,9906.66,7102.24,1.0
p[8974],0.79,0.01,0.76,0.81,0.0,0.0,8775.82,7376.65,1.0
p[8975],0.79,0.01,0.77,0.81,0.0,0.0,8776.24,7376.34,1.0
p[8976],0.64,0.02,0.6,0.68,0.0,0.0,9116.75,6930.03,1.0
p[8977],0.72,0.02,0.67,0.76,0.0,0.0,9839.3,6287.78,1.0
p[8978],0.77,0.02,0.73,0.81,0.0,0.0,10803.74,6817.49,1.0
p[8979],0.65,0.01,0.62,0.68,0.0,0.0,8861.36,6837.13,1.0
p[8980],0.63,0.03,0.59,0.68,0.0,0.0,9750.08,6573.7,1.0
p[8981],0.65,0.01,0.62,0.68,0.0,0.0,8861.81,6837.13,1.0
p[8982],0.42,0.02,0.38,0.46,0.0,0.0,8707.36,7128.74,1.0
p[8983],0.65,0.01,0.62,0.68,0.0,0.0,8864.54,6791.14,1.0
p[8984],0.57,0.02,0.52,0.61,0.0,0.0,10454.27,6743.73,1.0
p[8985],0.81,0.02,0.78,0.84,0.0,0.0,10989.4,6739.28,1.0
p[8986],0.73,0.02,0.69,0.77,0.0,0.0,8925.08,6988.29,1.0
p[8987],0.57,0.02,0.52,0.6,0.0,0.0,9192.06,6954.99,1.0
p[8988],0.65,0.01,0.62,0.68,0.0,0.0,8869.4,6821.1,1.0
p[8989],0.67,0.02,0.64,0.72,0.0,0.0,9911.31,6877.8,1.0
p[8990],0.64,0.02,0.61,0.68,0.0,0.0,9129.16,6992.31,1.0
p[8991],0.79,0.01,0.77,0.82,0.0,0.0,8769.18,7177.56,1.0
p[8992],0.73,0.02,0.69,0.76,0.0,0.0,9309.84,7441.49,1.0
p[8993],0.65,0.02,0.61,0.68,0.0,0.0,9131.52,6929.32,1.0
p[8994],0.58,0.02,0.53,0.62,0.0,0.0,10454.54,6805.71,1.0
p[8995],0.43,0.02,0.39,0.47,0.0,0.0,8718.3,7287.09,1.0
p[8996],0.8,0.01,0.77,0.82,0.0,0.0,8764.95,7328.17,1.0
p[8997],0.66,0.01,0.63,0.68,0.0,0.0,8883.23,6760.42,1.0
p[8998],0.8,0.01,0.77,0.82,0.0,0.0,8763.85,7303.95,1.0
p[8999],0.68,0.02,0.64,0.72,0.0,0.0,9913.82,6909.46,1.0
p[9000],0.73,0.02,0.7,0.77,0.0,0.0,8915.86,7004.62,1.0
p[9001],0.8,0.01,0.78,0.82,0.0,0.0,8761.83,7318.42,1.0
p[9002],0.65,0.02,0.62,0.69,0.0,0.0,9144.35,6805.9,1.0
p[9003],0.66,0.01,0.63,0.69,0.0,0.0,8886.96,6775.43,1.0
p[9004],0.73,0.02,0.69,0.77,0.0,0.0,9877.2,6236.89,1.0
p[9005],0.8,0.01,0.78,0.82,0.0,0.0,8761.83,7319.33,1.0
p[9006],0.78,0.02,0.74,0.81,0.0,0.0,10798.82,6691.8,1.0
p[9007],0.66,0.01,0.63,0.69,0.0,0.0,8889.96,6695.34,1.0
p[9008],0.66,0.01,0.63,0.69,0.0,0.0,8889.96,6695.34,1.0
p[9009],0.76,0.02,0.72,0.79,0.0,0.0,10268.15,6348.26,1.0
p[9010],0.65,0.02,0.6,0.69,0.0,0.0,9760.53,6515.03,1.0
p[9011],0.66,0.01,0.63,0.69,0.0,0.0,8893.18,6666.05,1.0
p[9012],0.58,0.02,0.54,0.63,0.0,0.0,10450.25,6806.08,1.0
p[9013],0.44,0.02,0.4,0.47,0.0,0.0,8726.7,7124.9,1.0
p[9014],0.8,0.01,0.78,0.82,0.0,0.0,8759.24,7314.5,1.0
p[9015],0.82,0.02,0.78,0.85,0.0,0.0,10885.05,6668.79,1.0
p[9016],0.58,0.02,0.54,0.62,0.0,0.0,9192.04,6933.25,1.0
p[9017],0.66,0.02,0.62,0.69,0.0,0.0,9154.03,6836.12,1.0
p[9018],0.69,0.02,0.65,0.73,0.0,0.0,9916.3,6847.41,1.0
p[9019],0.59,0.02,0.54,0.63,0.0,0.0,10446.14,6823.9,1.0
p[9020],0.66,0.02,0.62,0.69,0.0,0.0,9158.16,6774.98,1.0
p[9021],0.69,0.02,0.66,0.73,0.0,0.0,9916.29,6755.8,1.0
p[9022],0.76,0.02,0.72,0.8,0.0,0.0,10259.75,6344.85,1.0
p[9023],0.67,0.01,0.64,0.69,0.0,0.0,8919.86,6695.31,1.0
p[9024],0.74,0.02,0.71,0.78,0.0,0.0,9299.59,7589.51,1.0
p[9025],0.67,0.01,0.64,0.69,0.0,0.0,8920.81,6695.45,1.0
p[9026],0.74,0.02,0.69,0.78,0.0,0.0,9898.98,6198.52,1.0
p[9027],0.66,0.02,0.63,0.7,0.0,0.0,9161.56,6837.1,1.0
p[9028],0.81,0.01,0.78,0.83,0.0,0.0,8755.81,7376.61,1.0
p[9029],0.81,0.01,0.78,0.83,0.0,0.0,8755.81,7376.61,1.0
p[9030],0.67,0.01,0.64,0.7,0.0,0.0,8925.29,6695.33,1.0
p[9031],0.81,0.01,0.79,0.83,0.0,0.0,8753.88,7395.34,1.0
p[9032],0.45,0.02,0.41,0.48,0.0,0.0,8735.16,7418.13,1.0
p[9033],0.67,0.01,0.65,0.7,0.0,0.0,8931.24,6665.64,1.0
p[9034],0.59,0.02,0.55,0.64,0.0,0.0,10441.94,6947.79,1.0
p[9035],0.79,0.02,0.75,0.82,0.0,0.0,10797.16,6887.27,1.0
p[9036],0.67,0.01,0.65,0.7,0.0,0.0,8934.89,6636.97,1.0
p[9037],0.83,0.02,0.79,0.86,0.0,0.0,10912.74,6850.93,1.0
p[9038],0.66,0.02,0.62,0.71,0.0,0.0,9768.99,6571.8,1.0
p[9039],0.59,0.02,0.55,0.63,0.0,0.0,9187.94,6915.3,1.0
p[9040],0.7,0.02,0.66,0.74,0.0,0.0,9912.18,6725.49,1.0
p[9041],0.67,0.02,0.63,0.7,0.0,0.0,9169.43,6835.83,1.0
p[9042],0.67,0.02,0.64,0.71,0.0,0.0,9174.96,6686.22,1.0
p[9043],0.6,0.02,0.56,0.65,0.0,0.0,10435.41,6867.26,1.0
p[9044],0.68,0.01,0.65,0.7,0.0,0.0,8959.79,6550.92,1.0
p[9045],0.75,0.02,0.72,0.78,0.0,0.0,9280.85,7515.27,1.0
p[9046],0.67,0.02,0.64,0.71,0.0,0.0,9173.8,6686.01,1.0
p[9047],0.77,0.02,0.74,0.81,0.0,0.0,10253.67,6398.42,1.0
p[9048],0.81,0.01,0.79,0.83,0.0,0.0,8754.14,7381.78,1.0
p[9049],0.75,0.02,0.71,0.79,0.0,0.0,9903.94,6452.14,1.0
p[9050],0.81,0.01,0.79,0.83,0.0,0.0,8754.14,7381.78,1.0
p[9051],0.81,0.01,0.79,0.83,0.0,0.0,8753.97,7381.78,1.0
p[9052],0.7,0.02,0.67,0.74,0.0,0.0,9902.14,6612.66,1.0
p[9053],0.68,0.01,0.66,0.71,0.0,0.0,8968.4,6603.43,1.0
p[9054],0.68,0.01,0.66,0.71,0.0,0.0,8968.4,6603.43,1.0
p[9055],0.67,0.02,0.63,0.72,0.0,0.0,9768.73,6687.58,1.0
p[9056],0.81,0.01,0.79,0.83,0.0,0.0,8752.49,7301.65,1.0
p[9057],0.81,0.01,0.79,0.83,0.0,0.0,8752.04,7301.65,1.0
p[9058],0.68,0.01,0.66,0.71,0.0,0.0,8969.54,6603.3,1.0
p[9059],0.46,0.02,0.42,0.5,0.0,0.0,8754.48,7338.92,1.0
p[9060],0.79,0.02,0.76,0.83,0.0,0.0,10780.91,6796.77,1.0
p[9061],0.61,0.02,0.56,0.65,0.0,0.0,10428.76,6905.87,1.0
p[9062],0.68,0.01,0.66,0.71,0.0,0.0,8971.12,6546.43,1.0
p[9063],0.82,0.01,0.79,0.83,0.0,0.0,8747.24,7301.65,1.0
p[9064],0.68,0.01,0.66,0.71,0.0,0.0,8970.93,6546.43,1.0
p[9065],0.6,0.02,0.56,0.64,0.0,0.0,9182.79,6966.36,1.0
p[9066],0.83,0.02,0.8,0.87,0.0,0.0,10936.16,6504.69,1.0
p[9067],0.68,0.02,0.65,0.71,0.0,0.0,9173.58,6655.06,1.0
p[9068],0.47,0.02,0.43,0.5,0.0,0.0,8753.93,7264.8,1.0
p[9069],0.82,0.01,0.8,0.84,0.0,0.0,8740.57,7188.83,1.0
p[9070],0.61,0.02,0.57,0.66,0.0,0.0,10422.06,6845.53,1.0
p[9071],0.82,0.01,0.8,0.84,0.0,0.0,8740.02,7188.83,1.0
p[9072],0.69,0.01,0.66,0.71,0.0,0.0,8987.82,6632.71,1.0
p[9073],0.71,0.02,0.68,0.75,0.0,0.0,9898.7,6568.48,1.0
p[9074],0.78,0.02,0.75,0.82,0.0,0.0,10237.82,6383.57,1.0
p[9075],0.68,0.02,0.65,0.72,0.0,0.0,9171.12,6655.44,1.0
p[9076],0.82,0.01,0.8,0.84,0.0,0.0,8736.56,7410.31,1.0
p[9077],0.76,0.02,0.72,0.8,0.0,0.0,9922.79,6224.75,1.0
p[9078],0.82,0.01,0.8,0.84,0.0,0.0,8736.3,7410.1,1.0
p[9079],0.68,0.02,0.65,0.72,0.0,0.0,9169.28,6655.44,1.0
p[9080],0.69,0.01,0.67,0.72,0.0,0.0,8992.98,6632.96,1.0
p[9081],0.82,0.01,0.8,0.84,0.0,0.0,8735.59,7488.11,1.0
p[9082],0.69,0.01,0.67,0.72,0.0,0.0,8994.25,6575.62,1.0
p[9083],0.68,0.02,0.64,0.73,0.0,0.0,9766.1,6997.99,1.0
p[9084],0.62,0.02,0.57,0.66,0.0,0.0,10409.75,6845.18,1.0
p[9085],0.69,0.01,0.67,0.72,0.0,0.0,9001.52,6490.6,1.0
p[9086],0.8,0.02,0.77,0.84,0.0,0.0,10771.38,6674.89,1.0
p[9087],0.47,0.02,0.44,0.51,0.0,0.0,8759.02,7060.19,1.0
p[9088],0.69,0.01,0.67,0.72,0.0,0.0,9004.13,6518.45,1.0
p[9089],0.72,0.02,0.68,0.75,0.0,0.0,9887.87,6713.77,1.0
p[9090],0.61,0.02,0.58,0.65,0.0,0.0,9185.48,7101.91,1.0
p[9091],0.69,0.02,0.66,0.72,0.0,0.0,9167.09,6685.03,1.0
p[9092],0.82,0.01,0.8,0.84,0.0,0.0,8732.44,7344.12,1.0
p[9093],0.82,0.01,0.8,0.84,0.0,0.0,8732.64,7379.46,1.0
p[9094],0.77,0.02,0.74,0.8,0.0,0.0,9253.29,7329.49,1.0
p[9095],0.69,0.02,0.66,0.73,0.0,0.0,9163.57,6714.45,1.0
p[9096],0.84,0.02,0.81,0.87,0.0,0.0,10958.32,6372.85,1.0
p[9097],0.83,0.01,0.81,0.84,0.0,0.0,8734.66,7343.49,1.0
p[9098],0.48,0.02,0.44,0.52,0.0,0.0,8764.38,6868.88,1.0
p[9099],0.62,0.02,0.58,0.67,0.0,0.0,10399.03,6781.89,1.0
p[9100],0.83,0.01,0.81,0.84,0.0,0.0,8734.7,7307.98,1.0
p[9101],0.83,0.01,0.81,0.84,0.0,0.0,8733.58,7307.39,1.0
p[9102],0.72,0.02,0.69,0.76,0.0,0.0,9884.76,6665.04,1.0
p[9103],0.7,0.01,0.68,0.73,0.0,0.0,9022.82,6576.32,1.0
p[9104],0.77,0.02,0.73,0.8,0.0,0.0,9936.75,6290.41,1.0
p[9105],0.69,0.02,0.66,0.73,0.0,0.0,9159.32,6776.51,1.0
p[9106],0.83,0.01,0.81,0.85,0.0,0.0,8733.96,7249.81,1.0
p[9107],0.79,0.02,0.75,0.83,0.0,0.0,10225.95,6226.61,1.0
p[9108],0.7,0.01,0.68,0.73,0.0,0.0,9026.56,6519.71,1.0
p[9109],0.7,0.01,0.68,0.73,0.0,0.0,9026.56,6519.71,1.0
p[9110],0.81,0.02,0.77,0.84,0.0,0.0,10760.26,6853.98,1.0
p[9111],0.7,0.01,0.68,0.73,0.0,0.0,9029.47,6547.65,1.0
p[9112],0.63,0.02,0.59,0.67,0.0,0.0,10387.0,6818.09,1.0
p[9113],0.69,0.02,0.65,0.74,0.0,0.0,9760.2,6869.07,1.0
p[9114],0.49,0.02,0.45,0.52,0.0,0.0,8833.14,6974.41,1.0
p[9115],0.85,0.02,0.82,0.88,0.0,0.0,10967.48,6549.91,1.0
p[9116],0.71,0.01,0.68,0.73,0.0,0.0,9034.53,6633.46,1.0
p[9117],0.63,0.02,0.59,0.66,0.0,0.0,9171.89,7253.18,1.0
p[9118],0.73,0.02,0.69,0.76,0.0,0.0,9881.52,6784.58,1.0
p[9119],0.7,0.02,0.67,0.73,0.0,0.0,9158.59,6777.88,1.0
p[9120],0.78,0.02,0.74,0.81,0.0,0.0,9232.78,7116.62,1.0
p[9121],0.64,0.02,0.59,0.68,0.0,0.0,10376.48,6697.4,1.0
p[9122],0.49,0.02,0.46,0.53,0.0,0.0,8921.28,6973.61,1.0
p[9123],0.78,0.02,0.75,0.81,0.0,0.0,8846.11,7000.19,1.0
p[9124],0.71,0.01,0.69,0.74,0.0,0.0,9053.06,6604.84,1.0
p[9125],0.73,0.02,0.7,0.77,0.0,0.0,9874.66,6551.06,1.0
p[9126],0.77,0.02,0.74,0.81,0.0,0.0,9953.72,6227.51,1.0
p[9127],0.8,0.02,0.76,0.83,0.0,0.0,10213.94,6339.68,1.0
p[9128],0.71,0.02,0.67,0.74,0.0,0.0,9152.6,6866.56,1.0
p[9129],0.71,0.02,0.68,0.74,0.0,0.0,9152.09,6866.92,1.0
p[9130],0.71,0.01,0.69,0.74,0.0,0.0,9056.98,6605.05,1.0
p[9131],0.71,0.01,0.69,0.74,0.0,0.0,9057.91,6605.05,1.0
p[9132],0.84,0.01,0.82,0.85,0.0,0.0,8722.01,7406.99,1.0
p[9133],0.84,0.01,0.82,0.85,0.0,0.0,8721.28,7407.07,1.0
p[9134],0.82,0.02,0.78,0.85,0.0,0.0,10737.37,6918.61,1.0
p[9135],0.7,0.02,0.66,0.75,0.0,0.0,9741.06,6796.72,1.0
p[9136],0.64,0.02,0.6,0.68,0.0,0.0,10363.67,6580.06,1.0
p[9137],0.5,0.02,0.46,0.54,0.0,0.0,9036.17,7034.5,1.0
p[9138],0.72,0.01,0.69,0.74,0.0,0.0,9062.52,6547.64,1.0
p[9139],0.84,0.01,0.82,0.85,0.0,0.0,8717.43,7442.98,1.0
p[9140],0.64,0.02,0.6,0.67,0.0,0.0,9165.1,6947.95,1.0
p[9141],0.74,0.02,0.71,0.77,0.0,0.0,9865.91,6541.25,1.0
p[9142],0.85,0.01,0.83,0.88,0.0,0.0,10963.02,6502.19,1.0
p[9143],0.78,0.02,0.75,0.82,0.0,0.0,8833.91,7065.27,1.0
p[9144],0.72,0.01,0.69,0.74,0.0,0.0,9069.75,6575.23,1.0
p[9145],0.71,0.02,0.68,0.74,0.0,0.0,9150.49,6891.09,1.0
p[9146],0.84,0.01,0.82,0.86,0.0,0.0,8714.75,7479.89,1.0
p[9147],0.71,0.02,0.68,0.75,0.0,0.0,9149.92,6962.11,1.0
p[9148],0.65,0.02,0.6,0.69,0.0,0.0,10350.52,6731.01,1.0
p[9149],0.51,0.02,0.47,0.54,0.0,0.0,9133.29,6971.2,1.0
p[9150],0.79,0.02,0.76,0.82,0.0,0.0,9206.84,6983.35,1.0
p[9151],0.84,0.01,0.82,0.86,0.0,0.0,8715.06,7443.19,1.0
p[9152],0.74,0.02,0.71,0.78,0.0,0.0,9854.15,6438.02,1.0
p[9153],0.79,0.02,0.76,0.82,0.0,0.0,8824.53,7065.5,1.0
p[9154],0.78,0.02,0.75,0.82,0.0,0.0,9966.4,6387.63,1.0
p[9155],0.72,0.01,0.7,0.75,0.0,0.0,9080.85,6603.03,1.0
p[9156],0.81,0.02,0.77,0.84,0.0,0.0,10205.49,6235.83,1.0
p[9157],0.72,0.02,0.68,0.75,0.0,0.0,9152.37,6868.7,1.0
p[9158],0.72,0.01,0.7,0.75,0.0,0.0,9082.44,6518.15,1.0
p[9159],0.84,0.01,0.82,0.86,0.0,0.0,8712.96,7444.27,1.0
p[9160],0.72,0.01,0.7,0.75,0.0,0.0,9083.85,6490.19,1.0
p[9161],0.72,0.01,0.7,0.75,0.0,0.0,9083.75,6490.39,1.0
p[9162],0.84,0.01,0.83,0.86,0.0,0.0,8711.65,7480.85,1.0
p[9163],0.71,0.02,0.67,0.75,0.0,0.0,9733.73,6953.7,1.0
p[9164],0.65,0.02,0.61,0.69,0.0,0.0,10334.86,6689.38,1.0
p[9165],0.73,0.01,0.7,0.75,0.0,0.0,9086.72,6481.46,1.0
p[9166],0.51,0.02,0.47,0.55,0.0,0.0,9241.86,6944.25,1.0
p[9167],0.73,0.01,0.7,0.75,0.0,0.0,9089.49,6481.42,1.0
p[9168],0.84,0.01,0.83,0.86,0.0,0.0,8709.37,7444.06,1.0
p[9169],0.84,0.01,0.83,0.86,0.0,0.0,8709.06,7444.06,1.0
p[9170],0.65,0.02,0.61,0.68,0.0,0.0,9131.55,6952.45,1.0
p[9171],0.79,0.02,0.76,0.82,0.0,0.0,8816.29,7032.5,1.0
p[9172],0.75,0.02,0.72,0.78,0.0,0.0,9842.36,6720.35,1.0
p[9173],0.86,0.01,0.83,0.89,0.0,0.0,10960.87,6567.18,1.0
p[9174],0.72,0.02,0.69,0.75,0.0,0.0,9147.6,6747.71,1.0
p[9175],0.83,0.02,0.8,0.86,0.0,0.0,10708.29,6983.75,1.0
p[9176],0.72,0.02,0.69,0.75,0.0,0.0,9145.39,6717.31,1.0
p[9177],0.66,0.02,0.62,0.7,0.0,0.0,10317.09,6764.57,1.0
p[9178],0.52,0.02,0.48,0.55,0.0,0.0,9368.14,6753.63,1.0
p[9179],0.8,0.02,0.77,0.83,0.0,0.0,8805.03,6968.06,1.0
p[9180],0.73,0.01,0.71,0.76,0.0,0.0,9101.87,6686.01,1.0
p[9181],0.79,0.02,0.76,0.83,0.0,0.0,9968.84,6208.23,1.0
p[9182],0.75,0.02,0.72,0.79,0.0,0.0,9827.83,6725.71,1.0
p[9183],0.73,0.02,0.7,0.76,0.0,0.0,9142.92,6832.32,1.0
p[9184],0.85,0.01,0.83,0.87,0.0,0.0,8700.55,7441.7,1.0
p[9185],0.85,0.01,0.83,0.87,0.0,0.0,8700.55,7441.7,1.0
p[9186],0.73,0.01,0.71,0.76,0.0,0.0,9103.48,6776.1,1.0
p[9187],0.81,0.02,0.78,0.85,0.0,0.0,10181.56,6353.09,1.0
p[9188],0.73,0.01,0.71,0.76,0.0,0.0,9105.44,6760.63,1.0
p[9189],0.83,0.02,0.8,0.86,0.0,0.0,10688.4,7048.25,1.0
p[9190],0.74,0.01,0.71,0.76,0.0,0.0,9107.98,6775.12,1.0
p[9191],0.52,0.02,0.49,0.56,0.0,0.0,9487.18,6696.23,1.0
p[9192],0.72,0.02,0.69,0.77,0.0,0.0,9721.71,7026.44,1.0
p[9193],0.74,0.01,0.71,0.76,0.0,0.0,9111.3,6775.41,1.0
p[9194],0.66,0.02,0.63,0.7,0.0,0.0,9120.28,6799.14,1.0
p[9195],0.67,0.02,0.63,0.71,0.0,0.0,10294.8,6790.18,1.0
p[9196],0.87,0.01,0.84,0.89,0.0,0.0,10957.16,6781.27,1.0
p[9197],0.8,0.02,0.77,0.83,0.0,0.0,8795.21,6873.68,1.0
p[9198],0.85,0.01,0.84,0.87,0.0,0.0,8692.84,7490.13,1.0
p[9199],0.76,0.02,0.73,0.79,0.0,0.0,9812.53,6603.05,1.0
p[9200],0.73,0.02,0.7,0.76,0.0,0.0,9136.7,6894.59,1.0
p[9201],0.8,0.02,0.77,0.83,0.0,0.0,9164.09,7365.28,1.0
p[9202],0.67,0.02,0.63,0.71,0.0,0.0,10283.6,6820.39,1.0
p[9203],0.73,0.02,0.7,0.77,0.0,0.0,9133.59,6832.47,1.0
p[9204],0.53,0.02,0.49,0.57,0.0,0.0,9615.82,6536.78,1.0
p[9205],0.85,0.01,0.84,0.87,0.0,0.0,8688.78,7471.92,1.0
p[9206],0.76,0.02,0.73,0.79,0.0,0.0,9802.27,6730.09,1.0
p[9207],0.8,0.02,0.78,0.84,0.0,0.0,8788.25,6936.19,1.0
p[9208],0.82,0.02,0.79,0.85,0.0,0.0,10167.37,6273.88,1.0
p[9209],0.85,0.01,0.84,0.87,0.0,0.0,8688.49,7485.34,1.0
p[9210],0.74,0.02,0.71,0.77,0.0,0.0,9132.44,6894.45,1.0
p[9211],0.74,0.01,0.72,0.77,0.0,0.0,9122.87,6994.92,1.0
p[9212],0.8,0.02,0.77,0.83,0.0,0.0,9963.55,6170.76,1.0
p[9213],0.86,0.01,0.84,0.87,0.0,0.0,8687.7,7522.38,1.0
p[9214],0.74,0.01,0.72,0.77,0.0,0.0,9123.61,6983.67,1.0
p[9215],0.74,0.01,0.72,0.77,0.0,0.0,9123.61,6983.67,1.0
p[9216],0.8,0.02,0.78,0.83,0.0,0.0,9147.76,7547.95,1.0
p[9217],0.73,0.02,0.7,0.77,0.0,0.0,9703.57,6989.25,1.0
p[9218],0.54,0.02,0.5,0.57,0.0,0.0,9619.09,6508.99,1.0
p[9219],0.75,0.01,0.72,0.77,0.0,0.0,9125.73,7060.11,1.0
p[9220],0.68,0.02,0.64,0.72,0.0,0.0,10265.29,6820.09,1.0
p[9221],0.86,0.01,0.84,0.87,0.0,0.0,8685.03,7485.56,1.0
p[9222],0.75,0.01,0.72,0.77,0.0,0.0,9126.54,7059.63,1.0
p[9223],0.86,0.01,0.84,0.87,0.0,0.0,8685.28,7485.56,1.0
p[9224],0.84,0.02,0.81,0.87,0.0,0.0,10660.0,7258.18,1.0
p[9225],0.67,0.02,0.64,0.71,0.0,0.0,9095.77,6983.17,1.0
p[9226],0.87,0.01,0.85,0.9,0.0,0.0,10956.21,6743.78,1.0
p[9227],0.81,0.02,0.78,0.84,0.0,0.0,8776.96,6812.16,1.0
p[9228],0.74,0.02,0.71,0.77,0.0,0.0,9123.94,6959.2,1.0
p[9229],0.77,0.02,0.74,0.8,0.0,0.0,9781.43,6835.85,1.0
p[9230],0.54,0.02,0.51,0.58,0.0,0.0,9623.41,6539.16,1.0
p[9231],0.81,0.01,0.78,0.84,0.0,0.0,9132.46,7095.38,1.0
p[9232],0.68,0.02,0.64,0.72,0.0,0.0,10241.19,6881.4,1.0
p[9233],0.75,0.01,0.73,0.77,0.0,0.0,9135.04,7048.69,1.0
p[9234],0.81,0.02,0.78,0.84,0.0,0.0,8768.97,6842.65,1.0
p[9235],0.81,0.02,0.77,0.84,0.0,0.0,9950.91,6195.73,1.0
p[9236],0.75,0.02,0.72,0.78,0.0,0.0,9119.58,6995.57,1.0
p[9237],0.83,0.02,0.8,0.86,0.0,0.0,10137.54,6233.86,1.0
p[9238],0.77,0.02,0.74,0.8,0.0,0.0,9772.38,6893.01,1.0
p[9239],0.75,0.01,0.73,0.77,0.0,0.0,9136.85,7115.39,1.0
p[9240],0.75,0.02,0.72,0.78,0.0,0.0,9118.46,7057.02,1.0
p[9241],0.86,0.01,0.84,0.88,0.0,0.0,8684.23,7516.72,1.0
p[9242],0.86,0.01,0.84,0.88,0.0,0.0,8684.22,7516.72,1.0
p[9243],0.75,0.01,0.73,0.78,0.0,0.0,9137.67,7182.28,1.0
p[9244],0.74,0.02,0.71,0.78,0.0,0.0,9683.03,6742.79,1.0
p[9245],0.85,0.02,0.82,0.88,0.0,0.0,10627.42,7252.05,1.0
p[9246],0.75,0.01,0.73,0.78,0.0,0.0,9139.65,7164.88,1.0
p[9247],0.55,0.02,0.51,0.59,0.0,0.0,9629.8,6523.49,1.0
p[9248],0.75,0.01,0.73,0.78,0.0,0.0,9139.31,7164.88,1.0
p[9249],0.76,0.01,0.73,0.78,0.0,0.0,9140.0,7164.31,1.0
p[9250],0.88,0.01,0.85,0.9,0.0,0.0,10943.4,6712.87,1.0
p[9251],0.82,0.02,0.79,0.85,0.0,0.0,8764.68,6842.96,1.0
p[9252],0.78,0.02,0.74,0.81,0.0,0.0,9757.89,6800.43,1.0
p[9253],0.86,0.01,0.85,0.88,0.0,0.0,8681.26,7516.72,1.0
p[9254],0.75,0.02,0.72,0.78,0.0,0.0,9113.92,7024.42,1.0
p[9255],0.69,0.02,0.65,0.72,0.0,0.0,9075.53,7124.78,1.0
p[9256],0.56,0.02,0.52,0.6,0.0,0.0,9633.5,6466.86,1.0
p[9257],0.75,0.02,0.72,0.78,0.0,0.0,9111.57,7062.81,1.0
p[9258],0.69,0.02,0.65,0.73,0.0,0.0,10187.95,6859.43,1.0
p[9259],0.87,0.01,0.85,0.88,0.0,0.0,8678.26,7370.29,1.0
p[9260],0.76,0.01,0.74,0.78,0.0,0.0,9145.52,7293.57,1.0
p[9261],0.87,0.01,0.85,0.88,0.0,0.0,8678.53,7299.27,1.0
p[9262],0.87,0.01,0.85,0.88,0.0,0.0,8678.88,7299.27,1.0
p[9263],0.82,0.02,0.79,0.85,0.0,0.0,8760.63,6662.5,1.0
p[9264],0.78,0.02,0.75,0.81,0.0,0.0,9743.85,6777.4,1.0
p[9265],0.82,0.02,0.78,0.85,0.0,0.0,9928.45,6050.06,1.0
p[9266],0.76,0.02,0.73,0.79,0.0,0.0,9108.97,7095.83,1.0
p[9267],0.76,0.01,0.74,0.78,0.0,0.0,9146.24,7294.06,1.0
p[9268],0.87,0.01,0.85,0.88,0.0,0.0,8679.33,7335.97,1.0
p[9269],0.84,0.02,0.81,0.87,0.0,0.0,10090.97,6485.79,1.0
p[9270],0.75,0.02,0.72,0.79,0.0,0.0,9667.32,7021.73,1.0
p[9271],0.76,0.01,0.74,0.79,0.0,0.0,9148.77,7294.06,1.0
p[9272],0.85,0.02,0.82,0.88,0.0,0.0,10592.79,7249.5,1.0
p[9273],0.56,0.02,0.53,0.6,0.0,0.0,9631.64,6406.03,1.0
p[9274],0.77,0.01,0.74,0.79,0.0,0.0,9149.24,7259.48,1.0
p[9275],0.87,0.01,0.85,0.88,0.0,0.0,8677.32,7444.16,1.0
p[9276],0.88,0.01,0.86,0.91,0.0,0.0,10924.62,6774.05,1.0
p[9277],0.77,0.01,0.74,0.79,0.0,0.0,9149.2,7259.23,1.0
p[9278],0.7,0.02,0.66,0.73,0.0,0.0,9066.55,7130.06,1.0
p[9279],0.79,0.02,0.76,0.82,0.0,0.0,9721.72,6844.03,1.0
p[9280],0.57,0.02,0.53,0.61,0.0,0.0,9631.54,6503.25,1.0
p[9281],0.76,0.02,0.74,0.79,0.0,0.0,9102.35,7133.85,1.0
p[9282],0.7,0.02,0.67,0.74,0.0,0.0,10140.58,6734.65,1.0
p[9283],0.77,0.01,0.75,0.79,0.0,0.0,9152.04,7330.16,1.0
p[9284],0.84,0.02,0.81,0.87,0.0,0.0,10065.78,6491.42,1.0
p[9285],0.87,0.01,0.86,0.89,0.0,0.0,8671.0,7265.6,1.0
p[9286],0.77,0.01,0.75,0.79,0.0,0.0,9153.97,7364.87,1.0
p[9287],0.87,0.01,0.86,0.89,0.0,0.0,8671.76,7265.6,1.0
p[9288],0.87,0.01,0.86,0.89,0.0,0.0,8671.55,7265.6,1.0
p[9289],0.77,0.01,0.75,0.79,0.0,0.0,9154.69,7327.07,1.0
p[9290],0.82,0.02,0.79,0.86,0.0,0.0,9922.66,6227.22,1.0
p[9291],0.86,0.01,0.83,0.89,0.0,0.0,10559.38,7253.26,1.0
p[9292],0.79,0.02,0.76,0.82,0.0,0.0,9709.3,6723.77,1.0
p[9293],0.87,0.01,0.86,0.89,0.0,0.0,8671.61,7264.92,1.0
p[9294],0.77,0.01,0.75,0.79,0.0,0.0,9154.28,7355.19,1.0
p[9295],0.57,0.02,0.54,0.61,0.0,0.0,9627.28,6720.4,1.0
p[9296],0.76,0.02,0.73,0.8,0.0,0.0,9640.64,6961.39,1.0
p[9297],0.77,0.01,0.75,0.8,0.0,0.0,9156.67,7354.98,1.0
p[9298],0.89,0.01,0.86,0.91,0.0,0.0,10903.42,6601.03,1.0
p[9299],0.77,0.01,0.75,0.8,0.0,0.0,9156.74,7354.98,1.0
p[9300],0.79,0.02,0.76,0.82,0.0,0.0,9688.85,6636.68,1.0
p[9301],0.58,0.02,0.54,0.62,0.0,0.0,9627.56,6907.08,1.0
p[9302],0.77,0.02,0.74,0.8,0.0,0.0,9087.94,7076.57,1.0
p[9303],0.71,0.02,0.68,0.75,0.0,0.0,10098.99,6705.28,1.0
p[9304],0.78,0.01,0.76,0.8,0.0,0.0,9162.68,7225.76,1.0
p[9305],0.85,0.02,0.82,0.88,0.0,0.0,10032.64,6462.48,1.0
p[9306],0.83,0.02,0.8,0.86,0.0,0.0,9910.4,6103.56,1.0
p[9307],0.88,0.01,0.86,0.89,0.0,0.0,8670.38,7097.33,1.0
p[9308],0.78,0.01,0.76,0.8,0.0,0.0,9163.7,7190.61,1.0
p[9309],0.88,0.01,0.86,0.89,0.0,0.0,8670.6,7097.33,1.0
p[9310],0.78,0.01,0.76,0.8,0.0,0.0,9163.35,7225.65,1.0
p[9311],0.88,0.01,0.86,0.89,0.0,0.0,8670.35,7097.18,1.0
p[9312],0.77,0.02,0.74,0.81,0.0,0.0,9617.37,7070.08,1.0
p[9313],0.78,0.01,0.76,0.8,0.0,0.0,9162.7,7364.12,1.0
p[9314],0.59,0.02,0.55,0.63,0.0,0.0,9616.44,6972.15,1.0
p[9315],0.71,0.02,0.68,0.75,0.0,0.0,9329.84,7165.27,1.0
p[9316],0.87,0.01,0.84,0.89,0.0,0.0,10511.82,7245.87,1.0
p[9317],0.8,0.02,0.77,0.83,0.0,0.0,9655.02,6672.73,1.0
p[9318],0.88,0.01,0.87,0.9,0.0,0.0,8664.45,7129.26,1.0
p[9319],0.72,0.02,0.69,0.76,0.0,0.0,10048.77,6949.99,1.0
p[9320],0.79,0.01,0.77,0.81,0.0,0.0,9165.87,7155.6,1.0
p[9321],0.78,0.02,0.75,0.81,0.0,0.0,9079.63,7022.67,1.0
p[9322],0.59,0.02,0.56,0.63,0.0,0.0,9609.66,6941.89,1.0
p[9323],0.88,0.01,0.87,0.9,0.0,0.0,8661.67,7029.55,1.0
p[9324],0.79,0.01,0.77,0.81,0.0,0.0,9166.33,7223.81,1.0
p[9325],0.86,0.01,0.83,0.88,0.0,0.0,9996.63,6569.42,1.0
p[9326],0.79,0.01,0.77,0.81,0.0,0.0,9166.69,7225.03,1.0
p[9327],0.88,0.01,0.87,0.9,0.0,0.0,8660.95,7029.55,1.0
p[9328],0.88,0.01,0.87,0.9,0.0,0.0,8660.55,7029.55,1.0
p[9329],0.72,0.02,0.69,0.76,0.0,0.0,9312.54,7166.19,1.0
p[9330],0.78,0.02,0.74,0.82,0.0,0.0,9593.8,7201.58,1.0
p[9331],0.84,0.02,0.81,0.87,0.0,0.0,9893.73,5723.09,1.0
p[9332],0.6,0.02,0.56,0.64,0.0,0.0,9607.03,6983.98,1.0
p[9333],0.79,0.01,0.77,0.81,0.0,0.0,9166.79,7259.98,1.0
p[9334],0.89,0.01,0.87,0.9,0.0,0.0,8661.1,6997.75,1.0
p[9335],0.79,0.01,0.77,0.81,0.0,0.0,9166.63,7126.51,1.0
p[9336],0.81,0.02,0.78,0.84,0.0,0.0,9621.36,6711.64,1.0
p[9337],0.73,0.02,0.69,0.76,0.0,0.0,9295.82,7131.46,1.0
p[9338],0.61,0.02,0.57,0.64,0.0,0.0,9600.69,6920.1,1.0
p[9339],0.79,0.01,0.77,0.82,0.0,0.0,9167.4,7262.73,1.0
p[9340],0.73,0.02,0.69,0.77,0.0,0.0,9997.4,7109.95,1.0
p[9341],0.89,0.01,0.87,0.9,0.0,0.0,8658.7,6901.46,1.0
p[9342],0.89,0.01,0.87,0.9,0.0,0.0,8658.96,6931.95,1.0
p[9343],0.8,0.01,0.77,0.82,0.0,0.0,9166.8,7296.3,1.0
p[9344],0.79,0.02,0.76,0.82,0.0,0.0,9062.25,7129.5,1.0
p[9345],0.8,0.01,0.78,0.82,0.0,0.0,9167.5,7367.86,1.0
p[9346],0.86,0.01,0.83,0.89,0.0,0.0,9965.75,6604.91,1.0
p[9347],0.89,0.01,0.87,0.9,0.0,0.0,8655.34,6838.78,1.0
p[9348],0.85,0.02,0.82,0.87,0.0,0.0,9866.81,6236.1,1.0
p[9349],0.8,0.01,0.78,0.82,0.0,0.0,9169.0,7475.42,1.0
p[9350],0.61,0.02,0.57,0.65,0.0,0.0,9594.78,7018.93,1.0
p[9351],0.79,0.02,0.75,0.82,0.0,0.0,9563.15,7170.71,1.0
p[9352],0.74,0.02,0.7,0.77,0.0,0.0,9271.76,7237.08,1.0
p[9353],0.89,0.01,0.88,0.91,0.0,0.0,8653.42,6870.36,1.0
p[9354],0.82,0.01,0.79,0.84,0.0,0.0,9584.46,6396.25,1.0
p[9355],0.74,0.02,0.71,0.78,0.0,0.0,9946.13,7552.08,1.0
p[9356],0.8,0.02,0.76,0.84,0.0,0.0,8721.65,6718.35,1.0
p[9357],0.8,0.01,0.78,0.82,0.0,0.0,9167.65,7513.16,1.0
p[9358],0.8,0.01,0.78,0.82,0.0,0.0,9167.54,7588.16,1.0
p[9359],0.8,0.01,0.77,0.83,0.0,0.0,9048.92,7085.58,1.0
p[9360],0.8,0.01,0.78,0.82,0.0,0.0,9167.09,7549.9,1.0
p[9361],0.87,0.01,0.84,0.89,0.0,0.0,9931.48,6781.47,1.0
p[9362],0.85,0.02,0.82,0.88,0.0,0.0,9832.03,6207.3,1.0
p[9363],0.89,0.01,0.88,0.91,0.0,0.0,8648.17,6932.49,1.0
p[9364],0.81,0.01,0.78,0.83,0.0,0.0,9166.05,7475.7,1.0
p[9365],0.8,0.02,0.76,0.83,0.0,0.0,9534.91,7071.85,1.0
p[9366],0.89,0.01,0.88,0.91,0.0,0.0,8648.61,6901.72,1.0
p[9367],0.62,0.02,0.58,0.66,0.0,0.0,9584.09,7150.16,1.0
p[9368],0.5,0.02,0.47,0.54,0.0,0.0,8731.18,7241.74,1.0
p[9369],0.53,0.03,0.48,0.58,0.0,0.0,9922.21,6904.84,1.0
p[9370],0.41,0.02,0.37,0.46,0.0,0.0,9394.0,7290.12,1.0
p[9371],0.68,0.02,0.64,0.71,0.0,0.0,8846.45,7338.54,1.0
p[9372],0.42,0.03,0.38,0.47,0.0,0.0,9752.24,7134.46,1.0
p[9373],0.51,0.02,0.47,0.54,0.0,0.0,8730.15,7311.29,1.0
p[9374],0.5,0.02,0.45,0.54,0.0,0.0,9328.49,7063.87,1.0
p[9375],0.62,0.03,0.57,0.68,0.0,0.0,10302.67,5881.79,1.0
p[9376],0.68,0.02,0.65,0.71,0.0,0.0,8837.59,7332.34,1.0
p[9377],0.51,0.02,0.48,0.55,0.0,0.0,8732.6,7265.7,1.0
p[9378],0.3,0.02,0.26,0.33,0.0,0.0,9185.56,6719.05,1.0
p[9379],0.43,0.02,0.39,0.47,0.0,0.0,9406.89,7508.13,1.0
p[9380],0.54,0.02,0.5,0.59,0.0,0.0,9954.35,6821.55,1.0
p[9381],0.51,0.02,0.47,0.55,0.0,0.0,9328.24,7197.14,1.0
p[9382],0.52,0.02,0.49,0.55,0.0,0.0,8738.57,7317.84,1.0
p[9383],0.69,0.02,0.66,0.72,0.0,0.0,8829.96,7299.28,1.0
p[9384],0.52,0.02,0.49,0.56,0.0,0.0,8739.6,7283.12,1.0
p[9385],0.69,0.02,0.66,0.72,0.0,0.0,8824.89,7231.58,1.0
p[9386],0.31,0.02,0.27,0.34,0.0,0.0,9208.04,6717.81,1.0
p[9387],0.44,0.02,0.4,0.48,0.0,0.0,9432.54,7340.27,1.0
p[9388],0.52,0.02,0.48,0.56,0.0,0.0,9329.38,7121.33,1.0
p[9389],0.53,0.02,0.5,0.57,0.0,0.0,8745.41,7312.74,1.0
p[9390],0.45,0.03,0.4,0.5,0.0,0.0,9865.83,6575.94,1.0
p[9391],0.32,0.02,0.28,0.35,0.0,0.0,9227.19,6491.86,1.0
p[9392],0.45,0.02,0.41,0.49,0.0,0.0,9441.76,7222.71,1.0
p[9393],0.54,0.02,0.49,0.58,0.0,0.0,9330.23,7058.9,1.0
p[9394],0.71,0.02,0.68,0.74,0.0,0.0,8794.86,6923.91,1.0
p[9395],0.33,0.02,0.29,0.36,0.0,0.0,9256.05,6230.6,1.0
p[9396],0.46,0.02,0.42,0.51,0.0,0.0,9460.39,7129.28,1.0
p[9397],0.72,0.02,0.69,0.75,0.0,0.0,8785.0,6987.34,1.0
p[9398],0.55,0.02,0.51,0.59,0.0,0.0,9331.63,7444.53,1.0
p[9399],0.56,0.02,0.53,0.59,0.0,0.0,8768.74,7242.24,1.0
p[9400],0.34,0.02,0.3,0.37,0.0,0.0,9276.04,5997.97,1.0
p[9401],0.73,0.01,0.7,0.75,0.0,0.0,8769.39,6787.96,1.0
p[9402],0.48,0.02,0.44,0.52,0.0,0.0,9478.6,7165.08,1.0
p[9403],0.65,0.02,0.61,0.7,0.0,0.0,8867.76,6939.52,1.0
p[9404],0.56,0.02,0.52,0.6,0.0,0.0,9333.65,7418.19,1.0
p[9405],0.73,0.01,0.7,0.76,0.0,0.0,8762.01,6587.66,1.0
p[9406],0.73,0.01,0.7,0.76,0.0,0.0,8762.08,6587.66,1.0
p[9407],0.35,0.02,0.31,0.38,0.0,0.0,9292.72,5994.69,1.0
p[9408],0.68,0.03,0.63,0.73,0.0,0.0,10322.61,6021.42,1.0
p[9409],0.73,0.01,0.71,0.76,0.0,0.0,8758.5,6517.56,1.0
p[9410],0.57,0.02,0.54,0.6,0.0,0.0,8783.82,7126.44,1.0
p[9411],0.65,0.03,0.6,0.7,0.0,0.0,10321.73,6642.28,1.0
p[9412],0.71,0.03,0.66,0.76,0.0,0.0,11029.97,6533.23,1.0
p[9413],0.56,0.03,0.51,0.61,0.0,0.0,10448.61,7155.08,1.0
p[9414],0.35,0.02,0.32,0.39,0.0,0.0,9300.29,5963.2,1.0
p[9415],0.6,0.02,0.56,0.65,0.0,0.0,10222.1,7092.67,1.0
p[9416],0.74,0.01,0.71,0.76,0.0,0.0,8744.52,6367.66,1.0
p[9417],0.49,0.02,0.45,0.53,0.0,0.0,9491.27,6720.37,1.0
p[9418],0.57,0.02,0.53,0.61,0.0,0.0,9333.94,7311.48,1.0
p[9419],0.74,0.01,0.71,0.77,0.0,0.0,8738.51,6294.35,1.0
p[9420],0.36,0.02,0.32,0.39,0.0,0.0,9308.89,6036.57,1.0
p[9421],0.5,0.02,0.45,0.55,0.0,0.0,9872.78,6424.26,1.0
p[9422],0.74,0.01,0.71,0.77,0.0,0.0,8738.36,6301.33,1.0
p[9423],0.74,0.01,0.71,0.77,0.0,0.0,8736.8,6249.52,1.0
p[9424],0.69,0.02,0.65,0.74,0.0,0.0,10322.36,6042.8,1.0
p[9425],0.59,0.02,0.56,0.62,0.0,0.0,8796.96,6965.63,1.0
p[9426],0.59,0.02,0.56,0.62,0.0,0.0,8797.66,6934.07,1.0
p[9427],0.74,0.01,0.72,0.77,0.0,0.0,8734.51,6351.35,1.0
p[9428],0.59,0.02,0.56,0.62,0.0,0.0,8797.3,6934.07,1.0
p[9429],0.66,0.03,0.61,0.71,0.0,0.0,10299.52,6293.21,1.0
p[9430],0.74,0.01,0.72,0.77,0.0,0.0,8733.18,6404.79,1.0
p[9431],0.72,0.02,0.67,0.77,0.0,0.0,11029.99,6460.37,1.0
p[9432],0.57,0.03,0.52,0.63,0.0,0.0,10447.19,6626.03,1.0
p[9433],0.59,0.02,0.56,0.62,0.0,0.0,8802.29,6872.61,1.0
p[9434],0.36,0.02,0.33,0.4,0.0,0.0,9319.23,6040.1,1.0
p[9435],0.59,0.02,0.56,0.62,0.0,0.0,8802.39,6956.59,1.0
p[9436],0.75,0.01,0.72,0.77,0.0,0.0,8728.6,6318.91,1.0
p[9437],0.5,0.02,0.46,0.54,0.0,0.0,9497.89,6746.48,1.0
p[9438],0.77,0.02,0.73,0.81,0.0,0.0,10771.94,6025.95,1.0
p[9439],0.75,0.01,0.72,0.77,0.0,0.0,8725.51,6430.86,1.0
p[9440],0.68,0.02,0.64,0.72,0.0,0.0,8825.3,6811.6,1.0
p[9441],0.59,0.02,0.55,0.62,0.0,0.0,9327.03,7325.25,1.0
p[9442],0.75,0.01,0.72,0.77,0.0,0.0,8723.06,6377.69,1.0
p[9443],0.37,0.02,0.33,0.4,0.0,0.0,9327.45,6569.54,1.0
p[9444],0.51,0.02,0.46,0.56,0.0,0.0,9867.95,6480.22,1.0
p[9445],0.75,0.01,0.72,0.77,0.0,0.0,8722.33,6404.36,1.0
p[9446],0.75,0.01,0.73,0.78,0.0,0.0,8716.6,6337.61,1.0
p[9447],0.67,0.02,0.63,0.72,0.0,0.0,10284.1,6240.61,1.0
p[9448],0.6,0.02,0.57,0.63,0.0,0.0,8815.42,6829.92,1.0
p[9449],0.6,0.02,0.57,0.63,0.0,0.0,8815.67,6829.92,1.0
p[9450],0.6,0.02,0.57,0.63,0.0,0.0,8815.67,6829.92,1.0
p[9451],0.7,0.02,0.66,0.75,0.0,0.0,10308.34,6099.37,1.0
p[9452],0.6,0.02,0.57,0.63,0.0,0.0,8816.09,6829.92,1.0
p[9453],0.75,0.01,0.73,0.78,0.0,0.0,8710.39,6403.0,1.0
p[9454],0.59,0.03,0.54,0.64,0.0,0.0,10454.74,6672.38,1.0
p[9455],0.73,0.02,0.69,0.78,0.0,0.0,11028.7,6571.97,1.0
p[9456],0.37,0.02,0.34,0.41,0.0,0.0,9342.96,6634.46,1.0
p[9457],0.6,0.02,0.57,0.63,0.0,0.0,8815.39,6923.05,1.0
p[9458],0.78,0.02,0.74,0.82,0.0,0.0,10788.64,6228.93,1.0
p[9459],0.51,0.02,0.48,0.55,0.0,0.0,9504.1,6495.48,1.0
p[9460],0.6,0.02,0.57,0.63,0.0,0.0,8818.04,6953.51,1.0
p[9461],0.63,0.02,0.59,0.67,0.0,0.0,10220.06,7170.69,1.0
p[9462],0.61,0.02,0.58,0.63,0.0,0.0,8820.4,6889.29,1.0
p[9463],0.76,0.01,0.73,0.78,0.0,0.0,8699.34,6428.74,1.0
p[9464],0.6,0.02,0.56,0.63,0.0,0.0,9309.27,7264.33,1.0
p[9465],0.38,0.02,0.34,0.41,0.0,0.0,9351.23,6647.59,1.0
p[9466],0.52,0.02,0.48,0.57,0.0,0.0,9861.32,6479.07,1.0
p[9467],0.76,0.01,0.74,0.78,0.0,0.0,8693.58,6388.8,1.0
p[9468],0.69,0.02,0.65,0.73,0.0,0.0,9427.14,6768.94,1.0
p[9469],0.76,0.01,0.74,0.78,0.0,0.0,8693.17,6388.96,1.0
p[9470],0.71,0.02,0.67,0.76,0.0,0.0,10298.16,6124.03,1.0
p[9471],0.76,0.01,0.74,0.79,0.0,0.0,8689.31,6472.2,1.0
p[9472],0.61,0.01,0.58,0.64,0.0,0.0,8828.27,6730.04,1.0
p[9473],0.69,0.02,0.64,0.73,0.0,0.0,10274.69,6289.98,1.0
p[9474],0.76,0.01,0.74,0.79,0.0,0.0,8688.01,6472.2,1.0
p[9475],0.61,0.01,0.58,0.64,0.0,0.0,8829.94,6730.04,1.0
p[9476],0.61,0.01,0.58,0.64,0.0,0.0,8829.94,6730.04,1.0
p[9477],0.6,0.03,0.55,0.65,0.0,0.0,10452.95,6478.98,1.0
p[9478],0.74,0.02,0.7,0.79,0.0,0.0,11020.93,6601.82,1.0
p[9479],0.39,0.02,0.35,0.42,0.0,0.0,9361.59,6691.79,1.0
p[9480],0.61,0.01,0.59,0.64,0.0,0.0,8831.34,6745.32,1.0
p[9481],0.79,0.02,0.75,0.82,0.0,0.0,10805.63,6733.81,1.0
p[9482],0.53,0.02,0.49,0.57,0.0,0.0,9509.2,6749.55,1.0
p[9483],0.64,0.02,0.6,0.68,0.0,0.0,10214.84,7267.2,1.0
p[9484],0.77,0.01,0.74,0.79,0.0,0.0,8677.26,6626.52,1.0
p[9485],0.62,0.01,0.59,0.64,0.0,0.0,8832.48,6671.34,1.0
p[9486],0.77,0.01,0.74,0.79,0.0,0.0,8675.17,6626.79,1.0
p[9487],0.7,0.02,0.66,0.73,0.0,0.0,9406.76,6832.5,1.0
p[9488],0.62,0.01,0.59,0.65,0.0,0.0,8834.09,6642.93,1.0
p[9489],0.61,0.02,0.57,0.65,0.0,0.0,9299.77,7123.17,1.0
p[9490],0.54,0.02,0.49,0.58,0.0,0.0,9834.84,6504.93,1.0
p[9491],0.77,0.01,0.74,0.79,0.0,0.0,8667.14,6569.92,1.0
p[9492],0.62,0.01,0.6,0.65,0.0,0.0,8838.55,6556.35,1.0
p[9493],0.7,0.02,0.65,0.74,0.0,0.0,10244.35,6399.09,1.0
p[9494],0.62,0.01,0.6,0.65,0.0,0.0,8839.33,6556.81,1.0
p[9495],0.62,0.01,0.6,0.65,0.0,0.0,8839.33,6556.81,1.0
p[9496],0.77,0.01,0.75,0.79,0.0,0.0,8659.63,6542.83,1.0
p[9497],0.75,0.02,0.71,0.79,0.0,0.0,11010.95,6599.36,1.0
p[9498],0.61,0.03,0.56,0.66,0.0,0.0,10441.91,6424.94,1.0
p[9499],0.63,0.01,0.6,0.65,0.0,0.0,8843.44,6585.13,1.0
p[9500],0.4,0.02,0.36,0.43,0.0,0.0,9387.5,6590.21,1.0
p[9501],0.54,0.02,0.5,0.59,0.0,0.0,9817.41,6449.72,1.0
p[9502],0.4,0.02,0.36,0.43,0.0,0.0,9390.16,6590.93,1.0
p[9503],0.63,0.01,0.6,0.65,0.0,0.0,8845.25,6612.98,1.0
p[9504],0.79,0.02,0.76,0.83,0.0,0.0,10810.16,6708.84,1.0
p[9505],0.54,0.02,0.5,0.58,0.0,0.0,9509.57,6427.47,1.0
p[9506],0.63,0.01,0.6,0.65,0.0,0.0,8846.15,6584.01,1.0
p[9507],0.63,0.01,0.6,0.66,0.0,0.0,8850.96,6527.19,1.0
p[9508],0.62,0.02,0.58,0.66,0.0,0.0,9291.94,7170.47,1.0
p[9509],0.55,0.02,0.5,0.59,0.0,0.0,9801.25,6379.78,1.0
p[9510],0.4,0.02,0.37,0.44,0.0,0.0,9396.41,6566.08,1.0
p[9511],0.78,0.01,0.76,0.8,0.0,0.0,8641.8,6421.95,1.0
p[9512],0.71,0.02,0.67,0.75,0.0,0.0,9366.96,6940.6,1.0
p[9513],0.78,0.01,0.76,0.8,0.0,0.0,8641.28,6421.95,1.0
p[9514],0.63,0.01,0.61,0.66,0.0,0.0,8852.22,6522.86,1.0
p[9515],0.66,0.02,0.62,0.7,0.0,0.0,10186.74,7267.54,1.0
p[9516],0.71,0.02,0.66,0.75,0.0,0.0,10201.69,6499.1,1.0
p[9517],0.64,0.01,0.61,0.66,0.0,0.0,8852.7,6580.08,1.0
p[9518],0.64,0.01,0.61,0.66,0.0,0.0,8852.7,6580.08,1.0
p[9519],0.78,0.01,0.76,0.8,0.0,0.0,8633.84,6433.14,1.0
p[9520],0.76,0.02,0.72,0.8,0.0,0.0,10999.89,6673.17,1.0
p[9521],0.62,0.03,0.58,0.67,0.0,0.0,10210.89,6267.74,1.0
p[9522],0.78,0.01,0.76,0.8,0.0,0.0,8633.19,6405.43,1.0
p[9523],0.56,0.02,0.51,0.6,0.0,0.0,9782.76,6353.22,1.0
p[9524],0.41,0.02,0.37,0.45,0.0,0.0,9403.67,6347.72,1.0
p[9525],0.64,0.01,0.61,0.66,0.0,0.0,8858.38,6547.94,1.0
p[9526],0.74,0.02,0.69,0.78,0.0,0.0,10271.03,5942.06,1.0
p[9527],0.78,0.01,0.76,0.8,0.0,0.0,8630.93,6405.54,1.0
p[9528],0.64,0.01,0.61,0.66,0.0,0.0,8858.36,6547.94,1.0
p[9529],0.8,0.02,0.77,0.84,0.0,0.0,10815.77,6737.63,1.0
p[9530],0.55,0.02,0.52,0.59,0.0,0.0,9499.2,6854.12,1.0
p[9531],0.78,0.01,0.76,0.81,0.0,0.0,8624.53,6364.63,1.0
p[9532],0.79,0.01,0.76,0.81,0.0,0.0,8619.78,6390.24,1.0
p[9533],0.64,0.01,0.61,0.67,0.0,0.0,8860.34,6664.91,1.0
p[9534],0.63,0.02,0.6,0.67,0.0,0.0,9269.62,7314.81,1.0
p[9535],0.67,0.02,0.63,0.7,0.0,0.0,10170.35,7301.9,1.0
p[9536],0.79,0.01,0.76,0.81,0.0,0.0,8618.61,6390.85,1.0
p[9537],0.42,0.02,0.38,0.45,0.0,0.0,9406.84,6373.5,1.0
p[9538],0.56,0.02,0.52,0.61,0.0,0.0,9769.47,6327.43,1.0
p[9539],0.72,0.02,0.68,0.75,0.0,0.0,9342.38,7102.3,1.0
p[9540],0.79,0.01,0.77,0.81,0.0,0.0,8613.29,6362.88,1.0
p[9541],0.67,0.02,0.63,0.71,0.0,0.0,10162.47,7302.88,1.0
p[9542],0.65,0.01,0.62,0.67,0.0,0.0,8867.66,6637.62,1.0
p[9543],0.79,0.01,0.77,0.81,0.0,0.0,8610.74,6444.58,1.0
p[9544],0.65,0.01,0.62,0.67,0.0,0.0,8869.28,6609.08,1.0
p[9545],0.65,0.01,0.62,0.67,0.0,0.0,8869.28,6609.08,1.0
p[9546],0.79,0.01,0.77,0.81,0.0,0.0,8609.32,6444.86,1.0
p[9547],0.65,0.01,0.62,0.67,0.0,0.0,8870.69,6638.49,1.0
p[9548],0.72,0.02,0.68,0.76,0.0,0.0,10159.16,6698.44,1.0
p[9549],0.77,0.02,0.73,0.81,0.0,0.0,10972.79,6625.76,1.0
p[9550],0.64,0.02,0.59,0.68,0.0,0.0,10158.25,6288.86,1.0
p[9551],0.57,0.02,0.52,0.61,0.0,0.0,9745.84,6458.09,1.0
p[9552],0.42,0.02,0.39,0.46,0.0,0.0,9413.47,6551.88,1.0
p[9553],0.65,0.01,0.62,0.67,0.0,0.0,8868.89,6638.49,1.0
p[9554],0.81,0.02,0.78,0.85,0.0,0.0,10810.92,6937.71,1.0
p[9555],0.67,0.02,0.64,0.71,0.0,0.0,10147.23,7303.24,1.0
p[9556],0.57,0.02,0.53,0.6,0.0,0.0,9498.16,6565.76,1.0
p[9557],0.65,0.01,0.63,0.68,0.0,0.0,8853.82,6552.98,1.0
p[9558],0.79,0.01,0.77,0.81,0.0,0.0,8601.84,6499.01,1.0
p[9559],0.65,0.01,0.63,0.68,0.0,0.0,8849.46,6523.91,1.0
p[9560],0.65,0.02,0.61,0.68,0.0,0.0,9255.24,6725.63,1.0
p[9561],0.79,0.01,0.77,0.81,0.0,0.0,8595.91,6612.03,1.0
p[9562],0.43,0.02,0.39,0.46,0.0,0.0,9416.2,6506.39,1.0
p[9563],0.73,0.02,0.69,0.76,0.0,0.0,9312.0,7140.59,1.0
p[9564],0.58,0.02,0.53,0.62,0.0,0.0,9726.21,6656.81,1.0
p[9565],0.8,0.01,0.77,0.82,0.0,0.0,8593.26,6698.67,1.0
p[9566],0.8,0.01,0.77,0.82,0.0,0.0,8590.97,6728.67,1.0
p[9567],0.66,0.01,0.63,0.68,0.0,0.0,8835.55,6441.16,1.0
p[9568],0.68,0.02,0.64,0.72,0.0,0.0,10127.22,7338.6,1.0
p[9569],0.8,0.01,0.77,0.82,0.0,0.0,8590.11,6669.02,1.0
p[9570],0.66,0.01,0.63,0.68,0.0,0.0,8833.01,6442.02,1.0
p[9571],0.73,0.02,0.69,0.77,0.0,0.0,10103.67,6640.44,1.0
p[9572],0.66,0.01,0.63,0.69,0.0,0.0,8822.89,6414.92,1.0
p[9573],0.78,0.02,0.74,0.81,0.0,0.0,10935.58,6714.31,1.0
p[9574],0.66,0.01,0.63,0.69,0.0,0.0,8822.89,6414.92,1.0
p[9575],0.65,0.02,0.6,0.69,0.0,0.0,10108.75,6114.13,1.0
p[9576],0.58,0.02,0.54,0.62,0.0,0.0,9709.19,6685.86,1.0
p[9577],0.66,0.01,0.63,0.69,0.0,0.0,8819.98,6414.92,1.0
p[9578],0.44,0.02,0.4,0.47,0.0,0.0,9415.63,6729.92,1.0
p[9579],0.82,0.02,0.79,0.85,0.0,0.0,10803.03,6985.72,1.0
p[9580],0.58,0.02,0.54,0.62,0.0,0.0,9490.55,6262.64,1.0
p[9581],0.66,0.01,0.64,0.69,0.0,0.0,8809.76,6469.7,1.0
p[9582],0.66,0.02,0.62,0.69,0.0,0.0,9135.94,6846.59,1.0
p[9583],0.74,0.02,0.7,0.77,0.0,0.0,9288.49,7038.74,1.0
p[9584],0.69,0.02,0.65,0.73,0.0,0.0,10098.03,7234.11,1.0
p[9585],0.44,0.02,0.41,0.48,0.0,0.0,9409.88,6746.27,1.0
p[9586],0.59,0.02,0.54,0.63,0.0,0.0,9689.1,6746.72,1.0
p[9587],0.76,0.02,0.72,0.8,0.0,0.0,10205.33,6198.41,1.0
p[9588],0.69,0.02,0.65,0.73,0.0,0.0,10087.44,7233.97,1.0
p[9589],0.74,0.02,0.7,0.78,0.0,0.0,10054.85,6611.65,1.0
p[9590],0.67,0.01,0.64,0.69,0.0,0.0,8782.92,6497.63,1.0
p[9591],0.81,0.01,0.78,0.82,0.0,0.0,8564.57,6525.86,1.0
p[9592],0.67,0.01,0.64,0.69,0.0,0.0,8781.2,6567.84,1.0
p[9593],0.67,0.01,0.64,0.69,0.0,0.0,8781.2,6567.84,1.0
p[9594],0.67,0.01,0.64,0.7,0.0,0.0,8780.39,6567.65,1.0
p[9595],0.81,0.01,0.78,0.83,0.0,0.0,8562.61,6525.36,1.0
p[9596],0.66,0.02,0.61,0.7,0.0,0.0,10064.77,6137.04,1.0
p[9597],0.81,0.01,0.78,0.83,0.0,0.0,8560.39,6514.25,1.0
p[9598],0.59,0.02,0.55,0.64,0.0,0.0,9670.33,6629.18,1.0
p[9599],0.45,0.02,0.41,0.48,0.0,0.0,9410.15,6714.2,1.0
p[9600],0.67,0.01,0.65,0.7,0.0,0.0,8773.68,6638.48,1.0
p[9601],0.79,0.02,0.75,0.82,0.0,0.0,10894.83,6776.68,1.0
p[9602],0.59,0.02,0.55,0.63,0.0,0.0,9469.95,6342.13,1.0
p[9603],0.83,0.02,0.79,0.86,0.0,0.0,10791.49,7008.03,1.0
p[9604],0.67,0.01,0.65,0.7,0.0,0.0,8766.66,6637.46,1.0
p[9605],0.7,0.02,0.66,0.73,0.0,0.0,10067.41,7269.0,1.0
p[9606],0.81,0.01,0.79,0.83,0.0,0.0,8550.91,6684.51,1.0
p[9607],0.75,0.02,0.71,0.78,0.0,0.0,9258.74,6780.34,1.0
p[9608],0.67,0.02,0.63,0.7,0.0,0.0,9091.0,6605.38,1.0
p[9609],0.46,0.02,0.42,0.49,0.0,0.0,9415.18,6793.04,1.0
p[9610],0.6,0.02,0.56,0.64,0.0,0.0,9637.67,6514.78,1.0
p[9611],0.81,0.01,0.79,0.83,0.0,0.0,8546.03,6792.57,1.0
p[9612],0.81,0.01,0.79,0.83,0.0,0.0,8544.11,6789.23,1.0
p[9613],0.7,0.02,0.66,0.74,0.0,0.0,10051.14,7234.41,1.0
p[9614],0.77,0.02,0.73,0.81,0.0,0.0,10171.89,6099.21,1.0
p[9615],0.68,0.01,0.66,0.7,0.0,0.0,8739.39,6622.99,1.0
p[9616],0.75,0.02,0.71,0.79,0.0,0.0,9998.78,6581.9,1.0
p[9617],0.81,0.01,0.79,0.83,0.0,0.0,8539.62,6708.09,1.0
p[9618],0.68,0.01,0.66,0.71,0.0,0.0,8733.76,6666.58,1.0
p[9619],0.68,0.01,0.66,0.71,0.0,0.0,8732.46,6725.56,1.0
p[9620],0.68,0.01,0.66,0.71,0.0,0.0,8732.46,6725.56,1.0
p[9621],0.79,0.02,0.76,0.83,0.0,0.0,10871.58,6807.55,1.0
p[9622],0.81,0.01,0.8,0.84,0.0,0.0,8534.78,6708.09,1.0
p[9623],0.61,0.02,0.56,0.65,0.0,0.0,9621.02,6600.67,1.0
p[9624],0.67,0.02,0.63,0.72,0.0,0.0,10005.51,6215.31,1.0
p[9625],0.82,0.01,0.8,0.84,0.0,0.0,8532.63,6734.93,1.0
p[9626],0.68,0.01,0.66,0.71,0.0,0.0,8720.61,6771.5,1.0
p[9627],0.46,0.02,0.42,0.5,0.0,0.0,9411.9,6671.95,1.0
p[9628],0.68,0.01,0.66,0.71,0.0,0.0,8718.04,6786.76,1.0
p[9629],0.82,0.01,0.8,0.84,0.0,0.0,8530.67,6635.33,1.0
p[9630],0.83,0.02,0.8,0.86,0.0,0.0,10773.44,7040.85,1.0
p[9631],0.6,0.02,0.57,0.64,0.0,0.0,9438.17,6453.97,1.0
p[9632],0.71,0.02,0.67,0.74,0.0,0.0,10029.78,7334.82,1.0
p[9633],0.8,0.02,0.76,0.83,0.0,0.0,10856.48,6868.95,1.0
p[9634],0.69,0.01,0.66,0.71,0.0,0.0,8708.46,6770.86,1.0
p[9635],0.76,0.02,0.72,0.79,0.0,0.0,9225.02,6633.03,1.0
p[9636],0.68,0.02,0.64,0.71,0.0,0.0,9051.59,6869.25,1.0
p[9637],0.61,0.02,0.57,0.65,0.0,0.0,9592.11,6485.47,1.0
p[9638],0.47,0.02,0.43,0.5,0.0,0.0,9414.83,6628.9,1.0
p[9639],0.69,0.01,0.67,0.71,0.0,0.0,8691.77,6816.45,1.0
p[9640],0.78,0.02,0.74,0.82,0.0,0.0,10146.47,6073.03,1.0
p[9641],0.71,0.02,0.68,0.75,0.0,0.0,10006.79,7334.52,1.0
p[9642],0.69,0.01,0.67,0.72,0.0,0.0,8687.41,6755.9,1.0
p[9643],0.69,0.01,0.67,0.72,0.0,0.0,8687.41,6755.9,1.0
p[9644],0.69,0.01,0.67,0.72,0.0,0.0,8682.05,6755.9,1.0
p[9645],0.76,0.02,0.72,0.8,0.0,0.0,9916.33,6597.7,1.0
p[9646],0.82,0.01,0.8,0.84,0.0,0.0,8520.25,6770.34,1.0
p[9647],0.8,0.02,0.77,0.84,0.0,0.0,10829.73,6838.23,1.0
p[9648],0.68,0.02,0.64,0.73,0.0,0.0,9943.78,6327.45,1.0
p[9649],0.82,0.01,0.8,0.84,0.0,0.0,8517.96,6846.58,1.0
p[9650],0.47,0.02,0.44,0.51,0.0,0.0,9419.0,6664.25,1.0
p[9651],0.62,0.02,0.57,0.66,0.0,0.0,9563.02,6596.55,1.0
p[9652],0.7,0.01,0.67,0.72,0.0,0.0,8663.45,6526.02,1.0
p[9653],0.84,0.02,0.81,0.87,0.0,0.0,10756.11,7007.8,1.0
p[9654],0.62,0.02,0.58,0.65,0.0,0.0,9382.85,6311.19,1.0
p[9655],0.72,0.02,0.68,0.75,0.0,0.0,9988.58,7405.99,1.0
p[9656],0.82,0.01,0.81,0.84,0.0,0.0,8509.18,6711.34,1.0
p[9657],0.7,0.01,0.67,0.72,0.0,0.0,8654.79,6526.02,1.0
p[9658],0.69,0.02,0.66,0.72,0.0,0.0,9005.48,6720.71,1.0
p[9659],0.62,0.02,0.58,0.67,0.0,0.0,9530.87,6402.5,1.0
p[9660],0.77,0.02,0.74,0.8,0.0,0.0,9183.78,6494.84,1.0
p[9661],0.83,0.01,0.81,0.85,0.0,0.0,8503.29,6823.71,1.0
p[9662],0.83,0.01,0.81,0.85,0.0,0.0,8502.62,6823.71,1.0
p[9663],0.48,0.02,0.44,0.52,0.0,0.0,9423.19,6695.48,1.0
p[9664],0.7,0.01,0.68,0.72,0.0,0.0,8637.29,6710.42,1.0
p[9665],0.72,0.02,0.69,0.76,0.0,0.0,9968.66,7391.02,1.0
p[9666],0.7,0.01,0.68,0.73,0.0,0.0,8633.67,6550.29,1.0
p[9667],0.77,0.02,0.73,0.8,0.0,0.0,9842.67,6636.68,1.0
p[9668],0.83,0.01,0.81,0.85,0.0,0.0,8498.26,6812.96,1.0
p[9669],0.79,0.02,0.76,0.83,0.0,0.0,10109.05,6318.53,1.0
p[9670],0.7,0.01,0.68,0.73,0.0,0.0,8620.81,6439.34,1.0
p[9671],0.7,0.01,0.68,0.73,0.0,0.0,8620.81,6439.34,1.0
p[9672],0.69,0.02,0.65,0.73,0.0,0.0,9894.28,6051.43,1.0
p[9673],0.81,0.02,0.78,0.85,0.0,0.0,10781.77,6868.38,1.0
p[9674],0.63,0.02,0.59,0.67,0.0,0.0,9507.87,6548.43,1.0
p[9675],0.49,0.02,0.45,0.52,0.0,0.0,9419.73,6731.2,1.0
p[9676],0.71,0.01,0.68,0.73,0.0,0.0,8612.54,6305.58,1.0
p[9677],0.83,0.01,0.81,0.85,0.0,0.0,8492.22,6768.58,1.0
p[9678],0.71,0.01,0.68,0.73,0.0,0.0,8609.74,6280.11,1.0
p[9679],0.83,0.01,0.81,0.85,0.0,0.0,8490.09,6768.58,1.0
p[9680],0.63,0.02,0.59,0.67,0.0,0.0,9333.33,6287.69,1.0
p[9681],0.85,0.02,0.82,0.88,0.0,0.0,10732.43,7103.23,1.0
p[9682],0.73,0.02,0.69,0.76,0.0,0.0,9947.3,7318.65,1.0
p[9683],0.78,0.02,0.74,0.81,0.0,0.0,9164.12,6576.25,1.0
p[9684],0.7,0.02,0.67,0.74,0.0,0.0,8961.56,6889.99,1.0
p[9685],0.49,0.02,0.45,0.53,0.0,0.0,9419.26,6615.32,1.0
p[9686],0.64,0.02,0.59,0.68,0.0,0.0,9472.68,6470.69,1.0
p[9687],0.78,0.02,0.75,0.81,0.0,0.0,9155.07,6524.92,1.0
p[9688],0.73,0.02,0.7,0.77,0.0,0.0,9926.24,7333.93,1.0
p[9689],0.71,0.01,0.69,0.74,0.0,0.0,8592.99,6488.57,1.0
p[9690],0.71,0.01,0.69,0.74,0.0,0.0,8590.98,6488.57,1.0
p[9691],0.78,0.02,0.74,0.81,0.0,0.0,9755.71,6580.8,1.0
p[9692],0.8,0.02,0.77,0.84,0.0,0.0,10070.54,6317.02,1.0
p[9693],0.84,0.01,0.82,0.85,0.0,0.0,8481.83,6834.88,1.0
p[9694],0.82,0.02,0.78,0.85,0.0,0.0,10735.14,6884.69,1.0
p[9695],0.84,0.01,0.82,0.85,0.0,0.0,8480.6,6896.78,1.0
p[9696],0.7,0.02,0.66,0.75,0.0,0.0,9816.16,6203.31,1.0
p[9697],0.71,0.01,0.69,0.74,0.0,0.0,8582.32,6575.15,1.0
p[9698],0.72,0.01,0.69,0.74,0.0,0.0,8580.76,6575.15,1.0
p[9699],0.5,0.02,0.46,0.54,0.0,0.0,9417.26,6681.15,1.0
p[9700],0.72,0.01,0.69,0.74,0.0,0.0,8574.42,6575.11,1.0
p[9701],0.64,0.02,0.6,0.67,0.0,0.0,9287.66,6203.8,1.0
p[9702],0.85,0.02,0.82,0.88,0.0,0.0,10699.44,7136.91,1.0
p[9703],0.84,0.01,0.82,0.86,0.0,0.0,8471.65,6706.73,1.0
p[9704],0.74,0.02,0.71,0.77,0.0,0.0,9893.8,7370.06,1.0
p[9705],0.84,0.01,0.82,0.86,0.0,0.0,8470.35,6647.66,1.0
p[9706],0.71,0.02,0.68,0.75,0.0,0.0,8916.56,6905.33,1.0
p[9707],0.65,0.02,0.61,0.69,0.0,0.0,9435.05,6355.95,1.0
p[9708],0.51,0.02,0.47,0.54,0.0,0.0,9420.37,6848.16,1.0
p[9709],0.84,0.01,0.82,0.86,0.0,0.0,8466.84,6619.0,1.0
p[9710],0.72,0.01,0.7,0.75,0.0,0.0,8556.83,6683.31,1.0
p[9711],0.74,0.02,0.71,0.78,0.0,0.0,9881.63,7333.9,1.0
p[9712],0.72,0.01,0.7,0.75,0.0,0.0,8556.46,6683.31,1.0
p[9713],0.78,0.02,0.75,0.82,0.0,0.0,9689.46,6552.64,1.0
p[9714],0.84,0.01,0.82,0.86,0.0,0.0,8461.88,6707.13,1.0
p[9715],0.84,0.01,0.82,0.86,0.0,0.0,8461.88,6707.13,1.0
p[9716],0.81,0.02,0.77,0.84,0.0,0.0,10035.7,6305.7,1.0
p[9717],0.83,0.02,0.79,0.86,0.0,0.0,10679.25,7076.04,1.0
p[9718],0.71,0.02,0.67,0.76,0.0,0.0,9744.47,6283.19,1.0
p[9719],0.72,0.01,0.7,0.75,0.0,0.0,8550.77,6770.42,1.0
p[9720],0.84,0.01,0.83,0.86,0.0,0.0,8460.65,6797.61,1.0
p[9721],0.73,0.01,0.7,0.75,0.0,0.0,8548.22,6727.61,1.0
p[9722],0.51,0.02,0.47,0.55,0.0,0.0,9417.59,6815.68,1.0
p[9723],0.65,0.02,0.61,0.7,0.0,0.0,9399.74,6365.84,1.0
p[9724],0.84,0.01,0.83,0.86,0.0,0.0,8458.43,6857.33,1.0
p[9725],0.73,0.01,0.7,0.75,0.0,0.0,8546.58,6757.21,1.0
p[9726],0.86,0.01,0.83,0.89,0.0,0.0,10667.46,7119.69,1.0
p[9727],0.65,0.02,0.61,0.69,0.0,0.0,9234.81,6280.29,1.0
p[9728],0.75,0.02,0.71,0.78,0.0,0.0,9859.14,7369.94,1.0
p[9729],0.85,0.01,0.83,0.86,0.0,0.0,8451.32,6871.94,1.0
p[9730],0.72,0.02,0.69,0.75,0.0,0.0,8875.62,6937.38,1.0
p[9731],0.85,0.01,0.83,0.86,0.0,0.0,8450.66,6965.61,1.0
p[9732],0.52,0.02,0.48,0.56,0.0,0.0,9413.55,6783.41,1.0
p[9733],0.66,0.02,0.62,0.7,0.0,0.0,9369.22,6500.94,1.0
p[9734],0.73,0.01,0.71,0.76,0.0,0.0,8527.85,6697.88,1.0
p[9735],0.73,0.01,0.71,0.76,0.0,0.0,8520.67,6770.75,1.0
p[9736],0.79,0.02,0.76,0.83,0.0,0.0,9630.0,6386.99,1.0
p[9737],0.75,0.02,0.72,0.79,0.0,0.0,9826.42,7263.52,1.0
p[9738],0.85,0.01,0.83,0.87,0.0,0.0,8447.63,6864.36,1.0
p[9739],0.85,0.01,0.83,0.87,0.0,0.0,8447.63,6864.36,1.0
p[9740],0.72,0.02,0.68,0.76,0.0,0.0,9676.03,6281.02,1.0
p[9741],0.85,0.01,0.83,0.87,0.0,0.0,8447.38,6959.63,1.0
p[9742],0.66,0.02,0.62,0.71,0.0,0.0,9335.52,6524.18,1.0
p[9743],0.52,0.02,0.48,0.56,0.0,0.0,9408.31,6981.45,1.0
p[9744],0.74,0.01,0.71,0.76,0.0,0.0,8486.79,6768.16,1.0
p[9745],0.74,0.01,0.71,0.76,0.0,0.0,8486.79,6768.16,1.0
p[9746],0.82,0.02,0.78,0.85,0.0,0.0,9985.7,6361.19,1.0
p[9747],0.66,0.02,0.63,0.7,0.0,0.0,9185.58,6497.94,1.0
p[9748],0.87,0.01,0.84,0.89,0.0,0.0,10636.14,7138.68,1.0
p[9749],0.74,0.01,0.72,0.76,0.0,0.0,8442.71,6707.57,1.0
p[9750],0.85,0.01,0.84,0.87,0.0,0.0,8442.0,6867.46,1.0
p[9751],0.73,0.02,0.7,0.76,0.0,0.0,8834.74,6907.98,1.0
p[9752],0.53,0.02,0.49,0.57,0.0,0.0,9408.12,6950.24,1.0
p[9753],0.67,0.02,0.63,0.71,0.0,0.0,9304.84,6534.22,1.0
p[9754],0.76,0.02,0.73,0.79,0.0,0.0,9787.36,7263.46,1.0
p[9755],0.74,0.01,0.72,0.76,0.0,0.0,8412.69,6724.91,1.0
p[9756],0.74,0.01,0.72,0.77,0.0,0.0,8402.6,6846.3,1.0
p[9757],0.82,0.02,0.79,0.85,0.0,0.0,9963.09,6388.3,1.0
p[9758],0.8,0.02,0.77,0.84,0.0,0.0,9521.06,6358.99,1.0
p[9759],0.86,0.01,0.84,0.87,0.0,0.0,8434.71,6934.45,1.0
p[9760],0.74,0.01,0.72,0.77,0.0,0.0,8393.42,6846.3,1.0
p[9761],0.74,0.01,0.72,0.77,0.0,0.0,8390.41,6845.56,1.0
p[9762],0.86,0.01,0.84,0.87,0.0,0.0,8432.82,7032.69,1.0
p[9763],0.73,0.02,0.69,0.77,0.0,0.0,9601.8,6324.94,1.0
p[9764],0.86,0.01,0.84,0.87,0.0,0.0,8432.76,6884.71,1.0
p[9765],0.84,0.02,0.81,0.87,0.0,0.0,10558.67,7010.25,1.0
p[9766],0.75,0.01,0.72,0.77,0.0,0.0,8371.85,6826.48,1.0
p[9767],0.54,0.02,0.5,0.58,0.0,0.0,9402.55,6775.61,1.0
p[9768],0.67,0.02,0.64,0.71,0.0,0.0,9130.75,6335.31,1.0
p[9769],0.77,0.02,0.74,0.8,0.0,0.0,9746.44,7227.15,1.0
p[9770],0.74,0.02,0.71,0.77,0.0,0.0,8795.73,6937.72,1.0
p[9771],0.86,0.01,0.84,0.88,0.0,0.0,8427.84,6782.92,1.0
p[9772],0.54,0.02,0.5,0.58,0.0,0.0,9398.61,6905.81,1.0
p[9773],0.68,0.02,0.64,0.72,0.0,0.0,9253.9,6472.06,1.0
p[9774],0.75,0.01,0.73,0.77,0.0,0.0,8321.81,6920.73,1.0
p[9775],0.83,0.02,0.8,0.86,0.0,0.0,9922.69,6361.03,1.0
p[9776],0.75,0.01,0.73,0.77,0.0,0.0,8299.25,6887.67,1.0
p[9777],0.81,0.02,0.77,0.84,0.0,0.0,9417.61,6349.83,1.0
p[9778],0.86,0.01,0.84,0.88,0.0,0.0,8424.89,6845.93,1.0
p[9779],0.75,0.01,0.73,0.78,0.0,0.0,8290.42,6879.09,1.0
p[9780],0.74,0.02,0.7,0.78,0.0,0.0,9526.65,6372.17,1.0
p[9781],0.86,0.01,0.85,0.88,0.0,0.0,8424.79,6800.1,1.0
p[9782],0.55,0.02,0.51,0.59,0.0,0.0,9390.14,6709.11,1.0
p[9783],0.76,0.01,0.73,0.78,0.0,0.0,8299.08,6884.97,1.0
p[9784],0.76,0.01,0.73,0.78,0.0,0.0,8300.23,6924.79,1.0
p[9785],0.68,0.02,0.65,0.72,0.0,0.0,9077.5,6582.4,1.0
p[9786],0.86,0.01,0.85,0.88,0.0,0.0,8421.74,6800.25,1.0
p[9787],0.86,0.01,0.85,0.88,0.0,0.0,8421.26,6831.28,1.0
p[9788],0.75,0.02,0.72,0.78,0.0,0.0,8753.52,6742.64,1.0
p[9789],0.56,0.02,0.52,0.6,0.0,0.0,9386.73,6852.17,1.0
p[9790],0.76,0.01,0.74,0.78,0.0,0.0,8304.7,6856.2,1.0
p[9791],0.69,0.02,0.65,0.73,0.0,0.0,9191.6,6881.97,1.0
p[9792],0.78,0.02,0.75,0.81,0.0,0.0,9680.14,7262.01,1.0
p[9793],0.76,0.01,0.74,0.78,0.0,0.0,8308.88,6894.18,1.0
p[9794],0.76,0.01,0.74,0.78,0.0,0.0,8308.88,6894.18,1.0
p[9795],0.82,0.02,0.78,0.85,0.0,0.0,9308.22,6471.43,1.0
p[9796],0.84,0.02,0.81,0.87,0.0,0.0,9883.78,6424.52,1.0
p[9797],0.75,0.02,0.71,0.79,0.0,0.0,9458.28,6192.16,1.0
p[9798],0.56,0.02,0.52,0.6,0.0,0.0,9379.12,6834.94,1.0
p[9799],0.76,0.01,0.74,0.79,0.0,0.0,8308.08,6833.72,1.0
p[9800],0.69,0.02,0.66,0.73,0.0,0.0,9016.39,6580.98,1.0
p[9801],0.78,0.02,0.75,0.82,0.0,0.0,9647.87,7294.77,1.0
p[9802],0.76,0.02,0.73,0.79,0.0,0.0,8714.42,6870.18,1.0
p[9803],0.87,0.01,0.85,0.89,0.0,0.0,8386.88,7102.77,1.0
p[9804],0.87,0.01,0.85,0.89,0.0,0.0,8385.34,7102.77,1.0
p[9805],0.7,0.02,0.66,0.74,0.0,0.0,9131.81,7195.49,1.0
p[9806],0.77,0.02,0.73,0.81,0.0,0.0,8606.12,6845.31,1.0
p[9807],0.77,0.01,0.74,0.79,0.0,0.0,8317.52,6734.68,1.0
p[9808],0.77,0.01,0.75,0.79,0.0,0.0,8320.31,6863.17,1.0
p[9809],0.87,0.01,0.86,0.89,0.0,0.0,8377.21,7136.48,1.0
p[9810],0.82,0.02,0.79,0.86,0.0,0.0,9204.36,6439.39,1.0
p[9811],0.77,0.01,0.75,0.79,0.0,0.0,8325.68,6894.04,1.0
p[9812],0.87,0.01,0.86,0.89,0.0,0.0,8374.3,7137.46,1.0
p[9813],0.77,0.01,0.75,0.8,0.0,0.0,8329.17,6862.14,1.0
p[9814],0.76,0.02,0.72,0.8,0.0,0.0,9375.69,6190.12,1.0
p[9815],0.58,0.02,0.53,0.62,0.0,0.0,9366.2,6746.67,1.0
p[9816],0.34,0.02,0.3,0.38,0.0,0.0,9742.19,6969.32,1.0
p[9817],0.61,0.02,0.57,0.64,0.0,0.0,9022.6,7363.28,1.0
p[9818],0.42,0.02,0.38,0.47,0.0,0.0,9969.48,6866.9,1.0
p[9819],0.35,0.02,0.31,0.4,0.0,0.0,10305.67,7491.63,1.0
p[9820],0.43,0.02,0.4,0.47,0.0,0.0,8841.15,7006.87,1.0
p[9821],0.46,0.03,0.41,0.51,0.0,0.0,9853.94,6734.17,1.0
p[9822],0.55,0.03,0.5,0.61,0.0,0.0,9920.22,6846.5,1.0
p[9823],0.44,0.02,0.4,0.47,0.0,0.0,8840.7,6943.21,1.0
p[9824],0.61,0.02,0.58,0.65,0.0,0.0,9017.02,7310.69,1.0
p[9825],0.24,0.02,0.21,0.27,0.0,0.0,9702.21,7105.36,1.0
p[9826],0.47,0.03,0.42,0.52,0.0,0.0,9854.92,6826.18,1.0
p[9827],0.36,0.02,0.31,0.4,0.0,0.0,9767.45,7008.37,1.0
p[9828],0.44,0.02,0.39,0.48,0.0,0.0,9992.54,7048.46,1.0
p[9829],0.45,0.02,0.41,0.48,0.0,0.0,8844.77,7038.82,1.0
p[9830],0.45,0.02,0.41,0.48,0.0,0.0,8846.38,6942.81,1.0
p[9831],0.63,0.02,0.59,0.66,0.0,0.0,8999.86,7189.62,1.0
p[9832],0.25,0.02,0.22,0.28,0.0,0.0,9775.6,6892.71,1.0
p[9833],0.37,0.02,0.33,0.41,0.0,0.0,9783.47,6913.13,1.0
p[9834],0.45,0.02,0.41,0.49,0.0,0.0,10010.88,6856.45,1.0
p[9835],0.46,0.02,0.42,0.49,0.0,0.0,8848.67,6879.78,1.0
p[9836],0.38,0.03,0.33,0.42,0.0,0.0,10338.53,7368.19,1.0
p[9837],0.26,0.02,0.23,0.29,0.0,0.0,9882.95,7005.5,1.0
p[9838],0.46,0.02,0.42,0.5,0.0,0.0,10024.59,6717.31,1.0
p[9839],0.65,0.02,0.61,0.68,0.0,0.0,8964.58,7220.23,1.0
p[9840],0.27,0.02,0.24,0.3,0.0,0.0,9917.17,7036.67,1.0
p[9841],0.65,0.02,0.62,0.69,0.0,0.0,8948.14,7220.68,1.0
p[9842],0.47,0.02,0.43,0.52,0.0,0.0,10035.95,6876.49,1.0
p[9843],0.28,0.02,0.25,0.31,0.0,0.0,9953.75,7322.9,1.0
p[9844],0.66,0.02,0.63,0.69,0.0,0.0,8927.03,7052.15,1.0
p[9845],0.4,0.02,0.36,0.44,0.0,0.0,9844.83,6864.04,1.0
p[9846],0.49,0.02,0.45,0.53,0.0,0.0,10043.47,6650.9,1.0
p[9847],0.67,0.02,0.64,0.7,0.0,0.0,8918.13,7120.3,1.0
p[9848],0.67,0.02,0.64,0.7,0.0,0.0,8916.82,7120.61,1.0
p[9849],0.67,0.02,0.64,0.7,0.0,0.0,8913.75,7055.26,1.0
p[9850],0.5,0.02,0.47,0.53,0.0,0.0,8876.01,6487.47,1.0
p[9851],0.29,0.02,0.26,0.32,0.0,0.0,9984.14,6958.19,1.0
p[9852],0.51,0.02,0.47,0.54,0.0,0.0,8874.11,6363.27,1.0
p[9853],0.42,0.02,0.38,0.46,0.0,0.0,9854.12,7030.2,1.0
p[9854],0.68,0.02,0.65,0.71,0.0,0.0,8891.91,6879.06,1.0
p[9855],0.5,0.02,0.46,0.54,0.0,0.0,10044.58,6574.03,1.0
p[9856],0.68,0.02,0.65,0.71,0.0,0.0,8889.88,6802.12,1.0
p[9857],0.29,0.02,0.26,0.33,0.0,0.0,9999.5,6926.06,1.0
p[9858],0.51,0.02,0.48,0.54,0.0,0.0,8875.19,6362.75,1.0
p[9859],0.68,0.02,0.65,0.71,0.0,0.0,8887.84,6741.68,1.0
p[9860],0.68,0.02,0.65,0.71,0.0,0.0,8886.0,6741.68,1.0
p[9861],0.63,0.03,0.57,0.68,0.0,0.0,9895.99,6593.22,1.0
p[9862],0.51,0.02,0.48,0.54,0.0,0.0,8875.17,6336.68,1.0
p[9863],0.68,0.02,0.65,0.71,0.0,0.0,8881.57,6741.53,1.0
p[9864],0.66,0.03,0.6,0.71,0.0,0.0,10786.12,7007.49,1.0
p[9865],0.5,0.03,0.45,0.55,0.0,0.0,10401.35,7207.49,1.0
p[9866],0.3,0.02,0.26,0.33,0.0,0.0,10019.97,6990.97,1.0
p[9867],0.43,0.02,0.39,0.47,0.0,0.0,9863.5,7017.02,1.0
p[9868],0.54,0.02,0.5,0.59,0.0,0.0,9769.97,6257.72,1.0
p[9869],0.69,0.02,0.66,0.72,0.0,0.0,8867.06,6594.11,1.0
p[9870],0.51,0.02,0.47,0.55,0.0,0.0,10050.3,6539.39,1.0
p[9871],0.3,0.02,0.27,0.34,0.0,0.0,10031.99,6896.25,1.0
p[9872],0.44,0.03,0.39,0.49,0.0,0.0,10373.43,7130.38,1.0
p[9873],0.69,0.02,0.66,0.72,0.0,0.0,8857.95,6592.72,1.0
p[9874],0.52,0.02,0.49,0.56,0.0,0.0,8886.03,6233.07,1.0
p[9875],0.64,0.03,0.59,0.69,0.0,0.0,9877.75,6704.05,1.0
p[9876],0.53,0.02,0.5,0.56,0.0,0.0,8887.23,6233.07,1.0
p[9877],0.61,0.03,0.56,0.66,0.0,0.0,10101.09,6728.17,1.0
p[9878],0.53,0.02,0.5,0.56,0.0,0.0,8887.59,6258.86,1.0
p[9879],0.53,0.02,0.5,0.56,0.0,0.0,8887.59,6258.86,1.0
p[9880],0.51,0.03,0.46,0.57,0.0,0.0,10396.16,7173.87,1.0
p[9881],0.7,0.02,0.67,0.72,0.0,0.0,8845.31,6535.73,1.0
p[9882],0.31,0.02,0.27,0.34,0.0,0.0,10046.96,6927.62,1.0
p[9883],0.67,0.03,0.62,0.72,0.0,0.0,10770.27,6978.76,1.0
p[9884],0.53,0.02,0.5,0.56,0.0,0.0,8888.47,6258.97,1.0
p[9885],0.44,0.02,0.4,0.48,0.0,0.0,9866.17,6962.98,1.0
p[9886],0.56,0.02,0.51,0.6,0.0,0.0,9754.79,6648.01,1.0
p[9887],0.7,0.02,0.67,0.73,0.0,0.0,8834.78,6509.07,1.0
p[9888],0.53,0.02,0.48,0.56,0.0,0.0,10046.6,6570.09,1.0
p[9889],0.31,0.02,0.28,0.35,0.0,0.0,10060.32,6959.25,1.0
p[9890],0.45,0.03,0.4,0.5,0.0,0.0,10365.22,7019.11,1.0
p[9891],0.7,0.02,0.67,0.73,0.0,0.0,8826.79,6594.43,1.0
p[9892],0.7,0.02,0.67,0.73,0.0,0.0,8826.79,6594.43,1.0
p[9893],0.65,0.03,0.6,0.7,0.0,0.0,9870.38,6674.92,1.0
p[9894],0.54,0.02,0.51,0.57,0.0,0.0,8890.01,6232.51,1.0
p[9895],0.54,0.02,0.51,0.57,0.0,0.0,8889.92,6258.17,1.0
p[9896],0.62,0.03,0.57,0.67,0.0,0.0,10086.78,6789.47,1.0
p[9897],0.7,0.01,0.68,0.73,0.0,0.0,8818.73,6651.97,1.0
p[9898],0.54,0.02,0.51,0.57,0.0,0.0,8889.34,6258.17,1.0
p[9899],0.54,0.02,0.51,0.57,0.0,0.0,8889.34,6258.17,1.0
p[9900],0.71,0.01,0.68,0.73,0.0,0.0,8815.41,6667.19,1.0
p[9901],0.53,0.03,0.48,0.58,0.0,0.0,10401.09,7174.09,1.0
p[9902],0.32,0.02,0.29,0.35,0.0,0.0,10071.71,6927.94,1.0
p[9903],0.54,0.02,0.51,0.57,0.0,0.0,8893.28,6390.06,1.0
p[9904],0.57,0.02,0.53,0.62,0.0,0.0,9731.98,6798.67,1.0
p[9905],0.54,0.02,0.5,0.58,0.0,0.0,10035.52,6863.43,1.0
p[9906],0.32,0.02,0.29,0.36,0.0,0.0,10081.35,6841.22,1.0
p[9907],0.46,0.03,0.41,0.51,0.0,0.0,10352.07,7096.19,1.0
p[9908],0.55,0.02,0.52,0.58,0.0,0.0,8892.01,6363.49,1.0
p[9909],0.66,0.03,0.61,0.71,0.0,0.0,9856.62,6719.49,1.0
p[9910],0.55,0.02,0.52,0.58,0.0,0.0,8892.63,6363.77,1.0
p[9911],0.63,0.03,0.58,0.68,0.0,0.0,10066.12,6697.35,1.0
p[9912],0.55,0.02,0.52,0.58,0.0,0.0,8896.0,6284.57,1.0
p[9913],0.55,0.02,0.52,0.58,0.0,0.0,8896.0,6284.57,1.0
p[9914],0.72,0.01,0.69,0.74,0.0,0.0,8779.09,6565.88,1.0
p[9915],0.54,0.03,0.49,0.59,0.0,0.0,10388.12,7140.42,1.0
p[9916],0.55,0.02,0.53,0.58,0.0,0.0,8897.06,6294.23,1.0
p[9917],0.33,0.02,0.3,0.36,0.0,0.0,10086.62,6833.74,1.0
p[9918],0.56,0.02,0.53,0.59,0.0,0.0,8896.42,6319.52,1.0
p[9919],0.72,0.01,0.69,0.75,0.0,0.0,8769.92,6592.69,1.0
p[9920],0.58,0.02,0.54,0.63,0.0,0.0,9703.03,6829.49,1.0
p[9921],0.74,0.02,0.7,0.79,0.0,0.0,10347.81,6358.19,1.0
p[9922],0.55,0.02,0.51,0.59,0.0,0.0,10021.21,6763.12,1.0
p[9923],0.72,0.01,0.7,0.75,0.0,0.0,8757.63,6800.19,1.0
p[9924],0.34,0.02,0.3,0.37,0.0,0.0,10095.53,6810.96,1.0
p[9925],0.48,0.03,0.43,0.52,0.0,0.0,10332.14,7235.91,1.0
p[9926],0.67,0.03,0.63,0.72,0.0,0.0,9838.39,6502.16,1.0
p[9927],0.56,0.02,0.53,0.59,0.0,0.0,8893.34,6127.14,1.0
p[9928],0.72,0.01,0.7,0.75,0.0,0.0,8751.96,6891.88,1.0
p[9929],0.56,0.02,0.53,0.59,0.0,0.0,8893.17,6127.14,1.0
p[9930],0.64,0.03,0.59,0.69,0.0,0.0,10045.23,6682.49,1.0
p[9931],0.56,0.02,0.54,0.59,0.0,0.0,8895.19,6103.14,1.0
p[9932],0.56,0.02,0.54,0.59,0.0,0.0,8895.19,6103.14,1.0
p[9933],0.73,0.01,0.7,0.75,0.0,0.0,8745.73,6770.81,1.0
p[9934],0.73,0.01,0.7,0.75,0.0,0.0,8745.73,6770.81,1.0
p[9935],0.55,0.03,0.5,0.6,0.0,0.0,10380.71,6950.99,1.0
p[9936],0.57,0.02,0.54,0.6,0.0,0.0,8895.4,6103.69,1.0
p[9937],0.34,0.02,0.31,0.37,0.0,0.0,10086.15,6720.62,1.0
p[9938],0.56,0.02,0.52,0.6,0.0,0.0,9993.27,6687.92,1.0
p[9939],0.35,0.02,0.31,0.38,0.0,0.0,10077.6,6749.64,1.0
p[9940],0.73,0.01,0.71,0.76,0.0,0.0,8721.74,6799.64,1.0
p[9941],0.68,0.03,0.63,0.73,0.0,0.0,9812.75,6501.88,1.0
p[9942],0.58,0.02,0.55,0.61,0.0,0.0,8896.07,6075.32,1.0
p[9943],0.58,0.02,0.55,0.61,0.0,0.0,8896.22,6038.61,1.0
p[9944],0.74,0.01,0.71,0.76,0.0,0.0,8715.65,6893.56,1.0
p[9945],0.58,0.02,0.55,0.61,0.0,0.0,8895.57,6038.61,1.0
p[9946],0.74,0.01,0.71,0.76,0.0,0.0,8714.4,6893.17,1.0
p[9947],0.74,0.01,0.71,0.76,0.0,0.0,8714.14,6893.17,1.0
p[9948],0.56,0.03,0.51,0.61,0.0,0.0,10350.66,6935.23,1.0
p[9949],0.74,0.01,0.71,0.76,0.0,0.0,8707.69,6861.31,1.0
p[9950],0.58,0.02,0.55,0.61,0.0,0.0,8897.85,5990.62,1.0
p[9951],0.35,0.02,0.32,0.39,0.0,0.0,10070.69,6720.05,1.0
p[9952],0.61,0.02,0.57,0.65,0.0,0.0,9645.45,6709.95,1.0
p[9953],0.58,0.02,0.55,0.61,0.0,0.0,8898.57,5896.34,1.0
p[9954],0.74,0.01,0.71,0.76,0.0,0.0,8695.64,6798.85,1.0
p[9955],0.58,0.02,0.55,0.61,0.0,0.0,8899.67,5888.18,1.0
p[9956],0.58,0.02,0.55,0.61,0.0,0.0,8899.67,5888.18,1.0
p[9957],0.58,0.02,0.54,0.62,0.0,0.0,9964.13,6847.01,1.0
p[9958],0.74,0.01,0.72,0.77,0.0,0.0,8688.57,6828.7,1.0
p[9959],0.36,0.02,0.32,0.39,0.0,0.0,10064.29,6691.87,1.0
p[9960],0.61,0.02,0.57,0.66,0.0,0.0,9617.57,6771.41,1.0
p[9961],0.69,0.02,0.65,0.74,0.0,0.0,9792.93,6447.05,1.0
p[9962],0.59,0.02,0.56,0.62,0.0,0.0,8899.49,6014.59,1.0
p[9963],0.59,0.02,0.56,0.62,0.0,0.0,8899.05,6085.97,1.0
p[9964],0.75,0.01,0.72,0.77,0.0,0.0,8675.59,6891.14,1.0
p[9965],0.67,0.03,0.62,0.71,0.0,0.0,9997.23,6470.65,1.0
p[9966],0.36,0.02,0.33,0.4,0.0,0.0,10051.01,6842.13,1.0
p[9967],0.58,0.03,0.53,0.63,0.0,0.0,10315.46,6871.88,1.0
p[9968],0.59,0.02,0.56,0.62,0.0,0.0,8899.61,6160.43,1.0
p[9969],0.59,0.02,0.55,0.63,0.0,0.0,9930.81,6736.97,1.0
p[9970],0.37,0.02,0.34,0.41,0.0,0.0,10042.4,6775.24,1.0
p[9971],0.6,0.02,0.57,0.63,0.0,0.0,8894.93,6304.21,1.0
p[9972],0.68,0.02,0.63,0.72,0.0,0.0,9958.37,6547.92,1.0
p[9973],0.71,0.02,0.66,0.75,0.0,0.0,9761.4,6422.79,1.0
p[9974],0.6,0.02,0.57,0.63,0.0,0.0,8894.7,6270.79,1.0
p[9975],0.6,0.02,0.57,0.63,0.0,0.0,8894.7,6270.79,1.0
p[9976],0.76,0.01,0.73,0.78,0.0,0.0,8632.37,6970.6,1.0
p[9977],0.6,0.02,0.57,0.63,0.0,0.0,8893.36,6271.22,1.0
p[9978],0.38,0.02,0.34,0.41,0.0,0.0,10032.06,6738.26,1.0
p[9979],0.6,0.02,0.58,0.63,0.0,0.0,8890.85,6410.38,1.0
p[9980],0.59,0.03,0.54,0.64,0.0,0.0,10270.04,6924.46,1.0
p[9981],0.61,0.02,0.58,0.63,0.0,0.0,8889.99,6360.81,1.0
p[9982],0.76,0.01,0.74,0.78,0.0,0.0,8612.89,7002.21,1.0
p[9983],0.38,0.02,0.35,0.42,0.0,0.0,10018.77,6552.97,1.0
p[9984],0.63,0.02,0.59,0.68,0.0,0.0,9566.86,6802.93,1.0
p[9985],0.6,0.02,0.56,0.64,0.0,0.0,9896.79,6825.82,1.0
p[9986],0.61,0.02,0.58,0.64,0.0,0.0,8886.95,6250.03,1.0
p[9987],0.61,0.02,0.59,0.64,0.0,0.0,8888.11,6250.03,1.0
p[9988],0.76,0.01,0.74,0.79,0.0,0.0,8599.15,7019.06,1.0
p[9989],0.69,0.02,0.64,0.73,0.0,0.0,9922.36,6578.06,1.0
p[9990],0.76,0.01,0.74,0.79,0.0,0.0,8598.1,7019.06,1.0
p[9991],0.62,0.02,0.59,0.64,0.0,0.0,8887.93,6225.02,1.0
p[9992],0.62,0.02,0.59,0.64,0.0,0.0,8887.93,6225.02,1.0
p[9993],0.62,0.02,0.59,0.64,0.0,0.0,8887.93,6225.02,1.0
p[9994],0.39,0.02,0.35,0.43,0.0,0.0,10004.36,6791.61,1.0
p[9995],0.6,0.03,0.55,0.65,0.0,0.0,10239.77,7026.16,1.0
p[9996],0.64,0.02,0.6,0.69,0.0,0.0,9536.08,6833.58,1.0
p[9997],0.39,0.02,0.36,0.43,0.0,0.0,9987.99,6758.52,1.0
p[9998],0.61,0.02,0.57,0.65,0.0,0.0,9868.06,6796.39,1.0
p[9999],0.62,0.01,0.6,0.65,0.0,0.0,8884.66,6368.31,1.0
p[10000],0.63,0.01,0.6,0.65,0.0,0.0,8884.14,6368.31,1.0
p[10001],0.63,0.01,0.6,0.65,0.0,0.0,8883.81,6368.31,1.0
p[10002],0.63,0.01,0.6,0.65,0.0,0.0,8883.81,6368.31,1.0
p[10003],0.77,0.01,0.75,0.8,0.0,0.0,8563.91,6902.88,1.0
p[10004],0.7,0.02,0.65,0.74,0.0,0.0,9889.62,6751.21,1.0
p[10005],0.73,0.02,0.68,0.77,0.0,0.0,9699.04,6487.94,1.0
p[10006],0.61,0.03,0.56,0.66,0.0,0.0,10203.8,6822.47,1.0
p[10007],0.63,0.01,0.6,0.66,0.0,0.0,8880.08,6317.91,1.0
p[10008],0.4,0.02,0.36,0.44,0.0,0.0,9970.82,6820.53,1.0
p[10009],0.63,0.01,0.6,0.66,0.0,0.0,8877.51,6317.76,1.0
p[10010],0.78,0.01,0.75,0.8,0.0,0.0,8553.64,6952.47,1.0
p[10011],0.66,0.02,0.62,0.7,0.0,0.0,9484.07,6780.87,1.0
p[10012],0.63,0.02,0.59,0.67,0.0,0.0,9829.77,6831.12,1.0
p[10013],0.78,0.01,0.76,0.8,0.0,0.0,8543.63,6997.81,1.0
p[10014],0.74,0.02,0.69,0.78,0.0,0.0,9676.71,6430.35,1.0
p[10015],0.64,0.01,0.61,0.66,0.0,0.0,8875.04,6319.64,1.0
p[10016],0.71,0.02,0.67,0.75,0.0,0.0,9853.17,6524.33,1.0
p[10017],0.64,0.01,0.61,0.67,0.0,0.0,8872.86,6306.56,1.0
p[10018],0.64,0.01,0.61,0.67,0.0,0.0,8872.86,6306.56,1.0
p[10019],0.63,0.03,0.58,0.67,0.0,0.0,10152.82,6995.76,1.0
p[10020],0.41,0.02,0.38,0.45,0.0,0.0,9933.03,6988.4,1.0
p[10021],0.78,0.01,0.76,0.81,0.0,0.0,8531.31,7130.02,1.0
p[10022],0.64,0.01,0.61,0.67,0.0,0.0,8868.84,6399.17,1.0
p[10023],0.64,0.01,0.61,0.67,0.0,0.0,8868.2,6412.66,1.0
p[10024],0.79,0.01,0.76,0.81,0.0,0.0,8526.83,7097.34,1.0
p[10025],0.64,0.01,0.62,0.67,0.0,0.0,8869.18,6358.81,1.0
p[10026],0.67,0.02,0.63,0.71,0.0,0.0,9441.06,6884.24,1.0
p[10027],0.64,0.02,0.6,0.68,0.0,0.0,9792.42,6719.03,1.0
p[10028],0.42,0.02,0.38,0.46,0.0,0.0,9915.06,6978.52,1.0
p[10029],0.65,0.01,0.62,0.68,0.0,0.0,8862.07,6358.89,1.0
p[10030],0.79,0.01,0.77,0.81,0.0,0.0,8508.47,7065.27,1.0
p[10031],0.79,0.01,0.77,0.81,0.0,0.0,8508.33,7065.02,1.0
p[10032],0.65,0.01,0.62,0.68,0.0,0.0,8862.28,6332.71,1.0
p[10033],0.72,0.02,0.68,0.76,0.0,0.0,9824.55,6582.19,1.0
p[10034],0.65,0.01,0.62,0.68,0.0,0.0,8860.44,6285.31,1.0
p[10035],0.43,0.02,0.39,0.46,0.0,0.0,9891.5,6981.47,1.0
p[10036],0.64,0.03,0.59,0.69,0.0,0.0,10100.54,6906.92,1.0
p[10037],0.65,0.01,0.62,0.68,0.0,0.0,8862.15,6337.93,1.0
p[10038],0.65,0.01,0.63,0.68,0.0,0.0,8859.89,6418.86,1.0
p[10039],0.79,0.01,0.77,0.82,0.0,0.0,8487.27,7096.61,1.0
p[10040],0.68,0.02,0.64,0.72,0.0,0.0,9392.41,6899.85,1.0
p[10041],0.65,0.02,0.61,0.69,0.0,0.0,9747.06,6855.57,1.0
p[10042],0.43,0.02,0.39,0.47,0.0,0.0,9864.44,7122.42,1.0
p[10043],0.8,0.01,0.77,0.82,0.0,0.0,8479.94,7063.75,1.0
p[10044],0.66,0.01,0.63,0.69,0.0,0.0,8858.04,6459.97,1.0
p[10045],0.76,0.02,0.71,0.8,0.0,0.0,9607.72,6454.57,1.0
p[10046],0.73,0.02,0.69,0.77,0.0,0.0,9789.27,6524.49,1.0
p[10047],0.66,0.01,0.63,0.69,0.0,0.0,8857.96,6487.32,1.0
p[10048],0.66,0.01,0.63,0.69,0.0,0.0,8852.86,6487.86,1.0
p[10049],0.65,0.02,0.6,0.7,0.0,0.0,10042.16,6869.89,1.0
p[10050],0.44,0.02,0.4,0.48,0.0,0.0,9836.42,7336.97,1.0
p[10051],0.66,0.01,0.64,0.69,0.0,0.0,8851.11,6432.53,1.0
p[10052],0.69,0.02,0.65,0.73,0.0,0.0,9347.35,6904.26,1.0
p[10053],0.8,0.01,0.78,0.82,0.0,0.0,8457.95,7233.65,1.0
p[10054],0.66,0.02,0.62,0.7,0.0,0.0,9704.72,7112.32,1.0
p[10055],0.44,0.02,0.41,0.48,0.0,0.0,9809.97,7320.75,1.0
p[10056],0.67,0.01,0.64,0.7,0.0,0.0,8846.45,6170.93,1.0
p[10057],0.81,0.01,0.78,0.83,0.0,0.0,8448.94,7250.24,1.0
p[10058],0.74,0.02,0.7,0.78,0.0,0.0,9746.87,7036.92,1.0
p[10059],0.67,0.01,0.64,0.7,0.0,0.0,8846.08,6185.55,1.0
p[10060],0.81,0.01,0.79,0.83,0.0,0.0,8444.89,7250.24,1.0
p[10061],0.67,0.01,0.64,0.7,0.0,0.0,8845.14,6298.41,1.0
p[10062],0.67,0.01,0.65,0.7,0.0,0.0,8842.48,6246.06,1.0
p[10063],0.45,0.02,0.41,0.49,0.0,0.0,9785.57,7190.04,1.0
p[10064],0.77,0.02,0.73,0.81,0.0,0.0,9562.86,6427.07,1.0
p[10065],0.68,0.01,0.65,0.7,0.0,0.0,8843.39,6271.67,1.0
p[10066],0.7,0.02,0.66,0.74,0.0,0.0,9297.37,6852.5,1.0
p[10067],0.83,0.02,0.8,0.86,0.0,0.0,10259.24,6278.95,1.0
p[10068],0.46,0.02,0.42,0.5,0.0,0.0,9761.12,7257.63,1.0
p[10069],0.67,0.02,0.64,0.71,0.0,0.0,9660.59,7048.25,1.0
p[10070],0.81,0.01,0.79,0.84,0.0,0.0,8423.42,7230.36,1.0
p[10071],0.77,0.02,0.73,0.81,0.0,0.0,9536.47,6454.35,1.0
p[10072],0.68,0.01,0.65,0.71,0.0,0.0,8843.7,6244.96,1.0
p[10073],0.68,0.01,0.65,0.71,0.0,0.0,8844.05,6244.96,1.0
p[10074],0.75,0.02,0.71,0.79,0.0,0.0,9712.56,7099.44,1.0
p[10075],0.68,0.01,0.66,0.71,0.0,0.0,8840.86,6219.04,1.0
p[10076],0.82,0.01,0.79,0.84,0.0,0.0,8419.1,7299.8,1.0
p[10077],0.67,0.02,0.63,0.72,0.0,0.0,9929.03,6974.76,1.0
p[10078],0.46,0.02,0.43,0.51,0.0,0.0,9738.17,7310.14,1.0
p[10079],0.69,0.01,0.66,0.71,0.0,0.0,8837.55,6219.11,1.0
p[10080],0.71,0.02,0.67,0.75,0.0,0.0,9252.12,6880.44,1.0
p[10081],0.6,0.02,0.56,0.64,0.0,0.0,9466.99,6444.68,1.0
p[10082],0.61,0.02,0.57,0.66,0.0,0.0,9880.33,6747.06,1.0
p[10083],0.69,0.01,0.66,0.72,0.0,0.0,8832.7,6323.57,1.0
p[10084],0.68,0.02,0.65,0.72,0.0,0.0,9606.71,6979.86,1.0
p[10085],0.47,0.02,0.43,0.51,0.0,0.0,9713.01,7165.2,1.0
p[10086],0.82,0.01,0.8,0.84,0.0,0.0,8404.2,7250.21,1.0
p[10087],0.69,0.01,0.67,0.72,0.0,0.0,8830.97,6323.29,1.0
p[10088],0.69,0.01,0.67,0.72,0.0,0.0,8830.97,6323.29,1.0
p[10089],0.78,0.02,0.75,0.82,0.0,0.0,9503.1,6401.08,1.0
p[10090],0.82,0.01,0.8,0.84,0.0,0.0,8399.36,7284.85,1.0
p[10091],0.76,0.02,0.72,0.8,0.0,0.0,9674.0,7032.84,1.0
p[10092],0.68,0.02,0.64,0.73,0.0,0.0,9868.87,7171.79,1.0
p[10093],0.48,0.02,0.44,0.52,0.0,0.0,9683.64,7199.43,1.0
p[10094],0.7,0.01,0.67,0.72,0.0,0.0,8829.86,6349.74,1.0
p[10095],0.7,0.01,0.67,0.72,0.0,0.0,8829.49,6375.57,1.0
p[10096],0.62,0.02,0.57,0.66,0.0,0.0,9409.34,6326.49,1.0
p[10097],0.72,0.02,0.68,0.76,0.0,0.0,9213.91,6943.53,1.0
p[10098],0.69,0.02,0.66,0.73,0.0,0.0,9559.37,7111.09,1.0
p[10099],0.48,0.02,0.44,0.52,0.0,0.0,9652.54,7075.55,1.0
p[10100],0.7,0.01,0.67,0.73,0.0,0.0,8825.03,6269.97,1.0
p[10101],0.63,0.02,0.58,0.67,0.0,0.0,9824.41,6777.52,1.0
p[10102],0.7,0.01,0.68,0.73,0.0,0.0,8824.21,6334.53,1.0
p[10103],0.79,0.02,0.75,0.83,0.0,0.0,9469.33,6454.07,1.0
p[10104],0.7,0.01,0.68,0.73,0.0,0.0,8823.79,6307.86,1.0
p[10105],0.83,0.01,0.81,0.85,0.0,0.0,8390.63,7590.97,1.0
p[10106],0.77,0.02,0.73,0.81,0.0,0.0,9629.98,7131.93,1.0
p[10107],0.69,0.02,0.65,0.74,0.0,0.0,9801.2,7345.89,1.0
p[10108],0.49,0.02,0.45,0.53,0.0,0.0,9627.12,6821.51,1.0
p[10109],0.71,0.01,0.68,0.73,0.0,0.0,8819.72,6318.12,1.0
p[10110],0.73,0.02,0.69,0.77,0.0,0.0,9113.7,6926.11,1.0
p[10111],0.63,0.02,0.59,0.67,0.0,0.0,9344.83,6444.58,1.0
p[10112],0.7,0.02,0.67,0.74,0.0,0.0,9491.79,7088.22,1.0
p[10113],0.64,0.02,0.59,0.68,0.0,0.0,9775.72,6775.93,1.0
p[10114],0.71,0.03,0.66,0.76,0.0,0.0,8787.96,6846.31,1.0
p[10115],0.71,0.01,0.68,0.74,0.0,0.0,8807.89,6345.59,1.0
p[10116],0.71,0.01,0.69,0.74,0.0,0.0,8806.7,6398.72,1.0
p[10117],0.71,0.01,0.69,0.74,0.0,0.0,8807.81,6398.72,1.0
p[10118],0.8,0.02,0.76,0.84,0.0,0.0,9432.72,6429.75,1.0
p[10119],0.71,0.01,0.69,0.74,0.0,0.0,8807.11,6398.72,1.0
p[10120],0.7,0.02,0.66,0.75,0.0,0.0,9733.27,7186.79,1.0
p[10121],0.84,0.01,0.82,0.86,0.0,0.0,8371.78,7333.53,1.0
p[10122],0.5,0.02,0.46,0.54,0.0,0.0,9578.09,6613.88,1.0
p[10123],0.84,0.01,0.82,0.86,0.0,0.0,8370.71,7369.14,1.0
p[10124],0.55,0.02,0.51,0.6,0.0,0.0,10173.61,7301.08,1.0
p[10125],0.52,0.02,0.48,0.56,0.0,0.0,9240.11,7182.79,1.0
p[10126],0.65,0.03,0.59,0.7,0.0,0.0,10026.04,6547.4,1.0
p[10127],0.54,0.03,0.48,0.59,0.0,0.0,9209.84,6705.93,1.0
p[10128],0.71,0.02,0.67,0.73,0.0,0.0,8992.35,6554.74,1.0
p[10129],0.53,0.02,0.5,0.58,0.0,0.0,9253.87,7485.22,1.0
p[10130],0.71,0.02,0.68,0.74,0.0,0.0,8996.58,6696.46,1.0
p[10131],0.71,0.02,0.68,0.74,0.0,0.0,8997.08,6754.05,1.0
p[10132],0.54,0.02,0.5,0.58,0.0,0.0,9261.59,7484.76,1.0
p[10133],0.55,0.02,0.51,0.58,0.0,0.0,9266.03,7558.62,1.0
p[10134],0.48,0.02,0.43,0.51,0.0,0.0,9401.75,6796.08,1.0
p[10135],0.56,0.02,0.52,0.6,0.0,0.0,9374.15,7728.09,1.0
p[10136],0.35,0.02,0.32,0.39,0.0,0.0,9316.07,6947.55,1.0
p[10137],0.57,0.02,0.53,0.61,0.0,0.0,9370.01,7750.96,1.0
p[10138],0.74,0.01,0.71,0.76,0.0,0.0,9014.56,6871.9,1.0
p[10139],0.36,0.02,0.32,0.39,0.0,0.0,9336.42,6948.98,1.0
p[10140],0.69,0.02,0.65,0.74,0.0,0.0,10016.28,6208.48,1.0
p[10141],0.66,0.03,0.61,0.71,0.0,0.0,9977.63,6697.5,1.0
p[10142],0.58,0.02,0.55,0.61,0.0,0.0,8317.09,6746.41,1.0
p[10143],0.74,0.01,0.72,0.77,0.0,0.0,8996.33,6965.33,1.0
p[10144],0.36,0.02,0.33,0.4,0.0,0.0,9354.46,6949.88,1.0
p[10145],0.75,0.01,0.72,0.77,0.0,0.0,8992.77,6965.11,1.0
p[10146],0.59,0.02,0.56,0.62,0.0,0.0,8322.56,6899.87,1.0
p[10147],0.5,0.02,0.46,0.54,0.0,0.0,9470.98,6718.96,1.0
p[10148],0.62,0.02,0.57,0.66,0.0,0.0,10363.71,7590.74,1.0
p[10149],0.59,0.02,0.56,0.62,0.0,0.0,8325.79,6899.9,1.0
p[10150],0.58,0.02,0.55,0.62,0.0,0.0,9361.43,7287.26,1.0
p[10151],0.75,0.01,0.72,0.77,0.0,0.0,8985.03,7060.45,1.0
p[10152],0.37,0.02,0.33,0.4,0.0,0.0,9372.97,6885.97,1.0
p[10153],0.75,0.01,0.72,0.77,0.0,0.0,8985.03,7060.45,1.0
p[10154],0.51,0.02,0.47,0.56,0.0,0.0,10379.96,6075.09,1.0
p[10155],0.68,0.02,0.64,0.72,0.0,0.0,9101.74,6698.15,1.0
p[10156],0.6,0.02,0.57,0.63,0.0,0.0,8328.11,6841.04,1.0
p[10157],0.7,0.02,0.66,0.75,0.0,0.0,10015.59,6018.05,1.0
p[10158],0.6,0.02,0.57,0.63,0.0,0.0,8328.83,6841.04,1.0
p[10159],0.75,0.01,0.73,0.78,0.0,0.0,8979.88,7060.84,1.0
p[10160],0.67,0.03,0.62,0.72,0.0,0.0,9973.82,6653.43,1.0
p[10161],0.75,0.01,0.73,0.78,0.0,0.0,8977.18,6994.86,1.0
p[10162],0.73,0.02,0.68,0.77,0.0,0.0,11194.88,7162.99,1.0
p[10163],0.68,0.02,0.64,0.72,0.0,0.0,9098.9,6611.07,1.0
p[10164],0.59,0.03,0.54,0.63,0.0,0.0,10331.39,6988.5,1.0
p[10165],0.37,0.02,0.34,0.41,0.0,0.0,9379.66,6854.4,1.0
p[10166],0.52,0.02,0.47,0.56,0.0,0.0,10375.22,6073.71,1.0
p[10167],0.6,0.02,0.57,0.63,0.0,0.0,8331.23,6750.16,1.0
p[10168],0.68,0.02,0.65,0.73,0.0,0.0,9088.12,6553.54,1.0
p[10169],0.63,0.02,0.59,0.67,0.0,0.0,10393.29,7668.78,1.0
p[10170],0.59,0.02,0.56,0.63,0.0,0.0,9342.99,7286.13,1.0
p[10171],0.51,0.02,0.48,0.55,0.0,0.0,9506.5,6630.29,1.0
p[10172],0.78,0.02,0.74,0.82,0.0,0.0,9808.72,7008.65,1.0
p[10173],0.6,0.02,0.58,0.63,0.0,0.0,8335.06,6659.97,1.0
p[10174],0.6,0.02,0.58,0.63,0.0,0.0,8335.06,6659.97,1.0
p[10175],0.76,0.01,0.73,0.78,0.0,0.0,8961.28,6954.52,1.0
p[10176],0.76,0.01,0.73,0.78,0.0,0.0,8960.5,6954.52,1.0
p[10177],0.6,0.02,0.56,0.63,0.0,0.0,9341.05,7321.5,1.0
p[10178],0.38,0.02,0.35,0.42,0.0,0.0,9390.52,6808.66,1.0
p[10179],0.76,0.01,0.74,0.78,0.0,0.0,8955.97,7065.58,1.0
p[10180],0.76,0.01,0.74,0.78,0.0,0.0,8954.82,7065.58,1.0
p[10181],0.52,0.02,0.48,0.57,0.0,0.0,10374.37,5983.49,1.0
p[10182],0.76,0.01,0.74,0.79,0.0,0.0,8951.92,7032.18,1.0
p[10183],0.69,0.02,0.65,0.73,0.0,0.0,9075.17,6551.62,1.0
p[10184],0.61,0.01,0.58,0.64,0.0,0.0,8339.06,6426.51,1.0
p[10185],0.61,0.01,0.58,0.64,0.0,0.0,8339.42,6426.51,1.0
p[10186],0.76,0.01,0.74,0.78,0.0,0.0,8949.17,7032.18,1.0
p[10187],0.6,0.02,0.57,0.64,0.0,0.0,9336.77,7138.85,1.0
p[10188],0.63,0.02,0.59,0.68,0.0,0.0,10406.76,7554.31,1.0
p[10189],0.68,0.02,0.64,0.73,0.0,0.0,9963.84,6678.94,1.0
p[10190],0.61,0.01,0.58,0.64,0.0,0.0,8340.95,6348.92,1.0
p[10191],0.61,0.01,0.58,0.64,0.0,0.0,8340.95,6348.92,1.0
p[10192],0.74,0.02,0.69,0.78,0.0,0.0,11193.07,7127.36,1.0
p[10193],0.6,0.03,0.55,0.65,0.0,0.0,10343.49,6820.85,1.0
p[10194],0.72,0.02,0.67,0.76,0.0,0.0,10004.43,6153.22,1.0
p[10195],0.53,0.02,0.48,0.57,0.0,0.0,10376.71,6075.79,1.0
p[10196],0.38,0.02,0.35,0.42,0.0,0.0,9396.28,6718.42,1.0
p[10197],0.61,0.01,0.59,0.64,0.0,0.0,8342.61,6321.5,1.0
p[10198],0.61,0.01,0.59,0.64,0.0,0.0,8343.16,6321.5,1.0
p[10199],0.76,0.01,0.74,0.79,0.0,0.0,8938.2,7232.1,1.0
p[10200],0.53,0.02,0.49,0.57,0.0,0.0,9536.77,6718.88,1.0
p[10201],0.79,0.02,0.75,0.82,0.0,0.0,9836.39,6857.21,1.0
p[10202],0.7,0.02,0.66,0.74,0.0,0.0,9061.22,6467.97,1.0
p[10203],0.61,0.02,0.57,0.64,0.0,0.0,9328.39,7205.27,1.0
p[10204],0.64,0.02,0.6,0.68,0.0,0.0,10421.95,7553.72,1.0
p[10205],0.77,0.01,0.74,0.79,0.0,0.0,8933.54,7163.2,1.0
p[10206],0.62,0.01,0.59,0.64,0.0,0.0,8347.49,6347.46,1.0
p[10207],0.61,0.02,0.57,0.64,0.0,0.0,9325.43,7257.32,1.0
p[10208],0.77,0.01,0.74,0.79,0.0,0.0,8926.04,7163.36,1.0
p[10209],0.54,0.02,0.49,0.58,0.0,0.0,10378.6,6197.5,1.0
p[10210],0.39,0.02,0.36,0.43,0.0,0.0,9401.48,6747.39,1.0
p[10211],0.7,0.02,0.66,0.74,0.0,0.0,9049.17,6468.44,1.0
p[10212],0.62,0.01,0.59,0.65,0.0,0.0,8352.89,6346.37,1.0
p[10213],0.7,0.02,0.66,0.74,0.0,0.0,9049.17,6468.44,1.0
p[10214],0.77,0.01,0.75,0.79,0.0,0.0,8919.68,7196.12,1.0
p[10215],0.69,0.02,0.65,0.74,0.0,0.0,9957.07,6589.92,1.0
p[10216],0.65,0.02,0.61,0.69,0.0,0.0,10433.64,7515.88,1.0
p[10217],0.77,0.01,0.75,0.79,0.0,0.0,8918.88,7196.12,1.0
p[10218],0.62,0.01,0.59,0.65,0.0,0.0,8353.23,6373.43,1.0
p[10219],0.77,0.01,0.75,0.79,0.0,0.0,8917.66,7196.12,1.0
p[10220],0.61,0.02,0.58,0.65,0.0,0.0,9320.16,7326.37,1.0
p[10221],0.62,0.01,0.59,0.65,0.0,0.0,8353.21,6321.0,1.0
p[10222],0.72,0.02,0.68,0.77,0.0,0.0,9992.48,6028.73,1.0
p[10223],0.61,0.03,0.56,0.66,0.0,0.0,10353.93,7035.96,1.0
p[10224],0.4,0.02,0.36,0.43,0.0,0.0,9414.23,6810.13,1.0
p[10225],0.62,0.01,0.6,0.65,0.0,0.0,8355.93,6238.46,1.0
p[10226],0.75,0.02,0.71,0.79,0.0,0.0,11187.01,7126.42,1.0
p[10227],0.54,0.02,0.5,0.59,0.0,0.0,10387.18,6075.26,1.0
p[10228],0.63,0.01,0.6,0.65,0.0,0.0,8358.13,6211.95,1.0
p[10229],0.54,0.02,0.5,0.58,0.0,0.0,9563.69,6557.07,1.0
p[10230],0.71,0.02,0.67,0.74,0.0,0.0,9037.5,6468.65,1.0
p[10231],0.65,0.02,0.61,0.69,0.0,0.0,10441.47,7628.51,1.0
p[10232],0.79,0.02,0.76,0.83,0.0,0.0,9869.5,6734.33,1.0
p[10233],0.62,0.02,0.58,0.65,0.0,0.0,9310.68,7367.19,1.0
p[10234],0.77,0.01,0.75,0.8,0.0,0.0,8900.82,7096.0,1.0
p[10235],0.63,0.01,0.6,0.65,0.0,0.0,8361.82,6139.4,1.0
p[10236],0.71,0.02,0.67,0.74,0.0,0.0,9548.64,7027.82,1.0
p[10237],0.62,0.02,0.59,0.66,0.0,0.0,9303.65,7331.37,1.0
p[10238],0.78,0.01,0.76,0.8,0.0,0.0,8893.98,7091.76,1.0
p[10239],0.55,0.02,0.5,0.59,0.0,0.0,10383.77,6145.37,1.0
p[10240],0.78,0.01,0.76,0.8,0.0,0.0,8893.3,7025.42,1.0
p[10241],0.66,0.02,0.62,0.7,0.0,0.0,10448.79,7706.55,1.0
p[10242],0.71,0.02,0.67,0.75,0.0,0.0,9023.63,6496.92,1.0
p[10243],0.63,0.01,0.61,0.66,0.0,0.0,8367.68,6092.04,1.0
p[10244],0.78,0.01,0.76,0.8,0.0,0.0,8887.69,7025.17,1.0
p[10245],0.71,0.02,0.66,0.75,0.0,0.0,9949.52,6704.82,1.0
p[10246],0.63,0.02,0.59,0.66,0.0,0.0,9296.88,7457.87,1.0
p[10247],0.78,0.01,0.76,0.8,0.0,0.0,8886.55,7058.47,1.0
p[10248],0.78,0.01,0.76,0.8,0.0,0.0,8885.36,7058.47,1.0
p[10249],0.63,0.01,0.61,0.66,0.0,0.0,8368.68,6166.98,1.0
p[10250],0.63,0.01,0.61,0.66,0.0,0.0,8368.68,6166.98,1.0
p[10251],0.63,0.01,0.61,0.66,0.0,0.0,8368.68,6166.98,1.0
p[10252],0.73,0.02,0.69,0.78,0.0,0.0,9969.84,6201.29,1.0
p[10253],0.76,0.02,0.72,0.8,0.0,0.0,11179.15,7125.95,1.0
p[10254],0.62,0.03,0.58,0.67,0.0,0.0,10359.3,7094.44,1.0
p[10255],0.41,0.02,0.37,0.45,0.0,0.0,9427.89,6853.77,1.0
p[10256],0.64,0.01,0.61,0.66,0.0,0.0,8375.38,6166.83,1.0
p[10257],0.56,0.02,0.51,0.6,0.0,0.0,10378.73,6144.67,1.0
p[10258],0.8,0.02,0.77,0.84,0.0,0.0,9898.05,6824.58,1.0
p[10259],0.55,0.02,0.51,0.59,0.0,0.0,9549.31,6289.79,1.0
p[10260],0.66,0.02,0.63,0.7,0.0,0.0,10453.54,7745.8,1.0
p[10261],0.63,0.02,0.6,0.66,0.0,0.0,9290.58,7483.44,1.0
p[10262],0.72,0.02,0.68,0.75,0.0,0.0,9493.26,6959.05,1.0
p[10263],0.78,0.01,0.76,0.81,0.0,0.0,8860.73,7192.61,1.0
p[10264],0.63,0.02,0.6,0.67,0.0,0.0,9286.08,7458.44,1.0
p[10265],0.56,0.02,0.52,0.6,0.0,0.0,10377.37,6253.04,1.0
p[10266],0.74,0.02,0.7,0.78,0.0,0.0,9950.73,6289.86,1.0
p[10267],0.67,0.02,0.63,0.71,0.0,0.0,10463.13,7706.32,1.0
p[10268],0.65,0.01,0.62,0.67,0.0,0.0,8390.24,6042.04,1.0
p[10269],0.64,0.02,0.6,0.67,0.0,0.0,9277.04,7458.28,1.0
p[10270],0.72,0.02,0.67,0.76,0.0,0.0,9934.73,6651.5,1.0
p[10271],0.79,0.01,0.77,0.81,0.0,0.0,8849.99,7062.48,1.0
p[10272],0.79,0.01,0.77,0.81,0.0,0.0,8848.11,7062.48,1.0
p[10273],0.65,0.01,0.62,0.67,0.0,0.0,8391.47,6091.53,1.0
p[10274],0.65,0.01,0.62,0.67,0.0,0.0,8391.77,6045.73,1.0
p[10275],0.77,0.02,0.73,0.81,0.0,0.0,11160.77,7093.56,1.0
p[10276],0.63,0.02,0.59,0.68,0.0,0.0,10363.63,7192.15,1.0
p[10277],0.79,0.01,0.77,0.81,0.0,0.0,8839.27,7127.89,1.0
p[10278],0.57,0.02,0.52,0.61,0.0,0.0,10376.15,6382.14,1.0
p[10279],0.65,0.01,0.62,0.67,0.0,0.0,8394.06,5986.89,1.0
p[10280],0.42,0.02,0.39,0.46,0.0,0.0,9437.99,6918.44,1.0
p[10281],0.81,0.02,0.78,0.84,0.0,0.0,9914.88,6763.73,1.0
p[10282],0.65,0.01,0.62,0.67,0.0,0.0,8397.89,6032.94,1.0
p[10283],0.67,0.02,0.64,0.71,0.0,0.0,10464.42,7666.63,1.0
p[10284],0.56,0.02,0.53,0.6,0.0,0.0,9484.99,5965.33,1.0
p[10285],0.64,0.02,0.61,0.68,0.0,0.0,9264.45,7279.72,1.0
p[10286],0.65,0.01,0.63,0.68,0.0,0.0,8401.74,6084.09,1.0
p[10287],0.73,0.02,0.69,0.76,0.0,0.0,9431.92,7121.01,1.0
p[10288],0.64,0.02,0.61,0.68,0.0,0.0,9259.99,7279.87,1.0
p[10289],0.57,0.02,0.53,0.62,0.0,0.0,10374.18,6358.48,1.0
p[10290],0.79,0.01,0.77,0.82,0.0,0.0,8817.36,7021.98,1.0
p[10291],0.79,0.01,0.77,0.82,0.0,0.0,8816.31,7021.98,1.0
p[10292],0.68,0.02,0.64,0.72,0.0,0.0,10464.24,7698.1,1.0
p[10293],0.66,0.01,0.63,0.68,0.0,0.0,8412.78,6161.54,1.0
p[10294],0.73,0.02,0.68,0.77,0.0,0.0,9916.65,6576.7,1.0
p[10295],0.66,0.01,0.63,0.68,0.0,0.0,8412.98,6161.54,1.0
p[10296],0.65,0.02,0.62,0.68,0.0,0.0,9256.19,7287.22,1.0
p[10297],0.8,0.01,0.78,0.82,0.0,0.0,8809.04,7053.46,1.0
p[10298],0.66,0.01,0.63,0.68,0.0,0.0,8414.42,6087.53,1.0
p[10299],0.66,0.01,0.63,0.68,0.0,0.0,8414.42,6087.53,1.0
p[10300],0.75,0.02,0.72,0.79,0.0,0.0,9932.71,6207.15,1.0
p[10301],0.8,0.01,0.78,0.82,0.0,0.0,8806.18,7020.7,1.0
p[10302],0.65,0.02,0.6,0.69,0.0,0.0,10362.13,7166.53,1.0
p[10303],0.78,0.02,0.74,0.81,0.0,0.0,11141.17,7060.68,1.0
p[10304],0.8,0.01,0.78,0.82,0.0,0.0,8798.56,7116.78,1.0
p[10305],0.66,0.01,0.63,0.68,0.0,0.0,8420.39,6259.32,1.0
p[10306],0.44,0.02,0.4,0.47,0.0,0.0,9451.2,6916.97,1.0
p[10307],0.58,0.02,0.54,0.62,0.0,0.0,10348.55,6409.84,1.0
p[10308],0.68,0.02,0.65,0.72,0.0,0.0,10467.64,7737.91,1.0
p[10309],0.58,0.02,0.54,0.61,0.0,0.0,9421.0,6473.25,1.0
p[10310],0.66,0.01,0.64,0.69,0.0,0.0,8423.5,6137.96,1.0
p[10311],0.65,0.02,0.62,0.69,0.0,0.0,9247.25,7305.52,1.0
p[10312],0.82,0.02,0.79,0.85,0.0,0.0,9927.93,6754.09,1.0
p[10313],0.8,0.01,0.78,0.82,0.0,0.0,8779.81,7002.82,1.0
p[10314],0.66,0.02,0.62,0.69,0.0,0.0,9239.76,7228.28,1.0
p[10315],0.59,0.02,0.54,0.63,0.0,0.0,10336.75,6464.81,1.0
p[10316],0.44,0.02,0.4,0.48,0.0,0.0,9452.72,6949.15,1.0
p[10317],0.74,0.02,0.7,0.77,0.0,0.0,9372.22,6891.96,1.0
p[10318],0.8,0.01,0.78,0.82,0.0,0.0,8770.73,6985.52,1.0
p[10319],0.8,0.01,0.78,0.82,0.0,0.0,8768.72,6985.52,1.0
p[10320],0.67,0.01,0.64,0.69,0.0,0.0,8437.39,6390.89,1.0
p[10321],0.8,0.01,0.78,0.82,0.0,0.0,8767.81,6954.35,1.0
p[10322],0.69,0.02,0.65,0.73,0.0,0.0,10468.68,7610.48,1.0
p[10323],0.8,0.01,0.78,0.82,0.0,0.0,8765.17,6892.08,1.0
p[10324],0.76,0.02,0.72,0.8,0.0,0.0,9911.93,6204.63,1.0
p[10325],0.74,0.02,0.7,0.78,0.0,0.0,9899.77,6662.29,1.0
p[10326],0.66,0.02,0.63,0.69,0.0,0.0,9231.88,7351.41,1.0
p[10327],0.67,0.01,0.64,0.69,0.0,0.0,8441.93,6235.18,1.0
p[10328],0.66,0.02,0.61,0.7,0.0,0.0,10357.93,7168.04,1.0
p[10329],0.78,0.02,0.75,0.82,0.0,0.0,11121.88,6963.8,1.0
p[10330],0.45,0.02,0.41,0.48,0.0,0.0,9451.43,6887.0,1.0
p[10331],0.67,0.01,0.65,0.69,0.0,0.0,8516.05,6236.28,1.0
p[10332],0.59,0.02,0.55,0.63,0.0,0.0,10312.0,6448.64,1.0
p[10333],0.67,0.01,0.65,0.7,0.0,0.0,8518.37,6210.78,1.0
p[10334],0.67,0.01,0.65,0.7,0.0,0.0,8517.61,6237.29,1.0
p[10335],0.82,0.02,0.79,0.86,0.0,0.0,9934.21,6577.11,1.0
p[10336],0.59,0.02,0.55,0.62,0.0,0.0,9363.2,6821.13,1.0
p[10337],0.7,0.02,0.66,0.73,0.0,0.0,10469.69,7617.75,1.0
p[10338],0.67,0.02,0.63,0.7,0.0,0.0,9223.98,7422.66,1.0
p[10339],0.81,0.01,0.79,0.83,0.0,0.0,8740.04,6844.6,1.0
p[10340],0.81,0.01,0.79,0.83,0.0,0.0,8737.49,6845.08,1.0
p[10341],0.67,0.02,0.64,0.7,0.0,0.0,9216.06,7459.3,1.0
p[10342],0.75,0.02,0.72,0.78,0.0,0.0,9303.2,7144.92,1.0
p[10343],0.6,0.02,0.55,0.64,0.0,0.0,10292.92,6462.29,1.0
p[10344],0.45,0.02,0.42,0.49,0.0,0.0,9453.72,6855.28,1.0
p[10345],0.81,0.01,0.79,0.83,0.0,0.0,8725.2,6877.9,1.0
p[10346],0.81,0.01,0.79,0.83,0.0,0.0,8720.8,6877.9,1.0
p[10347],0.68,0.01,0.65,0.7,0.0,0.0,8513.82,6243.47,1.0
p[10348],0.7,0.02,0.67,0.74,0.0,0.0,10468.83,7611.02,1.0
p[10349],0.68,0.01,0.65,0.7,0.0,0.0,8514.2,6243.47,1.0
p[10350],0.81,0.01,0.79,0.83,0.0,0.0,8715.5,6847.82,1.0
p[10351],0.67,0.02,0.64,0.7,0.0,0.0,9206.41,7350.39,1.0
p[10352],0.75,0.02,0.71,0.79,0.0,0.0,9877.55,6548.26,1.0
p[10353],0.77,0.02,0.73,0.81,0.0,0.0,9888.49,6194.55,1.0
p[10354],0.68,0.01,0.66,0.7,0.0,0.0,8512.94,6139.2,1.0
p[10355],0.68,0.01,0.66,0.7,0.0,0.0,8512.94,6139.2,1.0
p[10356],0.79,0.02,0.76,0.83,0.0,0.0,11093.36,7027.85,1.0
p[10357],0.67,0.02,0.62,0.71,0.0,0.0,10347.61,7183.45,1.0
p[10358],0.6,0.02,0.56,0.65,0.0,0.0,10269.37,6598.3,1.0
p[10359],0.81,0.01,0.8,0.83,0.0,0.0,8705.36,6908.85,1.0
p[10360],0.46,0.02,0.42,0.5,0.0,0.0,9455.66,6795.35,1.0
p[10361],0.68,0.01,0.66,0.71,0.0,0.0,8513.0,6320.09,1.0
p[10362],0.71,0.02,0.67,0.74,0.0,0.0,10461.98,7663.84,1.0
p[10363],0.6,0.02,0.56,0.64,0.0,0.0,9276.69,6841.81,1.0
p[10364],0.83,0.02,0.8,0.86,0.0,0.0,9938.65,6676.42,1.0
p[10365],0.68,0.02,0.65,0.71,0.0,0.0,9186.53,7422.14,1.0
p[10366],0.47,0.02,0.43,0.5,0.0,0.0,9446.32,6795.2,1.0
p[10367],0.61,0.02,0.57,0.65,0.0,0.0,10240.48,6570.29,1.0
p[10368],0.69,0.01,0.67,0.71,0.0,0.0,8507.19,6321.08,1.0
p[10369],0.78,0.02,0.74,0.82,0.0,0.0,9854.55,6072.99,1.0
p[10370],0.71,0.02,0.68,0.75,0.0,0.0,10453.02,7625.66,1.0
p[10371],0.68,0.02,0.65,0.71,0.0,0.0,9177.73,7422.33,1.0
p[10372],0.82,0.01,0.8,0.84,0.0,0.0,8669.18,6945.66,1.0
p[10373],0.82,0.01,0.8,0.84,0.0,0.0,8668.35,6981.27,1.0
p[10374],0.76,0.02,0.72,0.79,0.0,0.0,9854.78,6520.07,1.0
p[10375],0.69,0.01,0.67,0.71,0.0,0.0,8505.71,6222.88,1.0
p[10376],0.8,0.02,0.77,0.84,0.0,0.0,11054.92,6867.76,1.0
p[10377],0.62,0.02,0.57,0.66,0.0,0.0,10222.36,6626.39,1.0
p[10378],0.68,0.02,0.64,0.72,0.0,0.0,10334.63,7320.41,1.0
p[10379],0.47,0.02,0.44,0.51,0.0,0.0,9448.32,6824.62,1.0
p[10380],0.69,0.01,0.67,0.72,0.0,0.0,8506.82,6287.56,1.0
p[10381],0.82,0.01,0.8,0.84,0.0,0.0,8657.71,7043.14,1.0
p[10382],0.69,0.01,0.67,0.72,0.0,0.0,8505.18,6313.67,1.0
p[10383],0.61,0.02,0.58,0.65,0.0,0.0,9183.87,6405.21,1.0
p[10384],0.72,0.02,0.68,0.75,0.0,0.0,10443.41,7625.79,1.0
p[10385],0.77,0.02,0.73,0.8,0.0,0.0,8853.55,6666.66,1.0
p[10386],0.69,0.02,0.66,0.72,0.0,0.0,9157.99,7314.9,1.0
p[10387],0.84,0.02,0.81,0.87,0.0,0.0,9901.27,6706.11,1.0
p[10388],0.7,0.01,0.67,0.72,0.0,0.0,8504.65,6394.28,1.0
p[10389],0.82,0.01,0.81,0.84,0.0,0.0,8642.44,7018.85,1.0
p[10390],0.69,0.02,0.66,0.72,0.0,0.0,9149.99,7279.52,1.0
p[10391],0.77,0.02,0.74,0.8,0.0,0.0,9178.89,7238.74,1.0
p[10392],0.48,0.02,0.44,0.52,0.0,0.0,9445.4,6905.39,1.0
p[10393],0.83,0.01,0.81,0.84,0.0,0.0,8626.4,6832.56,1.0
p[10394],0.62,0.02,0.58,0.67,0.0,0.0,10184.11,6528.82,1.0
p[10395],0.77,0.02,0.74,0.8,0.0,0.0,8839.69,6696.1,1.0
p[10396],0.83,0.01,0.81,0.84,0.0,0.0,8623.3,6863.2,1.0
p[10397],0.83,0.01,0.81,0.84,0.0,0.0,8623.3,6863.2,1.0
p[10398],0.7,0.01,0.68,0.72,0.0,0.0,8503.31,6447.18,1.0
p[10399],0.7,0.01,0.68,0.72,0.0,0.0,8503.67,6420.43,1.0
p[10400],0.72,0.02,0.69,0.76,0.0,0.0,10432.35,7588.18,1.0
p[10401],0.69,0.02,0.66,0.73,0.0,0.0,9138.68,7314.37,1.0
p[10402],0.77,0.02,0.74,0.8,0.0,0.0,9158.37,7239.63,1.0
p[10403],0.77,0.02,0.73,0.8,0.0,0.0,9820.36,6383.49,1.0
p[10404],0.7,0.01,0.68,0.73,0.0,0.0,8503.82,6447.24,1.0
p[10405],0.7,0.01,0.68,0.73,0.0,0.0,8503.82,6447.24,1.0
p[10406],0.79,0.02,0.75,0.83,0.0,0.0,9819.53,6201.2,1.0
p[10407],0.81,0.02,0.77,0.84,0.0,0.0,11012.89,6775.91,1.0
p[10408],0.63,0.02,0.59,0.67,0.0,0.0,10156.89,6501.13,1.0
p[10409],0.69,0.02,0.65,0.73,0.0,0.0,10315.22,7324.71,1.0
p[10410],0.49,0.02,0.45,0.52,0.0,0.0,9443.84,6824.14,1.0
p[10411],0.7,0.01,0.68,0.73,0.0,0.0,8503.38,6474.59,1.0
p[10412],0.83,0.01,0.81,0.85,0.0,0.0,8603.05,6867.3,1.0
p[10413],0.73,0.02,0.69,0.76,0.0,0.0,10424.15,7513.41,1.0
p[10414],0.77,0.02,0.74,0.81,0.0,0.0,8822.3,6666.85,1.0
p[10415],0.85,0.02,0.82,0.88,0.0,0.0,9846.13,6768.82,1.0
p[10416],0.7,0.02,0.67,0.73,0.0,0.0,9121.05,7175.71,1.0
p[10417],0.83,0.01,0.81,0.85,0.0,0.0,8590.27,6929.91,1.0
p[10418],0.63,0.02,0.59,0.66,0.0,0.0,9098.16,6710.62,1.0
p[10419],0.81,0.02,0.78,0.85,0.0,0.0,10993.3,6806.58,1.0
p[10420],0.83,0.01,0.81,0.85,0.0,0.0,8584.2,6857.85,1.0
p[10421],0.71,0.01,0.68,0.73,0.0,0.0,8500.54,6473.37,1.0
p[10422],0.7,0.02,0.67,0.73,0.0,0.0,9118.11,7175.66,1.0
p[10423],0.63,0.02,0.59,0.68,0.0,0.0,10129.2,6445.81,1.0
p[10424],0.71,0.01,0.69,0.73,0.0,0.0,8502.12,6530.34,1.0
p[10425],0.78,0.02,0.75,0.81,0.0,0.0,8807.72,6608.61,1.0
p[10426],0.8,0.02,0.76,0.83,0.0,0.0,9792.45,6362.1,1.0
p[10427],0.83,0.01,0.82,0.85,0.0,0.0,8570.33,6889.59,1.0
p[10428],0.7,0.02,0.67,0.73,0.0,0.0,9108.59,7109.07,1.0
p[10429],0.77,0.02,0.74,0.81,0.0,0.0,9782.93,6384.25,1.0
p[10430],0.78,0.02,0.75,0.81,0.0,0.0,9101.0,6989.11,1.0
p[10431],0.71,0.01,0.69,0.73,0.0,0.0,8502.54,6530.61,1.0
p[10432],0.7,0.02,0.66,0.74,0.0,0.0,10295.52,7432.94,1.0
p[10433],0.82,0.02,0.78,0.85,0.0,0.0,10967.49,6745.43,1.0
p[10434],0.73,0.02,0.7,0.77,0.0,0.0,10406.36,7476.59,1.0
p[10435],0.71,0.01,0.69,0.74,0.0,0.0,8500.78,6530.15,1.0
p[10436],0.5,0.02,0.46,0.53,0.0,0.0,9434.36,7000.26,1.0
p[10437],0.64,0.02,0.6,0.68,0.0,0.0,10087.48,6483.22,1.0
p[10438],0.72,0.01,0.69,0.74,0.0,0.0,8501.45,6529.93,1.0
p[10439],0.64,0.02,0.6,0.67,0.0,0.0,9037.61,6799.04,1.0
p[10440],0.78,0.02,0.75,0.81,0.0,0.0,8793.82,6579.66,1.0
p[10441],0.74,0.02,0.7,0.77,0.0,0.0,10400.87,7551.1,1.0
p[10442],0.85,0.01,0.83,0.88,0.0,0.0,9791.09,6601.93,1.0
p[10443],0.84,0.01,0.82,0.86,0.0,0.0,8543.23,6862.01,1.0
p[10444],0.71,0.02,0.68,0.74,0.0,0.0,9087.46,7142.33,1.0
p[10445],0.84,0.01,0.82,0.86,0.0,0.0,8537.91,6862.09,1.0
p[10446],0.78,0.02,0.76,0.81,0.0,0.0,9064.96,7136.08,1.0
p[10447],0.72,0.01,0.7,0.74,0.0,0.0,8501.66,6438.02,1.0
p[10448],0.71,0.02,0.68,0.74,0.0,0.0,9078.56,7142.19,1.0
p[10449],0.5,0.02,0.47,0.54,0.0,0.0,9428.79,6950.11,1.0
p[10450],0.65,0.02,0.61,0.69,0.0,0.0,10055.54,6509.6,1.0
p[10451],0.84,0.01,0.82,0.86,0.0,0.0,8525.08,6751.41,1.0
p[10452],0.79,0.02,0.76,0.82,0.0,0.0,8777.84,6611.08,1.0
p[10453],0.72,0.01,0.7,0.74,0.0,0.0,8500.19,6587.79,1.0
p[10454],0.74,0.02,0.71,0.77,0.0,0.0,10377.13,7342.52,1.0
p[10455],0.84,0.01,0.82,0.86,0.0,0.0,8517.64,6751.29,1.0
p[10456],0.72,0.02,0.68,0.75,0.0,0.0,9066.89,7131.72,1.0
p[10457],0.84,0.01,0.82,0.86,0.0,0.0,8516.89,6751.29,1.0
p[10458],0.78,0.02,0.75,0.82,0.0,0.0,9740.75,6384.08,1.0
p[10459],0.72,0.01,0.7,0.74,0.0,0.0,8500.34,6587.72,1.0
p[10460],0.72,0.01,0.7,0.74,0.0,0.0,8500.34,6587.72,1.0
p[10461],0.82,0.02,0.79,0.86,0.0,0.0,10921.56,6868.38,1.0
p[10462],0.84,0.01,0.83,0.86,0.0,0.0,8509.09,6781.4,1.0
p[10463],0.71,0.02,0.67,0.75,0.0,0.0,10441.48,7323.62,1.0
p[10464],0.65,0.02,0.61,0.69,0.0,0.0,10020.61,6536.08,1.0
p[10465],0.81,0.02,0.77,0.84,0.0,0.0,9745.99,6342.8,1.0
p[10466],0.72,0.01,0.7,0.75,0.0,0.0,8501.97,6587.78,1.0
p[10467],0.73,0.01,0.7,0.75,0.0,0.0,8502.21,6559.36,1.0
p[10468],0.84,0.01,0.83,0.86,0.0,0.0,8504.67,6812.17,1.0
p[10469],0.51,0.02,0.48,0.55,0.0,0.0,9423.82,6793.71,1.0
p[10470],0.65,0.02,0.62,0.69,0.0,0.0,8947.2,6358.7,1.0
p[10471],0.75,0.02,0.71,0.78,0.0,0.0,10363.79,7440.19,1.0
p[10472],0.86,0.01,0.83,0.89,0.0,0.0,9719.7,6686.3,1.0
p[10473],0.79,0.02,0.76,0.82,0.0,0.0,8761.66,6525.53,1.0
p[10474],0.72,0.02,0.69,0.75,0.0,0.0,9050.34,6983.72,1.0
p[10475],0.73,0.01,0.71,0.75,0.0,0.0,8504.86,6644.99,1.0
p[10476],0.79,0.02,0.76,0.82,0.0,0.0,9000.74,7072.06,1.0
p[10477],0.72,0.02,0.69,0.75,0.0,0.0,9045.48,7016.35,1.0
p[10478],0.52,0.02,0.48,0.56,0.0,0.0,9419.17,6704.07,1.0
p[10479],0.66,0.02,0.62,0.7,0.0,0.0,9979.28,6621.3,1.0
p[10480],0.79,0.02,0.77,0.82,0.0,0.0,8988.59,7073.56,1.0
p[10481],0.73,0.01,0.71,0.75,0.0,0.0,8506.69,6622.88,1.0
p[10482],0.8,0.02,0.77,0.83,0.0,0.0,8750.07,6525.52,1.0
p[10483],0.73,0.01,0.71,0.75,0.0,0.0,8507.3,6651.87,1.0
p[10484],0.81,0.02,0.78,0.84,0.0,0.0,9718.2,6394.81,1.0
p[10485],0.85,0.01,0.83,0.86,0.0,0.0,8469.07,6894.45,1.0
p[10486],0.79,0.02,0.76,0.83,0.0,0.0,9702.08,6357.37,1.0
p[10487],0.73,0.02,0.7,0.76,0.0,0.0,9038.94,7016.9,1.0
p[10488],0.75,0.02,0.72,0.78,0.0,0.0,10334.24,7343.96,1.0
p[10489],0.73,0.01,0.71,0.75,0.0,0.0,8510.58,6709.76,1.0
p[10490],0.83,0.02,0.8,0.86,0.0,0.0,10863.47,6868.73,1.0
p[10491],0.72,0.02,0.68,0.76,0.0,0.0,10270.22,7382.05,1.0
p[10492],0.73,0.01,0.71,0.75,0.0,0.0,8512.0,6711.19,1.0
p[10493],0.85,0.01,0.83,0.87,0.0,0.0,8452.83,6895.16,1.0
p[10494],0.74,0.01,0.71,0.76,0.0,0.0,8511.75,6681.65,1.0
p[10495],0.52,0.02,0.49,0.56,0.0,0.0,9412.07,6823.86,1.0
p[10496],0.74,0.01,0.71,0.76,0.0,0.0,8511.18,6651.85,1.0
p[10497],0.66,0.02,0.62,0.69,0.0,0.0,8877.23,6354.34,1.0
p[10498],0.8,0.02,0.77,0.83,0.0,0.0,8738.91,6553.99,1.0
p[10499],0.87,0.01,0.84,0.89,0.0,0.0,9650.3,6610.51,1.0
p[10500],0.85,0.01,0.84,0.87,0.0,0.0,8443.75,6790.73,1.0
p[10501],0.76,0.02,0.72,0.79,0.0,0.0,10316.07,7487.41,1.0
p[10502],0.74,0.01,0.71,0.76,0.0,0.0,8510.75,6710.16,1.0
p[10503],0.73,0.02,0.7,0.76,0.0,0.0,9018.47,7277.65,1.0
p[10504],0.67,0.02,0.63,0.71,0.0,0.0,9841.07,6651.98,1.0
p[10505],0.73,0.02,0.7,0.76,0.0,0.0,9013.44,7243.06,1.0
p[10506],0.85,0.01,0.84,0.87,0.0,0.0,8436.03,6802.2,1.0
p[10507],0.85,0.01,0.84,0.87,0.0,0.0,8434.26,6802.62,1.0
p[10508],0.53,0.02,0.49,0.57,0.0,0.0,9402.85,6730.9,1.0
p[10509],0.74,0.01,0.72,0.76,0.0,0.0,8507.99,6564.11,1.0
p[10510],0.8,0.02,0.77,0.83,0.0,0.0,8727.02,6525.43,1.0
p[10511],0.76,0.02,0.73,0.79,0.0,0.0,10299.14,7487.55,1.0
p[10512],0.74,0.01,0.72,0.76,0.0,0.0,8509.05,6535.46,1.0
p[10513],0.85,0.01,0.84,0.87,0.0,0.0,8429.76,6804.06,1.0
p[10514],0.8,0.02,0.77,0.83,0.0,0.0,9669.13,6357.57,1.0
p[10515],0.74,0.02,0.7,0.76,0.0,0.0,9004.51,7348.04,1.0
p[10516],0.74,0.01,0.72,0.76,0.0,0.0,8507.91,6563.49,1.0
p[10517],0.74,0.01,0.72,0.77,0.0,0.0,8509.0,6621.17,1.0
p[10518],0.82,0.02,0.79,0.85,0.0,0.0,9677.4,6526.0,1.0
p[10519],0.74,0.01,0.72,0.77,0.0,0.0,8509.0,6621.17,1.0
p[10520],0.84,0.02,0.81,0.87,0.0,0.0,10810.51,6775.94,1.0
p[10521],0.86,0.01,0.84,0.87,0.0,0.0,8415.33,6800.56,1.0
p[10522],0.73,0.02,0.69,0.77,0.0,0.0,10113.23,7128.04,1.0
p[10523],0.54,0.02,0.5,0.57,0.0,0.0,9398.36,6810.59,1.0
p[10524],0.67,0.02,0.64,0.71,0.0,0.0,8800.85,6674.73,1.0
p[10525],0.86,0.01,0.84,0.87,0.0,0.0,8406.02,6799.66,1.0
p[10526],0.87,0.01,0.85,0.9,0.0,0.0,9588.75,6578.89,1.0
p[10527],0.77,0.02,0.73,0.8,0.0,0.0,10272.3,7266.07,1.0
p[10528],0.86,0.01,0.84,0.87,0.0,0.0,8402.19,6790.95,1.0
p[10529],0.86,0.01,0.84,0.87,0.0,0.0,8401.13,6790.95,1.0
p[10530],0.54,0.02,0.5,0.58,0.0,0.0,9390.77,6871.43,1.0
p[10531],0.68,0.02,0.64,0.72,0.0,0.0,9682.04,6802.11,1.0
p[10532],0.74,0.02,0.71,0.77,0.0,0.0,8979.22,7312.75,1.0
p[10533],0.75,0.01,0.73,0.77,0.0,0.0,8489.42,6458.02,1.0
p[10534],0.81,0.02,0.77,0.84,0.0,0.0,9628.2,6303.75,1.0
p[10535],0.75,0.01,0.73,0.77,0.0,0.0,8480.66,6375.79,1.0
p[10536],0.75,0.01,0.73,0.77,0.0,0.0,8477.19,6375.79,1.0
p[10537],0.86,0.01,0.84,0.88,0.0,0.0,8383.56,6656.32,1.0
p[10538],0.85,0.02,0.82,0.88,0.0,0.0,10762.39,6805.11,1.0
p[10539],0.77,0.02,0.74,0.8,0.0,0.0,10246.16,7342.7,1.0
p[10540],0.55,0.02,0.51,0.59,0.0,0.0,9378.15,6902.17,1.0
p[10541],0.75,0.01,0.73,0.78,0.0,0.0,8453.69,6455.52,1.0
p[10542],0.75,0.01,0.73,0.78,0.0,0.0,8453.69,6455.52,1.0
p[10543],0.76,0.01,0.73,0.78,0.0,0.0,8444.67,6506.33,1.0
p[10544],0.68,0.02,0.65,0.72,0.0,0.0,8735.18,6470.58,1.0
p[10545],0.77,0.02,0.74,0.8,0.0,0.0,10233.48,7342.98,1.0
p[10546],0.83,0.02,0.8,0.86,0.0,0.0,9621.42,6646.05,1.0
p[10547],0.86,0.01,0.85,0.88,0.0,0.0,8358.22,6585.1,1.0
p[10548],0.86,0.01,0.85,0.88,0.0,0.0,8356.6,6585.1,1.0
p[10549],0.69,0.02,0.65,0.73,0.0,0.0,9553.88,6957.58,1.0
p[10550],0.88,0.01,0.85,0.9,0.0,0.0,9537.13,6668.72,1.0
p[10551],0.76,0.01,0.74,0.78,0.0,0.0,8399.55,6532.95,1.0
p[10552],0.76,0.01,0.74,0.78,0.0,0.0,8390.98,6492.25,1.0
p[10553],0.82,0.02,0.78,0.85,0.0,0.0,9559.9,6329.58,1.0
p[10554],0.87,0.01,0.85,0.88,0.0,0.0,8342.77,6559.81,1.0
p[10555],0.76,0.01,0.74,0.78,0.0,0.0,8380.59,6492.25,1.0
p[10556],0.75,0.02,0.71,0.79,0.0,0.0,9867.14,7099.75,1.0
p[10557],0.56,0.02,0.52,0.6,0.0,0.0,9363.46,7015.76,1.0
p[10558],0.87,0.01,0.85,0.88,0.0,0.0,8335.84,6537.26,1.0
p[10559],0.76,0.01,0.74,0.78,0.0,0.0,8362.78,6492.56,1.0
p[10560],0.85,0.02,0.82,0.88,0.0,0.0,10695.49,6746.45,1.0
p[10561],0.84,0.02,0.81,0.87,0.0,0.0,9588.79,6781.32,1.0
p[10562],0.87,0.01,0.85,0.88,0.0,0.0,8330.03,6537.66,1.0
p[10563],0.69,0.02,0.66,0.73,0.0,0.0,8654.15,6562.02,1.0
p[10564],0.78,0.02,0.75,0.81,0.0,0.0,10184.13,7380.86,1.0
p[10565],0.7,0.02,0.66,0.74,0.0,0.0,9470.16,6841.42,1.0
p[10566],0.77,0.01,0.75,0.79,0.0,0.0,8299.73,6571.98,1.0
p[10567],0.57,0.02,0.53,0.61,0.0,0.0,9349.0,6952.36,1.0
p[10568],0.77,0.01,0.75,0.79,0.0,0.0,8280.24,6541.11,1.0
p[10569],0.77,0.01,0.75,0.79,0.0,0.0,8280.24,6541.11,1.0
p[10570],0.82,0.02,0.79,0.85,0.0,0.0,9395.06,6274.89,1.0
p[10571],0.87,0.01,0.86,0.89,0.0,0.0,8309.74,6481.86,1.0
p[10572],0.87,0.01,0.86,0.89,0.0,0.0,8306.77,6511.62,1.0
p[10573],0.84,0.02,0.81,0.87,0.0,0.0,9559.1,6720.57,1.0
p[10574],0.87,0.01,0.86,0.89,0.0,0.0,8301.36,6453.35,1.0
p[10575],0.77,0.01,0.75,0.79,0.0,0.0,8249.29,6555.05,1.0
p[10576],0.57,0.02,0.54,0.61,0.0,0.0,9338.27,6936.34,1.0
p[10577],0.76,0.02,0.72,0.8,0.0,0.0,9746.24,7123.37,1.0
p[10578],0.77,0.01,0.75,0.79,0.0,0.0,8233.5,6614.36,1.0
p[10579],0.7,0.02,0.67,0.74,0.0,0.0,8598.27,6465.75,1.0
p[10580],0.79,0.02,0.76,0.82,0.0,0.0,10129.66,7373.81,1.0
p[10581],0.88,0.01,0.86,0.89,0.0,0.0,8291.16,6652.3,1.0
p[10582],0.88,0.01,0.86,0.89,0.0,0.0,8285.75,6652.3,1.0
p[10583],0.58,0.02,0.54,0.62,0.0,0.0,9331.22,6967.5,1.0
p[10584],0.78,0.01,0.76,0.8,0.0,0.0,8177.39,6509.44,1.0
p[10585],0.71,0.02,0.67,0.75,0.0,0.0,9361.61,6767.62,1.0
p[10586],0.78,0.01,0.76,0.8,0.0,0.0,8169.73,6419.73,1.0
p[10587],0.78,0.01,0.76,0.8,0.0,0.0,8168.73,6419.73,1.0
p[10588],0.83,0.02,0.8,0.86,0.0,0.0,9284.99,6248.83,1.0
p[10589],0.77,0.02,0.74,0.8,0.0,0.0,8883.92,7166.19,1.0
p[10590],0.88,0.01,0.86,0.89,0.0,0.0,8269.76,6605.23,1.0
p[10591],0.77,0.02,0.73,0.8,0.0,0.0,9664.11,7297.15,1.0
p[10592],0.78,0.01,0.76,0.8,0.0,0.0,8138.8,6600.52,1.0
p[10593],0.59,0.02,0.55,0.63,0.0,0.0,9322.77,6937.18,1.0
p[10594],0.88,0.01,0.87,0.9,0.0,0.0,8261.44,6633.35,1.0
p[10595],0.8,0.02,0.77,0.83,0.0,0.0,10084.25,7410.86,1.0
p[10596],0.85,0.01,0.82,0.88,0.0,0.0,9503.56,6868.82,1.0
p[10597],0.88,0.01,0.87,0.9,0.0,0.0,8256.94,6604.14,1.0
p[10598],0.78,0.02,0.75,0.81,0.0,0.0,8864.04,7166.06,1.0
p[10599],0.72,0.02,0.68,0.76,0.0,0.0,9295.73,6721.79,1.0
p[10600],0.78,0.02,0.75,0.82,0.0,0.0,8534.33,6298.66,1.0
p[10601],0.79,0.01,0.76,0.81,0.0,0.0,8092.72,6581.55,1.0
p[10602],0.72,0.02,0.68,0.75,0.0,0.0,8540.03,6681.06,1.0
p[10603],0.79,0.01,0.76,0.81,0.0,0.0,8076.03,6950.66,1.0
p[10604],0.79,0.01,0.77,0.81,0.0,0.0,8076.05,6950.66,1.0
p[10605],0.79,0.01,0.77,0.81,0.0,0.0,8071.72,6950.66,1.0
p[10606],0.88,0.01,0.87,0.9,0.0,0.0,8247.04,6664.3,1.0
p[10607],0.78,0.02,0.74,0.81,0.0,0.0,9572.98,6835.88,1.0
p[10608],0.6,0.02,0.56,0.64,0.0,0.0,9307.88,6782.1,1.0
p[10609],0.86,0.01,0.83,0.88,0.0,0.0,9467.47,6779.74,1.0
p[10610],0.7,0.02,0.67,0.73,0.0,0.0,8849.78,6876.27,1.0
p[10611],0.56,0.02,0.51,0.61,0.0,0.0,9798.2,6820.36,1.0
p[10612],0.53,0.02,0.49,0.57,0.0,0.0,9297.51,7232.08,1.0
p[10613],0.65,0.03,0.6,0.7,0.0,0.0,10164.16,6496.14,1.0
p[10614],0.71,0.02,0.68,0.74,0.0,0.0,8858.34,7029.17,1.0
p[10615],0.54,0.03,0.49,0.6,0.0,0.0,8898.22,6936.84,1.0
p[10616],0.54,0.02,0.5,0.58,0.0,0.0,9319.42,7250.67,1.0
p[10617],0.72,0.02,0.69,0.75,0.0,0.0,8872.02,7341.53,1.0
p[10618],0.55,0.02,0.51,0.59,0.0,0.0,9337.16,7374.02,1.0
p[10619],0.55,0.02,0.51,0.59,0.0,0.0,9347.96,7409.79,1.0
p[10620],0.48,0.02,0.44,0.52,0.0,0.0,8992.95,7323.63,1.0
p[10621],0.56,0.02,0.53,0.6,0.0,0.0,9370.86,7457.21,1.0
p[10622],0.74,0.01,0.71,0.76,0.0,0.0,8893.5,7178.81,1.0
p[10623],0.35,0.02,0.32,0.39,0.0,0.0,9030.28,7302.94,1.0
p[10624],0.74,0.01,0.71,0.77,0.0,0.0,8897.83,7079.26,1.0
p[10625],0.36,0.02,0.32,0.4,0.0,0.0,9015.3,7337.21,1.0
p[10626],0.7,0.02,0.65,0.74,0.0,0.0,10251.49,6201.05,1.0
p[10627],0.59,0.02,0.56,0.62,0.0,0.0,8416.14,6249.33,1.0
p[10628],0.67,0.03,0.62,0.71,0.0,0.0,10135.88,6615.71,1.0
p[10629],0.58,0.02,0.55,0.62,0.0,0.0,9408.86,7463.41,1.0
p[10630],0.37,0.02,0.33,0.4,0.0,0.0,9027.05,7337.73,1.0
p[10631],0.75,0.01,0.72,0.77,0.0,0.0,8910.21,7085.43,1.0
p[10632],0.59,0.02,0.56,0.62,0.0,0.0,8427.82,6545.49,1.0
p[10633],0.75,0.01,0.72,0.77,0.0,0.0,8910.1,6986.19,1.0
p[10634],0.51,0.02,0.47,0.55,0.0,0.0,9053.91,7115.57,1.0
p[10635],0.62,0.02,0.58,0.66,0.0,0.0,9947.56,6688.8,1.0
p[10636],0.6,0.02,0.57,0.63,0.0,0.0,8436.49,6433.77,1.0
p[10637],0.68,0.02,0.64,0.72,0.0,0.0,9238.2,6799.21,1.0
p[10638],0.59,0.02,0.55,0.63,0.0,0.0,9416.39,7406.74,1.0
p[10639],0.75,0.01,0.73,0.78,0.0,0.0,8915.63,7115.8,1.0
p[10640],0.37,0.02,0.33,0.41,0.0,0.0,9111.9,7214.07,1.0
p[10641],0.52,0.02,0.47,0.56,0.0,0.0,10544.46,7188.56,1.0
p[10642],0.75,0.01,0.73,0.78,0.0,0.0,8916.56,7115.96,1.0
p[10643],0.71,0.02,0.66,0.75,0.0,0.0,10273.71,6125.28,1.0
p[10644],0.6,0.02,0.57,0.63,0.0,0.0,8446.83,6189.42,1.0
p[10645],0.75,0.01,0.73,0.78,0.0,0.0,8918.72,7016.41,1.0
p[10646],0.68,0.02,0.64,0.73,0.0,0.0,9246.69,6741.83,1.0
p[10647],0.68,0.02,0.63,0.72,0.0,0.0,10118.97,6391.22,1.0
p[10648],0.6,0.02,0.57,0.63,0.0,0.0,8448.42,6300.86,1.0
p[10649],0.73,0.02,0.68,0.77,0.0,0.0,11137.81,7104.97,1.0
p[10650],0.59,0.03,0.54,0.64,0.0,0.0,10330.0,6325.79,1.0
p[10651],0.38,0.02,0.34,0.41,0.0,0.0,9221.15,6918.43,1.0
p[10652],0.52,0.02,0.48,0.57,0.0,0.0,10557.97,7085.24,1.0
p[10653],0.61,0.02,0.58,0.63,0.0,0.0,8461.45,6222.93,1.0
p[10654],0.61,0.02,0.58,0.63,0.0,0.0,8461.91,6222.93,1.0
p[10655],0.52,0.02,0.48,0.56,0.0,0.0,9074.33,6952.53,1.0
p[10656],0.63,0.02,0.59,0.67,0.0,0.0,9966.33,6637.64,1.0
p[10657],0.78,0.02,0.74,0.82,0.0,0.0,10456.74,6703.45,1.0
p[10658],0.69,0.02,0.65,0.73,0.0,0.0,9259.56,6732.6,1.0
p[10659],0.6,0.02,0.56,0.64,0.0,0.0,9437.8,7389.15,1.0
p[10660],0.76,0.01,0.74,0.78,0.0,0.0,8926.71,7037.84,1.0
p[10661],0.6,0.02,0.57,0.64,0.0,0.0,9438.74,7470.29,1.0
p[10662],0.38,0.02,0.35,0.42,0.0,0.0,9337.16,6856.99,1.0
p[10663],0.53,0.02,0.48,0.57,0.0,0.0,10576.5,7054.1,1.0
p[10664],0.76,0.01,0.74,0.79,0.0,0.0,8929.04,7166.17,1.0
p[10665],0.76,0.01,0.74,0.79,0.0,0.0,8928.85,7166.17,1.0
p[10666],0.76,0.01,0.74,0.79,0.0,0.0,8929.82,7166.17,1.0
p[10667],0.69,0.02,0.66,0.74,0.0,0.0,9275.1,6773.71,1.0
p[10668],0.72,0.02,0.67,0.76,0.0,0.0,10289.2,6060.73,1.0
p[10669],0.61,0.02,0.58,0.64,0.0,0.0,8482.59,5895.03,1.0
p[10670],0.64,0.02,0.6,0.68,0.0,0.0,9972.74,6598.59,1.0
p[10671],0.76,0.01,0.74,0.79,0.0,0.0,8931.1,7166.45,1.0
p[10672],0.61,0.01,0.58,0.64,0.0,0.0,8483.09,5944.51,1.0
p[10673],0.69,0.02,0.64,0.73,0.0,0.0,10152.37,6310.47,1.0
p[10674],0.61,0.02,0.57,0.64,0.0,0.0,9449.0,7360.24,1.0
p[10675],0.61,0.01,0.59,0.64,0.0,0.0,8485.42,5955.73,1.0
p[10676],0.61,0.01,0.59,0.64,0.0,0.0,8485.42,5955.73,1.0
p[10677],0.74,0.02,0.7,0.78,0.0,0.0,11154.71,6973.18,1.0
p[10678],0.6,0.03,0.55,0.65,0.0,0.0,10325.11,6180.09,1.0
p[10679],0.77,0.01,0.74,0.79,0.0,0.0,8936.2,7099.21,1.0
p[10680],0.62,0.01,0.59,0.64,0.0,0.0,8492.7,6016.31,1.0
p[10681],0.53,0.02,0.49,0.58,0.0,0.0,10594.44,6984.86,1.0
p[10682],0.39,0.02,0.35,0.42,0.0,0.0,9433.21,6736.0,1.0
p[10683],0.62,0.01,0.59,0.64,0.0,0.0,8495.46,5988.46,1.0
p[10684],0.77,0.01,0.74,0.79,0.0,0.0,8938.75,7158.98,1.0
p[10685],0.79,0.02,0.75,0.83,0.0,0.0,10476.22,6799.28,1.0
p[10686],0.64,0.02,0.6,0.68,0.0,0.0,9979.29,6665.77,1.0
p[10687],0.53,0.02,0.49,0.57,0.0,0.0,9099.99,6922.58,1.0
p[10688],0.7,0.02,0.66,0.74,0.0,0.0,9277.5,6828.17,1.0
p[10689],0.77,0.01,0.75,0.79,0.0,0.0,8942.63,7123.44,1.0
p[10690],0.61,0.02,0.58,0.65,0.0,0.0,9462.5,7355.28,1.0
p[10691],0.62,0.01,0.59,0.65,0.0,0.0,8508.61,6110.41,1.0
p[10692],0.7,0.02,0.67,0.74,0.0,0.0,9277.7,6827.3,1.0
p[10693],0.77,0.01,0.75,0.79,0.0,0.0,8946.49,7065.68,1.0
p[10694],0.61,0.02,0.58,0.65,0.0,0.0,9467.86,7426.27,1.0
p[10695],0.54,0.02,0.5,0.59,0.0,0.0,10610.82,6984.39,1.0
p[10696],0.4,0.02,0.36,0.43,0.0,0.0,9463.26,6796.54,1.0
p[10697],0.71,0.02,0.67,0.75,0.0,0.0,9279.64,6763.13,1.0
p[10698],0.77,0.01,0.75,0.8,0.0,0.0,8950.59,7158.13,1.0
p[10699],0.63,0.01,0.6,0.65,0.0,0.0,8522.76,6574.79,1.0
p[10700],0.63,0.01,0.6,0.65,0.0,0.0,8524.25,6660.6,1.0
p[10701],0.73,0.02,0.69,0.77,0.0,0.0,10294.63,6307.23,1.0
p[10702],0.77,0.01,0.75,0.8,0.0,0.0,8951.68,7158.13,1.0
p[10703],0.62,0.02,0.58,0.65,0.0,0.0,9474.8,7360.3,1.0
p[10704],0.7,0.02,0.66,0.74,0.0,0.0,10174.96,6391.04,1.0
p[10705],0.77,0.01,0.75,0.8,0.0,0.0,8952.4,7228.58,1.0
p[10706],0.65,0.02,0.61,0.69,0.0,0.0,9990.77,6580.78,1.0
p[10707],0.63,0.01,0.6,0.65,0.0,0.0,8527.65,6660.6,1.0
p[10708],0.75,0.02,0.71,0.79,0.0,0.0,11173.73,6867.87,1.0
p[10709],0.55,0.02,0.5,0.59,0.0,0.0,10622.91,6919.49,1.0
p[10710],0.4,0.02,0.36,0.44,0.0,0.0,9488.28,6857.66,1.0
p[10711],0.63,0.01,0.6,0.66,0.0,0.0,8534.19,6574.61,1.0
p[10712],0.63,0.01,0.6,0.66,0.0,0.0,8539.6,6516.54,1.0
p[10713],0.54,0.02,0.51,0.58,0.0,0.0,9113.39,7051.96,1.0
p[10714],0.71,0.02,0.67,0.75,0.0,0.0,9277.14,6889.08,1.0
p[10715],0.65,0.02,0.61,0.69,0.0,0.0,9996.73,6410.98,1.0
p[10716],0.8,0.02,0.76,0.83,0.0,0.0,10539.74,6830.62,1.0
p[10717],0.78,0.01,0.76,0.8,0.0,0.0,8956.54,7056.67,1.0
p[10718],0.62,0.02,0.59,0.66,0.0,0.0,9487.48,7186.21,1.0
p[10719],0.63,0.02,0.59,0.66,0.0,0.0,9492.55,7220.42,1.0
p[10720],0.41,0.02,0.37,0.44,0.0,0.0,9511.69,6889.2,1.0
p[10721],0.55,0.02,0.51,0.6,0.0,0.0,10630.39,7017.99,1.0
p[10722],0.71,0.02,0.68,0.75,0.0,0.0,9683.83,7109.33,1.0
p[10723],0.78,0.01,0.76,0.8,0.0,0.0,8960.56,7151.47,1.0
p[10724],0.78,0.01,0.76,0.8,0.0,0.0,8961.03,7185.66,1.0
p[10725],0.66,0.02,0.62,0.7,0.0,0.0,10001.59,6414.17,1.0
p[10726],0.72,0.02,0.68,0.75,0.0,0.0,9277.5,6872.95,1.0
p[10727],0.78,0.01,0.76,0.8,0.0,0.0,8962.7,7079.8,1.0
p[10728],0.64,0.01,0.61,0.66,0.0,0.0,8565.11,6546.29,1.0
p[10729],0.71,0.02,0.67,0.75,0.0,0.0,10195.95,6470.53,1.0
p[10730],0.78,0.01,0.76,0.8,0.0,0.0,8964.23,7114.61,1.0
p[10731],0.63,0.02,0.6,0.66,0.0,0.0,9496.54,7301.26,1.0
p[10732],0.64,0.01,0.61,0.66,0.0,0.0,8568.88,6476.64,1.0
p[10733],0.64,0.01,0.61,0.66,0.0,0.0,8569.64,6476.64,1.0
p[10734],0.64,0.01,0.61,0.66,0.0,0.0,8569.64,6476.64,1.0
p[10735],0.78,0.01,0.76,0.8,0.0,0.0,8964.89,7114.61,1.0
p[10736],0.74,0.02,0.7,0.78,0.0,0.0,10295.95,6154.4,1.0
p[10737],0.76,0.02,0.72,0.8,0.0,0.0,11188.48,6907.42,1.0
p[10738],0.56,0.02,0.51,0.6,0.0,0.0,10638.26,7051.37,1.0
p[10739],0.64,0.01,0.61,0.67,0.0,0.0,8581.21,6532.04,1.0
p[10740],0.63,0.02,0.58,0.68,0.0,0.0,10272.67,6242.89,1.0
p[10741],0.56,0.02,0.52,0.6,0.0,0.0,9108.9,7053.44,1.0
p[10742],0.67,0.02,0.63,0.7,0.0,0.0,10006.11,6178.74,1.0
p[10743],0.81,0.02,0.77,0.84,0.0,0.0,10627.45,6985.59,1.0
p[10744],0.64,0.02,0.6,0.67,0.0,0.0,9496.93,7129.25,1.0
p[10745],0.79,0.01,0.77,0.81,0.0,0.0,8973.72,6956.61,1.0
p[10746],0.79,0.01,0.77,0.81,0.0,0.0,8973.72,6956.61,1.0
p[10747],0.64,0.02,0.6,0.67,0.0,0.0,9498.3,7140.91,1.0
p[10748],0.72,0.02,0.69,0.76,0.0,0.0,9681.38,7052.66,1.0
p[10749],0.57,0.02,0.52,0.61,0.0,0.0,10643.51,6955.17,1.0
p[10750],0.75,0.02,0.71,0.79,0.0,0.0,10301.76,6015.23,1.0
p[10751],0.79,0.01,0.77,0.81,0.0,0.0,8974.74,6921.01,1.0
p[10752],0.65,0.01,0.62,0.67,0.0,0.0,8618.14,6851.54,1.0
p[10753],0.67,0.02,0.64,0.71,0.0,0.0,10013.53,6073.14,1.0
p[10754],0.64,0.02,0.61,0.68,0.0,0.0,9503.25,7174.1,1.0
p[10755],0.65,0.01,0.62,0.68,0.0,0.0,8623.1,6851.51,1.0
p[10756],0.72,0.02,0.68,0.76,0.0,0.0,10229.61,6400.24,1.0
p[10757],0.77,0.02,0.73,0.81,0.0,0.0,11197.88,6867.07,1.0
p[10758],0.65,0.01,0.63,0.68,0.0,0.0,8632.29,6851.26,1.0
p[10759],0.64,0.02,0.59,0.68,0.0,0.0,10246.92,6387.95,1.0
p[10760],0.57,0.02,0.53,0.62,0.0,0.0,10646.59,7051.86,1.0
p[10761],0.43,0.02,0.39,0.46,0.0,0.0,9583.61,6425.88,1.0
p[10762],0.68,0.02,0.64,0.72,0.0,0.0,10013.28,6021.25,1.0
p[10763],0.65,0.01,0.63,0.68,0.0,0.0,8647.71,6789.37,1.0
p[10764],0.81,0.02,0.78,0.85,0.0,0.0,10704.72,6952.29,1.0
p[10765],0.66,0.01,0.63,0.68,0.0,0.0,8651.23,6819.68,1.0
p[10766],0.8,0.01,0.78,0.82,0.0,0.0,8981.43,7091.79,1.0
p[10767],0.73,0.02,0.7,0.76,0.0,0.0,9670.95,7053.2,1.0
p[10768],0.57,0.02,0.54,0.61,0.0,0.0,9111.93,6893.8,1.0
p[10769],0.58,0.02,0.53,0.62,0.0,0.0,10656.58,6893.8,1.0
p[10770],0.8,0.01,0.78,0.82,0.0,0.0,8982.82,7157.75,1.0
p[10771],0.65,0.02,0.62,0.69,0.0,0.0,9509.66,7207.29,1.0
p[10772],0.8,0.01,0.78,0.82,0.0,0.0,8983.45,7157.75,1.0
p[10773],0.66,0.01,0.64,0.69,0.0,0.0,8673.85,6912.58,1.0
p[10774],0.68,0.02,0.65,0.72,0.0,0.0,10011.89,6177.21,1.0
p[10775],0.66,0.01,0.64,0.69,0.0,0.0,8678.61,6912.69,1.0
p[10776],0.66,0.01,0.64,0.69,0.0,0.0,8679.9,6912.69,1.0
p[10777],0.44,0.02,0.4,0.47,0.0,0.0,9618.16,6652.39,1.0
p[10778],0.66,0.01,0.64,0.69,0.0,0.0,8679.9,6912.69,1.0
p[10779],0.73,0.02,0.69,0.77,0.0,0.0,10251.41,6454.24,1.0
p[10780],0.8,0.01,0.78,0.82,0.0,0.0,8985.53,7256.47,1.0
p[10781],0.65,0.02,0.62,0.69,0.0,0.0,9510.03,7276.63,1.0
p[10782],0.76,0.02,0.72,0.8,0.0,0.0,10300.37,6119.62,1.0
p[10783],0.8,0.01,0.78,0.82,0.0,0.0,8986.78,7092.47,1.0
p[10784],0.8,0.01,0.78,0.82,0.0,0.0,8987.57,7059.64,1.0
p[10785],0.78,0.02,0.74,0.82,0.0,0.0,11206.13,6875.76,1.0
p[10786],0.66,0.01,0.64,0.69,0.0,0.0,8690.07,6880.49,1.0
p[10787],0.65,0.02,0.61,0.7,0.0,0.0,10217.39,6361.97,1.0
p[10788],0.8,0.01,0.78,0.82,0.0,0.0,8988.03,7058.65,1.0
p[10789],0.66,0.01,0.64,0.69,0.0,0.0,8693.25,6880.49,1.0
p[10790],0.44,0.02,0.4,0.48,0.0,0.0,9429.0,6710.74,1.0
p[10791],0.59,0.02,0.54,0.63,0.0,0.0,10660.87,6953.8,1.0
p[10792],0.82,0.02,0.79,0.85,0.0,0.0,10771.02,7018.13,1.0
p[10793],0.58,0.02,0.54,0.62,0.0,0.0,9106.6,6988.97,1.0
p[10794],0.69,0.02,0.65,0.73,0.0,0.0,10008.63,6359.32,1.0
p[10795],0.66,0.02,0.63,0.69,0.0,0.0,9511.78,7238.77,1.0
p[10796],0.67,0.01,0.64,0.69,0.0,0.0,8708.58,6828.4,1.0
p[10797],0.74,0.02,0.71,0.77,0.0,0.0,9661.65,7152.79,1.0
p[10798],0.8,0.01,0.78,0.82,0.0,0.0,8989.97,6989.57,1.0
p[10799],0.66,0.02,0.63,0.69,0.0,0.0,9510.12,7238.77,1.0
p[10800],0.45,0.02,0.41,0.48,0.0,0.0,9441.38,6710.5,1.0
p[10801],0.59,0.02,0.55,0.63,0.0,0.0,10664.61,6892.27,1.0
p[10802],0.81,0.01,0.79,0.83,0.0,0.0,8990.86,7065.4,1.0
p[10803],0.67,0.01,0.65,0.7,0.0,0.0,8724.44,6881.06,1.0
p[10804],0.77,0.02,0.73,0.8,0.0,0.0,10297.12,6185.8,1.0
p[10805],0.67,0.01,0.65,0.7,0.0,0.0,8727.01,6880.44,1.0
p[10806],0.69,0.02,0.66,0.73,0.0,0.0,10002.52,6397.17,1.0
p[10807],0.81,0.01,0.79,0.83,0.0,0.0,8989.93,7065.4,1.0
p[10808],0.66,0.02,0.63,0.7,0.0,0.0,9520.65,7136.73,1.0
p[10809],0.74,0.02,0.7,0.78,0.0,0.0,10247.39,6574.75,1.0
p[10810],0.67,0.01,0.65,0.7,0.0,0.0,8733.3,6911.78,1.0
p[10811],0.79,0.02,0.75,0.82,0.0,0.0,11200.36,6866.01,1.0
p[10812],0.81,0.01,0.79,0.83,0.0,0.0,8989.37,7034.97,1.0
p[10813],0.66,0.02,0.62,0.71,0.0,0.0,10194.12,6504.16,1.0
p[10814],0.6,0.02,0.55,0.64,0.0,0.0,10666.39,6843.59,1.0
p[10815],0.67,0.01,0.65,0.7,0.0,0.0,8743.12,6943.32,1.0
p[10816],0.45,0.02,0.42,0.49,0.0,0.0,9452.06,6623.25,1.0
p[10817],0.83,0.02,0.8,0.86,0.0,0.0,10843.97,7142.06,1.0
p[10818],0.68,0.01,0.65,0.7,0.0,0.0,8748.13,6974.8,1.0
p[10819],0.59,0.02,0.55,0.63,0.0,0.0,9105.04,7054.01,1.0
p[10820],0.81,0.01,0.79,0.83,0.0,0.0,8990.37,7071.61,1.0
p[10821],0.7,0.02,0.66,0.74,0.0,0.0,10000.13,6511.23,1.0
p[10822],0.67,0.02,0.64,0.7,0.0,0.0,9522.97,7103.52,1.0
p[10823],0.81,0.01,0.79,0.83,0.0,0.0,8991.07,7022.88,1.0
p[10824],0.81,0.01,0.79,0.83,0.0,0.0,8991.07,7022.88,1.0
p[10825],0.68,0.01,0.65,0.7,0.0,0.0,8757.64,7006.6,1.0
p[10826],0.75,0.02,0.72,0.78,0.0,0.0,9648.75,7267.65,1.0
p[10827],0.67,0.02,0.64,0.71,0.0,0.0,9518.42,7136.93,1.0
p[10828],0.6,0.02,0.56,0.65,0.0,0.0,10666.3,6526.53,1.0
p[10829],0.81,0.01,0.79,0.83,0.0,0.0,8993.59,7087.92,1.0
p[10830],0.46,0.02,0.42,0.5,0.0,0.0,9466.64,6565.82,1.0
p[10831],0.77,0.02,0.74,0.81,0.0,0.0,10289.9,5995.73,1.0
p[10832],0.68,0.01,0.66,0.71,0.0,0.0,8779.84,6882.95,1.0
p[10833],0.7,0.02,0.67,0.74,0.0,0.0,10000.17,6457.19,1.0
p[10834],0.81,0.01,0.8,0.83,0.0,0.0,8996.04,7087.28,1.0
p[10835],0.68,0.02,0.64,0.71,0.0,0.0,9515.04,7205.5,1.0
p[10836],0.75,0.02,0.71,0.79,0.0,0.0,10242.92,6583.6,1.0
p[10837],0.68,0.01,0.66,0.71,0.0,0.0,8784.75,6791.11,1.0
p[10838],0.68,0.01,0.66,0.71,0.0,0.0,8785.61,6791.11,1.0
p[10839],0.68,0.01,0.66,0.71,0.0,0.0,8785.61,6791.11,1.0
p[10840],0.82,0.01,0.8,0.83,0.0,0.0,8997.11,7021.26,1.0
p[10841],0.82,0.01,0.8,0.83,0.0,0.0,8997.41,7021.26,1.0
p[10842],0.67,0.02,0.63,0.72,0.0,0.0,10150.43,6773.38,1.0
p[10843],0.69,0.01,0.66,0.71,0.0,0.0,8795.83,6883.27,1.0
p[10844],0.61,0.02,0.57,0.65,0.0,0.0,10663.32,6877.99,1.0
p[10845],0.46,0.02,0.43,0.5,0.0,0.0,9476.19,6670.97,1.0
p[10846],0.8,0.02,0.76,0.83,0.0,0.0,11199.85,6961.46,1.0
p[10847],0.68,0.02,0.65,0.71,0.0,0.0,9518.7,7309.79,1.0
p[10848],0.69,0.01,0.67,0.71,0.0,0.0,8811.81,6909.69,1.0
p[10849],0.71,0.02,0.68,0.75,0.0,0.0,9997.08,6540.34,1.0
p[10850],0.84,0.02,0.81,0.87,0.0,0.0,10912.61,7173.07,1.0
p[10851],0.68,0.02,0.65,0.72,0.0,0.0,9520.03,7380.9,1.0
p[10852],0.47,0.02,0.43,0.51,0.0,0.0,9483.03,6802.59,1.0
p[10853],0.62,0.02,0.57,0.66,0.0,0.0,10659.0,6831.02,1.0
p[10854],0.76,0.02,0.73,0.8,0.0,0.0,9228.87,6250.0,1.0
p[10855],0.78,0.02,0.75,0.82,0.0,0.0,10281.94,6166.98,1.0
p[10856],0.69,0.01,0.67,0.72,0.0,0.0,8837.42,6821.81,1.0
p[10857],0.69,0.01,0.67,0.72,0.0,0.0,8838.23,6790.96,1.0
p[10858],0.72,0.02,0.68,0.75,0.0,0.0,9996.53,6401.65,1.0
p[10859],0.69,0.02,0.66,0.72,0.0,0.0,9519.3,7408.87,1.0
p[10860],0.82,0.01,0.8,0.84,0.0,0.0,8998.21,7150.73,1.0
p[10861],0.7,0.01,0.67,0.72,0.0,0.0,8846.46,6757.56,1.0
p[10862],0.68,0.02,0.64,0.73,0.0,0.0,10105.47,6870.12,1.0
p[10863],0.82,0.01,0.81,0.84,0.0,0.0,8999.67,7184.27,1.0
p[10864],0.76,0.02,0.72,0.8,0.0,0.0,10120.43,6554.71,1.0
p[10865],0.77,0.02,0.73,0.8,0.0,0.0,9627.52,7447.2,1.0
p[10866],0.82,0.01,0.81,0.84,0.0,0.0,8998.34,7218.37,1.0
p[10867],0.7,0.01,0.67,0.72,0.0,0.0,8853.06,6815.79,1.0
p[10868],0.62,0.02,0.58,0.66,0.0,0.0,10653.67,6763.99,1.0
p[10869],0.7,0.01,0.68,0.72,0.0,0.0,8860.13,6739.41,1.0
p[10870],0.72,0.02,0.68,0.75,0.0,0.0,9997.35,6321.64,1.0
p[10871],0.48,0.02,0.44,0.52,0.0,0.0,9495.66,6771.75,1.0
p[10872],0.81,0.02,0.77,0.84,0.0,0.0,11181.6,6940.13,1.0
p[10873],0.69,0.02,0.66,0.72,0.0,0.0,9516.01,7417.86,1.0
p[10874],0.7,0.01,0.68,0.72,0.0,0.0,8868.13,6535.02,1.0
p[10875],0.83,0.01,0.81,0.85,0.0,0.0,8997.86,7322.88,1.0
p[10876],0.84,0.02,0.81,0.87,0.0,0.0,10966.7,7091.11,1.0
p[10877],0.77,0.02,0.74,0.8,0.0,0.0,9217.99,6166.74,1.0
p[10878],0.69,0.02,0.66,0.73,0.0,0.0,9516.13,7418.13,1.0
p[10879],0.77,0.02,0.74,0.8,0.0,0.0,9617.0,7432.69,1.0
p[10880],0.63,0.02,0.59,0.67,0.0,0.0,10642.81,6828.34,1.0
p[10881],0.73,0.02,0.69,0.76,0.0,0.0,9992.32,6270.05,1.0
p[10882],0.79,0.02,0.76,0.82,0.0,0.0,10274.46,6051.09,1.0
p[10883],0.77,0.02,0.74,0.81,0.0,0.0,9211.5,6055.24,1.0
p[10884],0.7,0.01,0.68,0.73,0.0,0.0,8888.61,6624.11,1.0
p[10885],0.83,0.01,0.81,0.85,0.0,0.0,8998.91,7427.74,1.0
p[10886],0.7,0.02,0.67,0.73,0.0,0.0,9517.82,7481.67,1.0
p[10887],0.83,0.01,0.81,0.85,0.0,0.0,8997.4,7465.05,1.0
p[10888],0.71,0.01,0.68,0.73,0.0,0.0,8899.08,6709.71,1.0
p[10889],0.77,0.02,0.73,0.81,0.0,0.0,10089.09,6509.99,1.0
p[10890],0.83,0.01,0.81,0.85,0.0,0.0,8997.19,7319.65,1.0
p[10891],0.63,0.02,0.59,0.67,0.0,0.0,10634.22,6689.98,1.0
p[10892],0.83,0.01,0.81,0.85,0.0,0.0,8999.06,7360.25,1.0
p[10893],0.71,0.01,0.69,0.73,0.0,0.0,8907.14,6769.31,1.0
p[10894],0.71,0.01,0.69,0.73,0.0,0.0,8908.07,6769.31,1.0
p[10895],0.71,0.01,0.69,0.73,0.0,0.0,8908.07,6769.31,1.0
p[10896],0.49,0.02,0.46,0.53,0.0,0.0,9506.87,6682.75,1.0
p[10897],0.85,0.02,0.82,0.88,0.0,0.0,10999.2,7140.2,1.0
p[10898],0.63,0.02,0.59,0.67,0.0,0.0,9072.54,7152.53,1.0
p[10899],0.71,0.01,0.69,0.73,0.0,0.0,8913.84,6927.75,1.0
p[10900],0.83,0.01,0.82,0.85,0.0,0.0,8998.28,7396.23,1.0
p[10901],0.78,0.02,0.75,0.81,0.0,0.0,9201.28,5890.35,1.0
p[10902],0.7,0.02,0.67,0.73,0.0,0.0,9518.58,7439.77,1.0
p[10903],0.71,0.01,0.69,0.73,0.0,0.0,8921.17,6958.82,1.0
p[10904],0.82,0.02,0.78,0.85,0.0,0.0,11146.57,7102.08,1.0
p[10905],0.78,0.02,0.75,0.81,0.0,0.0,9600.44,7401.49,1.0
p[10906],0.73,0.02,0.7,0.77,0.0,0.0,9975.92,6458.24,1.0
p[10907],0.71,0.02,0.67,0.74,0.0,0.0,9520.75,7334.42,1.0
p[10908],0.64,0.02,0.6,0.68,0.0,0.0,10620.11,7110.91,1.0
p[10909],0.5,0.02,0.46,0.53,0.0,0.0,9514.76,6681.9,1.0
p[10910],0.71,0.01,0.69,0.74,0.0,0.0,8939.11,7064.01,1.0
p[10911],0.78,0.02,0.75,0.81,0.0,0.0,9193.73,6007.5,1.0
p[10912],0.74,0.02,0.7,0.77,0.0,0.0,9972.09,6431.37,1.0
p[10913],0.84,0.01,0.82,0.85,0.0,0.0,9001.34,7276.35,1.0
p[10914],0.72,0.01,0.69,0.74,0.0,0.0,8945.41,7066.45,1.0
p[10915],0.71,0.02,0.68,0.74,0.0,0.0,9518.8,7298.66,1.0
p[10916],0.8,0.02,0.77,0.83,0.0,0.0,10257.11,5998.02,1.0
p[10917],0.72,0.01,0.69,0.74,0.0,0.0,8948.25,7066.7,1.0
p[10918],0.84,0.01,0.82,0.85,0.0,0.0,8997.8,7244.54,1.0
p[10919],0.82,0.02,0.79,0.85,0.0,0.0,11134.39,7222.0,1.0
p[10920],0.78,0.02,0.74,0.82,0.0,0.0,10078.84,6622.11,1.0
p[10921],0.64,0.02,0.6,0.68,0.0,0.0,10608.92,7091.23,1.0
p[10922],0.5,0.02,0.47,0.54,0.0,0.0,9519.15,6559.68,1.0
p[10923],0.71,0.02,0.67,0.75,0.0,0.0,10023.85,6684.75,1.0
p[10924],0.72,0.01,0.7,0.74,0.0,0.0,8962.78,7163.48,1.0
p[10925],0.85,0.01,0.83,0.88,0.0,0.0,11055.09,7073.14,1.0
p[10926],0.72,0.01,0.7,0.74,0.0,0.0,8963.52,7163.48,1.0
p[10927],0.64,0.02,0.61,0.68,0.0,0.0,9058.57,7053.88,1.0
p[10928],0.71,0.02,0.68,0.74,0.0,0.0,9517.64,7369.81,1.0
p[10929],0.84,0.01,0.82,0.86,0.0,0.0,8997.23,7413.43,1.0
p[10930],0.79,0.02,0.76,0.82,0.0,0.0,9182.77,6245.99,1.0
p[10931],0.72,0.01,0.7,0.74,0.0,0.0,8972.07,7096.38,1.0
p[10932],0.74,0.02,0.71,0.77,0.0,0.0,9949.84,6501.84,1.0
p[10933],0.79,0.02,0.76,0.81,0.0,0.0,9581.84,7491.24,1.0
p[10934],0.72,0.02,0.68,0.75,0.0,0.0,9517.17,7334.45,1.0
p[10935],0.65,0.02,0.61,0.69,0.0,0.0,10594.8,7056.91,1.0
p[10936],0.84,0.01,0.82,0.86,0.0,0.0,8998.45,7460.05,1.0
p[10937],0.79,0.02,0.76,0.82,0.0,0.0,9177.27,6218.63,1.0
p[10938],0.81,0.02,0.77,0.84,0.0,0.0,10248.07,6162.0,1.0
p[10939],0.75,0.02,0.71,0.78,0.0,0.0,9944.63,6446.36,1.0
p[10940],0.73,0.01,0.7,0.75,0.0,0.0,8990.86,7197.43,1.0
p[10941],0.73,0.01,0.7,0.75,0.0,0.0,8990.86,7197.43,1.0
p[10942],0.84,0.01,0.83,0.86,0.0,0.0,8996.21,7423.98,1.0
p[10943],0.72,0.02,0.69,0.75,0.0,0.0,9514.47,7370.0,1.0
p[10944],0.84,0.01,0.83,0.86,0.0,0.0,8996.09,7423.9,1.0
p[10945],0.79,0.02,0.75,0.82,0.0,0.0,10091.79,6510.15,1.0
p[10946],0.84,0.01,0.83,0.86,0.0,0.0,8995.82,7423.9,1.0
p[10947],0.73,0.01,0.7,0.75,0.0,0.0,9000.49,7115.4,1.0
p[10948],0.73,0.01,0.7,0.75,0.0,0.0,9000.49,7115.4,1.0
p[10949],0.72,0.02,0.68,0.76,0.0,0.0,9966.97,6902.91,1.0
p[10950],0.83,0.02,0.79,0.86,0.0,0.0,11102.3,7169.91,1.0
p[10951],0.73,0.01,0.71,0.75,0.0,0.0,9008.73,7165.96,1.0
p[10952],0.66,0.02,0.61,0.7,0.0,0.0,10581.23,6924.48,1.0
p[10953],0.73,0.01,0.71,0.75,0.0,0.0,9011.45,7233.08,1.0
p[10954],0.85,0.01,0.83,0.86,0.0,0.0,8996.9,7316.96,1.0
p[10955],0.52,0.02,0.48,0.55,0.0,0.0,9524.74,6510.87,1.0
p[10956],0.86,0.01,0.84,0.89,0.0,0.0,11093.1,7021.48,1.0
p[10957],0.65,0.02,0.62,0.69,0.0,0.0,9039.47,6958.99,1.0
p[10958],0.79,0.02,0.77,0.83,0.0,0.0,9172.39,6222.4,1.0
p[10959],0.75,0.02,0.72,0.78,0.0,0.0,9926.66,6365.94,1.0
p[10960],0.72,0.02,0.69,0.75,0.0,0.0,9516.48,7479.05,1.0
p[10961],0.85,0.01,0.83,0.86,0.0,0.0,8998.44,7352.36,1.0
p[10962],0.8,0.02,0.76,0.82,0.0,0.0,9550.87,7411.99,1.0
p[10963],0.52,0.02,0.49,0.56,0.0,0.0,9527.53,6437.04,1.0
p[10964],0.66,0.02,0.62,0.7,0.0,0.0,10566.33,7089.57,1.0
p[10965],0.73,0.01,0.71,0.76,0.0,0.0,9036.91,7164.79,1.0
p[10966],0.74,0.01,0.71,0.76,0.0,0.0,9042.74,7164.17,1.0
p[10967],0.75,0.02,0.72,0.79,0.0,0.0,9913.3,6406.18,1.0
p[10968],0.8,0.02,0.77,0.83,0.0,0.0,9161.59,6111.4,1.0
p[10969],0.74,0.01,0.71,0.76,0.0,0.0,9043.71,7164.17,1.0
p[10970],0.79,0.02,0.76,0.83,0.0,0.0,10087.51,6508.73,1.0
p[10971],0.73,0.02,0.7,0.76,0.0,0.0,9510.8,7648.65,1.0
p[10972],0.85,0.01,0.83,0.87,0.0,0.0,8997.93,7281.09,1.0
p[10973],0.74,0.01,0.71,0.76,0.0,0.0,9046.59,7197.87,1.0
p[10974],0.82,0.02,0.79,0.85,0.0,0.0,10225.22,5990.17,1.0
p[10975],0.85,0.01,0.83,0.87,0.0,0.0,8996.76,7423.16,1.0
p[10976],0.73,0.02,0.69,0.77,0.0,0.0,9920.57,7026.5,1.0
p[10977],0.83,0.02,0.8,0.87,0.0,0.0,11076.39,7237.91,1.0
p[10978],0.53,0.02,0.49,0.56,0.0,0.0,9531.93,6605.69,1.0
p[10979],0.74,0.01,0.72,0.76,0.0,0.0,9056.56,7233.3,1.0
p[10980],0.87,0.01,0.84,0.89,0.0,0.0,11134.03,7053.02,1.0
p[10981],0.74,0.01,0.72,0.76,0.0,0.0,9063.31,7131.65,1.0
p[10982],0.66,0.02,0.63,0.7,0.0,0.0,9017.39,7036.94,1.0
p[10983],0.8,0.02,0.77,0.83,0.0,0.0,9155.97,5968.16,1.0
p[10984],0.74,0.01,0.72,0.76,0.0,0.0,9067.93,7199.64,1.0
p[10985],0.76,0.02,0.73,0.79,0.0,0.0,9902.51,6543.38,1.0
p[10986],0.73,0.02,0.7,0.76,0.0,0.0,9501.27,7628.42,1.0
p[10987],0.85,0.01,0.84,0.87,0.0,0.0,8998.39,7303.55,1.0
p[10988],0.74,0.01,0.72,0.76,0.0,0.0,9074.88,7085.27,1.0
p[10989],0.85,0.01,0.84,0.87,0.0,0.0,8999.42,7321.14,1.0
p[10990],0.74,0.02,0.7,0.76,0.0,0.0,9501.34,7706.33,1.0
p[10991],0.53,0.02,0.5,0.57,0.0,0.0,9536.66,6664.51,1.0
p[10992],0.86,0.01,0.84,0.87,0.0,0.0,8999.69,7374.1,1.0
p[10993],0.67,0.02,0.63,0.71,0.0,0.0,10531.4,7200.08,1.0
p[10994],0.86,0.01,0.84,0.87,0.0,0.0,8999.55,7388.17,1.0
p[10995],0.81,0.02,0.78,0.84,0.0,0.0,9148.91,6064.51,1.0
p[10996],0.82,0.02,0.79,0.85,0.0,0.0,10203.18,6038.67,1.0
p[10997],0.75,0.01,0.72,0.77,0.0,0.0,9090.14,7131.48,1.0
p[10998],0.75,0.01,0.72,0.77,0.0,0.0,9090.14,7131.48,1.0
p[10999],0.76,0.02,0.73,0.8,0.0,0.0,9884.74,6599.89,1.0
p[11000],0.74,0.02,0.71,0.77,0.0,0.0,9494.85,7575.86,1.0
p[11001],0.86,0.01,0.84,0.87,0.0,0.0,8999.36,7389.06,1.0
p[11002],0.8,0.02,0.77,0.84,0.0,0.0,10057.07,6537.48,1.0
p[11003],0.75,0.01,0.73,0.77,0.0,0.0,9097.48,7097.74,1.0
p[11004],0.74,0.02,0.7,0.78,0.0,0.0,9852.79,6928.72,1.0
p[11005],0.75,0.01,0.73,0.77,0.0,0.0,9102.64,7116.91,1.0
p[11006],0.86,0.01,0.84,0.87,0.0,0.0,8998.74,7389.06,1.0
p[11007],0.84,0.02,0.81,0.87,0.0,0.0,11033.23,7272.66,1.0
p[11008],0.54,0.02,0.5,0.58,0.0,0.0,9535.15,6598.33,1.0
p[11009],0.75,0.01,0.73,0.77,0.0,0.0,9107.82,7184.3,1.0
p[11010],0.68,0.02,0.64,0.71,0.0,0.0,8993.49,7056.01,1.0
p[11011],0.77,0.02,0.74,0.8,0.0,0.0,9873.5,6672.46,1.0
p[11012],0.87,0.01,0.85,0.9,0.0,0.0,11162.03,6955.06,1.0
p[11013],0.86,0.01,0.84,0.88,0.0,0.0,8995.49,7353.66,1.0
p[11014],0.75,0.02,0.72,0.78,0.0,0.0,9478.28,7443.89,1.0
p[11015],0.68,0.02,0.64,0.72,0.0,0.0,10489.49,7132.16,1.0
p[11016],0.75,0.01,0.73,0.78,0.0,0.0,9132.0,7237.58,1.0
p[11017],0.77,0.02,0.74,0.8,0.0,0.0,9858.97,6731.56,1.0
p[11018],0.76,0.01,0.73,0.78,0.0,0.0,9134.0,7272.06,1.0
p[11019],0.86,0.01,0.85,0.88,0.0,0.0,8997.42,7318.66,1.0
p[11020],0.81,0.02,0.78,0.85,0.0,0.0,10033.38,6669.07,1.0
p[11021],0.76,0.01,0.73,0.78,0.0,0.0,9137.12,7324.62,1.0
p[11022],0.86,0.01,0.85,0.88,0.0,0.0,8996.57,7319.06,1.0
p[11023],0.83,0.02,0.8,0.86,0.0,0.0,10170.99,6327.17,1.0
p[11024],0.55,0.02,0.52,0.59,0.0,0.0,9535.69,6379.48,1.0
p[11025],0.76,0.01,0.74,0.78,0.0,0.0,9143.01,7410.18,1.0
p[11026],0.75,0.02,0.71,0.78,0.0,0.0,9785.31,6927.81,1.0
p[11027],0.85,0.02,0.82,0.88,0.0,0.0,10992.06,7237.72,1.0
p[11028],0.76,0.01,0.74,0.78,0.0,0.0,9145.35,7410.65,1.0
p[11029],0.76,0.01,0.74,0.78,0.0,0.0,9146.56,7410.65,1.0
p[11030],0.69,0.02,0.65,0.72,0.0,0.0,9011.78,7191.35,1.0
p[11031],0.78,0.02,0.75,0.81,0.0,0.0,9847.28,6761.91,1.0
p[11032],0.88,0.01,0.85,0.9,0.0,0.0,11174.38,6924.37,1.0
p[11033],0.87,0.01,0.85,0.88,0.0,0.0,8992.91,7354.41,1.0
p[11034],0.76,0.02,0.73,0.78,0.0,0.0,9467.3,7353.98,1.0
p[11035],0.7,0.02,0.66,0.73,0.0,0.0,10445.99,7164.06,1.0
p[11036],0.87,0.01,0.85,0.88,0.0,0.0,8993.34,7426.15,1.0
p[11037],0.56,0.02,0.52,0.6,0.0,0.0,9533.93,6333.59,1.0
p[11038],0.76,0.01,0.74,0.79,0.0,0.0,9161.74,7536.16,1.0
p[11039],0.87,0.01,0.85,0.88,0.0,0.0,8992.47,7425.55,1.0
p[11040],0.76,0.01,0.74,0.79,0.0,0.0,9162.93,7522.82,1.0
p[11041],0.82,0.02,0.79,0.85,0.0,0.0,10016.98,6470.93,1.0
p[11042],0.77,0.01,0.74,0.79,0.0,0.0,9164.63,7498.43,1.0
p[11043],0.84,0.02,0.81,0.87,0.0,0.0,10142.31,6492.42,1.0
p[11044],0.85,0.02,0.83,0.88,0.0,0.0,10954.33,7226.77,1.0
p[11045],0.76,0.02,0.72,0.79,0.0,0.0,9741.39,6965.58,1.0
p[11046],0.77,0.01,0.75,0.79,0.0,0.0,9168.29,7535.61,1.0
p[11047],0.87,0.01,0.85,0.89,0.0,0.0,8991.71,7443.26,1.0
p[11048],0.57,0.02,0.53,0.6,0.0,0.0,9530.67,6414.12,1.0
p[11049],0.79,0.02,0.76,0.82,0.0,0.0,9816.21,6791.55,1.0
p[11050],0.7,0.02,0.66,0.73,0.0,0.0,8967.13,7032.46,1.0
p[11051],0.87,0.01,0.86,0.89,0.0,0.0,8989.52,7499.64,1.0
p[11052],0.57,0.02,0.54,0.61,0.0,0.0,9524.39,6306.15,1.0
p[11053],0.71,0.02,0.67,0.74,0.0,0.0,10394.93,7266.57,1.0
p[11054],0.77,0.01,0.75,0.79,0.0,0.0,9183.99,7462.78,1.0
p[11055],0.87,0.01,0.86,0.89,0.0,0.0,8988.24,7515.32,1.0
p[11056],0.84,0.02,0.82,0.87,0.0,0.0,10111.06,6545.77,1.0
p[11057],0.77,0.01,0.75,0.79,0.0,0.0,9188.67,7688.32,1.0
p[11058],0.83,0.02,0.79,0.86,0.0,0.0,9986.84,6443.96,1.0
p[11059],0.87,0.01,0.86,0.89,0.0,0.0,8984.93,7514.94,1.0
p[11060],0.77,0.01,0.75,0.8,0.0,0.0,9191.08,7650.08,1.0
p[11061],0.88,0.01,0.86,0.89,0.0,0.0,8987.05,7514.16,1.0
p[11062],0.58,0.02,0.54,0.62,0.0,0.0,9522.62,6280.89,1.0
p[11063],0.78,0.01,0.75,0.8,0.0,0.0,9197.11,7611.33,1.0
p[11064],0.78,0.01,0.76,0.8,0.0,0.0,9200.52,7573.37,1.0
p[11065],0.71,0.02,0.67,0.74,0.0,0.0,8913.02,6826.94,1.0
p[11066],0.79,0.02,0.77,0.82,0.0,0.0,9775.69,6730.82,1.0
p[11067],0.88,0.01,0.86,0.89,0.0,0.0,8985.92,7587.0,1.0
p[11068],0.88,0.01,0.86,0.89,0.0,0.0,8985.6,7625.6,1.0
p[11069],0.77,0.02,0.74,0.8,0.0,0.0,9432.86,7577.38,1.0
p[11070],0.58,0.02,0.55,0.62,0.0,0.0,9514.11,6152.18,1.0
p[11071],0.78,0.01,0.76,0.8,0.0,0.0,9209.93,7574.22,1.0
p[11072],0.72,0.02,0.68,0.75,0.0,0.0,10348.58,7265.85,1.0
p[11073],0.78,0.01,0.76,0.8,0.0,0.0,9213.43,7535.78,1.0
p[11074],0.83,0.02,0.8,0.86,0.0,0.0,9945.27,6583.23,1.0
p[11075],0.78,0.01,0.76,0.8,0.0,0.0,9216.53,7496.16,1.0
p[11076],0.85,0.01,0.82,0.88,0.0,0.0,10074.84,6485.65,1.0
p[11077],0.77,0.02,0.74,0.81,0.0,0.0,9690.56,6954.43,1.0
p[11078],0.59,0.02,0.55,0.63,0.0,0.0,9509.5,6077.96,1.0
p[11079],0.78,0.01,0.76,0.81,0.0,0.0,9223.24,7459.1,1.0
p[11080],0.88,0.01,0.87,0.9,0.0,0.0,8978.64,7550.23,1.0
p[11081],0.88,0.01,0.87,0.9,0.0,0.0,8977.47,7522.91,1.0
p[11082],0.8,0.02,0.77,0.83,0.0,0.0,9749.94,7026.27,1.0
p[11083],0.72,0.02,0.69,0.75,0.0,0.0,8854.31,6655.66,1.0
p[11084],0.88,0.01,0.87,0.9,0.0,0.0,8975.2,7522.93,1.0
p[11085],0.78,0.02,0.75,0.81,0.0,0.0,9408.45,7468.85,1.0
p[11086],0.73,0.02,0.69,0.76,0.0,0.0,10289.55,7441.39,1.0
p[11087],0.79,0.01,0.77,0.81,0.0,0.0,9230.01,7498.12,1.0
p[11088],0.79,0.02,0.75,0.83,0.0,0.0,8717.48,6980.44,1.0
p[11089],0.79,0.01,0.77,0.81,0.0,0.0,9233.32,7424.34,1.0
p[11090],0.86,0.01,0.83,0.88,0.0,0.0,10041.27,6531.76,1.0
p[11091],0.89,0.01,0.87,0.9,0.0,0.0,8972.22,7342.02,1.0
p[11092],0.84,0.02,0.81,0.87,0.0,0.0,9898.57,6554.85,1.0
p[11093],0.79,0.01,0.77,0.81,0.0,0.0,9234.56,7568.97,1.0
p[11094],0.89,0.01,0.87,0.9,0.0,0.0,8972.35,7273.95,1.0
p[11095],0.78,0.02,0.75,0.82,0.0,0.0,9657.22,6857.93,1.0
p[11096],0.79,0.01,0.77,0.81,0.0,0.0,9239.24,7683.56,1.0
p[11097],0.6,0.02,0.57,0.64,0.0,0.0,9499.81,6261.2,1.0
p[11098],0.51,0.03,0.46,0.55,0.0,0.0,10086.93,7694.19,1.0
p[11099],0.39,0.02,0.35,0.44,0.0,0.0,9159.97,7131.99,1.0
p[11100],0.48,0.02,0.44,0.52,0.0,0.0,9424.38,7524.45,1.0
p[11101],0.4,0.03,0.36,0.45,0.0,0.0,10391.85,6922.31,1.0
p[11102],0.49,0.02,0.45,0.52,0.0,0.0,8407.46,7035.5,1.0
p[11103],0.6,0.03,0.55,0.66,0.0,0.0,10676.04,6423.35,1.0
p[11104],0.49,0.02,0.45,0.52,0.0,0.0,8409.53,7069.56,1.0
p[11105],0.66,0.02,0.63,0.69,0.0,0.0,9020.79,6933.39,1.0
p[11106],0.28,0.02,0.24,0.31,0.0,0.0,9360.78,7214.6,1.0
p[11107],0.52,0.02,0.47,0.57,0.0,0.0,10131.86,7617.37,1.0
p[11108],0.41,0.02,0.37,0.45,0.0,0.0,9186.11,6998.12,1.0
p[11109],0.49,0.02,0.45,0.53,0.0,0.0,9442.67,7378.47,1.0
p[11110],0.5,0.02,0.46,0.53,0.0,0.0,8414.79,7335.86,1.0
p[11111],0.5,0.02,0.47,0.53,0.0,0.0,8417.06,7336.09,1.0
p[11112],0.67,0.02,0.64,0.7,0.0,0.0,9022.77,6896.79,1.0
p[11113],0.67,0.02,0.64,0.71,0.0,0.0,9022.27,6834.77,1.0
p[11114],0.29,0.02,0.25,0.32,0.0,0.0,9394.61,7353.97,1.0
p[11115],0.51,0.02,0.47,0.54,0.0,0.0,8421.3,7338.02,1.0
p[11116],0.5,0.02,0.46,0.54,0.0,0.0,9467.47,7414.2,1.0
p[11117],0.43,0.03,0.38,0.47,0.0,0.0,10467.0,6932.81,1.0
p[11118],0.3,0.02,0.27,0.33,0.0,0.0,9446.35,7286.84,1.0
p[11119],0.43,0.02,0.39,0.47,0.0,0.0,9233.68,7110.52,1.0
p[11120],0.51,0.02,0.47,0.55,0.0,0.0,9485.84,7450.82,1.0
p[11121],0.69,0.02,0.66,0.72,0.0,0.0,9022.04,6989.94,1.0
p[11122],0.31,0.02,0.28,0.34,0.0,0.0,9491.38,7283.15,1.0
p[11123],0.44,0.02,0.4,0.48,0.0,0.0,9256.66,7105.33,1.0
p[11124],0.7,0.02,0.67,0.73,0.0,0.0,9025.52,6831.67,1.0
p[11125],0.53,0.02,0.49,0.57,0.0,0.0,9509.85,7203.0,1.0
p[11126],0.54,0.02,0.51,0.57,0.0,0.0,8457.13,7163.38,1.0
p[11127],0.32,0.02,0.29,0.35,0.0,0.0,9544.29,7318.86,1.0
p[11128],0.71,0.01,0.68,0.74,0.0,0.0,9024.02,6844.16,1.0
p[11129],0.57,0.02,0.53,0.61,0.0,0.0,10273.16,7590.13,1.0
p[11130],0.46,0.02,0.41,0.49,0.0,0.0,9277.52,7311.7,1.0
p[11131],0.63,0.02,0.59,0.68,0.0,0.0,8705.04,6694.86,1.0
p[11132],0.33,0.02,0.29,0.36,0.0,0.0,9567.51,7246.28,1.0
p[11133],0.71,0.01,0.69,0.74,0.0,0.0,9022.74,6938.38,1.0
p[11134],0.71,0.01,0.69,0.74,0.0,0.0,9023.19,6938.38,1.0
p[11135],0.54,0.02,0.5,0.58,0.0,0.0,9530.41,7239.84,1.0
p[11136],0.66,0.03,0.62,0.71,0.0,0.0,10793.59,6603.61,1.0
p[11137],0.55,0.02,0.52,0.58,0.0,0.0,8476.12,7098.05,1.0
p[11138],0.63,0.03,0.58,0.68,0.0,0.0,10126.44,6755.91,1.0
p[11139],0.72,0.01,0.69,0.74,0.0,0.0,9021.08,6908.53,1.0
p[11140],0.69,0.03,0.64,0.74,0.0,0.0,10654.06,6433.98,1.0
p[11141],0.54,0.03,0.49,0.59,0.0,0.0,10520.61,7074.71,1.0
p[11142],0.33,0.02,0.3,0.37,0.0,0.0,9588.63,7350.97,1.0
p[11143],0.56,0.02,0.53,0.59,0.0,0.0,8485.17,7165.61,1.0
p[11144],0.47,0.02,0.43,0.51,0.0,0.0,9300.7,7226.16,1.0
p[11145],0.58,0.02,0.54,0.63,0.0,0.0,10300.63,7590.16,1.0
p[11146],0.72,0.01,0.7,0.75,0.0,0.0,9015.48,7044.46,1.0
p[11147],0.55,0.02,0.52,0.59,0.0,0.0,9534.24,7214.0,1.0
p[11148],0.48,0.02,0.43,0.52,0.0,0.0,10592.13,6897.18,1.0
p[11149],0.34,0.02,0.3,0.37,0.0,0.0,9616.93,7387.16,1.0
p[11150],0.72,0.01,0.7,0.75,0.0,0.0,9013.99,7044.54,1.0
p[11151],0.72,0.01,0.7,0.75,0.0,0.0,9014.45,7017.11,1.0
p[11152],0.72,0.01,0.7,0.75,0.0,0.0,9015.2,7017.11,1.0
p[11153],0.67,0.03,0.63,0.72,0.0,0.0,10803.62,6631.53,1.0
p[11154],0.56,0.02,0.54,0.6,0.0,0.0,8497.74,7000.79,1.0
p[11155],0.73,0.01,0.7,0.75,0.0,0.0,9014.6,7082.27,1.0
p[11156],0.56,0.02,0.54,0.6,0.0,0.0,8497.74,7000.79,1.0
p[11157],0.64,0.03,0.6,0.69,0.0,0.0,10145.45,6785.37,1.0
p[11158],0.73,0.01,0.7,0.75,0.0,0.0,9013.72,7082.27,1.0
p[11159],0.7,0.03,0.65,0.75,0.0,0.0,10658.64,6379.55,1.0
p[11160],0.55,0.03,0.51,0.61,0.0,0.0,10539.07,7050.9,1.0
p[11161],0.57,0.02,0.54,0.6,0.0,0.0,8504.19,6969.17,1.0
p[11162],0.34,0.02,0.31,0.38,0.0,0.0,9640.35,7387.16,1.0
p[11163],0.75,0.02,0.71,0.8,0.0,0.0,10933.89,6996.41,1.0
p[11164],0.6,0.02,0.55,0.64,0.0,0.0,10324.29,7553.89,1.0
p[11165],0.48,0.02,0.44,0.52,0.0,0.0,9325.05,7235.4,1.0
p[11166],0.73,0.01,0.71,0.76,0.0,0.0,9002.59,6888.64,1.0
p[11167],0.57,0.02,0.53,0.6,0.0,0.0,9540.23,7439.15,1.0
p[11168],0.35,0.02,0.31,0.38,0.0,0.0,9664.94,7461.07,1.0
p[11169],0.49,0.02,0.45,0.54,0.0,0.0,10607.89,7056.66,1.0
p[11170],0.73,0.01,0.71,0.76,0.0,0.0,9004.62,6889.13,1.0
p[11171],0.58,0.02,0.55,0.61,0.0,0.0,8520.32,6874.1,1.0
p[11172],0.69,0.02,0.64,0.73,0.0,0.0,10810.86,6718.12,1.0
p[11173],0.58,0.02,0.55,0.61,0.0,0.0,8520.62,6905.33,1.0
p[11174],0.74,0.01,0.71,0.76,0.0,0.0,9006.16,6884.6,1.0
p[11175],0.66,0.03,0.61,0.7,0.0,0.0,10162.92,7004.78,1.0
p[11176],0.57,0.03,0.52,0.62,0.0,0.0,10546.53,6582.23,1.0
p[11177],0.35,0.02,0.32,0.39,0.0,0.0,9684.53,7440.34,1.0
p[11178],0.71,0.02,0.67,0.76,0.0,0.0,10663.8,6407.48,1.0
p[11179],0.58,0.02,0.55,0.61,0.0,0.0,8531.17,7001.65,1.0
p[11180],0.76,0.02,0.72,0.8,0.0,0.0,10956.3,6979.64,1.0
p[11181],0.49,0.02,0.45,0.53,0.0,0.0,9350.7,7301.41,1.0
p[11182],0.74,0.01,0.72,0.77,0.0,0.0,9003.81,6917.74,1.0
p[11183],0.61,0.02,0.57,0.65,0.0,0.0,10341.43,7443.65,1.0
p[11184],0.74,0.01,0.72,0.77,0.0,0.0,9002.08,6981.06,1.0
p[11185],0.74,0.01,0.72,0.77,0.0,0.0,9000.74,6980.58,1.0
p[11186],0.59,0.02,0.56,0.61,0.0,0.0,8540.79,7000.79,1.0
p[11187],0.59,0.02,0.56,0.61,0.0,0.0,8540.79,7000.79,1.0
p[11188],0.67,0.02,0.63,0.71,0.0,0.0,9465.22,7058.23,1.0
p[11189],0.59,0.02,0.56,0.61,0.0,0.0,8541.64,7000.79,1.0
p[11190],0.58,0.02,0.54,0.62,0.0,0.0,9546.86,7295.13,1.0
p[11191],0.36,0.02,0.33,0.39,0.0,0.0,9699.66,7404.57,1.0
p[11192],0.5,0.02,0.46,0.55,0.0,0.0,10618.61,7057.07,1.0
p[11193],0.74,0.01,0.72,0.77,0.0,0.0,9000.0,7012.88,1.0
p[11194],0.74,0.01,0.72,0.77,0.0,0.0,8998.09,6917.06,1.0
p[11195],0.75,0.01,0.72,0.77,0.0,0.0,8997.13,6885.89,1.0
p[11196],0.59,0.02,0.56,0.62,0.0,0.0,8550.64,7032.36,1.0
p[11197],0.59,0.02,0.56,0.62,0.0,0.0,8550.64,7032.36,1.0
p[11198],0.75,0.01,0.72,0.77,0.0,0.0,8997.03,6885.89,1.0
p[11199],0.75,0.01,0.72,0.77,0.0,0.0,8996.64,6885.89,1.0
p[11200],0.72,0.02,0.68,0.77,0.0,0.0,10668.09,6380.27,1.0
p[11201],0.58,0.03,0.53,0.63,0.0,0.0,10555.28,6563.28,1.0
p[11202],0.59,0.01,0.56,0.62,0.0,0.0,8557.22,7031.98,1.0
p[11203],0.59,0.01,0.56,0.62,0.0,0.0,8557.22,7031.98,1.0
p[11204],0.67,0.02,0.62,0.72,0.0,0.0,10179.06,6971.79,1.0
p[11205],0.37,0.02,0.33,0.4,0.0,0.0,9717.19,7394.03,1.0
p[11206],0.7,0.02,0.66,0.74,0.0,0.0,10814.58,6717.81,1.0
p[11207],0.59,0.01,0.57,0.62,0.0,0.0,8559.52,6999.79,1.0
p[11208],0.77,0.02,0.73,0.81,0.0,0.0,10970.48,6856.14,1.0
p[11209],0.51,0.02,0.47,0.54,0.0,0.0,9373.69,7272.12,1.0
p[11210],0.62,0.02,0.58,0.66,0.0,0.0,10352.41,7335.86,1.0
p[11211],0.68,0.02,0.64,0.72,0.0,0.0,9452.26,7085.31,1.0
p[11212],0.75,0.01,0.73,0.78,0.0,0.0,8990.36,6652.77,1.0
p[11213],0.75,0.01,0.73,0.78,0.0,0.0,8989.74,6652.77,1.0
p[11214],0.59,0.02,0.55,0.63,0.0,0.0,9554.32,7330.56,1.0
p[11215],0.37,0.02,0.34,0.41,0.0,0.0,9739.9,7430.6,1.0
p[11216],0.52,0.02,0.47,0.56,0.0,0.0,10633.53,6995.97,1.0
p[11217],0.71,0.02,0.66,0.75,0.0,0.0,10812.57,6748.03,1.0
p[11218],0.75,0.01,0.73,0.78,0.0,0.0,8984.05,6625.99,1.0
p[11219],0.6,0.01,0.57,0.63,0.0,0.0,8581.88,6904.03,1.0
p[11220],0.76,0.01,0.73,0.78,0.0,0.0,8984.02,6626.44,1.0
p[11221],0.6,0.01,0.57,0.63,0.0,0.0,8582.95,6904.03,1.0
p[11222],0.6,0.01,0.58,0.63,0.0,0.0,8585.74,6936.0,1.0
p[11223],0.6,0.01,0.58,0.63,0.0,0.0,8585.74,6936.0,1.0
p[11224],0.68,0.02,0.63,0.73,0.0,0.0,10186.45,7004.27,1.0
p[11225],0.59,0.03,0.54,0.64,0.0,0.0,10560.85,6666.89,1.0
p[11226],0.61,0.01,0.58,0.63,0.0,0.0,8591.52,6935.83,1.0
p[11227],0.38,0.02,0.34,0.41,0.0,0.0,9763.09,7393.51,1.0
p[11228],0.74,0.02,0.69,0.78,0.0,0.0,10667.72,6434.4,1.0
p[11229],0.61,0.01,0.58,0.63,0.0,0.0,8594.7,6935.99,1.0
p[11230],0.63,0.02,0.59,0.67,0.0,0.0,10352.92,7231.18,1.0
p[11231],0.78,0.02,0.74,0.82,0.0,0.0,10979.52,6980.86,1.0
p[11232],0.52,0.02,0.48,0.56,0.0,0.0,9398.33,6691.03,1.0
p[11233],0.69,0.02,0.65,0.73,0.0,0.0,9434.03,7255.01,1.0
p[11234],0.6,0.02,0.57,0.64,0.0,0.0,9551.26,7175.02,1.0
p[11235],0.53,0.02,0.48,0.57,0.0,0.0,10637.91,6842.19,1.0
p[11236],0.38,0.02,0.35,0.42,0.0,0.0,9782.02,7464.38,1.0
p[11237],0.76,0.01,0.74,0.79,0.0,0.0,8976.11,6659.01,1.0
p[11238],0.61,0.01,0.59,0.64,0.0,0.0,8613.1,6874.39,1.0
p[11239],0.61,0.01,0.59,0.64,0.0,0.0,8613.1,6874.39,1.0
p[11240],0.76,0.01,0.74,0.79,0.0,0.0,8970.92,6659.29,1.0
p[11241],0.69,0.02,0.64,0.73,0.0,0.0,10029.26,6972.49,1.0
p[11242],0.72,0.02,0.67,0.76,0.0,0.0,10807.26,6669.08,1.0
p[11243],0.64,0.02,0.6,0.68,0.0,0.0,10362.83,7300.58,1.0
p[11244],0.62,0.01,0.59,0.64,0.0,0.0,8618.72,6812.2,1.0
p[11245],0.62,0.01,0.59,0.64,0.0,0.0,8618.72,6812.2,1.0
p[11246],0.77,0.01,0.74,0.79,0.0,0.0,8968.19,6689.19,1.0
p[11247],0.6,0.03,0.55,0.65,0.0,0.0,10559.45,6695.85,1.0
p[11248],0.77,0.01,0.75,0.79,0.0,0.0,8967.83,6689.16,1.0
p[11249],0.77,0.01,0.75,0.79,0.0,0.0,8967.47,6659.94,1.0
p[11250],0.62,0.01,0.59,0.64,0.0,0.0,8623.61,6812.02,1.0
p[11251],0.39,0.02,0.36,0.43,0.0,0.0,9803.87,7591.15,1.0
p[11252],0.77,0.01,0.75,0.79,0.0,0.0,8967.8,6630.41,1.0
p[11253],0.62,0.01,0.59,0.65,0.0,0.0,8625.0,6751.8,1.0
p[11254],0.75,0.02,0.7,0.79,0.0,0.0,10666.07,6489.99,1.0
p[11255],0.53,0.02,0.49,0.57,0.0,0.0,9418.44,6765.87,1.0
p[11256],0.64,0.02,0.61,0.68,0.0,0.0,10358.85,7444.46,1.0
p[11257],0.79,0.02,0.75,0.83,0.0,0.0,10981.7,6934.1,1.0
p[11258],0.77,0.01,0.75,0.79,0.0,0.0,8965.76,6719.92,1.0
p[11259],0.77,0.01,0.75,0.79,0.0,0.0,8965.49,6676.78,1.0
p[11260],0.61,0.02,0.58,0.65,0.0,0.0,9552.53,7067.12,1.0
p[11261],0.77,0.01,0.75,0.79,0.0,0.0,8964.41,6676.78,1.0
p[11262],0.4,0.02,0.36,0.43,0.0,0.0,9821.31,7441.59,1.0
p[11263],0.54,0.02,0.5,0.59,0.0,0.0,10628.24,6792.57,1.0
p[11264],0.65,0.02,0.61,0.69,0.0,0.0,10354.29,7444.41,1.0
p[11265],0.7,0.02,0.67,0.74,0.0,0.0,9411.94,7272.79,1.0
p[11266],0.73,0.02,0.68,0.77,0.0,0.0,10800.11,6749.09,1.0
p[11267],0.63,0.01,0.6,0.65,0.0,0.0,8648.29,6756.77,1.0
p[11268],0.7,0.02,0.66,0.75,0.0,0.0,9919.81,6827.95,1.0
p[11269],0.77,0.01,0.75,0.8,0.0,0.0,8962.83,6765.69,1.0
p[11270],0.63,0.01,0.6,0.65,0.0,0.0,8652.57,6756.77,1.0
p[11271],0.77,0.01,0.75,0.8,0.0,0.0,8961.46,6796.06,1.0
p[11272],0.63,0.01,0.6,0.65,0.0,0.0,8652.69,6756.77,1.0
p[11273],0.63,0.01,0.6,0.65,0.0,0.0,8652.69,6756.77,1.0
p[11274],0.62,0.02,0.57,0.66,0.0,0.0,10555.82,6815.91,1.0
p[11275],0.4,0.02,0.37,0.44,0.0,0.0,9840.7,7289.61,1.0
p[11276],0.63,0.01,0.61,0.66,0.0,0.0,8662.27,6639.57,1.0
p[11277],0.8,0.02,0.76,0.83,0.0,0.0,10987.28,7028.31,1.0
p[11278],0.63,0.01,0.61,0.66,0.0,0.0,8663.08,6639.73,1.0
p[11279],0.66,0.02,0.62,0.69,0.0,0.0,10350.57,7444.19,1.0
p[11280],0.54,0.02,0.51,0.58,0.0,0.0,9434.0,6559.32,1.0
p[11281],0.76,0.02,0.71,0.8,0.0,0.0,10654.25,6545.17,1.0
p[11282],0.78,0.01,0.76,0.8,0.0,0.0,8950.48,6920.2,1.0
p[11283],0.71,0.02,0.68,0.75,0.0,0.0,9395.28,7281.73,1.0
p[11284],0.63,0.02,0.59,0.66,0.0,0.0,9547.67,6938.14,1.0
p[11285],0.55,0.02,0.51,0.6,0.0,0.0,10616.99,6731.85,1.0
p[11286],0.41,0.02,0.37,0.44,0.0,0.0,9849.85,7219.24,1.0
p[11287],0.78,0.01,0.76,0.8,0.0,0.0,8946.79,6951.82,1.0
p[11288],0.66,0.02,0.62,0.7,0.0,0.0,10347.98,7371.62,1.0
p[11289],0.64,0.01,0.61,0.66,0.0,0.0,8680.55,6757.72,1.0
p[11290],0.78,0.01,0.76,0.8,0.0,0.0,8942.88,6984.09,1.0
p[11291],0.74,0.02,0.7,0.78,0.0,0.0,10778.72,6755.59,1.0
p[11292],0.64,0.01,0.61,0.67,0.0,0.0,8681.78,6727.91,1.0
p[11293],0.78,0.01,0.76,0.8,0.0,0.0,8942.13,6920.06,1.0
p[11294],0.71,0.02,0.67,0.75,0.0,0.0,9831.99,6828.22,1.0
p[11295],0.78,0.01,0.76,0.81,0.0,0.0,8940.86,6920.06,1.0
p[11296],0.64,0.01,0.61,0.67,0.0,0.0,8686.71,6698.74,1.0
p[11297],0.64,0.01,0.61,0.67,0.0,0.0,8686.71,6698.74,1.0
p[11298],0.63,0.02,0.58,0.67,0.0,0.0,10546.76,6682.47,1.0
p[11299],0.64,0.01,0.62,0.67,0.0,0.0,8693.83,6698.93,1.0
p[11300],0.41,0.02,0.38,0.45,0.0,0.0,9863.88,7062.87,1.0
p[11301],0.76,0.02,0.72,0.8,0.0,0.0,10645.48,6517.14,1.0
p[11302],0.81,0.02,0.77,0.84,0.0,0.0,10987.18,6963.78,1.0
p[11303],0.67,0.02,0.63,0.71,0.0,0.0,10342.0,7407.01,1.0
p[11304],0.56,0.02,0.52,0.59,0.0,0.0,9442.57,6717.58,1.0
p[11305],0.64,0.02,0.6,0.67,0.0,0.0,9541.07,7115.68,1.0
p[11306],0.57,0.02,0.52,0.61,0.0,0.0,10598.13,6819.62,1.0
p[11307],0.42,0.02,0.39,0.46,0.0,0.0,9872.8,7129.64,1.0
p[11308],0.65,0.01,0.62,0.67,0.0,0.0,8720.31,6669.4,1.0
p[11309],0.67,0.02,0.64,0.71,0.0,0.0,10335.29,7336.3,1.0
p[11310],0.65,0.01,0.62,0.68,0.0,0.0,8721.91,6669.4,1.0
p[11311],0.79,0.01,0.77,0.81,0.0,0.0,8928.08,6950.8,1.0
p[11312],0.75,0.02,0.71,0.79,0.0,0.0,10758.21,6660.23,1.0
p[11313],0.79,0.01,0.77,0.81,0.0,0.0,8929.23,6950.8,1.0
p[11314],0.72,0.02,0.68,0.76,0.0,0.0,9733.12,6722.11,1.0
p[11315],0.79,0.01,0.77,0.81,0.0,0.0,8929.11,6982.89,1.0
p[11316],0.73,0.02,0.69,0.76,0.0,0.0,9354.9,7047.22,1.0
p[11317],0.65,0.01,0.63,0.68,0.0,0.0,8731.93,6669.31,1.0
p[11318],0.65,0.01,0.63,0.68,0.0,0.0,8731.93,6669.31,1.0
p[11319],0.64,0.02,0.59,0.69,0.0,0.0,10541.07,6923.54,1.0
p[11320],0.43,0.02,0.39,0.46,0.0,0.0,9887.56,7220.25,1.0
p[11321],0.77,0.02,0.73,0.81,0.0,0.0,10631.23,6459.56,1.0
p[11322],0.65,0.01,0.63,0.68,0.0,0.0,8736.09,6669.39,1.0
p[11323],0.65,0.01,0.63,0.68,0.0,0.0,8738.92,6669.56,1.0
p[11324],0.57,0.02,0.53,0.61,0.0,0.0,9451.02,6719.04,1.0
p[11325],0.68,0.02,0.64,0.72,0.0,0.0,10328.62,7336.57,1.0
p[11326],0.81,0.02,0.78,0.85,0.0,0.0,10985.77,6998.26,1.0
p[11327],0.8,0.01,0.78,0.82,0.0,0.0,8918.11,7080.33,1.0
p[11328],0.65,0.02,0.62,0.69,0.0,0.0,9528.78,7318.29,1.0
p[11329],0.43,0.02,0.4,0.47,0.0,0.0,9903.46,7219.84,1.0
p[11330],0.58,0.02,0.53,0.62,0.0,0.0,10568.37,6726.52,1.0
p[11331],0.8,0.01,0.78,0.82,0.0,0.0,8909.2,7080.03,1.0
p[11332],0.8,0.01,0.78,0.82,0.0,0.0,8912.44,7113.25,1.0
p[11333],0.76,0.02,0.71,0.79,0.0,0.0,10731.6,6503.64,1.0
p[11334],0.66,0.01,0.63,0.68,0.0,0.0,8758.67,6651.12,1.0
p[11335],0.8,0.01,0.78,0.82,0.0,0.0,8911.45,7113.33,1.0
p[11336],0.66,0.01,0.63,0.69,0.0,0.0,8759.34,6651.12,1.0
p[11337],0.68,0.02,0.65,0.72,0.0,0.0,10318.42,7301.7,1.0
p[11338],0.8,0.01,0.78,0.82,0.0,0.0,8910.35,7080.31,1.0
p[11339],0.73,0.02,0.69,0.77,0.0,0.0,9650.66,6782.05,1.0
p[11340],0.66,0.01,0.64,0.69,0.0,0.0,8763.25,6596.08,1.0
p[11341],0.66,0.01,0.64,0.69,0.0,0.0,8763.25,6596.08,1.0
p[11342],0.74,0.02,0.7,0.77,0.0,0.0,9331.2,7083.72,1.0
p[11343],0.78,0.02,0.74,0.82,0.0,0.0,10614.45,6542.42,1.0
p[11344],0.65,0.02,0.61,0.7,0.0,0.0,10520.03,6866.72,1.0
p[11345],0.66,0.01,0.64,0.69,0.0,0.0,8769.04,6596.18,1.0
p[11346],0.8,0.01,0.78,0.82,0.0,0.0,8903.52,6825.09,1.0
p[11347],0.66,0.01,0.64,0.69,0.0,0.0,8771.13,6651.84,1.0
p[11348],0.8,0.01,0.78,0.82,0.0,0.0,8903.39,6855.69,1.0
p[11349],0.44,0.02,0.41,0.48,0.0,0.0,9911.82,7336.64,1.0
p[11350],0.69,0.02,0.65,0.73,0.0,0.0,10307.13,7296.65,1.0
p[11351],0.58,0.02,0.55,0.62,0.0,0.0,9456.57,6460.61,1.0
p[11352],0.78,0.02,0.75,0.82,0.0,0.0,10606.69,6542.48,1.0
p[11353],0.82,0.02,0.79,0.85,0.0,0.0,10971.42,7260.24,1.0
p[11354],0.74,0.02,0.71,0.77,0.0,0.0,9317.35,7003.56,1.0
p[11355],0.45,0.02,0.41,0.48,0.0,0.0,9918.82,7336.73,1.0
p[11356],0.59,0.02,0.55,0.63,0.0,0.0,10538.34,6906.24,1.0
p[11357],0.69,0.02,0.66,0.73,0.0,0.0,10295.51,7296.66,1.0
p[11358],0.67,0.01,0.65,0.7,0.0,0.0,8791.05,6663.58,1.0
p[11359],0.67,0.01,0.65,0.7,0.0,0.0,8791.05,6663.58,1.0
p[11360],0.81,0.01,0.79,0.83,0.0,0.0,8892.21,6772.83,1.0
p[11361],0.74,0.02,0.7,0.78,0.0,0.0,9544.83,6840.79,1.0
p[11362],0.67,0.01,0.65,0.7,0.0,0.0,8793.41,6692.47,1.0
p[11363],0.67,0.01,0.65,0.7,0.0,0.0,8793.41,6692.47,1.0
p[11364],0.77,0.02,0.73,0.8,0.0,0.0,10702.48,6463.29,1.0
p[11365],0.79,0.02,0.75,0.83,0.0,0.0,10589.15,6514.56,1.0
p[11366],0.81,0.01,0.79,0.83,0.0,0.0,8888.99,6772.58,1.0
p[11367],0.68,0.01,0.65,0.7,0.0,0.0,8800.27,6658.05,1.0
p[11368],0.45,0.02,0.42,0.49,0.0,0.0,9924.85,7371.97,1.0
p[11369],0.83,0.02,0.8,0.86,0.0,0.0,10954.71,7225.79,1.0
p[11370],0.66,0.02,0.62,0.71,0.0,0.0,10489.59,7052.5,1.0
p[11371],0.7,0.02,0.67,0.74,0.0,0.0,10281.68,7334.51,1.0
p[11372],0.68,0.01,0.65,0.7,0.0,0.0,8806.43,6633.63,1.0
p[11373],0.59,0.02,0.56,0.63,0.0,0.0,9458.96,6516.13,1.0
p[11374],0.81,0.01,0.79,0.83,0.0,0.0,8882.36,6771.94,1.0
p[11375],0.46,0.02,0.42,0.49,0.0,0.0,9930.19,7360.98,1.0
p[11376],0.75,0.02,0.72,0.79,0.0,0.0,9274.64,6995.85,1.0
p[11377],0.6,0.02,0.56,0.65,0.0,0.0,10509.89,7064.79,1.0
p[11378],0.67,0.02,0.64,0.71,0.0,0.0,9495.85,7628.94,1.0
p[11379],0.81,0.01,0.8,0.83,0.0,0.0,8880.34,6682.47,1.0
p[11380],0.77,0.02,0.74,0.81,0.0,0.0,10672.02,6447.58,1.0
p[11381],0.68,0.01,0.66,0.71,0.0,0.0,8821.73,6702.64,1.0
p[11382],0.71,0.02,0.67,0.74,0.0,0.0,10263.14,7370.37,1.0
p[11383],0.68,0.01,0.66,0.71,0.0,0.0,8823.92,6690.27,1.0
p[11384],0.75,0.02,0.71,0.79,0.0,0.0,9469.6,6843.07,1.0
p[11385],0.82,0.01,0.8,0.84,0.0,0.0,8875.4,6712.85,1.0
p[11386],0.69,0.01,0.66,0.71,0.0,0.0,8824.31,6689.25,1.0
p[11387],0.82,0.01,0.8,0.84,0.0,0.0,8877.08,6712.85,1.0
p[11388],0.69,0.01,0.66,0.71,0.0,0.0,8824.31,6689.25,1.0
p[11389],0.82,0.01,0.8,0.84,0.0,0.0,8877.08,6712.85,1.0
p[11390],0.69,0.01,0.66,0.71,0.0,0.0,8829.28,6659.3,1.0
p[11391],0.67,0.02,0.63,0.72,0.0,0.0,10454.83,6866.72,1.0
p[11392],0.47,0.02,0.43,0.5,0.0,0.0,9932.79,7403.89,1.0
p[11393],0.82,0.01,0.8,0.84,0.0,0.0,8873.24,6652.48,1.0
p[11394],0.61,0.02,0.57,0.65,0.0,0.0,9455.28,6376.35,1.0
p[11395],0.71,0.02,0.68,0.75,0.0,0.0,10246.12,7406.09,1.0
p[11396],0.69,0.01,0.66,0.71,0.0,0.0,8834.7,6601.81,1.0
p[11397],0.82,0.01,0.8,0.84,0.0,0.0,8870.62,6652.65,1.0
p[11398],0.84,0.02,0.81,0.87,0.0,0.0,10934.18,7260.99,1.0
p[11399],0.8,0.02,0.76,0.84,0.0,0.0,10542.37,6598.66,1.0
p[11400],0.76,0.02,0.73,0.79,0.0,0.0,9256.68,6977.58,1.0
p[11401],0.62,0.02,0.57,0.66,0.0,0.0,10468.91,6737.72,1.0
p[11402],0.68,0.02,0.65,0.72,0.0,0.0,9454.41,7603.35,1.0
p[11403],0.47,0.02,0.44,0.51,0.0,0.0,9935.85,7405.03,1.0
p[11404],0.69,0.01,0.67,0.72,0.0,0.0,8847.13,6630.15,1.0
p[11405],0.78,0.02,0.75,0.82,0.0,0.0,10640.45,6554.59,1.0
p[11406],0.72,0.02,0.68,0.75,0.0,0.0,10225.06,7405.99,1.0
p[11407],0.69,0.01,0.67,0.72,0.0,0.0,8848.2,6630.15,1.0
p[11408],0.82,0.01,0.8,0.84,0.0,0.0,8857.12,6741.15,1.0
p[11409],0.76,0.02,0.72,0.8,0.0,0.0,9490.89,6781.51,1.0
p[11410],0.8,0.02,0.77,0.84,0.0,0.0,10527.74,6628.44,1.0
p[11411],0.69,0.02,0.64,0.73,0.0,0.0,10426.57,6988.01,1.0
p[11412],0.7,0.01,0.67,0.72,0.0,0.0,8855.27,6726.14,1.0
p[11413],0.7,0.01,0.67,0.72,0.0,0.0,8855.6,6726.14,1.0
p[11414],0.83,0.01,0.81,0.84,0.0,0.0,8854.62,6925.69,1.0
p[11415],0.83,0.01,0.81,0.84,0.0,0.0,8854.94,6925.69,1.0
p[11416],0.48,0.02,0.44,0.51,0.0,0.0,9932.26,7333.04,1.0
p[11417],0.7,0.01,0.67,0.72,0.0,0.0,8860.57,6629.25,1.0
p[11418],0.84,0.02,0.81,0.87,0.0,0.0,10903.46,7438.51,1.0
p[11419],0.62,0.02,0.58,0.66,0.0,0.0,9444.54,6483.62,1.0
p[11420],0.72,0.02,0.69,0.76,0.0,0.0,10206.34,7334.98,1.0
p[11421],0.77,0.02,0.74,0.8,0.0,0.0,9226.48,6865.84,1.0
p[11422],0.83,0.01,0.81,0.85,0.0,0.0,8852.61,7024.81,1.0
p[11423],0.69,0.02,0.66,0.73,0.0,0.0,9405.98,7691.91,1.0
p[11424],0.83,0.01,0.81,0.85,0.0,0.0,8851.65,6995.77,1.0
p[11425],0.48,0.02,0.45,0.52,0.0,0.0,9930.62,7247.52,1.0
p[11426],0.63,0.02,0.58,0.67,0.0,0.0,10424.74,6841.11,1.0
p[11427],0.79,0.02,0.76,0.83,0.0,0.0,10601.98,6761.39,1.0
p[11428],0.7,0.01,0.68,0.73,0.0,0.0,8875.43,6608.66,1.0
p[11429],0.83,0.01,0.81,0.85,0.0,0.0,8850.65,7093.0,1.0
p[11430],0.73,0.02,0.69,0.76,0.0,0.0,10188.43,7300.03,1.0
p[11431],0.83,0.01,0.81,0.85,0.0,0.0,8847.6,7125.96,1.0
p[11432],0.71,0.01,0.68,0.73,0.0,0.0,8878.83,6608.66,1.0
p[11433],0.77,0.02,0.73,0.81,0.0,0.0,9510.38,6813.18,1.0
p[11434],0.81,0.02,0.78,0.85,0.0,0.0,10488.24,6684.98,1.0
p[11435],0.7,0.02,0.65,0.74,0.0,0.0,10389.51,7086.24,1.0
p[11436],0.83,0.01,0.81,0.85,0.0,0.0,8843.94,7092.47,1.0
p[11437],0.49,0.02,0.45,0.53,0.0,0.0,9906.89,7178.09,1.0
p[11438],0.71,0.01,0.68,0.73,0.0,0.0,8886.19,6414.68,1.0
p[11439],0.85,0.02,0.82,0.88,0.0,0.0,10869.45,7437.76,1.0
p[11440],0.73,0.02,0.7,0.77,0.0,0.0,10170.79,7299.78,1.0
p[11441],0.63,0.02,0.59,0.67,0.0,0.0,9429.5,6482.27,1.0
p[11442],0.71,0.02,0.67,0.74,0.0,0.0,9352.05,7798.99,1.0
p[11443],0.84,0.01,0.82,0.85,0.0,0.0,8831.99,7100.96,1.0
p[11444],0.5,0.02,0.46,0.53,0.0,0.0,9898.17,7177.05,1.0
p[11445],0.64,0.02,0.6,0.68,0.0,0.0,10370.13,6933.04,1.0
p[11446],0.72,0.01,0.69,0.74,0.0,0.0,8897.9,6410.84,1.0
p[11447],0.8,0.02,0.77,0.83,0.0,0.0,10552.78,6550.02,1.0
p[11448],0.84,0.01,0.82,0.86,0.0,0.0,8829.14,7099.88,1.0
p[11449],0.74,0.02,0.7,0.77,0.0,0.0,10140.24,7370.2,1.0
p[11450],0.82,0.02,0.79,0.85,0.0,0.0,10449.73,6714.82,1.0
p[11451],0.78,0.02,0.74,0.82,0.0,0.0,9546.5,6906.71,1.0
p[11452],0.71,0.02,0.67,0.75,0.0,0.0,10345.96,7157.68,1.0
p[11453],0.72,0.01,0.69,0.74,0.0,0.0,8904.48,6368.76,1.0
p[11454],0.84,0.01,0.82,0.86,0.0,0.0,8824.94,7099.88,1.0
p[11455],0.5,0.02,0.47,0.54,0.0,0.0,9888.38,7245.91,1.0
p[11456],0.74,0.02,0.71,0.78,0.0,0.0,10122.05,7300.1,1.0
p[11457],0.72,0.01,0.7,0.75,0.0,0.0,8911.72,6432.32,1.0
p[11458],0.64,0.02,0.61,0.68,0.0,0.0,9406.46,6483.95,1.0
p[11459],0.72,0.02,0.68,0.75,0.0,0.0,9304.04,7477.97,1.0
p[11460],0.84,0.01,0.82,0.86,0.0,0.0,8814.86,7167.32,1.0
p[11461],0.51,0.02,0.47,0.55,0.0,0.0,9869.18,7458.83,1.0
p[11462],0.65,0.02,0.61,0.69,0.0,0.0,10325.06,7143.02,1.0
p[11463],0.84,0.01,0.82,0.86,0.0,0.0,8811.19,7133.57,1.0
p[11464],0.86,0.01,0.83,0.89,0.0,0.0,10821.25,7437.25,1.0
p[11465],0.73,0.01,0.7,0.75,0.0,0.0,8919.24,6406.49,1.0
p[11466],0.81,0.02,0.77,0.84,0.0,0.0,10502.62,6523.12,1.0
p[11467],0.84,0.01,0.83,0.86,0.0,0.0,8811.02,7167.79,1.0
p[11468],0.79,0.02,0.75,0.82,0.0,0.0,9561.42,6938.79,1.0
p[11469],0.73,0.01,0.7,0.75,0.0,0.0,8921.6,6433.52,1.0
p[11470],0.72,0.02,0.68,0.76,0.0,0.0,10306.85,6953.93,1.0
p[11471],0.85,0.01,0.83,0.86,0.0,0.0,8805.62,7168.51,1.0
p[11472],0.83,0.02,0.79,0.86,0.0,0.0,10400.31,6744.55,1.0
p[11473],0.52,0.02,0.48,0.56,0.0,0.0,9850.04,7322.05,1.0
p[11474],0.85,0.01,0.83,0.86,0.0,0.0,8804.01,7168.71,1.0
p[11475],0.65,0.02,0.62,0.69,0.0,0.0,9385.24,6427.33,1.0
p[11476],0.75,0.02,0.72,0.78,0.0,0.0,10077.19,7346.75,1.0
p[11477],0.85,0.01,0.83,0.87,0.0,0.0,8799.47,7028.56,1.0
p[11478],0.73,0.02,0.7,0.76,0.0,0.0,9248.32,7440.58,1.0
p[11479],0.66,0.02,0.62,0.71,0.0,0.0,10277.08,7250.53,1.0
p[11480],0.73,0.01,0.71,0.76,0.0,0.0,8938.11,6647.92,1.0
p[11481],0.52,0.02,0.49,0.56,0.0,0.0,9831.07,7316.14,1.0
p[11482],0.82,0.02,0.78,0.85,0.0,0.0,10461.33,6730.11,1.0
p[11483],0.74,0.01,0.71,0.76,0.0,0.0,8941.84,6644.42,1.0
p[11484],0.79,0.02,0.76,0.83,0.0,0.0,9594.41,6908.87,1.0
p[11485],0.85,0.01,0.83,0.87,0.0,0.0,8794.79,7060.6,1.0
p[11486],0.73,0.02,0.69,0.77,0.0,0.0,10262.78,6922.34,1.0
p[11487],0.85,0.01,0.84,0.87,0.0,0.0,8791.31,7059.79,1.0
p[11488],0.53,0.02,0.49,0.57,0.0,0.0,9815.4,7353.03,1.0
p[11489],0.74,0.01,0.72,0.76,0.0,0.0,8950.73,6916.46,1.0
p[11490],0.76,0.02,0.73,0.79,0.0,0.0,10032.24,7264.54,1.0
p[11491],0.67,0.02,0.63,0.7,0.0,0.0,9343.44,6481.68,1.0
p[11492],0.85,0.01,0.84,0.87,0.0,0.0,8787.15,7125.53,1.0
p[11493],0.86,0.01,0.84,0.87,0.0,0.0,8784.12,7125.34,1.0
p[11494],0.74,0.01,0.72,0.77,0.0,0.0,8953.4,6617.84,1.0
p[11495],0.74,0.02,0.71,0.77,0.0,0.0,9210.15,7836.18,1.0
p[11496],0.67,0.02,0.63,0.72,0.0,0.0,10227.12,7050.24,1.0
p[11497],0.54,0.02,0.5,0.57,0.0,0.0,9791.6,7334.33,1.0
p[11498],0.86,0.01,0.84,0.87,0.0,0.0,8779.48,7059.1,1.0
p[11499],0.75,0.01,0.72,0.77,0.0,0.0,8956.39,6629.5,1.0
p[11500],0.82,0.02,0.79,0.86,0.0,0.0,10419.06,6711.33,1.0
p[11501],0.8,0.02,0.77,0.84,0.0,0.0,9707.54,6846.06,1.0
p[11502],0.86,0.01,0.84,0.88,0.0,0.0,8778.16,7026.05,1.0
p[11503],0.74,0.02,0.7,0.78,0.0,0.0,10218.2,7082.83,1.0
p[11504],0.54,0.02,0.5,0.58,0.0,0.0,9774.33,7452.17,1.0
p[11505],0.77,0.02,0.74,0.8,0.0,0.0,9986.78,7369.62,1.0
p[11506],0.68,0.02,0.64,0.71,0.0,0.0,9298.58,6524.04,1.0
p[11507],0.86,0.01,0.84,0.88,0.0,0.0,8770.38,6994.61,1.0
p[11508],0.69,0.02,0.65,0.73,0.0,0.0,10176.22,7069.5,1.0
p[11509],0.75,0.02,0.71,0.78,0.0,0.0,9162.05,7796.83,1.0
p[11510],0.75,0.01,0.73,0.78,0.0,0.0,8964.96,6687.02,1.0
p[11511],0.75,0.02,0.71,0.8,0.0,0.0,8474.08,6807.46,1.0
p[11512],0.83,0.02,0.8,0.86,0.0,0.0,10364.38,6538.74,1.0
p[11513],0.75,0.01,0.73,0.78,0.0,0.0,8966.96,6716.54,1.0
p[11514],0.86,0.01,0.85,0.88,0.0,0.0,8765.65,6995.41,1.0
p[11515],0.81,0.02,0.78,0.84,0.0,0.0,9660.72,6695.24,1.0
p[11516],0.75,0.02,0.71,0.79,0.0,0.0,10178.18,6986.01,1.0
p[11517],0.55,0.02,0.51,0.59,0.0,0.0,9732.24,7453.52,1.0
p[11518],0.48,0.03,0.43,0.53,0.0,0.0,9853.43,6921.24,1.0
p[11519],0.37,0.02,0.32,0.41,0.0,0.0,9243.78,7706.89,1.0
p[11520],0.45,0.02,0.41,0.49,0.0,0.0,9202.24,7271.99,1.0
p[11521],0.38,0.03,0.33,0.42,0.0,0.0,10098.87,6707.41,1.0
p[11522],0.46,0.02,0.42,0.49,0.0,0.0,8346.1,6976.29,1.0
p[11523],0.58,0.03,0.52,0.63,0.0,0.0,10288.22,6540.49,1.0
p[11524],0.46,0.02,0.42,0.5,0.0,0.0,8345.77,6945.04,1.0
p[11525],0.64,0.02,0.6,0.67,0.0,0.0,9052.16,7166.48,1.0
p[11526],0.26,0.02,0.22,0.29,0.0,0.0,9606.32,7536.67,1.0
p[11527],0.38,0.02,0.34,0.42,0.0,0.0,9268.49,7748.38,1.0
p[11528],0.49,0.03,0.45,0.54,0.0,0.0,9876.62,6676.78,1.0
p[11529],0.46,0.02,0.42,0.5,0.0,0.0,9219.14,7205.97,1.0
p[11530],0.47,0.02,0.43,0.51,0.0,0.0,8345.39,7023.25,1.0
p[11531],0.47,0.02,0.44,0.51,0.0,0.0,8346.14,7077.88,1.0
p[11532],0.65,0.02,0.62,0.68,0.0,0.0,9053.59,7239.97,1.0
p[11533],0.27,0.02,0.23,0.3,0.0,0.0,9637.29,7291.71,1.0
p[11534],0.48,0.02,0.44,0.51,0.0,0.0,8348.28,7125.98,1.0
p[11535],0.39,0.02,0.35,0.43,0.0,0.0,9292.85,7604.6,1.0
p[11536],0.47,0.02,0.43,0.51,0.0,0.0,9239.96,7274.39,1.0
p[11537],0.4,0.03,0.35,0.45,0.0,0.0,10112.35,6480.55,1.0
p[11538],0.28,0.02,0.24,0.31,0.0,0.0,9666.04,7360.61,1.0
p[11539],0.4,0.02,0.36,0.44,0.0,0.0,9317.25,7345.01,1.0
p[11540],0.49,0.02,0.44,0.53,0.0,0.0,9257.88,7261.64,1.0
p[11541],0.67,0.02,0.64,0.7,0.0,0.0,9045.39,7240.6,1.0
p[11542],0.29,0.02,0.25,0.32,0.0,0.0,9693.68,7428.69,1.0
p[11543],0.41,0.02,0.37,0.46,0.0,0.0,9340.43,7346.0,1.0
p[11544],0.68,0.02,0.64,0.71,0.0,0.0,9047.58,7285.36,1.0
p[11545],0.5,0.02,0.46,0.54,0.0,0.0,9275.73,7093.08,1.0
p[11546],0.68,0.02,0.65,0.72,0.0,0.0,9043.31,7325.23,1.0
p[11547],0.3,0.02,0.26,0.33,0.0,0.0,9718.87,7320.86,1.0
p[11548],0.43,0.02,0.39,0.47,0.0,0.0,9359.22,7175.62,1.0
p[11549],0.61,0.03,0.56,0.66,0.0,0.0,9326.62,6667.54,1.0
p[11550],0.51,0.02,0.47,0.55,0.0,0.0,9291.11,7157.35,1.0
p[11551],0.69,0.02,0.66,0.72,0.0,0.0,9039.3,7303.33,1.0
p[11552],0.52,0.02,0.49,0.56,0.0,0.0,8385.53,7055.79,1.0
p[11553],0.69,0.02,0.66,0.72,0.0,0.0,9037.77,7303.6,1.0
p[11554],0.69,0.02,0.66,0.72,0.0,0.0,9036.48,7304.14,1.0
p[11555],0.69,0.02,0.66,0.73,0.0,0.0,9036.23,7304.19,1.0
p[11556],0.31,0.02,0.27,0.34,0.0,0.0,9745.1,7218.2,1.0
p[11557],0.53,0.02,0.5,0.56,0.0,0.0,8391.68,7026.65,1.0
p[11558],0.44,0.02,0.4,0.48,0.0,0.0,9384.21,7148.15,1.0
p[11559],0.52,0.02,0.48,0.56,0.0,0.0,9299.45,7090.69,1.0
p[11560],0.31,0.02,0.28,0.35,0.0,0.0,9759.62,7115.88,1.0
p[11561],0.7,0.02,0.67,0.73,0.0,0.0,9079.89,7221.98,1.0
p[11562],0.7,0.02,0.67,0.73,0.0,0.0,9078.94,7221.82,1.0
p[11563],0.54,0.02,0.5,0.57,0.0,0.0,8398.37,7031.63,1.0
p[11564],0.65,0.03,0.6,0.7,0.0,0.0,10464.25,6286.52,1.0
p[11565],0.54,0.02,0.5,0.57,0.0,0.0,8398.86,7031.63,1.0
p[11566],0.7,0.02,0.67,0.73,0.0,0.0,9076.33,7234.86,1.0
p[11567],0.7,0.02,0.67,0.73,0.0,0.0,9074.05,7234.86,1.0
p[11568],0.68,0.03,0.63,0.73,0.0,0.0,10560.2,6705.69,1.0
p[11569],0.52,0.03,0.47,0.57,0.0,0.0,10433.8,6898.6,1.0
p[11570],0.32,0.02,0.28,0.35,0.0,0.0,9770.95,6983.56,1.0
p[11571],0.45,0.02,0.41,0.49,0.0,0.0,9404.75,7301.2,1.0
p[11572],0.57,0.02,0.52,0.61,0.0,0.0,9967.97,6998.25,1.0
p[11573],0.71,0.02,0.68,0.74,0.0,0.0,9053.77,7234.8,1.0
p[11574],0.63,0.02,0.58,0.68,0.0,0.0,9249.13,6492.19,1.0
p[11575],0.54,0.02,0.49,0.57,0.0,0.0,9310.7,7064.03,1.0
p[11576],0.32,0.02,0.29,0.36,0.0,0.0,9785.35,7079.94,1.0
p[11577],0.71,0.02,0.68,0.74,0.0,0.0,9048.59,7166.63,1.0
p[11578],0.71,0.02,0.68,0.74,0.0,0.0,9047.83,7166.63,1.0
p[11579],0.46,0.03,0.42,0.51,0.0,0.0,10047.4,6891.3,1.0
p[11580],0.55,0.02,0.52,0.58,0.0,0.0,8416.02,7030.02,1.0
p[11581],0.55,0.02,0.52,0.58,0.0,0.0,8416.02,7030.02,1.0
p[11582],0.71,0.02,0.68,0.74,0.0,0.0,9043.21,7200.58,1.0
p[11583],0.66,0.03,0.61,0.71,0.0,0.0,10456.64,6391.53,1.0
p[11584],0.71,0.02,0.68,0.74,0.0,0.0,9041.27,7200.58,1.0
p[11585],0.55,0.02,0.52,0.58,0.0,0.0,8418.1,7005.95,1.0
p[11586],0.55,0.02,0.52,0.58,0.0,0.0,8418.1,7005.95,1.0
p[11587],0.54,0.03,0.48,0.58,0.0,0.0,10430.31,6960.09,1.0
p[11588],0.33,0.02,0.29,0.37,0.0,0.0,9798.68,7043.71,1.0
p[11589],0.63,0.03,0.58,0.68,0.0,0.0,10488.06,6222.52,1.0
p[11590],0.74,0.02,0.7,0.78,0.0,0.0,11007.8,6997.64,1.0
p[11591],0.55,0.02,0.52,0.58,0.0,0.0,8423.03,6972.3,1.0
p[11592],0.46,0.02,0.42,0.51,0.0,0.0,9419.84,7452.72,1.0
p[11593],0.69,0.03,0.64,0.74,0.0,0.0,10551.38,6657.81,1.0
p[11594],0.58,0.02,0.54,0.62,0.0,0.0,9949.6,6989.75,1.0
p[11595],0.72,0.01,0.69,0.75,0.0,0.0,9025.25,7238.35,1.0
p[11596],0.55,0.02,0.51,0.59,0.0,0.0,9320.34,6923.07,1.0
p[11597],0.33,0.02,0.3,0.37,0.0,0.0,9808.05,7044.45,1.0
p[11598],0.47,0.02,0.43,0.52,0.0,0.0,10021.56,6874.89,1.0
p[11599],0.72,0.01,0.69,0.75,0.0,0.0,9016.37,7108.78,1.0
p[11600],0.72,0.01,0.69,0.75,0.0,0.0,9014.29,7107.83,1.0
p[11601],0.56,0.02,0.53,0.59,0.0,0.0,8435.06,7161.76,1.0
p[11602],0.64,0.03,0.59,0.69,0.0,0.0,10496.94,6079.6,1.0
p[11603],0.67,0.03,0.62,0.72,0.0,0.0,10438.95,6261.25,1.0
p[11604],0.72,0.01,0.7,0.75,0.0,0.0,9008.72,7090.89,1.0
p[11605],0.56,0.02,0.53,0.59,0.0,0.0,8438.34,7222.98,1.0
p[11606],0.72,0.01,0.7,0.75,0.0,0.0,9003.87,7072.18,1.0
p[11607],0.7,0.03,0.65,0.75,0.0,0.0,10546.59,6793.5,1.0
p[11608],0.55,0.03,0.5,0.6,0.0,0.0,10383.95,6892.55,1.0
p[11609],0.73,0.01,0.7,0.75,0.0,0.0,9002.09,7138.6,1.0
p[11610],0.34,0.02,0.31,0.38,0.0,0.0,9813.76,7044.36,1.0
p[11611],0.57,0.02,0.53,0.59,0.0,0.0,8441.12,7171.68,1.0
p[11612],0.75,0.02,0.71,0.79,0.0,0.0,11003.62,7120.96,1.0
p[11613],0.48,0.02,0.44,0.52,0.0,0.0,9438.65,7222.86,1.0
p[11614],0.59,0.02,0.55,0.63,0.0,0.0,9927.79,7022.38,1.0
p[11615],0.73,0.01,0.7,0.76,0.0,0.0,8989.97,6974.23,1.0
p[11616],0.56,0.02,0.52,0.6,0.0,0.0,9330.15,6772.57,1.0
p[11617],0.73,0.01,0.7,0.76,0.0,0.0,8986.57,7010.52,1.0
p[11618],0.57,0.02,0.54,0.6,0.0,0.0,8451.44,7169.0,1.0
p[11619],0.57,0.02,0.54,0.6,0.0,0.0,8451.44,7169.0,1.0
p[11620],0.35,0.02,0.31,0.38,0.0,0.0,9821.5,7079.92,1.0
p[11621],0.49,0.02,0.44,0.54,0.0,0.0,9992.34,6920.98,1.0
p[11622],0.57,0.02,0.54,0.6,0.0,0.0,8455.47,7103.72,1.0
p[11623],0.73,0.01,0.71,0.76,0.0,0.0,8972.35,7041.28,1.0
p[11624],0.68,0.03,0.64,0.73,0.0,0.0,10421.31,6402.07,1.0
p[11625],0.73,0.01,0.71,0.76,0.0,0.0,8971.73,7041.28,1.0
p[11626],0.73,0.01,0.71,0.76,0.0,0.0,8971.03,7041.28,1.0
p[11627],0.57,0.02,0.54,0.6,0.0,0.0,8456.6,7137.58,1.0
p[11628],0.65,0.03,0.6,0.7,0.0,0.0,10480.02,6103.22,1.0
p[11629],0.71,0.03,0.66,0.76,0.0,0.0,10527.35,6784.86,1.0
p[11630],0.56,0.03,0.51,0.61,0.0,0.0,10335.32,6891.97,1.0
p[11631],0.58,0.02,0.55,0.61,0.0,0.0,8461.71,7103.97,1.0
p[11632],0.35,0.02,0.31,0.39,0.0,0.0,9825.77,7112.44,1.0
p[11633],0.58,0.02,0.55,0.61,0.0,0.0,8464.09,7103.67,1.0
p[11634],0.58,0.02,0.55,0.61,0.0,0.0,8464.09,7103.67,1.0
p[11635],0.76,0.02,0.72,0.8,0.0,0.0,11003.61,7104.8,1.0
p[11636],0.58,0.02,0.55,0.61,0.0,0.0,8464.57,7104.16,1.0
p[11637],0.49,0.02,0.45,0.53,0.0,0.0,9454.73,6966.33,1.0
p[11638],0.6,0.02,0.56,0.65,0.0,0.0,9899.98,6864.52,1.0
p[11639],0.66,0.02,0.62,0.7,0.0,0.0,9740.21,7335.04,1.0
p[11640],0.57,0.02,0.54,0.61,0.0,0.0,9332.32,6684.36,1.0
p[11641],0.74,0.01,0.71,0.77,0.0,0.0,8938.54,6902.6,1.0
p[11642],0.36,0.02,0.32,0.39,0.0,0.0,9829.84,7151.56,1.0
p[11643],0.5,0.02,0.46,0.55,0.0,0.0,9956.9,7131.35,1.0
p[11644],0.74,0.01,0.72,0.77,0.0,0.0,8934.41,6808.81,1.0
p[11645],0.69,0.02,0.65,0.74,0.0,0.0,10393.77,6483.39,1.0
p[11646],0.66,0.03,0.61,0.71,0.0,0.0,10455.82,6201.66,1.0
p[11647],0.74,0.01,0.72,0.77,0.0,0.0,8932.49,6748.36,1.0
p[11648],0.59,0.02,0.56,0.62,0.0,0.0,8480.75,7006.47,1.0
p[11649],0.59,0.02,0.56,0.62,0.0,0.0,8480.75,7006.47,1.0
p[11650],0.59,0.02,0.56,0.62,0.0,0.0,8480.75,7006.47,1.0
p[11651],0.74,0.01,0.72,0.77,0.0,0.0,8929.91,6748.36,1.0
p[11652],0.59,0.02,0.56,0.62,0.0,0.0,8481.53,7006.47,1.0
p[11653],0.67,0.02,0.63,0.71,0.0,0.0,9728.7,7127.64,1.0
p[11654],0.58,0.03,0.52,0.62,0.0,0.0,10286.65,6987.07,1.0
p[11655],0.72,0.02,0.67,0.77,0.0,0.0,10505.2,6684.4,1.0
p[11656],0.36,0.02,0.33,0.4,0.0,0.0,9831.53,7117.39,1.0
p[11657],0.59,0.02,0.56,0.62,0.0,0.0,8486.3,7006.4,1.0
p[11658],0.62,0.02,0.57,0.66,0.0,0.0,9880.19,6848.72,1.0
p[11659],0.5,0.02,0.46,0.54,0.0,0.0,9469.04,6751.17,1.0
p[11660],0.77,0.02,0.73,0.81,0.0,0.0,10996.03,7102.11,1.0
p[11661],0.75,0.01,0.72,0.77,0.0,0.0,8912.15,6764.65,1.0
p[11662],0.75,0.01,0.72,0.77,0.0,0.0,8912.23,6764.65,1.0
p[11663],0.59,0.02,0.56,0.62,0.0,0.0,8491.52,7039.21,1.0
p[11664],0.75,0.01,0.72,0.78,0.0,0.0,8911.66,6764.38,1.0
p[11665],0.68,0.02,0.64,0.71,0.0,0.0,9755.38,6897.81,1.0
p[11666],0.51,0.02,0.47,0.56,0.0,0.0,9920.0,7095.73,1.0
p[11667],0.37,0.02,0.33,0.41,0.0,0.0,9835.32,7014.52,1.0
p[11668],0.75,0.01,0.73,0.78,0.0,0.0,8904.4,6602.53,1.0
p[11669],0.75,0.01,0.73,0.78,0.0,0.0,8903.94,6602.53,1.0
p[11670],0.75,0.01,0.73,0.78,0.0,0.0,8902.96,6517.61,1.0
p[11671],0.59,0.02,0.55,0.63,0.0,0.0,9330.27,6615.72,1.0
p[11672],0.6,0.02,0.57,0.63,0.0,0.0,8499.73,6974.4,1.0
p[11673],0.75,0.01,0.73,0.78,0.0,0.0,8900.81,6517.61,1.0
p[11674],0.6,0.02,0.57,0.63,0.0,0.0,8499.82,6974.4,1.0
p[11675],0.67,0.03,0.63,0.72,0.0,0.0,10440.57,6412.09,1.0
p[11676],0.75,0.01,0.73,0.78,0.0,0.0,8898.67,6488.84,1.0
p[11677],0.59,0.03,0.54,0.63,0.0,0.0,10228.34,6935.79,1.0
p[11678],0.38,0.02,0.34,0.41,0.0,0.0,9835.89,6869.19,1.0
p[11679],0.6,0.02,0.57,0.63,0.0,0.0,8506.97,6875.66,1.0
p[11680],0.73,0.02,0.69,0.78,0.0,0.0,10484.51,6570.67,1.0
p[11681],0.78,0.02,0.74,0.82,0.0,0.0,10983.08,6955.59,1.0
p[11682],0.6,0.02,0.57,0.63,0.0,0.0,8510.77,6907.52,1.0
p[11683],0.52,0.02,0.47,0.56,0.0,0.0,9474.56,6903.14,1.0
p[11684],0.63,0.02,0.59,0.67,0.0,0.0,9848.69,6968.42,1.0
p[11685],0.76,0.01,0.73,0.78,0.0,0.0,8879.86,6461.13,1.0
p[11686],0.6,0.02,0.56,0.64,0.0,0.0,9327.49,6530.63,1.0
p[11687],0.69,0.02,0.65,0.72,0.0,0.0,9705.66,6591.03,1.0
p[11688],0.53,0.02,0.48,0.57,0.0,0.0,9876.8,7142.67,1.0
p[11689],0.38,0.02,0.34,0.42,0.0,0.0,9838.06,6774.32,1.0
p[11690],0.76,0.01,0.74,0.78,0.0,0.0,8868.24,6434.89,1.0
p[11691],0.71,0.02,0.67,0.76,0.0,0.0,10340.78,6485.5,1.0
p[11692],0.76,0.01,0.74,0.79,0.0,0.0,8861.64,6396.46,1.0
p[11693],0.61,0.02,0.58,0.64,0.0,0.0,8527.26,7003.28,1.0
p[11694],0.69,0.02,0.64,0.73,0.0,0.0,10404.79,6284.55,1.0
p[11695],0.76,0.01,0.74,0.79,0.0,0.0,8861.28,6476.99,1.0
p[11696],0.61,0.02,0.58,0.64,0.0,0.0,8527.74,7068.44,1.0
p[11697],0.61,0.02,0.58,0.64,0.0,0.0,8527.74,7068.44,1.0
p[11698],0.76,0.01,0.74,0.79,0.0,0.0,8856.32,6721.12,1.0
p[11699],0.6,0.03,0.55,0.65,0.0,0.0,10175.21,6862.03,1.0
p[11700],0.61,0.02,0.58,0.64,0.0,0.0,8532.18,7068.33,1.0
p[11701],0.74,0.02,0.7,0.78,0.0,0.0,10454.39,6715.89,1.0
p[11702],0.39,0.02,0.35,0.42,0.0,0.0,9838.32,6964.09,1.0
p[11703],0.61,0.02,0.59,0.64,0.0,0.0,8533.72,7002.81,1.0
p[11704],0.79,0.02,0.75,0.82,0.0,0.0,10955.38,7035.72,1.0
p[11705],0.53,0.02,0.49,0.57,0.0,0.0,9479.6,6810.15,1.0
p[11706],0.64,0.02,0.6,0.68,0.0,0.0,9806.59,6905.25,1.0
p[11707],0.7,0.02,0.66,0.73,0.0,0.0,9655.6,6724.6,1.0
p[11708],0.61,0.02,0.57,0.65,0.0,0.0,9325.39,6541.77,1.0
p[11709],0.39,0.02,0.35,0.43,0.0,0.0,9832.81,6985.0,1.0
p[11710],0.54,0.02,0.49,0.58,0.0,0.0,9832.24,7096.51,1.0
p[11711],0.77,0.01,0.75,0.79,0.0,0.0,8829.44,6721.74,1.0
p[11712],0.62,0.02,0.59,0.65,0.0,0.0,8550.32,6970.8,1.0
p[11713],0.77,0.01,0.75,0.8,0.0,0.0,8823.55,6691.57,1.0
p[11714],0.7,0.02,0.65,0.74,0.0,0.0,10370.11,6486.76,1.0
p[11715],0.62,0.02,0.6,0.65,0.0,0.0,8551.58,6970.97,1.0
p[11716],0.62,0.02,0.6,0.65,0.0,0.0,8554.99,6970.97,1.0
p[11717],0.62,0.02,0.6,0.65,0.0,0.0,8554.99,6970.97,1.0
p[11718],0.77,0.01,0.75,0.8,0.0,0.0,8818.54,6548.39,1.0
p[11719],0.77,0.01,0.75,0.8,0.0,0.0,8817.91,6547.75,1.0
p[11720],0.61,0.03,0.56,0.66,0.0,0.0,10106.43,6830.59,1.0
p[11721],0.75,0.02,0.71,0.79,0.0,0.0,10422.47,6779.65,1.0
p[11722],0.63,0.02,0.6,0.66,0.0,0.0,8558.42,6997.27,1.0
p[11723],0.4,0.02,0.36,0.44,0.0,0.0,9831.69,6986.08,1.0
p[11724],0.63,0.02,0.6,0.66,0.0,0.0,8561.32,7029.41,1.0
p[11725],0.8,0.02,0.76,0.83,0.0,0.0,10938.26,7026.36,1.0
p[11726],0.65,0.02,0.61,0.69,0.0,0.0,9767.21,6970.97,1.0
p[11727],0.54,0.02,0.5,0.58,0.0,0.0,9487.5,6810.03,1.0
p[11728],0.78,0.01,0.75,0.8,0.0,0.0,8796.06,6780.43,1.0
p[11729],0.71,0.02,0.67,0.74,0.0,0.0,9594.22,6950.17,1.0
p[11730],0.62,0.02,0.58,0.66,0.0,0.0,9305.78,6569.28,1.0
p[11731],0.41,0.02,0.37,0.44,0.0,0.0,9833.24,7060.67,1.0
p[11732],0.55,0.02,0.5,0.6,0.0,0.0,9788.16,6978.35,1.0
p[11733],0.78,0.01,0.76,0.8,0.0,0.0,8785.01,6706.88,1.0
p[11734],0.78,0.01,0.76,0.8,0.0,0.0,8782.26,6706.88,1.0
p[11735],0.73,0.02,0.69,0.78,0.0,0.0,10265.66,6283.67,1.0
p[11736],0.78,0.01,0.76,0.8,0.0,0.0,8776.79,6779.59,1.0
p[11737],0.63,0.02,0.61,0.66,0.0,0.0,8577.62,6839.67,1.0
p[11738],0.71,0.02,0.66,0.75,0.0,0.0,10340.35,6723.49,1.0
p[11739],0.76,0.02,0.72,0.8,0.0,0.0,10395.43,6835.41,1.0
p[11740],0.62,0.03,0.58,0.67,0.0,0.0,10034.22,6822.08,1.0
p[11741],0.78,0.01,0.76,0.81,0.0,0.0,8761.81,6854.16,1.0
p[11742],0.41,0.02,0.37,0.45,0.0,0.0,9827.8,6931.34,1.0
p[11743],0.64,0.02,0.61,0.67,0.0,0.0,8584.49,6839.39,1.0
p[11744],0.64,0.02,0.61,0.67,0.0,0.0,8584.49,6839.39,1.0
p[11745],0.64,0.02,0.61,0.67,0.0,0.0,8584.81,6839.39,1.0
p[11746],0.64,0.02,0.61,0.67,0.0,0.0,8584.81,6839.39,1.0
p[11747],0.8,0.02,0.77,0.84,0.0,0.0,10915.45,7010.4,1.0
p[11748],0.55,0.02,0.51,0.59,0.0,0.0,9486.23,6658.12,1.0
p[11749],0.66,0.02,0.62,0.7,0.0,0.0,9734.5,6814.61,1.0
p[11750],0.64,0.02,0.61,0.67,0.0,0.0,8588.41,6996.92,1.0
p[11751],0.78,0.01,0.76,0.81,0.0,0.0,8750.62,6903.33,1.0
p[11752],0.78,0.01,0.76,0.81,0.0,0.0,8747.85,6903.33,1.0
p[11753],0.72,0.02,0.68,0.75,0.0,0.0,9539.18,6840.97,1.0
p[11754],0.63,0.02,0.6,0.67,0.0,0.0,9288.54,6757.3,1.0
p[11755],0.76,0.02,0.72,0.81,0.0,0.0,10374.96,6774.83,1.0
p[11756],0.42,0.02,0.38,0.46,0.0,0.0,9824.55,6998.69,1.0
p[11757],0.56,0.02,0.52,0.61,0.0,0.0,9737.79,7019.87,1.0
p[11758],0.79,0.01,0.76,0.81,0.0,0.0,8728.38,6882.51,1.0
p[11759],0.65,0.02,0.62,0.67,0.0,0.0,8599.69,6967.51,1.0
p[11760],0.79,0.01,0.77,0.81,0.0,0.0,8722.88,6882.51,1.0
p[11761],0.65,0.02,0.62,0.67,0.0,0.0,8599.66,6967.51,1.0
p[11762],0.72,0.02,0.67,0.76,0.0,0.0,10302.72,6693.29,1.0
p[11763],0.79,0.01,0.77,0.81,0.0,0.0,8718.94,6882.35,1.0
p[11764],0.65,0.02,0.62,0.68,0.0,0.0,8602.52,6904.37,1.0
p[11765],0.65,0.02,0.62,0.68,0.0,0.0,8602.52,6904.37,1.0
p[11766],0.77,0.02,0.73,0.81,0.0,0.0,10362.16,6807.96,1.0
p[11767],0.42,0.02,0.39,0.46,0.0,0.0,9812.15,7162.52,1.0
p[11768],0.65,0.02,0.62,0.68,0.0,0.0,8611.1,6999.05,1.0
p[11769],0.64,0.03,0.59,0.68,0.0,0.0,9955.24,6555.08,1.0
p[11770],0.65,0.02,0.62,0.68,0.0,0.0,8612.85,7031.29,1.0
p[11771],0.67,0.02,0.64,0.71,0.0,0.0,9693.96,6846.39,1.0
p[11772],0.57,0.02,0.53,0.61,0.0,0.0,9479.06,6837.26,1.0
p[11773],0.81,0.02,0.78,0.85,0.0,0.0,10886.27,7044.95,1.0
p[11774],0.79,0.01,0.77,0.82,0.0,0.0,8690.66,6909.14,1.0
p[11775],0.65,0.02,0.61,0.68,0.0,0.0,9265.53,6942.9,1.0
p[11776],0.73,0.02,0.69,0.77,0.0,0.0,9473.56,6812.82,1.0
p[11777],0.43,0.02,0.39,0.47,0.0,0.0,9799.24,7066.36,1.0
p[11778],0.58,0.02,0.53,0.62,0.0,0.0,9692.45,6891.99,1.0
p[11779],0.8,0.01,0.77,0.82,0.0,0.0,8672.91,6957.59,1.0
p[11780],0.75,0.02,0.71,0.79,0.0,0.0,10187.07,6153.12,1.0
p[11781],0.66,0.01,0.63,0.69,0.0,0.0,8625.01,6999.11,1.0
p[11782],0.8,0.01,0.77,0.82,0.0,0.0,8664.23,6939.32,1.0
p[11783],0.8,0.01,0.77,0.82,0.0,0.0,8664.23,6939.32,1.0
p[11784],0.66,0.01,0.63,0.69,0.0,0.0,8626.27,6999.11,1.0
p[11785],0.8,0.01,0.78,0.82,0.0,0.0,8659.4,6939.44,1.0
p[11786],0.73,0.02,0.69,0.77,0.0,0.0,10254.95,6693.22,1.0
p[11787],0.66,0.01,0.63,0.69,0.0,0.0,8629.67,7031.98,1.0
p[11788],0.66,0.01,0.63,0.69,0.0,0.0,8629.67,7031.98,1.0
p[11789],0.78,0.02,0.74,0.82,0.0,0.0,10321.37,6777.49,1.0
p[11790],0.65,0.02,0.6,0.69,0.0,0.0,9897.3,6638.77,1.0
p[11791],0.44,0.02,0.4,0.48,0.0,0.0,9795.09,7032.34,1.0
p[11792],0.66,0.01,0.63,0.69,0.0,0.0,8633.39,6999.33,1.0
p[11793],0.8,0.01,0.78,0.82,0.0,0.0,8643.91,6955.29,1.0
p[11794],0.66,0.01,0.63,0.69,0.0,0.0,8637.85,7032.22,1.0
p[11795],0.58,0.02,0.54,0.62,0.0,0.0,9468.6,6796.49,1.0
p[11796],0.69,0.02,0.65,0.73,0.0,0.0,9653.31,6906.27,1.0
p[11797],0.8,0.01,0.78,0.82,0.0,0.0,8641.34,6955.29,1.0
p[11798],0.82,0.02,0.78,0.85,0.0,0.0,10849.64,6931.28,1.0
p[11799],0.74,0.02,0.7,0.77,0.0,0.0,9444.22,6846.35,1.0
p[11800],0.74,0.02,0.7,0.77,0.0,0.0,9437.01,6846.8,1.0
p[11801],0.66,0.02,0.62,0.69,0.0,0.0,9246.72,6943.21,1.0
p[11802],0.59,0.02,0.54,0.63,0.0,0.0,9645.88,6795.88,1.0
p[11803],0.44,0.02,0.4,0.48,0.0,0.0,9786.34,7098.39,1.0
p[11804],0.76,0.02,0.72,0.8,0.0,0.0,10145.41,6027.35,1.0
p[11805],0.67,0.01,0.64,0.7,0.0,0.0,8652.07,6967.69,1.0
p[11806],0.81,0.01,0.78,0.83,0.0,0.0,8615.51,6973.5,1.0
p[11807],0.81,0.01,0.78,0.83,0.0,0.0,8614.55,6973.5,1.0
p[11808],0.67,0.01,0.64,0.7,0.0,0.0,8652.86,6967.69,1.0
p[11809],0.79,0.02,0.75,0.83,0.0,0.0,10278.65,6852.82,1.0
p[11810],0.74,0.02,0.7,0.78,0.0,0.0,10178.65,6634.65,1.0
p[11811],0.66,0.02,0.61,0.7,0.0,0.0,9817.32,6757.4,1.0
p[11812],0.67,0.01,0.64,0.7,0.0,0.0,8656.54,7064.8,1.0
p[11813],0.45,0.02,0.41,0.49,0.0,0.0,9779.9,7203.63,1.0
p[11814],0.67,0.01,0.64,0.7,0.0,0.0,8658.79,7064.92,1.0
p[11815],0.81,0.01,0.79,0.83,0.0,0.0,8598.53,7036.81,1.0
p[11816],0.67,0.01,0.65,0.7,0.0,0.0,8662.75,7065.03,1.0
p[11817],0.59,0.02,0.55,0.63,0.0,0.0,9462.28,6756.45,1.0
p[11818],0.83,0.02,0.79,0.86,0.0,0.0,10814.44,7003.32,1.0
p[11819],0.81,0.01,0.79,0.83,0.0,0.0,8586.49,7053.41,1.0
p[11820],0.81,0.01,0.79,0.83,0.0,0.0,8583.73,7086.24,1.0
p[11821],0.67,0.02,0.63,0.71,0.0,0.0,9224.36,6974.95,1.0
p[11822],0.6,0.02,0.55,0.64,0.0,0.0,9598.59,6917.17,1.0
p[11823],0.46,0.02,0.41,0.49,0.0,0.0,9770.18,7173.36,1.0
p[11824],0.81,0.01,0.79,0.83,0.0,0.0,8579.41,7070.46,1.0
p[11825],0.81,0.01,0.79,0.83,0.0,0.0,8574.64,7103.6,1.0
p[11826],0.68,0.01,0.65,0.71,0.0,0.0,8673.49,7065.23,1.0
p[11827],0.68,0.01,0.65,0.71,0.0,0.0,8673.81,7032.22,1.0
p[11828],0.81,0.01,0.79,0.83,0.0,0.0,8570.78,7086.29,1.0
p[11829],0.68,0.01,0.65,0.71,0.0,0.0,8676.5,7065.23,1.0
p[11830],0.79,0.02,0.76,0.83,0.0,0.0,10233.65,6777.73,1.0
p[11831],0.67,0.02,0.63,0.72,0.0,0.0,9733.97,6723.75,1.0
p[11832],0.75,0.02,0.71,0.79,0.0,0.0,10048.33,6721.89,1.0
p[11833],0.82,0.01,0.79,0.84,0.0,0.0,8561.95,7035.82,1.0
p[11834],0.68,0.01,0.66,0.71,0.0,0.0,8681.26,7000.85,1.0
p[11835],0.46,0.02,0.42,0.5,0.0,0.0,9755.9,7175.34,1.0
p[11836],0.6,0.02,0.56,0.64,0.0,0.0,9454.08,6915.38,1.0
p[11837],0.71,0.02,0.67,0.75,0.0,0.0,9559.61,6606.67,1.0
p[11838],0.82,0.01,0.8,0.84,0.0,0.0,8547.22,6695.6,1.0
p[11839],0.69,0.01,0.66,0.71,0.0,0.0,8686.65,7099.76,1.0
p[11840],0.82,0.01,0.8,0.84,0.0,0.0,8546.27,6695.6,1.0
p[11841],0.82,0.01,0.8,0.84,0.0,0.0,8542.96,6669.48,1.0
p[11842],0.68,0.02,0.64,0.72,0.0,0.0,9200.13,7240.58,1.0
p[11843],0.61,0.02,0.57,0.66,0.0,0.0,9694.29,6887.46,1.0
p[11844],0.47,0.02,0.43,0.51,0.0,0.0,9743.49,7109.28,1.0
p[11845],0.82,0.01,0.8,0.84,0.0,0.0,8534.78,6638.92,1.0
p[11846],0.84,0.02,0.8,0.87,0.0,0.0,10756.73,7016.04,1.0
p[11847],0.82,0.01,0.8,0.84,0.0,0.0,8531.72,6638.92,1.0
p[11848],0.69,0.01,0.66,0.72,0.0,0.0,8695.41,7166.38,1.0
p[11849],0.69,0.01,0.66,0.72,0.0,0.0,8695.36,7166.38,1.0
p[11850],0.78,0.02,0.74,0.82,0.0,0.0,10050.09,6132.91,1.0
p[11851],0.82,0.01,0.8,0.84,0.0,0.0,8529.66,6638.92,1.0
p[11852],0.69,0.01,0.67,0.72,0.0,0.0,8697.01,7166.32,1.0
p[11853],0.8,0.02,0.76,0.84,0.0,0.0,10194.83,6779.74,1.0
p[11854],0.68,0.02,0.64,0.73,0.0,0.0,9656.86,6844.84,1.0
p[11855],0.76,0.02,0.72,0.8,0.0,0.0,9896.02,6692.87,1.0
p[11856],0.47,0.02,0.43,0.51,0.0,0.0,9727.58,7148.23,1.0
p[11857],0.69,0.01,0.67,0.72,0.0,0.0,8699.95,7165.98,1.0
p[11858],0.84,0.02,0.81,0.87,0.0,0.0,10737.62,7017.31,1.0
p[11859],0.7,0.01,0.67,0.72,0.0,0.0,8702.87,7165.68,1.0
p[11860],0.72,0.02,0.68,0.76,0.0,0.0,9510.32,6782.34,1.0
p[11861],0.62,0.02,0.58,0.66,0.0,0.0,9440.72,6881.09,1.0
p[11862],0.83,0.01,0.81,0.85,0.0,0.0,8508.2,6789.28,1.0
p[11863],0.69,0.02,0.65,0.73,0.0,0.0,9177.51,7171.84,1.0
p[11864],0.48,0.02,0.44,0.52,0.0,0.0,9712.61,6860.02,1.0
p[11865],0.62,0.02,0.58,0.67,0.0,0.0,9569.71,6924.29,1.0
p[11866],0.83,0.01,0.81,0.85,0.0,0.0,8503.7,6789.28,1.0
p[11867],0.79,0.02,0.75,0.83,0.0,0.0,10008.34,6392.81,1.0
p[11868],0.7,0.01,0.67,0.73,0.0,0.0,8715.49,7267.95,1.0
p[11869],0.83,0.01,0.81,0.85,0.0,0.0,8496.41,6977.87,1.0
p[11870],0.7,0.01,0.67,0.73,0.0,0.0,8715.95,7267.95,1.0
p[11871],0.83,0.01,0.81,0.85,0.0,0.0,8495.17,6977.87,1.0
p[11872],0.77,0.02,0.73,0.81,0.0,0.0,9785.92,6722.49,1.0
p[11873],0.7,0.01,0.67,0.73,0.0,0.0,8716.9,7267.76,1.0
p[11874],0.81,0.02,0.77,0.85,0.0,0.0,10149.83,6764.35,1.0
p[11875],0.69,0.02,0.65,0.74,0.0,0.0,9585.07,6728.82,1.0
p[11876],0.71,0.01,0.68,0.73,0.0,0.0,8721.77,7232.79,1.0
p[11877],0.49,0.02,0.45,0.53,0.0,0.0,9694.26,6698.63,1.0
p[11878],0.73,0.02,0.69,0.76,0.0,0.0,9461.88,6864.7,1.0
p[11879],0.63,0.02,0.59,0.67,0.0,0.0,9424.74,6788.31,1.0
p[11880],0.83,0.01,0.81,0.85,0.0,0.0,8515.02,6728.82,1.0
p[11881],0.83,0.01,0.81,0.85,0.0,0.0,8466.69,6700.97,1.0
p[11882],0.7,0.02,0.67,0.74,0.0,0.0,9153.36,7205.47,1.0
p[11883],0.64,0.02,0.59,0.68,0.0,0.0,9428.55,7014.66,1.0
p[11884],0.71,0.01,0.68,0.74,0.0,0.0,8734.16,7233.35,1.0
p[11885],0.49,0.02,0.45,0.54,0.0,0.0,9673.47,6733.1,1.0
p[11886],0.83,0.01,0.81,0.86,0.0,0.0,8412.55,6824.45,1.0
p[11887],0.8,0.02,0.76,0.83,0.0,0.0,9966.58,6489.58,1.0
p[11888],0.71,0.01,0.68,0.74,0.0,0.0,8737.27,7199.25,1.0
p[11889],0.71,0.01,0.68,0.74,0.0,0.0,8737.27,7199.25,1.0
p[11890],0.84,0.01,0.81,0.86,0.0,0.0,8403.29,6824.45,1.0
p[11891],0.84,0.01,0.82,0.86,0.0,0.0,8401.21,6824.45,1.0
p[11892],0.78,0.02,0.74,0.81,0.0,0.0,9652.85,6723.3,1.0
p[11893],0.7,0.02,0.66,0.75,0.0,0.0,9515.52,6844.67,1.0
p[11894],0.5,0.02,0.46,0.54,0.0,0.0,9662.59,6792.92,1.0
p[11895],0.72,0.01,0.69,0.74,0.0,0.0,8742.45,7132.28,1.0
p[11896],0.72,0.01,0.69,0.74,0.0,0.0,8743.89,7132.28,1.0
p[11897],0.74,0.02,0.7,0.77,0.0,0.0,9395.58,6832.4,1.0
p[11898],0.64,0.02,0.6,0.68,0.0,0.0,9409.53,6849.93,1.0
p[11899],0.84,0.01,0.82,0.86,0.0,0.0,8321.42,7111.08,1.0
p[11900],0.71,0.02,0.68,0.75,0.0,0.0,9128.81,7296.1,1.0
p[11901],0.72,0.01,0.69,0.75,0.0,0.0,8750.17,7062.38,1.0
p[11902],0.51,0.02,0.46,0.55,0.0,0.0,9647.92,7011.49,1.0
p[11903],0.65,0.02,0.6,0.69,0.0,0.0,9299.26,7062.56,1.0
p[11904],0.84,0.01,0.82,0.86,0.0,0.0,8303.73,7145.55,1.0
p[11905],0.72,0.01,0.7,0.75,0.0,0.0,8754.11,7094.51,1.0
p[11906],0.81,0.02,0.77,0.84,0.0,0.0,9912.99,6751.82,1.0
p[11907],0.78,0.02,0.75,0.82,0.0,0.0,9539.99,6783.59,1.0
p[11908],0.72,0.01,0.69,0.75,0.0,0.0,8754.74,7029.36,1.0
p[11909],0.71,0.02,0.67,0.75,0.0,0.0,9436.47,6844.31,1.0
p[11910],0.51,0.02,0.47,0.55,0.0,0.0,9632.98,6980.29,1.0
p[11911],0.73,0.01,0.7,0.75,0.0,0.0,8757.91,7029.65,1.0
p[11912],0.75,0.02,0.71,0.78,0.0,0.0,9316.81,6832.46,1.0
p[11913],0.65,0.02,0.61,0.69,0.0,0.0,9393.29,6881.65,1.0
p[11914],0.72,0.02,0.69,0.76,0.0,0.0,9101.66,7300.32,1.0
p[11915],0.85,0.01,0.83,0.87,0.0,0.0,8230.45,7120.81,1.0
p[11916],0.66,0.02,0.61,0.7,0.0,0.0,9186.35,7076.05,1.0
p[11917],0.73,0.03,0.68,0.78,0.0,0.0,8871.01,7145.38,1.0
p[11918],0.73,0.01,0.7,0.76,0.0,0.0,8764.92,6984.92,1.0
p[11919],0.85,0.01,0.83,0.87,0.0,0.0,8215.02,7022.56,1.0
p[11920],0.81,0.02,0.78,0.85,0.0,0.0,9871.22,6796.66,1.0
p[11921],0.73,0.01,0.71,0.76,0.0,0.0,8767.47,7033.14,1.0
p[11922],0.73,0.01,0.71,0.76,0.0,0.0,8767.47,7033.14,1.0
p[11923],0.85,0.01,0.83,0.87,0.0,0.0,8211.42,7022.56,1.0
p[11924],0.72,0.02,0.68,0.76,0.0,0.0,9364.97,6873.72,1.0
p[11925],0.79,0.02,0.76,0.83,0.0,0.0,9377.64,6875.6,1.0
p[11926],0.74,0.01,0.71,0.76,0.0,0.0,8772.98,7019.42,1.0
p[11927],0.53,0.02,0.48,0.57,0.0,0.0,9600.62,7114.17,1.0
p[11928],0.51,0.03,0.46,0.56,0.0,0.0,9832.34,7498.3,1.0
p[11929],0.4,0.02,0.35,0.44,0.0,0.0,9169.4,7377.39,1.0
p[11930],0.48,0.02,0.44,0.52,0.0,0.0,8964.63,7038.74,1.0
p[11931],0.41,0.03,0.36,0.46,0.0,0.0,10359.74,6888.47,1.0
p[11932],0.49,0.02,0.45,0.53,0.0,0.0,8559.22,6835.53,1.0
p[11933],0.61,0.03,0.55,0.66,0.0,0.0,10331.71,6682.18,1.0
p[11934],0.49,0.02,0.45,0.53,0.0,0.0,8563.59,6805.12,1.0
p[11935],0.28,0.02,0.25,0.32,0.0,0.0,8578.5,7652.13,1.0
p[11936],0.67,0.02,0.63,0.7,0.0,0.0,8511.5,7410.47,1.0
p[11937],0.52,0.03,0.48,0.58,0.0,0.0,9853.16,7516.55,1.0
p[11938],0.49,0.02,0.45,0.53,0.0,0.0,8995.24,7005.93,1.0
p[11939],0.5,0.02,0.46,0.54,0.0,0.0,8579.09,6930.59,1.0
p[11940],0.5,0.02,0.47,0.54,0.0,0.0,8583.24,6994.77,1.0
p[11941],0.68,0.02,0.64,0.71,0.0,0.0,8534.09,7354.44,1.0
p[11942],0.29,0.02,0.26,0.33,0.0,0.0,8593.99,7534.33,1.0
p[11943],0.51,0.02,0.47,0.55,0.0,0.0,8591.4,6925.51,1.0
p[11944],0.42,0.02,0.38,0.46,0.0,0.0,9164.53,7461.56,1.0
p[11945],0.5,0.02,0.46,0.55,0.0,0.0,9025.76,6942.45,1.0
p[11946],0.43,0.03,0.38,0.48,0.0,0.0,10421.95,6880.13,1.0
p[11947],0.3,0.02,0.27,0.34,0.0,0.0,8610.99,7581.12,1.0
p[11948],0.43,0.02,0.39,0.47,0.0,0.0,9160.93,7554.81,1.0
p[11949],0.52,0.02,0.48,0.56,0.0,0.0,9058.14,6973.26,1.0
p[11950],0.31,0.02,0.28,0.35,0.0,0.0,8638.14,7501.75,1.0
p[11951],0.7,0.02,0.67,0.73,0.0,0.0,8600.02,7109.56,1.0
p[11952],0.7,0.02,0.67,0.73,0.0,0.0,8599.43,7210.76,1.0
p[11953],0.53,0.02,0.49,0.57,0.0,0.0,9089.29,6934.36,1.0
p[11954],0.63,0.02,0.59,0.68,0.0,0.0,9064.94,6826.57,1.0
p[11955],0.32,0.02,0.29,0.36,0.0,0.0,8757.65,7462.87,1.0
p[11956],0.71,0.02,0.68,0.74,0.0,0.0,8617.25,7280.72,1.0
p[11957],0.46,0.02,0.42,0.5,0.0,0.0,9133.78,7334.31,1.0
p[11958],0.64,0.02,0.59,0.69,0.0,0.0,9057.42,6903.11,1.0
p[11959],0.54,0.02,0.5,0.58,0.0,0.0,9120.23,6871.62,1.0
p[11960],0.72,0.02,0.69,0.74,0.0,0.0,8620.97,7249.07,1.0
p[11961],0.64,0.02,0.6,0.69,0.0,0.0,9057.99,6851.22,1.0
p[11962],0.72,0.02,0.69,0.75,0.0,0.0,8617.91,7248.74,1.0
p[11963],0.55,0.02,0.52,0.59,0.0,0.0,8678.72,7003.66,1.0
p[11964],0.72,0.02,0.69,0.75,0.0,0.0,8617.8,7284.43,1.0
p[11965],0.72,0.02,0.69,0.75,0.0,0.0,8617.22,7284.34,1.0
p[11966],0.33,0.02,0.3,0.37,0.0,0.0,8723.95,7390.81,1.0
p[11967],0.56,0.02,0.53,0.59,0.0,0.0,8689.99,7032.94,1.0
p[11968],0.47,0.02,0.43,0.51,0.0,0.0,9122.58,7206.84,1.0
p[11969],0.56,0.02,0.52,0.6,0.0,0.0,9149.87,6810.02,1.0
p[11970],0.73,0.02,0.7,0.75,0.0,0.0,8608.95,7345.6,1.0
p[11971],0.34,0.02,0.31,0.38,0.0,0.0,8708.16,7321.13,1.0
p[11972],0.56,0.02,0.53,0.6,0.0,0.0,8701.83,7120.62,1.0
p[11973],0.73,0.02,0.7,0.75,0.0,0.0,8608.53,7345.45,1.0
p[11974],0.73,0.02,0.7,0.76,0.0,0.0,8605.33,7345.45,1.0
p[11975],0.68,0.03,0.63,0.73,0.0,0.0,10428.68,6465.15,1.0
p[11976],0.65,0.02,0.61,0.7,0.0,0.0,9047.37,6855.47,1.0
p[11977],0.57,0.02,0.54,0.6,0.0,0.0,8706.69,6988.4,1.0
p[11978],0.73,0.02,0.7,0.76,0.0,0.0,8605.15,7345.87,1.0
p[11979],0.73,0.02,0.7,0.76,0.0,0.0,8605.15,7345.87,1.0
p[11980],0.7,0.03,0.66,0.75,0.0,0.0,10575.69,6471.83,1.0
p[11981],0.56,0.03,0.51,0.61,0.0,0.0,9786.6,6547.0,1.0
p[11982],0.35,0.02,0.31,0.38,0.0,0.0,8689.95,7384.89,1.0
p[11983],0.48,0.02,0.44,0.52,0.0,0.0,9113.04,7119.36,1.0
p[11984],0.6,0.02,0.56,0.65,0.0,0.0,9893.82,7218.97,1.0
p[11985],0.73,0.01,0.71,0.76,0.0,0.0,8603.07,7454.47,1.0
p[11986],0.66,0.02,0.62,0.7,0.0,0.0,9037.15,6882.21,1.0
p[11987],0.57,0.02,0.53,0.61,0.0,0.0,9179.28,6690.94,1.0
p[11988],0.49,0.03,0.45,0.54,0.0,0.0,10505.56,6689.24,1.0
p[11989],0.35,0.02,0.32,0.39,0.0,0.0,8685.61,7314.07,1.0
p[11990],0.74,0.01,0.71,0.76,0.0,0.0,8601.92,7528.71,1.0
p[11991],0.69,0.03,0.64,0.74,0.0,0.0,10431.47,6356.33,1.0
p[11992],0.58,0.02,0.55,0.61,0.0,0.0,8733.43,6862.43,1.0
p[11993],0.74,0.01,0.71,0.76,0.0,0.0,8598.4,7591.09,1.0
p[11994],0.58,0.02,0.55,0.61,0.0,0.0,8733.56,6957.36,1.0
p[11995],0.74,0.01,0.71,0.76,0.0,0.0,8598.4,7591.09,1.0
p[11996],0.66,0.02,0.62,0.71,0.0,0.0,9034.38,6891.05,1.0
p[11997],0.74,0.01,0.71,0.77,0.0,0.0,8598.74,7591.61,1.0
p[11998],0.58,0.02,0.55,0.61,0.0,0.0,8735.47,6941.84,1.0
p[11999],0.58,0.02,0.55,0.61,0.0,0.0,8735.47,6941.84,1.0
p[12000],0.66,0.03,0.61,0.71,0.0,0.0,9641.63,6679.0,1.0
p[12001],0.57,0.03,0.52,0.62,0.0,0.0,9793.45,6356.28,1.0
p[12002],0.72,0.03,0.67,0.76,0.0,0.0,10590.72,6766.04,1.0
p[12003],0.36,0.02,0.32,0.39,0.0,0.0,8688.73,7348.43,1.0
p[12004],0.67,0.02,0.62,0.71,0.0,0.0,9029.66,6860.61,1.0
p[12005],0.76,0.02,0.72,0.81,0.0,0.0,11081.77,6504.16,1.0
p[12006],0.5,0.02,0.46,0.54,0.0,0.0,9097.91,7118.24,1.0
p[12007],0.59,0.02,0.56,0.62,0.0,0.0,8747.72,6910.57,1.0
p[12008],0.61,0.02,0.57,0.66,0.0,0.0,9930.23,7150.7,1.0
p[12009],0.74,0.01,0.72,0.77,0.0,0.0,8595.74,7668.14,1.0
p[12010],0.58,0.02,0.54,0.62,0.0,0.0,9205.04,6546.78,1.0
p[12011],0.36,0.02,0.33,0.4,0.0,0.0,8681.9,7453.75,1.0
p[12012],0.51,0.03,0.46,0.55,0.0,0.0,10507.98,6792.34,1.0
p[12013],0.75,0.01,0.72,0.77,0.0,0.0,8593.48,7572.94,1.0
p[12014],0.75,0.01,0.72,0.77,0.0,0.0,8593.99,7534.69,1.0
p[12015],0.67,0.02,0.63,0.72,0.0,0.0,9024.59,6892.62,1.0
p[12016],0.7,0.02,0.65,0.75,0.0,0.0,10426.1,6406.45,1.0
p[12017],0.59,0.02,0.56,0.62,0.0,0.0,8766.44,6923.69,1.0
p[12018],0.67,0.03,0.62,0.72,0.0,0.0,9665.77,6603.1,1.0
p[12019],0.59,0.02,0.56,0.62,0.0,0.0,8767.23,6923.69,1.0
p[12020],0.75,0.01,0.72,0.77,0.0,0.0,8591.87,7503.87,1.0
p[12021],0.75,0.01,0.72,0.77,0.0,0.0,8591.96,7542.0,1.0
p[12022],0.59,0.02,0.56,0.63,0.0,0.0,8769.54,6923.69,1.0
p[12023],0.59,0.02,0.56,0.63,0.0,0.0,8769.54,6923.69,1.0
p[12024],0.72,0.02,0.68,0.77,0.0,0.0,10593.22,6888.79,1.0
p[12025],0.58,0.03,0.53,0.63,0.0,0.0,9806.01,6327.94,1.0
p[12026],0.37,0.02,0.33,0.41,0.0,0.0,8690.92,7380.44,1.0
p[12027],0.6,0.02,0.57,0.63,0.0,0.0,8775.46,6939.77,1.0
p[12028],0.75,0.01,0.72,0.78,0.0,0.0,8590.28,7508.32,1.0
p[12029],0.77,0.02,0.73,0.81,0.0,0.0,10892.77,6297.52,1.0
p[12030],0.68,0.02,0.64,0.72,0.0,0.0,9021.85,6864.72,1.0
p[12031],0.51,0.02,0.47,0.55,0.0,0.0,9073.61,7320.03,1.0
p[12032],0.62,0.02,0.58,0.67,0.0,0.0,9969.25,7275.91,1.0
p[12033],0.75,0.01,0.73,0.78,0.0,0.0,8585.95,7300.25,1.0
p[12034],0.68,0.02,0.64,0.72,0.0,0.0,9252.05,7236.02,1.0
p[12035],0.59,0.02,0.55,0.63,0.0,0.0,9229.99,6689.89,1.0
p[12036],0.75,0.01,0.73,0.78,0.0,0.0,8585.4,7231.96,1.0
p[12037],0.37,0.02,0.34,0.41,0.0,0.0,8692.93,7529.79,1.0
p[12038],0.52,0.03,0.47,0.56,0.0,0.0,10504.38,6733.44,1.0
p[12039],0.76,0.01,0.73,0.78,0.0,0.0,8586.0,7197.45,1.0
p[12040],0.69,0.02,0.64,0.73,0.0,0.0,9016.36,6891.04,1.0
p[12041],0.71,0.02,0.66,0.75,0.0,0.0,10431.25,6489.19,1.0
p[12042],0.6,0.02,0.58,0.64,0.0,0.0,8795.64,6847.15,1.0
p[12043],0.76,0.01,0.73,0.78,0.0,0.0,8586.37,7163.86,1.0
p[12044],0.76,0.01,0.73,0.78,0.0,0.0,8586.37,7163.86,1.0
p[12045],0.6,0.02,0.58,0.64,0.0,0.0,8797.36,6816.45,1.0
p[12046],0.61,0.02,0.58,0.64,0.0,0.0,8799.3,6816.45,1.0
p[12047],0.61,0.02,0.58,0.64,0.0,0.0,8799.3,6816.45,1.0
p[12048],0.68,0.02,0.63,0.73,0.0,0.0,9697.58,6490.08,1.0
p[12049],0.73,0.02,0.69,0.78,0.0,0.0,10593.43,6846.8,1.0
p[12050],0.59,0.03,0.55,0.64,0.0,0.0,9812.58,6303.03,1.0
p[12051],0.61,0.02,0.58,0.64,0.0,0.0,8806.98,6894.45,1.0
p[12052],0.38,0.02,0.35,0.42,0.0,0.0,8693.05,7561.93,1.0
p[12053],0.78,0.02,0.74,0.82,0.0,0.0,10910.83,6475.66,1.0
p[12054],0.61,0.02,0.58,0.64,0.0,0.0,8809.9,6894.78,1.0
p[12055],0.69,0.02,0.65,0.73,0.0,0.0,9005.94,6921.48,1.0
p[12056],0.63,0.02,0.59,0.68,0.0,0.0,9978.09,7000.39,1.0
p[12057],0.52,0.02,0.48,0.56,0.0,0.0,9033.64,7283.99,1.0
p[12058],0.6,0.02,0.57,0.64,0.0,0.0,9231.85,6747.47,1.0
p[12059],0.76,0.01,0.74,0.79,0.0,0.0,8580.7,6982.99,1.0
p[12060],0.39,0.02,0.35,0.43,0.0,0.0,8712.76,7613.72,1.0
p[12061],0.53,0.02,0.49,0.58,0.0,0.0,10493.54,6763.44,1.0
p[12062],0.77,0.01,0.74,0.79,0.0,0.0,8579.63,6982.99,1.0
p[12063],0.77,0.01,0.74,0.79,0.0,0.0,8577.84,6825.57,1.0
p[12064],0.7,0.02,0.65,0.74,0.0,0.0,8998.8,6782.36,1.0
p[12065],0.62,0.02,0.59,0.65,0.0,0.0,8826.81,6862.16,1.0
p[12066],0.72,0.02,0.67,0.76,0.0,0.0,10424.27,6605.91,1.0
p[12067],0.62,0.02,0.59,0.65,0.0,0.0,8830.64,6862.16,1.0
p[12068],0.69,0.02,0.65,0.74,0.0,0.0,9725.7,6380.43,1.0
p[12069],0.77,0.01,0.74,0.79,0.0,0.0,8575.03,6888.63,1.0
p[12070],0.62,0.02,0.59,0.65,0.0,0.0,8832.29,6877.43,1.0
p[12071],0.62,0.02,0.59,0.65,0.0,0.0,8832.29,6877.43,1.0
p[12072],0.7,0.02,0.66,0.74,0.0,0.0,9231.44,7342.08,1.0
p[12073],0.77,0.01,0.74,0.79,0.0,0.0,8574.63,6888.63,1.0
p[12074],0.74,0.02,0.7,0.79,0.0,0.0,10587.39,6680.43,1.0
p[12075],0.61,0.03,0.56,0.66,0.0,0.0,9828.58,6272.63,1.0
p[12076],0.62,0.02,0.59,0.65,0.0,0.0,8840.39,6943.08,1.0
p[12077],0.39,0.02,0.36,0.43,0.0,0.0,8724.88,7450.24,1.0
p[12078],0.79,0.02,0.75,0.83,0.0,0.0,10929.16,6869.66,1.0
p[12079],0.77,0.01,0.74,0.79,0.0,0.0,8569.03,6981.59,1.0
p[12080],0.65,0.02,0.61,0.69,0.0,0.0,9978.12,7206.6,1.0
p[12081],0.7,0.02,0.66,0.74,0.0,0.0,8990.87,6722.48,1.0
p[12082],0.62,0.02,0.59,0.65,0.0,0.0,8844.71,6875.05,1.0
p[12083],0.53,0.02,0.49,0.57,0.0,0.0,9006.03,7370.96,1.0
p[12084],0.77,0.01,0.75,0.8,0.0,0.0,8566.38,7004.96,1.0
p[12085],0.77,0.01,0.75,0.8,0.0,0.0,8566.71,7046.13,1.0
p[12086],0.77,0.01,0.75,0.8,0.0,0.0,8566.66,7046.13,1.0
p[12087],0.62,0.02,0.58,0.66,0.0,0.0,9232.63,6847.29,1.0
p[12088],0.4,0.02,0.36,0.44,0.0,0.0,8726.53,7542.45,1.0
p[12089],0.54,0.02,0.5,0.59,0.0,0.0,10482.29,6734.05,1.0
p[12090],0.71,0.02,0.67,0.75,0.0,0.0,8984.61,6706.92,1.0
p[12091],0.78,0.01,0.75,0.8,0.0,0.0,8563.13,7013.4,1.0
p[12092],0.73,0.02,0.69,0.77,0.0,0.0,10419.39,6428.03,1.0
p[12093],0.63,0.02,0.6,0.66,0.0,0.0,8862.0,7010.46,1.0
p[12094],0.71,0.02,0.67,0.75,0.0,0.0,9214.38,7238.44,1.0
p[12095],0.63,0.02,0.6,0.66,0.0,0.0,8863.18,7010.46,1.0
p[12096],0.7,0.02,0.66,0.75,0.0,0.0,9738.91,6308.28,1.0
p[12097],0.78,0.01,0.75,0.8,0.0,0.0,8565.24,6990.88,1.0
p[12098],0.63,0.02,0.6,0.66,0.0,0.0,8866.84,6946.14,1.0
p[12099],0.63,0.02,0.6,0.66,0.0,0.0,8866.84,6946.14,1.0
p[12100],0.62,0.03,0.57,0.67,0.0,0.0,9831.27,6379.38,1.0
p[12101],0.41,0.02,0.37,0.44,0.0,0.0,8728.41,7611.38,1.0
p[12102],0.78,0.01,0.75,0.8,0.0,0.0,8565.17,7025.07,1.0
p[12103],0.63,0.02,0.61,0.66,0.0,0.0,8872.76,6882.54,1.0
p[12104],0.63,0.02,0.61,0.66,0.0,0.0,8874.3,6882.54,1.0
p[12105],0.71,0.02,0.67,0.75,0.0,0.0,8977.04,6736.18,1.0
p[12106],0.55,0.02,0.51,0.59,0.0,0.0,8992.2,7349.58,1.0
p[12107],0.76,0.02,0.71,0.8,0.0,0.0,10576.01,6799.17,1.0
p[12108],0.66,0.02,0.62,0.7,0.0,0.0,9971.03,6987.07,1.0
p[12109],0.8,0.02,0.76,0.84,0.0,0.0,10949.09,6915.5,1.0
p[12110],0.78,0.01,0.76,0.8,0.0,0.0,8563.46,7189.38,1.0
p[12111],0.63,0.02,0.59,0.67,0.0,0.0,9225.8,6816.33,1.0
p[12112],0.41,0.02,0.37,0.45,0.0,0.0,8747.01,7611.58,1.0
p[12113],0.56,0.02,0.51,0.6,0.0,0.0,10463.56,6820.38,1.0
p[12114],0.78,0.01,0.76,0.81,0.0,0.0,8557.82,7208.72,1.0
p[12115],0.72,0.02,0.68,0.75,0.0,0.0,9200.16,7234.61,1.0
p[12116],0.72,0.02,0.68,0.76,0.0,0.0,8967.22,6769.53,1.0
p[12117],0.74,0.02,0.7,0.78,0.0,0.0,10408.3,6277.12,1.0
p[12118],0.78,0.01,0.76,0.81,0.0,0.0,8557.03,7174.89,1.0
p[12119],0.78,0.01,0.76,0.81,0.0,0.0,8557.23,7243.04,1.0
p[12120],0.64,0.02,0.61,0.67,0.0,0.0,8893.4,6743.74,1.0
p[12121],0.71,0.02,0.67,0.76,0.0,0.0,9746.62,6309.18,1.0
p[12122],0.64,0.02,0.61,0.67,0.0,0.0,8893.75,6743.74,1.0
p[12123],0.79,0.01,0.76,0.81,0.0,0.0,8558.46,7309.01,1.0
p[12124],0.64,0.02,0.61,0.67,0.0,0.0,8896.17,6774.19,1.0
p[12125],0.64,0.02,0.61,0.67,0.0,0.0,8896.17,6774.19,1.0
p[12126],0.76,0.02,0.72,0.8,0.0,0.0,10564.71,6876.96,1.0
p[12127],0.63,0.03,0.59,0.68,0.0,0.0,9819.15,6434.13,1.0
p[12128],0.64,0.02,0.62,0.67,0.0,0.0,8901.48,6699.46,1.0
p[12129],0.42,0.02,0.38,0.45,0.0,0.0,8805.11,7648.75,1.0
p[12130],0.81,0.02,0.77,0.84,0.0,0.0,10961.97,6807.62,1.0
p[12131],0.72,0.02,0.68,0.76,0.0,0.0,8957.6,6873.35,1.0
p[12132],0.56,0.02,0.52,0.6,0.0,0.0,8978.51,7261.88,1.0
p[12133],0.67,0.02,0.63,0.71,0.0,0.0,9954.02,7052.77,1.0
p[12134],0.72,0.02,0.69,0.76,0.0,0.0,9183.95,7161.3,1.0
p[12135],0.64,0.02,0.61,0.68,0.0,0.0,9215.58,6845.28,1.0
p[12136],0.42,0.02,0.39,0.46,0.0,0.0,8857.95,7498.11,1.0
p[12137],0.79,0.01,0.77,0.81,0.0,0.0,8550.43,7243.53,1.0
p[12138],0.57,0.02,0.52,0.62,0.0,0.0,10446.16,6880.2,1.0
p[12139],0.73,0.02,0.69,0.77,0.0,0.0,8948.9,6737.1,1.0
p[12140],0.75,0.02,0.71,0.79,0.0,0.0,10398.35,6204.92,1.0
p[12141],0.65,0.01,0.63,0.68,0.0,0.0,8927.6,6790.1,1.0
p[12142],0.79,0.01,0.77,0.82,0.0,0.0,8549.65,7244.17,1.0
p[12143],0.65,0.01,0.63,0.68,0.0,0.0,8927.6,6790.1,1.0
p[12144],0.79,0.01,0.77,0.82,0.0,0.0,8549.62,7244.52,1.0
p[12145],0.72,0.02,0.68,0.76,0.0,0.0,9759.95,6415.93,1.0
p[12146],0.65,0.01,0.63,0.68,0.0,0.0,8928.98,6790.3,1.0
p[12147],0.65,0.01,0.63,0.68,0.0,0.0,8928.98,6790.3,1.0
p[12148],0.79,0.01,0.77,0.82,0.0,0.0,8549.58,7296.82,1.0
p[12149],0.64,0.03,0.6,0.69,0.0,0.0,9808.03,6406.71,1.0
p[12150],0.77,0.02,0.73,0.81,0.0,0.0,10549.27,6740.78,1.0
p[12151],0.43,0.02,0.39,0.47,0.0,0.0,8917.17,7387.76,1.0
p[12152],0.66,0.01,0.63,0.68,0.0,0.0,8934.99,6811.54,1.0
p[12153],0.81,0.02,0.78,0.85,0.0,0.0,10971.19,6776.26,1.0
p[12154],0.66,0.01,0.63,0.69,0.0,0.0,8940.15,6873.17,1.0
p[12155],0.73,0.02,0.69,0.77,0.0,0.0,8943.43,6695.97,1.0
p[12156],0.57,0.02,0.53,0.61,0.0,0.0,8963.44,7157.65,1.0
p[12157],0.68,0.02,0.64,0.72,0.0,0.0,9929.79,6792.33,1.0
p[12158],0.8,0.01,0.78,0.82,0.0,0.0,8545.62,7274.79,1.0
p[12159],0.65,0.02,0.62,0.69,0.0,0.0,9208.98,6876.73,1.0
p[12160],0.44,0.02,0.4,0.47,0.0,0.0,8999.65,7393.26,1.0
p[12161],0.58,0.02,0.54,0.63,0.0,0.0,10424.15,7004.11,1.0
p[12162],0.8,0.01,0.78,0.82,0.0,0.0,8546.7,7309.82,1.0
p[12163],0.74,0.02,0.7,0.77,0.0,0.0,8927.7,6762.55,1.0
p[12164],0.76,0.02,0.72,0.8,0.0,0.0,10375.57,6264.17,1.0
p[12165],0.8,0.01,0.78,0.82,0.0,0.0,8546.62,7308.71,1.0
p[12166],0.66,0.01,0.64,0.69,0.0,0.0,8959.46,6970.4,1.0
p[12167],0.66,0.01,0.64,0.69,0.0,0.0,8959.46,6970.4,1.0
p[12168],0.8,0.01,0.78,0.82,0.0,0.0,8546.08,7308.71,1.0
p[12169],0.8,0.01,0.78,0.82,0.0,0.0,8546.86,7308.71,1.0
p[12170],0.74,0.02,0.7,0.77,0.0,0.0,9149.66,7312.94,1.0
p[12171],0.66,0.01,0.64,0.69,0.0,0.0,8960.88,6971.03,1.0
p[12172],0.66,0.01,0.64,0.69,0.0,0.0,8960.88,6971.03,1.0
p[12173],0.65,0.02,0.61,0.7,0.0,0.0,9796.08,6458.71,1.0
p[12174],0.44,0.02,0.4,0.48,0.0,0.0,9097.25,7428.96,1.0
p[12175],0.74,0.02,0.71,0.78,0.0,0.0,8917.36,6822.79,1.0
p[12176],0.78,0.02,0.74,0.82,0.0,0.0,10521.51,6862.12,1.0
p[12177],0.67,0.01,0.64,0.7,0.0,0.0,8969.35,7035.86,1.0
p[12178],0.8,0.01,0.78,0.83,0.0,0.0,8540.12,7489.24,1.0
p[12179],0.82,0.02,0.79,0.86,0.0,0.0,10977.83,6805.96,1.0
p[12180],0.58,0.02,0.54,0.62,0.0,0.0,8955.85,7162.78,1.0
p[12181],0.69,0.02,0.65,0.73,0.0,0.0,9917.01,7026.18,1.0
p[12182],0.67,0.01,0.64,0.7,0.0,0.0,8974.76,6971.83,1.0
p[12183],0.81,0.01,0.78,0.83,0.0,0.0,8540.17,7527.43,1.0
p[12184],0.79,0.02,0.75,0.82,0.0,0.0,10517.06,6942.07,1.0
p[12185],0.66,0.02,0.63,0.7,0.0,0.0,9206.14,6876.35,1.0
p[12186],0.45,0.02,0.41,0.49,0.0,0.0,9188.66,7287.27,1.0
p[12187],0.59,0.02,0.55,0.64,0.0,0.0,10392.14,6900.0,1.0
p[12188],0.81,0.01,0.79,0.83,0.0,0.0,8536.89,7565.09,1.0
p[12189],0.75,0.02,0.71,0.78,0.0,0.0,8910.42,6880.85,1.0
p[12190],0.77,0.02,0.73,0.81,0.0,0.0,10348.38,5920.31,1.0
p[12191],0.67,0.01,0.65,0.7,0.0,0.0,8987.46,6971.34,1.0
p[12192],0.67,0.01,0.65,0.7,0.0,0.0,8987.46,6971.34,1.0
p[12193],0.74,0.02,0.7,0.78,0.0,0.0,9762.84,6265.56,1.0
p[12194],0.68,0.01,0.65,0.7,0.0,0.0,8989.65,6907.45,1.0
p[12195],0.68,0.01,0.65,0.7,0.0,0.0,8989.65,6907.45,1.0
p[12196],0.79,0.02,0.75,0.83,0.0,0.0,10509.0,6944.22,1.0
p[12197],0.66,0.02,0.62,0.71,0.0,0.0,9785.7,6778.02,1.0
p[12198],0.46,0.02,0.42,0.49,0.0,0.0,9286.61,7359.26,1.0
p[12199],0.68,0.01,0.65,0.71,0.0,0.0,8993.7,6908.63,1.0
p[12200],0.81,0.01,0.79,0.83,0.0,0.0,8531.86,7639.67,1.0
p[12201],0.75,0.02,0.72,0.79,0.0,0.0,8902.14,6818.73,1.0
p[12202],0.68,0.01,0.65,0.71,0.0,0.0,8996.11,6909.02,1.0
p[12203],0.6,0.02,0.56,0.64,0.0,0.0,8936.98,7263.58,1.0
p[12204],0.7,0.02,0.67,0.74,0.0,0.0,9892.98,6794.95,1.0
p[12205],0.83,0.02,0.8,0.86,0.0,0.0,10976.87,6655.47,1.0
p[12206],0.81,0.01,0.79,0.83,0.0,0.0,8531.26,7639.4,1.0
p[12207],0.68,0.02,0.64,0.71,0.0,0.0,9195.48,6764.87,1.0
p[12208],0.46,0.02,0.42,0.5,0.0,0.0,9373.27,7253.07,1.0
p[12209],0.61,0.02,0.56,0.65,0.0,0.0,10358.83,6962.65,1.0
p[12210],0.82,0.01,0.79,0.84,0.0,0.0,8530.1,7639.62,1.0
p[12211],0.76,0.02,0.72,0.79,0.0,0.0,9115.19,7374.25,1.0
p[12212],0.82,0.01,0.79,0.84,0.0,0.0,8530.69,7639.62,1.0
p[12213],0.78,0.02,0.74,0.82,0.0,0.0,10320.75,5978.97,1.0
p[12214],0.69,0.01,0.66,0.71,0.0,0.0,9009.76,6907.72,1.0
p[12215],0.76,0.02,0.72,0.79,0.0,0.0,8894.3,6935.86,1.0
p[12216],0.82,0.01,0.8,0.84,0.0,0.0,8528.69,7565.87,1.0
p[12217],0.69,0.01,0.66,0.71,0.0,0.0,9010.51,6907.72,1.0
p[12218],0.82,0.01,0.8,0.84,0.0,0.0,8529.46,7565.87,1.0
p[12219],0.75,0.02,0.71,0.79,0.0,0.0,9762.76,6333.66,1.0
p[12220],0.69,0.01,0.66,0.71,0.0,0.0,9011.05,6907.63,1.0
p[12221],0.69,0.01,0.66,0.71,0.0,0.0,9011.05,6907.63,1.0
p[12222],0.8,0.02,0.76,0.83,0.0,0.0,10478.91,6892.21,1.0
p[12223],0.68,0.02,0.63,0.72,0.0,0.0,9764.42,6683.43,1.0
p[12224],0.82,0.01,0.8,0.84,0.0,0.0,8530.94,7566.48,1.0
p[12225],0.47,0.02,0.43,0.51,0.0,0.0,9456.3,7466.63,1.0
p[12226],0.69,0.01,0.66,0.72,0.0,0.0,9014.18,6971.6,1.0
p[12227],0.84,0.02,0.8,0.87,0.0,0.0,10974.71,6584.39,1.0
p[12228],0.76,0.02,0.73,0.8,0.0,0.0,8888.37,7000.09,1.0
p[12229],0.71,0.02,0.68,0.75,0.0,0.0,9867.51,6966.49,1.0
p[12230],0.69,0.01,0.67,0.72,0.0,0.0,9023.24,7125.81,1.0
p[12231],0.82,0.01,0.8,0.84,0.0,0.0,8525.48,7529.02,1.0
p[12232],0.69,0.02,0.65,0.72,0.0,0.0,9186.59,6846.15,1.0
p[12233],0.47,0.02,0.43,0.51,0.0,0.0,9505.53,7503.94,1.0
p[12234],0.76,0.02,0.73,0.8,0.0,0.0,9093.15,7413.41,1.0
p[12235],0.62,0.02,0.58,0.66,0.0,0.0,10316.54,6804.38,1.0
p[12236],0.82,0.01,0.8,0.84,0.0,0.0,8526.03,7566.85,1.0
p[12237],0.77,0.02,0.73,0.8,0.0,0.0,8876.39,6974.25,1.0
p[12238],0.7,0.01,0.67,0.72,0.0,0.0,9030.32,7168.79,1.0
p[12239],0.62,0.02,0.58,0.65,0.0,0.0,8961.41,7267.9,1.0
p[12240],0.82,0.01,0.8,0.84,0.0,0.0,8524.73,7525.25,1.0
p[12241],0.76,0.02,0.72,0.8,0.0,0.0,9751.59,6201.51,1.0
p[12242],0.82,0.01,0.8,0.84,0.0,0.0,8524.47,7525.22,1.0
p[12243],0.79,0.02,0.75,0.82,0.0,0.0,10292.68,6024.66,1.0
p[12244],0.7,0.01,0.67,0.73,0.0,0.0,9032.81,7135.29,1.0
p[12245],0.7,0.01,0.67,0.73,0.0,0.0,9032.81,7135.29,1.0
p[12246],0.69,0.02,0.64,0.73,0.0,0.0,9743.0,6832.31,1.0
p[12247],0.7,0.01,0.67,0.73,0.0,0.0,9037.35,7174.8,1.0
p[12248],0.48,0.02,0.44,0.52,0.0,0.0,9551.63,7465.54,1.0
p[12249],0.81,0.02,0.77,0.84,0.0,0.0,10442.24,6987.71,1.0
p[12250],0.77,0.02,0.74,0.81,0.0,0.0,8863.17,6968.3,1.0
p[12251],0.72,0.02,0.69,0.76,0.0,0.0,9835.57,6958.46,1.0
p[12252],0.7,0.01,0.68,0.73,0.0,0.0,9042.63,7174.74,1.0
p[12253],0.84,0.02,0.81,0.87,0.0,0.0,10957.2,6697.79,1.0
p[12254],0.83,0.01,0.81,0.85,0.0,0.0,8523.17,7347.46,1.0
p[12255],0.7,0.02,0.66,0.73,0.0,0.0,9177.74,6646.84,1.0
p[12256],0.63,0.02,0.59,0.67,0.0,0.0,10281.33,6758.23,1.0
p[12257],0.49,0.02,0.45,0.53,0.0,0.0,9609.53,7465.01,1.0
p[12258],0.83,0.01,0.81,0.85,0.0,0.0,8523.74,7347.7,1.0
p[12259],0.78,0.02,0.74,0.81,0.0,0.0,8851.94,6942.65,1.0
p[12260],0.79,0.02,0.76,0.83,0.0,0.0,10264.01,6107.02,1.0
p[12261],0.71,0.01,0.68,0.73,0.0,0.0,9055.37,7408.54,1.0
p[12262],0.83,0.01,0.81,0.85,0.0,0.0,8522.64,7312.15,1.0
p[12263],0.71,0.01,0.68,0.73,0.0,0.0,9056.54,7408.54,1.0
p[12264],0.77,0.02,0.73,0.81,0.0,0.0,9730.96,6256.03,1.0
p[12265],0.71,0.01,0.68,0.74,0.0,0.0,9056.73,7408.36,1.0
p[12266],0.7,0.02,0.66,0.74,0.0,0.0,9717.63,6862.15,1.0
p[12267],0.83,0.01,0.81,0.85,0.0,0.0,8526.71,7277.15,1.0
p[12268],0.83,0.01,0.81,0.85,0.0,0.0,8526.71,7277.15,1.0
p[12269],0.49,0.02,0.45,0.53,0.0,0.0,9617.17,7502.51,1.0
p[12270],0.71,0.01,0.68,0.74,0.0,0.0,9060.42,7372.4,1.0
p[12271],0.63,0.02,0.59,0.67,0.0,0.0,9173.28,7162.54,1.0
p[12272],0.78,0.02,0.75,0.81,0.0,0.0,8846.56,6932.02,1.0
p[12273],0.73,0.02,0.7,0.77,0.0,0.0,9804.37,6823.26,1.0
p[12274],0.85,0.02,0.82,0.88,0.0,0.0,10943.74,6712.77,1.0
p[12275],0.63,0.02,0.59,0.67,0.0,0.0,9171.82,7230.51,1.0
p[12276],0.84,0.01,0.81,0.85,0.0,0.0,8524.45,7242.67,1.0
p[12277],0.71,0.02,0.68,0.74,0.0,0.0,9172.07,6636.08,1.0
p[12278],0.5,0.02,0.46,0.54,0.0,0.0,9615.41,7358.33,1.0
p[12279],0.64,0.02,0.6,0.68,0.0,0.0,10235.16,6848.59,1.0
p[12280],0.84,0.01,0.82,0.86,0.0,0.0,8524.36,7277.06,1.0
p[12281],0.78,0.02,0.75,0.82,0.0,0.0,8840.65,6849.78,1.0
p[12282],0.72,0.01,0.69,0.74,0.0,0.0,9070.72,7267.03,1.0
p[12283],0.84,0.01,0.82,0.86,0.0,0.0,8522.14,7242.57,1.0
p[12284],0.78,0.02,0.74,0.82,0.0,0.0,9705.55,6229.93,1.0
p[12285],0.72,0.01,0.69,0.74,0.0,0.0,9072.49,7198.95,1.0
p[12286],0.84,0.01,0.82,0.86,0.0,0.0,8523.36,7277.39,1.0
p[12287],0.72,0.01,0.69,0.74,0.0,0.0,9072.64,7232.9,1.0
p[12288],0.72,0.01,0.69,0.74,0.0,0.0,9072.68,7232.9,1.0
p[12289],0.84,0.01,0.82,0.86,0.0,0.0,8524.18,7242.74,1.0
p[12290],0.82,0.02,0.79,0.85,0.0,0.0,10373.73,6829.26,1.0
p[12291],0.71,0.02,0.67,0.75,0.0,0.0,9699.72,6863.8,1.0
p[12292],0.8,0.02,0.77,0.84,0.0,0.0,10211.01,6429.15,1.0
p[12293],0.51,0.02,0.47,0.55,0.0,0.0,9614.88,7185.82,1.0
p[12294],0.79,0.02,0.76,0.82,0.0,0.0,8834.65,6842.73,1.0
p[12295],0.72,0.01,0.7,0.75,0.0,0.0,9074.6,7269.15,1.0
p[12296],0.86,0.02,0.83,0.88,0.0,0.0,10928.46,6740.42,1.0
p[12297],0.74,0.02,0.71,0.78,0.0,0.0,9774.62,6975.82,1.0
p[12298],0.65,0.02,0.61,0.68,0.0,0.0,9135.52,7385.92,1.0
p[12299],0.72,0.01,0.7,0.75,0.0,0.0,9077.76,7338.9,1.0
p[12300],0.51,0.02,0.47,0.55,0.0,0.0,9615.53,7118.03,1.0
p[12301],0.72,0.02,0.69,0.76,0.0,0.0,9163.35,6648.34,1.0
p[12302],0.84,0.01,0.82,0.86,0.0,0.0,8523.27,7338.15,1.0
p[12303],0.66,0.02,0.61,0.7,0.0,0.0,10177.34,6759.09,1.0
p[12304],0.84,0.01,0.82,0.86,0.0,0.0,8522.74,7338.15,1.0
p[12305],0.79,0.02,0.76,0.82,0.0,0.0,8830.14,6781.33,1.0
p[12306],0.85,0.01,0.82,0.86,0.0,0.0,8523.42,7302.67,1.0
p[12307],0.73,0.01,0.7,0.75,0.0,0.0,9080.83,7152.67,1.0
p[12308],0.73,0.01,0.7,0.75,0.0,0.0,9080.83,7152.67,1.0
p[12309],0.85,0.01,0.83,0.87,0.0,0.0,8523.48,7302.67,1.0
p[12310],0.81,0.02,0.78,0.85,0.0,0.0,10191.34,6512.33,1.0
p[12311],0.79,0.02,0.75,0.82,0.0,0.0,9679.0,6278.7,1.0
p[12312],0.73,0.01,0.7,0.75,0.0,0.0,9082.3,7220.62,1.0
p[12313],0.72,0.02,0.68,0.76,0.0,0.0,9672.79,6991.55,1.0
p[12314],0.85,0.01,0.83,0.87,0.0,0.0,8524.29,7303.11,1.0
p[12315],0.73,0.01,0.7,0.76,0.0,0.0,9085.22,7192.47,1.0
p[12316],0.52,0.02,0.48,0.56,0.0,0.0,9611.6,6847.16,1.0
p[12317],0.83,0.02,0.8,0.86,0.0,0.0,10325.77,6953.08,1.0
p[12318],0.8,0.02,0.76,0.83,0.0,0.0,8820.53,6668.99,1.0
p[12319],0.66,0.02,0.62,0.69,0.0,0.0,9104.24,7229.55,1.0
p[12320],0.75,0.02,0.72,0.79,0.0,0.0,9739.39,6789.9,1.0
p[12321],0.73,0.02,0.7,0.76,0.0,0.0,9155.44,6721.08,1.0
p[12322],0.52,0.02,0.49,0.57,0.0,0.0,9609.92,6857.01,1.0
p[12323],0.67,0.02,0.62,0.71,0.0,0.0,10130.83,6991.01,1.0
p[12324],0.74,0.01,0.71,0.76,0.0,0.0,9088.14,7119.4,1.0
p[12325],0.85,0.01,0.83,0.87,0.0,0.0,8524.68,7063.47,1.0
p[12326],0.85,0.01,0.83,0.87,0.0,0.0,8524.07,7063.47,1.0
p[12327],0.82,0.02,0.78,0.85,0.0,0.0,10166.45,6645.56,1.0
p[12328],0.74,0.01,0.71,0.76,0.0,0.0,9090.5,7220.34,1.0
p[12329],0.85,0.01,0.83,0.87,0.0,0.0,8524.83,7032.81,1.0
p[12330],0.74,0.01,0.71,0.76,0.0,0.0,9090.5,7220.34,1.0
p[12331],0.8,0.02,0.77,0.83,0.0,0.0,8812.96,6600.73,1.0
p[12332],0.8,0.02,0.76,0.83,0.0,0.0,9646.54,6212.93,1.0
p[12333],0.73,0.02,0.69,0.77,0.0,0.0,9642.66,6908.84,1.0
p[12334],0.53,0.02,0.49,0.57,0.0,0.0,9608.54,6953.17,1.0
p[12335],0.74,0.01,0.71,0.77,0.0,0.0,9093.31,7219.68,1.0
p[12336],0.74,0.01,0.72,0.77,0.0,0.0,9093.28,7254.13,1.0
p[12337],0.67,0.02,0.63,0.7,0.0,0.0,9069.93,7447.41,1.0
p[12338],0.81,0.02,0.77,0.84,0.0,0.0,8803.87,6611.59,1.0
p[12339],0.76,0.02,0.73,0.8,0.0,0.0,9703.37,6793.45,1.0
p[12340],0.86,0.01,0.84,0.87,0.0,0.0,8518.91,6960.27,1.0
p[12341],0.74,0.02,0.71,0.77,0.0,0.0,9140.37,6691.34,1.0
p[12342],0.75,0.01,0.72,0.77,0.0,0.0,9094.74,7254.31,1.0
p[12343],0.54,0.02,0.5,0.58,0.0,0.0,9604.04,7253.3,1.0
p[12344],0.68,0.02,0.63,0.72,0.0,0.0,10082.52,7003.28,1.0
p[12345],0.86,0.01,0.84,0.88,0.0,0.0,8519.31,6992.12,1.0
p[12346],0.81,0.02,0.78,0.84,0.0,0.0,8797.83,6668.36,1.0
p[12347],0.75,0.01,0.72,0.77,0.0,0.0,9094.59,7322.63,1.0
p[12348],0.8,0.02,0.77,0.84,0.0,0.0,9603.53,5989.48,1.0
p[12349],0.75,0.01,0.72,0.77,0.0,0.0,9095.0,7179.78,1.0
p[12350],0.86,0.01,0.84,0.88,0.0,0.0,8523.17,6991.4,1.0
p[12351],0.83,0.02,0.79,0.86,0.0,0.0,10117.2,6475.8,1.0
p[12352],0.74,0.02,0.7,0.78,0.0,0.0,9612.16,6881.82,1.0
p[12353],0.54,0.02,0.5,0.59,0.0,0.0,9599.47,7430.72,1.0
p[12354],0.75,0.01,0.72,0.78,0.0,0.0,9095.57,7140.58,1.0
p[12355],0.77,0.02,0.74,0.81,0.0,0.0,9662.68,6454.44,1.0
p[12356],0.68,0.02,0.64,0.72,0.0,0.0,9036.43,7556.11,1.0
p[12357],0.86,0.01,0.84,0.88,0.0,0.0,8521.1,7120.55,1.0
p[12358],0.75,0.02,0.72,0.78,0.0,0.0,9127.89,6707.48,1.0
p[12359],0.69,0.02,0.64,0.73,0.0,0.0,10032.33,7106.01,1.0
p[12360],0.75,0.02,0.71,0.8,0.0,0.0,8828.72,6839.08,1.0
p[12361],0.76,0.01,0.73,0.78,0.0,0.0,9098.32,7357.27,1.0
p[12362],0.86,0.01,0.85,0.88,0.0,0.0,8523.59,7054.98,1.0
p[12363],0.83,0.02,0.8,0.86,0.0,0.0,10077.74,6533.53,1.0
p[12364],0.81,0.02,0.78,0.85,0.0,0.0,9567.23,6421.82,1.0
p[12365],0.76,0.01,0.73,0.78,0.0,0.0,9101.42,7464.3,1.0
p[12366],0.76,0.01,0.73,0.78,0.0,0.0,9101.42,7464.3,1.0
p[12367],0.82,0.02,0.79,0.85,0.0,0.0,8782.58,6810.92,1.0
p[12368],0.87,0.01,0.85,0.88,0.0,0.0,8524.67,7120.46,1.0
p[12369],0.75,0.02,0.71,0.79,0.0,0.0,9580.85,6758.25,1.0
p[12370],0.76,0.01,0.73,0.78,0.0,0.0,9102.15,7465.6,1.0
p[12371],0.56,0.02,0.52,0.6,0.0,0.0,9589.5,7545.47,1.0
p[12372],0.35,0.02,0.31,0.39,0.0,0.0,9368.03,7305.83,1.0
p[12373],0.46,0.03,0.41,0.51,0.0,0.0,9985.35,6774.01,1.0
p[12374],0.43,0.02,0.39,0.47,0.0,0.0,9475.2,6966.04,1.0
p[12375],0.36,0.02,0.31,0.41,0.0,0.0,9735.65,6503.27,1.0
p[12376],0.44,0.02,0.4,0.48,0.0,0.0,8640.27,6908.98,1.0
p[12377],0.53,0.03,0.48,0.58,0.0,0.0,9090.13,6728.8,1.0
p[12378],0.56,0.03,0.5,0.62,0.0,0.0,10515.79,6626.1,1.0
p[12379],0.44,0.02,0.41,0.48,0.0,0.0,8641.38,6908.0,1.0
p[12380],0.62,0.02,0.58,0.65,0.0,0.0,8789.8,6828.52,1.0
p[12381],0.24,0.02,0.21,0.27,0.0,0.0,9242.43,7082.15,1.0
p[12382],0.47,0.03,0.43,0.52,0.0,0.0,10021.28,6641.82,1.0
p[12383],0.36,0.02,0.32,0.4,0.0,0.0,9388.48,7376.4,1.0
p[12384],0.44,0.02,0.4,0.48,0.0,0.0,9488.64,7210.17,1.0
p[12385],0.45,0.02,0.42,0.49,0.0,0.0,8638.56,6971.97,1.0
p[12386],0.45,0.02,0.42,0.49,0.0,0.0,8638.26,7052.09,1.0
p[12387],0.55,0.03,0.5,0.59,0.0,0.0,9077.87,6876.64,1.0
p[12388],0.63,0.02,0.6,0.67,0.0,0.0,8776.63,6691.81,1.0
p[12389],0.25,0.02,0.22,0.28,0.0,0.0,9286.45,6984.04,1.0
p[12390],0.37,0.02,0.33,0.41,0.0,0.0,9393.31,7376.67,1.0
p[12391],0.46,0.02,0.43,0.5,0.0,0.0,8639.82,7069.23,1.0
p[12392],0.45,0.02,0.41,0.5,0.0,0.0,9498.6,7278.76,1.0
p[12393],0.38,0.02,0.34,0.43,0.0,0.0,9748.78,6655.88,1.0
p[12394],0.56,0.03,0.51,0.61,0.0,0.0,9065.26,6743.87,1.0
p[12395],0.26,0.02,0.23,0.29,0.0,0.0,9329.03,7048.06,1.0
p[12396],0.38,0.02,0.34,0.43,0.0,0.0,9406.26,7485.45,1.0
p[12397],0.47,0.02,0.42,0.51,0.0,0.0,9502.25,7227.92,1.0
p[12398],0.57,0.03,0.52,0.62,0.0,0.0,9047.74,6883.35,1.0
p[12399],0.65,0.02,0.62,0.69,0.0,0.0,8736.17,6719.51,1.0
p[12400],0.27,0.02,0.24,0.3,0.0,0.0,9376.08,6877.13,1.0
p[12401],0.66,0.02,0.63,0.69,0.0,0.0,8726.87,6913.54,1.0
p[12402],0.48,0.02,0.44,0.52,0.0,0.0,9504.78,7090.24,1.0
p[12403],0.49,0.02,0.46,0.53,0.0,0.0,8644.25,7342.3,1.0
p[12404],0.58,0.03,0.54,0.63,0.0,0.0,9027.68,6910.04,1.0
p[12405],0.28,0.02,0.25,0.31,0.0,0.0,9417.2,6971.94,1.0
p[12406],0.67,0.02,0.64,0.7,0.0,0.0,8713.98,6835.79,1.0
p[12407],0.41,0.02,0.37,0.45,0.0,0.0,9432.05,7372.44,1.0
p[12408],0.52,0.02,0.48,0.57,0.0,0.0,10121.18,6991.85,1.0
p[12409],0.59,0.03,0.54,0.64,0.0,0.0,9015.62,6755.42,1.0
p[12410],0.49,0.02,0.45,0.53,0.0,0.0,9501.3,6868.29,1.0
p[12411],0.29,0.02,0.25,0.32,0.0,0.0,9441.78,6844.55,1.0
p[12412],0.67,0.02,0.64,0.7,0.0,0.0,8703.6,6910.72,1.0
p[12413],0.67,0.02,0.64,0.7,0.0,0.0,8703.6,6910.72,1.0
p[12414],0.59,0.03,0.55,0.64,0.0,0.0,9012.5,6737.01,1.0
p[12415],0.62,0.03,0.57,0.67,0.0,0.0,10550.47,6032.71,1.0
p[12416],0.5,0.02,0.47,0.54,0.0,0.0,8656.66,7281.92,1.0
p[12417],0.59,0.03,0.53,0.64,0.0,0.0,10092.8,6707.84,1.0
p[12418],0.68,0.02,0.64,0.71,0.0,0.0,8698.56,6860.85,1.0
p[12419],0.49,0.03,0.44,0.55,0.0,0.0,10552.34,6806.08,1.0
p[12420],0.29,0.02,0.26,0.32,0.0,0.0,9468.49,6877.03,1.0
p[12421],0.6,0.02,0.55,0.65,0.0,0.0,9007.76,6693.17,1.0
p[12422],0.51,0.02,0.48,0.55,0.0,0.0,8658.71,7318.41,1.0
p[12423],0.42,0.02,0.38,0.46,0.0,0.0,9442.26,7444.38,1.0
p[12424],0.54,0.02,0.49,0.58,0.0,0.0,10139.59,6879.66,1.0
p[12425],0.51,0.02,0.46,0.54,0.0,0.0,9501.22,6920.06,1.0
p[12426],0.68,0.02,0.65,0.71,0.0,0.0,8678.4,6954.41,1.0
p[12427],0.43,0.02,0.38,0.48,0.0,0.0,9789.34,6776.57,1.0
p[12428],0.3,0.02,0.26,0.33,0.0,0.0,9389.22,6973.34,1.0
p[12429],0.69,0.02,0.65,0.71,0.0,0.0,8677.74,6975.26,1.0
p[12430],0.69,0.02,0.65,0.71,0.0,0.0,8676.9,6987.64,1.0
p[12431],0.61,0.02,0.56,0.65,0.0,0.0,9000.63,6741.03,1.0
p[12432],0.52,0.02,0.48,0.55,0.0,0.0,8659.29,7342.04,1.0
p[12433],0.52,0.02,0.48,0.55,0.0,0.0,8659.29,7342.04,1.0
p[12434],0.6,0.03,0.55,0.65,0.0,0.0,10086.79,6617.88,1.0
p[12435],0.69,0.02,0.66,0.72,0.0,0.0,8674.75,7024.35,1.0
p[12436],0.69,0.02,0.66,0.72,0.0,0.0,8674.91,7024.35,1.0
p[12437],0.63,0.03,0.58,0.69,0.0,0.0,10543.93,6298.69,1.0
p[12438],0.66,0.03,0.61,0.71,0.0,0.0,10853.45,6653.31,1.0
p[12439],0.52,0.02,0.49,0.55,0.0,0.0,8656.05,7308.11,1.0
p[12440],0.3,0.02,0.27,0.34,0.0,0.0,9405.27,6909.77,1.0
p[12441],0.69,0.02,0.66,0.72,0.0,0.0,8662.47,6860.1,1.0
p[12442],0.61,0.02,0.57,0.66,0.0,0.0,8985.83,6741.17,1.0
p[12443],0.52,0.02,0.49,0.56,0.0,0.0,8656.07,7272.83,1.0
p[12444],0.55,0.02,0.5,0.59,0.0,0.0,10155.14,6959.06,1.0
p[12445],0.51,0.03,0.46,0.56,0.0,0.0,10315.18,6803.99,1.0
p[12446],0.69,0.02,0.66,0.72,0.0,0.0,8659.07,6922.1,1.0
p[12447],0.72,0.02,0.67,0.76,0.0,0.0,10876.15,6207.26,1.0
p[12448],0.61,0.02,0.57,0.66,0.0,0.0,8981.73,6772.84,1.0
p[12449],0.52,0.02,0.48,0.56,0.0,0.0,9491.72,6825.99,1.0
p[12450],0.69,0.02,0.66,0.72,0.0,0.0,8655.94,6858.52,1.0
p[12451],0.31,0.02,0.27,0.34,0.0,0.0,9417.12,6619.77,1.0
p[12452],0.7,0.02,0.67,0.72,0.0,0.0,8654.59,6858.52,1.0
p[12453],0.44,0.02,0.4,0.49,0.0,0.0,9747.34,6543.97,1.0
p[12454],0.62,0.02,0.57,0.66,0.0,0.0,8982.29,6758.41,1.0
p[12455],0.64,0.03,0.59,0.69,0.0,0.0,10541.64,6334.56,1.0
p[12456],0.53,0.02,0.5,0.56,0.0,0.0,8656.09,7135.4,1.0
p[12457],0.53,0.02,0.5,0.56,0.0,0.0,8656.45,7169.18,1.0
p[12458],0.7,0.02,0.67,0.73,0.0,0.0,8649.29,6858.26,1.0
p[12459],0.61,0.03,0.56,0.66,0.0,0.0,10054.18,6570.33,1.0
p[12460],0.53,0.02,0.5,0.56,0.0,0.0,8653.98,7169.05,1.0
p[12461],0.53,0.02,0.5,0.56,0.0,0.0,8653.98,7169.05,1.0
p[12462],0.67,0.03,0.62,0.72,0.0,0.0,10845.46,6576.14,1.0
p[12463],0.52,0.03,0.47,0.57,0.0,0.0,10312.12,6865.61,1.0
p[12464],0.31,0.02,0.28,0.35,0.0,0.0,9427.33,6618.7,1.0
p[12465],0.53,0.02,0.5,0.57,0.0,0.0,8655.19,7154.83,1.0
p[12466],0.54,0.02,0.51,0.57,0.0,0.0,8655.22,7135.05,1.0
p[12467],0.62,0.02,0.58,0.67,0.0,0.0,8976.97,6663.23,1.0
p[12468],0.45,0.02,0.41,0.49,0.0,0.0,9454.24,7295.88,1.0
p[12469],0.56,0.02,0.52,0.61,0.0,0.0,10167.91,6848.16,1.0
p[12470],0.73,0.02,0.68,0.77,0.0,0.0,10885.66,6128.74,1.0
p[12471],0.7,0.02,0.67,0.73,0.0,0.0,8630.61,6888.71,1.0
p[12472],0.53,0.02,0.49,0.57,0.0,0.0,9481.78,6704.51,1.0
p[12473],0.32,0.02,0.28,0.35,0.0,0.0,9440.36,6329.95,1.0
p[12474],0.46,0.02,0.41,0.5,0.0,0.0,9722.99,6569.85,1.0
p[12475],0.71,0.02,0.68,0.73,0.0,0.0,8625.5,6825.64,1.0
p[12476],0.71,0.02,0.68,0.73,0.0,0.0,8625.26,6825.64,1.0
p[12477],0.63,0.02,0.59,0.67,0.0,0.0,8967.16,6713.44,1.0
p[12478],0.65,0.03,0.6,0.7,0.0,0.0,10540.38,6327.64,1.0
p[12479],0.71,0.02,0.68,0.73,0.0,0.0,8621.66,6857.83,1.0
p[12480],0.54,0.02,0.51,0.58,0.0,0.0,8648.5,7003.9,1.0
p[12481],0.71,0.01,0.68,0.73,0.0,0.0,8620.34,6920.27,1.0
p[12482],0.62,0.03,0.57,0.67,0.0,0.0,10020.15,6685.48,1.0
p[12483],0.71,0.01,0.68,0.74,0.0,0.0,8619.12,6920.73,1.0
p[12484],0.54,0.02,0.51,0.58,0.0,0.0,8648.35,7003.9,1.0
p[12485],0.55,0.02,0.52,0.58,0.0,0.0,8646.07,7003.37,1.0
p[12486],0.55,0.02,0.52,0.58,0.0,0.0,8646.07,7003.37,1.0
p[12487],0.53,0.03,0.48,0.58,0.0,0.0,10284.6,6864.31,1.0
p[12488],0.68,0.03,0.63,0.73,0.0,0.0,10833.66,6355.01,1.0
p[12489],0.32,0.02,0.29,0.36,0.0,0.0,9450.28,6409.86,1.0
p[12490],0.55,0.02,0.52,0.58,0.0,0.0,8646.24,6939.87,1.0
p[12491],0.64,0.02,0.59,0.68,0.0,0.0,8957.97,6635.83,1.0
p[12492],0.46,0.02,0.42,0.5,0.0,0.0,9454.38,7058.88,1.0
p[12493],0.57,0.02,0.53,0.62,0.0,0.0,10171.32,6968.15,1.0
p[12494],0.74,0.02,0.69,0.78,0.0,0.0,10901.32,6415.7,1.0
p[12495],0.64,0.02,0.59,0.68,0.0,0.0,9415.02,7006.64,1.0
p[12496],0.72,0.01,0.69,0.74,0.0,0.0,8604.55,6798.0,1.0
p[12497],0.54,0.02,0.5,0.58,0.0,0.0,9474.13,6977.66,1.0
p[12498],0.72,0.01,0.69,0.74,0.0,0.0,8602.17,6798.17,1.0
p[12499],0.33,0.02,0.3,0.36,0.0,0.0,9460.88,6468.2,1.0
p[12500],0.47,0.02,0.42,0.51,0.0,0.0,9699.47,6430.33,1.0
p[12501],0.72,0.01,0.69,0.74,0.0,0.0,8598.53,6798.59,1.0
p[12502],0.56,0.02,0.53,0.59,0.0,0.0,8639.47,6971.45,1.0
p[12503],0.56,0.02,0.53,0.59,0.0,0.0,8639.47,6971.45,1.0
p[12504],0.72,0.01,0.69,0.74,0.0,0.0,8597.79,6768.73,1.0
p[12505],0.64,0.02,0.6,0.69,0.0,0.0,8944.79,6693.26,1.0
p[12506],0.67,0.03,0.62,0.72,0.0,0.0,10519.69,6238.06,1.0
p[12507],0.64,0.03,0.58,0.68,0.0,0.0,9988.35,6503.38,1.0
p[12508],0.56,0.02,0.53,0.59,0.0,0.0,8640.44,7003.23,1.0
p[12509],0.56,0.02,0.53,0.59,0.0,0.0,8640.44,7003.23,1.0
p[12510],0.69,0.03,0.65,0.74,0.0,0.0,10826.53,6300.32,1.0
p[12511],0.55,0.03,0.49,0.6,0.0,0.0,10252.43,6743.06,1.0
p[12512],0.33,0.02,0.3,0.37,0.0,0.0,9470.6,6770.36,1.0
p[12513],0.56,0.02,0.53,0.59,0.0,0.0,8640.03,6970.95,1.0
p[12514],0.56,0.02,0.53,0.59,0.0,0.0,8639.65,6922.3,1.0
p[12515],0.65,0.02,0.6,0.69,0.0,0.0,8931.86,6695.31,1.0
p[12516],0.75,0.02,0.7,0.79,0.0,0.0,10906.48,6443.34,1.0
p[12517],0.59,0.02,0.55,0.63,0.0,0.0,10170.04,7056.13,1.0
p[12518],0.47,0.02,0.43,0.51,0.0,0.0,9454.55,6687.54,1.0
p[12519],0.56,0.02,0.52,0.6,0.0,0.0,9458.13,6966.7,1.0
p[12520],0.73,0.01,0.7,0.75,0.0,0.0,8577.15,6738.26,1.0
p[12521],0.34,0.02,0.3,0.37,0.0,0.0,9483.81,6784.3,1.0
p[12522],0.48,0.02,0.43,0.53,0.0,0.0,9678.46,6656.34,1.0
p[12523],0.73,0.01,0.7,0.75,0.0,0.0,8575.16,6768.73,1.0
p[12524],0.73,0.01,0.7,0.75,0.0,0.0,8574.42,6679.51,1.0
p[12525],0.65,0.02,0.61,0.7,0.0,0.0,8919.68,6459.44,1.0
p[12526],0.57,0.02,0.54,0.6,0.0,0.0,8635.46,6876.82,1.0
p[12527],0.57,0.02,0.54,0.6,0.0,0.0,8635.46,6876.82,1.0
p[12528],0.59,0.02,0.55,0.64,0.0,0.0,10169.43,7008.26,1.0
p[12529],0.65,0.03,0.6,0.7,0.0,0.0,9958.47,6486.57,1.0
p[12530],0.68,0.03,0.63,0.72,0.0,0.0,10503.13,6200.17,1.0
p[12531],0.57,0.02,0.54,0.6,0.0,0.0,8633.42,6845.91,1.0
p[12532],0.73,0.01,0.7,0.75,0.0,0.0,8566.61,6650.29,1.0
p[12533],0.57,0.02,0.54,0.6,0.0,0.0,8633.42,6845.91,1.0
p[12534],0.73,0.01,0.7,0.76,0.0,0.0,8564.46,6769.17,1.0
p[12535],0.56,0.03,0.51,0.61,0.0,0.0,10213.7,6626.03,1.0
p[12536],0.35,0.02,0.31,0.38,0.0,0.0,9488.84,6722.77,1.0
p[12537],0.57,0.02,0.54,0.6,0.0,0.0,8630.11,6876.37,1.0
p[12538],0.71,0.03,0.66,0.75,0.0,0.0,10814.28,6380.66,1.0
p[12539],0.73,0.01,0.7,0.76,0.0,0.0,8560.84,6829.52,1.0
p[12540],0.76,0.02,0.71,0.8,0.0,0.0,10908.53,6483.78,1.0
p[12541],0.66,0.02,0.61,0.7,0.0,0.0,8904.09,6433.92,1.0
p[12542],0.73,0.01,0.71,0.76,0.0,0.0,8556.94,6799.77,1.0
p[12543],0.57,0.02,0.54,0.6,0.0,0.0,8632.24,6876.75,1.0
p[12544],0.6,0.02,0.56,0.64,0.0,0.0,10166.28,7073.65,1.0
p[12545],0.48,0.02,0.44,0.52,0.0,0.0,9448.6,6686.7,1.0
p[12546],0.66,0.02,0.62,0.7,0.0,0.0,9360.18,6814.5,1.0
p[12547],0.57,0.02,0.53,0.61,0.0,0.0,9443.01,7066.57,1.0
p[12548],0.49,0.02,0.45,0.54,0.0,0.0,9646.17,6749.86,1.0
p[12549],0.35,0.02,0.32,0.39,0.0,0.0,9498.18,6737.46,1.0
p[12550],0.74,0.01,0.71,0.76,0.0,0.0,8547.97,6769.11,1.0
p[12551],0.74,0.01,0.71,0.76,0.0,0.0,8547.03,6769.11,1.0
p[12552],0.74,0.01,0.71,0.76,0.0,0.0,8545.03,6769.11,1.0
p[12553],0.61,0.02,0.56,0.65,0.0,0.0,10159.81,7090.98,1.0
p[12554],0.74,0.01,0.71,0.76,0.0,0.0,8544.17,6768.35,1.0
p[12555],0.66,0.02,0.62,0.71,0.0,0.0,8892.79,6289.98,1.0
p[12556],0.58,0.02,0.55,0.61,0.0,0.0,8618.62,6817.86,1.0
p[12557],0.58,0.02,0.55,0.61,0.0,0.0,8618.92,6699.6,1.0
p[12558],0.74,0.01,0.71,0.76,0.0,0.0,8545.86,6798.85,1.0
p[12559],0.66,0.03,0.61,0.71,0.0,0.0,9912.11,6677.71,1.0
p[12560],0.69,0.02,0.64,0.73,0.0,0.0,10479.95,6251.49,1.0
p[12561],0.58,0.02,0.55,0.61,0.0,0.0,8616.54,6666.6,1.0
p[12562],0.58,0.02,0.55,0.61,0.0,0.0,8616.54,6666.6,1.0
p[12563],0.57,0.03,0.52,0.62,0.0,0.0,10174.55,6333.49,1.0
p[12564],0.72,0.02,0.67,0.76,0.0,0.0,10792.24,6318.93,1.0
p[12565],0.36,0.02,0.32,0.39,0.0,0.0,9503.39,6620.7,1.0
p[12566],0.58,0.02,0.55,0.61,0.0,0.0,8609.9,6637.23,1.0
p[12567],0.59,0.02,0.56,0.62,0.0,0.0,8608.5,6649.33,1.0
p[12568],0.76,0.02,0.72,0.81,0.0,0.0,10902.67,6613.48,1.0
p[12569],0.67,0.02,0.63,0.71,0.0,0.0,8884.41,6304.83,1.0
p[12570],0.5,0.02,0.46,0.54,0.0,0.0,9430.41,6763.09,1.0
p[12571],0.61,0.02,0.57,0.65,0.0,0.0,10320.88,7140.68,1.0
p[12572],0.74,0.01,0.72,0.77,0.0,0.0,8536.81,6951.63,1.0
p[12573],0.58,0.02,0.54,0.62,0.0,0.0,9425.25,7142.22,1.0
p[12574],0.51,0.02,0.46,0.55,0.0,0.0,9610.48,6809.55,1.0
p[12575],0.36,0.02,0.33,0.4,0.0,0.0,9509.24,6646.26,1.0
p[12576],0.75,0.01,0.72,0.77,0.0,0.0,8531.81,6887.46,1.0
p[12577],0.75,0.01,0.72,0.77,0.0,0.0,8531.44,6888.31,1.0
p[12578],0.68,0.02,0.63,0.72,0.0,0.0,8869.55,6232.92,1.0
p[12579],0.62,0.02,0.58,0.66,0.0,0.0,10310.43,7096.56,1.0
p[12580],0.67,0.02,0.64,0.72,0.0,0.0,9321.62,6550.65,1.0
p[12581],0.59,0.02,0.56,0.62,0.0,0.0,8598.12,6707.13,1.0
p[12582],0.59,0.02,0.56,0.62,0.0,0.0,8597.48,6706.79,1.0
p[12583],0.75,0.01,0.72,0.77,0.0,0.0,8530.02,6892.95,1.0
p[12584],0.75,0.01,0.72,0.77,0.0,0.0,8528.23,6892.95,1.0
p[12585],0.59,0.02,0.56,0.62,0.0,0.0,8596.32,6573.9,1.0
p[12586],0.59,0.02,0.56,0.62,0.0,0.0,8596.32,6573.9,1.0
p[12587],0.7,0.02,0.65,0.74,0.0,0.0,10458.18,6302.76,1.0
p[12588],0.67,0.03,0.62,0.72,0.0,0.0,9856.72,6648.17,1.0
p[12589],0.73,0.02,0.68,0.77,0.0,0.0,10764.26,6399.25,1.0
p[12590],0.58,0.03,0.53,0.63,0.0,0.0,10136.35,6054.69,1.0
p[12591],0.6,0.02,0.57,0.63,0.0,0.0,8594.86,6489.86,1.0
p[12592],0.37,0.02,0.33,0.41,0.0,0.0,9510.35,6729.44,1.0
p[12593],0.68,0.02,0.64,0.72,0.0,0.0,8858.61,6403.03,1.0
p[12594],0.77,0.02,0.73,0.81,0.0,0.0,10893.15,6478.7,1.0
p[12595],0.62,0.02,0.58,0.67,0.0,0.0,10298.2,7130.68,1.0
p[12596],0.51,0.02,0.47,0.55,0.0,0.0,9392.49,6626.07,1.0
p[12597],0.68,0.02,0.64,0.72,0.0,0.0,9307.08,6562.73,1.0
p[12598],0.59,0.02,0.55,0.63,0.0,0.0,9342.41,7075.9,1.0
p[12599],0.52,0.02,0.47,0.57,0.0,0.0,9566.93,6973.69,1.0
p[12600],0.38,0.02,0.34,0.41,0.0,0.0,9517.96,6616.56,1.0
p[12601],0.63,0.02,0.59,0.67,0.0,0.0,10279.38,7063.82,1.0
p[12602],0.71,0.02,0.66,0.75,0.0,0.0,10439.21,6438.29,1.0
p[12603],0.6,0.02,0.58,0.63,0.0,0.0,8577.51,6450.45,1.0
p[12604],0.76,0.01,0.73,0.78,0.0,0.0,8508.09,7075.54,1.0
p[12605],0.69,0.02,0.65,0.73,0.0,0.0,8835.4,6417.14,1.0
p[12606],0.61,0.02,0.58,0.63,0.0,0.0,8576.91,6448.65,1.0
p[12607],0.68,0.02,0.63,0.73,0.0,0.0,9814.87,6616.03,1.0
p[12608],0.61,0.02,0.58,0.63,0.0,0.0,8576.27,6225.98,1.0
p[12609],0.61,0.02,0.58,0.63,0.0,0.0,8576.27,6225.98,1.0
p[12610],0.76,0.01,0.73,0.78,0.0,0.0,8505.64,7075.54,1.0
p[12611],0.59,0.03,0.54,0.64,0.0,0.0,10091.78,6078.18,1.0
p[12612],0.76,0.01,0.74,0.78,0.0,0.0,8502.0,7075.47,1.0
p[12613],0.76,0.01,0.74,0.79,0.0,0.0,8501.88,7042.79,1.0
p[12614],0.74,0.02,0.69,0.78,0.0,0.0,10725.55,6452.98,1.0
p[12615],0.38,0.02,0.35,0.42,0.0,0.0,9517.87,6501.38,1.0
p[12616],0.61,0.02,0.58,0.64,0.0,0.0,8569.54,6492.71,1.0
p[12617],0.61,0.02,0.58,0.64,0.0,0.0,8571.15,6478.36,1.0
p[12618],0.69,0.02,0.65,0.73,0.0,0.0,8821.9,6458.79,1.0
p[12619],0.52,0.02,0.48,0.56,0.0,0.0,9361.94,6506.12,1.0
p[12620],0.78,0.02,0.74,0.82,0.0,0.0,10892.47,6625.8,1.0
p[12621],0.64,0.02,0.59,0.68,0.0,0.0,10257.25,7089.52,1.0
p[12622],0.76,0.01,0.74,0.79,0.0,0.0,8492.79,6909.68,1.0
p[12623],0.69,0.02,0.65,0.73,0.0,0.0,9271.49,6367.25,1.0
p[12624],0.61,0.02,0.57,0.64,0.0,0.0,9284.9,7067.15,1.0
p[12625],0.39,0.02,0.35,0.42,0.0,0.0,9520.15,6647.13,1.0
p[12626],0.53,0.02,0.49,0.58,0.0,0.0,9523.19,7102.84,1.0
p[12627],0.77,0.01,0.74,0.79,0.0,0.0,8487.27,7003.89,1.0
p[12628],0.7,0.02,0.66,0.74,0.0,0.0,8811.65,6557.37,1.0
p[12629],0.72,0.02,0.67,0.76,0.0,0.0,10410.25,6521.98,1.0
p[12630],0.64,0.02,0.6,0.68,0.0,0.0,10238.45,7197.68,1.0
p[12631],0.77,0.01,0.74,0.79,0.0,0.0,8484.44,6971.61,1.0
p[12632],0.77,0.01,0.74,0.79,0.0,0.0,8484.06,6939.59,1.0
p[12633],0.62,0.02,0.59,0.65,0.0,0.0,8556.78,6337.22,1.0
p[12634],0.77,0.01,0.74,0.79,0.0,0.0,8483.42,6939.59,1.0
p[12635],0.62,0.02,0.59,0.65,0.0,0.0,8552.65,6391.74,1.0
p[12636],0.69,0.02,0.65,0.74,0.0,0.0,9753.42,6631.85,1.0
p[12637],0.61,0.03,0.56,0.66,0.0,0.0,10044.31,6100.66,1.0
p[12638],0.77,0.01,0.75,0.79,0.0,0.0,8479.13,6973.39,1.0
p[12639],0.75,0.02,0.7,0.79,0.0,0.0,10686.5,6477.38,1.0
p[12640],0.62,0.02,0.59,0.65,0.0,0.0,8547.0,6332.7,1.0
p[12641],0.39,0.02,0.36,0.43,0.0,0.0,9523.63,6644.92,1.0
p[12642],0.62,0.02,0.59,0.65,0.0,0.0,8546.55,6332.7,1.0
p[12643],0.62,0.02,0.59,0.65,0.0,0.0,8546.55,6332.7,1.0
p[12644],0.7,0.02,0.66,0.74,0.0,0.0,8799.09,6487.35,1.0
p[12645],0.53,0.02,0.5,0.58,0.0,0.0,9323.6,6269.99,1.0
p[12646],0.65,0.02,0.61,0.69,0.0,0.0,10213.49,7197.08,1.0
p[12647],0.77,0.01,0.75,0.8,0.0,0.0,8474.18,6909.68,1.0
p[12648],0.62,0.02,0.59,0.65,0.0,0.0,8545.35,6323.55,1.0
p[12649],0.79,0.02,0.75,0.83,0.0,0.0,10878.22,6770.29,1.0
p[12650],0.75,0.02,0.71,0.79,0.0,0.0,10675.73,6477.29,1.0
p[12651],0.62,0.02,0.58,0.65,0.0,0.0,9232.41,7002.22,1.0
p[12652],0.54,0.02,0.5,0.59,0.0,0.0,9484.9,7102.27,1.0
p[12653],0.77,0.01,0.75,0.8,0.0,0.0,8461.68,6787.07,1.0
p[12654],0.4,0.02,0.36,0.44,0.0,0.0,9520.67,6823.23,1.0
p[12655],0.65,0.02,0.61,0.69,0.0,0.0,10188.81,7163.58,1.0
p[12656],0.78,0.01,0.75,0.8,0.0,0.0,8458.95,6817.07,1.0
p[12657],0.7,0.02,0.66,0.75,0.0,0.0,9691.39,6748.22,1.0
p[12658],0.71,0.02,0.67,0.75,0.0,0.0,8787.93,6436.51,1.0
p[12659],0.63,0.02,0.6,0.66,0.0,0.0,8527.44,6468.37,1.0
p[12660],0.73,0.02,0.69,0.77,0.0,0.0,10378.55,6704.67,1.0
p[12661],0.78,0.01,0.75,0.8,0.0,0.0,8456.19,6817.85,1.0
p[12662],0.63,0.02,0.6,0.66,0.0,0.0,8523.77,6413.79,1.0
p[12663],0.63,0.02,0.6,0.66,0.0,0.0,8521.06,6386.58,1.0
p[12664],0.63,0.02,0.6,0.66,0.0,0.0,8521.06,6386.58,1.0
p[12665],0.75,0.02,0.71,0.8,0.0,0.0,10660.41,6618.48,1.0
p[12666],0.62,0.03,0.57,0.67,0.0,0.0,9973.46,6185.48,1.0
p[12667],0.41,0.02,0.37,0.44,0.0,0.0,9522.58,6853.61,1.0
p[12668],0.63,0.02,0.61,0.66,0.0,0.0,8515.63,6252.88,1.0
p[12669],0.63,0.02,0.61,0.66,0.0,0.0,8514.33,6123.62,1.0
p[12670],0.71,0.02,0.67,0.75,0.0,0.0,8782.28,6645.78,1.0
p[12671],0.55,0.02,0.51,0.59,0.0,0.0,9270.38,6234.97,1.0
p[12672],0.66,0.02,0.62,0.7,0.0,0.0,10161.98,7198.01,1.0
p[12673],0.8,0.02,0.76,0.84,0.0,0.0,10863.95,6741.83,1.0
p[12674],0.78,0.01,0.76,0.8,0.0,0.0,8447.36,6725.98,1.0
p[12675],0.63,0.02,0.59,0.67,0.0,0.0,9185.94,6938.24,1.0
p[12676],0.71,0.02,0.68,0.75,0.0,0.0,9208.74,6373.63,1.0
p[12677],0.41,0.02,0.38,0.45,0.0,0.0,9522.56,6983.07,1.0
p[12678],0.56,0.02,0.51,0.6,0.0,0.0,9445.09,7168.94,1.0
p[12679],0.78,0.01,0.76,0.81,0.0,0.0,8443.92,6726.52,1.0
p[12680],0.78,0.01,0.76,0.81,0.0,0.0,8442.66,6743.01,1.0
p[12681],0.74,0.02,0.69,0.78,0.0,0.0,10344.79,6677.24,1.0
p[12682],0.66,0.02,0.62,0.7,0.0,0.0,10148.64,7158.24,1.0
p[12683],0.72,0.02,0.68,0.76,0.0,0.0,8769.49,6544.29,1.0
p[12684],0.79,0.01,0.76,0.81,0.0,0.0,8439.38,6713.31,1.0
p[12685],0.64,0.02,0.61,0.67,0.0,0.0,8497.03,6175.95,1.0
p[12686],0.71,0.02,0.67,0.76,0.0,0.0,9627.6,6601.8,1.0
p[12687],0.64,0.02,0.61,0.67,0.0,0.0,8495.0,6175.95,1.0
p[12688],0.64,0.02,0.61,0.67,0.0,0.0,8495.0,6175.95,1.0
p[12689],0.64,0.02,0.61,0.67,0.0,0.0,8495.0,6175.95,1.0
p[12690],0.79,0.01,0.76,0.81,0.0,0.0,8437.27,6713.31,1.0
p[12691],0.72,0.02,0.68,0.76,0.0,0.0,9194.19,6297.03,1.0
p[12692],0.63,0.03,0.58,0.68,0.0,0.0,9908.42,5817.69,1.0
p[12693],0.79,0.01,0.76,0.81,0.0,0.0,8433.75,6773.45,1.0
p[12694],0.64,0.02,0.62,0.67,0.0,0.0,8495.19,6251.79,1.0
p[12695],0.42,0.02,0.38,0.46,0.0,0.0,9520.51,6825.35,1.0
p[12696],0.77,0.02,0.72,0.81,0.0,0.0,10615.6,6677.97,1.0
p[12697],0.72,0.02,0.69,0.76,0.0,0.0,8765.14,6659.83,1.0
p[12698],0.65,0.02,0.62,0.67,0.0,0.0,8490.63,6276.05,1.0
p[12699],0.79,0.01,0.77,0.81,0.0,0.0,8432.29,6773.35,1.0
p[12700],0.56,0.02,0.52,0.6,0.0,0.0,9227.47,6378.05,1.0
p[12701],0.81,0.02,0.77,0.84,0.0,0.0,10841.74,6597.65,1.0
p[12702],0.67,0.02,0.63,0.71,0.0,0.0,10124.57,7191.76,1.0
p[12703],0.64,0.02,0.6,0.68,0.0,0.0,9138.66,6963.41,1.0
p[12704],0.73,0.02,0.69,0.76,0.0,0.0,9172.8,6375.93,1.0
p[12705],0.57,0.02,0.52,0.62,0.0,0.0,9385.08,7039.25,1.0
p[12706],0.43,0.02,0.39,0.46,0.0,0.0,9521.18,6864.12,1.0
p[12707],0.73,0.02,0.69,0.77,0.0,0.0,8751.23,6616.63,1.0
p[12708],0.65,0.02,0.62,0.68,0.0,0.0,8472.05,6328.05,1.0
p[12709],0.68,0.02,0.64,0.71,0.0,0.0,10098.24,7298.44,1.0
p[12710],0.75,0.02,0.71,0.79,0.0,0.0,10309.18,6758.31,1.0
p[12711],0.72,0.02,0.68,0.77,0.0,0.0,9514.91,6645.23,1.0
p[12712],0.73,0.02,0.69,0.76,0.0,0.0,9164.22,6432.49,1.0
p[12713],0.65,0.02,0.63,0.68,0.0,0.0,8468.27,6245.54,1.0
p[12714],0.65,0.02,0.63,0.68,0.0,0.0,8465.51,6193.19,1.0
p[12715],0.64,0.03,0.59,0.69,0.0,0.0,9844.24,5961.74,1.0
p[12716],0.8,0.01,0.77,0.82,0.0,0.0,8418.37,6680.57,1.0
p[12717],0.77,0.02,0.73,0.82,0.0,0.0,10573.53,6688.61,1.0
p[12718],0.8,0.01,0.77,0.82,0.0,0.0,8417.07,6680.57,1.0
p[12719],0.43,0.02,0.39,0.47,0.0,0.0,9518.41,6927.44,1.0
p[12720],0.66,0.02,0.63,0.68,0.0,0.0,8459.77,6330.15,1.0
p[12721],0.73,0.02,0.7,0.77,0.0,0.0,8740.83,6546.15,1.0
p[12722],0.8,0.01,0.77,0.82,0.0,0.0,8415.64,6724.24,1.0
p[12723],0.66,0.02,0.63,0.68,0.0,0.0,8452.38,6335.66,1.0
p[12724],0.68,0.02,0.64,0.72,0.0,0.0,10077.54,7297.4,1.0
p[12725],0.82,0.02,0.78,0.85,0.0,0.0,10816.92,6829.28,1.0
p[12726],0.57,0.02,0.53,0.61,0.0,0.0,9183.27,6630.41,1.0
p[12727],0.8,0.01,0.78,0.82,0.0,0.0,8412.69,6740.63,1.0
p[12728],0.8,0.01,0.78,0.82,0.0,0.0,8410.35,6710.27,1.0
p[12729],0.65,0.02,0.61,0.69,0.0,0.0,9088.69,6894.23,1.0
p[12730],0.8,0.01,0.78,0.82,0.0,0.0,8408.09,6709.04,1.0
p[12731],0.44,0.02,0.4,0.48,0.0,0.0,9519.67,6884.25,1.0
p[12732],0.58,0.02,0.54,0.63,0.0,0.0,9331.04,6978.03,1.0
p[12733],0.8,0.01,0.78,0.82,0.0,0.0,8407.13,6709.04,1.0
p[12734],0.74,0.02,0.7,0.78,0.0,0.0,8727.95,6622.13,1.0
p[12735],0.69,0.02,0.65,0.72,0.0,0.0,10049.23,7405.06,1.0
p[12736],0.76,0.02,0.72,0.8,0.0,0.0,10274.37,6740.68,1.0
p[12737],0.66,0.02,0.64,0.69,0.0,0.0,8430.01,6141.65,1.0
p[12738],0.73,0.02,0.69,0.78,0.0,0.0,9388.96,6669.51,1.0
p[12739],0.66,0.02,0.64,0.69,0.0,0.0,8427.24,6138.96,1.0
p[12740],0.67,0.02,0.64,0.69,0.0,0.0,8430.2,6138.96,1.0
p[12741],0.8,0.01,0.78,0.83,0.0,0.0,8401.86,6709.46,1.0
p[12742],0.8,0.01,0.78,0.83,0.0,0.0,8400.37,6740.44,1.0
p[12743],0.67,0.02,0.64,0.69,0.0,0.0,8426.21,6239.1,1.0
p[12744],0.74,0.02,0.71,0.78,0.0,0.0,8717.76,6800.53,1.0
p[12745],0.78,0.02,0.75,0.82,0.0,0.0,10519.68,6788.56,1.0
p[12746],0.69,0.02,0.65,0.73,0.0,0.0,10028.48,7404.08,1.0
p[12747],0.81,0.01,0.78,0.83,0.0,0.0,8397.4,6861.76,1.0
p[12748],0.67,0.02,0.64,0.7,0.0,0.0,8418.66,6515.06,1.0
p[12749],0.81,0.01,0.78,0.83,0.0,0.0,8396.8,6861.76,1.0
p[12750],0.82,0.02,0.79,0.86,0.0,0.0,10770.84,6919.95,1.0
p[12751],0.59,0.02,0.55,0.63,0.0,0.0,9134.28,6719.82,1.0
p[12752],0.66,0.02,0.63,0.7,0.0,0.0,9041.11,6850.71,1.0
p[12753],0.45,0.02,0.41,0.49,0.0,0.0,9512.2,6801.56,1.0
p[12754],0.81,0.01,0.79,0.83,0.0,0.0,8394.91,6830.17,1.0
p[12755],0.6,0.02,0.55,0.64,0.0,0.0,9284.78,6847.34,1.0
p[12756],0.75,0.02,0.71,0.79,0.0,0.0,8703.6,7168.53,1.0
p[12757],0.77,0.02,0.73,0.81,0.0,0.0,10225.58,6571.2,1.0
p[12758],0.7,0.02,0.66,0.74,0.0,0.0,9999.1,7332.45,1.0
p[12759],0.81,0.01,0.79,0.83,0.0,0.0,8391.0,6890.59,1.0
p[12760],0.74,0.02,0.7,0.78,0.0,0.0,9288.16,6554.4,1.0
p[12761],0.68,0.02,0.65,0.7,0.0,0.0,8412.08,6541.9,1.0
p[12762],0.68,0.02,0.65,0.7,0.0,0.0,8410.52,6541.9,1.0
p[12763],0.81,0.01,0.79,0.83,0.0,0.0,8390.98,6890.59,1.0
p[12764],0.68,0.02,0.65,0.7,0.0,0.0,8410.88,6541.9,1.0
p[12765],0.81,0.01,0.79,0.83,0.0,0.0,8390.13,6827.73,1.0
p[12766],0.79,0.02,0.75,0.83,0.0,0.0,10481.3,6773.69,1.0
p[12767],0.68,0.02,0.65,0.71,0.0,0.0,8402.86,6570.05,1.0
p[12768],0.67,0.02,0.62,0.71,0.0,0.0,9697.28,6040.47,1.0
p[12769],0.75,0.02,0.72,0.79,0.0,0.0,8687.97,7168.63,1.0
p[12770],0.68,0.02,0.65,0.71,0.0,0.0,8402.3,6481.11,1.0
p[12771],0.7,0.02,0.66,0.74,0.0,0.0,9968.01,7231.75,1.0
p[12772],0.83,0.02,0.8,0.86,0.0,0.0,10742.1,7049.73,1.0
p[12773],0.81,0.01,0.79,0.84,0.0,0.0,8384.58,7003.8,1.0
p[12774],0.46,0.02,0.42,0.5,0.0,0.0,9504.65,6740.24,1.0
p[12775],0.61,0.02,0.56,0.65,0.0,0.0,9246.76,7059.54,1.0
p[12776],0.82,0.01,0.8,0.84,0.0,0.0,8382.33,6970.63,1.0
p[12777],0.76,0.02,0.72,0.79,0.0,0.0,8674.97,7135.37,1.0
p[12778],0.6,0.02,0.56,0.64,0.0,0.0,9072.08,6831.89,1.0
p[12779],0.78,0.02,0.74,0.82,0.0,0.0,10172.24,6551.04,1.0
p[12780],0.75,0.02,0.71,0.79,0.0,0.0,9195.9,6611.67,1.0
p[12781],0.69,0.02,0.66,0.71,0.0,0.0,8384.52,6623.57,1.0
p[12782],0.69,0.02,0.66,0.71,0.0,0.0,8383.73,6624.03,1.0
p[12783],0.82,0.01,0.8,0.84,0.0,0.0,8380.7,6907.06,1.0
p[12784],0.69,0.02,0.66,0.71,0.0,0.0,8380.87,6624.03,1.0
p[12785],0.68,0.02,0.63,0.72,0.0,0.0,9640.17,6171.09,1.0
p[12786],0.82,0.01,0.8,0.84,0.0,0.0,8376.93,6938.78,1.0
p[12787],0.47,0.02,0.43,0.51,0.0,0.0,9494.16,6708.2,1.0
p[12788],0.69,0.02,0.66,0.72,0.0,0.0,8379.43,6745.93,1.0
p[12789],0.8,0.02,0.76,0.84,0.0,0.0,10419.1,6772.56,1.0
p[12790],0.76,0.02,0.73,0.8,0.0,0.0,8663.92,7102.13,1.0
p[12791],0.61,0.02,0.57,0.65,0.0,0.0,9049.2,6636.25,1.0
p[12792],0.71,0.02,0.67,0.75,0.0,0.0,9921.87,7510.73,1.0
p[12793],0.69,0.02,0.65,0.72,0.0,0.0,8949.0,7104.21,1.0
p[12794],0.47,0.02,0.43,0.52,0.0,0.0,9491.14,6720.71,1.0
p[12795],0.62,0.02,0.58,0.67,0.0,0.0,9189.16,7045.49,1.0
p[12796],0.82,0.01,0.8,0.85,0.0,0.0,8374.51,7004.78,1.0
p[12797],0.7,0.02,0.67,0.72,0.0,0.0,8369.38,6813.18,1.0
p[12798],0.82,0.01,0.8,0.85,0.0,0.0,8374.08,7004.78,1.0
p[12799],0.77,0.02,0.73,0.8,0.0,0.0,8650.99,7202.44,1.0
p[12800],0.7,0.02,0.67,0.72,0.0,0.0,8362.95,6901.34,1.0
p[12801],0.82,0.01,0.8,0.85,0.0,0.0,8372.92,7037.81,1.0
p[12802],0.82,0.01,0.8,0.85,0.0,0.0,8372.46,7004.17,1.0
p[12803],0.76,0.02,0.72,0.8,0.0,0.0,9099.17,6582.8,1.0
p[12804],0.79,0.02,0.75,0.83,0.0,0.0,10126.65,6413.55,1.0
p[12805],0.69,0.02,0.64,0.73,0.0,0.0,9579.67,6254.13,1.0
p[12806],0.48,0.02,0.44,0.52,0.0,0.0,9483.15,6559.89,1.0
p[12807],0.7,0.02,0.67,0.73,0.0,0.0,8364.93,6577.17,1.0
p[12808],0.7,0.02,0.67,0.73,0.0,0.0,8365.3,6577.17,1.0
p[12809],0.77,0.02,0.74,0.81,0.0,0.0,8639.99,7035.9,1.0
p[12810],0.62,0.02,0.58,0.66,0.0,0.0,9006.57,6696.0,1.0
p[12811],0.72,0.02,0.69,0.76,0.0,0.0,9856.93,7585.58,1.0
p[12812],0.83,0.01,0.81,0.85,0.0,0.0,8368.86,7170.02,1.0
p[12813],0.7,0.02,0.66,0.73,0.0,0.0,8899.83,7074.48,1.0
p[12814],0.49,0.02,0.45,0.53,0.0,0.0,9475.22,6521.72,1.0
p[12815],0.71,0.02,0.68,0.73,0.0,0.0,8359.26,6355.42,1.0
p[12816],0.63,0.02,0.59,0.68,0.0,0.0,9130.93,7249.64,1.0
p[12817],0.83,0.01,0.81,0.85,0.0,0.0,8366.64,7143.85,1.0
p[12818],0.78,0.02,0.74,0.81,0.0,0.0,8630.85,7003.57,1.0
p[12819],0.79,0.02,0.76,0.83,0.0,0.0,10090.53,6416.1,1.0
p[12820],0.71,0.02,0.68,0.73,0.0,0.0,8356.75,6355.42,1.0
p[12821],0.77,0.02,0.73,0.81,0.0,0.0,9010.65,6537.15,1.0
p[12822],0.83,0.01,0.81,0.85,0.0,0.0,8364.77,7143.82,1.0
p[12823],0.71,0.02,0.68,0.74,0.0,0.0,8353.34,6735.8,1.0
p[12824],0.49,0.02,0.45,0.54,0.0,0.0,9460.67,6633.41,1.0
p[12825],0.73,0.02,0.7,0.77,0.0,0.0,9793.0,7547.83,1.0
p[12826],0.64,0.02,0.59,0.67,0.0,0.0,8976.63,6765.12,1.0
p[12827],0.71,0.02,0.67,0.74,0.0,0.0,8857.13,6885.74,1.0
p[12828],0.64,0.02,0.6,0.69,0.0,0.0,9081.48,7037.0,1.0
p[12829],0.72,0.03,0.67,0.76,0.0,0.0,8647.0,6560.58,1.0
p[12830],0.72,0.02,0.69,0.74,0.0,0.0,8361.05,6596.73,1.0
p[12831],0.84,0.01,0.82,0.86,0.0,0.0,8349.68,7090.1,1.0
p[12832],0.84,0.01,0.82,0.86,0.0,0.0,8345.43,7076.43,1.0
p[12833],0.78,0.02,0.75,0.82,0.0,0.0,8607.65,6939.83,1.0
p[12834],0.72,0.02,0.69,0.75,0.0,0.0,8358.79,6573.17,1.0
p[12835],0.72,0.02,0.69,0.75,0.0,0.0,8358.79,6573.17,1.0
p[12836],0.78,0.02,0.74,0.82,0.0,0.0,8923.85,6479.03,1.0
p[12837],0.84,0.01,0.82,0.86,0.0,0.0,8341.59,7034.41,1.0
p[12838],0.71,0.02,0.66,0.75,0.0,0.0,9477.18,6335.7,1.0
p[12839],0.51,0.02,0.46,0.55,0.0,0.0,9446.56,6717.02,1.0
p[12840],0.72,0.02,0.69,0.75,0.0,0.0,8354.42,6694.67,1.0
p[12841],0.39,0.03,0.34,0.44,0.0,0.0,9989.29,6907.27,1.0
p[12842],0.29,0.02,0.25,0.32,0.0,0.0,9719.76,6818.57,1.0
p[12843],0.36,0.02,0.32,0.4,0.0,0.0,10044.88,7176.96,1.0
p[12844],0.29,0.02,0.25,0.34,0.0,0.0,10369.73,7259.45,1.0
p[12845],0.37,0.02,0.33,0.4,0.0,0.0,8801.38,7123.84,1.0
p[12846],0.46,0.03,0.4,0.51,0.0,0.0,9354.75,6749.72,1.0
p[12847],0.48,0.03,0.43,0.54,0.0,0.0,10134.41,6596.69,1.0
p[12848],0.55,0.02,0.51,0.58,0.0,0.0,9001.05,7345.29,1.0
p[12849],0.19,0.01,0.16,0.22,0.0,0.0,9823.39,7059.34,1.0
p[12850],0.4,0.03,0.35,0.45,0.0,0.0,10010.81,6909.84,1.0
p[12851],0.3,0.02,0.26,0.33,0.0,0.0,9744.08,6880.5,1.0
p[12852],0.37,0.02,0.33,0.41,0.0,0.0,10074.75,7246.31,1.0
p[12853],0.38,0.02,0.34,0.41,0.0,0.0,8804.78,6989.51,1.0
p[12854],0.47,0.03,0.42,0.52,0.0,0.0,9340.8,6811.96,1.0
p[12855],0.38,0.02,0.35,0.42,0.0,0.0,8807.82,7021.12,1.0
p[12856],0.56,0.02,0.52,0.6,0.0,0.0,8988.37,7188.23,1.0
p[12857],0.2,0.01,0.17,0.23,0.0,0.0,9885.48,7057.75,1.0
p[12858],0.39,0.02,0.35,0.42,0.0,0.0,8812.16,6773.07,1.0
p[12859],0.31,0.02,0.27,0.35,0.0,0.0,9768.99,6881.07,1.0
p[12860],0.38,0.02,0.34,0.42,0.0,0.0,10106.74,7368.94,1.0
p[12861],0.31,0.02,0.27,0.36,0.0,0.0,10409.12,7119.76,1.0
p[12862],0.48,0.03,0.43,0.53,0.0,0.0,9325.8,7118.64,1.0
p[12863],0.21,0.02,0.18,0.24,0.0,0.0,9937.01,7023.8,1.0
p[12864],0.32,0.02,0.28,0.35,0.0,0.0,9790.12,7008.66,1.0
p[12865],0.39,0.02,0.35,0.44,0.0,0.0,10130.21,7588.94,1.0
p[12866],0.49,0.03,0.44,0.54,0.0,0.0,9307.59,7215.7,1.0
p[12867],0.58,0.02,0.55,0.62,0.0,0.0,8949.3,6913.41,1.0
p[12868],0.22,0.02,0.19,0.24,0.0,0.0,9994.35,6959.48,1.0
p[12869],0.33,0.02,0.29,0.37,0.0,0.0,9801.75,7129.68,1.0
p[12870],0.59,0.02,0.55,0.62,0.0,0.0,8933.79,7001.37,1.0
p[12871],0.41,0.02,0.36,0.45,0.0,0.0,10159.24,7238.53,1.0
p[12872],0.51,0.03,0.46,0.56,0.0,0.0,9293.53,7078.3,1.0
p[12873],0.22,0.02,0.2,0.25,0.0,0.0,10043.74,6800.63,1.0
p[12874],0.6,0.02,0.56,0.63,0.0,0.0,8911.62,6936.2,1.0
p[12875],0.34,0.02,0.3,0.38,0.0,0.0,9818.75,7094.78,1.0
p[12876],0.42,0.02,0.38,0.46,0.0,0.0,10177.37,7131.34,1.0
p[12877],0.6,0.02,0.57,0.64,0.0,0.0,8895.72,6903.83,1.0
p[12878],0.61,0.02,0.57,0.64,0.0,0.0,8893.19,6904.54,1.0
p[12879],0.52,0.03,0.47,0.57,0.0,0.0,9279.76,6973.37,1.0
p[12880],0.61,0.02,0.57,0.64,0.0,0.0,8888.09,6936.36,1.0
p[12881],0.43,0.02,0.4,0.46,0.0,0.0,8822.98,6488.12,1.0
p[12882],0.23,0.02,0.21,0.26,0.0,0.0,10061.13,7097.06,1.0
p[12883],0.44,0.02,0.4,0.47,0.0,0.0,8830.06,6660.05,1.0
p[12884],0.35,0.02,0.31,0.39,0.0,0.0,9826.8,7091.22,1.0
p[12885],0.43,0.02,0.39,0.47,0.0,0.0,10193.23,7321.16,1.0
p[12886],0.44,0.02,0.41,0.47,0.0,0.0,8832.7,6686.49,1.0
p[12887],0.62,0.02,0.58,0.65,0.0,0.0,8864.14,6904.02,1.0
p[12888],0.62,0.02,0.58,0.65,0.0,0.0,8864.14,6904.02,1.0
p[12889],0.24,0.02,0.21,0.27,0.0,0.0,10070.81,7130.7,1.0
p[12890],0.62,0.02,0.58,0.65,0.0,0.0,8861.53,6872.45,1.0
p[12891],0.53,0.03,0.49,0.58,0.0,0.0,9258.91,6971.9,1.0
p[12892],0.56,0.03,0.5,0.61,0.0,0.0,10142.22,6911.3,1.0
p[12893],0.62,0.02,0.59,0.65,0.0,0.0,8855.72,6872.45,1.0
p[12894],0.45,0.02,0.41,0.48,0.0,0.0,8832.47,6684.91,1.0
p[12895],0.62,0.02,0.59,0.65,0.0,0.0,8853.42,6904.12,1.0
p[12896],0.59,0.03,0.53,0.65,0.0,0.0,10652.33,6856.45,1.0
p[12897],0.43,0.03,0.38,0.49,0.0,0.0,10703.63,7031.04,1.0
p[12898],0.24,0.02,0.21,0.27,0.0,0.0,10078.79,7097.58,1.0
p[12899],0.36,0.02,0.32,0.4,0.0,0.0,9836.08,7088.51,1.0
p[12900],0.48,0.02,0.43,0.53,0.0,0.0,10088.15,6873.78,1.0
p[12901],0.63,0.02,0.59,0.66,0.0,0.0,8846.14,6903.8,1.0
p[12902],0.44,0.02,0.4,0.49,0.0,0.0,10197.93,7012.88,1.0
p[12903],0.25,0.02,0.22,0.28,0.0,0.0,10085.04,7165.15,1.0
p[12904],0.37,0.02,0.33,0.42,0.0,0.0,10456.86,7126.49,1.0
p[12905],0.63,0.02,0.6,0.66,0.0,0.0,8837.45,6903.7,1.0
p[12906],0.63,0.02,0.6,0.66,0.0,0.0,8836.73,6965.96,1.0
p[12907],0.55,0.03,0.5,0.6,0.0,0.0,9237.49,6843.98,1.0
p[12908],0.57,0.03,0.52,0.62,0.0,0.0,10128.59,6974.62,1.0
p[12909],0.54,0.03,0.48,0.59,0.0,0.0,10203.0,6769.44,1.0
p[12910],0.46,0.02,0.42,0.49,0.0,0.0,8833.31,6624.8,1.0
p[12911],0.63,0.02,0.6,0.66,0.0,0.0,8829.13,6966.26,1.0
p[12912],0.46,0.02,0.42,0.49,0.0,0.0,8834.55,6624.6,1.0
p[12913],0.46,0.02,0.42,0.49,0.0,0.0,8834.55,6624.6,1.0
p[12914],0.46,0.02,0.42,0.49,0.0,0.0,8834.55,6624.6,1.0
p[12915],0.6,0.03,0.55,0.66,0.0,0.0,10638.91,6890.22,1.0
p[12916],0.45,0.03,0.39,0.5,0.0,0.0,10689.04,7216.11,1.0
p[12917],0.25,0.02,0.22,0.28,0.0,0.0,10091.34,7212.39,1.0
p[12918],0.55,0.03,0.5,0.6,0.0,0.0,9221.83,6843.88,1.0
p[12919],0.46,0.02,0.43,0.49,0.0,0.0,8835.52,6509.55,1.0
p[12920],0.66,0.03,0.61,0.72,0.0,0.0,10514.82,6697.47,1.0
p[12921],0.49,0.02,0.45,0.54,0.0,0.0,10085.34,6965.59,1.0
p[12922],0.64,0.02,0.61,0.67,0.0,0.0,8811.03,6891.19,1.0
p[12923],0.46,0.02,0.41,0.5,0.0,0.0,10194.77,7046.56,1.0
p[12924],0.26,0.02,0.23,0.29,0.0,0.0,10094.22,7338.17,1.0
p[12925],0.38,0.02,0.34,0.43,0.0,0.0,10455.19,7100.96,1.0
p[12926],0.64,0.02,0.61,0.67,0.0,0.0,8802.89,6890.27,1.0
p[12927],0.56,0.03,0.51,0.61,0.0,0.0,9209.13,6906.82,1.0
p[12928],0.64,0.02,0.61,0.67,0.0,0.0,8801.28,6906.31,1.0
p[12929],0.64,0.02,0.61,0.67,0.0,0.0,8800.32,6906.31,1.0
p[12930],0.47,0.02,0.44,0.5,0.0,0.0,8836.44,6566.57,1.0
p[12931],0.47,0.02,0.44,0.5,0.0,0.0,8836.85,6566.57,1.0
p[12932],0.55,0.03,0.5,0.61,0.0,0.0,10186.27,6746.15,1.0
p[12933],0.64,0.02,0.61,0.68,0.0,0.0,8797.7,6934.5,1.0
p[12934],0.47,0.02,0.44,0.5,0.0,0.0,8837.29,6623.97,1.0
p[12935],0.47,0.02,0.44,0.5,0.0,0.0,8837.29,6623.97,1.0
p[12936],0.59,0.03,0.53,0.64,0.0,0.0,10114.55,6912.41,1.0
p[12937],0.64,0.02,0.61,0.68,0.0,0.0,8795.39,6934.39,1.0
p[12938],0.62,0.03,0.56,0.67,0.0,0.0,10629.2,6923.62,1.0
p[12939],0.46,0.03,0.4,0.51,0.0,0.0,10662.58,7106.45,1.0
p[12940],0.26,0.02,0.23,0.29,0.0,0.0,10101.36,7381.51,1.0
p[12941],0.47,0.02,0.44,0.5,0.0,0.0,8839.3,6566.75,1.0
p[12942],0.56,0.03,0.52,0.61,0.0,0.0,9199.95,6892.03,1.0
p[12943],0.67,0.03,0.62,0.73,0.0,0.0,10515.53,6511.87,1.0
p[12944],0.5,0.02,0.46,0.55,0.0,0.0,10077.64,7060.29,1.0
p[12945],0.57,0.03,0.52,0.61,0.0,0.0,9193.06,6784.51,1.0
p[12946],0.65,0.02,0.62,0.68,0.0,0.0,8780.8,6872.11,1.0
p[12947],0.65,0.02,0.62,0.68,0.0,0.0,8779.45,6872.59,1.0
p[12948],0.47,0.02,0.43,0.51,0.0,0.0,10186.88,7024.56,1.0
p[12949],0.27,0.02,0.24,0.3,0.0,0.0,10100.82,7418.48,1.0
p[12950],0.4,0.02,0.35,0.44,0.0,0.0,10448.02,6810.35,1.0
p[12951],0.57,0.02,0.52,0.61,0.0,0.0,9778.28,6638.37,1.0
p[12952],0.48,0.02,0.45,0.51,0.0,0.0,8841.25,6509.73,1.0
p[12953],0.57,0.03,0.52,0.62,0.0,0.0,9179.66,6799.56,1.0
p[12954],0.48,0.02,0.45,0.51,0.0,0.0,8842.44,6509.73,1.0
p[12955],0.56,0.03,0.51,0.62,0.0,0.0,10175.31,6584.38,1.0
p[12956],0.66,0.02,0.62,0.69,0.0,0.0,8767.55,6901.32,1.0
p[12957],0.6,0.03,0.54,0.65,0.0,0.0,10102.57,6732.67,1.0
p[12958],0.48,0.02,0.45,0.51,0.0,0.0,8840.37,6510.19,1.0
p[12959],0.48,0.02,0.45,0.51,0.0,0.0,8840.37,6510.19,1.0
p[12960],0.66,0.02,0.63,0.69,0.0,0.0,8766.66,6858.36,1.0
p[12961],0.49,0.02,0.45,0.52,0.0,0.0,8839.87,6502.16,1.0
p[12962],0.27,0.02,0.24,0.3,0.0,0.0,10103.4,7310.82,1.0
p[12963],0.47,0.03,0.42,0.52,0.0,0.0,10634.35,7033.51,1.0
p[12964],0.63,0.03,0.58,0.69,0.0,0.0,10609.2,6909.09,1.0
p[12965],0.49,0.02,0.45,0.52,0.0,0.0,8838.81,6557.98,1.0
p[12966],0.58,0.03,0.53,0.62,0.0,0.0,9168.02,6829.81,1.0
p[12967],0.51,0.02,0.47,0.56,0.0,0.0,10056.2,7233.73,1.0
p[12968],0.69,0.03,0.64,0.74,0.0,0.0,10524.15,6507.95,1.0
p[12969],0.4,0.02,0.36,0.44,0.0,0.0,9834.17,6898.45,1.0
p[12970],0.48,0.02,0.44,0.52,0.0,0.0,10170.75,6927.3,1.0
p[12971],0.66,0.02,0.63,0.69,0.0,0.0,8746.13,6808.4,1.0
p[12972],0.28,0.02,0.25,0.31,0.0,0.0,10103.32,7245.01,1.0
p[12973],0.41,0.02,0.36,0.46,0.0,0.0,10425.42,6716.69,1.0
p[12974],0.66,0.02,0.63,0.69,0.0,0.0,8744.54,6778.7,1.0
p[12975],0.58,0.02,0.54,0.62,0.0,0.0,9746.99,6685.93,1.0
p[12976],0.67,0.02,0.63,0.7,0.0,0.0,8741.73,6809.56,1.0
p[12977],0.49,0.02,0.46,0.52,0.0,0.0,8843.14,6392.58,1.0
p[12978],0.58,0.03,0.54,0.63,0.0,0.0,9151.82,6724.91,1.0
p[12979],0.49,0.02,0.46,0.52,0.0,0.0,8841.3,6392.19,1.0
p[12980],0.58,0.03,0.52,0.63,0.0,0.0,10157.13,6660.32,1.0
p[12981],0.61,0.03,0.56,0.66,0.0,0.0,10087.05,6686.61,1.0
p[12982],0.5,0.02,0.46,0.53,0.0,0.0,8841.8,6463.2,1.0
p[12983],0.5,0.02,0.46,0.53,0.0,0.0,8841.8,6463.2,1.0
p[12984],0.67,0.02,0.64,0.7,0.0,0.0,8732.36,6779.52,1.0
p[12985],0.67,0.02,0.64,0.7,0.0,0.0,8731.12,6779.52,1.0
p[12986],0.48,0.03,0.43,0.54,0.0,0.0,10600.57,7139.17,1.0
p[12987],0.67,0.02,0.64,0.7,0.0,0.0,8726.35,6779.05,1.0
p[12988],0.28,0.02,0.25,0.31,0.0,0.0,10103.28,7275.44,1.0
p[12989],0.64,0.03,0.59,0.69,0.0,0.0,10590.87,6942.61,1.0
p[12990],0.5,0.02,0.47,0.53,0.0,0.0,8841.68,6407.04,1.0
p[12991],0.59,0.03,0.54,0.63,0.0,0.0,9136.78,6753.94,1.0
p[12992],0.53,0.02,0.48,0.57,0.0,0.0,10014.01,7235.11,1.0
p[12993],0.59,0.03,0.54,0.64,0.0,0.0,9136.0,6768.83,1.0
p[12994],0.41,0.02,0.37,0.45,0.0,0.0,9828.65,6911.78,1.0
p[12995],0.67,0.02,0.64,0.7,0.0,0.0,8717.77,6841.26,1.0
p[12996],0.67,0.02,0.64,0.7,0.0,0.0,8715.54,6841.5,1.0
p[12997],0.5,0.02,0.47,0.53,0.0,0.0,8841.76,6466.53,1.0
p[12998],0.67,0.02,0.64,0.7,0.0,0.0,8712.45,6872.95,1.0
p[12999],0.49,0.02,0.45,0.54,0.0,0.0,10150.63,6800.63,1.0
p[13000],0.67,0.02,0.64,0.7,0.0,0.0,8708.15,6903.72,1.0
p[13001],0.29,0.02,0.26,0.32,0.0,0.0,10100.3,7274.42,1.0
p[13002],0.42,0.02,0.38,0.47,0.0,0.0,10404.71,6762.38,1.0
p[13003],0.68,0.02,0.65,0.71,0.0,0.0,8702.88,6903.71,1.0
p[13004],0.68,0.02,0.65,0.71,0.0,0.0,8702.4,6903.71,1.0
p[13005],0.51,0.02,0.48,0.54,0.0,0.0,8842.15,6360.44,1.0
p[13006],0.6,0.02,0.55,0.64,0.0,0.0,9119.76,6768.98,1.0
p[13007],0.59,0.03,0.54,0.64,0.0,0.0,10134.43,6546.78,1.0
p[13008],0.51,0.02,0.48,0.54,0.0,0.0,8841.79,6334.1,1.0
p[13009],0.68,0.02,0.65,0.71,0.0,0.0,8699.53,6935.2,1.0
p[13010],0.62,0.03,0.57,0.67,0.0,0.0,10060.22,6701.42,1.0
p[13011],0.51,0.02,0.48,0.54,0.0,0.0,8842.91,6334.9,1.0
p[13012],0.51,0.02,0.48,0.54,0.0,0.0,8842.91,6334.9,1.0
p[13013],0.6,0.02,0.55,0.64,0.0,0.0,9707.15,6658.97,1.0
p[13014],0.5,0.03,0.44,0.55,0.0,0.0,10554.72,7139.86,1.0
p[13015],0.65,0.03,0.6,0.71,0.0,0.0,10566.96,6679.57,1.0
p[13016],0.29,0.02,0.26,0.33,0.0,0.0,10091.09,7107.05,1.0
p[13017],0.51,0.02,0.48,0.54,0.0,0.0,8842.66,6309.41,1.0
p[13018],0.51,0.02,0.48,0.54,0.0,0.0,8844.66,6310.37,1.0
p[13019],0.54,0.02,0.49,0.58,0.0,0.0,9972.11,7240.36,1.0
p[13020],0.6,0.02,0.56,0.65,0.0,0.0,9108.76,6830.09,1.0
p[13021],0.68,0.02,0.65,0.71,0.0,0.0,8683.27,6903.01,1.0
p[13022],0.51,0.02,0.47,0.55,0.0,0.0,10135.36,6924.33,1.0
p[13023],0.3,0.02,0.27,0.33,0.0,0.0,10080.77,7094.54,1.0
p[13024],0.69,0.02,0.66,0.71,0.0,0.0,8671.37,6872.75,1.0
p[13025],0.69,0.02,0.66,0.72,0.0,0.0,8670.41,6872.88,1.0
p[13026],0.43,0.02,0.39,0.48,0.0,0.0,10379.53,7050.13,1.0
p[13027],0.52,0.02,0.49,0.55,0.0,0.0,8841.75,6323.33,1.0
p[13028],0.6,0.03,0.55,0.65,0.0,0.0,10111.75,6379.34,1.0
p[13029],0.52,0.02,0.49,0.55,0.0,0.0,8841.67,6324.03,1.0
p[13030],0.61,0.02,0.56,0.65,0.0,0.0,9088.83,6829.98,1.0
p[13031],0.69,0.02,0.66,0.72,0.0,0.0,8662.91,6903.84,1.0
p[13032],0.69,0.02,0.66,0.72,0.0,0.0,8660.79,6903.35,1.0
p[13033],0.69,0.02,0.66,0.72,0.0,0.0,8660.79,6903.35,1.0
p[13034],0.64,0.03,0.58,0.68,0.0,0.0,10034.75,6803.24,1.0
p[13035],0.52,0.02,0.49,0.55,0.0,0.0,8841.73,6348.01,1.0
p[13036],0.52,0.02,0.49,0.55,0.0,0.0,8841.73,6348.01,1.0
p[13037],0.66,0.03,0.61,0.71,0.0,0.0,10542.51,6858.73,1.0
p[13038],0.61,0.02,0.56,0.65,0.0,0.0,9676.38,6554.66,1.0
p[13039],0.52,0.02,0.49,0.55,0.0,0.0,8840.39,6320.0,1.0
p[13040],0.3,0.02,0.27,0.34,0.0,0.0,10073.12,6859.28,1.0
p[13041],0.51,0.03,0.46,0.56,0.0,0.0,10502.31,7207.96,1.0
p[13042],0.61,0.02,0.57,0.66,0.0,0.0,9076.23,6830.65,1.0
p[13043],0.44,0.02,0.39,0.48,0.0,0.0,9803.22,6758.39,1.0
p[13044],0.55,0.02,0.51,0.6,0.0,0.0,9930.6,7086.43,1.0
p[13045],0.72,0.03,0.67,0.76,0.0,0.0,10516.11,6573.18,1.0
p[13046],0.52,0.02,0.48,0.56,0.0,0.0,10107.56,6822.56,1.0
p[13047],0.31,0.02,0.28,0.34,0.0,0.0,10065.33,6859.17,1.0
p[13048],0.45,0.03,0.4,0.49,0.0,0.0,10352.27,6845.6,1.0
p[13049],0.62,0.02,0.57,0.67,0.0,0.0,9068.63,6860.88,1.0
p[13050],0.7,0.02,0.67,0.73,0.0,0.0,8630.81,6842.91,1.0
p[13051],0.53,0.02,0.5,0.56,0.0,0.0,8838.6,6391.21,1.0
p[13052],0.62,0.02,0.57,0.66,0.0,0.0,9649.74,6567.77,1.0
p[13053],0.7,0.02,0.67,0.73,0.0,0.0,8629.33,6843.14,1.0
p[13054],0.61,0.03,0.56,0.66,0.0,0.0,10079.2,6404.83,1.0
p[13055],0.53,0.02,0.5,0.56,0.0,0.0,8838.17,6363.25,1.0
p[13056],0.7,0.02,0.67,0.73,0.0,0.0,8627.4,6873.23,1.0
p[13057],0.65,0.03,0.6,0.7,0.0,0.0,10012.27,6675.29,1.0
p[13058],0.7,0.02,0.67,0.73,0.0,0.0,8627.0,6873.23,1.0
p[13059],0.53,0.02,0.5,0.56,0.0,0.0,8838.08,6237.79,1.0
p[13060],0.53,0.02,0.5,0.56,0.0,0.0,8838.08,6237.79,1.0
p[13061],0.31,0.02,0.28,0.35,0.0,0.0,10053.25,6971.08,1.0
p[13062],0.54,0.02,0.5,0.57,0.0,0.0,8837.97,6205.41,1.0
p[13063],0.52,0.03,0.47,0.57,0.0,0.0,10453.55,7045.6,1.0
p[13064],0.63,0.02,0.58,0.67,0.0,0.0,9053.27,7037.98,1.0
p[13065],0.54,0.02,0.51,0.57,0.0,0.0,8836.89,6310.11,1.0
p[13066],0.56,0.02,0.52,0.61,0.0,0.0,9895.4,7189.87,1.0
p[13067],0.73,0.02,0.68,0.77,0.0,0.0,10518.3,6816.92,1.0
p[13068],0.71,0.02,0.68,0.73,0.0,0.0,8611.5,6842.7,1.0
p[13069],0.53,0.02,0.49,0.58,0.0,0.0,10072.72,6851.16,1.0
p[13070],0.63,0.02,0.58,0.67,0.0,0.0,9620.85,6538.41,1.0
p[13071],0.32,0.02,0.29,0.35,0.0,0.0,10042.25,7103.62,1.0
p[13072],0.46,0.03,0.41,0.51,0.0,0.0,10317.25,6739.97,1.0
p[13073],0.45,0.02,0.41,0.5,0.0,0.0,9759.79,6710.09,1.0
p[13074],0.71,0.02,0.68,0.74,0.0,0.0,8603.86,6811.71,1.0
p[13075],0.68,0.03,0.63,0.73,0.0,0.0,10490.2,6667.48,1.0
p[13076],0.54,0.02,0.51,0.58,0.0,0.0,8831.77,6489.03,1.0
p[13077],0.71,0.02,0.68,0.74,0.0,0.0,8598.2,6812.33,1.0
p[13078],0.63,0.03,0.57,0.68,0.0,0.0,10039.48,6372.61,1.0
p[13079],0.63,0.02,0.59,0.68,0.0,0.0,9033.49,7038.13,1.0
p[13080],0.55,0.02,0.51,0.58,0.0,0.0,8831.49,6489.03,1.0
p[13081],0.71,0.02,0.68,0.74,0.0,0.0,8596.92,6812.33,1.0
p[13082],0.66,0.03,0.61,0.71,0.0,0.0,9982.81,6545.89,1.0
p[13083],0.55,0.02,0.52,0.58,0.0,0.0,8831.01,6494.94,1.0
p[13084],0.55,0.02,0.52,0.58,0.0,0.0,8831.01,6494.94,1.0
p[13085],0.53,0.03,0.48,0.59,0.0,0.0,10402.65,7192.76,1.0
p[13086],0.69,0.03,0.64,0.74,0.0,0.0,10475.84,6665.95,1.0
p[13087],0.71,0.01,0.68,0.74,0.0,0.0,8588.46,6812.5,1.0
p[13088],0.55,0.02,0.52,0.58,0.0,0.0,8832.2,6494.94,1.0
p[13089],0.33,0.02,0.29,0.36,0.0,0.0,10025.26,7137.62,1.0
p[13090],0.64,0.02,0.59,0.68,0.0,0.0,9018.48,7071.14,1.0
p[13091],0.46,0.02,0.42,0.5,0.0,0.0,9730.47,6739.24,1.0
p[13092],0.71,0.01,0.69,0.74,0.0,0.0,8584.66,6812.8,1.0
p[13093],0.55,0.02,0.52,0.58,0.0,0.0,8831.29,6550.12,1.0
p[13094],0.58,0.02,0.53,0.62,0.0,0.0,9840.01,7054.63,1.0
p[13095],0.69,0.03,0.64,0.74,0.0,0.0,10465.39,6565.33,1.0
p[13096],0.55,0.02,0.5,0.59,0.0,0.0,10031.35,6861.84,1.0
p[13097],0.33,0.02,0.3,0.37,0.0,0.0,10014.08,7036.61,1.0
p[13098],0.47,0.03,0.42,0.52,0.0,0.0,10280.98,6813.49,1.0
p[13099],0.72,0.01,0.69,0.75,0.0,0.0,8572.51,6904.23,1.0
p[13100],0.64,0.02,0.6,0.69,0.0,0.0,9003.74,7022.48,1.0
p[13101],0.72,0.01,0.69,0.75,0.0,0.0,8566.48,6903.65,1.0
p[13102],0.64,0.03,0.59,0.69,0.0,0.0,10010.2,6508.03,1.0
p[13103],0.64,0.02,0.6,0.68,0.0,0.0,9567.58,6539.59,1.0
p[13104],0.56,0.02,0.53,0.59,0.0,0.0,8830.69,6550.37,1.0
p[13105],0.56,0.02,0.53,0.59,0.0,0.0,8831.21,6551.16,1.0
p[13106],0.56,0.02,0.53,0.59,0.0,0.0,8831.21,6551.16,1.0
p[13107],0.67,0.03,0.62,0.72,0.0,0.0,9950.98,6489.41,1.0
p[13108],0.72,0.01,0.7,0.75,0.0,0.0,8557.89,6935.57,1.0
p[13109],0.56,0.02,0.53,0.59,0.0,0.0,8830.44,6439.45,1.0
p[13110],0.34,0.02,0.3,0.37,0.0,0.0,9996.61,7005.72,1.0
p[13111],0.55,0.03,0.5,0.6,0.0,0.0,10345.32,7014.59,1.0
p[13112],0.56,0.02,0.53,0.6,0.0,0.0,8830.33,6438.3,1.0
p[13113],0.65,0.02,0.61,0.7,0.0,0.0,8989.72,7055.7,1.0
p[13114],0.47,0.02,0.43,0.51,0.0,0.0,9687.01,6830.93,1.0
p[13115],0.7,0.03,0.65,0.75,0.0,0.0,10437.4,6621.68,1.0
p[13116],0.73,0.01,0.7,0.75,0.0,0.0,8549.37,6935.57,1.0
p[13117],0.59,0.02,0.55,0.64,0.0,0.0,9765.79,6829.76,1.0
p[13118],0.75,0.02,0.7,0.79,0.0,0.0,10515.7,6540.06,1.0
p[13119],0.73,0.01,0.7,0.75,0.0,0.0,8546.56,6966.46,1.0
p[13120],0.56,0.02,0.52,0.6,0.0,0.0,9988.38,6911.02,1.0
p[13121],0.65,0.02,0.61,0.69,0.0,0.0,9546.12,6610.69,1.0
p[13122],0.34,0.02,0.31,0.38,0.0,0.0,9980.8,7017.29,1.0
p[13123],0.48,0.03,0.44,0.53,0.0,0.0,10236.19,6692.27,1.0
p[13124],0.73,0.01,0.7,0.76,0.0,0.0,8537.31,6935.4,1.0
p[13125],0.73,0.01,0.7,0.76,0.0,0.0,8535.43,6998.9,1.0
p[13126],0.68,0.03,0.63,0.73,0.0,0.0,9923.44,6570.09,1.0
p[13127],0.66,0.02,0.61,0.7,0.0,0.0,8969.5,6856.89,1.0
p[13128],0.57,0.02,0.54,0.6,0.0,0.0,8831.4,6391.63,1.0
p[13129],0.73,0.01,0.7,0.76,0.0,0.0,8534.66,6998.9,1.0
p[13130],0.65,0.03,0.6,0.7,0.0,0.0,9973.67,6648.36,1.0
p[13131],0.73,0.01,0.71,0.76,0.0,0.0,8529.88,6995.48,1.0
p[13132],0.56,0.03,0.51,0.61,0.0,0.0,10303.3,6917.95,1.0
p[13133],0.73,0.01,0.71,0.76,0.0,0.0,8527.72,6972.54,1.0
p[13134],0.57,0.02,0.54,0.61,0.0,0.0,8831.02,6391.74,1.0
p[13135],0.57,0.02,0.54,0.61,0.0,0.0,8831.02,6391.74,1.0
p[13136],0.35,0.02,0.31,0.38,0.0,0.0,9963.8,7013.92,1.0
p[13137],0.71,0.03,0.66,0.76,0.0,0.0,10404.79,6419.78,1.0
p[13138],0.66,0.02,0.62,0.71,0.0,0.0,8959.11,6764.99,1.0
p[13139],0.58,0.02,0.55,0.61,0.0,0.0,8831.95,6340.32,1.0
p[13140],0.76,0.02,0.71,0.8,0.0,0.0,10498.12,6762.88,1.0
p[13141],0.73,0.01,0.71,0.76,0.0,0.0,8520.9,6966.26,1.0
p[13142],0.49,0.02,0.44,0.53,0.0,0.0,9643.51,6800.03,1.0
p[13143],0.6,0.02,0.56,0.65,0.0,0.0,9695.76,6810.69,1.0
p[13144],0.58,0.02,0.55,0.61,0.0,0.0,8826.56,6575.61,1.0
p[13145],0.66,0.02,0.62,0.7,0.0,0.0,9505.79,6752.25,1.0
p[13146],0.57,0.02,0.53,0.61,0.0,0.0,9943.78,6977.61,1.0
p[13147],0.5,0.03,0.45,0.55,0.0,0.0,10187.23,6676.41,1.0
p[13148],0.35,0.02,0.32,0.39,0.0,0.0,9942.12,7251.12,1.0
p[13149],0.74,0.01,0.71,0.77,0.0,0.0,8505.66,7092.13,1.0
p[13150],0.58,0.02,0.55,0.62,0.0,0.0,8826.43,6519.34,1.0
p[13151],0.74,0.01,0.71,0.77,0.0,0.0,8504.85,7058.88,1.0
p[13152],0.58,0.02,0.55,0.62,0.0,0.0,8826.43,6519.34,1.0
p[13153],0.66,0.03,0.61,0.71,0.0,0.0,9941.26,6619.02,1.0
p[13154],0.67,0.02,0.63,0.71,0.0,0.0,8934.67,6707.5,1.0
p[13155],0.58,0.02,0.55,0.62,0.0,0.0,8825.63,6491.4,1.0
p[13156],0.72,0.03,0.67,0.77,0.0,0.0,10369.6,6432.02,1.0
p[13157],0.59,0.02,0.56,0.62,0.0,0.0,8824.71,6429.8,1.0
p[13158],0.36,0.02,0.32,0.4,0.0,0.0,9925.39,7450.38,1.0
p[13159],0.57,0.03,0.52,0.62,0.0,0.0,10252.49,6780.93,1.0
p[13160],0.59,0.02,0.56,0.62,0.0,0.0,8823.89,6513.62,1.0
p[13161],0.67,0.02,0.63,0.72,0.0,0.0,8919.73,6766.63,1.0
p[13162],0.61,0.02,0.57,0.66,0.0,0.0,9625.33,6845.49,1.0
p[13163],0.5,0.02,0.46,0.54,0.0,0.0,9599.73,6654.08,1.0
p[13164],0.77,0.02,0.72,0.81,0.0,0.0,10476.98,7051.31,1.0
p[13165],0.67,0.02,0.63,0.71,0.0,0.0,9467.62,6750.57,1.0
p[13166],0.58,0.02,0.54,0.62,0.0,0.0,9905.82,6993.1,1.0
p[13167],0.75,0.01,0.72,0.77,0.0,0.0,8481.55,7159.66,1.0
p[13168],0.51,0.03,0.46,0.56,0.0,0.0,10143.22,6905.27,1.0
p[13169],0.75,0.01,0.72,0.77,0.0,0.0,8480.66,7159.66,1.0
p[13170],0.37,0.02,0.33,0.4,0.0,0.0,9902.71,7450.3,1.0
p[13171],0.75,0.01,0.72,0.78,0.0,0.0,8478.86,7193.08,1.0
p[13172],0.75,0.01,0.72,0.78,0.0,0.0,8477.1,7193.08,1.0
p[13173],0.59,0.02,0.57,0.63,0.0,0.0,8815.78,6510.39,1.0
p[13174],0.6,0.02,0.57,0.63,0.0,0.0,8814.99,6510.39,1.0
p[13175],0.68,0.02,0.64,0.72,0.0,0.0,8907.75,6795.64,1.0
p[13176],0.7,0.02,0.66,0.75,0.0,0.0,9853.04,6547.46,1.0
p[13177],0.67,0.03,0.63,0.72,0.0,0.0,9907.26,6973.24,1.0
p[13178],0.6,0.02,0.57,0.63,0.0,0.0,8814.86,6510.39,1.0
p[13179],0.58,0.03,0.53,0.63,0.0,0.0,10195.86,6809.83,1.0
p[13180],0.73,0.03,0.68,0.78,0.0,0.0,10323.01,6389.36,1.0
p[13181],0.75,0.01,0.73,0.78,0.0,0.0,8466.02,7227.17,1.0
p[13182],0.37,0.02,0.34,0.41,0.0,0.0,9886.49,7468.62,1.0
p[13183],0.6,0.02,0.57,0.63,0.0,0.0,8813.94,6406.25,1.0
p[13184],0.75,0.01,0.73,0.78,0.0,0.0,8460.22,7226.61,1.0
p[13185],0.51,0.02,0.47,0.55,0.0,0.0,9552.42,6683.27,1.0
p[13186],0.68,0.02,0.64,0.73,0.0,0.0,8892.11,6795.35,1.0
p[13187],0.76,0.01,0.73,0.78,0.0,0.0,8458.44,7226.62,1.0
p[13188],0.78,0.02,0.74,0.82,0.0,0.0,10451.75,7149.45,1.0
p[13189],0.76,0.01,0.73,0.78,0.0,0.0,8455.19,7226.39,1.0
p[13190],0.52,0.03,0.47,0.57,0.0,0.0,10088.62,6796.23,1.0
p[13191],0.6,0.02,0.56,0.64,0.0,0.0,9856.99,7126.17,1.0
p[13192],0.38,0.02,0.34,0.42,0.0,0.0,9861.26,7402.53,1.0
p[13193],0.61,0.02,0.58,0.64,0.0,0.0,8810.83,6397.01,1.0
p[13194],0.69,0.02,0.65,0.73,0.0,0.0,8875.44,6885.28,1.0
p[13195],0.71,0.02,0.67,0.76,0.0,0.0,9812.11,6475.69,1.0
p[13196],0.61,0.02,0.58,0.64,0.0,0.0,8811.63,6344.1,1.0
p[13197],0.76,0.01,0.74,0.79,0.0,0.0,8445.9,7367.44,1.0
p[13198],0.74,0.02,0.69,0.78,0.0,0.0,10277.46,6569.87,1.0
p[13199],0.76,0.01,0.74,0.79,0.0,0.0,8441.84,7367.59,1.0
p[13200],0.38,0.02,0.35,0.42,0.0,0.0,9845.92,7331.13,1.0
p[13201],0.61,0.02,0.58,0.64,0.0,0.0,8810.52,6369.21,1.0
p[13202],0.61,0.02,0.58,0.64,0.0,0.0,8810.61,6367.77,1.0
p[13203],0.6,0.03,0.54,0.64,0.0,0.0,10126.51,7012.97,1.0
p[13204],0.69,0.02,0.65,0.74,0.0,0.0,8688.74,6882.49,1.0
p[13205],0.61,0.02,0.58,0.64,0.0,0.0,8809.04,6341.66,1.0
p[13206],0.52,0.02,0.48,0.57,0.0,0.0,9501.39,6463.45,1.0
p[13207],0.76,0.01,0.74,0.79,0.0,0.0,8433.5,7403.87,1.0
p[13208],0.64,0.02,0.59,0.68,0.0,0.0,9474.96,6990.69,1.0
p[13209],0.61,0.02,0.56,0.65,0.0,0.0,9812.58,7209.79,1.0
p[13210],0.53,0.03,0.49,0.58,0.0,0.0,10040.89,6838.12,1.0
p[13211],0.77,0.01,0.74,0.79,0.0,0.0,8430.48,7368.76,1.0
p[13212],0.39,0.02,0.35,0.43,0.0,0.0,9821.85,7366.12,1.0
p[13213],0.7,0.02,0.66,0.74,0.0,0.0,8665.94,6974.78,1.0
p[13214],0.72,0.02,0.68,0.77,0.0,0.0,9773.43,6452.38,1.0
p[13215],0.62,0.02,0.59,0.65,0.0,0.0,8798.99,6539.41,1.0
p[13216],0.77,0.01,0.74,0.8,0.0,0.0,8425.85,7369.52,1.0
p[13217],0.77,0.01,0.74,0.8,0.0,0.0,8425.85,7369.52,1.0
p[13218],0.77,0.01,0.75,0.8,0.0,0.0,8424.33,7369.52,1.0
p[13219],0.7,0.03,0.65,0.74,0.0,0.0,9819.73,7036.25,1.0
p[13220],0.4,0.02,0.36,0.44,0.0,0.0,9803.68,7293.52,1.0
p[13221],0.62,0.02,0.59,0.65,0.0,0.0,8793.63,6539.55,1.0
p[13222],0.61,0.03,0.56,0.66,0.0,0.0,10071.12,6823.74,1.0
p[13223],0.75,0.02,0.7,0.79,0.0,0.0,10232.9,6346.79,1.0
p[13224],0.62,0.02,0.59,0.66,0.0,0.0,8793.41,6492.68,1.0
p[13225],0.7,0.02,0.66,0.75,0.0,0.0,8653.2,6912.04,1.0
p[13226],0.77,0.01,0.75,0.8,0.0,0.0,8414.5,7333.07,1.0
p[13227],0.54,0.02,0.49,0.58,0.0,0.0,9433.05,6420.23,1.0
p[13228],0.78,0.01,0.75,0.8,0.0,0.0,8407.28,7332.28,1.0
p[13229],0.4,0.02,0.36,0.44,0.0,0.0,9778.74,7322.91,1.0
p[13230],0.55,0.03,0.5,0.6,0.0,0.0,9986.8,6805.92,1.0
p[13231],0.63,0.02,0.6,0.66,0.0,0.0,8790.32,6410.25,1.0
p[13232],0.62,0.02,0.58,0.66,0.0,0.0,9751.43,7270.47,1.0
p[13233],0.71,0.02,0.67,0.75,0.0,0.0,8634.27,6817.2,1.0
p[13234],0.73,0.02,0.69,0.78,0.0,0.0,9735.25,6423.91,1.0
p[13235],0.63,0.02,0.6,0.66,0.0,0.0,8787.81,6251.45,1.0
p[13236],0.63,0.02,0.6,0.66,0.0,0.0,8787.52,6251.45,1.0
p[13237],0.7,0.02,0.66,0.75,0.0,0.0,9781.53,7035.71,1.0
p[13238],0.78,0.01,0.75,0.8,0.0,0.0,8400.88,7297.85,1.0
p[13239],0.62,0.03,0.57,0.67,0.0,0.0,10011.31,6860.68,1.0
p[13240],0.41,0.02,0.37,0.45,0.0,0.0,9755.19,7398.29,1.0
p[13241],0.63,0.02,0.6,0.67,0.0,0.0,8784.84,6411.31,1.0
p[13242],0.71,0.02,0.67,0.76,0.0,0.0,8619.62,6665.52,1.0
p[13243],0.64,0.02,0.61,0.67,0.0,0.0,8782.44,6437.58,1.0
p[13244],0.55,0.02,0.51,0.59,0.0,0.0,9388.68,6588.14,1.0
p[13245],0.78,0.01,0.76,0.81,0.0,0.0,8391.03,7263.11,1.0
p[13246],0.78,0.01,0.76,0.81,0.0,0.0,8390.85,7297.62,1.0
p[13247],0.78,0.01,0.76,0.81,0.0,0.0,8389.66,7297.62,1.0
p[13248],0.63,0.02,0.59,0.67,0.0,0.0,9711.17,7214.59,1.0
p[13249],0.64,0.02,0.61,0.67,0.0,0.0,8781.6,6188.42,1.0
p[13250],0.56,0.03,0.51,0.61,0.0,0.0,9934.93,6838.93,1.0
p[13251],0.78,0.01,0.76,0.81,0.0,0.0,8385.91,7333.56,1.0
p[13252],0.42,0.02,0.38,0.46,0.0,0.0,9720.58,7305.62,1.0
p[13253],0.64,0.02,0.61,0.67,0.0,0.0,8780.76,6426.16,1.0
p[13254],0.71,0.02,0.67,0.76,0.0,0.0,9743.95,7043.62,1.0
p[13255],0.64,0.02,0.61,0.68,0.0,0.0,8779.52,6427.47,1.0
p[13256],0.72,0.02,0.68,0.76,0.0,0.0,8596.62,6722.59,1.0
p[13257],0.74,0.02,0.7,0.79,0.0,0.0,9691.68,6427.19,1.0
p[13258],0.63,0.03,0.58,0.68,0.0,0.0,9952.08,6800.51,1.0
p[13259],0.42,0.02,0.38,0.46,0.0,0.0,9704.27,7269.95,1.0
p[13260],0.65,0.02,0.62,0.68,0.0,0.0,8776.6,6277.46,1.0
p[13261],0.79,0.01,0.76,0.81,0.0,0.0,8379.99,7263.78,1.0
p[13262],0.56,0.02,0.52,0.61,0.0,0.0,9335.97,6616.72,1.0
p[13263],0.64,0.02,0.6,0.68,0.0,0.0,9662.15,7287.46,1.0
p[13264],0.57,0.03,0.52,0.62,0.0,0.0,9881.51,6996.95,1.0
p[13265],0.65,0.03,0.59,0.7,0.0,0.0,8949.07,6752.61,1.0
p[13266],0.65,0.02,0.62,0.68,0.0,0.0,8774.59,6332.79,1.0
p[13267],0.73,0.02,0.69,0.77,0.0,0.0,8570.97,6576.81,1.0
p[13268],0.75,0.02,0.71,0.79,0.0,0.0,9656.77,6427.51,1.0
p[13269],0.79,0.01,0.77,0.82,0.0,0.0,8374.09,7264.09,1.0
p[13270],0.65,0.02,0.62,0.69,0.0,0.0,8773.4,6292.44,1.0
p[13271],0.66,0.02,0.62,0.69,0.0,0.0,8772.23,6292.44,1.0
p[13272],0.66,0.02,0.62,0.69,0.0,0.0,8771.32,6292.44,1.0
p[13273],0.8,0.01,0.77,0.82,0.0,0.0,8373.31,7264.79,1.0
p[13274],0.64,0.03,0.59,0.69,0.0,0.0,9893.84,6967.88,1.0
p[13275],0.8,0.01,0.77,0.82,0.0,0.0,8369.24,7264.18,1.0
p[13276],0.25,0.02,0.22,0.29,0.0,0.0,9118.25,7318.14,1.0
p[13277],0.45,0.02,0.41,0.49,0.0,0.0,9236.68,7566.38,1.0
p[13278],0.55,0.03,0.51,0.61,0.0,0.0,9272.61,6623.32,1.0
p[13279],0.58,0.03,0.53,0.64,0.0,0.0,10154.25,6534.72,1.0
p[13280],0.47,0.03,0.41,0.53,0.0,0.0,9349.74,6437.71,1.0
p[13281],0.65,0.02,0.61,0.68,0.0,0.0,8877.22,6916.6,1.0
p[13282],0.47,0.02,0.42,0.51,0.0,0.0,9252.04,7605.06,1.0
p[13283],0.47,0.02,0.43,0.51,0.0,0.0,9260.1,7404.3,1.0
p[13284],0.65,0.02,0.62,0.69,0.0,0.0,8865.69,6948.8,1.0
p[13285],0.48,0.02,0.43,0.52,0.0,0.0,9265.01,7681.59,1.0
p[13286],0.41,0.02,0.37,0.45,0.0,0.0,9262.82,7021.83,1.0
p[13287],0.49,0.02,0.45,0.53,0.0,0.0,9274.16,7713.69,1.0
p[13288],0.29,0.02,0.26,0.32,0.0,0.0,9310.01,6961.57,1.0
p[13289],0.68,0.02,0.65,0.71,0.0,0.0,8803.42,6919.1,1.0
p[13290],0.68,0.02,0.65,0.71,0.0,0.0,8802.44,6919.1,1.0
p[13291],0.5,0.02,0.46,0.54,0.0,0.0,9283.52,7386.82,1.0
p[13292],0.29,0.02,0.26,0.33,0.0,0.0,9315.57,6993.01,1.0
p[13293],0.6,0.02,0.56,0.65,0.0,0.0,9203.94,6525.8,1.0
p[13294],0.6,0.03,0.54,0.65,0.0,0.0,9956.27,6626.71,1.0
p[13295],0.52,0.02,0.48,0.55,0.0,0.0,8233.99,6528.52,1.0
p[13296],0.63,0.03,0.58,0.68,0.0,0.0,10160.31,6347.06,1.0
p[13297],0.3,0.02,0.27,0.34,0.0,0.0,9327.82,7091.67,1.0
p[13298],0.61,0.02,0.57,0.66,0.0,0.0,9202.17,6640.83,1.0
p[13299],0.69,0.02,0.66,0.72,0.0,0.0,8778.25,7109.71,1.0
p[13300],0.52,0.02,0.49,0.55,0.0,0.0,8239.43,6614.54,1.0
p[13301],0.69,0.02,0.66,0.72,0.0,0.0,8776.91,7076.32,1.0
p[13302],0.52,0.02,0.49,0.56,0.0,0.0,8240.9,6614.44,1.0
p[13303],0.61,0.02,0.57,0.66,0.0,0.0,9199.98,6699.58,1.0
p[13304],0.52,0.02,0.48,0.56,0.0,0.0,9290.87,7372.94,1.0
p[13305],0.31,0.02,0.27,0.34,0.0,0.0,9338.76,7157.25,1.0
p[13306],0.69,0.02,0.67,0.72,0.0,0.0,8768.29,6995.52,1.0
p[13307],0.69,0.02,0.67,0.72,0.0,0.0,8768.29,6995.52,1.0
p[13308],0.44,0.02,0.39,0.49,0.0,0.0,10344.51,6328.29,1.0
p[13309],0.44,0.02,0.4,0.48,0.0,0.0,9334.91,6900.89,1.0
p[13310],0.62,0.02,0.57,0.66,0.0,0.0,9192.04,6728.4,1.0
p[13311],0.64,0.03,0.59,0.69,0.0,0.0,10154.52,6610.54,1.0
p[13312],0.53,0.02,0.5,0.56,0.0,0.0,8241.37,6731.47,1.0
p[13313],0.61,0.03,0.56,0.66,0.0,0.0,9956.55,6656.79,1.0
p[13314],0.7,0.02,0.67,0.73,0.0,0.0,8761.94,7028.26,1.0
p[13315],0.67,0.03,0.62,0.72,0.0,0.0,10920.07,7196.81,1.0
p[13316],0.62,0.02,0.57,0.66,0.0,0.0,9187.79,6728.48,1.0
p[13317],0.31,0.02,0.28,0.35,0.0,0.0,9359.34,7116.95,1.0
p[13318],0.45,0.02,0.4,0.49,0.0,0.0,10354.62,6304.72,1.0
p[13319],0.53,0.02,0.5,0.57,0.0,0.0,8241.32,6701.92,1.0
p[13320],0.53,0.02,0.5,0.57,0.0,0.0,8241.32,6701.92,1.0
p[13321],0.62,0.02,0.58,0.67,0.0,0.0,9180.05,6728.24,1.0
p[13322],0.44,0.02,0.4,0.48,0.0,0.0,9353.71,6931.86,1.0
p[13323],0.73,0.02,0.68,0.77,0.0,0.0,9958.06,6862.71,1.0
p[13324],0.62,0.02,0.58,0.67,0.0,0.0,9173.8,6728.24,1.0
p[13325],0.7,0.02,0.68,0.73,0.0,0.0,8743.74,7044.1,1.0
p[13326],0.53,0.02,0.49,0.57,0.0,0.0,9365.56,7367.95,1.0
p[13327],0.54,0.02,0.51,0.57,0.0,0.0,8243.13,6776.34,1.0
p[13328],0.32,0.02,0.28,0.35,0.0,0.0,9374.21,7018.3,1.0
p[13329],0.71,0.02,0.68,0.73,0.0,0.0,8737.3,7076.8,1.0
p[13330],0.71,0.02,0.68,0.73,0.0,0.0,8735.55,7076.8,1.0
p[13331],0.46,0.02,0.41,0.5,0.0,0.0,10360.64,6299.88,1.0
p[13332],0.63,0.02,0.58,0.67,0.0,0.0,9164.98,6865.56,1.0
p[13333],0.65,0.03,0.6,0.7,0.0,0.0,10150.61,6342.48,1.0
p[13334],0.71,0.02,0.68,0.73,0.0,0.0,8734.09,7011.66,1.0
p[13335],0.63,0.02,0.58,0.67,0.0,0.0,9164.48,6828.52,1.0
p[13336],0.54,0.02,0.51,0.57,0.0,0.0,8244.05,6805.91,1.0
p[13337],0.62,0.03,0.57,0.67,0.0,0.0,9948.95,6590.46,1.0
p[13338],0.71,0.02,0.68,0.74,0.0,0.0,8732.56,7012.78,1.0
p[13339],0.54,0.02,0.51,0.57,0.0,0.0,8243.58,6805.91,1.0
p[13340],0.53,0.02,0.5,0.57,0.0,0.0,9362.39,7439.18,1.0
p[13341],0.54,0.02,0.51,0.57,0.0,0.0,8243.78,6805.91,1.0
p[13342],0.54,0.02,0.51,0.57,0.0,0.0,8243.78,6805.91,1.0
p[13343],0.57,0.02,0.52,0.61,0.0,0.0,10348.97,7522.18,1.0
p[13344],0.71,0.02,0.68,0.74,0.0,0.0,8729.47,7012.46,1.0
p[13345],0.68,0.03,0.63,0.73,0.0,0.0,10921.51,7159.93,1.0
p[13346],0.53,0.03,0.48,0.58,0.0,0.0,10323.05,7105.45,1.0
p[13347],0.32,0.02,0.29,0.36,0.0,0.0,9384.95,7051.52,1.0
p[13348],0.46,0.02,0.41,0.51,0.0,0.0,10365.66,6192.93,1.0
p[13349],0.63,0.02,0.59,0.68,0.0,0.0,9154.26,6767.09,1.0
p[13350],0.73,0.02,0.69,0.78,0.0,0.0,9991.46,6956.68,1.0
p[13351],0.46,0.02,0.42,0.5,0.0,0.0,9383.11,6542.38,1.0
p[13352],0.71,0.01,0.68,0.74,0.0,0.0,8717.2,7013.15,1.0
p[13353],0.55,0.02,0.52,0.58,0.0,0.0,8245.8,6855.55,1.0
p[13354],0.63,0.02,0.59,0.68,0.0,0.0,9153.47,6767.09,1.0
p[13355],0.54,0.02,0.5,0.58,0.0,0.0,9356.98,7511.99,1.0
p[13356],0.64,0.02,0.59,0.68,0.0,0.0,9147.28,6774.35,1.0
p[13357],0.54,0.02,0.5,0.58,0.0,0.0,9355.16,7707.87,1.0
p[13358],0.71,0.01,0.69,0.74,0.0,0.0,8707.53,6989.3,1.0
p[13359],0.55,0.02,0.52,0.58,0.0,0.0,8249.02,6817.61,1.0
p[13360],0.47,0.02,0.42,0.51,0.0,0.0,10361.57,6352.6,1.0
p[13361],0.72,0.01,0.69,0.74,0.0,0.0,8704.16,6958.76,1.0
p[13362],0.64,0.02,0.6,0.68,0.0,0.0,9141.92,6744.44,1.0
p[13363],0.64,0.02,0.6,0.68,0.0,0.0,9141.11,6759.82,1.0
p[13364],0.66,0.03,0.62,0.71,0.0,0.0,10138.98,6491.02,1.0
p[13365],0.58,0.02,0.54,0.63,0.0,0.0,10370.25,7484.52,1.0
p[13366],0.72,0.01,0.69,0.75,0.0,0.0,8695.63,7017.48,1.0
p[13367],0.55,0.02,0.52,0.59,0.0,0.0,8252.82,6697.9,1.0
p[13368],0.63,0.03,0.58,0.68,0.0,0.0,9948.68,6487.61,1.0
p[13369],0.56,0.02,0.53,0.59,0.0,0.0,8252.95,6697.51,1.0
p[13370],0.72,0.01,0.69,0.75,0.0,0.0,8692.52,7016.42,1.0
p[13371],0.69,0.03,0.64,0.74,0.0,0.0,10911.04,7029.26,1.0
p[13372],0.55,0.02,0.51,0.59,0.0,0.0,9341.94,7528.11,1.0
p[13373],0.54,0.03,0.49,0.59,0.0,0.0,10339.58,6988.13,1.0
p[13374],0.56,0.02,0.53,0.59,0.0,0.0,8257.97,6524.44,1.0
p[13375],0.74,0.02,0.7,0.79,0.0,0.0,10036.19,6911.38,1.0
p[13376],0.56,0.02,0.53,0.59,0.0,0.0,8258.6,6524.44,1.0
p[13377],0.65,0.02,0.6,0.69,0.0,0.0,9129.08,6927.28,1.0
p[13378],0.48,0.02,0.43,0.52,0.0,0.0,10351.24,6351.37,1.0
p[13379],0.47,0.02,0.43,0.51,0.0,0.0,9407.35,6458.4,1.0
p[13380],0.34,0.02,0.3,0.37,0.0,0.0,9400.53,6892.27,1.0
p[13381],0.55,0.02,0.51,0.59,0.0,0.0,9336.61,7400.62,1.0
p[13382],0.65,0.02,0.61,0.69,0.0,0.0,9126.5,6959.73,1.0
p[13383],0.72,0.01,0.7,0.75,0.0,0.0,8676.83,6918.29,1.0
p[13384],0.56,0.02,0.53,0.59,0.0,0.0,8262.42,6551.98,1.0
p[13385],0.55,0.02,0.52,0.59,0.0,0.0,9335.4,7401.01,1.0
p[13386],0.48,0.02,0.43,0.53,0.0,0.0,10345.8,6270.6,1.0
p[13387],0.65,0.02,0.61,0.69,0.0,0.0,9114.43,6896.73,1.0
p[13388],0.68,0.03,0.63,0.72,0.0,0.0,10122.07,6165.22,1.0
p[13389],0.73,0.01,0.7,0.75,0.0,0.0,8661.98,6940.18,1.0
p[13390],0.57,0.02,0.54,0.6,0.0,0.0,8264.85,6441.83,1.0
p[13391],0.73,0.01,0.7,0.75,0.0,0.0,8661.26,6972.01,1.0
p[13392],0.56,0.02,0.52,0.6,0.0,0.0,9326.71,7471.98,1.0
p[13393],0.57,0.02,0.54,0.6,0.0,0.0,8265.62,6469.58,1.0
p[13394],0.73,0.01,0.7,0.75,0.0,0.0,8660.56,6972.01,1.0
p[13395],0.65,0.02,0.61,0.7,0.0,0.0,9111.19,6877.2,1.0
p[13396],0.59,0.02,0.55,0.64,0.0,0.0,10394.05,7530.57,1.0
p[13397],0.65,0.02,0.61,0.69,0.0,0.0,9477.74,7297.87,1.0
p[13398],0.65,0.03,0.6,0.69,0.0,0.0,9940.88,6544.29,1.0
p[13399],0.73,0.01,0.7,0.75,0.0,0.0,8658.85,7003.49,1.0
p[13400],0.73,0.01,0.7,0.75,0.0,0.0,8658.09,7003.49,1.0
p[13401],0.56,0.03,0.5,0.61,0.0,0.0,10348.28,7021.15,1.0
p[13402],0.7,0.03,0.65,0.75,0.0,0.0,10894.88,7060.42,1.0
p[13403],0.34,0.02,0.31,0.38,0.0,0.0,9408.96,6862.28,1.0
p[13404],0.57,0.02,0.54,0.6,0.0,0.0,8270.35,6526.67,1.0
p[13405],0.57,0.02,0.54,0.6,0.0,0.0,8271.54,6526.67,1.0
p[13406],0.57,0.02,0.54,0.6,0.0,0.0,8271.54,6526.67,1.0
p[13407],0.49,0.02,0.44,0.53,0.0,0.0,10339.9,6141.01,1.0
p[13408],0.48,0.02,0.44,0.52,0.0,0.0,9371.58,6502.71,1.0
p[13409],0.66,0.02,0.62,0.7,0.0,0.0,9096.8,6865.78,1.0
p[13410],0.76,0.02,0.71,0.8,0.0,0.0,10065.47,6829.98,1.0
p[13411],0.57,0.02,0.53,0.6,0.0,0.0,9314.87,7363.34,1.0
p[13412],0.66,0.02,0.62,0.7,0.0,0.0,9453.6,7367.86,1.0
p[13413],0.57,0.02,0.54,0.6,0.0,0.0,8317.94,6469.73,1.0
p[13414],0.73,0.01,0.71,0.76,0.0,0.0,8643.23,6954.43,1.0
p[13415],0.57,0.02,0.53,0.61,0.0,0.0,9312.69,7381.22,1.0
p[13416],0.74,0.01,0.71,0.76,0.0,0.0,8638.34,6999.94,1.0
p[13417],0.49,0.02,0.45,0.54,0.0,0.0,10331.76,6293.92,1.0
p[13418],0.66,0.02,0.62,0.7,0.0,0.0,9083.96,6815.33,1.0
p[13419],0.58,0.02,0.55,0.61,0.0,0.0,8312.15,6442.25,1.0
p[13420],0.6,0.02,0.56,0.65,0.0,0.0,10405.68,7591.68,1.0
p[13421],0.74,0.01,0.71,0.76,0.0,0.0,8631.6,7031.74,1.0
p[13422],0.66,0.03,0.61,0.7,0.0,0.0,9927.66,6498.16,1.0
p[13423],0.74,0.01,0.71,0.76,0.0,0.0,8629.6,7031.74,1.0
p[13424],0.57,0.02,0.53,0.61,0.0,0.0,9305.19,7277.69,1.0
p[13425],0.71,0.03,0.66,0.76,0.0,0.0,10877.78,7127.56,1.0
p[13426],0.69,0.02,0.64,0.73,0.0,0.0,10100.76,6182.04,1.0
p[13427],0.58,0.02,0.55,0.61,0.0,0.0,8310.99,6441.44,1.0
p[13428],0.5,0.02,0.45,0.54,0.0,0.0,10326.05,6268.02,1.0
p[13429],0.36,0.02,0.32,0.39,0.0,0.0,9421.27,6739.5,1.0
p[13430],0.58,0.02,0.55,0.61,0.0,0.0,8309.19,6442.44,1.0
p[13431],0.57,0.03,0.52,0.62,0.0,0.0,10350.77,7080.96,1.0
p[13432],0.76,0.02,0.72,0.8,0.0,0.0,10094.31,6830.29,1.0
p[13433],0.58,0.02,0.55,0.61,0.0,0.0,8307.41,6470.19,1.0
p[13434],0.67,0.02,0.63,0.71,0.0,0.0,9070.77,6755.44,1.0
p[13435],0.5,0.02,0.45,0.53,0.0,0.0,9302.82,6559.96,1.0
p[13436],0.58,0.02,0.54,0.61,0.0,0.0,9296.26,7327.54,1.0
p[13437],0.58,0.02,0.54,0.62,0.0,0.0,9291.21,7311.22,1.0
p[13438],0.36,0.02,0.33,0.4,0.0,0.0,9424.46,6737.09,1.0
p[13439],0.51,0.02,0.46,0.55,0.0,0.0,10306.9,6081.16,1.0
p[13440],0.7,0.02,0.65,0.74,0.0,0.0,10086.35,6375.1,1.0
p[13441],0.67,0.02,0.63,0.71,0.0,0.0,9401.64,7504.56,1.0
p[13442],0.67,0.03,0.62,0.72,0.0,0.0,9906.3,6508.51,1.0
p[13443],0.59,0.02,0.56,0.62,0.0,0.0,8302.94,6443.4,1.0
p[13444],0.59,0.02,0.56,0.62,0.0,0.0,8302.94,6443.4,1.0
p[13445],0.68,0.02,0.63,0.71,0.0,0.0,9054.49,6665.48,1.0
p[13446],0.58,0.02,0.55,0.62,0.0,0.0,9285.7,7329.55,1.0
p[13447],0.75,0.01,0.72,0.77,0.0,0.0,8594.27,7164.68,1.0
p[13448],0.59,0.02,0.56,0.62,0.0,0.0,8302.11,6443.51,1.0
p[13449],0.59,0.02,0.56,0.62,0.0,0.0,8302.11,6443.51,1.0
p[13450],0.58,0.03,0.53,0.63,0.0,0.0,10353.07,7114.86,1.0
p[13451],0.75,0.01,0.72,0.77,0.0,0.0,8592.5,7198.6,1.0
p[13452],0.62,0.02,0.58,0.66,0.0,0.0,10411.87,7593.5,1.0
p[13453],0.59,0.02,0.57,0.62,0.0,0.0,8302.35,6443.51,1.0
p[13454],0.75,0.01,0.73,0.77,0.0,0.0,8590.98,7198.6,1.0
p[13455],0.37,0.02,0.33,0.41,0.0,0.0,9427.29,6889.8,1.0
p[13456],0.51,0.02,0.47,0.56,0.0,0.0,10294.53,6190.29,1.0
p[13457],0.75,0.01,0.73,0.78,0.0,0.0,8587.68,7232.85,1.0
p[13458],0.68,0.02,0.64,0.72,0.0,0.0,9041.08,6665.32,1.0
p[13459],0.73,0.02,0.68,0.77,0.0,0.0,10858.24,7228.07,1.0
p[13460],0.75,0.01,0.73,0.78,0.0,0.0,8585.04,7063.31,1.0
p[13461],0.6,0.02,0.57,0.63,0.0,0.0,8301.68,6498.37,1.0
p[13462],0.51,0.02,0.47,0.55,0.0,0.0,9231.43,6803.36,1.0
p[13463],0.75,0.01,0.73,0.78,0.0,0.0,8581.73,6966.97,1.0
p[13464],0.59,0.02,0.55,0.63,0.0,0.0,9274.62,7287.6,1.0
p[13465],0.77,0.02,0.73,0.81,0.0,0.0,10104.07,6513.1,1.0
p[13466],0.75,0.01,0.73,0.78,0.0,0.0,8577.11,7031.4,1.0
p[13467],0.68,0.02,0.64,0.72,0.0,0.0,9370.53,7466.33,1.0
p[13468],0.6,0.02,0.57,0.63,0.0,0.0,8299.07,6443.59,1.0
p[13469],0.75,0.01,0.73,0.78,0.0,0.0,8574.95,7065.96,1.0
p[13470],0.59,0.02,0.55,0.63,0.0,0.0,9272.6,7287.6,1.0
p[13471],0.52,0.02,0.47,0.56,0.0,0.0,10292.68,6135.24,1.0
p[13472],0.37,0.02,0.34,0.41,0.0,0.0,9429.22,6826.98,1.0
p[13473],0.76,0.01,0.73,0.78,0.0,0.0,8568.9,7230.0,1.0
p[13474],0.76,0.01,0.73,0.78,0.0,0.0,8564.23,7200.35,1.0
p[13475],0.71,0.02,0.66,0.75,0.0,0.0,10064.78,6165.46,1.0
p[13476],0.68,0.02,0.63,0.73,0.0,0.0,9889.17,6537.14,1.0
p[13477],0.6,0.02,0.57,0.63,0.0,0.0,8293.77,6501.5,1.0
p[13478],0.76,0.01,0.73,0.78,0.0,0.0,8560.72,7165.46,1.0
p[13479],0.6,0.02,0.56,0.63,0.0,0.0,9265.41,7253.28,1.0
p[13480],0.69,0.02,0.64,0.72,0.0,0.0,9017.75,6607.75,1.0
p[13481],0.73,0.02,0.69,0.78,0.0,0.0,10834.63,7228.91,1.0
p[13482],0.61,0.02,0.58,0.63,0.0,0.0,8291.65,6473.78,1.0
p[13483],0.59,0.03,0.54,0.64,0.0,0.0,10346.42,6984.49,1.0
p[13484],0.76,0.01,0.73,0.78,0.0,0.0,8554.2,7153.6,1.0
p[13485],0.63,0.02,0.59,0.67,0.0,0.0,10415.97,7444.72,1.0
p[13486],0.61,0.02,0.58,0.64,0.0,0.0,8291.69,6557.66,1.0
p[13487],0.38,0.02,0.35,0.42,0.0,0.0,9434.45,6770.33,1.0
p[13488],0.52,0.02,0.48,0.57,0.0,0.0,10272.98,6381.43,1.0
p[13489],0.69,0.02,0.65,0.73,0.0,0.0,9006.68,6637.01,1.0
p[13490],0.61,0.02,0.58,0.64,0.0,0.0,8291.11,6501.35,1.0
p[13491],0.52,0.02,0.48,0.56,0.0,0.0,9146.53,6913.57,1.0
p[13492],0.78,0.02,0.74,0.82,0.0,0.0,10113.42,6403.97,1.0
p[13493],0.6,0.02,0.56,0.64,0.0,0.0,9254.96,7286.3,1.0
p[13494],0.76,0.01,0.74,0.79,0.0,0.0,8538.26,7132.97,1.0
p[13495],0.61,0.02,0.58,0.64,0.0,0.0,8291.07,6419.47,1.0
p[13496],0.6,0.02,0.57,0.64,0.0,0.0,9250.22,7217.64,1.0
p[13497],0.39,0.02,0.35,0.42,0.0,0.0,9436.75,6815.87,1.0
p[13498],0.53,0.02,0.48,0.58,0.0,0.0,10247.13,6416.52,1.0
p[13499],0.77,0.01,0.74,0.79,0.0,0.0,8523.25,7065.84,1.0
p[13500],0.72,0.02,0.68,0.76,0.0,0.0,10041.4,6110.86,1.0
p[13501],0.69,0.02,0.64,0.74,0.0,0.0,9861.8,6728.79,1.0
p[13502],0.77,0.01,0.74,0.79,0.0,0.0,8519.76,7033.22,1.0
p[13503],0.61,0.02,0.57,0.64,0.0,0.0,9245.97,7492.62,1.0
p[13504],0.62,0.02,0.59,0.65,0.0,0.0,8284.67,6616.23,1.0
p[13505],0.77,0.01,0.74,0.79,0.0,0.0,8519.39,7033.22,1.0
p[13506],0.62,0.02,0.59,0.65,0.0,0.0,8285.5,6616.23,1.0
p[13507],0.62,0.02,0.59,0.65,0.0,0.0,8285.5,6616.23,1.0
p[13508],0.62,0.02,0.59,0.65,0.0,0.0,8285.5,6616.23,1.0
p[13509],0.77,0.01,0.74,0.79,0.0,0.0,8516.25,7033.51,1.0
p[13510],0.7,0.02,0.66,0.74,0.0,0.0,8984.1,6636.12,1.0
p[13511],0.7,0.02,0.66,0.74,0.0,0.0,9290.15,7468.1,1.0
p[13512],0.74,0.02,0.7,0.79,0.0,0.0,10796.51,7228.24,1.0
p[13513],0.6,0.03,0.56,0.65,0.0,0.0,10343.32,7039.25,1.0
p[13514],0.54,0.02,0.49,0.58,0.0,0.0,10231.26,6245.79,1.0
p[13515],0.62,0.02,0.59,0.65,0.0,0.0,8282.32,6675.43,1.0
p[13516],0.39,0.02,0.36,0.43,0.0,0.0,9435.32,6846.14,1.0
p[13517],0.64,0.02,0.61,0.69,0.0,0.0,10416.04,7409.26,1.0
p[13518],0.53,0.02,0.49,0.57,0.0,0.0,9079.91,7200.89,1.0
p[13519],0.7,0.02,0.66,0.74,0.0,0.0,8975.13,6637.07,1.0
p[13520],0.61,0.02,0.58,0.65,0.0,0.0,9234.18,7448.62,1.0
p[13521],0.79,0.02,0.75,0.83,0.0,0.0,10142.4,6546.93,1.0
p[13522],0.62,0.02,0.59,0.65,0.0,0.0,8287.19,6765.73,1.0
p[13523],0.7,0.02,0.67,0.74,0.0,0.0,9261.57,7616.0,1.0
p[13524],0.62,0.02,0.58,0.65,0.0,0.0,9229.12,7400.81,1.0
p[13525],0.4,0.02,0.36,0.44,0.0,0.0,9432.86,6768.01,1.0
p[13526],0.54,0.02,0.5,0.59,0.0,0.0,10218.92,6414.67,1.0
p[13527],0.77,0.01,0.75,0.8,0.0,0.0,8492.74,7056.53,1.0
p[13528],0.65,0.02,0.61,0.69,0.0,0.0,10413.72,7409.68,1.0
p[13529],0.63,0.02,0.6,0.65,0.0,0.0,8287.67,6733.38,1.0
p[13530],0.78,0.01,0.75,0.8,0.0,0.0,8491.02,7056.17,1.0
p[13531],0.71,0.02,0.67,0.75,0.0,0.0,8959.72,6550.94,1.0
p[13532],0.7,0.02,0.66,0.75,0.0,0.0,9839.78,6812.78,1.0
p[13533],0.78,0.01,0.75,0.8,0.0,0.0,8488.16,7089.23,1.0
p[13534],0.62,0.02,0.58,0.66,0.0,0.0,9220.03,7328.28,1.0
p[13535],0.78,0.01,0.75,0.8,0.0,0.0,8485.83,7089.23,1.0
p[13536],0.75,0.02,0.71,0.8,0.0,0.0,10768.98,7125.16,1.0
p[13537],0.63,0.01,0.6,0.66,0.0,0.0,8290.38,6646.03,1.0
p[13538],0.73,0.02,0.69,0.77,0.0,0.0,10007.0,6006.08,1.0
p[13539],0.4,0.02,0.37,0.44,0.0,0.0,9432.98,6950.23,1.0
p[13540],0.71,0.02,0.67,0.75,0.0,0.0,8950.96,6635.6,1.0
p[13541],0.55,0.02,0.51,0.6,0.0,0.0,10195.44,6496.81,1.0
p[13542],0.62,0.03,0.57,0.67,0.0,0.0,10330.52,7003.82,1.0
p[13543],0.63,0.01,0.6,0.66,0.0,0.0,8288.21,6531.71,1.0
p[13544],0.71,0.02,0.67,0.75,0.0,0.0,8948.13,6606.71,1.0
p[13545],0.55,0.02,0.51,0.58,0.0,0.0,8998.19,6973.1,1.0
p[13546],0.8,0.02,0.76,0.84,0.0,0.0,10086.19,6583.4,1.0
p[13547],0.66,0.02,0.62,0.7,0.0,0.0,10406.95,7410.27,1.0
p[13548],0.63,0.02,0.59,0.66,0.0,0.0,9203.72,7200.14,1.0
p[13549],0.78,0.01,0.76,0.8,0.0,0.0,8473.32,7158.5,1.0
p[13550],0.71,0.02,0.68,0.75,0.0,0.0,8939.75,6636.08,1.0
p[13551],0.71,0.02,0.68,0.75,0.0,0.0,9192.76,7239.67,1.0
p[13552],0.63,0.02,0.59,0.66,0.0,0.0,9201.3,7165.79,1.0
p[13553],0.41,0.02,0.37,0.45,0.0,0.0,9425.35,7096.98,1.0
p[13554],0.56,0.02,0.51,0.6,0.0,0.0,10139.48,6510.18,1.0
p[13555],0.72,0.02,0.68,0.75,0.0,0.0,8932.14,6635.55,1.0
p[13556],0.72,0.02,0.68,0.75,0.0,0.0,8930.85,6693.99,1.0
p[13557],0.74,0.02,0.7,0.78,0.0,0.0,9984.58,6029.07,1.0
p[13558],0.78,0.01,0.76,0.81,0.0,0.0,8459.89,7295.74,1.0
p[13559],0.71,0.02,0.67,0.75,0.0,0.0,9816.13,6691.67,1.0
p[13560],0.63,0.02,0.59,0.67,0.0,0.0,9194.73,7098.54,1.0
p[13561],0.64,0.01,0.61,0.67,0.0,0.0,8292.3,6616.95,1.0
p[13562],0.78,0.01,0.76,0.81,0.0,0.0,8457.82,7296.63,1.0
p[13563],0.78,0.01,0.76,0.81,0.0,0.0,8457.82,7296.63,1.0
p[13564],0.64,0.01,0.61,0.67,0.0,0.0,8293.45,6734.2,1.0
p[13565],0.64,0.01,0.61,0.67,0.0,0.0,8293.45,6734.2,1.0
p[13566],0.64,0.01,0.61,0.67,0.0,0.0,8294.46,6763.96,1.0
p[13567],0.63,0.03,0.58,0.68,0.0,0.0,10316.06,7102.65,1.0
p[13568],0.76,0.02,0.72,0.8,0.0,0.0,10732.72,6994.01,1.0
p[13569],0.79,0.01,0.76,0.81,0.0,0.0,8450.86,7297.0,1.0
p[13570],0.56,0.02,0.52,0.61,0.0,0.0,10065.04,6480.56,1.0
p[13571],0.42,0.02,0.38,0.46,0.0,0.0,9425.92,7030.98,1.0
p[13572],0.81,0.02,0.77,0.84,0.0,0.0,10025.2,6949.84,1.0
p[13573],0.72,0.02,0.68,0.76,0.0,0.0,8915.88,6752.99,1.0
p[13574],0.72,0.02,0.68,0.76,0.0,0.0,8914.31,6752.99,1.0
p[13575],0.56,0.02,0.52,0.6,0.0,0.0,8914.57,6465.03,1.0
p[13576],0.79,0.01,0.77,0.81,0.0,0.0,8443.82,7302.84,1.0
p[13577],0.65,0.01,0.62,0.67,0.0,0.0,8293.78,6732.81,1.0
p[13578],0.64,0.02,0.6,0.67,0.0,0.0,9180.84,7098.0,1.0
p[13579],0.77,0.02,0.72,0.81,0.0,0.0,10720.7,6994.01,1.0
p[13580],0.72,0.02,0.69,0.76,0.0,0.0,9140.16,7238.87,1.0
p[13581],0.65,0.01,0.62,0.67,0.0,0.0,8293.66,6732.87,1.0
p[13582],0.79,0.01,0.77,0.81,0.0,0.0,8436.31,7267.85,1.0
p[13583],0.57,0.02,0.52,0.61,0.0,0.0,10052.35,6466.03,1.0
p[13584],0.64,0.02,0.6,0.68,0.0,0.0,9177.05,7000.05,1.0
p[13585],0.73,0.02,0.69,0.76,0.0,0.0,8896.89,6783.05,1.0
p[13586],0.65,0.01,0.62,0.68,0.0,0.0,8289.28,6950.6,1.0
p[13587],0.73,0.02,0.69,0.76,0.0,0.0,8895.66,6813.37,1.0
p[13588],0.65,0.01,0.62,0.68,0.0,0.0,8289.42,6950.99,1.0
p[13589],0.79,0.01,0.77,0.81,0.0,0.0,8429.92,7368.25,1.0
p[13590],0.72,0.02,0.68,0.76,0.0,0.0,9718.24,6721.74,1.0
p[13591],0.68,0.02,0.64,0.71,0.0,0.0,10386.1,7029.92,1.0
p[13592],0.64,0.02,0.61,0.68,0.0,0.0,9173.59,7034.45,1.0
p[13593],0.65,0.01,0.62,0.68,0.0,0.0,8291.9,6983.1,1.0
p[13594],0.79,0.01,0.77,0.82,0.0,0.0,8424.18,7297.33,1.0
p[13595],0.64,0.03,0.59,0.69,0.0,0.0,10300.12,7089.05,1.0
p[13596],0.77,0.02,0.73,0.81,0.0,0.0,10699.74,7025.93,1.0
p[13597],0.43,0.02,0.39,0.47,0.0,0.0,9419.25,6966.25,1.0
p[13598],0.75,0.02,0.71,0.79,0.0,0.0,9940.2,6181.84,1.0
p[13599],0.57,0.02,0.53,0.62,0.0,0.0,9998.61,6584.79,1.0
p[13600],0.66,0.01,0.63,0.68,0.0,0.0,8293.28,6982.34,1.0
p[13601],0.73,0.02,0.69,0.77,0.0,0.0,8884.44,6813.37,1.0
p[13602],0.81,0.02,0.78,0.85,0.0,0.0,9955.34,7014.13,1.0
p[13603],0.68,0.02,0.64,0.72,0.0,0.0,10380.57,7060.94,1.0
p[13604],0.73,0.02,0.7,0.77,0.0,0.0,8880.97,6782.99,1.0
p[13605],0.57,0.02,0.53,0.61,0.0,0.0,8848.47,6623.76,1.0
p[13606],0.65,0.02,0.61,0.69,0.0,0.0,9152.14,6970.41,1.0
p[13607],0.8,0.01,0.78,0.82,0.0,0.0,8408.11,7228.71,1.0
p[13608],0.73,0.02,0.7,0.77,0.0,0.0,9075.9,6954.52,1.0
p[13609],0.8,0.01,0.78,0.82,0.0,0.0,8402.08,7194.42,1.0
p[13610],0.44,0.02,0.4,0.47,0.0,0.0,9417.32,6903.33,1.0
p[13611],0.58,0.02,0.54,0.63,0.0,0.0,9950.66,6392.91,1.0
p[13612],0.8,0.01,0.78,0.82,0.0,0.0,8401.78,7160.9,1.0
p[13613],0.65,0.02,0.62,0.69,0.0,0.0,9142.22,7035.11,1.0
p[13614],0.74,0.02,0.7,0.77,0.0,0.0,8869.5,6723.82,1.0
p[13615],0.66,0.01,0.63,0.69,0.0,0.0,8295.84,6951.21,1.0
p[13616],0.69,0.02,0.65,0.72,0.0,0.0,10370.94,7309.65,1.0
p[13617],0.76,0.02,0.72,0.8,0.0,0.0,9910.84,6329.44,1.0
p[13618],0.74,0.02,0.7,0.77,0.0,0.0,8867.22,6724.02,1.0
p[13619],0.8,0.01,0.78,0.82,0.0,0.0,8397.73,7047.14,1.0
p[13620],0.8,0.01,0.78,0.82,0.0,0.0,8397.73,7047.14,1.0
p[13621],0.66,0.02,0.62,0.69,0.0,0.0,9135.79,6919.65,1.0
p[13622],0.66,0.01,0.64,0.69,0.0,0.0,8295.73,6971.97,1.0
p[13623],0.66,0.01,0.64,0.69,0.0,0.0,8295.73,6971.97,1.0
p[13624],0.66,0.01,0.64,0.69,0.0,0.0,8295.36,6971.97,1.0
p[13625],0.73,0.02,0.69,0.78,0.0,0.0,9645.68,6692.57,1.0
p[13626],0.78,0.02,0.74,0.82,0.0,0.0,10663.08,6837.12,1.0
p[13627],0.65,0.02,0.6,0.7,0.0,0.0,10272.42,7264.5,1.0
p[13628],0.8,0.01,0.78,0.82,0.0,0.0,8390.33,7014.23,1.0
p[13629],0.59,0.02,0.54,0.63,0.0,0.0,9908.1,6504.37,1.0
p[13630],0.44,0.02,0.41,0.48,0.0,0.0,9409.38,6904.77,1.0
p[13631],0.8,0.01,0.78,0.83,0.0,0.0,8387.77,7047.68,1.0
p[13632],0.74,0.02,0.7,0.78,0.0,0.0,8857.6,6695.34,1.0
p[13633],0.67,0.01,0.64,0.69,0.0,0.0,8295.48,7016.3,1.0
p[13634],0.82,0.02,0.79,0.86,0.0,0.0,9886.69,7111.29,1.0
p[13635],0.58,0.02,0.54,0.62,0.0,0.0,8786.1,6737.97,1.0
p[13636],0.74,0.02,0.71,0.78,0.0,0.0,8856.65,6695.35,1.0
p[13637],0.8,0.01,0.78,0.83,0.0,0.0,8386.44,7080.27,1.0
p[13638],0.66,0.02,0.63,0.7,0.0,0.0,9117.09,7002.47,1.0
p[13639],0.74,0.02,0.71,0.78,0.0,0.0,9013.61,7108.85,1.0
p[13640],0.66,0.02,0.63,0.7,0.0,0.0,9112.79,7002.47,1.0
p[13641],0.74,0.02,0.71,0.78,0.0,0.0,9001.31,6914.28,1.0
p[13642],0.59,0.02,0.55,0.64,0.0,0.0,9861.6,6449.53,1.0
p[13643],0.75,0.02,0.71,0.78,0.0,0.0,8836.87,6695.23,1.0
p[13644],0.67,0.01,0.65,0.7,0.0,0.0,8296.78,6921.55,1.0
p[13645],0.75,0.02,0.71,0.78,0.0,0.0,8835.26,6695.23,1.0
p[13646],0.67,0.02,0.63,0.7,0.0,0.0,9102.55,7033.95,1.0
p[13647],0.67,0.01,0.65,0.7,0.0,0.0,8296.83,6952.7,1.0
p[13648],0.7,0.02,0.66,0.73,0.0,0.0,10338.63,7290.74,1.0
p[13649],0.77,0.02,0.73,0.81,0.0,0.0,9871.78,6272.11,1.0
p[13650],0.68,0.01,0.65,0.7,0.0,0.0,8297.55,6921.43,1.0
p[13651],0.79,0.02,0.75,0.83,0.0,0.0,10623.16,6930.03,1.0
p[13652],0.66,0.02,0.62,0.71,0.0,0.0,10326.4,7089.34,1.0
p[13653],0.74,0.02,0.7,0.78,0.0,0.0,9569.19,6661.96,1.0
p[13654],0.81,0.01,0.79,0.83,0.0,0.0,8364.35,6982.27,1.0
p[13655],0.81,0.01,0.79,0.83,0.0,0.0,8363.39,6982.27,1.0
p[13656],0.68,0.01,0.65,0.71,0.0,0.0,8298.67,6927.51,1.0
p[13657],0.81,0.01,0.79,0.83,0.0,0.0,8362.72,7077.84,1.0
p[13658],0.75,0.02,0.72,0.79,0.0,0.0,8822.7,6725.32,1.0
p[13659],0.75,0.02,0.72,0.79,0.0,0.0,8821.41,6725.32,1.0
p[13660],0.6,0.02,0.56,0.64,0.0,0.0,8711.66,6752.02,1.0
p[13661],0.68,0.01,0.65,0.71,0.0,0.0,8300.09,6896.3,1.0
p[13662],0.7,0.02,0.66,0.74,0.0,0.0,10323.64,7278.07,1.0
p[13663],0.83,0.02,0.8,0.86,0.0,0.0,9857.14,7116.96,1.0
p[13664],0.67,0.02,0.64,0.71,0.0,0.0,9085.02,6886.93,1.0
p[13665],0.81,0.01,0.79,0.83,0.0,0.0,8356.2,6980.69,1.0
p[13666],0.67,0.02,0.64,0.71,0.0,0.0,9078.06,6855.25,1.0
p[13667],0.61,0.02,0.56,0.65,0.0,0.0,9764.9,6499.9,1.0
p[13668],0.46,0.02,0.42,0.5,0.0,0.0,9391.91,6937.44,1.0
p[13669],0.82,0.01,0.79,0.84,0.0,0.0,8350.03,7099.84,1.0
p[13670],0.68,0.01,0.66,0.71,0.0,0.0,8300.87,6865.6,1.0
p[13671],0.78,0.02,0.74,0.82,0.0,0.0,9836.41,6446.72,1.0
p[13672],0.76,0.02,0.72,0.79,0.0,0.0,8804.84,6724.75,1.0
p[13673],0.71,0.02,0.67,0.75,0.0,0.0,10303.48,7246.0,1.0
p[13674],0.82,0.01,0.8,0.84,0.0,0.0,8348.49,7099.94,1.0
p[13675],0.69,0.01,0.66,0.71,0.0,0.0,8301.89,6834.2,1.0
p[13676],0.68,0.02,0.64,0.71,0.0,0.0,9067.91,6981.18,1.0
p[13677],0.76,0.02,0.72,0.79,0.0,0.0,8798.82,6697.41,1.0
p[13678],0.82,0.01,0.8,0.84,0.0,0.0,8346.23,7066.06,1.0
p[13679],0.82,0.01,0.8,0.84,0.0,0.0,8346.08,7066.06,1.0
p[13680],0.8,0.02,0.76,0.83,0.0,0.0,10580.16,6927.49,1.0
p[13681],0.69,0.01,0.66,0.71,0.0,0.0,8303.09,6834.65,1.0
p[13682],0.69,0.01,0.66,0.71,0.0,0.0,8303.09,6834.65,1.0
p[13683],0.47,0.02,0.43,0.51,0.0,0.0,9385.43,6969.05,1.0
p[13684],0.82,0.01,0.8,0.84,0.0,0.0,8341.13,7134.05,1.0
p[13685],0.76,0.02,0.73,0.8,0.0,0.0,8791.22,6698.02,1.0
p[13686],0.61,0.02,0.57,0.65,0.0,0.0,8643.17,6700.96,1.0
p[13687],0.69,0.01,0.66,0.72,0.0,0.0,8303.37,6834.39,1.0
p[13688],0.84,0.02,0.81,0.87,0.0,0.0,9858.33,6997.83,1.0
p[13689],0.82,0.01,0.8,0.84,0.0,0.0,8336.45,7032.59,1.0
p[13690],0.69,0.02,0.65,0.72,0.0,0.0,9053.32,7110.46,1.0
p[13691],0.62,0.02,0.58,0.66,0.0,0.0,9654.82,6468.91,1.0
p[13692],0.7,0.01,0.67,0.72,0.0,0.0,8310.18,6720.28,1.0
p[13693],0.72,0.02,0.68,0.75,0.0,0.0,10268.6,7347.14,1.0
p[13694],0.82,0.01,0.8,0.84,0.0,0.0,8330.57,7043.52,1.0
p[13695],0.82,0.01,0.8,0.84,0.0,0.0,8330.31,7043.52,1.0
p[13696],0.76,0.02,0.72,0.8,0.0,0.0,9413.74,6516.37,1.0
p[13697],0.79,0.02,0.75,0.82,0.0,0.0,9792.23,6682.94,1.0
p[13698],0.7,0.01,0.67,0.72,0.0,0.0,8311.79,6719.6,1.0
p[13699],0.7,0.01,0.67,0.72,0.0,0.0,8310.87,6719.6,1.0
p[13700],0.83,0.01,0.81,0.85,0.0,0.0,8325.8,7013.03,1.0
p[13701],0.69,0.02,0.64,0.73,0.0,0.0,9954.7,7146.1,1.0
p[13702],0.7,0.01,0.67,0.72,0.0,0.0,8312.06,6719.03,1.0
p[13703],0.7,0.01,0.67,0.72,0.0,0.0,8312.06,6719.03,1.0
p[13704],0.77,0.02,0.73,0.8,0.0,0.0,8766.7,6669.12,1.0
p[13705],0.48,0.02,0.44,0.52,0.0,0.0,9363.66,7132.56,1.0
p[13706],0.81,0.02,0.77,0.84,0.0,0.0,10524.31,6866.16,1.0
p[13707],0.7,0.01,0.67,0.73,0.0,0.0,8313.95,6748.85,1.0
p[13708],0.84,0.02,0.81,0.87,0.0,0.0,9854.2,6811.02,1.0
p[13709],0.72,0.02,0.69,0.76,0.0,0.0,10248.01,7448.71,1.0
p[13710],0.77,0.02,0.74,0.81,0.0,0.0,8764.32,6611.19,1.0
p[13711],0.83,0.01,0.81,0.85,0.0,0.0,8318.17,7078.43,1.0
p[13712],0.62,0.02,0.58,0.66,0.0,0.0,8582.23,6885.08,1.0
p[13713],0.7,0.02,0.66,0.73,0.0,0.0,9021.11,7185.71,1.0
p[13714],0.83,0.01,0.81,0.85,0.0,0.0,8317.31,7013.82,1.0
p[13715],0.49,0.02,0.45,0.53,0.0,0.0,9352.64,7097.83,1.0
p[13716],0.63,0.02,0.58,0.67,0.0,0.0,9562.21,6672.9,1.0
p[13717],0.83,0.01,0.81,0.85,0.0,0.0,8314.86,7045.35,1.0
p[13718],0.77,0.02,0.74,0.81,0.0,0.0,8755.65,6611.02,1.0
p[13719],0.71,0.01,0.68,0.73,0.0,0.0,8321.65,6810.67,1.0
p[13720],0.83,0.01,0.81,0.85,0.0,0.0,8313.33,7078.82,1.0
p[13721],0.83,0.01,0.81,0.85,0.0,0.0,8312.34,7078.82,1.0
p[13722],0.71,0.01,0.68,0.73,0.0,0.0,8322.75,6810.67,1.0
p[13723],0.77,0.02,0.73,0.81,0.0,0.0,9328.75,6600.45,1.0
p[13724],0.71,0.01,0.68,0.73,0.0,0.0,8323.52,6810.67,1.0
p[13725],0.8,0.02,0.76,0.83,0.0,0.0,9743.18,6747.74,1.0
p[13726],0.7,0.02,0.65,0.74,0.0,0.0,9858.0,7137.4,1.0
p[13727],0.83,0.01,0.81,0.85,0.0,0.0,8310.63,7078.49,1.0
p[13728],0.81,0.02,0.78,0.85,0.0,0.0,10481.97,6896.61,1.0
p[13729],0.49,0.02,0.45,0.53,0.0,0.0,9343.18,7064.43,1.0
p[13730],0.71,0.01,0.68,0.74,0.0,0.0,8328.31,6833.55,1.0
p[13731],0.78,0.02,0.75,0.81,0.0,0.0,8747.62,6668.61,1.0
p[13732],0.63,0.02,0.59,0.67,0.0,0.0,8554.52,6985.23,1.0
p[13733],0.84,0.01,0.82,0.86,0.0,0.0,8301.96,7097.03,1.0
p[13734],0.71,0.02,0.67,0.74,0.0,0.0,8992.55,7095.05,1.0
p[13735],0.5,0.02,0.46,0.54,0.0,0.0,9333.03,7131.12,1.0
p[13736],0.64,0.02,0.6,0.68,0.0,0.0,9465.28,6482.26,1.0
p[13737],0.72,0.01,0.69,0.74,0.0,0.0,8334.89,6783.46,1.0
p[13738],0.72,0.01,0.69,0.74,0.0,0.0,8335.1,6753.13,1.0
p[13739],0.72,0.01,0.69,0.74,0.0,0.0,8336.53,6742.8,1.0
p[13740],0.8,0.02,0.77,0.84,0.0,0.0,9706.31,6774.19,1.0
p[13741],0.78,0.02,0.74,0.82,0.0,0.0,9232.75,6599.12,1.0
p[13742],0.84,0.01,0.82,0.86,0.0,0.0,8298.34,7004.5,1.0
p[13743],0.71,0.02,0.66,0.75,0.0,0.0,9762.87,7071.56,1.0
p[13744],0.5,0.02,0.46,0.55,0.0,0.0,9324.41,7062.8,1.0
p[13745],0.72,0.01,0.69,0.75,0.0,0.0,8337.46,6802.96,1.0
p[13746],0.72,0.01,0.69,0.75,0.0,0.0,8336.82,6833.39,1.0
p[13747],0.79,0.02,0.75,0.82,0.0,0.0,8726.7,6553.86,1.0
p[13748],0.64,0.02,0.6,0.68,0.0,0.0,8509.06,6766.74,1.0
p[13749],0.74,0.02,0.71,0.78,0.0,0.0,10156.22,7737.4,1.0
p[13750],0.84,0.01,0.82,0.86,0.0,0.0,8292.65,7217.98,1.0
p[13751],0.72,0.02,0.68,0.75,0.0,0.0,8960.47,7013.05,1.0
p[13752],0.51,0.02,0.47,0.55,0.0,0.0,9314.02,7062.83,1.0
p[13753],0.73,0.01,0.7,0.75,0.0,0.0,8290.16,6843.76,1.0
p[13754],0.65,0.02,0.61,0.7,0.0,0.0,9378.36,6415.94,1.0
p[13755],0.79,0.02,0.76,0.83,0.0,0.0,8714.4,6582.63,1.0
p[13756],0.73,0.01,0.7,0.75,0.0,0.0,8276.04,6772.61,1.0
p[13757],0.79,0.02,0.75,0.82,0.0,0.0,9142.06,6569.95,1.0
p[13758],0.85,0.01,0.83,0.86,0.0,0.0,8288.21,7240.1,1.0
p[13759],0.73,0.01,0.7,0.75,0.0,0.0,8269.54,6772.61,1.0
p[13760],0.81,0.02,0.78,0.85,0.0,0.0,9660.38,7018.98,1.0
p[13761],0.72,0.02,0.67,0.76,0.0,0.0,9700.45,7260.75,1.0
p[13762],0.52,0.02,0.48,0.56,0.0,0.0,9306.55,7060.24,1.0
p[13763],0.73,0.01,0.7,0.76,0.0,0.0,8253.45,6742.15,1.0
p[13764],0.75,0.02,0.72,0.79,0.0,0.0,10106.99,7545.56,1.0
p[13765],0.66,0.02,0.61,0.69,0.0,0.0,8477.08,6705.98,1.0
p[13766],0.85,0.01,0.83,0.87,0.0,0.0,8284.2,7016.29,1.0
p[13767],0.73,0.02,0.69,0.76,0.0,0.0,8926.67,6980.09,1.0
p[13768],0.66,0.02,0.62,0.71,0.0,0.0,9300.19,6398.47,1.0
p[13769],0.74,0.01,0.71,0.76,0.0,0.0,8221.94,6682.5,1.0
p[13770],0.73,0.02,0.69,0.78,0.0,0.0,8613.44,6465.72,1.0
p[13771],0.85,0.01,0.83,0.87,0.0,0.0,8278.59,7014.05,1.0
p[13772],0.8,0.02,0.77,0.83,0.0,0.0,8689.47,6525.86,1.0
p[13773],0.74,0.01,0.71,0.76,0.0,0.0,8203.85,6639.4,1.0
p[13774],0.85,0.01,0.83,0.87,0.0,0.0,8273.16,7015.55,1.0
p[13775],0.74,0.01,0.71,0.76,0.0,0.0,8200.72,6668.07,1.0
p[13776],0.74,0.01,0.71,0.76,0.0,0.0,8201.44,6668.29,1.0
p[13777],0.82,0.02,0.78,0.85,0.0,0.0,9616.7,6665.6,1.0
p[13778],0.73,0.02,0.68,0.77,0.0,0.0,9637.77,7260.16,1.0
p[13779],0.53,0.02,0.49,0.57,0.0,0.0,9286.27,7027.7,1.0
p[13780],0.49,0.03,0.44,0.54,0.0,0.0,9819.62,7000.16,1.0
p[13781],0.46,0.02,0.41,0.5,0.0,0.0,9305.56,7190.44,1.0
p[13782],0.64,0.02,0.61,0.68,0.0,0.0,8872.96,6799.25,1.0
p[13783],0.56,0.03,0.51,0.61,0.0,0.0,9202.14,6898.98,1.0
p[13784],0.59,0.03,0.53,0.64,0.0,0.0,10304.05,6612.86,1.0
p[13785],0.65,0.02,0.61,0.68,0.0,0.0,8878.93,6738.14,1.0
p[13786],0.47,0.03,0.41,0.53,0.0,0.0,8938.69,6770.13,1.0
p[13787],0.65,0.02,0.61,0.68,0.0,0.0,8879.81,6799.2,1.0
p[13788],0.47,0.02,0.43,0.51,0.0,0.0,9336.98,7000.55,1.0
p[13789],0.66,0.02,0.62,0.69,0.0,0.0,8886.38,6921.13,1.0
p[13790],0.48,0.02,0.44,0.52,0.0,0.0,9359.01,6968.12,1.0
p[13791],0.48,0.02,0.44,0.52,0.0,0.0,9377.0,7021.06,1.0
p[13792],0.41,0.02,0.37,0.46,0.0,0.0,8827.46,6938.37,1.0
p[13793],0.5,0.02,0.45,0.54,0.0,0.0,9415.43,7033.98,1.0
p[13794],0.68,0.02,0.65,0.71,0.0,0.0,8916.66,6953.77,1.0
p[13795],0.29,0.02,0.26,0.33,0.0,0.0,9128.95,7282.56,1.0
p[13796],0.68,0.02,0.65,0.71,0.0,0.0,8922.64,6952.44,1.0
p[13797],0.51,0.02,0.47,0.55,0.0,0.0,9443.66,7145.75,1.0
p[13798],0.3,0.02,0.27,0.33,0.0,0.0,9190.36,7326.47,1.0
p[13799],0.61,0.02,0.56,0.65,0.0,0.0,9237.91,6997.3,1.0
p[13800],0.52,0.02,0.49,0.56,0.0,0.0,8378.02,6497.23,1.0
p[13801],0.63,0.03,0.58,0.69,0.0,0.0,10397.73,6026.65,1.0
p[13802],0.6,0.03,0.55,0.66,0.0,0.0,10127.67,6886.32,1.0
p[13803],0.3,0.02,0.27,0.34,0.0,0.0,9160.65,7400.96,1.0
p[13804],0.69,0.02,0.67,0.72,0.0,0.0,8937.88,6978.96,1.0
p[13805],0.53,0.02,0.49,0.56,0.0,0.0,8389.85,6458.32,1.0
p[13806],0.55,0.02,0.51,0.6,0.0,0.0,10013.58,6839.44,1.0
p[13807],0.44,0.02,0.4,0.48,0.0,0.0,8873.91,6740.55,1.0
p[13808],0.7,0.02,0.67,0.73,0.0,0.0,8941.36,6979.77,1.0
p[13809],0.53,0.02,0.5,0.56,0.0,0.0,8395.02,6830.16,1.0
p[13810],0.52,0.02,0.48,0.56,0.0,0.0,9462.71,7080.21,1.0
p[13811],0.45,0.02,0.4,0.49,0.0,0.0,10547.33,6773.08,1.0
p[13812],0.62,0.02,0.58,0.67,0.0,0.0,9238.87,6999.33,1.0
p[13813],0.62,0.02,0.58,0.67,0.0,0.0,9237.61,6966.92,1.0
p[13814],0.53,0.02,0.5,0.57,0.0,0.0,8401.54,6653.21,1.0
p[13815],0.53,0.02,0.5,0.57,0.0,0.0,8401.67,6653.21,1.0
p[13816],0.7,0.02,0.67,0.73,0.0,0.0,8944.5,7074.69,1.0
p[13817],0.61,0.03,0.56,0.67,0.0,0.0,10098.41,7175.99,1.0
p[13818],0.7,0.02,0.67,0.73,0.0,0.0,8946.38,7074.69,1.0
p[13819],0.7,0.02,0.67,0.73,0.0,0.0,8947.56,6976.84,1.0
p[13820],0.65,0.03,0.6,0.7,0.0,0.0,10423.15,6267.12,1.0
p[13821],0.45,0.02,0.41,0.5,0.0,0.0,10566.12,6772.82,1.0
p[13822],0.68,0.03,0.62,0.73,0.0,0.0,10879.76,7093.56,1.0
p[13823],0.32,0.02,0.28,0.35,0.0,0.0,9131.19,7244.31,1.0
p[13824],0.62,0.02,0.58,0.67,0.0,0.0,9242.71,6811.64,1.0
p[13825],0.54,0.02,0.51,0.57,0.0,0.0,8413.21,6564.78,1.0
p[13826],0.73,0.02,0.68,0.78,0.0,0.0,10440.17,6896.73,1.0
p[13827],0.45,0.02,0.41,0.49,0.0,0.0,8876.19,6684.69,1.0
p[13828],0.57,0.02,0.52,0.61,0.0,0.0,10017.49,6595.45,1.0
p[13829],0.54,0.02,0.51,0.57,0.0,0.0,8414.85,6564.78,1.0
p[13830],0.71,0.02,0.68,0.74,0.0,0.0,8952.53,6821.49,1.0
p[13831],0.63,0.02,0.58,0.67,0.0,0.0,9249.98,6935.95,1.0
p[13832],0.53,0.02,0.49,0.57,0.0,0.0,9481.99,7314.4,1.0
p[13833],0.54,0.02,0.51,0.57,0.0,0.0,8421.36,6831.85,1.0
p[13834],0.53,0.02,0.49,0.57,0.0,0.0,9482.75,7314.4,1.0
p[13835],0.71,0.02,0.68,0.74,0.0,0.0,8953.71,6854.02,1.0
p[13836],0.32,0.02,0.29,0.36,0.0,0.0,9143.99,7282.76,1.0
p[13837],0.46,0.02,0.41,0.51,0.0,0.0,10589.95,6894.58,1.0
p[13838],0.71,0.02,0.68,0.74,0.0,0.0,8953.97,6824.63,1.0
p[13839],0.66,0.03,0.61,0.71,0.0,0.0,10436.21,6301.47,1.0
p[13840],0.63,0.02,0.59,0.68,0.0,0.0,9250.38,6938.49,1.0
p[13841],0.63,0.02,0.59,0.68,0.0,0.0,9250.38,6938.49,1.0
p[13842],0.55,0.02,0.51,0.58,0.0,0.0,8427.92,6831.89,1.0
p[13843],0.57,0.02,0.53,0.62,0.0,0.0,10024.15,6510.99,1.0
p[13844],0.71,0.01,0.68,0.74,0.0,0.0,8956.18,6801.12,1.0
p[13845],0.71,0.01,0.68,0.74,0.0,0.0,8956.18,6801.12,1.0
p[13846],0.63,0.03,0.58,0.68,0.0,0.0,10074.59,7141.8,1.0
p[13847],0.54,0.02,0.5,0.58,0.0,0.0,9490.11,7240.57,1.0
p[13848],0.55,0.02,0.52,0.58,0.0,0.0,8430.8,6864.12,1.0
p[13849],0.55,0.02,0.52,0.58,0.0,0.0,8431.63,6895.59,1.0
p[13850],0.55,0.02,0.52,0.58,0.0,0.0,8431.63,6895.59,1.0
p[13851],0.71,0.01,0.69,0.74,0.0,0.0,8959.03,6771.44,1.0
p[13852],0.69,0.03,0.63,0.73,0.0,0.0,10899.51,7061.17,1.0
p[13853],0.33,0.02,0.29,0.36,0.0,0.0,9181.28,7295.76,1.0
p[13854],0.47,0.02,0.42,0.51,0.0,0.0,10607.05,6925.5,1.0
p[13855],0.55,0.02,0.52,0.58,0.0,0.0,8438.09,7087.34,1.0
p[13856],0.46,0.02,0.42,0.5,0.0,0.0,8884.92,7100.2,1.0
p[13857],0.58,0.02,0.53,0.62,0.0,0.0,10015.62,6774.05,1.0
p[13858],0.74,0.02,0.7,0.78,0.0,0.0,10449.93,7042.53,1.0
p[13859],0.64,0.02,0.59,0.68,0.0,0.0,9258.8,6953.22,1.0
p[13860],0.72,0.01,0.69,0.75,0.0,0.0,8966.82,6762.87,1.0
p[13861],0.54,0.02,0.51,0.58,0.0,0.0,9505.63,7205.62,1.0
p[13862],0.55,0.02,0.52,0.59,0.0,0.0,8445.74,7087.84,1.0
p[13863],0.64,0.02,0.6,0.68,0.0,0.0,9263.12,6870.89,1.0
p[13864],0.33,0.02,0.3,0.37,0.0,0.0,9226.45,7342.83,1.0
p[13865],0.72,0.01,0.69,0.75,0.0,0.0,8967.18,6705.34,1.0
p[13866],0.72,0.01,0.69,0.75,0.0,0.0,8967.18,6705.34,1.0
p[13867],0.47,0.02,0.43,0.52,0.0,0.0,10620.4,6890.8,1.0
p[13868],0.55,0.02,0.51,0.59,0.0,0.0,9510.41,7204.7,1.0
p[13869],0.64,0.02,0.6,0.69,0.0,0.0,9271.39,6869.73,1.0
p[13870],0.58,0.02,0.54,0.63,0.0,0.0,10013.91,6660.62,1.0
p[13871],0.56,0.02,0.53,0.59,0.0,0.0,8456.18,7324.81,1.0
p[13872],0.56,0.02,0.53,0.59,0.0,0.0,8458.48,7324.81,1.0
p[13873],0.64,0.03,0.59,0.69,0.0,0.0,10028.61,7142.31,1.0
p[13874],0.65,0.02,0.6,0.69,0.0,0.0,9273.35,6869.89,1.0
p[13875],0.72,0.01,0.7,0.75,0.0,0.0,8968.01,6735.28,1.0
p[13876],0.55,0.02,0.51,0.59,0.0,0.0,9516.2,7103.88,1.0
p[13877],0.56,0.02,0.53,0.59,0.0,0.0,8461.32,7254.25,1.0
p[13878],0.67,0.03,0.62,0.72,0.0,0.0,10452.05,5940.98,1.0
p[13879],0.7,0.03,0.65,0.74,0.0,0.0,10903.93,6968.12,1.0
p[13880],0.55,0.03,0.5,0.6,0.0,0.0,10312.13,6720.82,1.0
p[13881],0.48,0.02,0.43,0.52,0.0,0.0,10627.86,6954.14,1.0
p[13882],0.56,0.02,0.53,0.59,0.0,0.0,8466.46,7253.99,1.0
p[13883],0.34,0.02,0.3,0.37,0.0,0.0,9280.96,7328.9,1.0
p[13884],0.56,0.02,0.53,0.6,0.0,0.0,8471.67,7202.25,1.0
p[13885],0.75,0.02,0.7,0.79,0.0,0.0,10515.71,7121.22,1.0
p[13886],0.47,0.02,0.43,0.52,0.0,0.0,8889.82,6906.79,1.0
p[13887],0.65,0.02,0.61,0.69,0.0,0.0,9283.66,6930.8,1.0
p[13888],0.56,0.02,0.52,0.6,0.0,0.0,9524.71,7071.24,1.0
p[13889],0.73,0.01,0.7,0.76,0.0,0.0,8975.11,6872.63,1.0
p[13890],0.57,0.02,0.54,0.6,0.0,0.0,8479.75,7118.19,1.0
p[13891],0.65,0.02,0.61,0.69,0.0,0.0,9608.32,7290.75,1.0
p[13892],0.56,0.02,0.52,0.6,0.0,0.0,9528.8,7205.58,1.0
p[13893],0.48,0.02,0.44,0.53,0.0,0.0,10640.66,6857.0,1.0
p[13894],0.34,0.02,0.31,0.38,0.0,0.0,9338.39,7468.81,1.0
p[13895],0.73,0.01,0.7,0.76,0.0,0.0,8979.78,7062.2,1.0
p[13896],0.6,0.02,0.55,0.64,0.0,0.0,10034.76,6704.67,1.0
p[13897],0.57,0.02,0.54,0.6,0.0,0.0,8493.41,7040.2,1.0
p[13898],0.66,0.02,0.61,0.7,0.0,0.0,9296.34,6933.06,1.0
p[13899],0.73,0.01,0.7,0.76,0.0,0.0,8980.97,7229.95,1.0
p[13900],0.66,0.02,0.61,0.7,0.0,0.0,9299.34,6900.62,1.0
p[13901],0.56,0.02,0.53,0.6,0.0,0.0,9534.66,7137.22,1.0
p[13902],0.73,0.01,0.71,0.76,0.0,0.0,8981.09,7229.2,1.0
p[13903],0.65,0.03,0.6,0.7,0.0,0.0,9992.86,6935.57,1.0
p[13904],0.73,0.01,0.71,0.76,0.0,0.0,8982.04,7194.99,1.0
p[13905],0.68,0.03,0.64,0.73,0.0,0.0,10463.74,6223.73,1.0
p[13906],0.73,0.01,0.71,0.76,0.0,0.0,8983.32,7195.06,1.0
p[13907],0.57,0.02,0.54,0.6,0.0,0.0,8499.6,7111.28,1.0
p[13908],0.57,0.02,0.54,0.6,0.0,0.0,8499.6,7111.28,1.0
p[13909],0.71,0.03,0.66,0.75,0.0,0.0,10923.79,6994.37,1.0
p[13910],0.56,0.03,0.51,0.61,0.0,0.0,10305.52,6546.1,1.0
p[13911],0.57,0.02,0.54,0.61,0.0,0.0,8504.46,7202.68,1.0
p[13912],0.35,0.02,0.31,0.38,0.0,0.0,9390.55,7485.44,1.0
p[13913],0.49,0.02,0.45,0.54,0.0,0.0,10650.89,6827.1,1.0
p[13914],0.58,0.02,0.55,0.61,0.0,0.0,8510.35,7177.88,1.0
p[13915],0.49,0.02,0.45,0.53,0.0,0.0,8891.92,6917.45,1.0
p[13916],0.6,0.02,0.56,0.65,0.0,0.0,10047.5,6352.92,1.0
p[13917],0.57,0.02,0.53,0.61,0.0,0.0,9539.03,7204.5,1.0
p[13918],0.58,0.02,0.55,0.61,0.0,0.0,8519.53,7096.44,1.0
p[13919],0.66,0.02,0.62,0.7,0.0,0.0,9599.46,7219.77,1.0
p[13920],0.74,0.01,0.71,0.76,0.0,0.0,8990.94,7193.62,1.0
p[13921],0.74,0.01,0.71,0.77,0.0,0.0,8991.12,7405.65,1.0
p[13922],0.57,0.02,0.53,0.61,0.0,0.0,9538.54,7204.22,1.0
p[13923],0.76,0.02,0.72,0.8,0.0,0.0,10636.95,7293.26,1.0
p[13924],0.35,0.02,0.32,0.39,0.0,0.0,9429.9,7520.26,1.0
p[13925],0.5,0.02,0.45,0.54,0.0,0.0,10660.01,6952.65,1.0
p[13926],0.61,0.02,0.57,0.65,0.0,0.0,10048.56,6324.22,1.0
p[13927],0.58,0.02,0.55,0.61,0.0,0.0,8628.18,7050.25,1.0
p[13928],0.69,0.02,0.65,0.74,0.0,0.0,10463.86,6158.59,1.0
p[13929],0.67,0.02,0.63,0.71,0.0,0.0,9323.53,6896.79,1.0
p[13930],0.66,0.03,0.61,0.71,0.0,0.0,9946.21,6855.13,1.0
p[13931],0.58,0.02,0.54,0.61,0.0,0.0,9547.9,7205.15,1.0
p[13932],0.74,0.01,0.72,0.77,0.0,0.0,8995.86,7058.8,1.0
p[13933],0.58,0.02,0.56,0.62,0.0,0.0,8630.35,6967.21,1.0
p[13934],0.59,0.02,0.56,0.62,0.0,0.0,8637.65,6935.43,1.0
p[13935],0.74,0.01,0.72,0.77,0.0,0.0,8997.91,6928.4,1.0
p[13936],0.57,0.03,0.52,0.62,0.0,0.0,10272.56,6496.21,1.0
p[13937],0.5,0.02,0.46,0.55,0.0,0.0,10664.9,6828.34,1.0
p[13938],0.59,0.02,0.56,0.62,0.0,0.0,8641.03,6876.3,1.0
p[13939],0.36,0.02,0.33,0.4,0.0,0.0,9456.37,7441.0,1.0
p[13940],0.59,0.02,0.56,0.62,0.0,0.0,8643.0,6941.34,1.0
p[13941],0.72,0.02,0.67,0.77,0.0,0.0,10934.06,6898.89,1.0
p[13942],0.77,0.02,0.73,0.81,0.0,0.0,10689.11,7256.6,1.0
p[13943],0.58,0.02,0.54,0.62,0.0,0.0,9553.48,7138.38,1.0
p[13944],0.59,0.02,0.56,0.62,0.0,0.0,8646.11,7071.13,1.0
p[13945],0.58,0.02,0.55,0.62,0.0,0.0,9555.27,7139.02,1.0
p[13946],0.51,0.02,0.46,0.55,0.0,0.0,10670.1,6858.09,1.0
p[13947],0.75,0.01,0.73,0.78,0.0,0.0,9003.49,7027.04,1.0
p[13948],0.68,0.02,0.64,0.71,0.0,0.0,9593.32,7186.6,1.0
p[13949],0.6,0.02,0.57,0.63,0.0,0.0,8652.77,7104.11,1.0
p[13950],0.75,0.01,0.73,0.78,0.0,0.0,9005.79,6929.86,1.0
p[13951],0.62,0.02,0.58,0.66,0.0,0.0,10081.77,6407.11,1.0
p[13952],0.68,0.02,0.64,0.72,0.0,0.0,9339.27,6937.19,1.0
p[13953],0.59,0.02,0.55,0.63,0.0,0.0,9558.33,7138.72,1.0
p[13954],0.6,0.02,0.57,0.63,0.0,0.0,8656.49,7027.92,1.0
p[13955],0.6,0.02,0.57,0.63,0.0,0.0,8656.49,7027.92,1.0
p[13956],0.75,0.01,0.73,0.78,0.0,0.0,9008.37,6929.45,1.0
p[13957],0.75,0.01,0.73,0.78,0.0,0.0,9170.25,7123.55,1.0
p[13958],0.75,0.01,0.73,0.78,0.0,0.0,9170.25,7123.55,1.0
p[13959],0.59,0.03,0.54,0.63,0.0,0.0,10232.55,6778.43,1.0
p[13960],0.52,0.02,0.47,0.56,0.0,0.0,10673.81,6791.36,1.0
p[13961],0.37,0.02,0.34,0.41,0.0,0.0,9558.87,7404.4,1.0
p[13962],0.75,0.01,0.73,0.78,0.0,0.0,9171.68,7191.73,1.0
p[13963],0.75,0.01,0.73,0.78,0.0,0.0,9171.68,7191.73,1.0
p[13964],0.6,0.02,0.57,0.63,0.0,0.0,8660.51,7193.69,1.0
p[13965],0.63,0.02,0.59,0.67,0.0,0.0,10083.48,6330.26,1.0
p[13966],0.51,0.02,0.47,0.55,0.0,0.0,8880.54,7128.74,1.0
p[13967],0.6,0.02,0.57,0.63,0.0,0.0,8664.73,7192.95,1.0
p[13968],0.73,0.02,0.69,0.78,0.0,0.0,10942.59,6588.49,1.0
p[13969],0.78,0.02,0.74,0.82,0.0,0.0,10766.24,7157.1,1.0
p[13970],0.59,0.02,0.56,0.63,0.0,0.0,9560.3,7205.45,1.0
p[13971],0.76,0.01,0.73,0.78,0.0,0.0,9175.19,7091.89,1.0
p[13972],0.68,0.02,0.64,0.72,0.0,0.0,9581.76,7221.72,1.0
p[13973],0.6,0.02,0.58,0.63,0.0,0.0,8663.39,7238.07,1.0
p[13974],0.6,0.02,0.56,0.63,0.0,0.0,9561.28,7205.62,1.0
p[13975],0.38,0.02,0.34,0.41,0.0,0.0,9619.13,7262.83,1.0
p[13976],0.52,0.02,0.48,0.57,0.0,0.0,10674.96,6738.77,1.0
p[13977],0.76,0.01,0.73,0.78,0.0,0.0,9175.05,7123.9,1.0
p[13978],0.76,0.01,0.74,0.78,0.0,0.0,9177.86,7224.76,1.0
p[13979],0.71,0.02,0.67,0.76,0.0,0.0,10456.53,6464.56,1.0
p[13980],0.69,0.02,0.65,0.73,0.0,0.0,9350.27,6872.83,1.0
p[13981],0.63,0.02,0.59,0.67,0.0,0.0,10080.86,6302.93,1.0
p[13982],0.76,0.01,0.74,0.78,0.0,0.0,9177.46,7224.32,1.0
p[13983],0.61,0.02,0.58,0.64,0.0,0.0,8684.25,7194.15,1.0
p[13984],0.6,0.02,0.56,0.64,0.0,0.0,9561.41,7227.19,1.0
p[13985],0.76,0.01,0.74,0.78,0.0,0.0,9179.81,7224.59,1.0
p[13986],0.61,0.02,0.58,0.64,0.0,0.0,8689.11,7194.15,1.0
p[13987],0.68,0.02,0.64,0.73,0.0,0.0,9796.96,6505.53,1.0
p[13988],0.74,0.02,0.69,0.78,0.0,0.0,10939.8,6645.7,1.0
p[13989],0.6,0.03,0.55,0.64,0.0,0.0,10198.58,6684.53,1.0
p[13990],0.38,0.02,0.35,0.42,0.0,0.0,9648.0,7159.28,1.0
p[13991],0.53,0.02,0.48,0.57,0.0,0.0,10675.77,6663.85,1.0
p[13992],0.61,0.02,0.58,0.64,0.0,0.0,8701.51,7126.51,1.0
p[13993],0.61,0.02,0.59,0.64,0.0,0.0,8709.19,7043.17,1.0
p[13994],0.78,0.02,0.75,0.82,0.0,0.0,10842.7,7056.49,1.0
p[13995],0.53,0.02,0.48,0.56,0.0,0.0,8864.73,7189.2,1.0
p[13996],0.61,0.02,0.57,0.64,0.0,0.0,9564.63,7160.36,1.0
p[13997],0.77,0.01,0.74,0.79,0.0,0.0,9180.58,7267.11,1.0
p[13998],0.7,0.02,0.66,0.73,0.0,0.0,9560.51,7256.98,1.0
p[13999],0.62,0.02,0.59,0.65,0.0,0.0,8729.25,7012.69,1.0
p[14000],0.61,0.02,0.57,0.65,0.0,0.0,9566.05,7206.59,1.0
p[14001],0.39,0.02,0.36,0.43,0.0,0.0,9658.92,7193.8,1.0
p[14002],0.54,0.02,0.49,0.58,0.0,0.0,10674.6,6651.72,1.0
p[14003],0.7,0.02,0.66,0.74,0.0,0.0,9332.16,6914.29,1.0
p[14004],0.77,0.01,0.75,0.79,0.0,0.0,9183.92,7284.39,1.0
p[14005],0.72,0.02,0.68,0.77,0.0,0.0,10454.32,6185.69,1.0
p[14006],0.62,0.02,0.59,0.65,0.0,0.0,8739.98,7011.24,1.0
p[14007],0.77,0.01,0.75,0.79,0.0,0.0,9185.49,7284.23,1.0
p[14008],0.64,0.02,0.6,0.68,0.0,0.0,10074.89,6532.89,1.0
p[14009],0.61,0.02,0.57,0.65,0.0,0.0,9568.74,7262.67,1.0
p[14010],0.77,0.01,0.75,0.79,0.0,0.0,9185.36,7301.88,1.0
p[14011],0.7,0.02,0.65,0.74,0.0,0.0,9762.19,6590.02,1.0
p[14012],0.62,0.02,0.59,0.65,0.0,0.0,8747.7,7103.13,1.0
p[14013],0.62,0.02,0.59,0.65,0.0,0.0,8747.7,7103.13,1.0
p[14014],0.61,0.03,0.56,0.66,0.0,0.0,10165.69,6732.66,1.0
p[14015],0.54,0.02,0.5,0.59,0.0,0.0,10671.89,6704.91,1.0
p[14016],0.4,0.02,0.36,0.43,0.0,0.0,9674.97,7125.53,1.0
p[14017],0.62,0.02,0.6,0.65,0.0,0.0,8758.49,7136.84,1.0
p[14018],0.75,0.02,0.71,0.79,0.0,0.0,10929.14,6645.08,1.0
p[14019],0.71,0.02,0.67,0.74,0.0,0.0,9327.9,6685.52,1.0
p[14020],0.54,0.02,0.5,0.58,0.0,0.0,8857.9,7267.49,1.0
p[14021],0.65,0.02,0.61,0.69,0.0,0.0,10074.81,6500.48,1.0
p[14022],0.77,0.01,0.75,0.8,0.0,0.0,9182.8,7292.6,1.0
p[14023],0.62,0.02,0.58,0.65,0.0,0.0,9568.67,7297.7,1.0
p[14024],0.63,0.02,0.6,0.66,0.0,0.0,8772.0,7231.44,1.0
p[14025],0.62,0.02,0.58,0.66,0.0,0.0,9566.81,7297.58,1.0
p[14026],0.71,0.02,0.67,0.74,0.0,0.0,9545.78,7222.41,1.0
p[14027],0.4,0.02,0.37,0.44,0.0,0.0,9687.59,7183.24,1.0
p[14028],0.55,0.02,0.5,0.59,0.0,0.0,10670.56,6750.8,1.0
p[14029],0.71,0.02,0.67,0.75,0.0,0.0,9324.67,6604.76,1.0
p[14030],0.71,0.02,0.67,0.75,0.0,0.0,9323.4,6601.33,1.0
p[14031],0.63,0.01,0.6,0.66,0.0,0.0,8790.82,7184.29,1.0
p[14032],0.66,0.02,0.62,0.7,0.0,0.0,10071.2,6499.09,1.0
p[14033],0.78,0.01,0.76,0.8,0.0,0.0,9187.26,7294.15,1.0
p[14034],0.78,0.01,0.76,0.8,0.0,0.0,9186.94,7294.15,1.0
p[14035],0.71,0.02,0.66,0.75,0.0,0.0,9710.52,6677.08,1.0
p[14036],0.62,0.02,0.59,0.66,0.0,0.0,9567.13,7260.3,1.0
p[14037],0.63,0.01,0.61,0.66,0.0,0.0,8797.02,7375.3,1.0
p[14038],0.73,0.02,0.69,0.78,0.0,0.0,10439.85,6200.05,1.0
p[14039],0.63,0.01,0.61,0.66,0.0,0.0,8799.22,7375.3,1.0
p[14040],0.78,0.01,0.76,0.8,0.0,0.0,9188.26,7282.42,1.0
p[14041],0.41,0.02,0.37,0.45,0.0,0.0,9701.31,7082.65,1.0
p[14042],0.62,0.03,0.57,0.67,0.0,0.0,10092.83,6699.63,1.0
p[14043],0.55,0.02,0.51,0.6,0.0,0.0,10668.27,6714.54,1.0
p[14044],0.64,0.01,0.61,0.67,0.0,0.0,8810.77,7304.75,1.0
p[14045],0.72,0.02,0.68,0.75,0.0,0.0,9317.44,6621.75,1.0
p[14046],0.64,0.01,0.61,0.67,0.0,0.0,8812.61,7222.21,1.0
p[14047],0.76,0.02,0.72,0.8,0.0,0.0,10916.97,7003.06,1.0
p[14048],0.55,0.02,0.51,0.59,0.0,0.0,8860.37,7340.08,1.0
p[14049],0.72,0.02,0.68,0.75,0.0,0.0,9315.23,6480.47,1.0
p[14050],0.63,0.02,0.59,0.67,0.0,0.0,9571.31,7454.66,1.0
p[14051],0.78,0.01,0.76,0.81,0.0,0.0,9187.15,7341.45,1.0
p[14052],0.72,0.02,0.68,0.75,0.0,0.0,9534.69,7222.71,1.0
p[14053],0.63,0.02,0.6,0.67,0.0,0.0,9569.61,7454.63,1.0
p[14054],0.64,0.01,0.61,0.67,0.0,0.0,8827.39,7168.38,1.0
p[14055],0.42,0.02,0.38,0.45,0.0,0.0,9714.9,7066.99,1.0
p[14056],0.56,0.02,0.52,0.61,0.0,0.0,10660.46,6773.38,1.0
p[14057],0.79,0.01,0.76,0.81,0.0,0.0,9185.93,7450.32,1.0
p[14058],0.72,0.02,0.68,0.76,0.0,0.0,9309.25,6496.12,1.0
p[14059],0.79,0.01,0.76,0.81,0.0,0.0,9183.86,7462.35,1.0
p[14060],0.64,0.01,0.62,0.67,0.0,0.0,8837.37,7141.0,1.0
p[14061],0.67,0.02,0.63,0.71,0.0,0.0,10058.19,6230.8,1.0
p[14062],0.79,0.01,0.76,0.81,0.0,0.0,9183.92,7462.35,1.0
p[14063],0.72,0.02,0.68,0.76,0.0,0.0,9308.48,6521.29,1.0
p[14064],0.64,0.01,0.62,0.67,0.0,0.0,8841.1,7108.62,1.0
p[14065],0.64,0.02,0.6,0.67,0.0,0.0,9570.88,7382.71,1.0
p[14066],0.79,0.01,0.76,0.81,0.0,0.0,9182.84,7424.38,1.0
p[14067],0.72,0.02,0.67,0.76,0.0,0.0,9653.34,6734.99,1.0
p[14068],0.65,0.01,0.62,0.67,0.0,0.0,8845.78,6945.78,1.0
p[14069],0.65,0.01,0.62,0.67,0.0,0.0,8845.78,6945.78,1.0
p[14070],0.74,0.02,0.7,0.79,0.0,0.0,10433.8,6430.04,1.0
p[14071],0.77,0.02,0.73,0.81,0.0,0.0,10907.58,6910.45,1.0
p[14072],0.63,0.03,0.59,0.68,0.0,0.0,10046.54,6670.64,1.0
p[14073],0.79,0.01,0.77,0.81,0.0,0.0,9180.44,7442.37,1.0
p[14074],0.65,0.01,0.62,0.68,0.0,0.0,8855.24,6939.42,1.0
p[14075],0.42,0.02,0.39,0.46,0.0,0.0,9729.93,7194.35,1.0
p[14076],0.57,0.02,0.52,0.61,0.0,0.0,10650.82,6799.27,1.0
p[14077],0.73,0.02,0.69,0.76,0.0,0.0,9301.32,6468.54,1.0
p[14078],0.65,0.01,0.62,0.68,0.0,0.0,8862.18,6937.38,1.0
p[14079],0.73,0.02,0.69,0.76,0.0,0.0,9302.11,6468.54,1.0
p[14080],0.79,0.01,0.77,0.81,0.0,0.0,9176.52,7424.24,1.0
p[14081],0.81,0.02,0.77,0.84,0.0,0.0,10984.2,7053.37,1.0
p[14082],0.67,0.02,0.63,0.71,0.0,0.0,10052.3,6548.42,1.0
p[14083],0.64,0.02,0.61,0.68,0.0,0.0,9564.74,7382.82,1.0
p[14084],0.77,0.02,0.73,0.81,0.0,0.0,10897.76,6943.71,1.0
p[14085],0.65,0.01,0.62,0.68,0.0,0.0,8869.57,7145.24,1.0
p[14086],0.64,0.02,0.61,0.68,0.0,0.0,9565.81,7454.88,1.0
p[14087],0.57,0.02,0.53,0.62,0.0,0.0,10642.57,6107.52,1.0
p[14088],0.43,0.02,0.39,0.47,0.0,0.0,9739.58,7173.58,1.0
p[14089],0.68,0.02,0.64,0.72,0.0,0.0,10037.81,6464.54,1.0
p[14090],0.66,0.01,0.63,0.68,0.0,0.0,8880.93,7038.05,1.0
p[14091],0.73,0.02,0.69,0.77,0.0,0.0,9294.36,6360.3,1.0
p[14092],0.8,0.01,0.77,0.82,0.0,0.0,9171.58,7460.75,1.0
p[14093],0.73,0.02,0.69,0.77,0.0,0.0,9294.39,6375.11,1.0
p[14094],0.75,0.02,0.71,0.79,0.0,0.0,10420.08,6482.35,1.0
p[14095],0.66,0.01,0.63,0.68,0.0,0.0,8883.11,7071.34,1.0
p[14096],0.73,0.02,0.68,0.77,0.0,0.0,9601.5,6667.98,1.0
p[14097],0.65,0.02,0.61,0.68,0.0,0.0,9564.6,7419.44,1.0
p[14098],0.66,0.01,0.63,0.68,0.0,0.0,8885.96,7162.73,1.0
p[14099],0.8,0.01,0.77,0.82,0.0,0.0,9171.91,7460.96,1.0
p[14100],0.8,0.01,0.78,0.82,0.0,0.0,9172.46,7460.96,1.0
p[14101],0.65,0.02,0.6,0.69,0.0,0.0,10000.78,6557.17,1.0
p[14102],0.78,0.02,0.74,0.82,0.0,0.0,10885.09,6931.22,1.0
p[14103],0.43,0.02,0.4,0.47,0.0,0.0,9517.16,7213.29,1.0
p[14104],0.58,0.02,0.53,0.62,0.0,0.0,10631.98,6146.66,1.0
p[14105],0.66,0.01,0.63,0.69,0.0,0.0,8895.06,7232.9,1.0
p[14106],0.73,0.02,0.7,0.77,0.0,0.0,9506.44,7155.03,1.0
p[14107],0.66,0.01,0.63,0.69,0.0,0.0,8898.83,7181.76,1.0
p[14108],0.74,0.02,0.7,0.77,0.0,0.0,9291.55,6230.99,1.0
p[14109],0.82,0.02,0.78,0.85,0.0,0.0,11026.41,7053.37,1.0
p[14110],0.65,0.02,0.62,0.69,0.0,0.0,9561.66,7418.34,1.0
p[14111],0.74,0.02,0.7,0.77,0.0,0.0,9289.85,6230.99,1.0
p[14112],0.8,0.01,0.78,0.82,0.0,0.0,9173.66,7287.02,1.0
p[14113],0.66,0.01,0.64,0.69,0.0,0.0,8906.34,7081.4,1.0
p[14114],0.66,0.02,0.62,0.69,0.0,0.0,9561.09,7418.73,1.0
p[14115],0.59,0.02,0.54,0.63,0.0,0.0,10621.24,6478.47,1.0
p[14116],0.44,0.02,0.4,0.48,0.0,0.0,9525.13,7283.53,1.0
p[14117],0.8,0.01,0.78,0.82,0.0,0.0,9173.67,7141.23,1.0
p[14118],0.8,0.01,0.78,0.82,0.0,0.0,9172.18,7141.23,1.0
p[14119],0.67,0.01,0.64,0.69,0.0,0.0,8921.2,6970.58,1.0
p[14120],0.69,0.02,0.65,0.73,0.0,0.0,10020.66,6423.66,1.0
p[14121],0.8,0.01,0.78,0.82,0.0,0.0,9171.77,7135.11,1.0
p[14122],0.66,0.02,0.62,0.69,0.0,0.0,9558.89,7382.94,1.0
p[14123],0.74,0.02,0.69,0.78,0.0,0.0,9565.72,6698.36,1.0
p[14124],0.74,0.02,0.71,0.77,0.0,0.0,9489.46,7121.98,1.0
p[14125],0.67,0.01,0.64,0.69,0.0,0.0,8923.28,7004.04,1.0
p[14126],0.74,0.02,0.71,0.78,0.0,0.0,9279.74,6197.08,1.0
p[14127],0.67,0.01,0.64,0.7,0.0,0.0,8923.72,7025.77,1.0
p[14128],0.67,0.01,0.64,0.7,0.0,0.0,8923.72,7025.77,1.0
p[14129],0.8,0.01,0.78,0.83,0.0,0.0,9171.43,7277.79,1.0
p[14130],0.76,0.02,0.72,0.8,0.0,0.0,10397.42,6510.44,1.0
p[14131],0.59,0.02,0.55,0.64,0.0,0.0,10609.24,6441.76,1.0
p[14132],0.66,0.02,0.61,0.7,0.0,0.0,9953.75,6542.43,1.0
p[14133],0.67,0.01,0.64,0.7,0.0,0.0,8931.98,6864.79,1.0
p[14134],0.67,0.01,0.65,0.7,0.0,0.0,8935.83,6880.33,1.0
p[14135],0.82,0.02,0.79,0.86,0.0,0.0,11069.77,7018.73,1.0
p[14136],0.59,0.02,0.55,0.63,0.0,0.0,8812.51,7340.77,1.0
p[14137],0.69,0.02,0.66,0.73,0.0,0.0,10011.28,6622.08,1.0
p[14138],0.81,0.01,0.79,0.83,0.0,0.0,9169.31,7174.29,1.0
p[14139],0.75,0.02,0.71,0.78,0.0,0.0,9268.93,6200.49,1.0
p[14140],0.45,0.02,0.41,0.49,0.0,0.0,9531.14,7179.7,1.0
p[14141],0.67,0.02,0.63,0.7,0.0,0.0,9550.13,7312.36,1.0
p[14142],0.67,0.01,0.65,0.7,0.0,0.0,8942.18,6780.67,1.0
p[14143],0.75,0.02,0.71,0.78,0.0,0.0,9473.27,7189.19,1.0
p[14144],0.67,0.02,0.63,0.7,0.0,0.0,9547.38,7312.36,1.0
p[14145],0.6,0.02,0.56,0.64,0.0,0.0,10594.58,6335.63,1.0
p[14146],0.45,0.02,0.42,0.49,0.0,0.0,9531.57,7159.04,1.0
p[14147],0.75,0.02,0.72,0.79,0.0,0.0,9267.08,6074.45,1.0
p[14148],0.77,0.02,0.73,0.81,0.0,0.0,10381.75,6218.02,1.0
p[14149],0.68,0.01,0.65,0.71,0.0,0.0,8957.98,7030.92,1.0
p[14150],0.75,0.02,0.72,0.79,0.0,0.0,9267.48,6074.45,1.0
p[14151],0.68,0.01,0.65,0.71,0.0,0.0,8959.31,7030.92,1.0
p[14152],0.7,0.02,0.66,0.74,0.0,0.0,9995.48,6765.33,1.0
p[14153],0.81,0.01,0.79,0.83,0.0,0.0,9165.3,7107.76,1.0
p[14154],0.67,0.02,0.63,0.71,0.0,0.0,9545.62,7338.09,1.0
p[14155],0.81,0.01,0.79,0.83,0.0,0.0,9164.2,7107.76,1.0
p[14156],0.75,0.02,0.71,0.79,0.0,0.0,9485.6,6848.5,1.0
p[14157],0.68,0.01,0.65,0.71,0.0,0.0,8966.29,6867.71,1.0
p[14158],0.67,0.02,0.62,0.71,0.0,0.0,9904.67,6486.37,1.0
p[14159],0.79,0.02,0.75,0.83,0.0,0.0,10828.63,6943.44,1.0
p[14160],0.68,0.01,0.65,0.71,0.0,0.0,8971.3,6998.06,1.0
p[14161],0.68,0.01,0.65,0.71,0.0,0.0,8971.3,6998.06,1.0
p[14162],0.75,0.02,0.72,0.78,0.0,0.0,9461.18,7224.6,1.0
p[14163],0.68,0.01,0.66,0.71,0.0,0.0,8976.92,7215.39,1.0
p[14164],0.76,0.02,0.72,0.79,0.0,0.0,9261.82,6021.73,1.0
p[14165],0.68,0.02,0.64,0.71,0.0,0.0,9539.4,7267.99,1.0
p[14166],0.82,0.01,0.8,0.84,0.0,0.0,9160.99,7141.58,1.0
p[14167],0.68,0.02,0.64,0.71,0.0,0.0,9539.85,7301.96,1.0
p[14168],0.82,0.01,0.8,0.84,0.0,0.0,9162.98,7141.58,1.0
p[14169],0.82,0.01,0.8,0.84,0.0,0.0,9162.73,7141.58,1.0
p[14170],0.61,0.02,0.57,0.65,0.0,0.0,10565.91,6815.29,1.0
p[14171],0.76,0.02,0.73,0.8,0.0,0.0,9251.43,6065.59,1.0
p[14172],0.82,0.01,0.8,0.84,0.0,0.0,9161.84,7109.57,1.0
p[14173],0.82,0.01,0.8,0.84,0.0,0.0,9161.69,7109.57,1.0
p[14174],0.76,0.02,0.73,0.8,0.0,0.0,9250.8,6065.59,1.0
p[14175],0.78,0.02,0.74,0.82,0.0,0.0,10356.06,6560.89,1.0
p[14176],0.69,0.01,0.66,0.72,0.0,0.0,8999.57,7145.67,1.0
p[14177],0.69,0.01,0.66,0.72,0.0,0.0,8999.57,7145.67,1.0
p[14178],0.71,0.02,0.67,0.75,0.0,0.0,9969.49,6661.8,1.0
p[14179],0.68,0.02,0.65,0.72,0.0,0.0,9536.4,7232.56,1.0
p[14180],0.82,0.01,0.8,0.84,0.0,0.0,9162.55,7109.01,1.0
p[14181],0.76,0.02,0.72,0.8,0.0,0.0,9483.18,6910.35,1.0
p[14182],0.8,0.02,0.76,0.83,0.0,0.0,10801.06,7036.53,1.0
p[14183],0.69,0.01,0.66,0.72,0.0,0.0,9004.4,7283.24,1.0
p[14184],0.82,0.01,0.8,0.84,0.0,0.0,9161.08,7108.89,1.0
p[14185],0.82,0.01,0.8,0.84,0.0,0.0,9161.13,7107.22,1.0
p[14186],0.69,0.01,0.67,0.72,0.0,0.0,9010.56,7210.45,1.0
p[14187],0.47,0.02,0.43,0.51,0.0,0.0,9535.6,6891.95,1.0
p[14188],0.69,0.01,0.67,0.72,0.0,0.0,9011.26,7283.75,1.0
p[14189],0.68,0.02,0.64,0.72,0.0,0.0,9840.63,6856.08,1.0
p[14190],0.61,0.02,0.57,0.65,0.0,0.0,8741.32,7171.76,1.0
p[14191],0.72,0.02,0.68,0.75,0.0,0.0,9955.96,6736.11,1.0
p[14192],0.8,0.02,0.77,0.84,0.0,0.0,10787.05,7102.53,1.0
p[14193],0.82,0.01,0.8,0.84,0.0,0.0,9153.17,7144.17,1.0
p[14194],0.82,0.01,0.8,0.84,0.0,0.0,9152.63,7144.17,1.0
p[14195],0.69,0.02,0.65,0.72,0.0,0.0,9526.12,7409.61,1.0
p[14196],0.62,0.02,0.58,0.67,0.0,0.0,10527.33,6935.78,1.0
p[14197],0.77,0.02,0.74,0.8,0.0,0.0,9230.23,6259.74,1.0
p[14198],0.7,0.01,0.67,0.73,0.0,0.0,9036.68,7354.73,1.0
p[14199],0.83,0.01,0.81,0.85,0.0,0.0,9152.12,7243.38,1.0
p[14200],0.72,0.02,0.69,0.76,0.0,0.0,9939.67,6825.5,1.0
p[14201],0.83,0.01,0.81,0.85,0.0,0.0,9151.44,7241.57,1.0
p[14202],0.7,0.01,0.67,0.73,0.0,0.0,9040.89,7354.87,1.0
p[14203],0.7,0.01,0.67,0.73,0.0,0.0,9041.88,7319.58,1.0
p[14204],0.77,0.02,0.73,0.81,0.0,0.0,9474.03,6943.26,1.0
p[14205],0.83,0.01,0.81,0.85,0.0,0.0,9151.47,7239.95,1.0
p[14206],0.69,0.02,0.65,0.73,0.0,0.0,9779.46,6802.72,1.0
p[14207],0.7,0.01,0.68,0.73,0.0,0.0,9048.03,7355.34,1.0
p[14208],0.7,0.01,0.68,0.73,0.0,0.0,9048.03,7355.34,1.0
p[14209],0.48,0.02,0.45,0.52,0.0,0.0,9535.35,6742.76,1.0
p[14210],0.77,0.02,0.74,0.81,0.0,0.0,9215.14,6190.42,1.0
p[14211],0.7,0.01,0.68,0.73,0.0,0.0,9053.45,7355.44,1.0
p[14212],0.62,0.02,0.58,0.66,0.0,0.0,8703.45,7299.88,1.0
p[14213],0.81,0.02,0.77,0.84,0.0,0.0,10747.74,7095.83,1.0
p[14214],0.85,0.02,0.82,0.88,0.0,0.0,11142.49,7050.59,1.0
p[14215],0.83,0.01,0.81,0.85,0.0,0.0,9141.37,7420.3,1.0
p[14216],0.63,0.02,0.59,0.68,0.0,0.0,10492.29,7233.71,1.0
p[14217],0.7,0.02,0.67,0.74,0.0,0.0,9508.54,7373.13,1.0
p[14218],0.83,0.01,0.81,0.85,0.0,0.0,9140.06,7420.3,1.0
p[14219],0.78,0.02,0.75,0.81,0.0,0.0,9204.99,6244.13,1.0
p[14220],0.71,0.01,0.68,0.74,0.0,0.0,9070.86,7284.96,1.0
p[14221],0.71,0.01,0.68,0.74,0.0,0.0,9071.09,7284.96,1.0
p[14222],0.77,0.02,0.74,0.81,0.0,0.0,9443.93,6890.64,1.0
p[14223],0.83,0.01,0.81,0.85,0.0,0.0,9138.77,7459.91,1.0
p[14224],0.8,0.02,0.76,0.83,0.0,0.0,10290.37,6471.0,1.0
p[14225],0.71,0.01,0.68,0.74,0.0,0.0,9074.43,7267.93,1.0
p[14226],0.84,0.01,0.81,0.85,0.0,0.0,9136.07,7460.5,1.0
p[14227],0.71,0.01,0.69,0.74,0.0,0.0,9080.54,7250.02,1.0
p[14228],0.7,0.02,0.66,0.74,0.0,0.0,9733.62,7100.27,1.0
p[14229],0.82,0.02,0.78,0.85,0.0,0.0,10720.92,6956.48,1.0
p[14230],0.5,0.02,0.46,0.54,0.0,0.0,9532.52,6552.41,1.0
p[14231],0.84,0.01,0.82,0.86,0.0,0.0,9133.8,7496.2,1.0
p[14232],0.74,0.02,0.7,0.77,0.0,0.0,9889.51,6855.75,1.0
p[14233],0.78,0.02,0.75,0.82,0.0,0.0,9195.87,6211.58,1.0
p[14234],0.84,0.01,0.82,0.86,0.0,0.0,9128.74,7423.77,1.0
p[14235],0.71,0.02,0.68,0.75,0.0,0.0,9488.28,7065.51,1.0
p[14236],0.5,0.02,0.46,0.54,0.0,0.0,9532.88,6553.51,1.0
p[14237],0.65,0.02,0.6,0.69,0.0,0.0,10446.56,7201.22,1.0
p[14238],0.72,0.01,0.69,0.75,0.0,0.0,9091.67,7284.18,1.0
p[14239],0.72,0.01,0.69,0.75,0.0,0.0,9095.06,7322.8,1.0
p[14240],0.78,0.02,0.74,0.82,0.0,0.0,9433.58,6893.27,1.0
p[14241],0.79,0.02,0.75,0.82,0.0,0.0,9185.45,6520.96,1.0
p[14242],0.81,0.02,0.77,0.84,0.0,0.0,10259.15,6568.36,1.0
p[14243],0.84,0.01,0.82,0.86,0.0,0.0,9126.2,7380.94,1.0
p[14244],0.72,0.01,0.7,0.75,0.0,0.0,9098.56,7322.8,1.0
p[14245],0.84,0.01,0.82,0.86,0.0,0.0,9125.31,7380.94,1.0
p[14246],0.71,0.02,0.67,0.75,0.0,0.0,9670.94,7139.01,1.0
p[14247],0.72,0.01,0.7,0.75,0.0,0.0,9101.04,7252.53,1.0
p[14248],0.51,0.02,0.47,0.55,0.0,0.0,9528.83,6672.8,1.0
p[14249],0.79,0.02,0.76,0.82,0.0,0.0,9177.3,6437.04,1.0
p[14250],0.73,0.01,0.7,0.75,0.0,0.0,9104.47,7357.37,1.0
p[14251],0.72,0.02,0.69,0.76,0.0,0.0,9480.93,7307.26,1.0
p[14252],0.73,0.01,0.7,0.76,0.0,0.0,9113.37,7321.78,1.0
p[14253],0.52,0.02,0.48,0.56,0.0,0.0,9523.53,6484.78,1.0
p[14254],0.66,0.02,0.61,0.7,0.0,0.0,10398.76,6926.61,1.0
p[14255],0.85,0.01,0.83,0.87,0.0,0.0,9117.97,7476.31,1.0
p[14256],0.79,0.02,0.76,0.83,0.0,0.0,9167.49,6304.38,1.0
p[14257],0.73,0.01,0.7,0.76,0.0,0.0,9121.62,7357.88,1.0
p[14258],0.73,0.01,0.7,0.76,0.0,0.0,9121.23,7357.65,1.0
p[14259],0.81,0.02,0.78,0.85,0.0,0.0,10229.91,6482.81,1.0
p[14260],0.79,0.02,0.75,0.83,0.0,0.0,9404.09,6804.12,1.0
p[14261],0.85,0.01,0.83,0.87,0.0,0.0,9112.93,7550.6,1.0
p[14262],0.72,0.02,0.68,0.76,0.0,0.0,9640.67,7061.76,1.0
p[14263],0.52,0.02,0.48,0.56,0.0,0.0,9520.44,6389.22,1.0
p[14264],0.76,0.02,0.72,0.79,0.0,0.0,9820.68,7299.85,1.0
p[14265],0.66,0.02,0.62,0.7,0.0,0.0,8590.45,6607.72,1.0
p[14266],0.73,0.02,0.7,0.77,0.0,0.0,9458.0,7379.12,1.0
p[14267],0.74,0.02,0.69,0.78,0.0,0.0,8719.83,6627.83,1.0
p[14268],0.85,0.01,0.83,0.87,0.0,0.0,9097.01,7534.59,1.0
p[14269],0.67,0.02,0.63,0.71,0.0,0.0,10345.52,7065.28,1.0
p[14270],0.74,0.01,0.71,0.76,0.0,0.0,9138.78,7217.58,1.0
p[14271],0.8,0.02,0.77,0.83,0.0,0.0,9150.33,6330.65,1.0
p[14272],0.85,0.01,0.83,0.87,0.0,0.0,9094.63,7591.01,1.0
p[14273],0.74,0.01,0.71,0.77,0.0,0.0,9139.7,7286.26,1.0
p[14274],0.74,0.01,0.71,0.77,0.0,0.0,9140.53,7392.45,1.0
p[14275],0.8,0.02,0.76,0.83,0.0,0.0,9376.31,6686.35,1.0
p[14276],0.85,0.01,0.84,0.87,0.0,0.0,9089.06,7591.26,1.0
p[14277],0.86,0.01,0.84,0.87,0.0,0.0,9088.62,7553.22,1.0
p[14278],0.73,0.02,0.69,0.77,0.0,0.0,9601.79,6948.61,1.0
p[14279],0.82,0.02,0.79,0.85,0.0,0.0,10183.98,6536.66,1.0
p[14280],0.54,0.02,0.49,0.58,0.0,0.0,9509.85,6415.85,1.0
p[14281],0.74,0.01,0.72,0.77,0.0,0.0,9148.84,7320.32,1.0
p[14282],0.44,0.03,0.39,0.49,0.0,0.0,10063.55,7669.53,1.0
p[14283],0.41,0.02,0.37,0.45,0.0,0.0,9462.43,7714.96,1.0
p[14284],0.34,0.02,0.29,0.38,0.0,0.0,10341.39,7226.13,1.0
p[14285],0.42,0.02,0.38,0.45,0.0,0.0,8356.56,6996.76,1.0
p[14286],0.51,0.03,0.46,0.56,0.0,0.0,8751.31,6612.81,1.0
p[14287],0.54,0.03,0.48,0.6,0.0,0.0,10522.19,6518.88,1.0
p[14288],0.42,0.02,0.38,0.46,0.0,0.0,8356.81,7061.5,1.0
p[14289],0.6,0.02,0.56,0.64,0.0,0.0,8870.3,6613.83,1.0
p[14290],0.23,0.02,0.2,0.26,0.0,0.0,9364.71,7111.65,1.0
p[14291],0.45,0.03,0.4,0.5,0.0,0.0,10106.75,7636.52,1.0
p[14292],0.42,0.02,0.38,0.46,0.0,0.0,9480.68,7434.98,1.0
p[14293],0.43,0.02,0.39,0.47,0.0,0.0,8364.57,7096.59,1.0
p[14294],0.52,0.03,0.47,0.57,0.0,0.0,8757.77,6554.37,1.0
p[14295],0.43,0.02,0.4,0.47,0.0,0.0,8365.52,7097.05,1.0
p[14296],0.61,0.02,0.58,0.65,0.0,0.0,8864.08,6715.96,1.0
p[14297],0.24,0.02,0.2,0.27,0.0,0.0,9404.92,7307.94,1.0
p[14298],0.44,0.02,0.4,0.47,0.0,0.0,8371.92,7000.14,1.0
p[14299],0.35,0.02,0.31,0.39,0.0,0.0,9122.32,6955.47,1.0
p[14300],0.43,0.02,0.39,0.47,0.0,0.0,9501.78,7341.69,1.0
p[14301],0.36,0.02,0.32,0.41,0.0,0.0,10419.36,7256.29,1.0
p[14302],0.53,0.03,0.48,0.58,0.0,0.0,8760.52,6668.7,1.0
p[14303],0.24,0.02,0.21,0.28,0.0,0.0,9442.36,7340.16,1.0
p[14304],0.45,0.02,0.4,0.49,0.0,0.0,9522.04,7342.05,1.0
p[14305],0.55,0.03,0.5,0.6,0.0,0.0,8763.15,6727.18,1.0
p[14306],0.63,0.02,0.6,0.67,0.0,0.0,8850.87,6930.16,1.0
p[14307],0.25,0.02,0.22,0.29,0.0,0.0,9484.18,7512.33,1.0
p[14308],0.38,0.02,0.34,0.42,0.0,0.0,9172.85,7066.88,1.0
p[14309],0.64,0.02,0.61,0.67,0.0,0.0,8844.41,6992.79,1.0
p[14310],0.46,0.02,0.42,0.5,0.0,0.0,9538.99,7272.23,1.0
p[14311],0.56,0.03,0.51,0.61,0.0,0.0,8768.33,6757.26,1.0
p[14312],0.47,0.02,0.44,0.5,0.0,0.0,8406.32,6668.61,1.0
p[14313],0.65,0.02,0.62,0.68,0.0,0.0,8840.02,6999.57,1.0
p[14314],0.26,0.02,0.23,0.29,0.0,0.0,9531.89,7332.23,1.0
p[14315],0.39,0.02,0.35,0.43,0.0,0.0,9192.15,7235.39,1.0
p[14316],0.5,0.02,0.46,0.55,0.0,0.0,10240.75,7768.59,1.0
p[14317],0.57,0.03,0.52,0.62,0.0,0.0,8762.64,6759.14,1.0
p[14318],0.47,0.02,0.43,0.51,0.0,0.0,9558.36,7272.14,1.0
p[14319],0.27,0.02,0.24,0.3,0.0,0.0,9548.17,7368.88,1.0
p[14320],0.65,0.02,0.62,0.69,0.0,0.0,8836.98,7017.01,1.0
p[14321],0.65,0.02,0.62,0.69,0.0,0.0,8837.51,7017.01,1.0
p[14322],0.57,0.03,0.53,0.62,0.0,0.0,8761.53,6788.54,1.0
p[14323],0.6,0.03,0.55,0.65,0.0,0.0,10924.43,6487.56,1.0
p[14324],0.66,0.02,0.62,0.69,0.0,0.0,8837.07,7032.31,1.0
p[14325],0.48,0.02,0.45,0.52,0.0,0.0,8421.39,6640.12,1.0
p[14326],0.57,0.03,0.51,0.62,0.0,0.0,10117.66,6940.37,1.0
p[14327],0.47,0.03,0.42,0.52,0.0,0.0,10520.11,6813.78,1.0
p[14328],0.27,0.02,0.24,0.31,0.0,0.0,9568.53,7484.96,1.0
p[14329],0.63,0.03,0.58,0.69,0.0,0.0,10417.62,6572.29,1.0
p[14330],0.49,0.02,0.46,0.52,0.0,0.0,8430.27,6758.35,1.0
p[14331],0.4,0.02,0.36,0.44,0.0,0.0,9217.1,7201.47,1.0
p[14332],0.52,0.02,0.47,0.56,0.0,0.0,10270.33,7678.1,1.0
p[14333],0.66,0.02,0.63,0.7,0.0,0.0,8826.61,7097.92,1.0
p[14334],0.58,0.02,0.53,0.63,0.0,0.0,8762.76,6552.36,1.0
p[14335],0.48,0.02,0.44,0.53,0.0,0.0,9568.87,7343.4,1.0
p[14336],0.41,0.02,0.36,0.45,0.0,0.0,10521.1,6894.07,1.0
p[14337],0.28,0.02,0.25,0.31,0.0,0.0,9588.81,7478.46,1.0
p[14338],0.67,0.02,0.64,0.7,0.0,0.0,8824.26,7098.14,1.0
p[14339],0.67,0.02,0.64,0.7,0.0,0.0,8825.17,7098.14,1.0
p[14340],0.58,0.02,0.54,0.63,0.0,0.0,8761.04,6668.09,1.0
p[14341],0.67,0.02,0.64,0.7,0.0,0.0,8823.72,7098.14,1.0
p[14342],0.61,0.03,0.56,0.66,0.0,0.0,10938.13,6599.74,1.0
p[14343],0.5,0.02,0.46,0.53,0.0,0.0,8446.52,6788.37,1.0
p[14344],0.67,0.02,0.64,0.7,0.0,0.0,8819.71,7097.47,1.0
p[14345],0.58,0.03,0.53,0.63,0.0,0.0,10136.98,6908.56,1.0
p[14346],0.67,0.02,0.64,0.7,0.0,0.0,8817.86,7097.9,1.0
p[14347],0.48,0.03,0.43,0.54,0.0,0.0,10537.88,6801.83,1.0
p[14348],0.64,0.03,0.59,0.7,0.0,0.0,10423.28,6460.95,1.0
p[14349],0.5,0.02,0.47,0.53,0.0,0.0,8450.1,6849.6,1.0
p[14350],0.28,0.02,0.25,0.32,0.0,0.0,9607.9,7478.55,1.0
p[14351],0.41,0.02,0.37,0.45,0.0,0.0,9241.77,7270.46,1.0
p[14352],0.53,0.02,0.48,0.57,0.0,0.0,10296.47,7675.14,1.0
p[14353],0.59,0.02,0.54,0.64,0.0,0.0,8759.14,6610.4,1.0
p[14354],0.67,0.02,0.64,0.71,0.0,0.0,8811.12,7020.15,1.0
p[14355],0.59,0.02,0.55,0.64,0.0,0.0,8759.01,6609.53,1.0
p[14356],0.68,0.02,0.65,0.71,0.0,0.0,8810.26,6955.16,1.0
p[14357],0.51,0.02,0.47,0.54,0.0,0.0,8457.69,6975.13,1.0
p[14358],0.5,0.02,0.46,0.54,0.0,0.0,9578.49,7380.83,1.0
p[14359],0.42,0.02,0.38,0.47,0.0,0.0,10535.45,6834.59,1.0
p[14360],0.29,0.02,0.26,0.32,0.0,0.0,9627.91,7404.88,1.0
p[14361],0.68,0.02,0.65,0.71,0.0,0.0,8811.12,6954.89,1.0
p[14362],0.68,0.02,0.65,0.71,0.0,0.0,8811.12,6954.89,1.0
p[14363],0.6,0.02,0.55,0.64,0.0,0.0,8754.31,6668.39,1.0
p[14364],0.51,0.02,0.48,0.54,0.0,0.0,8463.81,7007.2,1.0
p[14365],0.62,0.03,0.57,0.68,0.0,0.0,10945.6,6630.37,1.0
p[14366],0.59,0.03,0.54,0.64,0.0,0.0,10155.94,6907.82,1.0
p[14367],0.51,0.02,0.48,0.54,0.0,0.0,8465.74,6911.99,1.0
p[14368],0.68,0.02,0.65,0.71,0.0,0.0,8808.45,6892.62,1.0
p[14369],0.65,0.03,0.6,0.71,0.0,0.0,10431.12,6545.11,1.0
p[14370],0.5,0.03,0.45,0.55,0.0,0.0,10555.79,6961.24,1.0
p[14371],0.51,0.02,0.48,0.55,0.0,0.0,8472.66,6912.17,1.0
p[14372],0.71,0.03,0.66,0.76,0.0,0.0,11001.11,6855.66,1.0
p[14373],0.51,0.02,0.48,0.55,0.0,0.0,8476.96,6880.69,1.0
p[14374],0.6,0.02,0.56,0.65,0.0,0.0,8752.91,6582.07,1.0
p[14375],0.42,0.02,0.38,0.47,0.0,0.0,9264.54,7412.93,1.0
p[14376],0.54,0.02,0.49,0.58,0.0,0.0,10317.28,7553.72,1.0
p[14377],0.52,0.02,0.49,0.55,0.0,0.0,8481.0,6943.07,1.0
p[14378],0.52,0.02,0.49,0.55,0.0,0.0,8481.0,6943.07,1.0
p[14379],0.69,0.02,0.66,0.72,0.0,0.0,8805.45,6860.96,1.0
p[14380],0.51,0.02,0.47,0.55,0.0,0.0,9584.33,7290.52,1.0
p[14381],0.6,0.02,0.56,0.65,0.0,0.0,9413.23,7192.52,1.0
p[14382],0.3,0.02,0.27,0.33,0.0,0.0,9668.15,7368.92,1.0
p[14383],0.44,0.02,0.39,0.48,0.0,0.0,10550.45,6863.9,1.0
p[14384],0.69,0.02,0.66,0.72,0.0,0.0,8799.19,6923.61,1.0
p[14385],0.69,0.02,0.66,0.72,0.0,0.0,8799.19,6923.61,1.0
p[14386],0.61,0.02,0.57,0.66,0.0,0.0,8761.98,6496.82,1.0
p[14387],0.52,0.02,0.49,0.56,0.0,0.0,8492.63,6975.05,1.0
p[14388],0.69,0.02,0.66,0.72,0.0,0.0,8798.89,6892.51,1.0
p[14389],0.69,0.02,0.66,0.72,0.0,0.0,8798.89,6892.51,1.0
p[14390],0.6,0.03,0.55,0.66,0.0,0.0,10168.83,6908.97,1.0
p[14391],0.64,0.03,0.58,0.69,0.0,0.0,10955.81,6572.2,1.0
p[14392],0.52,0.02,0.49,0.56,0.0,0.0,8494.1,6975.27,1.0
p[14393],0.69,0.02,0.66,0.72,0.0,0.0,8797.65,6861.48,1.0
p[14394],0.52,0.02,0.49,0.56,0.0,0.0,8495.53,7039.6,1.0
p[14395],0.52,0.02,0.49,0.56,0.0,0.0,8495.53,7039.6,1.0
p[14396],0.66,0.03,0.61,0.72,0.0,0.0,10426.52,6515.91,1.0
p[14397],0.51,0.03,0.46,0.56,0.0,0.0,10562.82,6910.14,1.0
p[14398],0.3,0.02,0.27,0.34,0.0,0.0,9686.22,7305.23,1.0
p[14399],0.53,0.02,0.49,0.56,0.0,0.0,8501.63,6943.14,1.0
p[14400],0.72,0.02,0.67,0.77,0.0,0.0,11018.61,6808.4,1.0
p[14401],0.61,0.02,0.57,0.66,0.0,0.0,8764.43,6468.03,1.0
p[14402],0.55,0.02,0.51,0.6,0.0,0.0,10330.32,7479.48,1.0
p[14403],0.7,0.02,0.67,0.72,0.0,0.0,8791.46,7020.58,1.0
p[14404],0.62,0.02,0.57,0.66,0.0,0.0,9398.16,7159.51,1.0
p[14405],0.52,0.02,0.48,0.56,0.0,0.0,9589.39,7144.77,1.0
p[14406],0.7,0.02,0.67,0.73,0.0,0.0,8789.66,7086.26,1.0
p[14407],0.31,0.02,0.28,0.34,0.0,0.0,9704.3,7168.33,1.0
p[14408],0.45,0.02,0.4,0.49,0.0,0.0,10549.89,6866.16,1.0
p[14409],0.65,0.03,0.6,0.7,0.0,0.0,10952.25,6658.86,1.0
p[14410],0.53,0.02,0.5,0.57,0.0,0.0,8519.52,7071.58,1.0
p[14411],0.7,0.02,0.67,0.73,0.0,0.0,8788.36,7066.5,1.0
p[14412],0.53,0.02,0.5,0.57,0.0,0.0,8520.57,7071.58,1.0
p[14413],0.61,0.03,0.57,0.67,0.0,0.0,10183.5,6909.22,1.0
p[14414],0.62,0.02,0.58,0.67,0.0,0.0,8764.0,6494.12,1.0
p[14415],0.54,0.02,0.51,0.57,0.0,0.0,8523.12,7071.44,1.0
p[14416],0.54,0.02,0.51,0.57,0.0,0.0,8523.12,7071.44,1.0
p[14417],0.7,0.02,0.67,0.73,0.0,0.0,8787.14,7033.68,1.0
p[14418],0.68,0.03,0.62,0.73,0.0,0.0,10424.65,6487.38,1.0
p[14419],0.52,0.03,0.47,0.57,0.0,0.0,10564.08,7097.23,1.0
p[14420],0.54,0.02,0.51,0.57,0.0,0.0,8528.23,7071.6,1.0
p[14421],0.32,0.02,0.28,0.35,0.0,0.0,9722.56,7202.85,1.0
p[14422],0.73,0.02,0.68,0.77,0.0,0.0,11034.58,6824.76,1.0
p[14423],0.54,0.02,0.51,0.57,0.0,0.0,8531.76,7071.68,1.0
p[14424],0.57,0.02,0.52,0.61,0.0,0.0,10341.82,7553.83,1.0
p[14425],0.45,0.02,0.41,0.49,0.0,0.0,9308.91,7058.09,1.0
p[14426],0.63,0.02,0.59,0.67,0.0,0.0,9376.92,7300.45,1.0
p[14427],0.53,0.02,0.5,0.58,0.0,0.0,9587.81,7231.1,1.0
p[14428],0.32,0.02,0.29,0.35,0.0,0.0,9737.66,7229.83,1.0
p[14429],0.46,0.02,0.41,0.5,0.0,0.0,10541.05,6831.12,1.0
p[14430],0.71,0.01,0.68,0.74,0.0,0.0,8773.35,6906.36,1.0
p[14431],0.71,0.01,0.68,0.74,0.0,0.0,8773.8,6906.36,1.0
p[14432],0.63,0.02,0.59,0.68,0.0,0.0,8759.25,6662.67,1.0
p[14433],0.66,0.03,0.61,0.71,0.0,0.0,10949.76,6688.91,1.0
p[14434],0.55,0.02,0.52,0.58,0.0,0.0,8546.36,7171.24,1.0
p[14435],0.57,0.02,0.53,0.62,0.0,0.0,10346.08,7442.83,1.0
p[14436],0.55,0.02,0.52,0.58,0.0,0.0,8547.27,7171.24,1.0
p[14437],0.71,0.01,0.68,0.74,0.0,0.0,8772.48,6832.32,1.0
p[14438],0.63,0.03,0.58,0.68,0.0,0.0,10019.64,6908.31,1.0
p[14439],0.55,0.02,0.52,0.58,0.0,0.0,8550.11,7137.41,1.0
p[14440],0.55,0.02,0.52,0.58,0.0,0.0,8550.11,7137.41,1.0
p[14441],0.71,0.01,0.68,0.74,0.0,0.0,8770.29,6810.15,1.0
p[14442],0.69,0.03,0.64,0.74,0.0,0.0,10422.44,6459.95,1.0
p[14443],0.54,0.03,0.48,0.58,0.0,0.0,10563.09,6897.36,1.0
p[14444],0.71,0.01,0.69,0.74,0.0,0.0,8768.79,6810.19,1.0
p[14445],0.33,0.02,0.29,0.36,0.0,0.0,9753.47,7195.71,1.0
p[14446],0.55,0.02,0.52,0.58,0.0,0.0,8555.28,7104.0,1.0
p[14447],0.64,0.02,0.6,0.68,0.0,0.0,8757.87,6813.45,1.0
p[14448],0.74,0.02,0.69,0.78,0.0,0.0,11045.08,6855.74,1.0
p[14449],0.72,0.01,0.69,0.74,0.0,0.0,8767.67,6779.86,1.0
p[14450],0.55,0.02,0.52,0.58,0.0,0.0,8557.74,7006.46,1.0
p[14451],0.46,0.02,0.42,0.5,0.0,0.0,9328.37,6887.46,1.0
p[14452],0.58,0.02,0.54,0.62,0.0,0.0,10345.37,7477.76,1.0
p[14453],0.72,0.01,0.69,0.74,0.0,0.0,8764.68,6719.67,1.0
p[14454],0.55,0.02,0.51,0.59,0.0,0.0,9585.35,7145.36,1.0
p[14455],0.64,0.02,0.6,0.68,0.0,0.0,9351.66,7302.32,1.0
p[14456],0.47,0.02,0.42,0.52,0.0,0.0,10537.16,6770.23,1.0
p[14457],0.33,0.02,0.3,0.37,0.0,0.0,9765.18,7265.13,1.0
p[14458],0.72,0.01,0.69,0.75,0.0,0.0,8762.18,6689.82,1.0
p[14459],0.67,0.03,0.62,0.72,0.0,0.0,10931.32,6689.89,1.0
p[14460],0.72,0.01,0.69,0.75,0.0,0.0,8760.5,6718.87,1.0
p[14461],0.58,0.02,0.54,0.63,0.0,0.0,10344.45,7369.95,1.0
p[14462],0.65,0.02,0.6,0.69,0.0,0.0,8755.12,6786.98,1.0
p[14463],0.56,0.02,0.53,0.59,0.0,0.0,8575.22,6911.0,1.0
p[14464],0.56,0.02,0.53,0.59,0.0,0.0,8576.28,6911.0,1.0
p[14465],0.64,0.03,0.59,0.69,0.0,0.0,9914.34,7135.77,1.0
p[14466],0.72,0.01,0.69,0.75,0.0,0.0,8760.21,6718.87,1.0
p[14467],0.56,0.02,0.53,0.59,0.0,0.0,8579.3,6910.89,1.0
p[14468],0.56,0.02,0.53,0.59,0.0,0.0,8579.3,6910.89,1.0
p[14469],0.72,0.01,0.7,0.75,0.0,0.0,8759.94,6689.34,1.0
p[14470],0.55,0.03,0.5,0.6,0.0,0.0,10554.57,6918.41,1.0
p[14471],0.56,0.02,0.53,0.59,0.0,0.0,8584.66,6975.12,1.0
p[14472],0.34,0.02,0.3,0.37,0.0,0.0,9781.63,7264.35,1.0
p[14473],0.72,0.01,0.7,0.75,0.0,0.0,8760.95,6689.34,1.0
p[14474],0.65,0.02,0.61,0.7,0.0,0.0,8756.32,6729.93,1.0
p[14475],0.56,0.02,0.53,0.6,0.0,0.0,8588.56,6974.96,1.0
p[14476],0.7,0.03,0.65,0.75,0.0,0.0,10408.71,6404.37,1.0
p[14477],0.59,0.02,0.55,0.63,0.0,0.0,10345.01,7264.71,1.0
p[14478],0.48,0.02,0.43,0.52,0.0,0.0,9333.42,6607.68,1.0
p[14479],0.73,0.01,0.7,0.75,0.0,0.0,8756.76,6719.36,1.0
p[14480],0.56,0.02,0.52,0.6,0.0,0.0,9584.84,7122.37,1.0
p[14481],0.34,0.02,0.31,0.38,0.0,0.0,9794.45,7333.91,1.0
p[14482],0.49,0.02,0.44,0.53,0.0,0.0,10526.78,6736.68,1.0
p[14483],0.73,0.01,0.7,0.76,0.0,0.0,8751.91,6660.4,1.0
p[14484],0.65,0.02,0.61,0.69,0.0,0.0,9322.94,7337.99,1.0
p[14485],0.66,0.02,0.62,0.7,0.0,0.0,8750.92,6789.78,1.0
p[14486],0.68,0.03,0.63,0.73,0.0,0.0,10915.57,6690.1,1.0
p[14487],0.6,0.02,0.55,0.64,0.0,0.0,10344.84,7194.96,1.0
p[14488],0.57,0.02,0.54,0.6,0.0,0.0,8609.37,7002.93,1.0
p[14489],0.73,0.01,0.71,0.76,0.0,0.0,8748.04,6660.48,1.0
p[14490],0.57,0.02,0.54,0.6,0.0,0.0,8610.66,7002.98,1.0
p[14491],0.65,0.03,0.6,0.7,0.0,0.0,9830.9,7101.35,1.0
p[14492],0.73,0.01,0.71,0.76,0.0,0.0,8747.07,6660.48,1.0
p[14493],0.57,0.02,0.54,0.6,0.0,0.0,8612.77,7002.98,1.0
p[14494],0.57,0.02,0.54,0.6,0.0,0.0,8612.77,7002.98,1.0
p[14495],0.73,0.01,0.71,0.76,0.0,0.0,8747.3,6660.48,1.0
p[14496],0.56,0.03,0.51,0.61,0.0,0.0,10548.21,6994.05,1.0
p[14497],0.71,0.03,0.66,0.76,0.0,0.0,10399.21,6430.91,1.0
p[14498],0.58,0.02,0.55,0.61,0.0,0.0,8619.19,7003.68,1.0
p[14499],0.35,0.02,0.31,0.38,0.0,0.0,9806.69,7161.11,1.0
p[14500],0.66,0.02,0.62,0.71,0.0,0.0,8747.22,7037.27,1.0
p[14501],0.76,0.02,0.72,0.8,0.0,0.0,11048.8,6959.15,1.0
p[14502],0.49,0.02,0.45,0.53,0.0,0.0,9331.36,6584.37,1.0
p[14503],0.6,0.02,0.56,0.64,0.0,0.0,10342.32,7229.67,1.0
p[14504],0.66,0.02,0.62,0.7,0.0,0.0,9307.31,7233.52,1.0
p[14505],0.57,0.02,0.53,0.61,0.0,0.0,9578.98,7400.58,1.0
p[14506],0.36,0.02,0.32,0.39,0.0,0.0,9820.33,7194.79,1.0
p[14507],0.5,0.02,0.45,0.54,0.0,0.0,10516.05,6784.81,1.0
p[14508],0.67,0.02,0.63,0.71,0.0,0.0,8740.59,7045.3,1.0
p[14509],0.61,0.02,0.57,0.65,0.0,0.0,10337.16,7264.69,1.0
p[14510],0.58,0.02,0.55,0.61,0.0,0.0,8645.0,6940.0,1.0
p[14511],0.74,0.01,0.72,0.77,0.0,0.0,8736.69,6906.55,1.0
p[14512],0.66,0.03,0.61,0.71,0.0,0.0,9740.69,7168.99,1.0
p[14513],0.74,0.01,0.72,0.77,0.0,0.0,8735.57,6906.55,1.0
p[14514],0.59,0.02,0.55,0.61,0.0,0.0,8646.59,6939.95,1.0
p[14515],0.69,0.02,0.64,0.74,0.0,0.0,10899.84,6840.99,1.0
p[14516],0.59,0.02,0.56,0.61,0.0,0.0,8648.56,6940.02,1.0
p[14517],0.59,0.02,0.56,0.61,0.0,0.0,8648.56,6940.02,1.0
p[14518],0.74,0.01,0.72,0.77,0.0,0.0,8735.51,6906.43,1.0
p[14519],0.74,0.01,0.72,0.77,0.0,0.0,8735.61,6906.43,1.0
p[14520],0.57,0.03,0.52,0.62,0.0,0.0,10544.91,7173.77,1.0
p[14521],0.36,0.02,0.33,0.4,0.0,0.0,9829.42,7262.68,1.0
p[14522],0.59,0.02,0.56,0.62,0.0,0.0,8654.32,6971.92,1.0
p[14523],0.72,0.02,0.67,0.77,0.0,0.0,10388.86,6430.88,1.0
p[14524],0.59,0.02,0.56,0.62,0.0,0.0,8658.38,7003.85,1.0
p[14525],0.67,0.02,0.63,0.71,0.0,0.0,8739.84,6916.56,1.0
p[14526],0.62,0.02,0.57,0.66,0.0,0.0,10329.98,7265.71,1.0
p[14527],0.77,0.02,0.73,0.81,0.0,0.0,11045.25,6961.0,1.0
p[14528],0.75,0.01,0.72,0.77,0.0,0.0,8734.05,6906.9,1.0
p[14529],0.58,0.02,0.54,0.62,0.0,0.0,9560.63,7295.69,1.0
p[14530],0.37,0.02,0.33,0.4,0.0,0.0,9840.47,7225.67,1.0
p[14531],0.68,0.02,0.64,0.71,0.0,0.0,9272.0,7230.92,1.0
p[14532],0.51,0.02,0.46,0.56,0.0,0.0,10495.16,6711.15,1.0
p[14533],0.68,0.02,0.64,0.72,0.0,0.0,8737.0,7011.53,1.0
p[14534],0.62,0.02,0.58,0.66,0.0,0.0,10322.96,7230.97,1.0
p[14535],0.6,0.02,0.57,0.63,0.0,0.0,8678.68,6971.16,1.0
p[14536],0.75,0.01,0.73,0.78,0.0,0.0,8729.64,6875.44,1.0
p[14537],0.67,0.03,0.63,0.72,0.0,0.0,9630.92,7168.44,1.0
p[14538],0.75,0.01,0.73,0.78,0.0,0.0,8727.57,6906.2,1.0
p[14539],0.6,0.02,0.57,0.63,0.0,0.0,8683.91,6971.02,1.0
p[14540],0.6,0.02,0.57,0.63,0.0,0.0,8683.91,6971.02,1.0
p[14541],0.6,0.02,0.57,0.63,0.0,0.0,8683.91,6971.02,1.0
p[14542],0.59,0.03,0.54,0.63,0.0,0.0,10526.71,7040.0,1.0
p[14543],0.73,0.02,0.68,0.77,0.0,0.0,10375.11,6598.64,1.0
p[14544],0.71,0.02,0.66,0.75,0.0,0.0,10869.51,6880.98,1.0
p[14545],0.6,0.02,0.57,0.63,0.0,0.0,8689.19,6971.05,1.0
p[14546],0.37,0.02,0.34,0.41,0.0,0.0,9847.87,7367.18,1.0
p[14547],0.75,0.01,0.73,0.78,0.0,0.0,8720.9,6969.4,1.0
p[14548],0.68,0.02,0.64,0.72,0.0,0.0,8730.0,6949.83,1.0
p[14549],0.51,0.02,0.47,0.55,0.0,0.0,9335.39,6610.2,1.0
p[14550],0.63,0.02,0.59,0.67,0.0,0.0,10316.23,7370.45,1.0
p[14551],0.6,0.02,0.57,0.63,0.0,0.0,8695.86,6970.57,1.0
p[14552],0.76,0.01,0.73,0.78,0.0,0.0,8718.26,6938.11,1.0
p[14553],0.73,0.02,0.69,0.78,0.0,0.0,10366.31,6570.3,1.0
p[14554],0.76,0.01,0.73,0.78,0.0,0.0,8715.41,6938.01,1.0
p[14555],0.6,0.02,0.56,0.63,0.0,0.0,9553.02,7367.56,1.0
p[14556],0.38,0.02,0.34,0.41,0.0,0.0,9857.55,7438.78,1.0
p[14557],0.69,0.02,0.65,0.72,0.0,0.0,9248.41,7371.29,1.0
p[14558],0.52,0.02,0.48,0.57,0.0,0.0,10466.2,6667.99,1.0
p[14559],0.63,0.02,0.59,0.67,0.0,0.0,10305.37,7300.53,1.0
p[14560],0.69,0.02,0.65,0.73,0.0,0.0,8720.69,6984.53,1.0
p[14561],0.71,0.02,0.67,0.76,0.0,0.0,10851.6,6839.97,1.0
p[14562],0.78,0.02,0.74,0.82,0.0,0.0,11029.53,7109.72,1.0
p[14563],0.61,0.02,0.58,0.64,0.0,0.0,8711.98,6939.01,1.0
p[14564],0.68,0.02,0.64,0.73,0.0,0.0,9536.57,7134.38,1.0
p[14565],0.76,0.01,0.74,0.79,0.0,0.0,8710.69,6843.36,1.0
p[14566],0.61,0.02,0.58,0.64,0.0,0.0,8714.44,6938.67,1.0
p[14567],0.61,0.02,0.58,0.64,0.0,0.0,8714.44,6938.67,1.0
p[14568],0.61,0.02,0.58,0.64,0.0,0.0,8714.44,6938.67,1.0
p[14569],0.76,0.01,0.74,0.79,0.0,0.0,8708.08,6905.56,1.0
p[14570],0.6,0.03,0.55,0.65,0.0,0.0,10506.14,7062.99,1.0
p[14571],0.39,0.02,0.35,0.42,0.0,0.0,9868.18,7406.74,1.0
p[14572],0.61,0.02,0.58,0.64,0.0,0.0,8725.99,6938.41,1.0
p[14573],0.69,0.02,0.66,0.74,0.0,0.0,8714.63,6984.91,1.0
p[14574],0.61,0.02,0.58,0.64,0.0,0.0,8727.35,6938.31,1.0
p[14575],0.74,0.02,0.69,0.78,0.0,0.0,10344.97,6557.49,1.0
p[14576],0.79,0.02,0.75,0.82,0.0,0.0,11021.0,7158.05,1.0
p[14577],0.53,0.02,0.49,0.57,0.0,0.0,9329.7,6539.86,1.0
p[14578],0.64,0.02,0.6,0.68,0.0,0.0,10292.95,7335.61,1.0
p[14579],0.77,0.01,0.74,0.79,0.0,0.0,8700.9,6988.98,1.0
p[14580],0.61,0.02,0.57,0.65,0.0,0.0,9539.05,7514.08,1.0
p[14581],0.54,0.02,0.49,0.58,0.0,0.0,10437.28,6585.09,1.0
p[14582],0.39,0.02,0.36,0.43,0.0,0.0,9870.89,7370.67,1.0
p[14583],0.77,0.01,0.74,0.79,0.0,0.0,8694.84,6924.53,1.0
p[14584],0.62,0.02,0.59,0.65,0.0,0.0,8745.02,6906.89,1.0
p[14585],0.7,0.02,0.66,0.74,0.0,0.0,8707.23,7002.95,1.0
p[14586],0.62,0.02,0.59,0.65,0.0,0.0,8747.36,6949.9,1.0
p[14587],0.77,0.01,0.75,0.79,0.0,0.0,8692.5,6874.96,1.0
p[14588],0.77,0.01,0.75,0.79,0.0,0.0,8692.5,6874.96,1.0
p[14589],0.65,0.02,0.61,0.69,0.0,0.0,10279.65,7365.93,1.0
p[14590],0.72,0.02,0.68,0.77,0.0,0.0,10813.98,6839.48,1.0
p[14591],0.7,0.02,0.65,0.74,0.0,0.0,9423.75,7038.18,1.0
p[14592],0.62,0.02,0.59,0.65,0.0,0.0,8751.55,6949.9,1.0
p[14593],0.62,0.02,0.59,0.65,0.0,0.0,8751.55,6949.9,1.0
p[14594],0.61,0.03,0.56,0.66,0.0,0.0,10476.76,7121.11,1.0
p[14595],0.4,0.02,0.36,0.43,0.0,0.0,9871.47,7443.96,1.0
p[14596],0.77,0.01,0.75,0.8,0.0,0.0,8687.47,6927.33,1.0
p[14597],0.75,0.02,0.71,0.79,0.0,0.0,10319.83,6597.13,1.0
p[14598],0.63,0.02,0.6,0.65,0.0,0.0,8757.77,6937.68,1.0
p[14599],0.71,0.02,0.67,0.74,0.0,0.0,8694.39,6765.0,1.0
p[14600],0.54,0.02,0.5,0.58,0.0,0.0,9320.16,6297.97,1.0
p[14601],0.65,0.02,0.61,0.69,0.0,0.0,10268.83,7226.09,1.0
p[14602],0.71,0.02,0.67,0.74,0.0,0.0,9199.85,7199.15,1.0
p[14603],0.78,0.01,0.75,0.8,0.0,0.0,8683.49,6990.76,1.0
p[14604],0.62,0.02,0.58,0.66,0.0,0.0,9518.34,7482.49,1.0
p[14605],0.4,0.02,0.37,0.44,0.0,0.0,9874.87,7408.06,1.0
p[14606],0.55,0.02,0.5,0.59,0.0,0.0,10392.31,6586.64,1.0
p[14607],0.71,0.02,0.67,0.75,0.0,0.0,9195.99,7200.24,1.0
p[14608],0.71,0.02,0.67,0.75,0.0,0.0,8685.79,6814.09,1.0
p[14609],0.63,0.02,0.6,0.66,0.0,0.0,8775.23,7021.26,1.0
p[14610],0.66,0.02,0.62,0.7,0.0,0.0,10252.14,7191.52,1.0
p[14611],0.71,0.02,0.67,0.75,0.0,0.0,9190.55,7200.24,1.0
p[14612],0.73,0.02,0.69,0.78,0.0,0.0,10774.98,6779.18,1.0
p[14613],0.71,0.02,0.66,0.75,0.0,0.0,9358.39,6972.97,1.0
p[14614],0.63,0.02,0.6,0.66,0.0,0.0,8779.91,7021.4,1.0
p[14615],0.78,0.01,0.76,0.8,0.0,0.0,8681.25,7068.01,1.0
p[14616],0.64,0.02,0.6,0.66,0.0,0.0,8782.35,7019.55,1.0
p[14617],0.76,0.02,0.71,0.8,0.0,0.0,10297.77,6629.12,1.0
p[14618],0.62,0.03,0.57,0.67,0.0,0.0,10449.73,7136.33,1.0
p[14619],0.78,0.01,0.76,0.8,0.0,0.0,8683.28,7101.18,1.0
p[14620],0.64,0.02,0.61,0.66,0.0,0.0,8785.19,7018.68,1.0
p[14621],0.41,0.02,0.37,0.45,0.0,0.0,9877.21,7443.64,1.0
p[14622],0.64,0.02,0.61,0.67,0.0,0.0,8790.37,7017.87,1.0
p[14623],0.8,0.02,0.76,0.84,0.0,0.0,10979.04,7296.37,1.0
p[14624],0.72,0.02,0.68,0.76,0.0,0.0,8680.54,6707.96,1.0
p[14625],0.55,0.02,0.51,0.59,0.0,0.0,9309.93,6429.42,1.0
p[14626],0.66,0.02,0.62,0.7,0.0,0.0,10240.62,7191.54,1.0
p[14627],0.63,0.02,0.59,0.67,0.0,0.0,9499.23,7246.79,1.0
p[14628],0.79,0.01,0.76,0.81,0.0,0.0,8675.37,7167.23,1.0
p[14629],0.42,0.02,0.38,0.45,0.0,0.0,9875.33,7548.35,1.0
p[14630],0.56,0.02,0.52,0.61,0.0,0.0,10346.77,6821.98,1.0
p[14631],0.79,0.01,0.76,0.81,0.0,0.0,8673.34,7167.23,1.0
p[14632],0.72,0.02,0.68,0.76,0.0,0.0,8670.69,6906.28,1.0
p[14633],0.64,0.02,0.62,0.67,0.0,0.0,8807.29,6889.37,1.0
p[14634],0.64,0.02,0.62,0.67,0.0,0.0,8808.01,6889.37,1.0
p[14635],0.67,0.02,0.63,0.71,0.0,0.0,10219.97,7295.06,1.0
p[14636],0.79,0.01,0.76,0.81,0.0,0.0,8671.45,7167.23,1.0
p[14637],0.65,0.02,0.62,0.67,0.0,0.0,8810.99,6827.85,1.0
p[14638],0.72,0.02,0.67,0.76,0.0,0.0,9294.33,6973.34,1.0
p[14639],0.74,0.02,0.7,0.78,0.0,0.0,10736.24,6850.62,1.0
p[14640],0.77,0.02,0.72,0.81,0.0,0.0,10266.25,6652.79,1.0
p[14641],0.63,0.03,0.59,0.68,0.0,0.0,10412.57,7047.65,1.0
p[14642],0.79,0.01,0.76,0.81,0.0,0.0,8668.41,7127.64,1.0
p[14643],0.42,0.02,0.39,0.46,0.0,0.0,9876.65,7510.19,1.0
p[14644],0.65,0.02,0.62,0.68,0.0,0.0,8815.62,6890.84,1.0
p[14645],0.79,0.01,0.77,0.81,0.0,0.0,8667.7,7061.25,1.0
p[14646],0.65,0.02,0.62,0.68,0.0,0.0,8820.11,6921.84,1.0
p[14647],0.73,0.02,0.69,0.77,0.0,0.0,8662.79,6898.76,1.0
p[14648],0.79,0.01,0.77,0.81,0.0,0.0,8666.16,7061.13,1.0
p[14649],0.67,0.02,0.63,0.71,0.0,0.0,10205.01,7260.9,1.0
p[14650],0.79,0.01,0.77,0.81,0.0,0.0,8666.78,7061.13,1.0
p[14651],0.81,0.02,0.78,0.85,0.0,0.0,10943.27,7261.69,1.0
p[14652],0.64,0.02,0.61,0.68,0.0,0.0,9483.63,7309.24,1.0
p[14653],0.79,0.01,0.77,0.82,0.0,0.0,8665.22,7027.48,1.0
p[14654],0.43,0.02,0.39,0.47,0.0,0.0,9872.38,7510.8,1.0
p[14655],0.57,0.02,0.53,0.62,0.0,0.0,10313.65,6883.26,1.0
p[14656],0.73,0.02,0.7,0.77,0.0,0.0,8654.84,6804.35,1.0
p[14657],0.75,0.02,0.71,0.79,0.0,0.0,10704.21,6788.92,1.0
p[14658],0.8,0.01,0.77,0.82,0.0,0.0,8663.13,7092.4,1.0
p[14659],0.66,0.02,0.63,0.68,0.0,0.0,8838.79,6635.86,1.0
p[14660],0.68,0.02,0.64,0.72,0.0,0.0,10183.4,7329.56,1.0
p[14661],0.66,0.02,0.63,0.69,0.0,0.0,8839.87,6693.45,1.0
p[14662],0.73,0.02,0.68,0.77,0.0,0.0,9297.27,6973.82,1.0
p[14663],0.66,0.02,0.63,0.69,0.0,0.0,8843.19,6635.97,1.0
p[14664],0.8,0.01,0.77,0.82,0.0,0.0,8659.58,7059.92,1.0
p[14665],0.78,0.02,0.74,0.82,0.0,0.0,10238.69,6712.81,1.0
p[14666],0.65,0.03,0.6,0.69,0.0,0.0,10372.04,6983.78,1.0
p[14667],0.43,0.02,0.4,0.47,0.0,0.0,9864.19,7509.65,1.0
p[14668],0.8,0.01,0.77,0.82,0.0,0.0,8656.95,7026.31,1.0
p[14669],0.74,0.02,0.7,0.78,0.0,0.0,8649.49,6835.1,1.0
p[14670],0.66,0.02,0.63,0.69,0.0,0.0,8850.15,6663.54,1.0
p[14671],0.66,0.02,0.63,0.69,0.0,0.0,8850.15,6663.54,1.0
p[14672],0.58,0.02,0.53,0.62,0.0,0.0,9280.74,6373.92,1.0
p[14673],0.68,0.02,0.65,0.72,0.0,0.0,10164.38,7330.2,1.0
p[14674],0.82,0.02,0.78,0.85,0.0,0.0,10918.19,7261.0,1.0
p[14675],0.66,0.02,0.62,0.69,0.0,0.0,9460.52,7277.9,1.0
p[14676],0.44,0.02,0.4,0.48,0.0,0.0,9818.73,7584.6,1.0
p[14677],0.59,0.02,0.54,0.63,0.0,0.0,10267.79,7015.5,1.0
p[14678],0.8,0.01,0.78,0.82,0.0,0.0,8650.81,6991.88,1.0
p[14679],0.67,0.02,0.64,0.7,0.0,0.0,8864.29,6719.09,1.0
p[14680],0.8,0.01,0.78,0.83,0.0,0.0,8653.52,6991.88,1.0
p[14681],0.74,0.02,0.69,0.78,0.0,0.0,9314.06,6909.63,1.0
p[14682],0.74,0.02,0.71,0.78,0.0,0.0,8638.86,6639.42,1.0
p[14683],0.67,0.02,0.64,0.7,0.0,0.0,8865.52,6717.09,1.0
p[14684],0.76,0.02,0.72,0.8,0.0,0.0,10648.18,6819.56,1.0
p[14685],0.67,0.02,0.64,0.7,0.0,0.0,8866.04,6717.09,1.0
p[14686],0.8,0.01,0.78,0.83,0.0,0.0,8650.78,6960.52,1.0
p[14687],0.78,0.02,0.74,0.82,0.0,0.0,10204.8,6713.36,1.0
p[14688],0.81,0.01,0.78,0.83,0.0,0.0,8650.09,6961.03,1.0
p[14689],0.66,0.02,0.61,0.7,0.0,0.0,10329.97,7090.39,1.0
p[14690],0.67,0.02,0.64,0.7,0.0,0.0,8869.74,6449.51,1.0
p[14691],0.75,0.02,0.71,0.78,0.0,0.0,8632.94,6527.17,1.0
p[14692],0.45,0.02,0.41,0.49,0.0,0.0,9802.03,7615.78,1.0
p[14693],0.7,0.02,0.66,0.73,0.0,0.0,10132.58,7294.66,1.0
p[14694],0.59,0.02,0.55,0.63,0.0,0.0,9262.28,6509.68,1.0
p[14695],0.81,0.01,0.79,0.83,0.0,0.0,8643.12,6961.44,1.0
p[14696],0.81,0.01,0.79,0.83,0.0,0.0,8642.62,6961.44,1.0
p[14697],0.67,0.02,0.63,0.71,0.0,0.0,9404.69,7221.18,1.0
p[14698],0.45,0.02,0.41,0.49,0.0,0.0,9798.62,7616.06,1.0
p[14699],0.6,0.02,0.55,0.64,0.0,0.0,10213.51,7240.3,1.0
p[14700],0.68,0.02,0.65,0.71,0.0,0.0,8881.68,6709.87,1.0
p[14701],0.81,0.01,0.79,0.83,0.0,0.0,8640.57,7026.72,1.0
p[14702],0.75,0.02,0.72,0.79,0.0,0.0,8629.02,6479.07,1.0
p[14703],0.68,0.02,0.65,0.71,0.0,0.0,8885.64,6722.72,1.0
p[14704],0.68,0.02,0.65,0.71,0.0,0.0,8885.92,6722.72,1.0
p[14705],0.75,0.02,0.7,0.79,0.0,0.0,9337.95,6941.98,1.0
p[14706],0.77,0.02,0.73,0.81,0.0,0.0,10600.29,6789.45,1.0
p[14707],0.67,0.02,0.62,0.71,0.0,0.0,10293.06,6942.2,1.0
p[14708],0.81,0.01,0.79,0.84,0.0,0.0,8634.88,6963.15,1.0
p[14709],0.68,0.02,0.65,0.71,0.0,0.0,8891.21,6724.14,1.0
p[14710],0.46,0.02,0.42,0.5,0.0,0.0,9780.92,7540.02,1.0
p[14711],0.68,0.02,0.65,0.71,0.0,0.0,8893.66,6723.97,1.0
p[14712],0.76,0.02,0.72,0.79,0.0,0.0,8621.11,6265.63,1.0
p[14713],0.71,0.02,0.67,0.74,0.0,0.0,10088.91,7365.42,1.0
p[14714],0.82,0.01,0.8,0.84,0.0,0.0,8629.07,6964.3,1.0
p[14715],0.47,0.02,0.43,0.51,0.0,0.0,9769.0,7521.55,1.0
p[14716],0.68,0.02,0.64,0.72,0.0,0.0,9356.98,7161.76,1.0
p[14717],0.69,0.02,0.66,0.72,0.0,0.0,8901.43,6785.94,1.0
p[14718],0.61,0.02,0.57,0.66,0.0,0.0,10166.0,7214.53,1.0
p[14719],0.82,0.01,0.8,0.84,0.0,0.0,8627.35,6964.78,1.0
p[14720],0.76,0.02,0.73,0.8,0.0,0.0,8621.06,6649.96,1.0
p[14721],0.78,0.02,0.74,0.82,0.0,0.0,10550.14,6819.45,1.0
p[14722],0.69,0.02,0.66,0.72,0.0,0.0,8903.31,6695.88,1.0
p[14723],0.69,0.02,0.66,0.72,0.0,0.0,8903.44,6725.43,1.0
p[14724],0.82,0.01,0.8,0.84,0.0,0.0,8627.34,6964.3,1.0
p[14725],0.76,0.02,0.71,0.8,0.0,0.0,9359.24,6942.8,1.0
p[14726],0.68,0.02,0.63,0.72,0.0,0.0,10246.36,7082.91,1.0
p[14727],0.69,0.02,0.66,0.72,0.0,0.0,8908.67,6751.18,1.0
p[14728],0.47,0.02,0.43,0.51,0.0,0.0,9757.66,7524.22,1.0
p[14729],0.72,0.02,0.68,0.76,0.0,0.0,10044.44,7402.72,1.0
p[14730],0.82,0.01,0.8,0.85,0.0,0.0,8622.83,6995.93,1.0
p[14731],0.69,0.02,0.65,0.73,0.0,0.0,9305.71,7213.45,1.0
p[14732],0.62,0.02,0.58,0.67,0.0,0.0,10114.93,7147.21,1.0
p[14733],0.7,0.03,0.65,0.75,0.0,0.0,8582.36,6478.24,1.0
p[14734],0.7,0.02,0.67,0.73,0.0,0.0,8919.33,6779.25,1.0
p[14735],0.77,0.02,0.73,0.81,0.0,0.0,8613.31,6686.79,1.0
p[14736],0.83,0.01,0.81,0.85,0.0,0.0,8621.33,6869.38,1.0
p[14737],0.83,0.01,0.81,0.85,0.0,0.0,8621.33,6869.38,1.0
p[14738],0.7,0.02,0.67,0.73,0.0,0.0,8924.32,6779.53,1.0
p[14739],0.77,0.02,0.72,0.8,0.0,0.0,9408.71,6848.44,1.0
p[14740],0.79,0.02,0.75,0.83,0.0,0.0,10482.87,6789.53,1.0
p[14741],0.7,0.02,0.67,0.73,0.0,0.0,8923.81,6779.01,1.0
p[14742],0.69,0.02,0.65,0.73,0.0,0.0,10193.32,7094.7,1.0
p[14743],0.7,0.02,0.67,0.73,0.0,0.0,8926.07,6869.9,1.0
p[14744],0.49,0.02,0.45,0.53,0.0,0.0,9733.62,7658.01,1.0
