,mean,sd,hdi_3%,hdi_97%,mcse_mean,mcse_sd,ess_bulk,ess_tail,r_hat
beta[hour_dec],0.23,0.02,0.19,0.27,0.0,0.0,10024.93,5370.1,1.0
beta[days_until_xmas],0.34,0.02,0.3,0.39,0.0,0.0,11430.02,5821.65,1.0
intercept,1.61,0.05,1.51,1.7,0.0,0.0,8173.45,5434.31,1.0
weekday_cat_raw[0],0.16,0.2,-0.21,0.52,0.0,0.0,2622.2,4361.62,1.0
weekday_cat_raw[1],0.14,0.19,-0.22,0.5,0.0,0.0,2694.8,3966.3,1.0
weekday_cat_raw[2],-0.0,0.2,-0.38,0.35,0.0,0.0,2668.31,4448.27,1.0
weekday_cat_raw[3],-0.08,0.2,-0.44,0.3,0.0,0.0,2636.32,4043.02,1.0
weekday_cat_raw[4],0.04,0.2,-0.32,0.42,0.0,0.0,2628.13,4335.92,1.0
weekday_cat_raw[5],-0.01,0.2,-0.38,0.36,0.0,0.0,2706.03,4185.44,1.0
weekday_cat_raw[6],-0.27,0.2,-0.64,0.1,0.0,0.0,2720.89,4242.01,1.0
dest_top_raw[Aachen Hbf],0.4,0.26,-0.08,0.88,0.0,0.0,5581.95,5702.53,1.0
dest_top_raw[Berlin Ostbahnhof],-0.56,0.19,-0.93,-0.21,0.0,0.0,3511.41,4621.01,1.0
dest_top_raw[Dortmund Hbf],0.24,0.16,-0.07,0.54,0.0,0.0,2718.99,3741.03,1.0
dest_top_raw[Düsseldorf Hbf],-0.74,0.17,-1.07,-0.43,0.0,0.0,2877.05,4477.02,1.0
dest_top_raw[Hamburg-Altona],-0.01,0.21,-0.38,0.38,0.0,0.0,3948.46,5537.92,1.0
dest_top_raw[Hamm(Westf)Hbf],0.36,0.19,0.01,0.72,0.0,0.0,3298.54,5100.57,1.0
dest_top_raw[Köln Hbf],-0.09,0.2,-0.48,0.26,0.0,0.0,3718.78,5206.91,1.0
dest_top_raw[Köln/Bonn Flughafen],0.11,0.24,-0.34,0.55,0.0,0.0,4875.24,5909.74,1.0
dest_top_raw[Minden(Westf)],-0.13,0.23,-0.56,0.31,0.0,0.0,4744.24,5754.99,1.0
dest_top_raw[München Hbf],0.46,0.25,-0.04,0.91,0.0,0.0,5152.61,5351.7,1.0
dest_top_raw[Other],-0.04,0.18,-0.37,0.32,0.0,0.0,3135.17,4635.14,1.0
train_cat_offset[HighSpeed],1.25,0.73,-0.11,2.59,0.01,0.01,6577.0,5684.29,1.0
train_cat_offset[Regional],-0.35,0.6,-1.49,0.78,0.01,0.01,6253.32,5255.72,1.0
train_cat_offset[S-Bahn],-0.92,0.66,-2.21,0.28,0.01,0.01,6218.94,5229.68,1.0
train_cat_sigma,0.45,0.16,0.2,0.76,0.0,0.0,6487.56,5679.33,1.0
weekday_cat_eff[0],0.16,0.05,0.06,0.26,0.0,0.0,8825.48,4978.27,1.0
weekday_cat_eff[1],0.14,0.05,0.04,0.24,0.0,0.0,9566.12,4904.77,1.0
weekday_cat_eff[2],0.0,0.05,-0.1,0.1,0.0,0.0,9122.35,5383.97,1.0
weekday_cat_eff[3],-0.08,0.06,-0.19,0.03,0.0,0.0,9148.22,5133.98,1.0
weekday_cat_eff[4],0.05,0.06,-0.06,0.15,0.0,0.0,8520.64,4794.42,1.0
weekday_cat_eff[5],-0.01,0.06,-0.12,0.09,0.0,0.0,8666.31,5137.02,1.0
weekday_cat_eff[6],-0.26,0.06,-0.37,-0.15,0.0,0.0,9202.99,5398.44,1.0
dest_top_eff[Aachen Hbf],0.4,0.21,0.02,0.8,0.0,0.0,11607.05,6151.38,1.0
dest_top_eff[Berlin Ostbahnhof],-0.56,0.12,-0.79,-0.33,0.0,0.0,11102.44,6117.7,1.0
dest_top_eff[Dortmund Hbf],0.24,0.07,0.12,0.36,0.0,0.0,8165.87,6275.07,1.0
dest_top_eff[Düsseldorf Hbf],-0.74,0.08,-0.9,-0.58,0.0,0.0,9310.07,6120.45,1.0
dest_top_eff[Hamburg-Altona],-0.01,0.14,-0.27,0.25,0.0,0.0,12103.44,5665.07,1.0
dest_top_eff[Hamm(Westf)Hbf],0.36,0.12,0.14,0.58,0.0,0.0,10172.65,5789.54,1.0
dest_top_eff[Köln Hbf],-0.09,0.13,-0.34,0.15,0.0,0.0,13111.38,6360.93,1.0
dest_top_eff[Köln/Bonn Flughafen],0.11,0.18,-0.24,0.45,0.0,0.0,11300.98,5708.95,1.0
dest_top_eff[Minden(Westf)],-0.13,0.18,-0.47,0.19,0.0,0.0,13536.01,6279.95,1.0
dest_top_eff[München Hbf],0.46,0.2,0.09,0.85,0.0,0.0,11203.38,5843.36,1.0
dest_top_eff[Other],-0.04,0.11,-0.23,0.16,0.0,0.0,10792.41,6030.84,1.0
train_cat_raw_eff[HighSpeed],0.5,0.28,-0.04,1.04,0.0,0.0,5569.65,5170.9,1.0
train_cat_raw_eff[Regional],-0.14,0.28,-0.69,0.37,0.0,0.0,5681.17,5247.82,1.0
train_cat_raw_eff[S-Bahn],-0.37,0.28,-0.92,0.15,0.0,0.0,5826.53,5297.12,1.0
train_cat_eff[HighSpeed],0.51,0.06,0.4,0.62,0.0,0.0,8877.49,7489.78,1.0
train_cat_eff[Regional],-0.14,0.04,-0.21,-0.07,0.0,0.0,8802.31,6815.81,1.0
train_cat_eff[S-Bahn],-0.37,0.04,-0.45,-0.28,0.0,0.0,8975.09,6878.32,1.0
p[0],0.87,0.01,0.85,0.89,0.0,0.0,9227.88,6967.61,1.0
p[1],0.87,0.01,0.85,0.89,0.0,0.0,9227.88,6967.61,1.0
p[2],0.87,0.01,0.85,0.89,0.0,0.0,9225.45,6935.35,1.0
p[3],0.9,0.02,0.87,0.93,0.0,0.0,11699.24,6793.36,1.0
p[4],0.84,0.01,0.81,0.86,0.0,0.0,9408.19,6640.14,1.0
p[5],0.84,0.01,0.81,0.86,0.0,0.0,9406.06,6640.14,1.0
p[6],0.87,0.01,0.85,0.89,0.0,0.0,9217.82,6903.67,1.0
p[7],0.88,0.01,0.85,0.91,0.0,0.0,10469.2,6585.0,1.0
p[8],0.87,0.01,0.85,0.89,0.0,0.0,9214.34,6941.82,1.0
p[9],0.93,0.01,0.91,0.94,0.0,0.0,9400.74,6821.96,1.0
p[10],0.71,0.02,0.67,0.76,0.0,0.0,9468.67,7482.29,1.0
p[11],0.87,0.01,0.85,0.89,0.0,0.0,9214.09,6941.2,1.0
p[12],0.85,0.02,0.82,0.88,0.0,0.0,10013.25,7066.4,1.0
p[13],0.84,0.01,0.82,0.86,0.0,0.0,9386.05,6637.95,1.0
p[14],0.84,0.01,0.82,0.86,0.0,0.0,9383.04,6755.98,1.0
p[15],0.93,0.01,0.91,0.94,0.0,0.0,9391.04,6853.42,1.0
p[16],0.87,0.01,0.85,0.89,0.0,0.0,9201.89,6938.11,1.0
p[17],0.87,0.01,0.85,0.89,0.0,0.0,9201.89,6938.11,1.0
p[18],0.87,0.01,0.85,0.89,0.0,0.0,9199.57,6906.55,1.0
p[19],0.87,0.01,0.85,0.89,0.0,0.0,9193.43,6894.45,1.0
p[20],0.84,0.01,0.82,0.87,0.0,0.0,9360.29,6951.83,1.0
p[21],0.85,0.01,0.82,0.87,0.0,0.0,9352.57,7048.44,1.0
p[22],0.87,0.01,0.85,0.89,0.0,0.0,9186.53,6832.29,1.0
p[23],0.85,0.01,0.82,0.87,0.0,0.0,9341.86,7015.72,1.0
p[24],0.91,0.01,0.89,0.93,0.0,0.0,9459.08,7014.44,1.0
p[25],0.88,0.01,0.86,0.89,0.0,0.0,9177.3,6712.34,1.0
p[26],0.85,0.01,0.83,0.87,0.0,0.0,9323.62,7049.39,1.0
p[27],0.89,0.01,0.86,0.91,0.0,0.0,10463.46,6542.17,1.0
p[28],0.91,0.01,0.88,0.93,0.0,0.0,11732.59,6797.96,1.0
p[29],0.85,0.01,0.83,0.87,0.0,0.0,9299.85,7082.98,1.0
p[30],0.85,0.01,0.83,0.88,0.0,0.0,9282.66,6983.99,1.0
p[31],0.88,0.01,0.86,0.9,0.0,0.0,9146.28,6790.42,1.0
p[32],0.86,0.01,0.84,0.88,0.0,0.0,9259.7,7064.53,1.0
p[33],0.9,0.02,0.86,0.94,0.0,0.0,10808.68,6118.85,1.0
p[34],0.86,0.01,0.84,0.88,0.0,0.0,9216.1,7178.87,1.0
p[35],0.9,0.02,0.86,0.94,0.0,0.0,10736.21,6223.49,1.0
p[36],0.92,0.01,0.9,0.94,0.0,0.0,11625.93,6565.99,1.0
p[37],0.86,0.01,0.85,0.88,0.0,0.0,9195.99,7229.15,1.0
p[38],0.9,0.01,0.88,0.92,0.0,0.0,10455.77,6570.75,1.0
p[39],0.89,0.01,0.87,0.91,0.0,0.0,9120.37,6883.86,1.0
p[40],0.89,0.01,0.88,0.91,0.0,0.0,9120.19,6884.6,1.0
p[41],0.92,0.01,0.9,0.94,0.0,0.0,11625.08,6577.74,1.0
p[42],0.89,0.01,0.88,0.91,0.0,0.0,9119.74,6884.08,1.0
p[43],0.89,0.01,0.88,0.91,0.0,0.0,9120.02,6884.08,1.0
p[44],0.87,0.01,0.85,0.88,0.0,0.0,9183.61,7202.74,1.0
p[45],0.92,0.01,0.9,0.94,0.0,0.0,9435.1,6390.49,1.0
p[46],0.87,0.01,0.85,0.89,0.0,0.0,9183.29,7202.74,1.0
p[47],0.87,0.01,0.85,0.89,0.0,0.0,9180.93,7236.79,1.0
p[48],0.9,0.02,0.87,0.94,0.0,0.0,10665.18,6083.88,1.0
p[49],0.87,0.01,0.85,0.9,0.0,0.0,9997.47,6770.98,1.0
p[50],0.89,0.01,0.88,0.91,0.0,0.0,9112.07,6853.3,1.0
p[51],0.9,0.01,0.88,0.92,0.0,0.0,10456.31,6472.44,1.0
p[52],0.76,0.02,0.72,0.79,0.0,0.0,9435.49,7161.78,1.0
p[53],0.88,0.02,0.83,0.92,0.0,0.0,10473.84,6517.77,1.0
p[54],0.87,0.01,0.85,0.89,0.0,0.0,9167.31,7202.59,1.0
p[55],0.87,0.01,0.85,0.89,0.0,0.0,9165.99,7202.25,1.0
p[56],0.9,0.01,0.88,0.92,0.0,0.0,10456.72,6472.15,1.0
p[57],0.76,0.02,0.72,0.79,0.0,0.0,9435.21,7126.12,1.0
p[58],0.89,0.01,0.88,0.91,0.0,0.0,9110.55,6762.15,1.0
p[59],0.89,0.01,0.88,0.91,0.0,0.0,9110.91,6762.78,1.0
p[60],0.92,0.01,0.91,0.94,0.0,0.0,9434.52,6536.68,1.0
p[61],0.87,0.01,0.85,0.89,0.0,0.0,9161.2,7236.63,1.0
p[62],0.89,0.01,0.88,0.91,0.0,0.0,9110.06,6762.78,1.0
p[63],0.89,0.01,0.88,0.91,0.0,0.0,9111.0,6762.98,1.0
p[64],0.89,0.01,0.88,0.91,0.0,0.0,9110.9,6702.73,1.0
p[65],0.87,0.01,0.85,0.89,0.0,0.0,9152.77,7168.38,1.0
p[66],0.86,0.02,0.83,0.89,0.0,0.0,9851.01,6718.83,1.0
p[67],0.87,0.01,0.85,0.89,0.0,0.0,9149.79,7168.14,1.0
p[68],0.91,0.02,0.87,0.94,0.0,0.0,10584.68,5940.07,1.0
p[69],0.88,0.01,0.85,0.9,0.0,0.0,9995.49,6770.52,1.0
p[70],0.88,0.01,0.85,0.9,0.0,0.0,9995.49,6770.52,1.0
p[71],0.95,0.01,0.93,0.97,0.0,0.0,10770.07,6574.17,1.0
p[72],0.9,0.01,0.88,0.91,0.0,0.0,9107.69,6674.97,1.0
p[73],0.87,0.01,0.86,0.89,0.0,0.0,9141.1,7134.58,1.0
p[74],0.91,0.01,0.89,0.93,0.0,0.0,10454.16,6654.61,1.0
p[75],0.76,0.02,0.73,0.8,0.0,0.0,9431.21,7267.03,1.0
p[76],0.85,0.02,0.81,0.9,0.0,0.0,11938.93,6602.51,1.0
p[77],0.88,0.02,0.84,0.92,0.0,0.0,10473.4,6602.46,1.0
p[78],0.91,0.01,0.89,0.93,0.0,0.0,10448.98,6567.02,1.0
p[79],0.87,0.01,0.86,0.89,0.0,0.0,9134.41,7135.01,1.0
p[80],0.87,0.01,0.86,0.89,0.0,0.0,9132.42,7168.31,1.0
p[81],0.9,0.01,0.88,0.91,0.0,0.0,9106.01,6616.32,1.0
p[82],0.9,0.01,0.88,0.91,0.0,0.0,9104.59,6616.79,1.0
p[83],0.9,0.01,0.88,0.91,0.0,0.0,9104.59,6616.79,1.0
p[84],0.77,0.02,0.73,0.8,0.0,0.0,9426.75,7296.8,1.0
p[85],0.87,0.01,0.86,0.89,0.0,0.0,9127.65,7134.02,1.0
p[86],0.87,0.01,0.86,0.89,0.0,0.0,9127.65,7134.02,1.0
p[87],0.9,0.01,0.88,0.91,0.0,0.0,9101.66,6617.78,1.0
p[88],0.9,0.01,0.88,0.91,0.0,0.0,9102.13,6617.78,1.0
p[89],0.9,0.01,0.88,0.91,0.0,0.0,9102.13,6617.78,1.0
p[90],0.87,0.01,0.86,0.89,0.0,0.0,9125.68,7167.32,1.0
p[91],0.93,0.01,0.91,0.94,0.0,0.0,9436.66,6619.51,1.0
p[92],0.87,0.02,0.84,0.9,0.0,0.0,9854.14,6780.78,1.0
p[93],0.93,0.01,0.91,0.94,0.0,0.0,9435.46,6619.39,1.0
p[94],0.93,0.01,0.91,0.94,0.0,0.0,9436.38,6619.39,1.0
p[95],0.88,0.01,0.86,0.89,0.0,0.0,9120.22,7204.82,1.0
p[96],0.91,0.02,0.88,0.95,0.0,0.0,10509.65,5976.08,1.0
p[97],0.88,0.01,0.86,0.91,0.0,0.0,9992.92,6875.11,1.0
p[98],0.88,0.01,0.86,0.89,0.0,0.0,9117.35,7172.24,1.0
p[99],0.86,0.02,0.81,0.9,0.0,0.0,11933.42,6660.39,1.0
p[100],0.9,0.01,0.89,0.91,0.0,0.0,9100.63,6618.05,1.0
p[101],0.91,0.01,0.89,0.93,0.0,0.0,10452.75,6652.48,1.0
p[102],0.77,0.02,0.74,0.8,0.0,0.0,9426.53,7024.74,1.0
p[103],0.9,0.01,0.89,0.91,0.0,0.0,9109.41,6666.39,1.0
p[104],0.89,0.02,0.85,0.92,0.0,0.0,10471.43,6574.26,1.0
p[105],0.88,0.01,0.86,0.9,0.0,0.0,9113.38,7201.34,1.0
p[106],0.86,0.01,0.84,0.89,0.0,0.0,9268.86,6645.16,1.0
p[107],0.91,0.01,0.89,0.93,0.0,0.0,10450.4,6654.11,1.0
p[108],0.9,0.01,0.89,0.91,0.0,0.0,9107.3,6637.46,1.0
p[109],0.9,0.01,0.89,0.91,0.0,0.0,9107.06,6637.11,1.0
p[110],0.88,0.01,0.86,0.9,0.0,0.0,9108.18,7200.68,1.0
p[111],0.93,0.01,0.91,0.95,0.0,0.0,11596.01,6643.35,1.0
p[112],0.9,0.01,0.89,0.92,0.0,0.0,9108.72,6607.69,1.0
p[113],0.88,0.01,0.86,0.9,0.0,0.0,9104.63,7200.68,1.0
p[114],0.9,0.01,0.89,0.92,0.0,0.0,9107.74,6635.04,1.0
p[115],0.9,0.01,0.89,0.92,0.0,0.0,9107.74,6635.04,1.0
p[116],0.87,0.02,0.85,0.9,0.0,0.0,9854.78,6593.05,1.0
p[117],0.96,0.01,0.94,0.97,0.0,0.0,10741.04,6632.8,1.0
p[118],0.88,0.01,0.86,0.9,0.0,0.0,9100.39,7166.24,1.0
p[119],0.89,0.01,0.86,0.91,0.0,0.0,9998.91,6844.34,1.0
p[120],0.88,0.01,0.86,0.9,0.0,0.0,9099.79,7166.24,1.0
p[121],0.89,0.01,0.86,0.91,0.0,0.0,9998.91,6844.34,1.0
p[122],0.91,0.02,0.88,0.95,0.0,0.0,10454.85,6010.44,1.0
p[123],0.86,0.02,0.82,0.91,0.0,0.0,11928.23,6573.31,1.0
p[124],0.78,0.02,0.74,0.81,0.0,0.0,9424.27,6896.12,1.0
p[125],0.9,0.01,0.89,0.92,0.0,0.0,9109.4,6531.7,1.0
p[126],0.88,0.01,0.86,0.9,0.0,0.0,9093.52,7234.55,1.0
p[127],0.91,0.01,0.89,0.93,0.0,0.0,10452.05,6471.9,1.0
p[128],0.78,0.02,0.74,0.81,0.0,0.0,9424.54,6990.24,1.0
p[129],0.89,0.02,0.85,0.93,0.0,0.0,10472.62,6430.29,1.0
p[130],0.88,0.01,0.87,0.9,0.0,0.0,9087.51,7166.71,1.0
p[131],0.88,0.01,0.87,0.9,0.0,0.0,9087.53,7200.98,1.0
p[132],0.89,0.01,0.86,0.91,0.0,0.0,9999.14,6844.3,1.0
p[133],0.9,0.01,0.89,0.92,0.0,0.0,9118.8,6364.85,1.0
p[134],0.9,0.01,0.89,0.92,0.0,0.0,9119.38,6338.31,1.0
p[135],0.88,0.01,0.87,0.9,0.0,0.0,9083.52,7133.37,1.0
p[136],0.9,0.01,0.89,0.92,0.0,0.0,9118.59,6260.44,1.0
p[137],0.91,0.01,0.9,0.93,0.0,0.0,10449.7,6458.38,1.0
p[138],0.9,0.01,0.89,0.92,0.0,0.0,9119.87,6260.44,1.0
p[139],0.91,0.01,0.89,0.92,0.0,0.0,9120.36,6277.31,1.0
p[140],0.93,0.01,0.91,0.95,0.0,0.0,11590.08,6702.31,1.0
p[141],0.91,0.01,0.89,0.92,0.0,0.0,9120.66,6278.02,1.0
p[142],0.88,0.01,0.87,0.9,0.0,0.0,9080.86,7133.16,1.0
p[143],0.78,0.02,0.75,0.81,0.0,0.0,9433.52,7157.86,1.0
p[144],0.96,0.01,0.94,0.97,0.0,0.0,10730.53,6781.45,1.0
p[145],0.93,0.01,0.92,0.95,0.0,0.0,9436.36,6365.24,1.0
p[146],0.88,0.01,0.87,0.9,0.0,0.0,9080.35,7127.48,1.0
p[147],0.87,0.01,0.85,0.9,0.0,0.0,9268.82,6855.12,1.0
p[148],0.87,0.01,0.85,0.9,0.0,0.0,9268.82,6855.12,1.0
p[149],0.88,0.01,0.87,0.9,0.0,0.0,9077.46,7132.17,1.0
p[150],0.91,0.01,0.89,0.92,0.0,0.0,9115.96,6304.36,1.0
p[151],0.92,0.02,0.88,0.95,0.0,0.0,10389.93,5905.39,1.0
p[152],0.78,0.02,0.75,0.82,0.0,0.0,9433.79,7365.47,1.0
p[153],0.89,0.02,0.86,0.93,0.0,0.0,10471.92,6375.76,1.0
p[154],0.91,0.01,0.9,0.92,0.0,0.0,9121.46,6201.99,1.0
p[155],0.88,0.01,0.85,0.91,0.0,0.0,9860.63,6579.34,1.0
p[156],0.91,0.01,0.9,0.92,0.0,0.0,9122.21,6227.4,1.0
p[157],0.87,0.01,0.85,0.9,0.0,0.0,9267.81,7076.0,1.0
p[158],0.89,0.01,0.87,0.9,0.0,0.0,9071.76,7097.98,1.0
p[159],0.91,0.01,0.9,0.92,0.0,0.0,9122.34,6201.65,1.0
p[160],0.79,0.02,0.75,0.82,0.0,0.0,9435.89,7266.25,1.0
p[161],0.89,0.01,0.87,0.9,0.0,0.0,9071.27,7031.95,1.0
p[162],0.89,0.01,0.87,0.9,0.0,0.0,9071.27,7031.95,1.0
p[163],0.89,0.01,0.87,0.92,0.0,0.0,9997.06,6753.74,1.0
p[164],0.91,0.01,0.9,0.92,0.0,0.0,9127.07,6180.48,1.0
p[165],0.91,0.01,0.9,0.92,0.0,0.0,9127.75,6180.48,1.0
p[166],0.91,0.01,0.9,0.92,0.0,0.0,9128.98,6180.48,1.0
p[167],0.91,0.01,0.9,0.92,0.0,0.0,9128.98,6180.48,1.0
p[168],0.92,0.01,0.9,0.94,0.0,0.0,10453.7,6514.08,1.0
p[169],0.92,0.01,0.9,0.94,0.0,0.0,10454.33,6513.81,1.0
p[170],0.95,0.01,0.94,0.96,0.0,0.0,9256.57,6854.57,1.0
p[171],0.87,0.02,0.83,0.91,0.0,0.0,11919.72,6327.03,1.0
p[172],0.92,0.02,0.89,0.95,0.0,0.0,10332.62,5907.55,1.0
p[173],0.96,0.01,0.94,0.97,0.0,0.0,10715.86,6903.92,1.0
p[174],0.91,0.01,0.9,0.92,0.0,0.0,9138.51,6218.1,1.0
p[175],0.94,0.01,0.92,0.95,0.0,0.0,11576.08,6791.19,1.0
p[176],0.96,0.01,0.94,0.97,0.0,0.0,11064.73,6365.42,1.0
p[177],0.89,0.01,0.87,0.9,0.0,0.0,9059.61,6921.17,1.0
p[178],0.87,0.02,0.83,0.91,0.0,0.0,11919.61,6326.82,1.0
p[179],0.79,0.02,0.76,0.82,0.0,0.0,9440.32,7307.15,1.0
p[180],0.91,0.01,0.9,0.92,0.0,0.0,9139.65,6212.29,1.0
p[181],0.92,0.01,0.9,0.94,0.0,0.0,10454.88,6542.03,1.0
p[182],0.92,0.01,0.9,0.94,0.0,0.0,10455.59,6542.34,1.0
p[183],0.9,0.02,0.86,0.93,0.0,0.0,10471.83,6343.45,1.0
p[184],0.89,0.01,0.87,0.9,0.0,0.0,9056.68,6952.56,1.0
p[185],0.91,0.01,0.9,0.92,0.0,0.0,9145.91,6236.74,1.0
p[186],0.9,0.01,0.87,0.92,0.0,0.0,9997.23,6753.18,1.0
p[187],0.91,0.01,0.9,0.92,0.0,0.0,9148.53,6236.7,1.0
p[188],0.89,0.01,0.87,0.91,0.0,0.0,9056.99,6983.6,1.0
p[189],0.88,0.01,0.86,0.9,0.0,0.0,9276.4,7399.76,1.0
p[190],0.88,0.01,0.86,0.9,0.0,0.0,9276.4,7399.76,1.0
p[191],0.91,0.01,0.9,0.92,0.0,0.0,9148.88,6262.78,1.0
p[192],0.94,0.01,0.92,0.95,0.0,0.0,11573.21,6731.28,1.0
p[193],0.91,0.01,0.9,0.92,0.0,0.0,9148.88,6262.78,1.0
p[194],0.91,0.01,0.9,0.92,0.0,0.0,9149.47,6262.78,1.0
p[195],0.9,0.01,0.87,0.92,0.0,0.0,9995.39,6753.0,1.0
p[196],0.95,0.01,0.94,0.96,0.0,0.0,9253.89,6643.5,1.0
p[197],0.92,0.01,0.9,0.94,0.0,0.0,10456.55,6598.68,1.0
p[198],0.79,0.02,0.76,0.83,0.0,0.0,9446.34,7189.35,1.0
p[199],0.89,0.01,0.88,0.91,0.0,0.0,9054.18,7013.31,1.0
p[200],0.92,0.02,0.89,0.95,0.0,0.0,10273.57,5932.54,1.0
p[201],0.89,0.01,0.86,0.91,0.0,0.0,9863.04,6606.81,1.0
p[202],0.91,0.01,0.9,0.92,0.0,0.0,9162.33,6428.01,1.0
p[203],0.9,0.01,0.88,0.92,0.0,0.0,9999.27,6723.76,1.0
p[204],0.89,0.01,0.88,0.91,0.0,0.0,9051.11,7131.68,1.0
p[205],0.91,0.01,0.9,0.92,0.0,0.0,9167.51,6360.57,1.0
p[206],0.88,0.02,0.84,0.91,0.0,0.0,11913.92,6355.73,1.0
p[207],0.8,0.02,0.77,0.83,0.0,0.0,9450.43,7315.17,1.0
p[208],0.91,0.01,0.9,0.93,0.0,0.0,9169.84,6334.52,1.0
p[209],0.91,0.01,0.9,0.93,0.0,0.0,9169.84,6334.52,1.0
p[210],0.92,0.01,0.9,0.94,0.0,0.0,10453.52,6598.84,1.0
p[211],0.9,0.02,0.86,0.93,0.0,0.0,10474.24,6395.7,1.0
p[212],0.89,0.01,0.88,0.91,0.0,0.0,9049.29,7104.21,1.0
p[213],0.91,0.01,0.9,0.93,0.0,0.0,9178.85,6342.41,1.0
p[214],0.88,0.01,0.86,0.91,0.0,0.0,9276.16,7509.62,1.0
p[215],0.89,0.01,0.88,0.91,0.0,0.0,9049.15,7098.42,1.0
p[216],0.91,0.01,0.9,0.93,0.0,0.0,9184.63,6303.36,1.0
p[217],0.91,0.01,0.9,0.93,0.0,0.0,9185.75,6277.34,1.0
p[218],0.92,0.01,0.91,0.94,0.0,0.0,10452.08,6684.47,1.0
p[219],0.95,0.01,0.94,0.96,0.0,0.0,9241.71,6798.85,1.0
p[220],0.91,0.01,0.9,0.93,0.0,0.0,9186.95,6277.34,1.0
p[221],0.91,0.01,0.9,0.93,0.0,0.0,9188.04,6277.34,1.0
p[222],0.9,0.01,0.88,0.91,0.0,0.0,9052.09,7088.8,1.0
p[223],0.9,0.01,0.88,0.91,0.0,0.0,9052.48,7088.8,1.0
p[224],0.92,0.01,0.9,0.93,0.0,0.0,9192.51,6277.34,1.0
p[225],0.94,0.01,0.92,0.96,0.0,0.0,11547.94,6641.66,1.0
p[226],0.8,0.02,0.77,0.83,0.0,0.0,9458.04,7083.03,1.0
p[227],0.92,0.01,0.9,0.93,0.0,0.0,9195.03,6211.71,1.0
p[228],0.9,0.01,0.88,0.91,0.0,0.0,9053.22,7122.09,1.0
p[229],0.89,0.01,0.87,0.91,0.0,0.0,9870.97,6530.2,1.0
p[230],0.93,0.02,0.9,0.96,0.0,0.0,10200.81,6178.69,1.0
p[231],0.88,0.02,0.84,0.92,0.0,0.0,11903.45,6382.44,1.0
p[232],0.9,0.01,0.88,0.91,0.0,0.0,9055.73,7015.27,1.0
p[233],0.95,0.01,0.94,0.96,0.0,0.0,9238.76,6590.89,1.0
p[234],0.92,0.01,0.91,0.93,0.0,0.0,9199.02,6201.22,1.0
p[235],0.8,0.02,0.77,0.83,0.0,0.0,9464.65,6889.86,1.0
p[236],0.92,0.01,0.91,0.94,0.0,0.0,10446.18,6649.28,1.0
p[237],0.92,0.01,0.91,0.93,0.0,0.0,9203.0,6202.09,1.0
p[238],0.9,0.02,0.87,0.94,0.0,0.0,10478.56,6396.4,1.0
p[239],0.92,0.01,0.91,0.93,0.0,0.0,9204.46,6227.46,1.0
p[240],0.9,0.01,0.88,0.91,0.0,0.0,9058.7,7052.13,1.0
p[241],0.89,0.01,0.86,0.91,0.0,0.0,9287.47,7622.25,1.0
p[242],0.89,0.01,0.86,0.91,0.0,0.0,9287.47,7622.25,1.0
p[243],0.92,0.01,0.91,0.93,0.0,0.0,9210.18,6215.46,1.0
p[244],0.92,0.01,0.91,0.93,0.0,0.0,9211.93,6215.42,1.0
p[245],0.9,0.01,0.88,0.91,0.0,0.0,9058.28,6965.31,1.0
p[246],0.92,0.01,0.91,0.93,0.0,0.0,9212.67,6215.42,1.0
p[247],0.94,0.01,0.93,0.95,0.0,0.0,9464.7,6342.13,1.0
p[248],0.92,0.01,0.91,0.93,0.0,0.0,9213.34,6292.83,1.0
p[249],0.93,0.01,0.91,0.94,0.0,0.0,10445.24,6620.28,1.0
p[250],0.9,0.01,0.88,0.91,0.0,0.0,9057.97,6965.73,1.0
p[251],0.81,0.02,0.78,0.84,0.0,0.0,9475.44,7049.16,1.0
p[252],0.92,0.01,0.91,0.93,0.0,0.0,9217.02,6293.23,1.0
p[253],0.95,0.01,0.95,0.96,0.0,0.0,9236.51,6504.04,1.0
p[254],0.9,0.01,0.88,0.91,0.0,0.0,9060.57,6769.35,1.0
p[255],0.94,0.01,0.93,0.95,0.0,0.0,9467.85,6341.91,1.0
p[256],0.89,0.01,0.87,0.92,0.0,0.0,9880.15,6574.39,1.0
p[257],0.92,0.01,0.91,0.93,0.0,0.0,9221.12,6370.89,1.0
p[258],0.93,0.02,0.9,0.96,0.0,0.0,10142.76,6145.75,1.0
p[259],0.9,0.01,0.89,0.91,0.0,0.0,9060.08,6738.31,1.0
p[260],0.92,0.01,0.91,0.93,0.0,0.0,9224.21,6388.25,1.0
p[261],0.9,0.01,0.89,0.91,0.0,0.0,9061.92,6710.81,1.0
p[262],0.81,0.02,0.78,0.84,0.0,0.0,9486.24,7147.65,1.0
p[263],0.92,0.01,0.91,0.93,0.0,0.0,9229.49,6348.24,1.0
p[264],0.91,0.01,0.88,0.93,0.0,0.0,9999.27,6724.15,1.0
p[265],0.91,0.01,0.88,0.93,0.0,0.0,9999.27,6724.15,1.0
p[266],0.93,0.01,0.91,0.94,0.0,0.0,10442.69,6620.0,1.0
p[267],0.94,0.01,0.93,0.95,0.0,0.0,9475.37,6339.33,1.0
p[268],0.96,0.0,0.95,0.97,0.0,0.0,9227.03,6420.57,1.0
p[269],0.91,0.02,0.87,0.94,0.0,0.0,10469.23,6478.31,1.0
p[270],0.89,0.02,0.85,0.92,0.0,0.0,11890.8,6408.43,1.0
p[271],0.9,0.01,0.89,0.91,0.0,0.0,9065.13,6681.32,1.0
p[272],0.89,0.01,0.87,0.91,0.0,0.0,9300.6,7387.46,1.0
p[273],0.9,0.01,0.89,0.92,0.0,0.0,9061.81,6768.77,1.0
p[274],0.92,0.01,0.91,0.93,0.0,0.0,9237.02,6307.59,1.0
p[275],0.96,0.01,0.95,0.98,0.0,0.0,10661.34,6748.0,1.0
p[276],0.93,0.01,0.91,0.94,0.0,0.0,10438.35,6562.98,1.0
p[277],0.92,0.01,0.91,0.93,0.0,0.0,9240.97,6307.58,1.0
p[278],0.92,0.01,0.91,0.93,0.0,0.0,9242.05,6307.58,1.0
p[279],0.92,0.01,0.91,0.93,0.0,0.0,9242.89,6334.71,1.0
p[280],0.92,0.01,0.91,0.93,0.0,0.0,9245.61,6334.71,1.0
p[281],0.94,0.01,0.93,0.96,0.0,0.0,11534.73,6554.88,1.0
p[282],0.91,0.01,0.89,0.93,0.0,0.0,10003.78,6784.17,1.0
p[283],0.81,0.02,0.79,0.84,0.0,0.0,9498.98,7113.3,1.0
p[284],0.92,0.01,0.91,0.93,0.0,0.0,9253.73,6335.08,1.0
p[285],0.9,0.01,0.89,0.92,0.0,0.0,9065.37,6827.04,1.0
p[286],0.9,0.01,0.89,0.92,0.0,0.0,9065.37,6827.04,1.0
p[287],0.9,0.01,0.89,0.92,0.0,0.0,9066.66,6827.97,1.0
p[288],0.92,0.01,0.91,0.93,0.0,0.0,9260.15,6387.81,1.0
p[289],0.9,0.01,0.89,0.92,0.0,0.0,9066.57,6736.65,1.0
p[290],0.93,0.02,0.9,0.96,0.0,0.0,10073.73,6138.08,1.0
p[291],0.9,0.01,0.88,0.92,0.0,0.0,9893.22,6622.77,1.0
p[292],0.92,0.01,0.91,0.93,0.0,0.0,9267.96,6468.53,1.0
p[293],0.82,0.02,0.79,0.84,0.0,0.0,9507.44,7115.79,1.0
p[294],0.9,0.01,0.89,0.92,0.0,0.0,9068.83,7047.79,1.0
p[295],0.92,0.01,0.91,0.93,0.0,0.0,9277.49,6517.34,1.0
p[296],0.89,0.02,0.85,0.92,0.0,0.0,11883.6,6327.74,1.0
p[297],0.91,0.02,0.88,0.94,0.0,0.0,10469.36,6341.8,1.0
p[298],0.96,0.01,0.95,0.98,0.0,0.0,10795.06,6286.11,1.0
p[299],0.9,0.01,0.89,0.92,0.0,0.0,9071.7,7049.33,1.0
p[300],0.93,0.01,0.92,0.95,0.0,0.0,10438.91,6548.53,1.0
p[301],0.92,0.01,0.91,0.93,0.0,0.0,9282.37,6409.95,1.0
p[302],0.91,0.01,0.89,0.92,0.0,0.0,9072.67,7104.5,1.0
p[303],0.92,0.01,0.91,0.93,0.0,0.0,9284.15,6409.95,1.0
p[304],0.92,0.01,0.91,0.93,0.0,0.0,9284.15,6409.95,1.0
p[305],0.91,0.01,0.89,0.93,0.0,0.0,10010.11,6875.48,1.0
p[306],0.9,0.01,0.87,0.92,0.0,0.0,9313.54,7134.4,1.0
p[307],0.9,0.01,0.87,0.92,0.0,0.0,9313.54,7134.4,1.0
p[308],0.96,0.0,0.95,0.97,0.0,0.0,9198.83,6426.07,1.0
p[309],0.97,0.01,0.95,0.98,0.0,0.0,10645.45,6771.71,1.0
p[310],0.93,0.01,0.92,0.95,0.0,0.0,10439.75,6590.75,1.0
p[311],0.92,0.01,0.91,0.93,0.0,0.0,9291.64,6491.6,1.0
p[312],0.91,0.01,0.89,0.92,0.0,0.0,9079.79,7168.45,1.0
p[313],0.95,0.01,0.93,0.96,0.0,0.0,9491.74,6521.74,1.0
p[314],0.91,0.01,0.89,0.93,0.0,0.0,10010.72,6937.92,1.0
p[315],0.93,0.01,0.91,0.96,0.0,0.0,10023.06,6136.22,1.0
p[316],0.91,0.01,0.89,0.93,0.0,0.0,10010.72,6937.92,1.0
p[317],0.91,0.01,0.89,0.92,0.0,0.0,9080.93,7068.18,1.0
p[318],0.95,0.01,0.93,0.96,0.0,0.0,11509.58,6612.95,1.0
p[319],0.91,0.01,0.89,0.93,0.0,0.0,10010.82,6906.48,1.0
p[320],0.92,0.01,0.91,0.93,0.0,0.0,9305.63,6280.22,1.0
p[321],0.82,0.01,0.79,0.85,0.0,0.0,9524.77,7080.46,1.0
p[322],0.91,0.01,0.89,0.92,0.0,0.0,9082.68,7067.99,1.0
p[323],0.91,0.01,0.89,0.92,0.0,0.0,9083.36,7067.99,1.0
p[324],0.89,0.02,0.86,0.93,0.0,0.0,11873.96,6407.74,1.0
p[325],0.82,0.01,0.79,0.85,0.0,0.0,9528.2,6981.91,1.0
p[326],0.9,0.01,0.88,0.92,0.0,0.0,9894.87,6609.51,1.0
p[327],0.96,0.0,0.95,0.97,0.0,0.0,9198.19,6483.99,1.0
p[328],0.93,0.01,0.92,0.95,0.0,0.0,10433.02,6644.24,1.0
p[329],0.91,0.02,0.88,0.94,0.0,0.0,10467.85,6369.72,1.0
p[330],0.91,0.01,0.89,0.92,0.0,0.0,9084.12,7068.32,1.0
p[331],0.93,0.01,0.92,0.94,0.0,0.0,9324.3,6409.57,1.0
p[332],0.93,0.01,0.92,0.94,0.0,0.0,9328.44,6257.27,1.0
p[333],0.91,0.01,0.9,0.92,0.0,0.0,9085.96,7068.05,1.0
p[334],0.93,0.01,0.92,0.94,0.0,0.0,9333.19,6257.27,1.0
p[335],0.93,0.01,0.92,0.94,0.0,0.0,9334.87,6277.87,1.0
p[336],0.93,0.01,0.92,0.94,0.0,0.0,9336.24,6250.27,1.0
p[337],0.9,0.01,0.88,0.92,0.0,0.0,9326.42,7034.88,1.0
p[338],0.93,0.01,0.92,0.94,0.0,0.0,9340.34,6250.27,1.0
p[339],0.93,0.01,0.92,0.95,0.0,0.0,10429.32,6672.68,1.0
p[340],0.91,0.01,0.9,0.92,0.0,0.0,9089.57,7100.68,1.0
p[341],0.93,0.01,0.92,0.94,0.0,0.0,9342.61,6277.82,1.0
p[342],0.95,0.01,0.94,0.96,0.0,0.0,9498.79,6691.19,1.0
p[343],0.91,0.01,0.9,0.92,0.0,0.0,9091.01,7100.95,1.0
p[344],0.83,0.01,0.8,0.85,0.0,0.0,9541.87,7247.42,1.0
p[345],0.97,0.01,0.95,0.98,0.0,0.0,10630.46,6956.5,1.0
p[346],0.94,0.01,0.91,0.96,0.0,0.0,9973.71,6060.09,1.0
p[347],0.91,0.01,0.89,0.93,0.0,0.0,10001.06,6938.67,1.0
p[348],0.91,0.01,0.89,0.93,0.0,0.0,10001.06,6938.67,1.0
p[349],0.91,0.01,0.9,0.92,0.0,0.0,9092.38,7134.04,1.0
p[350],0.95,0.01,0.94,0.96,0.0,0.0,11486.92,6729.47,1.0
p[351],0.93,0.01,0.92,0.94,0.0,0.0,9361.27,6308.47,1.0
p[352],0.91,0.01,0.9,0.92,0.0,0.0,9097.6,7235.56,1.0
p[353],0.93,0.01,0.92,0.95,0.0,0.0,10422.86,6729.96,1.0
p[354],0.83,0.01,0.8,0.85,0.0,0.0,9406.2,7425.69,1.0
p[355],0.93,0.01,0.92,0.94,0.0,0.0,9368.6,6297.9,1.0
p[356],0.93,0.01,0.92,0.95,0.0,0.0,10423.57,6700.5,1.0
p[357],0.92,0.02,0.89,0.94,0.0,0.0,10460.58,6395.99,1.0
p[358],0.91,0.01,0.9,0.92,0.0,0.0,9101.59,7235.29,1.0
p[359],0.94,0.01,0.92,0.95,0.0,0.0,10421.83,6760.2,1.0
p[360],0.93,0.01,0.92,0.94,0.0,0.0,9380.53,6282.35,1.0
p[361],0.83,0.01,0.8,0.86,0.0,0.0,9416.59,7383.74,1.0
p[362],0.91,0.01,0.9,0.92,0.0,0.0,9103.19,7200.81,1.0
p[363],0.91,0.01,0.9,0.92,0.0,0.0,9103.52,7200.81,1.0
p[364],0.93,0.01,0.92,0.94,0.0,0.0,9384.79,6252.41,1.0
p[365],0.9,0.02,0.86,0.93,0.0,0.0,11865.03,6353.94,1.0
p[366],0.95,0.01,0.93,0.96,0.0,0.0,11690.54,6727.6,1.0
p[367],0.95,0.01,0.93,0.96,0.0,0.0,11690.54,6727.6,1.0
p[368],0.93,0.01,0.92,0.94,0.0,0.0,9386.99,6335.55,1.0
p[369],0.93,0.01,0.92,0.94,0.0,0.0,9387.18,6335.55,1.0
p[370],0.93,0.01,0.92,0.94,0.0,0.0,9388.12,6362.28,1.0
p[371],0.93,0.01,0.92,0.94,0.0,0.0,9396.62,6356.84,1.0
p[372],0.95,0.01,0.94,0.96,0.0,0.0,11480.09,6692.34,1.0
p[373],0.91,0.01,0.9,0.92,0.0,0.0,9112.1,7167.64,1.0
p[374],0.91,0.01,0.89,0.93,0.0,0.0,9914.55,6874.51,1.0
p[375],0.96,0.0,0.95,0.97,0.0,0.0,9199.29,6513.91,1.0
p[376],0.94,0.01,0.91,0.96,0.0,0.0,9921.33,6012.94,1.0
p[377],0.92,0.01,0.9,0.94,0.0,0.0,9983.27,7066.61,1.0
p[378],0.93,0.01,0.92,0.94,0.0,0.0,9404.05,6355.25,1.0
p[379],0.91,0.01,0.9,0.93,0.0,0.0,9113.64,7201.59,1.0
p[380],0.83,0.01,0.81,0.86,0.0,0.0,9436.79,7295.47,1.0
p[381],0.94,0.01,0.92,0.95,0.0,0.0,10418.21,6917.98,1.0
p[382],0.96,0.0,0.95,0.97,0.0,0.0,9204.05,6530.06,1.0
p[383],0.92,0.01,0.89,0.95,0.0,0.0,10458.76,6619.9,1.0
p[384],0.91,0.01,0.9,0.93,0.0,0.0,9124.22,7200.97,1.0
p[385],0.95,0.01,0.93,0.96,0.0,0.0,11674.47,6618.35,1.0
p[386],0.93,0.01,0.92,0.94,0.0,0.0,9423.84,6304.54,1.0
p[387],0.9,0.02,0.87,0.93,0.0,0.0,11850.53,6327.76,1.0
p[388],0.93,0.01,0.92,0.94,0.0,0.0,9426.61,6277.51,1.0
p[389],0.83,0.01,0.81,0.86,0.0,0.0,9443.95,7263.43,1.0
p[390],0.91,0.01,0.9,0.93,0.0,0.0,9128.02,7235.8,1.0
p[391],0.94,0.01,0.92,0.95,0.0,0.0,10416.3,6981.74,1.0
p[392],0.91,0.01,0.9,0.93,0.0,0.0,9129.07,7270.21,1.0
p[393],0.93,0.01,0.92,0.94,0.0,0.0,9433.11,6277.54,1.0
p[394],0.93,0.01,0.92,0.94,0.0,0.0,9433.11,6277.54,1.0
p[395],0.93,0.01,0.92,0.94,0.0,0.0,9434.31,6277.54,1.0
p[396],0.93,0.01,0.92,0.94,0.0,0.0,9434.97,6277.07,1.0
p[397],0.93,0.01,0.92,0.94,0.0,0.0,9439.74,6252.08,1.0
p[398],0.95,0.01,0.94,0.96,0.0,0.0,9540.64,6759.97,1.0
p[399],0.92,0.01,0.9,0.93,0.0,0.0,9133.85,7236.12,1.0
p[400],0.92,0.01,0.9,0.93,0.0,0.0,9134.04,7236.12,1.0
p[401],0.94,0.01,0.91,0.96,0.0,0.0,9874.48,5805.06,1.0
p[402],0.93,0.01,0.92,0.94,0.0,0.0,9458.39,6119.92,1.0
p[403],0.92,0.01,0.9,0.93,0.0,0.0,9138.95,7270.73,1.0
p[404],0.97,0.01,0.95,0.98,0.0,0.0,10600.52,6354.32,1.0
p[405],0.92,0.01,0.9,0.94,0.0,0.0,9955.75,7067.05,1.0
p[406],0.92,0.01,0.9,0.94,0.0,0.0,9955.75,7067.05,1.0
p[407],0.91,0.01,0.89,0.93,0.0,0.0,9932.99,6862.07,1.0
p[408],0.93,0.01,0.92,0.94,0.0,0.0,9465.04,6144.59,1.0
p[409],0.84,0.01,0.81,0.86,0.0,0.0,9466.24,7405.45,1.0
p[410],0.9,0.02,0.87,0.93,0.0,0.0,11835.4,6327.98,1.0
p[411],0.95,0.01,0.94,0.97,0.0,0.0,11437.16,6785.53,1.0
p[412],0.96,0.0,0.96,0.97,0.0,0.0,9205.11,6369.43,1.0
p[413],0.94,0.01,0.93,0.95,0.0,0.0,10411.73,6858.99,1.0
p[414],0.93,0.01,0.92,0.94,0.0,0.0,9480.56,6094.06,1.0
p[415],0.97,0.01,0.96,0.98,0.0,0.0,10603.52,6806.19,1.0
p[416],0.92,0.01,0.9,0.93,0.0,0.0,9150.04,7307.29,1.0
p[417],0.93,0.01,0.92,0.94,0.0,0.0,9486.88,6143.31,1.0
p[418],0.93,0.01,0.92,0.94,0.0,0.0,9487.69,6143.31,1.0
p[419],0.95,0.01,0.94,0.97,0.0,0.0,11433.4,6846.03,1.0
p[420],0.92,0.01,0.91,0.93,0.0,0.0,9154.38,7097.62,1.0
p[421],0.93,0.01,0.92,0.94,0.0,0.0,9488.03,6118.58,1.0
p[422],0.95,0.01,0.94,0.96,0.0,0.0,11648.91,6557.44,1.0
p[423],0.95,0.01,0.94,0.96,0.0,0.0,11648.91,6557.44,1.0
p[424],0.93,0.01,0.92,0.94,0.0,0.0,9488.03,6118.58,1.0
p[425],0.92,0.01,0.91,0.93,0.0,0.0,9155.88,6995.68,1.0
p[426],0.84,0.01,0.82,0.87,0.0,0.0,9486.51,7406.35,1.0
p[427],0.93,0.01,0.92,0.94,0.0,0.0,9496.27,6022.73,1.0
p[428],0.96,0.0,0.96,0.97,0.0,0.0,9210.65,6365.0,1.0
p[429],0.94,0.01,0.93,0.95,0.0,0.0,10411.55,6891.39,1.0
p[430],0.96,0.0,0.96,0.97,0.0,0.0,9211.51,6365.0,1.0
p[431],0.95,0.01,0.94,0.96,0.0,0.0,9555.51,6758.1,1.0
p[432],0.92,0.01,0.91,0.93,0.0,0.0,9167.18,6867.01,1.0
p[433],0.93,0.01,0.93,0.94,0.0,0.0,9517.73,6010.15,1.0
p[434],0.92,0.01,0.89,0.93,0.0,0.0,9943.34,7056.64,1.0
p[435],0.94,0.01,0.92,0.97,0.0,0.0,9812.31,5806.27,1.0
p[436],0.92,0.01,0.91,0.93,0.0,0.0,9168.79,6712.7,1.0
p[437],0.93,0.01,0.9,0.95,0.0,0.0,10453.33,6574.17,1.0
p[438],0.94,0.01,0.93,0.95,0.0,0.0,10412.19,6891.3,1.0
p[439],0.94,0.01,0.93,0.94,0.0,0.0,9525.52,6156.57,1.0
p[440],0.84,0.01,0.82,0.87,0.0,0.0,9500.99,7408.28,1.0
p[441],0.94,0.01,0.93,0.94,0.0,0.0,9528.38,6156.57,1.0
p[442],0.92,0.01,0.91,0.94,0.0,0.0,9924.39,7066.57,1.0
p[443],0.93,0.01,0.9,0.95,0.0,0.0,10453.18,6574.17,1.0
p[444],0.96,0.0,0.96,0.97,0.0,0.0,9208.96,6444.55,1.0
p[445],0.91,0.02,0.88,0.94,0.0,0.0,11818.82,6275.92,1.0
p[446],0.92,0.01,0.91,0.93,0.0,0.0,9177.26,7049.5,1.0
p[447],0.94,0.01,0.93,0.95,0.0,0.0,9541.74,6072.34,1.0
p[448],0.97,0.0,0.96,0.97,0.0,0.0,9202.07,6578.24,1.0
p[449],0.94,0.01,0.93,0.95,0.0,0.0,9545.15,6072.34,1.0
p[450],0.94,0.01,0.93,0.95,0.0,0.0,9550.96,6167.81,1.0
p[451],0.94,0.01,0.93,0.95,0.0,0.0,9551.2,6167.81,1.0
p[452],0.94,0.01,0.93,0.95,0.0,0.0,9552.3,6244.54,1.0
p[453],0.96,0.01,0.94,0.97,0.0,0.0,11405.09,6876.26,1.0
p[454],0.92,0.01,0.91,0.93,0.0,0.0,9190.24,7019.93,1.0
p[455],0.94,0.01,0.93,0.95,0.0,0.0,9558.5,6194.68,1.0
p[456],0.94,0.01,0.93,0.96,0.0,0.0,10409.92,6859.56,1.0
p[457],0.85,0.01,0.82,0.87,0.0,0.0,9521.44,7489.37,1.0
p[458],0.97,0.0,0.96,0.97,0.0,0.0,9200.82,6577.05,1.0
p[459],0.92,0.01,0.91,0.93,0.0,0.0,9196.6,7163.93,1.0
p[460],0.95,0.01,0.94,0.97,0.0,0.0,9569.56,6912.76,1.0
p[461],0.92,0.01,0.9,0.94,0.0,0.0,9954.47,7053.93,1.0
p[462],0.92,0.01,0.91,0.93,0.0,0.0,9198.66,7148.29,1.0
p[463],0.93,0.01,0.91,0.94,0.0,0.0,9914.34,7066.63,1.0
p[464],0.95,0.01,0.94,0.97,0.0,0.0,11620.21,6476.01,1.0
p[465],0.94,0.01,0.92,0.97,0.0,0.0,9762.45,5763.74,1.0
p[466],0.97,0.0,0.96,0.97,0.0,0.0,9195.54,6522.69,1.0
p[467],0.94,0.0,0.93,0.95,0.0,0.0,9574.1,6250.77,1.0
p[468],0.94,0.0,0.93,0.95,0.0,0.0,9574.1,6250.77,1.0
p[469],0.92,0.01,0.9,0.94,0.0,0.0,9957.26,7053.2,1.0
p[470],0.92,0.01,0.9,0.94,0.0,0.0,9956.73,7053.2,1.0
p[471],0.94,0.0,0.93,0.95,0.0,0.0,9580.48,6401.69,1.0
p[472],0.94,0.0,0.93,0.95,0.0,0.0,9583.27,6374.75,1.0
p[473],0.97,0.0,0.96,0.97,0.0,0.0,9196.18,6576.73,1.0
p[474],0.93,0.01,0.9,0.95,0.0,0.0,10445.66,6604.14,1.0
p[475],0.92,0.01,0.91,0.93,0.0,0.0,9213.17,7349.35,1.0
p[476],0.95,0.01,0.94,0.97,0.0,0.0,11611.75,6393.96,1.0
p[477],0.95,0.01,0.94,0.97,0.0,0.0,11611.75,6393.96,1.0
p[478],0.92,0.01,0.91,0.93,0.0,0.0,9214.49,7244.28,1.0
p[479],0.94,0.01,0.93,0.96,0.0,0.0,10406.19,6741.19,1.0
p[480],0.92,0.01,0.9,0.94,0.0,0.0,9961.73,7027.02,1.0
p[481],0.94,0.0,0.93,0.95,0.0,0.0,9601.95,6344.02,1.0
p[482],0.94,0.0,0.93,0.95,0.0,0.0,9601.95,6344.02,1.0
p[483],0.97,0.0,0.96,0.97,0.0,0.0,9199.23,6577.89,1.0
p[484],0.94,0.0,0.93,0.95,0.0,0.0,9607.49,6397.8,1.0
p[485],0.92,0.01,0.91,0.94,0.0,0.0,9225.39,7279.02,1.0
p[486],0.92,0.01,0.91,0.94,0.0,0.0,9225.78,7278.62,1.0
p[487],0.94,0.0,0.93,0.95,0.0,0.0,9613.79,6331.29,1.0
p[488],0.97,0.0,0.96,0.97,0.0,0.0,9197.2,6549.45,1.0
p[489],0.92,0.01,0.91,0.94,0.0,0.0,9226.64,7385.02,1.0
p[490],0.92,0.01,0.9,0.94,0.0,0.0,9967.38,7059.7,1.0
p[491],0.92,0.01,0.91,0.94,0.0,0.0,9231.13,7385.36,1.0
p[492],0.95,0.01,0.94,0.97,0.0,0.0,11602.64,6392.69,1.0
p[493],0.94,0.0,0.93,0.95,0.0,0.0,9637.73,6157.44,1.0
p[494],0.94,0.0,0.93,0.95,0.0,0.0,9637.74,6244.78,1.0
p[495],0.92,0.01,0.9,0.94,0.0,0.0,9967.65,6994.59,1.0
p[496],0.94,0.0,0.93,0.95,0.0,0.0,9655.12,6226.2,1.0
p[497],0.97,0.0,0.96,0.97,0.0,0.0,9188.12,6604.16,1.0
p[498],0.97,0.0,0.96,0.97,0.0,0.0,9188.56,6632.74,1.0
p[499],0.93,0.01,0.91,0.94,0.0,0.0,9249.26,7314.08,1.0
p[500],0.94,0.0,0.93,0.95,0.0,0.0,9668.37,6277.11,1.0
p[501],0.94,0.0,0.93,0.95,0.0,0.0,9669.05,6277.11,1.0
p[502],0.96,0.01,0.95,0.97,0.0,0.0,11358.21,6808.29,1.0
p[503],0.94,0.0,0.93,0.95,0.0,0.0,9672.24,6252.29,1.0
p[504],0.93,0.01,0.92,0.94,0.0,0.0,9254.43,7330.39,1.0
p[505],0.94,0.0,0.93,0.95,0.0,0.0,9683.71,6251.24,1.0
p[506],0.93,0.01,0.91,0.94,0.0,0.0,9263.83,7329.38,1.0
p[507],0.93,0.01,0.92,0.94,0.0,0.0,9264.86,7329.38,1.0
p[508],0.97,0.0,0.96,0.98,0.0,0.0,9187.19,6608.7,1.0
p[509],0.94,0.0,0.93,0.95,0.0,0.0,9692.26,6289.59,1.0
p[510],0.94,0.0,0.93,0.95,0.0,0.0,9699.62,6212.86,1.0
p[511],0.94,0.0,0.93,0.95,0.0,0.0,9699.62,6212.86,1.0
p[512],0.94,0.0,0.93,0.95,0.0,0.0,9699.62,6212.86,1.0
p[513],0.96,0.01,0.95,0.97,0.0,0.0,9592.93,7040.14,1.0
p[514],0.94,0.0,0.93,0.95,0.0,0.0,9706.63,6138.44,1.0
p[515],0.96,0.01,0.94,0.97,0.0,0.0,11574.84,6260.49,1.0
p[516],0.97,0.01,0.96,0.98,0.0,0.0,10559.34,6927.55,1.0
p[517],0.93,0.01,0.92,0.94,0.0,0.0,9277.63,7256.52,1.0
p[518],0.94,0.0,0.93,0.95,0.0,0.0,9719.64,6187.7,1.0
p[519],0.94,0.0,0.93,0.95,0.0,0.0,9720.74,6187.7,1.0
p[520],0.94,0.0,0.93,0.95,0.0,0.0,9724.42,6188.48,1.0
p[521],0.94,0.0,0.93,0.95,0.0,0.0,9728.59,6188.15,1.0
p[522],0.93,0.01,0.92,0.94,0.0,0.0,9289.16,7154.25,1.0
p[523],0.93,0.01,0.92,0.94,0.0,0.0,9292.12,7243.5,1.0
p[524],0.93,0.01,0.92,0.94,0.0,0.0,9296.07,7243.64,1.0
p[525],0.96,0.01,0.95,0.97,0.0,0.0,11555.97,6339.99,1.0
p[526],0.94,0.0,0.94,0.95,0.0,0.0,9746.78,6264.55,1.0
p[527],0.86,0.01,0.84,0.88,0.0,0.0,9868.46,6507.64,1.0
p[528],0.92,0.01,0.9,0.94,0.0,0.0,9356.63,7565.78,1.0
p[529],0.86,0.01,0.84,0.88,0.0,0.0,9871.57,6507.64,1.0
p[530],0.86,0.01,0.84,0.88,0.0,0.0,9872.22,6480.28,1.0
p[531],0.92,0.01,0.9,0.94,0.0,0.0,9354.8,7564.92,1.0
p[532],0.83,0.01,0.81,0.86,0.0,0.0,9688.54,7273.58,1.0
p[533],0.86,0.01,0.84,0.88,0.0,0.0,9871.77,6419.3,1.0
p[534],0.86,0.01,0.84,0.88,0.0,0.0,9874.1,6419.3,1.0
p[535],0.84,0.02,0.81,0.88,0.0,0.0,10728.18,7111.85,1.0
p[536],0.83,0.01,0.81,0.86,0.0,0.0,9687.62,7170.01,1.0
p[537],0.92,0.01,0.91,0.94,0.0,0.0,9351.19,7546.13,1.0
p[538],0.86,0.01,0.84,0.88,0.0,0.0,9878.91,6446.65,1.0
p[539],0.87,0.01,0.85,0.88,0.0,0.0,9881.66,6419.97,1.0
p[540],0.87,0.01,0.85,0.88,0.0,0.0,9882.63,6390.88,1.0
p[541],0.84,0.01,0.81,0.86,0.0,0.0,9677.67,7173.95,1.0
p[542],0.84,0.01,0.82,0.86,0.0,0.0,9679.76,7313.17,1.0
p[543],0.87,0.01,0.85,0.89,0.0,0.0,9896.47,6338.66,1.0
p[544],0.9,0.01,0.87,0.93,0.0,0.0,11712.41,6760.16,1.0
p[545],0.85,0.01,0.82,0.87,0.0,0.0,9658.4,7611.62,1.0
p[546],0.85,0.01,0.83,0.87,0.0,0.0,9640.47,7576.35,1.0
p[547],0.88,0.01,0.86,0.89,0.0,0.0,9938.14,6728.99,1.0
p[548],0.91,0.01,0.89,0.94,0.0,0.0,12271.59,7132.79,1.0
p[549],0.88,0.01,0.87,0.9,0.0,0.0,9977.29,6943.65,1.0
p[550],0.86,0.01,0.84,0.88,0.0,0.0,9598.38,7538.25,1.0
p[551],0.86,0.01,0.84,0.88,0.0,0.0,9577.89,7534.31,1.0
p[552],0.88,0.01,0.87,0.9,0.0,0.0,9990.24,7123.91,1.0
p[553],0.86,0.01,0.84,0.88,0.0,0.0,9573.66,7496.69,1.0
p[554],0.92,0.01,0.9,0.94,0.0,0.0,12295.99,7286.33,1.0
p[555],0.86,0.01,0.84,0.88,0.0,0.0,9569.61,7534.24,1.0
p[556],0.87,0.02,0.84,0.9,0.0,0.0,10743.44,7181.21,1.0
p[557],0.89,0.01,0.87,0.9,0.0,0.0,9998.37,6873.21,1.0
p[558],0.89,0.01,0.87,0.9,0.0,0.0,9998.37,6873.21,1.0
p[559],0.9,0.02,0.86,0.94,0.0,0.0,10236.24,6085.31,1.0
p[560],0.89,0.01,0.87,0.9,0.0,0.0,9999.87,6811.83,1.0
p[561],0.89,0.01,0.87,0.9,0.0,0.0,10002.29,6780.66,1.0
p[562],0.75,0.02,0.71,0.78,0.0,0.0,9755.0,7022.39,1.0
p[563],0.9,0.01,0.87,0.92,0.0,0.0,9475.37,6185.27,1.0
p[564],0.89,0.01,0.87,0.9,0.0,0.0,10006.01,6780.99,1.0
p[565],0.87,0.02,0.83,0.91,0.0,0.0,10530.31,5921.69,1.0
p[566],0.89,0.01,0.87,0.9,0.0,0.0,10006.27,6780.99,1.0
p[567],0.86,0.01,0.84,0.88,0.0,0.0,9549.93,7569.69,1.0
p[568],0.9,0.01,0.88,0.92,0.0,0.0,9483.44,6088.97,1.0
p[569],0.86,0.01,0.84,0.88,0.0,0.0,9547.38,7584.67,1.0
p[570],0.75,0.02,0.71,0.78,0.0,0.0,9752.71,7187.77,1.0
p[571],0.89,0.01,0.87,0.9,0.0,0.0,10006.13,6687.78,1.0
p[572],0.89,0.01,0.87,0.9,0.0,0.0,10009.0,6687.78,1.0
p[573],0.86,0.01,0.84,0.88,0.0,0.0,9536.95,7674.36,1.0
p[574],0.89,0.01,0.87,0.9,0.0,0.0,10012.24,6687.78,1.0
p[575],0.89,0.01,0.87,0.9,0.0,0.0,10012.74,6687.78,1.0
p[576],0.92,0.01,0.9,0.94,0.0,0.0,9435.85,6777.41,1.0
p[577],0.89,0.01,0.87,0.9,0.0,0.0,10017.35,6869.84,1.0
p[578],0.86,0.01,0.85,0.88,0.0,0.0,9528.32,7606.8,1.0
p[579],0.86,0.02,0.83,0.89,0.0,0.0,10239.16,6587.16,1.0
p[580],0.95,0.01,0.93,0.97,0.0,0.0,10648.38,6068.87,1.0
p[581],0.92,0.01,0.9,0.94,0.0,0.0,9434.98,6839.66,1.0
p[582],0.87,0.01,0.84,0.9,0.0,0.0,10760.99,7250.03,1.0
p[583],0.87,0.01,0.84,0.9,0.0,0.0,10760.99,7250.03,1.0
p[584],0.89,0.01,0.87,0.9,0.0,0.0,10023.12,6600.0,1.0
p[585],0.87,0.01,0.85,0.88,0.0,0.0,9521.35,7568.99,1.0
p[586],0.9,0.02,0.86,0.94,0.0,0.0,10168.38,6083.6,1.0
p[587],0.85,0.03,0.8,0.89,0.0,0.0,12281.16,6259.74,1.0
p[588],0.87,0.01,0.85,0.88,0.0,0.0,9516.85,7597.55,1.0
p[589],0.89,0.01,0.88,0.9,0.0,0.0,10025.94,6599.19,1.0
p[590],0.9,0.01,0.88,0.92,0.0,0.0,9501.63,6251.15,1.0
p[591],0.75,0.02,0.72,0.79,0.0,0.0,9751.63,7254.53,1.0
p[592],0.88,0.02,0.83,0.92,0.0,0.0,10540.1,6110.62,1.0
p[593],0.89,0.01,0.88,0.91,0.0,0.0,10033.99,6431.98,1.0
p[594],0.87,0.01,0.85,0.88,0.0,0.0,9510.37,7622.41,1.0
p[595],0.87,0.01,0.85,0.88,0.0,0.0,9508.07,7584.01,1.0
p[596],0.9,0.01,0.88,0.92,0.0,0.0,9513.76,6334.32,1.0
p[597],0.89,0.01,0.88,0.91,0.0,0.0,10039.95,6600.37,1.0
p[598],0.89,0.01,0.88,0.91,0.0,0.0,10039.56,6587.57,1.0
p[599],0.87,0.01,0.85,0.89,0.0,0.0,9503.71,7584.62,1.0
p[600],0.92,0.01,0.91,0.94,0.0,0.0,9438.12,6691.45,1.0
p[601],0.76,0.02,0.72,0.79,0.0,0.0,9748.04,7203.46,1.0
p[602],0.89,0.01,0.88,0.91,0.0,0.0,10040.62,6616.07,1.0
p[603],0.87,0.01,0.85,0.89,0.0,0.0,9500.11,7391.18,1.0
p[604],0.89,0.01,0.88,0.91,0.0,0.0,10044.44,6560.15,1.0
p[605],0.92,0.01,0.91,0.94,0.0,0.0,9441.61,6619.81,1.0
p[606],0.89,0.01,0.88,0.91,0.0,0.0,10047.5,6586.98,1.0
p[607],0.87,0.01,0.85,0.89,0.0,0.0,9492.14,7465.85,1.0
p[608],0.86,0.02,0.83,0.89,0.0,0.0,10258.12,6646.33,1.0
p[609],0.89,0.01,0.88,0.91,0.0,0.0,10047.48,6586.98,1.0
p[610],0.87,0.01,0.85,0.89,0.0,0.0,9491.22,7540.76,1.0
p[611],0.91,0.02,0.87,0.94,0.0,0.0,10117.22,6028.79,1.0
p[612],0.89,0.01,0.88,0.91,0.0,0.0,10051.91,6509.59,1.0
p[613],0.87,0.01,0.85,0.89,0.0,0.0,9482.01,7504.18,1.0
p[614],0.89,0.01,0.88,0.91,0.0,0.0,10053.58,6482.21,1.0
p[615],0.89,0.01,0.88,0.91,0.0,0.0,10055.27,6482.21,1.0
p[616],0.88,0.01,0.85,0.9,0.0,0.0,10771.37,7047.49,1.0
p[617],0.76,0.02,0.73,0.79,0.0,0.0,9747.54,7149.2,1.0
p[618],0.85,0.02,0.81,0.9,0.0,0.0,12283.17,6245.95,1.0
p[619],0.88,0.02,0.84,0.92,0.0,0.0,10542.75,6211.22,1.0
p[620],0.91,0.01,0.88,0.92,0.0,0.0,9665.36,6219.65,1.0
p[621],0.92,0.01,0.91,0.94,0.0,0.0,9452.27,6431.8,1.0
p[622],0.9,0.01,0.88,0.91,0.0,0.0,10063.72,6430.4,1.0
p[623],0.87,0.01,0.85,0.89,0.0,0.0,9471.8,7541.29,1.0
p[624],0.91,0.01,0.88,0.92,0.0,0.0,9666.17,6222.08,1.0
p[625],0.9,0.01,0.88,0.91,0.0,0.0,10063.0,6348.02,1.0
p[626],0.87,0.01,0.85,0.89,0.0,0.0,9471.07,7540.91,1.0
p[627],0.9,0.01,0.88,0.91,0.0,0.0,10068.22,6296.83,1.0
p[628],0.87,0.01,0.85,0.89,0.0,0.0,9466.91,7540.91,1.0
p[629],0.93,0.01,0.91,0.95,0.0,0.0,12289.45,6929.21,1.0
p[630],0.9,0.01,0.88,0.91,0.0,0.0,10071.36,6247.66,1.0
p[631],0.87,0.01,0.85,0.89,0.0,0.0,9463.42,7540.84,1.0
p[632],0.9,0.01,0.88,0.91,0.0,0.0,10077.2,6168.74,1.0
p[633],0.86,0.01,0.83,0.89,0.0,0.0,9474.46,7102.45,1.0
p[634],0.87,0.01,0.86,0.89,0.0,0.0,9456.61,7588.95,1.0
p[635],0.87,0.02,0.84,0.9,0.0,0.0,10272.26,6699.81,1.0
p[636],0.76,0.02,0.73,0.8,0.0,0.0,9744.15,7147.21,1.0
p[637],0.9,0.01,0.88,0.91,0.0,0.0,10081.47,6143.09,1.0
p[638],0.87,0.01,0.86,0.89,0.0,0.0,9453.12,7588.95,1.0
p[639],0.9,0.01,0.88,0.91,0.0,0.0,10083.1,6197.06,1.0
p[640],0.91,0.02,0.87,0.94,0.0,0.0,10068.12,6111.81,1.0
p[641],0.88,0.01,0.85,0.91,0.0,0.0,10771.46,7014.56,1.0
p[642],0.88,0.01,0.85,0.91,0.0,0.0,10771.46,7014.56,1.0
p[643],0.95,0.01,0.93,0.97,0.0,0.0,10637.98,6247.42,1.0
p[644],0.86,0.02,0.81,0.9,0.0,0.0,12284.96,6558.51,1.0
p[645],0.9,0.01,0.88,0.91,0.0,0.0,10078.72,6144.93,1.0
p[646],0.9,0.01,0.88,0.91,0.0,0.0,10078.72,6144.93,1.0
p[647],0.87,0.01,0.86,0.89,0.0,0.0,9449.4,7336.66,1.0
p[648],0.77,0.02,0.73,0.8,0.0,0.0,9743.4,7268.25,1.0
p[649],0.9,0.01,0.89,0.91,0.0,0.0,10079.96,6247.64,1.0
p[650],0.88,0.02,0.84,0.92,0.0,0.0,10549.2,6210.1,1.0
p[651],0.88,0.01,0.86,0.89,0.0,0.0,9450.28,7336.81,1.0
p[652],0.9,0.01,0.89,0.91,0.0,0.0,10082.16,6247.1,1.0
p[653],0.91,0.01,0.89,0.93,0.0,0.0,9699.97,6310.41,1.0
p[654],0.88,0.01,0.86,0.89,0.0,0.0,9455.28,7408.23,1.0
p[655],0.9,0.01,0.89,0.91,0.0,0.0,10083.65,6122.76,1.0
p[656],0.9,0.01,0.89,0.91,0.0,0.0,10084.39,6122.76,1.0
p[657],0.88,0.01,0.86,0.89,0.0,0.0,9458.34,7319.98,1.0
p[658],0.88,0.01,0.86,0.89,0.0,0.0,9458.59,7319.98,1.0
p[659],0.9,0.01,0.89,0.91,0.0,0.0,10083.88,6169.77,1.0
p[660],0.88,0.01,0.86,0.91,0.0,0.0,10772.41,7180.32,1.0
p[661],0.88,0.01,0.86,0.89,0.0,0.0,9462.08,7182.01,1.0
p[662],0.9,0.01,0.89,0.91,0.0,0.0,10081.82,6194.74,1.0
p[663],0.9,0.01,0.89,0.91,0.0,0.0,10083.69,6144.04,1.0
p[664],0.93,0.01,0.91,0.94,0.0,0.0,9467.39,6574.13,1.0
p[665],0.88,0.01,0.86,0.89,0.0,0.0,9468.79,7483.53,1.0
p[666],0.87,0.02,0.85,0.9,0.0,0.0,10287.9,6640.38,1.0
p[667],0.93,0.01,0.91,0.95,0.0,0.0,12023.74,7074.45,1.0
p[668],0.95,0.01,0.94,0.97,0.0,0.0,10630.01,6496.49,1.0
p[669],0.9,0.01,0.89,0.91,0.0,0.0,10085.94,6399.19,1.0
p[670],0.91,0.02,0.88,0.94,0.0,0.0,10009.38,6377.64,1.0
p[671],0.88,0.01,0.86,0.89,0.0,0.0,9474.81,7464.86,1.0
p[672],0.87,0.01,0.84,0.89,0.0,0.0,9506.29,7036.12,1.0
p[673],0.87,0.01,0.84,0.89,0.0,0.0,9506.29,7036.12,1.0
p[674],0.9,0.01,0.89,0.92,0.0,0.0,10087.18,6426.24,1.0
p[675],0.89,0.01,0.86,0.91,0.0,0.0,10770.72,7047.82,1.0
p[676],0.86,0.02,0.82,0.9,0.0,0.0,12279.35,6468.43,1.0
p[677],0.77,0.02,0.74,0.81,0.0,0.0,9751.21,7358.14,1.0
p[678],0.9,0.01,0.89,0.92,0.0,0.0,10088.73,6540.02,1.0
p[679],0.95,0.01,0.93,0.96,0.0,0.0,9392.24,6923.21,1.0
p[680],0.91,0.01,0.89,0.93,0.0,0.0,9628.58,6100.64,1.0
p[681],0.88,0.01,0.86,0.9,0.0,0.0,9490.47,7391.9,1.0
p[682],0.89,0.02,0.85,0.93,0.0,0.0,10551.09,6202.91,1.0
p[683],0.9,0.01,0.89,0.92,0.0,0.0,10090.23,6599.91,1.0
p[684],0.91,0.01,0.89,0.93,0.0,0.0,9726.26,5993.7,1.0
p[685],0.88,0.01,0.86,0.9,0.0,0.0,9492.8,7429.17,1.0
p[686],0.9,0.01,0.89,0.92,0.0,0.0,10089.57,6600.25,1.0
p[687],0.87,0.01,0.84,0.89,0.0,0.0,9516.3,7036.42,1.0
p[688],0.9,0.01,0.89,0.92,0.0,0.0,10090.22,6777.48,1.0
p[689],0.9,0.01,0.89,0.92,0.0,0.0,10090.22,6777.48,1.0
p[690],0.9,0.01,0.89,0.92,0.0,0.0,10090.67,6777.48,1.0
p[691],0.78,0.02,0.75,0.81,0.0,0.0,9754.27,7179.21,1.0
p[692],0.93,0.01,0.91,0.95,0.0,0.0,12011.15,7176.64,1.0
p[693],0.9,0.01,0.89,0.92,0.0,0.0,10091.17,6723.71,1.0
p[694],0.91,0.01,0.89,0.93,0.0,0.0,9642.7,6050.47,1.0
p[695],0.88,0.01,0.87,0.9,0.0,0.0,9505.51,7466.32,1.0
p[696],0.88,0.01,0.87,0.9,0.0,0.0,9504.1,7466.32,1.0
p[697],0.95,0.01,0.94,0.96,0.0,0.0,9338.7,7058.1,1.0
p[698],0.9,0.01,0.89,0.92,0.0,0.0,10092.79,6845.23,1.0
p[699],0.88,0.01,0.87,0.9,0.0,0.0,9506.36,7454.54,1.0
p[700],0.95,0.01,0.93,0.97,0.0,0.0,10760.53,6331.14,1.0
p[701],0.96,0.01,0.94,0.97,0.0,0.0,10628.5,6357.49,1.0
p[702],0.88,0.01,0.87,0.9,0.0,0.0,9511.24,7454.51,1.0
p[703],0.9,0.01,0.89,0.92,0.0,0.0,10094.08,6875.1,1.0
p[704],0.9,0.01,0.89,0.92,0.0,0.0,10094.94,6875.1,1.0
p[705],0.78,0.02,0.75,0.81,0.0,0.0,9757.86,6966.04,1.0
p[706],0.91,0.01,0.9,0.93,0.0,0.0,9644.58,6198.84,1.0
p[707],0.91,0.01,0.89,0.92,0.0,0.0,10097.64,6813.32,1.0
p[708],0.89,0.02,0.85,0.93,0.0,0.0,10552.85,6253.73,1.0
p[709],0.88,0.01,0.87,0.9,0.0,0.0,9522.62,7256.45,1.0
p[710],0.89,0.01,0.87,0.91,0.0,0.0,10778.14,7462.95,1.0
p[711],0.89,0.01,0.87,0.91,0.0,0.0,10778.14,7462.95,1.0
p[712],0.88,0.01,0.87,0.9,0.0,0.0,9524.33,7255.82,1.0
p[713],0.78,0.02,0.75,0.81,0.0,0.0,9758.58,6978.56,1.0
p[714],0.87,0.02,0.83,0.91,0.0,0.0,12269.22,6557.01,1.0
p[715],0.91,0.01,0.89,0.92,0.0,0.0,10102.36,6543.34,1.0
p[716],0.91,0.01,0.89,0.92,0.0,0.0,10102.85,6543.34,1.0
p[717],0.88,0.01,0.87,0.9,0.0,0.0,9523.36,7220.72,1.0
p[718],0.89,0.01,0.87,0.9,0.0,0.0,9524.92,7220.72,1.0
p[719],0.92,0.01,0.9,0.93,0.0,0.0,9653.84,6025.09,1.0
p[720],0.91,0.01,0.89,0.92,0.0,0.0,10105.55,6688.7,1.0
p[721],0.91,0.01,0.89,0.92,0.0,0.0,10105.54,6743.29,1.0
p[722],0.87,0.01,0.85,0.9,0.0,0.0,9527.63,6928.61,1.0
p[723],0.87,0.01,0.85,0.9,0.0,0.0,9527.63,6928.61,1.0
p[724],0.91,0.01,0.89,0.92,0.0,0.0,10106.23,6743.29,1.0
p[725],0.91,0.01,0.89,0.92,0.0,0.0,10106.23,6743.29,1.0
p[726],0.95,0.01,0.94,0.96,0.0,0.0,9321.63,7058.61,1.0
p[727],0.93,0.01,0.92,0.95,0.0,0.0,12001.11,7098.9,1.0
p[728],0.89,0.01,0.87,0.9,0.0,0.0,9530.68,7269.19,1.0
p[729],0.89,0.01,0.87,0.91,0.0,0.0,10775.88,7387.54,1.0
p[730],0.89,0.01,0.87,0.9,0.0,0.0,9531.81,7269.19,1.0
p[731],0.91,0.01,0.9,0.92,0.0,0.0,10113.99,6713.48,1.0
p[732],0.89,0.01,0.87,0.91,0.0,0.0,10775.35,7351.33,1.0
p[733],0.92,0.02,0.88,0.95,0.0,0.0,9933.06,5982.27,1.0
p[734],0.89,0.01,0.87,0.9,0.0,0.0,9531.08,7256.01,1.0
p[735],0.91,0.01,0.9,0.92,0.0,0.0,10116.62,6571.37,1.0
p[736],0.95,0.01,0.94,0.96,0.0,0.0,9313.9,7296.38,1.0
p[737],0.92,0.01,0.9,0.93,0.0,0.0,9668.66,5938.02,1.0
p[738],0.79,0.02,0.76,0.82,0.0,0.0,9765.05,7084.72,1.0
p[739],0.9,0.02,0.86,0.93,0.0,0.0,10554.64,6098.98,1.0
p[740],0.91,0.01,0.9,0.92,0.0,0.0,10117.43,6692.94,1.0
p[741],0.91,0.01,0.9,0.92,0.0,0.0,10117.28,6692.94,1.0
p[742],0.89,0.01,0.87,0.9,0.0,0.0,9537.5,7241.33,1.0
p[743],0.87,0.02,0.83,0.91,0.0,0.0,12261.55,6578.5,1.0
p[744],0.95,0.01,0.94,0.96,0.0,0.0,9309.92,7366.71,1.0
p[745],0.92,0.01,0.9,0.94,0.0,0.0,9670.76,6005.02,1.0
p[746],0.89,0.01,0.87,0.9,0.0,0.0,9537.47,7220.19,1.0
p[747],0.91,0.01,0.9,0.92,0.0,0.0,10119.11,6681.75,1.0
p[748],0.79,0.02,0.76,0.82,0.0,0.0,9767.78,7254.23,1.0
p[749],0.89,0.01,0.87,0.9,0.0,0.0,9536.89,7220.19,1.0
p[750],0.91,0.01,0.9,0.92,0.0,0.0,10120.26,6651.71,1.0
p[751],0.91,0.01,0.9,0.92,0.0,0.0,10120.95,6651.71,1.0
p[752],0.91,0.01,0.9,0.92,0.0,0.0,10121.31,6651.71,1.0
p[753],0.91,0.01,0.9,0.92,0.0,0.0,10120.91,6680.46,1.0
p[754],0.89,0.01,0.87,0.9,0.0,0.0,9537.91,7165.33,1.0
p[755],0.94,0.01,0.92,0.95,0.0,0.0,11981.11,7231.63,1.0
p[756],0.89,0.01,0.87,0.9,0.0,0.0,9541.39,6993.71,1.0
p[757],0.88,0.01,0.86,0.91,0.0,0.0,10332.38,6679.79,1.0
p[758],0.89,0.01,0.87,0.9,0.0,0.0,9544.59,7027.73,1.0
p[759],0.91,0.01,0.9,0.92,0.0,0.0,10126.68,6737.47,1.0
p[760],0.92,0.02,0.89,0.95,0.0,0.0,9901.08,5980.44,1.0
p[761],0.89,0.01,0.88,0.91,0.0,0.0,9545.62,7126.18,1.0
p[762],0.87,0.02,0.84,0.91,0.0,0.0,12254.86,6578.47,1.0
p[763],0.91,0.01,0.9,0.92,0.0,0.0,10129.44,6727.62,1.0
p[764],0.96,0.01,0.94,0.98,0.0,0.0,10608.53,6467.69,1.0
p[765],0.92,0.01,0.9,0.94,0.0,0.0,9683.69,6150.84,1.0
p[766],0.79,0.02,0.76,0.83,0.0,0.0,9772.72,7219.57,1.0
p[767],0.91,0.01,0.9,0.92,0.0,0.0,10129.47,6513.98,1.0
p[768],0.88,0.01,0.86,0.9,0.0,0.0,9530.12,7098.93,1.0
p[769],0.9,0.02,0.86,0.93,0.0,0.0,10550.01,6157.76,1.0
p[770],0.91,0.01,0.9,0.92,0.0,0.0,10129.42,6597.09,1.0
p[771],0.89,0.01,0.88,0.91,0.0,0.0,9550.25,7018.24,1.0
p[772],0.89,0.01,0.88,0.91,0.0,0.0,9551.3,7018.24,1.0
p[773],0.91,0.01,0.9,0.92,0.0,0.0,10130.04,6896.88,1.0
p[774],0.91,0.01,0.9,0.92,0.0,0.0,10130.63,6660.67,1.0
p[775],0.89,0.01,0.88,0.91,0.0,0.0,9553.79,7073.61,1.0
p[776],0.94,0.01,0.92,0.95,0.0,0.0,9531.29,6522.91,1.0
p[777],0.91,0.01,0.9,0.92,0.0,0.0,10130.88,6660.67,1.0
p[778],0.89,0.01,0.88,0.91,0.0,0.0,9557.75,7073.61,1.0
p[779],0.88,0.01,0.86,0.9,0.0,0.0,9529.52,7164.59,1.0
p[780],0.88,0.01,0.86,0.9,0.0,0.0,9529.52,7164.59,1.0
p[781],0.91,0.01,0.9,0.92,0.0,0.0,10130.97,6752.9,1.0
p[782],0.8,0.02,0.77,0.83,0.0,0.0,9774.44,7118.91,1.0
p[783],0.91,0.01,0.9,0.93,0.0,0.0,10141.09,6572.06,1.0
p[784],0.95,0.01,0.94,0.96,0.0,0.0,9288.73,7271.56,1.0
p[785],0.94,0.01,0.92,0.95,0.0,0.0,9539.52,6467.31,1.0
p[786],0.9,0.01,0.88,0.92,0.0,0.0,10656.03,7344.73,1.0
p[787],0.9,0.01,0.88,0.92,0.0,0.0,10656.03,7344.73,1.0
p[788],0.89,0.01,0.88,0.91,0.0,0.0,9565.72,7189.9,1.0
p[789],0.92,0.01,0.9,0.94,0.0,0.0,9693.5,6022.66,1.0
p[790],0.91,0.01,0.9,0.93,0.0,0.0,10138.76,6462.7,1.0
p[791],0.89,0.01,0.88,0.91,0.0,0.0,9568.29,7189.65,1.0
p[792],0.89,0.01,0.86,0.91,0.0,0.0,10340.45,6620.28,1.0
p[793],0.9,0.01,0.88,0.92,0.0,0.0,10645.01,7417.8,1.0
p[794],0.92,0.02,0.89,0.95,0.0,0.0,9870.96,6001.45,1.0
p[795],0.89,0.01,0.88,0.91,0.0,0.0,9569.37,7155.8,1.0
p[796],0.91,0.01,0.9,0.93,0.0,0.0,10141.13,6523.36,1.0
p[797],0.88,0.02,0.84,0.92,0.0,0.0,12230.28,6635.93,1.0
p[798],0.92,0.01,0.91,0.94,0.0,0.0,9701.69,6023.87,1.0
p[799],0.8,0.02,0.77,0.83,0.0,0.0,9777.4,7325.97,1.0
p[800],0.92,0.01,0.9,0.93,0.0,0.0,10145.18,6383.96,1.0
p[801],0.9,0.02,0.87,0.93,0.0,0.0,10546.74,6274.29,1.0
p[802],0.9,0.01,0.88,0.91,0.0,0.0,9572.92,7225.88,1.0
p[803],0.92,0.01,0.9,0.93,0.0,0.0,10148.53,6481.5,1.0
p[804],0.9,0.01,0.88,0.91,0.0,0.0,9572.36,7260.39,1.0
p[805],0.95,0.01,0.94,0.96,0.0,0.0,9275.52,7397.42,1.0
p[806],0.9,0.01,0.88,0.91,0.0,0.0,9572.33,7204.62,1.0
p[807],0.89,0.01,0.86,0.91,0.0,0.0,9539.43,7052.03,1.0
p[808],0.94,0.01,0.92,0.96,0.0,0.0,11944.62,7232.93,1.0
p[809],0.92,0.01,0.9,0.93,0.0,0.0,10148.51,6367.13,1.0
p[810],0.92,0.01,0.91,0.93,0.0,0.0,10148.6,6352.18,1.0
p[811],0.92,0.01,0.91,0.93,0.0,0.0,10148.2,6352.18,1.0
p[812],0.8,0.02,0.77,0.83,0.0,0.0,9780.54,7344.52,1.0
p[813],0.96,0.01,0.95,0.98,0.0,0.0,10590.61,6139.29,1.0
p[814],0.9,0.01,0.88,0.91,0.0,0.0,9579.95,7227.25,1.0
p[815],0.9,0.01,0.88,0.91,0.0,0.0,9579.95,7227.25,1.0
p[816],0.89,0.01,0.87,0.92,0.0,0.0,10352.92,6678.2,1.0
p[817],0.9,0.01,0.88,0.91,0.0,0.0,9584.94,7171.46,1.0
p[818],0.92,0.01,0.91,0.93,0.0,0.0,10149.95,6547.18,1.0
p[819],0.9,0.01,0.88,0.92,0.0,0.0,10599.63,7309.27,1.0
p[820],0.9,0.01,0.88,0.92,0.0,0.0,10599.63,7309.27,1.0
p[821],0.92,0.01,0.91,0.93,0.0,0.0,10149.45,6602.04,1.0
p[822],0.9,0.01,0.88,0.91,0.0,0.0,9587.56,7077.41,1.0
p[823],0.92,0.01,0.91,0.93,0.0,0.0,10149.39,6515.69,1.0
p[824],0.92,0.01,0.91,0.93,0.0,0.0,10149.77,6515.69,1.0
p[825],0.96,0.01,0.94,0.98,0.0,0.0,10568.58,6201.83,1.0
p[826],0.81,0.02,0.78,0.84,0.0,0.0,9783.91,7415.27,1.0
p[827],0.92,0.01,0.91,0.93,0.0,0.0,10153.59,6471.09,1.0
p[828],0.93,0.02,0.9,0.95,0.0,0.0,9827.7,6230.73,1.0
p[829],0.88,0.02,0.85,0.92,0.0,0.0,12180.75,6663.79,1.0
p[830],0.9,0.01,0.88,0.91,0.0,0.0,9592.08,7093.93,1.0
p[831],0.91,0.01,0.88,0.93,0.0,0.0,10582.14,7238.71,1.0
p[832],0.89,0.01,0.87,0.91,0.0,0.0,9546.75,7027.2,1.0
p[833],0.92,0.01,0.91,0.93,0.0,0.0,10158.19,6580.93,1.0
p[834],0.93,0.01,0.91,0.94,0.0,0.0,9746.35,6189.56,1.0
p[835],0.91,0.02,0.87,0.94,0.0,0.0,10545.76,6234.16,1.0
p[836],0.92,0.01,0.91,0.93,0.0,0.0,10158.16,6581.11,1.0
p[837],0.9,0.01,0.89,0.91,0.0,0.0,9592.49,7060.38,1.0
p[838],0.92,0.01,0.91,0.93,0.0,0.0,10158.69,6581.11,1.0
p[839],0.92,0.01,0.91,0.93,0.0,0.0,10158.49,6640.02,1.0
p[840],0.92,0.01,0.91,0.93,0.0,0.0,10158.72,6640.02,1.0
p[841],0.9,0.01,0.89,0.91,0.0,0.0,9592.9,7059.6,1.0
p[842],0.92,0.01,0.91,0.93,0.0,0.0,10158.6,6642.25,1.0
p[843],0.94,0.01,0.93,0.96,0.0,0.0,11918.03,7374.08,1.0
p[844],0.94,0.01,0.93,0.95,0.0,0.0,9582.62,6611.27,1.0
p[845],0.96,0.0,0.95,0.97,0.0,0.0,9259.72,7218.83,1.0
p[846],0.9,0.01,0.89,0.91,0.0,0.0,9602.46,7059.69,1.0
p[847],0.9,0.01,0.89,0.91,0.0,0.0,9603.9,7059.69,1.0
p[848],0.93,0.02,0.9,0.96,0.0,0.0,9804.91,6487.15,1.0
p[849],0.9,0.01,0.87,0.92,0.0,0.0,10359.05,6827.92,1.0
p[850],0.91,0.01,0.89,0.93,0.0,0.0,10560.73,7411.52,1.0
p[851],0.9,0.01,0.89,0.92,0.0,0.0,9609.15,6977.25,1.0
p[852],0.92,0.01,0.91,0.93,0.0,0.0,10166.33,6622.85,1.0
p[853],0.81,0.02,0.78,0.84,0.0,0.0,9791.82,7344.55,1.0
p[854],0.93,0.01,0.91,0.94,0.0,0.0,9783.49,6274.72,1.0
p[855],0.91,0.02,0.88,0.94,0.0,0.0,10545.76,6272.26,1.0
p[856],0.92,0.01,0.91,0.93,0.0,0.0,10170.01,6596.69,1.0
p[857],0.9,0.01,0.89,0.92,0.0,0.0,9612.96,7026.38,1.0
p[858],0.92,0.01,0.91,0.93,0.0,0.0,10169.26,6625.23,1.0
p[859],0.92,0.01,0.91,0.93,0.0,0.0,10171.49,6624.01,1.0
p[860],0.82,0.02,0.79,0.84,0.0,0.0,9796.26,7309.61,1.0
p[861],0.92,0.01,0.91,0.93,0.0,0.0,10171.09,6623.07,1.0
p[862],0.89,0.01,0.87,0.92,0.0,0.0,9555.92,7059.7,1.0
p[863],0.9,0.01,0.89,0.92,0.0,0.0,9620.33,7033.87,1.0
p[864],0.9,0.01,0.89,0.92,0.0,0.0,9621.58,7034.61,1.0
p[865],0.89,0.02,0.85,0.93,0.0,0.0,12122.89,6782.76,1.0
p[866],0.96,0.0,0.95,0.97,0.0,0.0,9262.69,7185.14,1.0
p[867],0.92,0.01,0.91,0.93,0.0,0.0,10170.68,6525.62,1.0
p[868],0.92,0.01,0.91,0.93,0.0,0.0,10172.15,6607.38,1.0
p[869],0.94,0.01,0.93,0.96,0.0,0.0,9613.73,6817.09,1.0
p[870],0.93,0.01,0.91,0.95,0.0,0.0,9794.17,6300.96,1.0
p[871],0.9,0.01,0.89,0.92,0.0,0.0,9632.27,7328.5,1.0
p[872],0.95,0.01,0.93,0.96,0.0,0.0,11882.25,7200.7,1.0
p[873],0.9,0.01,0.89,0.92,0.0,0.0,9633.16,7277.39,1.0
p[874],0.93,0.01,0.91,0.95,0.0,0.0,9797.88,6292.29,1.0
p[875],0.91,0.01,0.89,0.93,0.0,0.0,10518.04,7452.73,1.0
p[876],0.91,0.01,0.89,0.93,0.0,0.0,10518.04,7452.73,1.0
p[877],0.91,0.01,0.89,0.92,0.0,0.0,9636.45,7269.96,1.0
p[878],0.92,0.01,0.91,0.93,0.0,0.0,10171.56,6660.69,1.0
p[879],0.97,0.01,0.95,0.98,0.0,0.0,10566.92,6211.61,1.0
p[880],0.91,0.01,0.89,0.92,0.0,0.0,9642.03,7257.54,1.0
p[881],0.89,0.02,0.86,0.93,0.0,0.0,12099.92,6530.54,1.0
p[882],0.82,0.01,0.79,0.85,0.0,0.0,9806.28,7153.08,1.0
p[883],0.93,0.01,0.9,0.96,0.0,0.0,9762.96,6105.57,1.0
p[884],0.92,0.01,0.91,0.93,0.0,0.0,10175.97,6633.89,1.0
p[885],0.91,0.01,0.89,0.92,0.0,0.0,9641.62,7327.68,1.0
p[886],0.91,0.02,0.88,0.94,0.0,0.0,10548.15,6322.87,1.0
p[887],0.93,0.01,0.92,0.95,0.0,0.0,9806.35,6267.44,1.0
p[888],0.91,0.01,0.89,0.92,0.0,0.0,9645.86,7339.62,1.0
p[889],0.92,0.01,0.91,0.93,0.0,0.0,10177.83,6694.02,1.0
p[890],0.92,0.01,0.91,0.93,0.0,0.0,10180.58,6694.02,1.0
p[891],0.91,0.01,0.89,0.92,0.0,0.0,9649.31,7329.03,1.0
p[892],0.92,0.01,0.91,0.93,0.0,0.0,10180.2,6722.65,1.0
p[893],0.91,0.01,0.89,0.92,0.0,0.0,9649.13,7329.14,1.0
p[894],0.92,0.01,0.91,0.94,0.0,0.0,10178.26,6751.69,1.0
p[895],0.93,0.01,0.91,0.94,0.0,0.0,10179.76,6751.69,1.0
p[896],0.82,0.01,0.79,0.85,0.0,0.0,9814.96,7087.69,1.0
p[897],0.93,0.01,0.92,0.94,0.0,0.0,10180.35,6749.61,1.0
p[898],0.95,0.01,0.93,0.96,0.0,0.0,11857.52,7234.71,1.0
p[899],0.95,0.01,0.94,0.96,0.0,0.0,9634.48,6762.5,1.0
p[900],0.96,0.0,0.95,0.97,0.0,0.0,9257.13,7323.95,1.0
p[901],0.91,0.01,0.89,0.93,0.0,0.0,10469.91,7416.23,1.0
p[902],0.94,0.01,0.93,0.96,0.0,0.0,11594.98,6590.01,1.0
p[903],0.94,0.01,0.93,0.96,0.0,0.0,11594.98,6590.01,1.0
p[904],0.93,0.01,0.92,0.95,0.0,0.0,9830.09,6424.37,1.0
p[905],0.91,0.01,0.9,0.92,0.0,0.0,9655.12,7311.87,1.0
p[906],0.93,0.01,0.92,0.94,0.0,0.0,10183.06,6873.97,1.0
p[907],0.89,0.02,0.86,0.93,0.0,0.0,12055.94,6656.97,1.0
p[908],0.93,0.01,0.92,0.95,0.0,0.0,9836.87,6563.48,1.0
p[909],0.93,0.01,0.92,0.94,0.0,0.0,10183.09,6873.97,1.0
p[910],0.83,0.01,0.8,0.85,0.0,0.0,9821.83,7190.28,1.0
p[911],0.92,0.02,0.89,0.94,0.0,0.0,10545.4,6371.02,1.0
p[912],0.94,0.01,0.93,0.96,0.0,0.0,11590.54,6677.34,1.0
p[913],0.93,0.01,0.92,0.94,0.0,0.0,10184.0,6712.37,1.0
p[914],0.91,0.01,0.9,0.92,0.0,0.0,9666.75,7256.07,1.0
p[915],0.93,0.01,0.92,0.94,0.0,0.0,10185.95,6684.24,1.0
p[916],0.91,0.01,0.9,0.92,0.0,0.0,9665.88,7256.07,1.0
p[917],0.93,0.01,0.92,0.94,0.0,0.0,10185.26,6684.24,1.0
p[918],0.93,0.01,0.92,0.94,0.0,0.0,10184.71,6685.2,1.0
p[919],0.93,0.01,0.92,0.94,0.0,0.0,10184.38,6654.67,1.0
p[920],0.93,0.01,0.92,0.94,0.0,0.0,10183.25,6497.57,1.0
p[921],0.91,0.01,0.9,0.92,0.0,0.0,9673.0,7220.76,1.0
p[922],0.93,0.01,0.92,0.94,0.0,0.0,10183.25,6497.57,1.0
p[923],0.91,0.01,0.9,0.92,0.0,0.0,9672.0,7187.09,1.0
p[924],0.94,0.01,0.91,0.96,0.0,0.0,9706.61,6152.18,1.0
p[925],0.91,0.01,0.89,0.93,0.0,0.0,10388.9,6624.33,1.0
p[926],0.83,0.01,0.8,0.85,0.0,0.0,9831.81,7049.09,1.0
p[927],0.91,0.01,0.9,0.92,0.0,0.0,9675.06,7154.69,1.0
p[928],0.96,0.0,0.95,0.97,0.0,0.0,9256.95,7321.7,1.0
p[929],0.91,0.01,0.9,0.92,0.0,0.0,9675.99,7154.69,1.0
p[930],0.94,0.01,0.92,0.95,0.0,0.0,9864.69,6450.88,1.0
p[931],0.97,0.01,0.95,0.98,0.0,0.0,10416.5,6410.45,1.0
p[932],0.97,0.01,0.95,0.98,0.0,0.0,10542.56,6037.77,1.0
p[933],0.92,0.01,0.9,0.94,0.0,0.0,10412.68,7435.1,1.0
p[934],0.91,0.01,0.9,0.92,0.0,0.0,9681.32,7156.32,1.0
p[935],0.92,0.01,0.9,0.94,0.0,0.0,10412.68,7435.1,1.0
p[936],0.94,0.01,0.92,0.95,0.0,0.0,9878.79,6477.6,1.0
p[937],0.94,0.01,0.91,0.96,0.0,0.0,9690.28,6003.26,1.0
p[938],0.93,0.01,0.92,0.94,0.0,0.0,10191.57,6520.22,1.0
p[939],0.93,0.01,0.92,0.94,0.0,0.0,10192.26,6520.22,1.0
p[940],0.83,0.01,0.8,0.86,0.0,0.0,9838.93,7049.19,1.0
p[941],0.96,0.0,0.95,0.97,0.0,0.0,9252.63,7322.09,1.0
p[942],0.92,0.02,0.89,0.95,0.0,0.0,10548.02,6346.7,1.0
p[943],0.91,0.01,0.9,0.93,0.0,0.0,9684.58,7189.46,1.0
p[944],0.83,0.01,0.8,0.86,0.0,0.0,9843.76,6952.79,1.0
p[945],0.95,0.01,0.94,0.96,0.0,0.0,11819.88,7219.87,1.0
p[946],0.91,0.01,0.9,0.93,0.0,0.0,9684.62,7157.89,1.0
p[947],0.95,0.01,0.94,0.96,0.0,0.0,11817.64,7219.45,1.0
p[948],0.93,0.01,0.92,0.94,0.0,0.0,10197.97,6494.79,1.0
p[949],0.93,0.01,0.92,0.94,0.0,0.0,10197.05,6522.89,1.0
p[950],0.93,0.01,0.92,0.94,0.0,0.0,10197.91,6509.0,1.0
p[951],0.93,0.01,0.92,0.94,0.0,0.0,10197.91,6509.0,1.0
p[952],0.95,0.01,0.93,0.96,0.0,0.0,11557.95,6558.0,1.0
p[953],0.91,0.01,0.9,0.93,0.0,0.0,9691.32,7124.09,1.0
p[954],0.9,0.02,0.87,0.93,0.0,0.0,11962.62,6620.05,1.0
p[955],0.91,0.01,0.9,0.93,0.0,0.0,9691.85,7125.45,1.0
p[956],0.93,0.01,0.92,0.94,0.0,0.0,10201.3,6564.81,1.0
p[957],0.93,0.01,0.92,0.94,0.0,0.0,10201.2,6564.81,1.0
p[958],0.96,0.0,0.95,0.97,0.0,0.0,9251.85,7217.44,1.0
p[959],0.95,0.01,0.94,0.96,0.0,0.0,9685.68,6641.46,1.0
p[960],0.91,0.01,0.9,0.93,0.0,0.0,9697.77,7058.64,1.0
p[961],0.91,0.01,0.9,0.93,0.0,0.0,9702.28,7058.03,1.0
p[962],0.96,0.0,0.95,0.97,0.0,0.0,9252.94,7218.47,1.0
p[963],0.91,0.01,0.89,0.93,0.0,0.0,10396.09,6653.2,1.0
p[964],0.93,0.01,0.92,0.94,0.0,0.0,10200.24,6329.24,1.0
p[965],0.96,0.0,0.95,0.97,0.0,0.0,9256.08,7218.47,1.0
p[966],0.92,0.01,0.9,0.94,0.0,0.0,10367.75,7474.64,1.0
p[967],0.92,0.01,0.9,0.93,0.0,0.0,9710.67,7192.53,1.0
p[968],0.94,0.01,0.92,0.95,0.0,0.0,9916.28,6591.8,1.0
p[969],0.93,0.01,0.92,0.94,0.0,0.0,10199.47,6260.13,1.0
p[970],0.93,0.01,0.92,0.94,0.0,0.0,10200.47,6260.13,1.0
p[971],0.95,0.01,0.94,0.96,0.0,0.0,11536.71,6536.84,1.0
p[972],0.93,0.01,0.92,0.94,0.0,0.0,10200.53,6286.87,1.0
p[973],0.95,0.01,0.94,0.97,0.0,0.0,11786.31,7198.84,1.0
p[974],0.93,0.01,0.92,0.94,0.0,0.0,10200.64,6262.85,1.0
p[975],0.96,0.0,0.96,0.97,0.0,0.0,9259.12,7151.22,1.0
p[976],0.92,0.01,0.9,0.93,0.0,0.0,9717.2,6993.7,1.0
p[977],0.93,0.01,0.92,0.94,0.0,0.0,10203.36,6355.41,1.0
p[978],0.93,0.01,0.92,0.94,0.0,0.0,10203.98,6276.08,1.0
p[979],0.92,0.01,0.91,0.93,0.0,0.0,9722.28,6847.91,1.0
p[980],0.92,0.01,0.9,0.94,0.0,0.0,10342.02,7508.71,1.0
p[981],0.94,0.01,0.92,0.96,0.0,0.0,9639.97,6262.7,1.0
p[982],0.92,0.01,0.91,0.93,0.0,0.0,9725.11,6817.47,1.0
p[983],0.95,0.01,0.94,0.96,0.0,0.0,9711.61,6555.36,1.0
p[984],0.92,0.01,0.91,0.93,0.0,0.0,9728.79,6817.21,1.0
p[985],0.84,0.01,0.81,0.87,0.0,0.0,9884.65,6722.13,1.0
p[986],0.93,0.01,0.92,0.94,0.0,0.0,10206.88,6190.71,1.0
p[987],0.91,0.01,0.89,0.93,0.0,0.0,10413.02,6593.71,1.0
p[988],0.92,0.01,0.9,0.95,0.0,0.0,10541.3,6465.79,1.0
p[989],0.96,0.0,0.96,0.97,0.0,0.0,9258.94,7254.11,1.0
p[990],0.96,0.0,0.96,0.97,0.0,0.0,9257.66,7254.11,1.0
p[991],0.91,0.01,0.89,0.93,0.0,0.0,10413.68,6565.23,1.0
p[992],0.95,0.01,0.94,0.96,0.0,0.0,11528.21,6559.2,1.0
p[993],0.91,0.01,0.89,0.93,0.0,0.0,10413.45,6565.23,1.0
p[994],0.92,0.01,0.91,0.93,0.0,0.0,9732.76,6911.34,1.0
p[995],0.93,0.01,0.92,0.94,0.0,0.0,10208.33,6247.93,1.0
p[996],0.93,0.01,0.92,0.94,0.0,0.0,10208.33,6247.93,1.0
p[997],0.93,0.01,0.9,0.95,0.0,0.0,10543.23,6459.97,1.0
p[998],0.93,0.01,0.92,0.94,0.0,0.0,10208.66,6247.93,1.0
p[999],0.94,0.01,0.93,0.94,0.0,0.0,10209.73,6273.71,1.0
p[1000],0.94,0.01,0.93,0.95,0.0,0.0,9947.21,6779.92,1.0
p[1001],0.94,0.01,0.93,0.94,0.0,0.0,10210.54,6273.71,1.0
p[1002],0.95,0.01,0.94,0.96,0.0,0.0,11522.39,6673.87,1.0
p[1003],0.95,0.01,0.94,0.96,0.0,0.0,11522.39,6673.87,1.0
p[1004],0.96,0.0,0.96,0.97,0.0,0.0,9259.47,7323.48,1.0
p[1005],0.92,0.01,0.9,0.94,0.0,0.0,10415.44,6622.32,1.0
p[1006],0.96,0.01,0.94,0.97,0.0,0.0,11747.66,7234.72,1.0
p[1007],0.92,0.01,0.91,0.93,0.0,0.0,9734.86,6942.11,1.0
p[1008],0.96,0.0,0.96,0.97,0.0,0.0,9259.6,7358.61,1.0
p[1009],0.92,0.01,0.91,0.93,0.0,0.0,9740.22,6941.55,1.0
p[1010],0.94,0.01,0.93,0.96,0.0,0.0,9956.75,6863.78,1.0
p[1011],0.94,0.01,0.93,0.95,0.0,0.0,10214.03,6296.83,1.0
p[1012],0.92,0.01,0.91,0.93,0.0,0.0,9746.29,6878.0,1.0
p[1013],0.92,0.01,0.91,0.93,0.0,0.0,9746.15,6878.0,1.0
p[1014],0.92,0.01,0.9,0.94,0.0,0.0,10417.15,6651.3,1.0
p[1015],0.97,0.0,0.96,0.97,0.0,0.0,9260.4,7288.36,1.0
p[1016],0.94,0.01,0.93,0.95,0.0,0.0,10215.27,6246.56,1.0
p[1017],0.94,0.01,0.93,0.95,0.0,0.0,10215.47,6246.56,1.0
p[1018],0.97,0.0,0.96,0.97,0.0,0.0,9261.21,7323.41,1.0
p[1019],0.92,0.01,0.9,0.94,0.0,0.0,10417.45,6622.0,1.0
p[1020],0.97,0.0,0.96,0.97,0.0,0.0,9262.01,7323.41,1.0
p[1021],0.95,0.01,0.94,0.97,0.0,0.0,11505.33,6732.75,1.0
p[1022],0.92,0.01,0.91,0.93,0.0,0.0,9754.29,6972.63,1.0
p[1023],0.94,0.01,0.93,0.95,0.0,0.0,10220.01,6181.0,1.0
p[1024],0.95,0.01,0.94,0.97,0.0,0.0,11503.62,6791.7,1.0
p[1025],0.92,0.01,0.91,0.93,0.0,0.0,9756.7,6972.13,1.0
p[1026],0.94,0.01,0.93,0.95,0.0,0.0,10221.77,6167.88,1.0
p[1027],0.94,0.01,0.93,0.95,0.0,0.0,10223.05,6142.26,1.0
p[1028],0.94,0.01,0.93,0.95,0.0,0.0,10223.0,6106.26,1.0
p[1029],0.94,0.01,0.93,0.95,0.0,0.0,10222.19,6106.26,1.0
p[1030],0.97,0.0,0.96,0.97,0.0,0.0,9268.34,7450.68,1.0
p[1031],0.92,0.01,0.91,0.94,0.0,0.0,9759.23,6941.13,1.0
p[1032],0.94,0.01,0.93,0.95,0.0,0.0,10225.56,6152.75,1.0
p[1033],0.92,0.01,0.91,0.94,0.0,0.0,9761.44,6909.46,1.0
p[1034],0.94,0.01,0.93,0.95,0.0,0.0,10225.75,6266.02,1.0
p[1035],0.97,0.01,0.96,0.98,0.0,0.0,10486.36,6267.79,1.0
p[1036],0.94,0.01,0.93,0.95,0.0,0.0,10231.71,6294.85,1.0
p[1037],0.94,0.0,0.93,0.95,0.0,0.0,10232.11,6307.57,1.0
p[1038],0.94,0.0,0.93,0.95,0.0,0.0,10233.25,6307.57,1.0
p[1039],0.96,0.01,0.95,0.97,0.0,0.0,9753.9,6465.57,1.0
p[1040],0.94,0.0,0.93,0.95,0.0,0.0,10235.0,6308.66,1.0
p[1041],0.94,0.0,0.93,0.95,0.0,0.0,10235.85,6308.66,1.0
p[1042],0.94,0.0,0.93,0.95,0.0,0.0,10237.56,6308.66,1.0
p[1043],0.94,0.0,0.93,0.95,0.0,0.0,10239.03,6334.54,1.0
p[1044],0.92,0.01,0.9,0.94,0.0,0.0,10427.44,6770.64,1.0
p[1045],0.93,0.01,0.91,0.94,0.0,0.0,9783.24,6755.38,1.0
p[1046],0.93,0.01,0.91,0.94,0.0,0.0,9783.24,6755.38,1.0
p[1047],0.93,0.01,0.91,0.94,0.0,0.0,9789.18,6769.93,1.0
p[1048],0.94,0.0,0.93,0.95,0.0,0.0,10243.43,6364.67,1.0
p[1049],0.87,0.02,0.84,0.91,0.0,0.0,11972.68,6739.43,1.0
p[1050],0.84,0.01,0.81,0.86,0.0,0.0,10304.44,6976.14,1.0
p[1051],0.84,0.01,0.81,0.86,0.0,0.0,10302.53,6976.14,1.0
p[1052],0.84,0.01,0.82,0.86,0.0,0.0,10298.77,6941.77,1.0
p[1053],0.81,0.01,0.78,0.83,0.0,0.0,10345.26,7285.61,1.0
p[1054],0.84,0.01,0.82,0.86,0.0,0.0,10295.46,6941.93,1.0
p[1055],0.91,0.01,0.89,0.93,0.0,0.0,9777.36,7572.93,1.0
p[1056],0.84,0.01,0.82,0.86,0.0,0.0,10293.97,6941.93,1.0
p[1057],0.84,0.01,0.82,0.86,0.0,0.0,10293.58,6941.93,1.0
p[1058],0.81,0.01,0.78,0.83,0.0,0.0,10338.83,7320.07,1.0
p[1059],0.91,0.01,0.89,0.93,0.0,0.0,9775.96,7572.92,1.0
p[1060],0.84,0.01,0.82,0.86,0.0,0.0,10287.15,6879.06,1.0
p[1061],0.82,0.02,0.79,0.86,0.0,0.0,10501.33,7171.56,1.0
p[1062],0.85,0.01,0.82,0.87,0.0,0.0,10280.83,6971.71,1.0
p[1063],0.85,0.01,0.82,0.87,0.0,0.0,10280.97,6971.8,1.0
p[1064],0.81,0.01,0.79,0.84,0.0,0.0,10322.41,7130.31,1.0
p[1065],0.91,0.01,0.89,0.93,0.0,0.0,9766.6,7523.03,1.0
p[1066],0.81,0.01,0.79,0.84,0.0,0.0,10320.41,7181.38,1.0
p[1067],0.88,0.02,0.85,0.91,0.0,0.0,11999.49,6768.36,1.0
p[1068],0.82,0.01,0.8,0.85,0.0,0.0,10283.87,7182.34,1.0
p[1069],0.86,0.01,0.84,0.88,0.0,0.0,10237.12,7014.56,1.0
p[1070],0.83,0.01,0.8,0.85,0.0,0.0,10230.19,7218.65,1.0
p[1071],0.9,0.01,0.87,0.92,0.0,0.0,12073.51,7084.6,1.0
p[1072],0.86,0.01,0.84,0.88,0.0,0.0,10208.18,7247.77,1.0
p[1073],0.83,0.01,0.81,0.85,0.0,0.0,10176.56,6797.77,1.0
p[1074],0.86,0.01,0.85,0.88,0.0,0.0,10197.65,7377.27,1.0
p[1075],0.84,0.01,0.81,0.86,0.0,0.0,10140.47,6751.85,1.0
p[1076],0.87,0.01,0.85,0.88,0.0,0.0,10194.74,7376.92,1.0
p[1077],0.9,0.01,0.88,0.93,0.0,0.0,12063.81,7085.35,1.0
p[1078],0.87,0.01,0.85,0.88,0.0,0.0,10193.09,7413.21,1.0
p[1079],0.9,0.01,0.88,0.92,0.0,0.0,9195.89,6882.86,1.0
p[1080],0.84,0.01,0.82,0.86,0.0,0.0,10124.51,6722.44,1.0
p[1081],0.85,0.02,0.81,0.88,0.0,0.0,10433.19,7117.83,1.0
p[1082],0.88,0.02,0.83,0.93,0.0,0.0,11310.48,6295.46,1.0
p[1083],0.87,0.01,0.85,0.88,0.0,0.0,10187.3,7413.28,1.0
p[1084],0.84,0.01,0.82,0.86,0.0,0.0,10115.51,6843.04,1.0
p[1085],0.87,0.01,0.85,0.88,0.0,0.0,10185.26,7412.05,1.0
p[1086],0.71,0.02,0.67,0.75,0.0,0.0,9729.7,7375.83,1.0
p[1087],0.87,0.01,0.85,0.88,0.0,0.0,10177.92,7413.69,1.0
p[1088],0.84,0.01,0.82,0.86,0.0,0.0,10094.26,6874.66,1.0
p[1089],0.85,0.03,0.8,0.9,0.0,0.0,10745.73,6534.39,1.0
p[1090],0.88,0.01,0.85,0.9,0.0,0.0,10589.95,6463.94,1.0
p[1091],0.87,0.01,0.85,0.89,0.0,0.0,10177.25,7449.87,1.0
p[1092],0.84,0.01,0.82,0.86,0.0,0.0,10090.38,6813.45,1.0
p[1093],0.88,0.01,0.85,0.9,0.0,0.0,10590.91,6464.14,1.0
p[1094],0.71,0.02,0.67,0.75,0.0,0.0,9723.01,7340.27,1.0
p[1095],0.87,0.01,0.85,0.89,0.0,0.0,10171.43,7413.79,1.0
p[1096],0.87,0.01,0.85,0.89,0.0,0.0,10171.49,7413.79,1.0
p[1097],0.87,0.01,0.85,0.89,0.0,0.0,10170.41,7486.81,1.0
p[1098],0.91,0.01,0.88,0.92,0.0,0.0,9182.84,6881.55,1.0
p[1099],0.87,0.01,0.85,0.89,0.0,0.0,10168.55,7487.0,1.0
p[1100],0.87,0.01,0.85,0.89,0.0,0.0,10168.55,7487.0,1.0
p[1101],0.84,0.01,0.82,0.86,0.0,0.0,10072.76,6751.92,1.0
p[1102],0.84,0.02,0.8,0.87,0.0,0.0,9918.68,6961.65,1.0
p[1103],0.84,0.01,0.82,0.86,0.0,0.0,10065.34,6800.97,1.0
p[1104],0.94,0.01,0.91,0.96,0.0,0.0,11146.95,6414.15,1.0
p[1105],0.85,0.02,0.82,0.88,0.0,0.0,10421.98,6923.98,1.0
p[1106],0.85,0.02,0.82,0.88,0.0,0.0,10421.98,6923.98,1.0
p[1107],0.89,0.02,0.84,0.93,0.0,0.0,11286.44,6257.47,1.0
p[1108],0.87,0.01,0.86,0.89,0.0,0.0,10160.12,7523.18,1.0
p[1109],0.84,0.01,0.82,0.86,0.0,0.0,10057.35,6903.25,1.0
p[1110],0.82,0.03,0.77,0.88,0.0,0.0,12616.67,6720.96,1.0
p[1111],0.87,0.01,0.86,0.89,0.0,0.0,10156.38,7523.02,1.0
p[1112],0.84,0.01,0.82,0.86,0.0,0.0,10049.5,6903.25,1.0
p[1113],0.72,0.02,0.68,0.76,0.0,0.0,9702.77,7236.08,1.0
p[1114],0.87,0.01,0.86,0.89,0.0,0.0,10155.4,7560.1,1.0
p[1115],0.88,0.01,0.86,0.91,0.0,0.0,10577.84,6437.08,1.0
p[1116],0.87,0.01,0.86,0.89,0.0,0.0,10152.81,7522.72,1.0
p[1117],0.86,0.03,0.81,0.9,0.0,0.0,10744.53,6499.25,1.0
p[1118],0.85,0.01,0.82,0.86,0.0,0.0,10038.27,6767.48,1.0
p[1119],0.85,0.01,0.83,0.87,0.0,0.0,10034.03,6767.48,1.0
p[1120],0.87,0.01,0.86,0.89,0.0,0.0,10147.88,7523.36,1.0
p[1121],0.72,0.02,0.68,0.76,0.0,0.0,9694.6,7271.0,1.0
p[1122],0.89,0.01,0.86,0.91,0.0,0.0,10572.59,6436.68,1.0
p[1123],0.87,0.01,0.86,0.89,0.0,0.0,10145.74,7449.67,1.0
p[1124],0.85,0.01,0.83,0.87,0.0,0.0,10026.84,6828.12,1.0
p[1125],0.87,0.01,0.86,0.89,0.0,0.0,10144.34,7413.35,1.0
p[1126],0.91,0.01,0.89,0.93,0.0,0.0,9170.42,6851.24,1.0
p[1127],0.87,0.01,0.86,0.89,0.0,0.0,10144.73,7413.35,1.0
p[1128],0.87,0.01,0.86,0.89,0.0,0.0,10144.08,7486.86,1.0
p[1129],0.87,0.01,0.86,0.89,0.0,0.0,10143.67,7486.86,1.0
p[1130],0.85,0.01,0.83,0.87,0.0,0.0,10016.15,6828.12,1.0
p[1131],0.85,0.01,0.83,0.87,0.0,0.0,10016.15,6828.12,1.0
p[1132],0.84,0.02,0.81,0.87,0.0,0.0,9913.87,6929.4,1.0
p[1133],0.91,0.01,0.89,0.93,0.0,0.0,9171.21,6699.33,1.0
p[1134],0.85,0.01,0.83,0.87,0.0,0.0,10009.09,6828.51,1.0
p[1135],0.91,0.01,0.89,0.93,0.0,0.0,9169.91,6669.97,1.0
p[1136],0.88,0.01,0.86,0.89,0.0,0.0,10140.62,7378.57,1.0
p[1137],0.86,0.02,0.83,0.89,0.0,0.0,10403.12,6948.64,1.0
p[1138],0.85,0.01,0.83,0.87,0.0,0.0,9998.23,6828.62,1.0
p[1139],0.89,0.02,0.85,0.93,0.0,0.0,11261.8,6364.46,1.0
p[1140],0.88,0.01,0.86,0.89,0.0,0.0,10133.79,7487.81,1.0
p[1141],0.83,0.03,0.78,0.88,0.0,0.0,12591.88,6650.28,1.0
p[1142],0.89,0.01,0.86,0.91,0.0,0.0,10560.93,6436.72,1.0
p[1143],0.73,0.02,0.69,0.76,0.0,0.0,9673.47,7448.16,1.0
p[1144],0.86,0.02,0.81,0.9,0.0,0.0,10743.57,6443.33,1.0
p[1145],0.88,0.01,0.86,0.89,0.0,0.0,10135.6,7451.7,1.0
p[1146],0.85,0.01,0.83,0.87,0.0,0.0,9980.13,6774.16,1.0
p[1147],0.88,0.01,0.86,0.89,0.0,0.0,10134.82,7450.71,1.0
p[1148],0.84,0.02,0.8,0.87,0.0,0.0,9414.91,7716.55,1.0
p[1149],0.89,0.01,0.87,0.91,0.0,0.0,10558.87,6464.23,1.0
p[1150],0.85,0.01,0.83,0.87,0.0,0.0,9971.17,6866.1,1.0
p[1151],0.88,0.01,0.86,0.89,0.0,0.0,10130.18,7450.19,1.0
p[1152],0.88,0.01,0.86,0.89,0.0,0.0,10130.37,7486.89,1.0
p[1153],0.91,0.01,0.89,0.93,0.0,0.0,12006.08,7019.6,1.0
p[1154],0.88,0.01,0.86,0.89,0.0,0.0,10130.18,7587.61,1.0
p[1155],0.88,0.01,0.86,0.89,0.0,0.0,10129.66,7587.61,1.0
p[1156],0.73,0.02,0.69,0.77,0.0,0.0,9666.01,7340.0,1.0
p[1157],0.88,0.01,0.86,0.89,0.0,0.0,10126.12,7561.67,1.0
p[1158],0.88,0.01,0.86,0.89,0.0,0.0,10126.12,7561.67,1.0
p[1159],0.85,0.01,0.83,0.87,0.0,0.0,9960.7,6836.21,1.0
p[1160],0.85,0.02,0.81,0.88,0.0,0.0,9909.07,6983.62,1.0
p[1161],0.94,0.01,0.92,0.96,0.0,0.0,11121.57,6477.58,1.0
p[1162],0.85,0.01,0.83,0.87,0.0,0.0,9951.45,6869.88,1.0
p[1163],0.86,0.02,0.83,0.89,0.0,0.0,10384.51,6792.57,1.0
p[1164],0.86,0.02,0.83,0.89,0.0,0.0,10384.51,6792.57,1.0
p[1165],0.88,0.01,0.87,0.89,0.0,0.0,10118.24,7625.38,1.0
p[1166],0.89,0.02,0.85,0.93,0.0,0.0,11242.81,6319.08,1.0
p[1167],0.83,0.03,0.79,0.88,0.0,0.0,12578.4,6531.38,1.0
p[1168],0.88,0.01,0.87,0.9,0.0,0.0,10114.66,7703.06,1.0
p[1169],0.89,0.01,0.87,0.91,0.0,0.0,10545.01,6518.41,1.0
p[1170],0.73,0.02,0.7,0.77,0.0,0.0,9655.64,7376.36,1.0
p[1171],0.88,0.01,0.87,0.9,0.0,0.0,10109.12,7666.74,1.0
p[1172],0.88,0.01,0.87,0.9,0.0,0.0,10107.89,7666.71,1.0
p[1173],0.86,0.02,0.82,0.91,0.0,0.0,10736.03,6545.66,1.0
p[1174],0.85,0.01,0.84,0.87,0.0,0.0,9932.39,6932.12,1.0
p[1175],0.86,0.01,0.84,0.87,0.0,0.0,9927.77,6992.52,1.0
p[1176],0.89,0.01,0.87,0.92,0.0,0.0,10540.7,6517.86,1.0
p[1177],0.88,0.01,0.87,0.9,0.0,0.0,10097.79,7663.47,1.0
p[1178],0.88,0.01,0.87,0.9,0.0,0.0,10096.74,7663.83,1.0
p[1179],0.88,0.01,0.87,0.9,0.0,0.0,10095.5,7663.7,1.0
p[1180],0.74,0.02,0.7,0.77,0.0,0.0,9646.77,7377.14,1.0
p[1181],0.88,0.01,0.87,0.9,0.0,0.0,10093.76,7666.33,1.0
p[1182],0.86,0.01,0.84,0.88,0.0,0.0,9908.35,7024.55,1.0
p[1183],0.88,0.01,0.87,0.9,0.0,0.0,10093.5,7702.84,1.0
p[1184],0.92,0.01,0.9,0.94,0.0,0.0,11981.77,6986.48,1.0
p[1185],0.92,0.01,0.9,0.93,0.0,0.0,9150.79,6583.62,1.0
p[1186],0.85,0.02,0.82,0.88,0.0,0.0,9898.3,6902.23,1.0
p[1187],0.86,0.01,0.84,0.88,0.0,0.0,9898.43,7057.36,1.0
p[1188],0.86,0.01,0.84,0.88,0.0,0.0,9895.34,6948.32,1.0
p[1189],0.95,0.01,0.92,0.97,0.0,0.0,11135.01,6443.87,1.0
p[1190],0.88,0.01,0.87,0.9,0.0,0.0,10088.92,7665.99,1.0
p[1191],0.9,0.02,0.85,0.93,0.0,0.0,11214.95,6295.92,1.0
p[1192],0.88,0.01,0.87,0.9,0.0,0.0,10086.17,7666.32,1.0
p[1193],0.87,0.02,0.84,0.9,0.0,0.0,10375.21,6821.96,1.0
p[1194],0.87,0.02,0.84,0.9,0.0,0.0,10372.85,6883.35,1.0
p[1195],0.74,0.02,0.71,0.78,0.0,0.0,9634.53,7270.96,1.0
p[1196],0.9,0.01,0.87,0.92,0.0,0.0,10525.62,6546.28,1.0
p[1197],0.84,0.03,0.79,0.89,0.0,0.0,12550.35,6477.0,1.0
p[1198],0.89,0.01,0.87,0.9,0.0,0.0,10082.13,7666.59,1.0
p[1199],0.86,0.01,0.84,0.88,0.0,0.0,9872.68,6960.0,1.0
p[1200],0.85,0.02,0.82,0.88,0.0,0.0,9402.79,7489.26,1.0
p[1201],0.87,0.02,0.82,0.91,0.0,0.0,10726.93,6574.7,1.0
p[1202],0.89,0.01,0.87,0.9,0.0,0.0,10078.04,7627.47,1.0
p[1203],0.89,0.01,0.87,0.9,0.0,0.0,10076.64,7627.47,1.0
p[1204],0.89,0.01,0.87,0.9,0.0,0.0,10076.64,7627.47,1.0
p[1205],0.75,0.02,0.71,0.78,0.0,0.0,9625.1,7236.55,1.0
p[1206],0.89,0.01,0.87,0.9,0.0,0.0,10076.03,7627.65,1.0
p[1207],0.9,0.01,0.88,0.92,0.0,0.0,10513.41,6574.85,1.0
p[1208],0.89,0.01,0.87,0.9,0.0,0.0,10073.03,7666.15,1.0
p[1209],0.89,0.01,0.87,0.9,0.0,0.0,10071.89,7627.82,1.0
p[1210],0.9,0.01,0.88,0.92,0.0,0.0,10509.97,6575.11,1.0
p[1211],0.95,0.01,0.93,0.97,0.0,0.0,11132.05,6548.53,1.0
p[1212],0.86,0.01,0.85,0.88,0.0,0.0,9841.53,6743.2,1.0
p[1213],0.92,0.01,0.9,0.94,0.0,0.0,11955.11,6986.21,1.0
p[1214],0.94,0.01,0.92,0.95,0.0,0.0,9423.32,7596.91,1.0
p[1215],0.86,0.01,0.85,0.88,0.0,0.0,9837.51,6743.2,1.0
p[1216],0.86,0.01,0.85,0.88,0.0,0.0,9835.38,6712.48,1.0
p[1217],0.89,0.01,0.87,0.9,0.0,0.0,10066.43,7703.28,1.0
p[1218],0.87,0.01,0.84,0.9,0.0,0.0,10359.13,6911.95,1.0
p[1219],0.87,0.01,0.84,0.9,0.0,0.0,10359.13,6911.95,1.0
p[1220],0.95,0.01,0.92,0.97,0.0,0.0,11815.35,6408.03,1.0
p[1221],0.84,0.03,0.8,0.89,0.0,0.0,12530.82,6503.37,1.0
p[1222],0.9,0.02,0.86,0.94,0.0,0.0,11186.02,6337.28,1.0
p[1223],0.89,0.01,0.87,0.9,0.0,0.0,10060.03,7703.44,1.0
p[1224],0.89,0.01,0.88,0.9,0.0,0.0,10058.46,7781.32,1.0
p[1225],0.75,0.02,0.72,0.79,0.0,0.0,9610.87,7236.17,1.0
p[1226],0.87,0.02,0.83,0.91,0.0,0.0,10723.83,6476.61,1.0
p[1227],0.87,0.01,0.85,0.88,0.0,0.0,9809.97,6715.83,1.0
p[1228],0.87,0.01,0.85,0.88,0.0,0.0,9808.2,6715.83,1.0
p[1229],0.89,0.01,0.88,0.9,0.0,0.0,10056.46,7780.84,1.0
p[1230],0.92,0.01,0.9,0.94,0.0,0.0,11938.95,7018.62,1.0
p[1231],0.87,0.01,0.85,0.88,0.0,0.0,9803.26,6625.34,1.0
p[1232],0.89,0.01,0.88,0.9,0.0,0.0,10057.47,7780.84,1.0
p[1233],0.9,0.01,0.88,0.92,0.0,0.0,10488.39,6691.15,1.0
p[1234],0.89,0.01,0.88,0.9,0.0,0.0,10056.82,7781.1,1.0
p[1235],0.75,0.02,0.72,0.79,0.0,0.0,9606.52,7235.4,1.0
p[1236],0.9,0.01,0.88,0.92,0.0,0.0,10486.85,6691.15,1.0
p[1237],0.89,0.01,0.88,0.9,0.0,0.0,10052.82,7780.81,1.0
p[1238],0.94,0.01,0.93,0.95,0.0,0.0,9377.21,7376.4,1.0
p[1239],0.87,0.01,0.85,0.88,0.0,0.0,9791.53,6654.63,1.0
p[1240],0.87,0.01,0.85,0.9,0.0,0.0,10342.98,6781.45,1.0
p[1241],0.9,0.02,0.86,0.94,0.0,0.0,11161.51,6118.47,1.0
p[1242],0.87,0.01,0.85,0.89,0.0,0.0,9782.88,6624.83,1.0
p[1243],0.89,0.01,0.88,0.9,0.0,0.0,10046.74,7820.68,1.0
p[1244],0.87,0.01,0.85,0.9,0.0,0.0,10338.78,6781.56,1.0
p[1245],0.86,0.02,0.83,0.89,0.0,0.0,9904.96,7072.42,1.0
p[1246],0.92,0.01,0.91,0.94,0.0,0.0,9130.74,6499.52,1.0
p[1247],0.94,0.01,0.93,0.95,0.0,0.0,9375.02,7340.75,1.0
p[1248],0.89,0.01,0.88,0.91,0.0,0.0,10044.25,7821.04,1.0
p[1249],0.76,0.02,0.72,0.79,0.0,0.0,9596.76,7166.41,1.0
p[1250],0.87,0.01,0.85,0.89,0.0,0.0,9767.09,6684.38,1.0
p[1251],0.9,0.01,0.88,0.92,0.0,0.0,10477.5,6721.15,1.0
p[1252],0.89,0.01,0.88,0.91,0.0,0.0,10037.28,7740.93,1.0
p[1253],0.89,0.01,0.88,0.91,0.0,0.0,10036.33,7741.82,1.0
p[1254],0.85,0.02,0.81,0.9,0.0,0.0,12497.41,6612.89,1.0
p[1255],0.88,0.02,0.84,0.92,0.0,0.0,10717.58,6518.37,1.0
p[1256],0.87,0.01,0.85,0.89,0.0,0.0,9759.05,6597.11,1.0
p[1257],0.94,0.01,0.93,0.95,0.0,0.0,9371.25,7376.2,1.0
p[1258],0.89,0.01,0.88,0.91,0.0,0.0,10028.84,7781.47,1.0
p[1259],0.86,0.01,0.83,0.88,0.0,0.0,9398.54,7679.02,1.0
p[1260],0.87,0.01,0.85,0.89,0.0,0.0,9755.57,6597.0,1.0
p[1261],0.89,0.01,0.88,0.91,0.0,0.0,10029.03,7781.47,1.0
p[1262],0.87,0.01,0.85,0.89,0.0,0.0,9752.61,6597.11,1.0
p[1263],0.87,0.01,0.85,0.89,0.0,0.0,9752.47,6597.11,1.0
p[1264],0.89,0.01,0.88,0.91,0.0,0.0,10025.07,7781.81,1.0
p[1265],0.76,0.02,0.73,0.79,0.0,0.0,9588.47,7166.1,1.0
p[1266],0.9,0.01,0.88,0.93,0.0,0.0,10466.93,6662.67,1.0
p[1267],0.89,0.01,0.88,0.91,0.0,0.0,10025.56,7782.6,1.0
p[1268],0.87,0.01,0.85,0.89,0.0,0.0,9743.35,6567.74,1.0
p[1269],0.9,0.01,0.88,0.91,0.0,0.0,10022.14,7862.51,1.0
p[1270],0.9,0.01,0.88,0.91,0.0,0.0,10021.57,7821.51,1.0
p[1271],0.87,0.02,0.84,0.89,0.0,0.0,9900.7,7070.38,1.0
p[1272],0.95,0.01,0.93,0.97,0.0,0.0,10804.15,6576.07,1.0
p[1273],0.9,0.01,0.88,0.91,0.0,0.0,10019.82,7821.51,1.0
p[1274],0.9,0.01,0.88,0.91,0.0,0.0,10019.61,7821.51,1.0
p[1275],0.87,0.01,0.86,0.89,0.0,0.0,9726.37,6654.66,1.0
p[1276],0.93,0.01,0.91,0.95,0.0,0.0,11890.28,7019.53,1.0
p[1277],0.85,0.02,0.81,0.9,0.0,0.0,12465.51,6640.85,1.0
p[1278],0.9,0.01,0.88,0.91,0.0,0.0,10016.08,7666.65,1.0
p[1279],0.9,0.01,0.88,0.91,0.0,0.0,10015.14,7666.65,1.0
p[1280],0.87,0.01,0.86,0.89,0.0,0.0,9714.28,6596.93,1.0
p[1281],0.91,0.02,0.87,0.94,0.0,0.0,11129.71,6411.71,1.0
p[1282],0.91,0.01,0.89,0.93,0.0,0.0,10439.63,6594.46,1.0
p[1283],0.77,0.02,0.73,0.8,0.0,0.0,9580.32,7065.76,1.0
p[1284],0.9,0.01,0.88,0.91,0.0,0.0,10011.47,7628.78,1.0
p[1285],0.87,0.01,0.86,0.89,0.0,0.0,9707.63,6558.24,1.0
p[1286],0.9,0.01,0.88,0.91,0.0,0.0,10011.47,7628.78,1.0
p[1287],0.9,0.01,0.88,0.91,0.0,0.0,10011.47,7628.78,1.0
p[1288],0.87,0.01,0.86,0.89,0.0,0.0,9707.63,6558.24,1.0
p[1289],0.9,0.01,0.88,0.91,0.0,0.0,10011.1,7628.78,1.0
p[1290],0.9,0.01,0.89,0.91,0.0,0.0,10012.69,7590.22,1.0
p[1291],0.88,0.01,0.86,0.89,0.0,0.0,9703.37,6558.14,1.0
p[1292],0.93,0.01,0.91,0.94,0.0,0.0,9136.98,6619.15,1.0
p[1293],0.91,0.01,0.89,0.93,0.0,0.0,10433.8,6575.99,1.0
p[1294],0.88,0.02,0.85,0.92,0.0,0.0,10722.86,6609.77,1.0
p[1295],0.77,0.02,0.74,0.8,0.0,0.0,9579.77,7000.31,1.0
p[1296],0.93,0.01,0.91,0.94,0.0,0.0,9136.95,6619.15,1.0
p[1297],0.94,0.01,0.93,0.96,0.0,0.0,9367.5,7299.15,1.0
p[1298],0.88,0.01,0.86,0.89,0.0,0.0,9694.65,6460.78,1.0
p[1299],0.87,0.02,0.84,0.9,0.0,0.0,9892.23,6987.91,1.0
p[1300],0.91,0.02,0.88,0.95,0.0,0.0,11118.07,6358.17,1.0
p[1301],0.88,0.01,0.86,0.89,0.0,0.0,9690.13,6557.28,1.0
p[1302],0.9,0.01,0.89,0.91,0.0,0.0,10004.67,7628.91,1.0
p[1303],0.88,0.01,0.86,0.91,0.0,0.0,10248.42,6586.58,1.0
p[1304],0.77,0.02,0.74,0.8,0.0,0.0,9574.76,6999.93,1.0
p[1305],0.88,0.01,0.86,0.89,0.0,0.0,9685.9,6378.61,1.0
p[1306],0.89,0.02,0.85,0.92,0.0,0.0,10722.41,6467.1,1.0
p[1307],0.86,0.02,0.82,0.9,0.0,0.0,12426.26,6555.44,1.0
p[1308],0.9,0.01,0.89,0.91,0.0,0.0,9999.0,7668.56,1.0
p[1309],0.91,0.01,0.89,0.93,0.0,0.0,10420.13,6623.61,1.0
p[1310],0.95,0.01,0.93,0.96,0.0,0.0,9366.86,7424.26,1.0
p[1311],0.88,0.01,0.86,0.89,0.0,0.0,9677.5,6378.42,1.0
p[1312],0.9,0.01,0.89,0.91,0.0,0.0,9998.63,7629.91,1.0
p[1313],0.88,0.01,0.86,0.89,0.0,0.0,9676.01,6514.11,1.0
p[1314],0.9,0.01,0.89,0.91,0.0,0.0,9996.26,7669.1,1.0
p[1315],0.9,0.01,0.89,0.91,0.0,0.0,9996.26,7669.1,1.0
p[1316],0.88,0.01,0.86,0.9,0.0,0.0,9673.27,6455.25,1.0
p[1317],0.9,0.01,0.89,0.91,0.0,0.0,9996.22,7631.19,1.0
p[1318],0.91,0.01,0.89,0.93,0.0,0.0,10416.15,6576.43,1.0
p[1319],0.9,0.01,0.89,0.91,0.0,0.0,9992.86,7631.51,1.0
p[1320],0.93,0.01,0.91,0.95,0.0,0.0,11834.79,6799.56,1.0
p[1321],0.88,0.01,0.86,0.9,0.0,0.0,9665.44,6483.0,1.0
p[1322],0.88,0.01,0.86,0.9,0.0,0.0,9663.3,6400.19,1.0
p[1323],0.9,0.01,0.89,0.91,0.0,0.0,9990.77,7555.97,1.0
p[1324],0.87,0.01,0.85,0.9,0.0,0.0,9894.87,7064.92,1.0
p[1325],0.9,0.01,0.89,0.92,0.0,0.0,9987.47,7481.37,1.0
p[1326],0.87,0.01,0.84,0.89,0.0,0.0,9376.96,7602.24,1.0
p[1327],0.88,0.01,0.86,0.9,0.0,0.0,9659.83,6429.26,1.0
p[1328],0.95,0.01,0.93,0.97,0.0,0.0,11723.03,6436.67,1.0
p[1329],0.88,0.01,0.86,0.9,0.0,0.0,9657.44,6430.04,1.0
p[1330],0.9,0.01,0.89,0.92,0.0,0.0,9987.97,7407.76,1.0
p[1331],0.96,0.01,0.94,0.97,0.0,0.0,10749.9,6691.06,1.0
p[1332],0.86,0.02,0.82,0.91,0.0,0.0,12397.29,6583.05,1.0
p[1333],0.78,0.02,0.75,0.81,0.0,0.0,9565.4,6999.93,1.0
p[1334],0.91,0.01,0.89,0.93,0.0,0.0,10405.32,6547.9,1.0
p[1335],0.88,0.01,0.87,0.9,0.0,0.0,9648.31,6402.87,1.0
p[1336],0.92,0.02,0.88,0.95,0.0,0.0,11168.16,6399.94,1.0
p[1337],0.9,0.01,0.89,0.92,0.0,0.0,9984.29,7406.89,1.0
p[1338],0.88,0.01,0.87,0.9,0.0,0.0,9645.66,6402.87,1.0
p[1339],0.89,0.01,0.86,0.91,0.0,0.0,10204.79,6593.68,1.0
p[1340],0.91,0.01,0.89,0.93,0.0,0.0,10398.05,6491.65,1.0
p[1341],0.89,0.02,0.85,0.93,0.0,0.0,10707.46,6556.3,1.0
p[1342],0.9,0.01,0.89,0.92,0.0,0.0,9981.28,7335.3,1.0
p[1343],0.88,0.01,0.87,0.9,0.0,0.0,9637.96,6457.63,1.0
p[1344],0.91,0.01,0.89,0.92,0.0,0.0,9981.79,7335.3,1.0
p[1345],0.93,0.01,0.92,0.95,0.0,0.0,11805.87,6856.12,1.0
p[1346],0.91,0.01,0.89,0.92,0.0,0.0,9981.26,7335.3,1.0
p[1347],0.91,0.01,0.89,0.92,0.0,0.0,9981.06,7334.56,1.0
p[1348],0.91,0.01,0.89,0.92,0.0,0.0,9981.0,7334.22,1.0
p[1349],0.88,0.01,0.87,0.9,0.0,0.0,9634.04,6485.14,1.0
p[1350],0.78,0.02,0.75,0.81,0.0,0.0,9563.44,7000.41,1.0
p[1351],0.91,0.01,0.89,0.92,0.0,0.0,9980.4,7334.43,1.0
p[1352],0.88,0.01,0.87,0.9,0.0,0.0,9631.67,6509.32,1.0
p[1353],0.93,0.01,0.92,0.95,0.0,0.0,9145.05,6534.98,1.0
p[1354],0.88,0.01,0.87,0.9,0.0,0.0,9629.18,6509.71,1.0
p[1355],0.92,0.02,0.88,0.95,0.0,0.0,11110.07,6574.56,1.0
p[1356],0.91,0.01,0.89,0.92,0.0,0.0,9977.46,7299.66,1.0
p[1357],0.88,0.01,0.87,0.9,0.0,0.0,9623.64,6509.78,1.0
p[1358],0.89,0.01,0.87,0.91,0.0,0.0,10182.02,6593.55,1.0
p[1359],0.78,0.02,0.75,0.82,0.0,0.0,9561.41,7001.24,1.0
p[1360],0.88,0.01,0.85,0.91,0.0,0.0,9889.61,7099.84,1.0
p[1361],0.91,0.01,0.9,0.92,0.0,0.0,9974.8,7299.47,1.0
p[1362],0.87,0.02,0.83,0.91,0.0,0.0,12357.01,6497.65,1.0
p[1363],0.91,0.01,0.9,0.92,0.0,0.0,9973.68,7299.47,1.0
p[1364],0.89,0.02,0.86,0.93,0.0,0.0,10700.04,6496.53,1.0
p[1365],0.92,0.01,0.9,0.93,0.0,0.0,10382.32,6581.41,1.0
p[1366],0.91,0.01,0.9,0.92,0.0,0.0,9973.35,7334.53,1.0
p[1367],0.95,0.01,0.94,0.96,0.0,0.0,9366.78,7371.71,1.0
p[1368],0.89,0.01,0.87,0.9,0.0,0.0,9610.35,6471.28,1.0
p[1369],0.79,0.02,0.76,0.82,0.0,0.0,9561.27,7033.77,1.0
p[1370],0.89,0.01,0.87,0.9,0.0,0.0,9606.16,6417.3,1.0
p[1371],0.95,0.01,0.94,0.96,0.0,0.0,9374.04,7370.36,1.0
p[1372],0.91,0.01,0.9,0.92,0.0,0.0,9970.21,7299.13,1.0
p[1373],0.92,0.01,0.9,0.93,0.0,0.0,10377.34,6581.2,1.0
p[1374],0.91,0.01,0.9,0.92,0.0,0.0,9969.64,7299.13,1.0
p[1375],0.91,0.01,0.9,0.92,0.0,0.0,9970.6,7263.57,1.0
p[1376],0.94,0.01,0.92,0.95,0.0,0.0,11776.53,6765.26,1.0
p[1377],0.91,0.01,0.9,0.92,0.0,0.0,9970.31,7263.57,1.0
p[1378],0.91,0.01,0.9,0.92,0.0,0.0,9971.25,7263.57,1.0
p[1379],0.89,0.01,0.87,0.9,0.0,0.0,9596.43,6562.78,1.0
p[1380],0.96,0.01,0.94,0.97,0.0,0.0,10710.96,6749.96,1.0
p[1381],0.89,0.01,0.87,0.9,0.0,0.0,9593.17,6658.79,1.0
p[1382],0.89,0.01,0.87,0.9,0.0,0.0,9592.84,6658.79,1.0
p[1383],0.88,0.01,0.85,0.9,0.0,0.0,9374.46,7452.58,1.0
p[1384],0.91,0.01,0.9,0.92,0.0,0.0,9969.59,7299.0,1.0
p[1385],0.89,0.01,0.87,0.9,0.0,0.0,9588.93,6718.01,1.0
p[1386],0.91,0.01,0.9,0.92,0.0,0.0,9967.51,7298.59,1.0
p[1387],0.91,0.01,0.9,0.92,0.0,0.0,9967.92,7369.12,1.0
p[1388],0.92,0.02,0.89,0.95,0.0,0.0,10998.57,6610.21,1.0
p[1389],0.87,0.02,0.83,0.91,0.0,0.0,12325.88,6525.49,1.0
p[1390],0.79,0.02,0.76,0.82,0.0,0.0,9556.02,7066.09,1.0
p[1391],0.91,0.01,0.9,0.92,0.0,0.0,9968.49,7228.28,1.0
p[1392],0.91,0.01,0.9,0.92,0.0,0.0,9968.9,7228.28,1.0
p[1393],0.92,0.01,0.9,0.94,0.0,0.0,10357.8,6496.34,1.0
p[1394],0.9,0.02,0.86,0.93,0.0,0.0,10696.89,6510.5,1.0
p[1395],0.89,0.01,0.88,0.91,0.0,0.0,9580.7,6616.05,1.0
p[1396],0.89,0.01,0.88,0.91,0.0,0.0,9575.45,6673.75,1.0
p[1397],0.91,0.01,0.9,0.92,0.0,0.0,9971.21,7193.92,1.0
p[1398],0.79,0.02,0.76,0.82,0.0,0.0,9554.25,6968.96,1.0
p[1399],0.89,0.01,0.88,0.91,0.0,0.0,9569.95,6808.14,1.0
p[1400],0.91,0.01,0.9,0.92,0.0,0.0,9971.4,7093.43,1.0
p[1401],0.91,0.01,0.9,0.92,0.0,0.0,9970.74,7093.43,1.0
p[1402],0.93,0.01,0.92,0.95,0.0,0.0,11806.87,6567.71,1.0
p[1403],0.92,0.01,0.9,0.94,0.0,0.0,10347.98,6496.5,1.0
p[1404],0.91,0.01,0.9,0.92,0.0,0.0,9970.63,7093.43,1.0
p[1405],0.93,0.01,0.92,0.95,0.0,0.0,11806.87,6567.71,1.0
p[1406],0.91,0.01,0.9,0.92,0.0,0.0,9970.86,7093.43,1.0
p[1407],0.94,0.01,0.92,0.96,0.0,0.0,11739.79,6889.49,1.0
p[1408],0.94,0.01,0.92,0.95,0.0,0.0,9149.88,6767.36,1.0
p[1409],0.89,0.01,0.88,0.91,0.0,0.0,9562.35,6791.8,1.0
p[1410],0.89,0.01,0.88,0.91,0.0,0.0,9561.73,6852.63,1.0
p[1411],0.91,0.01,0.9,0.92,0.0,0.0,9965.96,6996.09,1.0
p[1412],0.94,0.01,0.92,0.95,0.0,0.0,9152.34,6736.6,1.0
p[1413],0.95,0.01,0.94,0.96,0.0,0.0,9398.04,7276.53,1.0
p[1414],0.89,0.01,0.88,0.91,0.0,0.0,9557.73,6868.02,1.0
p[1415],0.89,0.01,0.86,0.91,0.0,0.0,9880.21,6881.5,1.0
p[1416],0.92,0.02,0.89,0.95,0.0,0.0,10910.47,6601.25,1.0
p[1417],0.91,0.01,0.9,0.93,0.0,0.0,9968.84,6936.07,1.0
p[1418],0.9,0.01,0.88,0.92,0.0,0.0,10104.43,6798.94,1.0
p[1419],0.8,0.02,0.77,0.83,0.0,0.0,9548.46,6969.89,1.0
p[1420],0.91,0.01,0.9,0.93,0.0,0.0,9969.33,6999.94,1.0
p[1421],0.92,0.01,0.91,0.94,0.0,0.0,10337.92,6639.13,1.0
p[1422],0.9,0.02,0.87,0.93,0.0,0.0,10693.37,6497.88,1.0
p[1423],0.93,0.01,0.92,0.95,0.0,0.0,11784.48,6319.88,1.0
p[1424],0.91,0.01,0.9,0.93,0.0,0.0,9966.42,7098.38,1.0
p[1425],0.89,0.01,0.88,0.91,0.0,0.0,9546.63,6778.91,1.0
p[1426],0.88,0.02,0.84,0.92,0.0,0.0,12274.01,6699.57,1.0
p[1427],0.91,0.01,0.9,0.93,0.0,0.0,9966.98,7098.2,1.0
p[1428],0.91,0.01,0.9,0.93,0.0,0.0,9967.15,7065.14,1.0
p[1429],0.91,0.01,0.9,0.93,0.0,0.0,9967.3,7065.14,1.0
p[1430],0.91,0.01,0.9,0.93,0.0,0.0,9966.63,7065.14,1.0
p[1431],0.92,0.01,0.91,0.94,0.0,0.0,10332.02,6610.28,1.0
p[1432],0.91,0.01,0.9,0.93,0.0,0.0,9966.37,7065.14,1.0
p[1433],0.89,0.01,0.86,0.91,0.0,0.0,9875.29,6849.61,1.0
p[1434],0.9,0.01,0.88,0.91,0.0,0.0,9538.47,6733.23,1.0
p[1435],0.9,0.01,0.88,0.91,0.0,0.0,9537.29,6733.23,1.0
p[1436],0.92,0.01,0.9,0.93,0.0,0.0,9967.11,7065.48,1.0
p[1437],0.93,0.02,0.9,0.95,0.0,0.0,10834.03,6502.26,1.0
p[1438],0.9,0.01,0.88,0.91,0.0,0.0,9534.76,6733.08,1.0
p[1439],0.96,0.01,0.94,0.98,0.0,0.0,11614.89,6370.06,1.0
p[1440],0.94,0.01,0.93,0.96,0.0,0.0,11699.56,6985.51,1.0
p[1441],0.92,0.01,0.91,0.93,0.0,0.0,9966.53,7097.77,1.0
p[1442],0.95,0.01,0.94,0.96,0.0,0.0,9440.74,7368.79,1.0
p[1443],0.8,0.02,0.77,0.83,0.0,0.0,9539.1,7002.29,1.0
p[1444],0.95,0.01,0.94,0.96,0.0,0.0,9440.17,7368.79,1.0
p[1445],0.9,0.01,0.88,0.91,0.0,0.0,9527.84,6821.82,1.0
p[1446],0.92,0.01,0.91,0.93,0.0,0.0,9966.6,7064.04,1.0
p[1447],0.88,0.02,0.84,0.92,0.0,0.0,12236.93,6554.71,1.0
p[1448],0.9,0.02,0.87,0.94,0.0,0.0,10686.59,6508.57,1.0
p[1449],0.93,0.01,0.91,0.94,0.0,0.0,10319.81,6639.25,1.0
p[1450],0.9,0.01,0.88,0.91,0.0,0.0,9522.94,6760.79,1.0
p[1451],0.92,0.01,0.91,0.93,0.0,0.0,9967.82,7130.9,1.0
p[1452],0.92,0.01,0.91,0.93,0.0,0.0,9967.87,7164.22,1.0
p[1453],0.92,0.01,0.91,0.93,0.0,0.0,9967.87,7164.22,1.0
p[1454],0.9,0.01,0.88,0.91,0.0,0.0,9521.48,6730.41,1.0
p[1455],0.92,0.01,0.91,0.93,0.0,0.0,9968.87,7163.75,1.0
p[1456],0.81,0.02,0.78,0.84,0.0,0.0,9540.88,7100.46,1.0
p[1457],0.92,0.01,0.91,0.93,0.0,0.0,9969.9,7163.44,1.0
p[1458],0.92,0.01,0.91,0.93,0.0,0.0,9969.33,7163.44,1.0
p[1459],0.93,0.01,0.91,0.94,0.0,0.0,10314.53,6610.17,1.0
p[1460],0.9,0.01,0.88,0.91,0.0,0.0,9518.25,6806.09,1.0
p[1461],0.9,0.01,0.89,0.91,0.0,0.0,9517.09,6806.09,1.0
p[1462],0.93,0.02,0.9,0.96,0.0,0.0,10749.17,6337.6,1.0
p[1463],0.89,0.01,0.87,0.92,0.0,0.0,9883.41,6757.42,1.0
p[1464],0.96,0.0,0.95,0.96,0.0,0.0,9439.26,7231.31,1.0
p[1465],0.96,0.0,0.95,0.96,0.0,0.0,9439.38,7265.93,1.0
p[1466],0.92,0.01,0.91,0.93,0.0,0.0,9971.83,7165.21,1.0
p[1467],0.94,0.01,0.92,0.95,0.0,0.0,11736.38,6359.72,1.0
p[1468],0.94,0.01,0.92,0.95,0.0,0.0,11736.38,6359.72,1.0
p[1469],0.93,0.01,0.91,0.94,0.0,0.0,10304.35,6552.9,1.0
p[1470],0.81,0.02,0.78,0.84,0.0,0.0,9545.21,7167.62,1.0
p[1471],0.94,0.01,0.93,0.96,0.0,0.0,11653.99,6895.72,1.0
p[1472],0.91,0.02,0.88,0.94,0.0,0.0,10680.93,6536.93,1.0
p[1473],0.92,0.01,0.91,0.93,0.0,0.0,9971.54,6935.72,1.0
p[1474],0.91,0.01,0.88,0.93,0.0,0.0,10047.95,6923.65,1.0
p[1475],0.96,0.0,0.95,0.97,0.0,0.0,9441.46,7230.69,1.0
p[1476],0.92,0.01,0.91,0.93,0.0,0.0,9970.69,6904.15,1.0
p[1477],0.9,0.01,0.89,0.92,0.0,0.0,9512.91,6806.52,1.0
p[1478],0.9,0.01,0.89,0.92,0.0,0.0,9512.71,6806.52,1.0
p[1479],0.96,0.0,0.95,0.97,0.0,0.0,9439.12,7195.9,1.0
p[1480],0.89,0.02,0.85,0.92,0.0,0.0,12174.13,6555.95,1.0
p[1481],0.92,0.01,0.91,0.93,0.0,0.0,9969.38,6904.15,1.0
p[1482],0.81,0.02,0.78,0.84,0.0,0.0,9546.11,7236.11,1.0
p[1483],0.93,0.01,0.91,0.94,0.0,0.0,10297.23,6580.85,1.0
p[1484],0.92,0.01,0.91,0.93,0.0,0.0,9972.69,6903.35,1.0
p[1485],0.94,0.01,0.92,0.96,0.0,0.0,11715.59,6294.32,1.0
p[1486],0.92,0.01,0.91,0.93,0.0,0.0,9973.31,6903.66,1.0
p[1487],0.92,0.01,0.91,0.93,0.0,0.0,9973.27,6903.66,1.0
p[1488],0.92,0.01,0.91,0.93,0.0,0.0,9974.04,6934.97,1.0
p[1489],0.9,0.01,0.89,0.92,0.0,0.0,9508.47,6838.27,1.0
p[1490],0.93,0.02,0.9,0.96,0.0,0.0,10666.39,6392.57,1.0
p[1491],0.9,0.01,0.89,0.92,0.0,0.0,9507.75,6808.06,1.0
p[1492],0.96,0.0,0.95,0.97,0.0,0.0,9450.97,7276.64,1.0
p[1493],0.92,0.01,0.91,0.93,0.0,0.0,9978.36,6841.79,1.0
p[1494],0.92,0.01,0.91,0.93,0.0,0.0,9979.69,6841.91,1.0
p[1495],0.94,0.01,0.93,0.96,0.0,0.0,9174.77,6540.39,1.0
p[1496],0.96,0.0,0.95,0.97,0.0,0.0,9448.62,7276.29,1.0
p[1497],0.9,0.01,0.88,0.92,0.0,0.0,9880.07,6975.92,1.0
p[1498],0.94,0.01,0.93,0.96,0.0,0.0,9177.13,6526.35,1.0
p[1499],0.9,0.01,0.88,0.92,0.0,0.0,9881.09,6975.92,1.0
p[1500],0.9,0.01,0.89,0.92,0.0,0.0,9504.11,6818.24,1.0
p[1501],0.92,0.01,0.91,0.93,0.0,0.0,9977.49,6874.67,1.0
p[1502],0.9,0.01,0.89,0.92,0.0,0.0,9505.17,6807.39,1.0
p[1503],0.95,0.01,0.93,0.96,0.0,0.0,11603.04,6959.08,1.0
p[1504],0.92,0.01,0.91,0.93,0.0,0.0,9978.7,6844.83,1.0
p[1505],0.9,0.01,0.88,0.92,0.0,0.0,9881.27,7007.47,1.0
p[1506],0.96,0.0,0.95,0.97,0.0,0.0,9449.22,7261.36,1.0
p[1507],0.92,0.01,0.91,0.93,0.0,0.0,9978.11,6844.83,1.0
p[1508],0.92,0.01,0.91,0.93,0.0,0.0,9978.28,6844.9,1.0
p[1509],0.93,0.01,0.92,0.95,0.0,0.0,10278.37,6756.1,1.0
p[1510],0.94,0.01,0.93,0.96,0.0,0.0,11684.57,6359.48,1.0
p[1511],0.94,0.01,0.93,0.96,0.0,0.0,11684.57,6359.48,1.0
p[1512],0.91,0.01,0.89,0.92,0.0,0.0,9504.17,6818.31,1.0
p[1513],0.91,0.02,0.88,0.94,0.0,0.0,10661.71,6541.15,1.0
p[1514],0.96,0.0,0.95,0.97,0.0,0.0,9450.5,7276.26,1.0
p[1515],0.92,0.01,0.91,0.93,0.0,0.0,9981.21,6875.42,1.0
p[1516],0.92,0.01,0.91,0.93,0.0,0.0,9982.26,6875.42,1.0
p[1517],0.91,0.01,0.89,0.92,0.0,0.0,9503.76,6848.9,1.0
p[1518],0.91,0.01,0.89,0.92,0.0,0.0,9502.64,6848.79,1.0
p[1519],0.92,0.01,0.91,0.94,0.0,0.0,9984.57,6875.01,1.0
p[1520],0.91,0.01,0.89,0.93,0.0,0.0,10009.16,6943.48,1.0
p[1521],0.9,0.01,0.88,0.93,0.0,0.0,9879.3,7008.66,1.0
p[1522],0.92,0.01,0.91,0.94,0.0,0.0,9986.3,6906.47,1.0
p[1523],0.95,0.01,0.93,0.96,0.0,0.0,11575.18,6959.89,1.0
p[1524],0.96,0.0,0.95,0.97,0.0,0.0,9440.95,7381.87,1.0
p[1525],0.94,0.01,0.93,0.96,0.0,0.0,11660.54,6481.94,1.0
p[1526],0.96,0.0,0.95,0.97,0.0,0.0,9440.64,7381.3,1.0
p[1527],0.93,0.01,0.91,0.94,0.0,0.0,9986.23,6906.47,1.0
p[1528],0.9,0.01,0.88,0.93,0.0,0.0,9880.3,7073.89,1.0
p[1529],0.91,0.01,0.89,0.92,0.0,0.0,9499.07,6817.5,1.0
p[1530],0.93,0.01,0.92,0.94,0.0,0.0,9989.29,6906.47,1.0
p[1531],0.91,0.01,0.89,0.92,0.0,0.0,9496.6,6787.18,1.0
p[1532],0.93,0.01,0.92,0.94,0.0,0.0,9989.26,6938.43,1.0
p[1533],0.93,0.01,0.92,0.94,0.0,0.0,9989.26,6938.43,1.0
p[1534],0.96,0.0,0.95,0.97,0.0,0.0,9437.59,7418.32,1.0
p[1535],0.93,0.01,0.92,0.94,0.0,0.0,9989.38,6844.9,1.0
p[1536],0.94,0.01,0.93,0.96,0.0,0.0,11633.8,6591.71,1.0
p[1537],0.95,0.01,0.94,0.96,0.0,0.0,9195.01,6441.88,1.0
p[1538],0.91,0.01,0.9,0.92,0.0,0.0,9492.75,6756.82,1.0
p[1539],0.91,0.01,0.9,0.92,0.0,0.0,9492.92,6786.94,1.0
p[1540],0.93,0.01,0.92,0.94,0.0,0.0,9988.85,6873.9,1.0
p[1541],0.96,0.0,0.95,0.97,0.0,0.0,9444.25,7418.6,1.0
p[1542],0.93,0.01,0.92,0.94,0.0,0.0,9989.52,6874.31,1.0
p[1543],0.93,0.01,0.92,0.94,0.0,0.0,9989.22,6873.67,1.0
p[1544],0.93,0.01,0.92,0.94,0.0,0.0,9988.56,6874.26,1.0
p[1545],0.93,0.01,0.92,0.94,0.0,0.0,9990.33,6874.31,1.0
p[1546],0.91,0.01,0.9,0.92,0.0,0.0,9486.57,6847.17,1.0
p[1547],0.91,0.01,0.9,0.93,0.0,0.0,9482.04,6786.12,1.0
p[1548],0.93,0.01,0.92,0.94,0.0,0.0,9992.16,6873.28,1.0
p[1549],0.93,0.01,0.92,0.94,0.0,0.0,9992.76,6873.26,1.0
p[1550],0.93,0.01,0.92,0.94,0.0,0.0,9992.54,6873.26,1.0
p[1551],0.93,0.01,0.92,0.94,0.0,0.0,9992.01,6873.26,1.0
p[1552],0.93,0.01,0.92,0.94,0.0,0.0,9991.99,6873.44,1.0
p[1553],0.93,0.01,0.92,0.94,0.0,0.0,9994.88,6842.61,1.0
p[1554],0.97,0.01,0.95,0.98,0.0,0.0,10548.79,6999.06,1.0
p[1555],0.91,0.01,0.9,0.93,0.0,0.0,9481.7,6941.22,1.0
p[1556],0.93,0.01,0.92,0.94,0.0,0.0,9998.22,6842.61,1.0
p[1557],0.93,0.01,0.92,0.94,0.0,0.0,9997.82,6872.87,1.0
p[1558],0.93,0.01,0.92,0.94,0.0,0.0,9998.08,6874.06,1.0
p[1559],0.82,0.01,0.8,0.85,0.0,0.0,9670.36,6175.24,1.0
p[1560],0.9,0.01,0.87,0.92,0.0,0.0,9783.08,7477.75,1.0
p[1561],0.79,0.02,0.76,0.82,0.0,0.0,9660.88,6833.0,1.0
p[1562],0.9,0.01,0.88,0.92,0.0,0.0,9779.67,7376.32,1.0
p[1563],0.82,0.01,0.8,0.85,0.0,0.0,9655.42,6462.44,1.0
p[1564],0.86,0.02,0.83,0.9,0.0,0.0,11616.56,6735.34,1.0
p[1565],0.82,0.01,0.8,0.85,0.0,0.0,9650.83,6328.72,1.0
p[1566],0.79,0.02,0.76,0.82,0.0,0.0,9636.44,6684.06,1.0
p[1567],0.8,0.02,0.76,0.84,0.0,0.0,10392.39,6960.04,1.0
p[1568],0.83,0.01,0.8,0.85,0.0,0.0,9644.59,6381.92,1.0
p[1569],0.83,0.01,0.8,0.85,0.0,0.0,9641.92,6302.82,1.0
p[1570],0.83,0.01,0.8,0.85,0.0,0.0,9641.55,6302.82,1.0
p[1571],0.9,0.01,0.88,0.92,0.0,0.0,9769.7,7269.41,1.0
p[1572],0.83,0.01,0.81,0.85,0.0,0.0,9619.41,6383.35,1.0
p[1573],0.8,0.01,0.77,0.82,0.0,0.0,9578.73,6695.63,1.0
p[1574],0.8,0.01,0.78,0.83,0.0,0.0,9520.23,6786.18,1.0
p[1575],0.87,0.02,0.84,0.91,0.0,0.0,11646.15,6807.42,1.0
p[1576],0.89,0.02,0.86,0.92,0.0,0.0,11743.0,6939.36,1.0
p[1577],0.81,0.01,0.78,0.83,0.0,0.0,9455.9,6639.91,1.0
p[1578],0.84,0.01,0.82,0.86,0.0,0.0,9529.79,6631.06,1.0
p[1579],0.81,0.01,0.79,0.84,0.0,0.0,9393.01,6552.46,1.0
p[1580],0.85,0.01,0.83,0.87,0.0,0.0,9493.87,6545.25,1.0
p[1581],0.85,0.01,0.83,0.87,0.0,0.0,9474.65,6235.15,1.0
p[1582],0.85,0.01,0.83,0.87,0.0,0.0,9473.31,6207.82,1.0
p[1583],0.85,0.01,0.83,0.87,0.0,0.0,9470.48,6416.86,1.0
p[1584],0.82,0.01,0.8,0.84,0.0,0.0,9337.84,6707.02,1.0
p[1585],0.89,0.01,0.87,0.91,0.0,0.0,9956.04,6828.04,1.0
p[1586],0.82,0.01,0.8,0.84,0.0,0.0,9334.6,6707.02,1.0
p[1587],0.89,0.01,0.87,0.92,0.0,0.0,11726.64,6841.82,1.0
p[1588],0.85,0.01,0.83,0.87,0.0,0.0,9461.48,6416.67,1.0
p[1589],0.83,0.02,0.8,0.86,0.0,0.0,10380.47,6684.5,1.0
p[1590],0.85,0.01,0.83,0.87,0.0,0.0,9455.85,6377.47,1.0
p[1591],0.87,0.03,0.82,0.92,0.0,0.0,10928.61,5479.74,1.0
p[1592],0.69,0.02,0.64,0.73,0.0,0.0,9751.83,6453.76,1.0
p[1593],0.85,0.01,0.84,0.87,0.0,0.0,9450.16,6233.83,1.0
p[1594],0.82,0.01,0.8,0.85,0.0,0.0,9302.35,6844.19,1.0
p[1595],0.82,0.01,0.8,0.85,0.0,0.0,9300.53,6753.17,1.0
p[1596],0.84,0.03,0.78,0.88,0.0,0.0,10369.21,6130.11,1.0
p[1597],0.85,0.01,0.84,0.87,0.0,0.0,9442.15,6301.23,1.0
p[1598],0.86,0.01,0.84,0.87,0.0,0.0,9441.68,6301.23,1.0
p[1599],0.86,0.01,0.84,0.87,0.0,0.0,9441.34,6302.29,1.0
p[1600],0.86,0.01,0.84,0.87,0.0,0.0,9440.45,6313.93,1.0
p[1601],0.86,0.01,0.84,0.87,0.0,0.0,9440.22,6313.93,1.0
p[1602],0.86,0.01,0.84,0.87,0.0,0.0,9438.01,6447.94,1.0
p[1603],0.87,0.01,0.84,0.9,0.0,0.0,9738.45,5929.32,1.0
p[1604],0.69,0.02,0.65,0.73,0.0,0.0,9746.91,6340.78,1.0
p[1605],0.83,0.01,0.8,0.85,0.0,0.0,9280.65,6817.91,1.0
p[1606],0.83,0.01,0.8,0.85,0.0,0.0,9276.51,6818.45,1.0
p[1607],0.9,0.01,0.87,0.92,0.0,0.0,9967.83,6729.32,1.0
p[1608],0.86,0.01,0.84,0.88,0.0,0.0,9430.02,6525.05,1.0
p[1609],0.83,0.01,0.8,0.85,0.0,0.0,9268.03,6756.9,1.0
p[1610],0.86,0.01,0.84,0.88,0.0,0.0,9427.4,6391.13,1.0
p[1611],0.86,0.01,0.84,0.88,0.0,0.0,9425.99,6417.49,1.0
p[1612],0.82,0.02,0.78,0.86,0.0,0.0,10177.01,6705.19,1.0
p[1613],0.69,0.02,0.65,0.73,0.0,0.0,9741.98,6236.62,1.0
p[1614],0.93,0.01,0.91,0.96,0.0,0.0,10660.01,6621.07,1.0
p[1615],0.84,0.02,0.8,0.87,0.0,0.0,10383.72,6850.44,1.0
p[1616],0.84,0.02,0.8,0.87,0.0,0.0,10383.72,6850.44,1.0
p[1617],0.86,0.01,0.84,0.88,0.0,0.0,9422.68,6567.49,1.0
p[1618],0.83,0.01,0.81,0.85,0.0,0.0,9255.09,6723.01,1.0
p[1619],0.87,0.03,0.83,0.92,0.0,0.0,10909.35,5455.58,1.0
p[1620],0.87,0.01,0.85,0.9,0.0,0.0,9766.05,5792.53,1.0
p[1621],0.84,0.03,0.79,0.89,0.0,0.0,10368.47,6229.11,1.0
p[1622],0.86,0.01,0.84,0.88,0.0,0.0,9419.42,6560.81,1.0
p[1623],0.83,0.01,0.81,0.85,0.0,0.0,9246.91,6577.11,1.0
p[1624],0.86,0.01,0.84,0.88,0.0,0.0,9415.7,6674.8,1.0
p[1625],0.83,0.01,0.81,0.85,0.0,0.0,9242.13,6605.34,1.0
p[1626],0.86,0.01,0.84,0.88,0.0,0.0,9413.19,6638.81,1.0
p[1627],0.81,0.03,0.75,0.86,0.0,0.0,11628.08,6477.61,1.0
p[1628],0.86,0.01,0.84,0.88,0.0,0.0,9411.64,6757.13,1.0
p[1629],0.83,0.01,0.81,0.85,0.0,0.0,9230.63,6595.26,1.0
p[1630],0.9,0.01,0.88,0.92,0.0,0.0,9970.88,6663.98,1.0
p[1631],0.86,0.01,0.84,0.88,0.0,0.0,9410.25,6787.39,1.0
p[1632],0.87,0.01,0.85,0.9,0.0,0.0,9792.64,5707.65,1.0
p[1633],0.83,0.01,0.81,0.85,0.0,0.0,9225.79,6505.5,1.0
p[1634],0.9,0.01,0.88,0.92,0.0,0.0,9970.3,6693.08,1.0
p[1635],0.83,0.01,0.81,0.85,0.0,0.0,9217.14,6499.61,1.0
p[1636],0.86,0.01,0.84,0.88,0.0,0.0,9400.21,6836.98,1.0
p[1637],0.71,0.02,0.66,0.74,0.0,0.0,9735.42,6087.03,1.0
p[1638],0.87,0.01,0.85,0.88,0.0,0.0,9378.12,6898.56,1.0
p[1639],0.87,0.01,0.85,0.88,0.0,0.0,9377.91,6898.56,1.0
p[1640],0.88,0.02,0.83,0.93,0.0,0.0,10886.61,5422.0,1.0
p[1641],0.83,0.02,0.79,0.86,0.0,0.0,10177.47,6646.79,1.0
p[1642],0.87,0.01,0.85,0.88,0.0,0.0,9376.83,6899.85,1.0
p[1643],0.9,0.01,0.88,0.92,0.0,0.0,9980.52,6647.48,1.0
p[1644],0.87,0.01,0.85,0.88,0.0,0.0,9376.31,6899.85,1.0
p[1645],0.85,0.03,0.8,0.89,0.0,0.0,10362.97,6252.26,1.0
p[1646],0.87,0.01,0.85,0.88,0.0,0.0,9375.56,6900.39,1.0
p[1647],0.84,0.01,0.82,0.86,0.0,0.0,9179.13,6578.97,1.0
p[1648],0.71,0.02,0.67,0.75,0.0,0.0,9735.78,6087.61,1.0
p[1649],0.85,0.02,0.81,0.88,0.0,0.0,10373.34,6954.96,1.0
p[1650],0.87,0.01,0.85,0.88,0.0,0.0,9370.71,6837.99,1.0
p[1651],0.87,0.01,0.85,0.88,0.0,0.0,9370.71,6837.99,1.0
p[1652],0.84,0.01,0.82,0.86,0.0,0.0,9171.15,6522.2,1.0
p[1653],0.87,0.01,0.85,0.88,0.0,0.0,9366.59,6745.72,1.0
p[1654],0.82,0.02,0.79,0.86,0.0,0.0,9957.41,7284.85,1.0
p[1655],0.88,0.01,0.85,0.9,0.0,0.0,9861.46,5641.46,1.0
p[1656],0.84,0.01,0.82,0.86,0.0,0.0,9161.49,6357.58,1.0
p[1657],0.87,0.01,0.85,0.88,0.0,0.0,9358.77,6746.06,1.0
p[1658],0.94,0.01,0.91,0.96,0.0,0.0,10658.12,6828.11,1.0
p[1659],0.82,0.03,0.76,0.87,0.0,0.0,11619.0,6277.54,1.0
p[1660],0.71,0.02,0.67,0.75,0.0,0.0,9732.08,6243.79,1.0
p[1661],0.84,0.01,0.82,0.86,0.0,0.0,9158.8,6384.28,1.0
p[1662],0.88,0.01,0.85,0.9,0.0,0.0,9858.77,5599.75,1.0
p[1663],0.88,0.02,0.84,0.93,0.0,0.0,10870.2,5500.78,1.0
p[1664],0.71,0.02,0.67,0.75,0.0,0.0,9731.85,6243.51,1.0
p[1665],0.83,0.02,0.8,0.87,0.0,0.0,10181.61,6676.86,1.0
p[1666],0.84,0.01,0.82,0.86,0.0,0.0,9152.21,6357.91,1.0
p[1667],0.82,0.03,0.76,0.87,0.0,0.0,11618.35,6303.66,1.0
p[1668],0.87,0.01,0.85,0.89,0.0,0.0,9350.53,6835.36,1.0
p[1669],0.87,0.01,0.85,0.89,0.0,0.0,9349.99,6835.36,1.0
p[1670],0.85,0.03,0.8,0.9,0.0,0.0,10358.29,6201.96,1.0
p[1671],0.87,0.01,0.85,0.89,0.0,0.0,9347.9,6866.79,1.0
p[1672],0.71,0.02,0.68,0.75,0.0,0.0,9733.61,6191.5,1.0
p[1673],0.85,0.02,0.82,0.88,0.0,0.0,10375.29,6891.77,1.0
p[1674],0.87,0.01,0.85,0.89,0.0,0.0,9346.9,6867.63,1.0
p[1675],0.93,0.01,0.91,0.94,0.0,0.0,9719.93,7643.37,1.0
p[1676],0.84,0.01,0.82,0.86,0.0,0.0,9143.58,6331.67,1.0
p[1677],0.88,0.01,0.86,0.91,0.0,0.0,9908.34,5621.77,1.0
p[1678],0.85,0.02,0.82,0.88,0.0,0.0,10375.1,6892.24,1.0
p[1679],0.85,0.02,0.82,0.88,0.0,0.0,10375.1,6892.24,1.0
p[1680],0.87,0.01,0.86,0.89,0.0,0.0,9343.6,6906.03,1.0
p[1681],0.87,0.01,0.86,0.89,0.0,0.0,9342.59,6906.03,1.0
p[1682],0.84,0.01,0.82,0.86,0.0,0.0,9138.4,6303.51,1.0
p[1683],0.91,0.01,0.89,0.93,0.0,0.0,11701.58,6727.3,1.0
p[1684],0.91,0.01,0.89,0.93,0.0,0.0,10002.41,6548.97,1.0
p[1685],0.87,0.01,0.86,0.89,0.0,0.0,9337.77,6897.0,1.0
p[1686],0.72,0.02,0.68,0.76,0.0,0.0,9732.29,6115.93,1.0
p[1687],0.84,0.01,0.82,0.86,0.0,0.0,9131.61,6330.93,1.0
p[1688],0.94,0.01,0.92,0.96,0.0,0.0,10660.07,6890.6,1.0
p[1689],0.86,0.02,0.81,0.9,0.0,0.0,10351.81,6227.91,1.0
p[1690],0.87,0.01,0.86,0.89,0.0,0.0,9334.25,6865.13,1.0
p[1691],0.84,0.01,0.82,0.86,0.0,0.0,9128.5,6278.59,1.0
p[1692],0.82,0.03,0.77,0.88,0.0,0.0,11610.47,6329.62,1.0
p[1693],0.88,0.01,0.86,0.91,0.0,0.0,9909.35,5619.43,1.0
p[1694],0.85,0.01,0.83,0.86,0.0,0.0,9123.88,6357.22,1.0
p[1695],0.87,0.01,0.86,0.89,0.0,0.0,9329.68,6666.34,1.0
p[1696],0.87,0.01,0.86,0.89,0.0,0.0,9328.93,6834.09,1.0
p[1697],0.87,0.01,0.86,0.89,0.0,0.0,9328.01,6834.09,1.0
p[1698],0.72,0.02,0.68,0.76,0.0,0.0,9729.8,5972.64,1.0
p[1699],0.85,0.01,0.83,0.87,0.0,0.0,9120.09,6439.6,1.0
p[1700],0.83,0.02,0.8,0.86,0.0,0.0,9990.58,7175.93,1.0
p[1701],0.85,0.02,0.82,0.88,0.0,0.0,10371.54,6844.53,1.0
p[1702],0.89,0.02,0.85,0.93,0.0,0.0,10846.48,5589.46,1.0
p[1703],0.91,0.01,0.89,0.93,0.0,0.0,11691.12,6726.96,1.0
p[1704],0.87,0.01,0.86,0.89,0.0,0.0,9325.25,6712.23,1.0
p[1705],0.89,0.01,0.86,0.91,0.0,0.0,9917.9,5639.97,1.0
p[1706],0.88,0.01,0.86,0.89,0.0,0.0,9324.61,6570.0,1.0
p[1707],0.88,0.01,0.86,0.89,0.0,0.0,9324.95,6570.0,1.0
p[1708],0.93,0.01,0.92,0.94,0.0,0.0,9716.06,7612.31,1.0
p[1709],0.85,0.01,0.83,0.87,0.0,0.0,9113.18,6331.71,1.0
p[1710],0.89,0.01,0.86,0.91,0.0,0.0,9918.44,5619.99,1.0
p[1711],0.85,0.01,0.83,0.87,0.0,0.0,9110.8,6357.83,1.0
p[1712],0.88,0.01,0.86,0.89,0.0,0.0,9324.57,6695.39,1.0
p[1713],0.88,0.01,0.86,0.89,0.0,0.0,9324.25,6637.6,1.0
p[1714],0.85,0.01,0.83,0.87,0.0,0.0,9105.62,6304.49,1.0
p[1715],0.94,0.01,0.92,0.96,0.0,0.0,10651.08,6798.2,1.0
p[1716],0.73,0.02,0.69,0.76,0.0,0.0,9734.82,6139.88,1.0
p[1717],0.91,0.01,0.89,0.93,0.0,0.0,10021.9,6638.75,1.0
p[1718],0.88,0.01,0.86,0.89,0.0,0.0,9321.7,6609.09,1.0
p[1719],0.89,0.01,0.86,0.91,0.0,0.0,9919.85,5641.6,1.0
p[1720],0.85,0.01,0.83,0.87,0.0,0.0,9099.4,6305.21,1.0
p[1721],0.89,0.02,0.85,0.93,0.0,0.0,10840.45,5505.87,1.0
p[1722],0.86,0.02,0.83,0.89,0.0,0.0,10366.89,6942.39,1.0
p[1723],0.86,0.02,0.83,0.89,0.0,0.0,10366.89,6942.39,1.0
p[1724],0.83,0.03,0.78,0.88,0.0,0.0,11603.17,6520.25,1.0
p[1725],0.86,0.02,0.81,0.9,0.0,0.0,10354.23,6229.6,1.0
p[1726],0.85,0.01,0.83,0.87,0.0,0.0,9094.61,6306.13,1.0
p[1727],0.88,0.01,0.86,0.89,0.0,0.0,9319.74,6606.53,1.0
p[1728],0.91,0.01,0.89,0.94,0.0,0.0,11681.49,6609.71,1.0
p[1729],0.88,0.01,0.86,0.89,0.0,0.0,9318.31,6578.6,1.0
p[1730],0.88,0.01,0.86,0.89,0.0,0.0,9317.47,6607.58,1.0
p[1731],0.88,0.01,0.86,0.89,0.0,0.0,9317.32,6607.58,1.0
p[1732],0.93,0.01,0.92,0.94,0.0,0.0,9720.34,7651.23,1.0
p[1733],0.91,0.01,0.88,0.93,0.0,0.0,11675.23,6659.35,1.0
p[1734],0.88,0.01,0.86,0.89,0.0,0.0,9315.57,6606.59,1.0
p[1735],0.85,0.01,0.83,0.87,0.0,0.0,9088.58,6334.3,1.0
p[1736],0.94,0.01,0.92,0.97,0.0,0.0,11537.38,6114.96,1.0
p[1737],0.93,0.01,0.92,0.95,0.0,0.0,9719.9,7651.23,1.0
p[1738],0.73,0.02,0.7,0.77,0.0,0.0,9739.03,6149.52,1.0
p[1739],0.88,0.01,0.86,0.89,0.0,0.0,9312.88,6607.24,1.0
p[1740],0.91,0.01,0.89,0.93,0.0,0.0,10042.51,6594.92,1.0
p[1741],0.85,0.01,0.83,0.87,0.0,0.0,9084.46,6254.91,1.0
p[1742],0.89,0.01,0.87,0.91,0.0,0.0,9926.51,5598.07,1.0
p[1743],0.88,0.01,0.86,0.89,0.0,0.0,9311.92,6606.08,1.0
p[1744],0.85,0.01,0.83,0.87,0.0,0.0,9081.67,6178.7,1.0
p[1745],0.85,0.02,0.81,0.88,0.0,0.0,10187.07,6796.41,1.0
p[1746],0.73,0.02,0.7,0.77,0.0,0.0,9739.95,6224.88,1.0
p[1747],0.89,0.02,0.85,0.93,0.0,0.0,10983.82,5531.01,1.0
p[1748],0.86,0.02,0.83,0.89,0.0,0.0,10362.76,7050.83,1.0
p[1749],0.88,0.01,0.87,0.9,0.0,0.0,9309.25,6661.15,1.0
p[1750],0.85,0.01,0.84,0.87,0.0,0.0,9079.08,6204.13,1.0
p[1751],0.86,0.02,0.83,0.89,0.0,0.0,10362.28,7050.83,1.0
p[1752],0.89,0.01,0.87,0.91,0.0,0.0,9935.08,5596.54,1.0
p[1753],0.87,0.02,0.82,0.91,0.0,0.0,10347.78,6307.1,1.0
p[1754],0.86,0.01,0.84,0.87,0.0,0.0,9076.18,6229.83,1.0
p[1755],0.84,0.03,0.78,0.88,0.0,0.0,11590.38,6399.29,1.0
p[1756],0.88,0.01,0.87,0.9,0.0,0.0,9305.37,6664.0,1.0
p[1757],0.93,0.01,0.92,0.95,0.0,0.0,9721.56,7397.28,1.0
p[1758],0.88,0.01,0.87,0.9,0.0,0.0,9305.88,6620.25,1.0
p[1759],0.86,0.01,0.84,0.87,0.0,0.0,9071.98,6229.64,1.0
p[1760],0.88,0.01,0.87,0.9,0.0,0.0,9304.88,6620.25,1.0
p[1761],0.88,0.01,0.87,0.9,0.0,0.0,9305.11,6661.57,1.0
p[1762],0.84,0.02,0.81,0.87,0.0,0.0,10032.32,7203.41,1.0
p[1763],0.86,0.01,0.84,0.87,0.0,0.0,9068.84,6255.58,1.0
p[1764],0.89,0.01,0.87,0.92,0.0,0.0,9950.24,5538.03,1.0
p[1765],0.74,0.02,0.7,0.78,0.0,0.0,9743.72,6051.48,1.0
p[1766],0.88,0.01,0.87,0.9,0.0,0.0,9305.69,6453.65,1.0
p[1767],0.86,0.01,0.84,0.88,0.0,0.0,9066.38,6205.49,1.0
p[1768],0.9,0.02,0.86,0.94,0.0,0.0,10922.33,5526.6,1.0
p[1769],0.86,0.01,0.84,0.88,0.0,0.0,9065.29,6256.66,1.0
p[1770],0.88,0.01,0.87,0.9,0.0,0.0,9306.67,6510.09,1.0
p[1771],0.92,0.01,0.9,0.94,0.0,0.0,11642.39,6530.31,1.0
p[1772],0.95,0.01,0.92,0.97,0.0,0.0,10637.86,6707.76,1.0
p[1773],0.88,0.01,0.87,0.9,0.0,0.0,9307.52,6539.38,1.0
p[1774],0.88,0.01,0.87,0.9,0.0,0.0,9307.77,6539.55,1.0
p[1775],0.85,0.02,0.82,0.88,0.0,0.0,10186.77,6697.65,1.0
p[1776],0.89,0.01,0.87,0.9,0.0,0.0,9306.88,6401.47,1.0
p[1777],0.89,0.01,0.87,0.9,0.0,0.0,9306.55,6400.38,1.0
p[1778],0.9,0.01,0.87,0.92,0.0,0.0,9961.52,5592.28,1.0
p[1779],0.74,0.02,0.71,0.78,0.0,0.0,9747.77,6074.82,1.0
p[1780],0.89,0.01,0.87,0.9,0.0,0.0,9308.61,6492.46,1.0
p[1781],0.86,0.01,0.84,0.88,0.0,0.0,9062.94,6204.36,1.0
p[1782],0.89,0.01,0.87,0.9,0.0,0.0,9309.24,6383.56,1.0
p[1783],0.92,0.01,0.9,0.93,0.0,0.0,10082.92,6697.25,1.0
p[1784],0.86,0.01,0.84,0.88,0.0,0.0,9062.3,6204.36,1.0
p[1785],0.89,0.01,0.87,0.9,0.0,0.0,9310.23,6295.43,1.0
p[1786],0.89,0.01,0.87,0.9,0.0,0.0,9311.54,6268.59,1.0
p[1787],0.87,0.02,0.83,0.91,0.0,0.0,10353.48,6216.16,1.0
p[1788],0.86,0.01,0.85,0.88,0.0,0.0,9061.52,6264.55,1.0
p[1789],0.89,0.01,0.87,0.9,0.0,0.0,9312.07,6194.04,1.0
p[1790],0.9,0.01,0.88,0.92,0.0,0.0,9975.38,5633.94,1.0
p[1791],0.9,0.02,0.86,0.94,0.0,0.0,10830.23,5626.85,1.0
p[1792],0.86,0.02,0.83,0.89,0.0,0.0,10177.48,6668.85,1.0
p[1793],0.86,0.01,0.85,0.88,0.0,0.0,9061.11,6240.1,1.0
p[1794],0.89,0.01,0.87,0.9,0.0,0.0,9314.24,6376.31,1.0
p[1795],0.86,0.01,0.85,0.88,0.0,0.0,9060.85,6214.0,1.0
p[1796],0.85,0.03,0.8,0.89,0.0,0.0,11571.64,6266.25,1.0
p[1797],0.9,0.01,0.88,0.92,0.0,0.0,9986.05,5675.06,1.0
p[1798],0.75,0.02,0.72,0.79,0.0,0.0,9748.34,6173.26,1.0
p[1799],0.75,0.02,0.72,0.79,0.0,0.0,9748.34,6173.26,1.0
p[1800],0.87,0.01,0.85,0.88,0.0,0.0,9061.5,6265.53,1.0
p[1801],0.87,0.01,0.85,0.9,0.0,0.0,10323.47,6517.69,1.0
p[1802],0.89,0.01,0.88,0.9,0.0,0.0,9320.95,6403.25,1.0
p[1803],0.94,0.01,0.93,0.95,0.0,0.0,9737.15,7082.24,1.0
p[1804],0.89,0.01,0.88,0.9,0.0,0.0,9320.95,6403.25,1.0
p[1805],0.89,0.01,0.88,0.9,0.0,0.0,9320.51,6403.25,1.0
p[1806],0.88,0.02,0.83,0.91,0.0,0.0,10351.55,6225.29,1.0
p[1807],0.87,0.01,0.85,0.88,0.0,0.0,9061.97,6246.04,1.0
p[1808],0.89,0.01,0.88,0.9,0.0,0.0,9320.89,6376.39,1.0
p[1809],0.89,0.01,0.88,0.9,0.0,0.0,9320.43,6376.39,1.0
p[1810],0.92,0.01,0.9,0.94,0.0,0.0,10088.36,6653.64,1.0
p[1811],0.85,0.02,0.8,0.89,0.0,0.0,11566.96,6265.85,1.0
p[1812],0.87,0.01,0.85,0.88,0.0,0.0,9061.92,6219.58,1.0
p[1813],0.94,0.01,0.93,0.95,0.0,0.0,9740.56,6955.2,1.0
p[1814],0.85,0.01,0.83,0.88,0.0,0.0,10070.58,7150.11,1.0
p[1815],0.87,0.01,0.85,0.88,0.0,0.0,9063.5,6143.14,1.0
p[1816],0.89,0.01,0.88,0.91,0.0,0.0,9323.31,6376.72,1.0
p[1817],0.89,0.01,0.88,0.91,0.0,0.0,9324.46,6420.89,1.0
p[1818],0.76,0.02,0.72,0.79,0.0,0.0,9752.04,6138.93,1.0
p[1819],0.92,0.01,0.9,0.94,0.0,0.0,11602.03,6616.1,1.0
p[1820],0.89,0.01,0.88,0.91,0.0,0.0,9327.39,6503.8,1.0
p[1821],0.95,0.01,0.93,0.97,0.0,0.0,10632.55,6709.09,1.0
p[1822],0.76,0.02,0.72,0.79,0.0,0.0,9752.68,6162.93,1.0
p[1823],0.9,0.01,0.88,0.92,0.0,0.0,10013.48,5741.36,1.0
p[1824],0.86,0.02,0.83,0.89,0.0,0.0,10176.62,6537.01,1.0
p[1825],0.95,0.01,0.92,0.97,0.0,0.0,11527.08,6315.43,1.0
p[1826],0.9,0.01,0.88,0.92,0.0,0.0,10017.84,5763.9,1.0
p[1827],0.87,0.01,0.85,0.89,0.0,0.0,9066.35,6343.11,1.0
p[1828],0.89,0.01,0.88,0.91,0.0,0.0,9332.49,6501.34,1.0
p[1829],0.87,0.01,0.85,0.89,0.0,0.0,9066.73,6342.8,1.0
p[1830],0.91,0.02,0.87,0.94,0.0,0.0,10737.41,5819.87,1.0
p[1831],0.88,0.02,0.84,0.92,0.0,0.0,10347.43,6276.27,1.0
p[1832],0.89,0.01,0.88,0.91,0.0,0.0,9336.87,6414.62,1.0
p[1833],0.89,0.01,0.88,0.91,0.0,0.0,9338.42,6445.87,1.0
p[1834],0.89,0.01,0.88,0.91,0.0,0.0,9338.43,6445.87,1.0
p[1835],0.88,0.01,0.85,0.9,0.0,0.0,10275.86,6553.89,1.0
p[1836],0.93,0.01,0.9,0.94,0.0,0.0,11590.29,6588.08,1.0
p[1837],0.89,0.01,0.88,0.91,0.0,0.0,9341.71,6471.87,1.0
p[1838],0.89,0.01,0.88,0.91,0.0,0.0,9342.65,6471.87,1.0
p[1839],0.87,0.01,0.85,0.89,0.0,0.0,9070.46,6397.23,1.0
p[1840],0.9,0.01,0.88,0.93,0.0,0.0,10026.84,5853.03,1.0
p[1841],0.94,0.01,0.93,0.95,0.0,0.0,9750.82,7309.29,1.0
p[1842],0.76,0.02,0.73,0.8,0.0,0.0,9754.7,6213.95,1.0
p[1843],0.87,0.01,0.85,0.89,0.0,0.0,9070.68,6397.78,1.0
p[1844],0.9,0.01,0.88,0.91,0.0,0.0,9345.6,6557.94,1.0
p[1845],0.88,0.01,0.85,0.9,0.0,0.0,10265.99,6430.49,1.0
p[1846],0.87,0.01,0.86,0.89,0.0,0.0,9072.76,6370.16,1.0
p[1847],0.9,0.01,0.88,0.91,0.0,0.0,9349.99,6585.97,1.0
p[1848],0.76,0.02,0.73,0.8,0.0,0.0,9756.87,6212.12,1.0
p[1849],0.85,0.02,0.81,0.9,0.0,0.0,11643.71,6432.8,1.0
p[1850],0.85,0.02,0.81,0.9,0.0,0.0,11640.49,6432.8,1.0
p[1851],0.87,0.01,0.86,0.89,0.0,0.0,9069.37,6370.03,1.0
p[1852],0.88,0.02,0.84,0.92,0.0,0.0,10343.26,6341.09,1.0
p[1853],0.94,0.01,0.93,0.95,0.0,0.0,9757.54,6780.77,1.0
p[1854],0.87,0.02,0.84,0.9,0.0,0.0,10171.87,6656.3,1.0
p[1855],0.9,0.01,0.88,0.91,0.0,0.0,9358.49,6645.65,1.0
p[1856],0.86,0.01,0.83,0.89,0.0,0.0,10097.6,7487.04,1.0
p[1857],0.87,0.01,0.86,0.89,0.0,0.0,9068.0,6370.03,1.0
p[1858],0.93,0.01,0.91,0.94,0.0,0.0,10120.34,6643.7,1.0
p[1859],0.91,0.01,0.89,0.93,0.0,0.0,10022.09,5943.89,1.0
p[1860],0.93,0.01,0.91,0.94,0.0,0.0,10120.07,6643.7,1.0
p[1861],0.87,0.01,0.86,0.89,0.0,0.0,9065.73,6369.87,1.0
p[1862],0.9,0.01,0.88,0.91,0.0,0.0,9364.97,6615.21,1.0
p[1863],0.9,0.01,0.88,0.91,0.0,0.0,9365.76,6615.21,1.0
p[1864],0.9,0.01,0.88,0.91,0.0,0.0,9366.39,6615.21,1.0
p[1865],0.91,0.02,0.87,0.94,0.0,0.0,10627.33,5773.92,1.0
p[1866],0.9,0.01,0.88,0.91,0.0,0.0,9368.11,6615.21,1.0
p[1867],0.77,0.02,0.73,0.8,0.0,0.0,9761.97,6184.58,1.0
p[1868],0.9,0.01,0.89,0.91,0.0,0.0,9371.92,6761.69,1.0
p[1869],0.9,0.01,0.89,0.91,0.0,0.0,9372.58,6761.86,1.0
p[1870],0.9,0.01,0.89,0.91,0.0,0.0,9374.0,6761.86,1.0
p[1871],0.88,0.01,0.86,0.89,0.0,0.0,9066.89,6345.36,1.0
p[1872],0.93,0.01,0.91,0.95,0.0,0.0,11558.36,6793.95,1.0
p[1873],0.88,0.01,0.86,0.89,0.0,0.0,9066.48,6345.36,1.0
p[1874],0.88,0.01,0.86,0.89,0.0,0.0,9067.23,6345.55,1.0
p[1875],0.91,0.02,0.87,0.94,0.0,0.0,10598.2,5772.7,1.0
p[1876],0.91,0.01,0.89,0.93,0.0,0.0,10019.32,5983.42,1.0
p[1877],0.9,0.01,0.89,0.91,0.0,0.0,9380.85,6642.99,1.0
p[1878],0.9,0.01,0.89,0.91,0.0,0.0,9382.21,6614.69,1.0
p[1879],0.77,0.02,0.74,0.8,0.0,0.0,9765.12,6233.45,1.0
p[1880],0.9,0.01,0.89,0.91,0.0,0.0,9385.61,6671.8,1.0
p[1881],0.86,0.02,0.82,0.9,0.0,0.0,11568.79,6453.96,1.0
p[1882],0.9,0.01,0.89,0.91,0.0,0.0,9387.41,6672.37,1.0
p[1883],0.89,0.02,0.85,0.92,0.0,0.0,10338.95,6268.48,1.0
p[1884],0.9,0.01,0.89,0.91,0.0,0.0,9393.43,6760.69,1.0
p[1885],0.77,0.02,0.74,0.81,0.0,0.0,9770.18,6234.13,1.0
p[1886],0.88,0.01,0.86,0.89,0.0,0.0,9070.57,6241.16,1.0
p[1887],0.9,0.01,0.89,0.91,0.0,0.0,9394.93,6791.18,1.0
p[1888],0.88,0.01,0.86,0.9,0.0,0.0,9071.1,6293.46,1.0
p[1889],0.9,0.01,0.89,0.91,0.0,0.0,9399.71,6790.6,1.0
p[1890],0.9,0.01,0.89,0.91,0.0,0.0,9400.27,6790.6,1.0
p[1891],0.9,0.01,0.89,0.91,0.0,0.0,9401.85,6792.13,1.0
p[1892],0.95,0.01,0.93,0.96,0.0,0.0,9775.32,6666.09,1.0
p[1893],0.91,0.01,0.89,0.93,0.0,0.0,10005.51,6102.99,1.0
p[1894],0.91,0.01,0.89,0.93,0.0,0.0,10001.82,6102.99,1.0
p[1895],0.88,0.01,0.86,0.9,0.0,0.0,9076.74,6215.79,1.0
p[1896],0.96,0.01,0.94,0.97,0.0,0.0,10587.68,6714.65,1.0
p[1897],0.9,0.01,0.89,0.92,0.0,0.0,9406.57,6914.38,1.0
p[1898],0.88,0.01,0.86,0.9,0.0,0.0,9077.88,6190.94,1.0
p[1899],0.9,0.01,0.89,0.92,0.0,0.0,9408.93,6883.74,1.0
p[1900],0.91,0.02,0.88,0.95,0.0,0.0,10505.27,5697.4,1.0
p[1901],0.78,0.02,0.74,0.81,0.0,0.0,9779.43,6192.52,1.0
p[1902],0.93,0.01,0.91,0.95,0.0,0.0,11524.95,6924.73,1.0
p[1903],0.89,0.02,0.85,0.93,0.0,0.0,10335.83,6280.19,1.0
p[1904],0.93,0.01,0.92,0.95,0.0,0.0,10128.25,6330.87,1.0
p[1905],0.9,0.01,0.89,0.92,0.0,0.0,9416.22,7040.97,1.0
p[1906],0.93,0.01,0.92,0.95,0.0,0.0,10128.08,6330.87,1.0
p[1907],0.93,0.01,0.91,0.95,0.0,0.0,11621.54,6241.76,1.0
p[1908],0.9,0.01,0.89,0.92,0.0,0.0,9420.43,7072.83,1.0
p[1909],0.88,0.01,0.87,0.9,0.0,0.0,9079.82,6215.55,1.0
p[1910],0.93,0.01,0.91,0.95,0.0,0.0,11621.54,6241.76,1.0
p[1911],0.9,0.01,0.89,0.92,0.0,0.0,9422.67,7106.09,1.0
p[1912],0.88,0.01,0.87,0.9,0.0,0.0,9079.8,6266.49,1.0
p[1913],0.91,0.01,0.89,0.93,0.0,0.0,9992.22,6197.01,1.0
p[1914],0.9,0.01,0.89,0.92,0.0,0.0,9427.11,7172.42,1.0
p[1915],0.91,0.01,0.89,0.92,0.0,0.0,9428.58,7041.67,1.0
p[1916],0.87,0.02,0.82,0.91,0.0,0.0,11482.37,6651.74,1.0
p[1917],0.91,0.01,0.89,0.92,0.0,0.0,9430.85,7209.02,1.0
p[1918],0.91,0.01,0.89,0.92,0.0,0.0,9435.12,7313.67,1.0
p[1919],0.88,0.01,0.87,0.9,0.0,0.0,9085.77,6319.33,1.0
p[1920],0.91,0.01,0.89,0.92,0.0,0.0,9437.34,7313.74,1.0
p[1921],0.89,0.01,0.87,0.91,0.0,0.0,10166.61,6605.63,1.0
p[1922],0.91,0.01,0.89,0.92,0.0,0.0,9441.32,7359.99,1.0
p[1923],0.88,0.01,0.87,0.9,0.0,0.0,9089.83,6320.17,1.0
p[1924],0.93,0.01,0.91,0.95,0.0,0.0,11614.29,6267.01,1.0
p[1925],0.88,0.01,0.85,0.91,0.0,0.0,10169.25,6660.84,1.0
p[1926],0.89,0.01,0.87,0.9,0.0,0.0,9093.24,6343.92,1.0
p[1927],0.95,0.01,0.94,0.97,0.0,0.0,11227.63,6286.56,1.0
p[1928],0.93,0.01,0.92,0.95,0.0,0.0,11501.16,6805.84,1.0
p[1929],0.89,0.01,0.87,0.9,0.0,0.0,9094.55,6369.54,1.0
p[1930],0.95,0.01,0.94,0.96,0.0,0.0,9800.74,7119.76,1.0
p[1931],0.91,0.01,0.9,0.92,0.0,0.0,9453.58,7289.37,1.0
p[1932],0.79,0.02,0.75,0.82,0.0,0.0,9804.32,6258.93,1.0
p[1933],0.89,0.01,0.87,0.9,0.0,0.0,9096.12,6396.78,1.0
p[1934],0.89,0.01,0.87,0.9,0.0,0.0,9095.94,6396.21,1.0
p[1935],0.88,0.01,0.85,0.91,0.0,0.0,10170.43,6631.95,1.0
p[1936],0.91,0.01,0.9,0.92,0.0,0.0,9459.37,7325.11,1.0
p[1937],0.91,0.01,0.9,0.92,0.0,0.0,9460.27,7325.11,1.0
p[1938],0.96,0.01,0.94,0.97,0.0,0.0,10572.78,6836.39,1.0
p[1939],0.91,0.01,0.9,0.92,0.0,0.0,9461.97,7325.11,1.0
p[1940],0.92,0.01,0.9,0.93,0.0,0.0,9994.82,6258.75,1.0
p[1941],0.87,0.02,0.83,0.91,0.0,0.0,11420.71,6693.02,1.0
p[1942],0.91,0.01,0.9,0.92,0.0,0.0,9468.65,7219.18,1.0
p[1943],0.92,0.01,0.9,0.94,0.0,0.0,9994.14,6258.75,1.0
p[1944],0.9,0.02,0.86,0.93,0.0,0.0,10329.88,6488.36,1.0
p[1945],0.91,0.01,0.9,0.92,0.0,0.0,9470.03,7219.18,1.0
p[1946],0.91,0.01,0.9,0.92,0.0,0.0,9470.03,7219.18,1.0
p[1947],0.89,0.01,0.87,0.9,0.0,0.0,9103.29,6290.94,1.0
p[1948],0.79,0.02,0.76,0.82,0.0,0.0,9813.85,6192.46,1.0
p[1949],0.89,0.01,0.87,0.9,0.0,0.0,9104.02,6316.83,1.0
p[1950],0.91,0.01,0.9,0.92,0.0,0.0,9479.0,7220.01,1.0
p[1951],0.92,0.01,0.9,0.94,0.0,0.0,9991.97,6207.54,1.0
p[1952],0.79,0.02,0.76,0.82,0.0,0.0,9814.61,6191.65,1.0
p[1953],0.88,0.01,0.86,0.91,0.0,0.0,10169.89,6632.04,1.0
p[1954],0.9,0.01,0.87,0.92,0.0,0.0,10149.67,6217.56,1.0
p[1955],0.9,0.02,0.86,0.93,0.0,0.0,10325.06,6572.83,1.0
p[1956],0.92,0.01,0.9,0.94,0.0,0.0,9991.57,6230.97,1.0
p[1957],0.91,0.01,0.9,0.92,0.0,0.0,9489.1,7220.62,1.0
p[1958],0.94,0.01,0.92,0.95,0.0,0.0,11472.63,6706.51,1.0
p[1959],0.91,0.01,0.9,0.92,0.0,0.0,9490.35,7254.62,1.0
p[1960],0.93,0.01,0.91,0.95,0.0,0.0,11597.51,6371.4,1.0
p[1961],0.93,0.01,0.91,0.95,0.0,0.0,11597.51,6371.4,1.0
p[1962],0.91,0.01,0.9,0.92,0.0,0.0,9492.02,7253.92,1.0
p[1963],0.89,0.01,0.87,0.91,0.0,0.0,9112.88,6423.91,1.0
p[1964],0.95,0.01,0.94,0.96,0.0,0.0,9822.85,7619.95,1.0
p[1965],0.91,0.01,0.9,0.92,0.0,0.0,9494.44,7254.34,1.0
p[1966],0.92,0.02,0.89,0.95,0.0,0.0,10289.26,5763.12,1.0
p[1967],0.91,0.01,0.9,0.92,0.0,0.0,9495.85,7255.36,1.0
p[1968],0.94,0.01,0.92,0.95,0.0,0.0,10120.66,6258.79,1.0
p[1969],0.91,0.01,0.9,0.92,0.0,0.0,9495.96,7255.36,1.0
p[1970],0.88,0.02,0.84,0.92,0.0,0.0,11366.64,6566.94,1.0
p[1971],0.89,0.01,0.88,0.91,0.0,0.0,9117.04,6343.62,1.0
p[1972],0.91,0.01,0.9,0.92,0.0,0.0,9500.29,7255.36,1.0
p[1973],0.95,0.01,0.94,0.96,0.0,0.0,9828.42,7621.57,1.0
p[1974],0.93,0.01,0.92,0.95,0.0,0.0,11590.75,6372.42,1.0
p[1975],0.92,0.01,0.9,0.94,0.0,0.0,9985.16,6389.94,1.0
p[1976],0.89,0.01,0.88,0.91,0.0,0.0,9120.95,6337.06,1.0
p[1977],0.9,0.01,0.88,0.92,0.0,0.0,10152.83,6447.48,1.0
p[1978],0.94,0.01,0.92,0.96,0.0,0.0,11456.14,6767.03,1.0
p[1979],0.8,0.02,0.76,0.83,0.0,0.0,9833.51,6442.29,1.0
p[1980],0.94,0.01,0.92,0.95,0.0,0.0,10118.01,6390.26,1.0
p[1981],0.91,0.01,0.9,0.92,0.0,0.0,9518.24,7327.56,1.0
p[1982],0.91,0.01,0.9,0.92,0.0,0.0,9520.73,7398.85,1.0
p[1983],0.95,0.01,0.94,0.96,0.0,0.0,9835.4,7579.34,1.0
p[1984],0.8,0.02,0.77,0.83,0.0,0.0,9839.83,6443.45,1.0
p[1985],0.89,0.01,0.88,0.91,0.0,0.0,9129.82,6362.55,1.0
p[1986],0.95,0.01,0.94,0.96,0.0,0.0,9838.8,7579.34,1.0
p[1987],0.9,0.02,0.86,0.93,0.0,0.0,10323.0,6628.47,1.0
p[1988],0.91,0.01,0.9,0.93,0.0,0.0,9526.05,7398.85,1.0
p[1989],0.95,0.01,0.94,0.96,0.0,0.0,9839.96,7579.34,1.0
p[1990],0.92,0.02,0.89,0.95,0.0,0.0,10220.39,5848.16,1.0
p[1991],0.89,0.01,0.88,0.91,0.0,0.0,9132.63,6415.31,1.0
p[1992],0.91,0.01,0.9,0.93,0.0,0.0,9531.65,7362.35,1.0
p[1993],0.8,0.02,0.77,0.83,0.0,0.0,9845.32,6421.94,1.0
p[1994],0.91,0.01,0.9,0.93,0.0,0.0,9534.38,7362.04,1.0
p[1995],0.91,0.01,0.9,0.93,0.0,0.0,9534.59,7369.15,1.0
p[1996],0.94,0.01,0.92,0.95,0.0,0.0,11582.6,6427.64,1.0
p[1997],0.94,0.01,0.92,0.95,0.0,0.0,11582.6,6427.64,1.0
p[1998],0.94,0.01,0.92,0.96,0.0,0.0,11437.61,6737.72,1.0
p[1999],0.89,0.01,0.86,0.92,0.0,0.0,10169.27,6604.18,1.0
p[2000],0.92,0.01,0.9,0.93,0.0,0.0,9539.3,7351.58,1.0
p[2001],0.9,0.01,0.88,0.91,0.0,0.0,9138.57,6496.36,1.0
p[2002],0.92,0.01,0.91,0.94,0.0,0.0,9975.99,6435.52,1.0
p[2003],0.9,0.01,0.88,0.91,0.0,0.0,9139.53,6496.36,1.0
p[2004],0.92,0.01,0.9,0.93,0.0,0.0,9543.65,7364.1,1.0
p[2005],0.95,0.01,0.94,0.96,0.0,0.0,9850.93,7436.46,1.0
p[2006],0.9,0.01,0.88,0.91,0.0,0.0,9142.43,6524.9,1.0
p[2007],0.92,0.01,0.9,0.93,0.0,0.0,9548.36,7364.1,1.0
p[2008],0.89,0.01,0.87,0.92,0.0,0.0,10167.24,6547.69,1.0
p[2009],0.95,0.01,0.94,0.96,0.0,0.0,9854.51,7470.66,1.0
p[2010],0.92,0.01,0.9,0.93,0.0,0.0,9555.92,7400.22,1.0
p[2011],0.88,0.02,0.84,0.92,0.0,0.0,11367.5,6459.32,1.0
p[2012],0.9,0.01,0.88,0.91,0.0,0.0,9150.93,6610.26,1.0
p[2013],0.92,0.01,0.9,0.93,0.0,0.0,9562.53,7364.96,1.0
p[2014],0.9,0.01,0.88,0.91,0.0,0.0,9157.25,6609.15,1.0
p[2015],0.95,0.01,0.95,0.96,0.0,0.0,9859.42,7545.48,1.0
p[2016],0.95,0.01,0.94,0.96,0.0,0.0,9859.26,7545.48,1.0
p[2017],0.94,0.01,0.92,0.95,0.0,0.0,11566.64,6322.14,1.0
p[2018],0.92,0.01,0.91,0.93,0.0,0.0,9566.33,7293.63,1.0
p[2019],0.94,0.01,0.93,0.95,0.0,0.0,10113.74,6389.55,1.0
p[2020],0.92,0.01,0.91,0.93,0.0,0.0,9568.56,7293.67,1.0
p[2021],0.92,0.01,0.91,0.93,0.0,0.0,9570.01,7294.13,1.0
p[2022],0.92,0.01,0.91,0.93,0.0,0.0,9571.67,7259.62,1.0
p[2023],0.91,0.02,0.87,0.94,0.0,0.0,10313.79,6590.74,1.0
p[2024],0.92,0.01,0.91,0.93,0.0,0.0,9579.99,7258.91,1.0
p[2025],0.96,0.01,0.95,0.96,0.0,0.0,9867.4,7616.47,1.0
p[2026],0.92,0.01,0.91,0.93,0.0,0.0,9583.09,7258.91,1.0
p[2027],0.9,0.01,0.89,0.92,0.0,0.0,9180.92,6635.63,1.0
p[2028],0.9,0.01,0.87,0.92,0.0,0.0,10157.33,6721.09,1.0
p[2029],0.92,0.01,0.91,0.93,0.0,0.0,9596.14,7146.58,1.0
p[2030],0.92,0.01,0.91,0.93,0.0,0.0,9603.08,7144.81,1.0
p[2031],0.92,0.01,0.91,0.93,0.0,0.0,9605.95,7213.34,1.0
p[2032],0.9,0.01,0.89,0.92,0.0,0.0,9197.19,6964.96,1.0
p[2033],0.81,0.02,0.78,0.84,0.0,0.0,9913.13,6587.93,1.0
p[2034],0.92,0.01,0.91,0.93,0.0,0.0,9617.22,7197.48,1.0
p[2035],0.92,0.01,0.91,0.93,0.0,0.0,9621.71,7196.95,1.0
p[2036],0.9,0.01,0.89,0.92,0.0,0.0,9206.38,6901.73,1.0
p[2037],0.91,0.01,0.88,0.93,0.0,0.0,9731.9,7456.01,1.0
p[2038],0.83,0.01,0.81,0.86,0.0,0.0,9709.0,6403.62,1.0
p[2039],0.84,0.01,0.81,0.86,0.0,0.0,9707.53,6403.62,1.0
p[2040],0.84,0.01,0.81,0.86,0.0,0.0,9707.35,6404.08,1.0
p[2041],0.8,0.01,0.77,0.83,0.0,0.0,9669.15,6586.75,1.0
p[2042],0.84,0.01,0.81,0.86,0.0,0.0,9705.71,6404.08,1.0
p[2043],0.91,0.01,0.89,0.93,0.0,0.0,9730.09,7420.11,1.0
p[2044],0.84,0.01,0.81,0.86,0.0,0.0,9702.58,6404.29,1.0
p[2045],0.66,0.03,0.61,0.71,0.0,0.0,9599.13,6944.71,1.0
p[2046],0.8,0.01,0.78,0.83,0.0,0.0,9639.56,6585.08,1.0
p[2047],0.81,0.02,0.77,0.85,0.0,0.0,10254.66,6572.49,1.0
p[2048],0.84,0.01,0.82,0.86,0.0,0.0,9689.75,6323.58,1.0
p[2049],0.84,0.01,0.82,0.86,0.0,0.0,9675.48,6323.5,1.0
p[2050],0.81,0.01,0.78,0.83,0.0,0.0,9602.43,6748.54,1.0
p[2051],0.91,0.01,0.89,0.93,0.0,0.0,9705.39,7348.2,1.0
p[2052],0.81,0.01,0.79,0.84,0.0,0.0,9536.92,6735.24,1.0
p[2053],0.85,0.01,0.82,0.87,0.0,0.0,9646.41,6321.24,1.0
p[2054],0.82,0.01,0.79,0.84,0.0,0.0,9474.09,6747.18,1.0
p[2055],0.85,0.01,0.83,0.87,0.0,0.0,9577.24,6266.65,1.0
p[2056],0.9,0.01,0.87,0.92,0.0,0.0,12063.3,6922.15,1.0
p[2057],0.86,0.01,0.84,0.88,0.0,0.0,9540.71,6164.68,1.0
p[2058],0.86,0.01,0.84,0.88,0.0,0.0,9526.61,6453.54,1.0
p[2059],0.83,0.01,0.81,0.85,0.0,0.0,9353.26,6456.1,1.0
p[2060],0.86,0.01,0.84,0.88,0.0,0.0,9511.73,6506.12,1.0
p[2061],0.86,0.01,0.84,0.88,0.0,0.0,9512.3,6506.34,1.0
p[2062],0.86,0.01,0.84,0.88,0.0,0.0,9511.14,6506.34,1.0
p[2063],0.9,0.01,0.87,0.93,0.0,0.0,12060.85,6859.0,1.0
p[2064],0.83,0.01,0.81,0.85,0.0,0.0,9320.45,6654.35,1.0
p[2065],0.83,0.01,0.81,0.85,0.0,0.0,9314.96,6683.49,1.0
p[2066],0.84,0.02,0.81,0.87,0.0,0.0,10177.52,6683.8,1.0
p[2067],0.88,0.03,0.83,0.93,0.0,0.0,10754.67,6195.08,1.0
p[2068],0.86,0.01,0.85,0.88,0.0,0.0,9494.51,6476.64,1.0
p[2069],0.86,0.01,0.85,0.88,0.0,0.0,9489.35,6422.55,1.0
p[2070],0.7,0.02,0.66,0.75,0.0,0.0,9499.79,6407.4,1.0
p[2071],0.88,0.01,0.85,0.9,0.0,0.0,9678.76,6573.64,1.0
p[2072],0.86,0.01,0.85,0.88,0.0,0.0,9474.93,6369.98,1.0
p[2073],0.83,0.01,0.81,0.86,0.0,0.0,9293.66,6778.55,1.0
p[2074],0.85,0.03,0.8,0.9,0.0,0.0,10857.56,6343.57,1.0
p[2075],0.87,0.01,0.85,0.88,0.0,0.0,9464.27,6317.39,1.0
p[2076],0.87,0.01,0.85,0.88,0.0,0.0,9384.07,6317.39,1.0
p[2077],0.88,0.01,0.85,0.9,0.0,0.0,9660.7,6574.41,1.0
p[2078],0.87,0.01,0.85,0.88,0.0,0.0,9383.74,6317.39,1.0
p[2079],0.87,0.01,0.85,0.88,0.0,0.0,9383.74,6317.39,1.0
p[2080],0.87,0.01,0.85,0.88,0.0,0.0,9382.1,6317.39,1.0
p[2081],0.9,0.01,0.88,0.92,0.0,0.0,10136.74,6842.72,1.0
p[2082],0.87,0.01,0.85,0.88,0.0,0.0,9378.15,6318.2,1.0
p[2083],0.9,0.01,0.88,0.92,0.0,0.0,10135.67,6811.55,1.0
p[2084],0.71,0.02,0.67,0.75,0.0,0.0,9489.98,6435.89,1.0
p[2085],0.84,0.01,0.82,0.86,0.0,0.0,9255.99,6623.22,1.0
p[2086],0.94,0.01,0.91,0.96,0.0,0.0,10413.38,6231.93,1.0
p[2087],0.88,0.02,0.84,0.93,0.0,0.0,10735.37,6272.01,1.0
p[2088],0.84,0.01,0.82,0.86,0.0,0.0,9244.81,6566.93,1.0
p[2089],0.85,0.02,0.82,0.88,0.0,0.0,10155.56,6714.88,1.0
p[2090],0.85,0.02,0.82,0.88,0.0,0.0,10155.56,6714.88,1.0
p[2091],0.87,0.01,0.85,0.89,0.0,0.0,9365.89,6294.38,1.0
p[2092],0.87,0.01,0.85,0.89,0.0,0.0,9365.58,6320.09,1.0
p[2093],0.84,0.01,0.82,0.86,0.0,0.0,9230.74,6595.15,1.0
p[2094],0.71,0.02,0.67,0.75,0.0,0.0,9483.47,6406.84,1.0
p[2095],0.87,0.01,0.85,0.89,0.0,0.0,9361.15,6295.13,1.0
p[2096],0.83,0.02,0.8,0.87,0.0,0.0,10112.51,7055.49,1.0
p[2097],0.87,0.01,0.85,0.89,0.0,0.0,9359.09,6242.68,1.0
p[2098],0.88,0.01,0.86,0.91,0.0,0.0,9610.07,6519.65,1.0
p[2099],0.82,0.03,0.76,0.87,0.0,0.0,11789.48,6779.88,1.0
p[2100],0.71,0.02,0.68,0.76,0.0,0.0,9479.6,6545.18,1.0
p[2101],0.84,0.01,0.82,0.86,0.0,0.0,9214.15,6651.18,1.0
p[2102],0.87,0.01,0.85,0.89,0.0,0.0,9351.85,6241.55,1.0
p[2103],0.87,0.01,0.85,0.89,0.0,0.0,9350.44,6241.55,1.0
p[2104],0.87,0.01,0.85,0.89,0.0,0.0,9350.52,6241.9,1.0
p[2105],0.87,0.01,0.85,0.89,0.0,0.0,9350.52,6241.9,1.0
p[2106],0.87,0.01,0.85,0.89,0.0,0.0,9346.33,6241.6,1.0
p[2107],0.84,0.02,0.8,0.87,0.0,0.0,10105.94,7022.71,1.0
p[2108],0.87,0.01,0.86,0.89,0.0,0.0,9344.72,6293.33,1.0
p[2109],0.84,0.01,0.82,0.86,0.0,0.0,9187.15,6601.51,1.0
p[2110],0.84,0.01,0.82,0.86,0.0,0.0,9172.97,6544.59,1.0
p[2111],0.89,0.02,0.84,0.93,0.0,0.0,10711.87,6220.9,1.0
p[2112],0.91,0.01,0.89,0.93,0.0,0.0,10117.58,6721.73,1.0
p[2113],0.87,0.01,0.86,0.89,0.0,0.0,9332.43,6294.03,1.0
p[2114],0.85,0.02,0.82,0.88,0.0,0.0,10140.5,6653.78,1.0
p[2115],0.86,0.03,0.81,0.9,0.0,0.0,10823.4,6353.15,1.0
p[2116],0.84,0.01,0.82,0.86,0.0,0.0,9170.75,6543.7,1.0
p[2117],0.87,0.01,0.86,0.89,0.0,0.0,9329.02,6267.78,1.0
p[2118],0.91,0.01,0.89,0.93,0.0,0.0,10116.44,6721.03,1.0
p[2119],0.82,0.03,0.77,0.87,0.0,0.0,11760.6,6720.38,1.0
p[2120],0.91,0.01,0.89,0.93,0.0,0.0,10116.77,6721.69,1.0
p[2121],0.72,0.02,0.68,0.76,0.0,0.0,9470.32,6653.85,1.0
p[2122],0.87,0.01,0.86,0.89,0.0,0.0,9322.93,6217.06,1.0
p[2123],0.89,0.01,0.86,0.91,0.0,0.0,9561.26,6692.31,1.0
p[2124],0.86,0.02,0.81,0.9,0.0,0.0,10813.75,6432.75,1.0
p[2125],0.85,0.01,0.83,0.87,0.0,0.0,9152.93,6486.98,1.0
p[2126],0.87,0.01,0.86,0.89,0.0,0.0,9320.09,6366.19,1.0
p[2127],0.89,0.01,0.86,0.91,0.0,0.0,9552.18,6663.85,1.0
p[2128],0.87,0.01,0.86,0.89,0.0,0.0,9317.24,6366.19,1.0
p[2129],0.87,0.01,0.86,0.89,0.0,0.0,9314.97,6340.24,1.0
p[2130],0.83,0.02,0.8,0.86,0.0,0.0,9590.27,6728.22,1.0
p[2131],0.88,0.01,0.86,0.89,0.0,0.0,9316.45,6340.83,1.0
p[2132],0.85,0.01,0.83,0.87,0.0,0.0,9144.07,6452.29,1.0
p[2133],0.88,0.01,0.86,0.89,0.0,0.0,9315.71,6375.3,1.0
p[2134],0.72,0.02,0.69,0.76,0.0,0.0,9467.56,6709.91,1.0
p[2135],0.91,0.01,0.89,0.93,0.0,0.0,12000.0,6641.74,1.0
p[2136],0.88,0.01,0.86,0.89,0.0,0.0,9311.56,6456.68,1.0
p[2137],0.85,0.01,0.83,0.87,0.0,0.0,9128.83,6291.43,1.0
p[2138],0.86,0.02,0.83,0.89,0.0,0.0,10123.3,6771.9,1.0
p[2139],0.85,0.01,0.83,0.87,0.0,0.0,9126.32,6291.43,1.0
p[2140],0.86,0.02,0.83,0.89,0.0,0.0,10123.3,6771.9,1.0
p[2141],0.94,0.01,0.92,0.96,0.0,0.0,10397.64,5931.64,1.0
p[2142],0.89,0.02,0.85,0.93,0.0,0.0,10694.25,6146.07,1.0
p[2143],0.85,0.01,0.83,0.87,0.0,0.0,9114.36,6316.77,1.0
p[2144],0.84,0.02,0.81,0.87,0.0,0.0,10095.02,6895.2,1.0
p[2145],0.88,0.01,0.86,0.89,0.0,0.0,9300.05,6428.8,1.0
p[2146],0.89,0.01,0.87,0.91,0.0,0.0,9691.6,6721.65,1.0
p[2147],0.86,0.02,0.81,0.9,0.0,0.0,10805.64,6459.89,1.0
p[2148],0.85,0.01,0.83,0.87,0.0,0.0,9092.16,6450.77,1.0
p[2149],0.85,0.01,0.83,0.87,0.0,0.0,9087.22,6423.51,1.0
p[2150],0.88,0.01,0.86,0.89,0.0,0.0,9294.46,6483.16,1.0
p[2151],0.89,0.01,0.87,0.91,0.0,0.0,9670.61,6779.77,1.0
p[2152],0.85,0.01,0.83,0.87,0.0,0.0,9079.94,6396.49,1.0
p[2153],0.88,0.01,0.86,0.89,0.0,0.0,9292.76,6427.28,1.0
p[2154],0.86,0.02,0.83,0.89,0.0,0.0,10109.14,6832.4,1.0
p[2155],0.88,0.01,0.86,0.89,0.0,0.0,9290.98,6427.28,1.0
p[2156],0.91,0.01,0.89,0.94,0.0,0.0,11978.54,6613.06,1.0
p[2157],0.88,0.01,0.86,0.89,0.0,0.0,9287.22,6365.88,1.0
p[2158],0.73,0.02,0.69,0.77,0.0,0.0,9458.55,6892.24,1.0
p[2159],0.88,0.01,0.86,0.89,0.0,0.0,9282.56,6473.94,1.0
p[2160],0.85,0.01,0.83,0.87,0.0,0.0,9067.57,6410.86,1.0
p[2161],0.85,0.02,0.81,0.88,0.0,0.0,10088.61,6895.51,1.0
p[2162],0.91,0.01,0.89,0.93,0.0,0.0,10101.55,6452.07,1.0
p[2163],0.85,0.01,0.84,0.87,0.0,0.0,9067.5,6410.99,1.0
p[2164],0.94,0.01,0.92,0.97,0.0,0.0,10379.78,5906.86,1.0
p[2165],0.93,0.01,0.92,0.95,0.0,0.0,9533.93,7130.11,1.0
p[2166],0.88,0.01,0.86,0.9,0.0,0.0,9277.82,6502.43,1.0
p[2167],0.86,0.02,0.83,0.89,0.0,0.0,10101.49,6802.21,1.0
p[2168],0.89,0.02,0.85,0.93,0.0,0.0,10671.03,6196.23,1.0
p[2169],0.85,0.01,0.84,0.87,0.0,0.0,9055.43,6464.13,1.0
p[2170],0.88,0.01,0.87,0.9,0.0,0.0,9273.21,6573.69,1.0
p[2171],0.88,0.01,0.87,0.9,0.0,0.0,9269.66,6573.69,1.0
p[2172],0.74,0.02,0.7,0.77,0.0,0.0,9453.28,6829.65,1.0
p[2173],0.84,0.03,0.78,0.88,0.0,0.0,11679.61,6750.01,1.0
p[2174],0.87,0.02,0.82,0.91,0.0,0.0,10791.09,6460.16,1.0
p[2175],0.89,0.01,0.87,0.92,0.0,0.0,9573.91,6808.6,1.0
p[2176],0.88,0.01,0.87,0.9,0.0,0.0,9268.46,6575.09,1.0
p[2177],0.86,0.01,0.84,0.88,0.0,0.0,9043.13,6483.47,1.0
p[2178],0.84,0.03,0.79,0.88,0.0,0.0,11675.91,6749.95,1.0
p[2179],0.86,0.01,0.84,0.88,0.0,0.0,9040.24,6483.66,1.0
p[2180],0.89,0.01,0.87,0.92,0.0,0.0,9544.45,6871.01,1.0
p[2181],0.74,0.02,0.7,0.78,0.0,0.0,9450.89,6765.19,1.0
p[2182],0.88,0.01,0.87,0.9,0.0,0.0,9260.75,6460.51,1.0
p[2183],0.88,0.01,0.87,0.9,0.0,0.0,9260.75,6460.51,1.0
p[2184],0.86,0.01,0.84,0.88,0.0,0.0,9034.64,6456.13,1.0
p[2185],0.88,0.01,0.87,0.9,0.0,0.0,9260.34,6460.51,1.0
p[2186],0.88,0.01,0.87,0.9,0.0,0.0,9259.24,6404.25,1.0
p[2187],0.88,0.01,0.87,0.9,0.0,0.0,9257.95,6404.25,1.0
p[2188],0.92,0.01,0.9,0.94,0.0,0.0,11956.42,6640.62,1.0
p[2189],0.84,0.02,0.81,0.87,0.0,0.0,9541.84,6642.94,1.0
p[2190],0.86,0.01,0.84,0.88,0.0,0.0,9022.02,6477.57,1.0
p[2191],0.9,0.01,0.87,0.92,0.0,0.0,9517.36,6839.11,1.0
p[2192],0.94,0.01,0.92,0.95,0.0,0.0,9515.86,6900.19,1.0
p[2193],0.9,0.02,0.86,0.94,0.0,0.0,10777.52,6171.48,1.0
p[2194],0.86,0.01,0.84,0.88,0.0,0.0,9011.94,6456.54,1.0
p[2195],0.88,0.01,0.87,0.9,0.0,0.0,9238.01,6120.87,1.0
p[2196],0.87,0.02,0.84,0.89,0.0,0.0,10081.23,6679.77,1.0
p[2197],0.88,0.01,0.87,0.9,0.0,0.0,9238.01,6120.87,1.0
p[2198],0.87,0.02,0.84,0.89,0.0,0.0,10081.23,6679.77,1.0
p[2199],0.94,0.01,0.92,0.97,0.0,0.0,11273.63,6519.25,1.0
p[2200],0.86,0.01,0.84,0.88,0.0,0.0,9006.64,6455.92,1.0
p[2201],0.95,0.01,0.92,0.97,0.0,0.0,10379.42,5728.92,1.0
p[2202],0.89,0.01,0.87,0.9,0.0,0.0,9234.0,6098.65,1.0
p[2203],0.9,0.01,0.87,0.92,0.0,0.0,9478.77,6751.44,1.0
p[2204],0.89,0.01,0.87,0.9,0.0,0.0,9233.56,6050.06,1.0
p[2205],0.89,0.01,0.87,0.9,0.0,0.0,9229.88,6148.68,1.0
p[2206],0.86,0.01,0.84,0.88,0.0,0.0,8992.61,6524.25,1.0
p[2207],0.74,0.02,0.71,0.78,0.0,0.0,9443.15,7001.01,1.0
p[2208],0.84,0.03,0.79,0.89,0.0,0.0,11639.66,6719.59,1.0
p[2209],0.86,0.01,0.84,0.88,0.0,0.0,8985.78,6525.06,1.0
p[2210],0.87,0.02,0.83,0.91,0.0,0.0,10769.76,6553.74,1.0
p[2211],0.92,0.01,0.9,0.93,0.0,0.0,10099.33,6228.8,1.0
p[2212],0.89,0.01,0.87,0.9,0.0,0.0,9226.05,6226.63,1.0
p[2213],0.87,0.01,0.84,0.9,0.0,0.0,10064.56,6679.36,1.0
p[2214],0.86,0.01,0.84,0.88,0.0,0.0,8974.91,6539.45,1.0
p[2215],0.91,0.01,0.89,0.94,0.0,0.0,11854.57,6543.62,1.0
p[2216],0.92,0.01,0.9,0.94,0.0,0.0,11936.75,6640.81,1.0
p[2217],0.89,0.01,0.87,0.9,0.0,0.0,9221.47,6227.68,1.0
p[2218],0.9,0.01,0.88,0.92,0.0,0.0,9432.08,6721.13,1.0
p[2219],0.89,0.01,0.87,0.9,0.0,0.0,9220.2,6254.61,1.0
p[2220],0.89,0.01,0.87,0.9,0.0,0.0,9220.2,6254.61,1.0
p[2221],0.89,0.01,0.87,0.9,0.0,0.0,9220.2,6254.61,1.0
p[2222],0.75,0.02,0.71,0.78,0.0,0.0,9443.29,6905.59,1.0
p[2223],0.86,0.01,0.85,0.88,0.0,0.0,8959.16,6483.09,1.0
p[2224],0.94,0.01,0.92,0.95,0.0,0.0,9498.04,6715.01,1.0
p[2225],0.86,0.02,0.83,0.89,0.0,0.0,10066.54,6654.27,1.0
p[2226],0.86,0.01,0.85,0.88,0.0,0.0,8956.74,6511.12,1.0
p[2227],0.89,0.01,0.87,0.9,0.0,0.0,9212.72,6127.86,1.0
p[2228],0.9,0.02,0.86,0.94,0.0,0.0,10682.86,6196.69,1.0
p[2229],0.94,0.01,0.93,0.95,0.0,0.0,9494.94,6776.98,1.0
p[2230],0.86,0.01,0.85,0.88,0.0,0.0,8943.95,6525.6,1.0
p[2231],0.89,0.01,0.87,0.9,0.0,0.0,9211.93,6202.77,1.0
p[2232],0.75,0.02,0.72,0.79,0.0,0.0,9447.46,6812.63,1.0
p[2233],0.87,0.01,0.84,0.9,0.0,0.0,10053.99,6708.11,1.0
p[2234],0.89,0.01,0.88,0.9,0.0,0.0,9208.48,6202.39,1.0
p[2235],0.87,0.02,0.83,0.91,0.0,0.0,10742.88,6593.71,1.0
p[2236],0.89,0.01,0.88,0.9,0.0,0.0,9209.18,6253.42,1.0
p[2237],0.87,0.01,0.85,0.88,0.0,0.0,8931.93,6629.43,1.0
p[2238],0.85,0.02,0.8,0.89,0.0,0.0,11596.44,6809.75,1.0
p[2239],0.87,0.01,0.85,0.88,0.0,0.0,8928.36,6600.71,1.0
p[2240],0.9,0.01,0.88,0.92,0.0,0.0,9375.73,6781.25,1.0
p[2241],0.92,0.01,0.9,0.94,0.0,0.0,10082.18,6385.21,1.0
p[2242],0.87,0.01,0.85,0.88,0.0,0.0,8922.11,6629.5,1.0
p[2243],0.92,0.01,0.9,0.94,0.0,0.0,10082.44,6380.24,1.0
p[2244],0.75,0.02,0.72,0.79,0.0,0.0,9450.42,6906.05,1.0
p[2245],0.89,0.01,0.88,0.9,0.0,0.0,9203.8,6128.35,1.0
p[2246],0.9,0.01,0.88,0.92,0.0,0.0,9365.85,6842.54,1.0
p[2247],0.89,0.01,0.88,0.9,0.0,0.0,9203.75,6128.95,1.0
p[2248],0.89,0.01,0.88,0.9,0.0,0.0,9203.5,6128.95,1.0
p[2249],0.89,0.01,0.88,0.9,0.0,0.0,9203.5,6128.95,1.0
p[2250],0.85,0.01,0.82,0.88,0.0,0.0,9503.95,6419.59,1.0
p[2251],0.87,0.01,0.85,0.88,0.0,0.0,8912.75,6600.88,1.0
p[2252],0.89,0.01,0.88,0.9,0.0,0.0,9199.59,6331.73,1.0
p[2253],0.86,0.02,0.83,0.89,0.0,0.0,10061.48,6628.89,1.0
p[2254],0.87,0.01,0.85,0.88,0.0,0.0,8908.41,6629.72,1.0
p[2255],0.95,0.01,0.93,0.97,0.0,0.0,10320.84,5845.24,1.0
p[2256],0.92,0.01,0.9,0.94,0.0,0.0,11896.26,6494.22,1.0
p[2257],0.91,0.02,0.87,0.94,0.0,0.0,10606.77,6247.06,1.0
p[2258],0.89,0.01,0.88,0.91,0.0,0.0,9197.53,6304.73,1.0
p[2259],0.89,0.01,0.88,0.91,0.0,0.0,9197.53,6304.73,1.0
p[2260],0.87,0.01,0.85,0.89,0.0,0.0,8897.98,6629.71,1.0
p[2261],0.89,0.01,0.88,0.91,0.0,0.0,9194.99,6384.17,1.0
p[2262],0.85,0.02,0.8,0.89,0.0,0.0,11557.91,6840.14,1.0
p[2263],0.9,0.01,0.88,0.92,0.0,0.0,9321.97,6811.37,1.0
p[2264],0.76,0.02,0.72,0.79,0.0,0.0,9453.15,6875.15,1.0
p[2265],0.89,0.01,0.88,0.91,0.0,0.0,9193.86,6384.28,1.0
p[2266],0.87,0.01,0.85,0.89,0.0,0.0,8884.1,6510.77,1.0
p[2267],0.87,0.01,0.85,0.89,0.0,0.0,8878.5,6510.56,1.0
p[2268],0.9,0.01,0.88,0.92,0.0,0.0,9323.92,6812.12,1.0
p[2269],0.89,0.01,0.88,0.91,0.0,0.0,9193.08,6331.63,1.0
p[2270],0.87,0.01,0.85,0.89,0.0,0.0,8878.48,6494.27,1.0
p[2271],0.88,0.02,0.84,0.92,0.0,0.0,10717.53,6648.93,1.0
p[2272],0.89,0.01,0.88,0.91,0.0,0.0,9194.18,6306.29,1.0
p[2273],0.89,0.01,0.88,0.91,0.0,0.0,9194.18,6306.29,1.0
p[2274],0.9,0.01,0.88,0.91,0.0,0.0,9192.46,6178.44,1.0
p[2275],0.92,0.01,0.91,0.94,0.0,0.0,10067.21,6416.74,1.0
p[2276],0.9,0.01,0.88,0.91,0.0,0.0,9190.83,6306.42,1.0
p[2277],0.9,0.01,0.88,0.91,0.0,0.0,9190.35,6306.42,1.0
p[2278],0.76,0.02,0.73,0.8,0.0,0.0,9453.73,6843.48,1.0
p[2279],0.94,0.01,0.93,0.95,0.0,0.0,9464.35,6876.33,1.0
p[2280],0.87,0.01,0.86,0.89,0.0,0.0,8872.48,6494.05,1.0
p[2281],0.87,0.01,0.86,0.89,0.0,0.0,8868.8,6515.3,1.0
p[2282],0.9,0.01,0.88,0.91,0.0,0.0,9189.75,6269.76,1.0
p[2283],0.91,0.02,0.87,0.94,0.0,0.0,10507.68,6236.33,1.0
p[2284],0.87,0.01,0.86,0.89,0.0,0.0,8856.56,6439.01,1.0
p[2285],0.9,0.01,0.88,0.91,0.0,0.0,9201.89,6401.37,1.0
p[2286],0.9,0.01,0.88,0.91,0.0,0.0,9200.03,6401.37,1.0
p[2287],0.88,0.01,0.85,0.91,0.0,0.0,10012.77,6991.74,1.0
p[2288],0.77,0.02,0.73,0.8,0.0,0.0,9457.64,6753.56,1.0
p[2289],0.87,0.02,0.84,0.9,0.0,0.0,10038.43,6658.76,1.0
p[2290],0.88,0.02,0.84,0.92,0.0,0.0,10702.89,6562.6,1.0
p[2291],0.86,0.02,0.81,0.9,0.0,0.0,11490.0,6748.54,1.0
p[2292],0.94,0.01,0.93,0.95,0.0,0.0,9460.52,6912.52,1.0
p[2293],0.87,0.01,0.86,0.89,0.0,0.0,8844.77,6439.87,1.0
p[2294],0.9,0.01,0.88,0.91,0.0,0.0,9193.98,6348.34,1.0
p[2295],0.91,0.01,0.89,0.93,0.0,0.0,9323.66,6812.34,1.0
p[2296],0.93,0.01,0.91,0.94,0.0,0.0,10060.29,6350.97,1.0
p[2297],0.9,0.01,0.88,0.91,0.0,0.0,9189.85,6401.92,1.0
p[2298],0.88,0.01,0.86,0.89,0.0,0.0,8834.46,6571.87,1.0
p[2299],0.9,0.01,0.88,0.91,0.0,0.0,9188.37,6401.92,1.0
p[2300],0.91,0.01,0.89,0.93,0.0,0.0,9327.19,6781.63,1.0
p[2301],0.9,0.01,0.89,0.91,0.0,0.0,9187.44,6428.06,1.0
p[2302],0.9,0.01,0.89,0.91,0.0,0.0,9185.49,6428.33,1.0
p[2303],0.9,0.01,0.89,0.91,0.0,0.0,9185.49,6428.33,1.0
p[2304],0.93,0.01,0.91,0.95,0.0,0.0,11839.5,6580.97,1.0
p[2305],0.9,0.01,0.89,0.91,0.0,0.0,9184.39,6400.28,1.0
p[2306],0.88,0.01,0.86,0.89,0.0,0.0,8827.58,6600.75,1.0
p[2307],0.87,0.02,0.84,0.9,0.0,0.0,10036.27,6748.28,1.0
p[2308],0.88,0.01,0.86,0.89,0.0,0.0,8827.14,6578.8,1.0
p[2309],0.77,0.02,0.74,0.8,0.0,0.0,9463.8,6696.44,1.0
p[2310],0.86,0.01,0.84,0.89,0.0,0.0,9473.2,6445.02,1.0
p[2311],0.9,0.01,0.89,0.91,0.0,0.0,9183.56,6372.06,1.0
p[2312],0.91,0.02,0.88,0.95,0.0,0.0,10419.83,6248.95,1.0
p[2313],0.9,0.01,0.89,0.91,0.0,0.0,9182.27,6372.21,1.0
p[2314],0.88,0.01,0.86,0.89,0.0,0.0,8818.93,6601.46,1.0
p[2315],0.91,0.01,0.89,0.93,0.0,0.0,9331.16,6906.27,1.0
p[2316],0.77,0.02,0.74,0.81,0.0,0.0,9464.75,6684.08,1.0
p[2317],0.88,0.01,0.86,0.89,0.0,0.0,8814.28,6601.09,1.0
p[2318],0.95,0.01,0.94,0.97,0.0,0.0,10294.46,5915.79,1.0
p[2319],0.9,0.01,0.89,0.91,0.0,0.0,9179.78,6320.58,1.0
p[2320],0.86,0.02,0.82,0.9,0.0,0.0,11431.47,6748.27,1.0
p[2321],0.95,0.01,0.93,0.97,0.0,0.0,11192.27,6410.35,1.0
p[2322],0.9,0.01,0.89,0.91,0.0,0.0,9179.19,6321.22,1.0
p[2323],0.88,0.01,0.86,0.89,0.0,0.0,8813.21,6572.52,1.0
p[2324],0.89,0.01,0.86,0.91,0.0,0.0,9994.27,7092.5,1.0
p[2325],0.9,0.01,0.89,0.91,0.0,0.0,9178.62,6509.35,1.0
p[2326],0.88,0.01,0.86,0.9,0.0,0.0,8808.09,6515.86,1.0
p[2327],0.9,0.01,0.89,0.91,0.0,0.0,9178.85,6426.85,1.0
p[2328],0.93,0.01,0.91,0.95,0.0,0.0,11809.88,6638.97,1.0
p[2329],0.9,0.01,0.89,0.91,0.0,0.0,9178.27,6454.05,1.0
p[2330],0.9,0.01,0.89,0.91,0.0,0.0,9178.14,6454.83,1.0
p[2331],0.91,0.01,0.89,0.93,0.0,0.0,9315.04,6937.34,1.0
p[2332],0.9,0.01,0.89,0.91,0.0,0.0,9178.08,6454.83,1.0
p[2333],0.89,0.02,0.85,0.93,0.0,0.0,10663.53,6535.13,1.0
p[2334],0.95,0.01,0.93,0.96,0.0,0.0,9450.08,6789.21,1.0
p[2335],0.88,0.01,0.86,0.9,0.0,0.0,8799.72,6628.92,1.0
p[2336],0.88,0.01,0.86,0.9,0.0,0.0,8795.65,6716.15,1.0
p[2337],0.9,0.01,0.89,0.92,0.0,0.0,9175.41,6567.75,1.0
p[2338],0.88,0.01,0.85,0.9,0.0,0.0,10018.73,6839.14,1.0
p[2339],0.88,0.01,0.87,0.9,0.0,0.0,8793.12,6716.15,1.0
p[2340],0.92,0.02,0.88,0.95,0.0,0.0,10342.75,6300.91,1.0
p[2341],0.89,0.01,0.86,0.91,0.0,0.0,9986.41,7159.73,1.0
p[2342],0.93,0.01,0.92,0.95,0.0,0.0,10020.91,6324.74,1.0
p[2343],0.9,0.01,0.89,0.92,0.0,0.0,9170.34,6654.67,1.0
p[2344],0.86,0.02,0.82,0.9,0.0,0.0,11375.21,6631.39,1.0
p[2345],0.78,0.02,0.75,0.81,0.0,0.0,9475.14,6834.94,1.0
p[2346],0.95,0.01,0.94,0.96,0.0,0.0,9448.41,6776.86,1.0
p[2347],0.91,0.01,0.89,0.93,0.0,0.0,9319.51,7000.26,1.0
p[2348],0.9,0.01,0.89,0.92,0.0,0.0,9171.76,6742.23,1.0
p[2349],0.9,0.01,0.89,0.92,0.0,0.0,9171.82,6742.23,1.0
p[2350],0.89,0.02,0.85,0.93,0.0,0.0,10644.2,6548.78,1.0
p[2351],0.88,0.01,0.87,0.9,0.0,0.0,8788.19,6739.15,1.0
p[2352],0.88,0.01,0.87,0.9,0.0,0.0,8788.13,6738.88,1.0
p[2353],0.87,0.01,0.85,0.9,0.0,0.0,9458.32,6556.34,1.0
p[2354],0.91,0.01,0.89,0.92,0.0,0.0,9167.46,6832.26,1.0
p[2355],0.88,0.01,0.87,0.9,0.0,0.0,8786.61,6768.47,1.0
p[2356],0.91,0.01,0.9,0.93,0.0,0.0,9318.64,6866.48,1.0
p[2357],0.91,0.01,0.89,0.92,0.0,0.0,9165.4,6832.26,1.0
p[2358],0.78,0.02,0.75,0.81,0.0,0.0,9479.5,6845.87,1.0
p[2359],0.91,0.01,0.89,0.92,0.0,0.0,9165.04,6832.26,1.0
p[2360],0.91,0.01,0.89,0.92,0.0,0.0,9164.09,6832.81,1.0
p[2361],0.91,0.01,0.89,0.92,0.0,0.0,9164.09,6832.81,1.0
p[2362],0.93,0.01,0.92,0.95,0.0,0.0,11764.77,6637.36,1.0
p[2363],0.91,0.01,0.89,0.92,0.0,0.0,9164.92,6832.81,1.0
p[2364],0.78,0.02,0.75,0.82,0.0,0.0,9482.08,6845.6,1.0
p[2365],0.96,0.01,0.94,0.97,0.0,0.0,10262.4,5955.0,1.0
p[2366],0.89,0.01,0.87,0.9,0.0,0.0,8776.25,6890.18,1.0
p[2367],0.92,0.02,0.88,0.95,0.0,0.0,10253.19,6322.53,1.0
p[2368],0.91,0.01,0.89,0.92,0.0,0.0,9163.59,6751.14,1.0
p[2369],0.87,0.02,0.83,0.91,0.0,0.0,11313.08,6566.27,1.0
p[2370],0.89,0.01,0.87,0.9,0.0,0.0,8775.38,6894.12,1.0
p[2371],0.91,0.01,0.9,0.92,0.0,0.0,9160.92,6761.53,1.0
p[2372],0.92,0.01,0.9,0.93,0.0,0.0,9332.66,6837.99,1.0
p[2373],0.89,0.01,0.87,0.9,0.0,0.0,8775.07,6894.12,1.0
p[2374],0.79,0.02,0.75,0.82,0.0,0.0,9488.62,6939.42,1.0
p[2375],0.92,0.01,0.9,0.93,0.0,0.0,9332.83,6837.99,1.0
p[2376],0.89,0.02,0.86,0.93,0.0,0.0,10627.53,6506.66,1.0
p[2377],0.91,0.01,0.9,0.92,0.0,0.0,9158.21,6733.16,1.0
p[2378],0.89,0.01,0.87,0.9,0.0,0.0,8773.62,6894.21,1.0
p[2379],0.91,0.01,0.9,0.92,0.0,0.0,9159.46,6768.91,1.0
p[2380],0.89,0.01,0.87,0.9,0.0,0.0,8771.88,6894.21,1.0
p[2381],0.79,0.02,0.76,0.82,0.0,0.0,9493.06,6940.01,1.0
p[2382],0.91,0.01,0.9,0.92,0.0,0.0,9154.92,6702.63,1.0
p[2383],0.89,0.01,0.87,0.9,0.0,0.0,8769.47,6894.21,1.0
p[2384],0.88,0.01,0.85,0.9,0.0,0.0,9459.52,6556.02,1.0
p[2385],0.91,0.01,0.9,0.92,0.0,0.0,9155.83,6769.0,1.0
p[2386],0.88,0.01,0.85,0.9,0.0,0.0,9459.52,6556.02,1.0
p[2387],0.91,0.01,0.9,0.92,0.0,0.0,9156.16,6758.14,1.0
p[2388],0.88,0.01,0.85,0.9,0.0,0.0,9456.66,6641.9,1.0
p[2389],0.91,0.01,0.9,0.92,0.0,0.0,9156.83,6781.71,1.0
p[2390],0.94,0.01,0.92,0.95,0.0,0.0,11715.91,6633.75,1.0
p[2391],0.89,0.01,0.87,0.9,0.0,0.0,8765.08,6923.98,1.0
p[2392],0.89,0.01,0.87,0.9,0.0,0.0,8763.98,6954.99,1.0
p[2393],0.94,0.01,0.92,0.95,0.0,0.0,9994.31,6355.39,1.0
p[2394],0.92,0.01,0.9,0.94,0.0,0.0,9346.44,6928.41,1.0
p[2395],0.89,0.01,0.87,0.91,0.0,0.0,8762.64,6923.79,1.0
p[2396],0.95,0.01,0.94,0.96,0.0,0.0,9449.27,7004.28,1.0
p[2397],0.9,0.01,0.87,0.92,0.0,0.0,9956.87,7311.06,1.0
p[2398],0.91,0.01,0.9,0.92,0.0,0.0,9156.28,6758.73,1.0
p[2399],0.91,0.01,0.9,0.92,0.0,0.0,9156.28,6758.73,1.0
p[2400],0.92,0.02,0.89,0.95,0.0,0.0,10170.73,6269.89,1.0
p[2401],0.91,0.01,0.9,0.92,0.0,0.0,9155.57,6699.27,1.0
p[2402],0.88,0.01,0.86,0.91,0.0,0.0,10001.96,6701.09,1.0
p[2403],0.91,0.01,0.9,0.92,0.0,0.0,9155.2,6758.07,1.0
p[2404],0.79,0.02,0.76,0.82,0.0,0.0,9502.67,7035.49,1.0
p[2405],0.9,0.02,0.86,0.93,0.0,0.0,10601.98,6465.6,1.0
p[2406],0.89,0.01,0.87,0.91,0.0,0.0,8758.26,7019.58,1.0
p[2407],0.92,0.01,0.9,0.94,0.0,0.0,9347.5,6995.49,1.0
p[2408],0.89,0.01,0.87,0.91,0.0,0.0,8758.59,7019.22,1.0
p[2409],0.91,0.01,0.9,0.92,0.0,0.0,9154.33,6555.92,1.0
p[2410],0.88,0.02,0.84,0.92,0.0,0.0,11264.67,6604.75,1.0
p[2411],0.89,0.01,0.88,0.91,0.0,0.0,8756.19,6987.72,1.0
p[2412],0.91,0.01,0.9,0.92,0.0,0.0,9153.78,6585.67,1.0
p[2413],0.92,0.01,0.9,0.94,0.0,0.0,9354.22,7035.24,1.0
p[2414],0.95,0.01,0.94,0.96,0.0,0.0,9451.5,6941.51,1.0
p[2415],0.91,0.01,0.9,0.92,0.0,0.0,9155.39,6585.72,1.0
p[2416],0.89,0.01,0.88,0.91,0.0,0.0,8753.72,7054.11,1.0
p[2417],0.91,0.01,0.9,0.92,0.0,0.0,9154.85,6585.72,1.0
p[2418],0.91,0.01,0.9,0.92,0.0,0.0,9155.22,6585.72,1.0
p[2419],0.89,0.01,0.86,0.91,0.0,0.0,9996.75,6870.05,1.0
p[2420],0.95,0.01,0.94,0.96,0.0,0.0,9451.88,7037.91,1.0
p[2421],0.93,0.01,0.92,0.95,0.0,0.0,11672.68,6927.07,1.0
p[2422],0.91,0.01,0.9,0.92,0.0,0.0,9156.72,6592.31,1.0
p[2423],0.89,0.01,0.88,0.91,0.0,0.0,8755.8,7022.91,1.0
p[2424],0.8,0.02,0.77,0.83,0.0,0.0,9516.28,6994.95,1.0
p[2425],0.96,0.01,0.94,0.98,0.0,0.0,10243.78,6103.96,1.0
p[2426],0.89,0.01,0.88,0.91,0.0,0.0,8756.59,7022.19,1.0
p[2427],0.88,0.02,0.84,0.92,0.0,0.0,11217.9,6661.15,1.0
p[2428],0.91,0.01,0.9,0.93,0.0,0.0,9157.74,6442.19,1.0
p[2429],0.92,0.02,0.89,0.95,0.0,0.0,10087.86,6309.05,1.0
p[2430],0.91,0.01,0.9,0.93,0.0,0.0,9157.94,6442.19,1.0
p[2431],0.96,0.01,0.94,0.98,0.0,0.0,11081.77,6353.64,1.0
p[2432],0.91,0.01,0.9,0.93,0.0,0.0,9158.58,6497.26,1.0
p[2433],0.8,0.02,0.77,0.83,0.0,0.0,9522.79,6749.64,1.0
p[2434],0.92,0.01,0.91,0.94,0.0,0.0,9366.56,6838.7,1.0
p[2435],0.9,0.02,0.87,0.93,0.0,0.0,10587.08,6466.24,1.0
p[2436],0.89,0.01,0.88,0.91,0.0,0.0,8752.96,7057.61,1.0
p[2437],0.91,0.01,0.9,0.93,0.0,0.0,9161.84,6697.08,1.0
p[2438],0.89,0.01,0.88,0.91,0.0,0.0,8754.03,7054.04,1.0
p[2439],0.94,0.01,0.92,0.95,0.0,0.0,11656.21,7022.61,1.0
p[2440],0.94,0.01,0.92,0.95,0.0,0.0,11656.21,7022.61,1.0
p[2441],0.92,0.01,0.91,0.94,0.0,0.0,9376.45,6901.32,1.0
p[2442],0.9,0.01,0.88,0.91,0.0,0.0,8750.78,7054.14,1.0
p[2443],0.92,0.01,0.9,0.93,0.0,0.0,9162.12,6701.04,1.0
p[2444],0.92,0.01,0.9,0.93,0.0,0.0,9163.86,6701.04,1.0
p[2445],0.94,0.01,0.92,0.96,0.0,0.0,11641.26,6588.55,1.0
p[2446],0.92,0.01,0.9,0.93,0.0,0.0,9164.51,6701.04,1.0
p[2447],0.92,0.01,0.9,0.93,0.0,0.0,9164.51,6790.42,1.0
p[2448],0.95,0.01,0.94,0.96,0.0,0.0,9452.38,7159.17,1.0
p[2449],0.9,0.01,0.88,0.91,0.0,0.0,8753.58,7075.01,1.0
p[2450],0.89,0.01,0.87,0.92,0.0,0.0,9985.51,6839.63,1.0
p[2451],0.8,0.02,0.77,0.84,0.0,0.0,9639.92,6840.36,1.0
p[2452],0.9,0.01,0.88,0.91,0.0,0.0,8754.65,7092.2,1.0
p[2453],0.93,0.02,0.89,0.95,0.0,0.0,10017.63,6349.54,1.0
p[2454],0.94,0.01,0.93,0.95,0.0,0.0,9948.39,6417.15,1.0
p[2455],0.92,0.01,0.9,0.93,0.0,0.0,9163.59,6857.31,1.0
p[2456],0.81,0.02,0.78,0.84,0.0,0.0,9636.72,6778.29,1.0
p[2457],0.92,0.01,0.91,0.93,0.0,0.0,9162.95,6849.36,1.0
p[2458],0.95,0.01,0.94,0.96,0.0,0.0,9455.47,7157.91,1.0
p[2459],0.92,0.01,0.91,0.93,0.0,0.0,9162.96,6911.78,1.0
p[2460],0.93,0.01,0.91,0.94,0.0,0.0,9393.24,6931.04,1.0
p[2461],0.88,0.02,0.85,0.92,0.0,0.0,11126.14,6720.15,1.0
p[2462],0.9,0.01,0.88,0.91,0.0,0.0,8756.74,7122.85,1.0
p[2463],0.92,0.01,0.91,0.93,0.0,0.0,9162.24,6943.41,1.0
p[2464],0.9,0.01,0.88,0.91,0.0,0.0,8755.09,7122.85,1.0
p[2465],0.94,0.01,0.92,0.95,0.0,0.0,11623.46,6905.27,1.0
p[2466],0.92,0.01,0.91,0.93,0.0,0.0,9163.36,6944.09,1.0
p[2467],0.92,0.01,0.91,0.93,0.0,0.0,9163.17,7007.99,1.0
p[2468],0.92,0.01,0.91,0.93,0.0,0.0,9163.17,7007.99,1.0
p[2469],0.96,0.0,0.95,0.96,0.0,0.0,9457.66,7261.18,1.0
p[2470],0.94,0.01,0.93,0.95,0.0,0.0,9937.96,6458.2,1.0
p[2471],0.81,0.02,0.78,0.84,0.0,0.0,9630.79,6934.87,1.0
p[2472],0.91,0.02,0.88,0.94,0.0,0.0,10565.34,6305.81,1.0
p[2473],0.92,0.01,0.91,0.93,0.0,0.0,9167.22,7009.26,1.0
p[2474],0.96,0.0,0.95,0.96,0.0,0.0,9458.35,7261.18,1.0
p[2475],0.9,0.01,0.88,0.91,0.0,0.0,8759.83,7123.59,1.0
p[2476],0.92,0.01,0.91,0.93,0.0,0.0,9170.06,7010.27,1.0
p[2477],0.9,0.01,0.89,0.91,0.0,0.0,8758.4,7090.51,1.0
p[2478],0.93,0.02,0.9,0.96,0.0,0.0,9941.84,6323.73,1.0
p[2479],0.92,0.01,0.91,0.93,0.0,0.0,9173.64,7004.78,1.0
p[2480],0.91,0.02,0.88,0.94,0.0,0.0,10555.98,6358.49,1.0
p[2481],0.9,0.01,0.87,0.92,0.0,0.0,9968.13,6845.05,1.0
p[2482],0.96,0.0,0.95,0.96,0.0,0.0,9463.15,7186.3,1.0
p[2483],0.9,0.01,0.89,0.92,0.0,0.0,8761.21,7192.45,1.0
p[2484],0.96,0.0,0.95,0.97,0.0,0.0,9462.07,7186.3,1.0
p[2485],0.92,0.01,0.91,0.93,0.0,0.0,9168.93,7003.83,1.0
p[2486],0.81,0.02,0.78,0.84,0.0,0.0,9612.6,6917.64,1.0
p[2487],0.92,0.01,0.91,0.93,0.0,0.0,9168.87,7003.83,1.0
p[2488],0.94,0.01,0.93,0.96,0.0,0.0,9919.58,6469.76,1.0
p[2489],0.9,0.01,0.89,0.92,0.0,0.0,8763.33,7263.09,1.0
p[2490],0.92,0.01,0.91,0.93,0.0,0.0,9171.11,6877.43,1.0
p[2491],0.94,0.01,0.92,0.96,0.0,0.0,11592.86,7002.73,1.0
p[2492],0.94,0.01,0.92,0.96,0.0,0.0,11592.86,7002.73,1.0
p[2493],0.92,0.01,0.91,0.93,0.0,0.0,9170.36,6877.43,1.0
p[2494],0.81,0.02,0.78,0.84,0.0,0.0,9610.81,6980.0,1.0
p[2495],0.9,0.01,0.89,0.92,0.0,0.0,8765.9,7263.09,1.0
p[2496],0.94,0.01,0.93,0.96,0.0,0.0,9915.97,6469.5,1.0
p[2497],0.94,0.01,0.93,0.96,0.0,0.0,9915.97,6469.5,1.0
p[2498],0.96,0.0,0.95,0.97,0.0,0.0,9465.17,7186.94,1.0
p[2499],0.92,0.01,0.91,0.93,0.0,0.0,9171.99,6940.16,1.0
p[2500],0.96,0.0,0.95,0.97,0.0,0.0,9465.34,7152.49,1.0
p[2501],0.95,0.01,0.93,0.96,0.0,0.0,11542.23,6613.79,1.0
p[2502],0.9,0.01,0.89,0.92,0.0,0.0,8764.68,7160.5,1.0
p[2503],0.9,0.01,0.89,0.92,0.0,0.0,8764.86,7160.5,1.0
p[2504],0.93,0.01,0.91,0.95,0.0,0.0,9441.06,7019.04,1.0
p[2505],0.96,0.0,0.95,0.97,0.0,0.0,9462.43,7118.74,1.0
p[2506],0.94,0.01,0.93,0.96,0.0,0.0,11575.01,7035.55,1.0
p[2507],0.92,0.01,0.91,0.93,0.0,0.0,9179.55,7152.35,1.0
p[2508],0.95,0.01,0.93,0.96,0.0,0.0,11538.13,6528.25,1.0
p[2509],0.94,0.01,0.93,0.96,0.0,0.0,11568.5,7035.65,1.0
p[2510],0.92,0.01,0.91,0.93,0.0,0.0,9182.53,7153.59,1.0
p[2511],0.93,0.01,0.91,0.95,0.0,0.0,9448.76,7152.48,1.0
p[2512],0.96,0.0,0.95,0.97,0.0,0.0,9461.82,7118.32,1.0
p[2513],0.91,0.01,0.89,0.92,0.0,0.0,8763.96,7298.47,1.0
p[2514],0.96,0.0,0.95,0.97,0.0,0.0,9462.8,7151.66,1.0
p[2515],0.92,0.01,0.91,0.93,0.0,0.0,9187.77,7327.83,1.0
p[2516],0.92,0.01,0.91,0.93,0.0,0.0,9187.77,7327.83,1.0
p[2517],0.89,0.02,0.86,0.93,0.0,0.0,11015.33,6576.02,1.0
p[2518],0.94,0.01,0.93,0.96,0.0,0.0,11556.56,7134.72,1.0
p[2519],0.92,0.01,0.91,0.93,0.0,0.0,9189.54,7328.07,1.0
p[2520],0.92,0.01,0.91,0.94,0.0,0.0,9190.96,7227.32,1.0
p[2521],0.92,0.01,0.91,0.94,0.0,0.0,9190.96,7227.32,1.0
p[2522],0.92,0.01,0.91,0.94,0.0,0.0,9191.86,7159.31,1.0
p[2523],0.92,0.01,0.91,0.94,0.0,0.0,9193.31,7159.21,1.0
p[2524],0.92,0.01,0.91,0.94,0.0,0.0,9193.32,7159.21,1.0
p[2525],0.91,0.01,0.89,0.92,0.0,0.0,8762.15,7404.7,1.0
p[2526],0.96,0.0,0.95,0.97,0.0,0.0,9466.34,7254.58,1.0
p[2527],0.95,0.01,0.93,0.96,0.0,0.0,9907.17,6513.33,1.0
p[2528],0.93,0.01,0.91,0.94,0.0,0.0,9193.95,7193.24,1.0
p[2529],0.91,0.01,0.89,0.92,0.0,0.0,8765.71,7367.8,1.0
p[2530],0.93,0.01,0.91,0.94,0.0,0.0,9195.6,7257.69,1.0
p[2531],0.91,0.01,0.89,0.92,0.0,0.0,8765.02,7333.06,1.0
p[2532],0.97,0.01,0.95,0.98,0.0,0.0,10182.59,6061.02,1.0
p[2533],0.91,0.01,0.89,0.92,0.0,0.0,8767.74,7332.71,1.0
p[2534],0.93,0.01,0.92,0.94,0.0,0.0,9203.61,7261.31,1.0
p[2535],0.93,0.01,0.92,0.94,0.0,0.0,9204.18,7226.79,1.0
p[2536],0.91,0.01,0.9,0.92,0.0,0.0,8769.47,7455.48,1.0
p[2537],0.96,0.0,0.95,0.97,0.0,0.0,9474.14,7376.83,1.0
p[2538],0.91,0.01,0.9,0.92,0.0,0.0,8769.65,7455.82,1.0
p[2539],0.91,0.01,0.9,0.92,0.0,0.0,8770.77,7455.82,1.0
p[2540],0.93,0.01,0.92,0.94,0.0,0.0,9206.92,7384.92,1.0
p[2541],0.93,0.01,0.92,0.94,0.0,0.0,9207.89,7384.92,1.0
p[2542],0.95,0.01,0.93,0.96,0.0,0.0,11510.3,6869.43,1.0
p[2543],0.95,0.01,0.93,0.96,0.0,0.0,11510.3,6869.43,1.0
p[2544],0.9,0.01,0.87,0.92,0.0,0.0,9197.89,7038.82,1.0
p[2545],0.78,0.02,0.75,0.81,0.0,0.0,9041.49,6336.03,1.0
p[2546],0.78,0.02,0.76,0.81,0.0,0.0,9038.43,6362.55,1.0
p[2547],0.82,0.01,0.8,0.85,0.0,0.0,8706.34,6673.1,1.0
p[2548],0.82,0.01,0.8,0.85,0.0,0.0,8705.39,6672.89,1.0
p[2549],0.86,0.02,0.82,0.9,0.0,0.0,11413.89,6309.46,1.0
p[2550],0.82,0.01,0.8,0.85,0.0,0.0,8702.61,6722.51,1.0
p[2551],0.8,0.02,0.76,0.84,0.0,0.0,10014.15,6864.97,1.0
p[2552],0.79,0.02,0.76,0.82,0.0,0.0,9027.39,6416.79,1.0
p[2553],0.79,0.02,0.76,0.82,0.0,0.0,9025.41,6471.62,1.0
p[2554],0.9,0.01,0.88,0.92,0.0,0.0,9196.89,6974.08,1.0
p[2555],0.82,0.01,0.8,0.85,0.0,0.0,8689.98,6601.77,1.0
p[2556],0.83,0.01,0.8,0.85,0.0,0.0,8684.61,6601.82,1.0
p[2557],0.83,0.01,0.8,0.85,0.0,0.0,8686.42,6601.82,1.0
p[2558],0.83,0.01,0.8,0.85,0.0,0.0,8679.81,6573.37,1.0
p[2559],0.79,0.02,0.76,0.82,0.0,0.0,9014.19,6471.75,1.0
p[2560],0.79,0.02,0.76,0.82,0.0,0.0,9011.07,6471.69,1.0
p[2561],0.83,0.01,0.8,0.85,0.0,0.0,8672.91,6601.69,1.0
p[2562],0.9,0.01,0.88,0.92,0.0,0.0,9192.8,6863.96,1.0
p[2563],0.83,0.01,0.81,0.85,0.0,0.0,8667.85,6587.2,1.0
p[2564],0.83,0.01,0.81,0.85,0.0,0.0,8661.3,6615.86,1.0
p[2565],0.88,0.01,0.85,0.9,0.0,0.0,9686.11,7014.67,1.0
p[2566],0.83,0.01,0.81,0.85,0.0,0.0,8660.52,6615.86,1.0
p[2567],0.8,0.01,0.77,0.82,0.0,0.0,8990.51,6460.97,1.0
p[2568],0.8,0.01,0.77,0.82,0.0,0.0,8988.07,6461.03,1.0
p[2569],0.84,0.01,0.81,0.86,0.0,0.0,8644.0,6777.55,1.0
p[2570],0.8,0.01,0.78,0.83,0.0,0.0,8969.15,6433.62,1.0
p[2571],0.84,0.01,0.82,0.86,0.0,0.0,8637.5,6715.71,1.0
p[2572],0.8,0.01,0.78,0.83,0.0,0.0,8968.92,6460.56,1.0
p[2573],0.84,0.01,0.82,0.86,0.0,0.0,8630.86,6745.98,1.0
p[2574],0.81,0.01,0.78,0.83,0.0,0.0,8949.9,6462.09,1.0
p[2575],0.81,0.01,0.78,0.83,0.0,0.0,8948.53,6462.09,1.0
p[2576],0.89,0.02,0.86,0.92,0.0,0.0,11231.37,6587.27,1.0
p[2577],0.85,0.01,0.83,0.87,0.0,0.0,8615.98,6746.68,1.0
p[2578],0.82,0.01,0.79,0.84,0.0,0.0,8937.57,6354.13,1.0
p[2579],0.82,0.01,0.79,0.84,0.0,0.0,8934.28,6407.8,1.0
p[2580],0.89,0.01,0.87,0.91,0.0,0.0,9718.2,6948.24,1.0
p[2581],0.82,0.01,0.8,0.84,0.0,0.0,8931.93,6489.49,1.0
p[2582],0.83,0.02,0.79,0.86,0.0,0.0,10060.26,6740.56,1.0
p[2583],0.87,0.03,0.82,0.91,0.0,0.0,10791.43,5924.33,1.0
p[2584],0.85,0.01,0.83,0.87,0.0,0.0,8610.09,6643.62,1.0
p[2585],0.85,0.01,0.83,0.87,0.0,0.0,8610.22,6672.82,1.0
p[2586],0.82,0.01,0.8,0.85,0.0,0.0,8926.55,6407.7,1.0
p[2587],0.83,0.03,0.78,0.88,0.0,0.0,10396.14,6164.11,1.0
p[2588],0.87,0.01,0.84,0.89,0.0,0.0,9925.59,6899.82,1.0
p[2589],0.82,0.01,0.8,0.85,0.0,0.0,8924.71,6462.7,1.0
p[2590],0.85,0.01,0.84,0.87,0.0,0.0,8609.26,6848.86,1.0
p[2591],0.89,0.01,0.87,0.92,0.0,0.0,9726.1,6794.52,1.0
p[2592],0.85,0.01,0.84,0.87,0.0,0.0,8611.73,6847.96,1.0
p[2593],0.86,0.01,0.84,0.87,0.0,0.0,8615.26,6787.7,1.0
p[2594],0.82,0.01,0.8,0.85,0.0,0.0,8918.99,6462.71,1.0
p[2595],0.82,0.01,0.8,0.85,0.0,0.0,8919.41,6462.71,1.0
p[2596],0.93,0.01,0.9,0.96,0.0,0.0,10733.1,5502.39,1.0
p[2597],0.87,0.03,0.82,0.92,0.0,0.0,10774.81,5962.49,1.0
p[2598],0.83,0.02,0.8,0.87,0.0,0.0,10082.24,6926.39,1.0
p[2599],0.83,0.02,0.8,0.87,0.0,0.0,10082.24,6926.39,1.0
p[2600],0.86,0.01,0.84,0.88,0.0,0.0,8618.26,6733.14,1.0
p[2601],0.86,0.01,0.84,0.88,0.0,0.0,8619.71,6844.53,1.0
p[2602],0.84,0.03,0.79,0.89,0.0,0.0,10395.33,6293.31,1.0
p[2603],0.83,0.01,0.81,0.85,0.0,0.0,8912.72,6490.25,1.0
p[2604],0.83,0.01,0.81,0.85,0.0,0.0,8911.59,6490.14,1.0
p[2605],0.87,0.01,0.84,0.9,0.0,0.0,9938.86,6920.08,1.0
p[2606],0.86,0.01,0.84,0.88,0.0,0.0,8619.4,6813.85,1.0
p[2607],0.87,0.01,0.85,0.9,0.0,0.0,9939.36,6920.08,1.0
p[2608],0.86,0.01,0.84,0.88,0.0,0.0,8619.1,6813.85,1.0
p[2609],0.7,0.02,0.66,0.74,0.0,0.0,8836.42,6544.48,1.0
p[2610],0.9,0.01,0.88,0.92,0.0,0.0,9748.72,6914.0,1.0
p[2611],0.83,0.01,0.81,0.85,0.0,0.0,8914.03,6472.78,1.0
p[2612],0.9,0.01,0.88,0.92,0.0,0.0,9750.28,6914.0,1.0
p[2613],0.86,0.01,0.84,0.88,0.0,0.0,8619.48,6783.12,1.0
p[2614],0.82,0.02,0.78,0.86,0.0,0.0,10008.39,6757.93,1.0
p[2615],0.88,0.03,0.83,0.92,0.0,0.0,10759.07,5874.39,1.0
p[2616],0.86,0.01,0.84,0.88,0.0,0.0,8625.86,6813.17,1.0
p[2617],0.83,0.01,0.81,0.85,0.0,0.0,8914.33,6392.44,1.0
p[2618],0.84,0.02,0.81,0.87,0.0,0.0,10096.26,6905.94,1.0
p[2619],0.9,0.01,0.88,0.92,0.0,0.0,9754.54,6913.93,1.0
p[2620],0.81,0.03,0.75,0.86,0.0,0.0,11737.11,6723.33,1.0
p[2621],0.86,0.01,0.84,0.88,0.0,0.0,8628.68,6814.02,1.0
p[2622],0.86,0.01,0.85,0.88,0.0,0.0,8629.93,6813.49,1.0
p[2623],0.7,0.02,0.66,0.74,0.0,0.0,8858.3,6619.15,1.0
p[2624],0.87,0.01,0.85,0.9,0.0,0.0,9951.68,6920.14,1.0
p[2625],0.84,0.03,0.79,0.89,0.0,0.0,10400.52,6318.18,1.0
p[2626],0.86,0.01,0.85,0.88,0.0,0.0,8634.45,6812.38,1.0
p[2627],0.86,0.01,0.85,0.88,0.0,0.0,8634.45,6812.38,1.0
p[2628],0.83,0.01,0.81,0.86,0.0,0.0,8917.02,6405.82,1.0
p[2629],0.88,0.01,0.85,0.9,0.0,0.0,9951.99,6919.77,1.0
p[2630],0.83,0.01,0.81,0.86,0.0,0.0,8917.86,6328.17,1.0
p[2631],0.86,0.01,0.85,0.88,0.0,0.0,8637.26,6721.91,1.0
p[2632],0.86,0.01,0.85,0.88,0.0,0.0,8637.14,6721.91,1.0
p[2633],0.9,0.01,0.88,0.93,0.0,0.0,11270.28,6528.86,1.0
p[2634],0.86,0.01,0.85,0.88,0.0,0.0,8636.91,6721.92,1.0
p[2635],0.82,0.02,0.79,0.85,0.0,0.0,8996.05,7197.28,1.0
p[2636],0.86,0.01,0.85,0.88,0.0,0.0,8638.58,6688.87,1.0
p[2637],0.83,0.02,0.79,0.86,0.0,0.0,10034.78,6818.46,1.0
p[2638],0.71,0.02,0.67,0.74,0.0,0.0,8880.78,6064.87,1.0
p[2639],0.84,0.01,0.81,0.86,0.0,0.0,8920.01,6381.04,1.0
p[2640],0.84,0.01,0.82,0.86,0.0,0.0,8921.75,6381.04,1.0
p[2641],0.84,0.02,0.81,0.88,0.0,0.0,10106.25,6969.22,1.0
p[2642],0.84,0.02,0.81,0.88,0.0,0.0,10106.25,6969.22,1.0
p[2643],0.94,0.01,0.91,0.96,0.0,0.0,10714.39,5618.51,1.0
p[2644],0.87,0.01,0.85,0.88,0.0,0.0,8646.86,6630.85,1.0
p[2645],0.79,0.02,0.75,0.84,0.0,0.0,10249.96,6958.35,1.0
p[2646],0.81,0.03,0.76,0.87,0.0,0.0,11683.75,6664.4,1.0
p[2647],0.87,0.01,0.85,0.88,0.0,0.0,8649.33,6689.21,1.0
p[2648],0.88,0.02,0.83,0.92,0.0,0.0,10744.5,6040.47,1.0
p[2649],0.87,0.01,0.85,0.88,0.0,0.0,8651.78,6689.21,1.0
p[2650],0.71,0.02,0.67,0.75,0.0,0.0,8897.8,6404.2,1.0
p[2651],0.88,0.01,0.85,0.9,0.0,0.0,9961.37,7027.23,1.0
p[2652],0.84,0.01,0.82,0.86,0.0,0.0,8927.29,6492.58,1.0
p[2653],0.87,0.01,0.85,0.88,0.0,0.0,8654.14,6631.22,1.0
p[2654],0.85,0.03,0.8,0.9,0.0,0.0,10413.62,6481.44,1.0
p[2655],0.85,0.02,0.82,0.88,0.0,0.0,10111.92,6969.79,1.0
p[2656],0.84,0.01,0.82,0.86,0.0,0.0,8926.85,6492.58,1.0
p[2657],0.88,0.01,0.86,0.9,0.0,0.0,9961.93,6967.58,1.0
p[2658],0.71,0.02,0.67,0.75,0.0,0.0,8912.0,6442.55,1.0
p[2659],0.87,0.01,0.85,0.88,0.0,0.0,8657.23,6544.68,1.0
p[2660],0.87,0.01,0.85,0.89,0.0,0.0,8659.82,6548.28,1.0
p[2661],0.87,0.01,0.85,0.89,0.0,0.0,8663.55,6633.89,1.0
p[2662],0.87,0.01,0.85,0.89,0.0,0.0,8664.06,6633.89,1.0
p[2663],0.91,0.01,0.88,0.93,0.0,0.0,11287.0,6580.81,1.0
p[2664],0.84,0.01,0.82,0.86,0.0,0.0,8930.03,6409.81,1.0
p[2665],0.94,0.01,0.91,0.96,0.0,0.0,10707.43,5669.47,1.0
p[2666],0.91,0.01,0.89,0.92,0.0,0.0,9791.43,6943.36,1.0
p[2667],0.84,0.01,0.82,0.86,0.0,0.0,8930.45,6410.14,1.0
p[2668],0.83,0.02,0.8,0.87,0.0,0.0,10053.76,6752.51,1.0
p[2669],0.89,0.02,0.84,0.93,0.0,0.0,10732.75,5878.18,1.0
p[2670],0.85,0.02,0.82,0.88,0.0,0.0,10131.88,6969.29,1.0
p[2671],0.87,0.01,0.85,0.89,0.0,0.0,8672.12,6677.38,1.0
p[2672],0.82,0.03,0.77,0.87,0.0,0.0,11601.35,6664.38,1.0
p[2673],0.87,0.01,0.85,0.89,0.0,0.0,8673.22,6677.8,1.0
p[2674],0.88,0.01,0.86,0.91,0.0,0.0,9979.81,6963.18,1.0
p[2675],0.72,0.02,0.68,0.75,0.0,0.0,8993.48,6968.63,1.0
p[2676],0.84,0.01,0.82,0.86,0.0,0.0,8934.41,6465.2,1.0
p[2677],0.87,0.01,0.86,0.89,0.0,0.0,8681.06,6752.74,1.0
p[2678],0.87,0.01,0.86,0.89,0.0,0.0,8683.29,6752.74,1.0
p[2679],0.84,0.01,0.82,0.86,0.0,0.0,8933.88,6547.14,1.0
p[2680],0.87,0.01,0.86,0.89,0.0,0.0,8683.67,6839.62,1.0
p[2681],0.93,0.01,0.91,0.94,0.0,0.0,9259.55,7038.74,1.0
p[2682],0.88,0.01,0.86,0.91,0.0,0.0,9983.11,6931.23,1.0
p[2683],0.93,0.01,0.91,0.94,0.0,0.0,9263.21,7039.15,1.0
p[2684],0.86,0.03,0.81,0.9,0.0,0.0,10419.38,6425.23,1.0
p[2685],0.87,0.01,0.86,0.89,0.0,0.0,8694.41,6782.87,1.0
p[2686],0.87,0.01,0.86,0.89,0.0,0.0,8694.72,6843.38,1.0
p[2687],0.87,0.01,0.86,0.89,0.0,0.0,8695.55,6843.38,1.0
p[2688],0.87,0.01,0.86,0.89,0.0,0.0,8697.15,6783.64,1.0
p[2689],0.91,0.01,0.89,0.93,0.0,0.0,11292.57,6608.17,1.0
p[2690],0.87,0.01,0.86,0.89,0.0,0.0,8699.04,6753.06,1.0
p[2691],0.85,0.01,0.83,0.87,0.0,0.0,8943.86,6548.25,1.0
p[2692],0.94,0.01,0.92,0.96,0.0,0.0,10697.44,5858.21,1.0
p[2693],0.85,0.01,0.83,0.87,0.0,0.0,8946.32,6548.05,1.0
p[2694],0.89,0.02,0.84,0.93,0.0,0.0,10719.39,5945.46,1.0
p[2695],0.91,0.01,0.89,0.93,0.0,0.0,9802.37,6794.94,1.0
p[2696],0.88,0.01,0.86,0.89,0.0,0.0,8709.44,6777.76,1.0
p[2697],0.86,0.02,0.83,0.89,0.0,0.0,10161.12,7000.49,1.0
p[2698],0.86,0.02,0.83,0.89,0.0,0.0,10161.12,7000.49,1.0
p[2699],0.83,0.02,0.8,0.86,0.0,0.0,9023.71,7058.39,1.0
p[2700],0.73,0.02,0.69,0.76,0.0,0.0,9017.11,6954.96,1.0
p[2701],0.85,0.01,0.83,0.87,0.0,0.0,8951.83,6605.19,1.0
p[2702],0.83,0.03,0.78,0.88,0.0,0.0,11572.05,6577.81,1.0
p[2703],0.89,0.01,0.86,0.91,0.0,0.0,9997.4,6969.28,1.0
p[2704],0.94,0.01,0.91,0.96,0.0,0.0,11352.4,6183.13,1.0
p[2705],0.89,0.01,0.87,0.91,0.0,0.0,9998.28,6969.28,1.0
p[2706],0.85,0.01,0.83,0.87,0.0,0.0,8954.91,6633.2,1.0
p[2707],0.73,0.02,0.69,0.76,0.0,0.0,9022.43,6874.32,1.0
p[2708],0.86,0.02,0.83,0.89,0.0,0.0,10167.63,6918.45,1.0
p[2709],0.85,0.01,0.83,0.87,0.0,0.0,8955.54,6604.62,1.0
p[2710],0.89,0.01,0.87,0.91,0.0,0.0,10000.59,6969.26,1.0
p[2711],0.86,0.02,0.81,0.9,0.0,0.0,10421.41,6414.92,1.0
p[2712],0.88,0.01,0.86,0.89,0.0,0.0,8729.22,6777.94,1.0
p[2713],0.91,0.01,0.89,0.93,0.0,0.0,11293.49,6754.74,1.0
p[2714],0.88,0.01,0.86,0.89,0.0,0.0,8730.18,6777.94,1.0
p[2715],0.88,0.01,0.86,0.89,0.0,0.0,8730.18,6777.94,1.0
p[2716],0.93,0.01,0.92,0.94,0.0,0.0,9286.02,6899.48,1.0
p[2717],0.88,0.01,0.86,0.89,0.0,0.0,8732.81,6777.94,1.0
p[2718],0.73,0.02,0.69,0.76,0.0,0.0,9026.98,6888.91,1.0
p[2719],0.88,0.01,0.86,0.89,0.0,0.0,8733.17,6747.42,1.0
p[2720],0.88,0.01,0.86,0.89,0.0,0.0,8735.66,6747.42,1.0
p[2721],0.85,0.01,0.83,0.87,0.0,0.0,8959.4,6580.17,1.0
p[2722],0.91,0.01,0.89,0.93,0.0,0.0,9821.31,6651.49,1.0
p[2723],0.84,0.02,0.81,0.88,0.0,0.0,10095.45,6631.52,1.0
p[2724],0.89,0.02,0.85,0.93,0.0,0.0,10699.86,5853.26,1.0
p[2725],0.86,0.02,0.83,0.89,0.0,0.0,10178.35,6887.81,1.0
p[2726],0.93,0.01,0.92,0.95,0.0,0.0,9297.45,6963.66,1.0
p[2727],0.88,0.01,0.86,0.89,0.0,0.0,8756.1,6624.04,1.0
p[2728],0.83,0.03,0.78,0.88,0.0,0.0,11580.17,6635.52,1.0
p[2729],0.88,0.01,0.86,0.89,0.0,0.0,8757.77,6748.43,1.0
p[2730],0.89,0.01,0.87,0.91,0.0,0.0,10011.04,7099.69,1.0
p[2731],0.93,0.01,0.92,0.95,0.0,0.0,9300.2,6932.85,1.0
p[2732],0.73,0.02,0.7,0.77,0.0,0.0,9043.89,6920.6,1.0
p[2733],0.85,0.01,0.83,0.87,0.0,0.0,8965.39,6638.76,1.0
p[2734],0.88,0.01,0.87,0.9,0.0,0.0,8766.93,6747.77,1.0
p[2735],0.85,0.01,0.84,0.87,0.0,0.0,8969.66,6697.47,1.0
p[2736],0.88,0.01,0.87,0.9,0.0,0.0,8771.19,6807.77,1.0
p[2737],0.86,0.02,0.82,0.91,0.0,0.0,10424.19,6386.12,1.0
p[2738],0.88,0.01,0.87,0.9,0.0,0.0,8781.17,6808.01,1.0
p[2739],0.88,0.01,0.87,0.9,0.0,0.0,8781.17,6808.01,1.0
p[2740],0.92,0.01,0.89,0.94,0.0,0.0,11296.13,6792.41,1.0
p[2741],0.88,0.01,0.87,0.9,0.0,0.0,8784.91,6717.6,1.0
p[2742],0.88,0.01,0.87,0.9,0.0,0.0,8787.17,6688.89,1.0
p[2743],0.88,0.01,0.87,0.9,0.0,0.0,8787.81,6688.89,1.0
p[2744],0.88,0.01,0.87,0.9,0.0,0.0,8788.93,6688.89,1.0
p[2745],0.95,0.01,0.92,0.97,0.0,0.0,10678.61,5792.72,1.0
p[2746],0.86,0.01,0.84,0.88,0.0,0.0,8978.08,6697.52,1.0
p[2747],0.85,0.02,0.82,0.88,0.0,0.0,10111.02,6659.75,1.0
p[2748],0.74,0.02,0.7,0.77,0.0,0.0,9064.33,6809.9,1.0
p[2749],0.86,0.01,0.84,0.88,0.0,0.0,8979.14,6697.37,1.0
p[2750],0.89,0.01,0.87,0.92,0.0,0.0,10021.13,7098.95,1.0
p[2751],0.84,0.02,0.81,0.87,0.0,0.0,9049.35,7117.14,1.0
p[2752],0.88,0.01,0.87,0.9,0.0,0.0,8801.47,6718.24,1.0
p[2753],0.84,0.03,0.79,0.89,0.0,0.0,11550.23,6549.05,1.0
p[2754],0.9,0.02,0.85,0.93,0.0,0.0,10683.93,5806.56,1.0
p[2755],0.89,0.01,0.87,0.92,0.0,0.0,10031.36,7033.43,1.0
p[2756],0.88,0.01,0.87,0.9,0.0,0.0,8808.61,6717.37,1.0
p[2757],0.86,0.01,0.84,0.88,0.0,0.0,8990.34,6638.17,1.0
p[2758],0.74,0.02,0.71,0.78,0.0,0.0,9080.17,6685.47,1.0
p[2759],0.87,0.02,0.82,0.91,0.0,0.0,10430.61,6524.36,1.0
p[2760],0.86,0.01,0.84,0.88,0.0,0.0,8991.77,6667.31,1.0
p[2761],0.9,0.01,0.87,0.92,0.0,0.0,10034.0,7066.08,1.0
p[2762],0.89,0.01,0.87,0.9,0.0,0.0,8828.29,6634.09,1.0
p[2763],0.89,0.01,0.87,0.9,0.0,0.0,8831.8,6601.25,1.0
p[2764],0.92,0.01,0.9,0.93,0.0,0.0,9862.68,6811.8,1.0
p[2765],0.89,0.01,0.87,0.9,0.0,0.0,8833.27,6601.25,1.0
p[2766],0.89,0.01,0.87,0.9,0.0,0.0,8837.85,6634.48,1.0
p[2767],0.89,0.01,0.87,0.9,0.0,0.0,8837.85,6634.48,1.0
p[2768],0.89,0.01,0.87,0.9,0.0,0.0,8839.23,6634.48,1.0
p[2769],0.74,0.02,0.71,0.78,0.0,0.0,9094.38,6867.71,1.0
p[2770],0.86,0.01,0.84,0.88,0.0,0.0,9001.07,6756.37,1.0
p[2771],0.92,0.01,0.9,0.93,0.0,0.0,9869.67,6778.63,1.0
p[2772],0.94,0.01,0.92,0.95,0.0,0.0,9342.25,6932.27,1.0
p[2773],0.85,0.02,0.82,0.89,0.0,0.0,10128.29,6748.27,1.0
p[2774],0.9,0.02,0.86,0.94,0.0,0.0,10671.77,5942.44,1.0
p[2775],0.86,0.01,0.84,0.88,0.0,0.0,9003.89,6726.62,1.0
p[2776],0.89,0.01,0.87,0.9,0.0,0.0,8860.22,6530.55,1.0
p[2777],0.87,0.01,0.84,0.9,0.0,0.0,10213.72,6921.67,1.0
p[2778],0.89,0.01,0.87,0.9,0.0,0.0,8863.8,6530.55,1.0
p[2779],0.84,0.03,0.8,0.89,0.0,0.0,11529.99,6437.63,1.0
p[2780],0.89,0.01,0.87,0.9,0.0,0.0,8870.51,6501.36,1.0
p[2781],0.75,0.02,0.71,0.78,0.0,0.0,9103.32,6774.29,1.0
p[2782],0.94,0.01,0.93,0.95,0.0,0.0,9353.97,6901.65,1.0
p[2783],0.87,0.02,0.83,0.92,0.0,0.0,10435.22,6412.9,1.0
p[2784],0.86,0.01,0.85,0.88,0.0,0.0,9017.28,6785.82,1.0
p[2785],0.86,0.01,0.85,0.88,0.0,0.0,9019.8,6756.23,1.0
p[2786],0.9,0.01,0.88,0.92,0.0,0.0,10048.02,7200.05,1.0
p[2787],0.9,0.01,0.88,0.92,0.0,0.0,10048.06,7200.0,1.0
p[2788],0.89,0.01,0.87,0.9,0.0,0.0,8893.92,6495.76,1.0
p[2789],0.75,0.02,0.72,0.79,0.0,0.0,9111.39,6744.81,1.0
p[2790],0.89,0.01,0.88,0.9,0.0,0.0,8900.33,6495.76,1.0
p[2791],0.89,0.01,0.88,0.9,0.0,0.0,8902.0,6594.5,1.0
p[2792],0.89,0.01,0.88,0.9,0.0,0.0,8902.48,6594.5,1.0
p[2793],0.89,0.01,0.88,0.9,0.0,0.0,8902.48,6594.5,1.0
p[2794],0.92,0.01,0.9,0.94,0.0,0.0,11293.41,6726.79,1.0
p[2795],0.89,0.01,0.88,0.9,0.0,0.0,8908.13,6594.5,1.0
p[2796],0.85,0.01,0.82,0.88,0.0,0.0,9088.8,7131.41,1.0
p[2797],0.89,0.01,0.88,0.9,0.0,0.0,8916.23,6508.28,1.0
p[2798],0.95,0.01,0.93,0.97,0.0,0.0,10667.59,6214.13,1.0
p[2799],0.87,0.01,0.85,0.88,0.0,0.0,9038.46,6816.59,1.0
p[2800],0.9,0.02,0.86,0.94,0.0,0.0,10653.34,6039.24,1.0
p[2801],0.89,0.01,0.88,0.9,0.0,0.0,8936.48,6577.56,1.0
p[2802],0.87,0.01,0.85,0.88,0.0,0.0,9046.38,6847.34,1.0
p[2803],0.89,0.01,0.88,0.9,0.0,0.0,8940.04,6577.56,1.0
p[2804],0.86,0.02,0.83,0.89,0.0,0.0,10160.9,6840.19,1.0
p[2805],0.9,0.01,0.88,0.92,0.0,0.0,10054.03,7233.9,1.0
p[2806],0.92,0.01,0.89,0.94,0.0,0.0,11710.29,6733.54,1.0
p[2807],0.76,0.02,0.72,0.79,0.0,0.0,9142.16,6777.52,1.0
p[2808],0.88,0.01,0.85,0.9,0.0,0.0,10238.72,6953.27,1.0
p[2809],0.88,0.02,0.84,0.92,0.0,0.0,10438.23,6355.03,1.0
p[2810],0.87,0.01,0.85,0.89,0.0,0.0,9054.44,6786.02,1.0
p[2811],0.85,0.02,0.8,0.89,0.0,0.0,11470.98,6576.53,1.0
p[2812],0.89,0.01,0.88,0.91,0.0,0.0,8973.98,6718.78,1.0
p[2813],0.87,0.01,0.85,0.89,0.0,0.0,9056.41,6786.02,1.0
p[2814],0.86,0.01,0.83,0.88,0.0,0.0,9110.87,7238.16,1.0
p[2815],0.89,0.01,0.88,0.91,0.0,0.0,8979.04,6748.98,1.0
p[2816],0.86,0.01,0.83,0.88,0.0,0.0,9110.87,7238.16,1.0
p[2817],0.89,0.01,0.88,0.91,0.0,0.0,8981.28,6748.98,1.0
p[2818],0.92,0.01,0.91,0.94,0.0,0.0,11304.4,6756.61,1.0
p[2819],0.76,0.02,0.73,0.79,0.0,0.0,9158.71,6746.14,1.0
p[2820],0.89,0.01,0.88,0.91,0.0,0.0,8984.86,6779.5,1.0
p[2821],0.89,0.01,0.88,0.91,0.0,0.0,8986.18,6779.5,1.0
p[2822],0.94,0.01,0.93,0.95,0.0,0.0,9401.88,7100.94,1.0
p[2823],0.89,0.01,0.88,0.91,0.0,0.0,8995.12,6779.48,1.0
p[2824],0.87,0.01,0.85,0.89,0.0,0.0,9068.32,6815.3,1.0
p[2825],0.9,0.01,0.88,0.92,0.0,0.0,10063.69,7166.26,1.0
p[2826],0.87,0.01,0.85,0.89,0.0,0.0,9073.69,6815.0,1.0
p[2827],0.91,0.02,0.87,0.94,0.0,0.0,10636.13,6013.5,1.0
p[2828],0.87,0.02,0.83,0.89,0.0,0.0,10186.93,6964.14,1.0
p[2829],0.9,0.01,0.88,0.91,0.0,0.0,9021.61,6839.89,1.0
p[2830],0.76,0.02,0.73,0.8,0.0,0.0,9185.88,6658.61,1.0
p[2831],0.92,0.01,0.91,0.94,0.0,0.0,9938.16,6628.68,1.0
p[2832],0.88,0.01,0.85,0.9,0.0,0.0,10259.54,6859.88,1.0
p[2833],0.9,0.01,0.88,0.91,0.0,0.0,9032.73,6840.31,1.0
p[2834],0.85,0.02,0.81,0.9,0.0,0.0,11432.3,6465.52,1.0
p[2835],0.87,0.01,0.86,0.89,0.0,0.0,9086.82,6845.18,1.0
p[2836],0.87,0.01,0.86,0.89,0.0,0.0,9088.84,6876.13,1.0
p[2837],0.91,0.01,0.89,0.93,0.0,0.0,10077.33,7067.15,1.0
p[2838],0.9,0.01,0.88,0.91,0.0,0.0,9046.02,6917.36,1.0
p[2839],0.94,0.01,0.93,0.95,0.0,0.0,9419.88,7201.22,1.0
p[2840],0.93,0.01,0.91,0.94,0.0,0.0,9944.54,6656.06,1.0
p[2841],0.86,0.01,0.83,0.89,0.0,0.0,9135.78,7168.62,1.0
p[2842],0.9,0.01,0.88,0.91,0.0,0.0,9050.68,6917.72,1.0
p[2843],0.88,0.02,0.84,0.92,0.0,0.0,10444.47,6410.18,1.0
p[2844],0.9,0.01,0.88,0.91,0.0,0.0,9053.59,6917.72,1.0
p[2845],0.91,0.01,0.89,0.93,0.0,0.0,10081.07,6996.75,1.0
p[2846],0.9,0.01,0.88,0.91,0.0,0.0,9054.77,6949.34,1.0
p[2847],0.77,0.02,0.73,0.8,0.0,0.0,9199.6,6684.9,1.0
p[2848],0.9,0.01,0.88,0.91,0.0,0.0,9057.47,6949.34,1.0
p[2849],0.9,0.01,0.88,0.91,0.0,0.0,9058.43,6949.34,1.0
p[2850],0.9,0.01,0.88,0.91,0.0,0.0,9060.72,6949.34,1.0
p[2851],0.93,0.01,0.91,0.95,0.0,0.0,11299.16,6894.51,1.0
p[2852],0.87,0.01,0.86,0.89,0.0,0.0,9114.52,6906.9,1.0
p[2853],0.95,0.01,0.93,0.97,0.0,0.0,10652.55,6080.8,1.0
p[2854],0.87,0.01,0.86,0.89,0.0,0.0,9115.77,6907.06,1.0
p[2855],0.91,0.01,0.89,0.93,0.0,0.0,10085.23,6838.51,1.0
p[2856],0.91,0.02,0.87,0.94,0.0,0.0,10738.55,6165.38,1.0
p[2857],0.93,0.01,0.91,0.94,0.0,0.0,9956.61,6471.55,1.0
p[2858],0.9,0.01,0.89,0.91,0.0,0.0,9094.92,6982.1,1.0
p[2859],0.86,0.02,0.81,0.9,0.0,0.0,11389.48,6493.67,1.0
p[2860],0.77,0.02,0.74,0.8,0.0,0.0,9220.31,6752.58,1.0
p[2861],0.91,0.01,0.89,0.93,0.0,0.0,10091.47,6838.34,1.0
p[2862],0.89,0.02,0.85,0.92,0.0,0.0,10445.91,6546.27,1.0
p[2863],0.88,0.01,0.86,0.89,0.0,0.0,9141.81,7101.44,1.0
p[2864],0.94,0.01,0.93,0.96,0.0,0.0,9455.28,7312.81,1.0
p[2865],0.88,0.01,0.86,0.89,0.0,0.0,9143.66,7101.27,1.0
p[2866],0.9,0.01,0.89,0.91,0.0,0.0,9133.38,6950.23,1.0
p[2867],0.9,0.01,0.89,0.91,0.0,0.0,9135.08,6918.59,1.0
p[2868],0.77,0.02,0.74,0.8,0.0,0.0,9236.07,6643.21,1.0
p[2869],0.91,0.01,0.89,0.93,0.0,0.0,10095.15,6839.36,1.0
p[2870],0.9,0.01,0.89,0.91,0.0,0.0,9140.73,6886.77,1.0
p[2871],0.9,0.01,0.89,0.91,0.0,0.0,9141.88,6886.77,1.0
p[2872],0.9,0.01,0.89,0.91,0.0,0.0,9146.13,6886.77,1.0
p[2873],0.9,0.01,0.89,0.91,0.0,0.0,9148.96,6855.72,1.0
p[2874],0.87,0.01,0.84,0.89,0.0,0.0,9183.27,7120.14,1.0
p[2875],0.88,0.01,0.86,0.89,0.0,0.0,9160.37,7003.85,1.0
p[2876],0.93,0.01,0.91,0.95,0.0,0.0,11288.51,6939.25,1.0
p[2877],0.87,0.01,0.84,0.89,0.0,0.0,9183.27,7120.14,1.0
p[2878],0.93,0.01,0.91,0.94,0.0,0.0,9974.46,6437.02,1.0
p[2879],0.9,0.01,0.89,0.91,0.0,0.0,9159.7,6950.58,1.0
p[2880],0.88,0.01,0.86,0.9,0.0,0.0,9168.24,7003.69,1.0
p[2881],0.91,0.02,0.88,0.95,0.0,0.0,10662.33,6319.94,1.0
p[2882],0.95,0.01,0.93,0.96,0.0,0.0,9486.76,7155.42,1.0
p[2883],0.89,0.01,0.86,0.91,0.0,0.0,10293.81,6903.22,1.0
p[2884],0.9,0.01,0.89,0.91,0.0,0.0,9183.39,6983.53,1.0
p[2885],0.87,0.02,0.85,0.9,0.0,0.0,10225.24,7023.37,1.0
p[2886],0.9,0.01,0.89,0.91,0.0,0.0,9189.06,6997.52,1.0
p[2887],0.78,0.02,0.74,0.81,0.0,0.0,9268.89,6284.99,1.0
p[2888],0.88,0.01,0.86,0.9,0.0,0.0,9185.27,7167.55,1.0
p[2889],0.91,0.01,0.89,0.93,0.0,0.0,10107.29,6840.98,1.0
p[2890],0.9,0.01,0.89,0.92,0.0,0.0,9199.81,6983.1,1.0
p[2891],0.86,0.02,0.82,0.9,0.0,0.0,11328.32,6634.58,1.0
p[2892],0.95,0.01,0.94,0.96,0.0,0.0,9506.07,7189.45,1.0
p[2893],0.87,0.01,0.84,0.89,0.0,0.0,9205.59,7039.69,1.0
p[2894],0.9,0.01,0.89,0.92,0.0,0.0,9212.84,6996.63,1.0
p[2895],0.9,0.01,0.89,0.92,0.0,0.0,9216.43,6996.63,1.0
p[2896],0.91,0.01,0.89,0.93,0.0,0.0,10113.17,6871.97,1.0
p[2897],0.9,0.01,0.89,0.92,0.0,0.0,9223.81,6933.24,1.0
p[2898],0.88,0.01,0.87,0.9,0.0,0.0,9201.63,7166.27,1.0
p[2899],0.9,0.01,0.89,0.92,0.0,0.0,9228.81,6933.56,1.0
p[2900],0.78,0.02,0.75,0.81,0.0,0.0,9287.47,6470.25,1.0
p[2901],0.9,0.01,0.89,0.92,0.0,0.0,9232.67,6965.65,1.0
p[2902],0.93,0.01,0.91,0.95,0.0,0.0,11719.94,6691.52,1.0
p[2903],0.88,0.01,0.87,0.9,0.0,0.0,9209.5,7167.33,1.0
p[2904],0.9,0.01,0.89,0.92,0.0,0.0,9238.66,6965.51,1.0
p[2905],0.93,0.01,0.91,0.95,0.0,0.0,11282.83,6998.28,1.0
p[2906],0.88,0.01,0.87,0.9,0.0,0.0,9214.86,7201.28,1.0
p[2907],0.92,0.02,0.88,0.95,0.0,0.0,10571.31,6328.5,1.0
p[2908],0.88,0.01,0.85,0.9,0.0,0.0,10247.76,6995.14,1.0
p[2909],0.96,0.01,0.94,0.97,0.0,0.0,10631.47,6178.54,1.0
p[2910],0.91,0.01,0.89,0.92,0.0,0.0,9267.07,7029.1,1.0
p[2911],0.87,0.02,0.83,0.91,0.0,0.0,11302.13,6633.78,1.0
p[2912],0.91,0.01,0.89,0.92,0.0,0.0,9269.37,7029.1,1.0
p[2913],0.78,0.02,0.75,0.81,0.0,0.0,9312.2,6270.31,1.0
p[2914],0.92,0.01,0.9,0.93,0.0,0.0,10121.75,6871.96,1.0
p[2915],0.89,0.02,0.86,0.93,0.0,0.0,10444.9,6521.04,1.0
p[2916],0.91,0.01,0.89,0.92,0.0,0.0,9285.79,7028.92,1.0
p[2917],0.89,0.01,0.87,0.9,0.0,0.0,9240.64,7164.22,1.0
p[2918],0.89,0.02,0.86,0.93,0.0,0.0,10445.16,6521.04,1.0
p[2919],0.79,0.02,0.75,0.82,0.0,0.0,9327.58,6270.0,1.0
p[2920],0.91,0.01,0.9,0.92,0.0,0.0,9309.09,7028.52,1.0
p[2921],0.91,0.01,0.9,0.92,0.0,0.0,9286.45,7028.52,1.0
p[2922],0.94,0.01,0.92,0.95,0.0,0.0,11276.61,6935.64,1.0
p[2923],0.91,0.01,0.9,0.92,0.0,0.0,9293.23,7093.92,1.0
p[2924],0.91,0.01,0.9,0.92,0.0,0.0,9295.42,7093.59,1.0
p[2925],0.91,0.01,0.9,0.92,0.0,0.0,9296.72,7093.78,1.0
p[2926],0.95,0.01,0.94,0.96,0.0,0.0,9568.04,7305.48,1.0
p[2927],0.89,0.01,0.87,0.9,0.0,0.0,9269.31,7164.25,1.0
p[2928],0.95,0.01,0.94,0.96,0.0,0.0,9570.4,7305.48,1.0
p[2929],0.93,0.01,0.91,0.95,0.0,0.0,11725.39,6738.93,1.0
p[2930],0.93,0.01,0.91,0.95,0.0,0.0,11725.39,6738.93,1.0
p[2931],0.88,0.01,0.86,0.91,0.0,0.0,10264.56,7156.74,1.0
p[2932],0.91,0.01,0.9,0.92,0.0,0.0,9311.6,7159.52,1.0
p[2933],0.91,0.01,0.9,0.92,0.0,0.0,9311.82,7159.52,1.0
p[2934],0.89,0.01,0.87,0.92,0.0,0.0,10305.55,7036.19,1.0
p[2935],0.92,0.02,0.89,0.95,0.0,0.0,10476.05,6477.32,1.0
p[2936],0.95,0.01,0.94,0.96,0.0,0.0,9580.82,7270.59,1.0
p[2937],0.92,0.01,0.9,0.94,0.0,0.0,10132.81,6709.41,1.0
p[2938],0.89,0.01,0.87,0.9,0.0,0.0,9291.18,7030.83,1.0
p[2939],0.92,0.01,0.9,0.94,0.0,0.0,10133.12,6709.67,1.0
p[2940],0.79,0.02,0.76,0.82,0.0,0.0,9363.19,6265.03,1.0
p[2941],0.94,0.01,0.92,0.95,0.0,0.0,10028.54,6331.67,1.0
p[2942],0.87,0.02,0.83,0.91,0.0,0.0,11223.21,6576.71,1.0
p[2943],0.95,0.01,0.94,0.96,0.0,0.0,9590.11,7306.24,1.0
p[2944],0.89,0.01,0.87,0.9,0.0,0.0,9300.96,6998.33,1.0
p[2945],0.9,0.02,0.86,0.93,0.0,0.0,10445.58,6493.63,1.0
p[2946],0.89,0.01,0.87,0.9,0.0,0.0,9306.11,6998.33,1.0
p[2947],0.93,0.01,0.91,0.95,0.0,0.0,11726.09,6740.73,1.0
p[2948],0.91,0.01,0.9,0.92,0.0,0.0,9335.81,7195.12,1.0
p[2949],0.92,0.01,0.9,0.94,0.0,0.0,10139.1,6739.29,1.0
p[2950],0.79,0.02,0.76,0.82,0.0,0.0,9376.51,6549.63,1.0
p[2951],0.94,0.01,0.92,0.95,0.0,0.0,11276.5,6855.49,1.0
p[2952],0.91,0.01,0.9,0.92,0.0,0.0,9345.93,7160.92,1.0
p[2953],0.91,0.01,0.9,0.92,0.0,0.0,9347.9,7160.92,1.0
p[2954],0.95,0.01,0.94,0.96,0.0,0.0,9613.21,7342.29,1.0
p[2955],0.91,0.01,0.9,0.92,0.0,0.0,9349.35,7160.66,1.0
p[2956],0.89,0.01,0.87,0.91,0.0,0.0,9323.59,6998.22,1.0
p[2957],0.91,0.01,0.9,0.92,0.0,0.0,9351.65,7160.66,1.0
p[2958],0.89,0.01,0.86,0.91,0.0,0.0,10388.26,7090.59,1.0
p[2959],0.89,0.01,0.87,0.91,0.0,0.0,9331.05,7030.12,1.0
p[2960],0.89,0.01,0.88,0.91,0.0,0.0,9342.86,7030.12,1.0
p[2961],0.94,0.01,0.92,0.95,0.0,0.0,10053.26,6398.68,1.0
p[2962],0.91,0.01,0.9,0.92,0.0,0.0,9367.99,7230.7,1.0
p[2963],0.88,0.02,0.84,0.91,0.0,0.0,11176.84,6633.4,1.0
p[2964],0.9,0.01,0.88,0.92,0.0,0.0,10251.92,7001.49,1.0
p[2965],0.9,0.01,0.88,0.92,0.0,0.0,10251.92,7001.49,1.0
p[2966],0.91,0.01,0.9,0.92,0.0,0.0,9373.44,7195.82,1.0
p[2967],0.91,0.01,0.9,0.92,0.0,0.0,9375.66,7195.82,1.0
p[2968],0.91,0.01,0.9,0.92,0.0,0.0,9375.66,7195.82,1.0
p[2969],0.92,0.02,0.89,0.95,0.0,0.0,10392.91,6444.81,1.0
p[2970],0.8,0.02,0.77,0.83,0.0,0.0,9411.19,6663.56,1.0
p[2971],0.89,0.01,0.88,0.91,0.0,0.0,9355.76,6998.36,1.0
p[2972],0.95,0.01,0.94,0.96,0.0,0.0,9639.57,7272.74,1.0
p[2973],0.89,0.01,0.88,0.91,0.0,0.0,9361.77,6998.55,1.0
p[2974],0.9,0.02,0.87,0.93,0.0,0.0,10441.75,6522.02,1.0
p[2975],0.93,0.01,0.92,0.95,0.0,0.0,11714.24,6489.73,1.0
p[2976],0.93,0.01,0.92,0.95,0.0,0.0,11714.24,6489.73,1.0
p[2977],0.95,0.01,0.94,0.96,0.0,0.0,9646.96,7343.21,1.0
p[2978],0.8,0.02,0.77,0.83,0.0,0.0,9430.29,6792.11,1.0
p[2979],0.91,0.01,0.9,0.93,0.0,0.0,9396.82,7128.05,1.0
p[2980],0.92,0.01,0.9,0.94,0.0,0.0,10152.88,6891.91,1.0
p[2981],0.95,0.01,0.94,0.96,0.0,0.0,9651.82,7308.14,1.0
p[2982],0.95,0.01,0.94,0.96,0.0,0.0,9654.73,7343.06,1.0
p[2983],0.89,0.01,0.88,0.91,0.0,0.0,9382.71,7064.09,1.0
p[2984],0.91,0.01,0.9,0.93,0.0,0.0,9406.65,7162.78,1.0
p[2985],0.89,0.01,0.88,0.91,0.0,0.0,9388.64,7031.69,1.0
p[2986],0.95,0.01,0.94,0.96,0.0,0.0,9661.1,7307.43,1.0
p[2987],0.92,0.02,0.89,0.95,0.0,0.0,10342.17,6431.56,1.0
p[2988],0.92,0.01,0.9,0.93,0.0,0.0,9427.71,7232.53,1.0
p[2989],0.92,0.01,0.9,0.93,0.0,0.0,9429.0,7197.89,1.0
p[2990],0.92,0.01,0.9,0.93,0.0,0.0,9434.31,7198.04,1.0
p[2991],0.94,0.01,0.92,0.95,0.0,0.0,11708.98,6663.61,1.0
p[2992],0.9,0.01,0.88,0.91,0.0,0.0,9411.46,7064.26,1.0
p[2993],0.92,0.01,0.9,0.93,0.0,0.0,9442.06,7163.87,1.0
p[2994],0.9,0.01,0.88,0.91,0.0,0.0,9417.79,7031.5,1.0
p[2995],0.92,0.01,0.91,0.94,0.0,0.0,10170.03,6739.05,1.0
p[2996],0.92,0.01,0.9,0.93,0.0,0.0,9453.65,7163.78,1.0
p[2997],0.95,0.01,0.94,0.96,0.0,0.0,9693.15,7342.58,1.0
p[2998],0.92,0.01,0.91,0.93,0.0,0.0,9457.24,7196.76,1.0
p[2999],0.92,0.01,0.91,0.93,0.0,0.0,9459.9,7196.76,1.0
p[3000],0.94,0.01,0.92,0.95,0.0,0.0,11703.99,6631.47,1.0
p[3001],0.94,0.01,0.93,0.95,0.0,0.0,10103.73,6309.32,1.0
p[3002],0.92,0.01,0.91,0.93,0.0,0.0,9464.79,7231.0,1.0
p[3003],0.92,0.01,0.91,0.93,0.0,0.0,9466.88,7231.44,1.0
p[3004],0.95,0.01,0.95,0.96,0.0,0.0,9708.65,7307.31,1.0
p[3005],0.92,0.01,0.91,0.93,0.0,0.0,9468.18,7266.57,1.0
p[3006],0.93,0.02,0.9,0.96,0.0,0.0,10268.06,6525.45,1.0
p[3007],0.9,0.01,0.88,0.91,0.0,0.0,9449.33,7097.55,1.0
p[3008],0.94,0.01,0.93,0.96,0.0,0.0,11264.92,7029.73,1.0
p[3009],0.9,0.01,0.88,0.91,0.0,0.0,9451.28,7097.55,1.0
p[3010],0.92,0.01,0.91,0.93,0.0,0.0,9480.82,7337.75,1.0
p[3011],0.92,0.01,0.91,0.93,0.0,0.0,9482.41,7337.75,1.0
p[3012],0.96,0.01,0.95,0.98,0.0,0.0,10595.75,6455.85,1.0
p[3013],0.9,0.01,0.88,0.91,0.0,0.0,9467.84,7131.25,1.0
p[3014],0.9,0.01,0.88,0.92,0.0,0.0,9468.46,7131.25,1.0
p[3015],0.93,0.01,0.91,0.94,0.0,0.0,10187.78,6749.55,1.0
p[3016],0.92,0.01,0.91,0.93,0.0,0.0,9501.53,7373.98,1.0
p[3017],0.96,0.01,0.95,0.97,0.0,0.0,9741.03,7307.57,1.0
p[3018],0.92,0.01,0.91,0.93,0.0,0.0,9519.0,7324.74,1.0
p[3019],0.9,0.01,0.89,0.92,0.0,0.0,9490.39,7165.31,1.0
p[3020],0.94,0.01,0.92,0.96,0.0,0.0,11691.85,6352.59,1.0
p[3021],0.94,0.01,0.92,0.96,0.0,0.0,11691.85,6352.59,1.0
p[3022],0.92,0.01,0.91,0.93,0.0,0.0,9539.41,7395.97,1.0
p[3023],0.92,0.01,0.91,0.93,0.0,0.0,9540.01,7432.74,1.0
p[3024],0.92,0.01,0.91,0.93,0.0,0.0,9541.02,7433.15,1.0
p[3025],0.8,0.04,0.72,0.87,0.0,0.0,10976.21,5979.11,1.0
p[3026],0.82,0.02,0.78,0.87,0.0,0.0,11642.3,6665.9,1.0
p[3027],0.73,0.02,0.7,0.76,0.0,0.0,9677.64,7414.75,1.0
p[3028],0.73,0.02,0.7,0.76,0.0,0.0,9671.66,7343.98,1.0
p[3029],0.79,0.02,0.75,0.84,0.0,0.0,10377.39,6872.58,1.0
p[3030],0.78,0.02,0.75,0.81,0.0,0.0,9750.95,7601.84,1.0
p[3031],0.78,0.02,0.75,0.81,0.0,0.0,9748.23,7526.66,1.0
p[3032],0.75,0.03,0.7,0.8,0.0,0.0,10697.29,7111.23,1.0
p[3033],0.73,0.02,0.7,0.77,0.0,0.0,9647.02,7204.34,1.0
p[3034],0.87,0.01,0.84,0.9,0.0,0.0,9606.34,7562.56,1.0
p[3035],0.8,0.04,0.73,0.87,0.0,0.0,10957.34,5814.73,1.0
p[3036],0.68,0.03,0.62,0.74,0.0,0.0,10967.53,6955.17,1.0
p[3037],0.87,0.01,0.85,0.9,0.0,0.0,9598.39,7563.42,1.0
p[3038],0.78,0.02,0.75,0.81,0.0,0.0,9734.69,7489.27,1.0
p[3039],0.74,0.02,0.71,0.77,0.0,0.0,9616.53,7202.18,1.0
p[3040],0.74,0.02,0.71,0.77,0.0,0.0,9614.52,7202.44,1.0
p[3041],0.8,0.02,0.76,0.84,0.0,0.0,10454.18,6748.53,1.0
p[3042],0.78,0.02,0.75,0.81,0.0,0.0,9721.55,7442.39,1.0
p[3043],0.78,0.01,0.76,0.81,0.0,0.0,9713.99,7416.83,1.0
p[3044],0.72,0.03,0.66,0.78,0.0,0.0,12247.73,6480.85,1.0
p[3045],0.84,0.02,0.81,0.87,0.0,0.0,10413.38,7053.23,1.0
p[3046],0.79,0.01,0.76,0.81,0.0,0.0,9703.11,7363.06,1.0
p[3047],0.79,0.01,0.76,0.81,0.0,0.0,9701.15,7391.85,1.0
p[3048],0.75,0.02,0.71,0.78,0.0,0.0,9557.03,7222.69,1.0
p[3049],0.81,0.02,0.77,0.84,0.0,0.0,10524.55,6646.65,1.0
p[3050],0.75,0.02,0.72,0.78,0.0,0.0,9536.54,7327.98,1.0
p[3051],0.73,0.03,0.67,0.79,0.0,0.0,12253.35,6399.34,1.0
p[3052],0.79,0.01,0.77,0.82,0.0,0.0,9653.2,7416.65,1.0
p[3053],0.75,0.02,0.72,0.78,0.0,0.0,9494.88,7222.37,1.0
p[3054],0.81,0.02,0.77,0.85,0.0,0.0,10465.64,6685.94,1.0
p[3055],0.85,0.02,0.81,0.89,0.0,0.0,11522.97,6705.82,1.0
p[3056],0.74,0.03,0.68,0.8,0.0,0.0,12265.14,6438.75,1.0
p[3057],0.76,0.02,0.73,0.79,0.0,0.0,9442.28,7023.28,1.0
p[3058],0.76,0.02,0.73,0.79,0.0,0.0,9436.5,6927.42,1.0
p[3059],0.82,0.02,0.78,0.85,0.0,0.0,10440.63,6511.02,1.0
p[3060],0.76,0.02,0.73,0.79,0.0,0.0,9433.14,6927.42,1.0
p[3061],0.83,0.03,0.76,0.89,0.0,0.0,10880.28,5643.38,1.0
p[3062],0.77,0.02,0.74,0.8,0.0,0.0,9389.07,6956.45,1.0
p[3063],0.77,0.02,0.74,0.8,0.0,0.0,9380.08,6833.08,1.0
p[3064],0.82,0.02,0.79,0.86,0.0,0.0,10418.82,6513.37,1.0
p[3065],0.86,0.02,0.83,0.89,0.0,0.0,10294.09,6715.56,1.0
p[3066],0.83,0.03,0.77,0.89,0.0,0.0,10850.75,5706.06,1.0
p[3067],0.81,0.01,0.79,0.83,0.0,0.0,9561.57,7152.73,1.0
p[3068],0.77,0.01,0.75,0.8,0.0,0.0,9334.8,6894.16,1.0
p[3069],0.83,0.02,0.8,0.86,0.0,0.0,10400.78,6348.97,1.0
p[3070],0.86,0.01,0.84,0.89,0.0,0.0,10262.53,6497.8,1.0
p[3071],0.81,0.01,0.79,0.84,0.0,0.0,9541.94,7065.55,1.0
p[3072],0.91,0.02,0.88,0.94,0.0,0.0,10868.53,6903.96,1.0
p[3073],0.78,0.01,0.75,0.81,0.0,0.0,9306.4,6898.38,1.0
p[3074],0.79,0.02,0.75,0.83,0.0,0.0,10654.8,7121.37,1.0
p[3075],0.79,0.02,0.75,0.83,0.0,0.0,10654.8,7121.37,1.0
p[3076],0.84,0.03,0.78,0.9,0.0,0.0,10825.68,5815.35,1.0
p[3077],0.82,0.01,0.79,0.84,0.0,0.0,9529.51,7033.67,1.0
p[3078],0.8,0.03,0.73,0.86,0.0,0.0,10552.06,6672.79,1.0
p[3079],0.78,0.01,0.75,0.81,0.0,0.0,9284.05,6897.88,1.0
p[3080],0.78,0.01,0.76,0.81,0.0,0.0,9278.98,6908.32,1.0
p[3081],0.84,0.02,0.8,0.87,0.0,0.0,10381.59,6407.61,1.0
p[3082],0.82,0.01,0.8,0.84,0.0,0.0,9518.16,6955.59,1.0
p[3083],0.63,0.02,0.58,0.67,0.0,0.0,9530.86,6830.97,1.0
p[3084],0.87,0.01,0.84,0.89,0.0,0.0,10229.87,6417.93,1.0
p[3085],0.82,0.01,0.8,0.84,0.0,0.0,9515.9,6939.41,1.0
p[3086],0.82,0.01,0.8,0.84,0.0,0.0,9515.09,6939.41,1.0
p[3087],0.87,0.01,0.84,0.9,0.0,0.0,10217.71,6391.33,1.0
p[3088],0.78,0.02,0.73,0.82,0.0,0.0,10620.97,7010.56,1.0
p[3089],0.79,0.01,0.76,0.81,0.0,0.0,9255.78,7025.59,1.0
p[3090],0.87,0.01,0.84,0.9,0.0,0.0,10217.44,6475.18,1.0
p[3091],0.79,0.01,0.76,0.81,0.0,0.0,9253.87,7057.93,1.0
p[3092],0.84,0.03,0.78,0.9,0.0,0.0,10803.31,5837.98,1.0
p[3093],0.76,0.04,0.69,0.83,0.0,0.0,11853.09,6937.46,1.0
p[3094],0.82,0.01,0.8,0.85,0.0,0.0,9502.75,7019.17,1.0
p[3095],0.8,0.02,0.76,0.84,0.0,0.0,10647.6,7220.57,1.0
p[3096],0.84,0.02,0.81,0.87,0.0,0.0,10359.65,6483.03,1.0
p[3097],0.8,0.03,0.74,0.86,0.0,0.0,10538.0,6621.23,1.0
p[3098],0.79,0.01,0.76,0.82,0.0,0.0,9233.56,7024.47,1.0
p[3099],0.79,0.01,0.76,0.82,0.0,0.0,9229.87,7024.37,1.0
p[3100],0.84,0.02,0.81,0.87,0.0,0.0,10356.42,6455.48,1.0
p[3101],0.64,0.02,0.59,0.68,0.0,0.0,9519.64,6800.33,1.0
p[3102],0.83,0.01,0.8,0.85,0.0,0.0,9486.04,7068.44,1.0
p[3103],0.87,0.02,0.84,0.91,0.0,0.0,11398.58,6644.73,1.0
p[3104],0.83,0.01,0.81,0.85,0.0,0.0,9484.14,7094.45,1.0
p[3105],0.83,0.01,0.81,0.85,0.0,0.0,9484.14,7094.45,1.0
p[3106],0.79,0.01,0.77,0.82,0.0,0.0,9208.37,7023.54,1.0
p[3107],0.78,0.02,0.74,0.83,0.0,0.0,10598.02,6945.56,1.0
p[3108],0.79,0.01,0.77,0.82,0.0,0.0,9201.82,7024.4,1.0
p[3109],0.92,0.02,0.89,0.95,0.0,0.0,10828.22,7069.52,1.0
p[3110],0.85,0.03,0.79,0.9,0.0,0.0,10782.18,5837.29,1.0
p[3111],0.8,0.02,0.76,0.84,0.0,0.0,10641.66,7220.11,1.0
p[3112],0.8,0.02,0.76,0.84,0.0,0.0,10641.66,7220.11,1.0
p[3113],0.77,0.03,0.7,0.83,0.0,0.0,11821.67,6932.64,1.0
p[3114],0.83,0.01,0.81,0.85,0.0,0.0,9475.29,7035.4,1.0
p[3115],0.83,0.01,0.81,0.85,0.0,0.0,9473.29,7033.9,1.0
p[3116],0.84,0.02,0.81,0.87,0.0,0.0,10337.42,6373.54,1.0
p[3117],0.65,0.02,0.6,0.69,0.0,0.0,9516.15,6834.18,1.0
p[3118],0.83,0.01,0.81,0.85,0.0,0.0,9472.08,6872.76,1.0
p[3119],0.81,0.03,0.75,0.87,0.0,0.0,10530.1,6564.21,1.0
p[3120],0.79,0.01,0.77,0.82,0.0,0.0,9185.99,7056.37,1.0
p[3121],0.85,0.02,0.81,0.88,0.0,0.0,10331.81,6372.93,1.0
p[3122],0.87,0.02,0.84,0.9,0.0,0.0,11724.64,6285.5,1.0
p[3123],0.65,0.02,0.6,0.69,0.0,0.0,9517.7,6728.88,1.0
p[3124],0.83,0.01,0.81,0.85,0.0,0.0,9466.58,6829.61,1.0
p[3125],0.83,0.01,0.81,0.85,0.0,0.0,9465.94,6829.61,1.0
p[3126],0.88,0.02,0.85,0.91,0.0,0.0,11372.06,6646.35,1.0
p[3127],0.83,0.01,0.81,0.85,0.0,0.0,9463.22,6829.61,1.0
p[3128],0.83,0.01,0.81,0.85,0.0,0.0,9463.34,6799.23,1.0
p[3129],0.83,0.01,0.81,0.85,0.0,0.0,9462.99,6799.23,1.0
p[3130],0.9,0.01,0.89,0.92,0.0,0.0,9313.97,6813.88,1.0
p[3131],0.8,0.01,0.78,0.82,0.0,0.0,9162.09,7089.3,1.0
p[3132],0.92,0.02,0.89,0.95,0.0,0.0,10809.89,7069.91,1.0
p[3133],0.85,0.03,0.8,0.91,0.0,0.0,10757.02,5817.57,1.0
p[3134],0.8,0.01,0.78,0.83,0.0,0.0,9155.07,7122.31,1.0
p[3135],0.79,0.02,0.75,0.83,0.0,0.0,10568.23,7076.47,1.0
p[3136],0.88,0.01,0.85,0.9,0.0,0.0,10142.73,6703.09,1.0
p[3137],0.77,0.03,0.71,0.84,0.0,0.0,11806.61,6839.53,1.0
p[3138],0.83,0.01,0.81,0.85,0.0,0.0,9453.92,6740.22,1.0
p[3139],0.83,0.01,0.81,0.85,0.0,0.0,9453.67,6890.43,1.0
p[3140],0.85,0.02,0.82,0.88,0.0,0.0,10305.7,6319.79,1.0
p[3141],0.65,0.02,0.61,0.7,0.0,0.0,9514.74,6799.29,1.0
p[3142],0.81,0.02,0.77,0.85,0.0,0.0,10627.37,7085.36,1.0
p[3143],0.84,0.01,0.82,0.85,0.0,0.0,9451.09,6969.66,1.0
p[3144],0.8,0.01,0.78,0.83,0.0,0.0,9143.14,7125.55,1.0
p[3145],0.81,0.03,0.75,0.87,0.0,0.0,10509.52,6611.46,1.0
p[3146],0.84,0.01,0.82,0.85,0.0,0.0,9449.74,7017.91,1.0
p[3147],0.8,0.01,0.78,0.83,0.0,0.0,9139.09,7163.38,1.0
p[3148],0.84,0.01,0.82,0.86,0.0,0.0,9447.39,6925.07,1.0
p[3149],0.91,0.01,0.89,0.92,0.0,0.0,9300.52,6880.72,1.0
p[3150],0.84,0.01,0.82,0.86,0.0,0.0,9446.47,6925.07,1.0
p[3151],0.66,0.02,0.62,0.7,0.0,0.0,9513.54,6592.47,1.0
p[3152],0.84,0.01,0.82,0.86,0.0,0.0,9445.63,6849.29,1.0
p[3153],0.88,0.02,0.86,0.91,0.0,0.0,11336.64,6704.25,1.0
p[3154],0.84,0.01,0.82,0.86,0.0,0.0,9443.64,6789.47,1.0
p[3155],0.8,0.01,0.78,0.83,0.0,0.0,9122.91,7300.6,1.0
p[3156],0.85,0.02,0.82,0.88,0.0,0.0,10284.61,6483.3,1.0
p[3157],0.88,0.01,0.86,0.9,0.0,0.0,10109.07,6830.18,1.0
p[3158],0.85,0.02,0.82,0.88,0.0,0.0,10280.03,6567.77,1.0
p[3159],0.79,0.02,0.75,0.82,0.0,0.0,9438.97,7206.35,1.0
p[3160],0.81,0.01,0.78,0.83,0.0,0.0,9118.17,7090.6,1.0
p[3161],0.82,0.02,0.78,0.85,0.0,0.0,10619.12,7053.8,1.0
p[3162],0.82,0.02,0.78,0.85,0.0,0.0,10619.12,7053.8,1.0
p[3163],0.78,0.03,0.72,0.84,0.0,0.0,11782.87,6779.14,1.0
p[3164],0.92,0.02,0.89,0.95,0.0,0.0,10778.16,6967.07,1.0
p[3165],0.84,0.01,0.82,0.86,0.0,0.0,9437.95,7123.63,1.0
p[3166],0.86,0.03,0.8,0.91,0.0,0.0,10733.27,5823.08,1.0
p[3167],0.84,0.01,0.82,0.86,0.0,0.0,9436.66,7110.31,1.0
p[3168],0.85,0.02,0.83,0.88,0.0,0.0,10275.79,6567.77,1.0
p[3169],0.66,0.02,0.62,0.71,0.0,0.0,9514.6,6563.06,1.0
p[3170],0.92,0.02,0.89,0.95,0.0,0.0,11277.95,6098.02,1.0
p[3171],0.84,0.01,0.82,0.86,0.0,0.0,9437.1,7078.39,1.0
p[3172],0.81,0.01,0.79,0.83,0.0,0.0,9108.15,7124.67,1.0
p[3173],0.81,0.01,0.79,0.83,0.0,0.0,9108.4,7124.67,1.0
p[3174],0.82,0.03,0.76,0.87,0.0,0.0,10494.89,6603.48,1.0
p[3175],0.86,0.02,0.83,0.89,0.0,0.0,10269.69,6538.52,1.0
p[3176],0.84,0.01,0.82,0.86,0.0,0.0,9435.41,7024.77,1.0
p[3177],0.67,0.02,0.62,0.71,0.0,0.0,9514.99,6648.0,1.0
p[3178],0.91,0.01,0.89,0.93,0.0,0.0,9289.03,6791.81,1.0
p[3179],0.84,0.01,0.82,0.86,0.0,0.0,9434.51,6991.96,1.0
p[3180],0.89,0.02,0.86,0.92,0.0,0.0,11309.7,6792.29,1.0
p[3181],0.84,0.01,0.82,0.86,0.0,0.0,9434.19,7056.88,1.0
p[3182],0.84,0.01,0.82,0.86,0.0,0.0,9433.51,7056.43,1.0
p[3183],0.88,0.02,0.85,0.91,0.0,0.0,11832.29,6318.17,1.0
p[3184],0.81,0.01,0.79,0.83,0.0,0.0,9097.18,7052.04,1.0
p[3185],0.91,0.01,0.89,0.93,0.0,0.0,9286.11,6762.23,1.0
p[3186],0.8,0.02,0.76,0.84,0.0,0.0,10526.38,7031.76,1.0
p[3187],0.81,0.01,0.79,0.83,0.0,0.0,9094.15,7018.65,1.0
p[3188],0.82,0.02,0.78,0.86,0.0,0.0,10612.81,7016.33,1.0
p[3189],0.89,0.01,0.86,0.91,0.0,0.0,10068.77,6799.99,1.0
p[3190],0.86,0.03,0.81,0.91,0.0,0.0,10712.72,5779.36,1.0
p[3191],0.79,0.03,0.73,0.85,0.0,0.0,11773.04,6838.37,1.0
p[3192],0.85,0.01,0.83,0.86,0.0,0.0,9432.39,7091.39,1.0
p[3193],0.85,0.01,0.83,0.86,0.0,0.0,9432.11,7091.39,1.0
p[3194],0.86,0.02,0.83,0.89,0.0,0.0,10248.89,6510.97,1.0
p[3195],0.67,0.02,0.63,0.72,0.0,0.0,9515.74,6620.93,1.0
p[3196],0.85,0.01,0.83,0.86,0.0,0.0,9432.65,7158.63,1.0
p[3197],0.85,0.01,0.83,0.86,0.0,0.0,9431.55,7191.51,1.0
p[3198],0.83,0.03,0.77,0.88,0.0,0.0,10483.6,6599.39,1.0
p[3199],0.81,0.01,0.79,0.84,0.0,0.0,9084.33,7050.02,1.0
p[3200],0.89,0.01,0.86,0.91,0.0,0.0,10056.89,6769.94,1.0
p[3201],0.81,0.01,0.79,0.84,0.0,0.0,9082.81,7082.5,1.0
p[3202],0.85,0.01,0.83,0.87,0.0,0.0,9429.72,7159.72,1.0
p[3203],0.67,0.02,0.63,0.72,0.0,0.0,9516.72,6593.74,1.0
p[3204],0.85,0.01,0.83,0.87,0.0,0.0,9430.15,7126.35,1.0
p[3205],0.85,0.01,0.83,0.87,0.0,0.0,9430.25,7150.49,1.0
p[3206],0.85,0.01,0.83,0.87,0.0,0.0,9430.25,7150.49,1.0
p[3207],0.93,0.01,0.9,0.95,0.0,0.0,10743.3,7057.18,1.0
p[3208],0.81,0.02,0.77,0.84,0.0,0.0,10499.79,7164.99,1.0
p[3209],0.82,0.01,0.8,0.84,0.0,0.0,9071.48,7083.78,1.0
p[3210],0.8,0.02,0.76,0.83,0.0,0.0,9417.12,7007.89,1.0
p[3211],0.82,0.01,0.8,0.84,0.0,0.0,9069.82,7084.45,1.0
p[3212],0.85,0.01,0.83,0.87,0.0,0.0,9430.13,7136.58,1.0
p[3213],0.87,0.03,0.82,0.92,0.0,0.0,10681.64,5686.69,1.0
p[3214],0.86,0.01,0.84,0.89,0.0,0.0,10214.58,6482.78,1.0
p[3215],0.68,0.02,0.64,0.72,0.0,0.0,9521.85,6533.92,1.0
p[3216],0.86,0.01,0.84,0.89,0.0,0.0,10210.55,6482.78,1.0
p[3217],0.89,0.01,0.87,0.92,0.0,0.0,11253.3,6767.96,1.0
p[3218],0.85,0.01,0.83,0.87,0.0,0.0,9432.33,7088.14,1.0
p[3219],0.82,0.01,0.8,0.84,0.0,0.0,9061.62,7151.79,1.0
p[3220],0.83,0.03,0.77,0.88,0.0,0.0,10470.03,6583.77,1.0
p[3221],0.68,0.02,0.64,0.73,0.0,0.0,9521.9,6533.81,1.0
p[3222],0.83,0.02,0.8,0.86,0.0,0.0,10592.35,7185.55,1.0
p[3223],0.85,0.01,0.83,0.87,0.0,0.0,9435.81,6957.62,1.0
p[3224],0.8,0.03,0.74,0.86,0.0,0.0,11730.03,6906.6,1.0
p[3225],0.89,0.01,0.87,0.91,0.0,0.0,10009.7,6832.67,1.0
p[3226],0.85,0.01,0.83,0.87,0.0,0.0,9435.47,6958.13,1.0
p[3227],0.85,0.01,0.84,0.87,0.0,0.0,9435.46,6958.13,1.0
p[3228],0.85,0.01,0.84,0.87,0.0,0.0,9435.46,6958.13,1.0
p[3229],0.92,0.01,0.9,0.93,0.0,0.0,9254.12,6642.81,1.0
p[3230],0.87,0.01,0.84,0.89,0.0,0.0,10189.78,6538.49,1.0
p[3231],0.82,0.01,0.8,0.85,0.0,0.0,9052.91,7220.81,1.0
p[3232],0.82,0.01,0.8,0.85,0.0,0.0,9050.82,7152.42,1.0
p[3233],0.89,0.01,0.87,0.91,0.0,0.0,9998.26,6772.92,1.0
p[3234],0.83,0.02,0.8,0.87,0.0,0.0,10586.61,7152.23,1.0
p[3235],0.83,0.02,0.8,0.87,0.0,0.0,10586.61,7152.23,1.0
p[3236],0.86,0.01,0.84,0.87,0.0,0.0,9437.37,6960.97,1.0
p[3237],0.87,0.03,0.82,0.92,0.0,0.0,10654.87,5671.72,1.0
p[3238],0.82,0.02,0.78,0.85,0.0,0.0,10463.05,7032.68,1.0
p[3239],0.69,0.02,0.65,0.73,0.0,0.0,9525.9,6742.12,1.0
p[3240],0.83,0.02,0.8,0.87,0.0,0.0,10584.52,7289.3,1.0
p[3241],0.92,0.01,0.9,0.93,0.0,0.0,9246.96,6643.18,1.0
p[3242],0.86,0.01,0.84,0.87,0.0,0.0,9436.6,6929.24,1.0
p[3243],0.86,0.01,0.84,0.87,0.0,0.0,9436.97,6929.24,1.0
p[3244],0.87,0.01,0.84,0.9,0.0,0.0,10176.86,6481.54,1.0
p[3245],0.8,0.03,0.74,0.86,0.0,0.0,11697.42,6969.6,1.0
p[3246],0.83,0.01,0.81,0.85,0.0,0.0,9046.71,7085.73,1.0
p[3247],0.86,0.01,0.84,0.87,0.0,0.0,9441.78,7024.5,1.0
p[3248],0.83,0.01,0.81,0.85,0.0,0.0,9044.88,7019.69,1.0
p[3249],0.69,0.02,0.65,0.73,0.0,0.0,9525.43,6864.62,1.0
p[3250],0.86,0.01,0.84,0.87,0.0,0.0,9441.8,6743.8,1.0
p[3251],0.87,0.01,0.84,0.9,0.0,0.0,10167.99,6454.94,1.0
p[3252],0.84,0.03,0.78,0.89,0.0,0.0,10459.32,6612.31,1.0
p[3253],0.86,0.01,0.84,0.87,0.0,0.0,9442.02,6803.82,1.0
p[3254],0.86,0.01,0.84,0.87,0.0,0.0,9442.44,6803.52,1.0
p[3255],0.81,0.02,0.78,0.84,0.0,0.0,9412.93,7174.52,1.0
p[3256],0.9,0.01,0.87,0.93,0.0,0.0,11202.35,6799.71,1.0
p[3257],0.86,0.01,0.84,0.88,0.0,0.0,9443.14,6730.04,1.0
p[3258],0.83,0.01,0.81,0.85,0.0,0.0,9044.03,6955.26,1.0
p[3259],0.82,0.02,0.78,0.86,0.0,0.0,10445.36,7043.24,1.0
p[3260],0.83,0.01,0.81,0.85,0.0,0.0,9042.83,6921.21,1.0
p[3261],0.93,0.01,0.91,0.96,0.0,0.0,10692.62,7023.04,1.0
p[3262],0.88,0.03,0.83,0.92,0.0,0.0,10812.98,5836.36,1.0
p[3263],0.89,0.01,0.86,0.92,0.0,0.0,11733.23,6243.95,1.0
p[3264],0.81,0.03,0.75,0.86,0.0,0.0,11667.63,6937.12,1.0
p[3265],0.86,0.01,0.84,0.88,0.0,0.0,9443.1,6740.33,1.0
p[3266],0.87,0.01,0.85,0.9,0.0,0.0,10151.91,6372.05,1.0
p[3267],0.83,0.01,0.81,0.85,0.0,0.0,9039.24,7051.01,1.0
p[3268],0.86,0.01,0.84,0.88,0.0,0.0,9443.29,6740.47,1.0
p[3269],0.7,0.02,0.66,0.74,0.0,0.0,9526.19,6927.05,1.0
p[3270],0.84,0.03,0.79,0.89,0.0,0.0,10453.23,6669.38,1.0
p[3271],0.84,0.02,0.81,0.87,0.0,0.0,10573.11,7119.95,1.0
p[3272],0.83,0.01,0.81,0.85,0.0,0.0,9036.53,7139.02,1.0
p[3273],0.86,0.01,0.84,0.88,0.0,0.0,9448.52,6785.79,1.0
p[3274],0.86,0.01,0.84,0.88,0.0,0.0,9448.18,6785.79,1.0
p[3275],0.7,0.02,0.66,0.74,0.0,0.0,9527.7,6895.87,1.0
p[3276],0.9,0.01,0.88,0.93,0.0,0.0,11171.72,6770.43,1.0
p[3277],0.86,0.01,0.85,0.88,0.0,0.0,9448.67,6800.91,1.0
p[3278],0.86,0.01,0.85,0.88,0.0,0.0,9448.87,6800.91,1.0
p[3279],0.86,0.01,0.85,0.88,0.0,0.0,9449.58,6800.91,1.0
p[3280],0.83,0.01,0.81,0.85,0.0,0.0,9036.83,7049.03,1.0
p[3281],0.92,0.01,0.91,0.94,0.0,0.0,9237.57,6723.76,1.0
p[3282],0.88,0.01,0.85,0.9,0.0,0.0,10133.17,6400.44,1.0
p[3283],0.83,0.02,0.79,0.86,0.0,0.0,10408.01,7092.64,1.0
p[3284],0.83,0.01,0.81,0.85,0.0,0.0,9035.84,7080.36,1.0
p[3285],0.9,0.01,0.88,0.92,0.0,0.0,9939.87,6802.06,1.0
p[3286],0.86,0.01,0.85,0.88,0.0,0.0,9461.92,6579.29,1.0
p[3287],0.88,0.02,0.83,0.92,0.0,0.0,10719.98,5769.92,1.0
p[3288],0.81,0.03,0.76,0.87,0.0,0.0,11618.79,7001.04,1.0
p[3289],0.87,0.01,0.85,0.88,0.0,0.0,9458.84,6495.08,1.0
p[3290],0.71,0.02,0.67,0.75,0.0,0.0,9535.3,6744.54,1.0
p[3291],0.88,0.01,0.85,0.9,0.0,0.0,10119.24,6257.53,1.0
p[3292],0.92,0.01,0.91,0.94,0.0,0.0,9234.78,6907.74,1.0
p[3293],0.87,0.01,0.85,0.88,0.0,0.0,9455.43,6481.93,1.0
p[3294],0.84,0.01,0.82,0.86,0.0,0.0,9034.68,7080.5,1.0
p[3295],0.87,0.01,0.85,0.88,0.0,0.0,9454.89,6481.93,1.0
p[3296],0.85,0.03,0.8,0.89,0.0,0.0,10445.27,6641.2,1.0
p[3297],0.84,0.01,0.82,0.86,0.0,0.0,9033.85,7080.5,1.0
p[3298],0.9,0.01,0.88,0.92,0.0,0.0,9915.13,6682.34,1.0
p[3299],0.82,0.02,0.79,0.85,0.0,0.0,9411.8,7075.13,1.0
p[3300],0.87,0.01,0.85,0.88,0.0,0.0,9447.4,6221.37,1.0
p[3301],0.87,0.01,0.85,0.88,0.0,0.0,9441.7,6286.62,1.0
p[3302],0.71,0.02,0.67,0.75,0.0,0.0,9537.97,6742.36,1.0
p[3303],0.88,0.01,0.85,0.91,0.0,0.0,10104.05,6445.29,1.0
p[3304],0.87,0.01,0.85,0.88,0.0,0.0,9437.88,6274.65,1.0
p[3305],0.87,0.01,0.85,0.88,0.0,0.0,9437.03,6274.65,1.0
p[3306],0.84,0.01,0.82,0.86,0.0,0.0,9033.51,7113.51,1.0
p[3307],0.85,0.02,0.82,0.88,0.0,0.0,10557.27,7119.59,1.0
p[3308],0.84,0.01,0.82,0.86,0.0,0.0,9033.56,7114.42,1.0
p[3309],0.94,0.01,0.91,0.96,0.0,0.0,10645.45,6965.25,1.0
p[3310],0.88,0.01,0.86,0.91,0.0,0.0,10094.08,6446.31,1.0
p[3311],0.88,0.02,0.84,0.93,0.0,0.0,10635.4,5683.34,1.0
p[3312],0.9,0.01,0.88,0.92,0.0,0.0,9886.12,6667.7,1.0
p[3313],0.87,0.01,0.85,0.88,0.0,0.0,9426.54,6203.57,1.0
p[3314],0.91,0.01,0.88,0.93,0.0,0.0,11111.26,6783.99,1.0
p[3315],0.82,0.03,0.77,0.87,0.0,0.0,11562.03,6969.21,1.0
p[3316],0.71,0.02,0.67,0.75,0.0,0.0,9545.81,6684.01,1.0
p[3317],0.88,0.01,0.86,0.91,0.0,0.0,10086.23,6431.89,1.0
p[3318],0.87,0.01,0.85,0.89,0.0,0.0,9423.39,6203.85,1.0
p[3319],0.84,0.01,0.82,0.86,0.0,0.0,9038.52,7113.85,1.0
p[3320],0.84,0.01,0.82,0.86,0.0,0.0,9038.14,7113.95,1.0
p[3321],0.85,0.03,0.8,0.9,0.0,0.0,10430.23,6699.18,1.0
p[3322],0.88,0.01,0.86,0.91,0.0,0.0,10081.59,6378.34,1.0
p[3323],0.87,0.01,0.85,0.89,0.0,0.0,9414.79,6213.98,1.0
p[3324],0.72,0.02,0.68,0.76,0.0,0.0,9548.24,6683.61,1.0
p[3325],0.83,0.02,0.8,0.86,0.0,0.0,9411.75,7007.48,1.0
p[3326],0.83,0.02,0.8,0.86,0.0,0.0,9411.75,7007.48,1.0
p[3327],0.87,0.01,0.86,0.89,0.0,0.0,9407.3,6334.83,1.0
p[3328],0.87,0.01,0.86,0.89,0.0,0.0,9406.74,6347.21,1.0
p[3329],0.84,0.01,0.82,0.86,0.0,0.0,9139.08,7148.67,1.0
p[3330],0.87,0.01,0.86,0.89,0.0,0.0,9405.96,6346.37,1.0
p[3331],0.84,0.01,0.82,0.86,0.0,0.0,9135.04,7182.68,1.0
p[3332],0.91,0.01,0.89,0.93,0.0,0.0,9856.03,6689.24,1.0
p[3333],0.84,0.02,0.8,0.87,0.0,0.0,10362.38,7274.31,1.0
p[3334],0.93,0.01,0.91,0.94,0.0,0.0,9228.69,6813.93,1.0
p[3335],0.91,0.01,0.89,0.93,0.0,0.0,11077.01,6769.02,1.0
p[3336],0.89,0.02,0.84,0.93,0.0,0.0,10551.32,5831.71,1.0
p[3337],0.85,0.02,0.82,0.89,0.0,0.0,10547.32,7227.71,1.0
p[3338],0.83,0.03,0.77,0.88,0.0,0.0,11520.49,7028.09,1.0
p[3339],0.93,0.01,0.92,0.94,0.0,0.0,9229.64,6797.73,1.0
p[3340],0.72,0.02,0.68,0.76,0.0,0.0,9560.22,6680.32,1.0
p[3341],0.85,0.01,0.83,0.87,0.0,0.0,9124.26,7305.71,1.0
p[3342],0.86,0.02,0.81,0.9,0.0,0.0,10423.69,6672.82,1.0
p[3343],0.87,0.01,0.86,0.89,0.0,0.0,9396.25,6314.95,1.0
p[3344],0.89,0.01,0.86,0.91,0.0,0.0,10064.71,6325.26,1.0
p[3345],0.87,0.01,0.86,0.89,0.0,0.0,9396.0,6261.36,1.0
p[3346],0.88,0.01,0.86,0.89,0.0,0.0,9395.0,6261.06,1.0
p[3347],0.85,0.01,0.83,0.87,0.0,0.0,9118.64,7357.87,1.0
p[3348],0.88,0.01,0.86,0.89,0.0,0.0,9393.53,6312.87,1.0
p[3349],0.88,0.01,0.86,0.89,0.0,0.0,9392.94,6312.87,1.0
p[3350],0.72,0.02,0.69,0.76,0.0,0.0,9564.22,6682.18,1.0
p[3351],0.89,0.01,0.86,0.91,0.0,0.0,10057.67,6273.65,1.0
p[3352],0.9,0.01,0.88,0.93,0.0,0.0,11613.42,6080.02,1.0
p[3353],0.88,0.01,0.86,0.89,0.0,0.0,9389.47,6311.06,1.0
p[3354],0.85,0.01,0.83,0.87,0.0,0.0,9104.05,7393.63,1.0
p[3355],0.84,0.02,0.81,0.87,0.0,0.0,10353.95,7265.65,1.0
p[3356],0.88,0.01,0.86,0.89,0.0,0.0,9387.28,6250.87,1.0
p[3357],0.85,0.01,0.83,0.87,0.0,0.0,9100.38,7393.21,1.0
p[3358],0.89,0.02,0.85,0.93,0.0,0.0,10482.19,5789.26,1.0
p[3359],0.88,0.01,0.86,0.89,0.0,0.0,9383.82,6200.47,1.0
p[3360],0.94,0.01,0.92,0.97,0.0,0.0,10597.7,7061.34,1.0
p[3361],0.88,0.01,0.86,0.89,0.0,0.0,9381.65,6182.09,1.0
p[3362],0.94,0.01,0.92,0.97,0.0,0.0,11060.09,6069.76,1.0
p[3363],0.83,0.03,0.78,0.88,0.0,0.0,11493.05,7060.47,1.0
p[3364],0.73,0.02,0.69,0.77,0.0,0.0,9575.3,6712.34,1.0
p[3365],0.89,0.01,0.87,0.91,0.0,0.0,10037.65,6378.27,1.0
p[3366],0.93,0.01,0.92,0.95,0.0,0.0,9237.95,6735.43,1.0
p[3367],0.85,0.01,0.83,0.87,0.0,0.0,9082.2,7412.58,1.0
p[3368],0.85,0.01,0.83,0.87,0.0,0.0,9079.3,7463.59,1.0
p[3369],0.91,0.01,0.88,0.93,0.0,0.0,11586.11,6205.8,1.0
p[3370],0.91,0.01,0.88,0.93,0.0,0.0,11586.11,6205.8,1.0
p[3371],0.89,0.01,0.87,0.91,0.0,0.0,10032.79,6432.57,1.0
p[3372],0.88,0.01,0.86,0.89,0.0,0.0,9379.61,6369.17,1.0
p[3373],0.73,0.02,0.7,0.77,0.0,0.0,9579.75,6623.89,1.0
p[3374],0.86,0.02,0.82,0.91,0.0,0.0,10405.9,6648.26,1.0
p[3375],0.92,0.01,0.89,0.94,0.0,0.0,11012.91,6937.9,1.0
p[3376],0.88,0.01,0.86,0.9,0.0,0.0,9376.94,6543.63,1.0
p[3377],0.88,0.01,0.86,0.9,0.0,0.0,9375.99,6543.63,1.0
p[3378],0.88,0.01,0.86,0.9,0.0,0.0,9374.84,6543.4,1.0
p[3379],0.93,0.01,0.92,0.95,0.0,0.0,9238.57,6736.57,1.0
p[3380],0.85,0.01,0.84,0.87,0.0,0.0,9066.17,7411.17,1.0
p[3381],0.88,0.01,0.87,0.9,0.0,0.0,9371.1,6616.35,1.0
p[3382],0.85,0.01,0.84,0.87,0.0,0.0,9065.29,7394.14,1.0
p[3383],0.93,0.01,0.92,0.95,0.0,0.0,9237.82,6736.46,1.0
p[3384],0.93,0.01,0.92,0.95,0.0,0.0,9239.14,6707.01,1.0
p[3385],0.9,0.02,0.85,0.93,0.0,0.0,10390.8,5923.75,1.0
p[3386],0.91,0.01,0.89,0.93,0.0,0.0,9794.09,6856.31,1.0
p[3387],0.86,0.02,0.84,0.89,0.0,0.0,10534.82,7131.77,1.0
p[3388],0.85,0.02,0.82,0.88,0.0,0.0,10345.56,7265.06,1.0
p[3389],0.84,0.03,0.79,0.89,0.0,0.0,11503.57,6912.61,1.0
p[3390],0.74,0.02,0.7,0.77,0.0,0.0,9590.92,6401.31,1.0
p[3391],0.88,0.01,0.87,0.9,0.0,0.0,9367.11,6586.99,1.0
p[3392],0.87,0.02,0.82,0.91,0.0,0.0,10394.53,6619.66,1.0
p[3393],0.88,0.01,0.87,0.9,0.0,0.0,9367.97,6474.58,1.0
p[3394],0.86,0.01,0.84,0.88,0.0,0.0,9049.44,7235.9,1.0
p[3395],0.86,0.01,0.84,0.88,0.0,0.0,9047.72,7235.67,1.0
p[3396],0.88,0.01,0.87,0.9,0.0,0.0,9368.42,6489.97,1.0
p[3397],0.89,0.01,0.87,0.92,0.0,0.0,10001.15,6601.41,1.0
p[3398],0.91,0.01,0.89,0.93,0.0,0.0,11549.73,6392.54,1.0
p[3399],0.89,0.01,0.87,0.92,0.0,0.0,10000.31,6601.41,1.0
p[3400],0.88,0.01,0.87,0.9,0.0,0.0,9367.29,6530.79,1.0
p[3401],0.88,0.01,0.87,0.9,0.0,0.0,9367.76,6557.21,1.0
p[3402],0.94,0.01,0.92,0.95,0.0,0.0,9241.24,6677.31,1.0
p[3403],0.88,0.01,0.87,0.9,0.0,0.0,9367.65,6557.21,1.0
p[3404],0.74,0.02,0.7,0.78,0.0,0.0,9599.17,6295.37,1.0
p[3405],0.86,0.01,0.84,0.88,0.0,0.0,9035.62,7185.28,1.0
p[3406],0.88,0.01,0.87,0.9,0.0,0.0,9367.25,6615.39,1.0
p[3407],0.92,0.01,0.9,0.94,0.0,0.0,10970.31,6987.98,1.0
p[3408],0.94,0.01,0.92,0.95,0.0,0.0,9239.93,6738.69,1.0
p[3409],0.86,0.01,0.84,0.88,0.0,0.0,9034.99,7152.18,1.0
p[3410],0.92,0.01,0.9,0.93,0.0,0.0,9769.54,6853.23,1.0
p[3411],0.85,0.02,0.82,0.88,0.0,0.0,10335.29,7232.04,1.0
p[3412],0.9,0.02,0.86,0.94,0.0,0.0,10325.1,5923.58,1.0
p[3413],0.87,0.02,0.84,0.9,0.0,0.0,10528.85,7132.18,1.0
p[3414],0.87,0.02,0.84,0.9,0.0,0.0,10528.85,7132.18,1.0
p[3415],0.89,0.01,0.87,0.9,0.0,0.0,9360.94,6712.46,1.0
p[3416],0.94,0.01,0.92,0.95,0.0,0.0,9238.38,6739.52,1.0
p[3417],0.89,0.01,0.87,0.9,0.0,0.0,9362.31,6712.46,1.0
p[3418],0.75,0.02,0.71,0.78,0.0,0.0,9612.71,6194.17,1.0
p[3419],0.89,0.01,0.87,0.9,0.0,0.0,9362.97,6803.38,1.0
p[3420],0.84,0.03,0.79,0.89,0.0,0.0,11496.29,6699.65,1.0
p[3421],0.89,0.01,0.87,0.9,0.0,0.0,9362.97,6803.38,1.0
p[3422],0.87,0.02,0.83,0.91,0.0,0.0,10387.74,6561.92,1.0
p[3423],0.86,0.01,0.84,0.88,0.0,0.0,9029.95,7152.85,1.0
p[3424],0.86,0.01,0.84,0.88,0.0,0.0,9029.57,7169.79,1.0
p[3425],0.89,0.01,0.87,0.9,0.0,0.0,9363.51,6990.62,1.0
p[3426],0.9,0.01,0.88,0.92,0.0,0.0,9980.58,6515.24,1.0
p[3427],0.89,0.01,0.87,0.9,0.0,0.0,9362.79,6989.41,1.0
p[3428],0.91,0.01,0.89,0.94,0.0,0.0,11515.64,6320.07,1.0
p[3429],0.91,0.01,0.89,0.94,0.0,0.0,11515.64,6320.07,1.0
p[3430],0.89,0.01,0.87,0.9,0.0,0.0,9362.6,6986.28,1.0
p[3431],0.92,0.01,0.9,0.94,0.0,0.0,10938.15,6787.85,1.0
p[3432],0.75,0.02,0.71,0.79,0.0,0.0,9624.23,6295.89,1.0
p[3433],0.92,0.01,0.9,0.94,0.0,0.0,10934.88,6787.85,1.0
p[3434],0.89,0.01,0.87,0.9,0.0,0.0,9363.06,7050.16,1.0
p[3435],0.94,0.01,0.93,0.95,0.0,0.0,9237.16,6769.62,1.0
p[3436],0.86,0.01,0.84,0.88,0.0,0.0,9020.5,7272.0,1.0
p[3437],0.86,0.02,0.82,0.89,0.0,0.0,10327.02,7234.99,1.0
p[3438],0.86,0.01,0.84,0.88,0.0,0.0,9020.85,7287.76,1.0
p[3439],0.9,0.02,0.86,0.94,0.0,0.0,10250.12,6004.91,1.0
p[3440],0.85,0.03,0.8,0.89,0.0,0.0,11477.43,6697.23,1.0
p[3441],0.89,0.01,0.88,0.91,0.0,0.0,9360.56,7133.29,1.0
p[3442],0.92,0.01,0.89,0.94,0.0,0.0,11491.02,6401.14,1.0
p[3443],0.94,0.01,0.93,0.95,0.0,0.0,9238.42,6709.61,1.0
p[3444],0.87,0.01,0.85,0.88,0.0,0.0,9016.12,7321.83,1.0
p[3445],0.89,0.01,0.88,0.91,0.0,0.0,9360.29,7067.22,1.0
p[3446],0.94,0.01,0.93,0.95,0.0,0.0,9237.9,6710.08,1.0
p[3447],0.92,0.01,0.89,0.94,0.0,0.0,11486.21,6374.16,1.0
p[3448],0.87,0.01,0.85,0.89,0.0,0.0,9015.84,7320.84,1.0
p[3449],0.89,0.01,0.88,0.91,0.0,0.0,9359.6,7035.09,1.0
p[3450],0.89,0.01,0.88,0.91,0.0,0.0,9359.56,7002.9,1.0
p[3451],0.88,0.02,0.84,0.92,0.0,0.0,10372.94,6523.61,1.0
p[3452],0.94,0.01,0.93,0.95,0.0,0.0,9238.85,6651.68,1.0
p[3453],0.89,0.01,0.88,0.91,0.0,0.0,9360.95,6970.63,1.0
p[3454],0.94,0.01,0.93,0.95,0.0,0.0,9239.95,6622.6,1.0
p[3455],0.89,0.01,0.88,0.91,0.0,0.0,9361.6,6970.63,1.0
p[3456],0.89,0.01,0.88,0.91,0.0,0.0,9361.33,6970.91,1.0
p[3457],0.92,0.01,0.89,0.94,0.0,0.0,11468.11,6320.43,1.0
p[3458],0.9,0.01,0.88,0.92,0.0,0.0,9956.74,6657.86,1.0
p[3459],0.87,0.01,0.85,0.89,0.0,0.0,9015.04,7282.82,1.0
p[3460],0.86,0.02,0.82,0.89,0.0,0.0,11869.74,6608.48,1.0
p[3461],0.92,0.01,0.91,0.94,0.0,0.0,9714.67,6913.88,1.0
p[3462],0.87,0.01,0.85,0.89,0.0,0.0,9014.09,7314.45,1.0
p[3463],0.89,0.01,0.88,0.91,0.0,0.0,9361.08,7067.97,1.0
p[3464],0.94,0.01,0.93,0.95,0.0,0.0,9241.84,6593.97,1.0
p[3465],0.89,0.01,0.88,0.91,0.0,0.0,9360.37,7133.79,1.0
p[3466],0.86,0.02,0.83,0.89,0.0,0.0,10308.77,7171.64,1.0
p[3467],0.95,0.01,0.93,0.97,0.0,0.0,10505.13,6998.26,1.0
p[3468],0.89,0.01,0.88,0.91,0.0,0.0,9361.84,7133.79,1.0
p[3469],0.76,0.02,0.72,0.8,0.0,0.0,9663.46,6371.44,1.0
p[3470],0.87,0.01,0.85,0.89,0.0,0.0,9011.58,7245.21,1.0
p[3471],0.87,0.01,0.85,0.89,0.0,0.0,9010.67,7211.59,1.0
p[3472],0.94,0.01,0.93,0.95,0.0,0.0,9245.1,6566.03,1.0
p[3473],0.9,0.01,0.88,0.91,0.0,0.0,9364.58,7235.82,1.0
p[3474],0.9,0.01,0.88,0.91,0.0,0.0,9365.67,7271.34,1.0
p[3475],0.91,0.01,0.88,0.93,0.0,0.0,9941.66,6688.9,1.0
p[3476],0.87,0.01,0.85,0.89,0.0,0.0,9009.82,7178.88,1.0
p[3477],0.87,0.01,0.85,0.89,0.0,0.0,9008.86,7178.88,1.0
p[3478],0.76,0.02,0.73,0.8,0.0,0.0,9678.01,6427.8,1.0
p[3479],0.9,0.01,0.88,0.91,0.0,0.0,9369.15,7305.76,1.0
p[3480],0.9,0.01,0.88,0.91,0.0,0.0,9370.03,7305.76,1.0
p[3481],0.83,0.01,0.81,0.85,0.0,0.0,9004.22,7042.7,1.0
p[3482],0.87,0.02,0.84,0.9,0.0,0.0,11720.1,6480.21,1.0
p[3483],0.8,0.01,0.77,0.83,0.0,0.0,9208.7,6965.36,1.0
p[3484],0.65,0.02,0.61,0.7,0.0,0.0,9373.77,7372.97,1.0
p[3485],0.8,0.01,0.78,0.83,0.0,0.0,9196.41,6965.7,1.0
p[3486],0.84,0.01,0.81,0.86,0.0,0.0,8985.58,7009.29,1.0
p[3487],0.87,0.02,0.84,0.91,0.0,0.0,11724.65,6354.89,1.0
p[3488],0.87,0.02,0.84,0.91,0.0,0.0,11724.65,6354.89,1.0
p[3489],0.91,0.01,0.89,0.92,0.0,0.0,9196.58,6906.08,1.0
p[3490],0.84,0.01,0.81,0.86,0.0,0.0,8983.35,7009.01,1.0
p[3491],0.8,0.01,0.78,0.83,0.0,0.0,9181.64,6997.75,1.0
p[3492],0.84,0.01,0.82,0.86,0.0,0.0,8974.79,6975.93,1.0
p[3493],0.8,0.01,0.78,0.83,0.0,0.0,9177.0,6997.75,1.0
p[3494],0.81,0.02,0.77,0.85,0.0,0.0,9872.52,6864.25,1.0
p[3495],0.85,0.02,0.82,0.88,0.0,0.0,10400.08,6483.22,1.0
p[3496],0.84,0.01,0.82,0.86,0.0,0.0,8963.59,6942.59,1.0
p[3497],0.84,0.01,0.82,0.86,0.0,0.0,8961.33,6974.8,1.0
p[3498],0.84,0.01,0.82,0.86,0.0,0.0,8959.24,6975.37,1.0
p[3499],0.81,0.01,0.78,0.83,0.0,0.0,9152.34,7001.22,1.0
p[3500],0.84,0.01,0.82,0.86,0.0,0.0,8949.25,7006.43,1.0
p[3501],0.88,0.02,0.85,0.91,0.0,0.0,11744.11,6242.83,1.0
p[3502],0.81,0.01,0.79,0.83,0.0,0.0,9104.7,7133.79,1.0
p[3503],0.84,0.01,0.82,0.86,0.0,0.0,8910.42,7037.4,1.0
p[3504],0.81,0.01,0.79,0.83,0.0,0.0,9092.34,7133.8,1.0
p[3505],0.86,0.02,0.83,0.89,0.0,0.0,10400.3,6454.86,1.0
p[3506],0.89,0.01,0.86,0.91,0.0,0.0,9344.48,7124.03,1.0
p[3507],0.82,0.01,0.79,0.84,0.0,0.0,9054.75,7034.97,1.0
p[3508],0.91,0.01,0.9,0.93,0.0,0.0,9157.34,6904.25,1.0
p[3509],0.82,0.01,0.79,0.84,0.0,0.0,9037.48,7100.56,1.0
p[3510],0.85,0.01,0.83,0.87,0.0,0.0,8868.49,6962.36,1.0
p[3511],0.82,0.01,0.8,0.84,0.0,0.0,9003.81,7067.34,1.0
p[3512],0.9,0.01,0.87,0.92,0.0,0.0,11629.86,6595.63,1.0
p[3513],0.83,0.01,0.81,0.85,0.0,0.0,8942.62,7066.88,1.0
p[3514],0.81,0.02,0.76,0.86,0.0,0.0,12285.14,5971.13,1.0
p[3515],0.86,0.01,0.84,0.88,0.0,0.0,8813.06,6851.95,1.0
p[3516],0.83,0.01,0.81,0.85,0.0,0.0,8926.35,7001.08,1.0
p[3517],0.87,0.01,0.85,0.9,0.0,0.0,10397.02,6345.93,1.0
p[3518],0.86,0.01,0.84,0.88,0.0,0.0,8808.41,6866.52,1.0
p[3519],0.9,0.01,0.88,0.93,0.0,0.0,11627.43,6629.72,1.0
p[3520],0.86,0.01,0.84,0.88,0.0,0.0,8807.26,6866.52,1.0
p[3521],0.86,0.01,0.84,0.88,0.0,0.0,8807.41,6760.13,1.0
p[3522],0.86,0.01,0.85,0.88,0.0,0.0,8805.27,6760.13,1.0
p[3523],0.86,0.01,0.85,0.88,0.0,0.0,8802.69,6790.97,1.0
p[3524],0.9,0.01,0.88,0.92,0.0,0.0,9307.22,6991.48,1.0
p[3525],0.83,0.01,0.81,0.85,0.0,0.0,8905.05,6936.44,1.0
p[3526],0.83,0.01,0.81,0.85,0.0,0.0,8900.77,6968.08,1.0
p[3527],0.84,0.02,0.81,0.87,0.0,0.0,9845.48,6684.51,1.0
p[3528],0.82,0.02,0.77,0.86,0.0,0.0,12295.29,6219.09,1.0
p[3529],0.86,0.01,0.85,0.88,0.0,0.0,8793.28,6883.39,1.0
p[3530],0.88,0.01,0.85,0.9,0.0,0.0,10389.66,6346.86,1.0
p[3531],0.7,0.02,0.66,0.74,0.0,0.0,9281.33,7059.7,1.0
p[3532],0.86,0.01,0.85,0.88,0.0,0.0,8786.67,6804.6,1.0
p[3533],0.86,0.01,0.85,0.88,0.0,0.0,8783.97,6860.45,1.0
p[3534],0.85,0.03,0.8,0.9,0.0,0.0,10322.04,6551.18,1.0
p[3535],0.83,0.01,0.82,0.86,0.0,0.0,8874.5,6812.5,1.0
p[3536],0.84,0.01,0.82,0.86,0.0,0.0,8873.79,6782.42,1.0
p[3537],0.88,0.01,0.85,0.9,0.0,0.0,10387.23,6482.4,1.0
p[3538],0.87,0.01,0.85,0.88,0.0,0.0,8778.27,6798.16,1.0
p[3539],0.87,0.01,0.85,0.88,0.0,0.0,8777.41,6742.96,1.0
p[3540],0.71,0.02,0.67,0.74,0.0,0.0,9282.02,7011.09,1.0
p[3541],0.87,0.01,0.85,0.88,0.0,0.0,8777.95,6787.65,1.0
p[3542],0.87,0.01,0.85,0.88,0.0,0.0,8777.74,6757.76,1.0
p[3543],0.9,0.01,0.88,0.92,0.0,0.0,9300.1,6926.83,1.0
p[3544],0.87,0.01,0.85,0.88,0.0,0.0,8778.14,6757.76,1.0
p[3545],0.87,0.01,0.85,0.88,0.0,0.0,8777.78,6757.76,1.0
p[3546],0.87,0.01,0.85,0.88,0.0,0.0,8778.23,6729.26,1.0
p[3547],0.94,0.01,0.91,0.96,0.0,0.0,10665.0,6711.75,1.0
p[3548],0.87,0.01,0.85,0.88,0.0,0.0,8777.31,6729.26,1.0
p[3549],0.83,0.02,0.79,0.86,0.0,0.0,9875.74,6867.2,1.0
p[3550],0.84,0.01,0.82,0.86,0.0,0.0,8859.43,6664.23,1.0
p[3551],0.84,0.01,0.82,0.86,0.0,0.0,8853.21,6693.23,1.0
p[3552],0.85,0.02,0.82,0.88,0.0,0.0,9837.88,6867.05,1.0
p[3553],0.85,0.02,0.82,0.88,0.0,0.0,9837.88,6867.05,1.0
p[3554],0.87,0.01,0.85,0.88,0.0,0.0,8771.7,6805.01,1.0
p[3555],0.84,0.01,0.82,0.86,0.0,0.0,8847.51,6752.53,1.0
p[3556],0.82,0.03,0.76,0.87,0.0,0.0,11971.16,6629.69,1.0
p[3557],0.87,0.01,0.85,0.88,0.0,0.0,8768.93,6805.01,1.0
p[3558],0.87,0.01,0.85,0.88,0.0,0.0,8769.22,6866.52,1.0
p[3559],0.88,0.01,0.85,0.9,0.0,0.0,10385.32,6414.33,1.0
p[3560],0.71,0.02,0.67,0.75,0.0,0.0,9274.85,6977.41,1.0
p[3561],0.85,0.03,0.8,0.9,0.0,0.0,10321.07,6601.45,1.0
p[3562],0.84,0.01,0.82,0.86,0.0,0.0,8837.16,6722.95,1.0
p[3563],0.87,0.01,0.85,0.88,0.0,0.0,8769.24,6865.58,1.0
p[3564],0.87,0.01,0.85,0.88,0.0,0.0,8771.0,6773.04,1.0
p[3565],0.87,0.01,0.85,0.88,0.0,0.0,8770.5,6833.88,1.0
p[3566],0.88,0.01,0.86,0.9,0.0,0.0,10381.97,6508.18,1.0
p[3567],0.71,0.02,0.68,0.75,0.0,0.0,9274.44,7093.15,1.0
p[3568],0.87,0.01,0.85,0.89,0.0,0.0,8767.82,6833.32,1.0
p[3569],0.87,0.01,0.86,0.89,0.0,0.0,8768.22,6741.28,1.0
p[3570],0.91,0.01,0.89,0.93,0.0,0.0,9298.41,6775.39,1.0
p[3571],0.87,0.01,0.86,0.89,0.0,0.0,8768.22,6741.28,1.0
p[3572],0.87,0.01,0.86,0.89,0.0,0.0,8767.68,6741.28,1.0
p[3573],0.87,0.01,0.86,0.89,0.0,0.0,8761.49,6740.06,1.0
p[3574],0.84,0.01,0.83,0.86,0.0,0.0,8818.05,6814.1,1.0
p[3575],0.87,0.01,0.86,0.89,0.0,0.0,8761.02,6674.38,1.0
p[3576],0.91,0.01,0.89,0.93,0.0,0.0,9298.14,6775.92,1.0
p[3577],0.84,0.02,0.8,0.87,0.0,0.0,9876.87,6855.54,1.0
p[3578],0.84,0.01,0.83,0.86,0.0,0.0,8815.28,6844.67,1.0
p[3579],0.87,0.01,0.86,0.89,0.0,0.0,8762.37,6645.85,1.0
p[3580],0.84,0.01,0.83,0.86,0.0,0.0,8813.68,6844.67,1.0
p[3581],0.87,0.01,0.86,0.89,0.0,0.0,8762.69,6623.25,1.0
p[3582],0.84,0.01,0.83,0.86,0.0,0.0,8809.58,6825.21,1.0
p[3583],0.91,0.01,0.89,0.93,0.0,0.0,9297.46,6746.1,1.0
p[3584],0.87,0.01,0.86,0.89,0.0,0.0,8762.55,6596.74,1.0
p[3585],0.83,0.02,0.79,0.87,0.0,0.0,12303.58,6049.51,1.0
p[3586],0.87,0.01,0.86,0.89,0.0,0.0,8761.89,6626.09,1.0
p[3587],0.72,0.02,0.68,0.76,0.0,0.0,9273.29,6993.98,1.0
p[3588],0.88,0.01,0.86,0.91,0.0,0.0,10379.75,6428.32,1.0
p[3589],0.85,0.01,0.83,0.86,0.0,0.0,8800.52,6705.08,1.0
p[3590],0.87,0.01,0.86,0.89,0.0,0.0,8763.18,6598.08,1.0
p[3591],0.85,0.02,0.82,0.88,0.0,0.0,9839.0,6570.27,1.0
p[3592],0.87,0.01,0.86,0.89,0.0,0.0,8763.55,6598.04,1.0
p[3593],0.86,0.02,0.81,0.9,0.0,0.0,10321.75,6512.86,1.0
p[3594],0.85,0.01,0.83,0.87,0.0,0.0,8798.23,6783.4,1.0
p[3595],0.82,0.03,0.77,0.88,0.0,0.0,11969.05,6488.53,1.0
p[3596],0.83,0.02,0.8,0.86,0.0,0.0,9009.74,6995.77,1.0
p[3597],0.83,0.02,0.79,0.87,0.0,0.0,12307.45,6026.56,1.0
p[3598],0.87,0.01,0.86,0.89,0.0,0.0,8764.65,6540.84,1.0
p[3599],0.85,0.01,0.83,0.87,0.0,0.0,8794.3,6813.73,1.0
p[3600],0.72,0.02,0.68,0.76,0.0,0.0,9270.23,7026.78,1.0
p[3601],0.87,0.01,0.86,0.89,0.0,0.0,8765.76,6510.8,1.0
p[3602],0.88,0.01,0.86,0.89,0.0,0.0,8766.11,6436.52,1.0
p[3603],0.88,0.01,0.86,0.89,0.0,0.0,8766.11,6436.52,1.0
p[3604],0.91,0.01,0.89,0.93,0.0,0.0,11616.24,6451.6,1.0
p[3605],0.88,0.01,0.86,0.89,0.0,0.0,8766.03,6436.52,1.0
p[3606],0.88,0.01,0.86,0.89,0.0,0.0,8765.86,6545.86,1.0
p[3607],0.85,0.01,0.83,0.87,0.0,0.0,8785.82,6782.91,1.0
p[3608],0.84,0.02,0.81,0.87,0.0,0.0,9877.33,6777.85,1.0
p[3609],0.88,0.01,0.86,0.89,0.0,0.0,8765.21,6433.61,1.0
p[3610],0.89,0.01,0.86,0.91,0.0,0.0,10375.83,6269.55,1.0
p[3611],0.85,0.01,0.83,0.87,0.0,0.0,8779.86,6811.69,1.0
p[3612],0.88,0.01,0.86,0.89,0.0,0.0,8765.59,6433.61,1.0
p[3613],0.83,0.02,0.79,0.88,0.0,0.0,12302.89,6025.94,1.0
p[3614],0.88,0.01,0.86,0.89,0.0,0.0,8766.42,6355.0,1.0
p[3615],0.86,0.02,0.83,0.89,0.0,0.0,9838.84,6485.97,1.0
p[3616],0.86,0.02,0.83,0.89,0.0,0.0,9838.84,6485.97,1.0
p[3617],0.85,0.01,0.83,0.87,0.0,0.0,8776.54,6751.34,1.0
p[3618],0.83,0.03,0.78,0.88,0.0,0.0,11962.79,6516.73,1.0
p[3619],0.88,0.01,0.86,0.89,0.0,0.0,8767.55,6392.24,1.0
p[3620],0.89,0.01,0.86,0.91,0.0,0.0,10376.49,6242.86,1.0
p[3621],0.73,0.02,0.69,0.76,0.0,0.0,9054.38,6989.56,1.0
p[3622],0.88,0.01,0.86,0.89,0.0,0.0,8764.88,6338.86,1.0
p[3623],0.85,0.01,0.83,0.87,0.0,0.0,8764.89,6781.49,1.0
p[3624],0.86,0.02,0.81,0.91,0.0,0.0,10319.63,6597.37,1.0
p[3625],0.88,0.01,0.86,0.89,0.0,0.0,8765.89,6285.93,1.0
p[3626],0.85,0.01,0.83,0.87,0.0,0.0,8759.26,6781.25,1.0
p[3627],0.94,0.01,0.92,0.97,0.0,0.0,10621.04,6865.68,1.0
p[3628],0.88,0.01,0.87,0.89,0.0,0.0,8765.82,6259.85,1.0
p[3629],0.86,0.02,0.83,0.89,0.0,0.0,9840.12,6456.86,1.0
p[3630],0.73,0.02,0.69,0.77,0.0,0.0,9053.97,6990.1,1.0
p[3631],0.88,0.01,0.87,0.89,0.0,0.0,8766.38,6285.73,1.0
p[3632],0.88,0.01,0.87,0.89,0.0,0.0,8767.83,6285.73,1.0
p[3633],0.88,0.01,0.87,0.89,0.0,0.0,8767.83,6285.73,1.0
p[3634],0.88,0.01,0.87,0.89,0.0,0.0,8768.04,6285.73,1.0
p[3635],0.93,0.01,0.92,0.94,0.0,0.0,9000.48,6435.83,1.0
p[3636],0.88,0.01,0.87,0.89,0.0,0.0,8768.86,6208.92,1.0
p[3637],0.88,0.01,0.87,0.89,0.0,0.0,8769.17,6209.65,1.0
p[3638],0.85,0.01,0.84,0.87,0.0,0.0,8751.03,6720.99,1.0
p[3639],0.85,0.02,0.81,0.88,0.0,0.0,9883.12,6717.94,1.0
p[3640],0.85,0.01,0.84,0.87,0.0,0.0,8748.32,6720.99,1.0
p[3641],0.88,0.01,0.87,0.89,0.0,0.0,8775.46,6210.18,1.0
p[3642],0.94,0.01,0.92,0.97,0.0,0.0,10611.25,6804.12,1.0
p[3643],0.88,0.01,0.87,0.89,0.0,0.0,8773.98,6261.81,1.0
p[3644],0.89,0.01,0.87,0.91,0.0,0.0,10372.28,6397.14,1.0
p[3645],0.86,0.02,0.83,0.89,0.0,0.0,9837.28,6402.04,1.0
p[3646],0.85,0.01,0.84,0.87,0.0,0.0,8743.56,6810.55,1.0
p[3647],0.91,0.01,0.9,0.93,0.0,0.0,9306.39,6657.36,1.0
p[3648],0.92,0.01,0.89,0.94,0.0,0.0,11601.29,6845.59,1.0
p[3649],0.84,0.02,0.8,0.88,0.0,0.0,12295.42,6146.12,1.0
p[3650],0.88,0.01,0.87,0.9,0.0,0.0,8777.44,6211.31,1.0
p[3651],0.88,0.01,0.87,0.9,0.0,0.0,8777.13,6211.31,1.0
p[3652],0.89,0.01,0.87,0.91,0.0,0.0,10371.39,6397.14,1.0
p[3653],0.74,0.02,0.7,0.77,0.0,0.0,9057.78,7088.48,1.0
p[3654],0.88,0.01,0.87,0.9,0.0,0.0,8778.76,6210.1,1.0
p[3655],0.87,0.02,0.82,0.91,0.0,0.0,10315.78,6590.02,1.0
p[3656],0.88,0.01,0.87,0.9,0.0,0.0,8778.38,6146.92,1.0
p[3657],0.86,0.01,0.84,0.87,0.0,0.0,8734.95,6809.59,1.0
p[3658],0.86,0.01,0.84,0.87,0.0,0.0,8733.77,6778.67,1.0
p[3659],0.89,0.01,0.87,0.92,0.0,0.0,10370.79,6451.5,1.0
p[3660],0.88,0.01,0.87,0.9,0.0,0.0,8782.07,6147.07,1.0
p[3661],0.88,0.01,0.87,0.9,0.0,0.0,8782.01,6210.3,1.0
p[3662],0.88,0.01,0.87,0.9,0.0,0.0,8782.88,6210.3,1.0
p[3663],0.86,0.01,0.84,0.87,0.0,0.0,8732.3,6778.67,1.0
p[3664],0.74,0.02,0.7,0.77,0.0,0.0,9061.31,6959.77,1.0
p[3665],0.88,0.01,0.87,0.9,0.0,0.0,8783.7,6198.02,1.0
p[3666],0.88,0.01,0.87,0.9,0.0,0.0,8784.5,6172.85,1.0
p[3667],0.88,0.01,0.87,0.9,0.0,0.0,8785.09,6160.35,1.0
p[3668],0.88,0.01,0.87,0.9,0.0,0.0,8787.25,6110.57,1.0
p[3669],0.95,0.01,0.92,0.97,0.0,0.0,10593.84,6835.12,1.0
p[3670],0.86,0.01,0.84,0.88,0.0,0.0,8728.23,6692.09,1.0
p[3671],0.89,0.01,0.87,0.92,0.0,0.0,10371.19,6424.56,1.0
p[3672],0.88,0.01,0.87,0.9,0.0,0.0,8787.19,6161.01,1.0
p[3673],0.86,0.01,0.84,0.88,0.0,0.0,8726.58,6648.19,1.0
p[3674],0.84,0.02,0.82,0.87,0.0,0.0,9022.93,6932.06,1.0
p[3675],0.88,0.01,0.87,0.9,0.0,0.0,8789.27,6160.49,1.0
p[3676],0.91,0.01,0.89,0.93,0.0,0.0,11802.04,6246.88,1.0
p[3677],0.86,0.01,0.84,0.88,0.0,0.0,8724.38,6707.08,1.0
p[3678],0.84,0.02,0.81,0.88,0.0,0.0,12294.3,6194.71,1.0
p[3679],0.92,0.01,0.9,0.93,0.0,0.0,9318.86,6538.95,1.0
p[3680],0.94,0.01,0.92,0.95,0.0,0.0,8967.18,6527.48,1.0
p[3681],0.89,0.01,0.87,0.9,0.0,0.0,8791.73,6040.24,1.0
p[3682],0.74,0.02,0.71,0.78,0.0,0.0,9067.57,7056.58,1.0
p[3683],0.87,0.01,0.84,0.89,0.0,0.0,9842.01,6401.79,1.0
p[3684],0.87,0.01,0.84,0.89,0.0,0.0,9842.01,6401.79,1.0
p[3685],0.87,0.02,0.83,0.91,0.0,0.0,10312.17,6589.87,1.0
p[3686],0.89,0.01,0.87,0.9,0.0,0.0,8796.36,6066.27,1.0
p[3687],0.86,0.01,0.85,0.88,0.0,0.0,8715.59,6779.41,1.0
p[3688],0.86,0.01,0.85,0.88,0.0,0.0,8714.5,6676.06,1.0
p[3689],0.89,0.01,0.87,0.9,0.0,0.0,8807.98,6067.33,1.0
p[3690],0.86,0.01,0.85,0.88,0.0,0.0,8716.52,6733.02,1.0
p[3691],0.89,0.01,0.87,0.9,0.0,0.0,8808.96,6067.33,1.0
p[3692],0.89,0.01,0.87,0.9,0.0,0.0,8808.46,6067.33,1.0
p[3693],0.75,0.02,0.71,0.78,0.0,0.0,9070.52,7056.19,1.0
p[3694],0.92,0.01,0.9,0.94,0.0,0.0,11586.83,6875.73,1.0
p[3695],0.89,0.01,0.87,0.9,0.0,0.0,8808.52,6067.33,1.0
p[3696],0.89,0.01,0.88,0.9,0.0,0.0,8811.14,6067.33,1.0
p[3697],0.94,0.01,0.93,0.95,0.0,0.0,8959.79,6721.6,1.0
p[3698],0.9,0.01,0.88,0.92,0.0,0.0,10369.63,6416.02,1.0
p[3699],0.86,0.01,0.85,0.88,0.0,0.0,8715.21,6856.29,1.0
p[3700],0.89,0.01,0.88,0.9,0.0,0.0,8814.02,6093.98,1.0
p[3701],0.92,0.01,0.9,0.94,0.0,0.0,9316.73,6456.52,1.0
p[3702],0.89,0.01,0.88,0.9,0.0,0.0,8814.86,6070.81,1.0
p[3703],0.86,0.01,0.85,0.88,0.0,0.0,8711.88,6856.29,1.0
p[3704],0.85,0.02,0.81,0.89,0.0,0.0,12288.07,6271.34,1.0
p[3705],0.86,0.02,0.83,0.89,0.0,0.0,9894.57,6763.48,1.0
p[3706],0.89,0.01,0.88,0.9,0.0,0.0,8817.23,6045.92,1.0
p[3707],0.86,0.01,0.85,0.88,0.0,0.0,8708.0,6804.83,1.0
p[3708],0.87,0.01,0.84,0.9,0.0,0.0,9840.64,6402.34,1.0
p[3709],0.85,0.03,0.8,0.89,0.0,0.0,11959.91,6381.78,1.0
p[3710],0.75,0.02,0.72,0.78,0.0,0.0,9077.95,6903.66,1.0
p[3711],0.85,0.03,0.8,0.89,0.0,0.0,11958.51,6381.78,1.0
p[3712],0.89,0.01,0.88,0.9,0.0,0.0,8827.24,5974.23,1.0
p[3713],0.89,0.01,0.88,0.9,0.0,0.0,8827.24,5974.23,1.0
p[3714],0.87,0.02,0.83,0.91,0.0,0.0,10315.91,6528.91,1.0
p[3715],0.92,0.01,0.9,0.94,0.0,0.0,11577.01,6907.09,1.0
p[3716],0.87,0.01,0.85,0.88,0.0,0.0,8705.58,6775.24,1.0
p[3717],0.87,0.01,0.85,0.88,0.0,0.0,8704.88,6670.35,1.0
p[3718],0.89,0.01,0.88,0.9,0.0,0.0,8833.79,6045.08,1.0
p[3719],0.87,0.01,0.85,0.9,0.0,0.0,9844.61,6511.16,1.0
p[3720],0.94,0.01,0.93,0.95,0.0,0.0,8955.07,6644.41,1.0
p[3721],0.89,0.01,0.88,0.9,0.0,0.0,8835.48,6069.22,1.0
p[3722],0.89,0.01,0.88,0.9,0.0,0.0,8837.01,6069.22,1.0
p[3723],0.89,0.01,0.88,0.9,0.0,0.0,8837.24,6069.36,1.0
p[3724],0.87,0.01,0.85,0.88,0.0,0.0,8705.18,6642.96,1.0
p[3725],0.89,0.01,0.88,0.9,0.0,0.0,8840.03,6094.48,1.0
p[3726],0.89,0.01,0.88,0.9,0.0,0.0,8840.03,6094.48,1.0
p[3727],0.9,0.01,0.88,0.92,0.0,0.0,10372.13,6417.29,1.0
p[3728],0.89,0.01,0.88,0.9,0.0,0.0,8841.71,6094.48,1.0
p[3729],0.85,0.01,0.83,0.88,0.0,0.0,9028.88,7027.04,1.0
p[3730],0.9,0.01,0.88,0.92,0.0,0.0,10372.3,6417.29,1.0
p[3731],0.76,0.02,0.72,0.79,0.0,0.0,9085.23,6871.39,1.0
p[3732],0.89,0.01,0.88,0.91,0.0,0.0,8844.56,5999.29,1.0
p[3733],0.89,0.01,0.88,0.91,0.0,0.0,8844.56,5999.29,1.0
p[3734],0.87,0.01,0.85,0.88,0.0,0.0,8703.79,6648.84,1.0
p[3735],0.87,0.01,0.85,0.88,0.0,0.0,8702.96,6736.85,1.0
p[3736],0.95,0.01,0.93,0.97,0.0,0.0,10567.58,6781.98,1.0
p[3737],0.87,0.01,0.85,0.88,0.0,0.0,8704.16,6736.13,1.0
p[3738],0.86,0.02,0.83,0.89,0.0,0.0,9901.46,6733.79,1.0
p[3739],0.89,0.01,0.88,0.91,0.0,0.0,8852.52,5999.56,1.0
p[3740],0.92,0.01,0.9,0.94,0.0,0.0,11562.81,6894.92,1.0
p[3741],0.89,0.01,0.88,0.91,0.0,0.0,8854.94,5990.57,1.0
p[3742],0.89,0.01,0.88,0.91,0.0,0.0,8856.27,5990.57,1.0
p[3743],0.85,0.02,0.81,0.9,0.0,0.0,11946.6,6354.72,1.0
p[3744],0.76,0.02,0.73,0.79,0.0,0.0,9094.07,6926.63,1.0
p[3745],0.9,0.01,0.88,0.92,0.0,0.0,10370.22,6499.95,1.0
p[3746],0.87,0.01,0.85,0.88,0.0,0.0,8705.21,6660.29,1.0
p[3747],0.88,0.02,0.84,0.92,0.0,0.0,10310.19,6473.44,1.0
p[3748],0.89,0.01,0.88,0.91,0.0,0.0,8861.0,6023.92,1.0
p[3749],0.89,0.01,0.88,0.91,0.0,0.0,8865.16,6000.29,1.0
p[3750],0.94,0.01,0.93,0.95,0.0,0.0,8938.91,6391.68,1.0
p[3751],0.89,0.01,0.88,0.91,0.0,0.0,8866.95,5999.83,1.0
p[3752],0.87,0.01,0.85,0.89,0.0,0.0,8705.2,6841.74,1.0
p[3753],0.89,0.01,0.88,0.91,0.0,0.0,8867.94,6047.98,1.0
p[3754],0.76,0.02,0.73,0.79,0.0,0.0,9101.75,6893.26,1.0
p[3755],0.89,0.01,0.88,0.91,0.0,0.0,8871.38,6048.67,1.0
p[3756],0.9,0.01,0.88,0.91,0.0,0.0,8873.02,6024.56,1.0
p[3757],0.9,0.01,0.88,0.91,0.0,0.0,8874.46,6048.3,1.0
p[3758],0.9,0.01,0.88,0.91,0.0,0.0,8874.46,6048.3,1.0
p[3759],0.91,0.01,0.89,0.93,0.0,0.0,10367.57,6499.36,1.0
p[3760],0.87,0.01,0.86,0.89,0.0,0.0,8706.59,6943.76,1.0
p[3761],0.94,0.01,0.93,0.95,0.0,0.0,8935.0,6392.47,1.0
p[3762],0.9,0.01,0.88,0.91,0.0,0.0,8878.09,6072.98,1.0
p[3763],0.87,0.02,0.84,0.89,0.0,0.0,9907.71,6567.49,1.0
p[3764],0.87,0.01,0.86,0.89,0.0,0.0,8707.29,6839.47,1.0
p[3765],0.87,0.01,0.86,0.89,0.0,0.0,8707.6,6839.47,1.0
p[3766],0.88,0.01,0.85,0.9,0.0,0.0,9842.48,6652.8,1.0
p[3767],0.87,0.01,0.86,0.89,0.0,0.0,8709.83,6943.07,1.0
p[3768],0.93,0.01,0.91,0.94,0.0,0.0,9327.58,6427.45,1.0
p[3769],0.9,0.01,0.89,0.91,0.0,0.0,8886.76,5977.42,1.0
p[3770],0.86,0.02,0.83,0.9,0.0,0.0,12270.78,6318.58,1.0
p[3771],0.86,0.02,0.81,0.9,0.0,0.0,11925.73,6381.55,1.0
p[3772],0.77,0.02,0.73,0.8,0.0,0.0,9115.36,6870.26,1.0
p[3773],0.9,0.01,0.89,0.91,0.0,0.0,8885.54,6000.33,1.0
p[3774],0.91,0.01,0.89,0.93,0.0,0.0,10365.24,6528.02,1.0
p[3775],0.9,0.01,0.89,0.91,0.0,0.0,8887.9,6000.33,1.0
p[3776],0.9,0.01,0.89,0.91,0.0,0.0,8887.9,6000.33,1.0
p[3777],0.87,0.01,0.86,0.89,0.0,0.0,8709.5,6870.26,1.0
p[3778],0.93,0.01,0.91,0.94,0.0,0.0,9328.11,6428.06,1.0
p[3779],0.88,0.02,0.84,0.92,0.0,0.0,10309.17,6556.23,1.0
p[3780],0.87,0.01,0.86,0.89,0.0,0.0,8712.6,6744.35,1.0
p[3781],0.9,0.01,0.89,0.91,0.0,0.0,8900.12,6121.42,1.0
p[3782],0.9,0.01,0.89,0.91,0.0,0.0,8900.53,6121.0,1.0
p[3783],0.88,0.01,0.86,0.89,0.0,0.0,8711.19,6656.26,1.0
p[3784],0.91,0.01,0.89,0.93,0.0,0.0,10359.48,6472.91,1.0
p[3785],0.9,0.01,0.89,0.91,0.0,0.0,8905.03,6121.0,1.0
p[3786],0.9,0.01,0.89,0.91,0.0,0.0,8905.03,6121.0,1.0
p[3787],0.9,0.01,0.89,0.91,0.0,0.0,8906.21,6121.0,1.0
p[3788],0.9,0.01,0.89,0.91,0.0,0.0,8907.0,6121.0,1.0
p[3789],0.77,0.02,0.74,0.8,0.0,0.0,9126.64,6870.9,1.0
p[3790],0.9,0.01,0.89,0.91,0.0,0.0,8911.05,6121.37,1.0
p[3791],0.86,0.01,0.84,0.89,0.0,0.0,9052.86,7054.83,1.0
p[3792],0.88,0.01,0.86,0.89,0.0,0.0,8710.13,6480.25,1.0
p[3793],0.9,0.01,0.89,0.91,0.0,0.0,8916.99,6119.95,1.0
p[3794],0.87,0.02,0.84,0.9,0.0,0.0,9914.66,6530.44,1.0
p[3795],0.88,0.01,0.86,0.89,0.0,0.0,8713.45,6512.5,1.0
p[3796],0.94,0.01,0.93,0.96,0.0,0.0,8924.72,6361.88,1.0
p[3797],0.93,0.01,0.91,0.95,0.0,0.0,11529.18,6988.71,1.0
p[3798],0.95,0.01,0.94,0.97,0.0,0.0,10536.95,6684.61,1.0
p[3799],0.9,0.01,0.89,0.91,0.0,0.0,8929.8,6097.61,1.0
p[3800],0.9,0.01,0.89,0.91,0.0,0.0,8929.83,6097.61,1.0
p[3801],0.86,0.02,0.83,0.9,0.0,0.0,12254.0,6210.66,1.0
p[3802],0.88,0.01,0.86,0.89,0.0,0.0,8713.77,6583.73,1.0
p[3803],0.9,0.01,0.89,0.91,0.0,0.0,8931.64,6072.27,1.0
p[3804],0.92,0.01,0.91,0.94,0.0,0.0,11755.79,6501.06,1.0
p[3805],0.77,0.02,0.74,0.8,0.0,0.0,9142.04,6935.39,1.0
p[3806],0.91,0.01,0.89,0.93,0.0,0.0,10352.0,6419.24,1.0
p[3807],0.9,0.01,0.89,0.91,0.0,0.0,8937.68,6072.27,1.0
p[3808],0.9,0.01,0.89,0.91,0.0,0.0,8939.85,6072.69,1.0
p[3809],0.9,0.01,0.89,0.91,0.0,0.0,8942.28,6000.77,1.0
p[3810],0.86,0.02,0.82,0.9,0.0,0.0,11915.87,6276.13,1.0
p[3811],0.89,0.01,0.86,0.91,0.0,0.0,9847.2,6693.37,1.0
p[3812],0.88,0.01,0.86,0.89,0.0,0.0,8717.05,6458.36,1.0
p[3813],0.88,0.01,0.86,0.89,0.0,0.0,8717.58,6458.36,1.0
p[3814],0.91,0.01,0.89,0.93,0.0,0.0,10351.41,6445.97,1.0
p[3815],0.9,0.01,0.89,0.91,0.0,0.0,8951.63,5953.43,1.0
p[3816],0.88,0.01,0.86,0.89,0.0,0.0,8722.9,6456.03,1.0
p[3817],0.93,0.01,0.91,0.95,0.0,0.0,11516.14,6925.66,1.0
p[3818],0.9,0.01,0.89,0.91,0.0,0.0,8956.99,5907.03,1.0
p[3819],0.9,0.01,0.89,0.91,0.0,0.0,8958.53,5907.03,1.0
p[3820],0.9,0.01,0.89,0.91,0.0,0.0,8961.88,5862.13,1.0
p[3821],0.78,0.02,0.75,0.81,0.0,0.0,9153.02,7098.16,1.0
p[3822],0.9,0.01,0.89,0.91,0.0,0.0,8967.04,5907.42,1.0
p[3823],0.95,0.01,0.94,0.96,0.0,0.0,8916.4,6522.48,1.0
p[3824],0.9,0.01,0.89,0.91,0.0,0.0,8968.04,5884.56,1.0
p[3825],0.9,0.01,0.89,0.91,0.0,0.0,8969.65,5884.56,1.0
p[3826],0.87,0.01,0.85,0.9,0.0,0.0,9923.0,6519.54,1.0
p[3827],0.88,0.01,0.87,0.9,0.0,0.0,8727.54,6545.44,1.0
p[3828],0.88,0.01,0.87,0.9,0.0,0.0,8728.94,6542.83,1.0
p[3829],0.87,0.02,0.84,0.9,0.0,0.0,12240.3,6139.74,1.0
p[3830],0.89,0.01,0.86,0.91,0.0,0.0,9847.59,6607.46,1.0
p[3831],0.93,0.01,0.92,0.94,0.0,0.0,9354.79,6368.61,1.0
p[3832],0.86,0.02,0.82,0.9,0.0,0.0,11907.83,6276.26,1.0
p[3833],0.9,0.01,0.89,0.92,0.0,0.0,8991.6,5865.59,1.0
p[3834],0.9,0.01,0.89,0.92,0.0,0.0,8991.6,5865.59,1.0
p[3835],0.78,0.02,0.75,0.81,0.0,0.0,9168.07,7079.45,1.0
p[3836],0.95,0.01,0.94,0.96,0.0,0.0,8910.38,6485.13,1.0
p[3837],0.9,0.01,0.89,0.92,0.0,0.0,8999.59,5969.23,1.0
p[3838],0.89,0.02,0.85,0.93,0.0,0.0,10295.11,6337.3,1.0
p[3839],0.91,0.01,0.89,0.93,0.0,0.0,10350.15,6616.56,1.0
p[3840],0.88,0.01,0.87,0.9,0.0,0.0,8738.56,6960.19,1.0
p[3841],0.78,0.02,0.75,0.81,0.0,0.0,9176.76,7079.02,1.0
p[3842],0.88,0.01,0.87,0.9,0.0,0.0,8742.45,6822.26,1.0
p[3843],0.91,0.01,0.89,0.92,0.0,0.0,9014.43,5969.37,1.0
p[3844],0.93,0.01,0.92,0.95,0.0,0.0,9362.24,6335.82,1.0
p[3845],0.91,0.01,0.89,0.92,0.0,0.0,9019.05,5923.14,1.0
p[3846],0.91,0.01,0.9,0.93,0.0,0.0,10347.98,6674.01,1.0
p[3847],0.91,0.01,0.89,0.92,0.0,0.0,9023.65,5923.14,1.0
p[3848],0.91,0.01,0.89,0.92,0.0,0.0,9025.24,5923.14,1.0
p[3849],0.91,0.01,0.89,0.92,0.0,0.0,9030.47,5900.81,1.0
p[3850],0.93,0.01,0.92,0.95,0.0,0.0,11493.03,7054.53,1.0
p[3851],0.88,0.01,0.87,0.9,0.0,0.0,8750.9,6996.57,1.0
p[3852],0.91,0.01,0.89,0.92,0.0,0.0,9034.43,5969.23,1.0
p[3853],0.91,0.01,0.89,0.92,0.0,0.0,9034.43,5969.23,1.0
p[3854],0.88,0.01,0.87,0.9,0.0,0.0,8752.64,7116.08,1.0
p[3855],0.87,0.01,0.85,0.9,0.0,0.0,9073.96,7233.82,1.0
p[3856],0.91,0.01,0.89,0.92,0.0,0.0,9042.22,5992.76,1.0
p[3857],0.91,0.01,0.89,0.92,0.0,0.0,9042.22,5992.76,1.0
p[3858],0.92,0.01,0.9,0.93,0.0,0.0,10343.77,6642.71,1.0
p[3859],0.89,0.01,0.87,0.9,0.0,0.0,8756.19,7185.87,1.0
p[3860],0.96,0.01,0.94,0.97,0.0,0.0,10503.88,6742.51,1.0
p[3861],0.87,0.02,0.84,0.91,0.0,0.0,12234.75,6253.32,1.0
p[3862],0.91,0.01,0.9,0.92,0.0,0.0,9052.69,5970.37,1.0
p[3863],0.87,0.02,0.83,0.91,0.0,0.0,11893.92,6198.94,1.0
p[3864],0.79,0.02,0.76,0.82,0.0,0.0,9200.8,6857.29,1.0
p[3865],0.91,0.01,0.9,0.92,0.0,0.0,9063.52,5970.37,1.0
p[3866],0.92,0.01,0.9,0.93,0.0,0.0,10339.21,6643.49,1.0
p[3867],0.91,0.01,0.9,0.92,0.0,0.0,9067.58,5970.37,1.0
p[3868],0.91,0.01,0.9,0.92,0.0,0.0,9067.58,5970.37,1.0
p[3869],0.89,0.02,0.86,0.93,0.0,0.0,10296.88,6444.4,1.0
p[3870],0.89,0.01,0.87,0.9,0.0,0.0,8772.02,7190.41,1.0
p[3871],0.89,0.01,0.87,0.9,0.0,0.0,8774.04,7190.41,1.0
p[3872],0.79,0.02,0.76,0.82,0.0,0.0,9212.82,7095.71,1.0
p[3873],0.91,0.01,0.9,0.92,0.0,0.0,9085.54,5994.21,1.0
p[3874],0.89,0.01,0.87,0.9,0.0,0.0,8776.07,7156.56,1.0
p[3875],0.91,0.01,0.9,0.92,0.0,0.0,9089.58,6017.98,1.0
p[3876],0.91,0.01,0.9,0.92,0.0,0.0,9091.6,5970.66,1.0
p[3877],0.95,0.01,0.94,0.96,0.0,0.0,8903.58,6417.7,1.0
p[3878],0.91,0.01,0.9,0.92,0.0,0.0,9095.95,5970.66,1.0
p[3879],0.91,0.01,0.9,0.92,0.0,0.0,9097.71,6029.62,1.0
p[3880],0.91,0.01,0.9,0.92,0.0,0.0,9101.49,6029.62,1.0
p[3881],0.89,0.01,0.87,0.9,0.0,0.0,8782.9,7070.75,1.0
p[3882],0.92,0.01,0.9,0.94,0.0,0.0,10334.12,6822.93,1.0
p[3883],0.91,0.01,0.9,0.92,0.0,0.0,9102.67,6078.63,1.0
p[3884],0.88,0.01,0.86,0.91,0.0,0.0,9951.54,6484.97,1.0
p[3885],0.89,0.01,0.87,0.9,0.0,0.0,8787.58,7071.31,1.0
p[3886],0.94,0.01,0.92,0.95,0.0,0.0,11467.1,6827.44,1.0
p[3887],0.88,0.02,0.84,0.91,0.0,0.0,12220.37,6135.08,1.0
p[3888],0.94,0.01,0.92,0.95,0.0,0.0,9385.93,6372.42,1.0
p[3889],0.91,0.01,0.9,0.92,0.0,0.0,9125.75,5993.61,1.0
p[3890],0.91,0.01,0.9,0.92,0.0,0.0,9125.75,5993.61,1.0
p[3891],0.91,0.01,0.9,0.92,0.0,0.0,9128.98,6017.3,1.0
p[3892],0.9,0.01,0.87,0.92,0.0,0.0,9863.32,6693.12,1.0
p[3893],0.88,0.01,0.86,0.9,0.0,0.0,9099.13,7503.5,1.0
p[3894],0.79,0.02,0.76,0.82,0.0,0.0,9232.78,7094.02,1.0
p[3895],0.87,0.02,0.83,0.91,0.0,0.0,11877.63,6148.75,1.0
p[3896],0.9,0.02,0.86,0.93,0.0,0.0,10292.19,6534.86,1.0
p[3897],0.91,0.01,0.9,0.92,0.0,0.0,9138.19,6052.27,1.0
p[3898],0.92,0.01,0.9,0.94,0.0,0.0,10329.72,6734.11,1.0
p[3899],0.91,0.01,0.9,0.92,0.0,0.0,9145.39,6051.89,1.0
p[3900],0.89,0.01,0.88,0.91,0.0,0.0,8806.36,6910.99,1.0
p[3901],0.89,0.01,0.88,0.91,0.0,0.0,8809.58,6974.97,1.0
p[3902],0.91,0.01,0.9,0.92,0.0,0.0,9160.97,6114.53,1.0
p[3903],0.91,0.01,0.9,0.92,0.0,0.0,9164.04,6114.82,1.0
p[3904],0.89,0.01,0.88,0.91,0.0,0.0,8814.34,7039.87,1.0
p[3905],0.91,0.01,0.9,0.92,0.0,0.0,9166.84,6114.82,1.0
p[3906],0.92,0.01,0.9,0.94,0.0,0.0,10330.93,6735.05,1.0
p[3907],0.91,0.01,0.9,0.92,0.0,0.0,9172.69,6090.05,1.0
p[3908],0.89,0.01,0.86,0.91,0.0,0.0,9959.98,6337.42,1.0
p[3909],0.8,0.02,0.77,0.83,0.0,0.0,9255.89,7187.81,1.0
p[3910],0.89,0.01,0.88,0.91,0.0,0.0,8823.83,6862.46,1.0
p[3911],0.91,0.01,0.9,0.92,0.0,0.0,9175.5,6090.46,1.0
p[3912],0.91,0.01,0.9,0.92,0.0,0.0,9178.64,6078.96,1.0
p[3913],0.93,0.01,0.92,0.95,0.0,0.0,11698.43,6323.26,1.0
p[3914],0.89,0.01,0.88,0.91,0.0,0.0,8826.07,6896.6,1.0
p[3915],0.91,0.01,0.9,0.92,0.0,0.0,9180.51,6078.96,1.0
p[3916],0.91,0.01,0.9,0.92,0.0,0.0,9180.83,6030.55,1.0
p[3917],0.91,0.01,0.9,0.92,0.0,0.0,9180.83,6030.55,1.0
p[3918],0.89,0.01,0.88,0.91,0.0,0.0,8830.35,6740.85,1.0
p[3919],0.96,0.01,0.94,0.98,0.0,0.0,10477.75,6773.72,1.0
p[3920],0.91,0.01,0.9,0.92,0.0,0.0,9193.91,6078.21,1.0
p[3921],0.91,0.01,0.9,0.92,0.0,0.0,9193.91,6078.21,1.0
p[3922],0.93,0.01,0.92,0.95,0.0,0.0,11689.05,6243.33,1.0
p[3923],0.93,0.01,0.92,0.95,0.0,0.0,11689.05,6243.33,1.0
p[3924],0.94,0.01,0.92,0.95,0.0,0.0,11436.02,6890.7,1.0
p[3925],0.88,0.02,0.85,0.91,0.0,0.0,12188.96,6258.38,1.0
p[3926],0.95,0.01,0.94,0.96,0.0,0.0,8902.0,6162.56,1.0
p[3927],0.92,0.01,0.91,0.94,0.0,0.0,10331.87,6645.64,1.0
p[3928],0.91,0.01,0.9,0.92,0.0,0.0,9206.87,6046.48,1.0
p[3929],0.8,0.02,0.77,0.83,0.0,0.0,9272.44,7220.96,1.0
p[3930],0.91,0.01,0.9,0.93,0.0,0.0,9215.16,6052.3,1.0
p[3931],0.91,0.01,0.9,0.93,0.0,0.0,9217.01,6052.3,1.0
p[3932],0.88,0.02,0.84,0.91,0.0,0.0,11859.49,6199.01,1.0
p[3933],0.8,0.02,0.77,0.83,0.0,0.0,9283.05,7325.95,1.0
p[3934],0.91,0.01,0.9,0.93,0.0,0.0,9223.93,6052.3,1.0
p[3935],0.9,0.01,0.88,0.91,0.0,0.0,8852.74,6740.95,1.0
p[3936],0.8,0.02,0.77,0.83,0.0,0.0,9287.95,7351.57,1.0
p[3937],0.94,0.01,0.93,0.95,0.0,0.0,9409.57,6508.68,1.0
p[3938],0.9,0.01,0.88,0.91,0.0,0.0,8854.37,6740.95,1.0
p[3939],0.92,0.01,0.9,0.93,0.0,0.0,9234.52,6199.36,1.0
p[3940],0.92,0.01,0.9,0.93,0.0,0.0,9236.29,6224.74,1.0
p[3941],0.96,0.01,0.94,0.98,0.0,0.0,10412.17,6567.93,1.0
p[3942],0.92,0.01,0.9,0.93,0.0,0.0,9239.09,6276.28,1.0
p[3943],0.92,0.01,0.91,0.94,0.0,0.0,10333.19,6704.66,1.0
p[3944],0.92,0.01,0.9,0.93,0.0,0.0,9245.35,6250.16,1.0
p[3945],0.95,0.0,0.94,0.96,0.0,0.0,8905.46,6270.02,1.0
p[3946],0.94,0.01,0.92,0.95,0.0,0.0,11668.3,6149.86,1.0
p[3947],0.94,0.01,0.92,0.95,0.0,0.0,11668.3,6149.86,1.0
p[3948],0.92,0.01,0.91,0.93,0.0,0.0,9250.67,6310.69,1.0
p[3949],0.9,0.01,0.88,0.91,0.0,0.0,8867.68,6930.48,1.0
p[3950],0.89,0.01,0.87,0.92,0.0,0.0,9970.17,6460.03,1.0
p[3951],0.92,0.01,0.91,0.93,0.0,0.0,9261.35,6310.69,1.0
p[3952],0.89,0.02,0.85,0.91,0.0,0.0,12171.6,6363.2,1.0
p[3953],0.9,0.01,0.88,0.91,0.0,0.0,8875.41,6966.57,1.0
p[3954],0.95,0.0,0.94,0.96,0.0,0.0,8901.94,6233.44,1.0
p[3955],0.92,0.01,0.91,0.93,0.0,0.0,9270.23,6364.36,1.0
p[3956],0.92,0.01,0.91,0.93,0.0,0.0,9273.42,6364.36,1.0
p[3957],0.94,0.01,0.93,0.95,0.0,0.0,9423.8,6593.7,1.0
p[3958],0.81,0.02,0.78,0.83,0.0,0.0,9312.53,7339.12,1.0
p[3959],0.92,0.01,0.91,0.93,0.0,0.0,9276.49,6402.21,1.0
p[3960],0.81,0.02,0.78,0.83,0.0,0.0,9315.41,7338.7,1.0
p[3961],0.92,0.01,0.91,0.93,0.0,0.0,9280.27,6382.06,1.0
p[3962],0.93,0.01,0.91,0.94,0.0,0.0,10331.71,6705.36,1.0
p[3963],0.9,0.01,0.88,0.92,0.0,0.0,9829.75,6637.86,1.0
p[3964],0.9,0.01,0.88,0.91,0.0,0.0,8890.14,6873.78,1.0
p[3965],0.81,0.02,0.78,0.84,0.0,0.0,9324.53,7321.24,1.0
p[3966],0.9,0.01,0.88,0.91,0.0,0.0,8896.12,6873.78,1.0
p[3967],0.92,0.01,0.91,0.93,0.0,0.0,9298.71,6434.63,1.0
p[3968],0.88,0.02,0.84,0.92,0.0,0.0,11836.84,6136.45,1.0
p[3969],0.92,0.01,0.91,0.93,0.0,0.0,9301.06,6434.71,1.0
p[3970],0.96,0.0,0.95,0.96,0.0,0.0,8901.76,6069.24,1.0
p[3971],0.96,0.0,0.95,0.96,0.0,0.0,8903.26,6069.24,1.0
p[3972],0.92,0.01,0.91,0.93,0.0,0.0,9308.05,6354.15,1.0
p[3973],0.92,0.01,0.91,0.93,0.0,0.0,9311.23,6354.15,1.0
p[3974],0.94,0.01,0.92,0.95,0.0,0.0,11642.07,6146.26,1.0
p[3975],0.92,0.01,0.91,0.93,0.0,0.0,9313.63,6354.01,1.0
p[3976],0.92,0.01,0.91,0.93,0.0,0.0,9320.85,6348.6,1.0
p[3977],0.93,0.01,0.91,0.94,0.0,0.0,10334.74,6764.51,1.0
p[3978],0.89,0.02,0.86,0.92,0.0,0.0,12141.15,6306.26,1.0
p[3979],0.9,0.01,0.89,0.91,0.0,0.0,8916.88,6844.69,1.0
p[3980],0.94,0.01,0.93,0.96,0.0,0.0,11391.05,6858.7,1.0
p[3981],0.96,0.0,0.95,0.96,0.0,0.0,8899.61,6141.5,1.0
p[3982],0.9,0.01,0.89,0.91,0.0,0.0,8918.98,6830.39,1.0
p[3983],0.96,0.0,0.95,0.96,0.0,0.0,8899.0,6141.5,1.0
p[3984],0.92,0.01,0.91,0.93,0.0,0.0,9338.92,6485.92,1.0
p[3985],0.92,0.01,0.91,0.93,0.0,0.0,9342.44,6569.62,1.0
p[3986],0.92,0.01,0.91,0.93,0.0,0.0,9346.7,6514.71,1.0
p[3987],0.93,0.01,0.91,0.94,0.0,0.0,10330.09,6764.51,1.0
p[3988],0.92,0.01,0.91,0.93,0.0,0.0,9348.52,6486.88,1.0
p[3989],0.81,0.02,0.78,0.84,0.0,0.0,9356.74,7433.34,1.0
p[3990],0.92,0.01,0.91,0.93,0.0,0.0,9352.54,6511.55,1.0
p[3991],0.81,0.02,0.78,0.84,0.0,0.0,9360.2,7434.36,1.0
p[3992],0.89,0.02,0.85,0.92,0.0,0.0,11818.91,6174.14,1.0
p[3993],0.9,0.01,0.89,0.91,0.0,0.0,8934.82,6884.15,1.0
p[3994],0.94,0.01,0.93,0.96,0.0,0.0,9444.35,6565.18,1.0
p[3995],0.91,0.01,0.89,0.93,0.0,0.0,9806.05,6595.31,1.0
p[3996],0.96,0.0,0.95,0.97,0.0,0.0,8900.73,6202.21,1.0
p[3997],0.81,0.02,0.79,0.84,0.0,0.0,9370.24,7436.2,1.0
p[3998],0.92,0.01,0.91,0.93,0.0,0.0,9369.65,6355.68,1.0
p[3999],0.94,0.01,0.93,0.96,0.0,0.0,11379.67,6913.6,1.0
p[4000],0.9,0.01,0.89,0.92,0.0,0.0,8944.28,6709.13,1.0
p[4001],0.92,0.01,0.91,0.93,0.0,0.0,9378.91,6070.67,1.0
p[4002],0.93,0.01,0.91,0.94,0.0,0.0,10330.35,6794.89,1.0
p[4003],0.92,0.01,0.91,0.93,0.0,0.0,9380.3,6070.67,1.0
p[4004],0.96,0.0,0.95,0.97,0.0,0.0,8894.22,6285.73,1.0
p[4005],0.92,0.01,0.91,0.93,0.0,0.0,9389.67,6070.67,1.0
p[4006],0.92,0.01,0.91,0.93,0.0,0.0,9391.08,6070.67,1.0
p[4007],0.93,0.01,0.91,0.95,0.0,0.0,10331.8,6826.66,1.0
p[4008],0.9,0.01,0.89,0.92,0.0,0.0,8951.97,6566.14,1.0
p[4009],0.92,0.01,0.91,0.93,0.0,0.0,9391.7,6070.67,1.0
p[4010],0.92,0.01,0.91,0.93,0.0,0.0,9394.31,6070.67,1.0
p[4011],0.9,0.01,0.89,0.92,0.0,0.0,8956.04,6721.89,1.0
p[4012],0.94,0.01,0.93,0.96,0.0,0.0,11620.98,6191.22,1.0
p[4013],0.94,0.01,0.93,0.96,0.0,0.0,11620.98,6191.22,1.0
p[4014],0.96,0.0,0.95,0.97,0.0,0.0,8893.95,6262.25,1.0
p[4015],0.89,0.02,0.86,0.92,0.0,0.0,12101.26,6312.4,1.0
p[4016],0.92,0.01,0.91,0.93,0.0,0.0,9422.51,5738.79,1.0
p[4017],0.92,0.01,0.91,0.93,0.0,0.0,9425.31,5717.21,1.0
p[4018],0.89,0.02,0.85,0.92,0.0,0.0,11796.83,6250.79,1.0
p[4019],0.82,0.02,0.79,0.85,0.0,0.0,9405.17,7471.33,1.0
p[4020],0.9,0.01,0.89,0.92,0.0,0.0,8978.09,6977.65,1.0
p[4021],0.91,0.01,0.89,0.92,0.0,0.0,8979.87,6977.65,1.0
p[4022],0.96,0.0,0.95,0.97,0.0,0.0,8894.52,6179.77,1.0
p[4023],0.92,0.01,0.91,0.93,0.0,0.0,9443.31,5739.04,1.0
p[4024],0.92,0.01,0.91,0.93,0.0,0.0,9443.23,5848.22,1.0
p[4025],0.94,0.01,0.93,0.96,0.0,0.0,11607.54,6093.79,1.0
p[4026],0.92,0.01,0.91,0.93,0.0,0.0,9449.1,5917.86,1.0
p[4027],0.95,0.01,0.93,0.96,0.0,0.0,9474.15,6594.67,1.0
p[4028],0.96,0.0,0.95,0.97,0.0,0.0,8892.22,6434.28,1.0
p[4029],0.94,0.01,0.93,0.96,0.0,0.0,11605.53,6069.25,1.0
p[4030],0.92,0.01,0.91,0.93,0.0,0.0,9460.12,5903.83,1.0
p[4031],0.93,0.01,0.92,0.95,0.0,0.0,10329.56,6768.27,1.0
p[4032],0.91,0.01,0.89,0.92,0.0,0.0,8998.8,6911.77,1.0
p[4033],0.92,0.01,0.91,0.93,0.0,0.0,9463.02,5996.3,1.0
p[4034],0.91,0.01,0.89,0.92,0.0,0.0,9001.12,6638.79,1.0
p[4035],0.92,0.01,0.91,0.94,0.0,0.0,9466.94,5996.3,1.0
p[4036],0.9,0.01,0.87,0.92,0.0,0.0,12331.95,6228.58,1.0
p[4037],0.92,0.01,0.91,0.94,0.0,0.0,9470.46,5996.3,1.0
p[4038],0.93,0.01,0.91,0.94,0.0,0.0,9480.32,6243.52,1.0
p[4039],0.93,0.01,0.91,0.94,0.0,0.0,9481.39,6243.52,1.0
p[4040],0.97,0.01,0.95,0.98,0.0,0.0,10429.45,6835.25,1.0
p[4041],0.9,0.01,0.88,0.92,0.0,0.0,10012.91,6834.89,1.0
p[4042],0.82,0.02,0.8,0.85,0.0,0.0,9443.22,7569.04,1.0
p[4043],0.96,0.0,0.95,0.97,0.0,0.0,8891.91,6406.45,1.0
p[4044],0.91,0.01,0.89,0.92,0.0,0.0,9025.19,6872.8,1.0
p[4045],0.93,0.01,0.92,0.94,0.0,0.0,9506.61,6248.81,1.0
p[4046],0.93,0.01,0.92,0.94,0.0,0.0,9511.65,6196.6,1.0
p[4047],0.91,0.01,0.9,0.92,0.0,0.0,9030.8,7002.71,1.0
p[4048],0.93,0.01,0.92,0.94,0.0,0.0,9515.16,6196.6,1.0
p[4049],0.93,0.01,0.92,0.94,0.0,0.0,9518.28,6197.85,1.0
p[4050],0.93,0.01,0.92,0.94,0.0,0.0,9522.58,6193.82,1.0
p[4051],0.93,0.01,0.92,0.95,0.0,0.0,10331.22,6738.89,1.0
p[4052],0.96,0.0,0.95,0.97,0.0,0.0,8892.51,6465.8,1.0
p[4053],0.93,0.01,0.92,0.94,0.0,0.0,9529.22,6300.4,1.0
p[4054],0.93,0.01,0.92,0.94,0.0,0.0,9533.55,6222.04,1.0
p[4055],0.93,0.01,0.92,0.94,0.0,0.0,9542.44,6248.29,1.0
p[4056],0.95,0.01,0.93,0.96,0.0,0.0,11569.34,6270.22,1.0
p[4057],0.91,0.01,0.9,0.92,0.0,0.0,9052.12,6918.14,1.0
p[4058],0.83,0.01,0.8,0.86,0.0,0.0,9472.09,7542.33,1.0
p[4059],0.93,0.01,0.92,0.94,0.0,0.0,9552.33,6242.0,1.0
p[4060],0.91,0.01,0.9,0.92,0.0,0.0,9055.48,7132.66,1.0
p[4061],0.93,0.01,0.92,0.94,0.0,0.0,9555.86,6242.01,1.0
p[4062],0.93,0.01,0.92,0.94,0.0,0.0,9561.12,6147.23,1.0
p[4063],0.83,0.01,0.8,0.85,0.0,0.0,9650.96,6971.09,1.0
p[4064],0.64,0.02,0.59,0.69,0.0,0.0,9651.9,7137.14,1.0
p[4065],0.79,0.01,0.76,0.82,0.0,0.0,9524.45,7028.3,1.0
p[4066],0.84,0.02,0.81,0.88,0.0,0.0,9375.85,6647.35,1.0
p[4067],0.79,0.01,0.76,0.82,0.0,0.0,9521.43,6923.22,1.0
p[4068],0.83,0.01,0.81,0.85,0.0,0.0,9647.45,6970.04,1.0
p[4069],0.8,0.02,0.76,0.84,0.0,0.0,10539.06,7109.34,1.0
p[4070],0.79,0.01,0.77,0.82,0.0,0.0,9519.84,6826.67,1.0
p[4071],0.83,0.01,0.81,0.85,0.0,0.0,9647.09,6907.42,1.0
p[4072],0.79,0.01,0.77,0.82,0.0,0.0,9516.91,6811.37,1.0
p[4073],0.83,0.01,0.81,0.85,0.0,0.0,9646.75,6965.36,1.0
p[4074],0.83,0.01,0.81,0.85,0.0,0.0,9646.92,6964.8,1.0
p[4075],0.8,0.01,0.77,0.82,0.0,0.0,9506.54,6710.49,1.0
p[4076],0.83,0.01,0.81,0.85,0.0,0.0,9645.48,6932.85,1.0
p[4077],0.83,0.01,0.81,0.85,0.0,0.0,9643.92,6997.03,1.0
p[4078],0.8,0.01,0.78,0.83,0.0,0.0,9497.27,6924.06,1.0
p[4079],0.84,0.01,0.81,0.85,0.0,0.0,9653.07,7026.68,1.0
p[4080],0.8,0.01,0.78,0.83,0.0,0.0,9479.29,6682.47,1.0
p[4081],0.85,0.02,0.82,0.88,0.0,0.0,9363.79,6475.16,1.0
p[4082],0.88,0.01,0.86,0.9,0.0,0.0,9313.08,6593.98,1.0
p[4083],0.81,0.01,0.78,0.83,0.0,0.0,9458.73,6825.09,1.0
p[4084],0.81,0.01,0.79,0.83,0.0,0.0,9443.31,6886.15,1.0
p[4085],0.84,0.01,0.82,0.86,0.0,0.0,9665.21,7165.15,1.0
p[4086],0.8,0.03,0.75,0.84,0.0,0.0,12315.04,6209.61,1.0
p[4087],0.81,0.01,0.79,0.84,0.0,0.0,9428.23,7018.53,1.0
p[4088],0.89,0.01,0.86,0.92,0.0,0.0,12269.01,7123.93,1.0
p[4089],0.82,0.01,0.8,0.84,0.0,0.0,9394.64,7086.1,1.0
p[4090],0.8,0.03,0.76,0.85,0.0,0.0,12327.2,5979.52,1.0
p[4091],0.85,0.01,0.84,0.87,0.0,0.0,9706.3,7027.17,1.0
p[4092],0.82,0.01,0.8,0.84,0.0,0.0,9375.83,7190.58,1.0
p[4093],0.87,0.01,0.84,0.89,0.0,0.0,9487.12,6476.2,1.0
p[4094],0.85,0.01,0.84,0.87,0.0,0.0,9711.11,6929.13,1.0
p[4095],0.85,0.01,0.84,0.87,0.0,0.0,9711.99,6830.81,1.0
p[4096],0.9,0.01,0.87,0.92,0.0,0.0,12264.1,7267.94,1.0
p[4097],0.85,0.01,0.84,0.87,0.0,0.0,9712.71,6862.6,1.0
p[4098],0.89,0.01,0.87,0.92,0.0,0.0,9331.49,6627.16,1.0
p[4099],0.86,0.01,0.84,0.87,0.0,0.0,9712.08,6834.63,1.0
p[4100],0.82,0.01,0.8,0.84,0.0,0.0,9359.04,7257.78,1.0
p[4101],0.82,0.01,0.8,0.84,0.0,0.0,9356.49,7257.7,1.0
p[4102],0.83,0.02,0.8,0.87,0.0,0.0,10529.95,7182.35,1.0
p[4103],0.81,0.02,0.76,0.86,0.0,0.0,12328.68,5864.29,1.0
p[4104],0.86,0.01,0.84,0.87,0.0,0.0,9712.67,6830.28,1.0
p[4105],0.86,0.01,0.84,0.87,0.0,0.0,9712.53,6860.85,1.0
p[4106],0.86,0.01,0.84,0.87,0.0,0.0,9713.24,6892.69,1.0
p[4107],0.87,0.01,0.84,0.9,0.0,0.0,9477.71,6478.2,1.0
p[4108],0.69,0.02,0.65,0.73,0.0,0.0,9568.95,7245.37,1.0
p[4109],0.86,0.01,0.84,0.87,0.0,0.0,9715.94,6924.81,1.0
p[4110],0.84,0.03,0.79,0.89,0.0,0.0,10374.26,6157.12,1.0
p[4111],0.86,0.01,0.84,0.87,0.0,0.0,9716.07,6925.11,1.0
p[4112],0.83,0.01,0.81,0.85,0.0,0.0,9339.44,7249.43,1.0
p[4113],0.86,0.01,0.84,0.87,0.0,0.0,9717.14,6980.66,1.0
p[4114],0.83,0.01,0.81,0.85,0.0,0.0,9334.08,7249.74,1.0
p[4115],0.87,0.01,0.84,0.9,0.0,0.0,9491.01,6478.2,1.0
p[4116],0.86,0.01,0.84,0.87,0.0,0.0,9716.52,7013.93,1.0
p[4117],0.69,0.02,0.66,0.73,0.0,0.0,9564.93,7086.69,1.0
p[4118],0.86,0.01,0.84,0.88,0.0,0.0,9716.86,7046.18,1.0
p[4119],0.86,0.01,0.84,0.88,0.0,0.0,9717.0,7013.49,1.0
p[4120],0.9,0.01,0.88,0.92,0.0,0.0,9336.29,6612.01,1.0
p[4121],0.86,0.01,0.84,0.88,0.0,0.0,9718.9,7012.55,1.0
p[4122],0.86,0.01,0.84,0.88,0.0,0.0,9718.9,7012.55,1.0
p[4123],0.86,0.01,0.84,0.88,0.0,0.0,9719.52,7012.55,1.0
p[4124],0.93,0.01,0.91,0.96,0.0,0.0,10564.64,6133.07,1.0
p[4125],0.83,0.01,0.81,0.85,0.0,0.0,9312.79,7179.16,1.0
p[4126],0.82,0.02,0.79,0.86,0.0,0.0,10249.16,6703.91,1.0
p[4127],0.86,0.01,0.84,0.88,0.0,0.0,9719.1,7011.98,1.0
p[4128],0.84,0.02,0.81,0.87,0.0,0.0,10536.24,7079.95,1.0
p[4129],0.84,0.02,0.81,0.87,0.0,0.0,10536.24,7079.95,1.0
p[4130],0.81,0.02,0.77,0.86,0.0,0.0,12328.64,5797.28,1.0
p[4131],0.86,0.01,0.84,0.88,0.0,0.0,9718.47,7044.47,1.0
p[4132],0.83,0.01,0.81,0.85,0.0,0.0,9303.33,7215.01,1.0
p[4133],0.83,0.01,0.81,0.85,0.0,0.0,9295.69,7144.82,1.0
p[4134],0.81,0.03,0.75,0.87,0.0,0.0,12308.97,6412.47,1.0
p[4135],0.86,0.01,0.85,0.88,0.0,0.0,9716.65,7010.73,1.0
p[4136],0.86,0.01,0.85,0.88,0.0,0.0,9716.65,7010.73,1.0
p[4137],0.87,0.01,0.85,0.9,0.0,0.0,9509.54,6395.5,1.0
p[4138],0.86,0.01,0.85,0.88,0.0,0.0,9718.17,7011.45,1.0
p[4139],0.84,0.03,0.79,0.89,0.0,0.0,10381.93,6132.27,1.0
p[4140],0.83,0.01,0.81,0.85,0.0,0.0,9297.25,7232.42,1.0
p[4141],0.86,0.01,0.85,0.88,0.0,0.0,9720.02,7011.45,1.0
p[4142],0.7,0.02,0.66,0.74,0.0,0.0,9560.3,7199.91,1.0
p[4143],0.86,0.01,0.85,0.88,0.0,0.0,9723.75,7010.33,1.0
p[4144],0.88,0.01,0.85,0.9,0.0,0.0,9514.56,6320.87,1.0
p[4145],0.83,0.01,0.81,0.85,0.0,0.0,9288.44,7237.77,1.0
p[4146],0.86,0.01,0.85,0.88,0.0,0.0,9723.91,7043.58,1.0
p[4147],0.83,0.01,0.81,0.85,0.0,0.0,9283.56,7203.45,1.0
p[4148],0.9,0.01,0.88,0.92,0.0,0.0,9350.23,6596.58,1.0
p[4149],0.86,0.01,0.85,0.88,0.0,0.0,9725.06,7009.21,1.0
p[4150],0.7,0.02,0.67,0.74,0.0,0.0,9561.11,7133.21,1.0
p[4151],0.86,0.01,0.85,0.88,0.0,0.0,9726.12,7042.45,1.0
p[4152],0.86,0.01,0.85,0.88,0.0,0.0,9728.26,7074.82,1.0
p[4153],0.86,0.01,0.85,0.88,0.0,0.0,9730.6,7041.84,1.0
p[4154],0.9,0.01,0.88,0.92,0.0,0.0,9355.22,6527.88,1.0
p[4155],0.84,0.01,0.82,0.85,0.0,0.0,9264.17,7088.28,1.0
p[4156],0.86,0.01,0.85,0.88,0.0,0.0,9730.17,7043.06,1.0
p[4157],0.84,0.01,0.82,0.85,0.0,0.0,9262.76,7124.06,1.0
p[4158],0.82,0.02,0.78,0.87,0.0,0.0,12334.82,5912.12,1.0
p[4159],0.83,0.02,0.79,0.86,0.0,0.0,10277.63,6895.58,1.0
p[4160],0.85,0.02,0.81,0.88,0.0,0.0,10542.44,7017.2,1.0
p[4161],0.87,0.01,0.85,0.88,0.0,0.0,9732.04,7043.5,1.0
p[4162],0.9,0.01,0.88,0.92,0.0,0.0,9356.87,6499.98,1.0
p[4163],0.84,0.01,0.82,0.86,0.0,0.0,9249.07,6990.45,1.0
p[4164],0.87,0.01,0.85,0.88,0.0,0.0,9731.23,7080.72,1.0
p[4165],0.81,0.03,0.76,0.87,0.0,0.0,12300.79,6412.35,1.0
p[4166],0.87,0.01,0.85,0.88,0.0,0.0,9731.43,7053.85,1.0
p[4167],0.71,0.02,0.67,0.75,0.0,0.0,9560.56,7134.74,1.0
p[4168],0.84,0.01,0.82,0.86,0.0,0.0,9238.43,6990.15,1.0
p[4169],0.87,0.01,0.85,0.88,0.0,0.0,9733.67,7020.0,1.0
p[4170],0.88,0.01,0.85,0.9,0.0,0.0,9531.99,6289.86,1.0
p[4171],0.82,0.02,0.79,0.85,0.0,0.0,9204.79,7106.61,1.0
p[4172],0.85,0.03,0.8,0.9,0.0,0.0,10382.6,6182.77,1.0
p[4173],0.84,0.01,0.82,0.86,0.0,0.0,9231.71,7117.95,1.0
p[4174],0.88,0.01,0.85,0.9,0.0,0.0,9534.23,6289.86,1.0
p[4175],0.87,0.01,0.85,0.88,0.0,0.0,9733.82,6950.18,1.0
p[4176],0.71,0.02,0.67,0.75,0.0,0.0,9558.23,7247.02,1.0
p[4177],0.84,0.01,0.82,0.86,0.0,0.0,9227.11,7117.33,1.0
p[4178],0.87,0.01,0.85,0.88,0.0,0.0,9737.32,6949.87,1.0
p[4179],0.87,0.01,0.85,0.88,0.0,0.0,9736.12,6949.87,1.0
p[4180],0.87,0.01,0.85,0.88,0.0,0.0,9738.72,6949.87,1.0
p[4181],0.87,0.01,0.85,0.88,0.0,0.0,9738.72,6949.87,1.0
p[4182],0.87,0.01,0.85,0.88,0.0,0.0,9738.07,6949.87,1.0
p[4183],0.87,0.01,0.85,0.88,0.0,0.0,9741.46,6981.47,1.0
p[4184],0.84,0.01,0.82,0.86,0.0,0.0,9215.37,7051.32,1.0
p[4185],0.87,0.01,0.85,0.88,0.0,0.0,9741.65,6981.47,1.0
p[4186],0.83,0.02,0.8,0.87,0.0,0.0,10292.15,6772.31,1.0
p[4187],0.94,0.01,0.91,0.96,0.0,0.0,10545.28,6092.98,1.0
p[4188],0.84,0.01,0.82,0.86,0.0,0.0,9191.88,7084.27,1.0
p[4189],0.85,0.02,0.82,0.88,0.0,0.0,10544.33,7048.72,1.0
p[4190],0.85,0.02,0.82,0.88,0.0,0.0,10544.33,7048.72,1.0
p[4191],0.83,0.02,0.78,0.87,0.0,0.0,12333.18,5956.33,1.0
p[4192],0.87,0.01,0.86,0.89,0.0,0.0,9746.82,6886.59,1.0
p[4193],0.91,0.01,0.89,0.93,0.0,0.0,12004.51,7180.79,1.0
p[4194],0.87,0.01,0.86,0.89,0.0,0.0,9747.2,6827.87,1.0
p[4195],0.82,0.03,0.77,0.87,0.0,0.0,12298.49,6466.08,1.0
p[4196],0.72,0.02,0.68,0.75,0.0,0.0,9556.8,7165.73,1.0
p[4197],0.88,0.01,0.86,0.91,0.0,0.0,9557.71,6287.21,1.0
p[4198],0.85,0.03,0.8,0.9,0.0,0.0,10377.57,6152.99,1.0
p[4199],0.87,0.01,0.86,0.89,0.0,0.0,9743.8,6794.81,1.0
p[4200],0.84,0.01,0.83,0.86,0.0,0.0,9160.91,7185.09,1.0
p[4201],0.87,0.01,0.86,0.89,0.0,0.0,9744.42,6794.73,1.0
p[4202],0.84,0.01,0.83,0.86,0.0,0.0,9160.38,7185.09,1.0
p[4203],0.87,0.01,0.86,0.89,0.0,0.0,9744.35,6825.24,1.0
p[4204],0.85,0.02,0.82,0.88,0.0,0.0,10550.14,7018.13,1.0
p[4205],0.87,0.01,0.86,0.89,0.0,0.0,9745.56,6825.24,1.0
p[4206],0.72,0.02,0.68,0.75,0.0,0.0,9555.53,7000.14,1.0
p[4207],0.87,0.01,0.86,0.89,0.0,0.0,9747.74,6533.24,1.0
p[4208],0.87,0.01,0.86,0.89,0.0,0.0,9747.59,6763.88,1.0
p[4209],0.87,0.01,0.86,0.89,0.0,0.0,9747.38,6674.64,1.0
p[4210],0.87,0.01,0.86,0.89,0.0,0.0,9747.38,6674.64,1.0
p[4211],0.85,0.01,0.83,0.86,0.0,0.0,9142.0,7206.98,1.0
p[4212],0.89,0.01,0.86,0.91,0.0,0.0,9575.93,6202.21,1.0
p[4213],0.93,0.01,0.91,0.94,0.0,0.0,9104.02,7145.71,1.0
p[4214],0.87,0.01,0.86,0.89,0.0,0.0,9749.69,6706.69,1.0
p[4215],0.85,0.01,0.83,0.86,0.0,0.0,9137.04,7172.74,1.0
p[4216],0.87,0.01,0.86,0.89,0.0,0.0,9752.79,6574.8,1.0
p[4217],0.91,0.01,0.89,0.93,0.0,0.0,9372.24,6253.4,1.0
p[4218],0.85,0.01,0.83,0.87,0.0,0.0,9133.14,7173.09,1.0
p[4219],0.84,0.02,0.81,0.87,0.0,0.0,10303.59,6757.49,1.0
p[4220],0.83,0.02,0.79,0.87,0.0,0.0,12325.89,5810.97,1.0
p[4221],0.85,0.01,0.83,0.87,0.0,0.0,9127.36,7218.8,1.0
p[4222],0.88,0.01,0.86,0.89,0.0,0.0,9757.0,6949.86,1.0
p[4223],0.91,0.01,0.89,0.93,0.0,0.0,11992.86,7031.04,1.0
p[4224],0.94,0.01,0.92,0.96,0.0,0.0,10530.36,6024.47,1.0
p[4225],0.72,0.02,0.69,0.76,0.0,0.0,9545.1,6810.53,1.0
p[4226],0.88,0.01,0.86,0.89,0.0,0.0,9763.31,6981.15,1.0
p[4227],0.86,0.02,0.83,0.89,0.0,0.0,10554.09,6985.36,1.0
p[4228],0.88,0.01,0.86,0.89,0.0,0.0,9765.34,6949.54,1.0
p[4229],0.83,0.03,0.78,0.88,0.0,0.0,12294.36,6521.71,1.0
p[4230],0.89,0.01,0.86,0.91,0.0,0.0,9581.14,6264.2,1.0
p[4231],0.89,0.01,0.86,0.91,0.0,0.0,9582.68,6264.2,1.0
p[4232],0.88,0.01,0.86,0.89,0.0,0.0,9769.8,6520.64,1.0
p[4233],0.85,0.01,0.83,0.87,0.0,0.0,9110.59,7185.07,1.0
p[4234],0.85,0.01,0.83,0.87,0.0,0.0,9106.2,7184.49,1.0
p[4235],0.88,0.01,0.86,0.89,0.0,0.0,9770.84,6519.82,1.0
p[4236],0.88,0.01,0.86,0.89,0.0,0.0,9770.84,6519.82,1.0
p[4237],0.91,0.01,0.89,0.94,0.0,0.0,11989.67,7127.81,1.0
p[4238],0.88,0.01,0.86,0.89,0.0,0.0,9773.23,6612.34,1.0
p[4239],0.88,0.01,0.86,0.89,0.0,0.0,9773.23,6612.34,1.0
p[4240],0.88,0.01,0.86,0.89,0.0,0.0,9774.33,6616.19,1.0
p[4241],0.88,0.01,0.86,0.89,0.0,0.0,9775.27,6616.19,1.0
p[4242],0.73,0.02,0.69,0.76,0.0,0.0,9537.7,6843.74,1.0
p[4243],0.89,0.01,0.87,0.91,0.0,0.0,9594.82,6317.32,1.0
p[4244],0.91,0.01,0.89,0.93,0.0,0.0,9390.13,6203.9,1.0
p[4245],0.85,0.01,0.83,0.87,0.0,0.0,9100.68,7185.45,1.0
p[4246],0.88,0.01,0.86,0.89,0.0,0.0,9777.95,7109.19,1.0
p[4247],0.85,0.01,0.83,0.87,0.0,0.0,9101.52,7185.45,1.0
p[4248],0.86,0.02,0.83,0.89,0.0,0.0,10556.23,7002.27,1.0
p[4249],0.86,0.02,0.83,0.89,0.0,0.0,10556.23,7002.27,1.0
p[4250],0.93,0.01,0.92,0.94,0.0,0.0,9092.87,7099.95,1.0
p[4251],0.94,0.01,0.92,0.97,0.0,0.0,10527.51,6118.09,1.0
p[4252],0.84,0.02,0.8,0.88,0.0,0.0,12305.74,5660.01,1.0
p[4253],0.88,0.01,0.87,0.89,0.0,0.0,9779.38,7094.99,1.0
p[4254],0.83,0.03,0.78,0.88,0.0,0.0,12287.42,6577.35,1.0
p[4255],0.73,0.02,0.7,0.77,0.0,0.0,9531.35,6939.45,1.0
p[4256],0.88,0.01,0.87,0.89,0.0,0.0,9780.98,7025.58,1.0
p[4257],0.89,0.01,0.87,0.91,0.0,0.0,9607.64,6265.93,1.0
p[4258],0.85,0.01,0.84,0.87,0.0,0.0,9098.38,7276.76,1.0
p[4259],0.86,0.02,0.82,0.91,0.0,0.0,10385.16,6154.13,1.0
p[4260],0.88,0.01,0.87,0.89,0.0,0.0,9779.9,7028.04,1.0
p[4261],0.85,0.01,0.84,0.87,0.0,0.0,9101.64,7242.19,1.0
p[4262],0.73,0.02,0.7,0.77,0.0,0.0,9530.04,6954.16,1.0
p[4263],0.88,0.01,0.87,0.89,0.0,0.0,9778.27,7160.62,1.0
p[4264],0.88,0.01,0.87,0.89,0.0,0.0,9777.81,7160.62,1.0
p[4265],0.92,0.01,0.89,0.94,0.0,0.0,11978.29,7106.64,1.0
p[4266],0.86,0.01,0.84,0.87,0.0,0.0,9109.74,7346.54,1.0
p[4267],0.88,0.01,0.87,0.89,0.0,0.0,9778.83,7124.88,1.0
p[4268],0.86,0.01,0.83,0.89,0.0,0.0,10560.2,6991.5,1.0
p[4269],0.88,0.01,0.87,0.89,0.0,0.0,9779.9,7124.88,1.0
p[4270],0.88,0.01,0.87,0.9,0.0,0.0,9783.02,7043.64,1.0
p[4271],0.86,0.01,0.84,0.87,0.0,0.0,9111.08,7329.44,1.0
p[4272],0.93,0.01,0.92,0.95,0.0,0.0,9088.94,7118.66,1.0
p[4273],0.84,0.02,0.81,0.87,0.0,0.0,9202.55,7069.44,1.0
p[4274],0.86,0.01,0.84,0.87,0.0,0.0,9109.41,7312.5,1.0
p[4275],0.88,0.01,0.87,0.9,0.0,0.0,9784.54,7076.28,1.0
p[4276],0.93,0.01,0.92,0.95,0.0,0.0,9090.97,7152.13,1.0
p[4277],0.86,0.01,0.84,0.87,0.0,0.0,9107.94,7277.93,1.0
p[4278],0.89,0.01,0.87,0.92,0.0,0.0,9643.58,6318.22,1.0
p[4279],0.85,0.02,0.82,0.88,0.0,0.0,10347.73,6622.61,1.0
p[4280],0.88,0.01,0.87,0.9,0.0,0.0,9454.35,7145.18,1.0
p[4281],0.84,0.02,0.81,0.88,0.0,0.0,12300.27,5808.96,1.0
p[4282],0.94,0.01,0.92,0.95,0.0,0.0,9084.98,7119.64,1.0
p[4283],0.86,0.01,0.84,0.87,0.0,0.0,9104.83,7278.09,1.0
p[4284],0.91,0.01,0.89,0.93,0.0,0.0,11683.79,6283.2,1.0
p[4285],0.88,0.01,0.87,0.9,0.0,0.0,9455.7,7079.22,1.0
p[4286],0.84,0.03,0.79,0.89,0.0,0.0,12272.5,6664.84,1.0
p[4287],0.92,0.01,0.9,0.93,0.0,0.0,9406.73,6253.38,1.0
p[4288],0.86,0.01,0.84,0.87,0.0,0.0,9109.11,7192.3,1.0
p[4289],0.89,0.01,0.87,0.9,0.0,0.0,9455.11,7078.84,1.0
p[4290],0.89,0.01,0.87,0.9,0.0,0.0,9455.11,7078.84,1.0
p[4291],0.91,0.01,0.89,0.93,0.0,0.0,11678.84,6361.01,1.0
p[4292],0.89,0.01,0.87,0.9,0.0,0.0,9454.56,7013.52,1.0
p[4293],0.87,0.01,0.84,0.89,0.0,0.0,10562.36,6817.22,1.0
p[4294],0.89,0.01,0.87,0.9,0.0,0.0,9452.21,7013.52,1.0
p[4295],0.86,0.01,0.84,0.88,0.0,0.0,9114.89,7192.55,1.0
p[4296],0.89,0.01,0.87,0.9,0.0,0.0,9452.39,7013.52,1.0
p[4297],0.74,0.02,0.71,0.78,0.0,0.0,9522.6,6813.42,1.0
p[4298],0.87,0.02,0.82,0.91,0.0,0.0,10384.81,6244.12,1.0
p[4299],0.89,0.01,0.87,0.9,0.0,0.0,9451.97,6981.13,1.0
p[4300],0.85,0.01,0.82,0.87,0.0,0.0,9206.49,7197.23,1.0
p[4301],0.89,0.01,0.87,0.9,0.0,0.0,9452.65,6981.31,1.0
p[4302],0.9,0.01,0.88,0.92,0.0,0.0,9679.84,6265.73,1.0
p[4303],0.89,0.01,0.87,0.9,0.0,0.0,9453.61,6981.5,1.0
p[4304],0.86,0.01,0.84,0.88,0.0,0.0,9119.09,7209.69,1.0
p[4305],0.89,0.01,0.87,0.9,0.0,0.0,9454.27,7062.39,1.0
p[4306],0.75,0.02,0.71,0.78,0.0,0.0,9521.55,6798.82,1.0
p[4307],0.9,0.01,0.88,0.92,0.0,0.0,9679.71,6344.32,1.0
p[4308],0.86,0.01,0.84,0.88,0.0,0.0,9121.39,7210.0,1.0
p[4309],0.86,0.02,0.83,0.89,0.0,0.0,10352.99,6622.82,1.0
p[4310],0.85,0.02,0.81,0.89,0.0,0.0,12290.31,5719.41,1.0
p[4311],0.89,0.01,0.87,0.9,0.0,0.0,9454.08,7079.06,1.0
p[4312],0.86,0.01,0.85,0.88,0.0,0.0,9124.87,7244.61,1.0
p[4313],0.75,0.02,0.71,0.78,0.0,0.0,9522.66,6677.53,1.0
p[4314],0.92,0.01,0.9,0.94,0.0,0.0,11950.17,7392.44,1.0
p[4315],0.86,0.01,0.85,0.88,0.0,0.0,9128.78,7176.02,1.0
p[4316],0.95,0.01,0.93,0.97,0.0,0.0,10503.3,6330.27,1.0
p[4317],0.87,0.02,0.83,0.91,0.0,0.0,10379.68,6296.93,1.0
p[4318],0.9,0.01,0.88,0.92,0.0,0.0,9708.22,6370.91,1.0
p[4319],0.86,0.01,0.85,0.88,0.0,0.0,9130.23,7108.85,1.0
p[4320],0.84,0.03,0.8,0.89,0.0,0.0,12260.09,6664.77,1.0
p[4321],0.89,0.01,0.88,0.9,0.0,0.0,9460.63,7138.37,1.0
p[4322],0.75,0.02,0.72,0.78,0.0,0.0,9520.03,6707.92,1.0
p[4323],0.92,0.01,0.9,0.94,0.0,0.0,9428.96,6259.48,1.0
p[4324],0.89,0.01,0.88,0.9,0.0,0.0,9462.14,7173.56,1.0
p[4325],0.94,0.01,0.93,0.95,0.0,0.0,9072.74,7051.64,1.0
p[4326],0.89,0.01,0.88,0.9,0.0,0.0,9464.59,6940.27,1.0
p[4327],0.87,0.01,0.85,0.88,0.0,0.0,9144.75,7125.37,1.0
p[4328],0.89,0.01,0.88,0.9,0.0,0.0,9464.47,7102.47,1.0
p[4329],0.86,0.02,0.83,0.89,0.0,0.0,10365.58,6564.46,1.0
p[4330],0.89,0.01,0.88,0.9,0.0,0.0,9466.88,7002.85,1.0
p[4331],0.87,0.01,0.85,0.88,0.0,0.0,9147.48,7175.08,1.0
p[4332],0.85,0.02,0.81,0.89,0.0,0.0,12289.59,5831.23,1.0
p[4333],0.89,0.01,0.88,0.9,0.0,0.0,9468.36,7054.42,1.0
p[4334],0.92,0.01,0.9,0.94,0.0,0.0,9440.76,6158.81,1.0
p[4335],0.89,0.01,0.88,0.9,0.0,0.0,9471.42,7075.16,1.0
p[4336],0.87,0.01,0.85,0.88,0.0,0.0,9159.34,7260.69,1.0
p[4337],0.9,0.01,0.88,0.92,0.0,0.0,9737.3,6370.51,1.0
p[4338],0.9,0.01,0.88,0.92,0.0,0.0,9738.9,6370.75,1.0
p[4339],0.76,0.02,0.72,0.79,0.0,0.0,9524.05,6939.74,1.0
p[4340],0.89,0.01,0.88,0.9,0.0,0.0,9472.97,7128.14,1.0
p[4341],0.88,0.02,0.83,0.91,0.0,0.0,10381.74,6297.62,1.0
p[4342],0.87,0.01,0.85,0.88,0.0,0.0,9166.68,7260.49,1.0
p[4343],0.89,0.01,0.88,0.91,0.0,0.0,9473.05,7139.69,1.0
p[4344],0.94,0.01,0.93,0.95,0.0,0.0,9076.01,7050.36,1.0
p[4345],0.86,0.01,0.83,0.88,0.0,0.0,9217.89,7096.56,1.0
p[4346],0.87,0.01,0.85,0.88,0.0,0.0,9167.09,7188.84,1.0
p[4347],0.89,0.01,0.88,0.91,0.0,0.0,9474.55,6977.24,1.0
p[4348],0.87,0.01,0.85,0.88,0.0,0.0,9172.22,7180.23,1.0
p[4349],0.85,0.02,0.8,0.9,0.0,0.0,12246.48,6636.0,1.0
p[4350],0.89,0.01,0.88,0.91,0.0,0.0,9475.44,6881.94,1.0
p[4351],0.89,0.01,0.88,0.91,0.0,0.0,9475.85,6881.94,1.0
p[4352],0.87,0.01,0.85,0.89,0.0,0.0,9175.4,7180.23,1.0
p[4353],0.9,0.01,0.88,0.92,0.0,0.0,9759.36,6299.93,1.0
p[4354],0.89,0.01,0.88,0.91,0.0,0.0,9476.1,6944.97,1.0
p[4355],0.89,0.01,0.88,0.91,0.0,0.0,9476.1,6944.97,1.0
p[4356],0.89,0.01,0.88,0.91,0.0,0.0,9478.0,6822.09,1.0
p[4357],0.76,0.02,0.73,0.79,0.0,0.0,9530.99,6922.16,1.0
p[4358],0.89,0.01,0.88,0.91,0.0,0.0,9479.78,6762.08,1.0
p[4359],0.88,0.01,0.85,0.9,0.0,0.0,10550.68,6941.77,1.0
p[4360],0.87,0.01,0.85,0.89,0.0,0.0,9179.92,7111.85,1.0
p[4361],0.87,0.01,0.85,0.89,0.0,0.0,9183.37,7140.47,1.0
p[4362],0.86,0.02,0.83,0.89,0.0,0.0,10382.15,6798.77,1.0
p[4363],0.87,0.01,0.86,0.89,0.0,0.0,9187.3,7112.11,1.0
p[4364],0.9,0.01,0.88,0.91,0.0,0.0,9483.44,6671.8,1.0
p[4365],0.85,0.02,0.81,0.9,0.0,0.0,12244.77,6694.58,1.0
p[4366],0.92,0.01,0.9,0.94,0.0,0.0,11628.03,6189.2,1.0
p[4367],0.91,0.01,0.88,0.92,0.0,0.0,9778.19,6480.02,1.0
p[4368],0.86,0.02,0.82,0.9,0.0,0.0,12264.69,5853.61,1.0
p[4369],0.87,0.01,0.86,0.89,0.0,0.0,9187.66,7079.19,1.0
p[4370],0.88,0.01,0.85,0.9,0.0,0.0,10549.85,6758.06,1.0
p[4371],0.95,0.01,0.93,0.97,0.0,0.0,10489.61,6129.17,1.0
p[4372],0.76,0.02,0.73,0.79,0.0,0.0,9541.02,6783.37,1.0
p[4373],0.93,0.01,0.91,0.95,0.0,0.0,11898.49,7195.79,1.0
p[4374],0.88,0.02,0.84,0.92,0.0,0.0,10387.97,6378.12,1.0
p[4375],0.9,0.01,0.89,0.91,0.0,0.0,9492.97,6554.66,1.0
p[4376],0.87,0.01,0.86,0.89,0.0,0.0,9199.4,7091.07,1.0
p[4377],0.9,0.01,0.89,0.91,0.0,0.0,9493.9,6554.31,1.0
p[4378],0.9,0.01,0.89,0.91,0.0,0.0,9495.41,6553.82,1.0
p[4379],0.93,0.01,0.91,0.95,0.0,0.0,11890.98,7196.45,1.0
p[4380],0.77,0.02,0.73,0.8,0.0,0.0,9545.14,6875.41,1.0
p[4381],0.9,0.01,0.89,0.91,0.0,0.0,9498.64,6551.58,1.0
p[4382],0.87,0.01,0.86,0.89,0.0,0.0,9206.08,7124.28,1.0
p[4383],0.87,0.02,0.84,0.9,0.0,0.0,10386.27,6737.45,1.0
p[4384],0.86,0.02,0.83,0.9,0.0,0.0,12261.83,5742.37,1.0
p[4385],0.87,0.01,0.86,0.89,0.0,0.0,9207.68,7124.31,1.0
p[4386],0.9,0.01,0.89,0.91,0.0,0.0,9501.61,6535.45,1.0
p[4387],0.88,0.01,0.86,0.91,0.0,0.0,10557.61,6944.44,1.0
p[4388],0.88,0.01,0.86,0.89,0.0,0.0,9210.19,7136.69,1.0
p[4389],0.86,0.02,0.81,0.9,0.0,0.0,12226.23,6754.09,1.0
p[4390],0.9,0.01,0.89,0.91,0.0,0.0,9507.67,6468.05,1.0
p[4391],0.91,0.01,0.89,0.93,0.0,0.0,9819.99,6479.34,1.0
p[4392],0.77,0.02,0.74,0.8,0.0,0.0,9553.3,6845.09,1.0
p[4393],0.91,0.01,0.89,0.93,0.0,0.0,9821.32,6479.34,1.0
p[4394],0.89,0.02,0.84,0.92,0.0,0.0,10384.43,6351.36,1.0
p[4395],0.88,0.01,0.86,0.89,0.0,0.0,9215.41,7204.34,1.0
p[4396],0.9,0.01,0.89,0.91,0.0,0.0,9510.82,6494.16,1.0
p[4397],0.88,0.01,0.86,0.89,0.0,0.0,9220.35,7238.31,1.0
p[4398],0.86,0.01,0.84,0.89,0.0,0.0,9226.35,7065.19,1.0
p[4399],0.9,0.01,0.89,0.91,0.0,0.0,9513.49,6563.8,1.0
p[4400],0.9,0.01,0.89,0.91,0.0,0.0,9514.32,6535.28,1.0
p[4401],0.93,0.01,0.91,0.94,0.0,0.0,9490.76,6108.69,1.0
p[4402],0.88,0.01,0.86,0.89,0.0,0.0,9227.39,7273.36,1.0
p[4403],0.94,0.01,0.93,0.96,0.0,0.0,9062.16,6766.74,1.0
p[4404],0.9,0.01,0.89,0.91,0.0,0.0,9515.24,6481.04,1.0
p[4405],0.77,0.02,0.74,0.8,0.0,0.0,9560.66,6892.8,1.0
p[4406],0.9,0.01,0.89,0.91,0.0,0.0,9515.24,6481.04,1.0
p[4407],0.9,0.01,0.89,0.91,0.0,0.0,9516.6,6481.04,1.0
p[4408],0.91,0.01,0.89,0.93,0.0,0.0,9839.5,6539.57,1.0
p[4409],0.9,0.01,0.89,0.91,0.0,0.0,9518.91,6537.94,1.0
p[4410],0.88,0.01,0.86,0.89,0.0,0.0,9232.21,7307.9,1.0
p[4411],0.93,0.01,0.91,0.95,0.0,0.0,11857.92,7295.56,1.0
p[4412],0.9,0.01,0.89,0.91,0.0,0.0,9523.62,6537.94,1.0
p[4413],0.9,0.01,0.89,0.91,0.0,0.0,9523.62,6537.94,1.0
p[4414],0.88,0.01,0.86,0.89,0.0,0.0,9238.5,7451.53,1.0
p[4415],0.91,0.01,0.89,0.93,0.0,0.0,9845.15,6434.74,1.0
p[4416],0.9,0.01,0.89,0.91,0.0,0.0,9526.46,6594.66,1.0
p[4417],0.88,0.01,0.86,0.89,0.0,0.0,9241.92,7415.06,1.0
p[4418],0.86,0.02,0.82,0.91,0.0,0.0,12214.6,6724.59,1.0
p[4419],0.9,0.01,0.89,0.91,0.0,0.0,9532.53,6566.51,1.0
p[4420],0.93,0.01,0.91,0.94,0.0,0.0,9502.27,6209.81,1.0
p[4421],0.9,0.01,0.89,0.91,0.0,0.0,9533.45,6566.51,1.0
p[4422],0.78,0.02,0.74,0.81,0.0,0.0,9564.95,6801.71,1.0
p[4423],0.87,0.02,0.83,0.9,0.0,0.0,12219.07,5878.02,1.0
p[4424],0.88,0.01,0.87,0.9,0.0,0.0,9246.71,7488.27,1.0
p[4425],0.9,0.01,0.89,0.91,0.0,0.0,9538.36,6565.06,1.0
p[4426],0.93,0.01,0.91,0.94,0.0,0.0,9508.91,6313.25,1.0
p[4427],0.91,0.01,0.89,0.93,0.0,0.0,9873.19,6454.03,1.0
p[4428],0.96,0.01,0.94,0.97,0.0,0.0,10463.65,6081.0,1.0
p[4429],0.88,0.01,0.87,0.9,0.0,0.0,9259.44,7379.06,1.0
p[4430],0.91,0.01,0.89,0.93,0.0,0.0,9874.05,6426.31,1.0
p[4431],0.89,0.02,0.85,0.92,0.0,0.0,10380.21,6431.92,1.0
p[4432],0.87,0.01,0.85,0.89,0.0,0.0,9241.93,7091.78,1.0
p[4433],0.88,0.01,0.87,0.9,0.0,0.0,9267.37,7343.61,1.0
p[4434],0.9,0.01,0.89,0.92,0.0,0.0,9546.48,6535.58,1.0
p[4435],0.78,0.02,0.75,0.81,0.0,0.0,9574.67,6799.79,1.0
p[4436],0.9,0.01,0.89,0.92,0.0,0.0,9549.44,6593.43,1.0
p[4437],0.9,0.01,0.89,0.92,0.0,0.0,9550.99,6562.65,1.0
p[4438],0.88,0.01,0.87,0.9,0.0,0.0,9274.4,7273.55,1.0
p[4439],0.93,0.01,0.91,0.95,0.0,0.0,11824.89,7200.55,1.0
p[4440],0.9,0.01,0.89,0.92,0.0,0.0,9552.59,6534.06,1.0
p[4441],0.88,0.01,0.87,0.9,0.0,0.0,9277.78,7379.76,1.0
p[4442],0.87,0.02,0.84,0.9,0.0,0.0,12209.71,5742.59,1.0
p[4443],0.89,0.01,0.87,0.91,0.0,0.0,10550.09,7267.97,1.0
p[4444],0.88,0.01,0.87,0.9,0.0,0.0,9283.39,7308.45,1.0
p[4445],0.88,0.01,0.85,0.9,0.0,0.0,10396.09,6830.6,1.0
p[4446],0.91,0.01,0.89,0.92,0.0,0.0,9564.04,6532.65,1.0
p[4447],0.93,0.01,0.91,0.95,0.0,0.0,11576.05,6112.02,1.0
p[4448],0.93,0.01,0.91,0.95,0.0,0.0,11576.05,6112.02,1.0
p[4449],0.78,0.02,0.75,0.81,0.0,0.0,9583.68,6817.99,1.0
p[4450],0.87,0.02,0.83,0.91,0.0,0.0,12148.77,6694.49,1.0
p[4451],0.95,0.01,0.94,0.96,0.0,0.0,9068.35,6984.46,1.0
p[4452],0.91,0.01,0.89,0.92,0.0,0.0,9568.33,6562.56,1.0
p[4453],0.91,0.01,0.89,0.92,0.0,0.0,9570.97,6534.61,1.0
p[4454],0.89,0.01,0.87,0.9,0.0,0.0,9295.78,7237.17,1.0
p[4455],0.93,0.01,0.92,0.95,0.0,0.0,9533.83,6286.06,1.0
p[4456],0.91,0.01,0.9,0.92,0.0,0.0,9572.36,6591.01,1.0
p[4457],0.93,0.01,0.91,0.95,0.0,0.0,11564.25,6186.12,1.0
p[4458],0.91,0.01,0.9,0.92,0.0,0.0,9575.86,6508.04,1.0
p[4459],0.89,0.02,0.86,0.93,0.0,0.0,10391.09,6428.17,1.0
p[4460],0.91,0.01,0.9,0.92,0.0,0.0,9575.86,6508.04,1.0
p[4461],0.89,0.01,0.87,0.9,0.0,0.0,9302.35,7306.84,1.0
p[4462],0.79,0.02,0.75,0.81,0.0,0.0,9591.76,6880.05,1.0
p[4463],0.91,0.01,0.9,0.92,0.0,0.0,9582.34,6591.99,1.0
p[4464],0.89,0.01,0.87,0.9,0.0,0.0,9306.85,7307.07,1.0
p[4465],0.92,0.01,0.9,0.93,0.0,0.0,9932.07,6510.75,1.0
p[4466],0.91,0.01,0.9,0.92,0.0,0.0,9584.89,6563.8,1.0
p[4467],0.95,0.01,0.94,0.96,0.0,0.0,9063.92,6984.19,1.0
p[4468],0.88,0.01,0.85,0.91,0.0,0.0,10403.84,6893.71,1.0
p[4469],0.89,0.01,0.87,0.9,0.0,0.0,9314.18,7413.81,1.0
p[4470],0.91,0.01,0.9,0.92,0.0,0.0,9591.98,6509.44,1.0
p[4471],0.89,0.01,0.87,0.9,0.0,0.0,9316.5,7413.81,1.0
p[4472],0.91,0.01,0.9,0.92,0.0,0.0,9594.46,6509.44,1.0
p[4473],0.91,0.01,0.9,0.92,0.0,0.0,9594.46,6509.44,1.0
p[4474],0.94,0.01,0.92,0.95,0.0,0.0,11789.84,7133.76,1.0
p[4475],0.91,0.01,0.9,0.92,0.0,0.0,9597.59,6594.76,1.0
p[4476],0.89,0.01,0.87,0.9,0.0,0.0,9323.76,7413.81,1.0
p[4477],0.95,0.01,0.94,0.96,0.0,0.0,9066.36,6952.73,1.0
p[4478],0.91,0.01,0.9,0.92,0.0,0.0,9602.6,6564.96,1.0
p[4479],0.96,0.01,0.94,0.97,0.0,0.0,10369.0,6492.64,1.0
p[4480],0.92,0.01,0.9,0.94,0.0,0.0,9949.45,6539.47,1.0
p[4481],0.87,0.02,0.83,0.91,0.0,0.0,12093.62,6636.14,1.0
p[4482],0.88,0.02,0.84,0.91,0.0,0.0,12173.75,5992.7,1.0
p[4483],0.91,0.01,0.9,0.92,0.0,0.0,9611.34,6481.0,1.0
p[4484],0.91,0.01,0.9,0.92,0.0,0.0,9611.34,6481.0,1.0
p[4485],0.92,0.01,0.9,0.94,0.0,0.0,9959.41,6540.54,1.0
p[4486],0.89,0.01,0.87,0.9,0.0,0.0,9333.6,7413.7,1.0
p[4487],0.79,0.02,0.76,0.82,0.0,0.0,9613.78,6671.8,1.0
p[4488],0.96,0.01,0.94,0.97,0.0,0.0,10444.4,6004.94,1.0
p[4489],0.79,0.02,0.76,0.82,0.0,0.0,9615.01,6642.64,1.0
p[4490],0.89,0.01,0.88,0.9,0.0,0.0,9340.02,7377.73,1.0
p[4491],0.91,0.01,0.9,0.92,0.0,0.0,9618.92,6593.71,1.0
p[4492],0.79,0.02,0.76,0.82,0.0,0.0,9618.46,6642.64,1.0
p[4493],0.91,0.01,0.9,0.92,0.0,0.0,9620.44,6593.71,1.0
p[4494],0.91,0.01,0.9,0.92,0.0,0.0,9620.44,6593.71,1.0
p[4495],0.89,0.01,0.88,0.9,0.0,0.0,9344.11,7377.35,1.0
p[4496],0.91,0.01,0.9,0.92,0.0,0.0,9627.14,6564.35,1.0
p[4497],0.92,0.01,0.9,0.94,0.0,0.0,9974.59,6597.27,1.0
p[4498],0.91,0.01,0.9,0.92,0.0,0.0,9628.59,6593.21,1.0
p[4499],0.89,0.01,0.88,0.91,0.0,0.0,9351.22,7341.68,1.0
p[4500],0.91,0.01,0.9,0.92,0.0,0.0,9631.52,6593.26,1.0
p[4501],0.94,0.01,0.92,0.95,0.0,0.0,11764.86,6816.91,1.0
p[4502],0.93,0.01,0.91,0.95,0.0,0.0,11527.88,6262.35,1.0
p[4503],0.93,0.01,0.91,0.95,0.0,0.0,11527.88,6262.35,1.0
p[4504],0.9,0.01,0.87,0.92,0.0,0.0,10431.38,7436.24,1.0
p[4505],0.95,0.01,0.94,0.96,0.0,0.0,9076.5,6920.37,1.0
p[4506],0.89,0.01,0.86,0.91,0.0,0.0,10415.27,6891.19,1.0
p[4507],0.91,0.01,0.9,0.92,0.0,0.0,9640.01,6536.29,1.0
p[4508],0.95,0.01,0.94,0.96,0.0,0.0,9075.89,6920.37,1.0
p[4509],0.92,0.01,0.9,0.94,0.0,0.0,9987.91,6568.69,1.0
p[4510],0.91,0.01,0.9,0.92,0.0,0.0,9644.07,6686.69,1.0
p[4511],0.91,0.01,0.9,0.92,0.0,0.0,9645.41,6686.69,1.0
p[4512],0.88,0.02,0.85,0.91,0.0,0.0,12141.71,6052.31,1.0
p[4513],0.91,0.01,0.9,0.92,0.0,0.0,9646.84,6655.07,1.0
p[4514],0.8,0.02,0.77,0.83,0.0,0.0,9639.77,6698.71,1.0
p[4515],0.94,0.01,0.92,0.95,0.0,0.0,9584.67,6420.11,1.0
p[4516],0.93,0.01,0.92,0.95,0.0,0.0,11517.51,6316.76,1.0
p[4517],0.88,0.02,0.84,0.92,0.0,0.0,12002.3,6666.12,1.0
p[4518],0.8,0.02,0.77,0.83,0.0,0.0,9644.78,6586.74,1.0
p[4519],0.91,0.01,0.9,0.92,0.0,0.0,9653.54,6626.77,1.0
p[4520],0.91,0.01,0.9,0.92,0.0,0.0,9655.17,6625.71,1.0
p[4521],0.91,0.01,0.9,0.92,0.0,0.0,9658.34,6625.71,1.0
p[4522],0.91,0.01,0.9,0.92,0.0,0.0,9659.88,6597.79,1.0
p[4523],0.8,0.02,0.77,0.83,0.0,0.0,9648.53,6563.78,1.0
p[4524],0.91,0.01,0.9,0.93,0.0,0.0,9661.48,6626.49,1.0
p[4525],0.95,0.01,0.94,0.96,0.0,0.0,9083.67,6889.65,1.0
p[4526],0.91,0.01,0.9,0.93,0.0,0.0,9663.47,6597.29,1.0
p[4527],0.92,0.01,0.91,0.94,0.0,0.0,10025.89,6654.89,1.0
p[4528],0.89,0.01,0.88,0.91,0.0,0.0,9287.33,7411.68,1.0
p[4529],0.89,0.01,0.88,0.91,0.0,0.0,9289.86,7447.93,1.0
p[4530],0.92,0.01,0.91,0.94,0.0,0.0,10027.28,6684.35,1.0
p[4531],0.88,0.02,0.85,0.91,0.0,0.0,12399.59,6224.39,1.0
p[4532],0.9,0.01,0.88,0.91,0.0,0.0,9294.31,7484.89,1.0
p[4533],0.95,0.0,0.94,0.96,0.0,0.0,9086.77,6858.57,1.0
p[4534],0.92,0.01,0.9,0.93,0.0,0.0,9674.77,6595.93,1.0
p[4535],0.92,0.01,0.9,0.93,0.0,0.0,9676.21,6573.43,1.0
p[4536],0.92,0.01,0.91,0.93,0.0,0.0,9678.07,6573.43,1.0
p[4537],0.95,0.0,0.94,0.96,0.0,0.0,9090.65,6814.65,1.0
p[4538],0.8,0.02,0.77,0.83,0.0,0.0,9666.25,6781.27,1.0
p[4539],0.94,0.01,0.93,0.96,0.0,0.0,11729.37,6914.65,1.0
p[4540],0.94,0.01,0.93,0.95,0.0,0.0,9608.22,6419.2,1.0
p[4541],0.88,0.02,0.84,0.92,0.0,0.0,11931.52,6695.31,1.0
p[4542],0.9,0.01,0.88,0.91,0.0,0.0,9300.63,7447.23,1.0
p[4543],0.95,0.0,0.94,0.96,0.0,0.0,9092.6,6783.16,1.0
p[4544],0.92,0.01,0.91,0.93,0.0,0.0,9691.59,6302.53,1.0
p[4545],0.9,0.01,0.88,0.91,0.0,0.0,9302.71,7483.8,1.0
p[4546],0.94,0.01,0.92,0.95,0.0,0.0,11490.68,6397.21,1.0
p[4547],0.94,0.01,0.92,0.95,0.0,0.0,11490.68,6397.21,1.0
p[4548],0.92,0.01,0.91,0.93,0.0,0.0,9692.06,6302.53,1.0
p[4549],0.92,0.01,0.91,0.93,0.0,0.0,9695.25,6383.96,1.0
p[4550],0.94,0.01,0.93,0.96,0.0,0.0,11722.74,6915.82,1.0
p[4551],0.81,0.02,0.77,0.83,0.0,0.0,9678.37,6745.14,1.0
p[4552],0.9,0.01,0.88,0.92,0.0,0.0,10368.72,7291.73,1.0
p[4553],0.81,0.02,0.78,0.84,0.0,0.0,9681.97,6745.52,1.0
p[4554],0.95,0.0,0.95,0.96,0.0,0.0,9101.2,6782.79,1.0
p[4555],0.92,0.01,0.91,0.93,0.0,0.0,9703.31,6403.55,1.0
p[4556],0.9,0.01,0.88,0.91,0.0,0.0,9307.41,7463.3,1.0
p[4557],0.93,0.01,0.91,0.94,0.0,0.0,9901.83,6715.15,1.0
p[4558],0.9,0.01,0.88,0.91,0.0,0.0,9309.26,7426.27,1.0
p[4559],0.92,0.01,0.91,0.93,0.0,0.0,9711.27,6435.35,1.0
p[4560],0.89,0.02,0.86,0.92,0.0,0.0,12342.97,6362.89,1.0
p[4561],0.93,0.01,0.91,0.94,0.0,0.0,9898.44,6745.21,1.0
p[4562],0.92,0.01,0.91,0.93,0.0,0.0,9723.2,6348.63,1.0
p[4563],0.81,0.02,0.78,0.84,0.0,0.0,9700.51,6850.56,1.0
p[4564],0.92,0.01,0.91,0.93,0.0,0.0,9723.96,6348.63,1.0
p[4565],0.9,0.01,0.89,0.91,0.0,0.0,9322.24,7347.75,1.0
p[4566],0.92,0.01,0.91,0.93,0.0,0.0,9730.27,6376.33,1.0
p[4567],0.9,0.01,0.89,0.91,0.0,0.0,9326.17,7347.94,1.0
p[4568],0.96,0.0,0.95,0.96,0.0,0.0,9103.07,6799.34,1.0
p[4569],0.94,0.01,0.92,0.96,0.0,0.0,11467.43,6556.12,1.0
p[4570],0.89,0.02,0.85,0.92,0.0,0.0,11871.99,6754.49,1.0
p[4571],0.92,0.01,0.91,0.93,0.0,0.0,9735.12,6339.88,1.0
p[4572],0.92,0.01,0.91,0.93,0.0,0.0,9738.16,6379.13,1.0
p[4573],0.93,0.01,0.91,0.94,0.0,0.0,9897.95,6816.6,1.0
p[4574],0.96,0.0,0.95,0.96,0.0,0.0,9108.15,6799.34,1.0
p[4575],0.92,0.01,0.91,0.93,0.0,0.0,9739.44,6380.24,1.0
p[4576],0.94,0.01,0.92,0.96,0.0,0.0,11460.64,6627.57,1.0
p[4577],0.9,0.01,0.89,0.92,0.0,0.0,9338.59,7400.94,1.0
p[4578],0.96,0.0,0.95,0.97,0.0,0.0,9111.54,6799.48,1.0
p[4579],0.92,0.01,0.91,0.93,0.0,0.0,9744.16,6403.18,1.0
p[4580],0.96,0.0,0.95,0.97,0.0,0.0,9110.58,6799.48,1.0
p[4581],0.9,0.01,0.89,0.92,0.0,0.0,9341.83,7398.72,1.0
p[4582],0.89,0.02,0.86,0.92,0.0,0.0,12298.44,6558.23,1.0
p[4583],0.92,0.01,0.91,0.93,0.0,0.0,9754.59,6194.9,1.0
p[4584],0.92,0.01,0.91,0.93,0.0,0.0,9757.34,6153.84,1.0
p[4585],0.92,0.01,0.91,0.93,0.0,0.0,9759.71,6153.84,1.0
p[4586],0.81,0.02,0.79,0.84,0.0,0.0,9737.34,6979.53,1.0
p[4587],0.9,0.01,0.89,0.92,0.0,0.0,9351.83,7438.59,1.0
p[4588],0.96,0.01,0.95,0.98,0.0,0.0,10391.95,5961.26,1.0
p[4589],0.9,0.01,0.89,0.92,0.0,0.0,9353.11,7366.34,1.0
p[4590],0.92,0.01,0.91,0.93,0.0,0.0,9773.69,6193.06,1.0
p[4591],0.92,0.01,0.91,0.93,0.0,0.0,9777.15,6094.05,1.0
p[4592],0.92,0.01,0.91,0.93,0.0,0.0,9779.41,6094.24,1.0
p[4593],0.92,0.01,0.91,0.93,0.0,0.0,9782.08,6094.24,1.0
p[4594],0.92,0.01,0.91,0.93,0.0,0.0,9784.0,6093.12,1.0
p[4595],0.96,0.0,0.95,0.97,0.0,0.0,9126.14,7067.35,1.0
p[4596],0.9,0.01,0.88,0.92,0.0,0.0,10436.33,6829.91,1.0
p[4597],0.92,0.01,0.91,0.93,0.0,0.0,9790.06,5951.34,1.0
p[4598],0.94,0.01,0.93,0.96,0.0,0.0,11439.22,6591.38,1.0
p[4599],0.93,0.01,0.91,0.95,0.0,0.0,9902.75,6725.87,1.0
p[4600],0.91,0.01,0.89,0.92,0.0,0.0,9368.27,7329.58,1.0
p[4601],0.95,0.01,0.93,0.96,0.0,0.0,9670.6,6553.12,1.0
p[4602],0.91,0.01,0.89,0.92,0.0,0.0,9370.77,7156.67,1.0
p[4603],0.82,0.02,0.79,0.85,0.0,0.0,9764.14,6691.46,1.0
p[4604],0.8,0.01,0.77,0.82,0.0,0.0,10134.26,6991.63,1.0
p[4605],0.6,0.03,0.55,0.65,0.0,0.0,9682.94,6933.74,1.0
p[4606],0.8,0.01,0.77,0.82,0.0,0.0,10132.87,6991.31,1.0
p[4607],0.76,0.02,0.73,0.79,0.0,0.0,10018.83,6931.58,1.0
p[4608],0.76,0.02,0.73,0.79,0.0,0.0,10014.86,6931.99,1.0
p[4609],0.82,0.02,0.78,0.86,0.0,0.0,10395.9,6682.54,1.0
p[4610],0.8,0.01,0.78,0.83,0.0,0.0,10120.17,6960.07,1.0
p[4611],0.8,0.01,0.78,0.83,0.0,0.0,10120.23,6960.07,1.0
p[4612],0.77,0.02,0.73,0.82,0.0,0.0,10344.05,7070.24,1.0
p[4613],0.8,0.01,0.78,0.83,0.0,0.0,10111.86,7023.38,1.0
p[4614],0.76,0.02,0.73,0.79,0.0,0.0,9980.97,6960.51,1.0
p[4615],0.8,0.01,0.78,0.83,0.0,0.0,10105.4,6928.91,1.0
p[4616],0.77,0.02,0.74,0.79,0.0,0.0,9967.72,7091.72,1.0
p[4617],0.81,0.01,0.78,0.83,0.0,0.0,10092.71,6896.18,1.0
p[4618],0.81,0.01,0.78,0.83,0.0,0.0,10089.55,6896.06,1.0
p[4619],0.77,0.01,0.74,0.79,0.0,0.0,9953.0,7128.21,1.0
p[4620],0.81,0.01,0.79,0.83,0.0,0.0,10077.69,7022.04,1.0
p[4621],0.77,0.01,0.74,0.8,0.0,0.0,9922.5,7029.57,1.0
p[4622],0.81,0.01,0.79,0.83,0.0,0.0,10067.99,7121.95,1.0
p[4623],0.83,0.02,0.79,0.86,0.0,0.0,10462.45,6605.94,1.0
p[4624],0.86,0.01,0.83,0.89,0.0,0.0,9098.72,6672.41,1.0
p[4625],0.78,0.01,0.75,0.8,0.0,0.0,9873.5,6839.08,1.0
p[4626],0.78,0.01,0.75,0.8,0.0,0.0,9862.7,6869.18,1.0
p[4627],0.82,0.01,0.8,0.84,0.0,0.0,10025.12,7042.64,1.0
p[4628],0.78,0.01,0.76,0.81,0.0,0.0,9831.05,6809.05,1.0
p[4629],0.78,0.01,0.76,0.81,0.0,0.0,9804.21,6737.03,1.0
p[4630],0.77,0.03,0.71,0.82,0.0,0.0,12463.14,6057.02,1.0
p[4631],0.87,0.02,0.84,0.9,0.0,0.0,12062.92,6953.45,1.0
p[4632],0.79,0.01,0.77,0.82,0.0,0.0,9734.44,6469.51,1.0
p[4633],0.77,0.03,0.72,0.83,0.0,0.0,12460.13,6334.18,1.0
p[4634],0.85,0.02,0.81,0.88,0.0,0.0,10505.13,6305.02,1.0
p[4635],0.83,0.01,0.81,0.85,0.0,0.0,9838.94,7248.98,1.0
p[4636],0.8,0.01,0.77,0.82,0.0,0.0,9684.27,6388.94,1.0
p[4637],0.88,0.02,0.85,0.91,0.0,0.0,12052.65,7050.49,1.0
p[4638],0.83,0.01,0.81,0.85,0.0,0.0,9834.73,7248.98,1.0
p[4639],0.83,0.01,0.81,0.85,0.0,0.0,9833.4,7283.95,1.0
p[4640],0.88,0.01,0.85,0.9,0.0,0.0,9053.63,6670.21,1.0
p[4641],0.83,0.01,0.81,0.85,0.0,0.0,9828.84,7300.7,1.0
p[4642],0.8,0.01,0.77,0.82,0.0,0.0,9671.06,6326.35,1.0
p[4643],0.81,0.02,0.77,0.85,0.0,0.0,10243.31,7103.18,1.0
p[4644],0.78,0.03,0.73,0.83,0.0,0.0,12460.68,6170.83,1.0
p[4645],0.8,0.01,0.77,0.82,0.0,0.0,9664.19,6261.62,1.0
p[4646],0.83,0.01,0.82,0.85,0.0,0.0,9816.64,7345.96,1.0
p[4647],0.85,0.02,0.82,0.88,0.0,0.0,10493.72,6331.41,1.0
p[4648],0.83,0.01,0.82,0.85,0.0,0.0,9812.19,7381.66,1.0
p[4649],0.65,0.02,0.61,0.69,0.0,0.0,9524.15,7345.78,1.0
p[4650],0.83,0.01,0.82,0.85,0.0,0.0,9810.82,7389.27,1.0
p[4651],0.81,0.03,0.75,0.87,0.0,0.0,10570.88,6575.49,1.0
p[4652],0.8,0.01,0.78,0.82,0.0,0.0,9643.08,6247.95,1.0
p[4653],0.8,0.01,0.78,0.82,0.0,0.0,9636.34,6260.94,1.0
p[4654],0.85,0.02,0.82,0.88,0.0,0.0,10488.58,6253.27,1.0
p[4655],0.84,0.01,0.82,0.85,0.0,0.0,9803.9,7380.12,1.0
p[4656],0.84,0.01,0.82,0.85,0.0,0.0,9800.9,7380.6,1.0
p[4657],0.84,0.01,0.82,0.85,0.0,0.0,9798.94,7380.6,1.0
p[4658],0.66,0.02,0.61,0.7,0.0,0.0,9509.04,7274.45,1.0
p[4659],0.88,0.01,0.86,0.9,0.0,0.0,9038.08,6526.63,1.0
p[4660],0.84,0.01,0.82,0.85,0.0,0.0,9795.32,7491.04,1.0
p[4661],0.84,0.01,0.82,0.85,0.0,0.0,9794.55,7491.04,1.0
p[4662],0.8,0.01,0.78,0.82,0.0,0.0,9614.23,6395.91,1.0
p[4663],0.84,0.01,0.82,0.86,0.0,0.0,9790.56,7490.06,1.0
p[4664],0.79,0.02,0.75,0.84,0.0,0.0,9884.44,6654.66,1.0
p[4665],0.92,0.02,0.89,0.95,0.0,0.0,10971.24,6209.11,1.0
p[4666],0.8,0.01,0.78,0.83,0.0,0.0,9605.36,6409.05,1.0
p[4667],0.79,0.03,0.74,0.84,0.0,0.0,12460.79,6435.38,1.0
p[4668],0.78,0.03,0.72,0.84,0.0,0.0,12622.72,6761.14,1.0
p[4669],0.84,0.01,0.82,0.86,0.0,0.0,9778.18,7476.41,1.0
p[4670],0.82,0.02,0.78,0.85,0.0,0.0,10226.68,6956.24,1.0
p[4671],0.85,0.02,0.83,0.88,0.0,0.0,10475.25,6253.13,1.0
p[4672],0.66,0.02,0.62,0.7,0.0,0.0,9488.76,7275.02,1.0
p[4673],0.82,0.03,0.76,0.87,0.0,0.0,10569.2,6612.52,1.0
p[4674],0.84,0.01,0.82,0.86,0.0,0.0,9767.8,7513.47,1.0
p[4675],0.81,0.01,0.78,0.83,0.0,0.0,9572.22,6561.16,1.0
p[4676],0.81,0.01,0.78,0.83,0.0,0.0,9568.33,6561.16,1.0
p[4677],0.86,0.02,0.83,0.88,0.0,0.0,10468.77,6253.09,1.0
p[4678],0.66,0.02,0.62,0.7,0.0,0.0,9479.46,7240.32,1.0
p[4679],0.84,0.01,0.82,0.86,0.0,0.0,9761.58,7477.39,1.0
p[4680],0.84,0.01,0.82,0.86,0.0,0.0,9759.04,7440.79,1.0
p[4681],0.84,0.01,0.82,0.86,0.0,0.0,9758.22,7440.79,1.0
p[4682],0.84,0.01,0.82,0.86,0.0,0.0,9756.84,7440.79,1.0
p[4683],0.84,0.01,0.83,0.86,0.0,0.0,9754.35,7477.22,1.0
p[4684],0.88,0.01,0.86,0.91,0.0,0.0,9022.38,6370.24,1.0
p[4685],0.81,0.01,0.79,0.83,0.0,0.0,9547.81,6490.13,1.0
p[4686],0.8,0.02,0.76,0.84,0.0,0.0,9876.83,6942.29,1.0
p[4687],0.81,0.01,0.79,0.83,0.0,0.0,9539.55,6531.66,1.0
p[4688],0.82,0.02,0.79,0.86,0.0,0.0,10210.3,6977.69,1.0
p[4689],0.84,0.01,0.83,0.86,0.0,0.0,9742.4,7318.34,1.0
p[4690],0.79,0.03,0.75,0.84,0.0,0.0,12462.88,6543.73,1.0
p[4691],0.79,0.03,0.73,0.85,0.0,0.0,12608.0,6790.98,1.0
p[4692],0.84,0.01,0.83,0.86,0.0,0.0,9738.41,7283.11,1.0
p[4693],0.84,0.01,0.83,0.86,0.0,0.0,9737.31,7296.92,1.0
p[4694],0.89,0.01,0.86,0.91,0.0,0.0,9016.92,6397.49,1.0
p[4695],0.89,0.01,0.86,0.91,0.0,0.0,9017.7,6397.49,1.0
p[4696],0.85,0.01,0.83,0.86,0.0,0.0,9731.45,7261.88,1.0
p[4697],0.67,0.02,0.63,0.71,0.0,0.0,9455.16,7171.28,1.0
p[4698],0.86,0.01,0.83,0.89,0.0,0.0,10449.26,6304.13,1.0
p[4699],0.83,0.03,0.77,0.88,0.0,0.0,10561.08,6547.47,1.0
p[4700],0.81,0.01,0.79,0.83,0.0,0.0,9514.54,6519.11,1.0
p[4701],0.85,0.01,0.83,0.86,0.0,0.0,9729.91,7248.63,1.0
p[4702],0.81,0.01,0.79,0.83,0.0,0.0,9510.57,6561.32,1.0
p[4703],0.86,0.01,0.83,0.89,0.0,0.0,10442.94,6329.93,1.0
p[4704],0.8,0.02,0.76,0.83,0.0,0.0,9122.54,7138.05,1.0
p[4705],0.85,0.01,0.83,0.86,0.0,0.0,9724.18,7261.94,1.0
p[4706],0.85,0.01,0.83,0.86,0.0,0.0,9724.18,7261.94,1.0
p[4707],0.67,0.02,0.63,0.71,0.0,0.0,9445.58,7171.43,1.0
p[4708],0.89,0.01,0.86,0.92,0.0,0.0,11999.63,7001.83,1.0
p[4709],0.85,0.01,0.83,0.86,0.0,0.0,9722.96,7206.63,1.0
p[4710],0.85,0.01,0.83,0.86,0.0,0.0,9721.77,7206.98,1.0
p[4711],0.85,0.01,0.83,0.86,0.0,0.0,9721.14,7206.98,1.0
p[4712],0.85,0.01,0.83,0.86,0.0,0.0,9718.21,7206.98,1.0
p[4713],0.85,0.01,0.83,0.86,0.0,0.0,9716.26,7261.66,1.0
p[4714],0.81,0.02,0.77,0.85,0.0,0.0,9869.2,6941.25,1.0
p[4715],0.82,0.01,0.79,0.84,0.0,0.0,9478.76,6533.48,1.0
p[4716],0.82,0.01,0.79,0.84,0.0,0.0,9476.64,6533.48,1.0
p[4717],0.83,0.02,0.79,0.86,0.0,0.0,10198.72,6882.3,1.0
p[4718],0.8,0.03,0.75,0.85,0.0,0.0,12459.35,6478.12,1.0
p[4719],0.79,0.03,0.74,0.85,0.0,0.0,12587.21,6721.76,1.0
p[4720],0.85,0.01,0.83,0.87,0.0,0.0,9706.6,7226.52,1.0
p[4721],0.82,0.01,0.8,0.84,0.0,0.0,9460.24,6655.67,1.0
p[4722],0.86,0.01,0.84,0.89,0.0,0.0,10433.86,6226.97,1.0
p[4723],0.93,0.01,0.9,0.95,0.0,0.0,10938.5,6242.91,1.0
p[4724],0.68,0.02,0.64,0.72,0.0,0.0,9432.08,7171.56,1.0
p[4725],0.85,0.01,0.83,0.87,0.0,0.0,9704.08,7261.77,1.0
p[4726],0.82,0.01,0.8,0.84,0.0,0.0,9452.83,6626.16,1.0
p[4727],0.83,0.03,0.77,0.88,0.0,0.0,10556.99,6540.39,1.0
p[4728],0.82,0.01,0.8,0.84,0.0,0.0,9447.86,6626.35,1.0
p[4729],0.8,0.02,0.77,0.84,0.0,0.0,9113.52,7137.37,1.0
p[4730],0.86,0.01,0.84,0.89,0.0,0.0,10427.97,6175.82,1.0
p[4731],0.85,0.01,0.84,0.87,0.0,0.0,9695.49,7227.39,1.0
p[4732],0.82,0.01,0.8,0.84,0.0,0.0,9441.18,6646.87,1.0
p[4733],0.83,0.02,0.8,0.86,0.0,0.0,10193.84,6723.31,1.0
p[4734],0.85,0.01,0.84,0.87,0.0,0.0,9691.92,7227.47,1.0
p[4735],0.85,0.01,0.84,0.87,0.0,0.0,9689.74,7227.04,1.0
p[4736],0.85,0.01,0.84,0.87,0.0,0.0,9689.3,7262.06,1.0
p[4737],0.92,0.01,0.9,0.93,0.0,0.0,9303.9,7376.53,1.0
p[4738],0.85,0.01,0.84,0.87,0.0,0.0,9688.26,7262.47,1.0
p[4739],0.89,0.01,0.87,0.92,0.0,0.0,11968.78,7049.21,1.0
p[4740],0.82,0.01,0.8,0.84,0.0,0.0,9425.69,6617.96,1.0
p[4741],0.85,0.01,0.84,0.87,0.0,0.0,9685.26,7227.53,1.0
p[4742],0.81,0.02,0.78,0.85,0.0,0.0,9871.04,7000.87,1.0
p[4743],0.82,0.01,0.8,0.84,0.0,0.0,9419.78,6589.1,1.0
p[4744],0.83,0.02,0.8,0.87,0.0,0.0,10182.83,6634.49,1.0
p[4745],0.82,0.01,0.8,0.84,0.0,0.0,9410.98,6589.42,1.0
p[4746],0.81,0.02,0.76,0.85,0.0,0.0,12447.6,6546.36,1.0
p[4747],0.8,0.03,0.74,0.86,0.0,0.0,12572.48,6692.36,1.0
p[4748],0.69,0.02,0.65,0.73,0.0,0.0,9416.72,7133.64,1.0
p[4749],0.85,0.01,0.84,0.87,0.0,0.0,9677.63,7159.16,1.0
p[4750],0.89,0.01,0.87,0.91,0.0,0.0,8996.61,6314.99,1.0
p[4751],0.93,0.01,0.9,0.96,0.0,0.0,10919.99,6347.04,1.0
p[4752],0.87,0.01,0.84,0.89,0.0,0.0,10402.42,6225.64,1.0
p[4753],0.86,0.01,0.84,0.87,0.0,0.0,9672.98,7125.59,1.0
p[4754],0.69,0.02,0.65,0.73,0.0,0.0,9413.34,7133.7,1.0
p[4755],0.82,0.01,0.8,0.84,0.0,0.0,9393.07,6662.48,1.0
p[4756],0.84,0.03,0.78,0.89,0.0,0.0,10553.9,6568.23,1.0
p[4757],0.86,0.01,0.84,0.87,0.0,0.0,9667.64,7179.05,1.0
p[4758],0.86,0.01,0.84,0.87,0.0,0.0,9667.42,7179.05,1.0
p[4759],0.83,0.01,0.81,0.84,0.0,0.0,9384.08,6676.1,1.0
p[4760],0.69,0.02,0.65,0.73,0.0,0.0,9404.62,7103.89,1.0
p[4761],0.86,0.01,0.84,0.87,0.0,0.0,9665.81,7192.46,1.0
p[4762],0.83,0.01,0.81,0.84,0.0,0.0,9378.72,6714.1,1.0
p[4763],0.86,0.01,0.84,0.87,0.0,0.0,9665.05,7192.46,1.0
p[4764],0.86,0.01,0.84,0.87,0.0,0.0,9662.98,7158.23,1.0
p[4765],0.86,0.01,0.84,0.87,0.0,0.0,9662.21,7226.66,1.0
p[4766],0.86,0.01,0.84,0.87,0.0,0.0,9662.21,7226.66,1.0
p[4767],0.87,0.01,0.84,0.9,0.0,0.0,10394.59,6329.28,1.0
p[4768],0.83,0.01,0.81,0.85,0.0,0.0,9370.56,6656.04,1.0
p[4769],0.86,0.01,0.84,0.87,0.0,0.0,9659.56,7226.32,1.0
p[4770],0.87,0.01,0.85,0.9,0.0,0.0,10392.26,6355.68,1.0
p[4771],0.83,0.01,0.81,0.85,0.0,0.0,9364.26,6684.79,1.0
p[4772],0.92,0.01,0.9,0.93,0.0,0.0,9209.9,7306.5,1.0
p[4773],0.93,0.01,0.91,0.96,0.0,0.0,10912.42,6399.82,1.0
p[4774],0.81,0.02,0.77,0.86,0.0,0.0,12441.24,6616.36,1.0
p[4775],0.9,0.01,0.87,0.92,0.0,0.0,11932.74,6902.98,1.0
p[4776],0.83,0.01,0.81,0.85,0.0,0.0,9357.72,6625.75,1.0
p[4777],0.84,0.02,0.81,0.87,0.0,0.0,10160.65,6693.02,1.0
p[4778],0.86,0.01,0.84,0.87,0.0,0.0,9653.55,7354.08,1.0
p[4779],0.81,0.03,0.75,0.86,0.0,0.0,12540.35,6585.35,1.0
p[4780],0.9,0.01,0.88,0.92,0.0,0.0,8990.42,6291.42,1.0
p[4781],0.86,0.01,0.84,0.87,0.0,0.0,9649.63,7318.73,1.0
p[4782],0.86,0.01,0.84,0.87,0.0,0.0,9648.71,7318.73,1.0
p[4783],0.7,0.02,0.66,0.73,0.0,0.0,9396.07,6973.14,1.0
p[4784],0.83,0.01,0.81,0.85,0.0,0.0,9344.65,6539.6,1.0
p[4785],0.81,0.02,0.78,0.85,0.0,0.0,9098.58,7238.03,1.0
p[4786],0.84,0.03,0.79,0.89,0.0,0.0,10556.26,6604.47,1.0
p[4787],0.89,0.01,0.87,0.92,0.0,0.0,11792.24,6504.04,1.0
p[4788],0.87,0.01,0.85,0.9,0.0,0.0,10381.09,6320.01,1.0
p[4789],0.86,0.01,0.85,0.88,0.0,0.0,9643.13,7334.98,1.0
p[4790],0.83,0.01,0.81,0.85,0.0,0.0,9335.47,6539.74,1.0
p[4791],0.86,0.01,0.85,0.88,0.0,0.0,9642.5,7406.58,1.0
p[4792],0.83,0.01,0.81,0.85,0.0,0.0,9332.37,6539.74,1.0
p[4793],0.86,0.01,0.85,0.88,0.0,0.0,9640.03,7406.58,1.0
p[4794],0.9,0.01,0.88,0.93,0.0,0.0,11920.35,6783.76,1.0
p[4795],0.7,0.02,0.66,0.74,0.0,0.0,9388.99,6878.31,1.0
p[4796],0.83,0.01,0.81,0.85,0.0,0.0,9326.47,6401.59,1.0
p[4797],0.89,0.01,0.87,0.92,0.0,0.0,11792.24,6540.12,1.0
p[4798],0.83,0.02,0.79,0.86,0.0,0.0,9863.09,7066.07,1.0
p[4799],0.86,0.01,0.85,0.88,0.0,0.0,9634.82,7460.23,1.0
p[4800],0.86,0.01,0.85,0.88,0.0,0.0,9634.81,7460.23,1.0
p[4801],0.83,0.01,0.81,0.85,0.0,0.0,9323.11,6456.17,1.0
p[4802],0.82,0.02,0.79,0.85,0.0,0.0,9091.18,7170.71,1.0
p[4803],0.86,0.01,0.85,0.88,0.0,0.0,9635.96,7444.07,1.0
p[4804],0.92,0.01,0.91,0.94,0.0,0.0,9136.29,7276.78,1.0
p[4805],0.84,0.02,0.81,0.87,0.0,0.0,10142.42,6721.17,1.0
p[4806],0.9,0.01,0.88,0.92,0.0,0.0,8990.19,6316.41,1.0
p[4807],0.83,0.01,0.82,0.85,0.0,0.0,9316.93,6455.97,1.0
p[4808],0.81,0.03,0.76,0.87,0.0,0.0,12513.95,6791.75,1.0
p[4809],0.86,0.01,0.85,0.88,0.0,0.0,9631.03,7444.21,1.0
p[4810],0.82,0.02,0.77,0.86,0.0,0.0,12426.89,6514.79,1.0
p[4811],0.92,0.01,0.91,0.94,0.0,0.0,9116.61,7276.31,1.0
p[4812],0.7,0.02,0.67,0.74,0.0,0.0,9378.57,6868.23,1.0
p[4813],0.85,0.03,0.8,0.89,0.0,0.0,10553.42,6607.09,1.0
p[4814],0.86,0.01,0.85,0.88,0.0,0.0,9629.04,7266.01,1.0
p[4815],0.84,0.01,0.82,0.85,0.0,0.0,9306.01,6456.98,1.0
p[4816],0.87,0.01,0.85,0.88,0.0,0.0,9627.2,7266.59,1.0
p[4817],0.84,0.02,0.81,0.88,0.0,0.0,10134.29,6814.65,1.0
p[4818],0.84,0.01,0.82,0.85,0.0,0.0,9300.69,6349.36,1.0
p[4819],0.88,0.01,0.85,0.9,0.0,0.0,10361.17,6330.47,1.0
p[4820],0.92,0.01,0.91,0.94,0.0,0.0,9091.63,7140.86,1.0
p[4821],0.87,0.01,0.85,0.88,0.0,0.0,9623.63,7266.6,1.0
p[4822],0.87,0.01,0.85,0.88,0.0,0.0,9623.63,7266.6,1.0
p[4823],0.71,0.02,0.67,0.74,0.0,0.0,9378.73,6847.48,1.0
p[4824],0.84,0.01,0.82,0.86,0.0,0.0,9296.65,6349.58,1.0
p[4825],0.87,0.01,0.85,0.88,0.0,0.0,9620.63,7220.1,1.0
p[4826],0.87,0.01,0.85,0.88,0.0,0.0,9620.63,7220.1,1.0
p[4827],0.82,0.02,0.79,0.85,0.0,0.0,9087.61,7274.62,1.0
p[4828],0.87,0.01,0.85,0.88,0.0,0.0,9619.92,7220.1,1.0
p[4829],0.87,0.01,0.85,0.88,0.0,0.0,9618.45,7231.87,1.0
p[4830],0.87,0.01,0.85,0.88,0.0,0.0,9618.45,7231.87,1.0
p[4831],0.87,0.01,0.85,0.88,0.0,0.0,9617.97,7231.87,1.0
p[4832],0.83,0.02,0.8,0.86,0.0,0.0,9857.15,7204.16,1.0
p[4833],0.84,0.01,0.82,0.86,0.0,0.0,9285.96,6349.07,1.0
p[4834],0.91,0.01,0.88,0.93,0.0,0.0,11889.02,6770.48,1.0
p[4835],0.94,0.01,0.91,0.96,0.0,0.0,10850.14,6599.34,1.0
p[4836],0.88,0.01,0.86,0.9,0.0,0.0,10353.67,6410.23,1.0
p[4837],0.85,0.02,0.82,0.88,0.0,0.0,10125.88,6754.12,1.0
p[4838],0.84,0.01,0.82,0.86,0.0,0.0,9279.79,6322.84,1.0
p[4839],0.82,0.02,0.78,0.86,0.0,0.0,12414.67,6600.32,1.0
p[4840],0.84,0.01,0.82,0.86,0.0,0.0,9275.92,6322.84,1.0
p[4841],0.87,0.01,0.85,0.88,0.0,0.0,9610.69,7252.57,1.0
p[4842],0.82,0.03,0.77,0.87,0.0,0.0,12482.02,6671.81,1.0
p[4843],0.87,0.01,0.85,0.88,0.0,0.0,9609.47,7230.09,1.0
p[4844],0.88,0.01,0.86,0.91,0.0,0.0,10343.22,6409.63,1.0
p[4845],0.85,0.03,0.8,0.9,0.0,0.0,10550.18,6466.97,1.0
p[4846],0.87,0.01,0.86,0.88,0.0,0.0,9606.44,7264.85,1.0
p[4847],0.84,0.01,0.82,0.86,0.0,0.0,9263.82,6375.61,1.0
p[4848],0.87,0.01,0.86,0.88,0.0,0.0,9606.85,7265.09,1.0
p[4849],0.87,0.01,0.86,0.88,0.0,0.0,9606.8,7265.09,1.0
p[4850],0.84,0.01,0.82,0.86,0.0,0.0,9328.87,6401.77,1.0
p[4851],0.88,0.01,0.86,0.91,0.0,0.0,10337.28,6442.0,1.0
p[4852],0.83,0.02,0.8,0.86,0.0,0.0,9079.45,7273.84,1.0
p[4853],0.84,0.01,0.82,0.86,0.0,0.0,9322.98,6455.99,1.0
p[4854],0.87,0.01,0.86,0.89,0.0,0.0,9654.72,7265.18,1.0
p[4855],0.91,0.01,0.89,0.92,0.0,0.0,8988.83,6191.92,1.0
p[4856],0.87,0.01,0.86,0.89,0.0,0.0,9650.87,7338.19,1.0
p[4857],0.84,0.02,0.8,0.87,0.0,0.0,9850.6,7239.36,1.0
p[4858],0.72,0.02,0.68,0.75,0.0,0.0,9353.74,6847.62,1.0
p[4859],0.93,0.01,0.91,0.94,0.0,0.0,8994.01,7101.04,1.0
p[4860],0.87,0.01,0.86,0.89,0.0,0.0,9649.3,7373.69,1.0
p[4861],0.87,0.01,0.86,0.89,0.0,0.0,9648.31,7373.16,1.0
p[4862],0.84,0.01,0.83,0.86,0.0,0.0,9307.29,6510.95,1.0
p[4863],0.85,0.02,0.82,0.88,0.0,0.0,10114.04,6784.48,1.0
p[4864],0.84,0.01,0.83,0.86,0.0,0.0,9305.85,6538.86,1.0
p[4865],0.87,0.01,0.86,0.89,0.0,0.0,9643.36,7361.17,1.0
p[4866],0.85,0.01,0.83,0.86,0.0,0.0,9302.0,6539.77,1.0
p[4867],0.83,0.02,0.79,0.87,0.0,0.0,12390.6,6822.78,1.0
p[4868],0.82,0.03,0.77,0.88,0.0,0.0,12442.45,6700.76,1.0
p[4869],0.91,0.01,0.89,0.93,0.0,0.0,8992.17,6242.85,1.0
p[4870],0.87,0.01,0.86,0.89,0.0,0.0,9638.4,7338.7,1.0
p[4871],0.85,0.01,0.83,0.86,0.0,0.0,9293.11,6567.6,1.0
p[4872],0.89,0.01,0.86,0.91,0.0,0.0,10314.27,6388.19,1.0
p[4873],0.89,0.01,0.86,0.91,0.0,0.0,10310.85,6361.45,1.0
p[4874],0.72,0.02,0.69,0.76,0.0,0.0,9340.36,6756.2,1.0
p[4875],0.87,0.01,0.86,0.89,0.0,0.0,9632.93,7373.44,1.0
p[4876],0.85,0.01,0.83,0.86,0.0,0.0,9286.06,6567.32,1.0
p[4877],0.93,0.01,0.92,0.94,0.0,0.0,8963.31,7306.21,1.0
p[4878],0.86,0.02,0.81,0.9,0.0,0.0,10540.72,6409.56,1.0
p[4879],0.88,0.01,0.86,0.89,0.0,0.0,9630.16,7373.03,1.0
p[4880],0.85,0.01,0.83,0.86,0.0,0.0,9280.81,6566.85,1.0
p[4881],0.83,0.02,0.8,0.86,0.0,0.0,9064.16,7344.57,1.0
p[4882],0.88,0.01,0.86,0.89,0.0,0.0,9627.52,7302.77,1.0
p[4883],0.88,0.01,0.86,0.89,0.0,0.0,9627.52,7302.77,1.0
p[4884],0.73,0.02,0.69,0.76,0.0,0.0,9334.34,6755.88,1.0
p[4885],0.85,0.01,0.83,0.86,0.0,0.0,9271.82,6482.54,1.0
p[4886],0.84,0.02,0.81,0.87,0.0,0.0,9850.53,7137.27,1.0
p[4887],0.86,0.02,0.83,0.89,0.0,0.0,10094.62,6786.91,1.0
p[4888],0.85,0.01,0.83,0.87,0.0,0.0,9268.34,6454.89,1.0
p[4889],0.91,0.01,0.89,0.93,0.0,0.0,11812.7,6710.05,1.0
p[4890],0.83,0.02,0.79,0.87,0.0,0.0,12373.25,6766.8,1.0
p[4891],0.88,0.01,0.86,0.89,0.0,0.0,9630.95,7232.15,1.0
p[4892],0.85,0.01,0.83,0.87,0.0,0.0,9263.74,6454.24,1.0
p[4893],0.94,0.01,0.92,0.96,0.0,0.0,10822.21,6754.89,1.0
p[4894],0.83,0.03,0.78,0.88,0.0,0.0,12406.32,6778.17,1.0
p[4895],0.91,0.01,0.88,0.93,0.0,0.0,11874.7,6502.97,1.0
p[4896],0.88,0.01,0.86,0.89,0.0,0.0,9630.0,7267.11,1.0
p[4897],0.89,0.01,0.87,0.91,0.0,0.0,10289.93,6361.08,1.0
p[4898],0.73,0.02,0.69,0.76,0.0,0.0,9325.72,6786.81,1.0
p[4899],0.86,0.02,0.81,0.9,0.0,0.0,10539.86,6328.3,1.0
p[4900],0.88,0.01,0.87,0.89,0.0,0.0,9630.03,7266.67,1.0
p[4901],0.85,0.01,0.83,0.87,0.0,0.0,9244.58,6416.71,1.0
p[4902],0.85,0.01,0.83,0.87,0.0,0.0,9239.71,6415.45,1.0
p[4903],0.88,0.01,0.87,0.89,0.0,0.0,9626.18,7373.59,1.0
p[4904],0.73,0.02,0.69,0.76,0.0,0.0,9325.29,6726.75,1.0
p[4905],0.85,0.01,0.83,0.87,0.0,0.0,9236.44,6415.45,1.0
p[4906],0.88,0.01,0.87,0.89,0.0,0.0,9624.23,7337.3,1.0
p[4907],0.91,0.01,0.89,0.94,0.0,0.0,11794.51,6680.08,1.0
p[4908],0.88,0.01,0.87,0.89,0.0,0.0,9623.88,7337.42,1.0
p[4909],0.88,0.01,0.87,0.89,0.0,0.0,9625.01,7337.42,1.0
p[4910],0.88,0.01,0.87,0.89,0.0,0.0,9625.27,7302.07,1.0
p[4911],0.89,0.01,0.87,0.91,0.0,0.0,10278.07,6414.77,1.0
p[4912],0.88,0.01,0.87,0.89,0.0,0.0,9623.67,7267.27,1.0
p[4913],0.85,0.02,0.81,0.88,0.0,0.0,9848.64,6972.99,1.0
p[4914],0.85,0.01,0.84,0.87,0.0,0.0,9227.93,6387.81,1.0
p[4915],0.85,0.01,0.84,0.87,0.0,0.0,9226.06,6281.31,1.0
p[4916],0.86,0.02,0.83,0.89,0.0,0.0,10087.96,6756.85,1.0
p[4917],0.84,0.02,0.81,0.87,0.0,0.0,9058.69,7274.09,1.0
p[4918],0.84,0.02,0.8,0.88,0.0,0.0,12352.78,6697.43,1.0
p[4919],0.83,0.03,0.79,0.88,0.0,0.0,12371.46,6760.83,1.0
p[4920],0.85,0.01,0.84,0.87,0.0,0.0,9219.24,6373.24,1.0
p[4921],0.91,0.01,0.9,0.93,0.0,0.0,8994.8,6265.43,1.0
p[4922],0.74,0.02,0.7,0.77,0.0,0.0,9316.98,6817.56,1.0
p[4923],0.89,0.01,0.87,0.92,0.0,0.0,10266.04,6461.59,1.0
p[4924],0.88,0.01,0.87,0.9,0.0,0.0,9618.81,7299.55,1.0
p[4925],0.87,0.02,0.82,0.91,0.0,0.0,10528.13,6329.66,1.0
p[4926],0.86,0.01,0.84,0.87,0.0,0.0,9206.18,6374.68,1.0
p[4927],0.88,0.01,0.87,0.9,0.0,0.0,9618.32,7333.18,1.0
p[4928],0.88,0.01,0.87,0.9,0.0,0.0,9617.33,7297.98,1.0
p[4929],0.88,0.01,0.87,0.9,0.0,0.0,9617.33,7297.98,1.0
p[4930],0.92,0.01,0.9,0.93,0.0,0.0,8996.77,6239.23,1.0
p[4931],0.74,0.02,0.7,0.77,0.0,0.0,9316.25,6848.68,1.0
p[4932],0.86,0.01,0.84,0.87,0.0,0.0,9202.39,6374.05,1.0
p[4933],0.88,0.01,0.87,0.9,0.0,0.0,9616.41,7262.45,1.0
p[4934],0.88,0.01,0.87,0.9,0.0,0.0,9614.26,7226.79,1.0
p[4935],0.88,0.01,0.87,0.9,0.0,0.0,9613.41,7261.05,1.0
p[4936],0.88,0.01,0.87,0.9,0.0,0.0,9613.24,7296.77,1.0
p[4937],0.86,0.01,0.84,0.88,0.0,0.0,9192.73,6360.25,1.0
p[4938],0.84,0.02,0.81,0.88,0.0,0.0,12319.35,6782.26,1.0
p[4939],0.86,0.01,0.84,0.88,0.0,0.0,9190.24,6311.2,1.0
p[4940],0.89,0.01,0.87,0.9,0.0,0.0,9611.21,7405.01,1.0
p[4941],0.85,0.01,0.82,0.87,0.0,0.0,9051.51,7380.26,1.0
p[4942],0.94,0.01,0.92,0.95,0.0,0.0,8957.0,7304.97,1.0
p[4943],0.87,0.01,0.84,0.89,0.0,0.0,10049.4,6879.36,1.0
p[4944],0.86,0.01,0.84,0.88,0.0,0.0,9186.15,6363.62,1.0
p[4945],0.89,0.01,0.87,0.9,0.0,0.0,9613.49,7370.22,1.0
p[4946],0.92,0.01,0.9,0.93,0.0,0.0,9005.17,6342.45,1.0
p[4947],0.74,0.02,0.71,0.78,0.0,0.0,9311.84,7006.38,1.0
p[4948],0.95,0.01,0.93,0.97,0.0,0.0,10790.66,6929.61,1.0
p[4949],0.86,0.01,0.84,0.88,0.0,0.0,9181.93,6555.08,1.0
p[4950],0.9,0.01,0.88,0.92,0.0,0.0,10255.8,6718.53,1.0
p[4951],0.9,0.01,0.88,0.92,0.0,0.0,10253.62,6747.73,1.0
p[4952],0.91,0.01,0.89,0.94,0.0,0.0,11807.62,6682.71,1.0
p[4953],0.89,0.01,0.87,0.9,0.0,0.0,9617.04,7447.39,1.0
p[4954],0.9,0.01,0.88,0.92,0.0,0.0,10252.16,6817.61,1.0
p[4955],0.89,0.01,0.87,0.9,0.0,0.0,9617.1,7410.21,1.0
p[4956],0.87,0.02,0.83,0.91,0.0,0.0,10525.99,6437.73,1.0
p[4957],0.86,0.01,0.85,0.88,0.0,0.0,9176.63,6512.83,1.0
p[4958],0.92,0.01,0.9,0.94,0.0,0.0,11711.58,6596.92,1.0
p[4959],0.89,0.01,0.87,0.9,0.0,0.0,9617.79,7410.21,1.0
p[4960],0.75,0.02,0.71,0.78,0.0,0.0,9311.48,6942.45,1.0
p[4961],0.89,0.01,0.88,0.9,0.0,0.0,9615.28,7373.5,1.0
p[4962],0.89,0.01,0.88,0.9,0.0,0.0,9615.14,7373.59,1.0
p[4963],0.94,0.01,0.93,0.95,0.0,0.0,8957.5,7412.56,1.0
p[4964],0.86,0.01,0.85,0.88,0.0,0.0,9170.79,6636.51,1.0
p[4965],0.9,0.01,0.88,0.92,0.0,0.0,10247.14,6717.87,1.0
p[4966],0.89,0.01,0.88,0.9,0.0,0.0,9616.4,7301.5,1.0
p[4967],0.86,0.02,0.83,0.89,0.0,0.0,9846.16,7005.23,1.0
p[4968],0.84,0.03,0.8,0.89,0.0,0.0,12294.35,6730.55,1.0
p[4969],0.86,0.01,0.85,0.88,0.0,0.0,9166.38,6578.28,1.0
p[4970],0.92,0.01,0.9,0.94,0.0,0.0,11697.45,6640.65,1.0
p[4971],0.86,0.01,0.85,0.88,0.0,0.0,9163.38,6539.84,1.0
p[4972],0.87,0.01,0.85,0.9,0.0,0.0,10016.75,6909.49,1.0
p[4973],0.89,0.01,0.88,0.9,0.0,0.0,9617.74,7302.67,1.0
p[4974],0.85,0.03,0.8,0.89,0.0,0.0,12284.37,6700.52,1.0
p[4975],0.89,0.01,0.88,0.9,0.0,0.0,9618.07,7301.85,1.0
p[4976],0.75,0.02,0.72,0.79,0.0,0.0,9314.69,6942.65,1.0
p[4977],0.85,0.02,0.82,0.89,0.0,0.0,12269.51,6645.15,1.0
p[4978],0.9,0.01,0.88,0.92,0.0,0.0,10235.8,6656.71,1.0
p[4979],0.92,0.01,0.9,0.94,0.0,0.0,9015.61,6230.41,1.0
p[4980],0.94,0.01,0.93,0.95,0.0,0.0,8979.2,7376.49,1.0
p[4981],0.89,0.01,0.88,0.9,0.0,0.0,9623.01,7231.06,1.0
p[4982],0.87,0.01,0.85,0.88,0.0,0.0,9157.48,6655.01,1.0
p[4983],0.89,0.01,0.88,0.9,0.0,0.0,9623.46,7195.98,1.0
p[4984],0.87,0.01,0.85,0.88,0.0,0.0,9155.37,6684.46,1.0
p[4985],0.92,0.01,0.9,0.94,0.0,0.0,11775.55,6712.98,1.0
p[4986],0.89,0.01,0.88,0.9,0.0,0.0,9623.03,7195.98,1.0
p[4987],0.88,0.02,0.83,0.92,0.0,0.0,10509.83,6577.13,1.0
p[4988],0.89,0.01,0.88,0.9,0.0,0.0,9624.71,7196.61,1.0
p[4989],0.9,0.01,0.88,0.92,0.0,0.0,10230.08,6686.8,1.0
p[4990],0.87,0.01,0.85,0.88,0.0,0.0,9154.81,6714.77,1.0
p[4991],0.89,0.01,0.88,0.9,0.0,0.0,9623.62,7163.05,1.0
p[4992],0.86,0.02,0.83,0.89,0.0,0.0,9845.38,7171.09,1.0
p[4993],0.89,0.01,0.88,0.9,0.0,0.0,9623.62,7163.05,1.0
p[4994],0.89,0.01,0.88,0.9,0.0,0.0,9622.98,7062.73,1.0
p[4995],0.94,0.01,0.93,0.95,0.0,0.0,8985.33,7413.06,1.0
p[4996],0.89,0.01,0.88,0.9,0.0,0.0,9622.69,7062.73,1.0
p[4997],0.88,0.01,0.85,0.9,0.0,0.0,9987.79,6893.64,1.0
p[4998],0.87,0.01,0.85,0.88,0.0,0.0,9150.88,6715.63,1.0
p[4999],0.95,0.01,0.93,0.97,0.0,0.0,10775.7,6866.49,1.0
p[5000],0.87,0.01,0.85,0.89,0.0,0.0,9148.87,6715.85,1.0
p[5001],0.95,0.01,0.93,0.97,0.0,0.0,11506.04,6355.0,1.0
p[5002],0.89,0.01,0.88,0.91,0.0,0.0,9625.29,7130.15,1.0
p[5003],0.85,0.02,0.81,0.9,0.0,0.0,12235.79,6671.12,1.0
p[5004],0.86,0.02,0.82,0.89,0.0,0.0,12240.48,6620.53,1.0
p[5005],0.89,0.01,0.88,0.91,0.0,0.0,9624.58,7130.76,1.0
p[5006],0.76,0.02,0.73,0.79,0.0,0.0,9316.77,7071.71,1.0
p[5007],0.76,0.02,0.73,0.79,0.0,0.0,9316.85,7071.79,1.0
p[5008],0.89,0.01,0.88,0.91,0.0,0.0,9625.55,7063.51,1.0
p[5009],0.87,0.01,0.85,0.89,0.0,0.0,9144.17,6755.45,1.0
p[5010],0.9,0.01,0.88,0.92,0.0,0.0,10211.2,6717.05,1.0
p[5011],0.76,0.02,0.73,0.79,0.0,0.0,9317.37,7071.57,1.0
p[5012],0.76,0.02,0.73,0.79,0.0,0.0,9316.93,7071.57,1.0
p[5013],0.9,0.01,0.88,0.93,0.0,0.0,10208.42,6688.06,1.0
p[5014],0.87,0.01,0.85,0.89,0.0,0.0,9144.78,6801.44,1.0
p[5015],0.9,0.01,0.88,0.91,0.0,0.0,9622.63,7064.07,1.0
p[5016],0.93,0.01,0.91,0.95,0.0,0.0,11645.53,6648.24,1.0
p[5017],0.87,0.01,0.85,0.89,0.0,0.0,9144.13,6800.59,1.0
p[5018],0.9,0.01,0.88,0.91,0.0,0.0,9624.36,7064.07,1.0
p[5019],0.9,0.01,0.88,0.91,0.0,0.0,9623.76,7064.23,1.0
p[5020],0.9,0.01,0.88,0.91,0.0,0.0,9625.98,7053.19,1.0
p[5021],0.94,0.01,0.93,0.95,0.0,0.0,9014.79,7448.46,1.0
p[5022],0.93,0.01,0.91,0.95,0.0,0.0,11635.27,6634.04,1.0
p[5023],0.87,0.02,0.84,0.9,0.0,0.0,9845.95,7239.62,1.0
p[5024],0.9,0.01,0.88,0.91,0.0,0.0,9628.44,6998.13,1.0
p[5025],0.87,0.01,0.86,0.89,0.0,0.0,9137.28,6724.68,1.0
p[5026],0.86,0.02,0.82,0.89,0.0,0.0,12204.06,6579.02,1.0
p[5027],0.88,0.01,0.85,0.91,0.0,0.0,9949.93,6817.09,1.0
p[5028],0.94,0.01,0.93,0.95,0.0,0.0,9021.0,7412.05,1.0
p[5029],0.9,0.01,0.89,0.91,0.0,0.0,9627.83,6950.99,1.0
p[5030],0.91,0.01,0.89,0.93,0.0,0.0,10196.43,6715.13,1.0
p[5031],0.94,0.01,0.93,0.95,0.0,0.0,9023.87,7412.0,1.0
p[5032],0.9,0.01,0.89,0.91,0.0,0.0,9629.87,7000.28,1.0
p[5033],0.77,0.02,0.73,0.8,0.0,0.0,9319.59,7038.93,1.0
p[5034],0.93,0.01,0.91,0.94,0.0,0.0,9023.15,6371.97,1.0
p[5035],0.9,0.01,0.89,0.91,0.0,0.0,9630.1,7001.16,1.0
p[5036],0.77,0.02,0.73,0.8,0.0,0.0,9318.46,7038.93,1.0
p[5037],0.86,0.02,0.81,0.9,0.0,0.0,12175.33,6669.64,1.0
p[5038],0.93,0.01,0.91,0.94,0.0,0.0,9024.35,6371.97,1.0
p[5039],0.87,0.01,0.86,0.89,0.0,0.0,9136.03,6723.85,1.0
p[5040],0.94,0.01,0.93,0.95,0.0,0.0,9028.36,7448.59,1.0
p[5041],0.9,0.01,0.89,0.91,0.0,0.0,9634.88,7066.15,1.0
p[5042],0.9,0.01,0.89,0.91,0.0,0.0,9637.55,7066.15,1.0
p[5043],0.91,0.01,0.89,0.93,0.0,0.0,10186.86,6714.66,1.0
p[5044],0.93,0.01,0.91,0.95,0.0,0.0,11589.31,6345.23,1.0
p[5045],0.9,0.01,0.89,0.91,0.0,0.0,9639.75,7100.22,1.0
p[5046],0.88,0.01,0.86,0.89,0.0,0.0,9136.69,6618.84,1.0
p[5047],0.91,0.01,0.89,0.93,0.0,0.0,10184.15,6815.45,1.0
p[5048],0.86,0.02,0.83,0.9,0.0,0.0,12174.87,6629.2,1.0
p[5049],0.9,0.01,0.89,0.91,0.0,0.0,9641.8,7133.64,1.0
p[5050],0.9,0.01,0.89,0.91,0.0,0.0,9641.8,7133.64,1.0
p[5051],0.9,0.01,0.89,0.91,0.0,0.0,9642.53,7133.64,1.0
p[5052],0.88,0.01,0.86,0.89,0.0,0.0,9135.56,6577.9,1.0
p[5053],0.92,0.01,0.91,0.94,0.0,0.0,11693.33,6624.37,1.0
p[5054],0.93,0.01,0.91,0.94,0.0,0.0,9031.35,6372.51,1.0
p[5055],0.88,0.01,0.86,0.91,0.0,0.0,9923.15,6725.55,1.0
p[5056],0.9,0.01,0.89,0.91,0.0,0.0,9645.66,7132.92,1.0
p[5057],0.86,0.02,0.82,0.9,0.0,0.0,12134.73,6669.41,1.0
p[5058],0.9,0.01,0.89,0.91,0.0,0.0,9649.18,7200.47,1.0
p[5059],0.9,0.01,0.89,0.91,0.0,0.0,9650.02,7235.08,1.0
p[5060],0.95,0.01,0.93,0.96,0.0,0.0,9137.83,7341.69,1.0
p[5061],0.77,0.02,0.74,0.81,0.0,0.0,9325.27,7137.82,1.0
p[5062],0.95,0.01,0.93,0.96,0.0,0.0,9133.4,7377.2,1.0
p[5063],0.77,0.02,0.74,0.81,0.0,0.0,9327.51,7137.59,1.0
p[5064],0.87,0.02,0.84,0.9,0.0,0.0,9849.32,7170.78,1.0
p[5065],0.9,0.01,0.89,0.91,0.0,0.0,9657.52,7201.07,1.0
p[5066],0.95,0.01,0.93,0.96,0.0,0.0,9130.24,7413.51,1.0
p[5067],0.9,0.01,0.89,0.91,0.0,0.0,9661.01,7201.3,1.0
p[5068],0.9,0.01,0.89,0.91,0.0,0.0,9664.44,7167.5,1.0
p[5069],0.95,0.01,0.94,0.96,0.0,0.0,9128.86,7412.81,1.0
p[5070],0.9,0.01,0.89,0.92,0.0,0.0,9668.48,7201.04,1.0
p[5071],0.93,0.01,0.91,0.95,0.0,0.0,11548.15,6430.57,1.0
p[5072],0.88,0.01,0.87,0.9,0.0,0.0,9134.62,6579.04,1.0
p[5073],0.9,0.01,0.89,0.92,0.0,0.0,9669.16,7167.16,1.0
p[5074],0.78,0.02,0.75,0.81,0.0,0.0,9335.14,7238.77,1.0
p[5075],0.91,0.01,0.89,0.93,0.0,0.0,10172.74,6877.73,1.0
p[5076],0.88,0.01,0.87,0.9,0.0,0.0,9133.85,6649.4,1.0
p[5077],0.91,0.01,0.89,0.93,0.0,0.0,10171.75,6877.62,1.0
p[5078],0.93,0.01,0.91,0.95,0.0,0.0,11650.91,6599.09,1.0
p[5079],0.9,0.01,0.89,0.92,0.0,0.0,9671.56,7133.53,1.0
p[5080],0.87,0.02,0.84,0.9,0.0,0.0,12131.32,6558.79,1.0
p[5081],0.86,0.02,0.82,0.91,0.0,0.0,12086.46,6676.03,1.0
p[5082],0.93,0.01,0.91,0.95,0.0,0.0,11643.99,6599.09,1.0
p[5083],0.95,0.01,0.94,0.96,0.0,0.0,9146.34,7448.19,1.0
p[5084],0.78,0.02,0.75,0.81,0.0,0.0,9342.08,7344.24,1.0
p[5085],0.88,0.01,0.87,0.9,0.0,0.0,9134.58,6665.32,1.0
p[5086],0.91,0.01,0.9,0.93,0.0,0.0,10166.81,6744.49,1.0
p[5087],0.95,0.01,0.94,0.96,0.0,0.0,9154.98,7411.96,1.0
p[5088],0.88,0.01,0.87,0.9,0.0,0.0,9134.25,6665.42,1.0
p[5089],0.91,0.01,0.89,0.92,0.0,0.0,9680.93,7101.52,1.0
p[5090],0.93,0.01,0.92,0.95,0.0,0.0,9042.43,6267.37,1.0
p[5091],0.91,0.01,0.89,0.92,0.0,0.0,9682.95,7100.72,1.0
p[5092],0.95,0.01,0.94,0.96,0.0,0.0,9186.67,7375.35,1.0
p[5093],0.91,0.01,0.89,0.92,0.0,0.0,9685.13,7167.78,1.0
p[5094],0.91,0.01,0.89,0.92,0.0,0.0,9685.29,7167.78,1.0
p[5095],0.95,0.01,0.94,0.96,0.0,0.0,9191.37,7374.99,1.0
p[5096],0.91,0.01,0.89,0.92,0.0,0.0,9687.6,7167.44,1.0
p[5097],0.89,0.01,0.87,0.9,0.0,0.0,9137.06,6637.03,1.0
p[5098],0.89,0.01,0.87,0.9,0.0,0.0,9136.91,6637.03,1.0
p[5099],0.93,0.01,0.91,0.95,0.0,0.0,11613.51,6729.48,1.0
p[5100],0.88,0.01,0.85,0.91,0.0,0.0,9854.19,7169.73,1.0
p[5101],0.91,0.01,0.9,0.92,0.0,0.0,9697.38,7154.8,1.0
p[5102],0.93,0.01,0.91,0.95,0.0,0.0,11611.38,6699.35,1.0
p[5103],0.96,0.01,0.94,0.97,0.0,0.0,10722.32,7037.2,1.0
p[5104],0.87,0.02,0.84,0.91,0.0,0.0,12085.07,6670.07,1.0
p[5105],0.91,0.01,0.9,0.92,0.0,0.0,9703.13,7201.5,1.0
p[5106],0.79,0.02,0.75,0.82,0.0,0.0,9360.59,7448.61,1.0
p[5107],0.89,0.01,0.87,0.9,0.0,0.0,9141.4,6666.66,1.0
p[5108],0.89,0.01,0.87,0.9,0.0,0.0,9142.34,6666.66,1.0
p[5109],0.91,0.01,0.9,0.92,0.0,0.0,9708.04,7133.08,1.0
p[5110],0.92,0.01,0.9,0.94,0.0,0.0,10133.38,6755.57,1.0
p[5111],0.91,0.01,0.9,0.92,0.0,0.0,9711.86,7166.59,1.0
p[5112],0.95,0.01,0.94,0.96,0.0,0.0,9161.17,7234.91,1.0
p[5113],0.91,0.01,0.9,0.92,0.0,0.0,9713.69,7166.48,1.0
p[5114],0.91,0.01,0.9,0.92,0.0,0.0,9714.69,7132.55,1.0
p[5115],0.91,0.01,0.9,0.92,0.0,0.0,9714.81,7099.42,1.0
p[5116],0.89,0.01,0.87,0.9,0.0,0.0,9148.57,6694.99,1.0
p[5117],0.89,0.01,0.87,0.9,0.0,0.0,9150.78,6614.64,1.0
p[5118],0.91,0.01,0.9,0.92,0.0,0.0,9717.55,7099.42,1.0
p[5119],0.79,0.02,0.76,0.82,0.0,0.0,9364.79,7412.18,1.0
p[5120],0.91,0.01,0.9,0.92,0.0,0.0,9723.28,6904.49,1.0
p[5121],0.78,0.01,0.75,0.81,0.0,0.0,9534.05,6853.57,1.0
p[5122],0.74,0.02,0.7,0.77,0.0,0.0,9457.57,6823.77,1.0
p[5123],0.57,0.03,0.52,0.62,0.0,0.0,9809.69,6660.28,1.0
p[5124],0.74,0.02,0.71,0.77,0.0,0.0,9442.31,6700.93,1.0
p[5125],0.78,0.01,0.75,0.81,0.0,0.0,9515.75,6941.75,1.0
p[5126],0.83,0.02,0.78,0.87,0.0,0.0,11598.65,6808.85,1.0
p[5127],0.75,0.03,0.7,0.8,0.0,0.0,10250.04,6969.95,1.0
p[5128],0.74,0.02,0.71,0.77,0.0,0.0,9417.08,6582.5,1.0
p[5129],0.8,0.02,0.76,0.84,0.0,0.0,9745.28,6512.08,1.0
p[5130],0.74,0.02,0.71,0.77,0.0,0.0,9409.1,6612.06,1.0
p[5131],0.78,0.01,0.76,0.81,0.0,0.0,9492.82,6986.31,1.0
p[5132],0.75,0.02,0.71,0.78,0.0,0.0,9366.33,6679.46,1.0
p[5133],0.79,0.01,0.76,0.81,0.0,0.0,9463.04,6986.71,1.0
p[5134],0.75,0.02,0.72,0.78,0.0,0.0,9317.6,6450.22,1.0
p[5135],0.79,0.01,0.76,0.82,0.0,0.0,9442.67,7048.99,1.0
p[5136],0.79,0.01,0.77,0.82,0.0,0.0,9438.16,7032.47,1.0
p[5137],0.84,0.02,0.81,0.87,0.0,0.0,9819.93,6737.34,1.0
p[5138],0.75,0.02,0.72,0.78,0.0,0.0,9293.73,6511.94,1.0
p[5139],0.81,0.02,0.77,0.85,0.0,0.0,9733.91,6190.84,1.0
p[5140],0.76,0.02,0.73,0.79,0.0,0.0,9244.12,6488.56,1.0
p[5141],0.76,0.02,0.73,0.79,0.0,0.0,9207.02,6586.8,1.0
p[5142],0.8,0.01,0.78,0.82,0.0,0.0,9354.11,7020.02,1.0
p[5143],0.74,0.03,0.68,0.8,0.0,0.0,12096.98,6521.72,1.0
p[5144],0.76,0.01,0.74,0.79,0.0,0.0,9166.63,6685.75,1.0
p[5145],0.86,0.02,0.82,0.89,0.0,0.0,11750.39,6762.46,1.0
p[5146],0.75,0.03,0.69,0.8,0.0,0.0,12109.96,6471.52,1.0
p[5147],0.77,0.01,0.74,0.8,0.0,0.0,9090.71,6722.24,1.0
p[5148],0.77,0.01,0.75,0.8,0.0,0.0,9063.34,6590.89,1.0
p[5149],0.81,0.01,0.79,0.83,0.0,0.0,9223.46,6923.96,1.0
p[5150],0.86,0.02,0.83,0.9,0.0,0.0,11743.05,6853.72,1.0
p[5151],0.81,0.01,0.79,0.84,0.0,0.0,9220.04,6910.08,1.0
p[5152],0.83,0.02,0.8,0.86,0.0,0.0,9749.82,6192.19,1.0
p[5153],0.81,0.01,0.79,0.84,0.0,0.0,9215.57,6955.65,1.0
p[5154],0.81,0.01,0.79,0.84,0.0,0.0,9209.38,6988.23,1.0
p[5155],0.86,0.01,0.84,0.89,0.0,0.0,9850.01,6875.95,1.0
p[5156],0.78,0.01,0.75,0.8,0.0,0.0,9021.11,6701.98,1.0
p[5157],0.78,0.01,0.75,0.8,0.0,0.0,9013.81,6701.68,1.0
p[5158],0.76,0.03,0.7,0.81,0.0,0.0,12117.22,6425.71,1.0
p[5159],0.79,0.02,0.75,0.83,0.0,0.0,10213.79,6737.27,1.0
p[5160],0.82,0.01,0.8,0.84,0.0,0.0,9187.9,7028.25,1.0
p[5161],0.83,0.02,0.8,0.87,0.0,0.0,9748.25,6067.6,1.0
p[5162],0.63,0.02,0.58,0.67,0.0,0.0,9734.24,6082.55,1.0
p[5163],0.82,0.01,0.8,0.84,0.0,0.0,9179.14,7017.2,1.0
p[5164],0.79,0.03,0.73,0.86,0.0,0.0,10267.89,6278.67,1.0
p[5165],0.78,0.01,0.76,0.81,0.0,0.0,8980.07,6585.63,1.0
p[5166],0.82,0.01,0.8,0.84,0.0,0.0,9173.8,7016.88,1.0
p[5167],0.83,0.02,0.8,0.87,0.0,0.0,9760.74,6019.8,1.0
p[5168],0.82,0.01,0.8,0.84,0.0,0.0,9171.72,7016.88,1.0
p[5169],0.63,0.02,0.58,0.67,0.0,0.0,9732.52,6058.92,1.0
p[5170],0.82,0.01,0.8,0.84,0.0,0.0,9168.57,7062.05,1.0
p[5171],0.82,0.01,0.8,0.84,0.0,0.0,9164.67,7062.35,1.0
p[5172],0.87,0.01,0.84,0.89,0.0,0.0,9858.67,6838.86,1.0
p[5173],0.82,0.01,0.8,0.84,0.0,0.0,9160.52,7095.15,1.0
p[5174],0.82,0.01,0.8,0.84,0.0,0.0,9151.73,7062.53,1.0
p[5175],0.82,0.01,0.8,0.84,0.0,0.0,9148.98,6997.19,1.0
p[5176],0.77,0.02,0.73,0.82,0.0,0.0,10217.51,6536.0,1.0
p[5177],0.78,0.01,0.76,0.81,0.0,0.0,8949.34,6512.4,1.0
p[5178],0.79,0.02,0.76,0.84,0.0,0.0,10208.41,6504.34,1.0
p[5179],0.78,0.01,0.76,0.81,0.0,0.0,8942.74,6470.8,1.0
p[5180],0.77,0.03,0.71,0.82,0.0,0.0,12120.6,6376.48,1.0
p[5181],0.91,0.02,0.88,0.94,0.0,0.0,10431.48,5955.74,1.0
p[5182],0.79,0.01,0.76,0.81,0.0,0.0,8933.49,6444.06,1.0
p[5183],0.82,0.01,0.8,0.84,0.0,0.0,9133.13,6964.75,1.0
p[5184],0.76,0.04,0.69,0.82,0.0,0.0,11690.32,6512.65,1.0
p[5185],0.63,0.02,0.59,0.68,0.0,0.0,9725.47,6156.71,1.0
p[5186],0.84,0.02,0.81,0.87,0.0,0.0,9764.66,6068.89,1.0
p[5187],0.82,0.01,0.8,0.84,0.0,0.0,9122.9,6965.05,1.0
p[5188],0.8,0.03,0.74,0.86,0.0,0.0,10263.93,6331.11,1.0
p[5189],0.82,0.01,0.8,0.84,0.0,0.0,9118.38,6933.14,1.0
p[5190],0.79,0.01,0.76,0.81,0.0,0.0,8918.1,6465.38,1.0
p[5191],0.79,0.01,0.76,0.81,0.0,0.0,8910.43,6401.21,1.0
p[5192],0.64,0.02,0.59,0.68,0.0,0.0,9719.99,6158.12,1.0
p[5193],0.82,0.01,0.81,0.85,0.0,0.0,9111.0,6839.65,1.0
p[5194],0.84,0.02,0.81,0.87,0.0,0.0,9769.29,6168.78,1.0
p[5195],0.82,0.01,0.81,0.85,0.0,0.0,9109.97,6870.73,1.0
p[5196],0.79,0.01,0.76,0.81,0.0,0.0,8902.16,6401.48,1.0
p[5197],0.87,0.01,0.85,0.9,0.0,0.0,9884.1,6715.73,1.0
p[5198],0.83,0.01,0.81,0.85,0.0,0.0,9106.39,6923.79,1.0
p[5199],0.83,0.01,0.81,0.85,0.0,0.0,9103.2,6955.47,1.0
p[5200],0.83,0.01,0.81,0.85,0.0,0.0,9102.11,7002.08,1.0
p[5201],0.79,0.01,0.77,0.81,0.0,0.0,8891.56,6380.27,1.0
p[5202],0.78,0.02,0.74,0.82,0.0,0.0,10219.06,6563.84,1.0
p[5203],0.83,0.01,0.81,0.85,0.0,0.0,9091.15,6937.51,1.0
p[5204],0.87,0.01,0.85,0.9,0.0,0.0,9892.1,6754.09,1.0
p[5205],0.79,0.01,0.77,0.81,0.0,0.0,8879.19,6224.96,1.0
p[5206],0.8,0.02,0.77,0.84,0.0,0.0,10212.53,6531.39,1.0
p[5207],0.77,0.03,0.72,0.82,0.0,0.0,12115.09,6349.44,1.0
p[5208],0.83,0.01,0.81,0.85,0.0,0.0,9081.45,6969.33,1.0
p[5209],0.77,0.03,0.7,0.83,0.0,0.0,11678.34,6512.36,1.0
p[5210],0.79,0.01,0.77,0.82,0.0,0.0,8870.02,6149.35,1.0
p[5211],0.87,0.01,0.85,0.9,0.0,0.0,9899.62,6754.89,1.0
p[5212],0.84,0.02,0.81,0.87,0.0,0.0,9814.37,5996.8,1.0
p[5213],0.64,0.02,0.6,0.69,0.0,0.0,9714.39,6012.73,1.0
p[5214],0.81,0.03,0.75,0.86,0.0,0.0,10258.33,6438.07,1.0
p[5215],0.83,0.01,0.81,0.85,0.0,0.0,9073.21,6874.78,1.0
p[5216],0.79,0.01,0.77,0.82,0.0,0.0,8859.47,6028.04,1.0
p[5217],0.83,0.01,0.81,0.85,0.0,0.0,9069.55,6874.84,1.0
p[5218],0.79,0.01,0.77,0.82,0.0,0.0,8853.97,6126.48,1.0
p[5219],0.83,0.01,0.81,0.85,0.0,0.0,9065.78,6874.83,1.0
p[5220],0.83,0.01,0.81,0.85,0.0,0.0,9064.07,6874.84,1.0
p[5221],0.83,0.01,0.81,0.85,0.0,0.0,9062.36,6906.36,1.0
p[5222],0.65,0.02,0.61,0.69,0.0,0.0,9712.04,5920.71,1.0
p[5223],0.8,0.01,0.77,0.82,0.0,0.0,8844.55,6048.9,1.0
p[5224],0.83,0.01,0.81,0.85,0.0,0.0,9061.31,6874.99,1.0
p[5225],0.83,0.01,0.81,0.85,0.0,0.0,9059.46,6875.04,1.0
p[5226],0.83,0.01,0.81,0.85,0.0,0.0,9054.66,6875.13,1.0
p[5227],0.83,0.01,0.81,0.85,0.0,0.0,9054.36,6844.05,1.0
p[5228],0.85,0.02,0.82,0.88,0.0,0.0,9827.63,5972.23,1.0
p[5229],0.8,0.01,0.77,0.82,0.0,0.0,8835.11,5997.87,1.0
p[5230],0.8,0.01,0.77,0.82,0.0,0.0,8831.45,6071.4,1.0
p[5231],0.88,0.02,0.85,0.91,0.0,0.0,11719.58,6590.53,1.0
p[5232],0.78,0.02,0.74,0.82,0.0,0.0,9875.45,7358.96,1.0
p[5233],0.78,0.03,0.73,0.83,0.0,0.0,12120.26,6385.62,1.0
p[5234],0.8,0.01,0.78,0.82,0.0,0.0,8820.49,5826.91,1.0
p[5235],0.81,0.02,0.77,0.85,0.0,0.0,10213.23,6645.78,1.0
p[5236],0.83,0.01,0.82,0.85,0.0,0.0,9043.71,6875.13,1.0
p[5237],0.92,0.02,0.89,0.95,0.0,0.0,10432.99,6434.17,1.0
p[5238],0.77,0.03,0.71,0.83,0.0,0.0,11666.28,6540.45,1.0
p[5239],0.79,0.02,0.75,0.83,0.0,0.0,10219.45,6426.51,1.0
p[5240],0.65,0.02,0.61,0.69,0.0,0.0,9706.81,5689.09,1.0
p[5241],0.85,0.02,0.82,0.88,0.0,0.0,9837.89,6193.58,1.0
p[5242],0.83,0.01,0.82,0.85,0.0,0.0,9036.5,6874.84,1.0
p[5243],0.8,0.01,0.78,0.82,0.0,0.0,8805.95,6013.56,1.0
p[5244],0.85,0.02,0.82,0.88,0.0,0.0,9844.85,6217.18,1.0
p[5245],0.8,0.01,0.78,0.82,0.0,0.0,8799.95,6061.24,1.0
p[5246],0.84,0.01,0.82,0.85,0.0,0.0,9027.48,6834.87,1.0
p[5247],0.84,0.01,0.82,0.86,0.0,0.0,9025.58,6718.3,1.0
p[5248],0.84,0.01,0.82,0.86,0.0,0.0,9025.58,6718.3,1.0
p[5249],0.8,0.01,0.78,0.82,0.0,0.0,8795.34,6024.5,1.0
p[5250],0.84,0.01,0.82,0.86,0.0,0.0,9024.79,6718.3,1.0
p[5251],0.84,0.01,0.82,0.86,0.0,0.0,9023.89,6718.3,1.0
p[5252],0.82,0.03,0.76,0.87,0.0,0.0,10243.77,6412.99,1.0
p[5253],0.81,0.02,0.78,0.85,0.0,0.0,10207.52,6588.68,1.0
p[5254],0.84,0.01,0.82,0.86,0.0,0.0,9020.87,6779.03,1.0
p[5255],0.66,0.02,0.62,0.7,0.0,0.0,9709.54,5617.5,1.0
p[5256],0.84,0.01,0.82,0.86,0.0,0.0,9019.44,6778.56,1.0
p[5257],0.79,0.02,0.75,0.84,0.0,0.0,10221.73,6564.29,1.0
p[5258],0.8,0.01,0.78,0.83,0.0,0.0,8784.34,5999.89,1.0
p[5259],0.92,0.02,0.89,0.95,0.0,0.0,10431.71,6398.91,1.0
p[5260],0.79,0.03,0.74,0.84,0.0,0.0,12125.04,6598.07,1.0
p[5261],0.8,0.01,0.78,0.83,0.0,0.0,8778.84,6011.6,1.0
p[5262],0.88,0.02,0.85,0.91,0.0,0.0,11701.0,6675.74,1.0
p[5263],0.88,0.01,0.86,0.9,0.0,0.0,9927.79,6397.77,1.0
p[5264],0.78,0.03,0.71,0.84,0.0,0.0,11660.84,6547.39,1.0
p[5265],0.8,0.01,0.78,0.83,0.0,0.0,8773.33,6035.44,1.0
p[5266],0.84,0.01,0.82,0.86,0.0,0.0,9010.3,6685.17,1.0
p[5267],0.81,0.02,0.78,0.85,0.0,0.0,10203.97,6690.96,1.0
p[5268],0.85,0.02,0.82,0.88,0.0,0.0,9880.58,5948.49,1.0
p[5269],0.84,0.01,0.82,0.86,0.0,0.0,9006.51,6626.89,1.0
p[5270],0.81,0.01,0.78,0.83,0.0,0.0,8766.96,6024.08,1.0
p[5271],0.79,0.02,0.75,0.82,0.0,0.0,9741.17,7324.71,1.0
p[5272],0.84,0.01,0.82,0.86,0.0,0.0,9004.14,6485.32,1.0
p[5273],0.66,0.02,0.62,0.7,0.0,0.0,9707.48,5744.72,1.0
p[5274],0.91,0.01,0.89,0.93,0.0,0.0,9521.74,6883.66,1.0
p[5275],0.81,0.01,0.79,0.83,0.0,0.0,8762.17,5994.8,1.0
p[5276],0.82,0.03,0.76,0.87,0.0,0.0,10246.25,6356.56,1.0
p[5277],0.86,0.02,0.83,0.88,0.0,0.0,9889.82,5857.31,1.0
p[5278],0.84,0.01,0.82,0.86,0.0,0.0,8998.71,6514.04,1.0
p[5279],0.81,0.01,0.78,0.83,0.0,0.0,8757.67,5954.37,1.0
p[5280],0.84,0.01,0.82,0.86,0.0,0.0,8998.57,6486.25,1.0
p[5281],0.84,0.01,0.82,0.86,0.0,0.0,8998.57,6486.25,1.0
p[5282],0.84,0.01,0.82,0.86,0.0,0.0,8997.73,6485.42,1.0
p[5283],0.84,0.01,0.82,0.86,0.0,0.0,8997.73,6485.42,1.0
p[5284],0.84,0.01,0.82,0.86,0.0,0.0,8995.93,6485.21,1.0
p[5285],0.67,0.02,0.63,0.71,0.0,0.0,9707.65,5656.64,1.0
p[5286],0.84,0.01,0.83,0.86,0.0,0.0,8993.34,6403.25,1.0
p[5287],0.91,0.01,0.89,0.93,0.0,0.0,9520.96,6853.66,1.0
p[5288],0.81,0.01,0.79,0.83,0.0,0.0,8745.81,5972.38,1.0
p[5289],0.84,0.01,0.83,0.86,0.0,0.0,8992.74,6402.7,1.0
p[5290],0.88,0.01,0.86,0.91,0.0,0.0,9934.82,6396.37,1.0
p[5291],0.81,0.01,0.79,0.83,0.0,0.0,8742.9,5949.21,1.0
p[5292],0.82,0.02,0.78,0.85,0.0,0.0,10198.61,6674.58,1.0
p[5293],0.86,0.02,0.83,0.89,0.0,0.0,9909.99,5787.35,1.0
p[5294],0.81,0.01,0.79,0.83,0.0,0.0,8738.3,5973.0,1.0
p[5295],0.91,0.01,0.89,0.93,0.0,0.0,9521.59,7076.12,1.0
p[5296],0.84,0.01,0.83,0.86,0.0,0.0,8987.79,6464.8,1.0
p[5297],0.79,0.03,0.72,0.84,0.0,0.0,11649.97,6302.62,1.0
p[5298],0.84,0.01,0.83,0.86,0.0,0.0,8986.05,6492.34,1.0
p[5299],0.79,0.03,0.74,0.84,0.0,0.0,12114.68,6745.8,1.0
p[5300],0.81,0.01,0.79,0.83,0.0,0.0,8729.87,6020.47,1.0
p[5301],0.86,0.02,0.83,0.89,0.0,0.0,9926.9,5722.71,1.0
p[5302],0.85,0.01,0.83,0.86,0.0,0.0,8984.15,6549.95,1.0
p[5303],0.67,0.02,0.63,0.71,0.0,0.0,9708.72,5412.96,1.0
p[5304],0.85,0.01,0.83,0.86,0.0,0.0,8980.0,6461.62,1.0
p[5305],0.85,0.01,0.83,0.87,0.0,0.0,8978.82,6469.63,1.0
p[5306],0.85,0.01,0.83,0.87,0.0,0.0,8977.87,6454.65,1.0
p[5307],0.93,0.01,0.9,0.95,0.0,0.0,10423.97,6355.08,1.0
p[5308],0.8,0.02,0.76,0.83,0.0,0.0,9758.89,7323.18,1.0
p[5309],0.85,0.01,0.83,0.86,0.0,0.0,8976.12,6448.8,1.0
p[5310],0.83,0.03,0.77,0.88,0.0,0.0,10234.06,6265.86,1.0
p[5311],0.86,0.01,0.83,0.89,0.0,0.0,9972.34,5707.73,1.0
p[5312],0.82,0.01,0.79,0.84,0.0,0.0,8716.15,6113.54,1.0
p[5313],0.85,0.01,0.83,0.86,0.0,0.0,8975.79,6448.68,1.0
p[5314],0.88,0.02,0.85,0.91,0.0,0.0,11647.0,6601.5,1.0
p[5315],0.82,0.01,0.79,0.84,0.0,0.0,8714.48,6163.26,1.0
p[5316],0.82,0.02,0.79,0.86,0.0,0.0,10192.31,6795.16,1.0
p[5317],0.68,0.02,0.64,0.72,0.0,0.0,9707.76,5474.11,1.0
p[5318],0.89,0.01,0.86,0.92,0.0,0.0,11674.58,6458.08,1.0
p[5319],0.91,0.01,0.9,0.93,0.0,0.0,9523.41,7074.9,1.0
p[5320],0.88,0.02,0.85,0.91,0.0,0.0,11649.62,6602.02,1.0
p[5321],0.85,0.01,0.83,0.87,0.0,0.0,8974.4,6462.8,1.0
p[5322],0.8,0.02,0.76,0.83,0.0,0.0,9760.9,7320.13,1.0
p[5323],0.82,0.01,0.79,0.84,0.0,0.0,8710.92,6113.33,1.0
p[5324],0.81,0.02,0.77,0.85,0.0,0.0,10229.53,6652.5,1.0
p[5325],0.8,0.03,0.75,0.85,0.0,0.0,12106.27,6745.26,1.0
p[5326],0.85,0.01,0.83,0.87,0.0,0.0,8973.08,6499.61,1.0
p[5327],0.89,0.01,0.86,0.92,0.0,0.0,11674.41,6482.33,1.0
p[5328],0.89,0.01,0.87,0.91,0.0,0.0,9959.3,6447.84,1.0
p[5329],0.79,0.03,0.73,0.85,0.0,0.0,11644.43,6436.24,1.0
p[5330],0.85,0.01,0.83,0.87,0.0,0.0,8971.44,6499.28,1.0
p[5331],0.86,0.01,0.83,0.89,0.0,0.0,10066.14,5731.32,1.0
p[5332],0.92,0.01,0.9,0.93,0.0,0.0,9523.82,7075.63,1.0
p[5333],0.68,0.02,0.64,0.72,0.0,0.0,9710.25,5742.73,1.0
p[5334],0.85,0.01,0.83,0.87,0.0,0.0,8969.88,6514.94,1.0
p[5335],0.82,0.01,0.8,0.84,0.0,0.0,8704.52,6062.03,1.0
p[5336],0.83,0.03,0.78,0.88,0.0,0.0,10230.34,6381.86,1.0
p[5337],0.82,0.01,0.8,0.84,0.0,0.0,8702.65,6086.46,1.0
p[5338],0.83,0.02,0.79,0.86,0.0,0.0,10191.66,6765.12,1.0
p[5339],0.92,0.01,0.9,0.93,0.0,0.0,9523.66,7043.43,1.0
p[5340],0.85,0.01,0.83,0.87,0.0,0.0,8970.13,6544.96,1.0
p[5341],0.85,0.01,0.83,0.87,0.0,0.0,8969.81,6573.44,1.0
p[5342],0.85,0.01,0.83,0.87,0.0,0.0,8969.81,6573.44,1.0
p[5343],0.82,0.01,0.8,0.84,0.0,0.0,8701.0,5990.52,1.0
p[5344],0.85,0.01,0.83,0.87,0.0,0.0,8969.38,6519.22,1.0
p[5345],0.85,0.01,0.83,0.87,0.0,0.0,8969.38,6519.22,1.0
p[5346],0.87,0.01,0.84,0.89,0.0,0.0,10060.99,5702.78,1.0
p[5347],0.85,0.01,0.83,0.87,0.0,0.0,8969.57,6519.22,1.0
p[5348],0.85,0.01,0.84,0.87,0.0,0.0,8969.38,6519.22,1.0
p[5349],0.68,0.02,0.64,0.72,0.0,0.0,9710.95,5742.21,1.0
p[5350],0.82,0.01,0.8,0.84,0.0,0.0,8698.91,5920.63,1.0
p[5351],0.85,0.01,0.84,0.87,0.0,0.0,8969.92,6425.4,1.0
p[5352],0.89,0.01,0.87,0.92,0.0,0.0,11656.66,6510.0,1.0
p[5353],0.82,0.01,0.8,0.84,0.0,0.0,8696.36,5874.86,1.0
p[5354],0.83,0.02,0.8,0.86,0.0,0.0,10186.97,6874.29,1.0
p[5355],0.81,0.02,0.77,0.84,0.0,0.0,9784.12,7249.62,1.0
p[5356],0.81,0.02,0.76,0.85,0.0,0.0,12106.35,6748.52,1.0
p[5357],0.81,0.02,0.78,0.85,0.0,0.0,10223.56,6685.14,1.0
p[5358],0.8,0.03,0.74,0.86,0.0,0.0,11632.72,6573.22,1.0
p[5359],0.85,0.01,0.84,0.87,0.0,0.0,8969.62,6438.99,1.0
p[5360],0.69,0.02,0.65,0.73,0.0,0.0,9712.35,5875.83,1.0
p[5361],0.87,0.01,0.84,0.89,0.0,0.0,10063.84,5718.0,1.0
p[5362],0.86,0.01,0.84,0.87,0.0,0.0,8970.25,6436.87,1.0
p[5363],0.86,0.01,0.84,0.87,0.0,0.0,8970.39,6436.87,1.0
p[5364],0.82,0.01,0.8,0.84,0.0,0.0,8694.05,5894.4,1.0
p[5365],0.84,0.03,0.78,0.89,0.0,0.0,10229.6,6341.68,1.0
p[5366],0.82,0.01,0.8,0.84,0.0,0.0,8693.12,5894.4,1.0
p[5367],0.87,0.01,0.84,0.89,0.0,0.0,10061.47,5692.82,1.0
p[5368],0.86,0.01,0.84,0.87,0.0,0.0,8972.57,6378.22,1.0
p[5369],0.86,0.01,0.84,0.87,0.0,0.0,8972.57,6378.22,1.0
p[5370],0.86,0.01,0.84,0.87,0.0,0.0,8973.29,6392.9,1.0
p[5371],0.86,0.01,0.84,0.87,0.0,0.0,8973.45,6392.9,1.0
p[5372],0.81,0.02,0.78,0.84,0.0,0.0,9795.58,7321.45,1.0
p[5373],0.86,0.01,0.84,0.87,0.0,0.0,8973.82,6246.01,1.0
p[5374],0.69,0.02,0.65,0.73,0.0,0.0,9713.72,5683.9,1.0
p[5375],0.83,0.01,0.81,0.85,0.0,0.0,8691.93,5964.1,1.0
p[5376],0.92,0.01,0.9,0.93,0.0,0.0,9530.11,7043.48,1.0
p[5377],0.86,0.01,0.84,0.87,0.0,0.0,8973.38,6246.18,1.0
p[5378],0.83,0.01,0.81,0.85,0.0,0.0,8692.45,5964.1,1.0
p[5379],0.93,0.01,0.91,0.96,0.0,0.0,10407.18,6550.72,1.0
p[5380],0.9,0.01,0.88,0.92,0.0,0.0,9990.97,6163.62,1.0
p[5381],0.92,0.01,0.9,0.93,0.0,0.0,9531.58,7109.25,1.0
p[5382],0.82,0.02,0.78,0.86,0.0,0.0,10227.67,6778.5,1.0
p[5383],0.86,0.01,0.84,0.88,0.0,0.0,8976.69,6195.74,1.0
p[5384],0.81,0.02,0.77,0.86,0.0,0.0,12100.02,6883.88,1.0
p[5385],0.83,0.01,0.81,0.85,0.0,0.0,8691.91,5964.22,1.0
p[5386],0.81,0.03,0.75,0.86,0.0,0.0,11614.01,6406.79,1.0
p[5387],0.87,0.01,0.84,0.9,0.0,0.0,10060.53,5736.42,1.0
p[5388],0.92,0.01,0.91,0.93,0.0,0.0,9532.75,7108.58,1.0
p[5389],0.86,0.01,0.84,0.88,0.0,0.0,8979.09,6296.3,1.0
p[5390],0.7,0.02,0.66,0.74,0.0,0.0,9716.93,5641.36,1.0
p[5391],0.83,0.01,0.81,0.85,0.0,0.0,8694.09,5826.49,1.0
p[5392],0.9,0.01,0.88,0.92,0.0,0.0,10004.02,6126.31,1.0
p[5393],0.83,0.01,0.81,0.85,0.0,0.0,8693.68,5826.52,1.0
p[5394],0.86,0.01,0.84,0.88,0.0,0.0,8979.92,6334.95,1.0
p[5395],0.84,0.03,0.79,0.89,0.0,0.0,10227.37,6575.74,1.0
p[5396],0.86,0.01,0.85,0.88,0.0,0.0,8981.66,6413.3,1.0
p[5397],0.83,0.01,0.81,0.85,0.0,0.0,8692.81,5804.21,1.0
p[5398],0.86,0.01,0.85,0.88,0.0,0.0,8982.49,6168.24,1.0
p[5399],0.86,0.01,0.85,0.88,0.0,0.0,8982.49,6168.24,1.0
p[5400],0.9,0.01,0.88,0.92,0.0,0.0,11624.13,6489.75,1.0
p[5401],0.7,0.02,0.66,0.74,0.0,0.0,9721.31,5622.02,1.0
p[5402],0.86,0.01,0.85,0.88,0.0,0.0,8984.34,6105.25,1.0
p[5403],0.86,0.01,0.85,0.88,0.0,0.0,8984.34,6105.25,1.0
p[5404],0.87,0.01,0.85,0.9,0.0,0.0,10057.08,5823.9,1.0
p[5405],0.82,0.02,0.78,0.85,0.0,0.0,9813.75,7148.4,1.0
p[5406],0.86,0.01,0.85,0.88,0.0,0.0,8986.92,6230.41,1.0
p[5407],0.83,0.01,0.81,0.85,0.0,0.0,8696.61,5826.41,1.0
p[5408],0.86,0.01,0.85,0.88,0.0,0.0,8987.77,6218.23,1.0
p[5409],0.82,0.02,0.79,0.86,0.0,0.0,10226.27,6795.79,1.0
p[5410],0.86,0.01,0.85,0.88,0.0,0.0,8988.0,6218.23,1.0
p[5411],0.82,0.02,0.77,0.86,0.0,0.0,12087.26,7035.23,1.0
p[5412],0.84,0.02,0.81,0.87,0.0,0.0,10175.55,7099.06,1.0
p[5413],0.83,0.01,0.81,0.85,0.0,0.0,8697.6,5884.0,1.0
p[5414],0.84,0.02,0.81,0.87,0.0,0.0,10175.33,7099.06,1.0
p[5415],0.83,0.01,0.81,0.85,0.0,0.0,8697.8,5883.79,1.0
p[5416],0.81,0.03,0.76,0.86,0.0,0.0,11603.63,6583.11,1.0
p[5417],0.86,0.01,0.85,0.88,0.0,0.0,8994.84,6166.96,1.0
p[5418],0.88,0.01,0.85,0.9,0.0,0.0,10053.86,5742.53,1.0
p[5419],0.7,0.02,0.67,0.74,0.0,0.0,9726.32,5559.26,1.0
p[5420],0.94,0.01,0.91,0.96,0.0,0.0,10397.1,6861.97,1.0
p[5421],0.86,0.01,0.85,0.88,0.0,0.0,8998.58,6322.13,1.0
p[5422],0.9,0.01,0.87,0.92,0.0,0.0,11633.71,6370.55,1.0
p[5423],0.84,0.02,0.81,0.88,0.0,0.0,10172.15,7084.88,1.0
p[5424],0.85,0.03,0.8,0.89,0.0,0.0,10228.82,6574.96,1.0
p[5425],0.84,0.01,0.82,0.85,0.0,0.0,8700.14,5963.79,1.0
p[5426],0.87,0.01,0.85,0.88,0.0,0.0,9005.22,6348.22,1.0
p[5427],0.84,0.01,0.82,0.86,0.0,0.0,8701.7,5940.7,1.0
p[5428],0.87,0.01,0.85,0.88,0.0,0.0,9006.37,6525.13,1.0
p[5429],0.71,0.02,0.67,0.75,0.0,0.0,9732.71,5497.49,1.0
p[5430],0.9,0.01,0.88,0.93,0.0,0.0,11593.08,6629.46,1.0
p[5431],0.87,0.01,0.85,0.88,0.0,0.0,9008.67,6553.42,1.0
p[5432],0.82,0.02,0.79,0.85,0.0,0.0,9831.61,7180.28,1.0
p[5433],0.87,0.01,0.85,0.88,0.0,0.0,9009.8,6553.2,1.0
p[5434],0.87,0.01,0.85,0.88,0.0,0.0,9011.12,6581.07,1.0
p[5435],0.88,0.01,0.85,0.9,0.0,0.0,10045.3,5715.99,1.0
p[5436],0.84,0.01,0.82,0.86,0.0,0.0,8705.86,5987.01,1.0
p[5437],0.87,0.01,0.85,0.88,0.0,0.0,9012.35,6581.07,1.0
p[5438],0.84,0.01,0.82,0.86,0.0,0.0,8706.78,5986.49,1.0
p[5439],0.9,0.01,0.88,0.92,0.0,0.0,10022.15,6159.13,1.0
p[5440],0.83,0.02,0.8,0.87,0.0,0.0,10230.46,6901.51,1.0
p[5441],0.85,0.02,0.81,0.88,0.0,0.0,10168.93,7085.93,1.0
p[5442],0.84,0.01,0.82,0.86,0.0,0.0,8709.79,6010.1,1.0
p[5443],0.87,0.01,0.85,0.88,0.0,0.0,9022.3,6582.29,1.0
p[5444],0.93,0.01,0.91,0.94,0.0,0.0,9556.27,7002.24,1.0
p[5445],0.85,0.03,0.8,0.9,0.0,0.0,10223.59,6313.32,1.0
p[5446],0.87,0.01,0.85,0.88,0.0,0.0,9026.35,6469.75,1.0
p[5447],0.83,0.02,0.78,0.87,0.0,0.0,12068.22,6942.46,1.0
p[5448],0.84,0.01,0.82,0.86,0.0,0.0,8717.35,6057.82,1.0
p[5449],0.82,0.03,0.76,0.87,0.0,0.0,11595.19,6623.78,1.0
p[5450],0.88,0.01,0.86,0.91,0.0,0.0,10034.84,5805.93,1.0
p[5451],0.87,0.01,0.85,0.88,0.0,0.0,9036.65,6467.93,1.0
p[5452],0.93,0.01,0.91,0.94,0.0,0.0,9559.11,7079.29,1.0
p[5453],0.83,0.02,0.79,0.86,0.0,0.0,9842.17,7179.79,1.0
p[5454],0.88,0.01,0.86,0.91,0.0,0.0,10035.28,5805.93,1.0
p[5455],0.87,0.01,0.85,0.88,0.0,0.0,9040.19,6552.53,1.0
p[5456],0.84,0.01,0.82,0.86,0.0,0.0,8722.88,6034.3,1.0
p[5457],0.87,0.01,0.85,0.88,0.0,0.0,9041.97,6552.53,1.0
p[5458],0.72,0.02,0.68,0.75,0.0,0.0,9737.29,5626.33,1.0
p[5459],0.87,0.01,0.85,0.88,0.0,0.0,9044.83,6553.13,1.0
p[5460],0.87,0.01,0.86,0.89,0.0,0.0,9048.0,6551.11,1.0
p[5461],0.84,0.01,0.82,0.86,0.0,0.0,8726.85,5963.37,1.0
p[5462],0.87,0.01,0.86,0.89,0.0,0.0,9049.36,6552.15,1.0
p[5463],0.87,0.01,0.86,0.89,0.0,0.0,9049.36,6552.15,1.0
p[5464],0.88,0.01,0.86,0.91,0.0,0.0,10031.56,5829.26,1.0
p[5465],0.91,0.01,0.89,0.93,0.0,0.0,10022.18,6171.67,1.0
p[5466],0.91,0.01,0.89,0.93,0.0,0.0,11564.98,6469.02,1.0
p[5467],0.87,0.01,0.86,0.89,0.0,0.0,9052.17,6553.08,1.0
p[5468],0.83,0.02,0.79,0.87,0.0,0.0,12050.16,6943.07,1.0
p[5469],0.84,0.01,0.82,0.86,0.0,0.0,8731.35,5963.64,1.0
p[5470],0.85,0.02,0.82,0.88,0.0,0.0,10168.15,7199.8,1.0
p[5471],0.87,0.01,0.86,0.89,0.0,0.0,9058.0,6582.55,1.0
p[5472],0.84,0.01,0.83,0.86,0.0,0.0,8734.54,5940.54,1.0
p[5473],0.82,0.03,0.77,0.87,0.0,0.0,11577.11,6567.33,1.0
p[5474],0.87,0.01,0.86,0.89,0.0,0.0,9062.74,6555.93,1.0
p[5475],0.91,0.01,0.89,0.93,0.0,0.0,10021.49,6129.94,1.0
p[5476],0.88,0.01,0.86,0.91,0.0,0.0,10031.88,5895.64,1.0
p[5477],0.72,0.02,0.68,0.76,0.0,0.0,9742.87,5801.43,1.0
p[5478],0.87,0.01,0.86,0.89,0.0,0.0,9070.67,6613.41,1.0
p[5479],0.85,0.01,0.83,0.86,0.0,0.0,8743.92,5893.47,1.0
p[5480],0.89,0.01,0.86,0.91,0.0,0.0,10025.42,5918.29,1.0
p[5481],0.87,0.01,0.86,0.89,0.0,0.0,9081.21,6643.04,1.0
p[5482],0.86,0.02,0.81,0.9,0.0,0.0,10220.17,6167.9,1.0
p[5483],0.85,0.01,0.83,0.87,0.0,0.0,8748.75,5848.24,1.0
p[5484],0.72,0.02,0.69,0.76,0.0,0.0,9747.95,5824.48,1.0
p[5485],0.87,0.01,0.86,0.89,0.0,0.0,9084.47,6701.04,1.0
p[5486],0.85,0.01,0.83,0.87,0.0,0.0,8750.81,5871.24,1.0
p[5487],0.88,0.01,0.86,0.89,0.0,0.0,9085.79,6671.17,1.0
p[5488],0.88,0.01,0.86,0.89,0.0,0.0,9088.67,6642.03,1.0
p[5489],0.88,0.01,0.86,0.89,0.0,0.0,9090.78,6701.6,1.0
p[5490],0.88,0.01,0.86,0.89,0.0,0.0,9094.26,6700.82,1.0
p[5491],0.84,0.02,0.81,0.88,0.0,0.0,10237.2,6871.11,1.0
p[5492],0.94,0.01,0.92,0.96,0.0,0.0,10385.54,6771.41,1.0
p[5493],0.85,0.01,0.83,0.87,0.0,0.0,8759.08,5871.28,1.0
p[5494],0.86,0.02,0.83,0.89,0.0,0.0,10169.46,7204.54,1.0
p[5495],0.91,0.01,0.89,0.93,0.0,0.0,10017.4,6055.4,1.0
p[5496],0.85,0.01,0.83,0.87,0.0,0.0,8764.88,5848.23,1.0
p[5497],0.83,0.02,0.79,0.88,0.0,0.0,12033.16,6943.25,1.0
p[5498],0.88,0.01,0.86,0.89,0.0,0.0,9106.65,6699.97,1.0
p[5499],0.88,0.01,0.86,0.89,0.0,0.0,9111.67,6931.01,1.0
p[5500],0.73,0.02,0.69,0.76,0.0,0.0,9760.6,5936.99,1.0
p[5501],0.91,0.01,0.88,0.93,0.0,0.0,11606.95,6263.46,1.0
p[5502],0.83,0.03,0.78,0.88,0.0,0.0,11662.8,6510.19,1.0
p[5503],0.93,0.01,0.92,0.94,0.0,0.0,9589.86,6658.14,1.0
p[5504],0.89,0.01,0.87,0.91,0.0,0.0,10014.57,5987.8,1.0
p[5505],0.85,0.01,0.83,0.87,0.0,0.0,8778.03,5916.78,1.0
p[5506],0.86,0.02,0.82,0.91,0.0,0.0,10219.2,6276.71,1.0
p[5507],0.88,0.01,0.86,0.89,0.0,0.0,9128.07,6878.37,1.0
p[5508],0.85,0.01,0.83,0.87,0.0,0.0,8785.4,5939.76,1.0
p[5509],0.89,0.01,0.87,0.91,0.0,0.0,10012.09,6010.47,1.0
p[5510],0.88,0.01,0.87,0.89,0.0,0.0,9131.98,6910.79,1.0
p[5511],0.88,0.01,0.87,0.89,0.0,0.0,9133.76,6910.79,1.0
p[5512],0.73,0.02,0.69,0.77,0.0,0.0,9768.17,5866.36,1.0
p[5513],0.88,0.01,0.87,0.89,0.0,0.0,9139.03,6911.53,1.0
p[5514],0.91,0.01,0.89,0.94,0.0,0.0,11520.76,6605.92,1.0
p[5515],0.88,0.01,0.87,0.89,0.0,0.0,9141.71,6898.2,1.0
p[5516],0.88,0.01,0.87,0.89,0.0,0.0,9141.71,6898.2,1.0
p[5517],0.85,0.02,0.81,0.88,0.0,0.0,10237.44,6719.18,1.0
p[5518],0.88,0.01,0.87,0.9,0.0,0.0,9148.86,6866.55,1.0
p[5519],0.85,0.01,0.84,0.87,0.0,0.0,8799.03,5963.16,1.0
p[5520],0.85,0.01,0.84,0.87,0.0,0.0,8799.6,5963.16,1.0
p[5521],0.92,0.01,0.89,0.94,0.0,0.0,11515.43,6591.03,1.0
p[5522],0.93,0.01,0.92,0.95,0.0,0.0,9604.49,6775.01,1.0
p[5523],0.94,0.01,0.92,0.97,0.0,0.0,10378.73,6805.19,1.0
p[5524],0.85,0.01,0.84,0.87,0.0,0.0,8804.32,5963.65,1.0
p[5525],0.86,0.02,0.83,0.89,0.0,0.0,10166.12,7205.25,1.0
p[5526],0.88,0.01,0.87,0.9,0.0,0.0,9159.93,6834.99,1.0
p[5527],0.83,0.03,0.78,0.88,0.0,0.0,11607.58,6621.71,1.0
p[5528],0.93,0.01,0.92,0.95,0.0,0.0,9609.86,6958.44,1.0
p[5529],0.88,0.01,0.87,0.9,0.0,0.0,9168.2,6804.28,1.0
p[5530],0.89,0.01,0.87,0.91,0.0,0.0,10010.3,5986.16,1.0
p[5531],0.88,0.01,0.87,0.9,0.0,0.0,9173.36,6896.19,1.0
p[5532],0.74,0.02,0.7,0.77,0.0,0.0,9782.27,6132.59,1.0
p[5533],0.86,0.01,0.84,0.87,0.0,0.0,8821.41,6033.56,1.0
p[5534],0.88,0.01,0.87,0.9,0.0,0.0,9177.39,6928.24,1.0
p[5535],0.86,0.01,0.84,0.87,0.0,0.0,8828.17,6155.74,1.0
p[5536],0.88,0.01,0.87,0.9,0.0,0.0,9187.91,6991.38,1.0
p[5537],0.88,0.01,0.87,0.9,0.0,0.0,9190.23,6991.98,1.0
p[5538],0.88,0.01,0.87,0.9,0.0,0.0,9194.01,6993.28,1.0
p[5539],0.88,0.01,0.87,0.9,0.0,0.0,9194.01,6993.28,1.0
p[5540],0.88,0.01,0.87,0.9,0.0,0.0,9196.97,7028.28,1.0
p[5541],0.88,0.01,0.87,0.9,0.0,0.0,9205.67,6905.07,1.0
p[5542],0.91,0.01,0.89,0.93,0.0,0.0,11588.65,6312.86,1.0
p[5543],0.86,0.01,0.84,0.88,0.0,0.0,8836.63,6257.06,1.0
p[5544],0.84,0.02,0.81,0.88,0.0,0.0,11994.19,6911.82,1.0
p[5545],0.94,0.01,0.92,0.95,0.0,0.0,9622.56,6907.63,1.0
p[5546],0.87,0.02,0.83,0.91,0.0,0.0,10214.77,6654.32,1.0
p[5547],0.92,0.01,0.9,0.93,0.0,0.0,10007.95,6125.32,1.0
p[5548],0.92,0.01,0.9,0.93,0.0,0.0,10007.95,6125.32,1.0
p[5549],0.85,0.02,0.81,0.89,0.0,0.0,11991.71,6880.65,1.0
p[5550],0.89,0.01,0.87,0.9,0.0,0.0,9222.86,6842.95,1.0
p[5551],0.74,0.02,0.7,0.78,0.0,0.0,9797.43,6233.02,1.0
p[5552],0.92,0.01,0.9,0.94,0.0,0.0,11484.91,6620.55,1.0
p[5553],0.9,0.01,0.87,0.92,0.0,0.0,10004.16,5942.46,1.0
p[5554],0.74,0.02,0.71,0.78,0.0,0.0,9797.98,6310.2,1.0
p[5555],0.87,0.02,0.83,0.91,0.0,0.0,10217.62,6623.34,1.0
p[5556],0.9,0.01,0.87,0.92,0.0,0.0,10003.21,5978.64,1.0
p[5557],0.89,0.01,0.87,0.9,0.0,0.0,9237.76,6846.51,1.0
p[5558],0.86,0.01,0.84,0.88,0.0,0.0,8850.22,6207.35,1.0
p[5559],0.85,0.02,0.82,0.89,0.0,0.0,10239.86,6664.11,1.0
p[5560],0.86,0.01,0.84,0.88,0.0,0.0,8850.64,6207.35,1.0
p[5561],0.94,0.01,0.92,0.95,0.0,0.0,9632.27,7317.86,1.0
p[5562],0.87,0.01,0.84,0.9,0.0,0.0,10138.01,7138.16,1.0
p[5563],0.89,0.01,0.87,0.9,0.0,0.0,9252.57,6907.79,1.0
p[5564],0.75,0.02,0.71,0.78,0.0,0.0,9804.73,6307.78,1.0
p[5565],0.84,0.03,0.79,0.89,0.0,0.0,11507.57,6509.92,1.0
p[5566],0.94,0.01,0.92,0.95,0.0,0.0,9636.53,7317.22,1.0
p[5567],0.89,0.01,0.87,0.9,0.0,0.0,9257.59,6906.68,1.0
p[5568],0.91,0.01,0.89,0.94,0.0,0.0,11580.19,6501.98,1.0
p[5569],0.89,0.01,0.87,0.9,0.0,0.0,9266.82,6984.89,1.0
p[5570],0.89,0.01,0.87,0.9,0.0,0.0,9266.82,6984.89,1.0
p[5571],0.9,0.01,0.88,0.92,0.0,0.0,9996.42,6024.56,1.0
p[5572],0.89,0.01,0.87,0.9,0.0,0.0,9274.74,6984.89,1.0
p[5573],0.86,0.01,0.84,0.88,0.0,0.0,8866.98,6282.4,1.0
p[5574],0.92,0.01,0.9,0.94,0.0,0.0,11465.86,6649.33,1.0
p[5575],0.94,0.01,0.93,0.95,0.0,0.0,9645.7,7317.22,1.0
p[5576],0.86,0.01,0.85,0.88,0.0,0.0,8871.45,6309.12,1.0
p[5577],0.89,0.01,0.87,0.9,0.0,0.0,9283.01,7051.17,1.0
p[5578],0.84,0.03,0.8,0.89,0.0,0.0,11474.46,6596.22,1.0
p[5579],0.89,0.01,0.88,0.9,0.0,0.0,9289.75,7130.43,1.0
p[5580],0.94,0.01,0.93,0.95,0.0,0.0,9650.2,7210.43,1.0
p[5581],0.89,0.01,0.88,0.9,0.0,0.0,9295.69,7184.7,1.0
p[5582],0.92,0.01,0.9,0.94,0.0,0.0,10009.47,6124.48,1.0
p[5583],0.9,0.01,0.88,0.92,0.0,0.0,9985.75,6098.29,1.0
p[5584],0.94,0.01,0.93,0.95,0.0,0.0,9652.08,7210.43,1.0
p[5585],0.89,0.01,0.88,0.9,0.0,0.0,9302.2,7183.27,1.0
p[5586],0.86,0.02,0.83,0.89,0.0,0.0,10247.92,6693.92,1.0
p[5587],0.89,0.01,0.88,0.9,0.0,0.0,9307.02,7183.69,1.0
p[5588],0.87,0.01,0.85,0.88,0.0,0.0,8885.31,6335.77,1.0
p[5589],0.89,0.01,0.88,0.9,0.0,0.0,9313.46,7115.61,1.0
p[5590],0.9,0.01,0.88,0.92,0.0,0.0,9982.89,6041.86,1.0
p[5591],0.88,0.02,0.83,0.92,0.0,0.0,10207.02,6720.57,1.0
p[5592],0.89,0.01,0.88,0.91,0.0,0.0,9321.87,7115.88,1.0
p[5593],0.89,0.01,0.88,0.91,0.0,0.0,9321.87,7115.88,1.0
p[5594],0.92,0.01,0.9,0.94,0.0,0.0,11439.85,6660.72,1.0
p[5595],0.89,0.01,0.88,0.91,0.0,0.0,9323.52,7115.84,1.0
p[5596],0.89,0.01,0.88,0.91,0.0,0.0,9329.67,7121.81,1.0
p[5597],0.75,0.02,0.72,0.79,0.0,0.0,9830.9,6524.26,1.0
p[5598],0.94,0.01,0.93,0.95,0.0,0.0,9663.81,7242.46,1.0
p[5599],0.89,0.01,0.88,0.91,0.0,0.0,9341.14,7023.8,1.0
p[5600],0.87,0.01,0.85,0.9,0.0,0.0,10093.17,7189.05,1.0
p[5601],0.94,0.01,0.93,0.95,0.0,0.0,9664.23,7242.46,1.0
p[5602],0.85,0.02,0.82,0.89,0.0,0.0,11950.7,6943.22,1.0
p[5603],0.89,0.01,0.88,0.91,0.0,0.0,9344.49,7023.8,1.0
p[5604],0.87,0.01,0.85,0.89,0.0,0.0,8907.84,6415.63,1.0
p[5605],0.9,0.01,0.88,0.92,0.0,0.0,9976.67,6068.05,1.0
p[5606],0.92,0.01,0.9,0.94,0.0,0.0,11561.36,6387.07,1.0
p[5607],0.87,0.01,0.85,0.88,0.0,0.0,8910.29,6415.63,1.0
p[5608],0.89,0.01,0.88,0.91,0.0,0.0,9364.04,7001.64,1.0
p[5609],0.85,0.02,0.8,0.89,0.0,0.0,11432.26,6511.71,1.0
p[5610],0.89,0.01,0.88,0.91,0.0,0.0,9366.44,7001.64,1.0
p[5611],0.92,0.01,0.9,0.94,0.0,0.0,11553.33,6494.75,1.0
p[5612],0.87,0.01,0.85,0.89,0.0,0.0,8923.8,6470.59,1.0
p[5613],0.94,0.01,0.93,0.95,0.0,0.0,9674.32,7215.36,1.0
p[5614],0.94,0.01,0.93,0.95,0.0,0.0,9676.03,7181.28,1.0
p[5615],0.86,0.02,0.82,0.89,0.0,0.0,11928.28,6975.24,1.0
p[5616],0.88,0.02,0.84,0.92,0.0,0.0,10199.94,6781.0,1.0
p[5617],0.89,0.01,0.88,0.91,0.0,0.0,9389.57,6951.22,1.0
p[5618],0.9,0.01,0.88,0.91,0.0,0.0,9395.76,6951.47,1.0
p[5619],0.9,0.01,0.88,0.91,0.0,0.0,9397.9,6935.61,1.0
p[5620],0.94,0.01,0.93,0.95,0.0,0.0,9683.94,7284.46,1.0
p[5621],0.9,0.01,0.88,0.91,0.0,0.0,9403.35,6963.26,1.0
p[5622],0.9,0.01,0.88,0.91,0.0,0.0,9406.69,6948.12,1.0
p[5623],0.87,0.01,0.85,0.89,0.0,0.0,8946.44,6582.68,1.0
p[5624],0.87,0.01,0.85,0.89,0.0,0.0,8953.91,6583.53,1.0
p[5625],0.87,0.01,0.86,0.89,0.0,0.0,8955.33,6583.53,1.0
p[5626],0.9,0.01,0.88,0.91,0.0,0.0,9416.58,7204.43,1.0
p[5627],0.9,0.01,0.88,0.91,0.0,0.0,9417.85,7204.43,1.0
p[5628],0.86,0.02,0.82,0.9,0.0,0.0,11906.34,6942.9,1.0
p[5629],0.87,0.02,0.84,0.9,0.0,0.0,10246.85,6753.25,1.0
p[5630],0.92,0.01,0.9,0.94,0.0,0.0,11527.01,6524.99,1.0
p[5631],0.91,0.01,0.89,0.93,0.0,0.0,9963.49,6186.36,1.0
p[5632],0.95,0.01,0.93,0.97,0.0,0.0,10341.6,6732.11,1.0
p[5633],0.9,0.01,0.88,0.91,0.0,0.0,9432.59,7169.94,1.0
p[5634],0.88,0.01,0.86,0.89,0.0,0.0,8974.48,6734.3,1.0
p[5635],0.9,0.01,0.88,0.91,0.0,0.0,9433.56,7129.6,1.0
p[5636],0.93,0.01,0.91,0.94,0.0,0.0,10025.03,6217.12,1.0
p[5637],0.88,0.01,0.86,0.89,0.0,0.0,8975.92,6734.3,1.0
p[5638],0.88,0.01,0.86,0.89,0.0,0.0,8978.29,6735.16,1.0
p[5639],0.9,0.01,0.88,0.91,0.0,0.0,9439.72,7090.08,1.0
p[5640],0.9,0.01,0.88,0.91,0.0,0.0,9440.71,7088.59,1.0
p[5641],0.77,0.02,0.73,0.8,0.0,0.0,9892.08,6785.86,1.0
p[5642],0.9,0.01,0.89,0.91,0.0,0.0,9443.9,7122.65,1.0
p[5643],0.91,0.01,0.89,0.93,0.0,0.0,9958.84,6260.23,1.0
p[5644],0.9,0.01,0.89,0.91,0.0,0.0,9449.47,7252.71,1.0
p[5645],0.88,0.01,0.86,0.89,0.0,0.0,8990.56,6765.17,1.0
p[5646],0.94,0.01,0.93,0.96,0.0,0.0,9719.17,7536.8,1.0
p[5647],0.9,0.01,0.89,0.91,0.0,0.0,9463.0,7378.31,1.0
p[5648],0.88,0.01,0.86,0.9,0.0,0.0,9488.26,7416.33,1.0
p[5649],0.75,0.02,0.72,0.78,0.0,0.0,9540.69,6915.9,1.0
p[5650],0.59,0.03,0.54,0.64,0.0,0.0,9507.81,7308.8,1.0
p[5651],0.79,0.01,0.77,0.82,0.0,0.0,9433.04,6660.21,1.0
p[5652],0.59,0.03,0.54,0.64,0.0,0.0,9506.15,7274.12,1.0
p[5653],0.88,0.01,0.86,0.9,0.0,0.0,9481.61,7487.65,1.0
p[5654],0.75,0.02,0.72,0.78,0.0,0.0,9528.92,6915.25,1.0
p[5655],0.88,0.01,0.86,0.9,0.0,0.0,9480.95,7487.65,1.0
p[5656],0.8,0.01,0.77,0.82,0.0,0.0,9416.92,6706.83,1.0
p[5657],0.84,0.02,0.8,0.88,0.0,0.0,11828.04,6740.23,1.0
p[5658],0.8,0.01,0.77,0.82,0.0,0.0,9414.06,6677.65,1.0
p[5659],0.8,0.01,0.77,0.82,0.0,0.0,9411.08,6677.65,1.0
p[5660],0.76,0.02,0.73,0.79,0.0,0.0,9485.24,6944.94,1.0
p[5661],0.76,0.02,0.73,0.79,0.0,0.0,9484.19,6882.14,1.0
p[5662],0.8,0.01,0.77,0.82,0.0,0.0,9386.5,6676.43,1.0
p[5663],0.8,0.01,0.77,0.82,0.0,0.0,9385.96,6766.04,1.0
p[5664],0.77,0.02,0.73,0.82,0.0,0.0,10056.33,6899.23,1.0
p[5665],0.76,0.02,0.73,0.79,0.0,0.0,9448.96,7008.17,1.0
p[5666],0.82,0.02,0.78,0.85,0.0,0.0,10121.38,6229.12,1.0
p[5667],0.8,0.01,0.78,0.83,0.0,0.0,9350.08,6686.77,1.0
p[5668],0.8,0.01,0.78,0.83,0.0,0.0,9339.21,6600.24,1.0
p[5669],0.76,0.02,0.73,0.79,0.0,0.0,9399.97,6789.1,1.0
p[5670],0.86,0.02,0.83,0.89,0.0,0.0,10079.82,6462.62,1.0
p[5671],0.81,0.01,0.78,0.83,0.0,0.0,9325.62,6571.68,1.0
p[5672],0.77,0.02,0.74,0.79,0.0,0.0,9378.48,6820.42,1.0
p[5673],0.89,0.01,0.86,0.91,0.0,0.0,9423.71,7375.55,1.0
p[5674],0.77,0.01,0.74,0.8,0.0,0.0,9305.27,6697.88,1.0
p[5675],0.83,0.02,0.79,0.86,0.0,0.0,9989.17,6649.08,1.0
p[5676],0.77,0.01,0.75,0.8,0.0,0.0,9275.13,6581.29,1.0
p[5677],0.81,0.01,0.79,0.84,0.0,0.0,9249.88,6541.99,1.0
p[5678],0.76,0.03,0.7,0.81,0.0,0.0,11845.58,6383.27,1.0
p[5679],0.78,0.01,0.75,0.8,0.0,0.0,9192.05,6557.4,1.0
p[5680],0.87,0.02,0.84,0.9,0.0,0.0,12001.47,6707.22,1.0
p[5681],0.77,0.03,0.71,0.82,0.0,0.0,11820.57,6411.05,1.0
p[5682],0.79,0.01,0.76,0.81,0.0,0.0,9090.07,6644.46,1.0
p[5683],0.79,0.01,0.76,0.81,0.0,0.0,9054.27,6615.69,1.0
p[5684],0.83,0.01,0.81,0.85,0.0,0.0,9152.23,6040.73,1.0
p[5685],0.83,0.01,0.81,0.85,0.0,0.0,9145.4,6039.58,1.0
p[5686],0.83,0.01,0.81,0.85,0.0,0.0,9141.73,6087.62,1.0
p[5687],0.87,0.01,0.85,0.9,0.0,0.0,10036.1,6360.91,1.0
p[5688],0.83,0.01,0.81,0.85,0.0,0.0,9138.53,6087.62,1.0
p[5689],0.84,0.02,0.81,0.87,0.0,0.0,9785.05,6520.74,1.0
p[5690],0.79,0.01,0.77,0.82,0.0,0.0,8993.15,6394.02,1.0
p[5691],0.79,0.01,0.77,0.82,0.0,0.0,8982.83,6421.01,1.0
p[5692],0.77,0.03,0.72,0.83,0.0,0.0,11817.06,6384.5,1.0
p[5693],0.84,0.02,0.81,0.88,0.0,0.0,9767.34,6479.39,1.0
p[5694],0.65,0.02,0.6,0.69,0.0,0.0,9372.58,6837.92,1.0
p[5695],0.79,0.01,0.77,0.82,0.0,0.0,8936.5,6502.49,1.0
p[5696],0.83,0.01,0.81,0.85,0.0,0.0,9108.05,5875.45,1.0
p[5697],0.83,0.01,0.81,0.85,0.0,0.0,9106.2,5920.63,1.0
p[5698],0.8,0.01,0.77,0.82,0.0,0.0,8927.77,6502.82,1.0
p[5699],0.83,0.01,0.81,0.85,0.0,0.0,9099.72,5897.84,1.0
p[5700],0.81,0.03,0.75,0.86,0.0,0.0,10609.45,6502.51,1.0
p[5701],0.83,0.01,0.81,0.85,0.0,0.0,9093.93,5941.91,1.0
p[5702],0.83,0.01,0.81,0.85,0.0,0.0,9092.73,5919.49,1.0
p[5703],0.81,0.02,0.77,0.84,0.0,0.0,9953.29,6644.3,1.0
p[5704],0.83,0.01,0.81,0.85,0.0,0.0,9089.41,5850.97,1.0
p[5705],0.65,0.02,0.61,0.69,0.0,0.0,9364.99,7028.26,1.0
p[5706],0.83,0.01,0.81,0.85,0.0,0.0,9085.23,5805.86,1.0
p[5707],0.88,0.01,0.85,0.9,0.0,0.0,10030.27,6298.0,1.0
p[5708],0.83,0.01,0.81,0.85,0.0,0.0,9078.66,5784.0,1.0
p[5709],0.83,0.01,0.81,0.85,0.0,0.0,9070.41,5762.87,1.0
p[5710],0.79,0.02,0.75,0.83,0.0,0.0,10099.01,6832.69,1.0
p[5711],0.8,0.01,0.78,0.82,0.0,0.0,8867.56,6530.44,1.0
p[5712],0.92,0.02,0.89,0.95,0.0,0.0,10234.18,6173.89,1.0
p[5713],0.8,0.01,0.78,0.82,0.0,0.0,8864.12,6501.93,1.0
p[5714],0.81,0.02,0.77,0.85,0.0,0.0,9944.76,6627.97,1.0
p[5715],0.78,0.03,0.73,0.83,0.0,0.0,11785.95,6298.36,1.0
p[5716],0.77,0.03,0.71,0.83,0.0,0.0,11856.81,6751.51,1.0
p[5717],0.8,0.01,0.78,0.82,0.0,0.0,8841.46,6585.23,1.0
p[5718],0.83,0.01,0.82,0.85,0.0,0.0,9053.05,5722.59,1.0
p[5719],0.84,0.01,0.82,0.85,0.0,0.0,9052.76,5722.59,1.0
p[5720],0.66,0.02,0.61,0.7,0.0,0.0,9356.01,7001.7,1.0
p[5721],0.85,0.02,0.82,0.88,0.0,0.0,9909.39,6463.76,1.0
p[5722],0.81,0.03,0.76,0.87,0.0,0.0,10601.58,6531.71,1.0
p[5723],0.84,0.01,0.82,0.86,0.0,0.0,9047.74,5721.81,1.0
p[5724],0.8,0.01,0.78,0.82,0.0,0.0,8816.67,6500.0,1.0
p[5725],0.8,0.01,0.78,0.82,0.0,0.0,8813.38,6500.0,1.0
p[5726],0.66,0.02,0.61,0.7,0.0,0.0,9353.26,6906.1,1.0
p[5727],0.84,0.01,0.82,0.86,0.0,0.0,9032.55,5636.27,1.0
p[5728],0.85,0.02,0.82,0.88,0.0,0.0,9860.48,6450.14,1.0
p[5729],0.8,0.01,0.78,0.83,0.0,0.0,8783.93,6500.0,1.0
p[5730],0.84,0.01,0.82,0.86,0.0,0.0,9027.32,5677.24,1.0
p[5731],0.84,0.01,0.82,0.86,0.0,0.0,9025.1,5677.02,1.0
p[5732],0.84,0.01,0.82,0.86,0.0,0.0,9025.24,5677.02,1.0
p[5733],0.84,0.01,0.82,0.86,0.0,0.0,9023.81,5741.44,1.0
p[5734],0.88,0.01,0.86,0.9,0.0,0.0,10018.9,6193.78,1.0
p[5735],0.84,0.01,0.82,0.86,0.0,0.0,9019.2,5784.46,1.0
p[5736],0.81,0.01,0.78,0.83,0.0,0.0,8744.95,6473.87,1.0
p[5737],0.79,0.03,0.74,0.84,0.0,0.0,11766.19,6248.04,1.0
p[5738],0.8,0.02,0.76,0.84,0.0,0.0,10084.97,6771.49,1.0
p[5739],0.81,0.01,0.78,0.83,0.0,0.0,8737.38,6446.6,1.0
p[5740],0.88,0.01,0.86,0.9,0.0,0.0,10018.46,6193.96,1.0
p[5741],0.88,0.01,0.86,0.9,0.0,0.0,10018.46,6193.96,1.0
p[5742],0.81,0.01,0.78,0.83,0.0,0.0,8713.89,6391.85,1.0
p[5743],0.82,0.02,0.78,0.85,0.0,0.0,9919.71,6597.68,1.0
p[5744],0.78,0.03,0.72,0.84,0.0,0.0,11808.96,6780.36,1.0
p[5745],0.66,0.02,0.62,0.71,0.0,0.0,9336.69,6820.25,1.0
p[5746],0.86,0.02,0.83,0.88,0.0,0.0,9796.67,6493.39,1.0
p[5747],0.84,0.01,0.82,0.86,0.0,0.0,8996.17,5919.14,1.0
p[5748],0.82,0.03,0.76,0.87,0.0,0.0,10584.45,6525.61,1.0
p[5749],0.81,0.01,0.79,0.83,0.0,0.0,8694.74,6364.1,1.0
p[5750],0.84,0.01,0.82,0.86,0.0,0.0,8989.43,5920.2,1.0
p[5751],0.84,0.01,0.82,0.86,0.0,0.0,8988.28,5920.2,1.0
p[5752],0.81,0.01,0.79,0.83,0.0,0.0,8689.93,6337.22,1.0
p[5753],0.84,0.01,0.82,0.86,0.0,0.0,8986.82,5920.2,1.0
p[5754],0.86,0.02,0.83,0.88,0.0,0.0,9770.35,6493.39,1.0
p[5755],0.79,0.02,0.75,0.83,0.0,0.0,9294.94,6556.3,1.0
p[5756],0.84,0.01,0.82,0.86,0.0,0.0,8979.49,5874.04,1.0
p[5757],0.81,0.01,0.79,0.83,0.0,0.0,8678.6,6336.86,1.0
p[5758],0.67,0.02,0.62,0.71,0.0,0.0,9332.51,6944.13,1.0
p[5759],0.89,0.02,0.86,0.92,0.0,0.0,11932.03,6766.41,1.0
p[5760],0.84,0.01,0.83,0.86,0.0,0.0,8973.98,5896.21,1.0
p[5761],0.84,0.01,0.83,0.86,0.0,0.0,8970.56,5942.91,1.0
p[5762],0.84,0.01,0.83,0.86,0.0,0.0,8967.77,5850.26,1.0
p[5763],0.84,0.01,0.83,0.86,0.0,0.0,8964.36,5827.88,1.0
p[5764],0.8,0.02,0.76,0.84,0.0,0.0,10075.84,6759.91,1.0
p[5765],0.81,0.01,0.79,0.83,0.0,0.0,8654.27,6335.55,1.0
p[5766],0.84,0.01,0.83,0.86,0.0,0.0,8965.47,5850.21,1.0
p[5767],0.81,0.01,0.79,0.83,0.0,0.0,8648.52,6280.84,1.0
p[5768],0.82,0.02,0.79,0.86,0.0,0.0,9900.79,6655.79,1.0
p[5769],0.93,0.02,0.9,0.95,0.0,0.0,10200.59,6309.58,1.0
p[5770],0.81,0.01,0.79,0.83,0.0,0.0,8637.67,6280.53,1.0
p[5771],0.79,0.03,0.73,0.85,0.0,0.0,11768.39,6810.48,1.0
p[5772],0.79,0.03,0.75,0.84,0.0,0.0,11738.21,6272.18,1.0
p[5773],0.85,0.01,0.83,0.86,0.0,0.0,8958.02,5781.66,1.0
p[5774],0.86,0.02,0.83,0.89,0.0,0.0,9684.21,6522.03,1.0
p[5775],0.67,0.02,0.63,0.71,0.0,0.0,9330.41,7033.62,1.0
p[5776],0.83,0.03,0.77,0.88,0.0,0.0,10566.12,6554.86,1.0
p[5777],0.81,0.01,0.79,0.83,0.0,0.0,8609.69,6305.98,1.0
p[5778],0.86,0.01,0.83,0.89,0.0,0.0,9647.7,6542.07,1.0
p[5779],0.85,0.01,0.83,0.86,0.0,0.0,8927.99,5609.79,1.0
p[5780],0.85,0.01,0.83,0.86,0.0,0.0,8928.59,5609.79,1.0
p[5781],0.68,0.02,0.63,0.72,0.0,0.0,9326.85,7033.42,1.0
p[5782],0.82,0.01,0.79,0.84,0.0,0.0,8592.51,6306.14,1.0
p[5783],0.85,0.01,0.83,0.86,0.0,0.0,8915.58,5631.57,1.0
p[5784],0.85,0.01,0.83,0.86,0.0,0.0,8915.58,5631.57,1.0
p[5785],0.82,0.01,0.79,0.84,0.0,0.0,8584.1,6306.45,1.0
p[5786],0.89,0.01,0.86,0.92,0.0,0.0,11900.84,6890.52,1.0
p[5787],0.85,0.01,0.83,0.87,0.0,0.0,8909.94,5609.89,1.0
p[5788],0.91,0.01,0.9,0.93,0.0,0.0,9204.0,6869.06,1.0
p[5789],0.85,0.01,0.83,0.87,0.0,0.0,8908.9,5609.89,1.0
p[5790],0.85,0.01,0.83,0.87,0.0,0.0,8908.9,5609.89,1.0
p[5791],0.8,0.02,0.76,0.83,0.0,0.0,9261.23,6500.8,1.0
p[5792],0.85,0.01,0.83,0.87,0.0,0.0,8904.71,5609.89,1.0
p[5793],0.82,0.01,0.8,0.84,0.0,0.0,8574.87,6334.76,1.0
p[5794],0.81,0.02,0.77,0.85,0.0,0.0,10069.85,6671.86,1.0
p[5795],0.85,0.01,0.83,0.87,0.0,0.0,8901.53,5604.97,1.0
p[5796],0.82,0.01,0.8,0.84,0.0,0.0,8565.53,6334.57,1.0
p[5797],0.91,0.01,0.9,0.93,0.0,0.0,9200.46,6900.71,1.0
p[5798],0.93,0.01,0.9,0.96,0.0,0.0,10182.97,6079.73,1.0
p[5799],0.83,0.02,0.79,0.86,0.0,0.0,9876.68,6895.6,1.0
p[5800],0.82,0.01,0.8,0.84,0.0,0.0,8557.54,6334.11,1.0
p[5801],0.89,0.01,0.87,0.91,0.0,0.0,9978.49,6140.35,1.0
p[5802],0.79,0.03,0.73,0.85,0.0,0.0,11722.08,6870.86,1.0
p[5803],0.8,0.03,0.76,0.85,0.0,0.0,11689.76,6325.96,1.0
p[5804],0.85,0.01,0.83,0.87,0.0,0.0,8881.58,5708.62,1.0
p[5805],0.68,0.02,0.64,0.72,0.0,0.0,9323.86,7067.15,1.0
p[5806],0.83,0.03,0.77,0.88,0.0,0.0,10546.93,6497.84,1.0
p[5807],0.85,0.01,0.83,0.87,0.0,0.0,8878.49,5708.62,1.0
p[5808],0.87,0.01,0.84,0.89,0.0,0.0,9531.08,6394.38,1.0
p[5809],0.82,0.01,0.8,0.84,0.0,0.0,8532.61,6412.54,1.0
p[5810],0.85,0.01,0.84,0.87,0.0,0.0,8878.82,5643.1,1.0
p[5811],0.82,0.01,0.8,0.84,0.0,0.0,8526.68,6412.54,1.0
p[5812],0.87,0.01,0.84,0.89,0.0,0.0,9526.42,6394.38,1.0
p[5813],0.85,0.01,0.84,0.87,0.0,0.0,8876.12,5643.1,1.0
p[5814],0.85,0.01,0.84,0.87,0.0,0.0,8873.95,5706.57,1.0
p[5815],0.85,0.01,0.84,0.87,0.0,0.0,8873.95,5706.57,1.0
p[5816],0.85,0.01,0.84,0.87,0.0,0.0,8869.78,5706.57,1.0
p[5817],0.92,0.01,0.9,0.93,0.0,0.0,9180.48,6931.16,1.0
p[5818],0.82,0.01,0.8,0.84,0.0,0.0,8513.42,6410.87,1.0
p[5819],0.85,0.01,0.84,0.87,0.0,0.0,8866.77,5700.91,1.0
p[5820],0.85,0.01,0.84,0.87,0.0,0.0,8863.53,5685.07,1.0
p[5821],0.9,0.01,0.87,0.92,0.0,0.0,11880.14,6678.51,1.0
p[5822],0.85,0.01,0.84,0.87,0.0,0.0,8862.42,5685.07,1.0
p[5823],0.69,0.02,0.65,0.73,0.0,0.0,9323.58,7067.51,1.0
p[5824],0.85,0.01,0.84,0.87,0.0,0.0,8859.8,5685.07,1.0
p[5825],0.82,0.01,0.8,0.84,0.0,0.0,8495.37,6330.03,1.0
p[5826],0.89,0.01,0.87,0.91,0.0,0.0,9973.58,5993.81,1.0
p[5827],0.82,0.01,0.8,0.84,0.0,0.0,8493.39,6330.03,1.0
p[5828],0.87,0.01,0.84,0.89,0.0,0.0,9473.37,6317.98,1.0
p[5829],0.81,0.02,0.76,0.85,0.0,0.0,11666.12,6350.59,1.0
p[5830],0.82,0.01,0.8,0.84,0.0,0.0,8485.29,6329.4,1.0
p[5831],0.83,0.02,0.8,0.87,0.0,0.0,9847.71,6990.7,1.0
p[5832],0.86,0.01,0.84,0.87,0.0,0.0,8849.94,5537.1,1.0
p[5833],0.93,0.01,0.91,0.96,0.0,0.0,10163.67,6218.1,1.0
p[5834],0.8,0.03,0.74,0.86,0.0,0.0,11660.23,6842.53,1.0
p[5835],0.84,0.03,0.78,0.89,0.0,0.0,10523.24,6583.07,1.0
p[5836],0.86,0.01,0.84,0.87,0.0,0.0,8845.96,5580.61,1.0
p[5837],0.87,0.01,0.84,0.9,0.0,0.0,9450.5,6385.25,1.0
p[5838],0.83,0.01,0.81,0.85,0.0,0.0,8464.85,6357.23,1.0
p[5839],0.87,0.01,0.84,0.9,0.0,0.0,9438.95,6412.3,1.0
p[5840],0.83,0.01,0.81,0.85,0.0,0.0,8460.55,6384.86,1.0
p[5841],0.86,0.01,0.84,0.87,0.0,0.0,8836.52,5602.81,1.0
p[5842],0.89,0.01,0.86,0.92,0.0,0.0,11747.53,6561.25,1.0
p[5843],0.86,0.01,0.84,0.87,0.0,0.0,8834.56,5666.26,1.0
p[5844],0.86,0.01,0.84,0.87,0.0,0.0,8832.67,5666.26,1.0
p[5845],0.9,0.01,0.87,0.92,0.0,0.0,11867.51,6677.15,1.0
p[5846],0.83,0.01,0.81,0.85,0.0,0.0,8449.74,6357.58,1.0
p[5847],0.92,0.01,0.91,0.94,0.0,0.0,9160.99,6869.27,1.0
p[5848],0.69,0.02,0.65,0.73,0.0,0.0,9320.84,7023.47,1.0
p[5849],0.86,0.01,0.84,0.87,0.0,0.0,8828.45,5666.26,1.0
p[5850],0.86,0.01,0.84,0.87,0.0,0.0,8827.3,5666.26,1.0
p[5851],0.86,0.01,0.84,0.88,0.0,0.0,8828.02,5604.33,1.0
p[5852],0.86,0.01,0.84,0.87,0.0,0.0,8826.52,5604.33,1.0
p[5853],0.82,0.02,0.78,0.86,0.0,0.0,10047.68,6779.9,1.0
p[5854],0.83,0.01,0.81,0.85,0.0,0.0,8435.21,6358.14,1.0
p[5855],0.86,0.01,0.84,0.87,0.0,0.0,8821.72,5668.8,1.0
p[5856],0.7,0.02,0.66,0.74,0.0,0.0,9317.28,7069.37,1.0
p[5857],0.92,0.01,0.91,0.94,0.0,0.0,9157.57,6962.52,1.0
p[5858],0.83,0.01,0.81,0.85,0.0,0.0,8432.37,6439.57,1.0
p[5859],0.92,0.01,0.91,0.94,0.0,0.0,9157.04,6962.52,1.0
p[5860],0.83,0.01,0.81,0.85,0.0,0.0,8427.52,6369.84,1.0
p[5861],0.81,0.03,0.75,0.86,0.0,0.0,11627.19,6872.38,1.0
p[5862],0.81,0.02,0.77,0.86,0.0,0.0,11630.22,6202.57,1.0
p[5863],0.86,0.01,0.84,0.88,0.0,0.0,8815.61,5504.22,1.0
p[5864],0.9,0.01,0.88,0.92,0.0,0.0,9959.26,6164.49,1.0
p[5865],0.87,0.01,0.85,0.9,0.0,0.0,9343.12,6334.05,1.0
p[5866],0.86,0.01,0.84,0.88,0.0,0.0,8801.87,5424.78,1.0
p[5867],0.83,0.01,0.81,0.85,0.0,0.0,8417.65,6286.89,1.0
p[5868],0.7,0.02,0.66,0.74,0.0,0.0,9315.47,6878.49,1.0
p[5869],0.84,0.02,0.81,0.87,0.0,0.0,9818.46,6989.24,1.0
p[5870],0.84,0.03,0.79,0.89,0.0,0.0,10501.26,6394.31,1.0
p[5871],0.83,0.01,0.81,0.85,0.0,0.0,8412.92,6204.96,1.0
p[5872],0.84,0.02,0.81,0.87,0.0,0.0,9816.59,6989.24,1.0
p[5873],0.82,0.02,0.78,0.85,0.0,0.0,9206.84,6530.39,1.0
p[5874],0.86,0.01,0.85,0.88,0.0,0.0,8790.69,5446.49,1.0
p[5875],0.83,0.01,0.81,0.85,0.0,0.0,8408.97,6188.6,1.0
p[5876],0.86,0.01,0.85,0.88,0.0,0.0,8788.66,5408.43,1.0
p[5877],0.86,0.01,0.85,0.88,0.0,0.0,8788.11,5408.43,1.0
p[5878],0.9,0.01,0.88,0.92,0.0,0.0,9960.52,6139.38,1.0
p[5879],0.86,0.01,0.85,0.88,0.0,0.0,8785.96,5407.46,1.0
p[5880],0.86,0.01,0.85,0.88,0.0,0.0,8785.96,5407.46,1.0
p[5881],0.88,0.01,0.85,0.9,0.0,0.0,9297.04,6553.81,1.0
p[5882],0.7,0.02,0.66,0.74,0.0,0.0,9318.86,6816.97,1.0
p[5883],0.86,0.01,0.85,0.88,0.0,0.0,8784.29,5428.2,1.0
p[5884],0.86,0.01,0.85,0.88,0.0,0.0,8784.22,5468.39,1.0
p[5885],0.86,0.01,0.85,0.88,0.0,0.0,8782.36,5410.64,1.0
p[5886],0.86,0.01,0.85,0.88,0.0,0.0,8780.0,5410.64,1.0
p[5887],0.83,0.01,0.81,0.85,0.0,0.0,8396.82,6008.63,1.0
p[5888],0.83,0.02,0.79,0.86,0.0,0.0,10032.9,6673.88,1.0
p[5889],0.83,0.01,0.81,0.85,0.0,0.0,8396.19,6077.36,1.0
p[5890],0.82,0.02,0.78,0.86,0.0,0.0,11605.66,6365.44,1.0
p[5891],0.81,0.03,0.76,0.87,0.0,0.0,11586.12,6856.78,1.0
p[5892],0.86,0.01,0.85,0.88,0.0,0.0,8785.62,5450.44,1.0
p[5893],0.84,0.01,0.82,0.85,0.0,0.0,8385.05,6047.56,1.0
p[5894],0.84,0.02,0.81,0.88,0.0,0.0,9799.65,6934.54,1.0
p[5895],0.88,0.01,0.85,0.9,0.0,0.0,9232.26,6600.22,1.0
p[5896],0.87,0.01,0.85,0.88,0.0,0.0,8784.02,5393.63,1.0
p[5897],0.71,0.02,0.67,0.74,0.0,0.0,9320.67,6755.82,1.0
p[5898],0.87,0.01,0.85,0.88,0.0,0.0,8783.23,5532.25,1.0
p[5899],0.85,0.03,0.8,0.89,0.0,0.0,10482.37,6405.09,1.0
p[5900],0.84,0.01,0.82,0.86,0.0,0.0,8374.72,6234.08,1.0
p[5901],0.94,0.01,0.91,0.96,0.0,0.0,10131.8,6298.82,1.0
p[5902],0.9,0.01,0.88,0.93,0.0,0.0,11798.54,6771.79,1.0
p[5903],0.87,0.01,0.85,0.88,0.0,0.0,8775.71,5613.41,1.0
p[5904],0.88,0.01,0.85,0.9,0.0,0.0,9213.8,6605.96,1.0
p[5905],0.84,0.01,0.82,0.86,0.0,0.0,8369.02,6021.3,1.0
p[5906],0.87,0.01,0.85,0.88,0.0,0.0,8770.58,5552.46,1.0
p[5907],0.71,0.02,0.67,0.75,0.0,0.0,9321.93,6725.78,1.0
p[5908],0.87,0.01,0.85,0.88,0.0,0.0,8766.79,5697.97,1.0
p[5909],0.84,0.01,0.82,0.86,0.0,0.0,8366.18,6044.24,1.0
p[5910],0.93,0.01,0.91,0.94,0.0,0.0,9135.91,7023.95,1.0
p[5911],0.87,0.01,0.85,0.88,0.0,0.0,8765.55,5698.79,1.0
p[5912],0.84,0.01,0.82,0.86,0.0,0.0,8364.22,6192.66,1.0
p[5913],0.87,0.01,0.85,0.88,0.0,0.0,8765.35,5829.92,1.0
p[5914],0.83,0.02,0.8,0.87,0.0,0.0,10020.95,6628.29,1.0
p[5915],0.87,0.01,0.85,0.88,0.0,0.0,8764.35,5807.91,1.0
p[5916],0.84,0.01,0.82,0.86,0.0,0.0,8359.7,6192.66,1.0
p[5917],0.9,0.01,0.88,0.92,0.0,0.0,9942.11,6115.42,1.0
p[5918],0.82,0.02,0.79,0.85,0.0,0.0,9183.11,6502.37,1.0
p[5919],0.87,0.01,0.85,0.88,0.0,0.0,8759.16,5934.78,1.0
p[5920],0.82,0.02,0.78,0.87,0.0,0.0,11560.69,6573.1,1.0
p[5921],0.84,0.01,0.82,0.86,0.0,0.0,8353.71,6313.36,1.0
p[5922],0.82,0.03,0.77,0.87,0.0,0.0,11535.47,6986.49,1.0
p[5923],0.87,0.01,0.85,0.88,0.0,0.0,8758.52,5933.61,1.0
p[5924],0.91,0.01,0.89,0.92,0.0,0.0,9936.3,6140.11,1.0
p[5925],0.71,0.02,0.68,0.75,0.0,0.0,9322.63,6756.58,1.0
p[5926],0.93,0.01,0.91,0.94,0.0,0.0,9131.3,6958.14,1.0
p[5927],0.87,0.01,0.86,0.88,0.0,0.0,8757.14,5904.8,1.0
p[5928],0.85,0.03,0.8,0.9,0.0,0.0,10457.25,6477.12,1.0
p[5929],0.84,0.01,0.82,0.86,0.0,0.0,8340.76,6398.86,1.0
p[5930],0.88,0.01,0.86,0.91,0.0,0.0,9215.25,6672.52,1.0
p[5931],0.88,0.01,0.86,0.91,0.0,0.0,9213.89,6672.52,1.0
p[5932],0.84,0.01,0.82,0.86,0.0,0.0,8339.28,6434.86,1.0
p[5933],0.87,0.01,0.86,0.89,0.0,0.0,8755.17,5927.48,1.0
p[5934],0.87,0.01,0.86,0.89,0.0,0.0,8755.17,5927.48,1.0
p[5935],0.83,0.02,0.8,0.86,0.0,0.0,9172.2,6445.93,1.0
p[5936],0.87,0.01,0.86,0.89,0.0,0.0,8750.81,5946.43,1.0
p[5937],0.84,0.01,0.83,0.86,0.0,0.0,8338.04,6448.27,1.0
p[5938],0.91,0.01,0.89,0.93,0.0,0.0,11762.77,6536.95,1.0
p[5939],0.87,0.01,0.86,0.89,0.0,0.0,8750.95,5994.25,1.0
p[5940],0.83,0.02,0.8,0.86,0.0,0.0,9171.57,6473.34,1.0
p[5941],0.87,0.01,0.86,0.89,0.0,0.0,8747.32,5994.25,1.0
p[5942],0.87,0.01,0.86,0.89,0.0,0.0,8747.32,5994.25,1.0
p[5943],0.84,0.01,0.83,0.86,0.0,0.0,8335.68,6429.78,1.0
p[5944],0.84,0.02,0.8,0.87,0.0,0.0,10006.02,6570.76,1.0
p[5945],0.84,0.01,0.83,0.86,0.0,0.0,8333.66,6429.78,1.0
p[5946],0.87,0.01,0.86,0.89,0.0,0.0,8747.48,6023.32,1.0
p[5947],0.85,0.02,0.82,0.88,0.0,0.0,9780.17,6912.85,1.0
p[5948],0.83,0.02,0.79,0.87,0.0,0.0,11522.4,6657.09,1.0
p[5949],0.94,0.01,0.92,0.96,0.0,0.0,10111.31,6442.32,1.0
p[5950],0.85,0.01,0.83,0.86,0.0,0.0,8330.08,6430.56,1.0
p[5951],0.72,0.02,0.68,0.76,0.0,0.0,9331.95,6727.39,1.0
p[5952],0.87,0.01,0.86,0.89,0.0,0.0,8741.62,6199.1,1.0
p[5953],0.83,0.03,0.78,0.88,0.0,0.0,11485.06,6952.94,1.0
p[5954],0.72,0.02,0.69,0.76,0.0,0.0,9334.43,6697.77,1.0
p[5955],0.87,0.01,0.86,0.89,0.0,0.0,8739.41,6276.09,1.0
p[5956],0.9,0.01,0.88,0.93,0.0,0.0,11661.95,6665.6,1.0
p[5957],0.89,0.01,0.86,0.91,0.0,0.0,9199.93,6669.53,1.0
p[5958],0.85,0.01,0.83,0.87,0.0,0.0,8322.51,6511.34,1.0
p[5959],0.86,0.02,0.83,0.88,0.0,0.0,9764.18,6910.98,1.0
p[5960],0.86,0.02,0.81,0.9,0.0,0.0,10447.14,6515.23,1.0
p[5961],0.89,0.01,0.86,0.91,0.0,0.0,9198.95,6612.13,1.0
p[5962],0.88,0.01,0.86,0.89,0.0,0.0,8741.97,6096.26,1.0
p[5963],0.85,0.01,0.83,0.87,0.0,0.0,8319.14,6511.65,1.0
p[5964],0.91,0.01,0.89,0.93,0.0,0.0,11729.29,6429.06,1.0
p[5965],0.88,0.01,0.86,0.89,0.0,0.0,8740.56,6120.59,1.0
p[5966],0.73,0.02,0.69,0.76,0.0,0.0,9339.77,6788.09,1.0
p[5967],0.88,0.01,0.86,0.89,0.0,0.0,8739.84,6120.59,1.0
p[5968],0.88,0.01,0.86,0.89,0.0,0.0,8740.41,6120.59,1.0
p[5969],0.93,0.01,0.92,0.94,0.0,0.0,9119.42,7020.28,1.0
p[5970],0.88,0.01,0.86,0.89,0.0,0.0,8740.74,6219.0,1.0
p[5971],0.85,0.01,0.83,0.87,0.0,0.0,8312.96,6556.23,1.0
p[5972],0.88,0.01,0.86,0.89,0.0,0.0,8740.3,6169.36,1.0
p[5973],0.84,0.02,0.8,0.88,0.0,0.0,11504.98,6599.68,1.0
p[5974],0.85,0.01,0.83,0.87,0.0,0.0,8311.56,6556.34,1.0
p[5975],0.84,0.02,0.81,0.87,0.0,0.0,9991.65,6458.96,1.0
p[5976],0.88,0.01,0.86,0.89,0.0,0.0,8740.49,6169.36,1.0
p[5977],0.85,0.01,0.83,0.87,0.0,0.0,8312.65,6584.55,1.0
p[5978],0.88,0.01,0.86,0.89,0.0,0.0,8736.37,6122.61,1.0
p[5979],0.73,0.02,0.69,0.77,0.0,0.0,9403.03,6787.24,1.0
p[5980],0.86,0.02,0.83,0.89,0.0,0.0,9752.89,6897.23,1.0
p[5981],0.85,0.01,0.83,0.87,0.0,0.0,8307.48,6536.8,1.0
p[5982],0.88,0.01,0.87,0.89,0.0,0.0,8730.98,6120.69,1.0
p[5983],0.85,0.01,0.83,0.87,0.0,0.0,8308.84,6594.15,1.0
p[5984],0.91,0.01,0.89,0.93,0.0,0.0,9897.27,6068.52,1.0
p[5985],0.93,0.01,0.92,0.94,0.0,0.0,9118.44,7021.22,1.0
p[5986],0.83,0.03,0.78,0.88,0.0,0.0,11382.09,6845.32,1.0
p[5987],0.89,0.01,0.87,0.91,0.0,0.0,9224.76,6753.75,1.0
p[5988],0.88,0.01,0.87,0.89,0.0,0.0,8728.68,6146.05,1.0
p[5989],0.86,0.02,0.82,0.9,0.0,0.0,10438.18,6510.78,1.0
p[5990],0.85,0.01,0.84,0.87,0.0,0.0,8307.49,6564.41,1.0
p[5991],0.88,0.01,0.87,0.89,0.0,0.0,8728.32,6237.71,1.0
p[5992],0.88,0.01,0.87,0.89,0.0,0.0,8728.33,6263.41,1.0
p[5993],0.73,0.02,0.7,0.77,0.0,0.0,9393.01,6757.22,1.0
p[5994],0.89,0.01,0.87,0.91,0.0,0.0,9229.01,6708.02,1.0
p[5995],0.84,0.02,0.81,0.87,0.0,0.0,9152.29,6420.22,1.0
p[5996],0.88,0.01,0.87,0.9,0.0,0.0,8729.31,6423.23,1.0
p[5997],0.88,0.01,0.87,0.9,0.0,0.0,8730.35,6421.84,1.0
p[5998],0.85,0.01,0.84,0.87,0.0,0.0,8302.13,6592.19,1.0
p[5999],0.92,0.01,0.89,0.94,0.0,0.0,11690.99,6484.39,1.0
p[6000],0.88,0.01,0.87,0.9,0.0,0.0,8731.23,6343.64,1.0
p[6001],0.85,0.01,0.84,0.87,0.0,0.0,8300.92,6535.09,1.0
p[6002],0.88,0.01,0.87,0.89,0.0,0.0,8732.62,6344.53,1.0
p[6003],0.88,0.01,0.87,0.89,0.0,0.0,8732.62,6344.53,1.0
p[6004],0.89,0.01,0.87,0.91,0.0,0.0,9224.04,6677.46,1.0
p[6005],0.84,0.02,0.8,0.88,0.0,0.0,11471.07,6598.57,1.0
p[6006],0.88,0.01,0.87,0.9,0.0,0.0,8731.18,6395.18,1.0
p[6007],0.86,0.01,0.84,0.87,0.0,0.0,8293.64,6673.95,1.0
p[6008],0.88,0.01,0.87,0.9,0.0,0.0,8730.64,6562.4,1.0
p[6009],0.86,0.02,0.84,0.89,0.0,0.0,9740.2,6822.77,1.0
p[6010],0.84,0.03,0.79,0.89,0.0,0.0,11329.8,6845.99,1.0
p[6011],0.89,0.01,0.87,0.92,0.0,0.0,9228.94,6648.26,1.0
p[6012],0.74,0.02,0.7,0.78,0.0,0.0,9381.6,6848.43,1.0
p[6013],0.92,0.01,0.9,0.93,0.0,0.0,9878.47,6022.3,1.0
p[6014],0.92,0.01,0.9,0.93,0.0,0.0,9877.45,6022.3,1.0
p[6015],0.88,0.01,0.87,0.9,0.0,0.0,8730.56,6545.0,1.0
p[6016],0.87,0.02,0.82,0.91,0.0,0.0,10428.14,6540.19,1.0
p[6017],0.95,0.01,0.92,0.97,0.0,0.0,10074.52,6455.54,1.0
p[6018],0.86,0.01,0.84,0.88,0.0,0.0,8292.43,6624.18,1.0
p[6019],0.86,0.01,0.84,0.88,0.0,0.0,8292.74,6624.18,1.0
p[6020],0.88,0.01,0.87,0.9,0.0,0.0,8731.18,6516.66,1.0
p[6021],0.74,0.02,0.71,0.78,0.0,0.0,9379.87,6879.44,1.0
p[6022],0.88,0.01,0.87,0.9,0.0,0.0,8732.01,6516.53,1.0
p[6023],0.86,0.01,0.84,0.88,0.0,0.0,8292.4,6654.09,1.0
p[6024],0.84,0.02,0.82,0.87,0.0,0.0,9146.37,6589.27,1.0
p[6025],0.9,0.01,0.87,0.92,0.0,0.0,9236.07,6660.72,1.0
p[6026],0.92,0.01,0.9,0.94,0.0,0.0,11651.79,6501.74,1.0
p[6027],0.88,0.01,0.87,0.9,0.0,0.0,8730.98,6424.58,1.0
p[6028],0.86,0.01,0.84,0.88,0.0,0.0,8294.01,6683.26,1.0
p[6029],0.85,0.02,0.82,0.87,0.0,0.0,9144.19,6618.11,1.0
p[6030],0.85,0.02,0.82,0.88,0.0,0.0,9966.71,6662.55,1.0
p[6031],0.86,0.01,0.84,0.88,0.0,0.0,8293.07,6773.56,1.0
p[6032],0.89,0.01,0.87,0.9,0.0,0.0,8733.11,6433.48,1.0
p[6033],0.89,0.01,0.87,0.9,0.0,0.0,8732.95,6406.32,1.0
p[6034],0.86,0.01,0.84,0.88,0.0,0.0,8294.04,6773.35,1.0
p[6035],0.85,0.02,0.81,0.88,0.0,0.0,11406.1,6597.68,1.0
p[6036],0.87,0.01,0.84,0.9,0.0,0.0,9731.82,6745.89,1.0
p[6037],0.94,0.01,0.92,0.95,0.0,0.0,9121.46,6683.27,1.0
p[6038],0.92,0.01,0.9,0.94,0.0,0.0,9852.71,6094.34,1.0
p[6039],0.89,0.01,0.87,0.9,0.0,0.0,8730.86,6405.8,1.0
p[6040],0.84,0.03,0.79,0.89,0.0,0.0,11270.82,6877.95,1.0
p[6041],0.9,0.01,0.88,0.92,0.0,0.0,9231.74,6796.85,1.0
p[6042],0.75,0.02,0.71,0.78,0.0,0.0,9384.4,6879.25,1.0
p[6043],0.89,0.01,0.87,0.9,0.0,0.0,8732.14,6367.28,1.0
p[6044],0.89,0.01,0.87,0.9,0.0,0.0,8732.86,6460.63,1.0
p[6045],0.89,0.01,0.87,0.9,0.0,0.0,8733.29,6488.41,1.0
p[6046],0.86,0.01,0.84,0.88,0.0,0.0,8297.03,6678.45,1.0
p[6047],0.86,0.01,0.84,0.88,0.0,0.0,8297.03,6678.45,1.0
p[6048],0.94,0.01,0.93,0.95,0.0,0.0,9123.21,6806.31,1.0
p[6049],0.87,0.02,0.83,0.91,0.0,0.0,10415.04,6506.59,1.0
p[6050],0.9,0.01,0.88,0.92,0.0,0.0,9238.05,6767.29,1.0
p[6051],0.86,0.01,0.84,0.88,0.0,0.0,8298.47,6707.89,1.0
p[6052],0.89,0.01,0.87,0.9,0.0,0.0,8736.33,6543.93,1.0
p[6053],0.75,0.02,0.71,0.78,0.0,0.0,9380.53,6910.96,1.0
p[6054],0.89,0.01,0.88,0.9,0.0,0.0,8739.59,6601.06,1.0
p[6055],0.89,0.01,0.88,0.9,0.0,0.0,8740.18,6658.76,1.0
p[6056],0.89,0.01,0.88,0.9,0.0,0.0,8740.18,6658.76,1.0
p[6057],0.86,0.01,0.85,0.88,0.0,0.0,8300.14,6707.19,1.0
p[6058],0.94,0.01,0.93,0.95,0.0,0.0,9122.44,6809.04,1.0
p[6059],0.86,0.01,0.85,0.88,0.0,0.0,8300.14,6677.51,1.0
p[6060],0.89,0.01,0.88,0.9,0.0,0.0,8741.86,6687.18,1.0
p[6061],0.92,0.01,0.89,0.94,0.0,0.0,11565.76,6765.36,1.0
p[6062],0.85,0.02,0.81,0.89,0.0,0.0,11355.56,6409.89,1.0
p[6063],0.87,0.01,0.85,0.88,0.0,0.0,8303.41,6713.48,1.0
p[6064],0.89,0.01,0.88,0.9,0.0,0.0,8742.79,6563.79,1.0
p[6065],0.89,0.01,0.88,0.9,0.0,0.0,8742.79,6563.79,1.0
p[6066],0.87,0.01,0.85,0.9,0.0,0.0,9715.81,6892.28,1.0
p[6067],0.86,0.02,0.83,0.89,0.0,0.0,9957.8,6720.95,1.0
p[6068],0.89,0.01,0.88,0.9,0.0,0.0,8744.37,6745.89,1.0
p[6069],0.92,0.01,0.9,0.94,0.0,0.0,11584.27,6351.29,1.0
p[6070],0.95,0.01,0.93,0.97,0.0,0.0,10034.08,6609.72,1.0
p[6071],0.89,0.01,0.88,0.9,0.0,0.0,8743.14,6775.75,1.0
p[6072],0.75,0.02,0.72,0.79,0.0,0.0,9381.39,6818.28,1.0
p[6073],0.85,0.03,0.8,0.89,0.0,0.0,11209.49,6724.1,1.0
p[6074],0.87,0.01,0.85,0.88,0.0,0.0,8305.85,6743.8,1.0
p[6075],0.9,0.01,0.88,0.92,0.0,0.0,9249.9,6841.48,1.0
p[6076],0.88,0.02,0.83,0.91,0.0,0.0,10402.5,6512.19,1.0
p[6077],0.87,0.01,0.85,0.88,0.0,0.0,8309.23,6684.13,1.0
p[6078],0.89,0.01,0.88,0.91,0.0,0.0,8736.0,6860.71,1.0
p[6079],0.89,0.01,0.88,0.91,0.0,0.0,8736.94,6832.85,1.0
p[6080],0.89,0.01,0.88,0.91,0.0,0.0,8736.93,6832.85,1.0
p[6081],0.76,0.02,0.72,0.79,0.0,0.0,9382.35,6817.97,1.0
p[6082],0.87,0.01,0.85,0.88,0.0,0.0,8309.5,6655.51,1.0
p[6083],0.94,0.01,0.93,0.95,0.0,0.0,9125.3,6946.15,1.0
p[6084],0.89,0.01,0.88,0.91,0.0,0.0,8737.68,6802.23,1.0
p[6085],0.89,0.01,0.88,0.91,0.0,0.0,8739.01,6802.03,1.0
p[6086],0.87,0.01,0.85,0.89,0.0,0.0,8314.83,6715.22,1.0
p[6087],0.92,0.01,0.91,0.94,0.0,0.0,9822.68,6254.26,1.0
p[6088],0.9,0.01,0.88,0.92,0.0,0.0,9258.63,6780.19,1.0
p[6089],0.89,0.01,0.88,0.91,0.0,0.0,8738.6,6802.41,1.0
p[6090],0.86,0.01,0.83,0.88,0.0,0.0,9147.47,6760.7,1.0
p[6091],0.87,0.01,0.85,0.89,0.0,0.0,8316.31,6715.06,1.0
p[6092],0.94,0.01,0.93,0.95,0.0,0.0,9123.5,7011.03,1.0
p[6093],0.86,0.02,0.83,0.89,0.0,0.0,9946.2,6781.24,1.0
p[6094],0.89,0.01,0.88,0.91,0.0,0.0,8737.49,6802.73,1.0
p[6095],0.86,0.02,0.82,0.89,0.0,0.0,11322.42,6474.24,1.0
p[6096],0.76,0.02,0.73,0.8,0.0,0.0,9378.08,6757.88,1.0
p[6097],0.94,0.01,0.93,0.95,0.0,0.0,9127.51,7044.99,1.0
p[6098],0.89,0.01,0.88,0.91,0.0,0.0,8747.09,6711.45,1.0
p[6099],0.85,0.02,0.81,0.9,0.0,0.0,11139.2,6621.78,1.0
p[6100],0.87,0.01,0.85,0.89,0.0,0.0,8320.5,6804.58,1.0
p[6101],0.9,0.01,0.88,0.91,0.0,0.0,8753.43,6680.87,1.0
p[6102],0.9,0.01,0.88,0.91,0.0,0.0,8753.43,6680.87,1.0
p[6103],0.88,0.01,0.85,0.91,0.0,0.0,9699.31,6971.86,1.0
p[6104],0.9,0.01,0.88,0.91,0.0,0.0,8754.25,6680.87,1.0
p[6105],0.9,0.01,0.88,0.91,0.0,0.0,8754.75,6711.6,1.0
p[6106],0.88,0.02,0.84,0.92,0.0,0.0,10392.46,6519.2,1.0
p[6107],0.94,0.01,0.93,0.95,0.0,0.0,9132.77,7078.59,1.0
p[6108],0.9,0.01,0.88,0.91,0.0,0.0,8755.46,6742.24,1.0
p[6109],0.93,0.01,0.91,0.95,0.0,0.0,11528.51,6352.66,1.0
p[6110],0.91,0.01,0.89,0.93,0.0,0.0,9286.95,6819.12,1.0
p[6111],0.76,0.02,0.73,0.8,0.0,0.0,9365.24,6788.1,1.0
p[6112],0.9,0.01,0.88,0.91,0.0,0.0,8758.64,6818.92,1.0
p[6113],0.94,0.01,0.93,0.95,0.0,0.0,9133.55,7078.59,1.0
p[6114],0.9,0.01,0.88,0.91,0.0,0.0,8759.35,6818.92,1.0
p[6115],0.93,0.01,0.91,0.94,0.0,0.0,9792.09,6386.0,1.0
p[6116],0.91,0.01,0.89,0.93,0.0,0.0,9293.67,6818.95,1.0
p[6117],0.87,0.01,0.86,0.89,0.0,0.0,8325.54,6715.09,1.0
p[6118],0.88,0.01,0.86,0.91,0.0,0.0,9699.5,6944.24,1.0
p[6119],0.93,0.01,0.91,0.95,0.0,0.0,11507.11,6368.46,1.0
p[6120],0.9,0.01,0.88,0.91,0.0,0.0,8766.47,6804.4,1.0
p[6121],0.94,0.01,0.93,0.95,0.0,0.0,9137.81,7078.11,1.0
p[6122],0.91,0.01,0.89,0.93,0.0,0.0,9303.92,6880.1,1.0
p[6123],0.9,0.01,0.89,0.91,0.0,0.0,8768.96,6789.2,1.0
p[6124],0.92,0.01,0.9,0.94,0.0,0.0,11495.71,6824.57,1.0
p[6125],0.94,0.01,0.93,0.95,0.0,0.0,9140.87,7078.54,1.0
p[6126],0.9,0.01,0.89,0.91,0.0,0.0,8773.05,6835.72,1.0
p[6127],0.94,0.01,0.93,0.95,0.0,0.0,9142.01,7112.58,1.0
p[6128],0.93,0.01,0.91,0.94,0.0,0.0,9788.51,6522.67,1.0
p[6129],0.86,0.02,0.83,0.9,0.0,0.0,11289.93,6471.28,1.0
p[6130],0.89,0.02,0.85,0.92,0.0,0.0,10384.04,6465.8,1.0
p[6131],0.86,0.02,0.82,0.9,0.0,0.0,11072.78,6508.4,1.0
p[6132],0.88,0.01,0.86,0.89,0.0,0.0,8337.46,6774.22,1.0
p[6133],0.9,0.01,0.89,0.91,0.0,0.0,8780.6,6805.08,1.0
p[6134],0.9,0.01,0.89,0.91,0.0,0.0,8781.01,6805.08,1.0
p[6135],0.88,0.01,0.86,0.89,0.0,0.0,8337.99,6804.46,1.0
p[6136],0.9,0.01,0.89,0.91,0.0,0.0,8785.01,6835.18,1.0
p[6137],0.77,0.02,0.74,0.81,0.0,0.0,9380.15,6880.04,1.0
p[6138],0.93,0.01,0.91,0.95,0.0,0.0,11479.77,6343.22,1.0
p[6139],0.87,0.02,0.84,0.9,0.0,0.0,9936.2,6692.56,1.0
p[6140],0.91,0.01,0.89,0.93,0.0,0.0,9319.33,6819.96,1.0
p[6141],0.88,0.01,0.86,0.89,0.0,0.0,8344.2,6834.21,1.0
p[6142],0.9,0.01,0.89,0.91,0.0,0.0,8788.63,6819.93,1.0
p[6143],0.91,0.01,0.89,0.93,0.0,0.0,9324.18,6851.09,1.0
p[6144],0.88,0.01,0.86,0.89,0.0,0.0,8348.38,6958.95,1.0
p[6145],0.9,0.01,0.89,0.91,0.0,0.0,8790.77,6759.79,1.0
p[6146],0.92,0.01,0.9,0.94,0.0,0.0,11469.68,6834.86,1.0
p[6147],0.86,0.02,0.82,0.91,0.0,0.0,11038.17,6519.78,1.0
p[6148],0.95,0.01,0.93,0.96,0.0,0.0,9150.78,6980.52,1.0
p[6149],0.9,0.01,0.89,0.91,0.0,0.0,8800.39,6851.91,1.0
p[6150],0.95,0.01,0.93,0.96,0.0,0.0,9152.82,6948.53,1.0
p[6151],0.87,0.02,0.83,0.9,0.0,0.0,11272.56,6346.77,1.0
p[6152],0.88,0.01,0.86,0.9,0.0,0.0,8356.23,6895.39,1.0
p[6153],0.9,0.01,0.89,0.92,0.0,0.0,8808.1,6882.38,1.0
p[6154],0.88,0.01,0.86,0.9,0.0,0.0,8359.59,6895.39,1.0
p[6155],0.91,0.01,0.89,0.93,0.0,0.0,9334.01,6818.98,1.0
p[6156],0.93,0.01,0.91,0.94,0.0,0.0,11453.91,6789.31,1.0
p[6157],0.9,0.01,0.89,0.92,0.0,0.0,8812.39,6851.12,1.0
p[6158],0.9,0.01,0.89,0.92,0.0,0.0,8813.42,6851.12,1.0
p[6159],0.95,0.01,0.94,0.96,0.0,0.0,9155.64,7017.44,1.0
p[6160],0.9,0.01,0.89,0.92,0.0,0.0,8815.27,6851.12,1.0
p[6161],0.93,0.01,0.91,0.95,0.0,0.0,11449.35,6790.38,1.0
p[6162],0.89,0.02,0.85,0.93,0.0,0.0,10361.55,6521.26,1.0
p[6163],0.95,0.01,0.94,0.96,0.0,0.0,9156.29,7083.94,1.0
p[6164],0.9,0.01,0.89,0.92,0.0,0.0,8819.79,6882.35,1.0
p[6165],0.88,0.01,0.86,0.9,0.0,0.0,8369.73,6991.02,1.0
p[6166],0.9,0.01,0.89,0.92,0.0,0.0,8825.06,6913.96,1.0
p[6167],0.88,0.01,0.87,0.9,0.0,0.0,8370.25,6927.17,1.0
p[6168],0.9,0.01,0.89,0.92,0.0,0.0,8825.2,6977.62,1.0
p[6169],0.87,0.02,0.84,0.9,0.0,0.0,11251.65,6445.16,1.0
p[6170],0.93,0.01,0.92,0.95,0.0,0.0,9758.73,6647.82,1.0
p[6171],0.88,0.01,0.87,0.9,0.0,0.0,8381.18,6991.74,1.0
p[6172],0.95,0.01,0.94,0.96,0.0,0.0,9160.85,7147.32,1.0
p[6173],0.91,0.01,0.89,0.92,0.0,0.0,8832.88,6901.78,1.0
p[6174],0.88,0.01,0.87,0.9,0.0,0.0,8383.61,6991.74,1.0
p[6175],0.95,0.01,0.94,0.96,0.0,0.0,9161.23,7147.32,1.0
p[6176],0.78,0.02,0.75,0.82,0.0,0.0,9412.38,6910.84,1.0
p[6177],0.91,0.01,0.89,0.92,0.0,0.0,8834.93,6903.27,1.0
p[6178],0.91,0.01,0.89,0.92,0.0,0.0,8835.9,6903.27,1.0
p[6179],0.91,0.01,0.89,0.92,0.0,0.0,8835.44,6903.27,1.0
p[6180],0.88,0.02,0.85,0.91,0.0,0.0,9928.21,6722.4,1.0
p[6181],0.91,0.01,0.89,0.92,0.0,0.0,8835.43,7163.53,1.0
p[6182],0.92,0.01,0.9,0.93,0.0,0.0,9375.87,6729.22,1.0
p[6183],0.91,0.01,0.89,0.92,0.0,0.0,8838.16,7091.88,1.0
p[6184],0.96,0.01,0.94,0.97,0.0,0.0,9959.46,6437.84,1.0
p[6185],0.91,0.01,0.89,0.92,0.0,0.0,8841.8,7125.12,1.0
p[6186],0.89,0.01,0.87,0.9,0.0,0.0,8394.02,7125.31,1.0
p[6187],0.91,0.01,0.89,0.92,0.0,0.0,8844.19,7158.46,1.0
p[6188],0.95,0.01,0.94,0.96,0.0,0.0,9172.15,7047.34,1.0
p[6189],0.89,0.01,0.87,0.9,0.0,0.0,8398.35,7158.87,1.0
p[6190],0.93,0.01,0.91,0.95,0.0,0.0,11412.52,6837.18,1.0
p[6191],0.87,0.02,0.84,0.91,0.0,0.0,11226.36,6615.55,1.0
p[6192],0.89,0.01,0.87,0.9,0.0,0.0,8405.67,7184.16,1.0
p[6193],0.78,0.01,0.75,0.81,0.0,0.0,8535.01,6710.03,1.0
p[6194],0.57,0.03,0.52,0.62,0.0,0.0,8612.17,6251.02,1.0
p[6195],0.83,0.02,0.78,0.87,0.0,0.0,11355.87,6269.3,1.0
p[6196],0.74,0.02,0.7,0.77,0.0,0.0,8858.21,6282.88,1.0
p[6197],0.78,0.01,0.75,0.81,0.0,0.0,8524.59,6680.39,1.0
p[6198],0.78,0.01,0.75,0.81,0.0,0.0,8522.45,6699.38,1.0
p[6199],0.78,0.01,0.75,0.81,0.0,0.0,8522.4,6699.38,1.0
p[6200],0.78,0.01,0.75,0.81,0.0,0.0,8520.67,6709.83,1.0
p[6201],0.78,0.01,0.75,0.81,0.0,0.0,8519.79,6709.85,1.0
p[6202],0.78,0.01,0.76,0.81,0.0,0.0,8513.5,6709.32,1.0
p[6203],0.74,0.02,0.71,0.77,0.0,0.0,8842.47,6301.85,1.0
p[6204],0.78,0.01,0.76,0.81,0.0,0.0,8512.32,6768.79,1.0
p[6205],0.74,0.02,0.71,0.77,0.0,0.0,8839.81,6301.85,1.0
p[6206],0.72,0.03,0.65,0.78,0.0,0.0,11733.86,6481.71,1.0
p[6207],0.83,0.02,0.79,0.87,0.0,0.0,11369.99,6377.14,1.0
p[6208],0.74,0.02,0.71,0.77,0.0,0.0,8832.06,6329.54,1.0
p[6209],0.8,0.02,0.76,0.84,0.0,0.0,9862.69,6754.75,1.0
p[6210],0.87,0.01,0.85,0.9,0.0,0.0,8971.21,6682.41,1.0
p[6211],0.79,0.01,0.76,0.81,0.0,0.0,8486.41,6743.05,1.0
p[6212],0.79,0.01,0.76,0.81,0.0,0.0,8483.2,6713.17,1.0
p[6213],0.87,0.01,0.85,0.9,0.0,0.0,8970.43,6712.56,1.0
p[6214],0.79,0.01,0.76,0.81,0.0,0.0,8483.2,6713.17,1.0
p[6215],0.76,0.02,0.71,0.81,0.0,0.0,9884.7,6866.02,1.0
p[6216],0.88,0.01,0.85,0.9,0.0,0.0,8964.53,6802.33,1.0
p[6217],0.75,0.02,0.72,0.78,0.0,0.0,8798.68,6358.14,1.0
p[6218],0.79,0.01,0.76,0.81,0.0,0.0,8472.19,6568.5,1.0
p[6219],0.84,0.02,0.81,0.87,0.0,0.0,9601.36,6946.62,1.0
p[6220],0.81,0.02,0.77,0.85,0.0,0.0,9864.8,6643.75,1.0
p[6221],0.75,0.02,0.72,0.78,0.0,0.0,8788.51,6163.04,1.0
p[6222],0.79,0.01,0.77,0.82,0.0,0.0,8460.46,6538.58,1.0
p[6223],0.81,0.02,0.77,0.85,0.0,0.0,9865.47,6707.52,1.0
p[6224],0.75,0.02,0.73,0.78,0.0,0.0,8765.66,6515.57,1.0
p[6225],0.8,0.01,0.77,0.82,0.0,0.0,8433.26,6482.43,1.0
p[6226],0.76,0.02,0.73,0.79,0.0,0.0,8753.47,6486.13,1.0
p[6227],0.74,0.03,0.68,0.8,0.0,0.0,11791.89,6222.97,1.0
p[6228],0.8,0.01,0.77,0.82,0.0,0.0,8422.21,6382.67,1.0
p[6229],0.82,0.02,0.78,0.85,0.0,0.0,9864.94,6620.14,1.0
p[6230],0.76,0.01,0.73,0.79,0.0,0.0,8736.03,6419.61,1.0
p[6231],0.74,0.03,0.68,0.8,0.0,0.0,11804.63,6401.04,1.0
p[6232],0.8,0.01,0.78,0.83,0.0,0.0,8399.47,6355.08,1.0
p[6233],0.77,0.01,0.74,0.79,0.0,0.0,8722.65,6393.95,1.0
p[6234],0.82,0.02,0.79,0.86,0.0,0.0,9864.56,6718.74,1.0
p[6235],0.77,0.01,0.74,0.8,0.0,0.0,8705.87,6353.03,1.0
p[6236],0.75,0.03,0.69,0.81,0.0,0.0,11827.28,6478.7,1.0
p[6237],0.86,0.02,0.83,0.89,0.0,0.0,11206.79,6704.42,1.0
p[6238],0.77,0.01,0.75,0.8,0.0,0.0,8691.73,6432.99,1.0
p[6239],0.86,0.01,0.83,0.89,0.0,0.0,9627.65,6822.89,1.0
p[6240],0.76,0.03,0.7,0.81,0.0,0.0,11847.77,6337.6,1.0
p[6241],0.78,0.01,0.75,0.8,0.0,0.0,8670.46,6375.29,1.0
p[6242],0.79,0.02,0.75,0.83,0.0,0.0,9929.95,6831.23,1.0
p[6243],0.83,0.02,0.8,0.86,0.0,0.0,9868.66,6795.02,1.0
p[6244],0.82,0.01,0.79,0.84,0.0,0.0,8365.18,6137.77,1.0
p[6245],0.82,0.01,0.79,0.84,0.0,0.0,8365.38,6162.57,1.0
p[6246],0.78,0.01,0.75,0.8,0.0,0.0,8664.3,6414.57,1.0
p[6247],0.79,0.03,0.73,0.86,0.0,0.0,10289.49,6429.22,1.0
p[6248],0.78,0.01,0.75,0.81,0.0,0.0,8662.7,6441.84,1.0
p[6249],0.82,0.01,0.8,0.84,0.0,0.0,8363.43,6162.15,1.0
p[6250],0.82,0.01,0.8,0.84,0.0,0.0,8363.36,6187.23,1.0
p[6251],0.83,0.02,0.8,0.87,0.0,0.0,9874.47,6786.02,1.0
p[6252],0.78,0.01,0.76,0.81,0.0,0.0,8656.09,6397.71,1.0
p[6253],0.79,0.02,0.75,0.83,0.0,0.0,9934.07,6803.58,1.0
p[6254],0.91,0.02,0.88,0.95,0.0,0.0,10633.23,5447.99,1.0
p[6255],0.76,0.03,0.71,0.82,0.0,0.0,11869.04,6311.05,1.0
p[6256],0.87,0.01,0.84,0.89,0.0,0.0,9646.69,6703.15,1.0
p[6257],0.82,0.01,0.8,0.84,0.0,0.0,8362.59,6200.79,1.0
p[6258],0.84,0.02,0.81,0.87,0.0,0.0,9877.37,6817.78,1.0
p[6259],0.8,0.03,0.74,0.86,0.0,0.0,10291.56,6347.44,1.0
p[6260],0.79,0.01,0.76,0.81,0.0,0.0,8653.93,6393.81,1.0
p[6261],0.79,0.01,0.76,0.81,0.0,0.0,8652.81,6394.21,1.0
p[6262],0.64,0.02,0.59,0.68,0.0,0.0,8803.16,6937.05,1.0
p[6263],0.82,0.01,0.8,0.84,0.0,0.0,8362.63,6187.9,1.0
p[6264],0.84,0.02,0.81,0.87,0.0,0.0,9880.41,6775.19,1.0
p[6265],0.82,0.01,0.8,0.84,0.0,0.0,8361.18,6188.12,1.0
p[6266],0.82,0.01,0.8,0.84,0.0,0.0,8362.29,6187.85,1.0
p[6267],0.87,0.01,0.85,0.9,0.0,0.0,9666.63,6585.94,1.0
p[6268],0.78,0.02,0.73,0.82,0.0,0.0,10057.24,6785.31,1.0
p[6269],0.79,0.01,0.77,0.81,0.0,0.0,8652.18,6266.96,1.0
p[6270],0.79,0.01,0.77,0.81,0.0,0.0,8652.06,6211.05,1.0
p[6271],0.87,0.01,0.85,0.9,0.0,0.0,9669.69,6586.06,1.0
p[6272],0.87,0.01,0.85,0.9,0.0,0.0,9669.69,6586.06,1.0
p[6273],0.83,0.01,0.81,0.85,0.0,0.0,8362.51,6137.6,1.0
p[6274],0.8,0.02,0.76,0.84,0.0,0.0,9948.87,6904.2,1.0
p[6275],0.77,0.03,0.72,0.82,0.0,0.0,11887.33,6199.03,1.0
p[6276],0.83,0.01,0.81,0.85,0.0,0.0,8365.22,6137.13,1.0
p[6277],0.64,0.02,0.6,0.68,0.0,0.0,8811.61,6827.57,1.0
p[6278],0.83,0.01,0.81,0.85,0.0,0.0,8367.6,6188.09,1.0
p[6279],0.84,0.02,0.81,0.87,0.0,0.0,9887.62,6799.41,1.0
p[6280],0.81,0.03,0.75,0.86,0.0,0.0,10292.36,6456.08,1.0
p[6281],0.77,0.02,0.74,0.81,0.0,0.0,8770.83,6984.26,1.0
p[6282],0.79,0.01,0.77,0.82,0.0,0.0,8654.46,6268.56,1.0
p[6283],0.84,0.02,0.81,0.87,0.0,0.0,9889.04,6799.41,1.0
p[6284],0.83,0.01,0.81,0.85,0.0,0.0,8370.8,6138.37,1.0
p[6285],0.83,0.01,0.81,0.85,0.0,0.0,8370.41,6138.37,1.0
p[6286],0.65,0.02,0.6,0.69,0.0,0.0,8820.65,6735.14,1.0
p[6287],0.83,0.01,0.81,0.85,0.0,0.0,8371.69,6138.63,1.0
p[6288],0.83,0.01,0.81,0.85,0.0,0.0,8371.83,6101.88,1.0
p[6289],0.79,0.02,0.74,0.83,0.0,0.0,10073.79,6437.14,1.0
p[6290],0.83,0.01,0.81,0.85,0.0,0.0,8372.82,6113.91,1.0
p[6291],0.92,0.02,0.89,0.95,0.0,0.0,10616.57,5553.48,1.0
p[6292],0.85,0.03,0.79,0.9,0.0,0.0,10729.54,5764.13,1.0
p[6293],0.83,0.01,0.81,0.85,0.0,0.0,8375.57,6138.64,1.0
p[6294],0.81,0.02,0.77,0.85,0.0,0.0,9960.02,6906.76,1.0
p[6295],0.83,0.01,0.81,0.85,0.0,0.0,8377.27,6150.5,1.0
p[6296],0.83,0.01,0.81,0.85,0.0,0.0,8377.27,6150.5,1.0
p[6297],0.88,0.02,0.85,0.91,0.0,0.0,11244.68,6760.4,1.0
p[6298],0.77,0.03,0.71,0.83,0.0,0.0,11794.93,6693.24,1.0
p[6299],0.65,0.02,0.61,0.69,0.0,0.0,8839.54,6617.79,1.0
p[6300],0.85,0.02,0.82,0.88,0.0,0.0,9902.45,6707.84,1.0
p[6301],0.81,0.02,0.77,0.85,0.0,0.0,9965.07,6933.39,1.0
p[6302],0.8,0.01,0.78,0.82,0.0,0.0,8655.23,6294.34,1.0
p[6303],0.85,0.02,0.82,0.88,0.0,0.0,9904.07,6677.68,1.0
p[6304],0.81,0.03,0.75,0.87,0.0,0.0,10299.14,6508.3,1.0
p[6305],0.65,0.02,0.61,0.69,0.0,0.0,8847.04,6646.28,1.0
p[6306],0.83,0.01,0.82,0.85,0.0,0.0,8386.62,6212.65,1.0
p[6307],0.91,0.01,0.89,0.92,0.0,0.0,8979.66,6745.51,1.0
p[6308],0.83,0.01,0.82,0.85,0.0,0.0,8386.62,6212.65,1.0
p[6309],0.75,0.03,0.7,0.8,0.0,0.0,10268.39,6928.9,1.0
p[6310],0.84,0.01,0.82,0.85,0.0,0.0,8388.89,6212.73,1.0
p[6311],0.84,0.01,0.82,0.85,0.0,0.0,8391.59,6112.66,1.0
p[6312],0.78,0.02,0.75,0.82,0.0,0.0,8774.01,6706.7,1.0
p[6313],0.91,0.01,0.89,0.92,0.0,0.0,8983.83,6656.05,1.0
p[6314],0.84,0.01,0.82,0.85,0.0,0.0,8394.47,6225.24,1.0
p[6315],0.88,0.02,0.85,0.91,0.0,0.0,11248.23,6729.92,1.0
p[6316],0.84,0.01,0.82,0.85,0.0,0.0,8395.73,6263.64,1.0
p[6317],0.79,0.02,0.75,0.83,0.0,0.0,10093.39,6302.25,1.0
p[6318],0.8,0.01,0.78,0.83,0.0,0.0,8656.73,6389.43,1.0
p[6319],0.92,0.02,0.89,0.95,0.0,0.0,10606.51,5811.94,1.0
p[6320],0.86,0.03,0.8,0.91,0.0,0.0,10714.13,5715.22,1.0
p[6321],0.88,0.01,0.86,0.9,0.0,0.0,9699.98,6698.92,1.0
p[6322],0.81,0.02,0.78,0.85,0.0,0.0,9975.18,6902.27,1.0
p[6323],0.84,0.01,0.82,0.85,0.0,0.0,8399.8,6276.91,1.0
p[6324],0.78,0.03,0.72,0.84,0.0,0.0,11815.01,6753.03,1.0
p[6325],0.84,0.01,0.82,0.86,0.0,0.0,8401.2,6277.24,1.0
p[6326],0.85,0.02,0.82,0.88,0.0,0.0,9916.47,6567.89,1.0
p[6327],0.84,0.01,0.82,0.86,0.0,0.0,8401.63,6226.18,1.0
p[6328],0.66,0.02,0.62,0.7,0.0,0.0,8859.52,6588.06,1.0
p[6329],0.82,0.03,0.76,0.87,0.0,0.0,10304.7,6498.77,1.0
p[6330],0.79,0.02,0.75,0.82,0.0,0.0,8780.29,6591.24,1.0
p[6331],0.84,0.01,0.82,0.86,0.0,0.0,8408.57,6276.22,1.0
p[6332],0.85,0.02,0.82,0.88,0.0,0.0,9919.28,6514.67,1.0
p[6333],0.84,0.01,0.82,0.86,0.0,0.0,8413.13,6250.42,1.0
p[6334],0.84,0.01,0.82,0.86,0.0,0.0,8413.88,6250.42,1.0
p[6335],0.91,0.01,0.89,0.93,0.0,0.0,8998.15,6559.41,1.0
p[6336],0.84,0.01,0.82,0.86,0.0,0.0,8416.2,6224.84,1.0
p[6337],0.84,0.01,0.82,0.86,0.0,0.0,8417.02,6199.76,1.0
p[6338],0.84,0.01,0.82,0.86,0.0,0.0,8418.72,6225.3,1.0
p[6339],0.66,0.02,0.62,0.7,0.0,0.0,8872.35,6353.97,1.0
p[6340],0.84,0.01,0.82,0.86,0.0,0.0,8420.49,6199.62,1.0
p[6341],0.84,0.01,0.82,0.86,0.0,0.0,8420.49,6199.62,1.0
p[6342],0.86,0.02,0.83,0.88,0.0,0.0,9922.2,6490.24,1.0
p[6343],0.89,0.01,0.86,0.91,0.0,0.0,11255.74,6788.53,1.0
p[6344],0.81,0.01,0.79,0.83,0.0,0.0,8663.37,6512.79,1.0
p[6345],0.84,0.01,0.82,0.86,0.0,0.0,8424.9,6248.54,1.0
p[6346],0.88,0.01,0.86,0.91,0.0,0.0,9727.34,6583.37,1.0
p[6347],0.86,0.03,0.81,0.91,0.0,0.0,10698.88,5746.42,1.0
p[6348],0.82,0.02,0.78,0.86,0.0,0.0,10002.12,6846.23,1.0
p[6349],0.84,0.01,0.83,0.86,0.0,0.0,8430.36,6222.97,1.0
p[6350],0.92,0.02,0.89,0.95,0.0,0.0,11318.98,6083.18,1.0
p[6351],0.78,0.03,0.72,0.85,0.0,0.0,11748.31,6783.06,1.0
p[6352],0.84,0.01,0.83,0.86,0.0,0.0,8433.66,6222.97,1.0
p[6353],0.84,0.01,0.83,0.86,0.0,0.0,8436.69,6222.67,1.0
p[6354],0.67,0.02,0.63,0.71,0.0,0.0,8882.45,6201.63,1.0
p[6355],0.86,0.02,0.83,0.89,0.0,0.0,9929.36,6514.45,1.0
p[6356],0.82,0.03,0.77,0.88,0.0,0.0,10303.99,6476.49,1.0
p[6357],0.81,0.01,0.79,0.83,0.0,0.0,8672.63,6498.53,1.0
p[6358],0.84,0.01,0.83,0.86,0.0,0.0,8447.79,6147.04,1.0
p[6359],0.79,0.02,0.76,0.83,0.0,0.0,8794.61,6612.19,1.0
p[6360],0.93,0.02,0.9,0.95,0.0,0.0,10593.26,5911.29,1.0
p[6361],0.88,0.02,0.85,0.91,0.0,0.0,11604.3,6864.43,1.0
p[6362],0.82,0.02,0.79,0.86,0.0,0.0,10011.23,6940.5,1.0
p[6363],0.86,0.02,0.83,0.89,0.0,0.0,9931.67,6572.58,1.0
p[6364],0.91,0.01,0.9,0.93,0.0,0.0,9018.65,6734.94,1.0
p[6365],0.67,0.02,0.63,0.71,0.0,0.0,8888.48,6382.8,1.0
p[6366],0.85,0.01,0.83,0.86,0.0,0.0,8454.2,6149.72,1.0
p[6367],0.85,0.01,0.83,0.86,0.0,0.0,8454.2,6149.72,1.0
p[6368],0.85,0.01,0.83,0.86,0.0,0.0,8454.2,6149.72,1.0
p[6369],0.89,0.01,0.86,0.92,0.0,0.0,11261.13,6787.67,1.0
p[6370],0.91,0.01,0.9,0.93,0.0,0.0,9022.22,6795.56,1.0
p[6371],0.85,0.01,0.83,0.86,0.0,0.0,8460.99,6149.24,1.0
p[6372],0.85,0.01,0.83,0.86,0.0,0.0,8460.99,6149.24,1.0
p[6373],0.91,0.01,0.9,0.93,0.0,0.0,9023.22,6795.56,1.0
p[6374],0.85,0.01,0.83,0.86,0.0,0.0,8466.33,6149.24,1.0
p[6375],0.81,0.02,0.77,0.84,0.0,0.0,10122.09,6370.62,1.0
p[6376],0.85,0.01,0.83,0.86,0.0,0.0,8469.05,6173.92,1.0
p[6377],0.81,0.01,0.79,0.84,0.0,0.0,8683.34,6231.76,1.0
p[6378],0.85,0.01,0.83,0.86,0.0,0.0,8473.09,6173.61,1.0
p[6379],0.86,0.03,0.81,0.91,0.0,0.0,10682.41,5833.81,1.0
p[6380],0.82,0.02,0.79,0.86,0.0,0.0,10021.78,6972.68,1.0
p[6381],0.89,0.01,0.86,0.91,0.0,0.0,9744.78,6468.47,1.0
p[6382],0.79,0.03,0.73,0.85,0.0,0.0,11655.78,6752.71,1.0
p[6383],0.85,0.01,0.83,0.86,0.0,0.0,8480.62,6173.08,1.0
p[6384],0.85,0.01,0.83,0.87,0.0,0.0,8483.28,6173.08,1.0
p[6385],0.68,0.02,0.64,0.72,0.0,0.0,8908.06,6181.24,1.0
p[6386],0.86,0.01,0.83,0.89,0.0,0.0,9939.61,6545.12,1.0
p[6387],0.83,0.03,0.78,0.88,0.0,0.0,10303.97,6539.63,1.0
p[6388],0.85,0.01,0.83,0.87,0.0,0.0,8497.4,6172.89,1.0
p[6389],0.82,0.01,0.8,0.84,0.0,0.0,8694.19,6265.06,1.0
p[6390],0.85,0.01,0.83,0.87,0.0,0.0,8500.23,6147.83,1.0
p[6391],0.85,0.01,0.83,0.87,0.0,0.0,8507.84,6172.9,1.0
p[6392],0.85,0.01,0.83,0.87,0.0,0.0,8512.98,6173.16,1.0
p[6393],0.8,0.02,0.77,0.84,0.0,0.0,8815.2,6871.34,1.0
p[6394],0.85,0.01,0.84,0.87,0.0,0.0,8520.98,6173.3,1.0
p[6395],0.86,0.01,0.84,0.89,0.0,0.0,9946.96,6678.22,1.0
p[6396],0.68,0.02,0.64,0.72,0.0,0.0,8924.38,6084.0,1.0
p[6397],0.92,0.01,0.9,0.93,0.0,0.0,9049.56,6917.01,1.0
p[6398],0.85,0.01,0.84,0.87,0.0,0.0,8529.77,6249.72,1.0
p[6399],0.85,0.01,0.84,0.87,0.0,0.0,8531.0,6249.72,1.0
p[6400],0.82,0.01,0.8,0.84,0.0,0.0,8707.57,6442.09,1.0
p[6401],0.89,0.01,0.87,0.92,0.0,0.0,11273.0,6727.06,1.0
p[6402],0.85,0.01,0.84,0.87,0.0,0.0,8535.88,6275.44,1.0
p[6403],0.85,0.01,0.84,0.87,0.0,0.0,8535.88,6275.44,1.0
p[6404],0.87,0.03,0.82,0.92,0.0,0.0,10667.25,5834.01,1.0
p[6405],0.83,0.02,0.8,0.86,0.0,0.0,10040.49,6940.96,1.0
p[6406],0.85,0.01,0.84,0.87,0.0,0.0,8540.34,6198.2,1.0
p[6407],0.81,0.02,0.78,0.85,0.0,0.0,10152.0,6673.69,1.0
p[6408],0.85,0.01,0.84,0.87,0.0,0.0,8541.98,6198.24,1.0
p[6409],0.85,0.01,0.84,0.87,0.0,0.0,8546.97,6248.88,1.0
p[6410],0.8,0.03,0.74,0.86,0.0,0.0,11585.98,6663.66,1.0
p[6411],0.93,0.01,0.9,0.96,0.0,0.0,10567.68,5996.02,1.0
p[6412],0.69,0.02,0.65,0.72,0.0,0.0,8936.97,5963.28,1.0
p[6413],0.85,0.01,0.84,0.87,0.0,0.0,8558.26,6248.81,1.0
p[6414],0.87,0.01,0.84,0.89,0.0,0.0,9954.82,6679.03,1.0
p[6415],0.82,0.01,0.8,0.84,0.0,0.0,8719.45,6367.4,1.0
p[6416],0.81,0.02,0.77,0.84,0.0,0.0,8834.47,7029.48,1.0
p[6417],0.86,0.01,0.84,0.87,0.0,0.0,8575.96,6275.42,1.0
p[6418],0.86,0.01,0.84,0.87,0.0,0.0,8575.96,6275.42,1.0
p[6419],0.86,0.01,0.84,0.87,0.0,0.0,8578.88,6301.13,1.0
p[6420],0.89,0.01,0.87,0.92,0.0,0.0,9765.26,6427.17,1.0
p[6421],0.69,0.02,0.65,0.73,0.0,0.0,8945.16,5840.98,1.0
p[6422],0.84,0.03,0.78,0.89,0.0,0.0,10310.92,6594.51,1.0
p[6423],0.86,0.01,0.84,0.87,0.0,0.0,8592.37,6248.57,1.0
p[6424],0.92,0.01,0.9,0.93,0.0,0.0,9075.86,7090.54,1.0
p[6425],0.82,0.02,0.78,0.85,0.0,0.0,10168.42,6627.46,1.0
p[6426],0.86,0.01,0.84,0.87,0.0,0.0,8599.32,6248.95,1.0
p[6427],0.83,0.01,0.81,0.85,0.0,0.0,8729.96,6417.67,1.0
p[6428],0.9,0.01,0.88,0.92,0.0,0.0,9771.02,6441.08,1.0
p[6429],0.84,0.02,0.8,0.87,0.0,0.0,10058.25,7000.81,1.0
p[6430],0.8,0.03,0.75,0.86,0.0,0.0,11554.26,6634.77,1.0
p[6431],0.87,0.03,0.83,0.92,0.0,0.0,10650.14,5699.0,1.0
p[6432],0.86,0.01,0.84,0.87,0.0,0.0,8619.84,6274.82,1.0
p[6433],0.86,0.01,0.84,0.87,0.0,0.0,8620.75,6327.35,1.0
p[6434],0.86,0.01,0.84,0.87,0.0,0.0,8622.79,6316.51,1.0
p[6435],0.86,0.01,0.84,0.87,0.0,0.0,8625.3,6316.51,1.0
p[6436],0.87,0.01,0.85,0.9,0.0,0.0,9965.48,6766.45,1.0
p[6437],0.92,0.01,0.91,0.93,0.0,0.0,9090.0,7025.65,1.0
p[6438],0.69,0.02,0.66,0.73,0.0,0.0,8968.01,6250.12,1.0
p[6439],0.84,0.03,0.79,0.89,0.0,0.0,10309.71,6590.9,1.0
p[6440],0.83,0.01,0.81,0.85,0.0,0.0,8743.4,6552.08,1.0
p[6441],0.86,0.01,0.84,0.88,0.0,0.0,8640.47,6369.47,1.0
p[6442],0.81,0.02,0.78,0.85,0.0,0.0,8853.96,6938.47,1.0
p[6443],0.86,0.01,0.84,0.88,0.0,0.0,8643.76,6316.33,1.0
p[6444],0.7,0.02,0.66,0.74,0.0,0.0,8979.38,6260.93,1.0
p[6445],0.87,0.01,0.85,0.9,0.0,0.0,9967.04,6707.4,1.0
p[6446],0.86,0.01,0.85,0.88,0.0,0.0,8652.78,6263.83,1.0
p[6447],0.86,0.01,0.85,0.88,0.0,0.0,8655.52,6261.83,1.0
p[6448],0.86,0.01,0.85,0.88,0.0,0.0,8662.65,6300.77,1.0
p[6449],0.86,0.01,0.85,0.88,0.0,0.0,8662.65,6300.77,1.0
p[6450],0.9,0.01,0.88,0.93,0.0,0.0,11279.24,6736.2,1.0
p[6451],0.86,0.01,0.85,0.88,0.0,0.0,8673.13,6314.13,1.0
p[6452],0.86,0.01,0.85,0.88,0.0,0.0,8673.13,6314.13,1.0
p[6453],0.86,0.01,0.85,0.88,0.0,0.0,8676.53,6314.18,1.0
p[6454],0.83,0.01,0.81,0.85,0.0,0.0,8764.87,6552.27,1.0
p[6455],0.82,0.02,0.79,0.86,0.0,0.0,10192.18,7030.21,1.0
p[6456],0.93,0.02,0.9,0.96,0.0,0.0,11279.25,6205.33,1.0
p[6457],0.84,0.02,0.81,0.87,0.0,0.0,10078.66,7098.87,1.0
p[6458],0.86,0.01,0.85,0.88,0.0,0.0,8688.21,6421.45,1.0
p[6459],0.86,0.01,0.85,0.88,0.0,0.0,8688.84,6421.45,1.0
p[6460],0.94,0.01,0.91,0.96,0.0,0.0,10551.35,6044.13,1.0
p[6461],0.86,0.01,0.85,0.88,0.0,0.0,8691.76,6421.45,1.0
p[6462],0.88,0.01,0.85,0.9,0.0,0.0,9976.41,6738.32,1.0
p[6463],0.7,0.02,0.66,0.74,0.0,0.0,9009.68,6485.29,1.0
p[6464],0.84,0.02,0.81,0.87,0.0,0.0,10087.0,6970.59,1.0
p[6465],0.86,0.01,0.85,0.88,0.0,0.0,8699.17,6462.29,1.0
p[6466],0.83,0.01,0.81,0.85,0.0,0.0,8783.21,6579.84,1.0
p[6467],0.85,0.03,0.8,0.89,0.0,0.0,10320.71,6565.0,1.0
p[6468],0.83,0.01,0.81,0.85,0.0,0.0,8783.21,6579.84,1.0
p[6469],0.82,0.02,0.79,0.85,0.0,0.0,8872.48,7041.03,1.0
p[6470],0.86,0.01,0.85,0.88,0.0,0.0,8707.44,6490.89,1.0
p[6471],0.88,0.02,0.83,0.92,0.0,0.0,10629.71,5763.06,1.0
p[6472],0.9,0.01,0.88,0.93,0.0,0.0,11280.52,6826.7,1.0
p[6473],0.87,0.01,0.85,0.88,0.0,0.0,8710.73,6490.89,1.0
p[6474],0.88,0.01,0.85,0.9,0.0,0.0,9987.88,6548.78,1.0
p[6475],0.71,0.02,0.67,0.75,0.0,0.0,9025.35,6472.4,1.0
p[6476],0.87,0.01,0.85,0.88,0.0,0.0,8713.18,6490.89,1.0
p[6477],0.87,0.01,0.85,0.88,0.0,0.0,8713.69,6490.88,1.0
p[6478],0.87,0.01,0.85,0.88,0.0,0.0,8713.69,6490.88,1.0
p[6479],0.88,0.01,0.85,0.9,0.0,0.0,9990.71,6633.91,1.0
p[6480],0.87,0.01,0.85,0.88,0.0,0.0,8716.11,6490.46,1.0
p[6481],0.92,0.01,0.91,0.94,0.0,0.0,9144.64,7271.2,1.0
p[6482],0.83,0.02,0.79,0.86,0.0,0.0,10207.72,6997.62,1.0
p[6483],0.84,0.01,0.82,0.86,0.0,0.0,8804.54,6636.53,1.0
p[6484],0.9,0.01,0.88,0.92,0.0,0.0,9822.46,6435.8,1.0
p[6485],0.85,0.02,0.81,0.88,0.0,0.0,10100.4,7202.53,1.0
p[6486],0.87,0.01,0.85,0.88,0.0,0.0,8728.02,6556.85,1.0
p[6487],0.93,0.01,0.91,0.94,0.0,0.0,9152.43,7271.2,1.0
p[6488],0.84,0.01,0.82,0.86,0.0,0.0,8812.54,6637.05,1.0
p[6489],0.87,0.01,0.85,0.88,0.0,0.0,8728.86,6575.23,1.0
p[6490],0.87,0.01,0.85,0.88,0.0,0.0,8728.86,6575.23,1.0
p[6491],0.88,0.02,0.84,0.92,0.0,0.0,10625.65,5875.76,1.0
p[6492],0.82,0.03,0.76,0.87,0.0,0.0,11491.49,6663.32,1.0
p[6493],0.87,0.01,0.85,0.88,0.0,0.0,8734.9,6630.41,1.0
p[6494],0.87,0.01,0.85,0.88,0.0,0.0,8735.39,6572.83,1.0
p[6495],0.71,0.02,0.67,0.75,0.0,0.0,9053.57,6457.25,1.0
p[6496],0.88,0.01,0.86,0.9,0.0,0.0,10002.33,6519.5,1.0
p[6497],0.87,0.01,0.85,0.88,0.0,0.0,8742.58,6601.11,1.0
p[6498],0.84,0.01,0.82,0.86,0.0,0.0,8828.69,6636.13,1.0
p[6499],0.84,0.01,0.82,0.86,0.0,0.0,8829.61,6636.13,1.0
p[6500],0.87,0.01,0.85,0.88,0.0,0.0,8749.19,6545.5,1.0
p[6501],0.9,0.01,0.89,0.92,0.0,0.0,9839.81,6553.91,1.0
p[6502],0.87,0.01,0.86,0.88,0.0,0.0,8756.87,6517.28,1.0
p[6503],0.87,0.01,0.86,0.88,0.0,0.0,8758.12,6475.84,1.0
p[6504],0.87,0.01,0.86,0.88,0.0,0.0,8759.27,6475.84,1.0
p[6505],0.83,0.02,0.8,0.86,0.0,0.0,8910.86,6412.5,1.0
p[6506],0.87,0.01,0.86,0.89,0.0,0.0,8768.24,6448.92,1.0
p[6507],0.85,0.03,0.8,0.9,0.0,0.0,10320.11,6639.69,1.0
p[6508],0.84,0.01,0.82,0.86,0.0,0.0,8854.69,6578.31,1.0
p[6509],0.93,0.01,0.91,0.94,0.0,0.0,9187.18,7201.63,1.0
p[6510],0.87,0.01,0.86,0.89,0.0,0.0,8770.46,6462.26,1.0
p[6511],0.72,0.02,0.68,0.75,0.0,0.0,9083.85,6541.1,1.0
p[6512],0.87,0.01,0.86,0.89,0.0,0.0,8775.57,6504.11,1.0
p[6513],0.89,0.02,0.84,0.93,0.0,0.0,10714.24,5968.32,1.0
p[6514],0.87,0.01,0.86,0.89,0.0,0.0,8775.57,6504.11,1.0
p[6515],0.88,0.01,0.86,0.91,0.0,0.0,10015.97,6552.99,1.0
p[6516],0.87,0.01,0.86,0.89,0.0,0.0,8775.8,6503.99,1.0
p[6517],0.88,0.01,0.86,0.91,0.0,0.0,10019.71,6552.99,1.0
p[6518],0.87,0.01,0.86,0.89,0.0,0.0,8780.72,6517.6,1.0
p[6519],0.94,0.01,0.92,0.96,0.0,0.0,10528.9,6245.56,1.0
p[6520],0.87,0.01,0.86,0.89,0.0,0.0,8783.14,6517.69,1.0
p[6521],0.85,0.02,0.82,0.88,0.0,0.0,10122.23,7135.66,1.0
p[6522],0.72,0.02,0.68,0.76,0.0,0.0,9093.56,6457.11,1.0
p[6523],0.88,0.01,0.86,0.91,0.0,0.0,10021.96,6552.99,1.0
p[6524],0.84,0.01,0.83,0.86,0.0,0.0,8878.43,6578.36,1.0
p[6525],0.91,0.01,0.89,0.93,0.0,0.0,11272.21,6827.81,1.0
p[6526],0.85,0.01,0.83,0.86,0.0,0.0,8882.03,6549.43,1.0
p[6527],0.82,0.03,0.77,0.88,0.0,0.0,11500.54,6519.7,1.0
p[6528],0.86,0.03,0.81,0.9,0.0,0.0,10323.99,6680.87,1.0
p[6529],0.91,0.01,0.89,0.93,0.0,0.0,9869.43,6527.25,1.0
p[6530],0.72,0.02,0.68,0.76,0.0,0.0,9112.94,6457.27,1.0
p[6531],0.87,0.01,0.86,0.89,0.0,0.0,8804.75,6645.11,1.0
p[6532],0.83,0.02,0.8,0.86,0.0,0.0,8941.59,6420.29,1.0
p[6533],0.87,0.01,0.86,0.89,0.0,0.0,8812.54,6618.73,1.0
p[6534],0.87,0.01,0.86,0.89,0.0,0.0,8813.59,6618.73,1.0
p[6535],0.93,0.01,0.92,0.94,0.0,0.0,9224.9,7340.91,1.0
p[6536],0.85,0.01,0.83,0.87,0.0,0.0,8908.61,6719.19,1.0
p[6537],0.87,0.01,0.86,0.89,0.0,0.0,8819.78,6648.55,1.0
p[6538],0.84,0.02,0.81,0.87,0.0,0.0,10252.9,6758.2,1.0
p[6539],0.88,0.01,0.86,0.89,0.0,0.0,8825.3,6644.34,1.0
p[6540],0.91,0.01,0.89,0.93,0.0,0.0,11270.07,6812.37,1.0
p[6541],0.93,0.01,0.92,0.94,0.0,0.0,9231.85,7292.54,1.0
p[6542],0.85,0.01,0.83,0.87,0.0,0.0,8916.83,6719.89,1.0
p[6543],0.88,0.01,0.86,0.89,0.0,0.0,8834.78,6644.92,1.0
p[6544],0.91,0.01,0.89,0.93,0.0,0.0,9882.1,6582.79,1.0
p[6545],0.88,0.01,0.86,0.89,0.0,0.0,8835.74,6687.96,1.0
p[6546],0.83,0.02,0.8,0.86,0.0,0.0,8957.49,6880.62,1.0
p[6547],0.89,0.01,0.86,0.91,0.0,0.0,10040.12,6413.19,1.0
p[6548],0.88,0.01,0.86,0.89,0.0,0.0,8842.37,6747.7,1.0
p[6549],0.88,0.01,0.86,0.89,0.0,0.0,8842.37,6747.7,1.0
p[6550],0.89,0.01,0.86,0.91,0.0,0.0,10040.74,6413.19,1.0
p[6551],0.88,0.01,0.86,0.89,0.0,0.0,8844.27,6718.02,1.0
p[6552],0.73,0.02,0.69,0.76,0.0,0.0,9142.75,6457.27,1.0
p[6553],0.83,0.03,0.78,0.88,0.0,0.0,11462.65,6491.93,1.0
p[6554],0.85,0.01,0.83,0.87,0.0,0.0,8937.46,6720.0,1.0
p[6555],0.86,0.02,0.83,0.89,0.0,0.0,10153.9,7271.25,1.0
p[6556],0.88,0.01,0.86,0.89,0.0,0.0,8849.46,6735.69,1.0
p[6557],0.89,0.02,0.85,0.93,0.0,0.0,10591.31,6037.43,1.0
p[6558],0.91,0.01,0.88,0.93,0.0,0.0,11693.11,6613.14,1.0
p[6559],0.88,0.01,0.86,0.89,0.0,0.0,8856.4,6711.2,1.0
p[6560],0.86,0.02,0.81,0.91,0.0,0.0,10321.18,6614.6,1.0
p[6561],0.85,0.01,0.83,0.87,0.0,0.0,8949.94,6720.55,1.0
p[6562],0.89,0.01,0.87,0.91,0.0,0.0,10047.85,6414.06,1.0
p[6563],0.88,0.01,0.86,0.89,0.0,0.0,8864.82,6740.73,1.0
p[6564],0.88,0.01,0.86,0.89,0.0,0.0,8866.36,6808.22,1.0
p[6565],0.73,0.02,0.69,0.77,0.0,0.0,9158.62,6514.1,1.0
p[6566],0.88,0.01,0.86,0.89,0.0,0.0,8876.5,6808.36,1.0
p[6567],0.93,0.01,0.92,0.95,0.0,0.0,9264.57,7344.31,1.0
p[6568],0.88,0.01,0.86,0.89,0.0,0.0,8882.62,6770.34,1.0
p[6569],0.85,0.01,0.83,0.87,0.0,0.0,8973.49,6780.79,1.0
p[6570],0.88,0.01,0.87,0.89,0.0,0.0,8890.26,6829.86,1.0
p[6571],0.94,0.01,0.92,0.97,0.0,0.0,10517.81,6335.56,1.0
p[6572],0.85,0.01,0.83,0.87,0.0,0.0,8976.59,6841.73,1.0
p[6573],0.88,0.01,0.87,0.89,0.0,0.0,8901.45,6798.99,1.0
p[6574],0.88,0.01,0.87,0.89,0.0,0.0,8905.48,6876.1,1.0
p[6575],0.83,0.03,0.78,0.88,0.0,0.0,11425.2,6547.74,1.0
p[6576],0.88,0.01,0.87,0.89,0.0,0.0,8912.02,6937.36,1.0
p[6577],0.88,0.01,0.87,0.89,0.0,0.0,8912.02,6937.36,1.0
p[6578],0.89,0.01,0.87,0.91,0.0,0.0,10061.15,6443.34,1.0
p[6579],0.73,0.02,0.7,0.77,0.0,0.0,9180.8,6599.32,1.0
p[6580],0.86,0.01,0.84,0.87,0.0,0.0,9006.87,6848.56,1.0
p[6581],0.89,0.01,0.87,0.92,0.0,0.0,10067.12,6520.34,1.0
p[6582],0.88,0.01,0.87,0.9,0.0,0.0,8939.62,7126.97,1.0
p[6583],0.92,0.01,0.9,0.94,0.0,0.0,11259.6,6872.5,1.0
p[6584],0.86,0.01,0.84,0.87,0.0,0.0,9019.29,6816.84,1.0
p[6585],0.74,0.02,0.7,0.77,0.0,0.0,9206.24,6573.94,1.0
p[6586],0.93,0.01,0.92,0.95,0.0,0.0,9303.27,7434.92,1.0
p[6587],0.88,0.01,0.87,0.9,0.0,0.0,8945.48,7127.4,1.0
p[6588],0.88,0.01,0.87,0.9,0.0,0.0,8945.48,7127.4,1.0
p[6589],0.92,0.01,0.9,0.94,0.0,0.0,11258.77,6872.4,1.0
p[6590],0.92,0.01,0.9,0.93,0.0,0.0,9929.32,6529.29,1.0
p[6591],0.88,0.01,0.87,0.9,0.0,0.0,8954.14,7094.88,1.0
p[6592],0.88,0.01,0.87,0.9,0.0,0.0,8954.99,7094.88,1.0
p[6593],0.85,0.02,0.82,0.88,0.0,0.0,10296.36,6984.81,1.0
p[6594],0.93,0.01,0.92,0.95,0.0,0.0,9311.15,7435.24,1.0
p[6595],0.9,0.02,0.86,0.94,0.0,0.0,10465.47,6060.34,1.0
p[6596],0.86,0.01,0.84,0.88,0.0,0.0,9039.13,6901.09,1.0
p[6597],0.85,0.02,0.82,0.88,0.0,0.0,10298.89,7016.66,1.0
p[6598],0.88,0.01,0.87,0.9,0.0,0.0,8968.09,7127.84,1.0
p[6599],0.9,0.02,0.86,0.94,0.0,0.0,10460.62,6059.79,1.0
p[6600],0.94,0.01,0.92,0.95,0.0,0.0,9317.88,7435.24,1.0
p[6601],0.86,0.01,0.84,0.88,0.0,0.0,9047.2,6932.81,1.0
p[6602],0.88,0.01,0.87,0.9,0.0,0.0,8975.77,7094.45,1.0
p[6603],0.94,0.01,0.92,0.95,0.0,0.0,9323.98,7435.03,1.0
p[6604],0.87,0.02,0.84,0.9,0.0,0.0,10194.97,7134.28,1.0
p[6605],0.88,0.01,0.87,0.9,0.0,0.0,8988.39,7128.15,1.0
p[6606],0.9,0.01,0.87,0.92,0.0,0.0,10077.75,6518.29,1.0
p[6607],0.84,0.03,0.79,0.89,0.0,0.0,11357.84,6547.59,1.0
p[6608],0.74,0.02,0.71,0.78,0.0,0.0,9237.11,6717.45,1.0
p[6609],0.86,0.01,0.84,0.88,0.0,0.0,9071.43,6996.48,1.0
p[6610],0.92,0.01,0.9,0.93,0.0,0.0,9951.8,6583.22,1.0
p[6611],0.89,0.01,0.87,0.9,0.0,0.0,9000.17,7061.55,1.0
p[6612],0.89,0.01,0.87,0.9,0.0,0.0,9004.35,7094.34,1.0
p[6613],0.89,0.01,0.87,0.9,0.0,0.0,9004.35,7094.34,1.0
p[6614],0.85,0.02,0.81,0.88,0.0,0.0,11962.24,7321.0,1.0
p[6615],0.9,0.01,0.87,0.92,0.0,0.0,10081.64,6540.61,1.0
p[6616],0.86,0.01,0.84,0.88,0.0,0.0,9083.64,7061.81,1.0
p[6617],0.89,0.01,0.87,0.9,0.0,0.0,9010.64,7094.54,1.0
p[6618],0.91,0.01,0.89,0.94,0.0,0.0,11695.14,6692.41,1.0
p[6619],0.89,0.01,0.87,0.9,0.0,0.0,9012.48,7094.54,1.0
p[6620],0.94,0.01,0.92,0.95,0.0,0.0,9347.21,7435.46,1.0
p[6621],0.89,0.01,0.87,0.9,0.0,0.0,9014.23,7094.54,1.0
p[6622],0.94,0.01,0.92,0.95,0.0,0.0,9351.4,7363.18,1.0
p[6623],0.89,0.01,0.87,0.9,0.0,0.0,9024.23,7028.91,1.0
p[6624],0.89,0.01,0.87,0.9,0.0,0.0,9025.84,7028.91,1.0
p[6625],0.89,0.01,0.87,0.9,0.0,0.0,9025.84,7028.91,1.0
p[6626],0.89,0.01,0.87,0.9,0.0,0.0,9030.14,7028.79,1.0
p[6627],0.86,0.02,0.82,0.89,0.0,0.0,10318.91,6874.9,1.0
p[6628],0.86,0.01,0.84,0.88,0.0,0.0,9112.9,7196.01,1.0
p[6629],0.86,0.01,0.84,0.88,0.0,0.0,9114.71,7230.23,1.0
p[6630],0.89,0.01,0.87,0.9,0.0,0.0,9047.66,7028.4,1.0
p[6631],0.87,0.01,0.84,0.9,0.0,0.0,10211.33,7145.81,1.0
p[6632],0.92,0.01,0.9,0.94,0.0,0.0,9969.44,6584.47,1.0
p[6633],0.89,0.01,0.87,0.9,0.0,0.0,9057.71,7061.27,1.0
p[6634],0.9,0.02,0.86,0.94,0.0,0.0,10372.71,6081.61,1.0
p[6635],0.84,0.03,0.8,0.89,0.0,0.0,11285.58,6546.27,1.0
p[6636],0.75,0.02,0.71,0.78,0.0,0.0,9290.0,6746.94,1.0
p[6637],0.89,0.01,0.87,0.9,0.0,0.0,9066.53,7061.27,1.0
p[6638],0.89,0.01,0.87,0.9,0.0,0.0,9067.45,7061.36,1.0
p[6639],0.86,0.01,0.85,0.88,0.0,0.0,9140.07,7128.81,1.0
p[6640],0.75,0.02,0.72,0.79,0.0,0.0,9296.02,6868.94,1.0
p[6641],0.89,0.01,0.88,0.9,0.0,0.0,9074.93,7061.17,1.0
p[6642],0.94,0.01,0.93,0.95,0.0,0.0,9391.31,7224.51,1.0
p[6643],0.85,0.02,0.81,0.89,0.0,0.0,11959.97,7357.29,1.0
p[6644],0.86,0.01,0.85,0.88,0.0,0.0,9146.89,7196.75,1.0
p[6645],0.86,0.01,0.85,0.88,0.0,0.0,9148.07,7196.86,1.0
p[6646],0.92,0.01,0.89,0.94,0.0,0.0,11700.97,6674.99,1.0
p[6647],0.92,0.01,0.9,0.94,0.0,0.0,11249.56,6970.56,1.0
p[6648],0.89,0.01,0.88,0.9,0.0,0.0,9094.74,7094.57,1.0
p[6649],0.89,0.01,0.88,0.9,0.0,0.0,9095.89,7094.57,1.0
p[6650],0.9,0.01,0.88,0.92,0.0,0.0,10103.4,6631.73,1.0
p[6651],0.89,0.01,0.88,0.9,0.0,0.0,9099.41,7094.68,1.0
p[6652],0.89,0.01,0.88,0.9,0.0,0.0,9099.99,7094.91,1.0
p[6653],0.92,0.01,0.9,0.94,0.0,0.0,11249.71,6983.08,1.0
p[6654],0.94,0.01,0.93,0.95,0.0,0.0,9415.68,7260.0,1.0
p[6655],0.89,0.01,0.88,0.9,0.0,0.0,9107.07,7094.91,1.0
p[6656],0.75,0.02,0.72,0.79,0.0,0.0,9326.84,6846.06,1.0
p[6657],0.86,0.02,0.83,0.89,0.0,0.0,10333.66,6962.79,1.0
p[6658],0.87,0.01,0.85,0.88,0.0,0.0,9178.81,7196.34,1.0
p[6659],0.94,0.01,0.93,0.95,0.0,0.0,9426.91,7312.38,1.0
p[6660],0.87,0.01,0.85,0.88,0.0,0.0,9181.69,7196.01,1.0
p[6661],0.94,0.01,0.93,0.95,0.0,0.0,9428.67,7312.38,1.0
p[6662],0.9,0.02,0.87,0.94,0.0,0.0,10309.24,6031.79,1.0
p[6663],0.89,0.01,0.88,0.91,0.0,0.0,9132.78,6999.17,1.0
p[6664],0.85,0.02,0.8,0.9,0.0,0.0,11239.14,6547.43,1.0
p[6665],0.89,0.01,0.88,0.91,0.0,0.0,9135.7,6999.33,1.0
p[6666],0.94,0.01,0.93,0.95,0.0,0.0,9436.41,7243.04,1.0
p[6667],0.89,0.01,0.88,0.91,0.0,0.0,9137.99,7031.7,1.0
p[6668],0.89,0.01,0.88,0.91,0.0,0.0,9142.13,7031.89,1.0
p[6669],0.87,0.01,0.85,0.89,0.0,0.0,9215.2,7197.14,1.0
p[6670],0.92,0.01,0.9,0.94,0.0,0.0,11700.12,6577.23,1.0
p[6671],0.87,0.01,0.85,0.89,0.0,0.0,9216.39,7163.15,1.0
p[6672],0.89,0.01,0.88,0.91,0.0,0.0,9161.71,7050.98,1.0
p[6673],0.89,0.01,0.88,0.91,0.0,0.0,9165.39,7050.98,1.0
p[6674],0.89,0.01,0.88,0.91,0.0,0.0,9165.39,7050.98,1.0
p[6675],0.88,0.02,0.84,0.92,0.0,0.0,10335.75,6515.03,1.0
p[6676],0.89,0.01,0.88,0.91,0.0,0.0,9177.72,7033.97,1.0
p[6677],0.87,0.01,0.85,0.89,0.0,0.0,9243.95,7128.89,1.0
p[6678],0.91,0.01,0.88,0.93,0.0,0.0,10120.04,6800.19,1.0
p[6679],0.87,0.01,0.85,0.89,0.0,0.0,9253.48,7074.11,1.0
p[6680],0.91,0.02,0.87,0.94,0.0,0.0,10223.84,6003.9,1.0
p[6681],0.9,0.01,0.88,0.91,0.0,0.0,9205.96,7133.52,1.0
p[6682],0.94,0.01,0.93,0.95,0.0,0.0,9480.15,7377.33,1.0
p[6683],0.9,0.01,0.88,0.91,0.0,0.0,9211.3,7150.45,1.0
p[6684],0.87,0.01,0.85,0.89,0.0,0.0,9273.77,7030.9,1.0
p[6685],0.9,0.01,0.88,0.91,0.0,0.0,9223.19,7218.64,1.0
p[6686],0.94,0.01,0.93,0.95,0.0,0.0,9494.62,7306.06,1.0
p[6687],0.87,0.02,0.84,0.9,0.0,0.0,10360.87,6994.54,1.0
p[6688],0.9,0.01,0.88,0.91,0.0,0.0,9231.68,7201.54,1.0
p[6689],0.77,0.02,0.73,0.8,0.0,0.0,9431.38,7001.71,1.0
p[6690],0.93,0.01,0.91,0.94,0.0,0.0,10044.98,6531.92,1.0
p[6691],0.9,0.01,0.88,0.91,0.0,0.0,9239.38,7201.54,1.0
p[6692],0.87,0.01,0.86,0.89,0.0,0.0,9295.0,7031.35,1.0
p[6693],0.87,0.01,0.86,0.89,0.0,0.0,9295.0,7031.35,1.0
p[6694],0.9,0.01,0.88,0.91,0.0,0.0,9244.8,7218.41,1.0
p[6695],0.9,0.01,0.88,0.91,0.0,0.0,9246.92,7218.96,1.0
p[6696],0.87,0.01,0.86,0.89,0.0,0.0,9300.77,7031.19,1.0
p[6697],0.9,0.01,0.89,0.91,0.0,0.0,9253.5,7253.32,1.0
p[6698],0.91,0.01,0.89,0.93,0.0,0.0,10134.15,6741.47,1.0
p[6699],0.94,0.01,0.93,0.96,0.0,0.0,9520.2,7305.42,1.0
p[6700],0.9,0.01,0.89,0.91,0.0,0.0,9264.53,7254.07,1.0
p[6701],0.88,0.01,0.86,0.89,0.0,0.0,9316.22,6999.31,1.0
p[6702],0.83,0.02,0.79,0.88,0.0,0.0,11607.55,6695.54,1.0
p[6703],0.92,0.01,0.9,0.94,0.0,0.0,11693.66,6409.48,1.0
p[6704],0.9,0.01,0.89,0.91,0.0,0.0,9275.97,7326.34,1.0
p[6705],0.9,0.01,0.89,0.91,0.0,0.0,9284.05,7326.34,1.0
p[6706],0.91,0.02,0.88,0.95,0.0,0.0,10119.42,6181.2,1.0
p[6707],0.88,0.01,0.86,0.89,0.0,0.0,9331.3,7000.21,1.0
p[6708],0.72,0.02,0.69,0.76,0.0,0.0,9622.11,7018.67,1.0
p[6709],0.86,0.03,0.81,0.91,0.0,0.0,10933.27,6435.97,1.0
p[6710],0.5,0.03,0.44,0.55,0.0,0.0,9618.48,7394.1,1.0
p[6711],0.72,0.02,0.69,0.76,0.0,0.0,9615.16,6767.79,1.0
p[6712],0.68,0.02,0.64,0.71,0.0,0.0,9473.0,7277.02,1.0
p[6713],0.75,0.03,0.7,0.79,0.0,0.0,10130.67,6762.18,1.0
p[6714],0.73,0.02,0.69,0.76,0.0,0.0,9608.12,6798.63,1.0
p[6715],0.83,0.02,0.8,0.86,0.0,0.0,9449.33,7552.14,1.0
p[6716],0.73,0.02,0.7,0.76,0.0,0.0,9603.68,6787.68,1.0
p[6717],0.78,0.03,0.73,0.84,0.0,0.0,11627.17,6710.47,1.0
p[6718],0.73,0.02,0.7,0.76,0.0,0.0,9599.2,6906.33,1.0
p[6719],0.68,0.02,0.64,0.72,0.0,0.0,9439.73,7243.78,1.0
p[6720],0.68,0.02,0.65,0.72,0.0,0.0,9429.05,7244.52,1.0
p[6721],0.73,0.02,0.7,0.76,0.0,0.0,9587.68,7004.17,1.0
p[6722],0.7,0.03,0.64,0.75,0.0,0.0,10616.09,7093.49,1.0
p[6723],0.73,0.02,0.7,0.76,0.0,0.0,9584.89,7103.45,1.0
p[6724],0.73,0.02,0.7,0.76,0.0,0.0,9573.12,7018.22,1.0
p[6725],0.84,0.02,0.81,0.87,0.0,0.0,9378.6,7454.63,1.0
p[6726],0.69,0.02,0.65,0.72,0.0,0.0,9391.0,7210.14,1.0
p[6727],0.76,0.02,0.71,0.8,0.0,0.0,10188.11,6676.53,1.0
p[6728],0.73,0.02,0.7,0.76,0.0,0.0,9558.49,7018.95,1.0
p[6729],0.74,0.02,0.71,0.77,0.0,0.0,9556.6,7084.57,1.0
p[6730],0.74,0.02,0.71,0.77,0.0,0.0,9555.71,7084.57,1.0
p[6731],0.74,0.02,0.71,0.77,0.0,0.0,9555.71,7084.57,1.0
p[6732],0.84,0.02,0.81,0.87,0.0,0.0,9363.84,7382.74,1.0
p[6733],0.8,0.02,0.76,0.84,0.0,0.0,10335.6,6637.46,1.0
p[6734],0.69,0.02,0.66,0.72,0.0,0.0,9365.49,7176.85,1.0
p[6735],0.74,0.02,0.71,0.77,0.0,0.0,9539.68,6985.81,1.0
p[6736],0.69,0.02,0.66,0.73,0.0,0.0,9341.51,7278.66,1.0
p[6737],0.85,0.01,0.82,0.87,0.0,0.0,9308.58,7381.88,1.0
p[6738],0.7,0.02,0.66,0.73,0.0,0.0,9288.95,7279.34,1.0
p[6739],0.75,0.02,0.72,0.78,0.0,0.0,9480.32,6711.61,1.0
p[6740],0.7,0.02,0.67,0.73,0.0,0.0,9267.71,7244.98,1.0
p[6741],0.77,0.02,0.72,0.81,0.0,0.0,10301.48,6655.61,1.0
p[6742],0.71,0.02,0.68,0.74,0.0,0.0,9215.18,7283.5,1.0
p[6743],0.71,0.02,0.68,0.74,0.0,0.0,9196.06,7247.72,1.0
p[6744],0.71,0.02,0.68,0.74,0.0,0.0,9153.47,7103.36,1.0
p[6745],0.82,0.02,0.78,0.86,0.0,0.0,11449.75,6706.13,1.0
p[6746],0.76,0.01,0.73,0.79,0.0,0.0,9363.9,6482.58,1.0
p[6747],0.72,0.02,0.69,0.75,0.0,0.0,9126.42,7102.78,1.0
p[6748],0.82,0.02,0.79,0.86,0.0,0.0,10218.99,6704.28,1.0
p[6749],0.72,0.02,0.69,0.75,0.0,0.0,9079.12,7134.56,1.0
p[6750],0.72,0.02,0.69,0.75,0.0,0.0,9053.77,7100.08,1.0
p[6751],0.83,0.02,0.79,0.87,0.0,0.0,11412.09,6697.76,1.0
p[6752],0.73,0.02,0.7,0.76,0.0,0.0,9014.26,7201.89,1.0
p[6753],0.74,0.02,0.7,0.79,0.0,0.0,10570.8,6955.04,1.0
p[6754],0.89,0.02,0.85,0.93,0.0,0.0,10729.31,6657.95,1.0
p[6755],0.78,0.01,0.75,0.8,0.0,0.0,9247.2,6605.68,1.0
p[6756],0.83,0.02,0.8,0.86,0.0,0.0,10170.84,6500.07,1.0
p[6757],0.73,0.02,0.7,0.76,0.0,0.0,8985.56,7159.87,1.0
p[6758],0.78,0.01,0.75,0.8,0.0,0.0,9229.69,6465.63,1.0
p[6759],0.83,0.02,0.8,0.87,0.0,0.0,10161.87,6468.64,1.0
p[6760],0.78,0.01,0.76,0.8,0.0,0.0,9224.53,6437.87,1.0
p[6761],0.74,0.01,0.71,0.77,0.0,0.0,8956.14,7135.46,1.0
p[6762],0.75,0.02,0.71,0.8,0.0,0.0,10561.01,6890.17,1.0
p[6763],0.84,0.02,0.8,0.88,0.0,0.0,11361.62,6711.77,1.0
p[6764],0.84,0.02,0.81,0.87,0.0,0.0,10146.16,6386.27,1.0
p[6765],0.8,0.02,0.76,0.84,0.0,0.0,10264.63,6567.48,1.0
p[6766],0.74,0.01,0.71,0.77,0.0,0.0,8927.37,7198.13,1.0
p[6767],0.78,0.01,0.76,0.81,0.0,0.0,9196.65,6225.55,1.0
p[6768],0.74,0.01,0.71,0.77,0.0,0.0,8924.58,7198.13,1.0
p[6769],0.84,0.02,0.81,0.88,0.0,0.0,11347.95,6711.53,1.0
p[6770],0.78,0.01,0.76,0.81,0.0,0.0,9192.56,6251.5,1.0
p[6771],0.79,0.01,0.76,0.81,0.0,0.0,9190.32,6251.65,1.0
p[6772],0.79,0.01,0.76,0.81,0.0,0.0,9188.33,6251.8,1.0
p[6773],0.79,0.01,0.76,0.81,0.0,0.0,9186.56,6201.05,1.0
p[6774],0.74,0.01,0.72,0.77,0.0,0.0,8904.06,7164.32,1.0
p[6775],0.89,0.02,0.85,0.93,0.0,0.0,10696.17,6688.8,1.0
p[6776],0.74,0.01,0.72,0.77,0.0,0.0,8900.7,7164.32,1.0
p[6777],0.79,0.01,0.77,0.81,0.0,0.0,9176.59,6176.08,1.0
p[6778],0.58,0.02,0.54,0.63,0.0,0.0,9477.02,6678.93,1.0
p[6779],0.79,0.01,0.77,0.81,0.0,0.0,9170.03,6176.76,1.0
p[6780],0.75,0.01,0.72,0.78,0.0,0.0,8880.59,7160.42,1.0
p[6781],0.75,0.01,0.72,0.78,0.0,0.0,8875.67,7126.79,1.0
p[6782],0.73,0.02,0.68,0.77,0.0,0.0,9212.32,6837.84,1.0
p[6783],0.79,0.01,0.77,0.81,0.0,0.0,9161.81,6178.28,1.0
p[6784],0.79,0.01,0.77,0.81,0.0,0.0,9161.81,6178.28,1.0
p[6785],0.84,0.02,0.81,0.87,0.0,0.0,10089.8,6272.14,1.0
p[6786],0.79,0.01,0.77,0.81,0.0,0.0,9160.35,6177.92,1.0
p[6787],0.88,0.01,0.86,0.9,0.0,0.0,9021.81,6908.48,1.0
p[6788],0.85,0.02,0.81,0.87,0.0,0.0,10077.97,6336.87,1.0
p[6789],0.85,0.02,0.81,0.88,0.0,0.0,11310.51,6684.49,1.0
p[6790],0.79,0.01,0.77,0.81,0.0,0.0,9152.95,6080.15,1.0
p[6791],0.75,0.01,0.73,0.78,0.0,0.0,8859.54,7031.93,1.0
p[6792],0.79,0.01,0.77,0.81,0.0,0.0,9151.35,6104.07,1.0
p[6793],0.76,0.02,0.72,0.81,0.0,0.0,10542.58,6920.04,1.0
p[6794],0.75,0.01,0.73,0.78,0.0,0.0,8852.32,7052.15,1.0
p[6795],0.59,0.02,0.55,0.64,0.0,0.0,9472.08,6651.7,1.0
p[6796],0.76,0.01,0.73,0.78,0.0,0.0,8839.14,6924.03,1.0
p[6797],0.8,0.01,0.77,0.82,0.0,0.0,9139.15,6103.49,1.0
p[6798],0.81,0.02,0.78,0.85,0.0,0.0,10221.84,6805.53,1.0
p[6799],0.76,0.01,0.73,0.78,0.0,0.0,8835.5,6923.45,1.0
p[6800],0.74,0.02,0.69,0.78,0.0,0.0,9200.53,6880.34,1.0
p[6801],0.8,0.01,0.78,0.82,0.0,0.0,9130.76,6102.79,1.0
p[6802],0.8,0.01,0.78,0.82,0.0,0.0,9129.77,6054.83,1.0
p[6803],0.8,0.01,0.78,0.82,0.0,0.0,9129.3,6127.38,1.0
p[6804],0.8,0.01,0.78,0.82,0.0,0.0,9128.73,6202.39,1.0
p[6805],0.8,0.01,0.78,0.82,0.0,0.0,9127.81,6202.97,1.0
p[6806],0.76,0.01,0.73,0.78,0.0,0.0,8821.06,6987.08,1.0
p[6807],0.8,0.01,0.78,0.82,0.0,0.0,9125.91,6228.59,1.0
p[6808],0.9,0.02,0.86,0.94,0.0,0.0,10650.03,6839.2,1.0
p[6809],0.76,0.01,0.73,0.79,0.0,0.0,8815.39,6954.31,1.0
p[6810],0.84,0.02,0.81,0.88,0.0,0.0,11827.17,6780.55,1.0
p[6811],0.8,0.01,0.78,0.82,0.0,0.0,9122.64,6229.1,1.0
p[6812],0.8,0.01,0.78,0.82,0.0,0.0,9120.8,6228.06,1.0
p[6813],0.86,0.02,0.82,0.89,0.0,0.0,11260.32,6619.1,1.0
p[6814],0.76,0.01,0.74,0.79,0.0,0.0,8803.74,6922.74,1.0
p[6815],0.8,0.01,0.78,0.82,0.0,0.0,9118.56,6253.17,1.0
p[6816],0.85,0.01,0.82,0.88,0.0,0.0,10008.89,6618.76,1.0
p[6817],0.74,0.02,0.7,0.78,0.0,0.0,9187.13,6901.13,1.0
p[6818],0.77,0.02,0.73,0.82,0.0,0.0,10524.59,7110.7,1.0
p[6819],0.8,0.01,0.78,0.82,0.0,0.0,9114.92,6151.91,1.0
p[6820],0.8,0.01,0.78,0.82,0.0,0.0,9114.98,6151.91,1.0
p[6821],0.76,0.01,0.74,0.79,0.0,0.0,8793.3,6890.58,1.0
p[6822],0.89,0.01,0.87,0.91,0.0,0.0,8973.76,6637.0,1.0
p[6823],0.8,0.01,0.78,0.82,0.0,0.0,9114.99,6127.02,1.0
p[6824],0.8,0.01,0.78,0.82,0.0,0.0,9112.38,6127.02,1.0
p[6825],0.8,0.01,0.78,0.82,0.0,0.0,9112.11,6102.22,1.0
p[6826],0.82,0.02,0.79,0.85,0.0,0.0,10174.07,6755.37,1.0
p[6827],0.8,0.01,0.78,0.82,0.0,0.0,9112.11,6102.22,1.0
p[6828],0.8,0.01,0.78,0.83,0.0,0.0,9112.13,6102.22,1.0
p[6829],0.85,0.01,0.83,0.88,0.0,0.0,9998.46,6704.89,1.0
p[6830],0.85,0.02,0.81,0.88,0.0,0.0,11802.17,6735.14,1.0
p[6831],0.89,0.01,0.87,0.91,0.0,0.0,8971.7,6594.24,1.0
p[6832],0.77,0.01,0.74,0.79,0.0,0.0,8781.86,6810.3,1.0
p[6833],0.86,0.02,0.83,0.89,0.0,0.0,11237.58,6685.26,1.0
p[6834],0.86,0.01,0.83,0.88,0.0,0.0,9990.15,6704.59,1.0
p[6835],0.81,0.01,0.79,0.83,0.0,0.0,9109.6,6226.71,1.0
p[6836],0.78,0.02,0.74,0.82,0.0,0.0,10515.77,7212.32,1.0
p[6837],0.77,0.01,0.74,0.79,0.0,0.0,8777.79,6841.43,1.0
p[6838],0.81,0.01,0.79,0.83,0.0,0.0,9108.43,6175.98,1.0
p[6839],0.82,0.02,0.79,0.86,0.0,0.0,10152.7,6670.56,1.0
p[6840],0.77,0.01,0.75,0.79,0.0,0.0,8771.13,6810.73,1.0
p[6841],0.81,0.01,0.79,0.83,0.0,0.0,9105.06,6227.32,1.0
p[6842],0.86,0.01,0.83,0.89,0.0,0.0,9964.46,6793.93,1.0
p[6843],0.77,0.01,0.75,0.8,0.0,0.0,8764.89,6811.52,1.0
p[6844],0.81,0.01,0.79,0.83,0.0,0.0,9105.73,6151.55,1.0
p[6845],0.81,0.01,0.79,0.83,0.0,0.0,9104.99,6151.69,1.0
p[6846],0.81,0.01,0.79,0.83,0.0,0.0,9105.22,6122.18,1.0
p[6847],0.81,0.01,0.79,0.83,0.0,0.0,9104.88,6171.97,1.0
p[6848],0.75,0.02,0.71,0.79,0.0,0.0,9176.09,6881.16,1.0
p[6849],0.62,0.02,0.57,0.66,0.0,0.0,9468.37,6684.84,1.0
p[6850],0.81,0.01,0.79,0.83,0.0,0.0,9104.23,6212.41,1.0
p[6851],0.81,0.01,0.79,0.83,0.0,0.0,9104.23,6212.41,1.0
p[6852],0.77,0.01,0.75,0.8,0.0,0.0,8757.5,6839.06,1.0
p[6853],0.81,0.01,0.79,0.83,0.0,0.0,9104.44,6262.6,1.0
p[6854],0.86,0.02,0.83,0.9,0.0,0.0,11203.2,6713.89,1.0
p[6855],0.77,0.01,0.75,0.8,0.0,0.0,8755.23,6777.49,1.0
p[6856],0.81,0.01,0.79,0.83,0.0,0.0,9104.88,6237.08,1.0
p[6857],0.79,0.02,0.74,0.83,0.0,0.0,10506.35,7114.34,1.0
p[6858],0.91,0.02,0.87,0.94,0.0,0.0,10609.26,6817.3,1.0
p[6859],0.81,0.01,0.79,0.83,0.0,0.0,9104.39,6236.91,1.0
p[6860],0.62,0.02,0.58,0.67,0.0,0.0,9468.57,6568.26,1.0
p[6861],0.81,0.01,0.79,0.83,0.0,0.0,9105.64,6236.81,1.0
p[6862],0.78,0.01,0.75,0.8,0.0,0.0,8746.2,6660.05,1.0
p[6863],0.83,0.02,0.8,0.86,0.0,0.0,10113.19,6685.5,1.0
p[6864],0.78,0.01,0.75,0.8,0.0,0.0,8744.12,6660.05,1.0
p[6865],0.76,0.02,0.72,0.8,0.0,0.0,9168.62,6977.38,1.0
p[6866],0.82,0.01,0.8,0.84,0.0,0.0,9106.97,6211.02,1.0
p[6867],0.82,0.01,0.8,0.84,0.0,0.0,9107.22,6315.4,1.0
p[6868],0.82,0.01,0.8,0.84,0.0,0.0,9107.76,6315.24,1.0
p[6869],0.82,0.01,0.8,0.84,0.0,0.0,9107.76,6315.24,1.0
p[6870],0.82,0.01,0.8,0.84,0.0,0.0,9108.9,6237.36,1.0
p[6871],0.89,0.01,0.88,0.91,0.0,0.0,8938.39,6215.65,1.0
p[6872],0.82,0.01,0.8,0.84,0.0,0.0,9109.25,6262.5,1.0
p[6873],0.82,0.01,0.8,0.84,0.0,0.0,9109.25,6262.5,1.0
p[6874],0.87,0.02,0.84,0.9,0.0,0.0,11163.82,6740.42,1.0
p[6875],0.78,0.01,0.76,0.8,0.0,0.0,8733.46,6718.51,1.0
p[6876],0.86,0.01,0.84,0.89,0.0,0.0,9909.17,6701.52,1.0
p[6877],0.78,0.01,0.76,0.8,0.0,0.0,8729.61,6718.35,1.0
p[6878],0.79,0.02,0.75,0.83,0.0,0.0,10499.55,7049.5,1.0
p[6879],0.9,0.01,0.88,0.91,0.0,0.0,8938.6,6216.23,1.0
p[6880],0.87,0.01,0.84,0.89,0.0,0.0,9902.81,6613.64,1.0
p[6881],0.82,0.01,0.8,0.84,0.0,0.0,9112.65,6313.91,1.0
p[6882],0.84,0.02,0.8,0.87,0.0,0.0,10088.71,6686.91,1.0
p[6883],0.63,0.02,0.59,0.68,0.0,0.0,9475.29,6644.77,1.0
p[6884],0.82,0.01,0.8,0.84,0.0,0.0,9114.85,6393.26,1.0
p[6885],0.82,0.01,0.8,0.84,0.0,0.0,9115.31,6393.55,1.0
p[6886],0.78,0.01,0.76,0.81,0.0,0.0,8723.75,6654.33,1.0
p[6887],0.76,0.02,0.73,0.8,0.0,0.0,9154.48,6873.69,1.0
p[6888],0.78,0.01,0.76,0.81,0.0,0.0,8724.08,6625.33,1.0
p[6889],0.82,0.01,0.8,0.84,0.0,0.0,9116.42,6420.61,1.0
p[6890],0.82,0.01,0.8,0.84,0.0,0.0,9116.35,6419.65,1.0
p[6891],0.82,0.01,0.8,0.84,0.0,0.0,9116.8,6419.65,1.0
p[6892],0.82,0.01,0.8,0.84,0.0,0.0,9119.57,6419.99,1.0
p[6893],0.82,0.01,0.8,0.84,0.0,0.0,9119.57,6419.99,1.0
p[6894],0.86,0.02,0.83,0.89,0.0,0.0,11709.69,6610.58,1.0
p[6895],0.79,0.01,0.76,0.81,0.0,0.0,8720.88,6626.48,1.0
p[6896],0.82,0.01,0.8,0.84,0.0,0.0,9121.39,6340.52,1.0
p[6897],0.82,0.01,0.8,0.84,0.0,0.0,9123.26,6314.13,1.0
p[6898],0.79,0.01,0.76,0.81,0.0,0.0,8721.16,6626.49,1.0
p[6899],0.8,0.02,0.76,0.84,0.0,0.0,10491.44,7090.64,1.0
p[6900],0.92,0.02,0.88,0.95,0.0,0.0,10563.0,6779.01,1.0
p[6901],0.82,0.01,0.81,0.84,0.0,0.0,9128.99,6287.45,1.0
p[6902],0.87,0.02,0.84,0.91,0.0,0.0,11112.8,6831.14,1.0
p[6903],0.91,0.02,0.88,0.95,0.0,0.0,11105.89,6237.75,1.0
p[6904],0.64,0.02,0.6,0.68,0.0,0.0,9481.91,6661.71,1.0
p[6905],0.84,0.02,0.81,0.87,0.0,0.0,10055.19,6743.62,1.0
p[6906],0.83,0.01,0.81,0.84,0.0,0.0,9134.73,6339.95,1.0
p[6907],0.79,0.01,0.77,0.81,0.0,0.0,8720.69,6712.96,1.0
p[6908],0.77,0.02,0.73,0.81,0.0,0.0,9146.94,6719.49,1.0
p[6909],0.83,0.01,0.81,0.85,0.0,0.0,9137.51,6344.24,1.0
p[6910],0.9,0.01,0.88,0.92,0.0,0.0,8931.23,6442.23,1.0
p[6911],0.83,0.01,0.81,0.85,0.0,0.0,9137.57,6370.83,1.0
p[6912],0.83,0.01,0.81,0.85,0.0,0.0,9142.2,6425.38,1.0
p[6913],0.83,0.01,0.81,0.85,0.0,0.0,9143.25,6397.99,1.0
p[6914],0.83,0.01,0.81,0.85,0.0,0.0,9143.24,6425.21,1.0
p[6915],0.83,0.01,0.81,0.85,0.0,0.0,9143.24,6425.21,1.0
p[6916],0.9,0.01,0.88,0.92,0.0,0.0,8931.59,6415.42,1.0
p[6917],0.83,0.01,0.81,0.85,0.0,0.0,9146.11,6452.53,1.0
p[6918],0.79,0.01,0.77,0.82,0.0,0.0,8720.44,6799.33,1.0
p[6919],0.79,0.01,0.77,0.82,0.0,0.0,8719.69,6829.63,1.0
p[6920],0.83,0.01,0.81,0.85,0.0,0.0,9152.85,6479.48,1.0
p[6921],0.8,0.02,0.77,0.84,0.0,0.0,10482.14,7156.46,1.0
p[6922],0.88,0.02,0.85,0.91,0.0,0.0,11079.59,6924.95,1.0
p[6923],0.83,0.01,0.81,0.85,0.0,0.0,9158.0,6534.16,1.0
p[6924],0.65,0.02,0.61,0.69,0.0,0.0,9487.45,6720.04,1.0
p[6925],0.85,0.02,0.81,0.88,0.0,0.0,10022.49,6511.46,1.0
p[6926],0.88,0.01,0.85,0.9,0.0,0.0,9832.75,6614.18,1.0
p[6927],0.8,0.01,0.77,0.82,0.0,0.0,8718.9,6738.96,1.0
p[6928],0.83,0.01,0.81,0.85,0.0,0.0,9165.78,6589.4,1.0
p[6929],0.83,0.01,0.81,0.85,0.0,0.0,9168.53,6589.4,1.0
p[6930],0.78,0.02,0.74,0.82,0.0,0.0,9143.56,6632.22,1.0
p[6931],0.8,0.01,0.77,0.82,0.0,0.0,8721.16,6738.38,1.0
p[6932],0.9,0.01,0.89,0.92,0.0,0.0,8921.79,6430.06,1.0
p[6933],0.83,0.01,0.81,0.85,0.0,0.0,9172.17,6626.5,1.0
p[6934],0.83,0.01,0.81,0.85,0.0,0.0,9175.96,6590.61,1.0
p[6935],0.83,0.01,0.81,0.85,0.0,0.0,9176.25,6590.61,1.0
p[6936],0.83,0.01,0.81,0.85,0.0,0.0,9176.52,6590.61,1.0
p[6937],0.83,0.01,0.82,0.85,0.0,0.0,9178.87,6594.0,1.0
p[6938],0.83,0.01,0.82,0.85,0.0,0.0,9175.95,6621.9,1.0
p[6939],0.8,0.01,0.78,0.82,0.0,0.0,8722.71,6737.47,1.0
p[6940],0.8,0.01,0.78,0.82,0.0,0.0,8723.71,6737.72,1.0
p[6941],0.88,0.02,0.85,0.91,0.0,0.0,11047.69,6893.64,1.0
p[6942],0.81,0.02,0.78,0.85,0.0,0.0,10472.82,7123.84,1.0
p[6943],0.84,0.01,0.82,0.85,0.0,0.0,9171.26,6536.95,1.0
p[6944],0.92,0.02,0.89,0.95,0.0,0.0,10513.63,6876.05,1.0
p[6945],0.85,0.02,0.82,0.88,0.0,0.0,9997.02,6456.79,1.0
p[6946],0.66,0.02,0.62,0.7,0.0,0.0,9501.31,6632.92,1.0
p[6947],0.8,0.01,0.78,0.83,0.0,0.0,8731.82,6982.67,1.0
p[6948],0.79,0.02,0.75,0.82,0.0,0.0,9144.39,6842.08,1.0
p[6949],0.88,0.01,0.86,0.9,0.0,0.0,9778.85,6733.03,1.0
p[6950],0.84,0.01,0.82,0.86,0.0,0.0,9157.14,6594.3,1.0
p[6951],0.8,0.01,0.78,0.83,0.0,0.0,8732.42,6982.67,1.0
p[6952],0.84,0.01,0.82,0.86,0.0,0.0,9154.38,6594.29,1.0
p[6953],0.84,0.01,0.82,0.86,0.0,0.0,9153.6,6590.74,1.0
p[6954],0.79,0.02,0.75,0.82,0.0,0.0,9145.06,6842.12,1.0
p[6955],0.84,0.01,0.82,0.86,0.0,0.0,9148.67,6590.74,1.0
p[6956],0.84,0.01,0.82,0.86,0.0,0.0,9148.67,6590.74,1.0
p[6957],0.91,0.01,0.89,0.92,0.0,0.0,8913.81,6473.33,1.0
p[6958],0.84,0.01,0.82,0.86,0.0,0.0,9148.18,6534.85,1.0
p[6959],0.84,0.01,0.82,0.86,0.0,0.0,9145.56,6562.98,1.0
p[6960],0.81,0.01,0.78,0.83,0.0,0.0,8737.76,7012.77,1.0
p[6961],0.88,0.01,0.86,0.91,0.0,0.0,9757.34,6743.07,1.0
p[6962],0.82,0.02,0.78,0.85,0.0,0.0,10462.58,7124.54,1.0
p[6963],0.89,0.02,0.86,0.91,0.0,0.0,11002.43,6831.11,1.0
p[6964],0.84,0.01,0.82,0.86,0.0,0.0,9142.54,6659.33,1.0
p[6965],0.84,0.01,0.82,0.86,0.0,0.0,9142.77,6659.33,1.0
p[6966],0.91,0.01,0.89,0.93,0.0,0.0,8915.46,6518.99,1.0
p[6967],0.67,0.02,0.62,0.71,0.0,0.0,9518.65,6535.33,1.0
p[6968],0.86,0.02,0.83,0.89,0.0,0.0,9965.13,6460.16,1.0
p[6969],0.84,0.01,0.82,0.86,0.0,0.0,9142.55,6741.07,1.0
p[6970],0.81,0.01,0.79,0.83,0.0,0.0,8745.98,7035.51,1.0
p[6971],0.81,0.01,0.79,0.83,0.0,0.0,8850.71,7068.79,1.0
p[6972],0.88,0.02,0.85,0.91,0.0,0.0,11584.06,6355.8,1.0
p[6973],0.84,0.01,0.83,0.86,0.0,0.0,9140.54,6681.28,1.0
p[6974],0.84,0.01,0.83,0.86,0.0,0.0,9140.54,6681.28,1.0
p[6975],0.84,0.01,0.83,0.86,0.0,0.0,9139.99,6681.28,1.0
p[6976],0.84,0.01,0.83,0.86,0.0,0.0,9139.62,6681.28,1.0
p[6977],0.84,0.01,0.83,0.86,0.0,0.0,9139.61,6681.28,1.0
p[6978],0.84,0.01,0.83,0.86,0.0,0.0,9139.89,6637.78,1.0
p[6979],0.84,0.01,0.83,0.86,0.0,0.0,9138.05,6666.21,1.0
p[6980],0.84,0.01,0.83,0.86,0.0,0.0,9138.0,6696.77,1.0
p[6981],0.81,0.01,0.79,0.83,0.0,0.0,8838.33,7101.66,1.0
p[6982],0.81,0.01,0.79,0.83,0.0,0.0,8836.93,7101.92,1.0
p[6983],0.93,0.02,0.9,0.95,0.0,0.0,10476.66,6750.2,1.0
p[6984],0.82,0.02,0.79,0.86,0.0,0.0,10454.07,6903.83,1.0
p[6985],0.92,0.02,0.89,0.95,0.0,0.0,10999.1,6107.15,1.0
p[6986],0.85,0.01,0.83,0.86,0.0,0.0,9133.62,6667.83,1.0
p[6987],0.67,0.02,0.63,0.72,0.0,0.0,9534.75,6369.55,1.0
p[6988],0.86,0.02,0.83,0.89,0.0,0.0,9937.35,6324.33,1.0
p[6989],0.92,0.02,0.89,0.96,0.0,0.0,10987.82,6133.02,1.0
p[6990],0.85,0.01,0.83,0.87,0.0,0.0,9128.8,6609.26,1.0
p[6991],0.82,0.01,0.79,0.84,0.0,0.0,8820.05,7101.17,1.0
p[6992],0.91,0.01,0.9,0.93,0.0,0.0,8926.8,6581.91,1.0
p[6993],0.85,0.01,0.83,0.87,0.0,0.0,9127.91,6608.56,1.0
p[6994],0.85,0.01,0.83,0.87,0.0,0.0,9127.91,6608.56,1.0
p[6995],0.85,0.01,0.83,0.87,0.0,0.0,9127.36,6668.06,1.0
p[6996],0.85,0.01,0.83,0.87,0.0,0.0,9127.36,6668.06,1.0
p[6997],0.85,0.01,0.83,0.87,0.0,0.0,9128.22,6696.79,1.0
p[6998],0.91,0.01,0.9,0.93,0.0,0.0,8927.35,6582.2,1.0
p[6999],0.82,0.01,0.8,0.84,0.0,0.0,8813.46,7068.01,1.0
p[7000],0.85,0.01,0.83,0.87,0.0,0.0,9126.11,6785.41,1.0
p[7001],0.82,0.01,0.8,0.84,0.0,0.0,8810.01,7035.32,1.0
p[7002],0.85,0.01,0.83,0.87,0.0,0.0,9125.62,6815.95,1.0
p[7003],0.83,0.02,0.79,0.86,0.0,0.0,10449.87,7079.07,1.0
p[7004],0.92,0.01,0.9,0.93,0.0,0.0,8924.56,6582.2,1.0
p[7005],0.85,0.01,0.83,0.87,0.0,0.0,9124.28,6785.42,1.0
p[7006],0.89,0.01,0.87,0.91,0.0,0.0,9688.22,6670.78,1.0
p[7007],0.68,0.02,0.64,0.73,0.0,0.0,9551.74,6492.53,1.0
p[7008],0.82,0.01,0.8,0.84,0.0,0.0,8801.15,7035.73,1.0
p[7009],0.89,0.01,0.87,0.92,0.0,0.0,10913.74,6832.44,1.0
p[7010],0.87,0.01,0.84,0.89,0.0,0.0,9918.27,6600.43,1.0
p[7011],0.85,0.01,0.83,0.87,0.0,0.0,9122.83,6845.77,1.0
p[7012],0.85,0.01,0.84,0.87,0.0,0.0,9124.4,6939.53,1.0
p[7013],0.82,0.01,0.8,0.84,0.0,0.0,8796.32,7068.03,1.0
p[7014],0.85,0.01,0.84,0.87,0.0,0.0,9123.48,6907.58,1.0
p[7015],0.85,0.01,0.84,0.87,0.0,0.0,9122.88,6907.58,1.0
p[7016],0.92,0.01,0.9,0.93,0.0,0.0,8926.02,6586.65,1.0
p[7017],0.85,0.01,0.84,0.87,0.0,0.0,9123.38,6907.63,1.0
p[7018],0.85,0.01,0.84,0.87,0.0,0.0,9123.38,6907.63,1.0
p[7019],0.85,0.01,0.84,0.87,0.0,0.0,9123.38,6907.63,1.0
p[7020],0.85,0.01,0.84,0.87,0.0,0.0,9123.65,6907.63,1.0
p[7021],0.89,0.02,0.86,0.91,0.0,0.0,11499.99,6406.3,1.0
p[7022],0.85,0.01,0.84,0.87,0.0,0.0,9122.13,6883.42,1.0
p[7023],0.82,0.01,0.8,0.85,0.0,0.0,8792.92,6906.87,1.0
p[7024],0.9,0.01,0.87,0.92,0.0,0.0,10890.32,6741.43,1.0
p[7025],0.82,0.01,0.8,0.85,0.0,0.0,8792.03,6906.66,1.0
p[7026],0.83,0.02,0.8,0.87,0.0,0.0,10740.56,6931.37,1.0
p[7027],0.89,0.01,0.87,0.92,0.0,0.0,9657.98,6644.44,1.0
p[7028],0.86,0.01,0.84,0.87,0.0,0.0,9121.08,6970.78,1.0
p[7029],0.86,0.01,0.84,0.87,0.0,0.0,9122.42,6938.76,1.0
p[7030],0.89,0.01,0.86,0.92,0.0,0.0,11490.96,6300.11,1.0
p[7031],0.69,0.02,0.65,0.74,0.0,0.0,9577.04,6661.92,1.0
p[7032],0.83,0.01,0.8,0.85,0.0,0.0,8786.84,6763.12,1.0
p[7033],0.86,0.01,0.84,0.88,0.0,0.0,9123.34,6970.55,1.0
p[7034],0.83,0.01,0.8,0.85,0.0,0.0,8785.73,6763.12,1.0
p[7035],0.92,0.01,0.9,0.93,0.0,0.0,8932.07,6505.64,1.0
p[7036],0.83,0.01,0.81,0.85,0.0,0.0,8785.1,6764.05,1.0
p[7037],0.86,0.01,0.84,0.88,0.0,0.0,9121.9,6906.16,1.0
p[7038],0.86,0.01,0.84,0.88,0.0,0.0,9121.9,6906.16,1.0
p[7039],0.86,0.01,0.84,0.88,0.0,0.0,9122.99,6937.67,1.0
p[7040],0.89,0.01,0.86,0.92,0.0,0.0,11482.1,6459.09,1.0
p[7041],0.86,0.01,0.84,0.88,0.0,0.0,9124.67,6906.08,1.0
p[7042],0.83,0.01,0.81,0.85,0.0,0.0,8784.52,6824.93,1.0
p[7043],0.86,0.01,0.84,0.88,0.0,0.0,9124.48,6968.36,1.0
p[7044],0.92,0.01,0.91,0.94,0.0,0.0,8930.78,6618.17,1.0
p[7045],0.83,0.01,0.81,0.85,0.0,0.0,8782.17,6887.47,1.0
p[7046],0.9,0.01,0.88,0.93,0.0,0.0,10852.52,6832.42,1.0
p[7047],0.89,0.01,0.86,0.92,0.0,0.0,11473.08,6459.67,1.0
p[7048],0.86,0.01,0.84,0.88,0.0,0.0,9127.89,6968.06,1.0
p[7049],0.86,0.01,0.84,0.88,0.0,0.0,9128.58,6968.06,1.0
p[7050],0.86,0.01,0.84,0.88,0.0,0.0,9128.46,6968.06,1.0
p[7051],0.86,0.01,0.84,0.88,0.0,0.0,9130.03,6935.84,1.0
p[7052],0.83,0.01,0.81,0.85,0.0,0.0,8777.12,6920.88,1.0
p[7053],0.83,0.01,0.81,0.85,0.0,0.0,8777.08,6920.88,1.0
p[7054],0.86,0.01,0.85,0.88,0.0,0.0,9130.78,6936.19,1.0
p[7055],0.86,0.01,0.85,0.88,0.0,0.0,9131.93,6936.19,1.0
p[7056],0.92,0.01,0.91,0.94,0.0,0.0,8941.76,6562.56,1.0
p[7057],0.86,0.01,0.85,0.88,0.0,0.0,9131.95,6967.99,1.0
p[7058],0.92,0.01,0.91,0.94,0.0,0.0,8943.0,6562.66,1.0
p[7059],0.86,0.01,0.85,0.88,0.0,0.0,9132.25,6967.99,1.0
p[7060],0.86,0.01,0.85,0.88,0.0,0.0,9132.8,6967.99,1.0
p[7061],0.86,0.01,0.85,0.88,0.0,0.0,9135.4,6966.94,1.0
p[7062],0.84,0.01,0.81,0.86,0.0,0.0,8775.48,6889.51,1.0
p[7063],0.84,0.01,0.81,0.86,0.0,0.0,8775.49,6889.51,1.0
p[7064],0.94,0.01,0.91,0.96,0.0,0.0,10395.04,6750.69,1.0
p[7065],0.9,0.01,0.87,0.92,0.0,0.0,11434.56,6488.19,1.0
p[7066],0.87,0.01,0.85,0.88,0.0,0.0,9142.82,6922.81,1.0
p[7067],0.87,0.01,0.85,0.88,0.0,0.0,9142.82,6922.81,1.0
p[7068],0.84,0.01,0.82,0.86,0.0,0.0,8774.01,6983.23,1.0
p[7069],0.87,0.01,0.85,0.88,0.0,0.0,9146.04,6923.19,1.0
p[7070],0.84,0.01,0.82,0.86,0.0,0.0,8774.48,6983.09,1.0
p[7071],0.84,0.01,0.82,0.86,0.0,0.0,8775.24,6950.77,1.0
p[7072],0.93,0.01,0.91,0.94,0.0,0.0,8952.25,6679.63,1.0
p[7073],0.93,0.01,0.91,0.94,0.0,0.0,8951.45,6679.63,1.0
p[7074],0.93,0.01,0.91,0.94,0.0,0.0,8952.5,6650.39,1.0
p[7075],0.87,0.01,0.85,0.88,0.0,0.0,9148.16,6988.6,1.0
p[7076],0.87,0.01,0.85,0.88,0.0,0.0,9149.41,6988.6,1.0
p[7077],0.9,0.01,0.87,0.92,0.0,0.0,11412.14,6546.36,1.0
p[7078],0.87,0.01,0.85,0.89,0.0,0.0,9148.52,6988.6,1.0
p[7079],0.93,0.01,0.91,0.94,0.0,0.0,8954.65,6650.97,1.0
p[7080],0.87,0.01,0.85,0.89,0.0,0.0,9149.97,6988.4,1.0
p[7081],0.93,0.01,0.91,0.94,0.0,0.0,8954.95,6768.97,1.0
p[7082],0.87,0.01,0.85,0.89,0.0,0.0,9152.68,6988.46,1.0
p[7083],0.84,0.01,0.82,0.86,0.0,0.0,8775.45,6950.26,1.0
p[7084],0.9,0.01,0.88,0.92,0.0,0.0,9570.12,7103.22,1.0
p[7085],0.84,0.01,0.82,0.86,0.0,0.0,8777.16,6918.83,1.0
p[7086],0.87,0.01,0.85,0.89,0.0,0.0,9154.2,6988.55,1.0
p[7087],0.87,0.01,0.85,0.89,0.0,0.0,9154.9,7053.82,1.0
p[7088],0.87,0.01,0.85,0.89,0.0,0.0,9151.84,7057.57,1.0
p[7089],0.87,0.01,0.85,0.89,0.0,0.0,9151.84,7057.57,1.0
p[7090],0.84,0.02,0.79,0.88,0.0,0.0,11744.68,6711.45,1.0
p[7091],0.75,0.02,0.72,0.78,0.0,0.0,9155.54,6486.29,1.0
p[7092],0.75,0.02,0.72,0.78,0.0,0.0,9150.32,6513.39,1.0
p[7093],0.8,0.01,0.77,0.82,0.0,0.0,8952.96,7360.19,1.0
p[7094],0.8,0.01,0.77,0.82,0.0,0.0,8950.39,7378.05,1.0
p[7095],0.8,0.01,0.77,0.82,0.0,0.0,8950.39,7378.05,1.0
p[7096],0.88,0.01,0.86,0.9,0.0,0.0,9024.46,7102.29,1.0
p[7097],0.76,0.01,0.73,0.78,0.0,0.0,8951.34,6524.28,1.0
p[7098],0.76,0.01,0.73,0.78,0.0,0.0,8943.36,6523.3,1.0
p[7099],0.85,0.02,0.82,0.88,0.0,0.0,9336.14,7247.26,1.0
p[7100],0.8,0.01,0.78,0.82,0.0,0.0,8921.62,7306.62,1.0
p[7101],0.8,0.01,0.78,0.82,0.0,0.0,8921.62,7306.62,1.0
p[7102],0.76,0.01,0.73,0.79,0.0,0.0,8910.63,6619.65,1.0
p[7103],0.85,0.02,0.82,0.88,0.0,0.0,9323.93,7144.87,1.0
p[7104],0.88,0.01,0.86,0.91,0.0,0.0,9009.31,7036.53,1.0
p[7105],0.8,0.01,0.78,0.83,0.0,0.0,8893.2,7212.11,1.0
p[7106],0.76,0.01,0.74,0.79,0.0,0.0,8869.18,6545.57,1.0
p[7107],0.86,0.02,0.83,0.88,0.0,0.0,9313.16,7126.64,1.0
p[7108],0.77,0.01,0.74,0.79,0.0,0.0,8837.71,6838.39,1.0
p[7109],0.77,0.01,0.75,0.8,0.0,0.0,8793.78,6834.25,1.0
p[7110],0.77,0.01,0.75,0.8,0.0,0.0,8763.87,6759.99,1.0
p[7111],0.78,0.01,0.75,0.8,0.0,0.0,8720.66,6733.51,1.0
p[7112],0.87,0.02,0.84,0.9,0.0,0.0,11648.02,6496.95,1.0
p[7113],0.79,0.01,0.76,0.81,0.0,0.0,8650.6,6673.18,1.0
p[7114],0.79,0.01,0.77,0.81,0.0,0.0,8627.2,6631.49,1.0
p[7115],0.82,0.01,0.8,0.84,0.0,0.0,8735.61,6825.47,1.0
p[7116],0.86,0.02,0.83,0.9,0.0,0.0,11824.6,6390.66,1.0
p[7117],0.83,0.01,0.81,0.84,0.0,0.0,8726.24,6889.03,1.0
p[7118],0.79,0.01,0.77,0.81,0.0,0.0,8595.1,6751.15,1.0
p[7119],0.88,0.02,0.84,0.91,0.0,0.0,11645.36,6698.64,1.0
p[7120],0.83,0.01,0.81,0.85,0.0,0.0,8712.99,6921.69,1.0
p[7121],0.79,0.01,0.77,0.81,0.0,0.0,8591.56,6751.15,1.0
p[7122],0.83,0.01,0.81,0.85,0.0,0.0,8709.55,6889.8,1.0
p[7123],0.83,0.01,0.81,0.85,0.0,0.0,8709.62,6952.59,1.0
p[7124],0.83,0.01,0.81,0.85,0.0,0.0,8706.68,6954.31,1.0
p[7125],0.83,0.01,0.81,0.85,0.0,0.0,8706.21,6954.31,1.0
p[7126],0.8,0.02,0.77,0.84,0.0,0.0,9747.56,6569.22,1.0
p[7127],0.65,0.02,0.6,0.69,0.0,0.0,9266.82,6554.38,1.0
p[7128],0.83,0.01,0.81,0.85,0.0,0.0,8701.04,6986.31,1.0
p[7129],0.83,0.01,0.81,0.85,0.0,0.0,8697.16,6922.69,1.0
p[7130],0.8,0.01,0.77,0.82,0.0,0.0,8561.42,6746.67,1.0
p[7131],0.85,0.02,0.81,0.87,0.0,0.0,10373.71,6163.1,1.0
p[7132],0.83,0.01,0.81,0.85,0.0,0.0,8696.62,6922.69,1.0
p[7133],0.8,0.01,0.77,0.82,0.0,0.0,8559.4,6838.03,1.0
p[7134],0.83,0.01,0.81,0.85,0.0,0.0,8694.16,6922.69,1.0
p[7135],0.83,0.01,0.81,0.85,0.0,0.0,8689.49,6892.01,1.0
p[7136],0.83,0.01,0.81,0.85,0.0,0.0,8684.49,6892.93,1.0
p[7137],0.83,0.01,0.81,0.85,0.0,0.0,8683.83,6892.93,1.0
p[7138],0.8,0.01,0.78,0.82,0.0,0.0,8535.48,6883.02,1.0
p[7139],0.83,0.01,0.82,0.85,0.0,0.0,8680.13,6769.93,1.0
p[7140],0.88,0.02,0.85,0.91,0.0,0.0,11641.85,6553.71,1.0
p[7141],0.8,0.01,0.78,0.82,0.0,0.0,8529.82,6887.46,1.0
p[7142],0.92,0.02,0.89,0.95,0.0,0.0,10549.73,6680.79,1.0
p[7143],0.81,0.02,0.77,0.85,0.0,0.0,9745.32,6568.15,1.0
p[7144],0.83,0.01,0.82,0.85,0.0,0.0,8675.92,6710.74,1.0
p[7145],0.8,0.01,0.78,0.82,0.0,0.0,8523.62,6896.14,1.0
p[7146],0.83,0.01,0.82,0.85,0.0,0.0,8674.78,6710.31,1.0
p[7147],0.83,0.01,0.82,0.85,0.0,0.0,8674.81,6710.31,1.0
p[7148],0.8,0.01,0.78,0.82,0.0,0.0,8515.27,6959.5,1.0
p[7149],0.83,0.01,0.82,0.85,0.0,0.0,8673.13,6710.31,1.0
p[7150],0.85,0.02,0.82,0.88,0.0,0.0,10371.47,6263.02,1.0
p[7151],0.84,0.01,0.82,0.85,0.0,0.0,8673.07,6710.19,1.0
p[7152],0.66,0.02,0.62,0.7,0.0,0.0,9264.08,6867.03,1.0
p[7153],0.8,0.01,0.78,0.82,0.0,0.0,8507.25,6840.29,1.0
p[7154],0.88,0.01,0.85,0.9,0.0,0.0,9264.64,6489.33,1.0
p[7155],0.8,0.01,0.78,0.82,0.0,0.0,8496.95,6749.15,1.0
p[7156],0.8,0.01,0.78,0.82,0.0,0.0,8494.1,6749.15,1.0
p[7157],0.84,0.01,0.82,0.85,0.0,0.0,8669.73,6623.64,1.0
p[7158],0.84,0.01,0.82,0.85,0.0,0.0,8670.14,6651.44,1.0
p[7159],0.84,0.01,0.82,0.86,0.0,0.0,8668.79,6650.71,1.0
p[7160],0.8,0.01,0.78,0.82,0.0,0.0,8487.46,6840.49,1.0
p[7161],0.88,0.02,0.86,0.91,0.0,0.0,11636.73,6524.3,1.0
p[7162],0.8,0.01,0.78,0.82,0.0,0.0,8484.0,6996.56,1.0
p[7163],0.88,0.01,0.86,0.9,0.0,0.0,9258.49,6462.28,1.0
p[7164],0.84,0.01,0.82,0.86,0.0,0.0,8668.56,6650.77,1.0
p[7165],0.8,0.01,0.78,0.82,0.0,0.0,8475.98,7028.91,1.0
p[7166],0.84,0.01,0.82,0.86,0.0,0.0,8666.91,6739.66,1.0
p[7167],0.81,0.02,0.78,0.85,0.0,0.0,9745.32,6569.23,1.0
p[7168],0.81,0.01,0.78,0.83,0.0,0.0,8472.38,6982.88,1.0
p[7169],0.88,0.01,0.86,0.9,0.0,0.0,9258.99,6407.93,1.0
p[7170],0.84,0.01,0.82,0.86,0.0,0.0,8664.8,6680.95,1.0
p[7171],0.81,0.01,0.79,0.83,0.0,0.0,8466.52,6933.23,1.0
p[7172],0.84,0.01,0.82,0.86,0.0,0.0,8662.92,6710.4,1.0
p[7173],0.81,0.01,0.79,0.83,0.0,0.0,8461.29,6931.07,1.0
p[7174],0.84,0.01,0.82,0.86,0.0,0.0,8662.96,6710.62,1.0
p[7175],0.66,0.02,0.62,0.7,0.0,0.0,9025.7,6586.59,1.0
p[7176],0.86,0.02,0.83,0.88,0.0,0.0,10377.07,6292.95,1.0
p[7177],0.81,0.01,0.79,0.83,0.0,0.0,8452.17,6837.2,1.0
p[7178],0.84,0.01,0.83,0.86,0.0,0.0,8657.49,6596.33,1.0
p[7179],0.81,0.01,0.79,0.83,0.0,0.0,8448.77,6868.09,1.0
p[7180],0.84,0.01,0.83,0.86,0.0,0.0,8655.6,6610.26,1.0
p[7181],0.89,0.01,0.86,0.91,0.0,0.0,11632.4,6694.77,1.0
p[7182],0.84,0.01,0.83,0.86,0.0,0.0,8655.73,6581.56,1.0
p[7183],0.81,0.01,0.79,0.83,0.0,0.0,8442.15,6715.36,1.0
p[7184],0.81,0.01,0.79,0.83,0.0,0.0,8440.05,6777.17,1.0
p[7185],0.84,0.01,0.83,0.86,0.0,0.0,8654.85,6668.87,1.0
p[7186],0.84,0.01,0.83,0.86,0.0,0.0,8654.74,6669.5,1.0
p[7187],0.84,0.01,0.83,0.86,0.0,0.0,8654.65,6669.5,1.0
p[7188],0.84,0.01,0.83,0.86,0.0,0.0,8655.95,6698.89,1.0
p[7189],0.81,0.01,0.79,0.83,0.0,0.0,8435.11,6630.42,1.0
p[7190],0.84,0.01,0.83,0.86,0.0,0.0,8657.82,6583.33,1.0
p[7191],0.93,0.02,0.9,0.95,0.0,0.0,10528.74,6712.52,1.0
p[7192],0.82,0.02,0.79,0.86,0.0,0.0,9747.18,6484.34,1.0
p[7193],0.81,0.01,0.79,0.83,0.0,0.0,8426.58,6660.54,1.0
p[7194],0.84,0.01,0.83,0.86,0.0,0.0,8656.75,6624.32,1.0
p[7195],0.81,0.01,0.79,0.83,0.0,0.0,8423.0,6659.18,1.0
p[7196],0.85,0.01,0.83,0.86,0.0,0.0,8656.09,6595.7,1.0
p[7197],0.85,0.01,0.83,0.86,0.0,0.0,8654.96,6510.96,1.0
p[7198],0.81,0.01,0.79,0.83,0.0,0.0,8419.29,6657.62,1.0
p[7199],0.67,0.02,0.63,0.71,0.0,0.0,9022.61,6621.32,1.0
p[7200],0.85,0.01,0.83,0.86,0.0,0.0,8654.68,6456.62,1.0
p[7201],0.86,0.01,0.83,0.89,0.0,0.0,10370.31,6191.83,1.0
p[7202],0.81,0.01,0.79,0.83,0.0,0.0,8408.32,6627.19,1.0
p[7203],0.81,0.01,0.79,0.83,0.0,0.0,8403.77,6485.89,1.0
p[7204],0.85,0.01,0.83,0.86,0.0,0.0,8659.04,6484.01,1.0
p[7205],0.85,0.01,0.83,0.86,0.0,0.0,8658.07,6484.01,1.0
p[7206],0.85,0.01,0.83,0.86,0.0,0.0,8658.96,6439.73,1.0
p[7207],0.89,0.01,0.87,0.91,0.0,0.0,9254.61,6173.93,1.0
p[7208],0.85,0.01,0.83,0.86,0.0,0.0,8657.48,6439.73,1.0
p[7209],0.91,0.01,0.9,0.93,0.0,0.0,8755.12,6632.19,1.0
p[7210],0.85,0.01,0.83,0.87,0.0,0.0,8655.86,6456.87,1.0
p[7211],0.82,0.01,0.8,0.84,0.0,0.0,8394.4,6597.89,1.0
p[7212],0.85,0.01,0.83,0.87,0.0,0.0,8654.43,6456.87,1.0
p[7213],0.89,0.01,0.87,0.91,0.0,0.0,9254.68,6148.62,1.0
p[7214],0.82,0.01,0.8,0.84,0.0,0.0,8390.77,6597.84,1.0
p[7215],0.85,0.01,0.83,0.87,0.0,0.0,8655.03,6456.45,1.0
p[7216],0.8,0.02,0.77,0.83,0.0,0.0,8849.23,7005.62,1.0
p[7217],0.89,0.01,0.87,0.92,0.0,0.0,11614.68,6717.91,1.0
p[7218],0.85,0.01,0.83,0.87,0.0,0.0,8657.01,6456.45,1.0
p[7219],0.8,0.02,0.77,0.83,0.0,0.0,8850.66,7039.13,1.0
p[7220],0.91,0.01,0.9,0.93,0.0,0.0,8738.48,6573.77,1.0
p[7221],0.82,0.01,0.8,0.84,0.0,0.0,8387.64,6598.44,1.0
p[7222],0.85,0.01,0.84,0.87,0.0,0.0,8656.21,6379.57,1.0
p[7223],0.83,0.02,0.8,0.86,0.0,0.0,9746.77,6245.91,1.0
p[7224],0.68,0.02,0.64,0.72,0.0,0.0,9024.37,6652.47,1.0
p[7225],0.92,0.01,0.9,0.93,0.0,0.0,8724.9,6660.57,1.0
p[7226],0.85,0.01,0.84,0.87,0.0,0.0,8657.41,6379.17,1.0
p[7227],0.85,0.01,0.84,0.87,0.0,0.0,8656.91,6299.85,1.0
p[7228],0.82,0.01,0.8,0.84,0.0,0.0,8377.37,6627.51,1.0
p[7229],0.85,0.01,0.84,0.87,0.0,0.0,8658.14,6300.15,1.0
p[7230],0.87,0.01,0.84,0.89,0.0,0.0,10370.72,6164.75,1.0
p[7231],0.85,0.01,0.84,0.87,0.0,0.0,8655.91,6300.15,1.0
p[7232],0.8,0.02,0.77,0.84,0.0,0.0,8850.81,6957.91,1.0
p[7233],0.85,0.01,0.84,0.87,0.0,0.0,8656.28,6300.15,1.0
p[7234],0.82,0.01,0.8,0.84,0.0,0.0,8371.21,6613.16,1.0
p[7235],0.85,0.01,0.84,0.87,0.0,0.0,8657.63,6300.15,1.0
p[7236],0.85,0.01,0.84,0.87,0.0,0.0,8657.63,6300.15,1.0
p[7237],0.85,0.01,0.84,0.87,0.0,0.0,8661.46,6266.03,1.0
p[7238],0.93,0.01,0.91,0.96,0.0,0.0,10502.37,6715.03,1.0
p[7239],0.85,0.01,0.84,0.87,0.0,0.0,8664.44,6240.17,1.0
p[7240],0.9,0.01,0.87,0.92,0.0,0.0,11591.46,6717.03,1.0
p[7241],0.82,0.01,0.8,0.84,0.0,0.0,8366.43,6407.81,1.0
p[7242],0.82,0.01,0.8,0.84,0.0,0.0,8366.52,6355.99,1.0
p[7243],0.85,0.01,0.84,0.87,0.0,0.0,8665.21,6166.84,1.0
p[7244],0.85,0.01,0.84,0.87,0.0,0.0,8666.28,6166.84,1.0
p[7245],0.89,0.01,0.86,0.91,0.0,0.0,11820.73,6431.01,1.0
p[7246],0.86,0.01,0.84,0.87,0.0,0.0,8672.09,6295.25,1.0
p[7247],0.82,0.01,0.81,0.84,0.0,0.0,8363.54,6389.7,1.0
p[7248],0.86,0.01,0.84,0.87,0.0,0.0,8672.08,6295.25,1.0
p[7249],0.69,0.02,0.65,0.73,0.0,0.0,9030.07,6700.31,1.0
p[7250],0.89,0.01,0.87,0.91,0.0,0.0,9258.75,6195.9,1.0
p[7251],0.83,0.02,0.8,0.87,0.0,0.0,9743.58,6325.04,1.0
p[7252],0.86,0.01,0.84,0.87,0.0,0.0,8679.18,6217.69,1.0
p[7253],0.83,0.01,0.81,0.84,0.0,0.0,8362.57,6441.87,1.0
p[7254],0.86,0.01,0.84,0.87,0.0,0.0,8682.72,6257.63,1.0
p[7255],0.86,0.01,0.84,0.87,0.0,0.0,8684.81,6257.63,1.0
p[7256],0.87,0.01,0.84,0.9,0.0,0.0,10359.26,6125.2,1.0
p[7257],0.89,0.01,0.86,0.92,0.0,0.0,11822.18,6302.32,1.0
p[7258],0.86,0.01,0.84,0.87,0.0,0.0,8687.93,6157.09,1.0
p[7259],0.83,0.01,0.81,0.85,0.0,0.0,8362.09,6554.75,1.0
p[7260],0.86,0.01,0.84,0.87,0.0,0.0,8689.78,6181.45,1.0
p[7261],0.86,0.01,0.84,0.87,0.0,0.0,8690.98,6181.45,1.0
p[7262],0.86,0.01,0.84,0.87,0.0,0.0,8693.2,6080.92,1.0
p[7263],0.9,0.01,0.87,0.92,0.0,0.0,11578.68,6866.34,1.0
p[7264],0.92,0.01,0.9,0.93,0.0,0.0,8693.56,6780.47,1.0
p[7265],0.86,0.01,0.84,0.87,0.0,0.0,8694.87,6080.7,1.0
p[7266],0.83,0.01,0.81,0.85,0.0,0.0,8360.44,6794.64,1.0
p[7267],0.9,0.01,0.88,0.92,0.0,0.0,9259.02,6248.23,1.0
p[7268],0.83,0.01,0.81,0.85,0.0,0.0,8360.83,6759.41,1.0
p[7269],0.86,0.01,0.84,0.87,0.0,0.0,8698.72,6117.29,1.0
p[7270],0.86,0.01,0.85,0.87,0.0,0.0,8701.0,6104.97,1.0
p[7271],0.84,0.02,0.81,0.87,0.0,0.0,9742.62,6321.0,1.0
p[7272],0.83,0.01,0.81,0.85,0.0,0.0,8358.77,6763.39,1.0
p[7273],0.92,0.01,0.91,0.93,0.0,0.0,8685.44,6872.68,1.0
p[7274],0.86,0.01,0.85,0.87,0.0,0.0,8703.47,6105.38,1.0
p[7275],0.81,0.02,0.78,0.85,0.0,0.0,8863.67,6774.73,1.0
p[7276],0.9,0.01,0.88,0.92,0.0,0.0,9264.91,6222.29,1.0
p[7277],0.7,0.02,0.66,0.74,0.0,0.0,9043.35,6946.9,1.0
p[7278],0.87,0.01,0.85,0.9,0.0,0.0,10355.19,6209.92,1.0
p[7279],0.83,0.01,0.81,0.85,0.0,0.0,8357.25,6793.33,1.0
p[7280],0.86,0.01,0.85,0.88,0.0,0.0,8710.68,6111.19,1.0
p[7281],0.83,0.01,0.81,0.85,0.0,0.0,8357.0,6694.96,1.0
p[7282],0.86,0.01,0.85,0.88,0.0,0.0,8711.97,6038.63,1.0
p[7283],0.86,0.01,0.85,0.88,0.0,0.0,8711.81,6038.63,1.0
p[7284],0.86,0.01,0.85,0.88,0.0,0.0,8715.13,6068.61,1.0
p[7285],0.83,0.01,0.81,0.85,0.0,0.0,8357.44,6824.65,1.0
p[7286],0.86,0.01,0.85,0.88,0.0,0.0,8717.51,6091.9,1.0
p[7287],0.82,0.02,0.79,0.85,0.0,0.0,8866.02,6723.83,1.0
p[7288],0.86,0.01,0.85,0.88,0.0,0.0,8720.07,6092.32,1.0
p[7289],0.86,0.01,0.85,0.88,0.0,0.0,8720.07,6092.32,1.0
p[7290],0.83,0.01,0.82,0.85,0.0,0.0,8356.82,6836.14,1.0
p[7291],0.92,0.01,0.91,0.94,0.0,0.0,8671.28,6692.29,1.0
p[7292],0.83,0.01,0.82,0.85,0.0,0.0,8355.96,6776.19,1.0
p[7293],0.86,0.01,0.85,0.88,0.0,0.0,8731.04,6117.83,1.0
p[7294],0.94,0.01,0.91,0.96,0.0,0.0,10473.5,6715.6,1.0
p[7295],0.83,0.01,0.82,0.85,0.0,0.0,8357.66,6775.15,1.0
p[7296],0.9,0.01,0.88,0.93,0.0,0.0,11561.5,6866.1,1.0
p[7297],0.86,0.01,0.85,0.88,0.0,0.0,8739.9,6141.91,1.0
p[7298],0.84,0.02,0.81,0.88,0.0,0.0,9742.83,6343.26,1.0
p[7299],0.87,0.01,0.85,0.88,0.0,0.0,8742.07,6166.82,1.0
p[7300],0.88,0.01,0.85,0.9,0.0,0.0,10355.05,6285.15,1.0
p[7301],0.87,0.01,0.85,0.88,0.0,0.0,8750.23,6067.81,1.0
p[7302],0.87,0.01,0.85,0.88,0.0,0.0,8751.25,6092.96,1.0
p[7303],0.84,0.01,0.82,0.85,0.0,0.0,8358.12,6707.39,1.0
p[7304],0.87,0.01,0.85,0.88,0.0,0.0,8754.03,6069.47,1.0
p[7305],0.87,0.01,0.85,0.88,0.0,0.0,8754.42,6070.4,1.0
p[7306],0.84,0.01,0.82,0.86,0.0,0.0,8359.41,6707.23,1.0
p[7307],0.71,0.02,0.67,0.75,0.0,0.0,9068.85,6949.19,1.0
p[7308],0.87,0.01,0.85,0.88,0.0,0.0,8757.18,6118.94,1.0
p[7309],0.87,0.01,0.85,0.88,0.0,0.0,8757.26,6069.47,1.0
p[7310],0.84,0.01,0.82,0.86,0.0,0.0,8361.06,6705.97,1.0
p[7311],0.82,0.02,0.79,0.85,0.0,0.0,8872.62,6906.59,1.0
p[7312],0.87,0.01,0.85,0.88,0.0,0.0,8758.57,6069.47,1.0
p[7313],0.87,0.01,0.85,0.88,0.0,0.0,8768.21,6070.91,1.0
p[7314],0.84,0.01,0.82,0.86,0.0,0.0,8364.17,6827.85,1.0
p[7315],0.9,0.01,0.88,0.92,0.0,0.0,9277.62,6058.81,1.0
p[7316],0.9,0.01,0.88,0.92,0.0,0.0,9278.13,6058.81,1.0
p[7317],0.84,0.01,0.82,0.86,0.0,0.0,8365.7,6678.69,1.0
p[7318],0.93,0.01,0.91,0.94,0.0,0.0,8646.15,6601.72,1.0
p[7319],0.84,0.01,0.82,0.86,0.0,0.0,8367.57,6678.69,1.0
p[7320],0.87,0.01,0.86,0.88,0.0,0.0,8781.01,6010.77,1.0
p[7321],0.85,0.02,0.82,0.88,0.0,0.0,9743.13,6291.01,1.0
p[7322],0.87,0.01,0.86,0.88,0.0,0.0,8782.48,6022.82,1.0
p[7323],0.84,0.01,0.82,0.86,0.0,0.0,8369.35,6737.22,1.0
p[7324],0.71,0.02,0.68,0.75,0.0,0.0,9080.77,6987.01,1.0
p[7325],0.93,0.01,0.91,0.94,0.0,0.0,8641.6,6547.87,1.0
p[7326],0.87,0.01,0.86,0.88,0.0,0.0,8789.03,6048.38,1.0
p[7327],0.87,0.01,0.86,0.88,0.0,0.0,8793.34,6048.19,1.0
p[7328],0.91,0.01,0.88,0.93,0.0,0.0,11547.61,6803.3,1.0
p[7329],0.87,0.01,0.86,0.88,0.0,0.0,8800.34,6000.68,1.0
p[7330],0.83,0.02,0.8,0.86,0.0,0.0,8883.37,6990.47,1.0
p[7331],0.84,0.01,0.82,0.86,0.0,0.0,8375.54,6702.76,1.0
p[7332],0.84,0.01,0.83,0.86,0.0,0.0,8377.42,6702.76,1.0
p[7333],0.87,0.01,0.86,0.88,0.0,0.0,8808.1,6049.03,1.0
p[7334],0.87,0.01,0.86,0.88,0.0,0.0,8808.1,6049.03,1.0
p[7335],0.87,0.01,0.86,0.89,0.0,0.0,8808.14,6049.03,1.0
p[7336],0.87,0.01,0.86,0.89,0.0,0.0,8809.03,6049.03,1.0
p[7337],0.84,0.01,0.83,0.86,0.0,0.0,8377.78,6732.46,1.0
p[7338],0.88,0.01,0.86,0.91,0.0,0.0,10343.94,6447.32,1.0
p[7339],0.87,0.01,0.86,0.89,0.0,0.0,8812.39,6049.03,1.0
p[7340],0.87,0.01,0.86,0.89,0.0,0.0,8812.39,6049.03,1.0
p[7341],0.84,0.01,0.83,0.86,0.0,0.0,8378.66,6762.41,1.0
p[7342],0.9,0.01,0.88,0.93,0.0,0.0,11784.65,6351.74,1.0
p[7343],0.87,0.01,0.86,0.89,0.0,0.0,8819.88,6048.98,1.0
p[7344],0.84,0.01,0.83,0.86,0.0,0.0,8381.27,6732.28,1.0
p[7345],0.84,0.01,0.83,0.86,0.0,0.0,8383.44,6719.5,1.0
p[7346],0.94,0.01,0.92,0.96,0.0,0.0,10448.28,6742.24,1.0
p[7347],0.85,0.02,0.82,0.88,0.0,0.0,9748.71,6405.45,1.0
p[7348],0.87,0.01,0.86,0.89,0.0,0.0,8832.05,6025.14,1.0
p[7349],0.91,0.01,0.89,0.93,0.0,0.0,11543.77,6927.44,1.0
p[7350],0.85,0.01,0.83,0.86,0.0,0.0,8389.26,6779.28,1.0
p[7351],0.87,0.01,0.86,0.89,0.0,0.0,8840.15,6073.28,1.0
p[7352],0.85,0.01,0.83,0.86,0.0,0.0,8390.99,6778.93,1.0
p[7353],0.72,0.02,0.69,0.76,0.0,0.0,9105.53,7052.25,1.0
p[7354],0.87,0.01,0.86,0.89,0.0,0.0,8844.19,6121.64,1.0
p[7355],0.87,0.01,0.86,0.89,0.0,0.0,8847.14,6121.64,1.0
p[7356],0.86,0.02,0.83,0.88,0.0,0.0,9749.49,6406.81,1.0
p[7357],0.85,0.01,0.83,0.86,0.0,0.0,8395.21,6779.39,1.0
p[7358],0.89,0.01,0.86,0.91,0.0,0.0,10339.07,6366.28,1.0
p[7359],0.94,0.01,0.91,0.96,0.0,0.0,10598.14,6351.38,1.0
p[7360],0.88,0.01,0.86,0.89,0.0,0.0,8860.08,6074.4,1.0
p[7361],0.85,0.01,0.83,0.86,0.0,0.0,8398.47,6749.63,1.0
p[7362],0.88,0.01,0.86,0.89,0.0,0.0,8861.03,6074.4,1.0
p[7363],0.88,0.01,0.86,0.89,0.0,0.0,8864.43,6098.78,1.0
p[7364],0.88,0.01,0.86,0.89,0.0,0.0,8865.02,6074.64,1.0
p[7365],0.85,0.01,0.83,0.86,0.0,0.0,8401.24,6811.4,1.0
p[7366],0.88,0.01,0.86,0.89,0.0,0.0,8868.35,6148.97,1.0
p[7367],0.88,0.01,0.86,0.89,0.0,0.0,8873.68,6051.21,1.0
p[7368],0.88,0.01,0.86,0.89,0.0,0.0,8875.05,6051.21,1.0
p[7369],0.93,0.01,0.92,0.94,0.0,0.0,8626.71,6447.2,1.0
p[7370],0.93,0.01,0.92,0.94,0.0,0.0,8626.34,6447.2,1.0
p[7371],0.88,0.01,0.86,0.89,0.0,0.0,8880.48,6075.16,1.0
p[7372],0.85,0.01,0.83,0.87,0.0,0.0,8410.24,6872.84,1.0
p[7373],0.88,0.01,0.86,0.89,0.0,0.0,8883.73,6074.93,1.0
p[7374],0.86,0.02,0.83,0.89,0.0,0.0,9751.42,6300.19,1.0
p[7375],0.88,0.01,0.86,0.89,0.0,0.0,8894.17,6050.98,1.0
p[7376],0.85,0.01,0.83,0.87,0.0,0.0,8419.22,6617.53,1.0
p[7377],0.73,0.02,0.7,0.76,0.0,0.0,9132.39,7119.78,1.0
p[7378],0.85,0.01,0.83,0.87,0.0,0.0,8422.95,6644.49,1.0
p[7379],0.89,0.01,0.87,0.91,0.0,0.0,10341.19,6315.56,1.0
p[7380],0.93,0.01,0.92,0.94,0.0,0.0,8617.57,6378.92,1.0
p[7381],0.91,0.01,0.89,0.93,0.0,0.0,9301.94,6286.72,1.0
p[7382],0.88,0.01,0.87,0.89,0.0,0.0,8907.03,6027.8,1.0
p[7383],0.88,0.01,0.87,0.89,0.0,0.0,8908.35,6027.8,1.0
p[7384],0.88,0.01,0.87,0.89,0.0,0.0,8911.7,6052.58,1.0
p[7385],0.85,0.01,0.84,0.87,0.0,0.0,8429.08,6648.06,1.0
p[7386],0.84,0.02,0.81,0.87,0.0,0.0,8909.19,7160.52,1.0
p[7387],0.88,0.01,0.87,0.89,0.0,0.0,8916.72,6027.17,1.0
p[7388],0.88,0.01,0.87,0.89,0.0,0.0,8916.72,6027.17,1.0
p[7389],0.88,0.01,0.87,0.89,0.0,0.0,8921.29,6005.36,1.0
p[7390],0.85,0.01,0.84,0.87,0.0,0.0,8433.57,6646.17,1.0
p[7391],0.88,0.01,0.87,0.89,0.0,0.0,8924.83,5958.55,1.0
p[7392],0.85,0.01,0.84,0.87,0.0,0.0,8435.41,6646.17,1.0
p[7393],0.88,0.01,0.87,0.89,0.0,0.0,8929.22,5979.82,1.0
p[7394],0.84,0.02,0.81,0.87,0.0,0.0,8914.47,7027.83,1.0
p[7395],0.85,0.01,0.84,0.87,0.0,0.0,8441.44,6629.08,1.0
p[7396],0.88,0.01,0.87,0.89,0.0,0.0,8942.91,5902.09,1.0
p[7397],0.88,0.01,0.87,0.89,0.0,0.0,8942.91,5902.09,1.0
p[7398],0.92,0.01,0.89,0.94,0.0,0.0,11514.04,6864.32,1.0
p[7399],0.94,0.01,0.92,0.97,0.0,0.0,10410.21,6780.54,1.0
p[7400],0.85,0.01,0.84,0.87,0.0,0.0,8447.8,6759.14,1.0
p[7401],0.92,0.01,0.89,0.94,0.0,0.0,11510.95,6864.32,1.0
p[7402],0.88,0.01,0.87,0.89,0.0,0.0,8961.36,5883.15,1.0
p[7403],0.86,0.01,0.83,0.89,0.0,0.0,9763.57,6300.15,1.0
p[7404],0.86,0.01,0.84,0.87,0.0,0.0,8452.31,6759.14,1.0
p[7405],0.88,0.01,0.87,0.9,0.0,0.0,8969.3,5883.31,1.0
p[7406],0.91,0.01,0.9,0.93,0.0,0.0,9317.14,6266.36,1.0
p[7407],0.88,0.01,0.87,0.9,0.0,0.0,8975.43,5939.61,1.0
p[7408],0.74,0.02,0.7,0.77,0.0,0.0,9163.85,7028.88,1.0
p[7409],0.88,0.01,0.87,0.9,0.0,0.0,8982.37,5904.12,1.0
p[7410],0.86,0.01,0.84,0.87,0.0,0.0,8465.7,6947.34,1.0
p[7411],0.89,0.01,0.87,0.92,0.0,0.0,10330.84,6367.11,1.0
p[7412],0.88,0.01,0.87,0.9,0.0,0.0,8989.35,5927.7,1.0
p[7413],0.86,0.01,0.84,0.87,0.0,0.0,8470.71,6993.26,1.0
p[7414],0.88,0.01,0.87,0.9,0.0,0.0,8996.79,5926.78,1.0
p[7415],0.88,0.01,0.87,0.9,0.0,0.0,8998.65,5926.78,1.0
p[7416],0.86,0.01,0.84,0.87,0.0,0.0,8478.68,6961.25,1.0
p[7417],0.92,0.01,0.9,0.94,0.0,0.0,11495.07,7022.54,1.0
p[7418],0.88,0.01,0.87,0.9,0.0,0.0,9004.55,5925.83,1.0
p[7419],0.88,0.01,0.87,0.9,0.0,0.0,9007.89,5925.83,1.0
p[7420],0.86,0.01,0.84,0.87,0.0,0.0,8482.95,6929.11,1.0
p[7421],0.88,0.01,0.87,0.9,0.0,0.0,9008.99,5903.34,1.0
p[7422],0.94,0.01,0.92,0.95,0.0,0.0,8590.8,6082.97,1.0
p[7423],0.88,0.01,0.87,0.9,0.0,0.0,9015.01,5925.81,1.0
p[7424],0.89,0.01,0.87,0.9,0.0,0.0,9021.96,5924.5,1.0
p[7425],0.86,0.01,0.84,0.88,0.0,0.0,8493.13,7008.52,1.0
p[7426],0.85,0.01,0.82,0.87,0.0,0.0,8934.7,6824.1,1.0
p[7427],0.92,0.01,0.9,0.93,0.0,0.0,9329.44,6214.97,1.0
p[7428],0.89,0.01,0.87,0.9,0.0,0.0,9037.86,5902.87,1.0
p[7429],0.87,0.01,0.84,0.89,0.0,0.0,9780.14,6326.05,1.0
p[7430],0.86,0.01,0.84,0.88,0.0,0.0,8503.33,7029.19,1.0
p[7431],0.89,0.01,0.87,0.9,0.0,0.0,9044.05,5902.87,1.0
p[7432],0.94,0.01,0.92,0.95,0.0,0.0,8591.06,6398.51,1.0
p[7433],0.9,0.01,0.88,0.92,0.0,0.0,10325.17,6340.0,1.0
p[7434],0.86,0.01,0.84,0.88,0.0,0.0,8507.61,6997.12,1.0
p[7435],0.75,0.02,0.71,0.78,0.0,0.0,9198.18,7153.19,1.0
p[7436],0.86,0.01,0.85,0.88,0.0,0.0,8510.73,7052.72,1.0
p[7437],0.89,0.01,0.87,0.9,0.0,0.0,9057.36,5879.84,1.0
p[7438],0.89,0.01,0.87,0.9,0.0,0.0,9058.67,5879.82,1.0
p[7439],0.86,0.01,0.85,0.88,0.0,0.0,8516.77,7052.72,1.0
p[7440],0.91,0.01,0.89,0.94,0.0,0.0,11714.32,6317.53,1.0
p[7441],0.89,0.01,0.88,0.9,0.0,0.0,9072.1,5857.94,1.0
p[7442],0.89,0.01,0.88,0.9,0.0,0.0,9079.55,5835.87,1.0
p[7443],0.89,0.01,0.88,0.9,0.0,0.0,9079.55,5835.87,1.0
p[7444],0.89,0.01,0.87,0.9,0.0,0.0,9083.66,5834.08,1.0
p[7445],0.89,0.01,0.87,0.9,0.0,0.0,9083.66,5834.08,1.0
p[7446],0.86,0.01,0.85,0.88,0.0,0.0,8530.23,7095.03,1.0
p[7447],0.89,0.01,0.88,0.9,0.0,0.0,9087.02,5879.6,1.0
p[7448],0.89,0.01,0.88,0.9,0.0,0.0,9087.02,5879.6,1.0
p[7449],0.86,0.01,0.85,0.88,0.0,0.0,8533.02,7095.0,1.0
p[7450],0.95,0.01,0.93,0.97,0.0,0.0,10384.91,6631.99,1.0
p[7451],0.89,0.01,0.88,0.9,0.0,0.0,9098.85,6122.73,1.0
p[7452],0.86,0.01,0.85,0.88,0.0,0.0,8540.89,7094.02,1.0
p[7453],0.92,0.01,0.9,0.94,0.0,0.0,11469.2,6893.09,1.0
p[7454],0.89,0.01,0.88,0.9,0.0,0.0,9109.71,6252.17,1.0
p[7455],0.86,0.01,0.85,0.88,0.0,0.0,8548.02,7127.43,1.0
p[7456],0.92,0.01,0.9,0.94,0.0,0.0,9347.87,6240.17,1.0
p[7457],0.87,0.01,0.85,0.88,0.0,0.0,8552.97,7128.7,1.0
p[7458],0.89,0.01,0.88,0.9,0.0,0.0,9118.19,6245.62,1.0
p[7459],0.89,0.01,0.88,0.9,0.0,0.0,9118.19,6245.62,1.0
p[7460],0.87,0.01,0.85,0.88,0.0,0.0,8556.48,7128.66,1.0
p[7461],0.75,0.02,0.72,0.79,0.0,0.0,9240.22,7158.22,1.0
p[7462],0.89,0.01,0.88,0.9,0.0,0.0,9132.7,6144.85,1.0
p[7463],0.89,0.01,0.88,0.9,0.0,0.0,9139.03,6095.82,1.0
p[7464],0.9,0.01,0.88,0.92,0.0,0.0,10323.62,6475.32,1.0
p[7465],0.87,0.01,0.85,0.88,0.0,0.0,8565.38,7102.89,1.0
p[7466],0.87,0.01,0.85,0.88,0.0,0.0,8567.32,7103.0,1.0
p[7467],0.89,0.01,0.88,0.9,0.0,0.0,9149.95,6072.05,1.0
p[7468],0.87,0.01,0.85,0.88,0.0,0.0,8720.92,7194.91,1.0
p[7469],0.89,0.01,0.88,0.9,0.0,0.0,9156.88,6121.86,1.0
p[7470],0.89,0.01,0.88,0.9,0.0,0.0,9156.88,6121.86,1.0
p[7471],0.94,0.01,0.93,0.95,0.0,0.0,8643.68,6328.64,1.0
p[7472],0.89,0.01,0.88,0.9,0.0,0.0,9158.11,6121.86,1.0
p[7473],0.89,0.01,0.88,0.9,0.0,0.0,9163.12,6091.85,1.0
p[7474],0.87,0.01,0.85,0.88,0.0,0.0,8725.04,7194.91,1.0
p[7475],0.89,0.01,0.88,0.9,0.0,0.0,9169.76,6091.85,1.0
p[7476],0.94,0.01,0.93,0.95,0.0,0.0,8656.26,6351.15,1.0
p[7477],0.89,0.01,0.88,0.9,0.0,0.0,9172.37,6116.98,1.0
p[7478],0.87,0.01,0.85,0.88,0.0,0.0,8726.55,7170.56,1.0
p[7479],0.87,0.01,0.85,0.89,0.0,0.0,8728.63,7160.87,1.0
p[7480],0.92,0.01,0.9,0.94,0.0,0.0,11445.96,6833.35,1.0
p[7481],0.89,0.01,0.88,0.91,0.0,0.0,9187.94,6191.69,1.0
p[7482],0.92,0.01,0.91,0.94,0.0,0.0,9370.78,6212.47,1.0
p[7483],0.89,0.01,0.88,0.91,0.0,0.0,9202.08,6218.25,1.0
p[7484],0.76,0.02,0.73,0.79,0.0,0.0,9280.66,7297.5,1.0
p[7485],0.9,0.01,0.88,0.93,0.0,0.0,10324.01,6558.25,1.0
p[7486],0.89,0.01,0.88,0.91,0.0,0.0,9215.9,6142.78,1.0
p[7487],0.89,0.01,0.88,0.91,0.0,0.0,9215.9,6142.78,1.0
p[7488],0.89,0.01,0.88,0.91,0.0,0.0,9218.51,6244.17,1.0
p[7489],0.87,0.01,0.86,0.89,0.0,0.0,8735.73,7148.53,1.0
p[7490],0.92,0.01,0.91,0.94,0.0,0.0,9376.9,6238.63,1.0
p[7491],0.87,0.01,0.86,0.89,0.0,0.0,8736.22,7148.53,1.0
p[7492],0.9,0.01,0.88,0.91,0.0,0.0,9232.95,6108.42,1.0
p[7493],0.9,0.01,0.88,0.91,0.0,0.0,9232.95,6108.42,1.0
p[7494],0.9,0.01,0.88,0.91,0.0,0.0,9240.57,6471.08,1.0
p[7495],0.9,0.01,0.88,0.91,0.0,0.0,9241.7,6382.67,1.0
p[7496],0.94,0.01,0.93,0.95,0.0,0.0,8690.73,6499.55,1.0
p[7497],0.9,0.01,0.88,0.91,0.0,0.0,9249.16,6214.23,1.0
p[7498],0.9,0.01,0.88,0.91,0.0,0.0,9255.54,6214.23,1.0
p[7499],0.87,0.01,0.86,0.89,0.0,0.0,8733.95,7013.64,1.0
p[7500],0.87,0.01,0.86,0.89,0.0,0.0,8732.57,6981.08,1.0
p[7501],0.9,0.01,0.88,0.91,0.0,0.0,9273.99,6184.9,1.0
p[7502],0.93,0.01,0.91,0.94,0.0,0.0,9385.72,6212.7,1.0
p[7503],0.94,0.01,0.93,0.95,0.0,0.0,8716.97,6491.49,1.0
p[7504],0.93,0.01,0.91,0.95,0.0,0.0,11406.87,6879.73,1.0
p[7505],0.93,0.01,0.91,0.94,0.0,0.0,9388.81,6212.35,1.0
p[7506],0.9,0.01,0.88,0.91,0.0,0.0,9284.16,6078.6,1.0
p[7507],0.93,0.01,0.91,0.94,0.0,0.0,9390.39,6212.35,1.0
p[7508],0.92,0.01,0.9,0.94,0.0,0.0,11645.65,6451.45,1.0
p[7509],0.9,0.01,0.89,0.91,0.0,0.0,9292.79,6136.95,1.0
p[7510],0.9,0.01,0.89,0.91,0.0,0.0,9298.86,6140.18,1.0
p[7511],0.94,0.01,0.93,0.95,0.0,0.0,8729.17,6604.5,1.0
p[7512],0.77,0.02,0.74,0.8,0.0,0.0,9329.82,7159.7,1.0
p[7513],0.93,0.01,0.91,0.94,0.0,0.0,9399.96,6264.44,1.0
p[7514],0.88,0.01,0.86,0.89,0.0,0.0,8741.32,7042.25,1.0
p[7515],0.9,0.01,0.89,0.91,0.0,0.0,9317.94,6232.9,1.0
p[7516],0.9,0.01,0.89,0.91,0.0,0.0,9321.65,6177.88,1.0
p[7517],0.94,0.01,0.93,0.95,0.0,0.0,8687.08,6561.38,1.0
p[7518],0.9,0.01,0.89,0.91,0.0,0.0,9322.89,6177.88,1.0
p[7519],0.9,0.01,0.89,0.91,0.0,0.0,9326.6,6177.88,1.0
p[7520],0.92,0.01,0.9,0.94,0.0,0.0,11631.92,6480.45,1.0
p[7521],0.9,0.01,0.89,0.91,0.0,0.0,9337.34,6492.25,1.0
p[7522],0.9,0.01,0.89,0.91,0.0,0.0,9338.33,6492.25,1.0
p[7523],0.94,0.01,0.93,0.96,0.0,0.0,8692.71,6955.36,1.0
p[7524],0.88,0.01,0.86,0.89,0.0,0.0,8746.54,7089.63,1.0
p[7525],0.92,0.01,0.9,0.94,0.0,0.0,11623.76,6480.75,1.0
p[7526],0.88,0.01,0.86,0.89,0.0,0.0,8748.46,7023.03,1.0
p[7527],0.92,0.01,0.9,0.94,0.0,0.0,11623.02,6508.49,1.0
p[7528],0.95,0.01,0.93,0.96,0.0,0.0,8695.73,7014.96,1.0
p[7529],0.9,0.01,0.89,0.91,0.0,0.0,9375.13,6432.93,1.0
p[7530],0.9,0.01,0.89,0.91,0.0,0.0,9377.8,6432.93,1.0
p[7531],0.9,0.01,0.89,0.91,0.0,0.0,9377.8,6432.93,1.0
p[7532],0.88,0.01,0.86,0.89,0.0,0.0,8755.61,7089.87,1.0
p[7533],0.9,0.01,0.89,0.91,0.0,0.0,9391.26,6378.94,1.0
p[7534],0.88,0.01,0.86,0.9,0.0,0.0,8753.89,7090.39,1.0
p[7535],0.95,0.01,0.94,0.96,0.0,0.0,8703.23,6860.25,1.0
p[7536],0.9,0.01,0.89,0.91,0.0,0.0,9405.18,6490.01,1.0
p[7537],0.93,0.01,0.91,0.94,0.0,0.0,11611.65,6510.27,1.0
p[7538],0.9,0.01,0.89,0.91,0.0,0.0,9414.18,6435.61,1.0
p[7539],0.9,0.01,0.89,0.91,0.0,0.0,9414.18,6435.61,1.0
p[7540],0.88,0.01,0.86,0.9,0.0,0.0,8759.27,7057.81,1.0
p[7541],0.9,0.01,0.89,0.92,0.0,0.0,9435.62,6435.61,1.0
p[7542],0.88,0.01,0.87,0.9,0.0,0.0,8762.58,6961.76,1.0
p[7543],0.93,0.01,0.91,0.95,0.0,0.0,11364.06,6899.56,1.0
p[7544],0.88,0.01,0.87,0.9,0.0,0.0,8765.43,6965.7,1.0
p[7545],0.88,0.01,0.87,0.9,0.0,0.0,8765.43,6965.7,1.0
p[7546],0.9,0.01,0.89,0.92,0.0,0.0,9465.67,6547.59,1.0
p[7547],0.9,0.01,0.89,0.92,0.0,0.0,9466.8,6546.77,1.0
p[7548],0.96,0.01,0.94,0.97,0.0,0.0,10332.21,6928.91,1.0
p[7549],0.91,0.01,0.89,0.92,0.0,0.0,9482.87,6435.67,1.0
p[7550],0.95,0.01,0.94,0.96,0.0,0.0,8726.69,7206.38,1.0
p[7551],0.88,0.01,0.87,0.9,0.0,0.0,8780.22,7130.16,1.0
p[7552],0.88,0.01,0.87,0.9,0.0,0.0,8780.98,7130.16,1.0
p[7553],0.91,0.01,0.89,0.92,0.0,0.0,9502.81,6519.7,1.0
p[7554],0.91,0.01,0.89,0.92,0.0,0.0,9504.24,6519.7,1.0
p[7555],0.91,0.01,0.89,0.92,0.0,0.0,9508.68,6518.84,1.0
p[7556],0.93,0.01,0.92,0.95,0.0,0.0,9450.2,6423.77,1.0
p[7557],0.91,0.01,0.89,0.92,0.0,0.0,9523.49,6463.51,1.0
p[7558],0.91,0.01,0.89,0.92,0.0,0.0,9523.49,6463.51,1.0
p[7559],0.89,0.01,0.87,0.9,0.0,0.0,8794.14,6999.53,1.0
p[7560],0.89,0.01,0.87,0.9,0.0,0.0,8795.65,7032.06,1.0
p[7561],0.95,0.01,0.94,0.96,0.0,0.0,8745.13,7291.61,1.0
p[7562],0.91,0.01,0.9,0.92,0.0,0.0,9547.68,6463.37,1.0
p[7563],0.91,0.01,0.9,0.92,0.0,0.0,9547.68,6463.37,1.0
p[7564],0.93,0.01,0.91,0.95,0.0,0.0,11568.69,6165.06,1.0
p[7565],0.78,0.01,0.76,0.81,0.0,0.0,9546.24,6821.43,1.0
p[7566],0.84,0.02,0.81,0.87,0.0,0.0,9306.93,6773.13,1.0
p[7567],0.74,0.02,0.71,0.77,0.0,0.0,9554.98,6959.1,1.0
p[7568],0.83,0.02,0.79,0.87,0.0,0.0,11605.03,6396.11,1.0
p[7569],0.74,0.02,0.72,0.77,0.0,0.0,9551.05,6990.75,1.0
p[7570],0.79,0.01,0.76,0.81,0.0,0.0,9547.7,6945.35,1.0
p[7571],0.79,0.01,0.76,0.81,0.0,0.0,9548.15,6945.35,1.0
p[7572],0.88,0.01,0.85,0.9,0.0,0.0,8972.17,7133.17,1.0
p[7573],0.88,0.01,0.85,0.9,0.0,0.0,8972.17,7133.17,1.0
p[7574],0.75,0.02,0.72,0.77,0.0,0.0,9541.13,7054.82,1.0
p[7575],0.79,0.01,0.76,0.81,0.0,0.0,9546.28,6938.47,1.0
p[7576],0.88,0.01,0.85,0.9,0.0,0.0,8970.77,7161.47,1.0
p[7577],0.75,0.02,0.72,0.78,0.0,0.0,9536.19,7088.67,1.0
p[7578],0.79,0.01,0.77,0.81,0.0,0.0,9544.77,6946.58,1.0
p[7579],0.79,0.01,0.77,0.81,0.0,0.0,9544.77,6946.58,1.0
p[7580],0.84,0.02,0.81,0.88,0.0,0.0,9303.74,6804.82,1.0
p[7581],0.88,0.01,0.85,0.9,0.0,0.0,8961.45,7128.85,1.0
p[7582],0.75,0.01,0.72,0.78,0.0,0.0,9519.51,7054.48,1.0
p[7583],0.79,0.01,0.77,0.82,0.0,0.0,9548.55,6584.01,1.0
p[7584],0.75,0.01,0.73,0.78,0.0,0.0,9488.58,7119.95,1.0
p[7585],0.76,0.01,0.73,0.78,0.0,0.0,9483.82,7118.14,1.0
p[7586],0.85,0.02,0.82,0.88,0.0,0.0,9294.31,6540.69,1.0
p[7587],0.76,0.01,0.74,0.79,0.0,0.0,9464.64,7051.75,1.0
p[7588],0.76,0.01,0.74,0.79,0.0,0.0,9447.15,7053.76,1.0
p[7589],0.77,0.01,0.74,0.79,0.0,0.0,9423.72,6960.63,1.0
p[7590],0.86,0.02,0.83,0.89,0.0,0.0,12233.4,6965.34,1.0
p[7591],0.78,0.01,0.75,0.8,0.0,0.0,9375.18,6708.95,1.0
p[7592],0.86,0.02,0.82,0.89,0.0,0.0,11657.28,6350.33,1.0
p[7593],0.82,0.01,0.8,0.83,0.0,0.0,9510.01,6983.11,1.0
p[7594],0.82,0.01,0.8,0.84,0.0,0.0,9503.87,7115.31,1.0
p[7595],0.78,0.01,0.76,0.8,0.0,0.0,9350.19,6788.13,1.0
p[7596],0.82,0.01,0.8,0.84,0.0,0.0,9505.57,7115.9,1.0
p[7597],0.82,0.01,0.8,0.84,0.0,0.0,9505.83,7149.26,1.0
p[7598],0.87,0.02,0.84,0.9,0.0,0.0,12233.16,6995.32,1.0
p[7599],0.82,0.01,0.8,0.84,0.0,0.0,9501.3,7053.65,1.0
p[7600],0.78,0.01,0.76,0.8,0.0,0.0,9108.29,6828.8,1.0
p[7601],0.82,0.01,0.8,0.84,0.0,0.0,9501.8,7053.46,1.0
p[7602],0.78,0.01,0.76,0.81,0.0,0.0,9099.43,6828.89,1.0
p[7603],0.79,0.02,0.75,0.83,0.0,0.0,10367.84,7071.76,1.0
p[7604],0.82,0.01,0.8,0.84,0.0,0.0,9500.45,7080.25,1.0
p[7605],0.82,0.01,0.8,0.84,0.0,0.0,9499.65,7072.05,1.0
p[7606],0.82,0.01,0.8,0.84,0.0,0.0,9499.0,7039.74,1.0
p[7607],0.82,0.01,0.8,0.84,0.0,0.0,9497.36,7039.74,1.0
p[7608],0.63,0.02,0.59,0.68,0.0,0.0,9535.72,6760.91,1.0
p[7609],0.84,0.02,0.81,0.87,0.0,0.0,9616.49,6544.81,1.0
p[7610],0.82,0.01,0.8,0.84,0.0,0.0,9499.14,7007.0,1.0
p[7611],0.79,0.01,0.76,0.81,0.0,0.0,9066.1,6827.26,1.0
p[7612],0.82,0.01,0.8,0.84,0.0,0.0,9498.97,7039.42,1.0
p[7613],0.79,0.01,0.76,0.81,0.0,0.0,9062.47,6828.07,1.0
p[7614],0.82,0.01,0.8,0.84,0.0,0.0,9498.91,7122.02,1.0
p[7615],0.82,0.01,0.8,0.84,0.0,0.0,9497.27,7088.39,1.0
p[7616],0.82,0.01,0.8,0.84,0.0,0.0,9497.27,7088.39,1.0
p[7617],0.82,0.01,0.8,0.84,0.0,0.0,9497.5,7088.39,1.0
p[7618],0.82,0.01,0.8,0.84,0.0,0.0,9497.51,7088.08,1.0
p[7619],0.87,0.02,0.84,0.9,0.0,0.0,12231.81,7160.81,1.0
p[7620],0.79,0.01,0.77,0.81,0.0,0.0,9040.51,6676.85,1.0
p[7621],0.79,0.01,0.77,0.81,0.0,0.0,9034.6,6676.85,1.0
p[7622],0.92,0.02,0.88,0.95,0.0,0.0,10488.36,6280.31,1.0
p[7623],0.83,0.01,0.81,0.84,0.0,0.0,9495.88,6990.88,1.0
p[7624],0.79,0.01,0.77,0.81,0.0,0.0,9028.79,6676.24,1.0
p[7625],0.83,0.01,0.81,0.84,0.0,0.0,9253.3,7055.23,1.0
p[7626],0.79,0.01,0.77,0.81,0.0,0.0,9021.43,6705.36,1.0
p[7627],0.83,0.01,0.81,0.84,0.0,0.0,9246.88,6990.53,1.0
p[7628],0.79,0.01,0.77,0.81,0.0,0.0,9012.5,6677.42,1.0
p[7629],0.83,0.01,0.81,0.84,0.0,0.0,9244.98,6990.25,1.0
p[7630],0.64,0.02,0.6,0.68,0.0,0.0,9528.44,7021.96,1.0
p[7631],0.8,0.02,0.76,0.84,0.0,0.0,10367.09,6987.12,1.0
p[7632],0.79,0.01,0.77,0.81,0.0,0.0,9002.25,6647.14,1.0
p[7633],0.87,0.01,0.85,0.9,0.0,0.0,9315.07,6230.83,1.0
p[7634],0.83,0.01,0.81,0.84,0.0,0.0,9240.89,6771.54,1.0
p[7635],0.79,0.01,0.77,0.81,0.0,0.0,9000.4,6706.34,1.0
p[7636],0.83,0.01,0.81,0.85,0.0,0.0,9237.76,6770.82,1.0
p[7637],0.83,0.01,0.81,0.85,0.0,0.0,9237.76,6770.82,1.0
p[7638],0.79,0.01,0.77,0.82,0.0,0.0,8991.47,6705.48,1.0
p[7639],0.83,0.01,0.81,0.85,0.0,0.0,9233.11,6801.5,1.0
p[7640],0.83,0.01,0.81,0.85,0.0,0.0,9233.35,6801.84,1.0
p[7641],0.83,0.01,0.81,0.85,0.0,0.0,9233.31,6801.84,1.0
p[7642],0.83,0.01,0.81,0.85,0.0,0.0,9231.86,6771.31,1.0
p[7643],0.79,0.01,0.77,0.82,0.0,0.0,8988.15,6764.94,1.0
p[7644],0.8,0.01,0.77,0.82,0.0,0.0,8979.33,6704.86,1.0
p[7645],0.83,0.01,0.81,0.85,0.0,0.0,9225.1,6741.87,1.0
p[7646],0.8,0.01,0.77,0.82,0.0,0.0,8975.77,6674.61,1.0
p[7647],0.88,0.01,0.85,0.9,0.0,0.0,9322.63,6231.56,1.0
p[7648],0.83,0.01,0.81,0.85,0.0,0.0,9224.28,6741.87,1.0
p[7649],0.81,0.02,0.77,0.84,0.0,0.0,10366.56,7080.67,1.0
p[7650],0.8,0.01,0.78,0.82,0.0,0.0,8967.56,6676.0,1.0
p[7651],0.83,0.01,0.81,0.85,0.0,0.0,9220.66,6715.13,1.0
p[7652],0.8,0.01,0.78,0.82,0.0,0.0,8959.97,6764.86,1.0
p[7653],0.88,0.02,0.85,0.91,0.0,0.0,12236.02,7035.22,1.0
p[7654],0.65,0.02,0.61,0.69,0.0,0.0,9520.93,6974.45,1.0
p[7655],0.83,0.01,0.81,0.85,0.0,0.0,9217.04,6642.26,1.0
p[7656],0.85,0.02,0.82,0.88,0.0,0.0,9569.92,6469.17,1.0
p[7657],0.88,0.01,0.85,0.9,0.0,0.0,9325.84,6232.12,1.0
p[7658],0.83,0.01,0.82,0.85,0.0,0.0,9212.93,6596.49,1.0
p[7659],0.83,0.01,0.82,0.85,0.0,0.0,9213.03,6596.77,1.0
p[7660],0.8,0.01,0.78,0.82,0.0,0.0,8941.15,6858.14,1.0
p[7661],0.83,0.01,0.82,0.85,0.0,0.0,9212.3,6487.1,1.0
p[7662],0.8,0.01,0.78,0.82,0.0,0.0,8937.36,6858.17,1.0
p[7663],0.88,0.02,0.85,0.91,0.0,0.0,12228.65,6928.9,1.0
p[7664],0.83,0.01,0.82,0.85,0.0,0.0,9210.52,6459.12,1.0
p[7665],0.83,0.01,0.82,0.85,0.0,0.0,9210.23,6500.77,1.0
p[7666],0.84,0.01,0.82,0.85,0.0,0.0,9208.84,6500.77,1.0
p[7667],0.8,0.01,0.78,0.82,0.0,0.0,8930.7,6909.23,1.0
p[7668],0.8,0.01,0.78,0.82,0.0,0.0,8926.34,6912.69,1.0
p[7669],0.84,0.01,0.82,0.85,0.0,0.0,9204.02,6559.07,1.0
p[7670],0.92,0.02,0.89,0.95,0.0,0.0,10479.64,6131.34,1.0
p[7671],0.8,0.01,0.78,0.82,0.0,0.0,8919.43,6848.83,1.0
p[7672],0.84,0.01,0.82,0.85,0.0,0.0,9202.95,6616.29,1.0
p[7673],0.8,0.01,0.78,0.82,0.0,0.0,8917.75,6848.83,1.0
p[7674],0.81,0.02,0.78,0.85,0.0,0.0,10371.37,7100.1,1.0
p[7675],0.8,0.01,0.78,0.82,0.0,0.0,8911.27,6912.16,1.0
p[7676],0.84,0.01,0.82,0.85,0.0,0.0,9198.54,6517.34,1.0
p[7677],0.84,0.01,0.82,0.85,0.0,0.0,9197.77,6517.34,1.0
p[7678],0.8,0.01,0.78,0.82,0.0,0.0,8907.26,6834.2,1.0
p[7679],0.66,0.02,0.62,0.7,0.0,0.0,9502.29,6857.62,1.0
p[7680],0.84,0.01,0.82,0.85,0.0,0.0,9195.73,6490.17,1.0
p[7681],0.85,0.02,0.82,0.88,0.0,0.0,9594.36,6498.07,1.0
p[7682],0.84,0.01,0.82,0.85,0.0,0.0,9194.28,6588.07,1.0
p[7683],0.81,0.01,0.79,0.83,0.0,0.0,8897.48,6834.07,1.0
p[7684],0.88,0.01,0.86,0.91,0.0,0.0,9349.87,6206.35,1.0
p[7685],0.84,0.01,0.82,0.86,0.0,0.0,9188.69,6585.29,1.0
p[7686],0.81,0.01,0.79,0.83,0.0,0.0,8891.2,6863.34,1.0
p[7687],0.84,0.01,0.82,0.86,0.0,0.0,9187.09,6569.03,1.0
p[7688],0.79,0.02,0.75,0.82,0.0,0.0,8966.32,6757.03,1.0
p[7689],0.84,0.01,0.82,0.86,0.0,0.0,9185.63,6569.03,1.0
p[7690],0.79,0.02,0.75,0.82,0.0,0.0,8964.65,6757.03,1.0
p[7691],0.84,0.01,0.82,0.86,0.0,0.0,9184.48,6569.03,1.0
p[7692],0.84,0.01,0.83,0.86,0.0,0.0,9182.56,6485.28,1.0
p[7693],0.91,0.01,0.89,0.93,0.0,0.0,8879.61,7059.16,1.0
p[7694],0.81,0.01,0.79,0.83,0.0,0.0,8874.19,6866.8,1.0
p[7695],0.84,0.01,0.83,0.86,0.0,0.0,9183.27,6485.28,1.0
p[7696],0.84,0.01,0.83,0.86,0.0,0.0,9182.6,6513.25,1.0
p[7697],0.91,0.01,0.89,0.93,0.0,0.0,8880.33,7092.34,1.0
p[7698],0.81,0.01,0.79,0.83,0.0,0.0,8868.01,6850.39,1.0
p[7699],0.81,0.01,0.79,0.83,0.0,0.0,8863.7,6896.26,1.0
p[7700],0.82,0.02,0.78,0.85,0.0,0.0,10363.98,7066.77,1.0
p[7701],0.91,0.01,0.89,0.93,0.0,0.0,8878.3,7059.28,1.0
p[7702],0.84,0.01,0.83,0.86,0.0,0.0,9181.47,6457.7,1.0
p[7703],0.84,0.01,0.83,0.86,0.0,0.0,9181.47,6457.7,1.0
p[7704],0.88,0.01,0.86,0.91,0.0,0.0,9361.8,6081.64,1.0
p[7705],0.84,0.01,0.83,0.86,0.0,0.0,9180.73,6471.45,1.0
p[7706],0.89,0.01,0.86,0.91,0.0,0.0,12216.83,7063.66,1.0
p[7707],0.84,0.01,0.83,0.86,0.0,0.0,9178.39,6430.17,1.0
p[7708],0.84,0.01,0.83,0.86,0.0,0.0,9177.9,6430.17,1.0
p[7709],0.86,0.02,0.83,0.89,0.0,0.0,9611.3,6376.68,1.0
p[7710],0.81,0.01,0.79,0.83,0.0,0.0,8845.13,6770.98,1.0
p[7711],0.81,0.01,0.79,0.83,0.0,0.0,8843.31,6770.98,1.0
p[7712],0.67,0.02,0.63,0.71,0.0,0.0,9479.28,6722.95,1.0
p[7713],0.85,0.01,0.83,0.86,0.0,0.0,9175.8,6443.6,1.0
p[7714],0.81,0.01,0.79,0.83,0.0,0.0,8837.22,6800.16,1.0
p[7715],0.85,0.01,0.83,0.86,0.0,0.0,9175.14,6416.04,1.0
p[7716],0.85,0.01,0.83,0.86,0.0,0.0,9175.14,6416.04,1.0
p[7717],0.89,0.01,0.86,0.92,0.0,0.0,12208.81,7064.56,1.0
p[7718],0.85,0.01,0.83,0.86,0.0,0.0,9175.73,6415.96,1.0
p[7719],0.85,0.01,0.83,0.86,0.0,0.0,9174.78,6334.45,1.0
p[7720],0.85,0.01,0.83,0.86,0.0,0.0,9174.25,6307.85,1.0
p[7721],0.81,0.01,0.79,0.83,0.0,0.0,8831.43,6770.55,1.0
p[7722],0.85,0.01,0.83,0.86,0.0,0.0,9174.37,6308.25,1.0
p[7723],0.85,0.01,0.83,0.86,0.0,0.0,9173.78,6334.49,1.0
p[7724],0.93,0.01,0.9,0.95,0.0,0.0,10458.78,6061.01,1.0
p[7725],0.81,0.01,0.8,0.83,0.0,0.0,8824.47,6863.4,1.0
p[7726],0.89,0.01,0.87,0.91,0.0,0.0,9367.85,6009.69,1.0
p[7727],0.8,0.02,0.76,0.83,0.0,0.0,8963.28,6725.7,1.0
p[7728],0.85,0.01,0.83,0.86,0.0,0.0,9170.96,6205.04,1.0
p[7729],0.85,0.01,0.83,0.86,0.0,0.0,9170.3,6179.81,1.0
p[7730],0.83,0.02,0.79,0.86,0.0,0.0,10372.42,7140.54,1.0
p[7731],0.82,0.01,0.8,0.84,0.0,0.0,8818.92,6709.91,1.0
p[7732],0.85,0.01,0.83,0.86,0.0,0.0,9170.12,6308.39,1.0
p[7733],0.82,0.01,0.8,0.84,0.0,0.0,8810.28,6707.07,1.0
p[7734],0.85,0.01,0.83,0.86,0.0,0.0,9170.6,6308.39,1.0
p[7735],0.86,0.01,0.83,0.89,0.0,0.0,9655.84,6518.38,1.0
p[7736],0.89,0.01,0.87,0.91,0.0,0.0,9370.89,6033.82,1.0
p[7737],0.68,0.02,0.64,0.72,0.0,0.0,9469.45,6706.79,1.0
p[7738],0.82,0.01,0.8,0.84,0.0,0.0,8805.95,6592.13,1.0
p[7739],0.85,0.01,0.83,0.87,0.0,0.0,9170.97,6269.66,1.0
p[7740],0.85,0.01,0.84,0.87,0.0,0.0,9172.77,6269.66,1.0
p[7741],0.85,0.01,0.84,0.87,0.0,0.0,9172.76,6307.16,1.0
p[7742],0.92,0.01,0.9,0.93,0.0,0.0,8857.74,6866.1,1.0
p[7743],0.89,0.01,0.87,0.92,0.0,0.0,12195.5,6903.0,1.0
p[7744],0.85,0.01,0.84,0.87,0.0,0.0,9172.98,6332.96,1.0
p[7745],0.89,0.01,0.87,0.91,0.0,0.0,9380.59,5963.32,1.0
p[7746],0.89,0.02,0.86,0.91,0.0,0.0,11671.39,6488.21,1.0
p[7747],0.85,0.01,0.84,0.87,0.0,0.0,9173.46,6306.69,1.0
p[7748],0.82,0.01,0.8,0.84,0.0,0.0,8795.83,6494.36,1.0
p[7749],0.82,0.01,0.8,0.84,0.0,0.0,8793.83,6507.25,1.0
p[7750],0.82,0.01,0.8,0.84,0.0,0.0,8790.33,6506.48,1.0
p[7751],0.8,0.02,0.77,0.84,0.0,0.0,8954.93,6816.11,1.0
p[7752],0.92,0.01,0.9,0.93,0.0,0.0,8856.17,6805.14,1.0
p[7753],0.85,0.01,0.84,0.87,0.0,0.0,9172.45,6256.04,1.0
p[7754],0.85,0.01,0.84,0.87,0.0,0.0,9172.71,6256.04,1.0
p[7755],0.69,0.02,0.65,0.72,0.0,0.0,9464.46,6660.9,1.0
p[7756],0.85,0.01,0.84,0.87,0.0,0.0,9171.44,6103.4,1.0
p[7757],0.85,0.01,0.84,0.87,0.0,0.0,9171.17,6103.74,1.0
p[7758],0.83,0.02,0.8,0.86,0.0,0.0,10371.7,6907.58,1.0
p[7759],0.82,0.01,0.81,0.84,0.0,0.0,8782.05,6534.86,1.0
p[7760],0.85,0.01,0.84,0.87,0.0,0.0,9173.89,6030.74,1.0
p[7761],0.82,0.01,0.81,0.84,0.0,0.0,8782.21,6564.96,1.0
p[7762],0.86,0.01,0.84,0.87,0.0,0.0,9175.71,6079.07,1.0
p[7763],0.87,0.01,0.84,0.89,0.0,0.0,9717.3,6498.09,1.0
p[7764],0.86,0.01,0.84,0.87,0.0,0.0,9175.42,6127.38,1.0
p[7765],0.82,0.01,0.81,0.84,0.0,0.0,8781.34,6506.86,1.0
p[7766],0.86,0.01,0.84,0.87,0.0,0.0,9175.48,6127.38,1.0
p[7767],0.86,0.01,0.84,0.87,0.0,0.0,9175.05,6176.96,1.0
p[7768],0.86,0.01,0.84,0.87,0.0,0.0,9175.35,6177.05,1.0
p[7769],0.86,0.01,0.84,0.87,0.0,0.0,9176.24,6279.1,1.0
p[7770],0.86,0.01,0.84,0.87,0.0,0.0,9176.24,6279.1,1.0
p[7771],0.86,0.01,0.84,0.87,0.0,0.0,9177.25,6278.65,1.0
p[7772],0.81,0.02,0.78,0.84,0.0,0.0,8954.12,7036.74,1.0
p[7773],0.83,0.01,0.81,0.84,0.0,0.0,8776.6,6639.2,1.0
p[7774],0.86,0.01,0.84,0.87,0.0,0.0,9178.07,6278.65,1.0
p[7775],0.93,0.01,0.91,0.96,0.0,0.0,10441.57,6087.11,1.0
p[7776],0.83,0.01,0.81,0.84,0.0,0.0,8775.46,6727.71,1.0
p[7777],0.86,0.01,0.84,0.87,0.0,0.0,9178.44,6305.04,1.0
p[7778],0.84,0.02,0.8,0.87,0.0,0.0,10376.83,6771.55,1.0
p[7779],0.83,0.01,0.81,0.85,0.0,0.0,8775.92,6860.21,1.0
p[7780],0.86,0.01,0.84,0.87,0.0,0.0,9178.79,6356.78,1.0
p[7781],0.69,0.02,0.66,0.73,0.0,0.0,9463.96,6794.99,1.0
p[7782],0.87,0.01,0.84,0.9,0.0,0.0,9749.74,6553.59,1.0
p[7783],0.86,0.01,0.84,0.87,0.0,0.0,9179.08,6303.44,1.0
p[7784],0.9,0.01,0.87,0.92,0.0,0.0,12165.52,6945.76,1.0
p[7785],0.86,0.01,0.84,0.87,0.0,0.0,9179.08,6303.44,1.0
p[7786],0.83,0.01,0.81,0.85,0.0,0.0,8771.18,6727.24,1.0
p[7787],0.83,0.01,0.81,0.85,0.0,0.0,8770.73,6743.97,1.0
p[7788],0.86,0.01,0.85,0.87,0.0,0.0,9183.92,6303.22,1.0
p[7789],0.86,0.01,0.85,0.87,0.0,0.0,9187.02,6251.38,1.0
p[7790],0.83,0.01,0.81,0.85,0.0,0.0,8770.13,6640.4,1.0
p[7791],0.86,0.01,0.85,0.87,0.0,0.0,9188.14,6302.62,1.0
p[7792],0.86,0.01,0.85,0.87,0.0,0.0,9188.87,6302.62,1.0
p[7793],0.86,0.01,0.85,0.87,0.0,0.0,9188.9,6302.62,1.0
p[7794],0.92,0.01,0.91,0.94,0.0,0.0,8859.04,6769.69,1.0
p[7795],0.86,0.01,0.85,0.87,0.0,0.0,9189.91,6382.64,1.0
p[7796],0.83,0.01,0.81,0.85,0.0,0.0,8768.79,6818.68,1.0
p[7797],0.9,0.01,0.88,0.92,0.0,0.0,9416.41,6015.07,1.0
p[7798],0.83,0.01,0.81,0.85,0.0,0.0,8768.09,6880.38,1.0
p[7799],0.9,0.01,0.88,0.92,0.0,0.0,9414.56,6015.07,1.0
p[7800],0.86,0.01,0.85,0.88,0.0,0.0,9187.47,6383.68,1.0
p[7801],0.83,0.01,0.81,0.85,0.0,0.0,8767.97,6894.85,1.0
p[7802],0.84,0.02,0.81,0.87,0.0,0.0,10377.77,6793.98,1.0
p[7803],0.92,0.01,0.91,0.94,0.0,0.0,8856.89,6830.96,1.0
p[7804],0.86,0.01,0.85,0.88,0.0,0.0,9189.78,6357.55,1.0
p[7805],0.83,0.01,0.81,0.85,0.0,0.0,9024.23,6895.09,1.0
p[7806],0.9,0.01,0.88,0.93,0.0,0.0,12146.72,6788.23,1.0
p[7807],0.86,0.01,0.85,0.88,0.0,0.0,9192.98,6357.75,1.0
p[7808],0.86,0.01,0.85,0.88,0.0,0.0,9193.1,6357.75,1.0
p[7809],0.88,0.01,0.85,0.9,0.0,0.0,9803.74,6490.18,1.0
p[7810],0.86,0.01,0.85,0.88,0.0,0.0,9194.1,6330.66,1.0
p[7811],0.7,0.02,0.67,0.74,0.0,0.0,9464.03,6904.54,1.0
p[7812],0.83,0.01,0.82,0.85,0.0,0.0,9018.7,6910.77,1.0
p[7813],0.82,0.02,0.79,0.85,0.0,0.0,8964.14,7035.9,1.0
p[7814],0.86,0.01,0.85,0.88,0.0,0.0,9199.8,6389.1,1.0
p[7815],0.87,0.01,0.85,0.88,0.0,0.0,9202.96,6389.98,1.0
p[7816],0.87,0.01,0.85,0.88,0.0,0.0,9202.96,6389.98,1.0
p[7817],0.87,0.01,0.85,0.88,0.0,0.0,9202.96,6389.98,1.0
p[7818],0.84,0.01,0.82,0.85,0.0,0.0,9015.88,6847.33,1.0
p[7819],0.9,0.01,0.88,0.93,0.0,0.0,12134.68,6818.01,1.0
p[7820],0.84,0.01,0.82,0.85,0.0,0.0,9016.0,6801.75,1.0
p[7821],0.87,0.01,0.85,0.88,0.0,0.0,9206.17,6444.05,1.0
p[7822],0.82,0.02,0.79,0.85,0.0,0.0,8963.76,7035.57,1.0
p[7823],0.87,0.01,0.85,0.88,0.0,0.0,9207.19,6445.53,1.0
p[7824],0.85,0.02,0.82,0.88,0.0,0.0,10379.76,6854.2,1.0
p[7825],0.87,0.01,0.85,0.88,0.0,0.0,9210.09,6529.1,1.0
p[7826],0.87,0.01,0.85,0.88,0.0,0.0,9210.78,6529.1,1.0
p[7827],0.9,0.01,0.87,0.92,0.0,0.0,11636.39,6291.71,1.0
p[7828],0.84,0.01,0.82,0.85,0.0,0.0,9012.09,6831.75,1.0
p[7829],0.87,0.01,0.85,0.88,0.0,0.0,9213.72,6528.83,1.0
p[7830],0.84,0.01,0.82,0.85,0.0,0.0,9006.47,6831.89,1.0
p[7831],0.84,0.01,0.82,0.85,0.0,0.0,9007.46,6831.59,1.0
p[7832],0.88,0.01,0.86,0.9,0.0,0.0,9850.25,6462.92,1.0
p[7833],0.94,0.01,0.91,0.96,0.0,0.0,10418.13,6099.78,1.0
p[7834],0.71,0.02,0.68,0.75,0.0,0.0,9470.43,6920.05,1.0
p[7835],0.84,0.01,0.82,0.86,0.0,0.0,8996.75,6878.21,1.0
p[7836],0.87,0.01,0.85,0.88,0.0,0.0,9219.93,6472.28,1.0
p[7837],0.85,0.02,0.82,0.88,0.0,0.0,10383.15,6916.68,1.0
p[7838],0.87,0.01,0.85,0.88,0.0,0.0,9222.26,6472.33,1.0
p[7839],0.84,0.01,0.82,0.86,0.0,0.0,8996.42,6786.1,1.0
p[7840],0.87,0.01,0.85,0.88,0.0,0.0,9223.87,6528.94,1.0
p[7841],0.84,0.01,0.82,0.86,0.0,0.0,8990.07,6832.25,1.0
p[7842],0.87,0.01,0.86,0.88,0.0,0.0,9221.84,6528.51,1.0
p[7843],0.94,0.01,0.91,0.96,0.0,0.0,10466.75,6250.6,1.0
p[7844],0.84,0.01,0.82,0.86,0.0,0.0,8984.93,6818.1,1.0
p[7845],0.87,0.01,0.86,0.88,0.0,0.0,9228.15,6445.31,1.0
p[7846],0.84,0.01,0.82,0.86,0.0,0.0,8981.62,6848.14,1.0
p[7847],0.87,0.01,0.86,0.88,0.0,0.0,9229.99,6445.31,1.0
p[7848],0.87,0.01,0.86,0.88,0.0,0.0,9230.89,6445.31,1.0
p[7849],0.87,0.01,0.86,0.88,0.0,0.0,9231.31,6389.06,1.0
p[7850],0.91,0.01,0.88,0.93,0.0,0.0,12099.4,7026.11,1.0
p[7851],0.84,0.01,0.82,0.86,0.0,0.0,8978.33,6910.65,1.0
p[7852],0.87,0.01,0.86,0.88,0.0,0.0,9235.88,6415.39,1.0
p[7853],0.93,0.01,0.91,0.94,0.0,0.0,8864.09,6738.08,1.0
p[7854],0.91,0.01,0.89,0.92,0.0,0.0,9444.28,6015.69,1.0
p[7855],0.84,0.01,0.83,0.86,0.0,0.0,8979.0,6832.77,1.0
p[7856],0.87,0.01,0.86,0.88,0.0,0.0,9237.61,6442.58,1.0
p[7857],0.87,0.01,0.86,0.88,0.0,0.0,9238.78,6470.84,1.0
p[7858],0.83,0.02,0.8,0.86,0.0,0.0,8977.01,7078.67,1.0
p[7859],0.93,0.01,0.92,0.94,0.0,0.0,8863.78,6709.56,1.0
p[7860],0.84,0.01,0.83,0.86,0.0,0.0,8977.3,6846.73,1.0
p[7861],0.85,0.02,0.82,0.88,0.0,0.0,10386.26,7038.08,1.0
p[7862],0.87,0.01,0.86,0.89,0.0,0.0,9245.36,6445.37,1.0
p[7863],0.84,0.01,0.83,0.86,0.0,0.0,8980.56,6816.08,1.0
p[7864],0.93,0.01,0.92,0.94,0.0,0.0,8863.15,6768.59,1.0
p[7865],0.88,0.01,0.86,0.91,0.0,0.0,9908.58,6395.45,1.0
p[7866],0.87,0.01,0.86,0.89,0.0,0.0,9248.49,6500.86,1.0
p[7867],0.87,0.01,0.86,0.89,0.0,0.0,9248.62,6419.1,1.0
p[7868],0.85,0.01,0.83,0.86,0.0,0.0,8982.05,6801.33,1.0
p[7869],0.72,0.02,0.69,0.76,0.0,0.0,9488.08,6888.82,1.0
p[7870],0.87,0.01,0.86,0.89,0.0,0.0,9257.77,6616.89,1.0
p[7871],0.87,0.01,0.86,0.89,0.0,0.0,9257.77,6616.89,1.0
p[7872],0.91,0.01,0.89,0.93,0.0,0.0,12079.04,6900.2,1.0
p[7873],0.87,0.01,0.86,0.89,0.0,0.0,9259.22,6617.56,1.0
p[7874],0.85,0.01,0.83,0.86,0.0,0.0,8981.55,6781.77,1.0
p[7875],0.87,0.01,0.86,0.89,0.0,0.0,9261.1,6734.84,1.0
p[7876],0.85,0.01,0.83,0.86,0.0,0.0,8974.94,6906.06,1.0
p[7877],0.87,0.01,0.86,0.89,0.0,0.0,9263.89,6734.78,1.0
p[7878],0.83,0.02,0.8,0.86,0.0,0.0,8993.05,7045.3,1.0
p[7879],0.85,0.01,0.83,0.86,0.0,0.0,8977.85,6937.52,1.0
p[7880],0.88,0.01,0.86,0.89,0.0,0.0,9268.07,6503.99,1.0
p[7881],0.88,0.01,0.86,0.89,0.0,0.0,9268.07,6503.99,1.0
p[7882],0.91,0.01,0.89,0.93,0.0,0.0,9462.55,5943.47,1.0
p[7883],0.85,0.01,0.83,0.86,0.0,0.0,8979.53,6937.52,1.0
p[7884],0.88,0.01,0.86,0.89,0.0,0.0,9269.38,6448.48,1.0
p[7885],0.88,0.01,0.86,0.89,0.0,0.0,9271.48,6448.48,1.0
p[7886],0.86,0.02,0.83,0.89,0.0,0.0,10384.93,6941.46,1.0
p[7887],0.85,0.01,0.83,0.87,0.0,0.0,8970.09,7099.49,1.0
p[7888],0.94,0.01,0.92,0.96,0.0,0.0,10400.39,6053.43,1.0
p[7889],0.88,0.01,0.86,0.89,0.0,0.0,9279.51,6393.48,1.0
p[7890],0.89,0.01,0.87,0.91,0.0,0.0,9955.99,6477.1,1.0
p[7891],0.88,0.01,0.86,0.89,0.0,0.0,9285.08,6503.19,1.0
p[7892],0.85,0.01,0.83,0.87,0.0,0.0,8979.96,7132.98,1.0
p[7893],0.88,0.01,0.86,0.89,0.0,0.0,9290.84,6475.53,1.0
p[7894],0.88,0.01,0.86,0.89,0.0,0.0,9292.19,6530.85,1.0
p[7895],0.85,0.01,0.83,0.87,0.0,0.0,8991.6,7131.64,1.0
p[7896],0.88,0.01,0.86,0.89,0.0,0.0,9295.99,6464.67,1.0
p[7897],0.85,0.01,0.83,0.87,0.0,0.0,8999.36,7165.12,1.0
p[7898],0.88,0.01,0.87,0.89,0.0,0.0,9298.75,6492.83,1.0
p[7899],0.88,0.01,0.87,0.89,0.0,0.0,9298.75,6492.83,1.0
p[7900],0.85,0.01,0.84,0.87,0.0,0.0,9005.03,7165.12,1.0
p[7901],0.88,0.01,0.87,0.89,0.0,0.0,9301.68,6492.83,1.0
p[7902],0.88,0.01,0.87,0.89,0.0,0.0,9303.68,6549.39,1.0
p[7903],0.73,0.02,0.7,0.77,0.0,0.0,9516.18,6702.94,1.0
p[7904],0.85,0.01,0.84,0.87,0.0,0.0,9012.55,7165.12,1.0
p[7905],0.85,0.01,0.84,0.87,0.0,0.0,9015.5,7130.82,1.0
p[7906],0.88,0.01,0.87,0.89,0.0,0.0,9315.39,6635.19,1.0
p[7907],0.86,0.02,0.83,0.89,0.0,0.0,10388.28,7271.3,1.0
p[7908],0.92,0.01,0.89,0.94,0.0,0.0,12029.42,6540.59,1.0
p[7909],0.93,0.01,0.92,0.95,0.0,0.0,8889.52,6827.24,1.0
p[7910],0.91,0.01,0.9,0.93,0.0,0.0,9484.28,6012.05,1.0
p[7911],0.88,0.01,0.87,0.89,0.0,0.0,9323.41,6578.78,1.0
p[7912],0.88,0.01,0.87,0.89,0.0,0.0,9324.34,6579.05,1.0
p[7913],0.85,0.01,0.84,0.87,0.0,0.0,9020.08,7198.8,1.0
p[7914],0.84,0.02,0.81,0.87,0.0,0.0,9013.44,6943.84,1.0
p[7915],0.93,0.01,0.92,0.95,0.0,0.0,8889.76,6827.24,1.0
p[7916],0.85,0.01,0.84,0.87,0.0,0.0,9023.51,7233.0,1.0
p[7917],0.88,0.01,0.87,0.89,0.0,0.0,9329.71,6579.94,1.0
p[7918],0.89,0.01,0.87,0.92,0.0,0.0,9873.8,6677.46,1.0
p[7919],0.88,0.01,0.87,0.89,0.0,0.0,9335.49,6663.5,1.0
p[7920],0.88,0.01,0.87,0.89,0.0,0.0,9336.55,6590.74,1.0
p[7921],0.86,0.01,0.84,0.87,0.0,0.0,9034.55,7232.62,1.0
p[7922],0.88,0.01,0.87,0.89,0.0,0.0,9337.34,6590.74,1.0
p[7923],0.86,0.01,0.84,0.87,0.0,0.0,9035.13,7198.38,1.0
p[7924],0.88,0.01,0.87,0.89,0.0,0.0,9340.34,6591.74,1.0
p[7925],0.88,0.01,0.87,0.89,0.0,0.0,9341.34,6535.89,1.0
p[7926],0.88,0.01,0.87,0.9,0.0,0.0,9342.91,6479.38,1.0
p[7927],0.86,0.01,0.84,0.87,0.0,0.0,9037.65,7198.69,1.0
p[7928],0.88,0.01,0.87,0.9,0.0,0.0,9346.05,6507.05,1.0
p[7929],0.88,0.01,0.87,0.9,0.0,0.0,9346.74,6507.05,1.0
p[7930],0.86,0.01,0.84,0.87,0.0,0.0,9041.96,7198.54,1.0
p[7931],0.88,0.01,0.87,0.9,0.0,0.0,9354.27,6443.37,1.0
p[7932],0.86,0.01,0.84,0.87,0.0,0.0,9050.93,7199.01,1.0
p[7933],0.92,0.01,0.9,0.94,0.0,0.0,12001.78,6659.13,1.0
p[7934],0.88,0.01,0.87,0.9,0.0,0.0,9356.51,6500.46,1.0
p[7935],0.95,0.01,0.92,0.97,0.0,0.0,10379.07,6295.84,1.0
p[7936],0.86,0.01,0.84,0.87,0.0,0.0,9054.24,7130.92,1.0
p[7937],0.74,0.02,0.7,0.77,0.0,0.0,9542.72,6997.28,1.0
p[7938],0.87,0.01,0.84,0.89,0.0,0.0,10395.87,7367.9,1.0
p[7939],0.88,0.01,0.87,0.9,0.0,0.0,9365.31,6599.21,1.0
p[7940],0.86,0.01,0.84,0.87,0.0,0.0,9059.59,7131.76,1.0
p[7941],0.88,0.01,0.87,0.9,0.0,0.0,9373.17,6570.76,1.0
p[7942],0.88,0.01,0.87,0.9,0.0,0.0,9373.79,6570.76,1.0
p[7943],0.86,0.01,0.84,0.88,0.0,0.0,9066.12,7165.58,1.0
p[7944],0.89,0.01,0.87,0.9,0.0,0.0,9380.72,6492.76,1.0
p[7945],0.86,0.01,0.84,0.88,0.0,0.0,9073.63,7200.36,1.0
p[7946],0.86,0.01,0.84,0.88,0.0,0.0,9074.96,7200.36,1.0
p[7947],0.89,0.01,0.87,0.9,0.0,0.0,9388.46,6411.55,1.0
p[7948],0.94,0.01,0.92,0.95,0.0,0.0,8914.06,6560.39,1.0
p[7949],0.89,0.01,0.87,0.9,0.0,0.0,9391.04,6358.12,1.0
p[7950],0.86,0.01,0.84,0.88,0.0,0.0,9082.36,7199.82,1.0
p[7951],0.89,0.01,0.87,0.9,0.0,0.0,9392.41,6385.95,1.0
p[7952],0.86,0.01,0.84,0.88,0.0,0.0,9087.14,7233.95,1.0
p[7953],0.75,0.02,0.71,0.78,0.0,0.0,9562.48,7079.29,1.0
p[7954],0.89,0.01,0.87,0.9,0.0,0.0,9401.06,6252.92,1.0
p[7955],0.89,0.01,0.87,0.9,0.0,0.0,9404.72,6252.67,1.0
p[7956],0.86,0.01,0.85,0.88,0.0,0.0,9093.44,7338.65,1.0
p[7957],0.92,0.01,0.9,0.94,0.0,0.0,9519.63,6365.01,1.0
p[7958],0.89,0.01,0.88,0.9,0.0,0.0,9417.0,6226.57,1.0
p[7959],0.89,0.01,0.88,0.9,0.0,0.0,9417.74,6226.57,1.0
p[7960],0.92,0.01,0.9,0.94,0.0,0.0,9521.33,6418.94,1.0
p[7961],0.92,0.01,0.9,0.94,0.0,0.0,9521.33,6418.94,1.0
p[7962],0.86,0.01,0.85,0.88,0.0,0.0,9098.35,7303.16,1.0
p[7963],0.92,0.01,0.9,0.94,0.0,0.0,11952.98,6625.76,1.0
p[7964],0.94,0.01,0.93,0.95,0.0,0.0,8923.78,6560.03,1.0
p[7965],0.89,0.01,0.88,0.9,0.0,0.0,9422.64,6202.61,1.0
p[7966],0.89,0.01,0.88,0.9,0.0,0.0,9423.08,6260.66,1.0
p[7967],0.75,0.02,0.71,0.78,0.0,0.0,9577.51,7153.71,1.0
p[7968],0.89,0.01,0.88,0.9,0.0,0.0,9429.74,6284.69,1.0
p[7969],0.94,0.01,0.93,0.95,0.0,0.0,8931.89,6588.54,1.0
p[7970],0.89,0.01,0.88,0.9,0.0,0.0,9432.51,6284.69,1.0
p[7971],0.86,0.01,0.85,0.88,0.0,0.0,9111.67,7295.02,1.0
p[7972],0.94,0.01,0.93,0.95,0.0,0.0,8933.52,6588.42,1.0
p[7973],0.89,0.01,0.88,0.9,0.0,0.0,9438.57,6390.78,1.0
p[7974],0.86,0.01,0.85,0.88,0.0,0.0,9116.46,7329.64,1.0
p[7975],0.89,0.01,0.88,0.9,0.0,0.0,9441.18,6390.78,1.0
p[7976],0.89,0.01,0.88,0.9,0.0,0.0,9443.91,6390.78,1.0
p[7977],0.89,0.01,0.88,0.9,0.0,0.0,9448.02,6389.52,1.0
p[7978],0.89,0.01,0.88,0.9,0.0,0.0,9450.52,6389.52,1.0
p[7979],0.89,0.01,0.88,0.9,0.0,0.0,9455.27,6390.83,1.0
p[7980],0.89,0.01,0.88,0.9,0.0,0.0,9456.18,6386.28,1.0
p[7981],0.89,0.01,0.88,0.9,0.0,0.0,9461.04,6384.75,1.0
p[7982],0.87,0.01,0.85,0.88,0.0,0.0,9142.1,7269.04,1.0
p[7983],0.87,0.01,0.85,0.9,0.0,0.0,10397.51,7363.56,1.0
p[7984],0.87,0.01,0.85,0.88,0.0,0.0,9146.39,7436.4,1.0
p[7985],0.92,0.01,0.91,0.94,0.0,0.0,9539.15,6501.71,1.0
p[7986],0.89,0.01,0.88,0.9,0.0,0.0,9477.96,6496.74,1.0
p[7987],0.92,0.01,0.9,0.94,0.0,0.0,11479.01,6502.63,1.0
p[7988],0.89,0.01,0.88,0.91,0.0,0.0,9482.52,6496.6,1.0
p[7989],0.92,0.01,0.9,0.94,0.0,0.0,11906.35,6772.63,1.0
p[7990],0.89,0.01,0.88,0.91,0.0,0.0,9488.04,6496.6,1.0
p[7991],0.89,0.01,0.88,0.91,0.0,0.0,9491.49,6582.13,1.0
p[7992],0.87,0.01,0.85,0.89,0.0,0.0,9164.7,7324.24,1.0
p[7993],0.87,0.01,0.85,0.89,0.0,0.0,9165.9,7324.24,1.0
p[7994],0.89,0.01,0.88,0.91,0.0,0.0,9503.3,6552.15,1.0
p[7995],0.89,0.01,0.88,0.91,0.0,0.0,9507.45,6551.99,1.0
p[7996],0.89,0.01,0.88,0.91,0.0,0.0,9507.45,6551.99,1.0
p[7997],0.94,0.01,0.93,0.95,0.0,0.0,9010.33,6547.83,1.0
p[7998],0.92,0.01,0.9,0.94,0.0,0.0,11470.02,6461.69,1.0
p[7999],0.89,0.01,0.88,0.91,0.0,0.0,9516.3,6440.86,1.0
p[8000],0.9,0.01,0.88,0.92,0.0,0.0,9865.91,6548.71,1.0
p[8001],0.87,0.01,0.86,0.89,0.0,0.0,9187.86,7278.54,1.0
p[8002],0.94,0.01,0.93,0.95,0.0,0.0,9012.37,6531.62,1.0
p[8003],0.94,0.01,0.93,0.95,0.0,0.0,9012.76,6531.54,1.0
p[8004],0.94,0.01,0.93,0.95,0.0,0.0,9012.76,6531.54,1.0
p[8005],0.87,0.01,0.86,0.89,0.0,0.0,9192.05,7438.24,1.0
p[8006],0.9,0.01,0.88,0.91,0.0,0.0,9537.01,6514.88,1.0
p[8007],0.9,0.01,0.88,0.91,0.0,0.0,9538.13,6514.88,1.0
p[8008],0.87,0.01,0.86,0.89,0.0,0.0,9204.16,7403.02,1.0
p[8009],0.93,0.01,0.91,0.95,0.0,0.0,11870.73,6806.36,1.0
p[8010],0.94,0.01,0.93,0.95,0.0,0.0,9016.49,6576.5,1.0
p[8011],0.9,0.01,0.88,0.91,0.0,0.0,9547.44,6350.09,1.0
p[8012],0.92,0.01,0.9,0.94,0.0,0.0,11453.52,6602.0,1.0
p[8013],0.9,0.01,0.88,0.91,0.0,0.0,9550.26,6322.47,1.0
p[8014],0.9,0.01,0.88,0.91,0.0,0.0,9553.64,6322.47,1.0
p[8015],0.87,0.01,0.86,0.89,0.0,0.0,9210.14,7416.23,1.0
p[8016],0.9,0.01,0.89,0.91,0.0,0.0,9565.61,6349.97,1.0
p[8017],0.88,0.01,0.86,0.89,0.0,0.0,9225.05,7488.54,1.0
p[8018],0.9,0.01,0.89,0.91,0.0,0.0,9571.71,6326.11,1.0
p[8019],0.92,0.01,0.9,0.94,0.0,0.0,11440.18,6688.8,1.0
p[8020],0.88,0.01,0.86,0.89,0.0,0.0,9230.91,7518.62,1.0
p[8021],0.95,0.01,0.93,0.97,0.0,0.0,10317.64,5999.99,1.0
p[8022],0.94,0.01,0.93,0.95,0.0,0.0,9027.46,6690.84,1.0
p[8023],0.9,0.01,0.89,0.91,0.0,0.0,9587.18,6325.72,1.0
p[8024],0.9,0.01,0.89,0.91,0.0,0.0,9589.0,6325.61,1.0
p[8025],0.88,0.01,0.86,0.89,0.0,0.0,9243.86,7450.55,1.0
p[8026],0.88,0.01,0.86,0.89,0.0,0.0,9248.66,7487.1,1.0
p[8027],0.94,0.01,0.93,0.96,0.0,0.0,9030.53,6722.29,1.0
p[8028],0.88,0.01,0.86,0.89,0.0,0.0,9255.78,7524.39,1.0
p[8029],0.9,0.01,0.89,0.91,0.0,0.0,9623.32,6148.44,1.0
p[8030],0.93,0.01,0.91,0.94,0.0,0.0,11417.4,6646.16,1.0
p[8031],0.95,0.01,0.93,0.96,0.0,0.0,9038.69,6735.84,1.0
p[8032],0.93,0.01,0.91,0.94,0.0,0.0,11415.13,6645.79,1.0
p[8033],0.9,0.01,0.89,0.91,0.0,0.0,9634.2,6147.36,1.0
p[8034],0.88,0.01,0.86,0.9,0.0,0.0,9270.51,7556.4,1.0
p[8035],0.88,0.01,0.86,0.9,0.0,0.0,9273.99,7555.86,1.0
p[8036],0.93,0.01,0.92,0.95,0.0,0.0,9609.45,6557.28,1.0
p[8037],0.75,0.01,0.73,0.78,0.0,0.0,9819.31,7319.88,1.0
p[8038],0.75,0.01,0.73,0.78,0.0,0.0,9818.49,7284.43,1.0
p[8039],0.75,0.01,0.73,0.78,0.0,0.0,9817.07,7284.43,1.0
p[8040],0.71,0.02,0.68,0.74,0.0,0.0,9741.61,6862.14,1.0
p[8041],0.81,0.02,0.78,0.85,0.0,0.0,9097.53,6612.79,1.0
p[8042],0.71,0.02,0.68,0.74,0.0,0.0,9729.98,6804.82,1.0
p[8043],0.76,0.01,0.73,0.78,0.0,0.0,9790.51,7354.64,1.0
p[8044],0.76,0.01,0.73,0.78,0.0,0.0,9787.43,7354.49,1.0
p[8045],0.71,0.02,0.68,0.74,0.0,0.0,9705.88,6761.2,1.0
p[8046],0.71,0.02,0.68,0.74,0.0,0.0,9700.74,6792.42,1.0
p[8047],0.86,0.01,0.83,0.88,0.0,0.0,9366.36,7535.44,1.0
p[8048],0.86,0.01,0.83,0.88,0.0,0.0,9365.95,7535.44,1.0
p[8049],0.76,0.01,0.73,0.79,0.0,0.0,9766.58,7353.25,1.0
p[8050],0.72,0.02,0.68,0.75,0.0,0.0,9665.87,6883.79,1.0
p[8051],0.86,0.01,0.83,0.88,0.0,0.0,9357.87,7535.58,1.0
p[8052],0.72,0.02,0.69,0.75,0.0,0.0,9605.28,6795.18,1.0
p[8053],0.72,0.02,0.69,0.75,0.0,0.0,9586.45,6811.93,1.0
p[8054],0.83,0.02,0.8,0.86,0.0,0.0,9045.16,6831.78,1.0
p[8055],0.73,0.02,0.7,0.76,0.0,0.0,9543.89,6828.63,1.0
p[8056],0.73,0.01,0.7,0.76,0.0,0.0,9515.35,6799.24,1.0
p[8057],0.74,0.01,0.71,0.76,0.0,0.0,9468.64,6829.59,1.0
p[8058],0.84,0.02,0.8,0.88,0.0,0.0,12044.16,7186.9,1.0
p[8059],0.74,0.01,0.72,0.77,0.0,0.0,9376.41,6523.31,1.0
p[8060],0.79,0.01,0.77,0.81,0.0,0.0,9532.1,7203.06,1.0
p[8061],0.75,0.01,0.72,0.77,0.0,0.0,9348.5,6550.66,1.0
p[8062],0.79,0.01,0.77,0.81,0.0,0.0,9517.44,7129.24,1.0
p[8063],0.79,0.01,0.77,0.81,0.0,0.0,9511.39,7128.77,1.0
p[8064],0.85,0.02,0.81,0.88,0.0,0.0,12031.86,7220.44,1.0
p[8065],0.79,0.01,0.77,0.81,0.0,0.0,9510.45,7128.77,1.0
p[8066],0.75,0.01,0.72,0.77,0.0,0.0,9309.77,6522.85,1.0
p[8067],0.79,0.01,0.77,0.81,0.0,0.0,9502.34,7128.77,1.0
p[8068],0.75,0.01,0.72,0.78,0.0,0.0,9300.81,6495.3,1.0
p[8069],0.79,0.01,0.77,0.81,0.0,0.0,9497.0,7062.53,1.0
p[8070],0.79,0.01,0.77,0.81,0.0,0.0,9494.89,7062.53,1.0
p[8071],0.79,0.01,0.77,0.81,0.0,0.0,9474.91,6965.44,1.0
p[8072],0.75,0.01,0.73,0.78,0.0,0.0,9267.34,6483.83,1.0
p[8073],0.79,0.01,0.78,0.82,0.0,0.0,9471.0,6998.34,1.0
p[8074],0.81,0.02,0.78,0.85,0.0,0.0,10426.5,6278.02,1.0
p[8075],0.8,0.01,0.78,0.82,0.0,0.0,9467.67,6998.34,1.0
p[8076],0.59,0.02,0.55,0.64,0.0,0.0,9427.79,7060.36,1.0
p[8077],0.76,0.01,0.73,0.78,0.0,0.0,9254.21,6455.65,1.0
p[8078],0.8,0.01,0.78,0.82,0.0,0.0,9465.17,6998.34,1.0
p[8079],0.8,0.01,0.78,0.82,0.0,0.0,9462.1,6965.89,1.0
p[8080],0.85,0.02,0.82,0.89,0.0,0.0,12034.36,7136.67,1.0
p[8081],0.76,0.01,0.73,0.78,0.0,0.0,9234.03,6440.06,1.0
p[8082],0.8,0.01,0.78,0.82,0.0,0.0,9451.45,6965.74,1.0
p[8083],0.8,0.01,0.78,0.82,0.0,0.0,9450.05,6933.13,1.0
p[8084],0.8,0.01,0.78,0.82,0.0,0.0,9450.05,6933.13,1.0
p[8085],0.76,0.01,0.73,0.78,0.0,0.0,9221.67,6541.48,1.0
p[8086],0.8,0.01,0.78,0.82,0.0,0.0,9443.06,6901.12,1.0
p[8087],0.8,0.01,0.78,0.82,0.0,0.0,9441.7,6901.12,1.0
p[8088],0.76,0.01,0.73,0.78,0.0,0.0,9216.0,6528.47,1.0
p[8089],0.9,0.02,0.87,0.94,0.0,0.0,10748.1,6345.14,1.0
p[8090],0.76,0.01,0.73,0.78,0.0,0.0,9204.99,6542.63,1.0
p[8091],0.8,0.01,0.78,0.82,0.0,0.0,9428.05,6871.29,1.0
p[8092],0.76,0.01,0.73,0.78,0.0,0.0,9194.75,6542.69,1.0
p[8093],0.82,0.02,0.78,0.85,0.0,0.0,10434.89,6330.79,1.0
p[8094],0.8,0.01,0.78,0.82,0.0,0.0,9411.86,6809.49,1.0
p[8095],0.76,0.01,0.74,0.78,0.0,0.0,9176.45,6553.41,1.0
p[8096],0.8,0.01,0.78,0.82,0.0,0.0,9401.84,6749.04,1.0
p[8097],0.6,0.02,0.56,0.65,0.0,0.0,9397.31,6947.31,1.0
p[8098],0.76,0.01,0.74,0.79,0.0,0.0,9169.99,6610.43,1.0
p[8099],0.8,0.01,0.78,0.82,0.0,0.0,9398.3,6719.0,1.0
p[8100],0.76,0.01,0.74,0.79,0.0,0.0,9164.67,6652.2,1.0
p[8101],0.85,0.01,0.83,0.88,0.0,0.0,8970.2,6506.63,1.0
p[8102],0.8,0.01,0.78,0.82,0.0,0.0,9389.35,6631.16,1.0
p[8103],0.76,0.01,0.74,0.79,0.0,0.0,9154.09,6565.4,1.0
p[8104],0.8,0.01,0.78,0.82,0.0,0.0,9388.24,6631.56,1.0
p[8105],0.8,0.01,0.78,0.82,0.0,0.0,9386.4,6631.56,1.0
p[8106],0.8,0.01,0.78,0.82,0.0,0.0,9385.46,6631.56,1.0
p[8107],0.77,0.01,0.74,0.79,0.0,0.0,9142.48,6481.81,1.0
p[8108],0.77,0.01,0.74,0.79,0.0,0.0,9137.2,6481.81,1.0
p[8109],0.81,0.01,0.79,0.82,0.0,0.0,9370.47,6689.79,1.0
p[8110],0.86,0.02,0.83,0.89,0.0,0.0,11995.97,7214.08,1.0
p[8111],0.77,0.01,0.74,0.79,0.0,0.0,9126.55,6500.81,1.0
p[8112],0.77,0.01,0.74,0.79,0.0,0.0,9120.63,6594.41,1.0
p[8113],0.61,0.02,0.57,0.65,0.0,0.0,9378.14,7110.07,1.0
p[8114],0.82,0.02,0.79,0.86,0.0,0.0,10393.05,6304.24,1.0
p[8115],0.86,0.01,0.83,0.88,0.0,0.0,8958.26,6237.42,1.0
p[8116],0.77,0.01,0.75,0.79,0.0,0.0,9101.83,6652.82,1.0
p[8117],0.81,0.01,0.79,0.83,0.0,0.0,9348.61,6903.64,1.0
p[8118],0.81,0.01,0.79,0.83,0.0,0.0,9343.66,6896.62,1.0
p[8119],0.81,0.01,0.79,0.83,0.0,0.0,9343.66,6896.62,1.0
p[8120],0.81,0.01,0.79,0.83,0.0,0.0,9343.66,6896.62,1.0
p[8121],0.77,0.01,0.75,0.79,0.0,0.0,9091.72,6712.56,1.0
p[8122],0.86,0.02,0.83,0.89,0.0,0.0,11982.67,7254.64,1.0
p[8123],0.77,0.01,0.75,0.79,0.0,0.0,9086.75,6712.28,1.0
p[8124],0.81,0.01,0.79,0.83,0.0,0.0,9333.84,6874.06,1.0
p[8125],0.81,0.01,0.79,0.83,0.0,0.0,9331.57,6873.53,1.0
p[8126],0.81,0.01,0.79,0.83,0.0,0.0,9329.81,6873.53,1.0
p[8127],0.86,0.01,0.83,0.89,0.0,0.0,8956.0,6162.25,1.0
p[8128],0.77,0.01,0.75,0.79,0.0,0.0,9069.24,6652.88,1.0
p[8129],0.81,0.01,0.79,0.83,0.0,0.0,9324.99,6811.48,1.0
p[8130],0.91,0.02,0.87,0.94,0.0,0.0,10710.68,6450.54,1.0
p[8131],0.81,0.01,0.79,0.83,0.0,0.0,9320.92,6811.48,1.0
p[8132],0.77,0.01,0.75,0.8,0.0,0.0,9061.42,6623.89,1.0
p[8133],0.81,0.01,0.79,0.83,0.0,0.0,9312.75,6811.01,1.0
p[8134],0.81,0.01,0.79,0.83,0.0,0.0,9312.75,6811.01,1.0
p[8135],0.77,0.01,0.75,0.8,0.0,0.0,9050.74,6624.05,1.0
p[8136],0.83,0.02,0.8,0.86,0.0,0.0,10377.64,6268.58,1.0
p[8137],0.62,0.02,0.58,0.66,0.0,0.0,9344.24,6941.93,1.0
p[8138],0.78,0.01,0.75,0.8,0.0,0.0,9040.32,6566.62,1.0
p[8139],0.81,0.01,0.8,0.83,0.0,0.0,9301.26,6938.88,1.0
p[8140],0.78,0.01,0.75,0.8,0.0,0.0,9033.33,6538.46,1.0
p[8141],0.81,0.01,0.8,0.83,0.0,0.0,9297.78,6938.88,1.0
p[8142],0.81,0.01,0.8,0.83,0.0,0.0,9293.95,6960.17,1.0
p[8143],0.81,0.01,0.8,0.83,0.0,0.0,9291.64,6960.08,1.0
p[8144],0.78,0.01,0.75,0.8,0.0,0.0,9023.08,6566.36,1.0
p[8145],0.82,0.01,0.8,0.83,0.0,0.0,9287.12,6991.91,1.0
p[8146],0.82,0.01,0.8,0.83,0.0,0.0,9284.46,6960.0,1.0
p[8147],0.82,0.01,0.8,0.83,0.0,0.0,9283.64,6907.29,1.0
p[8148],0.87,0.02,0.84,0.9,0.0,0.0,11952.14,7204.12,1.0
p[8149],0.82,0.01,0.8,0.83,0.0,0.0,9276.22,6844.02,1.0
p[8150],0.78,0.01,0.76,0.8,0.0,0.0,9000.64,6510.25,1.0
p[8151],0.89,0.01,0.88,0.91,0.0,0.0,9172.8,7482.86,1.0
p[8152],0.86,0.01,0.84,0.89,0.0,0.0,8944.4,6062.8,1.0
p[8153],0.89,0.01,0.88,0.91,0.0,0.0,9171.47,7448.53,1.0
p[8154],0.78,0.01,0.76,0.8,0.0,0.0,8991.78,6566.5,1.0
p[8155],0.63,0.02,0.59,0.67,0.0,0.0,9322.79,6755.01,1.0
p[8156],0.83,0.02,0.8,0.87,0.0,0.0,10358.58,6442.96,1.0
p[8157],0.82,0.01,0.8,0.84,0.0,0.0,9256.72,6782.78,1.0
p[8158],0.78,0.01,0.76,0.8,0.0,0.0,8965.49,6594.51,1.0
p[8159],0.78,0.01,0.76,0.81,0.0,0.0,8959.08,6593.91,1.0
p[8160],0.82,0.01,0.8,0.84,0.0,0.0,9246.27,6802.92,1.0
p[8161],0.82,0.01,0.8,0.84,0.0,0.0,9246.27,6802.92,1.0
p[8162],0.82,0.01,0.8,0.84,0.0,0.0,9246.27,6802.92,1.0
p[8163],0.87,0.02,0.84,0.9,0.0,0.0,11944.02,7152.45,1.0
p[8164],0.82,0.01,0.8,0.84,0.0,0.0,9241.78,6802.45,1.0
p[8165],0.82,0.01,0.8,0.84,0.0,0.0,9240.73,6802.08,1.0
p[8166],0.82,0.01,0.8,0.84,0.0,0.0,9240.08,6802.08,1.0
p[8167],0.79,0.01,0.76,0.81,0.0,0.0,8940.17,6537.97,1.0
p[8168],0.82,0.01,0.81,0.84,0.0,0.0,9238.79,6832.61,1.0
p[8169],0.79,0.01,0.76,0.81,0.0,0.0,8936.16,6565.98,1.0
p[8170],0.91,0.02,0.88,0.94,0.0,0.0,10686.46,6423.49,1.0
p[8171],0.79,0.01,0.77,0.81,0.0,0.0,8926.91,6537.64,1.0
p[8172],0.64,0.02,0.6,0.68,0.0,0.0,9292.6,6847.08,1.0
p[8173],0.83,0.01,0.81,0.84,0.0,0.0,9225.16,6964.98,1.0
p[8174],0.84,0.02,0.81,0.87,0.0,0.0,10323.91,6470.45,1.0
p[8175],0.83,0.01,0.81,0.84,0.0,0.0,9222.87,6932.77,1.0
p[8176],0.83,0.01,0.81,0.84,0.0,0.0,9220.32,6963.7,1.0
p[8177],0.83,0.01,0.81,0.84,0.0,0.0,9220.32,6963.7,1.0
p[8178],0.79,0.01,0.77,0.81,0.0,0.0,8906.37,6500.64,1.0
p[8179],0.79,0.01,0.77,0.81,0.0,0.0,8905.47,6500.64,1.0
p[8180],0.83,0.01,0.81,0.84,0.0,0.0,9218.01,6964.06,1.0
p[8181],0.83,0.01,0.81,0.84,0.0,0.0,9214.85,6997.56,1.0
p[8182],0.83,0.01,0.81,0.84,0.0,0.0,9214.47,6998.91,1.0
p[8183],0.79,0.01,0.77,0.81,0.0,0.0,8898.52,6500.64,1.0
p[8184],0.87,0.01,0.85,0.9,0.0,0.0,8928.68,5828.48,1.0
p[8185],0.83,0.01,0.81,0.84,0.0,0.0,9208.28,6966.55,1.0
p[8186],0.83,0.01,0.81,0.84,0.0,0.0,9207.4,6966.55,1.0
p[8187],0.79,0.01,0.77,0.81,0.0,0.0,8887.7,6527.99,1.0
p[8188],0.83,0.01,0.81,0.84,0.0,0.0,9205.91,6871.02,1.0
p[8189],0.79,0.01,0.77,0.81,0.0,0.0,8885.67,6527.99,1.0
p[8190],0.87,0.01,0.85,0.9,0.0,0.0,8926.22,5839.75,1.0
p[8191],0.79,0.01,0.77,0.81,0.0,0.0,8881.72,6556.54,1.0
p[8192],0.65,0.02,0.6,0.69,0.0,0.0,9271.43,6817.03,1.0
p[8193],0.85,0.02,0.82,0.88,0.0,0.0,10312.5,6388.71,1.0
p[8194],0.9,0.01,0.89,0.92,0.0,0.0,8941.05,7253.3,1.0
p[8195],0.83,0.01,0.81,0.85,0.0,0.0,9197.11,6904.0,1.0
p[8196],0.83,0.01,0.81,0.85,0.0,0.0,9196.69,6904.22,1.0
p[8197],0.83,0.01,0.82,0.85,0.0,0.0,9191.96,6969.26,1.0
p[8198],0.8,0.01,0.78,0.82,0.0,0.0,8860.28,6596.76,1.0
p[8199],0.83,0.01,0.82,0.85,0.0,0.0,9192.11,6969.26,1.0
p[8200],0.83,0.01,0.82,0.85,0.0,0.0,9190.81,6937.02,1.0
p[8201],0.83,0.01,0.82,0.85,0.0,0.0,9190.81,6937.02,1.0
p[8202],0.83,0.01,0.82,0.85,0.0,0.0,9190.6,6969.33,1.0
p[8203],0.83,0.01,0.82,0.85,0.0,0.0,9190.97,6969.33,1.0
p[8204],0.83,0.01,0.82,0.85,0.0,0.0,9190.97,6969.33,1.0
p[8205],0.8,0.01,0.78,0.82,0.0,0.0,8852.63,6655.18,1.0
p[8206],0.83,0.01,0.82,0.85,0.0,0.0,9189.45,6968.27,1.0
p[8207],0.8,0.01,0.78,0.82,0.0,0.0,8848.02,6655.18,1.0
p[8208],0.8,0.01,0.78,0.82,0.0,0.0,8846.46,6653.4,1.0
p[8209],0.92,0.02,0.89,0.95,0.0,0.0,10642.63,6349.33,1.0
p[8210],0.83,0.01,0.82,0.85,0.0,0.0,9188.05,6905.88,1.0
p[8211],0.8,0.01,0.78,0.82,0.0,0.0,8842.66,6655.18,1.0
p[8212],0.8,0.01,0.78,0.82,0.0,0.0,8840.82,6682.56,1.0
p[8213],0.85,0.02,0.82,0.88,0.0,0.0,10291.15,6415.09,1.0
p[8214],0.84,0.01,0.82,0.85,0.0,0.0,9186.61,6841.76,1.0
p[8215],0.84,0.01,0.82,0.85,0.0,0.0,9186.07,6811.36,1.0
p[8216],0.66,0.02,0.61,0.69,0.0,0.0,9266.64,6847.68,1.0
p[8217],0.84,0.01,0.82,0.85,0.0,0.0,9185.96,6781.82,1.0
p[8218],0.84,0.01,0.82,0.85,0.0,0.0,9185.02,6781.44,1.0
p[8219],0.84,0.01,0.82,0.85,0.0,0.0,9183.35,6714.35,1.0
p[8220],0.8,0.01,0.78,0.82,0.0,0.0,8820.98,6738.81,1.0
p[8221],0.8,0.01,0.78,0.82,0.0,0.0,8820.67,6738.81,1.0
p[8222],0.84,0.01,0.82,0.85,0.0,0.0,9186.1,6821.81,1.0
p[8223],0.84,0.01,0.82,0.85,0.0,0.0,9185.94,6822.0,1.0
p[8224],0.84,0.01,0.82,0.85,0.0,0.0,9186.05,6822.0,1.0
p[8225],0.8,0.01,0.78,0.82,0.0,0.0,8816.6,6768.49,1.0
p[8226],0.88,0.01,0.86,0.91,0.0,0.0,11821.31,6679.52,1.0
p[8227],0.91,0.01,0.89,0.92,0.0,0.0,8840.21,7305.81,1.0
p[8228],0.84,0.01,0.82,0.85,0.0,0.0,9185.43,6853.85,1.0
p[8229],0.81,0.01,0.78,0.82,0.0,0.0,8810.39,6771.05,1.0
p[8230],0.81,0.01,0.79,0.83,0.0,0.0,8809.0,6801.51,1.0
p[8231],0.84,0.01,0.82,0.85,0.0,0.0,9185.3,6765.56,1.0
p[8232],0.79,0.02,0.75,0.82,0.0,0.0,8853.74,6879.25,1.0
p[8233],0.91,0.01,0.89,0.92,0.0,0.0,8829.09,7325.38,1.0
p[8234],0.88,0.01,0.86,0.9,0.0,0.0,8932.93,5917.67,1.0
p[8235],0.84,0.01,0.82,0.86,0.0,0.0,9186.5,6857.49,1.0
p[8236],0.81,0.01,0.79,0.83,0.0,0.0,8801.94,6801.58,1.0
p[8237],0.88,0.01,0.86,0.91,0.0,0.0,8933.27,5894.29,1.0
p[8238],0.81,0.01,0.79,0.83,0.0,0.0,8800.23,6812.26,1.0
p[8239],0.67,0.02,0.63,0.7,0.0,0.0,9253.38,6879.41,1.0
p[8240],0.84,0.01,0.83,0.86,0.0,0.0,9189.53,6938.39,1.0
p[8241],0.86,0.02,0.83,0.88,0.0,0.0,10259.94,6361.14,1.0
p[8242],0.84,0.01,0.83,0.86,0.0,0.0,9188.94,6938.39,1.0
p[8243],0.81,0.01,0.79,0.83,0.0,0.0,8795.99,6842.05,1.0
p[8244],0.84,0.01,0.83,0.86,0.0,0.0,9188.38,7002.82,1.0
p[8245],0.81,0.01,0.79,0.83,0.0,0.0,8794.24,6872.2,1.0
p[8246],0.84,0.01,0.83,0.86,0.0,0.0,9189.2,6970.21,1.0
p[8247],0.84,0.01,0.83,0.86,0.0,0.0,9190.19,7034.51,1.0
p[8248],0.81,0.01,0.79,0.83,0.0,0.0,8791.98,6810.07,1.0
p[8249],0.84,0.01,0.83,0.86,0.0,0.0,9189.35,7067.21,1.0
p[8250],0.82,0.02,0.79,0.86,0.0,0.0,9950.83,6951.53,1.0
p[8251],0.84,0.01,0.83,0.86,0.0,0.0,9189.39,7067.21,1.0
p[8252],0.84,0.01,0.83,0.86,0.0,0.0,9189.17,6939.38,1.0
p[8253],0.84,0.01,0.83,0.86,0.0,0.0,9189.17,6939.38,1.0
p[8254],0.81,0.01,0.79,0.83,0.0,0.0,8787.83,6704.13,1.0
p[8255],0.84,0.01,0.83,0.86,0.0,0.0,9188.46,6908.36,1.0
p[8256],0.93,0.02,0.9,0.95,0.0,0.0,10599.0,6527.46,1.0
p[8257],0.81,0.01,0.79,0.83,0.0,0.0,8785.0,6704.62,1.0
p[8258],0.82,0.02,0.79,0.86,0.0,0.0,9947.07,6919.46,1.0
p[8259],0.85,0.01,0.83,0.86,0.0,0.0,9191.42,6977.6,1.0
p[8260],0.81,0.01,0.79,0.83,0.0,0.0,8783.02,6720.0,1.0
p[8261],0.91,0.01,0.9,0.93,0.0,0.0,8760.39,7271.59,1.0
p[8262],0.81,0.01,0.79,0.83,0.0,0.0,8781.34,6678.54,1.0
p[8263],0.85,0.01,0.83,0.86,0.0,0.0,9192.29,6789.1,1.0
p[8264],0.86,0.01,0.83,0.89,0.0,0.0,10240.76,6468.66,1.0
p[8265],0.85,0.01,0.83,0.86,0.0,0.0,9192.77,6748.84,1.0
p[8266],0.85,0.01,0.83,0.86,0.0,0.0,9192.46,6748.84,1.0
p[8267],0.88,0.02,0.85,0.91,0.0,0.0,11671.06,6424.79,1.0
p[8268],0.81,0.01,0.79,0.83,0.0,0.0,8780.28,6649.34,1.0
p[8269],0.67,0.02,0.64,0.71,0.0,0.0,9246.59,6816.82,1.0
p[8270],0.89,0.01,0.86,0.92,0.0,0.0,11764.24,6586.07,1.0
p[8271],0.82,0.01,0.79,0.83,0.0,0.0,8779.07,6642.47,1.0
p[8272],0.85,0.01,0.83,0.86,0.0,0.0,9193.42,6853.67,1.0
p[8273],0.85,0.01,0.83,0.86,0.0,0.0,9193.27,6889.55,1.0
p[8274],0.85,0.01,0.83,0.86,0.0,0.0,9194.04,6815.63,1.0
p[8275],0.8,0.02,0.77,0.83,0.0,0.0,8840.77,7003.89,1.0
p[8276],0.82,0.01,0.8,0.83,0.0,0.0,8776.8,6612.4,1.0
p[8277],0.82,0.01,0.8,0.83,0.0,0.0,8775.38,6612.4,1.0
p[8278],0.85,0.01,0.83,0.86,0.0,0.0,9194.02,6816.22,1.0
p[8279],0.92,0.02,0.89,0.95,0.0,0.0,11576.2,6462.08,1.0
p[8280],0.89,0.01,0.87,0.91,0.0,0.0,8932.89,5963.66,1.0
p[8281],0.85,0.01,0.83,0.86,0.0,0.0,9194.84,6847.85,1.0
p[8282],0.91,0.01,0.9,0.93,0.0,0.0,8723.6,7341.36,1.0
p[8283],0.85,0.01,0.83,0.86,0.0,0.0,9194.94,6697.2,1.0
p[8284],0.82,0.01,0.8,0.84,0.0,0.0,8773.66,6583.82,1.0
p[8285],0.85,0.01,0.83,0.86,0.0,0.0,9195.68,6815.24,1.0
p[8286],0.91,0.01,0.9,0.93,0.0,0.0,8719.29,7341.16,1.0
p[8287],0.85,0.01,0.84,0.87,0.0,0.0,9196.34,6845.92,1.0
p[8288],0.83,0.02,0.8,0.86,0.0,0.0,9931.49,6736.16,1.0
p[8289],0.82,0.01,0.8,0.84,0.0,0.0,8770.99,6628.69,1.0
p[8290],0.82,0.01,0.8,0.84,0.0,0.0,8769.96,6613.93,1.0
p[8291],0.86,0.01,0.84,0.89,0.0,0.0,10216.98,6486.07,1.0
p[8292],0.85,0.01,0.84,0.87,0.0,0.0,9198.6,6968.22,1.0
p[8293],0.85,0.01,0.84,0.87,0.0,0.0,9199.54,6880.45,1.0
p[8294],0.82,0.01,0.8,0.84,0.0,0.0,8768.63,6659.19,1.0
p[8295],0.85,0.01,0.84,0.87,0.0,0.0,9200.31,6906.93,1.0
p[8296],0.85,0.01,0.84,0.87,0.0,0.0,9200.18,6893.93,1.0
p[8297],0.89,0.01,0.87,0.91,0.0,0.0,8931.71,6023.95,1.0
p[8298],0.82,0.01,0.8,0.84,0.0,0.0,8767.61,6579.26,1.0
p[8299],0.85,0.01,0.84,0.87,0.0,0.0,9200.86,6781.14,1.0
p[8300],0.85,0.01,0.84,0.87,0.0,0.0,9200.86,6781.14,1.0
p[8301],0.8,0.02,0.77,0.84,0.0,0.0,8837.97,7166.45,1.0
p[8302],0.82,0.01,0.8,0.84,0.0,0.0,8768.42,6633.88,1.0
p[8303],0.82,0.01,0.8,0.84,0.0,0.0,8768.45,6634.33,1.0
p[8304],0.69,0.02,0.65,0.72,0.0,0.0,9236.92,6661.54,1.0
p[8305],0.85,0.01,0.84,0.87,0.0,0.0,9205.64,6781.55,1.0
p[8306],0.85,0.01,0.84,0.87,0.0,0.0,9205.75,6909.35,1.0
p[8307],0.82,0.01,0.8,0.84,0.0,0.0,8768.08,6693.03,1.0
p[8308],0.85,0.01,0.84,0.87,0.0,0.0,9209.38,6941.34,1.0
p[8309],0.85,0.01,0.84,0.87,0.0,0.0,9211.63,7005.0,1.0
p[8310],0.85,0.01,0.84,0.87,0.0,0.0,9212.05,7007.92,1.0
p[8311],0.82,0.01,0.8,0.84,0.0,0.0,8767.82,6683.24,1.0
p[8312],0.81,0.02,0.78,0.84,0.0,0.0,8836.19,7099.18,1.0
p[8313],0.82,0.01,0.81,0.84,0.0,0.0,8768.33,6752.9,1.0
p[8314],0.83,0.02,0.8,0.87,0.0,0.0,9927.6,6765.3,1.0
p[8315],0.86,0.01,0.84,0.87,0.0,0.0,9214.18,6973.39,1.0
p[8316],0.82,0.01,0.81,0.84,0.0,0.0,8768.19,6752.36,1.0
p[8317],0.92,0.01,0.9,0.93,0.0,0.0,8683.37,7200.56,1.0
p[8318],0.86,0.01,0.84,0.87,0.0,0.0,9214.31,6832.26,1.0
p[8319],0.87,0.01,0.84,0.9,0.0,0.0,10195.92,6598.99,1.0
p[8320],0.93,0.01,0.91,0.96,0.0,0.0,10549.85,6695.13,1.0
p[8321],0.83,0.01,0.81,0.85,0.0,0.0,8769.57,6653.11,1.0
p[8322],0.86,0.01,0.84,0.87,0.0,0.0,9218.74,6810.83,1.0
p[8323],0.69,0.02,0.65,0.73,0.0,0.0,9231.17,6669.26,1.0
p[8324],0.83,0.01,0.81,0.85,0.0,0.0,8769.55,6604.23,1.0
p[8325],0.81,0.02,0.78,0.84,0.0,0.0,8833.72,7131.9,1.0
p[8326],0.86,0.01,0.84,0.87,0.0,0.0,9220.9,6810.09,1.0
p[8327],0.86,0.01,0.84,0.87,0.0,0.0,9222.52,6808.91,1.0
p[8328],0.81,0.02,0.78,0.84,0.0,0.0,8835.37,7165.38,1.0
p[8329],0.83,0.01,0.81,0.85,0.0,0.0,8770.54,6663.16,1.0
p[8330],0.86,0.01,0.84,0.87,0.0,0.0,9224.36,6806.37,1.0
p[8331],0.9,0.01,0.88,0.92,0.0,0.0,8941.88,6028.48,1.0
p[8332],0.86,0.01,0.84,0.87,0.0,0.0,9224.99,6806.37,1.0
p[8333],0.86,0.01,0.84,0.87,0.0,0.0,9225.38,6686.78,1.0
p[8334],0.83,0.01,0.81,0.85,0.0,0.0,8771.94,6661.58,1.0
p[8335],0.9,0.01,0.87,0.92,0.0,0.0,11658.94,6547.39,1.0
p[8336],0.9,0.01,0.88,0.92,0.0,0.0,8941.31,6029.0,1.0
p[8337],0.86,0.01,0.84,0.87,0.0,0.0,9229.69,6699.27,1.0
p[8338],0.83,0.01,0.81,0.85,0.0,0.0,8772.07,6690.56,1.0
p[8339],0.86,0.01,0.84,0.87,0.0,0.0,9229.8,6699.27,1.0
p[8340],0.83,0.01,0.81,0.85,0.0,0.0,8774.56,6661.18,1.0
p[8341],0.92,0.01,0.91,0.93,0.0,0.0,8668.65,7340.19,1.0
p[8342],0.83,0.01,0.81,0.85,0.0,0.0,8774.59,6632.57,1.0
p[8343],0.9,0.01,0.88,0.92,0.0,0.0,11643.09,6604.86,1.0
p[8344],0.86,0.01,0.85,0.88,0.0,0.0,9239.43,6962.61,1.0
p[8345],0.86,0.01,0.85,0.88,0.0,0.0,9239.83,6965.38,1.0
p[8346],0.83,0.01,0.81,0.85,0.0,0.0,8776.55,6602.95,1.0
p[8347],0.84,0.02,0.81,0.87,0.0,0.0,9914.72,6639.88,1.0
p[8348],0.87,0.01,0.85,0.9,0.0,0.0,10181.46,6714.53,1.0
p[8349],0.7,0.02,0.66,0.74,0.0,0.0,9227.03,6819.7,1.0
p[8350],0.86,0.01,0.85,0.88,0.0,0.0,9246.1,7028.44,1.0
p[8351],0.86,0.01,0.85,0.88,0.0,0.0,9247.62,7017.52,1.0
p[8352],0.9,0.01,0.88,0.93,0.0,0.0,11628.95,6604.86,1.0
p[8353],0.86,0.01,0.85,0.88,0.0,0.0,9249.75,6995.22,1.0
p[8354],0.83,0.01,0.81,0.85,0.0,0.0,8781.18,6578.22,1.0
p[8355],0.86,0.01,0.85,0.88,0.0,0.0,9251.72,6838.8,1.0
p[8356],0.86,0.01,0.85,0.88,0.0,0.0,9252.92,7052.18,1.0
p[8357],0.83,0.01,0.81,0.85,0.0,0.0,8939.87,6550.7,1.0
p[8358],0.89,0.01,0.87,0.92,0.0,0.0,11754.53,6249.05,1.0
p[8359],0.86,0.01,0.85,0.88,0.0,0.0,9256.38,6750.51,1.0
p[8360],0.92,0.01,0.91,0.94,0.0,0.0,8688.65,7305.15,1.0
p[8361],0.83,0.01,0.81,0.85,0.0,0.0,8939.3,6495.42,1.0
p[8362],0.94,0.01,0.91,0.96,0.0,0.0,10540.1,6694.5,1.0
p[8363],0.83,0.01,0.82,0.85,0.0,0.0,8938.55,6578.32,1.0
p[8364],0.86,0.01,0.85,0.88,0.0,0.0,9262.89,6964.06,1.0
p[8365],0.86,0.01,0.85,0.88,0.0,0.0,9264.35,6964.29,1.0
p[8366],0.84,0.01,0.82,0.85,0.0,0.0,8936.2,6578.24,1.0
p[8367],0.86,0.01,0.85,0.88,0.0,0.0,9269.38,6962.52,1.0
p[8368],0.86,0.01,0.85,0.88,0.0,0.0,9269.38,6962.52,1.0
p[8369],0.87,0.01,0.85,0.88,0.0,0.0,9270.66,7071.35,1.0
p[8370],0.84,0.01,0.82,0.85,0.0,0.0,8935.43,6635.49,1.0
p[8371],0.71,0.02,0.67,0.74,0.0,0.0,9224.94,6881.7,1.0
p[8372],0.87,0.01,0.85,0.88,0.0,0.0,9272.16,7086.49,1.0
p[8373],0.87,0.01,0.85,0.88,0.0,0.0,9272.92,7118.93,1.0
p[8374],0.84,0.01,0.82,0.85,0.0,0.0,8931.63,6724.04,1.0
p[8375],0.84,0.01,0.82,0.86,0.0,0.0,8929.48,6753.65,1.0
p[8376],0.88,0.01,0.85,0.9,0.0,0.0,10158.93,6743.17,1.0
p[8377],0.91,0.01,0.88,0.93,0.0,0.0,11583.59,6582.76,1.0
p[8378],0.87,0.01,0.85,0.88,0.0,0.0,9281.36,7204.35,1.0
p[8379],0.87,0.01,0.85,0.88,0.0,0.0,9282.25,7204.32,1.0
p[8380],0.87,0.01,0.85,0.88,0.0,0.0,9284.49,7187.0,1.0
p[8381],0.87,0.01,0.85,0.88,0.0,0.0,9285.44,7187.0,1.0
p[8382],0.84,0.01,0.82,0.86,0.0,0.0,8927.52,6724.29,1.0
p[8383],0.9,0.01,0.88,0.92,0.0,0.0,8948.22,5896.39,1.0
p[8384],0.93,0.01,0.91,0.94,0.0,0.0,8719.08,7237.02,1.0
p[8385],0.84,0.01,0.82,0.86,0.0,0.0,8927.93,6815.78,1.0
p[8386],0.87,0.01,0.85,0.88,0.0,0.0,9288.83,7221.14,1.0
p[8387],0.9,0.01,0.88,0.92,0.0,0.0,8947.38,5850.91,1.0
p[8388],0.84,0.01,0.82,0.86,0.0,0.0,8927.9,6817.0,1.0
p[8389],0.87,0.01,0.85,0.88,0.0,0.0,9292.15,7222.42,1.0
p[8390],0.9,0.01,0.88,0.92,0.0,0.0,8948.49,5850.91,1.0
p[8391],0.94,0.01,0.91,0.96,0.0,0.0,11321.46,6272.73,1.0
p[8392],0.87,0.01,0.85,0.88,0.0,0.0,9293.18,7222.42,1.0
p[8393],0.84,0.01,0.82,0.86,0.0,0.0,8927.61,6816.92,1.0
p[8394],0.9,0.01,0.89,0.92,0.0,0.0,8949.92,5850.89,1.0
p[8395],0.9,0.01,0.89,0.92,0.0,0.0,8950.15,5850.86,1.0
p[8396],0.87,0.01,0.86,0.88,0.0,0.0,9304.11,7186.47,1.0
p[8397],0.87,0.01,0.86,0.89,0.0,0.0,9308.23,7221.29,1.0
p[8398],0.88,0.01,0.86,0.91,0.0,0.0,10137.13,6844.39,1.0
p[8399],0.87,0.01,0.86,0.89,0.0,0.0,9310.05,7222.49,1.0
p[8400],0.72,0.02,0.68,0.75,0.0,0.0,9228.08,6881.33,1.0
p[8401],0.84,0.01,0.82,0.86,0.0,0.0,8928.45,6912.38,1.0
p[8402],0.84,0.01,0.82,0.86,0.0,0.0,8929.71,6912.38,1.0
p[8403],0.91,0.01,0.88,0.93,0.0,0.0,11541.57,6394.34,1.0
p[8404],0.93,0.01,0.91,0.94,0.0,0.0,8677.37,7342.1,1.0
p[8405],0.87,0.01,0.86,0.89,0.0,0.0,9316.66,7169.75,1.0
p[8406],0.87,0.01,0.86,0.89,0.0,0.0,9316.24,7169.75,1.0
p[8407],0.87,0.01,0.86,0.89,0.0,0.0,9316.24,7169.75,1.0
p[8408],0.87,0.01,0.86,0.89,0.0,0.0,9319.58,7169.41,1.0
p[8409],0.9,0.01,0.88,0.93,0.0,0.0,11691.28,6573.58,1.0
p[8410],0.87,0.01,0.86,0.89,0.0,0.0,9323.71,7169.3,1.0
p[8411],0.87,0.01,0.86,0.89,0.0,0.0,9326.59,7169.3,1.0
p[8412],0.91,0.01,0.89,0.93,0.0,0.0,8957.59,5761.82,1.0
p[8413],0.87,0.01,0.86,0.89,0.0,0.0,9329.82,7170.01,1.0
p[8414],0.85,0.01,0.83,0.86,0.0,0.0,8928.97,6912.36,1.0
p[8415],0.85,0.01,0.83,0.86,0.0,0.0,8929.29,6912.36,1.0
p[8416],0.85,0.02,0.82,0.88,0.0,0.0,9882.19,6525.81,1.0
p[8417],0.87,0.01,0.86,0.89,0.0,0.0,9335.14,7169.98,1.0
p[8418],0.87,0.01,0.86,0.89,0.0,0.0,9342.21,7137.16,1.0
p[8419],0.87,0.01,0.86,0.89,0.0,0.0,9348.89,7137.24,1.0
p[8420],0.93,0.01,0.92,0.94,0.0,0.0,8701.41,7341.07,1.0
p[8421],0.72,0.02,0.69,0.76,0.0,0.0,9231.99,7073.91,1.0
p[8422],0.87,0.01,0.86,0.89,0.0,0.0,9350.99,7137.13,1.0
p[8423],0.93,0.01,0.92,0.94,0.0,0.0,8705.19,7340.83,1.0
p[8424],0.85,0.01,0.83,0.87,0.0,0.0,8934.11,6929.04,1.0
p[8425],0.85,0.01,0.83,0.87,0.0,0.0,8935.32,6913.35,1.0
p[8426],0.88,0.01,0.86,0.89,0.0,0.0,9499.03,7136.77,1.0
p[8427],0.88,0.01,0.86,0.89,0.0,0.0,9499.69,7135.79,1.0
p[8428],0.88,0.01,0.86,0.89,0.0,0.0,9500.56,7135.79,1.0
p[8429],0.91,0.01,0.89,0.93,0.0,0.0,11494.27,6649.08,1.0
p[8430],0.88,0.01,0.86,0.89,0.0,0.0,9505.13,7135.76,1.0
p[8431],0.88,0.01,0.86,0.89,0.0,0.0,9506.97,7103.29,1.0
p[8432],0.91,0.01,0.89,0.93,0.0,0.0,8974.22,5931.46,1.0
p[8433],0.85,0.01,0.83,0.87,0.0,0.0,8941.84,6785.04,1.0
p[8434],0.91,0.01,0.89,0.93,0.0,0.0,11480.53,6648.93,1.0
p[8435],0.91,0.01,0.88,0.93,0.0,0.0,11649.44,6486.96,1.0
p[8436],0.88,0.01,0.86,0.89,0.0,0.0,9511.03,7070.23,1.0
p[8437],0.85,0.01,0.83,0.87,0.0,0.0,8941.79,6746.04,1.0
p[8438],0.88,0.01,0.86,0.89,0.0,0.0,9512.56,7037.31,1.0
p[8439],0.88,0.01,0.86,0.89,0.0,0.0,9513.86,7037.31,1.0
p[8440],0.88,0.01,0.86,0.89,0.0,0.0,9516.79,7037.44,1.0
p[8441],0.88,0.01,0.86,0.89,0.0,0.0,9519.86,7037.99,1.0
p[8442],0.85,0.01,0.83,0.87,0.0,0.0,8945.2,6745.13,1.0
p[8443],0.91,0.01,0.88,0.93,0.0,0.0,11635.51,6440.11,1.0
p[8444],0.85,0.01,0.83,0.87,0.0,0.0,8947.5,6670.28,1.0
p[8445],0.93,0.01,0.92,0.94,0.0,0.0,8767.66,7373.35,1.0
p[8446],0.88,0.01,0.87,0.89,0.0,0.0,9527.79,7037.8,1.0
p[8447],0.88,0.01,0.87,0.89,0.0,0.0,9531.83,7102.93,1.0
p[8448],0.93,0.01,0.92,0.94,0.0,0.0,8783.16,7341.01,1.0
p[8449],0.88,0.01,0.87,0.89,0.0,0.0,9534.37,7069.84,1.0
p[8450],0.85,0.01,0.84,0.87,0.0,0.0,8949.33,6713.25,1.0
p[8451],0.88,0.01,0.87,0.9,0.0,0.0,9537.46,7069.76,1.0
p[8452],0.91,0.01,0.89,0.93,0.0,0.0,11613.85,6432.25,1.0
p[8453],0.88,0.01,0.87,0.9,0.0,0.0,9537.46,7069.76,1.0
p[8454],0.86,0.01,0.84,0.87,0.0,0.0,8952.86,6668.77,1.0
p[8455],0.88,0.01,0.87,0.9,0.0,0.0,9543.37,7036.77,1.0
p[8456],0.88,0.01,0.87,0.9,0.0,0.0,9544.03,7036.77,1.0
p[8457],0.88,0.01,0.87,0.9,0.0,0.0,9548.03,7036.09,1.0
p[8458],0.95,0.01,0.92,0.97,0.0,0.0,10465.88,6780.75,1.0
p[8459],0.86,0.01,0.84,0.88,0.0,0.0,8961.12,6696.61,1.0
p[8460],0.86,0.01,0.84,0.88,0.0,0.0,8962.53,6696.61,1.0
p[8461],0.88,0.01,0.87,0.9,0.0,0.0,9555.23,7003.62,1.0
p[8462],0.94,0.01,0.92,0.95,0.0,0.0,8842.97,7201.5,1.0
p[8463],0.91,0.01,0.89,0.93,0.0,0.0,11590.45,6521.75,1.0
p[8464],0.86,0.01,0.84,0.88,0.0,0.0,8964.07,6696.61,1.0
p[8465],0.88,0.01,0.87,0.9,0.0,0.0,9558.65,7069.51,1.0
p[8466],0.88,0.01,0.87,0.9,0.0,0.0,9561.95,7069.13,1.0
p[8467],0.92,0.01,0.9,0.93,0.0,0.0,8997.69,6111.46,1.0
p[8468],0.89,0.01,0.87,0.9,0.0,0.0,9566.6,7003.65,1.0
p[8469],0.89,0.01,0.87,0.9,0.0,0.0,9568.65,7036.82,1.0
p[8470],0.94,0.01,0.92,0.95,0.0,0.0,8868.07,7200.3,1.0
p[8471],0.86,0.01,0.84,0.88,0.0,0.0,8971.06,6727.07,1.0
p[8472],0.91,0.01,0.89,0.93,0.0,0.0,11575.41,6601.81,1.0
p[8473],0.86,0.01,0.84,0.88,0.0,0.0,8972.37,6816.83,1.0
p[8474],0.94,0.01,0.92,0.95,0.0,0.0,8883.52,7268.93,1.0
p[8475],0.89,0.01,0.87,0.9,0.0,0.0,9576.76,7005.21,1.0
p[8476],0.89,0.01,0.87,0.9,0.0,0.0,9577.58,7005.21,1.0
p[8477],0.73,0.02,0.7,0.76,0.0,0.0,9613.5,7320.62,1.0
p[8478],0.68,0.02,0.64,0.72,0.0,0.0,9455.77,6710.66,1.0
p[8479],0.68,0.02,0.65,0.72,0.0,0.0,9442.21,6739.51,1.0
p[8480],0.8,0.02,0.76,0.83,0.0,0.0,9841.86,6646.53,1.0
p[8481],0.84,0.02,0.81,0.87,0.0,0.0,9569.06,7551.97,1.0
p[8482],0.73,0.02,0.7,0.76,0.0,0.0,9595.13,7323.16,1.0
p[8483],0.73,0.02,0.7,0.76,0.0,0.0,9595.13,7323.16,1.0
p[8484],0.73,0.02,0.7,0.76,0.0,0.0,9588.25,7358.62,1.0
p[8485],0.69,0.02,0.65,0.72,0.0,0.0,9406.59,6565.81,1.0
p[8486],0.69,0.02,0.65,0.72,0.0,0.0,9398.86,6622.03,1.0
p[8487],0.84,0.02,0.81,0.87,0.0,0.0,9563.94,7577.29,1.0
p[8488],0.74,0.02,0.71,0.77,0.0,0.0,9568.89,7322.65,1.0
p[8489],0.74,0.02,0.71,0.77,0.0,0.0,9567.94,7322.65,1.0
p[8490],0.8,0.02,0.76,0.84,0.0,0.0,9844.97,6452.01,1.0
p[8491],0.69,0.02,0.66,0.72,0.0,0.0,9371.9,6605.41,1.0
p[8492],0.74,0.02,0.71,0.77,0.0,0.0,9539.67,7184.58,1.0
p[8493],0.7,0.02,0.66,0.73,0.0,0.0,9316.73,6740.19,1.0
p[8494],0.85,0.01,0.82,0.87,0.0,0.0,9539.61,7468.8,1.0
p[8495],0.7,0.02,0.67,0.73,0.0,0.0,9288.9,6739.83,1.0
p[8496],0.7,0.02,0.67,0.74,0.0,0.0,9242.28,6536.52,1.0
p[8497],0.81,0.02,0.77,0.85,0.0,0.0,9835.62,6444.49,1.0
p[8498],0.71,0.02,0.68,0.74,0.0,0.0,9208.16,6517.45,1.0
p[8499],0.71,0.02,0.68,0.74,0.0,0.0,9160.19,6732.8,1.0
p[8500],0.82,0.02,0.78,0.86,0.0,0.0,11780.41,6512.77,1.0
p[8501],0.72,0.02,0.69,0.75,0.0,0.0,9078.9,6856.42,1.0
p[8502],0.77,0.01,0.74,0.79,0.0,0.0,9281.25,6530.76,1.0
p[8503],0.72,0.02,0.69,0.75,0.0,0.0,9044.09,6802.24,1.0
p[8504],0.77,0.01,0.74,0.79,0.0,0.0,9266.31,6545.28,1.0
p[8505],0.77,0.01,0.74,0.79,0.0,0.0,9258.93,6545.41,1.0
p[8506],0.77,0.01,0.74,0.79,0.0,0.0,9256.87,6545.41,1.0
p[8507],0.77,0.01,0.74,0.79,0.0,0.0,9254.9,6545.86,1.0
p[8508],0.73,0.02,0.7,0.76,0.0,0.0,9001.62,6612.4,1.0
p[8509],0.77,0.01,0.75,0.79,0.0,0.0,9242.44,6718.65,1.0
p[8510],0.73,0.02,0.7,0.76,0.0,0.0,8995.89,6554.89,1.0
p[8511],0.77,0.01,0.75,0.8,0.0,0.0,9234.9,6573.51,1.0
p[8512],0.74,0.02,0.69,0.79,0.0,0.0,10118.85,6824.85,1.0
p[8513],0.79,0.02,0.75,0.83,0.0,0.0,10041.96,6454.16,1.0
p[8514],0.77,0.01,0.75,0.8,0.0,0.0,9213.19,6506.27,1.0
p[8515],0.77,0.01,0.75,0.8,0.0,0.0,9211.02,6506.5,1.0
p[8516],0.73,0.02,0.7,0.76,0.0,0.0,8968.47,6389.83,1.0
p[8517],0.77,0.01,0.75,0.8,0.0,0.0,9211.02,6506.5,1.0
p[8518],0.56,0.03,0.52,0.61,0.0,0.0,9849.91,6041.25,1.0
p[8519],0.83,0.02,0.79,0.87,0.0,0.0,11772.25,6594.52,1.0
p[8520],0.77,0.01,0.75,0.8,0.0,0.0,9206.95,6507.11,1.0
p[8521],0.78,0.01,0.75,0.8,0.0,0.0,9199.6,6621.22,1.0
p[8522],0.78,0.01,0.75,0.8,0.0,0.0,9197.47,6621.0,1.0
p[8523],0.78,0.01,0.75,0.8,0.0,0.0,9194.41,6562.74,1.0
p[8524],0.84,0.02,0.8,0.87,0.0,0.0,11770.42,6623.09,1.0
p[8525],0.78,0.01,0.75,0.8,0.0,0.0,9190.63,6519.53,1.0
p[8526],0.78,0.01,0.75,0.8,0.0,0.0,9189.43,6519.53,1.0
p[8527],0.78,0.01,0.75,0.8,0.0,0.0,9187.62,6519.53,1.0
p[8528],0.89,0.02,0.85,0.93,0.0,0.0,10373.91,6093.6,1.0
p[8529],0.73,0.01,0.71,0.76,0.0,0.0,8935.45,6417.08,1.0
p[8530],0.78,0.01,0.75,0.8,0.0,0.0,9181.15,6598.09,1.0
p[8531],0.74,0.01,0.71,0.76,0.0,0.0,8926.42,6445.71,1.0
p[8532],0.75,0.02,0.7,0.79,0.0,0.0,10119.49,6763.67,1.0
p[8533],0.78,0.01,0.76,0.8,0.0,0.0,9174.55,6574.44,1.0
p[8534],0.74,0.01,0.71,0.76,0.0,0.0,8919.95,6419.19,1.0
p[8535],0.74,0.01,0.71,0.76,0.0,0.0,8916.75,6338.88,1.0
p[8536],0.78,0.01,0.76,0.8,0.0,0.0,9172.18,6574.41,1.0
p[8537],0.74,0.01,0.71,0.76,0.0,0.0,8911.14,6312.0,1.0
p[8538],0.78,0.01,0.76,0.8,0.0,0.0,9170.26,6574.41,1.0
p[8539],0.74,0.01,0.71,0.77,0.0,0.0,8905.65,6337.84,1.0
p[8540],0.57,0.02,0.52,0.62,0.0,0.0,9844.58,6192.69,1.0
p[8541],0.78,0.01,0.76,0.8,0.0,0.0,9166.14,6590.67,1.0
p[8542],0.84,0.02,0.8,0.87,0.0,0.0,9844.33,6515.77,1.0
p[8543],0.8,0.02,0.76,0.84,0.0,0.0,10043.98,6168.83,1.0
p[8544],0.78,0.01,0.76,0.8,0.0,0.0,9158.03,6605.7,1.0
p[8545],0.78,0.01,0.76,0.81,0.0,0.0,9152.85,6436.98,1.0
p[8546],0.74,0.01,0.71,0.77,0.0,0.0,8882.03,6418.77,1.0
p[8547],0.84,0.02,0.8,0.88,0.0,0.0,11760.79,6770.05,1.0
p[8548],0.84,0.02,0.81,0.87,0.0,0.0,9852.42,6355.13,1.0
p[8549],0.78,0.01,0.76,0.81,0.0,0.0,9147.11,6548.73,1.0
p[8550],0.78,0.01,0.76,0.81,0.0,0.0,9145.47,6548.73,1.0
p[8551],0.78,0.01,0.76,0.81,0.0,0.0,9145.47,6548.73,1.0
p[8552],0.78,0.01,0.76,0.81,0.0,0.0,9145.04,6548.33,1.0
p[8553],0.74,0.01,0.71,0.77,0.0,0.0,8870.29,6445.48,1.0
p[8554],0.84,0.02,0.81,0.87,0.0,0.0,9856.6,6355.13,1.0
p[8555],0.78,0.01,0.76,0.81,0.0,0.0,9139.6,6367.91,1.0
p[8556],0.74,0.01,0.71,0.77,0.0,0.0,8863.68,6444.95,1.0
p[8557],0.84,0.02,0.81,0.87,0.0,0.0,9855.77,6385.56,1.0
p[8558],0.78,0.01,0.76,0.81,0.0,0.0,9135.71,6463.29,1.0
p[8559],0.76,0.02,0.71,0.8,0.0,0.0,10107.67,6763.62,1.0
p[8560],0.79,0.01,0.76,0.81,0.0,0.0,9133.35,6518.91,1.0
p[8561],0.74,0.01,0.72,0.77,0.0,0.0,8855.12,6418.18,1.0
p[8562],0.74,0.01,0.72,0.77,0.0,0.0,8847.74,6391.8,1.0
p[8563],0.75,0.01,0.72,0.77,0.0,0.0,8843.23,6391.8,1.0
p[8564],0.58,0.02,0.53,0.63,0.0,0.0,9837.71,5995.84,1.0
p[8565],0.79,0.01,0.77,0.81,0.0,0.0,9121.42,6436.25,1.0
p[8566],0.79,0.01,0.77,0.81,0.0,0.0,9118.1,6519.32,1.0
p[8567],0.73,0.02,0.68,0.77,0.0,0.0,9618.32,7153.82,1.0
p[8568],0.75,0.01,0.72,0.77,0.0,0.0,8828.37,6556.98,1.0
p[8569],0.79,0.01,0.77,0.81,0.0,0.0,9111.0,6486.3,1.0
p[8570],0.79,0.01,0.77,0.81,0.0,0.0,9111.0,6486.3,1.0
p[8571],0.75,0.01,0.72,0.78,0.0,0.0,8823.79,6500.39,1.0
p[8572],0.79,0.01,0.77,0.81,0.0,0.0,9107.36,6486.3,1.0
p[8573],0.79,0.01,0.77,0.81,0.0,0.0,9104.69,6486.3,1.0
p[8574],0.79,0.01,0.77,0.81,0.0,0.0,9102.52,6480.07,1.0
p[8575],0.75,0.01,0.72,0.78,0.0,0.0,8818.17,6528.51,1.0
p[8576],0.79,0.01,0.77,0.81,0.0,0.0,9101.88,6480.07,1.0
p[8577],0.79,0.01,0.77,0.81,0.0,0.0,9099.57,6430.3,1.0
p[8578],0.85,0.02,0.81,0.88,0.0,0.0,11747.52,6800.36,1.0
p[8579],0.9,0.02,0.86,0.94,0.0,0.0,10352.95,5953.11,1.0
p[8580],0.76,0.02,0.72,0.81,0.0,0.0,10094.45,6760.65,1.0
p[8581],0.79,0.01,0.77,0.81,0.0,0.0,9091.39,6395.88,1.0
p[8582],0.75,0.01,0.73,0.78,0.0,0.0,8796.04,6581.98,1.0
p[8583],0.79,0.01,0.77,0.82,0.0,0.0,9083.85,6368.4,1.0
p[8584],0.75,0.01,0.73,0.78,0.0,0.0,8793.8,6644.88,1.0
p[8585],0.81,0.02,0.77,0.85,0.0,0.0,10171.23,6229.62,1.0
p[8586],0.59,0.02,0.55,0.64,0.0,0.0,9834.62,6090.25,1.0
p[8587],0.79,0.01,0.77,0.82,0.0,0.0,9080.98,6367.96,1.0
p[8588],0.79,0.01,0.77,0.82,0.0,0.0,9079.46,6367.96,1.0
p[8589],0.79,0.01,0.77,0.82,0.0,0.0,9079.39,6367.96,1.0
p[8590],0.73,0.02,0.69,0.77,0.0,0.0,9617.38,7403.84,1.0
p[8591],0.75,0.01,0.73,0.78,0.0,0.0,8784.05,6663.8,1.0
p[8592],0.8,0.01,0.77,0.82,0.0,0.0,9075.43,6287.62,1.0
p[8593],0.8,0.01,0.77,0.82,0.0,0.0,9070.65,6238.31,1.0
p[8594],0.85,0.02,0.81,0.88,0.0,0.0,11734.01,6818.0,1.0
p[8595],0.8,0.01,0.77,0.82,0.0,0.0,9069.5,6238.31,1.0
p[8596],0.88,0.01,0.86,0.9,0.0,0.0,9454.05,6755.51,1.0
p[8597],0.76,0.01,0.73,0.78,0.0,0.0,8774.43,6680.83,1.0
p[8598],0.8,0.01,0.78,0.82,0.0,0.0,9068.73,6238.31,1.0
p[8599],0.8,0.01,0.78,0.82,0.0,0.0,9067.46,6239.41,1.0
p[8600],0.88,0.01,0.86,0.9,0.0,0.0,9453.57,6884.49,1.0
p[8601],0.8,0.01,0.78,0.82,0.0,0.0,9067.71,6264.6,1.0
p[8602],0.85,0.02,0.82,0.88,0.0,0.0,9899.01,6516.62,1.0
p[8603],0.8,0.01,0.78,0.82,0.0,0.0,9062.02,6367.82,1.0
p[8604],0.8,0.01,0.78,0.82,0.0,0.0,9061.75,6367.82,1.0
p[8605],0.76,0.01,0.73,0.78,0.0,0.0,8761.52,6680.06,1.0
p[8606],0.88,0.01,0.86,0.9,0.0,0.0,9451.8,7011.14,1.0
p[8607],0.76,0.01,0.73,0.78,0.0,0.0,8761.42,6680.06,1.0
p[8608],0.8,0.01,0.78,0.82,0.0,0.0,9060.06,6368.37,1.0
p[8609],0.85,0.02,0.82,0.88,0.0,0.0,9906.55,6433.25,1.0
p[8610],0.76,0.01,0.73,0.79,0.0,0.0,8758.13,6660.42,1.0
p[8611],0.82,0.02,0.78,0.85,0.0,0.0,10165.91,5859.89,1.0
p[8612],0.8,0.01,0.78,0.82,0.0,0.0,9048.52,6136.99,1.0
p[8613],0.8,0.01,0.78,0.82,0.0,0.0,9044.75,6211.61,1.0
p[8614],0.76,0.01,0.74,0.79,0.0,0.0,8747.0,6664.78,1.0
p[8615],0.8,0.01,0.78,0.82,0.0,0.0,9042.82,6167.55,1.0
p[8616],0.8,0.01,0.78,0.82,0.0,0.0,9040.5,6268.83,1.0
p[8617],0.76,0.01,0.74,0.79,0.0,0.0,8741.47,6607.02,1.0
p[8618],0.8,0.01,0.78,0.82,0.0,0.0,9039.44,6288.6,1.0
p[8619],0.8,0.01,0.78,0.82,0.0,0.0,9038.46,6210.26,1.0
p[8620],0.8,0.01,0.78,0.82,0.0,0.0,9038.46,6210.26,1.0
p[8621],0.8,0.01,0.78,0.82,0.0,0.0,9038.46,6210.26,1.0
p[8622],0.74,0.02,0.7,0.78,0.0,0.0,9633.36,7298.06,1.0
p[8623],0.77,0.02,0.73,0.82,0.0,0.0,10090.42,6614.35,1.0
p[8624],0.8,0.01,0.78,0.82,0.0,0.0,9037.6,6209.43,1.0
p[8625],0.9,0.02,0.87,0.94,0.0,0.0,10331.98,5787.55,1.0
p[8626],0.76,0.01,0.74,0.79,0.0,0.0,8730.17,6522.85,1.0
p[8627],0.8,0.01,0.78,0.82,0.0,0.0,9035.93,6208.35,1.0
p[8628],0.77,0.01,0.74,0.79,0.0,0.0,8726.61,6495.24,1.0
p[8629],0.8,0.01,0.78,0.83,0.0,0.0,9034.33,6163.52,1.0
p[8630],0.78,0.02,0.73,0.82,0.0,0.0,10089.15,6615.78,1.0
p[8631],0.86,0.02,0.82,0.89,0.0,0.0,11712.14,6727.52,1.0
p[8632],0.77,0.01,0.74,0.79,0.0,0.0,8720.83,6468.31,1.0
p[8633],0.81,0.01,0.79,0.83,0.0,0.0,9031.7,6288.59,1.0
p[8634],0.82,0.02,0.79,0.86,0.0,0.0,10157.17,5942.72,1.0
p[8635],0.85,0.02,0.81,0.89,0.0,0.0,11655.72,6773.43,1.0
p[8636],0.61,0.02,0.57,0.66,0.0,0.0,9836.25,5857.97,1.0
p[8637],0.81,0.01,0.79,0.83,0.0,0.0,9028.27,6111.64,1.0
p[8638],0.81,0.01,0.79,0.83,0.0,0.0,9028.13,6111.64,1.0
p[8639],0.86,0.01,0.83,0.88,0.0,0.0,9927.92,6212.54,1.0
p[8640],0.77,0.01,0.74,0.79,0.0,0.0,8713.96,6290.54,1.0
p[8641],0.77,0.01,0.74,0.79,0.0,0.0,8710.89,6291.21,1.0
p[8642],0.77,0.01,0.74,0.79,0.0,0.0,8706.98,6290.57,1.0
p[8643],0.75,0.02,0.71,0.79,0.0,0.0,9641.86,7072.76,1.0
p[8644],0.81,0.01,0.79,0.83,0.0,0.0,9023.58,6043.47,1.0
p[8645],0.81,0.01,0.79,0.83,0.0,0.0,9023.67,6088.96,1.0
p[8646],0.81,0.01,0.79,0.83,0.0,0.0,9022.84,6090.02,1.0
p[8647],0.81,0.01,0.79,0.83,0.0,0.0,9023.19,6090.02,1.0
p[8648],0.89,0.01,0.87,0.91,0.0,0.0,9445.4,7070.31,1.0
p[8649],0.81,0.01,0.79,0.83,0.0,0.0,9023.81,6190.63,1.0
p[8650],0.86,0.01,0.83,0.88,0.0,0.0,9934.4,6276.06,1.0
p[8651],0.81,0.01,0.79,0.83,0.0,0.0,9023.67,6191.59,1.0
p[8652],0.81,0.01,0.79,0.83,0.0,0.0,9022.42,6191.59,1.0
p[8653],0.77,0.01,0.75,0.8,0.0,0.0,8696.96,6264.66,1.0
p[8654],0.86,0.01,0.83,0.89,0.0,0.0,9936.89,6276.9,1.0
p[8655],0.81,0.01,0.79,0.83,0.0,0.0,9020.41,6167.32,1.0
p[8656],0.77,0.01,0.75,0.8,0.0,0.0,8694.5,6187.47,1.0
p[8657],0.78,0.02,0.74,0.82,0.0,0.0,10079.06,6502.96,1.0
p[8658],0.86,0.02,0.83,0.89,0.0,0.0,11697.34,6833.9,1.0
p[8659],0.81,0.01,0.79,0.83,0.0,0.0,9019.62,6218.05,1.0
p[8660],0.77,0.01,0.75,0.8,0.0,0.0,8691.96,6213.0,1.0
p[8661],0.77,0.01,0.75,0.8,0.0,0.0,8692.57,6213.0,1.0
p[8662],0.81,0.01,0.79,0.83,0.0,0.0,9019.22,6143.97,1.0
p[8663],0.81,0.01,0.79,0.83,0.0,0.0,9019.25,6174.23,1.0
p[8664],0.81,0.01,0.79,0.83,0.0,0.0,9018.06,6198.62,1.0
p[8665],0.78,0.01,0.75,0.8,0.0,0.0,8690.75,6112.69,1.0
p[8666],0.83,0.02,0.8,0.86,0.0,0.0,10148.85,6178.84,1.0
p[8667],0.78,0.01,0.75,0.8,0.0,0.0,8689.18,6164.8,1.0
p[8668],0.87,0.02,0.83,0.9,0.0,0.0,11688.2,6862.39,1.0
p[8669],0.81,0.01,0.79,0.83,0.0,0.0,9016.33,6192.75,1.0
p[8670],0.81,0.01,0.79,0.83,0.0,0.0,9016.09,6251.53,1.0
p[8671],0.81,0.01,0.79,0.83,0.0,0.0,9016.09,6251.53,1.0
p[8672],0.81,0.01,0.79,0.83,0.0,0.0,9015.93,6251.53,1.0
p[8673],0.76,0.02,0.72,0.8,0.0,0.0,9657.32,7056.85,1.0
p[8674],0.82,0.01,0.79,0.83,0.0,0.0,9016.55,6303.24,1.0
p[8675],0.82,0.01,0.8,0.83,0.0,0.0,9015.98,6303.24,1.0
p[8676],0.82,0.01,0.8,0.83,0.0,0.0,9015.98,6303.24,1.0
p[8677],0.78,0.01,0.75,0.8,0.0,0.0,8683.4,6055.96,1.0
p[8678],0.82,0.01,0.8,0.84,0.0,0.0,9015.34,6327.67,1.0
p[8679],0.79,0.02,0.75,0.83,0.0,0.0,10078.34,6615.04,1.0
p[8680],0.78,0.01,0.76,0.8,0.0,0.0,8683.28,6105.02,1.0
p[8681],0.82,0.01,0.8,0.84,0.0,0.0,9015.39,6301.24,1.0
p[8682],0.78,0.01,0.76,0.8,0.0,0.0,8681.46,6055.91,1.0
p[8683],0.91,0.02,0.88,0.94,0.0,0.0,10295.74,6056.9,1.0
p[8684],0.82,0.01,0.8,0.84,0.0,0.0,9014.0,6221.37,1.0
p[8685],0.63,0.02,0.58,0.67,0.0,0.0,9843.72,5905.02,1.0
p[8686],0.82,0.01,0.8,0.84,0.0,0.0,9012.73,6221.58,1.0
p[8687],0.78,0.01,0.76,0.8,0.0,0.0,8679.19,6020.38,1.0
p[8688],0.82,0.01,0.8,0.84,0.0,0.0,9014.18,6246.82,1.0
p[8689],0.9,0.01,0.88,0.91,0.0,0.0,9450.17,7105.47,1.0
p[8690],0.82,0.01,0.8,0.84,0.0,0.0,9015.71,6246.82,1.0
p[8691],0.78,0.01,0.76,0.81,0.0,0.0,8673.07,5936.04,1.0
p[8692],0.82,0.01,0.8,0.84,0.0,0.0,9016.67,6297.19,1.0
p[8693],0.76,0.02,0.73,0.8,0.0,0.0,9672.63,7077.6,1.0
p[8694],0.78,0.01,0.76,0.81,0.0,0.0,8672.35,5982.48,1.0
p[8695],0.82,0.01,0.8,0.84,0.0,0.0,9017.46,6297.19,1.0
p[8696],0.82,0.01,0.8,0.84,0.0,0.0,9017.0,6296.44,1.0
p[8697],0.82,0.01,0.8,0.84,0.0,0.0,9017.92,6244.69,1.0
p[8698],0.9,0.01,0.88,0.91,0.0,0.0,9452.77,7005.63,1.0
p[8699],0.79,0.01,0.76,0.81,0.0,0.0,8670.39,6005.58,1.0
p[8700],0.82,0.01,0.8,0.84,0.0,0.0,9019.97,6245.34,1.0
p[8701],0.82,0.01,0.8,0.84,0.0,0.0,9021.24,6245.34,1.0
p[8702],0.79,0.01,0.76,0.81,0.0,0.0,8669.35,5958.29,1.0
p[8703],0.87,0.01,0.84,0.89,0.0,0.0,9938.83,6111.07,1.0
p[8704],0.79,0.01,0.76,0.81,0.0,0.0,8670.3,5981.76,1.0
p[8705],0.82,0.01,0.81,0.84,0.0,0.0,9024.41,6213.77,1.0
p[8706],0.8,0.02,0.76,0.83,0.0,0.0,10075.33,6651.06,1.0
p[8707],0.9,0.01,0.88,0.92,0.0,0.0,9454.88,7005.63,1.0
p[8708],0.82,0.01,0.81,0.84,0.0,0.0,9024.5,6214.41,1.0
p[8709],0.64,0.02,0.59,0.68,0.0,0.0,9848.91,5704.89,1.0
p[8710],0.79,0.01,0.76,0.81,0.0,0.0,8670.8,6077.71,1.0
p[8711],0.84,0.02,0.81,0.87,0.0,0.0,10135.08,5983.25,1.0
p[8712],0.82,0.01,0.81,0.84,0.0,0.0,9025.79,6145.39,1.0
p[8713],0.82,0.01,0.81,0.84,0.0,0.0,9025.76,6138.83,1.0
p[8714],0.79,0.01,0.77,0.81,0.0,0.0,8670.78,6028.64,1.0
p[8715],0.77,0.02,0.73,0.81,0.0,0.0,9683.17,7106.25,1.0
p[8716],0.79,0.01,0.77,0.81,0.0,0.0,8671.62,6101.23,1.0
p[8717],0.83,0.01,0.81,0.85,0.0,0.0,9027.53,6162.38,1.0
p[8718],0.79,0.01,0.77,0.81,0.0,0.0,8673.83,6186.55,1.0
p[8719],0.83,0.01,0.81,0.85,0.0,0.0,9029.26,6187.05,1.0
p[8720],0.83,0.01,0.81,0.85,0.0,0.0,9029.79,6212.4,1.0
p[8721],0.83,0.01,0.81,0.85,0.0,0.0,9029.79,6212.4,1.0
p[8722],0.79,0.01,0.77,0.81,0.0,0.0,8674.6,6212.55,1.0
p[8723],0.83,0.01,0.81,0.85,0.0,0.0,9031.38,6212.4,1.0
p[8724],0.83,0.01,0.81,0.85,0.0,0.0,9032.44,6186.98,1.0
p[8725],0.88,0.02,0.84,0.9,0.0,0.0,11641.75,6775.49,1.0
p[8726],0.79,0.01,0.77,0.81,0.0,0.0,8677.06,6237.84,1.0
p[8727],0.83,0.01,0.81,0.85,0.0,0.0,9036.47,6263.13,1.0
p[8728],0.8,0.02,0.76,0.84,0.0,0.0,10072.44,6737.56,1.0
p[8729],0.83,0.01,0.81,0.85,0.0,0.0,9037.6,6263.13,1.0
p[8730],0.79,0.01,0.77,0.82,0.0,0.0,8678.22,6187.19,1.0
p[8731],0.83,0.01,0.81,0.85,0.0,0.0,9041.61,6314.88,1.0
p[8732],0.83,0.01,0.81,0.85,0.0,0.0,9042.97,6288.51,1.0
p[8733],0.79,0.01,0.77,0.82,0.0,0.0,8680.69,6238.15,1.0
p[8734],0.87,0.01,0.85,0.9,0.0,0.0,9948.55,5959.75,1.0
p[8735],0.65,0.02,0.6,0.69,0.0,0.0,9856.61,5687.38,1.0
p[8736],0.8,0.01,0.77,0.82,0.0,0.0,8684.31,6212.66,1.0
p[8737],0.92,0.02,0.89,0.95,0.0,0.0,10263.85,6798.66,1.0
p[8738],0.83,0.01,0.81,0.85,0.0,0.0,9046.27,6261.83,1.0
p[8739],0.81,0.02,0.77,0.84,0.0,0.0,10070.15,6859.79,1.0
p[8740],0.91,0.02,0.88,0.95,0.0,0.0,11457.47,6453.02,1.0
p[8741],0.83,0.01,0.81,0.85,0.0,0.0,9046.55,6261.83,1.0
p[8742],0.83,0.01,0.81,0.85,0.0,0.0,9047.7,6137.67,1.0
p[8743],0.8,0.01,0.77,0.82,0.0,0.0,8686.78,6162.6,1.0
p[8744],0.78,0.02,0.74,0.82,0.0,0.0,9696.99,7110.3,1.0
p[8745],0.83,0.01,0.81,0.85,0.0,0.0,9050.56,6110.54,1.0
p[8746],0.8,0.01,0.77,0.82,0.0,0.0,8690.06,6213.25,1.0
p[8747],0.83,0.01,0.81,0.85,0.0,0.0,9052.33,6161.13,1.0
p[8748],0.87,0.02,0.84,0.9,0.0,0.0,11637.27,7149.9,1.0
p[8749],0.8,0.01,0.77,0.82,0.0,0.0,8691.52,6212.87,1.0
p[8750],0.83,0.01,0.81,0.85,0.0,0.0,9054.39,6185.66,1.0
p[8751],0.83,0.01,0.82,0.85,0.0,0.0,9055.76,6185.66,1.0
p[8752],0.88,0.01,0.85,0.9,0.0,0.0,9959.43,5951.65,1.0
p[8753],0.83,0.01,0.82,0.85,0.0,0.0,9057.95,6262.02,1.0
p[8754],0.83,0.01,0.82,0.85,0.0,0.0,9058.33,6236.84,1.0
p[8755],0.9,0.01,0.89,0.92,0.0,0.0,9474.88,6879.02,1.0
p[8756],0.8,0.01,0.78,0.82,0.0,0.0,8695.47,6202.18,1.0
p[8757],0.88,0.02,0.85,0.91,0.0,0.0,11618.01,6737.42,1.0
p[8758],0.8,0.01,0.78,0.82,0.0,0.0,8697.36,6202.18,1.0
p[8759],0.83,0.01,0.82,0.85,0.0,0.0,9063.04,6315.7,1.0
p[8760],0.9,0.01,0.89,0.92,0.0,0.0,9475.9,6877.91,1.0
p[8761],0.8,0.01,0.78,0.82,0.0,0.0,8698.42,6188.39,1.0
p[8762],0.83,0.01,0.82,0.85,0.0,0.0,9066.56,6315.91,1.0
p[8763],0.83,0.01,0.82,0.85,0.0,0.0,9068.19,6315.91,1.0
p[8764],0.91,0.01,0.89,0.92,0.0,0.0,9477.16,6909.43,1.0
p[8765],0.8,0.01,0.78,0.82,0.0,0.0,8701.39,6103.56,1.0
p[8766],0.84,0.01,0.82,0.85,0.0,0.0,9076.39,6343.36,1.0
p[8767],0.8,0.01,0.78,0.82,0.0,0.0,8705.33,6138.14,1.0
p[8768],0.81,0.02,0.77,0.85,0.0,0.0,10070.82,6950.91,1.0
p[8769],0.8,0.01,0.78,0.82,0.0,0.0,8708.85,6138.14,1.0
p[8770],0.84,0.01,0.82,0.86,0.0,0.0,9083.74,6358.16,1.0
p[8771],0.8,0.01,0.78,0.83,0.0,0.0,8710.45,6138.14,1.0
p[8772],0.84,0.01,0.82,0.86,0.0,0.0,9084.91,6358.16,1.0
p[8773],0.85,0.02,0.82,0.88,0.0,0.0,10093.23,5839.59,1.0
p[8774],0.66,0.02,0.62,0.7,0.0,0.0,9867.74,5813.62,1.0
p[8775],0.84,0.01,0.82,0.86,0.0,0.0,9087.68,6306.02,1.0
p[8776],0.8,0.01,0.78,0.83,0.0,0.0,8714.23,6113.38,1.0
p[8777],0.84,0.01,0.82,0.86,0.0,0.0,9088.42,6306.02,1.0
p[8778],0.84,0.01,0.82,0.86,0.0,0.0,9088.42,6306.02,1.0
p[8779],0.84,0.01,0.82,0.86,0.0,0.0,9089.98,6305.46,1.0
p[8780],0.79,0.02,0.75,0.82,0.0,0.0,9718.49,7076.77,1.0
p[8781],0.84,0.01,0.82,0.86,0.0,0.0,9093.55,6264.11,1.0
p[8782],0.8,0.01,0.78,0.83,0.0,0.0,8719.38,6040.13,1.0
p[8783],0.92,0.02,0.89,0.95,0.0,0.0,10234.99,6738.1,1.0
p[8784],0.88,0.01,0.86,0.9,0.0,0.0,9958.03,5939.7,1.0
p[8785],0.84,0.01,0.82,0.86,0.0,0.0,9097.01,6278.63,1.0
p[8786],0.81,0.01,0.78,0.83,0.0,0.0,8721.12,6039.84,1.0
p[8787],0.88,0.02,0.86,0.91,0.0,0.0,11599.67,6663.87,1.0
p[8788],0.82,0.02,0.78,0.85,0.0,0.0,10073.17,7148.6,1.0
p[8789],0.81,0.01,0.78,0.83,0.0,0.0,8725.35,6069.27,1.0
p[8790],0.81,0.01,0.79,0.83,0.0,0.0,8730.75,6045.36,1.0
p[8791],0.66,0.02,0.62,0.71,0.0,0.0,9874.41,5926.84,1.0
p[8792],0.84,0.01,0.82,0.86,0.0,0.0,9115.51,6163.65,1.0
p[8793],0.81,0.01,0.79,0.83,0.0,0.0,8735.1,5973.77,1.0
p[8794],0.86,0.02,0.83,0.88,0.0,0.0,10085.0,5910.65,1.0
p[8795],0.84,0.01,0.82,0.86,0.0,0.0,9118.75,6189.37,1.0
p[8796],0.81,0.01,0.79,0.83,0.0,0.0,8736.28,5973.77,1.0
p[8797],0.84,0.01,0.82,0.86,0.0,0.0,9126.19,6240.19,1.0
p[8798],0.84,0.01,0.83,0.86,0.0,0.0,9127.76,6190.57,1.0
p[8799],0.81,0.01,0.79,0.83,0.0,0.0,8741.23,5996.8,1.0
p[8800],0.84,0.01,0.83,0.86,0.0,0.0,9127.87,6190.57,1.0
p[8801],0.81,0.01,0.79,0.83,0.0,0.0,8744.48,5996.6,1.0
p[8802],0.84,0.01,0.83,0.86,0.0,0.0,9135.5,6204.27,1.0
p[8803],0.84,0.01,0.83,0.86,0.0,0.0,9136.85,6224.02,1.0
p[8804],0.79,0.02,0.76,0.83,0.0,0.0,9742.01,7078.0,1.0
p[8805],0.84,0.01,0.83,0.86,0.0,0.0,9143.1,6250.22,1.0
p[8806],0.81,0.01,0.79,0.83,0.0,0.0,8751.77,6117.4,1.0
p[8807],0.89,0.01,0.86,0.91,0.0,0.0,9982.22,5890.04,1.0
p[8808],0.84,0.01,0.83,0.86,0.0,0.0,9146.69,6275.71,1.0
p[8809],0.91,0.01,0.9,0.93,0.0,0.0,9507.22,6725.5,1.0
p[8810],0.81,0.01,0.79,0.83,0.0,0.0,8755.25,6092.65,1.0
p[8811],0.91,0.01,0.9,0.93,0.0,0.0,9507.5,6726.24,1.0
p[8812],0.89,0.01,0.86,0.91,0.0,0.0,11577.61,6620.15,1.0
p[8813],0.81,0.01,0.79,0.83,0.0,0.0,8759.01,6092.94,1.0
p[8814],0.82,0.02,0.79,0.86,0.0,0.0,10070.96,7116.47,1.0
p[8815],0.81,0.01,0.79,0.83,0.0,0.0,8762.87,6218.27,1.0
p[8816],0.85,0.01,0.83,0.86,0.0,0.0,9163.35,6182.03,1.0
p[8817],0.67,0.02,0.63,0.71,0.0,0.0,9895.05,6374.12,1.0
p[8818],0.86,0.02,0.83,0.89,0.0,0.0,10077.76,6017.77,1.0
p[8819],0.85,0.01,0.83,0.86,0.0,0.0,9173.09,6106.57,1.0
p[8820],0.85,0.01,0.83,0.86,0.0,0.0,9173.09,6106.57,1.0
p[8821],0.81,0.01,0.79,0.84,0.0,0.0,8773.04,6294.86,1.0
p[8822],0.81,0.01,0.79,0.84,0.0,0.0,8773.9,6294.86,1.0
p[8823],0.85,0.01,0.83,0.86,0.0,0.0,9179.7,6106.53,1.0
p[8824],0.85,0.01,0.83,0.86,0.0,0.0,9181.14,6081.75,1.0
p[8825],0.85,0.01,0.83,0.86,0.0,0.0,9182.74,6081.75,1.0
p[8826],0.82,0.01,0.79,0.84,0.0,0.0,8778.92,6320.81,1.0
p[8827],0.85,0.01,0.83,0.87,0.0,0.0,9187.18,6181.04,1.0
p[8828],0.82,0.01,0.79,0.84,0.0,0.0,8783.28,6427.55,1.0
p[8829],0.88,0.02,0.85,0.91,0.0,0.0,11599.74,6630.08,1.0
p[8830],0.85,0.01,0.83,0.87,0.0,0.0,9192.76,6180.71,1.0
p[8831],0.82,0.01,0.79,0.84,0.0,0.0,8790.02,6455.11,1.0
p[8832],0.85,0.01,0.83,0.87,0.0,0.0,9199.24,6234.54,1.0
p[8833],0.85,0.01,0.83,0.87,0.0,0.0,9200.81,6259.78,1.0
p[8834],0.82,0.01,0.8,0.84,0.0,0.0,8792.59,6455.11,1.0
p[8835],0.83,0.02,0.79,0.86,0.0,0.0,10070.54,7201.98,1.0
p[8836],0.85,0.01,0.83,0.87,0.0,0.0,9207.0,6257.61,1.0
p[8837],0.89,0.01,0.87,0.92,0.0,0.0,11549.67,6670.07,1.0
p[8838],0.93,0.02,0.89,0.96,0.0,0.0,11142.35,6421.84,1.0
p[8839],0.82,0.01,0.8,0.84,0.0,0.0,8800.54,6482.76,1.0
p[8840],0.85,0.01,0.83,0.87,0.0,0.0,9219.11,6257.08,1.0
p[8841],0.93,0.01,0.9,0.96,0.0,0.0,10191.45,6621.73,1.0
p[8842],0.85,0.01,0.83,0.87,0.0,0.0,9224.35,6257.08,1.0
p[8843],0.68,0.02,0.64,0.72,0.0,0.0,9911.98,6506.8,1.0
p[8844],0.87,0.02,0.84,0.89,0.0,0.0,10061.99,6112.35,1.0
p[8845],0.85,0.01,0.83,0.87,0.0,0.0,9229.0,6257.08,1.0
p[8846],0.89,0.01,0.87,0.91,0.0,0.0,10006.27,5887.03,1.0
p[8847],0.82,0.01,0.8,0.84,0.0,0.0,8821.3,6399.94,1.0
p[8848],0.85,0.01,0.84,0.87,0.0,0.0,9238.17,6326.02,1.0
p[8849],0.92,0.01,0.9,0.93,0.0,0.0,9539.12,6877.74,1.0
p[8850],0.82,0.01,0.8,0.84,0.0,0.0,8824.82,6454.05,1.0
p[8851],0.85,0.01,0.84,0.87,0.0,0.0,9240.43,6274.28,1.0
p[8852],0.85,0.01,0.84,0.87,0.0,0.0,9242.9,6248.72,1.0
p[8853],0.82,0.01,0.8,0.84,0.0,0.0,8831.13,6453.8,1.0
p[8854],0.85,0.01,0.84,0.87,0.0,0.0,9253.98,6300.94,1.0
p[8855],0.92,0.01,0.9,0.93,0.0,0.0,9542.9,6908.38,1.0
p[8856],0.85,0.01,0.84,0.87,0.0,0.0,9256.52,6300.94,1.0
p[8857],0.85,0.01,0.84,0.87,0.0,0.0,9261.1,6325.95,1.0
p[8858],0.82,0.01,0.8,0.84,0.0,0.0,8840.35,6568.94,1.0
p[8859],0.89,0.01,0.87,0.92,0.0,0.0,10009.55,6055.4,1.0
p[8860],0.83,0.02,0.8,0.86,0.0,0.0,10073.4,7135.94,1.0
p[8861],0.9,0.01,0.87,0.92,0.0,0.0,11520.13,6525.88,1.0
p[8862],0.82,0.01,0.8,0.84,0.0,0.0,8843.7,6597.25,1.0
p[8863],0.87,0.01,0.84,0.9,0.0,0.0,10043.86,6151.7,1.0
p[8864],0.92,0.01,0.9,0.93,0.0,0.0,9549.83,6970.38,1.0
p[8865],0.69,0.02,0.65,0.73,0.0,0.0,9928.79,6452.08,1.0
p[8866],0.86,0.01,0.84,0.87,0.0,0.0,9291.95,6403.32,1.0
p[8867],0.83,0.01,0.8,0.85,0.0,0.0,8854.15,6682.08,1.0
p[8868],0.89,0.01,0.86,0.92,0.0,0.0,11575.8,6450.8,1.0
p[8869],0.86,0.01,0.84,0.87,0.0,0.0,9299.2,6430.47,1.0
p[8870],0.86,0.01,0.84,0.87,0.0,0.0,9300.14,6430.47,1.0
p[8871],0.86,0.01,0.84,0.87,0.0,0.0,9306.49,6377.35,1.0
p[8872],0.86,0.01,0.84,0.87,0.0,0.0,9312.97,6378.07,1.0
p[8873],0.86,0.01,0.84,0.87,0.0,0.0,9312.97,6378.07,1.0
p[8874],0.86,0.01,0.84,0.87,0.0,0.0,9318.28,6378.07,1.0
p[8875],0.86,0.01,0.84,0.88,0.0,0.0,9320.63,6378.07,1.0
p[8876],0.9,0.01,0.87,0.92,0.0,0.0,11495.54,6450.11,1.0
p[8877],0.86,0.01,0.84,0.88,0.0,0.0,9323.51,6378.07,1.0
p[8878],0.86,0.01,0.84,0.88,0.0,0.0,9326.66,6432.56,1.0
p[8879],0.9,0.01,0.88,0.92,0.0,0.0,10006.36,6175.42,1.0
p[8880],0.83,0.01,0.81,0.85,0.0,0.0,8875.1,6624.9,1.0
p[8881],0.83,0.01,0.81,0.85,0.0,0.0,8875.1,6624.9,1.0
p[8882],0.84,0.02,0.8,0.87,0.0,0.0,10075.82,7133.79,1.0
p[8883],0.83,0.01,0.81,0.85,0.0,0.0,8876.03,6624.9,1.0
p[8884],0.86,0.01,0.84,0.88,0.0,0.0,9348.88,6405.8,1.0
p[8885],0.9,0.01,0.88,0.92,0.0,0.0,10011.29,6176.5,1.0
p[8886],0.86,0.01,0.84,0.88,0.0,0.0,9351.86,6405.8,1.0
p[8887],0.86,0.01,0.84,0.88,0.0,0.0,9354.4,6405.8,1.0
p[8888],0.83,0.01,0.81,0.85,0.0,0.0,8887.74,6539.67,1.0
p[8889],0.83,0.01,0.81,0.85,0.0,0.0,8887.82,6567.46,1.0
p[8890],0.89,0.01,0.87,0.92,0.0,0.0,11557.35,6524.74,1.0
p[8891],0.7,0.02,0.66,0.74,0.0,0.0,9955.78,6618.52,1.0
p[8892],0.86,0.01,0.85,0.88,0.0,0.0,9376.62,6406.68,1.0
p[8893],0.86,0.01,0.85,0.88,0.0,0.0,9379.17,6488.83,1.0
p[8894],0.92,0.01,0.91,0.94,0.0,0.0,9585.4,6906.32,1.0
p[8895],0.86,0.01,0.85,0.88,0.0,0.0,9385.2,6601.26,1.0
p[8896],0.86,0.01,0.85,0.88,0.0,0.0,9385.2,6601.26,1.0
p[8897],0.86,0.01,0.85,0.88,0.0,0.0,9386.92,6572.66,1.0
p[8898],0.92,0.01,0.91,0.94,0.0,0.0,9586.83,6875.09,1.0
p[8899],0.92,0.01,0.91,0.94,0.0,0.0,9586.83,6875.09,1.0
p[8900],0.83,0.01,0.81,0.85,0.0,0.0,8902.91,6772.1,1.0
p[8901],0.86,0.01,0.85,0.88,0.0,0.0,9397.18,6544.37,1.0
p[8902],0.83,0.01,0.81,0.85,0.0,0.0,8906.45,6772.1,1.0
p[8903],0.86,0.01,0.85,0.88,0.0,0.0,9401.26,6544.39,1.0
p[8904],0.9,0.01,0.88,0.93,0.0,0.0,11465.25,6407.86,1.0
p[8905],0.9,0.01,0.87,0.92,0.0,0.0,11543.88,6636.09,1.0
p[8906],0.86,0.01,0.85,0.88,0.0,0.0,9417.05,6601.62,1.0
p[8907],0.92,0.01,0.91,0.94,0.0,0.0,9598.85,6843.07,1.0
p[8908],0.87,0.01,0.85,0.88,0.0,0.0,9423.96,6571.87,1.0
p[8909],0.87,0.01,0.85,0.88,0.0,0.0,9425.7,6600.9,1.0
p[8910],0.92,0.01,0.91,0.94,0.0,0.0,9603.3,6812.03,1.0
p[8911],0.84,0.01,0.81,0.86,0.0,0.0,8920.95,6769.54,1.0
p[8912],0.9,0.01,0.87,0.92,0.0,0.0,11534.32,6755.47,1.0
p[8913],0.84,0.01,0.82,0.86,0.0,0.0,8931.31,6768.77,1.0
p[8914],0.87,0.01,0.85,0.88,0.0,0.0,9450.32,6716.84,1.0
p[8915],0.9,0.01,0.87,0.92,0.0,0.0,11533.08,6786.27,1.0
p[8916],0.87,0.01,0.85,0.88,0.0,0.0,9453.49,6806.0,1.0
p[8917],0.84,0.01,0.82,0.86,0.0,0.0,8940.89,6769.76,1.0
p[8918],0.87,0.01,0.85,0.88,0.0,0.0,9461.54,6806.0,1.0
p[8919],0.84,0.01,0.82,0.86,0.0,0.0,8948.2,6709.35,1.0
p[8920],0.93,0.01,0.91,0.94,0.0,0.0,9621.4,6806.38,1.0
p[8921],0.87,0.01,0.85,0.88,0.0,0.0,9471.66,6715.68,1.0
p[8922],0.87,0.01,0.85,0.89,0.0,0.0,9482.96,6686.71,1.0
p[8923],0.87,0.01,0.85,0.89,0.0,0.0,9484.8,6686.71,1.0
p[8924],0.87,0.01,0.85,0.89,0.0,0.0,9484.8,6686.71,1.0
p[8925],0.84,0.01,0.82,0.86,0.0,0.0,8966.21,6737.01,1.0
p[8926],0.94,0.01,0.92,0.96,0.0,0.0,10131.58,6715.83,1.0
p[8927],0.87,0.01,0.85,0.89,0.0,0.0,9512.57,6726.85,1.0
p[8928],0.84,0.01,0.82,0.86,0.0,0.0,8974.26,6707.9,1.0
p[8929],0.84,0.01,0.82,0.86,0.0,0.0,8974.26,6707.9,1.0
p[8930],0.87,0.01,0.85,0.89,0.0,0.0,9515.47,6719.02,1.0
p[8931],0.93,0.01,0.91,0.94,0.0,0.0,9639.89,7035.31,1.0
p[8932],0.84,0.01,0.82,0.86,0.0,0.0,8984.5,6707.4,1.0
p[8933],0.87,0.01,0.86,0.89,0.0,0.0,9529.03,6681.94,1.0
p[8934],0.91,0.01,0.89,0.93,0.0,0.0,10023.03,5777.06,1.0
p[8935],0.87,0.01,0.86,0.89,0.0,0.0,9530.39,6652.86,1.0
p[8936],0.84,0.01,0.82,0.87,0.0,0.0,8990.02,6677.77,1.0
p[8937],0.91,0.01,0.89,0.93,0.0,0.0,10024.47,5888.99,1.0
p[8938],0.87,0.01,0.86,0.89,0.0,0.0,9542.5,6418.63,1.0
p[8939],0.87,0.01,0.86,0.89,0.0,0.0,9543.25,6418.63,1.0
p[8940],0.75,0.02,0.72,0.78,0.0,0.0,9412.99,7059.28,1.0
p[8941],0.7,0.02,0.67,0.74,0.0,0.0,9493.74,6474.42,1.0
p[8942],0.75,0.02,0.72,0.78,0.0,0.0,9402.53,6867.34,1.0
p[8943],0.7,0.02,0.67,0.74,0.0,0.0,9486.54,6530.61,1.0
p[8944],0.8,0.03,0.75,0.85,0.0,0.0,11721.58,6741.06,1.0
p[8945],0.75,0.02,0.72,0.78,0.0,0.0,9386.84,6898.11,1.0
p[8946],0.75,0.02,0.72,0.78,0.0,0.0,9388.35,6898.11,1.0
p[8947],0.85,0.01,0.82,0.88,0.0,0.0,9274.87,7517.58,1.0
p[8948],0.8,0.03,0.75,0.85,0.0,0.0,11721.49,6711.62,1.0
p[8949],0.85,0.01,0.82,0.88,0.0,0.0,9266.17,7480.39,1.0
p[8950],0.71,0.02,0.67,0.74,0.0,0.0,9438.34,6501.97,1.0
p[8951],0.85,0.01,0.82,0.88,0.0,0.0,9264.73,7480.39,1.0
p[8952],0.71,0.02,0.67,0.74,0.0,0.0,9426.8,6503.31,1.0
p[8953],0.75,0.02,0.72,0.78,0.0,0.0,9365.54,6897.16,1.0
p[8954],0.75,0.02,0.72,0.78,0.0,0.0,9364.5,6897.16,1.0
p[8955],0.75,0.02,0.72,0.78,0.0,0.0,9364.5,6928.41,1.0
p[8956],0.81,0.02,0.78,0.85,0.0,0.0,10011.82,6903.55,1.0
p[8957],0.71,0.02,0.68,0.74,0.0,0.0,9398.44,6503.6,1.0
p[8958],0.76,0.02,0.73,0.78,0.0,0.0,9335.84,6895.37,1.0
p[8959],0.71,0.02,0.68,0.75,0.0,0.0,9333.82,6393.63,1.0
p[8960],0.82,0.02,0.78,0.85,0.0,0.0,10011.89,7014.46,1.0
p[8961],0.72,0.02,0.68,0.75,0.0,0.0,9284.17,6475.6,1.0
p[8962],0.72,0.02,0.69,0.75,0.0,0.0,9227.57,6531.88,1.0
p[8963],0.73,0.02,0.69,0.75,0.0,0.0,9176.43,6477.0,1.0
p[8964],0.73,0.02,0.7,0.76,0.0,0.0,9103.05,6531.18,1.0
p[8965],0.74,0.02,0.71,0.76,0.0,0.0,8987.1,6616.25,1.0
p[8966],0.83,0.02,0.79,0.87,0.0,0.0,11713.05,6705.67,1.0
p[8967],0.78,0.01,0.76,0.81,0.0,0.0,9041.39,6447.92,1.0
p[8968],0.84,0.02,0.81,0.88,0.0,0.0,11915.05,6706.52,1.0
p[8969],0.78,0.01,0.76,0.81,0.0,0.0,9029.01,6391.17,1.0
p[8970],0.84,0.02,0.81,0.88,0.0,0.0,11913.94,6721.35,1.0
p[8971],0.78,0.01,0.76,0.81,0.0,0.0,9022.37,6420.8,1.0
p[8972],0.79,0.01,0.76,0.81,0.0,0.0,9020.96,6392.32,1.0
p[8973],0.79,0.01,0.76,0.81,0.0,0.0,9020.22,6365.87,1.0
p[8974],0.74,0.01,0.72,0.77,0.0,0.0,8888.72,6621.98,1.0
p[8975],0.79,0.01,0.76,0.81,0.0,0.0,9015.7,6365.87,1.0
p[8976],0.74,0.01,0.72,0.77,0.0,0.0,8879.76,6622.26,1.0
p[8977],0.76,0.02,0.71,0.8,0.0,0.0,9819.44,6712.96,1.0
p[8978],0.79,0.01,0.76,0.81,0.0,0.0,9001.01,6062.92,1.0
p[8979],0.79,0.01,0.77,0.81,0.0,0.0,8996.15,6058.81,1.0
p[8980],0.81,0.02,0.77,0.84,0.0,0.0,9906.54,6388.46,1.0
p[8981],0.58,0.03,0.53,0.63,0.0,0.0,9591.73,7023.33,1.0
p[8982],0.79,0.01,0.77,0.81,0.0,0.0,8989.51,6010.84,1.0
p[8983],0.79,0.01,0.77,0.81,0.0,0.0,8986.73,6010.84,1.0
p[8984],0.79,0.01,0.77,0.81,0.0,0.0,8983.14,6058.0,1.0
p[8985],0.75,0.01,0.72,0.78,0.0,0.0,8812.25,6592.03,1.0
p[8986],0.79,0.01,0.77,0.81,0.0,0.0,8975.03,6058.74,1.0
p[8987],0.75,0.01,0.72,0.78,0.0,0.0,8797.24,6593.14,1.0
p[8988],0.85,0.02,0.81,0.88,0.0,0.0,11902.3,6693.32,1.0
p[8989],0.79,0.01,0.77,0.81,0.0,0.0,8971.61,6058.74,1.0
p[8990],0.79,0.01,0.77,0.81,0.0,0.0,8968.39,6084.2,1.0
p[8991],0.79,0.01,0.77,0.81,0.0,0.0,8967.55,5987.53,1.0
p[8992],0.79,0.01,0.77,0.81,0.0,0.0,8967.55,5987.53,1.0
p[8993],0.75,0.01,0.72,0.78,0.0,0.0,8777.45,6564.71,1.0
p[8994],0.79,0.01,0.77,0.82,0.0,0.0,8965.47,5987.53,1.0
p[8995],0.9,0.02,0.86,0.93,0.0,0.0,10112.9,6609.7,1.0
p[8996],0.75,0.01,0.72,0.78,0.0,0.0,8760.38,6508.49,1.0
p[8997],0.79,0.01,0.77,0.82,0.0,0.0,8957.38,5988.31,1.0
p[8998],0.75,0.01,0.73,0.78,0.0,0.0,8751.9,6508.49,1.0
p[8999],0.76,0.02,0.72,0.81,0.0,0.0,9792.35,6588.75,1.0
p[9000],0.75,0.01,0.73,0.78,0.0,0.0,8737.99,6424.96,1.0
p[9001],0.79,0.01,0.77,0.82,0.0,0.0,8947.56,5894.35,1.0
p[9002],0.79,0.01,0.77,0.82,0.0,0.0,8943.32,5894.35,1.0
p[9003],0.75,0.01,0.73,0.78,0.0,0.0,8718.4,6397.15,1.0
p[9004],0.59,0.02,0.54,0.64,0.0,0.0,9557.71,7092.3,1.0
p[9005],0.81,0.02,0.78,0.85,0.0,0.0,9790.07,6511.37,1.0
p[9006],0.76,0.01,0.73,0.78,0.0,0.0,8708.12,6343.46,1.0
p[9007],0.85,0.02,0.82,0.88,0.0,0.0,9934.14,6319.13,1.0
p[9008],0.8,0.01,0.77,0.82,0.0,0.0,8935.43,5940.4,1.0
p[9009],0.85,0.02,0.82,0.88,0.0,0.0,9932.8,6319.13,1.0
p[9010],0.8,0.01,0.77,0.82,0.0,0.0,8933.75,5940.4,1.0
p[9011],0.8,0.01,0.77,0.82,0.0,0.0,8929.06,5986.37,1.0
p[9012],0.76,0.01,0.73,0.78,0.0,0.0,8688.04,6369.03,1.0
p[9013],0.8,0.01,0.77,0.82,0.0,0.0,8922.87,5939.85,1.0
p[9014],0.76,0.01,0.73,0.78,0.0,0.0,8668.26,6406.41,1.0
p[9015],0.8,0.01,0.78,0.82,0.0,0.0,8921.79,5939.85,1.0
p[9016],0.8,0.01,0.78,0.82,0.0,0.0,8920.61,5939.85,1.0
p[9017],0.8,0.01,0.78,0.82,0.0,0.0,8919.12,5916.42,1.0
p[9018],0.76,0.01,0.73,0.78,0.0,0.0,8658.28,6423.93,1.0
p[9019],0.8,0.01,0.78,0.82,0.0,0.0,8917.11,5986.67,1.0
p[9020],0.85,0.02,0.82,0.89,0.0,0.0,11877.34,6706.68,1.0
p[9021],0.8,0.01,0.78,0.82,0.0,0.0,8915.02,5893.69,1.0
p[9022],0.85,0.02,0.82,0.88,0.0,0.0,9930.06,6318.16,1.0
p[9023],0.76,0.01,0.73,0.78,0.0,0.0,8643.89,6424.13,1.0
p[9024],0.85,0.02,0.82,0.88,0.0,0.0,9926.94,6344.84,1.0
p[9025],0.76,0.01,0.73,0.78,0.0,0.0,8630.88,6396.78,1.0
p[9026],0.77,0.02,0.73,0.81,0.0,0.0,9773.56,6498.81,1.0
p[9027],0.8,0.01,0.78,0.82,0.0,0.0,8906.22,5893.21,1.0
p[9028],0.8,0.01,0.78,0.82,0.0,0.0,8899.55,5893.39,1.0
p[9029],0.76,0.01,0.73,0.79,0.0,0.0,8599.18,6395.61,1.0
p[9030],0.82,0.02,0.78,0.85,0.0,0.0,9683.43,6324.09,1.0
p[9031],0.76,0.01,0.74,0.79,0.0,0.0,8589.96,6395.76,1.0
p[9032],0.6,0.02,0.55,0.65,0.0,0.0,9529.42,7026.87,1.0
p[9033],0.8,0.01,0.78,0.82,0.0,0.0,8884.84,5824.89,1.0
p[9034],0.76,0.01,0.74,0.79,0.0,0.0,8562.71,6315.24,1.0
p[9035],0.8,0.01,0.78,0.82,0.0,0.0,8879.94,5823.85,1.0
p[9036],0.76,0.01,0.74,0.79,0.0,0.0,8557.13,6289.58,1.0
p[9037],0.74,0.02,0.7,0.79,0.0,0.0,9106.55,6768.44,1.0
p[9038],0.8,0.01,0.78,0.82,0.0,0.0,8871.81,5891.14,1.0
p[9039],0.76,0.01,0.74,0.79,0.0,0.0,8535.77,6187.03,1.0
p[9040],0.86,0.02,0.82,0.89,0.0,0.0,11857.7,6731.98,1.0
p[9041],0.8,0.01,0.78,0.82,0.0,0.0,8856.96,5912.91,1.0
p[9042],0.8,0.01,0.78,0.82,0.0,0.0,8856.96,5912.91,1.0
p[9043],0.77,0.01,0.74,0.79,0.0,0.0,8528.34,6187.03,1.0
p[9044],0.8,0.01,0.78,0.82,0.0,0.0,8852.81,6004.88,1.0
p[9045],0.8,0.01,0.78,0.83,0.0,0.0,8853.78,6028.78,1.0
p[9046],0.81,0.01,0.78,0.83,0.0,0.0,8849.23,6028.78,1.0
p[9047],0.77,0.01,0.74,0.79,0.0,0.0,8510.37,6161.84,1.0
p[9048],0.81,0.01,0.78,0.83,0.0,0.0,8844.67,6005.88,1.0
p[9049],0.91,0.02,0.87,0.94,0.0,0.0,10088.13,6511.46,1.0
p[9050],0.77,0.01,0.74,0.79,0.0,0.0,8503.16,6161.36,1.0
p[9051],0.78,0.02,0.74,0.82,0.0,0.0,9746.76,6525.43,1.0
p[9052],0.81,0.01,0.78,0.83,0.0,0.0,8835.63,5959.3,1.0
p[9053],0.77,0.01,0.74,0.79,0.0,0.0,8482.66,6160.17,1.0
p[9054],0.81,0.01,0.79,0.83,0.0,0.0,8813.49,5891.69,1.0
p[9055],0.77,0.01,0.74,0.79,0.0,0.0,8474.76,6135.74,1.0
p[9056],0.82,0.02,0.79,0.86,0.0,0.0,9582.85,6438.94,1.0
p[9057],0.61,0.02,0.57,0.66,0.0,0.0,9483.1,6992.48,1.0
p[9058],0.81,0.01,0.79,0.83,0.0,0.0,8802.93,5890.25,1.0
p[9059],0.81,0.01,0.79,0.83,0.0,0.0,8804.87,5890.25,1.0
p[9060],0.77,0.01,0.75,0.79,0.0,0.0,8435.44,6038.52,1.0
p[9061],0.81,0.01,0.79,0.83,0.0,0.0,8791.25,5914.13,1.0
p[9062],0.81,0.01,0.79,0.83,0.0,0.0,8781.02,5960.94,1.0
p[9063],0.77,0.01,0.75,0.8,0.0,0.0,8420.15,6015.28,1.0
p[9064],0.81,0.01,0.79,0.83,0.0,0.0,8777.41,5960.52,1.0
p[9065],0.81,0.01,0.79,0.83,0.0,0.0,8772.56,5960.52,1.0
p[9066],0.81,0.01,0.79,0.83,0.0,0.0,8772.56,5960.52,1.0
p[9067],0.81,0.01,0.79,0.83,0.0,0.0,8771.07,5869.72,1.0
p[9068],0.75,0.02,0.71,0.8,0.0,0.0,9072.48,6594.01,1.0
p[9069],0.89,0.01,0.87,0.91,0.0,0.0,8987.87,7136.24,1.0
p[9070],0.86,0.01,0.83,0.89,0.0,0.0,9886.73,6314.48,1.0
p[9071],0.86,0.02,0.83,0.89,0.0,0.0,11829.39,6854.25,1.0
p[9072],0.77,0.01,0.75,0.8,0.0,0.0,8387.46,6062.96,1.0
p[9073],0.81,0.01,0.79,0.83,0.0,0.0,8749.54,5916.31,1.0
p[9074],0.89,0.01,0.87,0.91,0.0,0.0,8983.04,7090.04,1.0
p[9075],0.81,0.01,0.79,0.83,0.0,0.0,8745.66,5916.31,1.0
p[9076],0.86,0.01,0.83,0.89,0.0,0.0,9876.99,6394.85,1.0
p[9077],0.77,0.01,0.75,0.8,0.0,0.0,8365.89,6063.61,1.0
p[9078],0.79,0.02,0.75,0.83,0.0,0.0,9719.43,6641.68,1.0
p[9079],0.78,0.01,0.75,0.8,0.0,0.0,8357.63,6062.87,1.0
p[9080],0.81,0.01,0.79,0.83,0.0,0.0,8733.46,5949.91,1.0
p[9081],0.89,0.01,0.87,0.91,0.0,0.0,8975.46,7023.91,1.0
p[9082],0.83,0.02,0.8,0.86,0.0,0.0,9482.73,6405.17,1.0
p[9083],0.62,0.02,0.58,0.66,0.0,0.0,9426.65,6952.23,1.0
p[9084],0.81,0.01,0.79,0.83,0.0,0.0,8729.49,6093.98,1.0
p[9085],0.81,0.01,0.79,0.83,0.0,0.0,8721.74,6044.86,1.0
p[9086],0.78,0.01,0.75,0.8,0.0,0.0,8319.1,6036.52,1.0
p[9087],0.82,0.01,0.8,0.84,0.0,0.0,8703.28,5973.5,1.0
p[9088],0.78,0.01,0.75,0.8,0.0,0.0,8302.91,6085.02,1.0
p[9089],0.82,0.01,0.8,0.84,0.0,0.0,8698.42,5973.0,1.0
p[9090],0.82,0.01,0.8,0.84,0.0,0.0,8695.11,5925.16,1.0
p[9091],0.82,0.01,0.8,0.84,0.0,0.0,8691.37,5925.16,1.0
p[9092],0.76,0.02,0.72,0.8,0.0,0.0,9049.14,6477.56,1.0
p[9093],0.82,0.01,0.8,0.84,0.0,0.0,8687.86,5948.47,1.0
p[9094],0.82,0.01,0.8,0.84,0.0,0.0,8687.86,5948.47,1.0
p[9095],0.78,0.01,0.75,0.8,0.0,0.0,8291.52,6134.95,1.0
p[9096],0.87,0.02,0.83,0.9,0.0,0.0,11806.94,6854.91,1.0
p[9097],0.82,0.01,0.8,0.84,0.0,0.0,8679.9,5858.85,1.0
p[9098],0.91,0.02,0.88,0.94,0.0,0.0,10066.01,6499.24,1.0
p[9099],0.78,0.01,0.76,0.8,0.0,0.0,8276.98,6084.89,1.0
p[9100],0.82,0.01,0.8,0.84,0.0,0.0,8674.7,5858.85,1.0
p[9101],0.82,0.01,0.8,0.84,0.0,0.0,8672.11,5815.88,1.0
p[9102],0.86,0.02,0.82,0.89,0.0,0.0,11649.19,6557.97,1.0
p[9103],0.87,0.01,0.84,0.89,0.0,0.0,9866.13,6505.96,1.0
p[9104],0.78,0.01,0.76,0.8,0.0,0.0,8261.31,6133.35,1.0
p[9105],0.79,0.02,0.75,0.83,0.0,0.0,9699.84,6611.02,1.0
p[9106],0.63,0.02,0.59,0.67,0.0,0.0,9374.56,6831.74,1.0
p[9107],0.82,0.01,0.8,0.84,0.0,0.0,8655.81,5930.4,1.0
p[9108],0.84,0.02,0.8,0.87,0.0,0.0,9404.42,6350.16,1.0
p[9109],0.82,0.01,0.8,0.84,0.0,0.0,8650.88,5884.85,1.0
p[9110],0.78,0.01,0.76,0.81,0.0,0.0,8222.34,6183.66,1.0
p[9111],0.87,0.01,0.84,0.89,0.0,0.0,9848.82,6505.74,1.0
p[9112],0.82,0.01,0.8,0.84,0.0,0.0,8620.06,5864.01,1.0
p[9113],0.86,0.02,0.83,0.89,0.0,0.0,11630.74,6557.79,1.0
p[9114],0.82,0.01,0.8,0.84,0.0,0.0,8620.06,5864.01,1.0
p[9115],0.79,0.01,0.76,0.81,0.0,0.0,8206.22,6166.37,1.0
p[9116],0.82,0.01,0.8,0.84,0.0,0.0,8619.15,5864.01,1.0
p[9117],0.82,0.01,0.8,0.84,0.0,0.0,8611.71,5888.86,1.0
p[9118],0.82,0.01,0.8,0.84,0.0,0.0,8611.71,5888.86,1.0
p[9119],0.9,0.01,0.88,0.92,0.0,0.0,8937.71,7022.67,1.0
p[9120],0.82,0.01,0.8,0.84,0.0,0.0,8609.44,5888.25,1.0
p[9121],0.79,0.01,0.76,0.81,0.0,0.0,8197.37,6140.75,1.0
p[9122],0.87,0.01,0.84,0.89,0.0,0.0,9847.18,6450.43,1.0
p[9123],0.79,0.01,0.76,0.81,0.0,0.0,8188.33,6166.88,1.0
p[9124],0.87,0.02,0.84,0.9,0.0,0.0,11772.19,6746.3,1.0
p[9125],0.82,0.01,0.81,0.84,0.0,0.0,8589.5,6027.9,1.0
p[9126],0.9,0.01,0.88,0.92,0.0,0.0,8930.32,6990.75,1.0
p[9127],0.87,0.01,0.84,0.89,0.0,0.0,9849.27,6396.16,1.0
p[9128],0.79,0.01,0.76,0.81,0.0,0.0,8182.75,6167.35,1.0
p[9129],0.82,0.01,0.81,0.84,0.0,0.0,8585.3,6078.03,1.0
p[9130],0.79,0.01,0.76,0.81,0.0,0.0,8175.92,6192.23,1.0
p[9131],0.82,0.01,0.81,0.84,0.0,0.0,8576.75,6005.04,1.0
p[9132],0.8,0.02,0.76,0.84,0.0,0.0,9670.87,6546.89,1.0
p[9133],0.64,0.02,0.6,0.68,0.0,0.0,9337.81,6862.15,1.0
p[9134],0.87,0.01,0.85,0.9,0.0,0.0,9842.28,6342.79,1.0
p[9135],0.83,0.01,0.81,0.85,0.0,0.0,8555.98,5934.13,1.0
p[9136],0.83,0.01,0.81,0.85,0.0,0.0,8551.85,5980.93,1.0
p[9137],0.79,0.01,0.77,0.81,0.0,0.0,8162.8,6216.71,1.0
p[9138],0.79,0.01,0.77,0.81,0.0,0.0,8162.76,6216.99,1.0
p[9139],0.77,0.02,0.74,0.81,0.0,0.0,9003.76,6479.84,1.0
p[9140],0.83,0.01,0.81,0.85,0.0,0.0,8544.96,6077.25,1.0
p[9141],0.84,0.02,0.81,0.87,0.0,0.0,9302.89,6642.89,1.0
p[9142],0.79,0.01,0.77,0.81,0.0,0.0,8156.78,6191.81,1.0
p[9143],0.88,0.02,0.84,0.91,0.0,0.0,11755.9,6656.93,1.0
p[9144],0.83,0.01,0.81,0.85,0.0,0.0,8541.51,6163.56,1.0
p[9145],0.83,0.01,0.81,0.85,0.0,0.0,8539.51,6163.56,1.0
p[9146],0.83,0.01,0.81,0.85,0.0,0.0,8537.08,6163.46,1.0
p[9147],0.83,0.01,0.81,0.85,0.0,0.0,8537.08,6163.46,1.0
p[9148],0.79,0.01,0.77,0.82,0.0,0.0,8141.63,6161.64,1.0
p[9149],0.83,0.01,0.81,0.85,0.0,0.0,8536.99,6139.38,1.0
p[9150],0.92,0.02,0.89,0.95,0.0,0.0,10039.99,6585.25,1.0
p[9151],0.83,0.01,0.81,0.85,0.0,0.0,8537.79,6164.31,1.0
p[9152],0.8,0.02,0.77,0.84,0.0,0.0,9660.69,6812.94,1.0
p[9153],0.83,0.01,0.81,0.85,0.0,0.0,8534.91,6164.01,1.0
p[9154],0.79,0.01,0.77,0.82,0.0,0.0,8135.25,6186.12,1.0
p[9155],0.8,0.01,0.77,0.82,0.0,0.0,8129.55,6161.68,1.0
p[9156],0.83,0.01,0.81,0.85,0.0,0.0,8520.59,6189.51,1.0
p[9157],0.85,0.02,0.82,0.88,0.0,0.0,9241.5,6582.2,1.0
p[9158],0.83,0.01,0.81,0.85,0.0,0.0,8519.7,6189.14,1.0
p[9159],0.65,0.02,0.61,0.69,0.0,0.0,9311.62,6801.95,1.0
p[9160],0.83,0.01,0.81,0.85,0.0,0.0,8516.68,6189.85,1.0
p[9161],0.83,0.01,0.81,0.85,0.0,0.0,8514.47,6165.27,1.0
p[9162],0.8,0.01,0.77,0.82,0.0,0.0,8115.46,6187.99,1.0
p[9163],0.78,0.02,0.74,0.82,0.0,0.0,8992.54,6162.66,1.0
p[9164],0.83,0.01,0.82,0.85,0.0,0.0,8507.49,6069.24,1.0
p[9165],0.83,0.01,0.82,0.85,0.0,0.0,8506.49,6093.8,1.0
p[9166],0.83,0.01,0.82,0.85,0.0,0.0,8507.43,6093.8,1.0
p[9167],0.83,0.01,0.82,0.85,0.0,0.0,8506.1,6093.8,1.0
p[9168],0.8,0.01,0.78,0.82,0.0,0.0,8110.94,6289.02,1.0
p[9169],0.83,0.01,0.82,0.85,0.0,0.0,8502.37,6093.86,1.0
p[9170],0.83,0.01,0.82,0.85,0.0,0.0,8501.49,6087.8,1.0
p[9171],0.8,0.01,0.78,0.82,0.0,0.0,8106.45,6288.64,1.0
p[9172],0.8,0.01,0.78,0.82,0.0,0.0,8105.09,6263.16,1.0
p[9173],0.88,0.01,0.85,0.9,0.0,0.0,9821.83,6346.77,1.0
p[9174],0.83,0.01,0.82,0.85,0.0,0.0,8497.72,6094.26,1.0
p[9175],0.8,0.01,0.78,0.82,0.0,0.0,8100.69,6237.64,1.0
p[9176],0.88,0.01,0.85,0.9,0.0,0.0,9818.24,6346.77,1.0
p[9177],0.81,0.02,0.77,0.85,0.0,0.0,9641.53,6815.28,1.0
p[9178],0.91,0.01,0.89,0.92,0.0,0.0,8902.39,6920.78,1.0
p[9179],0.8,0.01,0.78,0.82,0.0,0.0,8098.78,6263.32,1.0
p[9180],0.84,0.01,0.82,0.85,0.0,0.0,8493.38,6063.29,1.0
p[9181],0.8,0.01,0.78,0.82,0.0,0.0,8097.21,6289.86,1.0
p[9182],0.88,0.02,0.85,0.91,0.0,0.0,11709.42,6731.21,1.0
p[9183],0.66,0.02,0.61,0.7,0.0,0.0,9285.14,6724.12,1.0
p[9184],0.85,0.02,0.82,0.88,0.0,0.0,9227.21,6528.64,1.0
p[9185],0.8,0.01,0.78,0.82,0.0,0.0,8093.02,6238.5,1.0
p[9186],0.84,0.01,0.82,0.85,0.0,0.0,8487.37,6062.54,1.0
p[9187],0.84,0.01,0.82,0.86,0.0,0.0,8485.08,6087.22,1.0
p[9188],0.8,0.01,0.78,0.82,0.0,0.0,8087.11,6213.02,1.0
p[9189],0.84,0.01,0.82,0.86,0.0,0.0,8483.73,6062.43,1.0
p[9190],0.84,0.01,0.82,0.86,0.0,0.0,8480.23,6063.03,1.0
p[9191],0.8,0.01,0.78,0.83,0.0,0.0,8082.6,6238.29,1.0
p[9192],0.84,0.01,0.82,0.86,0.0,0.0,8480.97,6063.03,1.0
p[9193],0.79,0.02,0.75,0.82,0.0,0.0,8981.0,6265.87,1.0
p[9194],0.84,0.01,0.82,0.86,0.0,0.0,8480.16,6111.31,1.0
p[9195],0.88,0.02,0.86,0.91,0.0,0.0,11688.17,6684.87,1.0
p[9196],0.81,0.01,0.78,0.83,0.0,0.0,8080.3,6187.19,1.0
p[9197],0.84,0.01,0.82,0.86,0.0,0.0,8480.63,6192.93,1.0
p[9198],0.84,0.01,0.82,0.86,0.0,0.0,8478.58,6192.92,1.0
p[9199],0.81,0.01,0.78,0.83,0.0,0.0,8077.22,6187.67,1.0
p[9200],0.84,0.01,0.82,0.86,0.0,0.0,8476.68,6167.47,1.0
p[9201],0.84,0.01,0.82,0.86,0.0,0.0,8475.02,6142.59,1.0
p[9202],0.84,0.01,0.82,0.86,0.0,0.0,8475.02,6142.59,1.0
p[9203],0.81,0.01,0.78,0.83,0.0,0.0,8074.61,6138.41,1.0
p[9204],0.92,0.02,0.89,0.95,0.0,0.0,10010.96,6472.0,1.0
p[9205],0.81,0.01,0.78,0.83,0.0,0.0,8073.25,6138.31,1.0
p[9206],0.84,0.01,0.82,0.86,0.0,0.0,8469.06,6088.12,1.0
p[9207],0.81,0.01,0.79,0.83,0.0,0.0,8072.09,6065.27,1.0
p[9208],0.88,0.01,0.86,0.91,0.0,0.0,9802.15,6117.29,1.0
p[9209],0.92,0.02,0.89,0.95,0.0,0.0,11000.2,6510.82,1.0
p[9210],0.67,0.02,0.62,0.71,0.0,0.0,9185.73,6846.83,1.0
p[9211],0.84,0.01,0.82,0.86,0.0,0.0,8469.54,6166.52,1.0
p[9212],0.86,0.02,0.83,0.89,0.0,0.0,9222.92,6679.45,1.0
p[9213],0.84,0.01,0.83,0.86,0.0,0.0,8470.6,6191.9,1.0
p[9214],0.82,0.02,0.78,0.85,0.0,0.0,9610.94,6755.22,1.0
p[9215],0.81,0.01,0.79,0.83,0.0,0.0,8068.9,6138.81,1.0
p[9216],0.81,0.01,0.79,0.83,0.0,0.0,8068.77,6138.81,1.0
p[9217],0.81,0.01,0.79,0.83,0.0,0.0,8067.99,6141.12,1.0
p[9218],0.84,0.01,0.83,0.86,0.0,0.0,8464.02,6179.69,1.0
p[9219],0.84,0.01,0.83,0.86,0.0,0.0,8464.02,6179.69,1.0
p[9220],0.81,0.01,0.79,0.83,0.0,0.0,8066.87,6217.62,1.0
p[9221],0.84,0.01,0.83,0.86,0.0,0.0,8464.7,6179.69,1.0
p[9222],0.84,0.01,0.83,0.86,0.0,0.0,8465.81,6180.13,1.0
p[9223],0.84,0.01,0.83,0.86,0.0,0.0,8464.44,6180.13,1.0
p[9224],0.81,0.01,0.79,0.83,0.0,0.0,8065.03,6167.09,1.0
p[9225],0.85,0.01,0.83,0.86,0.0,0.0,8462.61,6205.26,1.0
p[9226],0.89,0.01,0.86,0.91,0.0,0.0,9791.17,6069.08,1.0
p[9227],0.89,0.01,0.86,0.92,0.0,0.0,11647.29,6555.98,1.0
p[9228],0.91,0.01,0.9,0.93,0.0,0.0,8885.58,6864.05,1.0
p[9229],0.85,0.01,0.83,0.86,0.0,0.0,8463.88,6216.99,1.0
p[9230],0.91,0.01,0.9,0.93,0.0,0.0,8885.58,6864.05,1.0
p[9231],0.81,0.01,0.79,0.83,0.0,0.0,8066.72,6218.94,1.0
p[9232],0.82,0.02,0.79,0.86,0.0,0.0,9602.87,6724.48,1.0
p[9233],0.85,0.01,0.83,0.86,0.0,0.0,8456.97,6230.51,1.0
p[9234],0.81,0.01,0.79,0.83,0.0,0.0,8065.59,6295.99,1.0
p[9235],0.85,0.01,0.83,0.86,0.0,0.0,8454.28,6256.17,1.0
p[9236],0.67,0.02,0.63,0.72,0.0,0.0,9173.61,6847.51,1.0
p[9237],0.81,0.01,0.79,0.83,0.0,0.0,8063.82,6243.12,1.0
p[9238],0.86,0.02,0.83,0.89,0.0,0.0,9221.52,6781.69,1.0
p[9239],0.85,0.01,0.83,0.87,0.0,0.0,8449.83,6258.77,1.0
p[9240],0.85,0.01,0.83,0.87,0.0,0.0,8450.17,6258.77,1.0
p[9241],0.85,0.01,0.83,0.87,0.0,0.0,8450.17,6258.77,1.0
p[9242],0.82,0.01,0.79,0.84,0.0,0.0,8059.87,6294.33,1.0
p[9243],0.8,0.02,0.76,0.83,0.0,0.0,8963.3,6419.17,1.0
p[9244],0.82,0.01,0.79,0.84,0.0,0.0,8059.16,6164.83,1.0
p[9245],0.91,0.01,0.9,0.93,0.0,0.0,8887.7,6771.49,1.0
p[9246],0.85,0.01,0.83,0.87,0.0,0.0,8446.1,6207.9,1.0
p[9247],0.85,0.01,0.83,0.87,0.0,0.0,8446.7,6182.66,1.0
p[9248],0.85,0.01,0.83,0.87,0.0,0.0,8447.38,6182.66,1.0
p[9249],0.82,0.01,0.8,0.84,0.0,0.0,8058.57,6193.12,1.0
p[9250],0.85,0.01,0.83,0.87,0.0,0.0,8447.33,6219.67,1.0
p[9251],0.82,0.01,0.8,0.84,0.0,0.0,8056.88,6193.12,1.0
p[9252],0.85,0.01,0.83,0.87,0.0,0.0,8445.44,6219.67,1.0
p[9253],0.85,0.01,0.83,0.87,0.0,0.0,8445.5,6219.62,1.0
p[9254],0.85,0.01,0.83,0.87,0.0,0.0,8445.5,6219.62,1.0
p[9255],0.89,0.01,0.87,0.92,0.0,0.0,11615.04,6528.35,1.0
p[9256],0.82,0.01,0.8,0.84,0.0,0.0,8058.1,6231.3,1.0
p[9257],0.85,0.01,0.83,0.87,0.0,0.0,8445.8,6219.62,1.0
p[9258],0.93,0.01,0.9,0.96,0.0,0.0,9975.69,6642.02,1.0
p[9259],0.82,0.01,0.8,0.84,0.0,0.0,8057.9,6230.8,1.0
p[9260],0.8,0.02,0.77,0.83,0.0,0.0,8961.09,6447.37,1.0
p[9261],0.82,0.01,0.8,0.84,0.0,0.0,8057.57,6230.52,1.0
p[9262],0.89,0.01,0.87,0.91,0.0,0.0,9756.63,6118.55,1.0
p[9263],0.83,0.02,0.79,0.86,0.0,0.0,9593.46,6814.44,1.0
p[9264],0.85,0.01,0.84,0.87,0.0,0.0,8448.97,6245.95,1.0
p[9265],0.68,0.02,0.64,0.72,0.0,0.0,9169.36,6963.09,1.0
p[9266],0.82,0.01,0.8,0.84,0.0,0.0,8054.85,6205.94,1.0
p[9267],0.87,0.01,0.84,0.89,0.0,0.0,9219.99,6556.47,1.0
p[9268],0.85,0.01,0.84,0.87,0.0,0.0,8452.35,6298.2,1.0
p[9269],0.82,0.01,0.8,0.84,0.0,0.0,8056.71,6231.72,1.0
p[9270],0.85,0.01,0.84,0.87,0.0,0.0,8456.27,6392.21,1.0
p[9271],0.85,0.01,0.84,0.87,0.0,0.0,8459.2,6378.12,1.0
p[9272],0.85,0.01,0.84,0.87,0.0,0.0,8460.18,6404.54,1.0
p[9273],0.81,0.02,0.77,0.84,0.0,0.0,8956.27,6558.86,1.0
p[9274],0.82,0.01,0.8,0.84,0.0,0.0,8057.37,6256.48,1.0
p[9275],0.85,0.01,0.84,0.87,0.0,0.0,8463.98,6404.17,1.0
p[9276],0.82,0.01,0.8,0.84,0.0,0.0,8057.71,6256.48,1.0
p[9277],0.85,0.01,0.84,0.87,0.0,0.0,8463.28,6458.87,1.0
p[9278],0.82,0.01,0.8,0.84,0.0,0.0,8057.3,6307.71,1.0
p[9279],0.85,0.01,0.84,0.87,0.0,0.0,8465.64,6458.87,1.0
p[9280],0.86,0.01,0.84,0.87,0.0,0.0,8465.13,6458.87,1.0
p[9281],0.82,0.01,0.8,0.84,0.0,0.0,8058.31,6360.81,1.0
p[9282],0.9,0.01,0.87,0.92,0.0,0.0,11565.56,6378.25,1.0
p[9283],0.89,0.01,0.87,0.92,0.0,0.0,9733.25,5957.0,1.0
p[9284],0.82,0.01,0.8,0.84,0.0,0.0,8058.75,6360.81,1.0
p[9285],0.86,0.01,0.84,0.87,0.0,0.0,8472.95,6486.53,1.0
p[9286],0.83,0.02,0.8,0.87,0.0,0.0,9582.96,6784.3,1.0
p[9287],0.83,0.01,0.8,0.85,0.0,0.0,8062.75,6361.26,1.0
p[9288],0.92,0.01,0.9,0.93,0.0,0.0,8883.31,6721.33,1.0
p[9289],0.87,0.01,0.84,0.9,0.0,0.0,9221.96,6499.27,1.0
p[9290],0.83,0.01,0.8,0.85,0.0,0.0,8062.11,6361.67,1.0
p[9291],0.86,0.01,0.84,0.87,0.0,0.0,8482.42,6472.4,1.0
p[9292],0.83,0.01,0.81,0.85,0.0,0.0,8060.73,6424.12,1.0
p[9293],0.86,0.01,0.84,0.87,0.0,0.0,8489.48,6500.08,1.0
p[9294],0.92,0.01,0.9,0.93,0.0,0.0,8884.61,6722.64,1.0
p[9295],0.86,0.01,0.84,0.88,0.0,0.0,8493.11,6500.84,1.0
p[9296],0.69,0.02,0.65,0.73,0.0,0.0,9183.25,6941.92,1.0
p[9297],0.83,0.01,0.81,0.85,0.0,0.0,8061.47,6370.96,1.0
p[9298],0.86,0.01,0.84,0.88,0.0,0.0,8494.52,6500.84,1.0
p[9299],0.86,0.01,0.84,0.88,0.0,0.0,8495.67,6472.27,1.0
p[9300],0.86,0.01,0.84,0.88,0.0,0.0,8496.68,6472.27,1.0
p[9301],0.86,0.01,0.84,0.88,0.0,0.0,8496.68,6472.27,1.0
p[9302],0.83,0.01,0.81,0.85,0.0,0.0,8061.99,6371.27,1.0
p[9303],0.86,0.01,0.84,0.88,0.0,0.0,8502.67,6472.52,1.0
p[9304],0.83,0.01,0.81,0.85,0.0,0.0,8062.24,6265.62,1.0
p[9305],0.9,0.01,0.87,0.92,0.0,0.0,11532.18,6490.43,1.0
p[9306],0.89,0.01,0.86,0.92,0.0,0.0,11467.37,6981.28,1.0
p[9307],0.86,0.01,0.84,0.88,0.0,0.0,8505.03,6472.14,1.0
p[9308],0.86,0.01,0.84,0.88,0.0,0.0,8505.04,6472.14,1.0
p[9309],0.83,0.01,0.81,0.85,0.0,0.0,8064.99,6240.74,1.0
p[9310],0.83,0.01,0.81,0.85,0.0,0.0,8066.7,6240.99,1.0
p[9311],0.93,0.01,0.91,0.96,0.0,0.0,9937.54,6643.24,1.0
p[9312],0.83,0.01,0.81,0.85,0.0,0.0,8070.21,6267.45,1.0
p[9313],0.86,0.01,0.84,0.88,0.0,0.0,8511.89,6458.33,1.0
p[9314],0.84,0.02,0.81,0.87,0.0,0.0,9573.67,6782.83,1.0
p[9315],0.86,0.01,0.85,0.88,0.0,0.0,8516.5,6430.85,1.0
p[9316],0.83,0.01,0.81,0.85,0.0,0.0,8072.36,6190.41,1.0
p[9317],0.93,0.02,0.9,0.96,0.0,0.0,10898.86,6430.45,1.0
p[9318],0.87,0.01,0.85,0.9,0.0,0.0,9246.41,6528.66,1.0
p[9319],0.86,0.01,0.85,0.88,0.0,0.0,8527.88,6403.21,1.0
p[9320],0.86,0.01,0.85,0.88,0.0,0.0,8529.51,6403.21,1.0
p[9321],0.83,0.01,0.81,0.85,0.0,0.0,8073.2,6267.79,1.0
p[9322],0.86,0.01,0.85,0.88,0.0,0.0,8532.39,6403.21,1.0
p[9323],0.83,0.01,0.81,0.85,0.0,0.0,8072.2,6268.14,1.0
p[9324],0.7,0.02,0.66,0.74,0.0,0.0,9221.91,6831.45,1.0
p[9325],0.92,0.01,0.91,0.94,0.0,0.0,8888.78,6638.27,1.0
p[9326],0.86,0.01,0.85,0.88,0.0,0.0,8542.6,6429.25,1.0
p[9327],0.83,0.01,0.81,0.85,0.0,0.0,8069.57,6241.32,1.0
p[9328],0.86,0.01,0.85,0.88,0.0,0.0,8545.8,6401.3,1.0
p[9329],0.86,0.01,0.85,0.88,0.0,0.0,8546.6,6375.89,1.0
p[9330],0.83,0.01,0.81,0.86,0.0,0.0,8071.51,6241.32,1.0
p[9331],0.86,0.01,0.85,0.88,0.0,0.0,8549.11,6375.89,1.0
p[9332],0.86,0.01,0.85,0.88,0.0,0.0,8553.1,6416.45,1.0
p[9333],0.9,0.01,0.88,0.92,0.0,0.0,9713.67,6207.76,1.0
p[9334],0.86,0.01,0.85,0.88,0.0,0.0,8553.72,6402.95,1.0
p[9335],0.9,0.01,0.88,0.92,0.0,0.0,9713.3,6207.76,1.0
p[9336],0.84,0.01,0.82,0.86,0.0,0.0,8074.11,6293.24,1.0
p[9337],0.9,0.01,0.88,0.93,0.0,0.0,11480.85,6719.57,1.0
p[9338],0.87,0.01,0.85,0.88,0.0,0.0,8555.27,6407.06,1.0
p[9339],0.84,0.02,0.81,0.88,0.0,0.0,9566.0,6694.09,1.0
p[9340],0.9,0.01,0.88,0.92,0.0,0.0,9708.48,6208.36,1.0
p[9341],0.84,0.01,0.82,0.86,0.0,0.0,8074.74,6293.49,1.0
p[9342],0.87,0.01,0.85,0.88,0.0,0.0,8559.18,6488.65,1.0
p[9343],0.92,0.01,0.91,0.94,0.0,0.0,8894.53,6773.91,1.0
p[9344],0.88,0.01,0.85,0.91,0.0,0.0,9267.95,6585.34,1.0
p[9345],0.87,0.01,0.85,0.88,0.0,0.0,8572.27,6545.36,1.0
p[9346],0.87,0.01,0.85,0.88,0.0,0.0,8574.36,6602.16,1.0
p[9347],0.87,0.01,0.85,0.88,0.0,0.0,8576.41,6602.16,1.0
p[9348],0.84,0.01,0.82,0.86,0.0,0.0,8081.66,6320.11,1.0
p[9349],0.87,0.01,0.85,0.88,0.0,0.0,8578.54,6572.99,1.0
p[9350],0.87,0.01,0.85,0.88,0.0,0.0,8579.45,6544.0,1.0
p[9351],0.84,0.01,0.82,0.86,0.0,0.0,8084.68,6320.29,1.0
p[9352],0.87,0.01,0.85,0.88,0.0,0.0,8579.95,6544.0,1.0
p[9353],0.87,0.01,0.85,0.88,0.0,0.0,8557.46,6544.3,1.0
p[9354],0.93,0.01,0.91,0.94,0.0,0.0,8901.37,6865.68,1.0
p[9355],0.87,0.01,0.85,0.89,0.0,0.0,8562.16,6601.04,1.0
p[9356],0.87,0.01,0.85,0.89,0.0,0.0,8562.96,6601.04,1.0
p[9357],0.87,0.01,0.85,0.89,0.0,0.0,8563.11,6629.82,1.0
p[9358],0.84,0.01,0.82,0.86,0.0,0.0,8092.35,6294.16,1.0
p[9359],0.91,0.01,0.88,0.93,0.0,0.0,11441.7,6461.38,1.0
p[9360],0.9,0.01,0.88,0.92,0.0,0.0,9700.82,6259.62,1.0
p[9361],0.87,0.01,0.85,0.89,0.0,0.0,8567.28,6630.55,1.0
p[9362],0.84,0.01,0.82,0.86,0.0,0.0,8094.01,6400.3,1.0
p[9363],0.84,0.01,0.82,0.86,0.0,0.0,8095.68,6346.64,1.0
p[9364],0.9,0.01,0.87,0.92,0.0,0.0,11402.81,7013.63,1.0
p[9365],0.71,0.02,0.68,0.75,0.0,0.0,9268.7,6967.13,1.0
p[9366],0.85,0.02,0.82,0.88,0.0,0.0,9557.63,6845.7,1.0
p[9367],0.93,0.01,0.91,0.94,0.0,0.0,8910.59,6775.95,1.0
p[9368],0.87,0.01,0.85,0.89,0.0,0.0,8572.66,6688.59,1.0
p[9369],0.87,0.01,0.86,0.89,0.0,0.0,8575.85,6659.32,1.0
p[9370],0.87,0.01,0.86,0.89,0.0,0.0,8576.61,6688.98,1.0
p[9371],0.84,0.01,0.82,0.86,0.0,0.0,8104.07,6426.97,1.0
p[9372],0.9,0.01,0.88,0.93,0.0,0.0,11388.86,6993.3,1.0
p[9373],0.87,0.01,0.86,0.89,0.0,0.0,8581.37,6719.15,1.0
p[9374],0.84,0.01,0.82,0.86,0.0,0.0,8106.78,6426.97,1.0
p[9375],0.87,0.01,0.86,0.89,0.0,0.0,8588.06,6696.25,1.0
p[9376],0.93,0.01,0.92,0.94,0.0,0.0,8919.45,6821.52,1.0
p[9377],0.91,0.01,0.89,0.93,0.0,0.0,9692.17,6260.62,1.0
p[9378],0.87,0.01,0.86,0.89,0.0,0.0,8592.32,6787.42,1.0
p[9379],0.87,0.01,0.86,0.89,0.0,0.0,8592.83,6727.06,1.0
p[9380],0.93,0.01,0.92,0.94,0.0,0.0,8919.7,6836.4,1.0
p[9381],0.87,0.01,0.86,0.89,0.0,0.0,8593.09,6787.42,1.0
p[9382],0.85,0.01,0.83,0.87,0.0,0.0,8115.67,6509.39,1.0
p[9383],0.9,0.01,0.88,0.93,0.0,0.0,11380.76,7014.25,1.0
p[9384],0.91,0.01,0.89,0.93,0.0,0.0,11387.99,6412.48,1.0
p[9385],0.87,0.01,0.86,0.89,0.0,0.0,8598.2,6878.05,1.0
p[9386],0.72,0.02,0.68,0.76,0.0,0.0,9299.07,7062.75,1.0
p[9387],0.85,0.01,0.83,0.87,0.0,0.0,8117.72,6536.37,1.0
p[9388],0.87,0.01,0.86,0.89,0.0,0.0,8600.42,6878.05,1.0
p[9389],0.93,0.01,0.92,0.94,0.0,0.0,8921.71,6774.37,1.0
p[9390],0.88,0.01,0.86,0.89,0.0,0.0,8610.65,6910.64,1.0
p[9391],0.9,0.01,0.88,0.93,0.0,0.0,11367.81,7082.46,1.0
p[9392],0.85,0.01,0.83,0.87,0.0,0.0,8127.5,6593.92,1.0
p[9393],0.88,0.01,0.86,0.89,0.0,0.0,8613.53,6910.64,1.0
p[9394],0.88,0.01,0.86,0.89,0.0,0.0,8614.87,6910.64,1.0
p[9395],0.88,0.01,0.86,0.89,0.0,0.0,8614.87,6910.64,1.0
p[9396],0.93,0.01,0.92,0.94,0.0,0.0,8929.69,6791.77,1.0
p[9397],0.93,0.01,0.92,0.94,0.0,0.0,8930.79,6760.79,1.0
p[9398],0.85,0.01,0.83,0.87,0.0,0.0,8133.76,6565.41,1.0
p[9399],0.88,0.01,0.86,0.89,0.0,0.0,8625.55,6942.19,1.0
p[9400],0.93,0.01,0.92,0.94,0.0,0.0,8931.11,6776.08,1.0
p[9401],0.91,0.01,0.88,0.93,0.0,0.0,11350.98,7016.75,1.0
p[9402],0.88,0.01,0.86,0.89,0.0,0.0,8629.33,6942.37,1.0
p[9403],0.91,0.01,0.88,0.93,0.0,0.0,11349.75,7016.75,1.0
p[9404],0.88,0.01,0.86,0.89,0.0,0.0,8630.29,6909.71,1.0
p[9405],0.88,0.01,0.86,0.89,0.0,0.0,8634.08,6909.71,1.0
p[9406],0.88,0.01,0.86,0.89,0.0,0.0,8638.84,6830.92,1.0
p[9407],0.94,0.01,0.92,0.96,0.0,0.0,9859.71,6495.94,1.0
p[9408],0.85,0.01,0.83,0.87,0.0,0.0,8153.85,6564.88,1.0
p[9409],0.85,0.01,0.83,0.87,0.0,0.0,8154.48,6564.88,1.0
p[9410],0.85,0.01,0.83,0.87,0.0,0.0,8158.5,6509.55,1.0
p[9411],0.88,0.01,0.86,0.89,0.0,0.0,8647.12,6832.13,1.0
p[9412],0.91,0.01,0.89,0.93,0.0,0.0,9675.74,6500.91,1.0
p[9413],0.88,0.01,0.86,0.9,0.0,0.0,8654.7,6878.02,1.0
p[9414],0.85,0.01,0.83,0.87,0.0,0.0,8170.33,6594.25,1.0
p[9415],0.88,0.01,0.86,0.9,0.0,0.0,8655.78,6910.69,1.0
p[9416],0.88,0.01,0.86,0.9,0.0,0.0,8663.49,6878.78,1.0
p[9417],0.85,0.02,0.81,0.88,0.0,0.0,9984.95,6780.72,1.0
p[9418],0.93,0.01,0.92,0.95,0.0,0.0,8947.72,6717.19,1.0
p[9419],0.88,0.01,0.87,0.9,0.0,0.0,8666.26,6861.8,1.0
p[9420],0.85,0.01,0.84,0.87,0.0,0.0,8181.06,6801.24,1.0
p[9421],0.88,0.01,0.87,0.9,0.0,0.0,8670.58,6861.8,1.0
p[9422],0.91,0.01,0.9,0.93,0.0,0.0,9674.69,6507.88,1.0
p[9423],0.86,0.01,0.84,0.88,0.0,0.0,8191.41,6894.28,1.0
p[9424],0.88,0.01,0.87,0.9,0.0,0.0,8680.66,6798.39,1.0
p[9425],0.86,0.01,0.84,0.88,0.0,0.0,8195.0,6894.8,1.0
p[9426],0.91,0.01,0.89,0.93,0.0,0.0,11300.67,7078.24,1.0
p[9427],0.88,0.01,0.87,0.9,0.0,0.0,8685.63,6991.02,1.0
p[9428],0.88,0.01,0.87,0.9,0.0,0.0,8687.15,6991.02,1.0
p[9429],0.88,0.01,0.87,0.9,0.0,0.0,8687.15,6991.02,1.0
p[9430],0.73,0.02,0.7,0.76,0.0,0.0,8562.84,6524.25,1.0
p[9431],0.84,0.02,0.8,0.86,0.0,0.0,8853.57,6918.68,1.0
p[9432],0.68,0.02,0.65,0.72,0.0,0.0,8874.96,6239.77,1.0
p[9433],0.73,0.02,0.7,0.76,0.0,0.0,8555.41,6638.1,1.0
p[9434],0.78,0.03,0.73,0.83,0.0,0.0,11308.87,6408.85,1.0
p[9435],0.68,0.02,0.65,0.72,0.0,0.0,8868.13,6230.85,1.0
p[9436],0.73,0.02,0.7,0.76,0.0,0.0,8538.9,6696.33,1.0
p[9437],0.84,0.02,0.81,0.87,0.0,0.0,8845.74,6950.23,1.0
p[9438],0.73,0.02,0.7,0.76,0.0,0.0,8533.95,6696.69,1.0
p[9439],0.73,0.02,0.7,0.76,0.0,0.0,8532.49,6696.69,1.0
p[9440],0.79,0.03,0.74,0.84,0.0,0.0,11312.63,6408.69,1.0
p[9441],0.69,0.02,0.65,0.72,0.0,0.0,8852.56,6221.44,1.0
p[9442],0.69,0.02,0.65,0.72,0.0,0.0,8849.32,6324.97,1.0
p[9443],0.73,0.02,0.7,0.76,0.0,0.0,8522.32,6840.1,1.0
p[9444],0.74,0.02,0.71,0.76,0.0,0.0,8517.61,6840.1,1.0
p[9445],0.74,0.02,0.71,0.77,0.0,0.0,8513.73,6808.92,1.0
p[9446],0.74,0.02,0.71,0.77,0.0,0.0,8503.81,6956.24,1.0
p[9447],0.74,0.02,0.71,0.77,0.0,0.0,8502.74,6956.24,1.0
p[9448],0.8,0.02,0.76,0.84,0.0,0.0,9608.72,7111.13,1.0
p[9449],0.74,0.02,0.71,0.77,0.0,0.0,8495.46,6956.54,1.0
p[9450],0.69,0.02,0.66,0.73,0.0,0.0,8806.96,6313.65,1.0
p[9451],0.8,0.02,0.77,0.84,0.0,0.0,9607.44,7144.5,1.0
p[9452],0.7,0.02,0.66,0.73,0.0,0.0,8796.91,6405.48,1.0
p[9453],0.7,0.02,0.66,0.73,0.0,0.0,8791.85,6401.32,1.0
p[9454],0.74,0.02,0.72,0.77,0.0,0.0,8478.65,6891.84,1.0
p[9455],0.75,0.02,0.72,0.77,0.0,0.0,8469.63,6890.98,1.0
p[9456],0.75,0.01,0.72,0.77,0.0,0.0,8462.36,6888.49,1.0
p[9457],0.7,0.02,0.67,0.73,0.0,0.0,8768.18,6317.85,1.0
p[9458],0.75,0.01,0.72,0.78,0.0,0.0,8447.16,6795.78,1.0
p[9459],0.71,0.02,0.67,0.74,0.0,0.0,8752.06,6056.77,1.0
p[9460],0.75,0.01,0.73,0.78,0.0,0.0,8434.35,6720.56,1.0
p[9461],0.82,0.02,0.78,0.86,0.0,0.0,11168.48,6801.17,1.0
p[9462],0.71,0.02,0.68,0.74,0.0,0.0,8730.44,6099.46,1.0
p[9463],0.76,0.01,0.73,0.78,0.0,0.0,8418.42,6736.23,1.0
p[9464],0.71,0.02,0.68,0.74,0.0,0.0,8718.08,6070.4,1.0
p[9465],0.72,0.02,0.69,0.75,0.0,0.0,8694.1,6482.11,1.0
p[9466],0.81,0.02,0.77,0.86,0.0,0.0,11432.33,6349.52,1.0
p[9467],0.77,0.01,0.74,0.79,0.0,0.0,8396.1,6721.77,1.0
p[9468],0.72,0.02,0.69,0.75,0.0,0.0,8679.62,6511.75,1.0
p[9469],0.83,0.02,0.79,0.87,0.0,0.0,11193.67,6852.89,1.0
p[9470],0.77,0.01,0.74,0.79,0.0,0.0,8385.11,6692.23,1.0
p[9471],0.73,0.02,0.7,0.76,0.0,0.0,8665.28,6607.05,1.0
p[9472],0.74,0.02,0.69,0.78,0.0,0.0,9841.49,7005.54,1.0
p[9473],0.77,0.01,0.75,0.79,0.0,0.0,8380.29,6520.12,1.0
p[9474],0.77,0.01,0.75,0.8,0.0,0.0,8378.12,6548.21,1.0
p[9475],0.73,0.02,0.7,0.76,0.0,0.0,8657.75,6516.68,1.0
p[9476],0.73,0.02,0.7,0.76,0.0,0.0,8654.79,6573.44,1.0
p[9477],0.77,0.01,0.75,0.8,0.0,0.0,8375.12,6450.98,1.0
p[9478],0.83,0.02,0.8,0.87,0.0,0.0,11203.26,6852.12,1.0
p[9479],0.78,0.01,0.75,0.8,0.0,0.0,8374.74,6478.66,1.0
p[9480],0.78,0.01,0.75,0.8,0.0,0.0,8374.74,6478.66,1.0
p[9481],0.73,0.01,0.71,0.76,0.0,0.0,8647.32,6473.69,1.0
p[9482],0.89,0.02,0.85,0.93,0.0,0.0,10541.92,5931.24,1.0
p[9483],0.73,0.01,0.71,0.76,0.0,0.0,8646.21,6473.69,1.0
p[9484],0.75,0.02,0.7,0.79,0.0,0.0,9855.29,6911.07,1.0
p[9485],0.83,0.02,0.8,0.87,0.0,0.0,9651.61,6585.25,1.0
p[9486],0.8,0.02,0.76,0.83,0.0,0.0,9889.28,6878.96,1.0
p[9487],0.78,0.01,0.76,0.8,0.0,0.0,8375.21,6589.82,1.0
p[9488],0.74,0.01,0.71,0.76,0.0,0.0,8633.79,6217.09,1.0
p[9489],0.84,0.02,0.8,0.87,0.0,0.0,9654.74,6613.69,1.0
p[9490],0.74,0.01,0.71,0.77,0.0,0.0,8632.15,6190.9,1.0
p[9491],0.78,0.01,0.76,0.8,0.0,0.0,8376.14,6462.39,1.0
p[9492],0.78,0.01,0.76,0.8,0.0,0.0,8375.75,6462.39,1.0
p[9493],0.84,0.02,0.8,0.88,0.0,0.0,11207.43,6911.32,1.0
p[9494],0.78,0.01,0.76,0.8,0.0,0.0,8376.02,6422.65,1.0
p[9495],0.78,0.01,0.76,0.81,0.0,0.0,8376.13,6461.93,1.0
p[9496],0.78,0.01,0.76,0.81,0.0,0.0,8375.81,6461.93,1.0
p[9497],0.84,0.02,0.81,0.87,0.0,0.0,9662.18,6528.35,1.0
p[9498],0.74,0.01,0.71,0.77,0.0,0.0,8626.39,6293.54,1.0
p[9499],0.74,0.01,0.71,0.77,0.0,0.0,8626.13,6319.73,1.0
p[9500],0.84,0.02,0.81,0.87,0.0,0.0,9664.56,6528.35,1.0
p[9501],0.75,0.02,0.71,0.8,0.0,0.0,9867.79,7037.61,1.0
p[9502],0.79,0.01,0.76,0.81,0.0,0.0,8374.91,6354.91,1.0
p[9503],0.8,0.02,0.77,0.84,0.0,0.0,9901.32,6667.49,1.0
p[9504],0.58,0.02,0.53,0.62,0.0,0.0,8858.95,6308.22,1.0
p[9505],0.79,0.01,0.76,0.81,0.0,0.0,8376.53,6367.75,1.0
p[9506],0.79,0.01,0.77,0.81,0.0,0.0,8376.74,6327.94,1.0
p[9507],0.75,0.01,0.72,0.77,0.0,0.0,8621.12,6240.09,1.0
p[9508],0.75,0.01,0.72,0.77,0.0,0.0,8621.39,6240.09,1.0
p[9509],0.79,0.01,0.77,0.81,0.0,0.0,8378.25,6314.88,1.0
p[9510],0.79,0.01,0.77,0.81,0.0,0.0,8378.25,6314.88,1.0
p[9511],0.85,0.02,0.81,0.88,0.0,0.0,11219.61,6848.39,1.0
p[9512],0.73,0.02,0.68,0.77,0.0,0.0,8658.13,6841.33,1.0
p[9513],0.79,0.01,0.77,0.81,0.0,0.0,8381.04,6301.53,1.0
p[9514],0.79,0.01,0.77,0.81,0.0,0.0,8380.72,6314.22,1.0
p[9515],0.79,0.01,0.77,0.81,0.0,0.0,8384.13,6367.24,1.0
p[9516],0.75,0.01,0.72,0.78,0.0,0.0,8619.86,6289.39,1.0
p[9517],0.75,0.01,0.72,0.78,0.0,0.0,8621.17,6369.23,1.0
p[9518],0.79,0.01,0.77,0.81,0.0,0.0,8387.53,6288.05,1.0
p[9519],0.76,0.02,0.72,0.8,0.0,0.0,9883.51,7070.32,1.0
p[9520],0.79,0.01,0.77,0.81,0.0,0.0,8392.29,6314.53,1.0
p[9521],0.79,0.01,0.77,0.81,0.0,0.0,8391.88,6314.53,1.0
p[9522],0.81,0.02,0.77,0.84,0.0,0.0,9905.41,6608.06,1.0
p[9523],0.59,0.02,0.54,0.63,0.0,0.0,8878.84,6161.04,1.0
p[9524],0.9,0.02,0.86,0.94,0.0,0.0,10512.53,5883.84,1.0
p[9525],0.85,0.02,0.82,0.87,0.0,0.0,9687.81,6447.14,1.0
p[9526],0.79,0.01,0.77,0.81,0.0,0.0,8396.3,6313.69,1.0
p[9527],0.73,0.02,0.69,0.78,0.0,0.0,8656.08,6796.79,1.0
p[9528],0.75,0.01,0.73,0.78,0.0,0.0,8619.66,6374.75,1.0
p[9529],0.79,0.01,0.77,0.81,0.0,0.0,8398.75,6313.41,1.0
p[9530],0.88,0.01,0.86,0.9,0.0,0.0,8822.91,6872.24,1.0
p[9531],0.79,0.01,0.77,0.82,0.0,0.0,8399.69,6300.5,1.0
p[9532],0.79,0.01,0.77,0.82,0.0,0.0,8400.29,6274.46,1.0
p[9533],0.8,0.01,0.77,0.82,0.0,0.0,8400.64,6274.46,1.0
p[9534],0.85,0.02,0.81,0.88,0.0,0.0,11221.39,7070.03,1.0
p[9535],0.88,0.01,0.86,0.9,0.0,0.0,8826.6,6811.73,1.0
p[9536],0.8,0.01,0.77,0.82,0.0,0.0,8405.04,6197.99,1.0
p[9537],0.76,0.01,0.73,0.78,0.0,0.0,8627.3,6374.33,1.0
p[9538],0.8,0.01,0.78,0.82,0.0,0.0,8407.51,6173.08,1.0
p[9539],0.85,0.02,0.82,0.88,0.0,0.0,9701.04,6587.81,1.0
p[9540],0.76,0.01,0.73,0.78,0.0,0.0,8627.38,6321.51,1.0
p[9541],0.77,0.02,0.73,0.81,0.0,0.0,9890.55,7072.18,1.0
p[9542],0.88,0.01,0.86,0.9,0.0,0.0,8831.02,6872.62,1.0
p[9543],0.8,0.01,0.78,0.82,0.0,0.0,8410.96,6124.5,1.0
p[9544],0.76,0.01,0.73,0.78,0.0,0.0,8627.76,6428.86,1.0
p[9545],0.82,0.02,0.78,0.85,0.0,0.0,9926.83,6465.26,1.0
p[9546],0.6,0.02,0.55,0.64,0.0,0.0,8892.38,6222.83,1.0
p[9547],0.76,0.01,0.73,0.78,0.0,0.0,8631.95,6342.81,1.0
p[9548],0.8,0.01,0.78,0.82,0.0,0.0,8420.49,6161.99,1.0
p[9549],0.8,0.01,0.78,0.82,0.0,0.0,8420.49,6161.99,1.0
p[9550],0.76,0.01,0.74,0.79,0.0,0.0,8631.22,6454.62,1.0
p[9551],0.8,0.01,0.78,0.82,0.0,0.0,8425.24,6125.0,1.0
p[9552],0.8,0.01,0.78,0.82,0.0,0.0,8427.11,6125.0,1.0
p[9553],0.8,0.01,0.78,0.82,0.0,0.0,8427.11,6125.0,1.0
p[9554],0.8,0.01,0.78,0.82,0.0,0.0,8430.17,6149.66,1.0
p[9555],0.86,0.02,0.82,0.89,0.0,0.0,11223.27,7103.0,1.0
p[9556],0.74,0.02,0.7,0.78,0.0,0.0,8665.21,6850.22,1.0
p[9557],0.8,0.01,0.78,0.82,0.0,0.0,8431.38,6137.73,1.0
p[9558],0.8,0.01,0.78,0.82,0.0,0.0,8432.62,6113.02,1.0
p[9559],0.8,0.01,0.78,0.82,0.0,0.0,8435.21,6137.58,1.0
p[9560],0.76,0.01,0.74,0.79,0.0,0.0,8633.41,6568.4,1.0
p[9561],0.76,0.01,0.74,0.79,0.0,0.0,8633.75,6539.69,1.0
p[9562],0.9,0.02,0.87,0.94,0.0,0.0,10499.09,5780.94,1.0
p[9563],0.78,0.02,0.73,0.82,0.0,0.0,9907.49,6975.34,1.0
p[9564],0.8,0.01,0.78,0.82,0.0,0.0,8440.81,6136.78,1.0
p[9565],0.8,0.01,0.78,0.82,0.0,0.0,8443.15,6149.32,1.0
p[9566],0.85,0.02,0.81,0.88,0.0,0.0,11551.06,6640.86,1.0
p[9567],0.82,0.02,0.79,0.86,0.0,0.0,9941.25,6305.76,1.0
p[9568],0.61,0.02,0.56,0.65,0.0,0.0,8909.09,5982.43,1.0
p[9569],0.86,0.01,0.83,0.88,0.0,0.0,9724.42,6617.38,1.0
p[9570],0.81,0.01,0.79,0.82,0.0,0.0,8454.69,6124.33,1.0
p[9571],0.77,0.01,0.74,0.79,0.0,0.0,8644.7,6360.75,1.0
p[9572],0.86,0.01,0.83,0.88,0.0,0.0,9727.92,6617.63,1.0
p[9573],0.81,0.01,0.79,0.82,0.0,0.0,8458.44,6149.35,1.0
p[9574],0.77,0.01,0.74,0.79,0.0,0.0,8646.41,6360.75,1.0
p[9575],0.81,0.01,0.79,0.83,0.0,0.0,8463.38,6149.35,1.0
p[9576],0.81,0.01,0.79,0.83,0.0,0.0,8467.98,6100.49,1.0
p[9577],0.85,0.02,0.81,0.88,0.0,0.0,11566.49,6729.75,1.0
p[9578],0.75,0.02,0.71,0.79,0.0,0.0,8669.88,6607.79,1.0
p[9579],0.81,0.01,0.79,0.83,0.0,0.0,8470.05,6187.55,1.0
p[9580],0.81,0.01,0.79,0.83,0.0,0.0,8468.84,6238.31,1.0
p[9581],0.86,0.01,0.83,0.88,0.0,0.0,9735.57,6560.5,1.0
p[9582],0.81,0.01,0.79,0.83,0.0,0.0,8471.48,6212.64,1.0
p[9583],0.81,0.01,0.79,0.83,0.0,0.0,8471.48,6212.64,1.0
p[9584],0.81,0.01,0.79,0.83,0.0,0.0,8472.42,6189.21,1.0
p[9585],0.89,0.01,0.87,0.91,0.0,0.0,8860.97,6774.64,1.0
p[9586],0.81,0.01,0.79,0.83,0.0,0.0,8475.83,6189.47,1.0
p[9587],0.86,0.01,0.83,0.89,0.0,0.0,9736.84,6560.47,1.0
p[9588],0.81,0.01,0.79,0.83,0.0,0.0,8481.27,6164.5,1.0
p[9589],0.77,0.01,0.75,0.79,0.0,0.0,8652.62,6392.11,1.0
p[9590],0.86,0.02,0.83,0.89,0.0,0.0,11225.4,7067.66,1.0
p[9591],0.77,0.01,0.75,0.8,0.0,0.0,8652.57,6446.9,1.0
p[9592],0.78,0.02,0.74,0.82,0.0,0.0,9925.31,7123.72,1.0
p[9593],0.81,0.01,0.79,0.83,0.0,0.0,8489.27,6111.83,1.0
p[9594],0.83,0.02,0.79,0.86,0.0,0.0,9959.64,6359.14,1.0
p[9595],0.62,0.02,0.57,0.66,0.0,0.0,8935.25,6002.48,1.0
p[9596],0.81,0.01,0.79,0.83,0.0,0.0,8498.4,6026.25,1.0
p[9597],0.89,0.01,0.87,0.91,0.0,0.0,8878.42,6821.96,1.0
p[9598],0.81,0.01,0.79,0.83,0.0,0.0,8498.08,6026.61,1.0
p[9599],0.77,0.01,0.75,0.8,0.0,0.0,8662.94,6267.57,1.0
p[9600],0.77,0.01,0.75,0.8,0.0,0.0,8666.64,6229.77,1.0
p[9601],0.81,0.01,0.79,0.83,0.0,0.0,8498.24,5954.76,1.0
p[9602],0.76,0.02,0.72,0.8,0.0,0.0,8686.39,6281.38,1.0
p[9603],0.81,0.01,0.79,0.83,0.0,0.0,8498.34,5931.98,1.0
p[9604],0.81,0.01,0.8,0.83,0.0,0.0,8498.67,5908.94,1.0
p[9605],0.81,0.01,0.8,0.83,0.0,0.0,8497.89,5897.6,1.0
p[9606],0.81,0.01,0.8,0.83,0.0,0.0,8497.89,5897.6,1.0
p[9607],0.81,0.01,0.8,0.83,0.0,0.0,8498.55,5897.66,1.0
p[9608],0.81,0.01,0.8,0.83,0.0,0.0,8498.55,5897.66,1.0
p[9609],0.87,0.02,0.83,0.9,0.0,0.0,11231.19,7134.05,1.0
p[9610],0.91,0.02,0.88,0.94,0.0,0.0,10481.95,6163.62,1.0
p[9611],0.81,0.01,0.8,0.83,0.0,0.0,8498.98,5979.58,1.0
p[9612],0.82,0.01,0.8,0.83,0.0,0.0,8499.45,5991.54,1.0
p[9613],0.78,0.01,0.75,0.8,0.0,0.0,8681.24,6270.88,1.0
p[9614],0.82,0.01,0.8,0.84,0.0,0.0,8499.92,6015.7,1.0
p[9615],0.78,0.01,0.75,0.8,0.0,0.0,8683.82,6323.16,1.0
p[9616],0.79,0.02,0.75,0.83,0.0,0.0,9949.05,7137.67,1.0
p[9617],0.83,0.02,0.8,0.86,0.0,0.0,9968.9,6411.26,1.0
p[9618],0.63,0.02,0.58,0.67,0.0,0.0,8965.54,6306.95,1.0
p[9619],0.82,0.01,0.8,0.84,0.0,0.0,8499.74,6039.94,1.0
p[9620],0.78,0.01,0.76,0.8,0.0,0.0,8692.94,6322.31,1.0
p[9621],0.82,0.01,0.8,0.84,0.0,0.0,8500.84,6040.5,1.0
p[9622],0.78,0.01,0.76,0.8,0.0,0.0,8693.46,6376.61,1.0
p[9623],0.76,0.02,0.73,0.8,0.0,0.0,8705.31,6393.78,1.0
p[9624],0.82,0.01,0.8,0.84,0.0,0.0,8503.33,6054.99,1.0
p[9625],0.82,0.01,0.8,0.84,0.0,0.0,8503.13,6054.99,1.0
p[9626],0.82,0.01,0.8,0.84,0.0,0.0,8504.28,6055.01,1.0
p[9627],0.82,0.01,0.8,0.84,0.0,0.0,8504.95,6055.01,1.0
p[9628],0.82,0.01,0.8,0.84,0.0,0.0,8504.95,6055.01,1.0
p[9629],0.82,0.01,0.8,0.84,0.0,0.0,8505.38,6055.01,1.0
p[9630],0.82,0.01,0.8,0.84,0.0,0.0,8505.06,6042.95,1.0
p[9631],0.9,0.01,0.88,0.91,0.0,0.0,8914.52,6822.37,1.0
p[9632],0.78,0.01,0.76,0.81,0.0,0.0,8708.95,6254.47,1.0
p[9633],0.82,0.01,0.8,0.84,0.0,0.0,8506.58,5972.0,1.0
p[9634],0.87,0.01,0.84,0.89,0.0,0.0,9758.96,6733.0,1.0
p[9635],0.78,0.01,0.76,0.81,0.0,0.0,8710.49,6332.27,1.0
p[9636],0.87,0.01,0.84,0.89,0.0,0.0,9759.66,6733.0,1.0
p[9637],0.87,0.02,0.84,0.9,0.0,0.0,11242.59,7002.43,1.0
p[9638],0.82,0.01,0.8,0.84,0.0,0.0,8508.95,5971.72,1.0
p[9639],0.82,0.01,0.8,0.84,0.0,0.0,8511.98,6079.26,1.0
p[9640],0.8,0.02,0.76,0.83,0.0,0.0,9970.8,7238.08,1.0
p[9641],0.64,0.02,0.59,0.68,0.0,0.0,9005.93,6248.42,1.0
p[9642],0.84,0.02,0.81,0.87,0.0,0.0,9981.39,6362.08,1.0
p[9643],0.82,0.01,0.8,0.84,0.0,0.0,8513.74,6079.34,1.0
p[9644],0.9,0.01,0.88,0.92,0.0,0.0,8931.81,6947.39,1.0
p[9645],0.82,0.01,0.81,0.84,0.0,0.0,8515.38,6079.61,1.0
p[9646],0.79,0.01,0.76,0.81,0.0,0.0,8731.97,6466.23,1.0
p[9647],0.79,0.01,0.76,0.81,0.0,0.0,8736.05,6551.11,1.0
p[9648],0.77,0.02,0.73,0.81,0.0,0.0,8726.45,6416.89,1.0
p[9649],0.82,0.01,0.81,0.84,0.0,0.0,8522.62,6103.44,1.0
p[9650],0.82,0.01,0.81,0.84,0.0,0.0,8523.72,6103.44,1.0
p[9651],0.82,0.01,0.81,0.84,0.0,0.0,8523.72,6103.44,1.0
p[9652],0.83,0.01,0.81,0.84,0.0,0.0,8524.18,6153.04,1.0
p[9653],0.87,0.02,0.84,0.9,0.0,0.0,11246.06,7067.33,1.0
p[9654],0.83,0.01,0.81,0.84,0.0,0.0,8526.05,6152.86,1.0
p[9655],0.83,0.01,0.81,0.84,0.0,0.0,8529.51,6139.69,1.0
p[9656],0.83,0.01,0.81,0.84,0.0,0.0,8530.12,6164.59,1.0
p[9657],0.83,0.01,0.81,0.84,0.0,0.0,8533.74,6189.36,1.0
p[9658],0.87,0.02,0.83,0.9,0.0,0.0,11624.35,6944.6,1.0
p[9659],0.79,0.01,0.77,0.81,0.0,0.0,8753.75,6514.16,1.0
p[9660],0.79,0.01,0.77,0.81,0.0,0.0,8757.83,6486.11,1.0
p[9661],0.8,0.02,0.76,0.84,0.0,0.0,9981.98,7342.85,1.0
p[9662],0.92,0.02,0.88,0.95,0.0,0.0,10466.65,6073.8,1.0
p[9663],0.91,0.02,0.88,0.95,0.0,0.0,11232.79,6435.52,1.0
p[9664],0.87,0.01,0.85,0.9,0.0,0.0,9784.9,6890.83,1.0
p[9665],0.84,0.02,0.81,0.87,0.0,0.0,9995.36,6363.95,1.0
p[9666],0.64,0.02,0.6,0.69,0.0,0.0,9044.51,6259.66,1.0
p[9667],0.83,0.01,0.81,0.85,0.0,0.0,8546.68,6279.67,1.0
p[9668],0.79,0.01,0.77,0.82,0.0,0.0,8776.79,6393.73,1.0
p[9669],0.83,0.01,0.81,0.85,0.0,0.0,8549.58,6332.18,1.0
p[9670],0.83,0.01,0.81,0.85,0.0,0.0,8549.58,6332.18,1.0
p[9671],0.8,0.02,0.77,0.84,0.0,0.0,9986.13,7343.38,1.0
p[9672],0.79,0.01,0.77,0.82,0.0,0.0,8780.21,6340.13,1.0
p[9673],0.78,0.02,0.74,0.81,0.0,0.0,8750.32,6701.69,1.0
p[9674],0.83,0.01,0.81,0.85,0.0,0.0,8561.43,6345.3,1.0
p[9675],0.83,0.01,0.81,0.85,0.0,0.0,8565.82,6345.21,1.0
p[9676],0.83,0.01,0.81,0.85,0.0,0.0,8566.34,6372.36,1.0
p[9677],0.83,0.01,0.81,0.85,0.0,0.0,8570.19,6426.42,1.0
p[9678],0.83,0.01,0.81,0.85,0.0,0.0,8571.26,6426.42,1.0
p[9679],0.8,0.01,0.77,0.82,0.0,0.0,8802.17,6367.77,1.0
p[9680],0.83,0.01,0.81,0.85,0.0,0.0,8573.06,6413.12,1.0
p[9681],0.83,0.01,0.81,0.85,0.0,0.0,8573.06,6413.12,1.0
p[9682],0.9,0.01,0.89,0.92,0.0,0.0,8989.57,6993.4,1.0
p[9683],0.83,0.01,0.81,0.85,0.0,0.0,8578.13,6399.12,1.0
p[9684],0.88,0.01,0.85,0.9,0.0,0.0,9807.64,6800.02,1.0
p[9685],0.8,0.01,0.78,0.82,0.0,0.0,8806.63,6368.23,1.0
p[9686],0.81,0.02,0.77,0.84,0.0,0.0,9999.58,7273.02,1.0
p[9687],0.88,0.02,0.85,0.91,0.0,0.0,11251.79,6843.58,1.0
p[9688],0.9,0.01,0.89,0.92,0.0,0.0,8996.93,6993.39,1.0
p[9689],0.83,0.01,0.81,0.85,0.0,0.0,8585.68,6437.84,1.0
p[9690],0.83,0.01,0.82,0.85,0.0,0.0,8587.13,6437.84,1.0
p[9691],0.9,0.01,0.89,0.92,0.0,0.0,8999.39,6993.12,1.0
p[9692],0.83,0.01,0.82,0.85,0.0,0.0,8591.76,6479.5,1.0
p[9693],0.85,0.02,0.82,0.88,0.0,0.0,10011.77,6438.81,1.0
p[9694],0.65,0.02,0.61,0.7,0.0,0.0,9078.5,6389.06,1.0
p[9695],0.83,0.01,0.82,0.85,0.0,0.0,8602.62,6507.65,1.0
p[9696],0.83,0.01,0.82,0.85,0.0,0.0,8603.42,6452.44,1.0
p[9697],0.8,0.01,0.78,0.82,0.0,0.0,8766.15,6339.98,1.0
p[9698],0.84,0.01,0.82,0.85,0.0,0.0,8614.67,6550.07,1.0
p[9699],0.78,0.02,0.75,0.82,0.0,0.0,8778.54,6582.59,1.0
p[9700],0.84,0.01,0.82,0.85,0.0,0.0,8618.92,6521.94,1.0
p[9701],0.88,0.02,0.85,0.91,0.0,0.0,11253.96,6906.37,1.0
p[9702],0.84,0.01,0.82,0.85,0.0,0.0,8621.38,6521.94,1.0
p[9703],0.84,0.01,0.82,0.85,0.0,0.0,8623.46,6466.55,1.0
p[9704],0.8,0.01,0.78,0.82,0.0,0.0,8775.46,6261.55,1.0
p[9705],0.84,0.01,0.82,0.85,0.0,0.0,8627.71,6508.08,1.0
p[9706],0.84,0.01,0.82,0.85,0.0,0.0,8629.72,6508.08,1.0
p[9707],0.84,0.01,0.82,0.85,0.0,0.0,8631.65,6508.08,1.0
p[9708],0.84,0.01,0.82,0.85,0.0,0.0,8631.65,6508.08,1.0
p[9709],0.8,0.01,0.78,0.83,0.0,0.0,8778.75,6288.69,1.0
p[9710],0.84,0.01,0.82,0.85,0.0,0.0,8634.3,6452.75,1.0
p[9711],0.88,0.01,0.86,0.9,0.0,0.0,9839.35,6730.74,1.0
p[9712],0.8,0.01,0.78,0.83,0.0,0.0,8779.27,6288.69,1.0
p[9713],0.84,0.01,0.82,0.85,0.0,0.0,8638.18,6521.96,1.0
p[9714],0.81,0.02,0.78,0.85,0.0,0.0,10017.03,7259.16,1.0
p[9715],0.84,0.01,0.82,0.86,0.0,0.0,8650.55,6535.9,1.0
p[9716],0.92,0.02,0.89,0.95,0.0,0.0,10446.01,6007.8,1.0
p[9717],0.66,0.02,0.62,0.7,0.0,0.0,9113.31,6447.86,1.0
p[9718],0.85,0.02,0.83,0.88,0.0,0.0,10022.17,6439.05,1.0
p[9719],0.81,0.01,0.79,0.83,0.0,0.0,8798.36,6340.02,1.0
p[9720],0.84,0.01,0.82,0.86,0.0,0.0,8664.64,6535.96,1.0
p[9721],0.81,0.01,0.79,0.83,0.0,0.0,8799.58,6339.41,1.0
p[9722],0.79,0.02,0.75,0.82,0.0,0.0,8808.8,6844.64,1.0
p[9723],0.84,0.01,0.82,0.86,0.0,0.0,8667.89,6535.69,1.0
p[9724],0.84,0.01,0.82,0.86,0.0,0.0,8674.97,6578.01,1.0
p[9725],0.84,0.01,0.82,0.86,0.0,0.0,8680.48,6606.98,1.0
p[9726],0.79,0.02,0.75,0.83,0.0,0.0,8818.78,6643.54,1.0
p[9727],0.84,0.01,0.82,0.86,0.0,0.0,8683.96,6606.98,1.0
p[9728],0.84,0.01,0.82,0.86,0.0,0.0,8683.96,6606.98,1.0
p[9729],0.84,0.01,0.82,0.86,0.0,0.0,8687.14,6607.21,1.0
p[9730],0.91,0.01,0.89,0.93,0.0,0.0,9077.95,7157.78,1.0
p[9731],0.84,0.01,0.82,0.86,0.0,0.0,8689.79,6607.08,1.0
p[9732],0.84,0.01,0.83,0.86,0.0,0.0,8696.69,6620.99,1.0
p[9733],0.84,0.01,0.83,0.86,0.0,0.0,8696.69,6620.99,1.0
p[9734],0.88,0.01,0.86,0.91,0.0,0.0,9868.12,6613.96,1.0
p[9735],0.82,0.02,0.78,0.85,0.0,0.0,10043.23,7329.53,1.0
p[9736],0.81,0.01,0.79,0.83,0.0,0.0,8819.03,6288.17,1.0
p[9737],0.81,0.01,0.79,0.83,0.0,0.0,8820.04,6288.17,1.0
p[9738],0.89,0.01,0.86,0.91,0.0,0.0,11246.04,6812.78,1.0
p[9739],0.91,0.01,0.89,0.93,0.0,0.0,9089.96,7191.24,1.0
p[9740],0.67,0.02,0.63,0.71,0.0,0.0,9160.03,6218.89,1.0
p[9741],0.86,0.02,0.83,0.89,0.0,0.0,10045.75,6384.98,1.0
p[9742],0.85,0.01,0.83,0.86,0.0,0.0,8728.41,6753.43,1.0
p[9743],0.81,0.01,0.79,0.83,0.0,0.0,8831.16,6281.5,1.0
p[9744],0.81,0.01,0.79,0.83,0.0,0.0,8833.94,6281.82,1.0
p[9745],0.85,0.01,0.83,0.86,0.0,0.0,8736.77,6753.52,1.0
p[9746],0.88,0.02,0.85,0.91,0.0,0.0,11653.3,6770.87,1.0
p[9747],0.85,0.01,0.83,0.86,0.0,0.0,8743.22,6708.83,1.0
p[9748],0.85,0.01,0.83,0.86,0.0,0.0,8745.08,6708.73,1.0
p[9749],0.85,0.01,0.83,0.86,0.0,0.0,8748.37,6709.03,1.0
p[9750],0.85,0.01,0.83,0.86,0.0,0.0,8754.45,6665.13,1.0
p[9751],0.85,0.01,0.83,0.86,0.0,0.0,8759.35,6665.13,1.0
p[9752],0.85,0.01,0.83,0.86,0.0,0.0,8759.35,6665.13,1.0
p[9753],0.85,0.01,0.83,0.86,0.0,0.0,8767.61,6694.11,1.0
p[9754],0.85,0.01,0.83,0.86,0.0,0.0,8767.61,6694.11,1.0
p[9755],0.82,0.01,0.79,0.84,0.0,0.0,8849.06,6414.66,1.0
p[9756],0.93,0.01,0.9,0.95,0.0,0.0,10431.9,5863.95,1.0
p[9757],0.89,0.01,0.86,0.92,0.0,0.0,11236.26,6874.26,1.0
p[9758],0.85,0.01,0.83,0.86,0.0,0.0,8773.9,6694.03,1.0
p[9759],0.85,0.01,0.83,0.86,0.0,0.0,8773.9,6694.03,1.0
p[9760],0.82,0.01,0.79,0.84,0.0,0.0,8852.61,6415.01,1.0
p[9761],0.83,0.02,0.79,0.86,0.0,0.0,10068.97,7450.69,1.0
p[9762],0.92,0.02,0.89,0.95,0.0,0.0,11174.12,6378.37,1.0
p[9763],0.85,0.01,0.83,0.87,0.0,0.0,8791.72,6693.66,1.0
p[9764],0.86,0.02,0.83,0.89,0.0,0.0,10067.33,6413.83,1.0
p[9765],0.68,0.02,0.64,0.72,0.0,0.0,9207.56,6515.5,1.0
p[9766],0.85,0.01,0.83,0.87,0.0,0.0,8806.76,6693.64,1.0
p[9767],0.85,0.01,0.83,0.87,0.0,0.0,8813.2,6693.64,1.0
p[9768],0.82,0.01,0.8,0.84,0.0,0.0,8878.06,6497.28,1.0
p[9769],0.82,0.01,0.8,0.84,0.0,0.0,8879.97,6497.28,1.0
p[9770],0.89,0.01,0.87,0.91,0.0,0.0,9916.68,6362.14,1.0
p[9771],0.85,0.01,0.83,0.87,0.0,0.0,8820.88,6829.1,1.0
p[9772],0.89,0.01,0.87,0.91,0.0,0.0,9918.66,6404.05,1.0
p[9773],0.85,0.01,0.83,0.87,0.0,0.0,8825.97,6859.79,1.0
p[9774],0.85,0.01,0.83,0.87,0.0,0.0,8825.97,6859.79,1.0
p[9775],0.85,0.01,0.83,0.87,0.0,0.0,8825.97,6859.79,1.0
p[9776],0.85,0.01,0.84,0.87,0.0,0.0,8832.3,6844.69,1.0
p[9777],0.85,0.01,0.84,0.87,0.0,0.0,8842.5,6844.16,1.0
p[9778],0.85,0.01,0.84,0.87,0.0,0.0,8842.5,6844.16,1.0
p[9779],0.92,0.01,0.9,0.93,0.0,0.0,9167.63,7171.74,1.0
p[9780],0.82,0.01,0.8,0.84,0.0,0.0,8901.7,6640.6,1.0
p[9781],0.82,0.01,0.8,0.84,0.0,0.0,8903.47,6611.12,1.0
p[9782],0.89,0.01,0.87,0.91,0.0,0.0,9929.7,6470.51,1.0
p[9783],0.9,0.01,0.87,0.92,0.0,0.0,11230.6,6934.05,1.0
p[9784],0.89,0.01,0.87,0.91,0.0,0.0,9932.99,6414.71,1.0
p[9785],0.85,0.01,0.84,0.87,0.0,0.0,8869.17,6872.24,1.0
p[9786],0.69,0.02,0.65,0.73,0.0,0.0,9258.76,6774.32,1.0
p[9787],0.87,0.01,0.84,0.9,0.0,0.0,10084.36,6408.75,1.0
p[9788],0.86,0.01,0.84,0.87,0.0,0.0,8888.41,6904.1,1.0
p[9789],0.82,0.01,0.8,0.85,0.0,0.0,8921.48,6799.77,1.0
p[9790],0.86,0.01,0.84,0.87,0.0,0.0,8894.82,6872.55,1.0
p[9791],0.92,0.01,0.9,0.93,0.0,0.0,9197.28,7066.79,1.0
p[9792],0.82,0.01,0.8,0.85,0.0,0.0,8924.14,6797.77,1.0
p[9793],0.86,0.01,0.84,0.87,0.0,0.0,8899.64,6903.96,1.0
p[9794],0.89,0.01,0.86,0.92,0.0,0.0,11659.3,6912.93,1.0
p[9795],0.86,0.01,0.84,0.87,0.0,0.0,8908.1,6903.76,1.0
p[9796],0.86,0.01,0.84,0.87,0.0,0.0,8909.64,6903.76,1.0
p[9797],0.86,0.01,0.84,0.87,0.0,0.0,8913.26,6935.14,1.0
p[9798],0.86,0.01,0.84,0.87,0.0,0.0,8926.79,6902.87,1.0
p[9799],0.86,0.01,0.84,0.87,0.0,0.0,8926.79,6902.87,1.0
p[9800],0.92,0.01,0.9,0.93,0.0,0.0,9218.61,7201.25,1.0
p[9801],0.86,0.01,0.84,0.87,0.0,0.0,8932.7,6902.87,1.0
p[9802],0.86,0.01,0.84,0.87,0.0,0.0,8932.7,6902.87,1.0
p[9803],0.9,0.01,0.87,0.92,0.0,0.0,9952.49,6269.92,1.0
p[9804],0.83,0.01,0.81,0.85,0.0,0.0,8947.11,6820.11,1.0
p[9805],0.9,0.01,0.87,0.92,0.0,0.0,11227.94,6919.56,1.0
p[9806],0.86,0.01,0.84,0.88,0.0,0.0,8950.91,6935.26,1.0
p[9807],0.89,0.01,0.86,0.92,0.0,0.0,11663.57,6943.75,1.0
p[9808],0.86,0.01,0.84,0.88,0.0,0.0,8955.75,6999.13,1.0
p[9809],0.84,0.02,0.8,0.87,0.0,0.0,10112.39,7136.19,1.0
p[9810],0.83,0.01,0.81,0.85,0.0,0.0,8954.5,6821.13,1.0
p[9811],0.86,0.01,0.84,0.88,0.0,0.0,8965.12,6999.46,1.0
p[9812],0.7,0.02,0.66,0.74,0.0,0.0,9306.4,6918.21,1.0
p[9813],0.83,0.01,0.81,0.85,0.0,0.0,8965.75,6882.71,1.0
p[9814],0.86,0.01,0.84,0.88,0.0,0.0,8982.92,6967.44,1.0
p[9815],0.83,0.01,0.81,0.85,0.0,0.0,8965.75,6882.71,1.0
p[9816],0.86,0.01,0.84,0.88,0.0,0.0,8988.14,6967.41,1.0
p[9817],0.83,0.01,0.81,0.85,0.0,0.0,8969.69,6820.54,1.0
p[9818],0.86,0.01,0.85,0.88,0.0,0.0,9001.16,7097.63,1.0
p[9819],0.89,0.01,0.86,0.92,0.0,0.0,11666.61,6991.21,1.0
p[9820],0.86,0.01,0.85,0.88,0.0,0.0,9005.65,7097.63,1.0
p[9821],0.86,0.01,0.85,0.88,0.0,0.0,9009.2,7097.63,1.0
p[9822],0.86,0.01,0.85,0.88,0.0,0.0,9012.2,7064.89,1.0
p[9823],0.92,0.01,0.91,0.94,0.0,0.0,9268.29,7305.88,1.0
p[9824],0.86,0.01,0.85,0.88,0.0,0.0,9016.03,7064.91,1.0
p[9825],0.86,0.01,0.85,0.88,0.0,0.0,9019.2,7032.43,1.0
p[9826],0.92,0.01,0.91,0.94,0.0,0.0,9270.37,7305.88,1.0
p[9827],0.86,0.01,0.85,0.88,0.0,0.0,9026.11,7000.19,1.0
p[9828],0.83,0.01,0.81,0.85,0.0,0.0,8989.47,6912.75,1.0
p[9829],0.89,0.01,0.87,0.92,0.0,0.0,11664.39,6992.43,1.0
p[9830],0.83,0.01,0.81,0.85,0.0,0.0,8994.23,7105.25,1.0
p[9831],0.9,0.01,0.88,0.93,0.0,0.0,11227.09,6782.07,1.0
p[9832],0.92,0.01,0.91,0.94,0.0,0.0,9290.16,7377.09,1.0
p[9833],0.86,0.01,0.85,0.88,0.0,0.0,9058.65,7166.04,1.0
p[9834],0.86,0.01,0.85,0.88,0.0,0.0,9070.62,7199.89,1.0
p[9835],0.84,0.01,0.81,0.86,0.0,0.0,9016.61,7203.79,1.0
p[9836],0.86,0.01,0.85,0.88,0.0,0.0,9079.48,7199.66,1.0
p[9837],0.92,0.01,0.91,0.94,0.0,0.0,9306.23,7306.18,1.0
p[9838],0.92,0.01,0.91,0.94,0.0,0.0,9308.87,7271.02,1.0
p[9839],0.84,0.01,0.82,0.86,0.0,0.0,9020.42,7203.98,1.0
p[9840],0.9,0.01,0.88,0.92,0.0,0.0,9998.4,6389.08,1.0
p[9841],0.9,0.01,0.87,0.92,0.0,0.0,11661.96,7024.24,1.0
p[9842],0.87,0.01,0.85,0.88,0.0,0.0,9095.84,7200.0,1.0
p[9843],0.87,0.01,0.85,0.88,0.0,0.0,9095.84,7200.0,1.0
p[9844],0.87,0.01,0.85,0.88,0.0,0.0,9099.93,7200.12,1.0
p[9845],0.92,0.01,0.91,0.94,0.0,0.0,9320.32,7236.88,1.0
p[9846],0.87,0.01,0.85,0.88,0.0,0.0,9109.19,7166.43,1.0
p[9847],0.87,0.01,0.85,0.88,0.0,0.0,9117.13,7129.21,1.0
p[9848],0.87,0.01,0.85,0.88,0.0,0.0,9122.3,7129.21,1.0
p[9849],0.84,0.01,0.82,0.86,0.0,0.0,9042.58,7331.03,1.0
p[9850],0.84,0.01,0.82,0.86,0.0,0.0,9045.38,7354.57,1.0
p[9851],0.84,0.01,0.82,0.86,0.0,0.0,9047.84,7354.57,1.0
p[9852],0.87,0.01,0.85,0.88,0.0,0.0,9151.66,7096.2,1.0
p[9853],0.87,0.01,0.85,0.89,0.0,0.0,9160.28,7062.96,1.0
p[9854],0.84,0.01,0.82,0.86,0.0,0.0,9070.27,7417.89,1.0
p[9855],0.87,0.01,0.85,0.89,0.0,0.0,9171.69,7030.03,1.0
p[9856],0.84,0.01,0.82,0.86,0.0,0.0,9074.72,7480.26,1.0
p[9857],0.94,0.01,0.92,0.96,0.0,0.0,10387.59,6377.0,1.0
p[9858],0.87,0.01,0.85,0.89,0.0,0.0,9190.67,7029.85,1.0
p[9859],0.9,0.01,0.87,0.93,0.0,0.0,11663.61,6904.7,1.0
p[9860],0.87,0.01,0.85,0.89,0.0,0.0,9194.26,7095.68,1.0
p[9861],0.93,0.01,0.91,0.94,0.0,0.0,9378.32,7201.17,1.0
p[9862],0.87,0.01,0.85,0.89,0.0,0.0,9207.51,7095.34,1.0
p[9863],0.93,0.01,0.91,0.94,0.0,0.0,9381.66,7201.17,1.0
p[9864],0.91,0.01,0.89,0.93,0.0,0.0,10036.97,6283.36,1.0
p[9865],0.84,0.01,0.82,0.86,0.0,0.0,9099.92,7275.53,1.0
p[9866],0.9,0.01,0.88,0.93,0.0,0.0,11660.65,6976.57,1.0
p[9867],0.87,0.01,0.86,0.89,0.0,0.0,9224.37,7029.75,1.0
p[9868],0.84,0.01,0.82,0.87,0.0,0.0,9104.65,7207.16,1.0
p[9869],0.93,0.01,0.91,0.94,0.0,0.0,9397.3,7270.16,1.0
p[9870],0.87,0.01,0.86,0.89,0.0,0.0,9241.68,6997.51,1.0
p[9871],0.67,0.02,0.63,0.7,0.0,0.0,9689.54,6688.59,1.0
p[9872],0.74,0.02,0.7,0.79,0.0,0.0,10308.12,7120.88,1.0
p[9873],0.62,0.02,0.58,0.65,0.0,0.0,9471.77,7357.1,1.0
p[9874],0.62,0.02,0.58,0.65,0.0,0.0,9467.45,7356.34,1.0
p[9875],0.67,0.02,0.63,0.7,0.0,0.0,9675.17,6540.97,1.0
p[9876],0.67,0.02,0.63,0.7,0.0,0.0,9672.41,6540.97,1.0
p[9877],0.67,0.02,0.63,0.7,0.0,0.0,9671.41,6540.97,1.0
p[9878],0.67,0.02,0.63,0.7,0.0,0.0,9671.41,6540.97,1.0
p[9879],0.67,0.02,0.64,0.71,0.0,0.0,9666.45,6598.28,1.0
p[9880],0.62,0.02,0.58,0.66,0.0,0.0,9444.36,7184.54,1.0
p[9881],0.67,0.02,0.64,0.71,0.0,0.0,9664.64,6540.9,1.0
p[9882],0.62,0.02,0.58,0.66,0.0,0.0,9438.41,7185.01,1.0
p[9883],0.8,0.02,0.76,0.83,0.0,0.0,9256.18,7333.44,1.0
p[9884],0.75,0.02,0.7,0.79,0.0,0.0,10291.26,7189.26,1.0
p[9885],0.67,0.02,0.64,0.71,0.0,0.0,9651.95,6509.97,1.0
p[9886],0.68,0.02,0.64,0.71,0.0,0.0,9648.35,6453.81,1.0
p[9887],0.62,0.02,0.59,0.66,0.0,0.0,9406.96,7217.86,1.0
p[9888],0.68,0.02,0.65,0.71,0.0,0.0,9628.88,6500.82,1.0
p[9889],0.68,0.02,0.65,0.71,0.0,0.0,9628.88,6500.82,1.0
p[9890],0.68,0.02,0.65,0.71,0.0,0.0,9628.26,6500.82,1.0
p[9891],0.63,0.02,0.59,0.67,0.0,0.0,9363.59,7041.91,1.0
p[9892],0.68,0.02,0.65,0.72,0.0,0.0,9616.42,6460.56,1.0
p[9893],0.75,0.02,0.71,0.8,0.0,0.0,10256.84,7190.33,1.0
p[9894],0.68,0.02,0.65,0.72,0.0,0.0,9605.66,6463.08,1.0
p[9895],0.63,0.02,0.6,0.67,0.0,0.0,9333.5,6910.94,1.0
p[9896],0.69,0.02,0.65,0.72,0.0,0.0,9588.38,6328.88,1.0
p[9897],0.69,0.02,0.65,0.72,0.0,0.0,9578.13,6354.76,1.0
p[9898],0.64,0.02,0.6,0.68,0.0,0.0,9295.49,6785.0,1.0
p[9899],0.64,0.02,0.61,0.68,0.0,0.0,9260.75,6721.6,1.0
p[9900],0.7,0.02,0.66,0.73,0.0,0.0,9517.74,6502.98,1.0
p[9901],0.77,0.03,0.72,0.82,0.0,0.0,11427.09,6897.61,1.0
p[9902],0.65,0.02,0.61,0.68,0.0,0.0,9218.98,6813.67,1.0
p[9903],0.65,0.02,0.62,0.68,0.0,0.0,9186.07,6879.49,1.0
p[9904],0.66,0.02,0.62,0.69,0.0,0.0,9137.67,6756.5,1.0
p[9905],0.77,0.03,0.71,0.82,0.0,0.0,11662.03,6648.88,1.0
p[9906],0.71,0.02,0.68,0.74,0.0,0.0,9417.36,6187.49,1.0
p[9907],0.66,0.02,0.63,0.69,0.0,0.0,9113.3,6818.57,1.0
p[9908],0.78,0.03,0.74,0.83,0.0,0.0,11389.27,6837.13,1.0
p[9909],0.67,0.02,0.63,0.7,0.0,0.0,9063.63,6774.13,1.0
p[9910],0.72,0.02,0.69,0.75,0.0,0.0,9364.21,6200.76,1.0
p[9911],0.67,0.02,0.64,0.7,0.0,0.0,9039.66,6744.86,1.0
p[9912],0.79,0.02,0.75,0.84,0.0,0.0,11362.39,6806.69,1.0
p[9913],0.72,0.01,0.69,0.75,0.0,0.0,9340.37,6261.8,1.0
p[9914],0.86,0.03,0.81,0.91,0.0,0.0,10629.48,6508.56,1.0
p[9915],0.67,0.02,0.64,0.71,0.0,0.0,9000.66,6803.76,1.0
p[9916],0.69,0.03,0.64,0.74,0.0,0.0,10548.19,6771.76,1.0
p[9917],0.72,0.01,0.7,0.75,0.0,0.0,9319.49,6280.14,1.0
p[9918],0.68,0.02,0.65,0.71,0.0,0.0,8976.69,6969.75,1.0
p[9919],0.79,0.02,0.75,0.83,0.0,0.0,10090.22,6218.47,1.0
p[9920],0.68,0.02,0.65,0.71,0.0,0.0,8970.45,6968.88,1.0
p[9921],0.73,0.01,0.7,0.75,0.0,0.0,9298.06,6215.85,1.0
p[9922],0.73,0.01,0.7,0.76,0.0,0.0,9293.26,6238.38,1.0
p[9923],0.73,0.01,0.7,0.76,0.0,0.0,9290.7,6345.56,1.0
p[9924],0.68,0.02,0.65,0.71,0.0,0.0,8945.86,6849.8,1.0
p[9925],0.73,0.01,0.7,0.76,0.0,0.0,9284.19,6395.03,1.0
p[9926],0.68,0.02,0.65,0.71,0.0,0.0,8940.95,6848.97,1.0
p[9927],0.8,0.02,0.76,0.83,0.0,0.0,10061.83,6267.45,1.0
p[9928],0.73,0.01,0.71,0.76,0.0,0.0,9271.07,6447.76,1.0
p[9929],0.7,0.03,0.65,0.75,0.0,0.0,10536.53,6890.64,1.0
p[9930],0.69,0.02,0.66,0.72,0.0,0.0,8920.28,6722.19,1.0
p[9931],0.73,0.01,0.71,0.76,0.0,0.0,9260.11,6504.67,1.0
p[9932],0.69,0.02,0.66,0.72,0.0,0.0,8916.32,6751.42,1.0
p[9933],0.74,0.01,0.71,0.76,0.0,0.0,9254.54,6398.59,1.0
p[9934],0.8,0.02,0.76,0.85,0.0,0.0,11304.06,6840.83,1.0
p[9935],0.74,0.01,0.71,0.76,0.0,0.0,9252.61,6425.06,1.0
p[9936],0.74,0.01,0.71,0.76,0.0,0.0,9250.75,6398.02,1.0
p[9937],0.74,0.01,0.71,0.76,0.0,0.0,9244.86,6453.17,1.0
p[9938],0.69,0.02,0.66,0.72,0.0,0.0,8895.85,6733.93,1.0
p[9939],0.69,0.02,0.66,0.72,0.0,0.0,8890.96,6674.29,1.0
p[9940],0.87,0.03,0.82,0.91,0.0,0.0,10580.78,6737.12,1.0
p[9941],0.74,0.01,0.71,0.77,0.0,0.0,9231.23,6454.41,1.0
p[9942],0.74,0.01,0.72,0.77,0.0,0.0,9228.1,6346.18,1.0
p[9943],0.69,0.02,0.67,0.73,0.0,0.0,8869.48,6779.81,1.0
p[9944],0.7,0.02,0.67,0.73,0.0,0.0,8865.86,6715.49,1.0
p[9945],0.74,0.01,0.72,0.77,0.0,0.0,9222.61,6268.54,1.0
p[9946],0.74,0.01,0.72,0.77,0.0,0.0,9221.25,6293.72,1.0
p[9947],0.74,0.01,0.72,0.77,0.0,0.0,9221.04,6293.72,1.0
p[9948],0.74,0.01,0.72,0.77,0.0,0.0,9218.54,6319.15,1.0
p[9949],0.74,0.01,0.72,0.77,0.0,0.0,9217.81,6319.15,1.0
p[9950],0.7,0.02,0.67,0.73,0.0,0.0,8847.64,6815.23,1.0
p[9951],0.75,0.01,0.72,0.77,0.0,0.0,9215.29,6240.21,1.0
p[9952],0.7,0.02,0.67,0.73,0.0,0.0,8843.17,6873.46,1.0
p[9953],0.81,0.02,0.77,0.84,0.0,0.0,9992.91,6370.35,1.0
p[9954],0.81,0.02,0.77,0.86,0.0,0.0,11247.66,6779.06,1.0
p[9955],0.75,0.01,0.72,0.77,0.0,0.0,9203.68,6138.3,1.0
p[9956],0.75,0.01,0.72,0.77,0.0,0.0,9202.23,6163.19,1.0
p[9957],0.7,0.02,0.67,0.73,0.0,0.0,8824.11,6750.79,1.0
p[9958],0.7,0.02,0.68,0.73,0.0,0.0,8820.23,6690.95,1.0
p[9959],0.77,0.02,0.73,0.81,0.0,0.0,10182.09,6625.84,1.0
p[9960],0.75,0.01,0.73,0.77,0.0,0.0,9198.73,6089.33,1.0
p[9961],0.75,0.01,0.73,0.78,0.0,0.0,9194.94,6088.72,1.0
p[9962],0.75,0.01,0.73,0.78,0.0,0.0,9194.8,6088.72,1.0
p[9963],0.75,0.01,0.73,0.78,0.0,0.0,9193.25,6088.72,1.0
p[9964],0.85,0.01,0.83,0.88,0.0,0.0,8806.56,6609.35,1.0
p[9965],0.75,0.01,0.73,0.78,0.0,0.0,9190.49,6063.97,1.0
p[9966],0.82,0.02,0.78,0.86,0.0,0.0,11219.25,6854.84,1.0
p[9967],0.71,0.02,0.68,0.74,0.0,0.0,8804.26,6689.23,1.0
p[9968],0.75,0.01,0.73,0.78,0.0,0.0,9189.13,6063.97,1.0
p[9969],0.75,0.01,0.73,0.78,0.0,0.0,9188.94,6039.66,1.0
p[9970],0.71,0.02,0.68,0.74,0.0,0.0,8799.21,6737.47,1.0
p[9971],0.88,0.02,0.83,0.92,0.0,0.0,10534.5,6702.15,1.0
p[9972],0.81,0.02,0.78,0.85,0.0,0.0,9953.61,6504.61,1.0
p[9973],0.76,0.01,0.73,0.78,0.0,0.0,9182.51,6015.41,1.0
p[9974],0.76,0.01,0.73,0.78,0.0,0.0,9180.1,5968.53,1.0
p[9975],0.71,0.02,0.68,0.74,0.0,0.0,8786.58,6574.84,1.0
p[9976],0.71,0.02,0.68,0.74,0.0,0.0,8782.07,6574.09,1.0
p[9977],0.76,0.01,0.73,0.78,0.0,0.0,9176.94,6017.08,1.0
p[9978],0.76,0.01,0.73,0.78,0.0,0.0,9176.11,6024.49,1.0
p[9979],0.76,0.01,0.73,0.78,0.0,0.0,9175.51,6024.49,1.0
p[9980],0.76,0.01,0.73,0.78,0.0,0.0,9175.51,6024.49,1.0
p[9981],0.76,0.01,0.74,0.78,0.0,0.0,9175.14,6048.7,1.0
p[9982],0.76,0.01,0.74,0.78,0.0,0.0,9175.66,6072.69,1.0
p[9983],0.72,0.01,0.69,0.74,0.0,0.0,8766.46,6546.53,1.0
p[9984],0.82,0.02,0.78,0.86,0.0,0.0,11177.28,6927.61,1.0
p[9985],0.82,0.02,0.79,0.85,0.0,0.0,9926.01,6511.81,1.0
p[9986],0.72,0.01,0.69,0.75,0.0,0.0,8762.74,6547.35,1.0
p[9987],0.81,0.02,0.77,0.85,0.0,0.0,11782.48,6921.75,1.0
p[9988],0.76,0.01,0.74,0.79,0.0,0.0,9174.02,6027.14,1.0
p[9989],0.86,0.01,0.83,0.88,0.0,0.0,8772.82,6608.03,1.0
p[9990],0.76,0.01,0.74,0.79,0.0,0.0,9172.04,5933.59,1.0
p[9991],0.72,0.01,0.69,0.75,0.0,0.0,8747.89,6518.73,1.0
p[9992],0.76,0.01,0.74,0.79,0.0,0.0,9171.95,5957.15,1.0
p[9993],0.76,0.01,0.74,0.79,0.0,0.0,9172.12,6027.32,1.0
p[9994],0.72,0.01,0.69,0.75,0.0,0.0,8743.51,6544.72,1.0
p[9995],0.77,0.01,0.74,0.79,0.0,0.0,9171.2,5981.33,1.0
p[9996],0.77,0.01,0.74,0.79,0.0,0.0,9170.58,5957.62,1.0
p[9997],0.77,0.01,0.74,0.79,0.0,0.0,9170.84,5910.94,1.0
p[9998],0.77,0.01,0.74,0.79,0.0,0.0,9171.63,5910.49,1.0
p[9999],0.72,0.01,0.7,0.75,0.0,0.0,8731.08,6574.53,1.0
p[10000],0.88,0.02,0.84,0.92,0.0,0.0,10494.0,6610.85,1.0
p[10001],0.72,0.01,0.7,0.75,0.0,0.0,8725.98,6545.79,1.0
p[10002],0.77,0.01,0.75,0.79,0.0,0.0,9170.86,5980.02,1.0
p[10003],0.77,0.01,0.75,0.79,0.0,0.0,9173.45,5957.18,1.0
p[10004],0.73,0.01,0.7,0.75,0.0,0.0,8720.7,6658.89,1.0
p[10005],0.73,0.01,0.7,0.75,0.0,0.0,8721.15,6687.79,1.0
p[10006],0.77,0.01,0.75,0.79,0.0,0.0,9173.78,6028.41,1.0
p[10007],0.77,0.01,0.75,0.79,0.0,0.0,9173.69,6028.76,1.0
p[10008],0.77,0.01,0.75,0.79,0.0,0.0,9173.69,6028.76,1.0
p[10009],0.77,0.01,0.75,0.8,0.0,0.0,9175.19,6077.17,1.0
p[10010],0.77,0.01,0.75,0.8,0.0,0.0,9174.84,6077.17,1.0
p[10011],0.77,0.01,0.75,0.8,0.0,0.0,9177.2,6077.17,1.0
p[10012],0.73,0.01,0.7,0.76,0.0,0.0,8712.45,6600.16,1.0
p[10013],0.83,0.02,0.8,0.86,0.0,0.0,9846.79,6878.77,1.0
p[10014],0.87,0.01,0.85,0.89,0.0,0.0,8740.98,6507.59,1.0
p[10015],0.73,0.01,0.7,0.76,0.0,0.0,8711.39,6628.96,1.0
p[10016],0.87,0.01,0.85,0.89,0.0,0.0,8740.63,6536.36,1.0
p[10017],0.78,0.01,0.75,0.8,0.0,0.0,9182.16,6438.46,1.0
p[10018],0.74,0.01,0.71,0.76,0.0,0.0,8707.71,6571.31,1.0
p[10019],0.78,0.01,0.76,0.8,0.0,0.0,9183.41,6384.09,1.0
p[10020],0.78,0.01,0.76,0.8,0.0,0.0,9184.01,6331.26,1.0
p[10021],0.74,0.01,0.71,0.76,0.0,0.0,8704.24,6630.44,1.0
p[10022],0.78,0.01,0.76,0.8,0.0,0.0,9186.47,6304.73,1.0
p[10023],0.78,0.01,0.76,0.8,0.0,0.0,9186.18,6331.24,1.0
p[10024],0.74,0.01,0.71,0.77,0.0,0.0,8699.82,6630.27,1.0
p[10025],0.84,0.02,0.81,0.87,0.0,0.0,9813.28,6741.91,1.0
p[10026],0.78,0.01,0.76,0.8,0.0,0.0,9188.23,6304.6,1.0
p[10027],0.78,0.01,0.76,0.8,0.0,0.0,9188.23,6304.6,1.0
p[10028],0.89,0.02,0.85,0.93,0.0,0.0,10452.55,6730.84,1.0
p[10029],0.74,0.01,0.71,0.77,0.0,0.0,8699.92,6658.87,1.0
p[10030],0.78,0.01,0.76,0.8,0.0,0.0,9194.63,6365.69,1.0
p[10031],0.74,0.01,0.71,0.77,0.0,0.0,8698.25,6631.07,1.0
p[10032],0.78,0.01,0.76,0.81,0.0,0.0,9195.69,6339.38,1.0
p[10033],0.74,0.01,0.72,0.77,0.0,0.0,8696.88,6602.58,1.0
p[10034],0.79,0.01,0.76,0.81,0.0,0.0,9200.99,6260.62,1.0
p[10035],0.79,0.01,0.76,0.81,0.0,0.0,9200.99,6260.62,1.0
p[10036],0.79,0.01,0.76,0.81,0.0,0.0,9200.99,6260.62,1.0
p[10037],0.79,0.01,0.76,0.81,0.0,0.0,9204.91,6208.68,1.0
p[10038],0.87,0.01,0.85,0.9,0.0,0.0,8721.87,6520.42,1.0
p[10039],0.79,0.01,0.76,0.81,0.0,0.0,9205.9,6208.68,1.0
p[10040],0.75,0.01,0.72,0.77,0.0,0.0,8697.86,6602.8,1.0
p[10041],0.79,0.01,0.76,0.81,0.0,0.0,9208.08,6260.04,1.0
p[10042],0.84,0.02,0.81,0.87,0.0,0.0,9779.76,6712.67,1.0
p[10043],0.79,0.01,0.77,0.81,0.0,0.0,9186.9,6364.93,1.0
p[10044],0.75,0.01,0.72,0.77,0.0,0.0,8696.41,6602.88,1.0
p[10045],0.88,0.01,0.86,0.9,0.0,0.0,8718.95,6422.52,1.0
p[10046],0.79,0.01,0.77,0.81,0.0,0.0,9161.9,6258.81,1.0
p[10047],0.79,0.01,0.77,0.81,0.0,0.0,9161.44,6258.81,1.0
p[10048],0.79,0.01,0.77,0.81,0.0,0.0,9164.42,6336.32,1.0
p[10049],0.75,0.01,0.73,0.78,0.0,0.0,8697.54,6657.87,1.0
p[10050],0.79,0.01,0.77,0.81,0.0,0.0,9175.83,6388.97,1.0
p[10051],0.85,0.02,0.81,0.88,0.0,0.0,11004.8,6773.46,1.0
p[10052],0.79,0.01,0.77,0.81,0.0,0.0,9182.59,6345.1,1.0
p[10053],0.79,0.01,0.77,0.81,0.0,0.0,9186.26,6319.49,1.0
p[10054],0.79,0.01,0.77,0.81,0.0,0.0,9186.26,6319.49,1.0
p[10055],0.75,0.01,0.73,0.78,0.0,0.0,8700.16,6718.15,1.0
p[10056],0.75,0.01,0.73,0.78,0.0,0.0,8699.77,6748.72,1.0
p[10057],0.9,0.02,0.86,0.94,0.0,0.0,10408.59,6462.28,1.0
p[10058],0.8,0.01,0.77,0.82,0.0,0.0,9171.22,6269.27,1.0
p[10059],0.8,0.01,0.77,0.82,0.0,0.0,9168.11,6262.29,1.0
p[10060],0.8,0.01,0.78,0.82,0.0,0.0,9168.64,6184.58,1.0
p[10061],0.76,0.01,0.73,0.78,0.0,0.0,8705.31,6779.04,1.0
p[10062],0.76,0.01,0.73,0.79,0.0,0.0,8706.56,6748.93,1.0
p[10063],0.8,0.01,0.78,0.82,0.0,0.0,9161.33,6179.46,1.0
p[10064],0.8,0.01,0.78,0.82,0.0,0.0,9160.45,6230.1,1.0
p[10065],0.8,0.01,0.78,0.82,0.0,0.0,9160.2,6261.15,1.0
p[10066],0.8,0.01,0.78,0.82,0.0,0.0,9160.2,6261.15,1.0
p[10067],0.8,0.01,0.78,0.82,0.0,0.0,9157.36,6260.94,1.0
p[10068],0.85,0.02,0.82,0.89,0.0,0.0,10958.17,6803.03,1.0
p[10069],0.85,0.02,0.82,0.88,0.0,0.0,9701.47,6726.55,1.0
p[10070],0.76,0.01,0.74,0.79,0.0,0.0,8713.35,6631.13,1.0
p[10071],0.76,0.01,0.74,0.79,0.0,0.0,8713.32,6602.34,1.0
p[10072],0.88,0.01,0.87,0.9,0.0,0.0,8716.51,6545.71,1.0
p[10073],0.8,0.01,0.78,0.82,0.0,0.0,9145.66,6256.77,1.0
p[10074],0.8,0.01,0.78,0.83,0.0,0.0,9146.82,6362.33,1.0
p[10075],0.76,0.01,0.74,0.79,0.0,0.0,8795.17,6602.84,1.0
p[10076],0.77,0.01,0.74,0.79,0.0,0.0,8791.23,6573.9,1.0
p[10077],0.8,0.01,0.78,0.83,0.0,0.0,9146.81,6336.01,1.0
p[10078],0.8,0.01,0.78,0.83,0.0,0.0,9146.81,6336.01,1.0
p[10079],0.81,0.01,0.78,0.83,0.0,0.0,9146.74,6308.76,1.0
p[10080],0.81,0.01,0.78,0.83,0.0,0.0,9146.98,6230.74,1.0
p[10081],0.86,0.02,0.82,0.89,0.0,0.0,10923.55,6682.53,1.0
p[10082],0.81,0.01,0.78,0.83,0.0,0.0,9145.08,6256.0,1.0
p[10083],0.81,0.01,0.79,0.83,0.0,0.0,9144.16,6255.46,1.0
p[10084],0.77,0.01,0.74,0.8,0.0,0.0,8736.06,6543.98,1.0
p[10085],0.81,0.01,0.79,0.83,0.0,0.0,9140.42,6278.28,1.0
p[10086],0.77,0.01,0.74,0.8,0.0,0.0,8724.4,6716.17,1.0
p[10087],0.81,0.01,0.79,0.83,0.0,0.0,9138.79,6383.15,1.0
p[10088],0.89,0.01,0.87,0.91,0.0,0.0,8728.75,6611.01,1.0
p[10089],0.91,0.02,0.87,0.94,0.0,0.0,10362.22,6478.71,1.0
p[10090],0.81,0.01,0.79,0.83,0.0,0.0,9138.7,6427.31,1.0
p[10091],0.81,0.01,0.79,0.83,0.0,0.0,9137.96,6400.37,1.0
p[10092],0.77,0.01,0.75,0.8,0.0,0.0,8707.42,6747.18,1.0
p[10093],0.77,0.01,0.75,0.8,0.0,0.0,8707.72,6747.18,1.0
p[10094],0.81,0.01,0.79,0.83,0.0,0.0,9136.1,6415.25,1.0
p[10095],0.81,0.01,0.79,0.83,0.0,0.0,9136.1,6415.25,1.0
p[10096],0.81,0.01,0.79,0.83,0.0,0.0,9136.08,6415.25,1.0
p[10097],0.81,0.01,0.79,0.83,0.0,0.0,9135.42,6455.0,1.0
p[10098],0.81,0.01,0.79,0.83,0.0,0.0,9136.01,6455.0,1.0
p[10099],0.86,0.02,0.83,0.9,0.0,0.0,10872.85,6710.4,1.0
p[10100],0.86,0.01,0.83,0.89,0.0,0.0,9610.33,6757.17,1.0
p[10101],0.81,0.01,0.79,0.83,0.0,0.0,9138.93,6511.14,1.0
p[10102],0.78,0.01,0.75,0.8,0.0,0.0,8709.19,6964.57,1.0
p[10103],0.89,0.01,0.87,0.91,0.0,0.0,8731.35,6673.4,1.0
p[10104],0.82,0.01,0.79,0.84,0.0,0.0,9137.04,6483.11,1.0
p[10105],0.78,0.01,0.75,0.8,0.0,0.0,8711.59,6964.83,1.0
p[10106],0.82,0.01,0.79,0.84,0.0,0.0,9136.97,6483.3,1.0
p[10107],0.83,0.02,0.8,0.87,0.0,0.0,9907.6,6597.22,1.0
p[10108],0.78,0.01,0.75,0.81,0.0,0.0,8710.32,6996.4,1.0
p[10109],0.82,0.01,0.8,0.84,0.0,0.0,9138.84,6518.27,1.0
p[10110],0.82,0.01,0.8,0.84,0.0,0.0,9139.41,6518.27,1.0
p[10111],0.82,0.01,0.8,0.84,0.0,0.0,9139.41,6518.27,1.0
p[10112],0.82,0.01,0.8,0.84,0.0,0.0,9139.06,6518.27,1.0
p[10113],0.82,0.01,0.8,0.84,0.0,0.0,9137.42,6496.52,1.0
p[10114],0.87,0.02,0.84,0.9,0.0,0.0,10842.08,6711.32,1.0
p[10115],0.82,0.01,0.8,0.84,0.0,0.0,9137.13,6491.03,1.0
p[10116],0.82,0.01,0.8,0.84,0.0,0.0,9135.12,6491.03,1.0
p[10117],0.89,0.01,0.88,0.91,0.0,0.0,8736.81,6744.35,1.0
p[10118],0.78,0.01,0.76,0.81,0.0,0.0,8709.77,7125.35,1.0
p[10119],0.78,0.01,0.76,0.81,0.0,0.0,8709.81,7027.83,1.0
p[10120],0.87,0.01,0.84,0.89,0.0,0.0,9567.77,6697.44,1.0
p[10121],0.82,0.01,0.8,0.84,0.0,0.0,9136.83,6464.92,1.0
p[10122],0.82,0.01,0.8,0.84,0.0,0.0,9136.22,6464.92,1.0
p[10123],0.63,0.02,0.59,0.68,0.0,0.0,9789.56,7113.73,1.0
p[10124],0.82,0.01,0.8,0.84,0.0,0.0,9138.19,6494.51,1.0
p[10125],0.78,0.01,0.76,0.81,0.0,0.0,8712.4,7059.23,1.0
p[10126],0.79,0.01,0.76,0.81,0.0,0.0,8713.94,7060.2,1.0
p[10127],0.9,0.01,0.88,0.92,0.0,0.0,8743.05,6803.47,1.0
p[10128],0.82,0.01,0.8,0.84,0.0,0.0,9138.77,6489.61,1.0
p[10129],0.82,0.01,0.8,0.84,0.0,0.0,9138.22,6522.85,1.0
p[10130],0.82,0.01,0.8,0.84,0.0,0.0,9138.44,6522.85,1.0
p[10131],0.82,0.01,0.8,0.84,0.0,0.0,9137.86,6522.85,1.0
p[10132],0.87,0.02,0.84,0.9,0.0,0.0,10805.14,6682.37,1.0
p[10133],0.82,0.01,0.8,0.84,0.0,0.0,9137.7,6522.85,1.0
p[10134],0.9,0.01,0.88,0.92,0.0,0.0,8746.83,6834.87,1.0
p[10135],0.82,0.01,0.8,0.84,0.0,0.0,9136.21,6546.39,1.0
p[10136],0.86,0.02,0.83,0.9,0.0,0.0,11452.42,6962.86,1.0
p[10137],0.79,0.01,0.76,0.81,0.0,0.0,8721.97,6963.07,1.0
p[10138],0.79,0.01,0.76,0.81,0.0,0.0,8725.17,6930.94,1.0
p[10139],0.9,0.01,0.88,0.92,0.0,0.0,8751.52,6803.79,1.0
p[10140],0.83,0.01,0.8,0.85,0.0,0.0,9137.9,6603.02,1.0
p[10141],0.83,0.01,0.8,0.85,0.0,0.0,9137.9,6603.02,1.0
p[10142],0.83,0.01,0.81,0.85,0.0,0.0,9140.27,6631.92,1.0
p[10143],0.83,0.01,0.81,0.85,0.0,0.0,9140.27,6631.92,1.0
p[10144],0.79,0.01,0.76,0.82,0.0,0.0,8725.88,7059.85,1.0
p[10145],0.9,0.01,0.88,0.92,0.0,0.0,8757.24,6775.4,1.0
p[10146],0.79,0.01,0.76,0.82,0.0,0.0,8727.08,7059.85,1.0
p[10147],0.83,0.01,0.81,0.85,0.0,0.0,9140.96,6668.96,1.0
p[10148],0.83,0.01,0.81,0.85,0.0,0.0,9140.61,6661.03,1.0
p[10149],0.83,0.01,0.81,0.85,0.0,0.0,9141.39,6661.03,1.0
p[10150],0.83,0.01,0.81,0.85,0.0,0.0,9140.87,6661.35,1.0
p[10151],0.92,0.02,0.89,0.95,0.0,0.0,10293.21,6478.81,1.0
p[10152],0.8,0.01,0.77,0.82,0.0,0.0,8734.78,7061.12,1.0
p[10153],0.8,0.01,0.77,0.82,0.0,0.0,8735.92,7061.12,1.0
p[10154],0.9,0.01,0.88,0.92,0.0,0.0,8765.39,6832.14,1.0
p[10155],0.83,0.01,0.81,0.85,0.0,0.0,9148.84,6590.58,1.0
p[10156],0.83,0.01,0.81,0.85,0.0,0.0,9149.2,6648.86,1.0
p[10157],0.9,0.01,0.89,0.92,0.0,0.0,8767.13,6863.28,1.0
p[10158],0.83,0.01,0.81,0.85,0.0,0.0,9151.31,6592.07,1.0
p[10159],0.8,0.01,0.77,0.82,0.0,0.0,8735.63,7094.11,1.0
p[10160],0.8,0.01,0.77,0.82,0.0,0.0,8735.66,7094.26,1.0
p[10161],0.83,0.01,0.81,0.85,0.0,0.0,9155.61,6593.45,1.0
p[10162],0.83,0.01,0.81,0.85,0.0,0.0,9156.85,6633.68,1.0
p[10163],0.83,0.01,0.81,0.85,0.0,0.0,9157.8,6633.68,1.0
p[10164],0.91,0.01,0.89,0.92,0.0,0.0,8775.1,6769.46,1.0
p[10165],0.83,0.01,0.81,0.85,0.0,0.0,9158.8,6605.31,1.0
p[10166],0.84,0.01,0.81,0.86,0.0,0.0,9156.44,6605.32,1.0
p[10167],0.8,0.01,0.77,0.83,0.0,0.0,8737.85,7094.55,1.0
p[10168],0.8,0.01,0.77,0.83,0.0,0.0,8739.91,7095.26,1.0
p[10169],0.84,0.01,0.82,0.86,0.0,0.0,9158.97,6606.14,1.0
p[10170],0.88,0.01,0.86,0.91,0.0,0.0,9499.89,6584.0,1.0
p[10171],0.87,0.02,0.84,0.91,0.0,0.0,11354.81,6821.0,1.0
p[10172],0.84,0.01,0.82,0.86,0.0,0.0,9160.53,6635.02,1.0
p[10173],0.75,0.02,0.72,0.78,0.0,0.0,9174.73,7067.56,1.0
p[10174],0.7,0.02,0.67,0.73,0.0,0.0,9013.28,6729.1,1.0
p[10175],0.7,0.02,0.67,0.73,0.0,0.0,8998.36,6714.31,1.0
p[10176],0.85,0.01,0.82,0.88,0.0,0.0,8970.6,7272.32,1.0
p[10177],0.75,0.01,0.72,0.78,0.0,0.0,9152.11,6874.98,1.0
p[10178],0.75,0.01,0.72,0.78,0.0,0.0,9150.84,6874.98,1.0
p[10179],0.85,0.01,0.82,0.88,0.0,0.0,8965.27,7190.69,1.0
p[10180],0.7,0.02,0.67,0.74,0.0,0.0,8980.34,6598.6,1.0
p[10181],0.75,0.01,0.72,0.78,0.0,0.0,9142.15,6875.54,1.0
p[10182],0.71,0.02,0.68,0.74,0.0,0.0,8967.13,6642.02,1.0
p[10183],0.75,0.01,0.73,0.78,0.0,0.0,9132.09,6875.68,1.0
p[10184],0.75,0.01,0.73,0.78,0.0,0.0,9131.67,6875.68,1.0
p[10185],0.81,0.02,0.78,0.85,0.0,0.0,9379.54,6934.63,1.0
p[10186],0.71,0.02,0.68,0.74,0.0,0.0,8940.61,6653.9,1.0
p[10187],0.76,0.01,0.73,0.78,0.0,0.0,9111.87,6752.94,1.0
p[10188],0.81,0.02,0.76,0.86,0.0,0.0,11779.79,6694.93,1.0
p[10189],0.71,0.02,0.68,0.74,0.0,0.0,8900.03,6729.23,1.0
p[10190],0.82,0.02,0.78,0.85,0.0,0.0,9367.23,6771.85,1.0
p[10191],0.72,0.02,0.69,0.75,0.0,0.0,8867.36,6820.93,1.0
p[10192],0.72,0.02,0.69,0.75,0.0,0.0,8824.12,6730.87,1.0
p[10193],0.72,0.02,0.7,0.75,0.0,0.0,8799.04,6745.48,1.0
p[10194],0.73,0.01,0.7,0.76,0.0,0.0,8758.93,6548.7,1.0
p[10195],0.74,0.01,0.71,0.76,0.0,0.0,8686.43,6634.05,1.0
p[10196],0.83,0.02,0.79,0.87,0.0,0.0,11825.96,6633.01,1.0
p[10197],0.78,0.01,0.76,0.81,0.0,0.0,8988.17,6724.29,1.0
p[10198],0.74,0.01,0.71,0.77,0.0,0.0,8659.7,6517.81,1.0
p[10199],0.78,0.01,0.76,0.81,0.0,0.0,8982.49,6624.43,1.0
p[10200],0.78,0.01,0.76,0.81,0.0,0.0,8981.35,6624.43,1.0
p[10201],0.84,0.02,0.81,0.88,0.0,0.0,11667.67,6786.11,1.0
p[10202],0.78,0.01,0.76,0.81,0.0,0.0,8977.58,6537.25,1.0
p[10203],0.84,0.02,0.81,0.88,0.0,0.0,11665.67,6784.0,1.0
p[10204],0.74,0.01,0.72,0.77,0.0,0.0,8626.66,6463.46,1.0
p[10205],0.79,0.01,0.76,0.81,0.0,0.0,8973.92,6480.95,1.0
p[10206],0.79,0.01,0.76,0.81,0.0,0.0,8973.92,6480.95,1.0
p[10207],0.74,0.01,0.72,0.77,0.0,0.0,8620.19,6463.6,1.0
p[10208],0.76,0.02,0.71,0.8,0.0,0.0,9731.41,6437.52,1.0
p[10209],0.79,0.01,0.77,0.81,0.0,0.0,8971.63,6480.13,1.0
p[10210],0.79,0.01,0.77,0.81,0.0,0.0,8966.66,6480.13,1.0
p[10211],0.79,0.01,0.77,0.81,0.0,0.0,8962.83,6478.3,1.0
p[10212],0.79,0.01,0.77,0.81,0.0,0.0,8962.83,6478.3,1.0
p[10213],0.58,0.02,0.54,0.63,0.0,0.0,9388.41,7216.41,1.0
p[10214],0.81,0.02,0.77,0.84,0.0,0.0,10404.84,6188.14,1.0
p[10215],0.75,0.01,0.72,0.77,0.0,0.0,8590.18,6439.51,1.0
p[10216],0.75,0.01,0.72,0.77,0.0,0.0,8587.95,6520.15,1.0
p[10217],0.79,0.01,0.77,0.81,0.0,0.0,8962.13,6496.06,1.0
p[10218],0.79,0.01,0.77,0.81,0.0,0.0,8959.71,6525.56,1.0
p[10219],0.79,0.01,0.77,0.81,0.0,0.0,8959.48,6525.56,1.0
p[10220],0.85,0.02,0.81,0.88,0.0,0.0,11653.99,6783.56,1.0
p[10221],0.79,0.01,0.77,0.81,0.0,0.0,8959.07,6525.5,1.0
p[10222],0.75,0.01,0.73,0.78,0.0,0.0,8576.88,6491.86,1.0
p[10223],0.79,0.01,0.77,0.81,0.0,0.0,8957.64,6525.5,1.0
p[10224],0.9,0.02,0.86,0.93,0.0,0.0,10459.48,6831.95,1.0
p[10225],0.79,0.01,0.77,0.81,0.0,0.0,8955.7,6472.94,1.0
p[10226],0.75,0.01,0.73,0.78,0.0,0.0,8570.51,6463.8,1.0
p[10227],0.79,0.01,0.77,0.81,0.0,0.0,8953.64,6486.39,1.0
p[10228],0.75,0.01,0.73,0.78,0.0,0.0,8565.04,6491.92,1.0
p[10229],0.79,0.01,0.77,0.81,0.0,0.0,8953.19,6435.52,1.0
p[10230],0.79,0.01,0.77,0.81,0.0,0.0,8952.77,6462.38,1.0
p[10231],0.76,0.02,0.72,0.81,0.0,0.0,9727.83,6366.03,1.0
p[10232],0.75,0.01,0.73,0.78,0.0,0.0,8555.57,6409.96,1.0
p[10233],0.79,0.01,0.77,0.82,0.0,0.0,8947.92,6414.94,1.0
p[10234],0.85,0.02,0.82,0.87,0.0,0.0,9318.25,6235.12,1.0
p[10235],0.75,0.01,0.73,0.78,0.0,0.0,8548.74,6381.43,1.0
p[10236],0.79,0.01,0.77,0.82,0.0,0.0,8946.13,6400.75,1.0
p[10237],0.59,0.02,0.55,0.64,0.0,0.0,9383.3,7127.92,1.0
p[10238],0.81,0.02,0.78,0.85,0.0,0.0,10397.2,6376.99,1.0
p[10239],0.8,0.01,0.77,0.82,0.0,0.0,8943.68,6360.93,1.0
p[10240],0.8,0.01,0.77,0.82,0.0,0.0,8943.81,6360.93,1.0
p[10241],0.85,0.02,0.82,0.88,0.0,0.0,9318.93,6235.12,1.0
p[10242],0.76,0.01,0.73,0.78,0.0,0.0,8537.39,6518.54,1.0
p[10243],0.76,0.01,0.73,0.78,0.0,0.0,8534.59,6547.63,1.0
p[10244],0.8,0.01,0.78,0.82,0.0,0.0,8939.22,6334.56,1.0
p[10245],0.8,0.01,0.78,0.82,0.0,0.0,8938.62,6334.56,1.0
p[10246],0.76,0.01,0.73,0.78,0.0,0.0,8528.92,6597.44,1.0
p[10247],0.8,0.01,0.78,0.82,0.0,0.0,8936.95,6308.12,1.0
p[10248],0.8,0.01,0.78,0.82,0.0,0.0,8936.41,6308.12,1.0
p[10249],0.76,0.01,0.73,0.78,0.0,0.0,8523.07,6600.82,1.0
p[10250],0.8,0.01,0.78,0.82,0.0,0.0,8935.8,6308.27,1.0
p[10251],0.85,0.02,0.82,0.89,0.0,0.0,11653.21,6814.45,1.0
p[10252],0.85,0.02,0.82,0.88,0.0,0.0,9319.71,6155.26,1.0
p[10253],0.8,0.01,0.78,0.82,0.0,0.0,8934.92,6308.29,1.0
p[10254],0.85,0.02,0.82,0.88,0.0,0.0,9319.02,6155.26,1.0
p[10255],0.76,0.01,0.74,0.78,0.0,0.0,8514.01,6671.73,1.0
p[10256],0.76,0.01,0.73,0.78,0.0,0.0,8510.95,6617.1,1.0
p[10257],0.8,0.01,0.78,0.82,0.0,0.0,8933.78,6273.1,1.0
p[10258],0.77,0.02,0.73,0.81,0.0,0.0,9725.29,6367.64,1.0
p[10259],0.8,0.01,0.78,0.82,0.0,0.0,8930.56,6311.59,1.0
p[10260],0.76,0.01,0.74,0.79,0.0,0.0,8503.07,6437.17,1.0
p[10261],0.8,0.01,0.78,0.82,0.0,0.0,8932.2,6311.59,1.0
p[10262],0.76,0.01,0.74,0.79,0.0,0.0,8497.67,6492.53,1.0
p[10263],0.6,0.02,0.56,0.64,0.0,0.0,9382.46,7171.29,1.0
p[10264],0.82,0.02,0.78,0.85,0.0,0.0,10394.8,6398.3,1.0
p[10265],0.8,0.01,0.78,0.82,0.0,0.0,8933.47,6363.21,1.0
p[10266],0.8,0.01,0.78,0.82,0.0,0.0,8934.99,6363.21,1.0
p[10267],0.8,0.01,0.78,0.82,0.0,0.0,8934.99,6363.21,1.0
p[10268],0.76,0.01,0.74,0.79,0.0,0.0,8489.1,6661.92,1.0
p[10269],0.74,0.02,0.7,0.78,0.0,0.0,8797.0,6233.91,1.0
p[10270],0.8,0.01,0.78,0.82,0.0,0.0,8931.82,6320.61,1.0
p[10271],0.76,0.01,0.74,0.79,0.0,0.0,8479.91,6753.31,1.0
p[10272],0.8,0.01,0.78,0.82,0.0,0.0,8931.82,6320.61,1.0
p[10273],0.86,0.02,0.82,0.89,0.0,0.0,11644.32,6783.27,1.0
p[10274],0.8,0.01,0.78,0.82,0.0,0.0,8932.41,6320.55,1.0
p[10275],0.8,0.01,0.78,0.82,0.0,0.0,8932.41,6320.55,1.0
p[10276],0.76,0.01,0.74,0.79,0.0,0.0,8477.42,6712.95,1.0
p[10277],0.8,0.01,0.78,0.82,0.0,0.0,8931.52,6294.38,1.0
p[10278],0.77,0.01,0.74,0.79,0.0,0.0,8471.97,6680.53,1.0
p[10279],0.91,0.02,0.87,0.94,0.0,0.0,10435.83,6801.27,1.0
p[10280],0.81,0.01,0.79,0.83,0.0,0.0,8932.63,6460.96,1.0
p[10281],0.81,0.01,0.79,0.83,0.0,0.0,8932.63,6460.96,1.0
p[10282],0.77,0.01,0.74,0.79,0.0,0.0,8467.81,6681.95,1.0
p[10283],0.78,0.02,0.74,0.82,0.0,0.0,9719.78,6340.34,1.0
p[10284],0.81,0.01,0.79,0.83,0.0,0.0,8932.65,6497.43,1.0
p[10285],0.77,0.01,0.74,0.79,0.0,0.0,8460.59,6637.61,1.0
p[10286],0.81,0.01,0.79,0.83,0.0,0.0,8933.93,6442.43,1.0
p[10287],0.77,0.01,0.75,0.79,0.0,0.0,8456.6,6637.91,1.0
p[10288],0.82,0.02,0.79,0.86,0.0,0.0,10395.99,6370.21,1.0
p[10289],0.61,0.02,0.57,0.65,0.0,0.0,9388.19,7137.76,1.0
p[10290],0.81,0.01,0.79,0.83,0.0,0.0,8934.15,6470.12,1.0
p[10291],0.77,0.01,0.75,0.79,0.0,0.0,8447.77,6568.34,1.0
p[10292],0.75,0.02,0.71,0.79,0.0,0.0,8792.2,6382.94,1.0
p[10293],0.81,0.01,0.79,0.83,0.0,0.0,8933.93,6436.09,1.0
p[10294],0.81,0.01,0.79,0.83,0.0,0.0,8934.37,6436.09,1.0
p[10295],0.81,0.01,0.79,0.83,0.0,0.0,8934.54,6329.89,1.0
p[10296],0.81,0.01,0.79,0.83,0.0,0.0,8934.21,6355.36,1.0
p[10297],0.77,0.01,0.75,0.79,0.0,0.0,8441.21,6610.57,1.0
p[10298],0.81,0.01,0.79,0.83,0.0,0.0,8934.51,6356.06,1.0
p[10299],0.89,0.01,0.87,0.91,0.0,0.0,8642.75,6735.14,1.0
p[10300],0.81,0.01,0.79,0.83,0.0,0.0,8934.25,6356.06,1.0
p[10301],0.81,0.01,0.79,0.83,0.0,0.0,8934.4,6383.86,1.0
p[10302],0.81,0.01,0.79,0.83,0.0,0.0,8933.87,6383.86,1.0
p[10303],0.89,0.01,0.87,0.91,0.0,0.0,8651.36,6764.75,1.0
p[10304],0.77,0.01,0.75,0.8,0.0,0.0,8434.75,6821.69,1.0
p[10305],0.81,0.01,0.79,0.83,0.0,0.0,8935.49,6357.38,1.0
p[10306],0.86,0.01,0.83,0.89,0.0,0.0,9309.85,6082.6,1.0
p[10307],0.86,0.02,0.83,0.89,0.0,0.0,11627.11,6723.44,1.0
p[10308],0.77,0.01,0.75,0.8,0.0,0.0,8434.23,6821.69,1.0
p[10309],0.78,0.02,0.75,0.82,0.0,0.0,9716.2,6211.37,1.0
p[10310],0.77,0.01,0.75,0.8,0.0,0.0,8429.28,6769.03,1.0
p[10311],0.86,0.01,0.83,0.89,0.0,0.0,9310.18,6082.55,1.0
p[10312],0.81,0.01,0.79,0.83,0.0,0.0,8935.79,6309.04,1.0
p[10313],0.83,0.02,0.8,0.86,0.0,0.0,10402.0,6212.86,1.0
p[10314],0.62,0.02,0.58,0.66,0.0,0.0,9390.73,7071.44,1.0
p[10315],0.81,0.01,0.8,0.83,0.0,0.0,8939.46,6308.99,1.0
p[10316],0.81,0.01,0.8,0.83,0.0,0.0,8941.32,6308.99,1.0
p[10317],0.78,0.01,0.75,0.8,0.0,0.0,8420.03,6730.27,1.0
p[10318],0.76,0.02,0.72,0.8,0.0,0.0,8787.8,6450.39,1.0
p[10319],0.82,0.01,0.8,0.83,0.0,0.0,8945.03,6377.86,1.0
p[10320],0.82,0.01,0.8,0.83,0.0,0.0,8944.3,6378.37,1.0
p[10321],0.82,0.01,0.8,0.83,0.0,0.0,8944.3,6378.37,1.0
p[10322],0.78,0.01,0.76,0.8,0.0,0.0,8415.34,6865.48,1.0
p[10323],0.82,0.01,0.8,0.83,0.0,0.0,8945.41,6325.28,1.0
p[10324],0.87,0.02,0.83,0.9,0.0,0.0,11616.96,6745.41,1.0
p[10325],0.82,0.01,0.8,0.83,0.0,0.0,8945.57,6351.33,1.0
p[10326],0.82,0.01,0.8,0.83,0.0,0.0,8946.59,6388.35,1.0
p[10327],0.82,0.01,0.8,0.83,0.0,0.0,8947.33,6350.52,1.0
p[10328],0.82,0.01,0.8,0.83,0.0,0.0,8948.04,6362.13,1.0
p[10329],0.82,0.01,0.8,0.83,0.0,0.0,8948.34,6362.13,1.0
p[10330],0.91,0.02,0.88,0.94,0.0,0.0,10407.53,6682.63,1.0
p[10331],0.78,0.01,0.76,0.8,0.0,0.0,8405.4,6763.45,1.0
p[10332],0.87,0.01,0.84,0.89,0.0,0.0,9316.84,6232.37,1.0
p[10333],0.79,0.02,0.75,0.83,0.0,0.0,9713.61,6072.46,1.0
p[10334],0.78,0.01,0.76,0.8,0.0,0.0,8401.14,6824.53,1.0
p[10335],0.9,0.01,0.88,0.91,0.0,0.0,8592.5,6614.04,1.0
p[10336],0.82,0.01,0.8,0.84,0.0,0.0,8952.18,6439.48,1.0
p[10337],0.78,0.01,0.76,0.8,0.0,0.0,8398.2,6855.7,1.0
p[10338],0.82,0.01,0.8,0.84,0.0,0.0,8784.36,6487.3,1.0
p[10339],0.63,0.02,0.59,0.67,0.0,0.0,9184.5,6850.07,1.0
p[10340],0.82,0.01,0.8,0.84,0.0,0.0,8784.84,6389.52,1.0
p[10341],0.78,0.01,0.76,0.81,0.0,0.0,8395.43,6825.35,1.0
p[10342],0.84,0.02,0.8,0.87,0.0,0.0,10399.16,6214.42,1.0
p[10343],0.82,0.01,0.8,0.84,0.0,0.0,8784.19,6486.9,1.0
p[10344],0.78,0.01,0.76,0.81,0.0,0.0,8395.48,6917.99,1.0
p[10345],0.87,0.01,0.84,0.89,0.0,0.0,9316.32,6257.87,1.0
p[10346],0.82,0.01,0.8,0.84,0.0,0.0,8786.44,6412.01,1.0
p[10347],0.82,0.01,0.8,0.84,0.0,0.0,8787.68,6384.77,1.0
p[10348],0.77,0.02,0.73,0.8,0.0,0.0,8787.75,6508.98,1.0
p[10349],0.82,0.01,0.8,0.84,0.0,0.0,8788.88,6295.51,1.0
p[10350],0.82,0.01,0.8,0.84,0.0,0.0,8788.96,6320.63,1.0
p[10351],0.87,0.02,0.84,0.9,0.0,0.0,11597.99,6792.41,1.0
p[10352],0.86,0.02,0.83,0.89,0.0,0.0,11843.42,6577.27,1.0
p[10353],0.82,0.01,0.81,0.84,0.0,0.0,8790.26,6420.49,1.0
p[10354],0.82,0.01,0.81,0.84,0.0,0.0,8790.26,6420.49,1.0
p[10355],0.79,0.01,0.76,0.81,0.0,0.0,8390.82,6929.59,1.0
p[10356],0.87,0.01,0.84,0.89,0.0,0.0,9315.39,6258.52,1.0
p[10357],0.87,0.01,0.84,0.89,0.0,0.0,9316.94,6258.52,1.0
p[10358],0.9,0.01,0.88,0.92,0.0,0.0,8559.52,6702.93,1.0
p[10359],0.82,0.01,0.81,0.84,0.0,0.0,8795.19,6288.58,1.0
p[10360],0.79,0.01,0.77,0.81,0.0,0.0,8390.13,6930.14,1.0
p[10361],0.79,0.01,0.77,0.81,0.0,0.0,8390.47,6930.14,1.0
p[10362],0.8,0.02,0.76,0.84,0.0,0.0,9718.63,5928.23,1.0
p[10363],0.9,0.01,0.88,0.92,0.0,0.0,8554.83,6792.61,1.0
p[10364],0.79,0.01,0.77,0.81,0.0,0.0,8390.33,6899.09,1.0
p[10365],0.82,0.01,0.81,0.84,0.0,0.0,8796.01,6233.49,1.0
p[10366],0.82,0.01,0.81,0.84,0.0,0.0,8797.5,6233.43,1.0
p[10367],0.84,0.02,0.81,0.87,0.0,0.0,10394.28,6268.32,1.0
p[10368],0.64,0.02,0.6,0.68,0.0,0.0,9201.6,7054.92,1.0
p[10369],0.83,0.01,0.81,0.84,0.0,0.0,8799.65,6233.42,1.0
p[10370],0.79,0.01,0.77,0.81,0.0,0.0,8386.98,6857.33,1.0
p[10371],0.86,0.02,0.83,0.9,0.0,0.0,11839.31,6661.97,1.0
p[10372],0.83,0.01,0.81,0.84,0.0,0.0,8804.09,6207.96,1.0
p[10373],0.83,0.01,0.81,0.84,0.0,0.0,8804.8,6207.96,1.0
p[10374],0.83,0.01,0.81,0.85,0.0,0.0,8807.22,6207.96,1.0
p[10375],0.77,0.02,0.73,0.81,0.0,0.0,8794.15,6571.01,1.0
p[10376],0.79,0.01,0.77,0.81,0.0,0.0,8387.02,6862.14,1.0
p[10377],0.79,0.01,0.77,0.81,0.0,0.0,8387.02,6862.14,1.0
p[10378],0.83,0.01,0.81,0.85,0.0,0.0,8809.65,6233.06,1.0
p[10379],0.83,0.01,0.81,0.85,0.0,0.0,8809.65,6233.06,1.0
p[10380],0.83,0.01,0.81,0.85,0.0,0.0,8811.41,6233.06,1.0
p[10381],0.83,0.01,0.81,0.85,0.0,0.0,8811.48,6232.15,1.0
p[10382],0.83,0.01,0.81,0.85,0.0,0.0,8812.79,6207.25,1.0
p[10383],0.83,0.01,0.81,0.85,0.0,0.0,8813.4,6182.2,1.0
p[10384],0.92,0.02,0.89,0.95,0.0,0.0,10384.28,6805.7,1.0
p[10385],0.79,0.01,0.77,0.81,0.0,0.0,8386.9,6830.59,1.0
p[10386],0.83,0.01,0.81,0.85,0.0,0.0,8816.39,6207.57,1.0
p[10387],0.79,0.01,0.77,0.81,0.0,0.0,8386.85,6800.03,1.0
p[10388],0.8,0.02,0.77,0.84,0.0,0.0,9720.98,6117.73,1.0
p[10389],0.88,0.02,0.85,0.91,0.0,0.0,11586.39,6805.2,1.0
p[10390],0.83,0.01,0.81,0.85,0.0,0.0,8823.35,6222.55,1.0
p[10391],0.65,0.02,0.61,0.69,0.0,0.0,9218.98,6958.02,1.0
p[10392],0.85,0.02,0.81,0.88,0.0,0.0,10389.46,6218.18,1.0
p[10393],0.83,0.01,0.81,0.85,0.0,0.0,8827.13,6266.05,1.0
p[10394],0.8,0.01,0.78,0.82,0.0,0.0,8388.54,6751.56,1.0
p[10395],0.8,0.01,0.78,0.82,0.0,0.0,8387.9,6721.83,1.0
p[10396],0.83,0.01,0.82,0.85,0.0,0.0,8835.4,6356.72,1.0
p[10397],0.8,0.01,0.78,0.82,0.0,0.0,8388.45,6662.84,1.0
p[10398],0.83,0.01,0.82,0.85,0.0,0.0,8836.62,6356.72,1.0
p[10399],0.83,0.01,0.82,0.85,0.0,0.0,8838.38,6330.25,1.0
p[10400],0.83,0.01,0.82,0.85,0.0,0.0,8840.62,6309.19,1.0
p[10401],0.9,0.01,0.89,0.92,0.0,0.0,8466.58,6920.97,1.0
p[10402],0.83,0.01,0.82,0.85,0.0,0.0,8841.79,6309.19,1.0
p[10403],0.8,0.01,0.78,0.82,0.0,0.0,8390.95,6722.04,1.0
p[10404],0.88,0.01,0.85,0.9,0.0,0.0,9331.69,6316.02,1.0
p[10405],0.88,0.01,0.85,0.9,0.0,0.0,9332.1,6316.02,1.0
p[10406],0.83,0.01,0.82,0.85,0.0,0.0,8847.98,6322.2,1.0
p[10407],0.8,0.01,0.78,0.82,0.0,0.0,8394.44,6782.13,1.0
p[10408],0.81,0.02,0.77,0.85,0.0,0.0,9729.9,6032.51,1.0
p[10409],0.84,0.01,0.82,0.85,0.0,0.0,8853.92,6267.41,1.0
p[10410],0.84,0.01,0.82,0.85,0.0,0.0,8856.93,6266.59,1.0
p[10411],0.8,0.01,0.78,0.82,0.0,0.0,8396.93,6752.03,1.0
p[10412],0.88,0.02,0.85,0.91,0.0,0.0,11565.43,6715.46,1.0
p[10413],0.91,0.01,0.89,0.92,0.0,0.0,8454.12,6826.7,1.0
p[10414],0.8,0.01,0.78,0.82,0.0,0.0,8398.03,6692.72,1.0
p[10415],0.66,0.02,0.61,0.7,0.0,0.0,9235.24,7337.12,1.0
p[10416],0.84,0.01,0.82,0.85,0.0,0.0,8863.63,6226.53,1.0
p[10417],0.85,0.02,0.82,0.88,0.0,0.0,10382.79,6286.93,1.0
p[10418],0.84,0.01,0.82,0.85,0.0,0.0,8866.2,6126.39,1.0
p[10419],0.84,0.01,0.82,0.85,0.0,0.0,8866.2,6126.39,1.0
p[10420],0.8,0.01,0.78,0.82,0.0,0.0,8402.13,6662.81,1.0
p[10421],0.8,0.01,0.78,0.82,0.0,0.0,8403.17,6662.81,1.0
p[10422],0.84,0.01,0.82,0.85,0.0,0.0,8873.13,6172.6,1.0
p[10423],0.79,0.02,0.75,0.82,0.0,0.0,8817.63,7033.97,1.0
p[10424],0.8,0.01,0.78,0.82,0.0,0.0,8403.45,6662.81,1.0
p[10425],0.84,0.01,0.82,0.85,0.0,0.0,8876.41,6155.82,1.0
p[10426],0.84,0.01,0.82,0.85,0.0,0.0,8876.59,6155.82,1.0
p[10427],0.8,0.01,0.78,0.82,0.0,0.0,8406.18,6692.11,1.0
p[10428],0.84,0.01,0.82,0.86,0.0,0.0,8882.21,6155.43,1.0
p[10429],0.88,0.02,0.85,0.91,0.0,0.0,11809.17,6610.16,1.0
p[10430],0.88,0.01,0.86,0.91,0.0,0.0,11553.18,6806.46,1.0
p[10431],0.84,0.01,0.82,0.86,0.0,0.0,8883.57,6116.97,1.0
p[10432],0.84,0.01,0.82,0.86,0.0,0.0,8883.57,6116.97,1.0
p[10433],0.84,0.01,0.82,0.86,0.0,0.0,8885.26,6107.23,1.0
p[10434],0.79,0.02,0.75,0.82,0.0,0.0,8821.17,7076.4,1.0
p[10435],0.84,0.01,0.82,0.86,0.0,0.0,8887.11,6097.09,1.0
p[10436],0.81,0.01,0.79,0.83,0.0,0.0,8415.45,6781.54,1.0
p[10437],0.81,0.01,0.79,0.83,0.0,0.0,8417.39,6781.59,1.0
p[10438],0.82,0.02,0.78,0.85,0.0,0.0,9735.98,5893.57,1.0
p[10439],0.84,0.01,0.82,0.86,0.0,0.0,8896.99,6176.35,1.0
p[10440],0.84,0.01,0.82,0.86,0.0,0.0,8898.03,6202.16,1.0
p[10441],0.81,0.01,0.79,0.83,0.0,0.0,8419.17,6781.8,1.0
p[10442],0.92,0.02,0.9,0.95,0.0,0.0,10358.24,6862.8,1.0
p[10443],0.81,0.01,0.79,0.83,0.0,0.0,8421.08,6781.93,1.0
p[10444],0.84,0.01,0.83,0.86,0.0,0.0,8907.53,6177.03,1.0
p[10445],0.86,0.02,0.83,0.88,0.0,0.0,10381.35,6367.73,1.0
p[10446],0.92,0.02,0.89,0.95,0.0,0.0,10547.13,6143.81,1.0
p[10447],0.67,0.02,0.63,0.71,0.0,0.0,9264.4,7201.4,1.0
p[10448],0.81,0.01,0.79,0.83,0.0,0.0,8427.53,6769.13,1.0
p[10449],0.82,0.02,0.78,0.85,0.0,0.0,9735.79,5812.39,1.0
p[10450],0.84,0.01,0.83,0.86,0.0,0.0,8917.98,6252.44,1.0
p[10451],0.88,0.01,0.86,0.91,0.0,0.0,9342.41,6168.64,1.0
p[10452],0.84,0.01,0.83,0.86,0.0,0.0,8919.56,6252.72,1.0
p[10453],0.84,0.01,0.83,0.86,0.0,0.0,8920.67,6252.72,1.0
p[10454],0.81,0.01,0.79,0.83,0.0,0.0,8433.28,6838.94,1.0
p[10455],0.84,0.01,0.83,0.86,0.0,0.0,8926.21,6203.72,1.0
p[10456],0.91,0.01,0.9,0.93,0.0,0.0,8430.83,7098.86,1.0
p[10457],0.81,0.01,0.79,0.83,0.0,0.0,8434.63,6817.5,1.0
p[10458],0.84,0.01,0.83,0.86,0.0,0.0,8929.71,6178.44,1.0
p[10459],0.84,0.01,0.83,0.86,0.0,0.0,8931.12,6203.31,1.0
p[10460],0.89,0.01,0.86,0.91,0.0,0.0,9345.52,6193.22,1.0
p[10461],0.91,0.01,0.9,0.93,0.0,0.0,8430.76,6985.86,1.0
p[10462],0.81,0.01,0.79,0.83,0.0,0.0,8438.7,6776.61,1.0
p[10463],0.79,0.02,0.76,0.83,0.0,0.0,8838.69,7054.94,1.0
p[10464],0.81,0.01,0.79,0.83,0.0,0.0,8440.65,6806.58,1.0
p[10465],0.85,0.01,0.83,0.86,0.0,0.0,8936.9,6255.05,1.0
p[10466],0.85,0.01,0.83,0.86,0.0,0.0,8938.19,6203.34,1.0
p[10467],0.82,0.02,0.79,0.86,0.0,0.0,9741.35,5860.08,1.0
p[10468],0.81,0.01,0.79,0.83,0.0,0.0,8444.63,6775.99,1.0
p[10469],0.85,0.01,0.83,0.86,0.0,0.0,8946.34,6228.49,1.0
p[10470],0.81,0.01,0.79,0.83,0.0,0.0,8448.21,6745.71,1.0
p[10471],0.91,0.01,0.9,0.93,0.0,0.0,8418.31,6996.36,1.0
p[10472],0.67,0.02,0.63,0.71,0.0,0.0,9285.73,7271.65,1.0
p[10473],0.86,0.02,0.83,0.89,0.0,0.0,10386.19,6394.92,1.0
p[10474],0.81,0.01,0.79,0.83,0.0,0.0,8453.77,6746.38,1.0
p[10475],0.85,0.01,0.83,0.86,0.0,0.0,8959.23,6307.4,1.0
p[10476],0.85,0.01,0.83,0.86,0.0,0.0,8960.5,6306.75,1.0
p[10477],0.85,0.01,0.83,0.86,0.0,0.0,8962.88,6306.75,1.0
p[10478],0.89,0.01,0.86,0.92,0.0,0.0,11529.14,7088.89,1.0
p[10479],0.82,0.01,0.8,0.84,0.0,0.0,8458.14,6746.5,1.0
p[10480],0.8,0.02,0.76,0.83,0.0,0.0,8846.37,6972.42,1.0
p[10481],0.85,0.01,0.83,0.86,0.0,0.0,8973.55,6307.76,1.0
p[10482],0.85,0.01,0.83,0.86,0.0,0.0,8973.55,6307.76,1.0
p[10483],0.85,0.01,0.83,0.86,0.0,0.0,8974.39,6307.76,1.0
p[10484],0.82,0.01,0.8,0.84,0.0,0.0,8463.78,6695.79,1.0
p[10485],0.85,0.01,0.83,0.87,0.0,0.0,8976.58,6307.51,1.0
p[10486],0.85,0.01,0.83,0.87,0.0,0.0,8978.21,6307.51,1.0
p[10487],0.82,0.01,0.8,0.84,0.0,0.0,8466.7,6724.94,1.0
p[10488],0.85,0.01,0.83,0.87,0.0,0.0,8982.93,6297.86,1.0
p[10489],0.82,0.01,0.8,0.84,0.0,0.0,8472.03,6695.13,1.0
p[10490],0.93,0.01,0.9,0.96,0.0,0.0,10331.06,6779.98,1.0
p[10491],0.89,0.01,0.87,0.92,0.0,0.0,11524.15,7088.79,1.0
p[10492],0.85,0.01,0.83,0.87,0.0,0.0,8993.2,6332.34,1.0
p[10493],0.82,0.01,0.8,0.84,0.0,0.0,8476.61,6773.5,1.0
p[10494],0.83,0.02,0.79,0.86,0.0,0.0,9753.98,5882.92,1.0
p[10495],0.89,0.01,0.87,0.91,0.0,0.0,9361.42,6117.75,1.0
p[10496],0.85,0.01,0.84,0.87,0.0,0.0,9003.67,6412.66,1.0
p[10497],0.85,0.01,0.84,0.87,0.0,0.0,9003.67,6412.66,1.0
p[10498],0.82,0.01,0.8,0.84,0.0,0.0,8482.66,6803.99,1.0
p[10499],0.85,0.01,0.84,0.87,0.0,0.0,9009.08,6412.58,1.0
p[10500],0.82,0.01,0.8,0.84,0.0,0.0,8489.63,6653.14,1.0
p[10501],0.68,0.02,0.64,0.72,0.0,0.0,9316.31,7306.85,1.0
p[10502],0.87,0.01,0.84,0.89,0.0,0.0,10386.47,6503.45,1.0
p[10503],0.85,0.01,0.84,0.87,0.0,0.0,9021.4,6386.83,1.0
p[10504],0.85,0.01,0.84,0.87,0.0,0.0,9023.43,6386.83,1.0
p[10505],0.82,0.01,0.8,0.84,0.0,0.0,8499.33,6835.17,1.0
p[10506],0.8,0.02,0.77,0.84,0.0,0.0,8861.06,7071.38,1.0
p[10507],0.82,0.01,0.8,0.84,0.0,0.0,8502.33,6833.68,1.0
p[10508],0.85,0.01,0.84,0.87,0.0,0.0,9032.33,6468.67,1.0
p[10509],0.82,0.01,0.8,0.84,0.0,0.0,8507.15,6927.11,1.0
p[10510],0.85,0.01,0.84,0.87,0.0,0.0,9039.37,6495.91,1.0
p[10511],0.85,0.01,0.84,0.87,0.0,0.0,9040.69,6496.49,1.0
p[10512],0.82,0.01,0.8,0.84,0.0,0.0,8511.14,6863.41,1.0
p[10513],0.81,0.02,0.77,0.84,0.0,0.0,8863.77,6876.99,1.0
p[10514],0.85,0.01,0.84,0.87,0.0,0.0,9048.24,6495.96,1.0
p[10515],0.85,0.01,0.84,0.87,0.0,0.0,9048.99,6495.96,1.0
p[10516],0.92,0.01,0.9,0.93,0.0,0.0,8397.23,6741.38,1.0
p[10517],0.85,0.01,0.84,0.87,0.0,0.0,9053.33,6524.3,1.0
p[10518],0.89,0.01,0.87,0.92,0.0,0.0,9381.6,6141.52,1.0
p[10519],0.82,0.01,0.8,0.84,0.0,0.0,8517.22,6834.46,1.0
p[10520],0.86,0.01,0.84,0.87,0.0,0.0,9057.18,6544.88,1.0
p[10521],0.82,0.01,0.8,0.84,0.0,0.0,8520.98,6773.96,1.0
p[10522],0.83,0.02,0.8,0.87,0.0,0.0,9764.59,6025.84,1.0
p[10523],0.86,0.01,0.84,0.87,0.0,0.0,9066.63,6497.19,1.0
p[10524],0.83,0.01,0.81,0.84,0.0,0.0,8528.9,6760.7,1.0
p[10525],0.92,0.01,0.9,0.93,0.0,0.0,8388.23,6742.67,1.0
p[10526],0.9,0.01,0.87,0.92,0.0,0.0,11498.11,7006.77,1.0
p[10527],0.83,0.01,0.81,0.85,0.0,0.0,8533.44,6829.77,1.0
p[10528],0.69,0.02,0.65,0.73,0.0,0.0,9348.34,7338.86,1.0
p[10529],0.86,0.01,0.84,0.87,0.0,0.0,9079.75,6548.23,1.0
p[10530],0.86,0.01,0.84,0.87,0.0,0.0,9081.67,6502.46,1.0
p[10531],0.86,0.01,0.84,0.87,0.0,0.0,9082.94,6502.46,1.0
p[10532],0.87,0.01,0.84,0.9,0.0,0.0,10373.77,6795.99,1.0
p[10533],0.83,0.01,0.81,0.85,0.0,0.0,8545.79,6859.3,1.0
p[10534],0.86,0.01,0.84,0.87,0.0,0.0,9100.27,6488.96,1.0
p[10535],0.86,0.01,0.84,0.87,0.0,0.0,9101.53,6517.12,1.0
p[10536],0.83,0.01,0.81,0.85,0.0,0.0,8552.87,6857.1,1.0
p[10537],0.89,0.01,0.86,0.92,0.0,0.0,11739.84,6753.31,1.0
p[10538],0.86,0.01,0.84,0.87,0.0,0.0,9112.7,6531.12,1.0
p[10539],0.9,0.01,0.87,0.92,0.0,0.0,11484.25,7039.03,1.0
p[10540],0.86,0.01,0.84,0.87,0.0,0.0,9113.78,6531.12,1.0
p[10541],0.83,0.01,0.81,0.85,0.0,0.0,8559.11,6857.1,1.0
p[10542],0.86,0.01,0.84,0.87,0.0,0.0,9116.26,6531.12,1.0
p[10543],0.83,0.01,0.81,0.85,0.0,0.0,8561.09,6857.22,1.0
p[10544],0.86,0.01,0.84,0.88,0.0,0.0,9120.12,6576.68,1.0
p[10545],0.86,0.01,0.84,0.88,0.0,0.0,9120.12,6576.68,1.0
p[10546],0.93,0.01,0.91,0.96,0.0,0.0,10299.39,6568.56,1.0
p[10547],0.83,0.01,0.81,0.85,0.0,0.0,8568.41,6795.21,1.0
p[10548],0.86,0.01,0.84,0.88,0.0,0.0,9130.39,6558.96,1.0
p[10549],0.86,0.01,0.84,0.88,0.0,0.0,9131.52,6558.96,1.0
p[10550],0.86,0.01,0.84,0.88,0.0,0.0,9135.71,6519.72,1.0
p[10551],0.83,0.01,0.81,0.85,0.0,0.0,8578.1,6763.13,1.0
p[10552],0.84,0.02,0.81,0.87,0.0,0.0,9785.55,6122.26,1.0
p[10553],0.93,0.02,0.9,0.96,0.0,0.0,10334.92,6350.24,1.0
p[10554],0.86,0.01,0.85,0.88,0.0,0.0,9148.14,6463.84,1.0
p[10555],0.83,0.01,0.81,0.85,0.0,0.0,8584.4,6824.49,1.0
p[10556],0.86,0.01,0.85,0.88,0.0,0.0,9158.53,6519.44,1.0
p[10557],0.86,0.01,0.85,0.88,0.0,0.0,9158.53,6519.44,1.0
p[10558],0.7,0.02,0.66,0.74,0.0,0.0,9379.88,7263.09,1.0
p[10559],0.83,0.01,0.81,0.85,0.0,0.0,8588.98,6824.14,1.0
p[10560],0.87,0.01,0.85,0.9,0.0,0.0,10362.47,6538.78,1.0
p[10561],0.86,0.01,0.85,0.88,0.0,0.0,9167.72,6547.41,1.0
p[10562],0.9,0.01,0.88,0.92,0.0,0.0,9411.19,6215.76,1.0
p[10563],0.83,0.01,0.81,0.85,0.0,0.0,8598.35,6886.8,1.0
p[10564],0.9,0.01,0.88,0.92,0.0,0.0,9412.0,6215.76,1.0
p[10565],0.83,0.01,0.81,0.85,0.0,0.0,8603.8,7014.76,1.0
p[10566],0.86,0.01,0.85,0.88,0.0,0.0,9181.37,6356.8,1.0
p[10567],0.86,0.01,0.85,0.88,0.0,0.0,9181.37,6356.8,1.0
p[10568],0.83,0.01,0.81,0.85,0.0,0.0,8606.85,6979.92,1.0
p[10569],0.86,0.01,0.85,0.88,0.0,0.0,9184.03,6356.8,1.0
p[10570],0.92,0.01,0.91,0.94,0.0,0.0,8277.99,6532.3,1.0
p[10571],0.86,0.01,0.85,0.88,0.0,0.0,9188.07,6356.8,1.0
p[10572],0.92,0.01,0.91,0.94,0.0,0.0,8276.17,6532.3,1.0
p[10573],0.86,0.01,0.85,0.88,0.0,0.0,9195.61,6383.14,1.0
p[10574],0.9,0.01,0.88,0.92,0.0,0.0,9421.2,6191.38,1.0
p[10575],0.84,0.01,0.82,0.85,0.0,0.0,8623.44,7080.03,1.0
p[10576],0.86,0.01,0.85,0.88,0.0,0.0,9203.85,6410.06,1.0
p[10577],0.84,0.01,0.82,0.86,0.0,0.0,8628.74,7078.61,1.0
p[10578],0.84,0.02,0.81,0.88,0.0,0.0,9791.79,6120.95,1.0
p[10579],0.87,0.01,0.85,0.88,0.0,0.0,9226.11,6464.36,1.0
p[10580],0.71,0.02,0.67,0.75,0.0,0.0,9413.29,7334.44,1.0
p[10581],0.87,0.01,0.85,0.88,0.0,0.0,9227.42,6464.36,1.0
p[10582],0.87,0.01,0.85,0.88,0.0,0.0,9231.2,6436.67,1.0
p[10583],0.87,0.01,0.85,0.88,0.0,0.0,9235.42,6436.67,1.0
p[10584],0.87,0.01,0.85,0.88,0.0,0.0,9242.99,6519.06,1.0
p[10585],0.91,0.01,0.88,0.93,0.0,0.0,11438.46,6902.06,1.0
p[10586],0.87,0.01,0.85,0.88,0.0,0.0,9248.9,6491.59,1.0
p[10587],0.9,0.01,0.87,0.92,0.0,0.0,11694.3,6645.19,1.0
p[10588],0.87,0.01,0.85,0.88,0.0,0.0,9253.4,6519.78,1.0
p[10589],0.87,0.01,0.85,0.88,0.0,0.0,9253.4,6519.78,1.0
p[10590],0.88,0.01,0.86,0.91,0.0,0.0,10361.02,6656.19,1.0
p[10591],0.87,0.01,0.85,0.88,0.0,0.0,9258.07,6519.78,1.0
p[10592],0.87,0.01,0.85,0.88,0.0,0.0,9259.37,6464.1,1.0
p[10593],0.93,0.01,0.91,0.94,0.0,0.0,8334.74,6626.57,1.0
p[10594],0.84,0.01,0.82,0.86,0.0,0.0,8679.74,7144.02,1.0
p[10595],0.87,0.01,0.85,0.88,0.0,0.0,9271.37,6490.85,1.0
p[10596],0.9,0.01,0.88,0.92,0.0,0.0,9441.7,6218.02,1.0
p[10597],0.84,0.01,0.82,0.86,0.0,0.0,8688.2,7177.09,1.0
p[10598],0.84,0.01,0.82,0.86,0.0,0.0,8689.29,7177.09,1.0
p[10599],0.87,0.01,0.85,0.89,0.0,0.0,9286.44,6408.26,1.0
p[10600],0.91,0.01,0.88,0.93,0.0,0.0,11426.74,6743.35,1.0
p[10601],0.85,0.02,0.82,0.88,0.0,0.0,9802.37,6288.93,1.0
p[10602],0.93,0.01,0.91,0.94,0.0,0.0,8371.14,6518.58,1.0
p[10603],0.9,0.01,0.88,0.92,0.0,0.0,11678.26,6499.99,1.0
p[10604],0.87,0.01,0.86,0.89,0.0,0.0,9303.5,6355.88,1.0
p[10605],0.72,0.02,0.68,0.76,0.0,0.0,9452.24,7228.4,1.0
p[10606],0.87,0.01,0.86,0.89,0.0,0.0,9310.86,6355.88,1.0
p[10607],0.87,0.01,0.86,0.89,0.0,0.0,9314.25,6382.83,1.0
p[10608],0.87,0.01,0.86,0.89,0.0,0.0,9325.48,6356.39,1.0
p[10609],0.93,0.01,0.91,0.94,0.0,0.0,8393.96,6606.58,1.0
p[10610],0.87,0.01,0.86,0.89,0.0,0.0,9325.48,6356.39,1.0
p[10611],0.84,0.01,0.82,0.86,0.0,0.0,8729.24,7106.8,1.0
p[10612],0.93,0.01,0.91,0.94,0.0,0.0,8398.11,6673.05,1.0
p[10613],0.87,0.01,0.86,0.89,0.0,0.0,9329.97,6382.83,1.0
p[10614],0.87,0.01,0.86,0.89,0.0,0.0,9333.37,6382.83,1.0
p[10615],0.87,0.01,0.86,0.89,0.0,0.0,9335.04,6382.83,1.0
p[10616],0.87,0.01,0.86,0.89,0.0,0.0,9345.33,6464.65,1.0
p[10617],0.87,0.01,0.86,0.89,0.0,0.0,9347.84,6464.91,1.0
p[10618],0.9,0.01,0.88,0.93,0.0,0.0,11661.29,6619.77,1.0
p[10619],0.85,0.01,0.83,0.86,0.0,0.0,8742.92,7107.91,1.0
p[10620],0.93,0.01,0.92,0.94,0.0,0.0,8416.84,6488.66,1.0
p[10621],0.9,0.01,0.88,0.93,0.0,0.0,11659.67,6619.77,1.0
p[10622],0.91,0.01,0.89,0.93,0.0,0.0,11407.59,6697.47,1.0
p[10623],0.93,0.01,0.92,0.94,0.0,0.0,8419.25,6433.25,1.0
p[10624],0.85,0.01,0.83,0.87,0.0,0.0,8753.83,7204.47,1.0
p[10625],0.88,0.01,0.86,0.89,0.0,0.0,9376.16,6520.78,1.0
p[10626],0.88,0.01,0.86,0.89,0.0,0.0,9377.83,6520.84,1.0
p[10627],0.93,0.01,0.92,0.94,0.0,0.0,8446.09,6433.36,1.0
p[10628],0.88,0.01,0.86,0.89,0.0,0.0,9382.01,6437.72,1.0
p[10629],0.91,0.01,0.89,0.93,0.0,0.0,9472.49,6269.06,1.0
p[10630],0.88,0.01,0.86,0.89,0.0,0.0,9389.66,6464.7,1.0
p[10631],0.9,0.01,0.88,0.93,0.0,0.0,11642.26,6618.83,1.0
p[10632],0.85,0.01,0.83,0.87,0.0,0.0,8780.92,7239.25,1.0
p[10633],0.85,0.01,0.83,0.87,0.0,0.0,8785.8,7274.43,1.0
p[10634],0.88,0.01,0.86,0.89,0.0,0.0,9401.51,6492.63,1.0
p[10635],0.88,0.01,0.86,0.89,0.0,0.0,9623.71,6464.94,1.0
p[10636],0.93,0.01,0.92,0.94,0.0,0.0,8462.6,6459.59,1.0
p[10637],0.88,0.01,0.86,0.89,0.0,0.0,9625.88,6520.15,1.0
p[10638],0.88,0.01,0.86,0.89,0.0,0.0,9629.09,6492.73,1.0
p[10639],0.85,0.01,0.83,0.87,0.0,0.0,8806.1,7070.59,1.0
p[10640],0.85,0.01,0.83,0.87,0.0,0.0,8808.43,7037.22,1.0
p[10641],0.85,0.01,0.83,0.87,0.0,0.0,8810.68,7038.6,1.0
p[10642],0.94,0.01,0.92,0.96,0.0,0.0,10244.1,6549.82,1.0
p[10643],0.88,0.01,0.86,0.89,0.0,0.0,9639.6,6463.96,1.0
p[10644],0.91,0.01,0.89,0.93,0.0,0.0,9485.85,6320.76,1.0
p[10645],0.88,0.01,0.86,0.89,0.0,0.0,9642.17,6409.24,1.0
p[10646],0.88,0.01,0.86,0.9,0.0,0.0,9658.62,6356.18,1.0
p[10647],0.85,0.01,0.83,0.87,0.0,0.0,8838.26,7108.25,1.0
p[10648],0.85,0.01,0.83,0.87,0.0,0.0,8843.21,7107.86,1.0
p[10649],0.91,0.01,0.88,0.93,0.0,0.0,11616.05,6679.29,1.0
p[10650],0.88,0.01,0.87,0.9,0.0,0.0,9651.62,6379.05,1.0
p[10651],0.88,0.01,0.87,0.9,0.0,0.0,9652.73,6339.71,1.0
p[10652],0.88,0.01,0.87,0.9,0.0,0.0,9653.26,6339.71,1.0
p[10653],0.88,0.01,0.87,0.9,0.0,0.0,9649.7,6339.31,1.0
p[10654],0.93,0.01,0.92,0.95,0.0,0.0,8539.75,6543.81,1.0
p[10655],0.88,0.01,0.87,0.9,0.0,0.0,9659.69,6406.38,1.0
p[10656],0.93,0.01,0.92,0.95,0.0,0.0,8550.95,6633.39,1.0
p[10657],0.86,0.01,0.84,0.87,0.0,0.0,8874.59,6977.55,1.0
p[10658],0.91,0.01,0.89,0.93,0.0,0.0,9494.74,6372.89,1.0
p[10659],0.93,0.01,0.92,0.95,0.0,0.0,8555.17,6810.85,1.0
p[10660],0.86,0.01,0.84,0.87,0.0,0.0,8879.55,6977.18,1.0
p[10661],0.88,0.01,0.87,0.9,0.0,0.0,9692.41,6325.92,1.0
p[10662],0.88,0.01,0.87,0.9,0.0,0.0,9692.78,6379.01,1.0
p[10663],0.88,0.01,0.87,0.9,0.0,0.0,9697.49,6325.92,1.0
p[10664],0.79,0.03,0.74,0.84,0.0,0.0,11524.97,6482.93,1.0
p[10665],0.74,0.02,0.71,0.76,0.0,0.0,9617.62,7198.93,1.0
p[10666],0.69,0.02,0.66,0.72,0.0,0.0,9646.57,6966.48,1.0
p[10667],0.69,0.02,0.66,0.72,0.0,0.0,9643.08,6966.97,1.0
p[10668],0.74,0.02,0.71,0.77,0.0,0.0,9621.67,7198.08,1.0
p[10669],0.74,0.02,0.71,0.77,0.0,0.0,9620.66,7198.08,1.0
p[10670],0.84,0.01,0.82,0.87,0.0,0.0,8902.28,7163.06,1.0
p[10671],0.74,0.02,0.71,0.77,0.0,0.0,9621.31,7163.81,1.0
p[10672],0.69,0.02,0.66,0.72,0.0,0.0,9632.27,6841.38,1.0
p[10673],0.69,0.02,0.66,0.73,0.0,0.0,9630.1,6904.46,1.0
p[10674],0.8,0.02,0.77,0.84,0.0,0.0,9355.36,6848.23,1.0
p[10675],0.74,0.01,0.71,0.77,0.0,0.0,9622.75,7231.69,1.0
p[10676],0.74,0.01,0.72,0.77,0.0,0.0,9623.07,7231.69,1.0
p[10677],0.7,0.02,0.67,0.73,0.0,0.0,9614.69,6874.96,1.0
p[10678],0.7,0.02,0.67,0.73,0.0,0.0,9401.66,6935.34,1.0
p[10679],0.75,0.01,0.72,0.78,0.0,0.0,9628.86,7101.09,1.0
p[10680],0.81,0.02,0.77,0.85,0.0,0.0,9357.47,6580.79,1.0
p[10681],0.71,0.02,0.67,0.73,0.0,0.0,9374.14,7164.37,1.0
p[10682],0.71,0.02,0.68,0.74,0.0,0.0,9332.03,7200.28,1.0
p[10683],0.71,0.02,0.68,0.74,0.0,0.0,9303.65,7031.53,1.0
p[10684],0.82,0.02,0.79,0.87,0.0,0.0,12192.52,6998.73,1.0
p[10685],0.72,0.02,0.69,0.75,0.0,0.0,9252.41,7190.6,1.0
p[10686],0.73,0.01,0.7,0.75,0.0,0.0,9190.57,7054.25,1.0
p[10687],0.82,0.02,0.78,0.86,0.0,0.0,11574.7,6427.29,1.0
p[10688],0.73,0.01,0.7,0.76,0.0,0.0,9157.85,6928.28,1.0
p[10689],0.77,0.01,0.75,0.8,0.0,0.0,9432.66,6749.51,1.0
p[10690],0.77,0.01,0.75,0.8,0.0,0.0,9425.43,6750.22,1.0
p[10691],0.77,0.01,0.75,0.8,0.0,0.0,9423.42,6690.15,1.0
p[10692],0.83,0.02,0.8,0.87,0.0,0.0,12200.46,6839.28,1.0
p[10693],0.77,0.01,0.75,0.8,0.0,0.0,9422.64,6720.26,1.0
p[10694],0.77,0.01,0.75,0.8,0.0,0.0,9422.13,6720.26,1.0
p[10695],0.73,0.01,0.71,0.76,0.0,0.0,9125.53,6928.26,1.0
p[10696],0.78,0.01,0.75,0.8,0.0,0.0,9415.9,6694.41,1.0
p[10697],0.73,0.01,0.71,0.76,0.0,0.0,9114.22,6865.68,1.0
p[10698],0.75,0.02,0.7,0.79,0.0,0.0,10263.83,6993.84,1.0
p[10699],0.78,0.01,0.75,0.8,0.0,0.0,9407.01,6630.52,1.0
p[10700],0.78,0.01,0.75,0.8,0.0,0.0,9402.05,6660.61,1.0
p[10701],0.57,0.02,0.52,0.61,0.0,0.0,9659.73,6995.78,1.0
p[10702],0.8,0.02,0.76,0.84,0.0,0.0,9967.09,6532.34,1.0
p[10703],0.78,0.01,0.76,0.8,0.0,0.0,9396.16,6660.84,1.0
p[10704],0.78,0.01,0.76,0.8,0.0,0.0,9395.48,6660.84,1.0
p[10705],0.74,0.01,0.71,0.76,0.0,0.0,9090.98,6806.58,1.0
p[10706],0.78,0.01,0.76,0.8,0.0,0.0,9391.4,6690.69,1.0
p[10707],0.74,0.01,0.71,0.76,0.0,0.0,9084.53,6807.21,1.0
p[10708],0.78,0.01,0.76,0.8,0.0,0.0,9390.36,6631.87,1.0
p[10709],0.78,0.01,0.76,0.8,0.0,0.0,9388.51,6631.87,1.0
p[10710],0.78,0.01,0.76,0.8,0.0,0.0,9387.66,6631.87,1.0
p[10711],0.84,0.02,0.8,0.88,0.0,0.0,12195.81,6774.44,1.0
p[10712],0.78,0.01,0.76,0.8,0.0,0.0,9382.49,6517.97,1.0
p[10713],0.74,0.01,0.71,0.77,0.0,0.0,9072.32,6836.38,1.0
p[10714],0.78,0.01,0.76,0.8,0.0,0.0,9382.49,6517.97,1.0
p[10715],0.78,0.01,0.76,0.8,0.0,0.0,9379.92,6478.65,1.0
p[10716],0.78,0.01,0.76,0.8,0.0,0.0,9378.45,6423.66,1.0
p[10717],0.74,0.01,0.72,0.77,0.0,0.0,9060.65,6928.39,1.0
p[10718],0.74,0.01,0.72,0.77,0.0,0.0,9056.42,6960.76,1.0
p[10719],0.75,0.02,0.71,0.8,0.0,0.0,10262.65,6991.98,1.0
p[10720],0.89,0.02,0.85,0.93,0.0,0.0,10436.3,5917.12,1.0
p[10721],0.74,0.01,0.72,0.77,0.0,0.0,9046.47,6994.35,1.0
p[10722],0.78,0.01,0.76,0.8,0.0,0.0,9366.57,6300.87,1.0
p[10723],0.84,0.02,0.81,0.87,0.0,0.0,9386.18,6128.45,1.0
p[10724],0.74,0.01,0.72,0.77,0.0,0.0,9039.42,6993.91,1.0
p[10725],0.8,0.02,0.76,0.84,0.0,0.0,9940.47,6594.18,1.0
p[10726],0.58,0.02,0.53,0.62,0.0,0.0,9654.34,7028.18,1.0
p[10727],0.79,0.01,0.76,0.81,0.0,0.0,9357.21,6198.82,1.0
p[10728],0.84,0.02,0.81,0.87,0.0,0.0,9382.29,6079.77,1.0
p[10729],0.79,0.01,0.76,0.81,0.0,0.0,9356.37,6198.82,1.0
p[10730],0.75,0.01,0.72,0.77,0.0,0.0,9023.14,6952.86,1.0
p[10731],0.75,0.01,0.72,0.77,0.0,0.0,9019.25,6889.78,1.0
p[10732],0.79,0.01,0.77,0.81,0.0,0.0,9350.26,6173.65,1.0
p[10733],0.79,0.01,0.77,0.81,0.0,0.0,9348.31,6099.26,1.0
p[10734],0.75,0.01,0.72,0.77,0.0,0.0,9011.53,6796.98,1.0
p[10735],0.79,0.01,0.77,0.81,0.0,0.0,9347.66,6099.26,1.0
p[10736],0.79,0.01,0.77,0.81,0.0,0.0,9345.82,6099.14,1.0
p[10737],0.79,0.01,0.77,0.81,0.0,0.0,9345.75,6099.14,1.0
p[10738],0.75,0.01,0.72,0.77,0.0,0.0,9006.22,6795.54,1.0
p[10739],0.84,0.02,0.81,0.87,0.0,0.0,9388.6,5983.19,1.0
p[10740],0.79,0.01,0.77,0.81,0.0,0.0,9342.23,6122.52,1.0
p[10741],0.84,0.02,0.81,0.87,0.0,0.0,9388.23,5982.85,1.0
p[10742],0.75,0.01,0.72,0.77,0.0,0.0,8998.28,6795.18,1.0
p[10743],0.85,0.02,0.81,0.88,0.0,0.0,12184.75,6569.01,1.0
p[10744],0.79,0.01,0.77,0.81,0.0,0.0,9339.1,6096.42,1.0
p[10745],0.76,0.02,0.72,0.8,0.0,0.0,10265.05,6992.41,1.0
p[10746],0.79,0.01,0.77,0.81,0.0,0.0,9335.43,6146.21,1.0
p[10747],0.75,0.01,0.73,0.77,0.0,0.0,8988.77,6701.9,1.0
p[10748],0.79,0.01,0.77,0.81,0.0,0.0,9331.84,6173.68,1.0
p[10749],0.75,0.01,0.73,0.78,0.0,0.0,8982.21,6672.48,1.0
p[10750],0.59,0.02,0.54,0.63,0.0,0.0,9646.01,7030.19,1.0
p[10751],0.75,0.01,0.73,0.78,0.0,0.0,8972.9,6643.06,1.0
p[10752],0.81,0.02,0.77,0.85,0.0,0.0,9943.55,6624.35,1.0
p[10753],0.79,0.01,0.77,0.81,0.0,0.0,9323.41,6172.87,1.0
p[10754],0.79,0.01,0.77,0.81,0.0,0.0,9323.28,6247.87,1.0
p[10755],0.75,0.01,0.73,0.78,0.0,0.0,8966.3,6708.47,1.0
p[10756],0.79,0.01,0.77,0.81,0.0,0.0,9321.49,6247.87,1.0
p[10757],0.79,0.01,0.77,0.81,0.0,0.0,9319.2,6249.31,1.0
p[10758],0.79,0.01,0.77,0.81,0.0,0.0,9319.2,6249.31,1.0
p[10759],0.75,0.01,0.73,0.78,0.0,0.0,8957.38,6768.67,1.0
p[10760],0.73,0.02,0.69,0.78,0.0,0.0,8857.21,6839.02,1.0
p[10761],0.85,0.02,0.82,0.89,0.0,0.0,12180.17,6566.08,1.0
p[10762],0.8,0.01,0.77,0.81,0.0,0.0,9319.27,6275.93,1.0
p[10763],0.75,0.01,0.73,0.78,0.0,0.0,8952.09,6793.9,1.0
p[10764],0.8,0.01,0.78,0.82,0.0,0.0,9317.73,6249.68,1.0
p[10765],0.8,0.01,0.78,0.82,0.0,0.0,9317.73,6249.68,1.0
p[10766],0.8,0.01,0.78,0.82,0.0,0.0,9316.63,6274.63,1.0
p[10767],0.8,0.01,0.78,0.82,0.0,0.0,9315.7,6300.84,1.0
p[10768],0.9,0.02,0.86,0.94,0.0,0.0,10425.29,6027.23,1.0
p[10769],0.77,0.02,0.73,0.81,0.0,0.0,10256.86,7032.83,1.0
p[10770],0.76,0.01,0.73,0.78,0.0,0.0,8934.25,6650.65,1.0
p[10771],0.76,0.01,0.73,0.78,0.0,0.0,8932.54,6650.65,1.0
p[10772],0.8,0.01,0.78,0.82,0.0,0.0,9307.52,6302.03,1.0
p[10773],0.76,0.01,0.74,0.78,0.0,0.0,8925.84,6679.94,1.0
p[10774],0.6,0.02,0.55,0.64,0.0,0.0,9639.28,7030.24,1.0
p[10775],0.8,0.01,0.78,0.82,0.0,0.0,9302.51,6301.36,1.0
p[10776],0.82,0.02,0.78,0.85,0.0,0.0,9974.59,6580.04,1.0
p[10777],0.76,0.01,0.74,0.78,0.0,0.0,8915.67,6707.16,1.0
p[10778],0.85,0.01,0.82,0.88,0.0,0.0,9406.62,6103.55,1.0
p[10779],0.8,0.01,0.78,0.82,0.0,0.0,9297.66,6199.26,1.0
p[10780],0.88,0.01,0.86,0.9,0.0,0.0,8784.26,6738.6,1.0
p[10781],0.74,0.02,0.7,0.78,0.0,0.0,8845.92,6808.36,1.0
p[10782],0.76,0.01,0.74,0.78,0.0,0.0,8908.27,6618.5,1.0
p[10783],0.8,0.01,0.78,0.82,0.0,0.0,9295.48,6125.81,1.0
p[10784],0.8,0.01,0.78,0.82,0.0,0.0,9294.22,6125.81,1.0
p[10785],0.8,0.01,0.78,0.82,0.0,0.0,9294.41,6125.81,1.0
p[10786],0.8,0.01,0.78,0.82,0.0,0.0,9294.37,6150.72,1.0
p[10787],0.8,0.01,0.78,0.82,0.0,0.0,9292.43,6101.47,1.0
p[10788],0.86,0.02,0.82,0.89,0.0,0.0,12168.78,6483.12,1.0
p[10789],0.8,0.01,0.78,0.82,0.0,0.0,9292.74,6175.32,1.0
p[10790],0.89,0.01,0.87,0.9,0.0,0.0,8779.86,6678.75,1.0
p[10791],0.76,0.01,0.74,0.79,0.0,0.0,8893.22,6584.85,1.0
p[10792],0.8,0.01,0.78,0.82,0.0,0.0,9290.34,6125.12,1.0
p[10793],0.78,0.02,0.73,0.82,0.0,0.0,10253.99,7001.8,1.0
p[10794],0.76,0.01,0.74,0.79,0.0,0.0,8887.65,6559.74,1.0
p[10795],0.8,0.01,0.78,0.82,0.0,0.0,9290.19,6074.33,1.0
p[10796],0.89,0.01,0.87,0.91,0.0,0.0,8773.76,6705.99,1.0
p[10797],0.81,0.01,0.79,0.82,0.0,0.0,9287.95,6074.96,1.0
p[10798],0.81,0.01,0.79,0.82,0.0,0.0,9287.52,6074.96,1.0
p[10799],0.82,0.02,0.79,0.86,0.0,0.0,10003.64,6644.51,1.0
p[10800],0.86,0.01,0.83,0.88,0.0,0.0,9414.66,6153.43,1.0
p[10801],0.75,0.02,0.71,0.79,0.0,0.0,8843.69,6977.31,1.0
p[10802],0.81,0.01,0.79,0.83,0.0,0.0,9284.68,6099.07,1.0
p[10803],0.61,0.02,0.57,0.65,0.0,0.0,9632.12,6932.31,1.0
p[10804],0.77,0.01,0.75,0.79,0.0,0.0,8860.55,6539.45,1.0
p[10805],0.81,0.01,0.79,0.83,0.0,0.0,9282.36,6123.19,1.0
p[10806],0.81,0.01,0.79,0.83,0.0,0.0,9282.36,6123.19,1.0
p[10807],0.77,0.01,0.75,0.79,0.0,0.0,8859.1,6456.48,1.0
p[10808],0.81,0.01,0.79,0.83,0.0,0.0,9281.05,6097.51,1.0
p[10809],0.86,0.02,0.83,0.89,0.0,0.0,12154.47,6598.86,1.0
p[10810],0.77,0.01,0.75,0.79,0.0,0.0,8857.72,6539.12,1.0
p[10811],0.81,0.01,0.79,0.83,0.0,0.0,9280.08,6121.62,1.0
p[10812],0.81,0.01,0.79,0.83,0.0,0.0,9280.05,6121.62,1.0
p[10813],0.77,0.01,0.75,0.79,0.0,0.0,8852.45,6539.12,1.0
p[10814],0.81,0.01,0.79,0.83,0.0,0.0,9278.49,6172.21,1.0
p[10815],0.81,0.01,0.79,0.83,0.0,0.0,9278.01,6172.21,1.0
p[10816],0.91,0.02,0.87,0.94,0.0,0.0,10400.42,5919.7,1.0
p[10817],0.81,0.01,0.79,0.83,0.0,0.0,9277.83,6247.67,1.0
p[10818],0.86,0.01,0.83,0.89,0.0,0.0,9425.69,6128.16,1.0
p[10819],0.77,0.01,0.75,0.79,0.0,0.0,8845.87,6539.12,1.0
p[10820],0.81,0.01,0.79,0.83,0.0,0.0,9278.32,6247.67,1.0
p[10821],0.85,0.02,0.81,0.88,0.0,0.0,11604.36,6308.8,1.0
p[10822],0.78,0.02,0.74,0.82,0.0,0.0,10252.64,6845.21,1.0
p[10823],0.81,0.01,0.79,0.83,0.0,0.0,9276.48,6289.49,1.0
p[10824],0.83,0.02,0.79,0.86,0.0,0.0,10025.82,6707.31,1.0
p[10825],0.77,0.01,0.75,0.8,0.0,0.0,8837.78,6710.67,1.0
p[10826],0.62,0.02,0.57,0.66,0.0,0.0,9624.24,6964.49,1.0
p[10827],0.81,0.01,0.79,0.83,0.0,0.0,9275.36,6272.93,1.0
p[10828],0.81,0.01,0.79,0.83,0.0,0.0,9275.2,6272.93,1.0
p[10829],0.77,0.01,0.75,0.8,0.0,0.0,8833.75,6769.74,1.0
p[10830],0.77,0.01,0.75,0.8,0.0,0.0,8832.61,6800.02,1.0
p[10831],0.75,0.02,0.72,0.79,0.0,0.0,8839.1,6974.41,1.0
p[10832],0.86,0.01,0.84,0.89,0.0,0.0,9439.21,6078.54,1.0
p[10833],0.81,0.01,0.79,0.83,0.0,0.0,9274.89,6315.4,1.0
p[10834],0.78,0.01,0.75,0.8,0.0,0.0,8826.02,6860.92,1.0
p[10835],0.81,0.01,0.8,0.83,0.0,0.0,9275.03,6289.27,1.0
p[10836],0.81,0.01,0.8,0.83,0.0,0.0,9274.69,6262.72,1.0
p[10837],0.81,0.01,0.8,0.83,0.0,0.0,9275.39,6288.54,1.0
p[10838],0.81,0.01,0.8,0.83,0.0,0.0,9275.18,6288.07,1.0
p[10839],0.85,0.02,0.82,0.89,0.0,0.0,11605.53,6413.34,1.0
p[10840],0.81,0.01,0.8,0.83,0.0,0.0,9275.09,6314.44,1.0
p[10841],0.89,0.01,0.87,0.91,0.0,0.0,8761.96,6505.46,1.0
p[10842],0.78,0.01,0.75,0.8,0.0,0.0,8817.91,6778.93,1.0
p[10843],0.86,0.01,0.84,0.89,0.0,0.0,9445.89,6055.44,1.0
p[10844],0.81,0.01,0.8,0.83,0.0,0.0,9273.11,6262.33,1.0
p[10845],0.79,0.02,0.75,0.83,0.0,0.0,10255.63,6843.2,1.0
p[10846],0.82,0.01,0.8,0.83,0.0,0.0,9274.37,6288.48,1.0
p[10847],0.87,0.02,0.84,0.9,0.0,0.0,12129.17,6613.68,1.0
p[10848],0.89,0.01,0.88,0.91,0.0,0.0,8758.58,6395.76,1.0
p[10849],0.78,0.01,0.76,0.8,0.0,0.0,8814.01,6773.88,1.0
p[10850],0.78,0.01,0.76,0.8,0.0,0.0,8812.36,6804.2,1.0
p[10851],0.82,0.01,0.8,0.83,0.0,0.0,9275.58,6367.46,1.0
p[10852],0.83,0.02,0.8,0.87,0.0,0.0,10069.67,6641.16,1.0
p[10853],0.82,0.01,0.8,0.83,0.0,0.0,9275.41,6341.28,1.0
p[10854],0.63,0.02,0.58,0.67,0.0,0.0,9617.39,6952.5,1.0
p[10855],0.86,0.01,0.84,0.89,0.0,0.0,9450.57,6054.91,1.0
p[10856],0.82,0.01,0.8,0.84,0.0,0.0,9276.11,6340.71,1.0
p[10857],0.82,0.01,0.8,0.84,0.0,0.0,9276.64,6367.26,1.0
p[10858],0.87,0.01,0.84,0.89,0.0,0.0,9449.25,6103.4,1.0
p[10859],0.78,0.01,0.76,0.8,0.0,0.0,8805.67,6865.39,1.0
p[10860],0.76,0.02,0.72,0.8,0.0,0.0,8835.72,6874.52,1.0
p[10861],0.82,0.01,0.8,0.84,0.0,0.0,9278.49,6394.03,1.0
p[10862],0.82,0.01,0.8,0.84,0.0,0.0,9278.57,6367.25,1.0
p[10863],0.78,0.01,0.76,0.8,0.0,0.0,8801.85,6865.44,1.0
p[10864],0.82,0.01,0.8,0.84,0.0,0.0,9280.66,6367.25,1.0
p[10865],0.87,0.02,0.84,0.9,0.0,0.0,12123.47,6630.1,1.0
p[10866],0.82,0.01,0.8,0.84,0.0,0.0,9281.59,6340.08,1.0
p[10867],0.78,0.01,0.76,0.8,0.0,0.0,8798.33,6992.61,1.0
p[10868],0.82,0.01,0.8,0.84,0.0,0.0,9281.4,6340.27,1.0
p[10869],0.82,0.01,0.8,0.84,0.0,0.0,9281.4,6367.74,1.0
p[10870],0.82,0.01,0.8,0.84,0.0,0.0,9281.3,6367.74,1.0
p[10871],0.82,0.01,0.8,0.84,0.0,0.0,9281.87,6394.22,1.0
p[10872],0.91,0.02,0.88,0.95,0.0,0.0,10382.19,5894.36,1.0
p[10873],0.78,0.01,0.76,0.81,0.0,0.0,8797.71,6977.3,1.0
p[10874],0.82,0.01,0.8,0.84,0.0,0.0,9283.48,6367.74,1.0
p[10875],0.79,0.01,0.76,0.81,0.0,0.0,8794.72,6993.55,1.0
p[10876],0.79,0.01,0.76,0.81,0.0,0.0,8792.56,7042.74,1.0
p[10877],0.82,0.01,0.81,0.84,0.0,0.0,9287.34,6421.65,1.0
p[10878],0.82,0.01,0.81,0.84,0.0,0.0,9290.64,6449.6,1.0
p[10879],0.79,0.01,0.77,0.81,0.0,0.0,8786.92,7021.47,1.0
p[10880],0.8,0.02,0.76,0.83,0.0,0.0,10260.15,6904.03,1.0
p[10881],0.82,0.01,0.81,0.84,0.0,0.0,9290.99,6449.4,1.0
p[10882],0.84,0.02,0.81,0.87,0.0,0.0,9993.88,6556.24,1.0
p[10883],0.79,0.01,0.77,0.81,0.0,0.0,8786.23,7017.72,1.0
p[10884],0.82,0.01,0.81,0.84,0.0,0.0,9292.81,6422.88,1.0
p[10885],0.83,0.01,0.81,0.84,0.0,0.0,9293.9,6423.05,1.0
p[10886],0.83,0.01,0.81,0.84,0.0,0.0,9293.9,6423.05,1.0
p[10887],0.79,0.01,0.77,0.81,0.0,0.0,8785.63,7085.7,1.0
p[10888],0.83,0.01,0.81,0.84,0.0,0.0,9294.04,6479.3,1.0
p[10889],0.83,0.01,0.81,0.84,0.0,0.0,9298.16,6397.35,1.0
p[10890],0.87,0.01,0.85,0.9,0.0,0.0,9469.37,5938.07,1.0
p[10891],0.79,0.01,0.77,0.81,0.0,0.0,8783.45,7136.97,1.0
p[10892],0.83,0.01,0.81,0.84,0.0,0.0,9298.89,6344.24,1.0
p[10893],0.83,0.01,0.81,0.84,0.0,0.0,9299.78,6343.94,1.0
p[10894],0.79,0.01,0.77,0.81,0.0,0.0,8782.22,7140.01,1.0
p[10895],0.83,0.01,0.81,0.84,0.0,0.0,9301.38,6355.82,1.0
p[10896],0.88,0.02,0.85,0.9,0.0,0.0,12095.47,6630.36,1.0
p[10897],0.77,0.02,0.74,0.81,0.0,0.0,8829.16,6652.65,1.0
p[10898],0.87,0.01,0.85,0.9,0.0,0.0,9472.52,5891.34,1.0
p[10899],0.83,0.01,0.81,0.85,0.0,0.0,9302.43,6250.07,1.0
p[10900],0.9,0.01,0.89,0.92,0.0,0.0,8754.87,6293.7,1.0
p[10901],0.79,0.01,0.77,0.81,0.0,0.0,8782.44,7209.96,1.0
p[10902],0.83,0.01,0.81,0.85,0.0,0.0,9305.41,6248.91,1.0
p[10903],0.8,0.02,0.77,0.84,0.0,0.0,10260.61,7064.29,1.0
p[10904],0.79,0.01,0.77,0.81,0.0,0.0,8781.66,7232.65,1.0
p[10905],0.83,0.01,0.81,0.85,0.0,0.0,9306.91,6274.98,1.0
p[10906],0.84,0.02,0.81,0.88,0.0,0.0,9998.69,6582.35,1.0
p[10907],0.83,0.01,0.81,0.85,0.0,0.0,9306.24,6271.46,1.0
p[10908],0.79,0.01,0.77,0.82,0.0,0.0,8782.39,7209.92,1.0
p[10909],0.78,0.02,0.74,0.81,0.0,0.0,8833.95,6710.99,1.0
p[10910],0.83,0.01,0.81,0.85,0.0,0.0,9308.32,6296.39,1.0
p[10911],0.8,0.01,0.77,0.82,0.0,0.0,8781.89,7276.71,1.0
p[10912],0.83,0.01,0.81,0.85,0.0,0.0,9312.5,6267.87,1.0
p[10913],0.8,0.01,0.78,0.82,0.0,0.0,8780.89,7299.14,1.0
p[10914],0.83,0.01,0.81,0.85,0.0,0.0,9314.29,6241.6,1.0
p[10915],0.87,0.02,0.84,0.9,0.0,0.0,11586.35,6302.22,1.0
p[10916],0.83,0.01,0.82,0.85,0.0,0.0,9317.94,6293.82,1.0
p[10917],0.83,0.01,0.82,0.85,0.0,0.0,9319.82,6294.27,1.0
p[10918],0.92,0.02,0.89,0.95,0.0,0.0,10166.39,6038.8,1.0
p[10919],0.83,0.01,0.82,0.85,0.0,0.0,9319.91,6294.27,1.0
p[10920],0.83,0.01,0.82,0.85,0.0,0.0,9323.54,6320.66,1.0
p[10921],0.83,0.01,0.82,0.85,0.0,0.0,9323.54,6320.66,1.0
p[10922],0.83,0.01,0.82,0.85,0.0,0.0,9323.74,6320.66,1.0
p[10923],0.88,0.02,0.85,0.91,0.0,0.0,12062.96,6935.5,1.0
p[10924],0.8,0.01,0.78,0.82,0.0,0.0,8780.86,7111.09,1.0
p[10925],0.92,0.02,0.88,0.95,0.0,0.0,10452.21,6406.49,1.0
p[10926],0.85,0.02,0.82,0.88,0.0,0.0,9982.36,6613.1,1.0
p[10927],0.8,0.01,0.78,0.82,0.0,0.0,8782.13,7144.51,1.0
p[10928],0.65,0.02,0.61,0.69,0.0,0.0,9628.46,7193.86,1.0
p[10929],0.88,0.01,0.85,0.9,0.0,0.0,9492.42,5791.34,1.0
p[10930],0.83,0.01,0.82,0.85,0.0,0.0,9332.39,6192.71,1.0
p[10931],0.8,0.01,0.78,0.82,0.0,0.0,8782.35,7097.14,1.0
p[10932],0.83,0.01,0.82,0.85,0.0,0.0,9334.87,6192.62,1.0
p[10933],0.8,0.01,0.78,0.82,0.0,0.0,8783.44,7064.55,1.0
p[10934],0.81,0.02,0.77,0.85,0.0,0.0,10264.48,7197.25,1.0
p[10935],0.84,0.01,0.82,0.85,0.0,0.0,9336.08,6243.48,1.0
p[10936],0.78,0.02,0.75,0.82,0.0,0.0,8848.12,6770.99,1.0
p[10937],0.8,0.01,0.78,0.82,0.0,0.0,8783.65,7031.26,1.0
p[10938],0.84,0.01,0.82,0.85,0.0,0.0,9339.05,6217.91,1.0
p[10939],0.8,0.01,0.78,0.82,0.0,0.0,8785.38,6934.15,1.0
p[10940],0.91,0.01,0.89,0.92,0.0,0.0,8761.33,6345.49,1.0
p[10941],0.84,0.01,0.82,0.85,0.0,0.0,9343.7,6218.2,1.0
p[10942],0.8,0.01,0.78,0.82,0.0,0.0,8786.84,6934.65,1.0
p[10943],0.84,0.01,0.82,0.85,0.0,0.0,9344.83,6323.42,1.0
p[10944],0.84,0.01,0.82,0.85,0.0,0.0,9344.83,6323.42,1.0
p[10945],0.91,0.01,0.89,0.92,0.0,0.0,8763.27,6371.65,1.0
p[10946],0.88,0.02,0.85,0.91,0.0,0.0,12041.64,6961.78,1.0
p[10947],0.8,0.01,0.78,0.82,0.0,0.0,8788.52,6950.2,1.0
p[10948],0.84,0.01,0.82,0.85,0.0,0.0,9344.62,6271.72,1.0
p[10949],0.84,0.01,0.82,0.85,0.0,0.0,9345.35,6245.84,1.0
p[10950],0.91,0.01,0.89,0.92,0.0,0.0,8764.47,6344.87,1.0
p[10951],0.84,0.01,0.82,0.85,0.0,0.0,9346.82,6272.01,1.0
p[10952],0.88,0.01,0.86,0.9,0.0,0.0,9507.82,5858.33,1.0
p[10953],0.84,0.01,0.82,0.85,0.0,0.0,9348.6,6271.86,1.0
p[10954],0.81,0.02,0.78,0.85,0.0,0.0,10265.53,7128.15,1.0
p[10955],0.8,0.01,0.78,0.83,0.0,0.0,8790.44,6949.33,1.0
p[10956],0.84,0.01,0.82,0.86,0.0,0.0,9351.92,6271.86,1.0
p[10957],0.91,0.01,0.89,0.92,0.0,0.0,8766.7,6318.6,1.0
p[10958],0.85,0.02,0.82,0.88,0.0,0.0,9971.99,6626.49,1.0
p[10959],0.81,0.01,0.79,0.83,0.0,0.0,8793.22,7013.44,1.0
p[10960],0.84,0.01,0.82,0.86,0.0,0.0,9358.5,6458.37,1.0
p[10961],0.66,0.02,0.62,0.7,0.0,0.0,9641.95,7092.71,1.0
p[10962],0.81,0.01,0.79,0.83,0.0,0.0,8794.34,7030.71,1.0
p[10963],0.84,0.01,0.82,0.86,0.0,0.0,9361.41,6431.6,1.0
p[10964],0.84,0.01,0.82,0.86,0.0,0.0,9361.39,6431.6,1.0
p[10965],0.84,0.01,0.82,0.86,0.0,0.0,9363.75,6457.75,1.0
p[10966],0.81,0.01,0.79,0.83,0.0,0.0,8797.55,7014.24,1.0
p[10967],0.79,0.02,0.75,0.83,0.0,0.0,8861.48,6636.07,1.0
p[10968],0.84,0.01,0.83,0.86,0.0,0.0,9370.09,6513.37,1.0
p[10969],0.81,0.01,0.79,0.83,0.0,0.0,8799.37,7014.3,1.0
p[10970],0.84,0.01,0.83,0.86,0.0,0.0,9373.35,6513.38,1.0
p[10971],0.84,0.01,0.83,0.86,0.0,0.0,9373.35,6513.38,1.0
p[10972],0.84,0.01,0.83,0.86,0.0,0.0,9374.38,6541.4,1.0
p[10973],0.81,0.01,0.79,0.83,0.0,0.0,8800.61,7042.35,1.0
p[10974],0.84,0.01,0.83,0.86,0.0,0.0,9376.87,6522.49,1.0
p[10975],0.84,0.01,0.83,0.86,0.0,0.0,9376.87,6522.49,1.0
p[10976],0.84,0.01,0.83,0.86,0.0,0.0,9379.44,6570.26,1.0
p[10977],0.93,0.02,0.9,0.95,0.0,0.0,10140.62,6162.89,1.0
p[10978],0.88,0.01,0.86,0.91,0.0,0.0,9532.48,5863.19,1.0
p[10979],0.81,0.01,0.79,0.83,0.0,0.0,8805.45,7037.4,1.0
p[10980],0.84,0.01,0.83,0.86,0.0,0.0,9389.46,6687.06,1.0
p[10981],0.81,0.01,0.79,0.83,0.0,0.0,8807.19,7037.4,1.0
p[10982],0.84,0.01,0.83,0.86,0.0,0.0,9390.04,6687.06,1.0
p[10983],0.82,0.02,0.78,0.85,0.0,0.0,10270.72,7227.72,1.0
p[10984],0.81,0.01,0.79,0.83,0.0,0.0,8810.25,7037.4,1.0
p[10985],0.84,0.01,0.83,0.86,0.0,0.0,9400.51,6542.76,1.0
p[10986],0.86,0.02,0.83,0.89,0.0,0.0,9955.12,6674.31,1.0
p[10987],0.81,0.01,0.79,0.83,0.0,0.0,8814.37,7104.19,1.0
p[10988],0.67,0.02,0.63,0.71,0.0,0.0,9654.93,7125.48,1.0
p[10989],0.81,0.01,0.79,0.83,0.0,0.0,8817.15,7104.22,1.0
p[10990],0.89,0.01,0.86,0.92,0.0,0.0,12002.17,6809.6,1.0
p[10991],0.85,0.01,0.83,0.86,0.0,0.0,9408.63,6677.05,1.0
p[10992],0.85,0.01,0.83,0.86,0.0,0.0,9409.11,6677.05,1.0
p[10993],0.8,0.02,0.76,0.83,0.0,0.0,8875.22,6758.21,1.0
p[10994],0.81,0.01,0.79,0.83,0.0,0.0,8823.79,7052.15,1.0
p[10995],0.85,0.01,0.83,0.86,0.0,0.0,9416.02,6541.78,1.0
p[10996],0.85,0.01,0.83,0.86,0.0,0.0,9417.42,6541.78,1.0
p[10997],0.81,0.01,0.79,0.83,0.0,0.0,9084.48,7003.46,1.0
p[10998],0.85,0.01,0.83,0.86,0.0,0.0,9419.76,6541.91,1.0
p[10999],0.85,0.01,0.83,0.86,0.0,0.0,9420.18,6541.91,1.0
p[11000],0.85,0.01,0.83,0.86,0.0,0.0,9421.06,6541.37,1.0
p[11001],0.91,0.01,0.9,0.93,0.0,0.0,8785.68,6267.41,1.0
p[11002],0.82,0.01,0.79,0.83,0.0,0.0,9077.95,7068.48,1.0
p[11003],0.89,0.01,0.86,0.92,0.0,0.0,11976.59,6781.36,1.0
p[11004],0.85,0.01,0.83,0.86,0.0,0.0,9427.56,6656.99,1.0
p[11005],0.85,0.01,0.83,0.86,0.0,0.0,9427.56,6656.99,1.0
p[11006],0.82,0.01,0.79,0.84,0.0,0.0,9079.19,6987.7,1.0
p[11007],0.89,0.01,0.87,0.91,0.0,0.0,9553.02,5956.29,1.0
p[11008],0.83,0.02,0.79,0.86,0.0,0.0,10271.25,7266.97,1.0
p[11009],0.91,0.01,0.9,0.93,0.0,0.0,8792.4,6293.08,1.0
p[11010],0.85,0.01,0.83,0.87,0.0,0.0,9438.4,6442.03,1.0
p[11011],0.86,0.02,0.84,0.89,0.0,0.0,9948.65,6560.11,1.0
p[11012],0.85,0.01,0.83,0.87,0.0,0.0,9438.4,6442.03,1.0
p[11013],0.82,0.01,0.8,0.84,0.0,0.0,9070.4,7116.35,1.0
p[11014],0.82,0.01,0.8,0.84,0.0,0.0,9070.41,7116.35,1.0
p[11015],0.68,0.02,0.64,0.72,0.0,0.0,9672.93,7157.95,1.0
p[11016],0.85,0.01,0.83,0.87,0.0,0.0,9441.67,6388.62,1.0
p[11017],0.85,0.01,0.83,0.87,0.0,0.0,9444.28,6388.62,1.0
p[11018],0.85,0.01,0.83,0.87,0.0,0.0,9445.16,6361.88,1.0
p[11019],0.82,0.01,0.8,0.84,0.0,0.0,9069.74,7083.17,1.0
p[11020],0.82,0.01,0.8,0.84,0.0,0.0,9070.96,7083.17,1.0
p[11021],0.88,0.02,0.86,0.91,0.0,0.0,11533.37,6375.62,1.0
p[11022],0.85,0.01,0.84,0.87,0.0,0.0,9451.75,6415.63,1.0
p[11023],0.82,0.01,0.8,0.84,0.0,0.0,9064.84,7149.27,1.0
p[11024],0.89,0.01,0.87,0.92,0.0,0.0,11947.08,6808.26,1.0
p[11025],0.85,0.01,0.84,0.87,0.0,0.0,9455.1,6414.96,1.0
p[11026],0.85,0.01,0.84,0.87,0.0,0.0,9455.1,6414.96,1.0
p[11027],0.82,0.01,0.8,0.84,0.0,0.0,9062.66,7036.56,1.0
p[11028],0.85,0.01,0.84,0.87,0.0,0.0,9457.61,6414.96,1.0
p[11029],0.85,0.01,0.84,0.87,0.0,0.0,9458.19,6439.55,1.0
p[11030],0.85,0.01,0.84,0.87,0.0,0.0,9458.91,6439.55,1.0
p[11031],0.85,0.01,0.84,0.87,0.0,0.0,9461.89,6440.0,1.0
p[11032],0.82,0.01,0.8,0.84,0.0,0.0,9054.84,6908.77,1.0
p[11033],0.93,0.01,0.9,0.96,0.0,0.0,10113.77,6060.96,1.0
p[11034],0.85,0.01,0.84,0.87,0.0,0.0,9469.54,6421.97,1.0
p[11035],0.85,0.01,0.84,0.87,0.0,0.0,9475.32,6394.55,1.0
p[11036],0.82,0.01,0.8,0.84,0.0,0.0,9051.6,6846.95,1.0
p[11037],0.93,0.02,0.9,0.96,0.0,0.0,10290.79,6300.65,1.0
p[11038],0.83,0.02,0.8,0.86,0.0,0.0,10271.66,7500.81,1.0
p[11039],0.85,0.01,0.84,0.87,0.0,0.0,9480.31,6449.88,1.0
p[11040],0.82,0.01,0.8,0.84,0.0,0.0,9051.36,7036.52,1.0
p[11041],0.92,0.01,0.9,0.93,0.0,0.0,8816.38,6282.68,1.0
p[11042],0.69,0.02,0.65,0.73,0.0,0.0,9695.92,7040.81,1.0
p[11043],0.86,0.01,0.84,0.87,0.0,0.0,9490.38,6422.53,1.0
p[11044],0.82,0.01,0.8,0.84,0.0,0.0,9049.19,6986.95,1.0
p[11045],0.87,0.01,0.84,0.9,0.0,0.0,9946.41,6617.89,1.0
p[11046],0.82,0.01,0.8,0.84,0.0,0.0,9051.56,7085.92,1.0
p[11047],0.86,0.01,0.84,0.87,0.0,0.0,9495.91,6562.01,1.0
p[11048],0.89,0.01,0.87,0.92,0.0,0.0,9596.27,6184.9,1.0
p[11049],0.86,0.01,0.84,0.87,0.0,0.0,9503.58,6514.97,1.0
p[11050],0.86,0.01,0.84,0.87,0.0,0.0,9504.54,6515.3,1.0
p[11051],0.92,0.01,0.9,0.93,0.0,0.0,8831.06,6345.16,1.0
p[11052],0.83,0.01,0.8,0.84,0.0,0.0,9055.42,7153.08,1.0
p[11053],0.86,0.01,0.84,0.87,0.0,0.0,9505.32,6515.3,1.0
p[11054],0.86,0.01,0.84,0.87,0.0,0.0,9506.02,6485.87,1.0
p[11055],0.86,0.01,0.84,0.87,0.0,0.0,9509.75,6450.84,1.0
p[11056],0.83,0.01,0.81,0.85,0.0,0.0,9057.36,7153.28,1.0
p[11057],0.92,0.01,0.9,0.93,0.0,0.0,8832.8,6318.78,1.0
p[11058],0.86,0.01,0.84,0.87,0.0,0.0,9512.54,6450.84,1.0
p[11059],0.83,0.01,0.81,0.85,0.0,0.0,9059.84,7153.28,1.0
p[11060],0.86,0.01,0.84,0.87,0.0,0.0,9514.17,6450.84,1.0
p[11061],0.9,0.01,0.87,0.92,0.0,0.0,9597.09,6313.81,1.0
p[11062],0.83,0.01,0.81,0.85,0.0,0.0,9061.88,7188.06,1.0
p[11063],0.92,0.01,0.91,0.93,0.0,0.0,8837.15,6204.02,1.0
p[11064],0.9,0.01,0.87,0.92,0.0,0.0,11896.93,6744.07,1.0
p[11065],0.86,0.01,0.84,0.87,0.0,0.0,9520.8,6397.74,1.0
p[11066],0.86,0.01,0.84,0.87,0.0,0.0,9527.92,6481.83,1.0
p[11067],0.84,0.02,0.8,0.87,0.0,0.0,10276.96,7465.28,1.0
p[11068],0.7,0.02,0.66,0.74,0.0,0.0,9721.75,7257.3,1.0
p[11069],0.86,0.01,0.84,0.88,0.0,0.0,9536.92,6487.18,1.0
p[11070],0.87,0.01,0.85,0.9,0.0,0.0,9949.55,6594.67,1.0
p[11071],0.86,0.01,0.84,0.88,0.0,0.0,9538.13,6510.91,1.0
p[11072],0.86,0.01,0.84,0.88,0.0,0.0,9541.51,6378.21,1.0
p[11073],0.83,0.01,0.81,0.85,0.0,0.0,9077.18,7078.52,1.0
p[11074],0.89,0.01,0.87,0.92,0.0,0.0,11485.12,6272.44,1.0
p[11075],0.86,0.01,0.84,0.88,0.0,0.0,9550.22,6428.54,1.0
p[11076],0.83,0.01,0.81,0.85,0.0,0.0,9079.16,7122.31,1.0
p[11077],0.92,0.01,0.91,0.94,0.0,0.0,8854.76,6179.52,1.0
p[11078],0.9,0.01,0.88,0.93,0.0,0.0,11873.75,6839.01,1.0
p[11079],0.86,0.01,0.85,0.88,0.0,0.0,9557.03,6435.92,1.0
p[11080],0.86,0.01,0.85,0.88,0.0,0.0,9558.46,6460.59,1.0
p[11081],0.86,0.01,0.85,0.88,0.0,0.0,9562.01,6460.59,1.0
p[11082],0.86,0.01,0.85,0.88,0.0,0.0,9562.01,6460.59,1.0
p[11083],0.9,0.01,0.88,0.92,0.0,0.0,9620.57,6419.06,1.0
p[11084],0.83,0.01,0.81,0.85,0.0,0.0,9090.13,7080.58,1.0
p[11085],0.86,0.01,0.85,0.88,0.0,0.0,9567.86,6408.11,1.0
p[11086],0.86,0.01,0.85,0.88,0.0,0.0,9570.24,6391.71,1.0
p[11087],0.83,0.01,0.81,0.85,0.0,0.0,9091.61,7215.0,1.0
p[11088],0.84,0.02,0.81,0.87,0.0,0.0,10270.5,7630.93,1.0
p[11089],0.9,0.01,0.88,0.92,0.0,0.0,9624.73,6445.94,1.0
p[11090],0.86,0.01,0.85,0.88,0.0,0.0,9583.21,6355.01,1.0
p[11091],0.86,0.01,0.85,0.88,0.0,0.0,9585.46,6409.55,1.0
p[11092],0.7,0.02,0.67,0.74,0.0,0.0,9752.13,7154.82,1.0
p[11093],0.9,0.01,0.87,0.92,0.0,0.0,11472.51,6157.78,1.0
p[11094],0.86,0.01,0.85,0.88,0.0,0.0,9592.28,6582.77,1.0
p[11095],0.84,0.01,0.82,0.86,0.0,0.0,9118.78,7065.97,1.0
p[11096],0.87,0.01,0.85,0.88,0.0,0.0,9602.1,6639.42,1.0
p[11097],0.92,0.01,0.91,0.94,0.0,0.0,8880.85,6255.7,1.0
p[11098],0.87,0.01,0.85,0.88,0.0,0.0,9602.1,6639.42,1.0
p[11099],0.9,0.01,0.87,0.92,0.0,0.0,11463.38,6183.23,1.0
p[11100],0.92,0.01,0.91,0.94,0.0,0.0,8881.94,6255.7,1.0
p[11101],0.87,0.01,0.85,0.88,0.0,0.0,9608.79,6611.33,1.0
p[11102],0.87,0.01,0.85,0.88,0.0,0.0,9608.79,6611.33,1.0
p[11103],0.87,0.01,0.85,0.88,0.0,0.0,9611.13,6641.15,1.0
p[11104],0.87,0.01,0.85,0.88,0.0,0.0,9611.48,6641.15,1.0
p[11105],0.9,0.01,0.87,0.92,0.0,0.0,11462.77,6182.31,1.0
p[11106],0.87,0.01,0.85,0.88,0.0,0.0,9619.91,6639.15,1.0
p[11107],0.93,0.01,0.91,0.94,0.0,0.0,8886.27,6216.9,1.0
p[11108],0.93,0.01,0.91,0.94,0.0,0.0,8886.27,6216.9,1.0
p[11109],0.84,0.01,0.82,0.86,0.0,0.0,9132.18,7014.46,1.0
p[11110],0.91,0.01,0.88,0.93,0.0,0.0,11823.76,6963.03,1.0
p[11111],0.93,0.01,0.91,0.94,0.0,0.0,8888.91,6217.47,1.0
p[11112],0.87,0.01,0.85,0.88,0.0,0.0,9635.59,6491.95,1.0
p[11113],0.87,0.01,0.85,0.88,0.0,0.0,9636.68,6521.53,1.0
p[11114],0.84,0.01,0.82,0.86,0.0,0.0,9141.97,6919.58,1.0
p[11115],0.87,0.01,0.85,0.88,0.0,0.0,9646.26,6520.31,1.0
p[11116],0.9,0.01,0.87,0.92,0.0,0.0,11447.14,6183.23,1.0
p[11117],0.84,0.01,0.82,0.86,0.0,0.0,9151.79,6982.65,1.0
p[11118],0.87,0.01,0.85,0.89,0.0,0.0,9653.22,6491.02,1.0
p[11119],0.84,0.01,0.82,0.86,0.0,0.0,9160.2,7015.67,1.0
p[11120],0.9,0.01,0.87,0.93,0.0,0.0,11443.99,6259.65,1.0
p[11121],0.87,0.01,0.85,0.89,0.0,0.0,9657.5,6491.02,1.0
p[11122],0.87,0.01,0.85,0.89,0.0,0.0,9659.02,6490.4,1.0
p[11123],0.93,0.01,0.91,0.94,0.0,0.0,8907.83,6254.81,1.0
p[11124],0.84,0.01,0.82,0.86,0.0,0.0,9169.68,6777.49,1.0
p[11125],0.87,0.01,0.86,0.89,0.0,0.0,9669.68,6591.29,1.0
p[11126],0.87,0.01,0.86,0.89,0.0,0.0,9670.33,6620.55,1.0
p[11127],0.87,0.01,0.86,0.89,0.0,0.0,9674.44,6620.88,1.0
p[11128],0.84,0.01,0.82,0.86,0.0,0.0,9173.89,6806.8,1.0
p[11129],0.84,0.01,0.82,0.86,0.0,0.0,9175.51,6806.8,1.0
p[11130],0.87,0.01,0.86,0.89,0.0,0.0,9691.98,6654.18,1.0
p[11131],0.91,0.01,0.89,0.93,0.0,0.0,9657.19,6382.45,1.0
p[11132],0.87,0.01,0.86,0.89,0.0,0.0,9695.29,6596.61,1.0
p[11133],0.94,0.01,0.92,0.96,0.0,0.0,10038.33,6153.33,1.0
p[11134],0.87,0.01,0.86,0.89,0.0,0.0,9700.12,6539.68,1.0
p[11135],0.9,0.01,0.88,0.93,0.0,0.0,11421.33,6337.53,1.0
p[11136],0.85,0.01,0.83,0.87,0.0,0.0,9197.7,7089.68,1.0
p[11137],0.87,0.01,0.86,0.89,0.0,0.0,9713.68,6567.23,1.0
p[11138],0.87,0.01,0.86,0.89,0.0,0.0,9713.27,6544.26,1.0
p[11139],0.93,0.01,0.92,0.94,0.0,0.0,8936.46,6229.37,1.0
p[11140],0.88,0.01,0.86,0.89,0.0,0.0,9715.76,6544.26,1.0
p[11141],0.88,0.01,0.86,0.89,0.0,0.0,9716.41,6517.04,1.0
p[11142],0.93,0.01,0.92,0.94,0.0,0.0,8939.69,6229.37,1.0
p[11143],0.93,0.01,0.92,0.94,0.0,0.0,8939.69,6229.37,1.0
p[11144],0.88,0.01,0.86,0.89,0.0,0.0,9723.59,6411.9,1.0
p[11145],0.91,0.01,0.89,0.93,0.0,0.0,9671.33,6584.08,1.0
p[11146],0.85,0.01,0.83,0.87,0.0,0.0,9212.93,7224.93,1.0
p[11147],0.85,0.01,0.83,0.87,0.0,0.0,9214.69,7224.93,1.0
p[11148],0.91,0.01,0.88,0.93,0.0,0.0,11396.81,6322.77,1.0
p[11149],0.88,0.01,0.86,0.89,0.0,0.0,9741.15,6392.82,1.0
p[11150],0.7,0.02,0.67,0.73,0.0,0.0,9805.74,6834.66,1.0
p[11151],0.7,0.02,0.67,0.73,0.0,0.0,9803.64,6827.64,1.0
p[11152],0.65,0.02,0.61,0.68,0.0,0.0,9678.64,7195.71,1.0
p[11153],0.65,0.02,0.61,0.69,0.0,0.0,9672.16,7229.93,1.0
p[11154],0.7,0.02,0.67,0.73,0.0,0.0,9786.6,6954.1,1.0
p[11155],0.7,0.02,0.67,0.73,0.0,0.0,9784.91,6946.21,1.0
p[11156],0.7,0.02,0.67,0.73,0.0,0.0,9782.64,6946.98,1.0
p[11157],0.82,0.02,0.78,0.85,0.0,0.0,9300.17,7499.0,1.0
p[11158],0.7,0.02,0.67,0.74,0.0,0.0,9776.5,6914.61,1.0
p[11159],0.65,0.02,0.62,0.69,0.0,0.0,9630.17,7161.36,1.0
p[11160],0.77,0.02,0.73,0.81,0.0,0.0,9122.27,6709.92,1.0
p[11161],0.66,0.02,0.62,0.69,0.0,0.0,9617.38,7094.96,1.0
p[11162],0.71,0.02,0.68,0.74,0.0,0.0,9759.9,6978.09,1.0
p[11163],0.71,0.02,0.68,0.74,0.0,0.0,9753.65,7041.87,1.0
p[11164],0.71,0.02,0.68,0.74,0.0,0.0,9736.17,7084.88,1.0
p[11165],0.71,0.02,0.68,0.74,0.0,0.0,9732.75,7184.88,1.0
p[11166],0.71,0.02,0.68,0.74,0.0,0.0,9732.75,7184.88,1.0
p[11167],0.66,0.02,0.63,0.69,0.0,0.0,9567.16,7129.45,1.0
p[11168],0.71,0.02,0.68,0.74,0.0,0.0,9726.81,7214.46,1.0
p[11169],0.77,0.03,0.72,0.82,0.0,0.0,11617.68,6965.29,1.0
p[11170],0.78,0.02,0.74,0.82,0.0,0.0,9101.4,6480.47,1.0
p[11171],0.66,0.02,0.63,0.7,0.0,0.0,9548.65,7164.02,1.0
p[11172],0.72,0.02,0.69,0.75,0.0,0.0,9711.18,7317.35,1.0
p[11173],0.67,0.02,0.63,0.7,0.0,0.0,9525.22,7163.49,1.0
p[11174],0.72,0.02,0.69,0.75,0.0,0.0,9683.22,7215.71,1.0
p[11175],0.67,0.02,0.64,0.7,0.0,0.0,9473.25,7063.17,1.0
p[11176],0.72,0.01,0.7,0.75,0.0,0.0,9658.29,7147.55,1.0
p[11177],0.72,0.01,0.7,0.75,0.0,0.0,9644.51,7285.63,1.0
p[11178],0.68,0.02,0.64,0.71,0.0,0.0,9436.18,7034.01,1.0
p[11179],0.8,0.02,0.75,0.84,0.0,0.0,12036.39,6556.72,1.0
p[11180],0.68,0.02,0.65,0.71,0.0,0.0,9388.78,6803.53,1.0
p[11181],0.73,0.01,0.71,0.76,0.0,0.0,9599.27,7418.0,1.0
p[11182],0.69,0.02,0.65,0.71,0.0,0.0,9346.17,6712.69,1.0
p[11183],0.69,0.02,0.66,0.72,0.0,0.0,9303.26,6713.16,1.0
p[11184],0.74,0.01,0.71,0.76,0.0,0.0,9540.42,7454.63,1.0
p[11185],0.79,0.03,0.75,0.84,0.0,0.0,11640.33,7141.73,1.0
p[11186],0.69,0.02,0.66,0.72,0.0,0.0,9262.44,6568.19,1.0
p[11187],0.81,0.02,0.77,0.85,0.0,0.0,12019.1,6648.42,1.0
p[11188],0.74,0.01,0.72,0.77,0.0,0.0,9514.94,7346.69,1.0
p[11189],0.7,0.02,0.67,0.73,0.0,0.0,9219.02,6672.18,1.0
p[11190],0.71,0.03,0.66,0.76,0.0,0.0,10032.89,7000.3,1.0
p[11191],0.75,0.01,0.72,0.77,0.0,0.0,9485.83,7205.12,1.0
p[11192],0.75,0.01,0.72,0.77,0.0,0.0,9475.9,7137.4,1.0
p[11193],0.7,0.02,0.67,0.73,0.0,0.0,9182.39,6761.22,1.0
p[11194],0.7,0.02,0.67,0.73,0.0,0.0,9178.1,6762.3,1.0
p[11195],0.75,0.01,0.73,0.77,0.0,0.0,9464.67,7037.15,1.0
p[11196],0.81,0.02,0.77,0.86,0.0,0.0,12006.38,6724.92,1.0
p[11197],0.75,0.01,0.73,0.77,0.0,0.0,9459.72,7004.09,1.0
p[11198],0.75,0.01,0.73,0.78,0.0,0.0,9457.09,7036.29,1.0
p[11199],0.71,0.01,0.68,0.73,0.0,0.0,9146.46,6831.44,1.0
p[11200],0.87,0.02,0.83,0.92,0.0,0.0,10540.65,6188.83,1.0
p[11201],0.71,0.01,0.68,0.73,0.0,0.0,9136.06,6800.74,1.0
p[11202],0.72,0.03,0.67,0.77,0.0,0.0,10014.14,7033.01,1.0
p[11203],0.75,0.01,0.73,0.78,0.0,0.0,9430.92,6970.38,1.0
p[11204],0.77,0.02,0.73,0.82,0.0,0.0,10372.44,6553.29,1.0
p[11205],0.75,0.01,0.73,0.78,0.0,0.0,9420.8,7003.96,1.0
p[11206],0.71,0.01,0.68,0.74,0.0,0.0,9102.67,6771.08,1.0
p[11207],0.82,0.02,0.78,0.85,0.0,0.0,9011.78,6037.35,1.0
p[11208],0.71,0.01,0.68,0.74,0.0,0.0,9087.79,6710.8,1.0
p[11209],0.76,0.01,0.73,0.78,0.0,0.0,9406.39,7035.42,1.0
p[11210],0.76,0.01,0.73,0.78,0.0,0.0,9404.05,7068.98,1.0
p[11211],0.76,0.01,0.73,0.78,0.0,0.0,9398.8,7102.17,1.0
p[11212],0.76,0.01,0.73,0.78,0.0,0.0,9396.04,7042.23,1.0
p[11213],0.76,0.01,0.74,0.78,0.0,0.0,9391.88,6971.48,1.0
p[11214],0.71,0.01,0.69,0.74,0.0,0.0,9064.26,6711.78,1.0
p[11215],0.82,0.02,0.79,0.85,0.0,0.0,9003.25,6037.73,1.0
p[11216],0.71,0.01,0.69,0.74,0.0,0.0,9056.26,6643.05,1.0
p[11217],0.73,0.03,0.68,0.78,0.0,0.0,9987.8,6940.86,1.0
p[11218],0.76,0.01,0.74,0.78,0.0,0.0,9374.68,6938.43,1.0
p[11219],0.78,0.02,0.74,0.82,0.0,0.0,10391.52,6543.94,1.0
p[11220],0.54,0.02,0.5,0.59,0.0,0.0,9432.18,7057.38,1.0
p[11221],0.82,0.02,0.79,0.85,0.0,0.0,8997.79,6013.77,1.0
p[11222],0.72,0.01,0.69,0.74,0.0,0.0,9025.57,6644.02,1.0
p[11223],0.76,0.01,0.74,0.78,0.0,0.0,9359.22,7035.05,1.0
p[11224],0.76,0.01,0.74,0.78,0.0,0.0,9359.22,7035.05,1.0
p[11225],0.83,0.02,0.79,0.86,0.0,0.0,11972.63,7054.71,1.0
p[11226],0.72,0.01,0.69,0.74,0.0,0.0,9018.66,6615.14,1.0
p[11227],0.7,0.02,0.65,0.74,0.0,0.0,8822.12,6641.27,1.0
p[11228],0.76,0.01,0.74,0.79,0.0,0.0,9351.95,6971.39,1.0
p[11229],0.83,0.02,0.79,0.86,0.0,0.0,11969.11,6886.36,1.0
p[11230],0.76,0.01,0.74,0.79,0.0,0.0,9348.37,6908.15,1.0
p[11231],0.76,0.01,0.74,0.79,0.0,0.0,9346.75,7003.63,1.0
p[11232],0.77,0.01,0.74,0.79,0.0,0.0,9339.51,7102.72,1.0
p[11233],0.88,0.02,0.84,0.92,0.0,0.0,10506.47,6235.15,1.0
p[11234],0.72,0.01,0.7,0.75,0.0,0.0,8988.0,6712.74,1.0
p[11235],0.72,0.01,0.7,0.75,0.0,0.0,8983.05,6702.33,1.0
p[11236],0.77,0.01,0.74,0.79,0.0,0.0,9334.03,7070.2,1.0
p[11237],0.74,0.02,0.69,0.78,0.0,0.0,9971.19,6909.32,1.0
p[11238],0.77,0.01,0.75,0.79,0.0,0.0,9330.79,7103.88,1.0
p[11239],0.77,0.01,0.75,0.79,0.0,0.0,9325.87,7071.12,1.0
p[11240],0.79,0.02,0.75,0.83,0.0,0.0,10388.93,6469.08,1.0
p[11241],0.55,0.02,0.51,0.6,0.0,0.0,9411.95,6999.24,1.0
p[11242],0.73,0.01,0.7,0.75,0.0,0.0,8951.54,6547.86,1.0
p[11243],0.77,0.01,0.75,0.79,0.0,0.0,9313.37,7105.67,1.0
p[11244],0.86,0.01,0.84,0.89,0.0,0.0,9078.53,7342.23,1.0
p[11245],0.73,0.01,0.7,0.75,0.0,0.0,8946.05,6547.91,1.0
p[11246],0.7,0.02,0.66,0.75,0.0,0.0,8804.06,6526.4,1.0
p[11247],0.83,0.02,0.8,0.86,0.0,0.0,8989.66,5892.76,1.0
p[11248],0.77,0.01,0.75,0.79,0.0,0.0,9306.38,7071.76,1.0
p[11249],0.77,0.01,0.75,0.79,0.0,0.0,9303.24,7093.95,1.0
p[11250],0.77,0.01,0.75,0.79,0.0,0.0,9301.04,7093.95,1.0
p[11251],0.77,0.01,0.75,0.79,0.0,0.0,9299.84,7093.95,1.0
p[11252],0.77,0.01,0.75,0.79,0.0,0.0,9298.21,7071.71,1.0
p[11253],0.83,0.02,0.8,0.87,0.0,0.0,11937.12,6638.51,1.0
p[11254],0.83,0.02,0.8,0.86,0.0,0.0,8988.45,5893.59,1.0
p[11255],0.77,0.01,0.75,0.79,0.0,0.0,9293.77,7061.04,1.0
p[11256],0.73,0.01,0.7,0.75,0.0,0.0,8916.36,6617.45,1.0
p[11257],0.87,0.01,0.84,0.89,0.0,0.0,9069.49,7377.51,1.0
p[11258],0.77,0.01,0.75,0.79,0.0,0.0,9290.79,7061.31,1.0
p[11259],0.73,0.01,0.7,0.75,0.0,0.0,8909.81,6558.04,1.0
p[11260],0.77,0.01,0.75,0.8,0.0,0.0,9280.53,7038.75,1.0
p[11261],0.74,0.02,0.7,0.79,0.0,0.0,9948.14,6909.43,1.0
p[11262],0.87,0.01,0.85,0.89,0.0,0.0,9058.5,7345.01,1.0
p[11263],0.79,0.02,0.76,0.83,0.0,0.0,10354.47,6376.35,1.0
p[11264],0.56,0.02,0.52,0.61,0.0,0.0,9390.0,7039.26,1.0
p[11265],0.78,0.01,0.76,0.8,0.0,0.0,9272.58,7039.45,1.0
p[11266],0.71,0.02,0.67,0.76,0.0,0.0,8787.18,6670.55,1.0
p[11267],0.73,0.01,0.71,0.76,0.0,0.0,8873.59,6602.83,1.0
p[11268],0.73,0.01,0.71,0.76,0.0,0.0,8872.77,6546.86,1.0
p[11269],0.78,0.01,0.76,0.8,0.0,0.0,9267.56,7039.4,1.0
p[11270],0.78,0.01,0.76,0.8,0.0,0.0,9265.52,7006.3,1.0
p[11271],0.78,0.01,0.76,0.8,0.0,0.0,9264.87,7006.74,1.0
p[11272],0.78,0.01,0.76,0.8,0.0,0.0,9262.88,7006.74,1.0
p[11273],0.78,0.01,0.76,0.8,0.0,0.0,9262.07,7039.28,1.0
p[11274],0.78,0.01,0.76,0.8,0.0,0.0,9262.07,7039.28,1.0
p[11275],0.78,0.01,0.76,0.8,0.0,0.0,9262.07,7039.28,1.0
p[11276],0.78,0.01,0.76,0.8,0.0,0.0,9259.71,7072.03,1.0
p[11277],0.89,0.02,0.85,0.93,0.0,0.0,10475.68,6120.8,1.0
p[11278],0.74,0.01,0.71,0.76,0.0,0.0,8853.36,6506.89,1.0
p[11279],0.74,0.01,0.71,0.76,0.0,0.0,8851.24,6506.66,1.0
p[11280],0.78,0.01,0.76,0.8,0.0,0.0,9254.97,6978.48,1.0
p[11281],0.84,0.02,0.8,0.88,0.0,0.0,11902.22,6742.24,1.0
p[11282],0.84,0.02,0.81,0.87,0.0,0.0,8967.91,5781.34,1.0
p[11283],0.83,0.02,0.79,0.87,0.0,0.0,11636.92,6703.85,1.0
p[11284],0.78,0.01,0.76,0.8,0.0,0.0,9248.63,6953.15,1.0
p[11285],0.75,0.02,0.71,0.8,0.0,0.0,9927.43,6902.45,1.0
p[11286],0.57,0.02,0.53,0.62,0.0,0.0,9366.45,7039.57,1.0
p[11287],0.8,0.02,0.76,0.84,0.0,0.0,10328.46,6219.18,1.0
p[11288],0.74,0.01,0.72,0.76,0.0,0.0,8831.21,6457.08,1.0
p[11289],0.78,0.01,0.76,0.8,0.0,0.0,9241.81,7080.87,1.0
p[11290],0.78,0.01,0.76,0.8,0.0,0.0,9241.81,7080.87,1.0
p[11291],0.84,0.02,0.81,0.87,0.0,0.0,8966.84,5716.39,1.0
p[11292],0.74,0.01,0.72,0.77,0.0,0.0,8826.39,6348.85,1.0
p[11293],0.83,0.02,0.79,0.87,0.0,0.0,11632.71,6674.37,1.0
p[11294],0.84,0.02,0.81,0.87,0.0,0.0,8964.87,5738.16,1.0
p[11295],0.78,0.01,0.76,0.8,0.0,0.0,9236.35,7017.97,1.0
p[11296],0.78,0.01,0.76,0.8,0.0,0.0,9236.08,7049.59,1.0
p[11297],0.78,0.01,0.76,0.8,0.0,0.0,9235.31,7049.59,1.0
p[11298],0.78,0.01,0.76,0.8,0.0,0.0,9233.55,7016.74,1.0
p[11299],0.79,0.01,0.77,0.8,0.0,0.0,9232.14,7016.74,1.0
p[11300],0.79,0.01,0.77,0.8,0.0,0.0,9231.56,7016.74,1.0
p[11301],0.72,0.02,0.68,0.76,0.0,0.0,8776.74,6638.2,1.0
p[11302],0.79,0.01,0.77,0.81,0.0,0.0,9229.17,7082.57,1.0
p[11303],0.74,0.01,0.72,0.77,0.0,0.0,8804.48,6399.82,1.0
p[11304],0.79,0.01,0.77,0.81,0.0,0.0,9228.32,7115.73,1.0
p[11305],0.84,0.02,0.81,0.88,0.0,0.0,11873.33,6762.24,1.0
p[11306],0.84,0.02,0.81,0.87,0.0,0.0,8963.46,5759.6,1.0
p[11307],0.88,0.01,0.85,0.9,0.0,0.0,8951.78,7195.71,1.0
p[11308],0.75,0.01,0.72,0.77,0.0,0.0,8797.32,6266.24,1.0
p[11309],0.79,0.01,0.77,0.81,0.0,0.0,9219.15,7117.45,1.0
p[11310],0.81,0.02,0.77,0.84,0.0,0.0,10314.1,6094.39,1.0
p[11311],0.58,0.02,0.54,0.63,0.0,0.0,9346.83,7007.62,1.0
p[11312],0.76,0.02,0.72,0.8,0.0,0.0,9914.1,6966.79,1.0
p[11313],0.88,0.01,0.86,0.9,0.0,0.0,8923.55,7095.55,1.0
p[11314],0.79,0.01,0.77,0.81,0.0,0.0,9214.68,7151.75,1.0
p[11315],0.75,0.01,0.72,0.77,0.0,0.0,8782.72,6396.29,1.0
p[11316],0.79,0.01,0.77,0.81,0.0,0.0,9213.99,7085.13,1.0
p[11317],0.75,0.01,0.72,0.77,0.0,0.0,8780.15,6344.19,1.0
p[11318],0.73,0.02,0.69,0.77,0.0,0.0,8774.07,6610.04,1.0
p[11319],0.79,0.01,0.77,0.81,0.0,0.0,9210.18,7053.43,1.0
p[11320],0.79,0.01,0.77,0.81,0.0,0.0,9209.53,7019.59,1.0
p[11321],0.79,0.01,0.77,0.81,0.0,0.0,9208.51,7020.19,1.0
p[11322],0.85,0.02,0.81,0.88,0.0,0.0,11843.59,6728.45,1.0
p[11323],0.79,0.01,0.77,0.81,0.0,0.0,9207.87,7020.19,1.0
p[11324],0.79,0.01,0.77,0.81,0.0,0.0,9206.11,7018.95,1.0
p[11325],0.79,0.01,0.77,0.81,0.0,0.0,9206.11,7018.95,1.0
p[11326],0.79,0.01,0.77,0.81,0.0,0.0,9206.11,7018.95,1.0
p[11327],0.9,0.02,0.86,0.94,0.0,0.0,10436.49,6394.49,1.0
p[11328],0.79,0.01,0.77,0.81,0.0,0.0,9204.48,7019.21,1.0
p[11329],0.75,0.01,0.73,0.78,0.0,0.0,8760.88,6397.58,1.0
p[11330],0.75,0.01,0.73,0.78,0.0,0.0,8755.68,6425.35,1.0
p[11331],0.77,0.02,0.72,0.81,0.0,0.0,9896.19,6965.36,1.0
p[11332],0.79,0.01,0.78,0.81,0.0,0.0,9198.71,6911.81,1.0
p[11333],0.81,0.02,0.78,0.85,0.0,0.0,10293.04,6021.19,1.0
p[11334],0.59,0.02,0.55,0.64,0.0,0.0,9330.35,7071.53,1.0
p[11335],0.8,0.01,0.78,0.81,0.0,0.0,9195.88,6853.64,1.0
p[11336],0.76,0.01,0.73,0.78,0.0,0.0,8747.53,6344.26,1.0
p[11337],0.76,0.01,0.73,0.78,0.0,0.0,8743.37,6397.63,1.0
p[11338],0.8,0.01,0.78,0.82,0.0,0.0,9193.42,6928.87,1.0
p[11339],0.8,0.01,0.78,0.82,0.0,0.0,9191.75,6853.77,1.0
p[11340],0.8,0.01,0.78,0.82,0.0,0.0,9192.51,6761.84,1.0
p[11341],0.8,0.01,0.78,0.82,0.0,0.0,9192.51,6822.71,1.0
p[11342],0.8,0.01,0.78,0.82,0.0,0.0,9192.51,6822.71,1.0
p[11343],0.88,0.01,0.86,0.9,0.0,0.0,8797.75,7234.32,1.0
p[11344],0.85,0.01,0.82,0.88,0.0,0.0,8958.91,5673.94,1.0
p[11345],0.85,0.02,0.82,0.89,0.0,0.0,11795.2,6650.56,1.0
p[11346],0.8,0.01,0.78,0.82,0.0,0.0,9192.4,6822.18,1.0
p[11347],0.76,0.01,0.74,0.78,0.0,0.0,8731.56,6387.22,1.0
p[11348],0.8,0.01,0.78,0.82,0.0,0.0,9191.82,6761.28,1.0
p[11349],0.8,0.01,0.78,0.82,0.0,0.0,9191.82,6761.28,1.0
p[11350],0.85,0.01,0.82,0.88,0.0,0.0,8958.21,5611.11,1.0
p[11351],0.74,0.02,0.7,0.78,0.0,0.0,8756.4,6756.83,1.0
p[11352],0.76,0.01,0.74,0.78,0.0,0.0,8729.61,6413.85,1.0
p[11353],0.88,0.01,0.86,0.9,0.0,0.0,8788.46,7154.2,1.0
p[11354],0.77,0.02,0.73,0.81,0.0,0.0,9879.54,6963.01,1.0
p[11355],0.8,0.01,0.78,0.82,0.0,0.0,9188.94,6766.2,1.0
p[11356],0.6,0.02,0.56,0.64,0.0,0.0,9317.01,6999.56,1.0
p[11357],0.82,0.02,0.79,0.86,0.0,0.0,10271.16,6118.57,1.0
p[11358],0.8,0.01,0.78,0.82,0.0,0.0,9186.92,6826.22,1.0
p[11359],0.76,0.01,0.74,0.79,0.0,0.0,8713.87,6622.44,1.0
p[11360],0.8,0.01,0.78,0.82,0.0,0.0,9188.45,6795.44,1.0
p[11361],0.76,0.01,0.74,0.79,0.0,0.0,8712.67,6738.84,1.0
p[11362],0.8,0.01,0.79,0.82,0.0,0.0,9188.44,6764.92,1.0
p[11363],0.8,0.01,0.79,0.82,0.0,0.0,9189.09,6797.42,1.0
p[11364],0.8,0.01,0.79,0.82,0.0,0.0,9189.09,6797.42,1.0
p[11365],0.86,0.02,0.82,0.89,0.0,0.0,11762.08,6411.36,1.0
p[11366],0.8,0.01,0.79,0.82,0.0,0.0,9189.66,6797.42,1.0
p[11367],0.8,0.01,0.79,0.82,0.0,0.0,9190.01,6829.4,1.0
p[11368],0.8,0.01,0.79,0.82,0.0,0.0,9190.01,6829.4,1.0
p[11369],0.8,0.01,0.79,0.82,0.0,0.0,9189.98,6859.99,1.0
p[11370],0.85,0.02,0.81,0.88,0.0,0.0,11600.51,6692.44,1.0
p[11371],0.91,0.02,0.87,0.94,0.0,0.0,10404.57,6448.85,1.0
p[11372],0.81,0.01,0.79,0.82,0.0,0.0,9189.22,6798.62,1.0
p[11373],0.75,0.02,0.71,0.79,0.0,0.0,8745.14,6878.74,1.0
p[11374],0.77,0.01,0.74,0.79,0.0,0.0,8705.28,6873.18,1.0
p[11375],0.78,0.02,0.74,0.82,0.0,0.0,9865.47,6776.66,1.0
p[11376],0.77,0.01,0.74,0.79,0.0,0.0,8704.36,6808.65,1.0
p[11377],0.9,0.02,0.86,0.94,0.0,0.0,11654.97,6362.74,1.0
p[11378],0.81,0.01,0.79,0.83,0.0,0.0,9188.87,6712.86,1.0
p[11379],0.86,0.01,0.83,0.88,0.0,0.0,8960.2,5369.89,1.0
p[11380],0.61,0.02,0.57,0.65,0.0,0.0,9301.89,6848.94,1.0
p[11381],0.81,0.01,0.79,0.83,0.0,0.0,9190.13,6713.82,1.0
p[11382],0.77,0.01,0.75,0.79,0.0,0.0,8700.89,6919.4,1.0
p[11383],0.78,0.02,0.74,0.82,0.0,0.0,9859.27,6714.65,1.0
p[11384],0.83,0.02,0.79,0.86,0.0,0.0,10245.46,6294.8,1.0
p[11385],0.75,0.02,0.71,0.79,0.0,0.0,8737.33,6847.71,1.0
p[11386],0.81,0.01,0.79,0.83,0.0,0.0,9187.07,6716.29,1.0
p[11387],0.81,0.01,0.79,0.83,0.0,0.0,9187.85,6716.29,1.0
p[11388],0.81,0.01,0.79,0.83,0.0,0.0,9187.85,6716.29,1.0
p[11389],0.81,0.01,0.79,0.83,0.0,0.0,9188.65,6715.55,1.0
p[11390],0.81,0.01,0.79,0.83,0.0,0.0,9189.23,6774.74,1.0
p[11391],0.89,0.01,0.87,0.91,0.0,0.0,8666.86,7303.99,1.0
p[11392],0.86,0.01,0.83,0.89,0.0,0.0,8963.14,5302.82,1.0
p[11393],0.77,0.01,0.75,0.8,0.0,0.0,8700.65,7003.95,1.0
p[11394],0.81,0.01,0.79,0.83,0.0,0.0,9189.62,6743.82,1.0
p[11395],0.81,0.01,0.79,0.83,0.0,0.0,9189.62,6743.82,1.0
p[11396],0.81,0.01,0.79,0.83,0.0,0.0,9190.26,6744.92,1.0
p[11397],0.81,0.01,0.79,0.83,0.0,0.0,9190.26,6744.92,1.0
p[11398],0.89,0.01,0.87,0.91,0.0,0.0,8665.46,7266.18,1.0
p[11399],0.79,0.02,0.75,0.82,0.0,0.0,9854.06,6776.24,1.0
p[11400],0.89,0.01,0.87,0.91,0.0,0.0,8662.06,7305.75,1.0
p[11401],0.86,0.02,0.83,0.9,0.0,0.0,11710.59,6344.75,1.0
p[11402],0.89,0.01,0.87,0.91,0.0,0.0,8657.6,7305.37,1.0
p[11403],0.78,0.01,0.75,0.8,0.0,0.0,8702.24,7041.78,1.0
p[11404],0.81,0.01,0.8,0.83,0.0,0.0,9193.45,6865.44,1.0
p[11405],0.83,0.02,0.8,0.86,0.0,0.0,10228.34,6384.51,1.0
p[11406],0.62,0.02,0.58,0.66,0.0,0.0,9289.39,6698.25,1.0
p[11407],0.81,0.01,0.8,0.83,0.0,0.0,9195.69,7156.92,1.0
p[11408],0.81,0.01,0.8,0.83,0.0,0.0,9195.66,7156.45,1.0
p[11409],0.78,0.01,0.75,0.8,0.0,0.0,8701.88,6938.66,1.0
p[11410],0.82,0.01,0.8,0.83,0.0,0.0,9200.32,7259.97,1.0
p[11411],0.78,0.01,0.76,0.8,0.0,0.0,8701.3,6892.06,1.0
p[11412],0.76,0.02,0.72,0.8,0.0,0.0,8731.18,6848.73,1.0
p[11413],0.82,0.01,0.8,0.83,0.0,0.0,9202.03,7190.36,1.0
p[11414],0.82,0.01,0.8,0.84,0.0,0.0,9202.94,7190.42,1.0
p[11415],0.82,0.01,0.8,0.84,0.0,0.0,9203.9,7223.01,1.0
p[11416],0.82,0.01,0.8,0.84,0.0,0.0,9204.43,7190.16,1.0
p[11417],0.82,0.01,0.8,0.84,0.0,0.0,9204.56,7224.33,1.0
p[11418],0.82,0.01,0.8,0.84,0.0,0.0,9204.56,7224.33,1.0
p[11419],0.82,0.01,0.8,0.84,0.0,0.0,9206.61,7225.34,1.0
p[11420],0.78,0.01,0.76,0.8,0.0,0.0,8700.27,6896.23,1.0
p[11421],0.91,0.02,0.88,0.94,0.0,0.0,10359.81,6498.25,1.0
p[11422],0.87,0.02,0.84,0.9,0.0,0.0,11671.35,6458.95,1.0
p[11423],0.78,0.01,0.76,0.8,0.0,0.0,8701.12,6817.34,1.0
p[11424],0.82,0.01,0.8,0.84,0.0,0.0,9210.82,7250.87,1.0
p[11425],0.87,0.01,0.84,0.89,0.0,0.0,8969.35,5533.17,1.0
p[11426],0.63,0.02,0.59,0.67,0.0,0.0,9286.2,6787.53,1.0
p[11427],0.84,0.02,0.8,0.87,0.0,0.0,10207.46,6384.67,1.0
p[11428],0.82,0.01,0.8,0.84,0.0,0.0,9212.9,7250.87,1.0
p[11429],0.79,0.02,0.76,0.83,0.0,0.0,9842.87,6850.96,1.0
p[11430],0.77,0.02,0.73,0.8,0.0,0.0,8731.21,6877.44,1.0
p[11431],0.78,0.01,0.76,0.81,0.0,0.0,8702.52,6847.98,1.0
p[11432],0.82,0.01,0.8,0.84,0.0,0.0,9218.88,7265.68,1.0
p[11433],0.79,0.01,0.76,0.81,0.0,0.0,8702.57,6815.73,1.0
p[11434],0.82,0.01,0.81,0.84,0.0,0.0,9220.21,7266.55,1.0
p[11435],0.82,0.01,0.81,0.84,0.0,0.0,9221.11,7266.55,1.0
p[11436],0.82,0.01,0.81,0.84,0.0,0.0,9221.11,7266.55,1.0
p[11437],0.82,0.01,0.81,0.84,0.0,0.0,9222.12,7266.55,1.0
p[11438],0.9,0.01,0.88,0.92,0.0,0.0,8684.73,7201.0,1.0
p[11439],0.79,0.01,0.77,0.81,0.0,0.0,8706.8,6786.33,1.0
p[11440],0.87,0.01,0.84,0.89,0.0,0.0,8978.43,5699.89,1.0
p[11441],0.82,0.01,0.81,0.84,0.0,0.0,9224.98,7199.2,1.0
p[11442],0.79,0.01,0.77,0.81,0.0,0.0,8708.58,6638.99,1.0
p[11443],0.8,0.02,0.76,0.84,0.0,0.0,9838.22,6838.85,1.0
p[11444],0.82,0.01,0.81,0.84,0.0,0.0,9228.17,7198.47,1.0
p[11445],0.82,0.01,0.81,0.84,0.0,0.0,9228.17,7198.47,1.0
p[11446],0.87,0.02,0.84,0.9,0.0,0.0,11623.08,6334.65,1.0
p[11447],0.83,0.01,0.81,0.84,0.0,0.0,9234.34,7130.71,1.0
p[11448],0.84,0.02,0.81,0.87,0.0,0.0,10189.73,6549.91,1.0
p[11449],0.64,0.02,0.6,0.68,0.0,0.0,9287.48,6725.5,1.0
p[11450],0.77,0.02,0.73,0.81,0.0,0.0,8734.42,6841.11,1.0
p[11451],0.79,0.01,0.77,0.81,0.0,0.0,8716.23,6608.89,1.0
p[11452],0.9,0.01,0.88,0.92,0.0,0.0,8625.27,7101.55,1.0
p[11453],0.83,0.01,0.81,0.84,0.0,0.0,9240.66,7192.22,1.0
p[11454],0.79,0.01,0.77,0.81,0.0,0.0,8716.5,6579.86,1.0
p[11455],0.83,0.01,0.81,0.85,0.0,0.0,9243.5,7191.78,1.0
p[11456],0.87,0.02,0.83,0.9,0.0,0.0,11548.84,6638.14,1.0
p[11457],0.83,0.01,0.81,0.85,0.0,0.0,9248.47,7156.51,1.0
p[11458],0.83,0.01,0.81,0.85,0.0,0.0,9248.47,7156.51,1.0
p[11459],0.83,0.01,0.81,0.85,0.0,0.0,9248.47,7156.51,1.0
p[11460],0.83,0.01,0.81,0.85,0.0,0.0,9250.03,7244.73,1.0
p[11461],0.83,0.01,0.81,0.85,0.0,0.0,9252.62,7245.13,1.0
p[11462],0.83,0.01,0.81,0.85,0.0,0.0,9252.62,7245.13,1.0
p[11463],0.87,0.01,0.85,0.9,0.0,0.0,8988.43,5636.15,1.0
p[11464],0.83,0.01,0.81,0.85,0.0,0.0,9255.56,7315.48,1.0
p[11465],0.88,0.02,0.85,0.91,0.0,0.0,11584.86,6295.41,1.0
p[11466],0.83,0.01,0.81,0.85,0.0,0.0,9257.73,7350.3,1.0
p[11467],0.79,0.01,0.77,0.82,0.0,0.0,8723.42,6609.86,1.0
p[11468],0.79,0.01,0.77,0.82,0.0,0.0,8722.94,6639.09,1.0
p[11469],0.8,0.02,0.77,0.84,0.0,0.0,9830.83,6871.58,1.0
p[11470],0.91,0.02,0.88,0.95,0.0,0.0,11280.92,6258.14,1.0
p[11471],0.83,0.01,0.81,0.85,0.0,0.0,9265.94,7293.62,1.0
p[11472],0.85,0.02,0.81,0.88,0.0,0.0,10165.7,6578.55,1.0
p[11473],0.65,0.02,0.61,0.69,0.0,0.0,9285.3,6638.39,1.0
p[11474],0.9,0.01,0.89,0.92,0.0,0.0,8550.27,7022.28,1.0
p[11475],0.8,0.01,0.78,0.82,0.0,0.0,8734.25,6758.09,1.0
p[11476],0.88,0.01,0.85,0.9,0.0,0.0,8992.52,5533.25,1.0
p[11477],0.83,0.01,0.82,0.85,0.0,0.0,9281.49,7377.21,1.0
p[11478],0.8,0.01,0.78,0.82,0.0,0.0,8738.66,6772.81,1.0
p[11479],0.9,0.01,0.89,0.92,0.0,0.0,8538.19,7135.51,1.0
p[11480],0.83,0.01,0.82,0.85,0.0,0.0,9285.41,7341.56,1.0
p[11481],0.83,0.01,0.82,0.85,0.0,0.0,9287.21,7341.86,1.0
p[11482],0.83,0.01,0.82,0.85,0.0,0.0,9289.22,7377.43,1.0
p[11483],0.91,0.01,0.89,0.92,0.0,0.0,8530.48,6957.42,1.0
p[11484],0.83,0.01,0.82,0.85,0.0,0.0,9292.41,7340.97,1.0
p[11485],0.83,0.01,0.82,0.85,0.0,0.0,9292.41,7340.97,1.0
p[11486],0.84,0.01,0.82,0.85,0.0,0.0,9294.31,7340.97,1.0
p[11487],0.81,0.02,0.77,0.85,0.0,0.0,9824.96,6903.35,1.0
p[11488],0.8,0.01,0.78,0.82,0.0,0.0,8749.95,6782.7,1.0
p[11489],0.91,0.01,0.89,0.92,0.0,0.0,8526.97,6925.25,1.0
p[11490],0.8,0.01,0.78,0.82,0.0,0.0,8750.34,6782.7,1.0
p[11491],0.88,0.01,0.86,0.9,0.0,0.0,8992.38,5583.68,1.0
p[11492],0.84,0.01,0.82,0.85,0.0,0.0,9300.49,7341.5,1.0
p[11493],0.8,0.01,0.78,0.82,0.0,0.0,8756.93,6874.92,1.0
p[11494],0.84,0.01,0.82,0.85,0.0,0.0,9309.37,7376.67,1.0
p[11495],0.66,0.02,0.62,0.7,0.0,0.0,9288.9,6551.69,1.0
p[11496],0.8,0.01,0.78,0.82,0.0,0.0,8759.13,6812.92,1.0
p[11497],0.87,0.02,0.84,0.91,0.0,0.0,11630.88,6659.46,1.0
p[11498],0.84,0.01,0.82,0.86,0.0,0.0,9314.44,7449.45,1.0
p[11499],0.84,0.01,0.82,0.86,0.0,0.0,9314.44,7449.45,1.0
p[11500],0.84,0.01,0.82,0.86,0.0,0.0,9317.25,7485.82,1.0
p[11501],0.88,0.02,0.86,0.91,0.0,0.0,11504.02,6151.09,1.0
p[11502],0.91,0.01,0.89,0.92,0.0,0.0,8512.21,7101.18,1.0
p[11503],0.85,0.02,0.82,0.88,0.0,0.0,10136.2,6784.0,1.0
p[11504],0.84,0.01,0.82,0.86,0.0,0.0,9320.53,7522.99,1.0
p[11505],0.84,0.01,0.82,0.86,0.0,0.0,9321.44,7522.99,1.0
p[11506],0.81,0.01,0.78,0.83,0.0,0.0,8770.72,6781.0,1.0
p[11507],0.88,0.01,0.86,0.91,0.0,0.0,8994.79,5632.83,1.0
p[11508],0.84,0.01,0.82,0.86,0.0,0.0,9326.54,7486.29,1.0
p[11509],0.81,0.01,0.78,0.83,0.0,0.0,9011.97,6809.78,1.0
p[11510],0.81,0.01,0.78,0.83,0.0,0.0,9009.62,6773.5,1.0
p[11511],0.88,0.02,0.85,0.91,0.0,0.0,11618.06,6603.3,1.0
p[11512],0.82,0.02,0.78,0.85,0.0,0.0,9824.1,6998.74,1.0
p[11513],0.88,0.01,0.86,0.91,0.0,0.0,9000.81,5592.18,1.0
p[11514],0.84,0.01,0.82,0.86,0.0,0.0,9336.79,7448.63,1.0
p[11515],0.67,0.02,0.62,0.71,0.0,0.0,9293.64,6552.94,1.0
p[11516],0.81,0.01,0.79,0.83,0.0,0.0,8959.07,6809.83,1.0
p[11517],0.84,0.01,0.83,0.86,0.0,0.0,9345.66,7412.87,1.0
p[11518],0.81,0.01,0.79,0.83,0.0,0.0,8951.74,6810.2,1.0
p[11519],0.88,0.02,0.85,0.91,0.0,0.0,11604.23,6603.83,1.0
p[11520],0.91,0.01,0.9,0.93,0.0,0.0,8511.44,7050.01,1.0
p[11521],0.84,0.01,0.83,0.86,0.0,0.0,9353.76,7413.29,1.0
p[11522],0.91,0.01,0.9,0.93,0.0,0.0,8512.33,7050.01,1.0
p[11523],0.84,0.01,0.83,0.86,0.0,0.0,9355.71,7413.29,1.0
p[11524],0.84,0.01,0.83,0.86,0.0,0.0,9356.48,7414.02,1.0
p[11525],0.84,0.01,0.83,0.86,0.0,0.0,9356.42,7377.71,1.0
p[11526],0.84,0.01,0.83,0.86,0.0,0.0,9360.32,7413.42,1.0
p[11527],0.91,0.01,0.9,0.93,0.0,0.0,8518.83,7018.23,1.0
p[11528],0.85,0.01,0.83,0.86,0.0,0.0,9362.91,7413.42,1.0
p[11529],0.88,0.02,0.85,0.91,0.0,0.0,11592.83,6546.28,1.0
p[11530],0.81,0.01,0.79,0.83,0.0,0.0,8906.29,6778.97,1.0
p[11531],0.81,0.01,0.79,0.83,0.0,0.0,8899.37,6780.01,1.0
p[11532],0.91,0.01,0.9,0.93,0.0,0.0,8522.93,7084.38,1.0
p[11533],0.89,0.01,0.86,0.92,0.0,0.0,11440.22,6217.72,1.0
p[11534],0.85,0.01,0.83,0.86,0.0,0.0,9379.93,7414.02,1.0
p[11535],0.85,0.01,0.83,0.86,0.0,0.0,9380.73,7414.02,1.0
p[11536],0.85,0.01,0.83,0.86,0.0,0.0,9382.82,7414.02,1.0
p[11537],0.82,0.01,0.79,0.84,0.0,0.0,8880.07,6782.03,1.0
p[11538],0.88,0.02,0.85,0.91,0.0,0.0,11574.31,6461.39,1.0
p[11539],0.82,0.01,0.79,0.84,0.0,0.0,8878.83,6813.99,1.0
p[11540],0.85,0.01,0.83,0.87,0.0,0.0,9396.46,7262.51,1.0
p[11541],0.88,0.02,0.85,0.91,0.0,0.0,11567.25,6490.18,1.0
p[11542],0.91,0.01,0.9,0.93,0.0,0.0,8576.54,7089.3,1.0
p[11543],0.89,0.01,0.87,0.91,0.0,0.0,9013.95,5806.69,1.0
p[11544],0.85,0.01,0.83,0.87,0.0,0.0,9402.2,7029.22,1.0
p[11545],0.85,0.01,0.83,0.87,0.0,0.0,9402.88,7027.87,1.0
p[11546],0.85,0.01,0.83,0.87,0.0,0.0,9409.8,7228.7,1.0
p[11547],0.82,0.01,0.8,0.84,0.0,0.0,8887.71,6893.23,1.0
p[11548],0.82,0.01,0.8,0.84,0.0,0.0,8887.84,6893.23,1.0
p[11549],0.82,0.01,0.8,0.84,0.0,0.0,8885.59,6877.49,1.0
p[11550],0.93,0.01,0.9,0.95,0.0,0.0,10260.78,6239.12,1.0
p[11551],0.85,0.01,0.84,0.87,0.0,0.0,9425.44,7301.68,1.0
p[11552],0.85,0.01,0.84,0.87,0.0,0.0,9425.44,7301.68,1.0
p[11553],0.82,0.01,0.8,0.84,0.0,0.0,8889.18,6758.32,1.0
p[11554],0.89,0.02,0.86,0.91,0.0,0.0,11538.81,6683.33,1.0
p[11555],0.82,0.01,0.8,0.84,0.0,0.0,8890.76,6726.87,1.0
p[11556],0.85,0.01,0.84,0.87,0.0,0.0,9653.08,6790.37,1.0
p[11557],0.85,0.01,0.84,0.87,0.0,0.0,9654.34,6793.14,1.0
p[11558],0.92,0.01,0.9,0.93,0.0,0.0,8650.52,7230.79,1.0
p[11559],0.85,0.01,0.84,0.87,0.0,0.0,9656.85,6847.04,1.0
p[11560],0.85,0.01,0.84,0.87,0.0,0.0,9656.85,6847.04,1.0
p[11561],0.92,0.01,0.9,0.93,0.0,0.0,8660.88,7195.97,1.0
p[11562],0.92,0.01,0.9,0.93,0.0,0.0,8661.02,7195.97,1.0
p[11563],0.82,0.01,0.8,0.85,0.0,0.0,8891.69,6817.94,1.0
p[11564],0.86,0.01,0.84,0.87,0.0,0.0,9657.83,7169.29,1.0
p[11565],0.89,0.01,0.86,0.92,0.0,0.0,11525.21,6682.2,1.0
p[11566],0.82,0.01,0.8,0.85,0.0,0.0,8894.89,6818.2,1.0
p[11567],0.86,0.01,0.84,0.88,0.0,0.0,9662.22,7201.54,1.0
p[11568],0.86,0.01,0.84,0.88,0.0,0.0,9664.05,7133.33,1.0
p[11569],0.67,0.02,0.64,0.71,0.0,0.0,9884.59,6834.58,1.0
p[11570],0.62,0.02,0.58,0.66,0.0,0.0,9698.85,6725.33,1.0
p[11571],0.67,0.02,0.64,0.71,0.0,0.0,9881.44,6804.03,1.0
p[11572],0.62,0.02,0.58,0.66,0.0,0.0,9693.13,6697.57,1.0
p[11573],0.68,0.02,0.64,0.71,0.0,0.0,9876.51,6794.54,1.0
p[11574],0.8,0.02,0.76,0.83,0.0,0.0,9628.61,7286.73,1.0
p[11575],0.68,0.02,0.64,0.71,0.0,0.0,9874.71,6825.63,1.0
p[11576],0.68,0.02,0.64,0.71,0.0,0.0,9872.72,6825.63,1.0
p[11577],0.8,0.02,0.76,0.84,0.0,0.0,9626.46,7217.5,1.0
p[11578],0.68,0.02,0.64,0.71,0.0,0.0,9867.42,6795.18,1.0
p[11579],0.63,0.02,0.59,0.67,0.0,0.0,9662.84,6606.66,1.0
p[11580],0.63,0.02,0.59,0.67,0.0,0.0,9654.05,6512.96,1.0
p[11581],0.75,0.02,0.71,0.8,0.0,0.0,9989.96,6464.59,1.0
p[11582],0.68,0.02,0.65,0.72,0.0,0.0,9856.33,6717.18,1.0
p[11583],0.68,0.02,0.65,0.72,0.0,0.0,9854.82,6718.1,1.0
p[11584],0.63,0.02,0.59,0.67,0.0,0.0,9625.88,6496.42,1.0
p[11585],0.69,0.02,0.65,0.72,0.0,0.0,9842.91,6774.41,1.0
p[11586],0.69,0.02,0.65,0.72,0.0,0.0,9841.96,6803.36,1.0
p[11587],0.69,0.02,0.65,0.72,0.0,0.0,9841.55,6803.36,1.0
p[11588],0.69,0.02,0.65,0.72,0.0,0.0,9835.2,6989.59,1.0
p[11589],0.76,0.02,0.72,0.8,0.0,0.0,9987.77,6474.93,1.0
p[11590],0.64,0.02,0.6,0.68,0.0,0.0,9580.92,6415.25,1.0
p[11591],0.69,0.02,0.65,0.72,0.0,0.0,9819.48,7086.71,1.0
p[11592],0.69,0.02,0.65,0.72,0.0,0.0,9819.48,7086.71,1.0
p[11593],0.64,0.02,0.6,0.68,0.0,0.0,9548.69,6308.28,1.0
p[11594],0.69,0.02,0.66,0.73,0.0,0.0,9793.02,7169.64,1.0
p[11595],0.65,0.02,0.61,0.68,0.0,0.0,9517.14,6231.48,1.0
p[11596],0.7,0.02,0.66,0.73,0.0,0.0,9764.78,7380.12,1.0
p[11597],0.7,0.02,0.66,0.73,0.0,0.0,9755.47,7344.18,1.0
p[11598],0.65,0.02,0.61,0.68,0.0,0.0,9487.72,6128.62,1.0
p[11599],0.78,0.03,0.73,0.83,0.0,0.0,11826.97,6870.79,1.0
p[11600],0.65,0.02,0.62,0.69,0.0,0.0,9453.55,6334.54,1.0
p[11601],0.71,0.02,0.67,0.74,0.0,0.0,9715.3,7073.16,1.0
p[11602],0.66,0.02,0.62,0.69,0.0,0.0,9422.36,6105.38,1.0
p[11603],0.66,0.02,0.63,0.7,0.0,0.0,9391.39,6156.57,1.0
p[11604],0.77,0.03,0.72,0.82,0.0,0.0,11658.9,7092.47,1.0
p[11605],0.71,0.02,0.68,0.74,0.0,0.0,9668.56,6756.73,1.0
p[11606],0.67,0.02,0.63,0.7,0.0,0.0,9357.0,6076.35,1.0
p[11607],0.79,0.02,0.75,0.83,0.0,0.0,9987.91,6105.28,1.0
p[11608],0.79,0.02,0.75,0.84,0.0,0.0,11816.33,6800.15,1.0
p[11609],0.67,0.02,0.64,0.71,0.0,0.0,9320.46,6132.3,1.0
p[11610],0.72,0.02,0.69,0.75,0.0,0.0,9619.49,6521.93,1.0
p[11611],0.68,0.02,0.64,0.71,0.0,0.0,9299.71,6137.66,1.0
p[11612],0.8,0.02,0.75,0.84,0.0,0.0,11813.74,6738.24,1.0
p[11613],0.73,0.02,0.7,0.76,0.0,0.0,9602.44,6636.26,1.0
p[11614],0.79,0.02,0.75,0.83,0.0,0.0,9991.2,6293.22,1.0
p[11615],0.68,0.02,0.65,0.71,0.0,0.0,9262.25,6182.21,1.0
p[11616],0.69,0.03,0.64,0.75,0.0,0.0,10075.8,6706.92,1.0
p[11617],0.73,0.02,0.7,0.76,0.0,0.0,9582.36,6665.64,1.0
p[11618],0.68,0.02,0.65,0.72,0.0,0.0,9239.1,6266.25,1.0
p[11619],0.8,0.02,0.76,0.83,0.0,0.0,9993.25,6206.0,1.0
p[11620],0.68,0.02,0.65,0.72,0.0,0.0,9233.68,6390.45,1.0
p[11621],0.73,0.01,0.71,0.76,0.0,0.0,9567.66,6667.48,1.0
p[11622],0.8,0.02,0.76,0.85,0.0,0.0,11807.92,6826.72,1.0
p[11623],0.73,0.01,0.71,0.76,0.0,0.0,9565.86,6786.01,1.0
p[11624],0.73,0.01,0.71,0.76,0.0,0.0,9564.46,6785.18,1.0
p[11625],0.8,0.02,0.76,0.83,0.0,0.0,9989.36,6188.24,1.0
p[11626],0.74,0.01,0.71,0.76,0.0,0.0,9561.31,6756.27,1.0
p[11627],0.8,0.02,0.76,0.84,0.0,0.0,9989.78,6208.16,1.0
p[11628],0.69,0.02,0.66,0.72,0.0,0.0,9211.01,6613.88,1.0
p[11629],0.69,0.02,0.66,0.72,0.0,0.0,9208.07,6613.88,1.0
p[11630],0.74,0.01,0.71,0.77,0.0,0.0,9553.93,6696.57,1.0
p[11631],0.76,0.02,0.71,0.8,0.0,0.0,10302.35,6272.73,1.0
p[11632],0.74,0.01,0.71,0.77,0.0,0.0,9550.28,6696.35,1.0
p[11633],0.71,0.03,0.65,0.75,0.0,0.0,10066.39,6713.79,1.0
p[11634],0.69,0.02,0.66,0.72,0.0,0.0,9188.35,6576.65,1.0
p[11635],0.69,0.02,0.66,0.73,0.0,0.0,9184.02,6605.48,1.0
p[11636],0.74,0.01,0.72,0.77,0.0,0.0,9540.0,6286.52,1.0
p[11637],0.74,0.01,0.72,0.77,0.0,0.0,9535.1,6287.02,1.0
p[11638],0.74,0.01,0.72,0.77,0.0,0.0,9535.1,6287.02,1.0
p[11639],0.81,0.02,0.76,0.85,0.0,0.0,11794.94,6710.91,1.0
p[11640],0.74,0.01,0.72,0.77,0.0,0.0,9532.11,6287.02,1.0
p[11641],0.7,0.02,0.66,0.73,0.0,0.0,9167.07,6692.05,1.0
p[11642],0.7,0.02,0.67,0.73,0.0,0.0,9164.09,6692.68,1.0
p[11643],0.87,0.03,0.82,0.92,0.0,0.0,10324.25,6237.15,1.0
p[11644],0.71,0.03,0.66,0.76,0.0,0.0,10061.34,6744.18,1.0
p[11645],0.75,0.01,0.72,0.77,0.0,0.0,9523.64,6373.7,1.0
p[11646],0.77,0.02,0.72,0.81,0.0,0.0,10297.02,6281.86,1.0
p[11647],0.52,0.03,0.48,0.57,0.0,0.0,10110.5,6648.37,1.0
p[11648],0.75,0.01,0.72,0.77,0.0,0.0,9518.47,6399.15,1.0
p[11649],0.81,0.02,0.77,0.84,0.0,0.0,9976.55,6452.62,1.0
p[11650],0.7,0.02,0.67,0.73,0.0,0.0,9148.03,6635.59,1.0
p[11651],0.7,0.02,0.67,0.73,0.0,0.0,9146.6,6635.59,1.0
p[11652],0.75,0.01,0.72,0.77,0.0,0.0,9513.71,6440.97,1.0
p[11653],0.75,0.01,0.72,0.77,0.0,0.0,9510.71,6551.75,1.0
p[11654],0.75,0.01,0.72,0.78,0.0,0.0,9510.72,6551.75,1.0
p[11655],0.81,0.02,0.78,0.84,0.0,0.0,9971.61,6453.92,1.0
p[11656],0.75,0.01,0.73,0.78,0.0,0.0,9507.91,6552.4,1.0
p[11657],0.7,0.02,0.67,0.74,0.0,0.0,9130.35,6666.28,1.0
p[11658],0.8,0.02,0.76,0.85,0.0,0.0,11686.21,7036.28,1.0
p[11659],0.75,0.01,0.72,0.78,0.0,0.0,9508.13,6552.4,1.0
p[11660],0.82,0.02,0.77,0.86,0.0,0.0,11784.98,6509.75,1.0
p[11661],0.71,0.02,0.68,0.74,0.0,0.0,9125.61,6608.3,1.0
p[11662],0.72,0.03,0.67,0.77,0.0,0.0,10057.7,6656.23,1.0
p[11663],0.75,0.01,0.73,0.78,0.0,0.0,9504.39,6579.95,1.0
p[11664],0.75,0.01,0.73,0.78,0.0,0.0,9502.37,6580.44,1.0
p[11665],0.77,0.02,0.73,0.81,0.0,0.0,10287.88,6234.89,1.0
p[11666],0.75,0.01,0.73,0.78,0.0,0.0,9501.5,6579.9,1.0
p[11667],0.53,0.03,0.49,0.58,0.0,0.0,10122.15,6631.16,1.0
p[11668],0.75,0.01,0.73,0.78,0.0,0.0,9499.31,6695.16,1.0
p[11669],0.71,0.02,0.68,0.74,0.0,0.0,9110.47,6609.32,1.0
p[11670],0.71,0.02,0.68,0.74,0.0,0.0,9108.67,6609.63,1.0
p[11671],0.69,0.03,0.64,0.74,0.0,0.0,9602.49,6954.48,1.0
p[11672],0.76,0.01,0.73,0.78,0.0,0.0,9495.84,6620.28,1.0
p[11673],0.76,0.01,0.73,0.78,0.0,0.0,9497.1,6620.28,1.0
p[11674],0.76,0.01,0.73,0.78,0.0,0.0,9496.98,6620.73,1.0
p[11675],0.86,0.01,0.83,0.88,0.0,0.0,9510.75,6971.48,1.0
p[11676],0.76,0.01,0.73,0.78,0.0,0.0,9496.04,6620.73,1.0
p[11677],0.82,0.02,0.78,0.86,0.0,0.0,11774.79,6573.28,1.0
p[11678],0.76,0.01,0.73,0.78,0.0,0.0,9495.97,6591.74,1.0
p[11679],0.76,0.01,0.73,0.78,0.0,0.0,9495.85,6619.81,1.0
p[11680],0.71,0.02,0.68,0.74,0.0,0.0,9095.84,6553.16,1.0
p[11681],0.88,0.02,0.83,0.92,0.0,0.0,10299.47,6428.17,1.0
p[11682],0.71,0.02,0.68,0.74,0.0,0.0,9093.57,6609.76,1.0
p[11683],0.82,0.02,0.78,0.85,0.0,0.0,9974.49,6496.35,1.0
p[11684],0.69,0.03,0.64,0.74,0.0,0.0,9608.48,6880.6,1.0
p[11685],0.73,0.03,0.68,0.77,0.0,0.0,10047.93,6512.15,1.0
p[11686],0.76,0.01,0.73,0.78,0.0,0.0,9490.92,6593.04,1.0
p[11687],0.54,0.03,0.5,0.59,0.0,0.0,10137.06,6320.16,1.0
p[11688],0.78,0.02,0.74,0.82,0.0,0.0,10279.41,6336.46,1.0
p[11689],0.72,0.02,0.69,0.75,0.0,0.0,9080.91,6696.83,1.0
p[11690],0.76,0.01,0.74,0.79,0.0,0.0,9485.79,6650.26,1.0
p[11691],0.82,0.02,0.79,0.85,0.0,0.0,9972.64,6430.71,1.0
p[11692],0.7,0.02,0.65,0.74,0.0,0.0,9614.31,6832.78,1.0
p[11693],0.76,0.01,0.74,0.79,0.0,0.0,9483.32,6620.35,1.0
p[11694],0.76,0.01,0.74,0.79,0.0,0.0,9483.08,6737.45,1.0
p[11695],0.76,0.01,0.74,0.79,0.0,0.0,9483.1,6737.45,1.0
p[11696],0.72,0.02,0.69,0.75,0.0,0.0,9073.89,6960.42,1.0
p[11697],0.81,0.02,0.77,0.86,0.0,0.0,11694.24,7064.43,1.0
p[11698],0.83,0.02,0.79,0.87,0.0,0.0,11753.65,6643.27,1.0
p[11699],0.86,0.01,0.84,0.88,0.0,0.0,9508.74,7003.24,1.0
p[11700],0.81,0.02,0.77,0.86,0.0,0.0,11693.44,7064.43,1.0
p[11701],0.77,0.01,0.74,0.79,0.0,0.0,9481.86,6860.28,1.0
p[11702],0.72,0.02,0.69,0.75,0.0,0.0,9071.34,6960.38,1.0
p[11703],0.82,0.02,0.79,0.85,0.0,0.0,9972.38,6420.56,1.0
p[11704],0.72,0.02,0.69,0.75,0.0,0.0,9069.58,6945.63,1.0
p[11705],0.77,0.01,0.74,0.79,0.0,0.0,9480.73,6825.26,1.0
p[11706],0.74,0.03,0.69,0.78,0.0,0.0,10041.34,6569.28,1.0
p[11707],0.77,0.01,0.74,0.79,0.0,0.0,9480.83,6825.04,1.0
p[11708],0.79,0.02,0.75,0.83,0.0,0.0,10269.76,6383.92,1.0
p[11709],0.55,0.03,0.51,0.6,0.0,0.0,10155.91,6346.07,1.0
p[11710],0.77,0.01,0.74,0.79,0.0,0.0,9480.97,6734.52,1.0
p[11711],0.73,0.02,0.7,0.75,0.0,0.0,9059.72,6851.7,1.0
p[11712],0.73,0.02,0.7,0.75,0.0,0.0,9058.15,6851.7,1.0
p[11713],0.7,0.02,0.66,0.75,0.0,0.0,9624.15,6783.9,1.0
p[11714],0.77,0.01,0.75,0.79,0.0,0.0,9479.84,6764.86,1.0
p[11715],0.77,0.01,0.75,0.79,0.0,0.0,9479.84,6764.86,1.0
p[11716],0.77,0.01,0.75,0.79,0.0,0.0,9478.25,6734.89,1.0
p[11717],0.77,0.01,0.75,0.79,0.0,0.0,9478.47,6764.61,1.0
p[11718],0.77,0.01,0.75,0.79,0.0,0.0,9477.2,6764.61,1.0
p[11719],0.86,0.01,0.84,0.89,0.0,0.0,9511.25,6880.92,1.0
p[11720],0.73,0.02,0.7,0.76,0.0,0.0,9051.3,6913.77,1.0
p[11721],0.77,0.01,0.75,0.8,0.0,0.0,9478.7,6704.94,1.0
p[11722],0.89,0.02,0.85,0.93,0.0,0.0,10269.62,6103.26,1.0
p[11723],0.73,0.02,0.7,0.76,0.0,0.0,9048.38,6913.68,1.0
p[11724],0.77,0.01,0.75,0.8,0.0,0.0,9476.24,6704.74,1.0
p[11725],0.83,0.02,0.79,0.87,0.0,0.0,11731.65,6740.18,1.0
p[11726],0.74,0.02,0.7,0.79,0.0,0.0,10035.32,6712.22,1.0
p[11727],0.77,0.01,0.75,0.8,0.0,0.0,9478.85,6677.62,1.0
p[11728],0.79,0.02,0.75,0.83,0.0,0.0,10265.91,6296.58,1.0
p[11729],0.56,0.03,0.52,0.61,0.0,0.0,10170.69,6349.76,1.0
p[11730],0.78,0.01,0.75,0.8,0.0,0.0,9478.96,6683.29,1.0
p[11731],0.73,0.01,0.7,0.76,0.0,0.0,9042.24,6945.22,1.0
p[11732],0.73,0.01,0.71,0.76,0.0,0.0,9042.37,6913.68,1.0
p[11733],0.71,0.02,0.66,0.75,0.0,0.0,9637.19,6590.4,1.0
p[11734],0.78,0.01,0.75,0.8,0.0,0.0,9478.1,6705.37,1.0
p[11735],0.78,0.01,0.75,0.8,0.0,0.0,9480.51,6682.94,1.0
p[11736],0.84,0.02,0.8,0.87,0.0,0.0,11719.79,6535.69,1.0
p[11737],0.78,0.01,0.75,0.8,0.0,0.0,9482.62,6713.45,1.0
p[11738],0.87,0.01,0.85,0.89,0.0,0.0,9518.13,6911.21,1.0
p[11739],0.74,0.01,0.71,0.76,0.0,0.0,9038.16,6851.39,1.0
p[11740],0.78,0.01,0.76,0.8,0.0,0.0,9483.72,6682.91,1.0
p[11741],0.78,0.01,0.76,0.8,0.0,0.0,9484.6,6682.91,1.0
p[11742],0.78,0.01,0.76,0.8,0.0,0.0,9484.6,6682.91,1.0
p[11743],0.84,0.02,0.8,0.87,0.0,0.0,9966.54,6272.34,1.0
p[11744],0.84,0.02,0.8,0.87,0.0,0.0,9966.07,6230.06,1.0
p[11745],0.74,0.01,0.71,0.77,0.0,0.0,9036.44,6820.39,1.0
p[11746],0.75,0.02,0.71,0.8,0.0,0.0,10033.24,6674.79,1.0
p[11747],0.87,0.01,0.85,0.89,0.0,0.0,9521.14,6975.11,1.0
p[11748],0.78,0.01,0.76,0.8,0.0,0.0,9485.74,6682.68,1.0
p[11749],0.8,0.02,0.76,0.84,0.0,0.0,10246.87,6425.11,1.0
p[11750],0.57,0.03,0.53,0.62,0.0,0.0,10176.64,6593.36,1.0
p[11751],0.78,0.01,0.76,0.8,0.0,0.0,9487.73,6653.04,1.0
p[11752],0.78,0.01,0.76,0.8,0.0,0.0,9487.73,6653.04,1.0
p[11753],0.74,0.01,0.71,0.77,0.0,0.0,9035.4,6789.6,1.0
p[11754],0.78,0.01,0.76,0.81,0.0,0.0,9487.77,6594.12,1.0
p[11755],0.74,0.01,0.71,0.77,0.0,0.0,9036.4,6820.09,1.0
p[11756],0.72,0.02,0.68,0.77,0.0,0.0,9659.34,6640.81,1.0
p[11757],0.78,0.01,0.76,0.81,0.0,0.0,9488.14,6571.95,1.0
p[11758],0.84,0.02,0.8,0.88,0.0,0.0,11700.52,6535.34,1.0
p[11759],0.87,0.01,0.85,0.89,0.0,0.0,9523.15,6845.23,1.0
p[11760],0.78,0.01,0.76,0.81,0.0,0.0,9488.58,6571.95,1.0
p[11761],0.78,0.01,0.76,0.81,0.0,0.0,9488.15,6571.95,1.0
p[11762],0.83,0.02,0.79,0.87,0.0,0.0,11672.18,6541.78,1.0
p[11763],0.74,0.01,0.72,0.77,0.0,0.0,9037.27,6882.29,1.0
p[11764],0.79,0.01,0.76,0.81,0.0,0.0,9491.25,6380.33,1.0
p[11765],0.74,0.01,0.72,0.77,0.0,0.0,9037.21,6882.29,1.0
p[11766],0.76,0.02,0.71,0.8,0.0,0.0,10032.08,6616.8,1.0
p[11767],0.89,0.02,0.85,0.93,0.0,0.0,11328.08,6405.01,1.0
p[11768],0.79,0.01,0.76,0.81,0.0,0.0,9497.29,6515.68,1.0
p[11769],0.79,0.01,0.76,0.81,0.0,0.0,9497.29,6515.68,1.0
p[11770],0.79,0.01,0.76,0.81,0.0,0.0,9500.0,6488.57,1.0
p[11771],0.81,0.02,0.77,0.84,0.0,0.0,10229.61,6349.14,1.0
p[11772],0.58,0.03,0.53,0.63,0.0,0.0,10175.65,6591.9,1.0
p[11773],0.79,0.01,0.77,0.81,0.0,0.0,9500.93,6432.49,1.0
p[11774],0.88,0.01,0.85,0.9,0.0,0.0,9528.61,6972.32,1.0
p[11775],0.84,0.02,0.81,0.87,0.0,0.0,9956.31,5895.1,1.0
p[11776],0.75,0.01,0.72,0.78,0.0,0.0,9042.05,6913.56,1.0
p[11777],0.9,0.02,0.86,0.93,0.0,0.0,10232.93,6611.16,1.0
p[11778],0.79,0.01,0.77,0.81,0.0,0.0,9503.87,6404.99,1.0
p[11779],0.79,0.01,0.77,0.81,0.0,0.0,9503.87,6404.99,1.0
p[11780],0.75,0.01,0.72,0.78,0.0,0.0,9042.9,6913.56,1.0
p[11781],0.73,0.02,0.69,0.77,0.0,0.0,9666.04,6759.01,1.0
p[11782],0.76,0.02,0.72,0.8,0.0,0.0,10025.96,6607.3,1.0
p[11783],0.79,0.01,0.77,0.81,0.0,0.0,9509.25,6378.85,1.0
p[11784],0.88,0.01,0.86,0.9,0.0,0.0,9531.83,6939.87,1.0
p[11785],0.85,0.02,0.81,0.88,0.0,0.0,11682.82,6469.91,1.0
p[11786],0.79,0.01,0.77,0.81,0.0,0.0,9510.97,6378.85,1.0
p[11787],0.88,0.01,0.86,0.9,0.0,0.0,9534.54,7003.64,1.0
p[11788],0.79,0.01,0.77,0.81,0.0,0.0,9513.75,6426.94,1.0
p[11789],0.79,0.01,0.77,0.81,0.0,0.0,9513.75,6426.94,1.0
p[11790],0.75,0.01,0.72,0.78,0.0,0.0,9045.39,6882.77,1.0
p[11791],0.85,0.02,0.81,0.87,0.0,0.0,9960.52,5756.59,1.0
p[11792],0.79,0.01,0.77,0.81,0.0,0.0,9518.47,6455.86,1.0
p[11793],0.76,0.02,0.72,0.81,0.0,0.0,10027.12,6487.38,1.0
p[11794],0.88,0.01,0.86,0.9,0.0,0.0,9537.64,6938.47,1.0
p[11795],0.75,0.01,0.73,0.78,0.0,0.0,9048.07,6914.18,1.0
p[11796],0.79,0.01,0.77,0.82,0.0,0.0,9523.04,6538.93,1.0
p[11797],0.8,0.01,0.77,0.82,0.0,0.0,9526.34,6539.18,1.0
p[11798],0.59,0.02,0.54,0.64,0.0,0.0,10181.53,6714.39,1.0
p[11799],0.81,0.02,0.77,0.85,0.0,0.0,10221.27,6567.05,1.0
p[11800],0.8,0.01,0.77,0.82,0.0,0.0,9528.6,6538.58,1.0
p[11801],0.76,0.01,0.73,0.78,0.0,0.0,9053.7,6914.18,1.0
p[11802],0.8,0.01,0.77,0.82,0.0,0.0,9530.25,6595.86,1.0
p[11803],0.76,0.01,0.73,0.78,0.0,0.0,9054.96,6945.64,1.0
p[11804],0.74,0.02,0.7,0.78,0.0,0.0,9685.25,6762.57,1.0
p[11805],0.88,0.01,0.86,0.9,0.0,0.0,9544.28,6971.22,1.0
p[11806],0.8,0.01,0.78,0.82,0.0,0.0,9540.24,6652.82,1.0
p[11807],0.8,0.01,0.78,0.82,0.0,0.0,9541.05,6681.57,1.0
p[11808],0.8,0.01,0.78,0.82,0.0,0.0,9544.79,6681.57,1.0
p[11809],0.8,0.01,0.78,0.82,0.0,0.0,9544.79,6681.57,1.0
p[11810],0.9,0.02,0.86,0.94,0.0,0.0,10203.58,6426.98,1.0
p[11811],0.76,0.01,0.73,0.79,0.0,0.0,9064.44,7042.18,1.0
p[11812],0.8,0.01,0.78,0.82,0.0,0.0,9547.08,6712.04,1.0
p[11813],0.85,0.02,0.82,0.88,0.0,0.0,9945.11,5820.71,1.0
p[11814],0.76,0.01,0.73,0.79,0.0,0.0,9065.63,7009.66,1.0
p[11815],0.8,0.01,0.78,0.82,0.0,0.0,9549.52,6682.31,1.0
p[11816],0.77,0.02,0.73,0.81,0.0,0.0,10030.07,6676.79,1.0
p[11817],0.8,0.01,0.78,0.82,0.0,0.0,9555.25,6652.89,1.0
p[11818],0.86,0.02,0.82,0.89,0.0,0.0,11642.29,6471.9,1.0
p[11819],0.6,0.02,0.56,0.65,0.0,0.0,10186.35,6659.43,1.0
p[11820],0.82,0.02,0.78,0.85,0.0,0.0,10211.11,6464.9,1.0
p[11821],0.8,0.01,0.78,0.82,0.0,0.0,9560.03,6680.59,1.0
p[11822],0.8,0.01,0.78,0.82,0.0,0.0,9562.47,6710.71,1.0
p[11823],0.76,0.01,0.74,0.79,0.0,0.0,9075.87,6882.09,1.0
p[11824],0.74,0.02,0.7,0.78,0.0,0.0,9695.71,6732.3,1.0
p[11825],0.76,0.01,0.74,0.79,0.0,0.0,9079.94,6881.95,1.0
p[11826],0.74,0.02,0.7,0.79,0.0,0.0,9698.92,6702.33,1.0
p[11827],0.8,0.01,0.78,0.83,0.0,0.0,9573.37,6710.75,1.0
p[11828],0.8,0.01,0.78,0.83,0.0,0.0,9575.46,6800.74,1.0
p[11829],0.89,0.01,0.87,0.91,0.0,0.0,9568.18,6994.76,1.0
p[11830],0.86,0.02,0.82,0.89,0.0,0.0,11628.5,6470.62,1.0
p[11831],0.77,0.01,0.74,0.79,0.0,0.0,9087.98,6913.1,1.0
p[11832],0.81,0.01,0.78,0.83,0.0,0.0,9581.24,6956.19,1.0
p[11833],0.77,0.01,0.74,0.79,0.0,0.0,9087.95,6945.0,1.0
p[11834],0.81,0.01,0.78,0.83,0.0,0.0,9585.8,6956.19,1.0
p[11835],0.78,0.02,0.73,0.82,0.0,0.0,10031.3,6863.29,1.0
p[11836],0.81,0.01,0.78,0.83,0.0,0.0,9585.8,6956.19,1.0
p[11837],0.89,0.01,0.87,0.91,0.0,0.0,9572.57,7027.63,1.0
p[11838],0.81,0.01,0.79,0.83,0.0,0.0,9588.36,6956.04,1.0
p[11839],0.86,0.02,0.83,0.89,0.0,0.0,9962.79,5921.95,1.0
p[11840],0.61,0.02,0.57,0.66,0.0,0.0,10191.71,6865.11,1.0
p[11841],0.82,0.02,0.79,0.86,0.0,0.0,10195.52,6466.21,1.0
p[11842],0.81,0.01,0.78,0.83,0.0,0.0,9595.9,6925.21,1.0
p[11843],0.81,0.01,0.78,0.83,0.0,0.0,9598.6,6925.21,1.0
p[11844],0.81,0.01,0.78,0.83,0.0,0.0,9598.97,6925.21,1.0
p[11845],0.77,0.01,0.74,0.8,0.0,0.0,9094.1,6897.09,1.0
p[11846],0.77,0.01,0.74,0.8,0.0,0.0,9095.14,6897.09,1.0
p[11847],0.85,0.02,0.82,0.89,0.0,0.0,11638.21,6997.86,1.0
p[11848],0.81,0.01,0.79,0.83,0.0,0.0,9609.54,6861.7,1.0
p[11849],0.81,0.01,0.79,0.83,0.0,0.0,9609.54,6861.7,1.0
p[11850],0.86,0.02,0.83,0.89,0.0,0.0,11601.68,6484.95,1.0
p[11851],0.81,0.01,0.79,0.83,0.0,0.0,9613.3,6892.51,1.0
p[11852],0.86,0.01,0.83,0.89,0.0,0.0,9968.6,6034.4,1.0
p[11853],0.91,0.02,0.87,0.94,0.0,0.0,10168.81,6401.48,1.0
p[11854],0.77,0.01,0.75,0.8,0.0,0.0,9102.79,6929.38,1.0
p[11855],0.77,0.01,0.75,0.8,0.0,0.0,9105.5,7025.53,1.0
p[11856],0.81,0.01,0.79,0.83,0.0,0.0,9627.41,6831.45,1.0
p[11857],0.78,0.02,0.74,0.82,0.0,0.0,10032.4,6820.34,1.0
p[11858],0.81,0.01,0.79,0.83,0.0,0.0,9631.98,6831.45,1.0
p[11859],0.9,0.02,0.87,0.94,0.0,0.0,11131.82,6431.2,1.0
p[11860],0.81,0.01,0.79,0.83,0.0,0.0,9635.88,6831.45,1.0
p[11861],0.62,0.02,0.57,0.67,0.0,0.0,10200.42,6925.42,1.0
p[11862],0.89,0.01,0.87,0.91,0.0,0.0,9597.0,6663.23,1.0
p[11863],0.81,0.01,0.79,0.83,0.0,0.0,9642.92,6770.99,1.0
p[11864],0.78,0.01,0.75,0.8,0.0,0.0,9111.94,6959.99,1.0
p[11865],0.81,0.01,0.79,0.83,0.0,0.0,9646.17,6771.06,1.0
p[11866],0.81,0.01,0.79,0.83,0.0,0.0,9646.17,6771.06,1.0
p[11867],0.86,0.01,0.83,0.89,0.0,0.0,9969.99,5965.06,1.0
p[11868],0.86,0.01,0.83,0.89,0.0,0.0,9968.25,5964.64,1.0
p[11869],0.78,0.01,0.75,0.8,0.0,0.0,9113.39,7023.6,1.0
p[11870],0.86,0.01,0.84,0.89,0.0,0.0,9972.46,5964.64,1.0
p[11871],0.89,0.01,0.88,0.91,0.0,0.0,9601.13,6722.2,1.0
p[11872],0.89,0.01,0.88,0.91,0.0,0.0,9601.6,6663.08,1.0
p[11873],0.82,0.01,0.79,0.84,0.0,0.0,9658.42,6771.44,1.0
p[11874],0.82,0.01,0.79,0.84,0.0,0.0,9659.95,6771.44,1.0
p[11875],0.82,0.01,0.79,0.84,0.0,0.0,9659.95,6771.44,1.0
p[11876],0.87,0.02,0.83,0.9,0.0,0.0,11828.67,6540.19,1.0
p[11877],0.83,0.02,0.8,0.87,0.0,0.0,10171.39,6613.26,1.0
p[11878],0.89,0.01,0.88,0.91,0.0,0.0,9603.52,6663.81,1.0
p[11879],0.82,0.01,0.79,0.84,0.0,0.0,9662.99,6770.77,1.0
p[11880],0.86,0.01,0.84,0.89,0.0,0.0,9978.43,5993.47,1.0
p[11881],0.82,0.01,0.79,0.84,0.0,0.0,9667.13,6832.23,1.0
p[11882],0.82,0.01,0.8,0.84,0.0,0.0,9671.54,6832.23,1.0
p[11883],0.78,0.01,0.75,0.81,0.0,0.0,9122.88,6960.37,1.0
p[11884],0.78,0.01,0.75,0.81,0.0,0.0,9123.19,6960.37,1.0
p[11885],0.79,0.02,0.75,0.83,0.0,0.0,10032.91,6912.94,1.0
p[11886],0.82,0.01,0.8,0.84,0.0,0.0,9679.43,6832.31,1.0
p[11887],0.84,0.02,0.8,0.87,0.0,0.0,10167.71,6675.61,1.0
p[11888],0.82,0.01,0.8,0.84,0.0,0.0,9684.49,6832.31,1.0
p[11889],0.63,0.02,0.58,0.68,0.0,0.0,10212.18,7020.86,1.0
p[11890],0.82,0.01,0.8,0.84,0.0,0.0,9689.6,6801.44,1.0
p[11891],0.82,0.01,0.8,0.84,0.0,0.0,9691.39,6771.15,1.0
p[11892],0.78,0.01,0.76,0.81,0.0,0.0,9132.8,6959.92,1.0
p[11893],0.78,0.01,0.76,0.81,0.0,0.0,9133.77,6959.49,1.0
p[11894],0.86,0.02,0.83,0.89,0.0,0.0,11610.8,7030.63,1.0
p[11895],0.87,0.02,0.84,0.9,0.0,0.0,11789.01,6512.98,1.0
p[11896],0.82,0.01,0.8,0.84,0.0,0.0,9707.57,6800.2,1.0
p[11897],0.82,0.01,0.8,0.84,0.0,0.0,9708.69,6800.2,1.0
p[11898],0.9,0.01,0.88,0.92,0.0,0.0,9625.37,6604.79,1.0
p[11899],0.82,0.01,0.8,0.84,0.0,0.0,9709.67,6800.2,1.0
p[11900],0.82,0.01,0.8,0.84,0.0,0.0,9709.67,6800.2,1.0
p[11901],0.82,0.01,0.8,0.84,0.0,0.0,9715.4,6800.2,1.0
p[11902],0.87,0.01,0.84,0.9,0.0,0.0,9983.24,6055.72,1.0
p[11903],0.87,0.01,0.84,0.9,0.0,0.0,9982.89,6055.72,1.0
p[11904],0.79,0.01,0.76,0.81,0.0,0.0,9145.25,7023.33,1.0
p[11905],0.82,0.01,0.8,0.84,0.0,0.0,9722.51,6801.0,1.0
p[11906],0.79,0.01,0.76,0.81,0.0,0.0,9147.31,7023.33,1.0
p[11907],0.79,0.01,0.76,0.81,0.0,0.0,9147.86,7023.33,1.0
p[11908],0.8,0.02,0.76,0.84,0.0,0.0,10038.04,6991.83,1.0
p[11909],0.82,0.01,0.8,0.84,0.0,0.0,9735.46,6651.8,1.0
p[11910],0.82,0.01,0.8,0.84,0.0,0.0,9735.46,6651.8,1.0
p[11911],0.64,0.02,0.59,0.69,0.0,0.0,10216.74,6924.3,1.0
p[11912],0.86,0.02,0.83,0.9,0.0,0.0,11599.23,7044.71,1.0
p[11913],0.83,0.01,0.8,0.85,0.0,0.0,9747.12,6736.96,1.0
p[11914],0.79,0.01,0.76,0.82,0.0,0.0,9158.68,7020.79,1.0
p[11915],0.79,0.01,0.76,0.82,0.0,0.0,9159.38,6987.85,1.0
p[11916],0.9,0.01,0.88,0.92,0.0,0.0,9639.45,6633.06,1.0
p[11917],0.83,0.01,0.8,0.85,0.0,0.0,9751.62,6797.37,1.0
p[11918],0.87,0.02,0.83,0.9,0.0,0.0,11596.57,6981.09,1.0
p[11919],0.83,0.01,0.8,0.85,0.0,0.0,9754.18,6797.37,1.0
p[11920],0.9,0.01,0.88,0.92,0.0,0.0,9642.43,6638.63,1.0
p[11921],0.83,0.01,0.81,0.85,0.0,0.0,9763.1,6767.29,1.0
p[11922],0.83,0.01,0.81,0.85,0.0,0.0,9763.94,6767.29,1.0
p[11923],0.88,0.02,0.84,0.91,0.0,0.0,11746.43,6656.67,1.0
p[11924],0.9,0.01,0.88,0.92,0.0,0.0,9648.74,6728.52,1.0
p[11925],0.83,0.01,0.81,0.85,0.0,0.0,9771.86,6767.2,1.0
p[11926],0.87,0.02,0.83,0.9,0.0,0.0,11592.03,6824.79,1.0
p[11927],0.87,0.02,0.83,0.9,0.0,0.0,11592.24,6824.79,1.0
p[11928],0.83,0.01,0.81,0.85,0.0,0.0,9774.67,6767.2,1.0
p[11929],0.79,0.01,0.77,0.82,0.0,0.0,9167.37,7173.36,1.0
p[11930],0.79,0.01,0.77,0.82,0.0,0.0,9167.64,7173.41,1.0
p[11931],0.9,0.01,0.88,0.92,0.0,0.0,9651.81,6759.13,1.0
p[11932],0.83,0.01,0.81,0.85,0.0,0.0,9789.36,6741.64,1.0
p[11933],0.83,0.01,0.81,0.85,0.0,0.0,9791.29,6682.98,1.0
p[11934],0.83,0.01,0.81,0.85,0.0,0.0,9794.52,6595.76,1.0
p[11935],0.8,0.01,0.77,0.82,0.0,0.0,9177.09,7105.2,1.0
p[11936],0.8,0.01,0.77,0.82,0.0,0.0,9179.7,7072.61,1.0
p[11937],0.87,0.02,0.84,0.9,0.0,0.0,11582.58,6586.45,1.0
p[11938],0.9,0.01,0.89,0.92,0.0,0.0,9670.58,6727.78,1.0
p[11939],0.83,0.01,0.81,0.85,0.0,0.0,9813.79,6633.46,1.0
p[11940],0.83,0.01,0.81,0.85,0.0,0.0,9813.84,6633.6,1.0
p[11941],0.88,0.01,0.85,0.9,0.0,0.0,9983.48,5762.38,1.0
p[11942],0.83,0.01,0.81,0.85,0.0,0.0,9814.37,6633.6,1.0
p[11943],0.83,0.01,0.81,0.85,0.0,0.0,9815.69,6691.37,1.0
p[11944],0.8,0.01,0.77,0.82,0.0,0.0,9189.9,7072.87,1.0
p[11945],0.8,0.01,0.77,0.82,0.0,0.0,9189.63,7072.87,1.0
p[11946],0.83,0.01,0.81,0.86,0.0,0.0,9819.09,6632.92,1.0
p[11947],0.8,0.01,0.77,0.82,0.0,0.0,9193.06,7106.24,1.0
p[11948],0.84,0.01,0.81,0.86,0.0,0.0,9826.11,6562.74,1.0
p[11949],0.84,0.01,0.81,0.86,0.0,0.0,9826.11,6562.74,1.0
p[11950],0.84,0.01,0.82,0.86,0.0,0.0,9831.46,6676.63,1.0
p[11951],0.8,0.01,0.78,0.83,0.0,0.0,9203.81,7106.3,1.0
p[11952],0.84,0.01,0.82,0.86,0.0,0.0,9835.15,6676.35,1.0
p[11953],0.8,0.01,0.78,0.83,0.0,0.0,9206.9,7106.3,1.0
p[11954],0.92,0.02,0.89,0.95,0.0,0.0,10098.67,6439.17,1.0
p[11955],0.91,0.01,0.89,0.92,0.0,0.0,9695.74,6702.25,1.0
p[11956],0.91,0.01,0.89,0.92,0.0,0.0,9698.06,6702.29,1.0
p[11957],0.84,0.01,0.82,0.86,0.0,0.0,9842.54,6849.85,1.0
p[11958],0.84,0.01,0.82,0.86,0.0,0.0,9843.53,6849.85,1.0
p[11959],0.88,0.01,0.86,0.91,0.0,0.0,9982.09,5888.79,1.0
p[11960],0.88,0.02,0.84,0.91,0.0,0.0,11551.96,6564.31,1.0
p[11961],0.91,0.01,0.89,0.92,0.0,0.0,9702.84,6672.99,1.0
p[11962],0.84,0.01,0.82,0.86,0.0,0.0,9848.92,6880.59,1.0
p[11963],0.81,0.01,0.78,0.83,0.0,0.0,9220.86,7207.52,1.0
p[11964],0.81,0.01,0.78,0.83,0.0,0.0,9222.94,7207.52,1.0
p[11965],0.84,0.01,0.82,0.86,0.0,0.0,9852.73,6849.23,1.0
p[11966],0.84,0.01,0.82,0.86,0.0,0.0,9857.71,6880.83,1.0
p[11967],0.84,0.01,0.82,0.86,0.0,0.0,9858.53,6880.25,1.0
p[11968],0.69,0.02,0.66,0.73,0.0,0.0,9440.59,7249.85,1.0
p[11969],0.69,0.02,0.66,0.73,0.0,0.0,9438.68,7283.91,1.0
p[11970],0.64,0.02,0.6,0.68,0.0,0.0,9510.0,6660.01,1.0
p[11971],0.64,0.02,0.6,0.68,0.0,0.0,9500.88,6689.64,1.0
p[11972],0.81,0.02,0.78,0.85,0.0,0.0,9213.61,7291.37,1.0
p[11973],0.7,0.02,0.66,0.73,0.0,0.0,9428.81,7392.2,1.0
p[11974],0.7,0.02,0.66,0.73,0.0,0.0,9428.81,7392.2,1.0
p[11975],0.81,0.02,0.78,0.85,0.0,0.0,9205.9,7362.83,1.0
p[11976],0.7,0.02,0.66,0.73,0.0,0.0,9423.46,7392.2,1.0
p[11977],0.65,0.02,0.61,0.68,0.0,0.0,9455.21,6660.01,1.0
p[11978],0.7,0.02,0.66,0.73,0.0,0.0,9422.33,7356.92,1.0
p[11979],0.65,0.02,0.61,0.69,0.0,0.0,9445.9,6689.11,1.0
p[11980],0.7,0.02,0.67,0.73,0.0,0.0,9406.21,7358.01,1.0
p[11981],0.7,0.02,0.67,0.73,0.0,0.0,9406.9,7394.1,1.0
p[11982],0.77,0.02,0.73,0.82,0.0,0.0,9786.89,6847.74,1.0
p[11983],0.65,0.02,0.61,0.69,0.0,0.0,9408.96,6809.55,1.0
p[11984],0.7,0.02,0.67,0.74,0.0,0.0,9389.65,7397.25,1.0
p[11985],0.65,0.02,0.62,0.69,0.0,0.0,9380.65,6748.75,1.0
p[11986],0.7,0.02,0.67,0.74,0.0,0.0,9383.52,7397.25,1.0
p[11987],0.7,0.02,0.67,0.74,0.0,0.0,9383.24,7361.13,1.0
p[11988],0.71,0.02,0.67,0.74,0.0,0.0,9374.66,7325.75,1.0
p[11989],0.66,0.02,0.62,0.69,0.0,0.0,9348.68,6718.94,1.0
p[11990],0.78,0.02,0.73,0.82,0.0,0.0,9763.63,6787.42,1.0
p[11991],0.71,0.02,0.68,0.74,0.0,0.0,9362.45,7325.63,1.0
p[11992],0.71,0.02,0.68,0.74,0.0,0.0,9359.83,7289.94,1.0
p[11993],0.66,0.02,0.62,0.7,0.0,0.0,9311.83,6688.57,1.0
p[11994],0.71,0.02,0.68,0.74,0.0,0.0,9333.06,7217.82,1.0
p[11995],0.67,0.02,0.63,0.7,0.0,0.0,9257.3,6619.81,1.0
p[11996],0.72,0.02,0.68,0.75,0.0,0.0,9310.07,7180.92,1.0
p[11997],0.72,0.02,0.69,0.75,0.0,0.0,9302.9,7112.6,1.0
p[11998],0.67,0.02,0.63,0.7,0.0,0.0,9202.42,6477.46,1.0
p[11999],0.67,0.02,0.64,0.71,0.0,0.0,9141.36,6489.44,1.0
p[12000],0.8,0.03,0.75,0.84,0.0,0.0,11873.1,6499.26,1.0
p[12001],0.68,0.02,0.64,0.71,0.0,0.0,9097.52,6407.25,1.0
p[12002],0.68,0.02,0.65,0.71,0.0,0.0,9061.37,6393.21,1.0
p[12003],0.68,0.02,0.65,0.72,0.0,0.0,9034.31,6322.36,1.0
p[12004],0.79,0.03,0.74,0.84,0.0,0.0,11626.1,6651.39,1.0
p[12005],0.69,0.02,0.65,0.72,0.0,0.0,8988.36,6347.35,1.0
p[12006],0.69,0.02,0.66,0.72,0.0,0.0,8955.96,6270.11,1.0
p[12007],0.8,0.02,0.76,0.84,0.0,0.0,9648.03,6523.04,1.0
p[12008],0.81,0.02,0.76,0.85,0.0,0.0,11840.57,6619.41,1.0
p[12009],0.69,0.02,0.66,0.72,0.0,0.0,8916.58,6274.32,1.0
p[12010],0.74,0.02,0.71,0.77,0.0,0.0,9127.29,6916.4,1.0
p[12011],0.69,0.02,0.66,0.73,0.0,0.0,8881.81,6224.54,1.0
p[12012],0.81,0.02,0.77,0.85,0.0,0.0,11821.08,6574.65,1.0
p[12013],0.7,0.02,0.67,0.73,0.0,0.0,8845.81,6249.5,1.0
p[12014],0.74,0.01,0.71,0.77,0.0,0.0,9088.9,6854.46,1.0
p[12015],0.81,0.02,0.77,0.84,0.0,0.0,9618.0,6466.27,1.0
p[12016],0.87,0.03,0.82,0.92,0.0,0.0,10048.41,6555.95,1.0
p[12017],0.7,0.02,0.67,0.73,0.0,0.0,8820.14,6199.85,1.0
p[12018],0.71,0.03,0.66,0.76,0.0,0.0,9738.59,6929.73,1.0
p[12019],0.75,0.01,0.72,0.77,0.0,0.0,9054.92,6807.8,1.0
p[12020],0.75,0.01,0.72,0.77,0.0,0.0,9038.59,6747.13,1.0
p[12021],0.7,0.02,0.67,0.73,0.0,0.0,8774.05,6149.18,1.0
p[12022],0.81,0.02,0.77,0.85,0.0,0.0,9601.05,6691.74,1.0
p[12023],0.7,0.02,0.67,0.73,0.0,0.0,8763.49,6149.18,1.0
p[12024],0.75,0.01,0.72,0.78,0.0,0.0,9018.48,6761.99,1.0
p[12025],0.75,0.01,0.72,0.78,0.0,0.0,9018.48,6761.99,1.0
p[12026],0.71,0.02,0.67,0.74,0.0,0.0,8733.92,6199.23,1.0
p[12027],0.81,0.02,0.78,0.85,0.0,0.0,9593.82,6719.8,1.0
p[12028],0.81,0.02,0.78,0.85,0.0,0.0,9593.82,6719.8,1.0
p[12029],0.71,0.02,0.68,0.74,0.0,0.0,8721.39,6199.92,1.0
p[12030],0.75,0.01,0.73,0.78,0.0,0.0,9007.7,6816.41,1.0
p[12031],0.82,0.02,0.78,0.86,0.0,0.0,11795.71,6531.88,1.0
p[12032],0.71,0.02,0.68,0.74,0.0,0.0,8713.21,6225.9,1.0
p[12033],0.72,0.03,0.67,0.77,0.0,0.0,9718.55,7127.63,1.0
p[12034],0.75,0.01,0.73,0.78,0.0,0.0,8968.64,6750.53,1.0
p[12035],0.76,0.01,0.73,0.78,0.0,0.0,8961.81,6750.5,1.0
p[12036],0.78,0.02,0.73,0.82,0.0,0.0,9601.21,6766.52,1.0
p[12037],0.71,0.02,0.68,0.74,0.0,0.0,8674.34,6224.33,1.0
p[12038],0.76,0.01,0.73,0.78,0.0,0.0,8953.67,6750.28,1.0
p[12039],0.71,0.02,0.68,0.74,0.0,0.0,8664.18,6225.2,1.0
p[12040],0.71,0.02,0.68,0.74,0.0,0.0,8636.0,6225.69,1.0
p[12041],0.82,0.02,0.78,0.86,0.0,0.0,11779.03,6778.01,1.0
p[12042],0.86,0.01,0.83,0.88,0.0,0.0,8916.44,7243.67,1.0
p[12043],0.76,0.01,0.73,0.78,0.0,0.0,8924.27,6840.83,1.0
p[12044],0.76,0.01,0.73,0.78,0.0,0.0,8924.27,6840.83,1.0
p[12045],0.76,0.01,0.73,0.79,0.0,0.0,8916.49,6859.53,1.0
p[12046],0.88,0.02,0.83,0.92,0.0,0.0,10011.95,6590.69,1.0
p[12047],0.72,0.02,0.69,0.75,0.0,0.0,8611.12,6252.31,1.0
p[12048],0.72,0.02,0.69,0.75,0.0,0.0,8604.7,6303.81,1.0
p[12049],0.73,0.03,0.68,0.78,0.0,0.0,9689.17,7094.28,1.0
p[12050],0.76,0.01,0.74,0.79,0.0,0.0,8889.29,6871.49,1.0
p[12051],0.72,0.02,0.69,0.75,0.0,0.0,8570.49,6437.42,1.0
p[12052],0.78,0.02,0.74,0.82,0.0,0.0,9511.28,6485.81,1.0
p[12053],0.55,0.03,0.5,0.6,0.0,0.0,9197.47,6980.45,1.0
p[12054],0.76,0.01,0.74,0.79,0.0,0.0,8874.57,6871.41,1.0
p[12055],0.72,0.02,0.69,0.75,0.0,0.0,8548.78,6549.18,1.0
p[12056],0.76,0.01,0.74,0.79,0.0,0.0,8870.23,6902.02,1.0
p[12057],0.82,0.02,0.79,0.86,0.0,0.0,9557.33,6690.2,1.0
p[12058],0.72,0.02,0.69,0.75,0.0,0.0,8538.42,6549.53,1.0
p[12059],0.7,0.03,0.65,0.74,0.0,0.0,9011.17,6942.79,1.0
p[12060],0.76,0.01,0.74,0.79,0.0,0.0,8859.44,6920.69,1.0
p[12061],0.72,0.02,0.69,0.75,0.0,0.0,8517.27,6465.47,1.0
p[12062],0.77,0.01,0.74,0.79,0.0,0.0,8853.86,6857.92,1.0
p[12063],0.83,0.02,0.79,0.87,0.0,0.0,11756.71,6748.57,1.0
p[12064],0.77,0.01,0.74,0.79,0.0,0.0,8852.91,6857.92,1.0
p[12065],0.82,0.02,0.79,0.86,0.0,0.0,9549.33,6629.78,1.0
p[12066],0.82,0.02,0.77,0.86,0.0,0.0,11561.9,6478.93,1.0
p[12067],0.77,0.01,0.74,0.79,0.0,0.0,8841.21,6828.15,1.0
p[12068],0.72,0.02,0.69,0.75,0.0,0.0,8487.92,6437.98,1.0
p[12069],0.77,0.01,0.74,0.79,0.0,0.0,8835.54,6767.69,1.0
p[12070],0.72,0.02,0.69,0.75,0.0,0.0,8483.4,6465.21,1.0
p[12071],0.74,0.03,0.69,0.78,0.0,0.0,9660.5,7071.84,1.0
p[12072],0.73,0.02,0.7,0.75,0.0,0.0,8465.18,6577.36,1.0
p[12073],0.77,0.01,0.74,0.79,0.0,0.0,8824.56,6691.5,1.0
p[12074],0.79,0.02,0.75,0.83,0.0,0.0,9431.53,6349.38,1.0
p[12075],0.56,0.03,0.51,0.6,0.0,0.0,9148.19,6902.66,1.0
p[12076],0.77,0.01,0.75,0.8,0.0,0.0,8814.09,6680.22,1.0
p[12077],0.77,0.01,0.75,0.79,0.0,0.0,8808.9,6680.39,1.0
p[12078],0.73,0.02,0.7,0.75,0.0,0.0,8446.83,6575.83,1.0
p[12079],0.73,0.02,0.7,0.76,0.0,0.0,8438.49,6548.64,1.0
p[12080],0.77,0.01,0.75,0.8,0.0,0.0,8794.88,6661.24,1.0
p[12081],0.77,0.01,0.75,0.8,0.0,0.0,8792.54,6661.24,1.0
p[12082],0.73,0.02,0.7,0.76,0.0,0.0,8419.23,6633.34,1.0
p[12083],0.77,0.01,0.75,0.8,0.0,0.0,8787.55,6648.31,1.0
p[12084],0.87,0.01,0.84,0.89,0.0,0.0,8864.19,7172.03,1.0
p[12085],0.77,0.01,0.75,0.8,0.0,0.0,8785.37,6725.1,1.0
p[12086],0.77,0.01,0.75,0.8,0.0,0.0,8785.14,6725.1,1.0
p[12087],0.83,0.02,0.8,0.87,0.0,0.0,11722.24,6763.46,1.0
p[12088],0.73,0.02,0.7,0.76,0.0,0.0,8402.1,6492.02,1.0
p[12089],0.77,0.01,0.75,0.8,0.0,0.0,8774.01,6725.04,1.0
p[12090],0.89,0.02,0.85,0.93,0.0,0.0,9978.38,6500.66,1.0
p[12091],0.71,0.02,0.66,0.75,0.0,0.0,8974.12,6851.69,1.0
p[12092],0.73,0.02,0.7,0.76,0.0,0.0,8392.18,6465.24,1.0
p[12093],0.83,0.02,0.8,0.86,0.0,0.0,9527.6,6545.29,1.0
p[12094],0.74,0.02,0.7,0.79,0.0,0.0,9644.62,7106.04,1.0
p[12095],0.78,0.01,0.75,0.8,0.0,0.0,8746.37,6744.04,1.0
p[12096],0.73,0.01,0.7,0.76,0.0,0.0,8368.46,6517.14,1.0
p[12097],0.8,0.02,0.76,0.84,0.0,0.0,9355.72,6275.87,1.0
p[12098],0.57,0.03,0.52,0.61,0.0,0.0,9113.17,6889.13,1.0
p[12099],0.78,0.01,0.75,0.8,0.0,0.0,8736.3,6743.72,1.0
p[12100],0.73,0.01,0.71,0.76,0.0,0.0,8347.44,6573.2,1.0
p[12101],0.78,0.01,0.75,0.8,0.0,0.0,8732.79,6743.72,1.0
p[12102],0.78,0.01,0.75,0.8,0.0,0.0,8721.66,6655.34,1.0
p[12103],0.74,0.01,0.71,0.76,0.0,0.0,8339.91,6545.2,1.0
p[12104],0.83,0.02,0.8,0.87,0.0,0.0,9517.42,6461.48,1.0
p[12105],0.83,0.02,0.78,0.87,0.0,0.0,11526.74,6563.19,1.0
p[12106],0.83,0.02,0.8,0.87,0.0,0.0,9514.43,6461.5,1.0
p[12107],0.74,0.01,0.71,0.76,0.0,0.0,8317.18,6488.56,1.0
p[12108],0.78,0.01,0.76,0.8,0.0,0.0,8704.68,6655.8,1.0
p[12109],0.78,0.01,0.76,0.8,0.0,0.0,8701.82,6656.23,1.0
p[12110],0.78,0.01,0.76,0.8,0.0,0.0,8694.8,6656.21,1.0
p[12111],0.78,0.01,0.76,0.8,0.0,0.0,8694.8,6656.21,1.0
p[12112],0.78,0.01,0.76,0.8,0.0,0.0,8695.32,6656.02,1.0
p[12113],0.74,0.01,0.71,0.77,0.0,0.0,8301.38,6573.55,1.0
p[12114],0.72,0.02,0.67,0.76,0.0,0.0,8954.7,6614.33,1.0
p[12115],0.78,0.01,0.76,0.8,0.0,0.0,8689.38,6626.53,1.0
p[12116],0.84,0.02,0.8,0.87,0.0,0.0,9510.93,6354.02,1.0
p[12117],0.87,0.01,0.85,0.89,0.0,0.0,8836.18,7223.22,1.0
p[12118],0.74,0.01,0.71,0.77,0.0,0.0,8292.86,6544.49,1.0
p[12119],0.84,0.02,0.8,0.88,0.0,0.0,11690.99,6888.91,1.0
p[12120],0.74,0.01,0.71,0.77,0.0,0.0,8272.18,6489.51,1.0
p[12121],0.78,0.01,0.76,0.81,0.0,0.0,8666.59,6568.21,1.0
p[12122],0.78,0.01,0.76,0.81,0.0,0.0,8665.61,6568.42,1.0
p[12123],0.58,0.03,0.53,0.62,0.0,0.0,9099.17,6795.44,1.0
p[12124],0.75,0.02,0.71,0.8,0.0,0.0,9614.05,7073.05,1.0
p[12125],0.78,0.01,0.76,0.81,0.0,0.0,8660.91,6555.67,1.0
p[12126],0.8,0.02,0.76,0.84,0.0,0.0,9307.15,6440.47,1.0
p[12127],0.78,0.01,0.76,0.81,0.0,0.0,8657.05,6555.67,1.0
p[12128],0.74,0.01,0.72,0.77,0.0,0.0,8257.54,6573.86,1.0
p[12129],0.74,0.01,0.72,0.77,0.0,0.0,8254.3,6602.91,1.0
p[12130],0.79,0.01,0.76,0.81,0.0,0.0,8641.46,6485.96,1.0
p[12131],0.79,0.01,0.76,0.81,0.0,0.0,8641.46,6485.96,1.0
p[12132],0.79,0.01,0.76,0.81,0.0,0.0,8636.98,6472.67,1.0
p[12133],0.74,0.01,0.72,0.77,0.0,0.0,8239.02,6631.75,1.0
p[12134],0.79,0.01,0.76,0.81,0.0,0.0,8634.92,6472.67,1.0
p[12135],0.72,0.02,0.68,0.77,0.0,0.0,8942.48,6557.23,1.0
p[12136],0.79,0.01,0.76,0.81,0.0,0.0,8623.88,6513.14,1.0
p[12137],0.84,0.02,0.81,0.88,0.0,0.0,11672.36,7034.06,1.0
p[12138],0.75,0.01,0.72,0.77,0.0,0.0,8226.95,6545.33,1.0
p[12139],0.79,0.01,0.76,0.81,0.0,0.0,8618.86,6513.14,1.0
p[12140],0.9,0.02,0.86,0.93,0.0,0.0,9955.1,6529.0,1.0
p[12141],0.75,0.01,0.72,0.77,0.0,0.0,8221.35,6516.85,1.0
p[12142],0.76,0.02,0.72,0.8,0.0,0.0,9605.73,7040.38,1.0
p[12143],0.88,0.01,0.86,0.9,0.0,0.0,8820.74,7030.95,1.0
p[12144],0.79,0.01,0.77,0.81,0.0,0.0,8601.46,6444.29,1.0
p[12145],0.75,0.01,0.72,0.78,0.0,0.0,8206.73,6515.79,1.0
p[12146],0.81,0.02,0.77,0.84,0.0,0.0,9292.03,6640.28,1.0
p[12147],0.59,0.03,0.54,0.63,0.0,0.0,9074.02,6629.38,1.0
p[12148],0.79,0.01,0.77,0.81,0.0,0.0,8597.62,6485.07,1.0
p[12149],0.75,0.01,0.72,0.78,0.0,0.0,8195.69,6572.12,1.0
p[12150],0.79,0.01,0.77,0.81,0.0,0.0,8594.06,6457.42,1.0
p[12151],0.75,0.01,0.72,0.78,0.0,0.0,8194.04,6487.45,1.0
p[12152],0.73,0.02,0.68,0.77,0.0,0.0,8928.27,6473.24,1.0
p[12153],0.79,0.01,0.77,0.81,0.0,0.0,8588.38,6402.42,1.0
p[12154],0.85,0.02,0.81,0.88,0.0,0.0,11646.9,7052.32,1.0
p[12155],0.75,0.01,0.72,0.78,0.0,0.0,8187.43,6488.66,1.0
p[12156],0.79,0.01,0.77,0.82,0.0,0.0,8584.03,6429.85,1.0
p[12157],0.79,0.01,0.77,0.82,0.0,0.0,8584.03,6429.85,1.0
p[12158],0.79,0.01,0.77,0.82,0.0,0.0,8585.24,6429.85,1.0
p[12159],0.79,0.01,0.77,0.82,0.0,0.0,8585.24,6429.85,1.0
p[12160],0.88,0.01,0.86,0.9,0.0,0.0,8809.26,6874.62,1.0
p[12161],0.75,0.01,0.73,0.78,0.0,0.0,8180.14,6487.91,1.0
p[12162],0.85,0.02,0.82,0.88,0.0,0.0,9489.69,6124.68,1.0
p[12163],0.79,0.01,0.77,0.82,0.0,0.0,8581.05,6429.43,1.0
p[12164],0.85,0.02,0.82,0.88,0.0,0.0,9486.68,6118.45,1.0
p[12165],0.75,0.01,0.73,0.78,0.0,0.0,8174.28,6406.41,1.0
p[12166],0.77,0.02,0.72,0.81,0.0,0.0,9580.18,6911.35,1.0
p[12167],0.88,0.01,0.86,0.9,0.0,0.0,8805.83,6937.14,1.0
p[12168],0.76,0.01,0.73,0.78,0.0,0.0,8167.65,6434.18,1.0
p[12169],0.8,0.01,0.77,0.82,0.0,0.0,8570.99,6349.79,1.0
p[12170],0.81,0.02,0.77,0.85,0.0,0.0,9292.94,6629.5,1.0
p[12171],0.59,0.03,0.55,0.64,0.0,0.0,9082.16,6805.14,1.0
p[12172],0.8,0.01,0.77,0.82,0.0,0.0,8567.97,6349.01,1.0
p[12173],0.76,0.01,0.73,0.78,0.0,0.0,8161.51,6434.14,1.0
p[12174],0.8,0.01,0.77,0.82,0.0,0.0,8566.87,6349.03,1.0
p[12175],0.8,0.01,0.77,0.82,0.0,0.0,8566.18,6348.7,1.0
p[12176],0.76,0.01,0.73,0.78,0.0,0.0,8161.12,6450.67,1.0
p[12177],0.76,0.01,0.73,0.79,0.0,0.0,8161.88,6513.85,1.0
p[12178],0.85,0.02,0.82,0.89,0.0,0.0,11606.18,6954.73,1.0
p[12179],0.8,0.01,0.78,0.82,0.0,0.0,8557.01,6348.62,1.0
p[12180],0.88,0.01,0.86,0.9,0.0,0.0,8802.12,6812.48,1.0
p[12181],0.8,0.01,0.78,0.82,0.0,0.0,8556.35,6348.57,1.0
p[12182],0.8,0.01,0.78,0.82,0.0,0.0,8555.48,6348.57,1.0
p[12183],0.8,0.01,0.78,0.82,0.0,0.0,8555.1,6348.57,1.0
p[12184],0.8,0.01,0.78,0.82,0.0,0.0,8555.1,6348.57,1.0
p[12185],0.84,0.02,0.8,0.88,0.0,0.0,11452.74,6646.14,1.0
p[12186],0.9,0.02,0.87,0.94,0.0,0.0,9928.51,6163.8,1.0
p[12187],0.8,0.01,0.78,0.82,0.0,0.0,8553.01,6401.7,1.0
p[12188],0.76,0.01,0.73,0.79,0.0,0.0,8158.56,6430.76,1.0
p[12189],0.74,0.02,0.7,0.78,0.0,0.0,8905.53,6526.64,1.0
p[12190],0.76,0.01,0.73,0.79,0.0,0.0,8157.43,6458.47,1.0
p[12191],0.8,0.01,0.78,0.82,0.0,0.0,8549.09,6402.43,1.0
p[12192],0.76,0.01,0.74,0.79,0.0,0.0,8157.68,6351.14,1.0
p[12193],0.77,0.02,0.73,0.82,0.0,0.0,9557.84,6973.66,1.0
p[12194],0.85,0.02,0.82,0.88,0.0,0.0,9465.81,6093.36,1.0
p[12195],0.82,0.02,0.78,0.85,0.0,0.0,9284.02,6600.08,1.0
p[12196],0.6,0.03,0.56,0.65,0.0,0.0,9113.79,6715.88,1.0
p[12197],0.8,0.01,0.78,0.83,0.0,0.0,8540.37,6484.98,1.0
p[12198],0.8,0.01,0.78,0.83,0.0,0.0,8540.37,6484.98,1.0
p[12199],0.89,0.01,0.87,0.91,0.0,0.0,8795.77,6845.92,1.0
p[12200],0.8,0.01,0.78,0.83,0.0,0.0,8538.77,6457.73,1.0
p[12201],0.76,0.01,0.74,0.79,0.0,0.0,8153.84,6350.92,1.0
p[12202],0.9,0.02,0.86,0.94,0.0,0.0,10921.61,6460.26,1.0
p[12203],0.78,0.02,0.73,0.82,0.0,0.0,9557.68,7005.93,1.0
p[12204],0.76,0.01,0.74,0.79,0.0,0.0,8151.2,6377.8,1.0
p[12205],0.89,0.01,0.87,0.91,0.0,0.0,8792.93,6908.65,1.0
p[12206],0.81,0.01,0.78,0.83,0.0,0.0,8532.99,6513.13,1.0
p[12207],0.81,0.01,0.78,0.83,0.0,0.0,8532.99,6513.13,1.0
p[12208],0.77,0.01,0.74,0.79,0.0,0.0,8148.03,6377.44,1.0
p[12209],0.81,0.01,0.78,0.83,0.0,0.0,8532.85,6513.13,1.0
p[12210],0.81,0.01,0.78,0.83,0.0,0.0,8532.34,6457.46,1.0
p[12211],0.86,0.02,0.82,0.89,0.0,0.0,11569.23,6694.22,1.0
p[12212],0.77,0.01,0.74,0.79,0.0,0.0,8146.63,6377.35,1.0
p[12213],0.81,0.01,0.79,0.83,0.0,0.0,8524.16,6484.69,1.0
p[12214],0.89,0.01,0.87,0.91,0.0,0.0,8789.55,6846.77,1.0
p[12215],0.81,0.01,0.79,0.83,0.0,0.0,8524.52,6484.62,1.0
p[12216],0.77,0.01,0.74,0.79,0.0,0.0,8146.66,6459.52,1.0
p[12217],0.78,0.02,0.74,0.82,0.0,0.0,9551.62,7037.8,1.0
p[12218],0.89,0.01,0.87,0.91,0.0,0.0,8787.96,6878.26,1.0
p[12219],0.81,0.01,0.79,0.83,0.0,0.0,8515.32,6513.28,1.0
p[12220],0.77,0.01,0.74,0.8,0.0,0.0,8143.17,6432.28,1.0
p[12221],0.86,0.02,0.83,0.89,0.0,0.0,9457.65,6122.59,1.0
p[12222],0.61,0.02,0.57,0.66,0.0,0.0,9149.65,6774.58,1.0
p[12223],0.83,0.02,0.79,0.86,0.0,0.0,9281.56,6590.65,1.0
p[12224],0.81,0.01,0.79,0.83,0.0,0.0,8512.68,6601.55,1.0
p[12225],0.77,0.01,0.75,0.8,0.0,0.0,8141.33,6430.51,1.0
p[12226],0.81,0.01,0.79,0.83,0.0,0.0,8510.7,6601.15,1.0
p[12227],0.77,0.01,0.75,0.8,0.0,0.0,8142.68,6430.51,1.0
p[12228],0.81,0.01,0.79,0.83,0.0,0.0,8507.98,6600.61,1.0
p[12229],0.81,0.01,0.79,0.83,0.0,0.0,8504.31,6658.31,1.0
p[12230],0.81,0.01,0.79,0.83,0.0,0.0,8504.31,6658.31,1.0
p[12231],0.75,0.02,0.71,0.79,0.0,0.0,8889.39,6670.17,1.0
p[12232],0.77,0.01,0.75,0.8,0.0,0.0,8135.24,6539.84,1.0
p[12233],0.81,0.01,0.79,0.83,0.0,0.0,8504.24,6658.31,1.0
p[12234],0.86,0.02,0.83,0.9,0.0,0.0,11538.26,6679.1,1.0
p[12235],0.81,0.01,0.79,0.83,0.0,0.0,8503.27,6687.67,1.0
p[12236],0.81,0.01,0.79,0.83,0.0,0.0,8503.27,6687.67,1.0
p[12237],0.77,0.01,0.75,0.8,0.0,0.0,8133.76,6511.49,1.0
p[12238],0.91,0.02,0.88,0.94,0.0,0.0,9898.71,6175.47,1.0
p[12239],0.81,0.01,0.79,0.84,0.0,0.0,8503.34,6658.47,1.0
p[12240],0.78,0.01,0.75,0.8,0.0,0.0,8131.75,6511.49,1.0
p[12241],0.79,0.02,0.74,0.83,0.0,0.0,9541.37,7102.9,1.0
p[12242],0.86,0.01,0.83,0.89,0.0,0.0,9454.36,6147.93,1.0
p[12243],0.81,0.01,0.79,0.84,0.0,0.0,8497.44,6687.26,1.0
p[12244],0.89,0.01,0.87,0.91,0.0,0.0,8786.83,6878.78,1.0
p[12245],0.78,0.01,0.75,0.8,0.0,0.0,8128.68,6525.68,1.0
p[12246],0.83,0.02,0.8,0.86,0.0,0.0,9284.06,6369.85,1.0
p[12247],0.82,0.01,0.8,0.84,0.0,0.0,8498.21,6746.93,1.0
p[12248],0.78,0.01,0.75,0.8,0.0,0.0,8129.56,6451.87,1.0
p[12249],0.82,0.01,0.8,0.84,0.0,0.0,8497.3,6716.8,1.0
p[12250],0.78,0.01,0.75,0.8,0.0,0.0,8129.28,6423.46,1.0
p[12251],0.82,0.01,0.8,0.84,0.0,0.0,8493.77,6687.72,1.0
p[12252],0.76,0.02,0.72,0.8,0.0,0.0,8885.57,6526.17,1.0
p[12253],0.82,0.01,0.8,0.84,0.0,0.0,8492.8,6688.25,1.0
p[12254],0.82,0.01,0.8,0.84,0.0,0.0,8493.28,6688.25,1.0
p[12255],0.78,0.01,0.76,0.81,0.0,0.0,8123.51,6451.45,1.0
p[12256],0.82,0.01,0.8,0.84,0.0,0.0,8493.28,6688.25,1.0
p[12257],0.82,0.01,0.8,0.84,0.0,0.0,8493.37,6687.5,1.0
p[12258],0.87,0.02,0.84,0.9,0.0,0.0,11490.55,6604.71,1.0
p[12259],0.63,0.02,0.58,0.67,0.0,0.0,9214.86,6769.57,1.0
p[12260],0.78,0.01,0.76,0.81,0.0,0.0,8127.17,6440.95,1.0
p[12261],0.82,0.01,0.8,0.84,0.0,0.0,8497.17,6592.41,1.0
p[12262],0.87,0.01,0.84,0.89,0.0,0.0,9618.07,6131.46,1.0
p[12263],0.78,0.01,0.76,0.81,0.0,0.0,8125.06,6449.84,1.0
p[12264],0.82,0.01,0.8,0.84,0.0,0.0,8498.05,6586.53,1.0
p[12265],0.78,0.01,0.76,0.81,0.0,0.0,8122.17,6396.66,1.0
p[12266],0.79,0.02,0.75,0.83,0.0,0.0,9527.24,7029.43,1.0
p[12267],0.9,0.01,0.88,0.91,0.0,0.0,8779.09,6816.77,1.0
p[12268],0.82,0.01,0.8,0.84,0.0,0.0,8497.7,6716.94,1.0
p[12269],0.82,0.01,0.8,0.84,0.0,0.0,8498.01,6556.87,1.0
p[12270],0.79,0.01,0.76,0.81,0.0,0.0,8122.35,6370.99,1.0
p[12271],0.84,0.02,0.8,0.87,0.0,0.0,9288.53,6450.64,1.0
p[12272],0.79,0.01,0.76,0.81,0.0,0.0,8124.15,6343.87,1.0
p[12273],0.82,0.01,0.8,0.84,0.0,0.0,8496.42,6584.31,1.0
p[12274],0.87,0.02,0.84,0.9,0.0,0.0,11450.1,6500.19,1.0
p[12275],0.82,0.01,0.8,0.84,0.0,0.0,8494.88,6469.55,1.0
p[12276],0.82,0.01,0.8,0.84,0.0,0.0,8495.53,6470.52,1.0
p[12277],0.79,0.01,0.76,0.81,0.0,0.0,8125.14,6398.51,1.0
p[12278],0.82,0.01,0.8,0.84,0.0,0.0,8493.23,6470.18,1.0
p[12279],0.82,0.01,0.8,0.84,0.0,0.0,8494.44,6460.37,1.0
p[12280],0.92,0.02,0.88,0.95,0.0,0.0,9866.85,6310.46,1.0
p[12281],0.82,0.01,0.8,0.84,0.0,0.0,8494.44,6460.37,1.0
p[12282],0.79,0.01,0.76,0.81,0.0,0.0,8128.03,6415.11,1.0
p[12283],0.9,0.01,0.88,0.92,0.0,0.0,8782.22,6783.06,1.0
p[12284],0.82,0.01,0.8,0.85,0.0,0.0,8492.81,6460.37,1.0
p[12285],0.79,0.01,0.76,0.81,0.0,0.0,8127.48,6480.82,1.0
p[12286],0.86,0.02,0.83,0.9,0.0,0.0,11363.96,6733.64,1.0
p[12287],0.87,0.01,0.84,0.9,0.0,0.0,9617.31,6231.77,1.0
p[12288],0.79,0.01,0.76,0.81,0.0,0.0,8128.19,6371.6,1.0
p[12289],0.83,0.01,0.81,0.85,0.0,0.0,8491.28,6507.35,1.0
p[12290],0.64,0.02,0.59,0.69,0.0,0.0,9283.58,6892.09,1.0
p[12291],0.84,0.02,0.81,0.87,0.0,0.0,9309.26,6456.2,1.0
p[12292],0.64,0.02,0.6,0.69,0.0,0.0,9290.03,6923.55,1.0
p[12293],0.79,0.01,0.76,0.82,0.0,0.0,8130.22,6345.01,1.0
p[12294],0.83,0.01,0.81,0.85,0.0,0.0,8492.75,6589.02,1.0
p[12295],0.83,0.01,0.81,0.85,0.0,0.0,8492.62,6575.3,1.0
p[12296],0.87,0.01,0.85,0.9,0.0,0.0,9618.68,6232.2,1.0
p[12297],0.79,0.01,0.77,0.82,0.0,0.0,8131.89,6371.9,1.0
p[12298],0.83,0.01,0.81,0.85,0.0,0.0,8494.68,6575.82,1.0
p[12299],0.83,0.01,0.81,0.85,0.0,0.0,8494.62,6563.94,1.0
p[12300],0.83,0.01,0.81,0.85,0.0,0.0,8494.62,6563.94,1.0
p[12301],0.9,0.01,0.88,0.92,0.0,0.0,8785.06,6504.48,1.0
p[12302],0.87,0.01,0.85,0.9,0.0,0.0,9621.17,6336.47,1.0
p[12303],0.9,0.01,0.88,0.92,0.0,0.0,8785.45,6504.48,1.0
p[12304],0.79,0.01,0.77,0.82,0.0,0.0,8129.1,6398.19,1.0
p[12305],0.83,0.01,0.81,0.85,0.0,0.0,8498.73,6723.56,1.0
p[12306],0.87,0.01,0.85,0.9,0.0,0.0,9736.84,6284.26,1.0
p[12307],0.83,0.01,0.81,0.85,0.0,0.0,8500.6,6784.08,1.0
p[12308],0.79,0.01,0.77,0.82,0.0,0.0,8132.74,6417.76,1.0
p[12309],0.88,0.02,0.85,0.91,0.0,0.0,11408.35,6529.06,1.0
p[12310],0.88,0.01,0.85,0.9,0.0,0.0,9606.92,6232.15,1.0
p[12311],0.9,0.01,0.89,0.92,0.0,0.0,8786.59,6506.54,1.0
p[12312],0.83,0.01,0.81,0.85,0.0,0.0,8500.35,6784.31,1.0
p[12313],0.8,0.01,0.77,0.82,0.0,0.0,8135.08,6455.91,1.0
p[12314],0.81,0.02,0.77,0.84,0.0,0.0,9510.4,6903.71,1.0
p[12315],0.83,0.01,0.81,0.85,0.0,0.0,8501.76,6784.31,1.0
p[12316],0.8,0.01,0.77,0.82,0.0,0.0,8139.45,6373.9,1.0
p[12317],0.83,0.01,0.81,0.85,0.0,0.0,8503.37,6828.48,1.0
p[12318],0.83,0.01,0.81,0.85,0.0,0.0,8497.64,6858.35,1.0
p[12319],0.85,0.02,0.81,0.88,0.0,0.0,9327.56,6513.07,1.0
p[12320],0.65,0.02,0.61,0.7,0.0,0.0,9276.84,7221.48,1.0
p[12321],0.83,0.01,0.81,0.85,0.0,0.0,8500.32,6828.31,1.0
p[12322],0.8,0.01,0.77,0.82,0.0,0.0,8141.4,6427.67,1.0
p[12323],0.83,0.01,0.81,0.85,0.0,0.0,8500.78,6829.83,1.0
p[12324],0.8,0.01,0.77,0.82,0.0,0.0,8144.9,6428.44,1.0
p[12325],0.83,0.01,0.81,0.85,0.0,0.0,8513.46,6845.06,1.0
p[12326],0.83,0.01,0.81,0.86,0.0,0.0,8515.59,6845.06,1.0
p[12327],0.8,0.01,0.77,0.82,0.0,0.0,8149.6,6482.51,1.0
p[12328],0.83,0.01,0.81,0.86,0.0,0.0,8516.36,6845.06,1.0
p[12329],0.83,0.01,0.81,0.86,0.0,0.0,8516.36,6845.06,1.0
p[12330],0.87,0.02,0.84,0.9,0.0,0.0,11322.53,6958.49,1.0
p[12331],0.88,0.02,0.85,0.91,0.0,0.0,11374.36,6499.14,1.0
p[12332],0.84,0.01,0.81,0.86,0.0,0.0,8521.98,6844.76,1.0
p[12333],0.88,0.01,0.85,0.9,0.0,0.0,9717.66,6309.58,1.0
p[12334],0.88,0.01,0.85,0.9,0.0,0.0,9717.58,6309.58,1.0
p[12335],0.84,0.01,0.82,0.86,0.0,0.0,8520.86,6812.68,1.0
p[12336],0.91,0.01,0.89,0.92,0.0,0.0,8798.65,6637.07,1.0
p[12337],0.8,0.01,0.78,0.82,0.0,0.0,8150.79,6482.65,1.0
p[12338],0.8,0.01,0.78,0.83,0.0,0.0,8151.95,6566.8,1.0
p[12339],0.8,0.01,0.78,0.83,0.0,0.0,8154.78,6595.32,1.0
p[12340],0.87,0.02,0.84,0.9,0.0,0.0,11311.87,6958.26,1.0
p[12341],0.84,0.01,0.82,0.86,0.0,0.0,8533.36,6892.74,1.0
p[12342],0.81,0.02,0.77,0.85,0.0,0.0,9505.4,7301.09,1.0
p[12343],0.8,0.01,0.78,0.83,0.0,0.0,8157.94,6623.79,1.0
p[12344],0.66,0.02,0.61,0.71,0.0,0.0,9305.87,7299.69,1.0
p[12345],0.8,0.01,0.78,0.83,0.0,0.0,8160.19,6654.09,1.0
p[12346],0.84,0.01,0.82,0.86,0.0,0.0,8544.13,6988.99,1.0
p[12347],0.8,0.01,0.78,0.83,0.0,0.0,8163.93,6654.49,1.0
p[12348],0.84,0.01,0.82,0.86,0.0,0.0,8549.61,6988.99,1.0
p[12349],0.84,0.01,0.82,0.86,0.0,0.0,8554.88,6957.88,1.0
p[12350],0.91,0.01,0.89,0.93,0.0,0.0,8809.0,6666.31,1.0
p[12351],0.84,0.01,0.82,0.86,0.0,0.0,8554.88,6957.88,1.0
p[12352],0.91,0.01,0.89,0.93,0.0,0.0,8810.05,6665.42,1.0
p[12353],0.84,0.01,0.82,0.86,0.0,0.0,8561.56,7004.28,1.0
p[12354],0.84,0.01,0.82,0.86,0.0,0.0,8561.56,7004.28,1.0
p[12355],0.84,0.01,0.82,0.86,0.0,0.0,8561.56,7004.28,1.0
p[12356],0.88,0.02,0.84,0.91,0.0,0.0,11298.58,6958.15,1.0
p[12357],0.91,0.01,0.89,0.93,0.0,0.0,8814.15,6695.65,1.0
p[12358],0.89,0.02,0.86,0.91,0.0,0.0,11331.36,6514.45,1.0
p[12359],0.81,0.01,0.78,0.83,0.0,0.0,8172.59,6596.36,1.0
p[12360],0.91,0.01,0.89,0.93,0.0,0.0,8814.97,6695.12,1.0
p[12361],0.88,0.02,0.84,0.91,0.0,0.0,11295.55,7022.28,1.0
p[12362],0.84,0.01,0.82,0.86,0.0,0.0,8576.18,7040.5,1.0
p[12363],0.81,0.01,0.78,0.83,0.0,0.0,8177.46,6586.8,1.0
p[12364],0.81,0.01,0.78,0.83,0.0,0.0,8177.21,6586.79,1.0
p[12365],0.91,0.01,0.89,0.93,0.0,0.0,8817.33,6754.61,1.0
p[12366],0.84,0.01,0.82,0.86,0.0,0.0,8584.23,6961.43,1.0
p[12367],0.84,0.01,0.82,0.86,0.0,0.0,8593.54,6962.35,1.0
p[12368],0.84,0.01,0.82,0.86,0.0,0.0,8593.53,6962.35,1.0
p[12369],0.81,0.01,0.78,0.83,0.0,0.0,8187.15,6531.0,1.0
p[12370],0.84,0.01,0.82,0.86,0.0,0.0,8592.84,6931.29,1.0
p[12371],0.81,0.01,0.78,0.83,0.0,0.0,8190.86,6517.0,1.0
p[12372],0.84,0.01,0.82,0.86,0.0,0.0,8601.31,6995.32,1.0
p[12373],0.84,0.01,0.82,0.86,0.0,0.0,8604.36,6995.32,1.0
p[12374],0.81,0.01,0.78,0.83,0.0,0.0,8192.18,6517.03,1.0
p[12375],0.88,0.02,0.85,0.91,0.0,0.0,11275.26,7054.16,1.0
p[12376],0.81,0.01,0.79,0.84,0.0,0.0,8198.42,6601.92,1.0
p[12377],0.89,0.01,0.86,0.91,0.0,0.0,9705.89,6414.53,1.0
p[12378],0.85,0.01,0.83,0.87,0.0,0.0,8617.28,7094.43,1.0
p[12379],0.85,0.01,0.83,0.87,0.0,0.0,8618.16,7028.94,1.0
p[12380],0.91,0.01,0.9,0.93,0.0,0.0,8828.2,6801.16,1.0
p[12381],0.85,0.01,0.83,0.87,0.0,0.0,8620.8,7060.26,1.0
p[12382],0.81,0.01,0.79,0.84,0.0,0.0,8198.55,6616.25,1.0
p[12383],0.85,0.01,0.83,0.87,0.0,0.0,8622.56,7060.26,1.0
p[12384],0.81,0.01,0.79,0.84,0.0,0.0,8200.85,6617.18,1.0
p[12385],0.93,0.02,0.9,0.95,0.0,0.0,9795.93,6442.8,1.0
p[12386],0.81,0.01,0.79,0.84,0.0,0.0,8202.52,6617.18,1.0
p[12387],0.81,0.01,0.79,0.84,0.0,0.0,8202.04,6617.18,1.0
p[12388],0.85,0.01,0.83,0.87,0.0,0.0,8644.59,7077.51,1.0
p[12389],0.85,0.01,0.83,0.87,0.0,0.0,8644.22,7077.51,1.0
p[12390],0.85,0.01,0.83,0.87,0.0,0.0,8653.13,7111.65,1.0
p[12391],0.85,0.01,0.83,0.87,0.0,0.0,8655.55,7111.04,1.0
p[12392],0.82,0.01,0.79,0.84,0.0,0.0,8212.48,6560.5,1.0
p[12393],0.88,0.02,0.85,0.91,0.0,0.0,11239.0,6893.33,1.0
p[12394],0.82,0.01,0.79,0.84,0.0,0.0,8213.27,6560.97,1.0
p[12395],0.91,0.01,0.9,0.93,0.0,0.0,8845.12,6831.07,1.0
p[12396],0.85,0.01,0.83,0.87,0.0,0.0,8670.95,7011.98,1.0
p[12397],0.91,0.01,0.9,0.93,0.0,0.0,8846.23,6800.3,1.0
p[12398],0.85,0.01,0.83,0.87,0.0,0.0,8674.52,7011.98,1.0
p[12399],0.89,0.01,0.87,0.91,0.0,0.0,9706.99,6443.31,1.0
p[12400],0.82,0.01,0.79,0.84,0.0,0.0,8220.04,6559.9,1.0
p[12401],0.85,0.01,0.83,0.87,0.0,0.0,8680.32,7044.0,1.0
p[12402],0.85,0.01,0.83,0.87,0.0,0.0,8684.66,7011.27,1.0
p[12403],0.82,0.01,0.79,0.84,0.0,0.0,8225.87,6503.72,1.0
p[12404],0.82,0.01,0.8,0.84,0.0,0.0,8227.44,6503.72,1.0
p[12405],0.92,0.01,0.9,0.93,0.0,0.0,8853.7,6723.74,1.0
p[12406],0.89,0.02,0.86,0.91,0.0,0.0,11227.55,6956.35,1.0
p[12407],0.85,0.01,0.83,0.87,0.0,0.0,8695.86,7043.1,1.0
p[12408],0.85,0.01,0.83,0.87,0.0,0.0,8703.26,6993.76,1.0
p[12409],0.85,0.01,0.83,0.87,0.0,0.0,8703.26,6993.76,1.0
p[12410],0.67,0.02,0.63,0.71,0.0,0.0,8809.53,6515.84,1.0
p[12411],0.62,0.02,0.58,0.66,0.0,0.0,9069.19,6092.65,1.0
p[12412],0.62,0.02,0.58,0.66,0.0,0.0,9067.56,6048.44,1.0
p[12413],0.62,0.02,0.58,0.66,0.0,0.0,9061.43,6052.78,1.0
p[12414],0.68,0.02,0.64,0.71,0.0,0.0,8795.94,6473.18,1.0
p[12415],0.68,0.02,0.64,0.71,0.0,0.0,8795.23,6473.18,1.0
p[12416],0.68,0.02,0.64,0.71,0.0,0.0,8794.7,6473.43,1.0
p[12417],0.8,0.02,0.76,0.83,0.0,0.0,8835.26,6616.32,1.0
p[12418],0.62,0.02,0.58,0.66,0.0,0.0,9055.06,5957.85,1.0
p[12419],0.68,0.02,0.64,0.71,0.0,0.0,8790.55,6557.33,1.0
p[12420],0.63,0.02,0.59,0.66,0.0,0.0,9052.13,6047.23,1.0
p[12421],0.75,0.02,0.7,0.8,0.0,0.0,9663.77,6982.82,1.0
p[12422],0.68,0.02,0.64,0.71,0.0,0.0,8778.67,6586.1,1.0
p[12423],0.68,0.02,0.64,0.71,0.0,0.0,8777.43,6586.1,1.0
p[12424],0.63,0.02,0.59,0.67,0.0,0.0,9044.36,5780.65,1.0
p[12425],0.68,0.02,0.65,0.72,0.0,0.0,8770.66,6673.02,1.0
p[12426],0.68,0.02,0.65,0.72,0.0,0.0,8769.07,6673.02,1.0
p[12427],0.68,0.02,0.65,0.72,0.0,0.0,8767.97,6629.76,1.0
p[12428],0.63,0.02,0.59,0.67,0.0,0.0,9030.84,5666.72,1.0
p[12429],0.69,0.02,0.65,0.72,0.0,0.0,8764.53,6722.24,1.0
p[12430],0.63,0.02,0.6,0.67,0.0,0.0,9028.85,5586.96,1.0
p[12431],0.76,0.02,0.71,0.8,0.0,0.0,9675.31,6950.73,1.0
p[12432],0.69,0.02,0.65,0.72,0.0,0.0,8757.14,6812.59,1.0
p[12433],0.69,0.02,0.65,0.72,0.0,0.0,8757.14,6812.59,1.0
p[12434],0.64,0.02,0.6,0.68,0.0,0.0,9014.99,5678.01,1.0
p[12435],0.69,0.02,0.66,0.73,0.0,0.0,8746.93,6873.48,1.0
p[12436],0.64,0.02,0.6,0.68,0.0,0.0,9008.17,5595.47,1.0
p[12437],0.64,0.02,0.61,0.68,0.0,0.0,9001.17,5689.04,1.0
p[12438],0.7,0.02,0.67,0.73,0.0,0.0,8739.33,6781.44,1.0
p[12439],0.7,0.02,0.67,0.73,0.0,0.0,8736.63,6781.02,1.0
p[12440],0.65,0.02,0.61,0.68,0.0,0.0,8983.93,5534.5,1.0
p[12441],0.65,0.02,0.61,0.69,0.0,0.0,8975.02,5625.94,1.0
p[12442],0.78,0.03,0.73,0.82,0.0,0.0,11181.0,6640.15,1.0
p[12443],0.65,0.02,0.62,0.69,0.0,0.0,8968.5,5756.28,1.0
p[12444],0.66,0.02,0.62,0.69,0.0,0.0,8957.39,5658.49,1.0
p[12445],0.66,0.02,0.63,0.69,0.0,0.0,8948.62,5775.86,1.0
p[12446],0.66,0.02,0.63,0.7,0.0,0.0,8940.88,5659.6,1.0
p[12447],0.77,0.03,0.72,0.82,0.0,0.0,11376.14,6567.94,1.0
p[12448],0.71,0.02,0.68,0.74,0.0,0.0,8721.92,6515.87,1.0
p[12449],0.66,0.02,0.63,0.7,0.0,0.0,8934.54,5786.4,1.0
p[12450],0.79,0.03,0.74,0.83,0.0,0.0,11199.48,6728.21,1.0
p[12451],0.67,0.02,0.63,0.7,0.0,0.0,8930.43,6197.2,1.0
p[12452],0.72,0.02,0.69,0.74,0.0,0.0,8719.43,6460.22,1.0
p[12453],0.67,0.02,0.64,0.7,0.0,0.0,8925.89,6198.28,1.0
p[12454],0.72,0.02,0.69,0.75,0.0,0.0,8724.52,6406.83,1.0
p[12455],0.72,0.02,0.69,0.75,0.0,0.0,8724.05,6489.66,1.0
p[12456],0.67,0.02,0.64,0.71,0.0,0.0,8919.78,6556.68,1.0
p[12457],0.68,0.02,0.64,0.71,0.0,0.0,8919.14,6729.48,1.0
p[12458],0.68,0.02,0.64,0.71,0.0,0.0,8919.65,6818.8,1.0
p[12459],0.73,0.01,0.7,0.75,0.0,0.0,8724.81,6530.28,1.0
p[12460],0.8,0.02,0.75,0.84,0.0,0.0,11207.45,6919.34,1.0
p[12461],0.73,0.01,0.7,0.75,0.0,0.0,8725.48,6530.0,1.0
p[12462],0.86,0.03,0.81,0.91,0.0,0.0,10457.93,5884.25,1.0
p[12463],0.68,0.02,0.65,0.71,0.0,0.0,8921.5,6621.04,1.0
p[12464],0.69,0.03,0.64,0.75,0.0,0.0,9839.36,7073.3,1.0
p[12465],0.73,0.01,0.7,0.76,0.0,0.0,8723.19,6419.93,1.0
p[12466],0.68,0.02,0.65,0.71,0.0,0.0,8916.1,6784.3,1.0
p[12467],0.68,0.02,0.65,0.71,0.0,0.0,8915.8,6754.16,1.0
p[12468],0.73,0.01,0.7,0.76,0.0,0.0,8724.66,6419.91,1.0
p[12469],0.68,0.02,0.65,0.71,0.0,0.0,8917.86,6753.96,1.0
p[12470],0.8,0.02,0.76,0.83,0.0,0.0,9724.61,6681.02,1.0
p[12471],0.75,0.02,0.7,0.8,0.0,0.0,9976.84,6619.44,1.0
p[12472],0.68,0.02,0.65,0.71,0.0,0.0,8917.38,6753.59,1.0
p[12473],0.73,0.01,0.7,0.76,0.0,0.0,8725.83,6406.38,1.0
p[12474],0.8,0.02,0.76,0.85,0.0,0.0,11218.32,6966.28,1.0
p[12475],0.73,0.01,0.71,0.76,0.0,0.0,8729.41,6406.54,1.0
p[12476],0.69,0.02,0.65,0.72,0.0,0.0,8917.76,6783.97,1.0
p[12477],0.73,0.01,0.71,0.76,0.0,0.0,8729.33,6420.76,1.0
p[12478],0.73,0.01,0.71,0.76,0.0,0.0,8729.48,6393.33,1.0
p[12479],0.84,0.01,0.81,0.87,0.0,0.0,8776.48,6723.06,1.0
p[12480],0.8,0.02,0.76,0.83,0.0,0.0,9730.74,6681.09,1.0
p[12481],0.73,0.01,0.71,0.76,0.0,0.0,8730.1,6393.5,1.0
p[12482],0.69,0.02,0.66,0.72,0.0,0.0,8919.09,6834.49,1.0
p[12483],0.69,0.02,0.66,0.72,0.0,0.0,8918.72,6819.16,1.0
p[12484],0.7,0.03,0.65,0.75,0.0,0.0,9852.25,7008.18,1.0
p[12485],0.74,0.01,0.71,0.76,0.0,0.0,8731.44,6340.14,1.0
p[12486],0.69,0.02,0.66,0.72,0.0,0.0,8916.53,6833.42,1.0
p[12487],0.51,0.03,0.46,0.56,0.0,0.0,9045.13,6587.7,1.0
p[12488],0.76,0.02,0.71,0.8,0.0,0.0,9983.17,6532.95,1.0
p[12489],0.74,0.01,0.71,0.76,0.0,0.0,8733.16,6353.4,1.0
p[12490],0.74,0.01,0.71,0.76,0.0,0.0,8732.97,6353.4,1.0
p[12491],0.69,0.02,0.66,0.72,0.0,0.0,8913.45,6833.3,1.0
p[12492],0.69,0.02,0.66,0.72,0.0,0.0,8911.85,6833.3,1.0
p[12493],0.74,0.01,0.71,0.76,0.0,0.0,8735.46,6235.8,1.0
p[12494],0.74,0.01,0.71,0.77,0.0,0.0,8737.88,6150.05,1.0
p[12495],0.69,0.02,0.66,0.72,0.0,0.0,8912.9,6729.7,1.0
p[12496],0.74,0.01,0.71,0.77,0.0,0.0,8738.26,6150.11,1.0
p[12497],0.81,0.02,0.76,0.85,0.0,0.0,11225.21,6971.84,1.0
p[12498],0.74,0.01,0.71,0.77,0.0,0.0,8738.56,6150.32,1.0
p[12499],0.74,0.01,0.72,0.77,0.0,0.0,8741.59,6149.77,1.0
p[12500],0.69,0.02,0.66,0.72,0.0,0.0,8912.07,6779.07,1.0
p[12501],0.87,0.03,0.82,0.91,0.0,0.0,10439.49,5858.12,1.0
p[12502],0.85,0.01,0.82,0.87,0.0,0.0,8787.43,6663.93,1.0
p[12503],0.7,0.02,0.66,0.73,0.0,0.0,8911.64,6779.07,1.0
p[12504],0.74,0.01,0.72,0.77,0.0,0.0,8744.43,6100.21,1.0
p[12505],0.71,0.03,0.66,0.76,0.0,0.0,9867.49,6849.86,1.0
p[12506],0.74,0.01,0.72,0.77,0.0,0.0,8746.98,6130.3,1.0
p[12507],0.7,0.02,0.67,0.73,0.0,0.0,8909.75,6719.28,1.0
p[12508],0.52,0.03,0.47,0.57,0.0,0.0,9059.56,6544.42,1.0
p[12509],0.77,0.02,0.72,0.81,0.0,0.0,10001.03,6468.22,1.0
p[12510],0.75,0.01,0.72,0.77,0.0,0.0,8751.78,6150.76,1.0
p[12511],0.75,0.01,0.72,0.77,0.0,0.0,8751.32,6150.76,1.0
p[12512],0.7,0.02,0.67,0.73,0.0,0.0,8909.39,6765.39,1.0
p[12513],0.68,0.03,0.63,0.73,0.0,0.0,8665.58,6907.32,1.0
p[12514],0.7,0.02,0.67,0.73,0.0,0.0,8908.88,6765.39,1.0
p[12515],0.75,0.01,0.72,0.77,0.0,0.0,8755.1,6188.68,1.0
p[12516],0.85,0.01,0.82,0.87,0.0,0.0,8792.01,6694.19,1.0
p[12517],0.81,0.02,0.77,0.84,0.0,0.0,9763.66,6652.85,1.0
p[12518],0.75,0.01,0.72,0.77,0.0,0.0,8753.29,6265.78,1.0
p[12519],0.75,0.01,0.72,0.77,0.0,0.0,8753.28,6304.65,1.0
p[12520],0.75,0.01,0.72,0.77,0.0,0.0,8753.44,6304.65,1.0
p[12521],0.81,0.02,0.77,0.86,0.0,0.0,11228.73,7169.33,1.0
p[12522],0.7,0.02,0.67,0.73,0.0,0.0,8908.97,6522.77,1.0
p[12523],0.75,0.01,0.72,0.77,0.0,0.0,8756.77,6388.56,1.0
p[12524],0.81,0.02,0.77,0.84,0.0,0.0,9767.79,6613.0,1.0
p[12525],0.7,0.02,0.67,0.73,0.0,0.0,8907.92,6494.82,1.0
p[12526],0.85,0.01,0.82,0.87,0.0,0.0,8791.67,6664.72,1.0
p[12527],0.75,0.01,0.72,0.77,0.0,0.0,8758.68,6361.49,1.0
p[12528],0.7,0.02,0.67,0.73,0.0,0.0,8910.35,6635.33,1.0
p[12529],0.72,0.03,0.67,0.77,0.0,0.0,9886.35,6849.32,1.0
p[12530],0.71,0.02,0.68,0.73,0.0,0.0,8911.18,6606.75,1.0
p[12531],0.75,0.01,0.73,0.78,0.0,0.0,8768.73,6308.16,1.0
p[12532],0.77,0.02,0.73,0.81,0.0,0.0,10009.2,6365.82,1.0
p[12533],0.53,0.03,0.48,0.58,0.0,0.0,9074.69,6545.68,1.0
p[12534],0.75,0.01,0.73,0.78,0.0,0.0,8774.81,6364.27,1.0
p[12535],0.75,0.01,0.73,0.78,0.0,0.0,8776.58,6364.76,1.0
p[12536],0.75,0.01,0.73,0.78,0.0,0.0,8777.71,6364.59,1.0
p[12537],0.71,0.02,0.68,0.74,0.0,0.0,8910.93,6626.09,1.0
p[12538],0.71,0.02,0.68,0.74,0.0,0.0,8911.45,6568.73,1.0
p[12539],0.75,0.01,0.73,0.78,0.0,0.0,8786.8,6384.61,1.0
p[12540],0.75,0.01,0.73,0.78,0.0,0.0,8786.8,6384.61,1.0
p[12541],0.75,0.01,0.73,0.78,0.0,0.0,8787.63,6330.96,1.0
p[12542],0.71,0.02,0.68,0.74,0.0,0.0,8911.35,6511.7,1.0
p[12543],0.76,0.01,0.73,0.78,0.0,0.0,8789.97,6357.12,1.0
p[12544],0.82,0.02,0.78,0.86,0.0,0.0,11239.19,7238.99,1.0
p[12545],0.76,0.01,0.73,0.78,0.0,0.0,8792.12,6357.12,1.0
p[12546],0.76,0.01,0.73,0.78,0.0,0.0,8792.05,6357.12,1.0
p[12547],0.71,0.02,0.68,0.74,0.0,0.0,8915.64,6482.95,1.0
p[12548],0.82,0.02,0.78,0.85,0.0,0.0,9785.64,6625.76,1.0
p[12549],0.76,0.01,0.73,0.78,0.0,0.0,8799.36,6379.07,1.0
p[12550],0.71,0.02,0.68,0.74,0.0,0.0,8918.51,6510.43,1.0
p[12551],0.81,0.02,0.77,0.85,0.0,0.0,11521.54,6710.52,1.0
p[12552],0.73,0.03,0.68,0.77,0.0,0.0,9893.14,6944.55,1.0
p[12553],0.88,0.02,0.83,0.92,0.0,0.0,10425.95,5841.79,1.0
p[12554],0.71,0.02,0.68,0.74,0.0,0.0,8921.51,6511.26,1.0
p[12555],0.76,0.01,0.73,0.78,0.0,0.0,8811.34,6329.45,1.0
p[12556],0.78,0.02,0.74,0.82,0.0,0.0,10023.99,6335.35,1.0
p[12557],0.54,0.03,0.49,0.59,0.0,0.0,9091.99,6492.41,1.0
p[12558],0.76,0.01,0.74,0.78,0.0,0.0,8821.98,6302.8,1.0
p[12559],0.76,0.01,0.74,0.78,0.0,0.0,8825.24,6302.8,1.0
p[12560],0.72,0.02,0.69,0.74,0.0,0.0,8923.31,6511.74,1.0
p[12561],0.72,0.02,0.69,0.75,0.0,0.0,8922.93,6540.11,1.0
p[12562],0.69,0.02,0.65,0.74,0.0,0.0,8687.62,6927.37,1.0
p[12563],0.76,0.01,0.74,0.79,0.0,0.0,8827.87,6421.58,1.0
p[12564],0.76,0.01,0.74,0.79,0.0,0.0,8827.87,6421.58,1.0
p[12565],0.81,0.02,0.77,0.85,0.0,0.0,11531.48,6710.93,1.0
p[12566],0.76,0.01,0.74,0.79,0.0,0.0,8826.91,6421.9,1.0
p[12567],0.76,0.01,0.74,0.79,0.0,0.0,8826.91,6421.9,1.0
p[12568],0.82,0.02,0.79,0.85,0.0,0.0,9793.89,6653.04,1.0
p[12569],0.76,0.01,0.74,0.79,0.0,0.0,8826.62,6421.9,1.0
p[12570],0.76,0.01,0.74,0.79,0.0,0.0,8826.52,6394.76,1.0
p[12571],0.72,0.02,0.69,0.75,0.0,0.0,8921.7,6442.75,1.0
p[12572],0.83,0.02,0.79,0.87,0.0,0.0,11236.91,7304.03,1.0
p[12573],0.76,0.01,0.74,0.79,0.0,0.0,8827.16,6395.07,1.0
p[12574],0.86,0.01,0.84,0.88,0.0,0.0,8831.6,7074.82,1.0
p[12575],0.82,0.02,0.79,0.85,0.0,0.0,9799.5,6609.91,1.0
p[12576],0.72,0.02,0.69,0.75,0.0,0.0,8929.55,6443.18,1.0
p[12577],0.76,0.01,0.74,0.79,0.0,0.0,8826.12,6395.37,1.0
p[12578],0.72,0.02,0.69,0.75,0.0,0.0,8929.02,6443.18,1.0
p[12579],0.73,0.03,0.69,0.78,0.0,0.0,9902.88,6976.04,1.0
p[12580],0.77,0.01,0.74,0.79,0.0,0.0,8823.57,6395.55,1.0
p[12581],0.72,0.02,0.69,0.75,0.0,0.0,8932.06,6388.05,1.0
p[12582],0.79,0.02,0.75,0.83,0.0,0.0,10028.01,6501.79,1.0
p[12583],0.55,0.03,0.5,0.6,0.0,0.0,9117.2,6606.82,1.0
p[12584],0.77,0.01,0.74,0.79,0.0,0.0,8824.19,6478.56,1.0
p[12585],0.77,0.01,0.74,0.79,0.0,0.0,8824.31,6489.84,1.0
p[12586],0.77,0.01,0.74,0.79,0.0,0.0,8824.28,6462.56,1.0
p[12587],0.72,0.02,0.7,0.75,0.0,0.0,8936.7,6230.89,1.0
p[12588],0.72,0.02,0.7,0.75,0.0,0.0,8936.79,6230.89,1.0
p[12589],0.77,0.01,0.75,0.79,0.0,0.0,8824.76,6620.97,1.0
p[12590],0.77,0.01,0.75,0.79,0.0,0.0,8824.76,6620.97,1.0
p[12591],0.86,0.01,0.84,0.89,0.0,0.0,8853.1,7202.87,1.0
p[12592],0.77,0.01,0.75,0.79,0.0,0.0,8823.87,6592.53,1.0
p[12593],0.77,0.01,0.75,0.79,0.0,0.0,8823.87,6592.53,1.0
p[12594],0.83,0.02,0.79,0.87,0.0,0.0,11242.91,7232.89,1.0
p[12595],0.73,0.01,0.7,0.76,0.0,0.0,8945.91,6306.45,1.0
p[12596],0.7,0.02,0.66,0.75,0.0,0.0,8701.11,6622.07,1.0
p[12597],0.73,0.01,0.7,0.76,0.0,0.0,8948.1,6125.98,1.0
p[12598],0.77,0.01,0.75,0.79,0.0,0.0,8826.11,6591.94,1.0
p[12599],0.89,0.02,0.84,0.93,0.0,0.0,10412.22,5920.86,1.0
p[12600],0.77,0.01,0.75,0.79,0.0,0.0,8824.99,6620.62,1.0
p[12601],0.77,0.01,0.75,0.79,0.0,0.0,8824.05,6620.62,1.0
p[12602],0.73,0.01,0.7,0.76,0.0,0.0,8951.53,6305.59,1.0
p[12603],0.74,0.02,0.69,0.79,0.0,0.0,9919.49,7073.4,1.0
p[12604],0.77,0.01,0.75,0.8,0.0,0.0,8826.02,6591.61,1.0
p[12605],0.73,0.01,0.7,0.76,0.0,0.0,8957.56,6159.61,1.0
p[12606],0.79,0.02,0.75,0.83,0.0,0.0,10041.95,6635.26,1.0
p[12607],0.56,0.03,0.52,0.61,0.0,0.0,9150.75,6820.24,1.0
p[12608],0.77,0.01,0.75,0.8,0.0,0.0,8827.87,6591.61,1.0
p[12609],0.77,0.01,0.75,0.8,0.0,0.0,8829.05,6619.96,1.0
p[12610],0.73,0.01,0.71,0.76,0.0,0.0,8972.4,6379.12,1.0
p[12611],0.73,0.01,0.71,0.76,0.0,0.0,8973.01,6379.12,1.0
p[12612],0.71,0.02,0.66,0.75,0.0,0.0,8711.96,6669.14,1.0
p[12613],0.78,0.01,0.75,0.8,0.0,0.0,8833.79,6659.59,1.0
p[12614],0.78,0.01,0.75,0.8,0.0,0.0,8833.79,6659.59,1.0
p[12615],0.78,0.01,0.75,0.8,0.0,0.0,8833.79,6659.59,1.0
p[12616],0.78,0.01,0.76,0.8,0.0,0.0,8834.68,6718.2,1.0
p[12617],0.78,0.01,0.76,0.8,0.0,0.0,8834.68,6718.2,1.0
p[12618],0.73,0.01,0.71,0.76,0.0,0.0,8984.05,6253.79,1.0
p[12619],0.78,0.01,0.76,0.8,0.0,0.0,8835.12,6718.2,1.0
p[12620],0.87,0.01,0.85,0.89,0.0,0.0,8890.28,7166.0,1.0
p[12621],0.74,0.01,0.71,0.76,0.0,0.0,8987.94,6464.57,1.0
p[12622],0.78,0.01,0.75,0.8,0.0,0.0,8836.17,6737.49,1.0
p[12623],0.83,0.02,0.8,0.87,0.0,0.0,9845.98,6711.33,1.0
p[12624],0.74,0.01,0.71,0.76,0.0,0.0,8991.36,6436.86,1.0
p[12625],0.84,0.02,0.8,0.88,0.0,0.0,11243.46,6907.43,1.0
p[12626],0.83,0.02,0.8,0.87,0.0,0.0,9851.43,6651.05,1.0
p[12627],0.75,0.02,0.7,0.79,0.0,0.0,9935.13,7173.83,1.0
p[12628],0.87,0.01,0.85,0.89,0.0,0.0,8898.19,7170.54,1.0
p[12629],0.78,0.01,0.76,0.8,0.0,0.0,8843.27,6751.15,1.0
p[12630],0.74,0.01,0.71,0.77,0.0,0.0,8943.65,6634.2,1.0
p[12631],0.78,0.01,0.76,0.8,0.0,0.0,8844.44,6691.52,1.0
p[12632],0.57,0.02,0.52,0.62,0.0,0.0,9181.74,6774.1,1.0
p[12633],0.8,0.02,0.76,0.84,0.0,0.0,10059.68,6473.82,1.0
p[12634],0.78,0.01,0.76,0.8,0.0,0.0,8847.54,6662.07,1.0
p[12635],0.74,0.01,0.71,0.77,0.0,0.0,8947.01,6634.01,1.0
p[12636],0.78,0.01,0.76,0.8,0.0,0.0,8850.23,6661.82,1.0
p[12637],0.74,0.01,0.71,0.77,0.0,0.0,8946.83,6575.82,1.0
p[12638],0.72,0.02,0.67,0.76,0.0,0.0,8735.33,6907.8,1.0
p[12639],0.78,0.01,0.76,0.81,0.0,0.0,8857.73,6632.01,1.0
p[12640],0.78,0.01,0.76,0.81,0.0,0.0,8858.87,6603.33,1.0
p[12641],0.78,0.01,0.76,0.81,0.0,0.0,8859.53,6546.67,1.0
p[12642],0.78,0.01,0.76,0.81,0.0,0.0,8859.92,6546.67,1.0
p[12643],0.74,0.01,0.72,0.77,0.0,0.0,8949.55,6722.49,1.0
p[12644],0.84,0.02,0.8,0.88,0.0,0.0,11237.86,6843.96,1.0
p[12645],0.83,0.02,0.79,0.87,0.0,0.0,11594.6,6807.97,1.0
p[12646],0.89,0.02,0.85,0.93,0.0,0.0,10393.49,5946.33,1.0
p[12647],0.78,0.01,0.76,0.81,0.0,0.0,8862.76,6575.03,1.0
p[12648],0.74,0.01,0.72,0.77,0.0,0.0,8951.71,6722.43,1.0
p[12649],0.74,0.01,0.72,0.77,0.0,0.0,8952.58,6722.75,1.0
p[12650],0.79,0.01,0.76,0.81,0.0,0.0,8867.0,6575.09,1.0
p[12651],0.79,0.01,0.76,0.81,0.0,0.0,8867.0,6575.09,1.0
p[12652],0.87,0.01,0.85,0.9,0.0,0.0,8932.33,7103.36,1.0
p[12653],0.89,0.02,0.84,0.93,0.0,0.0,11204.54,6251.59,1.0
p[12654],0.76,0.02,0.71,0.8,0.0,0.0,9955.95,7172.96,1.0
p[12655],0.75,0.01,0.72,0.77,0.0,0.0,8955.1,6813.07,1.0
p[12656],0.79,0.01,0.76,0.81,0.0,0.0,8873.33,6546.97,1.0
p[12657],0.58,0.02,0.54,0.63,0.0,0.0,9202.67,6698.77,1.0
p[12658],0.84,0.02,0.81,0.87,0.0,0.0,9881.0,6737.71,1.0
p[12659],0.81,0.02,0.77,0.84,0.0,0.0,10074.6,6505.61,1.0
p[12660],0.79,0.01,0.77,0.81,0.0,0.0,8880.42,6490.96,1.0
p[12661],0.79,0.01,0.77,0.81,0.0,0.0,8880.83,6490.96,1.0
p[12662],0.76,0.02,0.71,0.8,0.0,0.0,9961.33,7138.93,1.0
p[12663],0.75,0.01,0.72,0.78,0.0,0.0,8959.73,6989.59,1.0
p[12664],0.79,0.01,0.77,0.81,0.0,0.0,8884.48,6491.43,1.0
p[12665],0.88,0.01,0.85,0.9,0.0,0.0,8948.0,7170.24,1.0
p[12666],0.75,0.01,0.72,0.78,0.0,0.0,8960.67,7067.37,1.0
p[12667],0.79,0.01,0.77,0.81,0.0,0.0,8890.1,6491.73,1.0
p[12668],0.79,0.01,0.77,0.81,0.0,0.0,8891.96,6491.7,1.0
p[12669],0.85,0.02,0.81,0.88,0.0,0.0,11241.51,6937.45,1.0
p[12670],0.79,0.01,0.77,0.81,0.0,0.0,8892.7,6491.7,1.0
p[12671],0.75,0.01,0.72,0.78,0.0,0.0,8960.53,7067.47,1.0
p[12672],0.88,0.01,0.86,0.9,0.0,0.0,8955.22,7238.27,1.0
p[12673],0.79,0.01,0.77,0.81,0.0,0.0,8897.44,6491.46,1.0
p[12674],0.75,0.01,0.72,0.78,0.0,0.0,8961.59,7049.29,1.0
p[12675],0.79,0.01,0.77,0.81,0.0,0.0,8898.14,6491.47,1.0
p[12676],0.84,0.02,0.81,0.87,0.0,0.0,9893.43,6774.59,1.0
p[12677],0.79,0.01,0.77,0.81,0.0,0.0,8903.25,6547.59,1.0
p[12678],0.79,0.01,0.77,0.81,0.0,0.0,8903.25,6547.59,1.0
p[12679],0.75,0.01,0.72,0.78,0.0,0.0,8964.5,7067.2,1.0
p[12680],0.76,0.02,0.72,0.8,0.0,0.0,9977.4,7138.97,1.0
p[12681],0.88,0.01,0.86,0.9,0.0,0.0,8969.2,7136.15,1.0
p[12682],0.88,0.01,0.86,0.9,0.0,0.0,8976.31,7102.81,1.0
p[12683],0.75,0.01,0.73,0.78,0.0,0.0,8967.2,7002.35,1.0
p[12684],0.79,0.01,0.77,0.82,0.0,0.0,8914.53,6560.6,1.0
p[12685],0.59,0.02,0.54,0.64,0.0,0.0,9235.88,6700.03,1.0
p[12686],0.79,0.01,0.77,0.82,0.0,0.0,8915.75,6598.97,1.0
p[12687],0.79,0.01,0.77,0.82,0.0,0.0,8917.85,6560.6,1.0
p[12688],0.81,0.02,0.77,0.85,0.0,0.0,10088.11,6404.02,1.0
p[12689],0.75,0.01,0.73,0.78,0.0,0.0,8976.32,7021.72,1.0
p[12690],0.8,0.01,0.77,0.82,0.0,0.0,8923.19,6691.77,1.0
p[12691],0.75,0.01,0.73,0.78,0.0,0.0,8978.82,7034.29,1.0
p[12692],0.73,0.02,0.69,0.78,0.0,0.0,8782.54,7049.21,1.0
p[12693],0.8,0.01,0.78,0.82,0.0,0.0,8933.89,6691.43,1.0
p[12694],0.8,0.01,0.78,0.82,0.0,0.0,8934.98,6691.43,1.0
p[12695],0.85,0.02,0.82,0.89,0.0,0.0,11242.17,7000.86,1.0
p[12696],0.8,0.01,0.78,0.82,0.0,0.0,8938.11,6691.53,1.0
p[12697],0.76,0.01,0.73,0.78,0.0,0.0,8983.47,6957.04,1.0
p[12698],0.88,0.01,0.86,0.9,0.0,0.0,9004.73,7169.71,1.0
p[12699],0.8,0.01,0.78,0.82,0.0,0.0,8939.94,6691.53,1.0
p[12700],0.8,0.01,0.78,0.82,0.0,0.0,8939.94,6691.53,1.0
p[12701],0.8,0.01,0.78,0.82,0.0,0.0,8939.94,6691.53,1.0
p[12702],0.76,0.01,0.73,0.78,0.0,0.0,8985.13,7034.15,1.0
p[12703],0.9,0.02,0.86,0.94,0.0,0.0,10375.2,5899.3,1.0
p[12704],0.76,0.01,0.73,0.79,0.0,0.0,8987.21,7001.2,1.0
p[12705],0.85,0.02,0.82,0.88,0.0,0.0,9917.3,6705.36,1.0
p[12706],0.8,0.01,0.78,0.82,0.0,0.0,8952.0,6781.04,1.0
p[12707],0.74,0.02,0.7,0.78,0.0,0.0,8794.72,7080.96,1.0
p[12708],0.77,0.02,0.73,0.81,0.0,0.0,10000.46,7240.78,1.0
p[12709],0.76,0.01,0.73,0.79,0.0,0.0,8989.79,7052.86,1.0
p[12710],0.8,0.01,0.78,0.82,0.0,0.0,8959.55,6836.08,1.0
p[12711],0.6,0.02,0.56,0.65,0.0,0.0,9284.77,6678.99,1.0
p[12712],0.82,0.02,0.78,0.85,0.0,0.0,10103.92,6431.37,1.0
p[12713],0.8,0.01,0.78,0.82,0.0,0.0,8967.28,6747.27,1.0
p[12714],0.76,0.01,0.74,0.79,0.0,0.0,8997.46,7153.21,1.0
p[12715],0.8,0.01,0.78,0.82,0.0,0.0,8973.57,6717.23,1.0
p[12716],0.74,0.02,0.7,0.78,0.0,0.0,8812.79,7030.18,1.0
p[12717],0.76,0.01,0.74,0.79,0.0,0.0,9002.96,7130.96,1.0
p[12718],0.76,0.01,0.74,0.79,0.0,0.0,9002.96,7130.96,1.0
p[12719],0.8,0.01,0.78,0.82,0.0,0.0,8986.94,6717.62,1.0
p[12720],0.8,0.01,0.78,0.82,0.0,0.0,8986.94,6717.62,1.0
p[12721],0.8,0.01,0.78,0.82,0.0,0.0,8988.88,6687.84,1.0
p[12722],0.8,0.01,0.78,0.83,0.0,0.0,8991.52,6687.84,1.0
p[12723],0.8,0.01,0.78,0.83,0.0,0.0,8993.52,6687.84,1.0
p[12724],0.8,0.01,0.78,0.83,0.0,0.0,8993.52,6687.84,1.0
p[12725],0.76,0.01,0.74,0.79,0.0,0.0,9007.26,7064.45,1.0
p[12726],0.89,0.01,0.87,0.9,0.0,0.0,9056.03,7127.5,1.0
p[12727],0.77,0.01,0.74,0.79,0.0,0.0,9009.96,7031.78,1.0
p[12728],0.8,0.01,0.78,0.83,0.0,0.0,9002.69,6687.72,1.0
p[12729],0.75,0.02,0.7,0.79,0.0,0.0,8822.96,6898.57,1.0
p[12730],0.78,0.02,0.74,0.82,0.0,0.0,10021.7,7310.15,1.0
p[12731],0.86,0.02,0.82,0.89,0.0,0.0,11240.28,6967.34,1.0
p[12732],0.81,0.01,0.78,0.83,0.0,0.0,9015.25,6658.83,1.0
p[12733],0.77,0.01,0.74,0.79,0.0,0.0,9017.05,7032.22,1.0
p[12734],0.89,0.01,0.87,0.91,0.0,0.0,9067.31,7028.74,1.0
p[12735],0.81,0.01,0.79,0.83,0.0,0.0,9019.06,6658.83,1.0
p[12736],0.86,0.02,0.83,0.88,0.0,0.0,9950.02,6492.74,1.0
p[12737],0.82,0.02,0.79,0.86,0.0,0.0,10119.04,6521.99,1.0
p[12738],0.61,0.02,0.56,0.66,0.0,0.0,9331.85,6737.03,1.0
p[12739],0.81,0.01,0.79,0.83,0.0,0.0,9028.16,6688.32,1.0
p[12740],0.77,0.01,0.74,0.8,0.0,0.0,9028.41,7097.52,1.0
p[12741],0.85,0.02,0.81,0.88,0.0,0.0,11631.23,6748.51,1.0
p[12742],0.77,0.01,0.74,0.8,0.0,0.0,9030.51,7064.63,1.0
p[12743],0.81,0.01,0.79,0.83,0.0,0.0,9041.39,6718.71,1.0
p[12744],0.81,0.01,0.79,0.83,0.0,0.0,9041.39,6718.71,1.0
p[12745],0.81,0.01,0.79,0.83,0.0,0.0,9043.2,6718.49,1.0
p[12746],0.86,0.02,0.83,0.89,0.0,0.0,11235.01,6999.21,1.0
p[12747],0.77,0.01,0.74,0.8,0.0,0.0,9032.62,7064.76,1.0
p[12748],0.81,0.01,0.79,0.83,0.0,0.0,9046.16,6718.35,1.0
p[12749],0.81,0.01,0.79,0.83,0.0,0.0,9046.68,6778.27,1.0
p[12750],0.81,0.01,0.79,0.83,0.0,0.0,9048.71,6778.27,1.0
p[12751],0.81,0.01,0.79,0.83,0.0,0.0,9052.26,6778.17,1.0
p[12752],0.81,0.01,0.79,0.83,0.0,0.0,9057.62,6778.34,1.0
p[12753],0.89,0.01,0.87,0.91,0.0,0.0,9099.73,7076.97,1.0
p[12754],0.77,0.01,0.75,0.8,0.0,0.0,9041.93,7234.1,1.0
p[12755],0.91,0.02,0.87,0.94,0.0,0.0,10353.75,5999.56,1.0
p[12756],0.9,0.02,0.86,0.94,0.0,0.0,11145.44,6221.81,1.0
p[12757],0.77,0.01,0.75,0.8,0.0,0.0,9051.71,7267.49,1.0
p[12758],0.81,0.01,0.79,0.83,0.0,0.0,9080.15,6724.07,1.0
p[12759],0.79,0.02,0.74,0.83,0.0,0.0,10049.38,7238.19,1.0
p[12760],0.81,0.01,0.79,0.83,0.0,0.0,9097.2,6814.08,1.0
p[12761],0.86,0.01,0.83,0.89,0.0,0.0,9980.79,6327.12,1.0
p[12762],0.86,0.01,0.83,0.89,0.0,0.0,9981.07,6327.12,1.0
p[12763],0.78,0.01,0.75,0.8,0.0,0.0,9063.21,7244.54,1.0
p[12764],0.81,0.01,0.79,0.83,0.0,0.0,9103.4,6948.53,1.0
p[12765],0.83,0.02,0.79,0.86,0.0,0.0,10132.3,6458.81,1.0
p[12766],0.81,0.01,0.79,0.83,0.0,0.0,9104.92,6948.53,1.0
p[12767],0.62,0.02,0.57,0.67,0.0,0.0,9386.3,6952.21,1.0
p[12768],0.78,0.01,0.75,0.8,0.0,0.0,9065.62,7267.04,1.0
p[12769],0.81,0.01,0.79,0.84,0.0,0.0,9117.09,6980.43,1.0
p[12770],0.81,0.01,0.79,0.84,0.0,0.0,9117.09,6980.43,1.0
p[12771],0.78,0.01,0.75,0.8,0.0,0.0,9070.04,7261.6,1.0
p[12772],0.86,0.01,0.83,0.89,0.0,0.0,9985.83,6281.29,1.0
p[12773],0.89,0.01,0.87,0.91,0.0,0.0,9132.91,6884.62,1.0
p[12774],0.82,0.01,0.79,0.84,0.0,0.0,9119.85,6980.43,1.0
p[12775],0.82,0.01,0.79,0.84,0.0,0.0,9119.85,6980.43,1.0
p[12776],0.82,0.01,0.79,0.84,0.0,0.0,9125.24,6947.91,1.0
p[12777],0.82,0.01,0.79,0.84,0.0,0.0,9125.24,6947.91,1.0
p[12778],0.89,0.01,0.87,0.91,0.0,0.0,9139.76,6833.88,1.0
p[12779],0.82,0.01,0.8,0.84,0.0,0.0,9132.33,7058.58,1.0
p[12780],0.86,0.01,0.84,0.89,0.0,0.0,9992.62,6358.27,1.0
p[12781],0.78,0.01,0.75,0.81,0.0,0.0,9084.61,7127.51,1.0
p[12782],0.87,0.02,0.84,0.9,0.0,0.0,11227.15,7011.36,1.0
p[12783],0.79,0.02,0.75,0.83,0.0,0.0,10061.76,7272.43,1.0
p[12784],0.89,0.01,0.88,0.91,0.0,0.0,9154.01,6771.2,1.0
p[12785],0.78,0.01,0.76,0.81,0.0,0.0,9091.39,7230.06,1.0
p[12786],0.82,0.01,0.8,0.84,0.0,0.0,9153.84,7026.18,1.0
p[12787],0.78,0.01,0.75,0.81,0.0,0.0,9093.14,7180.01,1.0
p[12788],0.83,0.02,0.8,0.87,0.0,0.0,10149.03,6404.73,1.0
p[12789],0.82,0.01,0.8,0.84,0.0,0.0,9168.27,6961.87,1.0
p[12790],0.82,0.01,0.8,0.84,0.0,0.0,9168.27,6961.87,1.0
p[12791],0.78,0.01,0.76,0.81,0.0,0.0,9099.68,7213.63,1.0
p[12792],0.82,0.01,0.8,0.84,0.0,0.0,9170.79,6962.0,1.0
p[12793],0.86,0.02,0.83,0.89,0.0,0.0,11645.7,6690.44,1.0
p[12794],0.82,0.01,0.8,0.84,0.0,0.0,9193.78,6994.24,1.0
p[12795],0.82,0.01,0.8,0.84,0.0,0.0,9193.78,6994.24,1.0
p[12796],0.82,0.01,0.8,0.84,0.0,0.0,9193.78,6994.24,1.0
p[12797],0.82,0.01,0.8,0.84,0.0,0.0,9198.41,6994.24,1.0
p[12798],0.82,0.01,0.8,0.84,0.0,0.0,9198.41,6994.24,1.0
p[12799],0.78,0.01,0.76,0.81,0.0,0.0,9113.16,7227.76,1.0
p[12800],0.63,0.02,0.59,0.68,0.0,0.0,9446.59,7032.36,1.0
p[12801],0.82,0.01,0.8,0.84,0.0,0.0,9202.87,7026.67,1.0
p[12802],0.79,0.01,0.76,0.81,0.0,0.0,9113.42,7159.52,1.0
p[12803],0.9,0.01,0.88,0.91,0.0,0.0,9194.47,6800.45,1.0
p[12804],0.87,0.01,0.84,0.89,0.0,0.0,10016.27,6446.94,1.0
p[12805],0.79,0.01,0.76,0.81,0.0,0.0,9119.4,7127.11,1.0
p[12806],0.79,0.01,0.76,0.81,0.0,0.0,9120.46,7127.11,1.0
p[12807],0.86,0.02,0.83,0.9,0.0,0.0,11648.2,6747.1,1.0
p[12808],0.79,0.01,0.76,0.81,0.0,0.0,9124.69,7194.81,1.0
p[12809],0.82,0.01,0.8,0.84,0.0,0.0,9230.11,7027.01,1.0
p[12810],0.8,0.02,0.76,0.84,0.0,0.0,10091.57,7272.75,1.0
p[12811],0.82,0.01,0.8,0.84,0.0,0.0,9237.97,7026.95,1.0
p[12812],0.64,0.02,0.59,0.68,0.0,0.0,9468.38,7109.88,1.0
p[12813],0.82,0.01,0.8,0.84,0.0,0.0,9243.3,7027.27,1.0
p[12814],0.9,0.01,0.88,0.92,0.0,0.0,9216.44,6892.71,1.0
p[12815],0.82,0.01,0.8,0.85,0.0,0.0,9248.68,7095.43,1.0
p[12816],0.83,0.01,0.8,0.85,0.0,0.0,9251.51,7062.32,1.0
p[12817],0.79,0.01,0.76,0.82,0.0,0.0,9136.19,7245.36,1.0
p[12818],0.79,0.01,0.76,0.82,0.0,0.0,9138.4,7211.96,1.0
p[12819],0.79,0.01,0.77,0.82,0.0,0.0,9143.74,7179.21,1.0
p[12820],0.86,0.02,0.83,0.9,0.0,0.0,11649.15,6746.51,1.0
p[12821],0.87,0.02,0.84,0.91,0.0,0.0,11218.41,7000.68,1.0
p[12822],0.83,0.01,0.81,0.85,0.0,0.0,9272.59,7095.08,1.0
p[12823],0.9,0.01,0.88,0.92,0.0,0.0,9238.4,6738.81,1.0
p[12824],0.83,0.01,0.81,0.85,0.0,0.0,9278.6,7094.95,1.0
p[12825],0.83,0.01,0.81,0.85,0.0,0.0,9278.6,7094.95,1.0
p[12826],0.88,0.02,0.84,0.91,0.0,0.0,11217.28,7043.4,1.0
p[12827],0.83,0.01,0.81,0.85,0.0,0.0,9284.47,7094.95,1.0
p[12828],0.87,0.02,0.83,0.9,0.0,0.0,11651.33,6746.51,1.0
p[12829],0.9,0.01,0.88,0.92,0.0,0.0,9244.33,6769.06,1.0
p[12830],0.79,0.01,0.77,0.82,0.0,0.0,9153.94,7179.33,1.0
p[12831],0.83,0.01,0.81,0.85,0.0,0.0,9290.94,7061.61,1.0
p[12832],0.9,0.01,0.88,0.92,0.0,0.0,9250.8,6799.75,1.0
p[12833],0.79,0.01,0.77,0.82,0.0,0.0,9162.3,7111.86,1.0
p[12834],0.79,0.01,0.77,0.82,0.0,0.0,9168.33,7145.6,1.0
p[12835],0.83,0.01,0.81,0.85,0.0,0.0,9311.48,7028.52,1.0
p[12836],0.83,0.01,0.81,0.85,0.0,0.0,9317.51,7127.33,1.0
p[12837],0.83,0.01,0.81,0.85,0.0,0.0,9318.46,7127.33,1.0
p[12838],0.83,0.01,0.81,0.85,0.0,0.0,9327.54,7127.09,1.0
p[12839],0.8,0.01,0.77,0.82,0.0,0.0,9176.63,7146.08,1.0
p[12840],0.83,0.01,0.81,0.85,0.0,0.0,9330.23,7193.98,1.0
p[12841],0.9,0.01,0.89,0.92,0.0,0.0,9275.36,6800.89,1.0
p[12842],0.8,0.01,0.77,0.82,0.0,0.0,9180.05,7112.66,1.0
p[12843],0.87,0.02,0.84,0.9,0.0,0.0,11657.5,6867.43,1.0
p[12844],0.8,0.01,0.77,0.82,0.0,0.0,9191.1,7139.58,1.0
p[12845],0.83,0.01,0.81,0.85,0.0,0.0,9355.42,7263.13,1.0
p[12846],0.88,0.01,0.85,0.9,0.0,0.0,10075.75,6653.8,1.0
p[12847],0.83,0.01,0.81,0.85,0.0,0.0,9358.04,7263.13,1.0
p[12848],0.83,0.01,0.81,0.85,0.0,0.0,9367.73,7291.24,1.0
p[12849],0.8,0.01,0.77,0.82,0.0,0.0,9198.57,7172.35,1.0
p[12850],0.92,0.02,0.89,0.95,0.0,0.0,10317.04,6358.33,1.0
p[12851],0.8,0.01,0.77,0.83,0.0,0.0,9212.94,7073.34,1.0
p[12852],0.8,0.01,0.77,0.83,0.0,0.0,9213.96,7073.24,1.0
p[12853],0.83,0.01,0.81,0.85,0.0,0.0,9392.28,7254.92,1.0
p[12854],0.83,0.01,0.81,0.85,0.0,0.0,9392.28,7254.92,1.0
p[12855],0.84,0.01,0.81,0.86,0.0,0.0,9406.71,7254.69,1.0
p[12856],0.84,0.01,0.82,0.86,0.0,0.0,9413.47,7253.79,1.0
p[12857],0.8,0.01,0.78,0.83,0.0,0.0,9229.7,6991.19,1.0
p[12858],0.8,0.01,0.78,0.83,0.0,0.0,9232.96,6991.19,1.0
p[12859],0.91,0.01,0.89,0.92,0.0,0.0,9340.77,6957.46,1.0
p[12860],0.84,0.01,0.82,0.86,0.0,0.0,9429.06,7297.4,1.0
p[12861],0.87,0.02,0.84,0.9,0.0,0.0,11654.1,6919.72,1.0
p[12862],0.8,0.01,0.78,0.83,0.0,0.0,9239.95,6943.85,1.0
p[12863],0.84,0.01,0.82,0.86,0.0,0.0,9434.15,7297.4,1.0
p[12864],0.88,0.01,0.86,0.91,0.0,0.0,10102.68,6590.19,1.0
p[12865],0.91,0.01,0.89,0.93,0.0,0.0,9356.67,6989.49,1.0
p[12866],0.8,0.01,0.78,0.83,0.0,0.0,9247.65,6912.3,1.0
p[12867],0.84,0.01,0.82,0.86,0.0,0.0,9445.65,7262.34,1.0
p[12868],0.88,0.02,0.84,0.91,0.0,0.0,11656.16,6983.09,1.0
p[12869],0.81,0.01,0.78,0.83,0.0,0.0,9254.49,6880.73,1.0
p[12870],0.91,0.01,0.89,0.93,0.0,0.0,9373.15,6926.02,1.0
p[12871],0.91,0.01,0.89,0.93,0.0,0.0,9373.15,6926.02,1.0
p[12872],0.84,0.01,0.82,0.86,0.0,0.0,9474.27,7092.71,1.0
p[12873],0.84,0.01,0.82,0.86,0.0,0.0,9474.98,7092.71,1.0
p[12874],0.6,0.02,0.56,0.64,0.0,0.0,9941.53,7255.9,1.0
p[12875],0.61,0.02,0.56,0.64,0.0,0.0,9937.29,7220.91,1.0
p[12876],0.61,0.02,0.57,0.65,0.0,0.0,9930.85,7255.32,1.0
p[12877],0.61,0.02,0.57,0.65,0.0,0.0,9928.33,7254.88,1.0
p[12878],0.55,0.02,0.51,0.59,0.0,0.0,9664.87,6692.67,1.0
p[12879],0.61,0.02,0.57,0.65,0.0,0.0,9922.93,7254.88,1.0
p[12880],0.56,0.02,0.51,0.6,0.0,0.0,9648.3,6664.08,1.0
p[12881],0.56,0.02,0.51,0.6,0.0,0.0,9646.44,6664.08,1.0
p[12882],0.69,0.03,0.64,0.74,0.0,0.0,10264.82,6721.21,1.0
p[12883],0.61,0.02,0.57,0.65,0.0,0.0,9914.41,7327.62,1.0
p[12884],0.61,0.02,0.57,0.65,0.0,0.0,9913.65,7327.62,1.0
p[12885],0.56,0.02,0.52,0.6,0.0,0.0,9620.45,6560.01,1.0
p[12886],0.62,0.02,0.58,0.66,0.0,0.0,9896.54,7351.18,1.0
p[12887],0.62,0.02,0.58,0.66,0.0,0.0,9896.54,7351.18,1.0
p[12888],0.62,0.02,0.58,0.66,0.0,0.0,9896.54,7351.18,1.0
p[12889],0.56,0.02,0.52,0.6,0.0,0.0,9606.2,6503.95,1.0
p[12890],0.62,0.02,0.58,0.66,0.0,0.0,9890.63,7316.73,1.0
p[12891],0.56,0.02,0.52,0.61,0.0,0.0,9591.51,6503.95,1.0
p[12892],0.7,0.03,0.65,0.75,0.0,0.0,10236.29,6637.24,1.0
p[12893],0.62,0.02,0.58,0.66,0.0,0.0,9881.2,7252.03,1.0
p[12894],0.62,0.02,0.58,0.66,0.0,0.0,9880.33,7251.74,1.0
p[12895],0.57,0.02,0.53,0.61,0.0,0.0,9559.65,6478.76,1.0
p[12896],0.57,0.02,0.53,0.61,0.0,0.0,9543.86,6477.16,1.0
p[12897],0.57,0.02,0.54,0.61,0.0,0.0,9528.21,6462.79,1.0
p[12898],0.63,0.02,0.6,0.67,0.0,0.0,9853.84,7112.53,1.0
p[12899],0.63,0.02,0.6,0.67,0.0,0.0,9848.92,7128.41,1.0
p[12900],0.58,0.02,0.54,0.62,0.0,0.0,9506.19,6548.73,1.0
p[12901],0.58,0.02,0.54,0.62,0.0,0.0,9492.02,6489.0,1.0
p[12902],0.72,0.03,0.66,0.78,0.0,0.0,11411.53,6815.84,1.0
p[12903],0.58,0.02,0.55,0.62,0.0,0.0,9472.83,6516.7,1.0
p[12904],0.64,0.02,0.61,0.68,0.0,0.0,9823.58,6898.2,1.0
p[12905],0.59,0.02,0.55,0.63,0.0,0.0,9447.13,6565.79,1.0
p[12906],0.59,0.02,0.55,0.63,0.0,0.0,9432.02,6623.31,1.0
p[12907],0.59,0.02,0.56,0.63,0.0,0.0,9411.76,6600.61,1.0
p[12908],0.71,0.03,0.65,0.77,0.0,0.0,11675.41,6678.64,1.0
p[12909],0.65,0.02,0.62,0.69,0.0,0.0,9795.0,6805.05,1.0
p[12910],0.6,0.02,0.56,0.64,0.0,0.0,9379.1,6601.82,1.0
p[12911],0.74,0.03,0.68,0.79,0.0,0.0,11362.76,6948.67,1.0
p[12912],0.6,0.02,0.57,0.64,0.0,0.0,9366.79,6870.45,1.0
p[12913],0.6,0.02,0.57,0.64,0.0,0.0,9347.51,7061.45,1.0
p[12914],0.66,0.02,0.63,0.69,0.0,0.0,9755.93,6803.87,1.0
p[12915],0.61,0.02,0.57,0.65,0.0,0.0,9324.55,7094.99,1.0
p[12916],0.61,0.02,0.58,0.65,0.0,0.0,9309.52,7060.3,1.0
p[12917],0.74,0.03,0.69,0.8,0.0,0.0,11337.31,6964.53,1.0
p[12918],0.67,0.02,0.63,0.7,0.0,0.0,9731.46,6804.04,1.0
p[12919],0.61,0.02,0.58,0.65,0.0,0.0,9294.24,7002.82,1.0
p[12920],0.82,0.03,0.76,0.88,0.0,0.0,10538.93,6609.13,1.0
p[12921],0.63,0.03,0.57,0.69,0.0,0.0,10585.62,7114.26,1.0
p[12922],0.67,0.02,0.64,0.7,0.0,0.0,9722.24,6838.49,1.0
p[12923],0.67,0.02,0.64,0.7,0.0,0.0,9715.32,6895.94,1.0
p[12924],0.74,0.02,0.7,0.79,0.0,0.0,10067.1,6706.78,1.0
p[12925],0.62,0.02,0.58,0.65,0.0,0.0,9267.91,6969.5,1.0
p[12926],0.62,0.02,0.58,0.65,0.0,0.0,9262.57,6970.22,1.0
p[12927],0.67,0.02,0.64,0.7,0.0,0.0,9705.53,6742.21,1.0
p[12928],0.75,0.03,0.7,0.8,0.0,0.0,11310.95,6948.34,1.0
p[12929],0.67,0.02,0.64,0.7,0.0,0.0,9705.3,6742.27,1.0
p[12930],0.62,0.02,0.59,0.66,0.0,0.0,9252.28,7003.5,1.0
p[12931],0.67,0.02,0.64,0.71,0.0,0.0,9700.72,6682.96,1.0
p[12932],0.75,0.02,0.7,0.79,0.0,0.0,10042.56,6342.01,1.0
p[12933],0.62,0.02,0.59,0.66,0.0,0.0,9239.89,6906.7,1.0
p[12934],0.8,0.02,0.76,0.83,0.0,0.0,8818.56,6981.43,1.0
p[12935],0.64,0.03,0.58,0.69,0.0,0.0,10581.28,6952.03,1.0
p[12936],0.62,0.02,0.59,0.66,0.0,0.0,9237.13,6782.75,1.0
p[12937],0.68,0.02,0.65,0.71,0.0,0.0,9690.36,6834.73,1.0
p[12938],0.7,0.03,0.65,0.75,0.0,0.0,10103.04,6775.91,1.0
p[12939],0.68,0.02,0.65,0.71,0.0,0.0,9688.01,6776.02,1.0
p[12940],0.68,0.02,0.65,0.71,0.0,0.0,9686.17,6805.1,1.0
p[12941],0.63,0.02,0.59,0.66,0.0,0.0,9215.64,6773.79,1.0
p[12942],0.63,0.02,0.59,0.66,0.0,0.0,9213.33,6773.79,1.0
p[12943],0.63,0.02,0.59,0.66,0.0,0.0,9202.45,6684.44,1.0
p[12944],0.68,0.02,0.65,0.71,0.0,0.0,9678.55,6928.82,1.0
p[12945],0.68,0.02,0.65,0.71,0.0,0.0,9677.04,6928.51,1.0
p[12946],0.76,0.03,0.71,0.81,0.0,0.0,11268.38,6957.29,1.0
p[12947],0.68,0.02,0.65,0.71,0.0,0.0,9675.68,6864.74,1.0
p[12948],0.83,0.03,0.77,0.89,0.0,0.0,10499.0,6627.46,1.0
p[12949],0.63,0.02,0.6,0.67,0.0,0.0,9189.38,6626.97,1.0
p[12950],0.63,0.02,0.6,0.67,0.0,0.0,9188.27,6635.22,1.0
p[12951],0.65,0.03,0.59,0.7,0.0,0.0,10569.09,6780.44,1.0
p[12952],0.63,0.02,0.6,0.67,0.0,0.0,9180.07,6664.63,1.0
p[12953],0.69,0.02,0.65,0.72,0.0,0.0,9667.89,6834.48,1.0
p[12954],0.63,0.02,0.6,0.67,0.0,0.0,9177.62,6763.73,1.0
p[12955],0.71,0.03,0.66,0.76,0.0,0.0,10154.36,6686.63,1.0
p[12956],0.69,0.02,0.66,0.72,0.0,0.0,9665.56,6745.58,1.0
p[12957],0.64,0.02,0.6,0.67,0.0,0.0,9164.55,6783.89,1.0
p[12958],0.69,0.02,0.66,0.72,0.0,0.0,9664.43,6745.58,1.0
p[12959],0.76,0.02,0.72,0.8,0.0,0.0,9991.21,6337.5,1.0
p[12960],0.64,0.02,0.6,0.67,0.0,0.0,9162.87,6784.22,1.0
p[12961],0.69,0.02,0.66,0.72,0.0,0.0,9662.98,6776.71,1.0
p[12962],0.69,0.02,0.66,0.72,0.0,0.0,9662.4,6776.38,1.0
p[12963],0.69,0.02,0.66,0.72,0.0,0.0,9660.02,6776.38,1.0
p[12964],0.61,0.03,0.56,0.67,0.0,0.0,9046.69,6512.82,1.0
p[12965],0.81,0.02,0.78,0.84,0.0,0.0,8771.09,6368.83,1.0
p[12966],0.69,0.02,0.66,0.72,0.0,0.0,9659.31,6716.15,1.0
p[12967],0.69,0.02,0.66,0.72,0.0,0.0,9658.37,6716.15,1.0
p[12968],0.76,0.02,0.72,0.8,0.0,0.0,9975.95,6157.59,1.0
p[12969],0.64,0.02,0.61,0.67,0.0,0.0,9142.45,6918.18,1.0
p[12970],0.77,0.03,0.72,0.82,0.0,0.0,11231.08,6938.0,1.0
p[12971],0.64,0.02,0.61,0.68,0.0,0.0,9136.69,6949.19,1.0
p[12972],0.64,0.02,0.61,0.68,0.0,0.0,9133.22,6949.19,1.0
p[12973],0.69,0.02,0.66,0.72,0.0,0.0,9656.04,6714.88,1.0
p[12974],0.66,0.03,0.6,0.71,0.0,0.0,10561.21,7187.08,1.0
p[12975],0.72,0.03,0.67,0.77,0.0,0.0,10193.85,6737.27,1.0
p[12976],0.46,0.03,0.41,0.51,0.0,0.0,9811.16,7325.9,1.0
p[12977],0.7,0.02,0.67,0.73,0.0,0.0,9652.18,6807.67,1.0
p[12978],0.64,0.02,0.61,0.68,0.0,0.0,9120.48,6941.37,1.0
p[12979],0.7,0.02,0.67,0.73,0.0,0.0,9650.1,6900.26,1.0
p[12980],0.7,0.02,0.67,0.73,0.0,0.0,9648.81,6899.71,1.0
p[12981],0.65,0.02,0.61,0.68,0.0,0.0,9116.86,6956.82,1.0
p[12982],0.7,0.02,0.67,0.73,0.0,0.0,9648.89,6899.71,1.0
p[12983],0.7,0.02,0.67,0.73,0.0,0.0,9649.06,6900.08,1.0
p[12984],0.7,0.02,0.67,0.73,0.0,0.0,9646.31,6963.54,1.0
p[12985],0.62,0.03,0.57,0.67,0.0,0.0,9035.29,6635.18,1.0
p[12986],0.65,0.02,0.61,0.68,0.0,0.0,9110.58,6840.65,1.0
p[12987],0.77,0.03,0.73,0.82,0.0,0.0,11201.36,6937.91,1.0
p[12988],0.7,0.02,0.67,0.73,0.0,0.0,9645.54,6963.54,1.0
p[12989],0.82,0.02,0.79,0.85,0.0,0.0,8742.93,6495.61,1.0
p[12990],0.7,0.02,0.67,0.73,0.0,0.0,9644.53,6995.12,1.0
p[12991],0.84,0.03,0.79,0.9,0.0,0.0,10450.01,6459.78,1.0
p[12992],0.65,0.02,0.62,0.68,0.0,0.0,9102.06,6771.01,1.0
p[12993],0.77,0.02,0.73,0.81,0.0,0.0,9928.92,6207.47,1.0
p[12994],0.65,0.02,0.62,0.68,0.0,0.0,9099.66,6711.08,1.0
p[12995],0.76,0.03,0.71,0.82,0.0,0.0,11768.42,6919.96,1.0
p[12996],0.67,0.03,0.61,0.72,0.0,0.0,10551.54,7194.62,1.0
p[12997],0.65,0.02,0.62,0.68,0.0,0.0,9095.32,6653.14,1.0
p[12998],0.7,0.02,0.67,0.73,0.0,0.0,9643.51,6867.32,1.0
p[12999],0.7,0.02,0.67,0.73,0.0,0.0,9643.92,6745.91,1.0
p[13000],0.47,0.03,0.42,0.52,0.0,0.0,9809.08,7234.07,1.0
p[13001],0.77,0.02,0.73,0.81,0.0,0.0,9911.02,6257.12,1.0
p[13002],0.7,0.02,0.67,0.73,0.0,0.0,9645.69,6775.42,1.0
p[13003],0.77,0.02,0.73,0.81,0.0,0.0,9908.2,6181.02,1.0
p[13004],0.65,0.02,0.62,0.69,0.0,0.0,9083.47,6566.01,1.0
p[13005],0.65,0.02,0.62,0.69,0.0,0.0,9082.66,6566.01,1.0
p[13006],0.71,0.02,0.68,0.73,0.0,0.0,9642.73,6745.71,1.0
p[13007],0.76,0.03,0.71,0.82,0.0,0.0,11757.14,7043.46,1.0
p[13008],0.71,0.02,0.68,0.73,0.0,0.0,9639.69,6836.96,1.0
p[13009],0.71,0.02,0.68,0.73,0.0,0.0,9639.22,6836.96,1.0
p[13010],0.66,0.02,0.62,0.69,0.0,0.0,9073.77,6511.69,1.0
p[13011],0.78,0.03,0.73,0.83,0.0,0.0,11159.96,6938.08,1.0
p[13012],0.71,0.02,0.68,0.74,0.0,0.0,9637.96,6805.66,1.0
p[13013],0.66,0.02,0.62,0.69,0.0,0.0,9067.81,6537.96,1.0
p[13014],0.71,0.02,0.68,0.74,0.0,0.0,9638.26,6744.68,1.0
p[13015],0.78,0.02,0.74,0.81,0.0,0.0,9881.45,6307.2,1.0
p[13016],0.71,0.02,0.68,0.74,0.0,0.0,9638.41,6744.25,1.0
p[13017],0.71,0.02,0.68,0.74,0.0,0.0,9638.41,6744.25,1.0
p[13018],0.66,0.02,0.62,0.69,0.0,0.0,9065.18,6595.59,1.0
p[13019],0.63,0.03,0.58,0.68,0.0,0.0,9010.18,6639.95,1.0
p[13020],0.67,0.03,0.62,0.73,0.0,0.0,10539.03,7160.07,1.0
p[13021],0.66,0.02,0.63,0.69,0.0,0.0,9061.94,6654.0,1.0
p[13022],0.71,0.02,0.68,0.74,0.0,0.0,9638.11,6744.35,1.0
p[13023],0.71,0.02,0.68,0.74,0.0,0.0,9637.34,6775.18,1.0
p[13024],0.71,0.02,0.68,0.74,0.0,0.0,9635.75,6745.11,1.0
p[13025],0.66,0.02,0.63,0.69,0.0,0.0,9052.49,6720.22,1.0
p[13026],0.78,0.02,0.74,0.82,0.0,0.0,9871.59,6257.18,1.0
p[13027],0.82,0.02,0.8,0.85,0.0,0.0,8707.1,6626.89,1.0
p[13028],0.71,0.02,0.68,0.74,0.0,0.0,9634.92,6745.11,1.0
p[13029],0.66,0.02,0.63,0.69,0.0,0.0,9050.67,6720.56,1.0
p[13030],0.71,0.01,0.69,0.74,0.0,0.0,9634.76,6806.51,1.0
p[13031],0.71,0.01,0.69,0.74,0.0,0.0,9634.76,6806.51,1.0
p[13032],0.83,0.01,0.8,0.85,0.0,0.0,8705.15,6497.94,1.0
p[13033],0.71,0.01,0.69,0.74,0.0,0.0,9633.79,6806.16,1.0
p[13034],0.67,0.02,0.63,0.7,0.0,0.0,9043.91,6678.27,1.0
p[13035],0.71,0.01,0.69,0.74,0.0,0.0,9633.0,6715.39,1.0
p[13036],0.72,0.01,0.69,0.74,0.0,0.0,9633.39,6656.62,1.0
p[13037],0.79,0.02,0.74,0.83,0.0,0.0,11115.13,6895.69,1.0
p[13038],0.85,0.03,0.8,0.9,0.0,0.0,10407.56,6361.5,1.0
p[13039],0.72,0.01,0.69,0.74,0.0,0.0,9635.13,6715.64,1.0
p[13040],0.67,0.02,0.63,0.7,0.0,0.0,9039.48,6682.79,1.0
p[13041],0.68,0.03,0.63,0.74,0.0,0.0,10834.14,7068.21,1.0
p[13042],0.64,0.03,0.59,0.69,0.0,0.0,8997.83,6754.79,1.0
p[13043],0.67,0.02,0.64,0.7,0.0,0.0,9035.95,6710.29,1.0
p[13044],0.67,0.02,0.64,0.7,0.0,0.0,9035.88,6710.29,1.0
p[13045],0.72,0.01,0.69,0.75,0.0,0.0,9624.39,6752.91,1.0
p[13046],0.49,0.03,0.44,0.54,0.0,0.0,9813.58,7117.57,1.0
p[13047],0.74,0.03,0.69,0.79,0.0,0.0,10155.85,6797.71,1.0
p[13048],0.67,0.02,0.64,0.7,0.0,0.0,9028.82,6742.24,1.0
p[13049],0.72,0.01,0.69,0.75,0.0,0.0,9577.84,6831.27,1.0
p[13050],0.72,0.01,0.69,0.75,0.0,0.0,9572.27,6862.0,1.0
p[13051],0.67,0.02,0.64,0.7,0.0,0.0,9026.66,6682.34,1.0
p[13052],0.67,0.02,0.64,0.7,0.0,0.0,9023.46,6771.17,1.0
p[13053],0.72,0.01,0.69,0.75,0.0,0.0,9542.92,6664.0,1.0
p[13054],0.72,0.01,0.7,0.75,0.0,0.0,9522.11,6693.4,1.0
p[13055],0.79,0.02,0.75,0.84,0.0,0.0,11077.63,6876.65,1.0
p[13056],0.72,0.01,0.7,0.75,0.0,0.0,9522.39,6606.66,1.0
p[13057],0.72,0.01,0.7,0.75,0.0,0.0,9522.39,6606.66,1.0
p[13058],0.65,0.03,0.6,0.7,0.0,0.0,8991.68,6755.54,1.0
p[13059],0.68,0.02,0.64,0.71,0.0,0.0,9017.27,6757.35,1.0
p[13060],0.72,0.01,0.7,0.75,0.0,0.0,9502.05,6605.79,1.0
p[13061],0.79,0.02,0.75,0.83,0.0,0.0,9799.35,6553.71,1.0
p[13062],0.72,0.01,0.7,0.75,0.0,0.0,9493.27,6605.79,1.0
p[13063],0.79,0.02,0.75,0.83,0.0,0.0,9796.65,6553.71,1.0
p[13064],0.68,0.02,0.65,0.71,0.0,0.0,9013.76,6770.36,1.0
p[13065],0.83,0.01,0.81,0.86,0.0,0.0,8677.9,6426.5,1.0
p[13066],0.83,0.01,0.81,0.86,0.0,0.0,8678.22,6426.5,1.0
p[13067],0.68,0.02,0.64,0.71,0.0,0.0,9012.51,6771.57,1.0
p[13068],0.73,0.01,0.7,0.75,0.0,0.0,9465.37,6633.23,1.0
p[13069],0.75,0.02,0.71,0.8,0.0,0.0,10132.11,6826.86,1.0
p[13070],0.73,0.01,0.7,0.75,0.0,0.0,9453.43,6381.78,1.0
p[13071],0.68,0.02,0.65,0.71,0.0,0.0,9009.56,6805.83,1.0
p[13072],0.73,0.01,0.7,0.75,0.0,0.0,9431.88,6303.0,1.0
p[13073],0.73,0.01,0.7,0.76,0.0,0.0,9424.65,6302.87,1.0
p[13074],0.68,0.02,0.65,0.71,0.0,0.0,9007.69,6775.79,1.0
p[13075],0.66,0.03,0.61,0.71,0.0,0.0,8985.06,6816.83,1.0
p[13076],0.5,0.03,0.45,0.55,0.0,0.0,9932.63,7205.32,1.0
p[13077],0.73,0.01,0.7,0.76,0.0,0.0,9389.86,6361.81,1.0
p[13078],0.68,0.02,0.65,0.72,0.0,0.0,9001.11,6865.78,1.0
p[13079],0.7,0.03,0.65,0.75,0.0,0.0,10774.02,7217.59,1.0
p[13080],0.73,0.01,0.7,0.76,0.0,0.0,9362.68,6361.94,1.0
p[13081],0.73,0.01,0.7,0.76,0.0,0.0,9354.9,6361.94,1.0
p[13082],0.79,0.03,0.74,0.83,0.0,0.0,11684.4,7209.18,1.0
p[13083],0.73,0.01,0.7,0.76,0.0,0.0,9343.06,6361.81,1.0
p[13084],0.8,0.02,0.76,0.84,0.0,0.0,11028.41,7021.69,1.0
p[13085],0.68,0.02,0.65,0.72,0.0,0.0,8999.37,6907.38,1.0
p[13086],0.68,0.02,0.65,0.72,0.0,0.0,8999.0,6907.13,1.0
p[13087],0.73,0.01,0.7,0.76,0.0,0.0,9328.93,6389.24,1.0
p[13088],0.73,0.01,0.7,0.76,0.0,0.0,9328.93,6389.24,1.0
p[13089],0.7,0.03,0.65,0.75,0.0,0.0,10766.75,7149.72,1.0
p[13090],0.86,0.03,0.8,0.91,0.0,0.0,11013.19,6191.82,1.0
p[13091],0.69,0.02,0.65,0.72,0.0,0.0,8997.01,6949.41,1.0
p[13092],0.73,0.01,0.71,0.76,0.0,0.0,9277.18,6388.72,1.0
p[13093],0.73,0.01,0.71,0.76,0.0,0.0,9275.22,6388.72,1.0
p[13094],0.84,0.01,0.81,0.87,0.0,0.0,8671.19,6426.83,1.0
p[13095],0.51,0.03,0.46,0.56,0.0,0.0,9928.02,7240.21,1.0
p[13096],0.8,0.02,0.76,0.83,0.0,0.0,9735.13,6634.59,1.0
p[13097],0.74,0.01,0.71,0.76,0.0,0.0,9264.81,6308.69,1.0
p[13098],0.69,0.02,0.66,0.72,0.0,0.0,8995.07,6982.29,1.0
p[13099],0.7,0.03,0.65,0.76,0.0,0.0,10755.81,7148.31,1.0
p[13100],0.69,0.02,0.66,0.72,0.0,0.0,8993.42,6969.4,1.0
p[13101],0.74,0.01,0.71,0.76,0.0,0.0,9232.86,6283.0,1.0
p[13102],0.84,0.01,0.82,0.87,0.0,0.0,8670.95,6374.62,1.0
p[13103],0.74,0.01,0.71,0.76,0.0,0.0,9227.59,6283.0,1.0
p[13104],0.69,0.02,0.66,0.72,0.0,0.0,8991.12,7034.39,1.0
p[13105],0.74,0.01,0.71,0.76,0.0,0.0,9214.48,6283.07,1.0
p[13106],0.81,0.02,0.76,0.85,0.0,0.0,10994.78,6939.64,1.0
p[13107],0.87,0.03,0.82,0.91,0.0,0.0,10350.71,6398.15,1.0
p[13108],0.74,0.01,0.71,0.77,0.0,0.0,9186.05,6283.84,1.0
p[13109],0.67,0.03,0.62,0.72,0.0,0.0,8979.17,6726.35,1.0
p[13110],0.74,0.01,0.71,0.77,0.0,0.0,9179.52,6310.16,1.0
p[13111],0.74,0.01,0.71,0.77,0.0,0.0,9179.52,6310.16,1.0
p[13112],0.74,0.01,0.71,0.77,0.0,0.0,9171.52,6336.46,1.0
p[13113],0.84,0.01,0.82,0.87,0.0,0.0,8669.84,6331.0,1.0
p[13114],0.69,0.02,0.66,0.73,0.0,0.0,8987.77,7000.75,1.0
p[13115],0.8,0.02,0.76,0.84,0.0,0.0,9708.39,6690.48,1.0
p[13116],0.69,0.02,0.66,0.73,0.0,0.0,8987.53,7000.75,1.0
p[13117],0.84,0.01,0.82,0.87,0.0,0.0,8670.59,6324.67,1.0
p[13118],0.69,0.02,0.66,0.73,0.0,0.0,8987.36,7000.75,1.0
p[13119],0.74,0.01,0.71,0.77,0.0,0.0,9144.81,6415.4,1.0
p[13120],0.52,0.03,0.47,0.57,0.0,0.0,9920.49,7240.35,1.0
p[13121],0.71,0.03,0.66,0.76,0.0,0.0,10725.81,7114.55,1.0
p[13122],0.76,0.02,0.72,0.81,0.0,0.0,10068.79,6924.15,1.0
p[13123],0.74,0.01,0.72,0.77,0.0,0.0,9112.05,6496.69,1.0
p[13124],0.7,0.02,0.67,0.73,0.0,0.0,8984.12,6937.18,1.0
p[13125],0.74,0.01,0.72,0.77,0.0,0.0,9093.94,6524.3,1.0
p[13126],0.7,0.02,0.67,0.73,0.0,0.0,8983.13,6936.54,1.0
p[13127],0.74,0.01,0.72,0.77,0.0,0.0,9093.94,6524.3,1.0
p[13128],0.67,0.03,0.62,0.72,0.0,0.0,8977.42,6694.18,1.0
p[13129],0.75,0.01,0.72,0.77,0.0,0.0,9066.15,6496.35,1.0
p[13130],0.7,0.02,0.67,0.73,0.0,0.0,9126.39,6950.65,1.0
p[13131],0.75,0.01,0.72,0.77,0.0,0.0,9063.14,6496.35,1.0
p[13132],0.81,0.02,0.77,0.86,0.0,0.0,10957.6,7003.78,1.0
p[13133],0.75,0.01,0.72,0.77,0.0,0.0,9056.6,6523.9,1.0
p[13134],0.75,0.01,0.72,0.77,0.0,0.0,9057.71,6523.9,1.0
p[13135],0.85,0.01,0.82,0.87,0.0,0.0,8665.06,6384.83,1.0
p[13136],0.7,0.02,0.67,0.73,0.0,0.0,9104.03,6903.93,1.0
p[13137],0.75,0.01,0.72,0.77,0.0,0.0,9059.6,6524.22,1.0
p[13138],0.75,0.01,0.72,0.77,0.0,0.0,9059.6,6524.22,1.0
p[13139],0.87,0.02,0.83,0.92,0.0,0.0,10317.11,6034.38,1.0
p[13140],0.7,0.02,0.67,0.73,0.0,0.0,9098.52,6866.12,1.0
p[13141],0.81,0.02,0.77,0.84,0.0,0.0,9678.58,6515.97,1.0
p[13142],0.7,0.02,0.67,0.73,0.0,0.0,9079.02,6866.25,1.0
p[13143],0.72,0.03,0.66,0.76,0.0,0.0,10687.56,6841.4,1.0
p[13144],0.75,0.01,0.72,0.78,0.0,0.0,9057.48,6668.02,1.0
p[13145],0.77,0.02,0.73,0.81,0.0,0.0,10041.52,6941.89,1.0
p[13146],0.53,0.03,0.48,0.58,0.0,0.0,9910.63,7240.8,1.0
p[13147],0.75,0.01,0.72,0.78,0.0,0.0,9061.06,6637.15,1.0
p[13148],0.68,0.03,0.63,0.73,0.0,0.0,8975.75,6635.55,1.0
p[13149],0.71,0.02,0.67,0.74,0.0,0.0,9025.81,6867.36,1.0
p[13150],0.75,0.01,0.72,0.78,0.0,0.0,9063.66,6609.68,1.0
p[13151],0.71,0.02,0.67,0.74,0.0,0.0,9020.52,6867.36,1.0
p[13152],0.75,0.01,0.73,0.78,0.0,0.0,9067.71,6697.04,1.0
p[13153],0.75,0.01,0.73,0.78,0.0,0.0,9067.45,6786.85,1.0
p[13154],0.75,0.01,0.73,0.78,0.0,0.0,9067.45,6786.85,1.0
p[13155],0.82,0.02,0.78,0.86,0.0,0.0,10923.8,7035.45,1.0
p[13156],0.71,0.02,0.68,0.74,0.0,0.0,8990.11,6898.78,1.0
p[13157],0.75,0.01,0.73,0.78,0.0,0.0,9068.35,6779.43,1.0
p[13158],0.71,0.02,0.68,0.74,0.0,0.0,8971.24,6900.07,1.0
p[13159],0.85,0.01,0.83,0.88,0.0,0.0,8658.21,6381.96,1.0
p[13160],0.72,0.03,0.67,0.77,0.0,0.0,10647.76,6627.71,1.0
p[13161],0.71,0.02,0.68,0.74,0.0,0.0,8961.2,6900.07,1.0
p[13162],0.76,0.01,0.73,0.78,0.0,0.0,9069.89,6785.64,1.0
p[13163],0.71,0.02,0.68,0.74,0.0,0.0,8943.6,6869.2,1.0
p[13164],0.76,0.01,0.73,0.78,0.0,0.0,9071.97,6785.64,1.0
p[13165],0.54,0.03,0.49,0.59,0.0,0.0,9903.94,7012.68,1.0
p[13166],0.86,0.01,0.83,0.88,0.0,0.0,8660.12,6434.32,1.0
p[13167],0.78,0.02,0.73,0.82,0.0,0.0,10017.01,6801.72,1.0
p[13168],0.69,0.03,0.64,0.74,0.0,0.0,8983.49,6576.61,1.0
p[13169],0.76,0.01,0.73,0.78,0.0,0.0,9074.58,6694.42,1.0
p[13170],0.71,0.02,0.68,0.75,0.0,0.0,8909.65,6960.77,1.0
p[13171],0.81,0.02,0.76,0.85,0.0,0.0,11566.62,7015.45,1.0
p[13172],0.71,0.02,0.69,0.75,0.0,0.0,8898.82,6954.97,1.0
p[13173],0.82,0.02,0.79,0.85,0.0,0.0,9613.83,6437.6,1.0
p[13174],0.76,0.01,0.73,0.78,0.0,0.0,9077.54,6723.62,1.0
p[13175],0.76,0.01,0.73,0.79,0.0,0.0,9077.57,6723.62,1.0
p[13176],0.76,0.01,0.73,0.79,0.0,0.0,9077.58,6723.62,1.0
p[13177],0.76,0.01,0.73,0.79,0.0,0.0,9077.58,6723.62,1.0
p[13178],0.76,0.01,0.73,0.79,0.0,0.0,9076.06,6723.62,1.0
p[13179],0.82,0.02,0.79,0.87,0.0,0.0,10882.72,7022.73,1.0
p[13180],0.72,0.02,0.69,0.75,0.0,0.0,8876.96,6964.62,1.0
p[13181],0.76,0.01,0.73,0.79,0.0,0.0,9083.68,6752.38,1.0
p[13182],0.72,0.02,0.69,0.75,0.0,0.0,8862.55,6890.59,1.0
p[13183],0.72,0.02,0.69,0.75,0.0,0.0,8858.81,6890.59,1.0
p[13184],0.73,0.03,0.68,0.78,0.0,0.0,10593.16,6408.24,1.0
p[13185],0.88,0.03,0.83,0.92,0.0,0.0,10899.55,6039.5,1.0
p[13186],0.72,0.02,0.69,0.75,0.0,0.0,8835.63,6919.34,1.0
p[13187],0.76,0.01,0.74,0.79,0.0,0.0,9092.04,6842.37,1.0
p[13188],0.76,0.01,0.74,0.79,0.0,0.0,9091.08,6812.37,1.0
p[13189],0.82,0.02,0.79,0.86,0.0,0.0,9588.14,6509.88,1.0
p[13190],0.86,0.01,0.84,0.88,0.0,0.0,8663.66,6409.17,1.0
p[13191],0.55,0.03,0.5,0.6,0.0,0.0,9903.92,7059.64,1.0
p[13192],0.77,0.01,0.74,0.79,0.0,0.0,9092.13,6812.37,1.0
p[13193],0.88,0.03,0.83,0.93,0.0,0.0,11014.32,5943.38,1.0
p[13194],0.79,0.02,0.75,0.83,0.0,0.0,9980.22,6834.75,1.0
p[13195],0.88,0.02,0.84,0.92,0.0,0.0,10266.88,6215.51,1.0
p[13196],0.72,0.02,0.69,0.75,0.0,0.0,8791.51,6777.71,1.0
p[13197],0.77,0.01,0.74,0.79,0.0,0.0,9103.51,6798.85,1.0
p[13198],0.86,0.01,0.84,0.88,0.0,0.0,8665.68,6351.72,1.0
p[13199],0.72,0.02,0.69,0.75,0.0,0.0,8784.15,6777.34,1.0
p[13200],0.86,0.01,0.84,0.88,0.0,0.0,8665.56,6351.55,1.0
p[13201],0.77,0.01,0.74,0.79,0.0,0.0,9106.46,6750.94,1.0
p[13202],0.77,0.01,0.74,0.79,0.0,0.0,9106.46,6750.94,1.0
p[13203],0.72,0.02,0.69,0.76,0.0,0.0,8774.31,6869.04,1.0
p[13204],0.77,0.01,0.74,0.79,0.0,0.0,9108.76,6750.94,1.0
p[13205],0.77,0.01,0.74,0.79,0.0,0.0,9108.09,6751.1,1.0
p[13206],0.72,0.02,0.69,0.76,0.0,0.0,8760.81,6869.04,1.0
p[13207],0.77,0.01,0.74,0.79,0.0,0.0,9106.4,6843.68,1.0
p[13208],0.77,0.01,0.74,0.79,0.0,0.0,9106.2,6843.68,1.0
p[13209],0.83,0.02,0.79,0.87,0.0,0.0,10830.93,6957.58,1.0
p[13210],0.74,0.03,0.69,0.79,0.0,0.0,10555.2,6549.91,1.0
p[13211],0.83,0.02,0.79,0.86,0.0,0.0,9563.9,6624.24,1.0
p[13212],0.73,0.02,0.7,0.76,0.0,0.0,8742.5,6899.54,1.0
p[13213],0.73,0.02,0.7,0.76,0.0,0.0,8742.59,6899.54,1.0
p[13214],0.86,0.01,0.84,0.89,0.0,0.0,8671.62,6377.43,1.0
p[13215],0.77,0.01,0.74,0.8,0.0,0.0,9114.21,6843.25,1.0
p[13216],0.56,0.03,0.51,0.61,0.0,0.0,9894.25,6966.86,1.0
p[13217],0.77,0.01,0.74,0.8,0.0,0.0,9114.27,6843.25,1.0
p[13218],0.73,0.02,0.7,0.76,0.0,0.0,8741.17,6715.51,1.0
p[13219],0.73,0.02,0.7,0.76,0.0,0.0,8739.92,6689.23,1.0
p[13220],0.77,0.01,0.75,0.8,0.0,0.0,9124.14,6721.35,1.0
p[13221],0.82,0.02,0.78,0.86,0.0,0.0,11485.48,7078.1,1.0
p[13222],0.73,0.02,0.7,0.76,0.0,0.0,8738.2,6747.88,1.0
p[13223],0.78,0.01,0.75,0.8,0.0,0.0,9128.22,6722.76,1.0
p[13224],0.78,0.01,0.75,0.8,0.0,0.0,9128.22,6722.76,1.0
p[13225],0.78,0.01,0.75,0.8,0.0,0.0,9125.86,6693.33,1.0
p[13226],0.73,0.02,0.7,0.76,0.0,0.0,8736.26,6808.11,1.0
p[13227],0.83,0.02,0.8,0.86,0.0,0.0,9533.83,6596.19,1.0
p[13228],0.78,0.01,0.75,0.8,0.0,0.0,9126.16,6690.72,1.0
p[13229],0.87,0.01,0.84,0.89,0.0,0.0,8680.04,6531.02,1.0
p[13230],0.84,0.02,0.8,0.88,0.0,0.0,10791.95,6957.67,1.0
p[13231],0.78,0.01,0.75,0.8,0.0,0.0,9126.4,6693.51,1.0
p[13232],0.78,0.01,0.75,0.8,0.0,0.0,9126.4,6693.51,1.0
p[13233],0.73,0.02,0.7,0.77,0.0,0.0,8736.38,6838.4,1.0
p[13234],0.73,0.02,0.7,0.77,0.0,0.0,8736.8,6838.4,1.0
p[13235],0.75,0.03,0.7,0.79,0.0,0.0,10505.36,6640.92,1.0
p[13236],0.73,0.02,0.7,0.77,0.0,0.0,8735.73,6808.58,1.0
p[13237],0.83,0.02,0.78,0.87,0.0,0.0,11466.83,7077.92,1.0
p[13238],0.78,0.01,0.75,0.8,0.0,0.0,9122.23,6678.98,1.0
p[13239],0.87,0.01,0.85,0.89,0.0,0.0,8685.12,6701.19,1.0
p[13240],0.78,0.01,0.75,0.8,0.0,0.0,9122.34,6694.24,1.0
p[13241],0.57,0.03,0.52,0.62,0.0,0.0,9871.81,6999.13,1.0
p[13242],0.78,0.01,0.75,0.8,0.0,0.0,9123.65,6694.24,1.0
p[13243],0.74,0.02,0.71,0.77,0.0,0.0,8738.24,6716.57,1.0
p[13244],0.78,0.01,0.75,0.81,0.0,0.0,9124.78,6694.24,1.0
p[13245],0.83,0.02,0.79,0.87,0.0,0.0,11456.65,7077.38,1.0
p[13246],0.78,0.01,0.75,0.81,0.0,0.0,9128.61,6723.98,1.0
p[13247],0.74,0.02,0.71,0.77,0.0,0.0,8738.05,6745.12,1.0
p[13248],0.74,0.02,0.71,0.77,0.0,0.0,8738.05,6745.12,1.0
p[13249],0.87,0.01,0.85,0.89,0.0,0.0,8688.1,6768.59,1.0
p[13250],0.78,0.01,0.75,0.81,0.0,0.0,9130.18,6708.71,1.0
p[13251],0.78,0.01,0.76,0.81,0.0,0.0,9129.35,6739.44,1.0
p[13252],0.87,0.01,0.85,0.89,0.0,0.0,8691.5,6679.79,1.0
p[13253],0.78,0.01,0.76,0.81,0.0,0.0,9130.1,6710.68,1.0
p[13254],0.83,0.02,0.79,0.87,0.0,0.0,11443.09,7077.36,1.0
p[13255],0.78,0.01,0.76,0.81,0.0,0.0,9132.97,6739.92,1.0
p[13256],0.74,0.02,0.71,0.77,0.0,0.0,8739.72,6775.21,1.0
p[13257],0.74,0.02,0.71,0.77,0.0,0.0,8738.98,6775.21,1.0
p[13258],0.87,0.01,0.85,0.89,0.0,0.0,8694.01,6681.12,1.0
p[13259],0.87,0.01,0.85,0.89,0.0,0.0,8694.65,6681.12,1.0
p[13260],0.74,0.02,0.71,0.77,0.0,0.0,8739.21,6744.25,1.0
p[13261],0.78,0.01,0.76,0.81,0.0,0.0,9133.19,6697.59,1.0
p[13262],0.79,0.01,0.76,0.81,0.0,0.0,9138.44,6697.59,1.0
p[13263],0.84,0.02,0.8,0.88,0.0,0.0,10744.02,6900.56,1.0
p[13264],0.83,0.02,0.79,0.87,0.0,0.0,11425.1,6947.52,1.0
p[13265],0.79,0.01,0.76,0.81,0.0,0.0,9142.18,6727.69,1.0
p[13266],0.83,0.02,0.79,0.87,0.0,0.0,11420.6,6978.58,1.0
p[13267],0.74,0.02,0.71,0.78,0.0,0.0,8741.79,6667.36,1.0
p[13268],0.75,0.02,0.72,0.78,0.0,0.0,8741.58,6667.36,1.0
p[13269],0.79,0.01,0.76,0.81,0.0,0.0,9142.53,6727.51,1.0
p[13270],0.84,0.02,0.81,0.87,0.0,0.0,9523.94,6552.32,1.0
p[13271],0.88,0.01,0.85,0.9,0.0,0.0,8707.55,6766.72,1.0
p[13272],0.79,0.01,0.76,0.81,0.0,0.0,9146.34,6727.11,1.0
p[13273],0.75,0.02,0.72,0.78,0.0,0.0,8744.48,6659.73,1.0
p[13274],0.79,0.01,0.76,0.81,0.0,0.0,9149.36,6726.9,1.0
p[13275],0.75,0.02,0.72,0.78,0.0,0.0,8747.34,6747.37,1.0
p[13276],0.79,0.01,0.76,0.81,0.0,0.0,9150.11,6756.88,1.0
p[13277],0.75,0.02,0.72,0.78,0.0,0.0,8748.1,6717.04,1.0
p[13278],0.75,0.02,0.72,0.78,0.0,0.0,8749.36,6717.04,1.0
p[13279],0.79,0.01,0.76,0.82,0.0,0.0,9158.47,6812.01,1.0
p[13280],0.9,0.02,0.86,0.94,0.0,0.0,10198.43,5987.99,1.0
p[13281],0.75,0.02,0.72,0.78,0.0,0.0,8754.9,6717.52,1.0
p[13282],0.79,0.01,0.77,0.82,0.0,0.0,9168.07,6781.97,1.0
p[13283],0.75,0.02,0.72,0.78,0.0,0.0,8758.22,6869.15,1.0
p[13284],0.75,0.02,0.72,0.78,0.0,0.0,8758.2,6868.3,1.0
p[13285],0.79,0.01,0.77,0.82,0.0,0.0,9174.78,6739.38,1.0
p[13286],0.75,0.02,0.72,0.78,0.0,0.0,8760.23,6808.08,1.0
p[13287],0.88,0.01,0.86,0.9,0.0,0.0,8726.35,6826.5,1.0
p[13288],0.79,0.01,0.77,0.82,0.0,0.0,9178.73,6722.24,1.0
p[13289],0.85,0.02,0.82,0.88,0.0,0.0,9526.5,6524.14,1.0
p[13290],0.8,0.01,0.77,0.82,0.0,0.0,9180.24,6692.74,1.0
p[13291],0.8,0.01,0.77,0.82,0.0,0.0,9180.41,6669.79,1.0
p[13292],0.84,0.02,0.8,0.88,0.0,0.0,11353.83,6790.71,1.0
p[13293],0.76,0.02,0.72,0.78,0.0,0.0,8763.77,6952.74,1.0
p[13294],0.8,0.01,0.77,0.82,0.0,0.0,9191.5,6721.86,1.0
p[13295],0.84,0.02,0.8,0.88,0.0,0.0,11345.32,6790.01,1.0
p[13296],0.76,0.02,0.73,0.79,0.0,0.0,8772.79,7050.0,1.0
p[13297],0.8,0.01,0.77,0.82,0.0,0.0,9192.24,6721.83,1.0
p[13298],0.88,0.01,0.86,0.9,0.0,0.0,8734.26,6822.32,1.0
p[13299],0.81,0.02,0.78,0.84,0.0,0.0,9028.77,6894.44,1.0
p[13300],0.64,0.02,0.61,0.68,0.0,0.0,9269.33,7321.78,1.0
p[13301],0.7,0.02,0.66,0.73,0.0,0.0,9564.56,7063.59,1.0
p[13302],0.7,0.02,0.66,0.73,0.0,0.0,9564.56,7063.59,1.0
p[13303],0.64,0.02,0.61,0.68,0.0,0.0,9257.39,7236.1,1.0
p[13304],0.64,0.02,0.61,0.68,0.0,0.0,9257.39,7236.1,1.0
p[13305],0.81,0.02,0.78,0.84,0.0,0.0,9015.55,6926.32,1.0
p[13306],0.65,0.02,0.61,0.68,0.0,0.0,9240.93,7156.73,1.0
p[13307],0.65,0.02,0.61,0.69,0.0,0.0,9230.71,7103.28,1.0
p[13308],0.7,0.02,0.67,0.73,0.0,0.0,9551.15,7096.45,1.0
p[13309],0.7,0.02,0.67,0.73,0.0,0.0,9546.58,7064.4,1.0
p[13310],0.77,0.02,0.73,0.81,0.0,0.0,9516.72,6559.56,1.0
p[13311],0.65,0.02,0.62,0.69,0.0,0.0,9210.53,7133.21,1.0
p[13312],0.65,0.02,0.62,0.69,0.0,0.0,9200.97,7216.93,1.0
p[13313],0.7,0.02,0.67,0.74,0.0,0.0,9545.48,7064.9,1.0
p[13314],0.66,0.02,0.62,0.69,0.0,0.0,9179.32,7232.78,1.0
p[13315],0.78,0.02,0.73,0.82,0.0,0.0,9505.97,6588.35,1.0
p[13316],0.66,0.02,0.62,0.69,0.0,0.0,9156.33,7077.22,1.0
p[13317],0.66,0.02,0.63,0.7,0.0,0.0,9129.3,6942.66,1.0
p[13318],0.67,0.02,0.64,0.7,0.0,0.0,9097.98,7102.43,1.0
p[13319],0.67,0.02,0.64,0.71,0.0,0.0,9075.38,7069.62,1.0
p[13320],0.8,0.02,0.75,0.84,0.0,0.0,11686.95,6774.13,1.0
p[13321],0.68,0.02,0.65,0.72,0.0,0.0,9019.09,6974.82,1.0
p[13322],0.79,0.03,0.74,0.84,0.0,0.0,11847.16,6451.76,1.0
p[13323],0.73,0.01,0.71,0.76,0.0,0.0,9498.99,7112.25,1.0
p[13324],0.69,0.02,0.66,0.72,0.0,0.0,8998.58,6928.19,1.0
p[13325],0.73,0.01,0.71,0.76,0.0,0.0,9498.85,7113.77,1.0
p[13326],0.69,0.02,0.66,0.72,0.0,0.0,8986.74,7121.91,1.0
p[13327],0.74,0.01,0.71,0.76,0.0,0.0,9498.19,7114.83,1.0
p[13328],0.8,0.02,0.76,0.85,0.0,0.0,11695.03,7005.73,1.0
p[13329],0.74,0.01,0.71,0.76,0.0,0.0,9497.05,7114.83,1.0
p[13330],0.74,0.01,0.71,0.76,0.0,0.0,9495.82,7130.57,1.0
p[13331],0.69,0.02,0.66,0.72,0.0,0.0,8973.4,7230.43,1.0
p[13332],0.69,0.02,0.66,0.72,0.0,0.0,8969.2,7230.2,1.0
p[13333],0.7,0.03,0.65,0.76,0.0,0.0,9777.54,6290.46,1.0
p[13334],0.74,0.01,0.71,0.77,0.0,0.0,9494.16,7074.04,1.0
p[13335],0.69,0.02,0.66,0.72,0.0,0.0,8958.11,7156.09,1.0
p[13336],0.74,0.01,0.71,0.77,0.0,0.0,9494.13,7047.83,1.0
p[13337],0.74,0.01,0.71,0.77,0.0,0.0,9494.3,7096.29,1.0
p[13338],0.52,0.03,0.47,0.57,0.0,0.0,9640.45,6777.07,1.0
p[13339],0.76,0.02,0.72,0.81,0.0,0.0,10506.75,6740.22,1.0
p[13340],0.74,0.01,0.71,0.77,0.0,0.0,9493.39,7097.06,1.0
p[13341],0.74,0.01,0.71,0.77,0.0,0.0,9493.22,7097.06,1.0
p[13342],0.69,0.02,0.67,0.73,0.0,0.0,8948.14,7139.18,1.0
p[13343],0.74,0.01,0.72,0.77,0.0,0.0,9490.87,7130.1,1.0
p[13344],0.7,0.02,0.67,0.73,0.0,0.0,8945.0,7105.91,1.0
p[13345],0.74,0.01,0.72,0.77,0.0,0.0,9489.93,7163.93,1.0
p[13346],0.74,0.01,0.72,0.77,0.0,0.0,9489.44,7129.82,1.0
p[13347],0.7,0.02,0.67,0.73,0.0,0.0,8936.64,7103.13,1.0
p[13348],0.7,0.02,0.67,0.73,0.0,0.0,8936.64,7103.13,1.0
p[13349],0.74,0.01,0.72,0.77,0.0,0.0,9488.62,7163.93,1.0
p[13350],0.74,0.01,0.72,0.77,0.0,0.0,9488.21,7129.7,1.0
p[13351],0.81,0.02,0.77,0.85,0.0,0.0,11698.6,7003.84,1.0
p[13352],0.74,0.01,0.72,0.77,0.0,0.0,9489.89,7095.98,1.0
p[13353],0.7,0.02,0.67,0.73,0.0,0.0,8929.75,7044.18,1.0
p[13354],0.75,0.01,0.72,0.77,0.0,0.0,9492.17,6998.56,1.0
p[13355],0.87,0.03,0.83,0.92,0.0,0.0,10399.23,6927.98,1.0
p[13356],0.7,0.02,0.67,0.73,0.0,0.0,8925.48,7044.18,1.0
p[13357],0.71,0.03,0.66,0.76,0.0,0.0,9770.37,6272.12,1.0
p[13358],0.7,0.02,0.67,0.73,0.0,0.0,8921.13,6978.45,1.0
p[13359],0.7,0.02,0.67,0.73,0.0,0.0,8918.84,6962.21,1.0
p[13360],0.7,0.02,0.67,0.73,0.0,0.0,8917.11,6962.21,1.0
p[13361],0.77,0.02,0.72,0.81,0.0,0.0,10507.53,6734.95,1.0
p[13362],0.75,0.01,0.72,0.77,0.0,0.0,9491.85,6872.42,1.0
p[13363],0.53,0.03,0.48,0.57,0.0,0.0,9638.08,6838.41,1.0
p[13364],0.81,0.02,0.77,0.85,0.0,0.0,9475.77,6158.13,1.0
p[13365],0.75,0.01,0.72,0.77,0.0,0.0,9493.06,6903.66,1.0
p[13366],0.75,0.01,0.72,0.77,0.0,0.0,9493.06,6903.66,1.0
p[13367],0.75,0.01,0.72,0.78,0.0,0.0,9492.47,6935.07,1.0
p[13368],0.81,0.02,0.77,0.84,0.0,0.0,9476.37,6157.8,1.0
p[13369],0.75,0.01,0.73,0.78,0.0,0.0,9495.17,7064.54,1.0
p[13370],0.71,0.02,0.68,0.73,0.0,0.0,8897.96,6969.95,1.0
p[13371],0.71,0.02,0.68,0.74,0.0,0.0,8897.16,6969.95,1.0
p[13372],0.75,0.01,0.73,0.78,0.0,0.0,9494.61,7064.27,1.0
p[13373],0.75,0.01,0.73,0.78,0.0,0.0,9494.43,7064.27,1.0
p[13374],0.75,0.01,0.73,0.78,0.0,0.0,9493.63,7012.65,1.0
p[13375],0.81,0.02,0.78,0.85,0.0,0.0,9471.24,6157.31,1.0
p[13376],0.82,0.02,0.78,0.86,0.0,0.0,11692.15,6908.81,1.0
p[13377],0.71,0.02,0.68,0.74,0.0,0.0,8885.74,7068.89,1.0
p[13378],0.71,0.02,0.68,0.74,0.0,0.0,8884.08,7068.89,1.0
p[13379],0.75,0.01,0.73,0.78,0.0,0.0,9491.63,6895.83,1.0
p[13380],0.72,0.03,0.67,0.77,0.0,0.0,9769.4,6320.24,1.0
p[13381],0.75,0.01,0.73,0.78,0.0,0.0,9492.19,6864.69,1.0
p[13382],0.85,0.01,0.83,0.88,0.0,0.0,8711.95,6991.17,1.0
p[13383],0.71,0.02,0.68,0.74,0.0,0.0,8880.54,7108.57,1.0
p[13384],0.78,0.02,0.73,0.82,0.0,0.0,10506.79,6766.7,1.0
p[13385],0.54,0.03,0.49,0.58,0.0,0.0,9636.57,6803.4,1.0
p[13386],0.71,0.02,0.68,0.74,0.0,0.0,8877.03,7075.18,1.0
p[13387],0.76,0.01,0.73,0.78,0.0,0.0,9286.94,6846.04,1.0
p[13388],0.71,0.02,0.68,0.74,0.0,0.0,8874.84,7108.47,1.0
p[13389],0.76,0.01,0.73,0.78,0.0,0.0,9285.85,6804.57,1.0
p[13390],0.76,0.01,0.73,0.78,0.0,0.0,9285.85,6804.57,1.0
p[13391],0.76,0.01,0.73,0.78,0.0,0.0,9285.11,6821.45,1.0
p[13392],0.71,0.02,0.68,0.74,0.0,0.0,8872.73,7009.93,1.0
p[13393],0.71,0.02,0.68,0.74,0.0,0.0,8867.25,6969.61,1.0
p[13394],0.71,0.02,0.68,0.74,0.0,0.0,8867.17,6969.61,1.0
p[13395],0.76,0.01,0.73,0.78,0.0,0.0,9284.06,6900.36,1.0
p[13396],0.76,0.01,0.73,0.78,0.0,0.0,9283.95,6900.36,1.0
p[13397],0.71,0.02,0.68,0.74,0.0,0.0,8863.42,7009.61,1.0
p[13398],0.86,0.01,0.83,0.88,0.0,0.0,8690.45,6928.52,1.0
p[13399],0.76,0.01,0.73,0.78,0.0,0.0,9281.62,6899.5,1.0
p[13400],0.76,0.01,0.73,0.78,0.0,0.0,9281.51,6899.5,1.0
p[13401],0.71,0.02,0.69,0.74,0.0,0.0,8857.62,7049.86,1.0
p[13402],0.82,0.02,0.78,0.86,0.0,0.0,11684.69,6846.82,1.0
p[13403],0.69,0.03,0.64,0.74,0.0,0.0,8846.68,6712.29,1.0
p[13404],0.72,0.02,0.69,0.74,0.0,0.0,8855.42,7032.22,1.0
p[13405],0.88,0.02,0.84,0.92,0.0,0.0,10370.35,6895.1,1.0
p[13406],0.76,0.01,0.74,0.79,0.0,0.0,9280.75,6841.34,1.0
p[13407],0.76,0.01,0.74,0.79,0.0,0.0,9280.75,6841.34,1.0
p[13408],0.73,0.03,0.68,0.78,0.0,0.0,9771.77,6084.59,1.0
p[13409],0.72,0.02,0.69,0.74,0.0,0.0,8852.69,6935.21,1.0
p[13410],0.76,0.01,0.74,0.79,0.0,0.0,9280.2,6841.34,1.0
p[13411],0.72,0.02,0.69,0.74,0.0,0.0,8849.53,6935.64,1.0
p[13412],0.72,0.02,0.69,0.75,0.0,0.0,8849.08,6899.72,1.0
p[13413],0.76,0.01,0.74,0.79,0.0,0.0,9277.04,6810.71,1.0
p[13414],0.55,0.03,0.5,0.59,0.0,0.0,9643.21,7116.54,1.0
p[13415],0.86,0.01,0.84,0.88,0.0,0.0,8648.53,6961.39,1.0
p[13416],0.78,0.02,0.74,0.82,0.0,0.0,10509.56,6507.37,1.0
p[13417],0.76,0.01,0.74,0.79,0.0,0.0,9276.86,6780.57,1.0
p[13418],0.7,0.02,0.65,0.74,0.0,0.0,8848.9,6818.65,1.0
p[13419],0.76,0.01,0.74,0.79,0.0,0.0,9275.82,6780.45,1.0
p[13420],0.72,0.02,0.69,0.75,0.0,0.0,8845.85,6945.8,1.0
p[13421],0.76,0.01,0.74,0.79,0.0,0.0,9276.1,6749.31,1.0
p[13422],0.82,0.02,0.79,0.86,0.0,0.0,9472.31,6188.4,1.0
p[13423],0.77,0.01,0.74,0.79,0.0,0.0,9276.7,6749.78,1.0
p[13424],0.72,0.01,0.69,0.75,0.0,0.0,8839.23,6995.12,1.0
p[13425],0.77,0.01,0.74,0.79,0.0,0.0,9276.33,6780.65,1.0
p[13426],0.72,0.01,0.69,0.75,0.0,0.0,8835.57,6929.95,1.0
p[13427],0.82,0.02,0.79,0.86,0.0,0.0,9472.15,6193.08,1.0
p[13428],0.77,0.01,0.74,0.79,0.0,0.0,9275.55,6810.12,1.0
p[13429],0.77,0.01,0.74,0.79,0.0,0.0,9276.57,6810.12,1.0
p[13430],0.83,0.02,0.79,0.87,0.0,0.0,11669.67,6909.42,1.0
p[13431],0.74,0.03,0.69,0.78,0.0,0.0,9768.19,6082.49,1.0
p[13432],0.77,0.01,0.74,0.79,0.0,0.0,9277.04,6810.57,1.0
p[13433],0.72,0.01,0.7,0.75,0.0,0.0,8832.02,7026.76,1.0
p[13434],0.86,0.01,0.84,0.89,0.0,0.0,8616.54,7126.2,1.0
p[13435],0.77,0.01,0.74,0.79,0.0,0.0,9276.67,6810.57,1.0
p[13436],0.72,0.01,0.7,0.75,0.0,0.0,8829.35,7143.87,1.0
p[13437],0.73,0.01,0.7,0.75,0.0,0.0,8827.22,7143.87,1.0
p[13438],0.79,0.02,0.75,0.83,0.0,0.0,10506.3,6424.01,1.0
p[13439],0.73,0.01,0.7,0.75,0.0,0.0,8826.15,7144.14,1.0
p[13440],0.56,0.03,0.51,0.6,0.0,0.0,9648.34,7146.51,1.0
p[13441],0.77,0.01,0.75,0.79,0.0,0.0,9278.64,6902.49,1.0
p[13442],0.77,0.01,0.75,0.79,0.0,0.0,9279.64,6965.26,1.0
p[13443],0.73,0.01,0.7,0.76,0.0,0.0,8821.75,6975.2,1.0
p[13444],0.77,0.01,0.75,0.8,0.0,0.0,9280.66,7000.84,1.0
p[13445],0.73,0.01,0.7,0.76,0.0,0.0,8821.45,7007.36,1.0
p[13446],0.77,0.01,0.75,0.8,0.0,0.0,9282.44,6999.98,1.0
p[13447],0.87,0.01,0.84,0.89,0.0,0.0,8597.99,7028.22,1.0
p[13448],0.77,0.01,0.75,0.8,0.0,0.0,9282.44,6999.98,1.0
p[13449],0.77,0.01,0.75,0.8,0.0,0.0,9282.44,6999.98,1.0
p[13450],0.73,0.01,0.7,0.76,0.0,0.0,8818.94,7139.47,1.0
p[13451],0.77,0.01,0.75,0.8,0.0,0.0,9283.38,6999.63,1.0
p[13452],0.77,0.01,0.75,0.8,0.0,0.0,9283.86,6999.63,1.0
p[13453],0.73,0.01,0.7,0.76,0.0,0.0,8816.2,7245.12,1.0
p[13454],0.77,0.01,0.75,0.8,0.0,0.0,9282.88,7031.52,1.0
p[13455],0.71,0.02,0.66,0.75,0.0,0.0,8848.65,7131.29,1.0
p[13456],0.73,0.01,0.7,0.76,0.0,0.0,8814.31,7280.02,1.0
p[13457],0.77,0.01,0.75,0.8,0.0,0.0,9284.69,7032.09,1.0
p[13458],0.73,0.01,0.7,0.76,0.0,0.0,8812.57,7372.78,1.0
p[13459],0.83,0.02,0.8,0.87,0.0,0.0,11657.88,6908.66,1.0
p[13460],0.77,0.01,0.75,0.8,0.0,0.0,9285.48,7065.17,1.0
p[13461],0.73,0.01,0.71,0.76,0.0,0.0,8810.72,7373.23,1.0
p[13462],0.82,0.02,0.78,0.86,0.0,0.0,11865.04,6845.02,1.0
p[13463],0.73,0.01,0.7,0.76,0.0,0.0,8809.44,7372.83,1.0
p[13464],0.83,0.02,0.8,0.86,0.0,0.0,9474.29,6194.54,1.0
p[13465],0.75,0.02,0.7,0.79,0.0,0.0,9766.01,6019.93,1.0
p[13466],0.57,0.03,0.52,0.61,0.0,0.0,9663.6,7059.96,1.0
p[13467],0.78,0.01,0.75,0.8,0.0,0.0,9288.87,7000.41,1.0
p[13468],0.83,0.02,0.8,0.87,0.0,0.0,9474.68,6194.4,1.0
p[13469],0.73,0.01,0.71,0.76,0.0,0.0,8805.77,7351.45,1.0
p[13470],0.8,0.02,0.76,0.84,0.0,0.0,10497.48,6344.07,1.0
p[13471],0.78,0.01,0.76,0.8,0.0,0.0,9288.86,6968.96,1.0
p[13472],0.89,0.02,0.85,0.93,0.0,0.0,10339.2,6864.49,1.0
p[13473],0.78,0.01,0.76,0.8,0.0,0.0,9288.9,6968.96,1.0
p[13474],0.73,0.01,0.71,0.76,0.0,0.0,8802.81,7337.24,1.0
p[13475],0.78,0.01,0.76,0.8,0.0,0.0,9289.03,6968.96,1.0
p[13476],0.71,0.02,0.67,0.76,0.0,0.0,8851.57,7113.26,1.0
p[13477],0.83,0.02,0.8,0.87,0.0,0.0,9475.27,6219.7,1.0
p[13478],0.74,0.01,0.71,0.76,0.0,0.0,8799.75,7172.97,1.0
p[13479],0.78,0.01,0.76,0.8,0.0,0.0,9291.62,7034.17,1.0
p[13480],0.83,0.02,0.78,0.87,0.0,0.0,11865.66,6708.75,1.0
p[13481],0.78,0.01,0.76,0.8,0.0,0.0,9292.85,6970.1,1.0
p[13482],0.78,0.01,0.76,0.8,0.0,0.0,9294.64,7100.83,1.0
p[13483],0.87,0.01,0.85,0.89,0.0,0.0,8547.41,7193.67,1.0
p[13484],0.74,0.01,0.71,0.76,0.0,0.0,8797.3,7265.43,1.0
p[13485],0.84,0.02,0.8,0.87,0.0,0.0,9478.24,6219.55,1.0
p[13486],0.74,0.01,0.71,0.76,0.0,0.0,8796.22,7265.87,1.0
p[13487],0.78,0.01,0.76,0.8,0.0,0.0,9298.08,7101.6,1.0
p[13488],0.74,0.01,0.71,0.76,0.0,0.0,8795.59,7265.87,1.0
p[13489],0.75,0.02,0.71,0.8,0.0,0.0,9765.68,5975.52,1.0
p[13490],0.78,0.01,0.76,0.8,0.0,0.0,9299.27,7068.56,1.0
p[13491],0.78,0.01,0.76,0.8,0.0,0.0,9299.27,7068.56,1.0
p[13492],0.84,0.02,0.8,0.88,0.0,0.0,11644.83,6920.22,1.0
p[13493],0.87,0.01,0.85,0.89,0.0,0.0,8543.35,7228.28,1.0
p[13494],0.74,0.01,0.71,0.77,0.0,0.0,8794.56,7300.58,1.0
p[13495],0.74,0.01,0.71,0.77,0.0,0.0,8793.96,7231.8,1.0
p[13496],0.58,0.03,0.53,0.62,0.0,0.0,9676.97,7026.01,1.0
p[13497],0.8,0.02,0.76,0.84,0.0,0.0,10489.84,6292.31,1.0
p[13498],0.78,0.01,0.76,0.81,0.0,0.0,9307.61,7135.32,1.0
p[13499],0.78,0.01,0.76,0.81,0.0,0.0,9307.61,7135.32,1.0
p[13500],0.78,0.01,0.76,0.81,0.0,0.0,9308.69,7101.96,1.0
p[13501],0.78,0.01,0.76,0.81,0.0,0.0,9308.69,7101.96,1.0
p[13502],0.74,0.01,0.71,0.77,0.0,0.0,8791.31,7337.44,1.0
p[13503],0.74,0.01,0.72,0.77,0.0,0.0,8790.56,7336.65,1.0
p[13504],0.74,0.01,0.72,0.77,0.0,0.0,8790.43,7301.36,1.0
p[13505],0.79,0.01,0.76,0.81,0.0,0.0,9314.36,7102.32,1.0
p[13506],0.79,0.01,0.76,0.81,0.0,0.0,9314.36,7102.32,1.0
p[13507],0.79,0.01,0.76,0.81,0.0,0.0,9315.71,7091.46,1.0
p[13508],0.79,0.01,0.76,0.81,0.0,0.0,9316.18,7091.46,1.0
p[13509],0.79,0.01,0.76,0.81,0.0,0.0,9316.18,7091.46,1.0
p[13510],0.79,0.01,0.76,0.81,0.0,0.0,9318.12,7058.88,1.0
p[13511],0.75,0.01,0.72,0.77,0.0,0.0,8790.56,7031.47,1.0
p[13512],0.84,0.02,0.81,0.88,0.0,0.0,11630.13,6983.26,1.0
p[13513],0.75,0.01,0.72,0.77,0.0,0.0,8790.36,7064.51,1.0
p[13514],0.75,0.01,0.72,0.77,0.0,0.0,8790.76,7064.51,1.0
p[13515],0.9,0.02,0.86,0.93,0.0,0.0,10313.93,6672.85,1.0
p[13516],0.79,0.01,0.77,0.81,0.0,0.0,9321.15,7059.07,1.0
p[13517],0.73,0.02,0.68,0.77,0.0,0.0,8861.94,7112.08,1.0
p[13518],0.76,0.02,0.72,0.8,0.0,0.0,9763.69,5949.98,1.0
p[13519],0.79,0.01,0.77,0.81,0.0,0.0,9322.07,7026.88,1.0
p[13520],0.88,0.01,0.86,0.9,0.0,0.0,8514.12,7244.59,1.0
p[13521],0.75,0.01,0.72,0.77,0.0,0.0,8789.71,7032.79,1.0
p[13522],0.75,0.01,0.72,0.77,0.0,0.0,8790.11,7033.06,1.0
p[13523],0.58,0.03,0.54,0.63,0.0,0.0,9686.84,7057.27,1.0
p[13524],0.79,0.01,0.77,0.81,0.0,0.0,9331.26,7158.55,1.0
p[13525],0.81,0.02,0.77,0.85,0.0,0.0,10480.63,6373.24,1.0
p[13526],0.79,0.01,0.77,0.81,0.0,0.0,9331.68,7124.38,1.0
p[13527],0.79,0.01,0.77,0.81,0.0,0.0,9333.32,7157.59,1.0
p[13528],0.75,0.01,0.72,0.78,0.0,0.0,8790.26,6904.88,1.0
p[13529],0.73,0.02,0.69,0.77,0.0,0.0,8863.65,7178.92,1.0
p[13530],0.75,0.01,0.72,0.78,0.0,0.0,8789.92,6968.54,1.0
p[13531],0.79,0.01,0.77,0.81,0.0,0.0,9336.74,7157.51,1.0
p[13532],0.75,0.01,0.73,0.78,0.0,0.0,8791.78,6968.58,1.0
p[13533],0.79,0.01,0.77,0.82,0.0,0.0,9339.29,7190.16,1.0
p[13534],0.85,0.02,0.81,0.88,0.0,0.0,11617.76,6978.53,1.0
p[13535],0.85,0.02,0.82,0.88,0.0,0.0,9496.24,6375.97,1.0
p[13536],0.88,0.01,0.86,0.9,0.0,0.0,8501.34,7127.1,1.0
p[13537],0.75,0.01,0.73,0.78,0.0,0.0,8791.43,6917.22,1.0
p[13538],0.85,0.02,0.82,0.88,0.0,0.0,9496.11,6376.04,1.0
p[13539],0.79,0.01,0.77,0.82,0.0,0.0,9345.82,7237.64,1.0
p[13540],0.79,0.01,0.77,0.82,0.0,0.0,9346.54,7237.64,1.0
p[13541],0.77,0.02,0.72,0.81,0.0,0.0,9772.27,5949.5,1.0
p[13542],0.75,0.01,0.73,0.78,0.0,0.0,8792.0,6968.49,1.0
p[13543],0.75,0.01,0.73,0.78,0.0,0.0,8791.96,6968.49,1.0
p[13544],0.8,0.01,0.77,0.82,0.0,0.0,9352.96,7203.64,1.0
p[13545],0.76,0.01,0.73,0.78,0.0,0.0,8792.68,6968.67,1.0
p[13546],0.88,0.01,0.86,0.9,0.0,0.0,8489.14,7190.84,1.0
p[13547],0.76,0.01,0.73,0.78,0.0,0.0,8794.04,6968.67,1.0
p[13548],0.59,0.02,0.55,0.64,0.0,0.0,9698.67,7027.51,1.0
p[13549],0.8,0.01,0.78,0.82,0.0,0.0,9357.53,7135.74,1.0
p[13550],0.81,0.02,0.78,0.85,0.0,0.0,10476.35,6295.02,1.0
p[13551],0.8,0.01,0.78,0.82,0.0,0.0,9360.84,7102.76,1.0
p[13552],0.76,0.01,0.73,0.78,0.0,0.0,8796.12,7001.03,1.0
p[13553],0.76,0.01,0.73,0.78,0.0,0.0,8795.95,7001.03,1.0
p[13554],0.74,0.02,0.69,0.78,0.0,0.0,8877.95,7214.27,1.0
p[13555],0.8,0.01,0.78,0.82,0.0,0.0,9365.71,7102.54,1.0
p[13556],0.76,0.01,0.73,0.78,0.0,0.0,8797.73,7001.21,1.0
p[13557],0.8,0.01,0.78,0.82,0.0,0.0,9369.62,7069.51,1.0
p[13558],0.8,0.01,0.78,0.82,0.0,0.0,9369.62,7069.51,1.0
p[13559],0.76,0.01,0.73,0.78,0.0,0.0,8797.92,7066.49,1.0
p[13560],0.76,0.01,0.73,0.78,0.0,0.0,8797.88,7066.49,1.0
p[13561],0.88,0.01,0.86,0.9,0.0,0.0,8490.36,7190.35,1.0
p[13562],0.8,0.01,0.78,0.82,0.0,0.0,9374.78,7069.6,1.0
p[13563],0.76,0.01,0.73,0.78,0.0,0.0,8796.76,7066.94,1.0
p[13564],0.8,0.01,0.78,0.82,0.0,0.0,9375.61,7069.6,1.0
p[13565],0.84,0.02,0.81,0.88,0.0,0.0,11839.54,6892.97,1.0
p[13566],0.76,0.01,0.73,0.79,0.0,0.0,8799.43,7099.95,1.0
p[13567],0.8,0.01,0.78,0.82,0.0,0.0,9380.1,7069.08,1.0
p[13568],0.9,0.02,0.87,0.94,0.0,0.0,10283.3,6562.37,1.0
p[13569],0.76,0.01,0.74,0.79,0.0,0.0,8802.24,7099.95,1.0
p[13570],0.77,0.02,0.73,0.82,0.0,0.0,9782.93,5778.83,1.0
p[13571],0.9,0.02,0.85,0.94,0.0,0.0,10512.81,6098.56,1.0
p[13572],0.76,0.01,0.74,0.79,0.0,0.0,8804.7,7065.11,1.0
p[13573],0.76,0.01,0.74,0.79,0.0,0.0,8805.11,7065.11,1.0
p[13574],0.76,0.01,0.74,0.79,0.0,0.0,8806.46,7033.09,1.0
p[13575],0.82,0.02,0.79,0.86,0.0,0.0,10472.56,6349.04,1.0
p[13576],0.6,0.02,0.56,0.65,0.0,0.0,9717.33,7061.38,1.0
p[13577],0.85,0.02,0.82,0.88,0.0,0.0,9508.04,6307.16,1.0
p[13578],0.8,0.01,0.78,0.83,0.0,0.0,9392.44,7055.98,1.0
p[13579],0.8,0.01,0.78,0.83,0.0,0.0,9392.44,7055.98,1.0
p[13580],0.89,0.01,0.86,0.9,0.0,0.0,8460.65,7023.92,1.0
p[13581],0.78,0.02,0.73,0.82,0.0,0.0,9785.68,5713.86,1.0
p[13582],0.74,0.02,0.7,0.79,0.0,0.0,8892.87,7209.24,1.0
p[13583],0.8,0.01,0.78,0.83,0.0,0.0,9399.32,7006.73,1.0
p[13584],0.86,0.02,0.82,0.89,0.0,0.0,11595.14,6977.34,1.0
p[13585],0.77,0.01,0.74,0.79,0.0,0.0,8813.98,7114.58,1.0
p[13586],0.8,0.01,0.78,0.83,0.0,0.0,9401.34,7022.96,1.0
p[13587],0.77,0.01,0.74,0.79,0.0,0.0,8814.81,7113.73,1.0
p[13588],0.77,0.01,0.74,0.79,0.0,0.0,8815.31,7113.73,1.0
p[13589],0.77,0.01,0.74,0.79,0.0,0.0,8817.16,7130.27,1.0
p[13590],0.81,0.01,0.79,0.83,0.0,0.0,9409.07,6942.91,1.0
p[13591],0.81,0.01,0.79,0.83,0.0,0.0,9412.26,6973.8,1.0
p[13592],0.89,0.01,0.87,0.91,0.0,0.0,8445.35,7004.31,1.0
p[13593],0.77,0.01,0.74,0.79,0.0,0.0,8819.41,7047.1,1.0
p[13594],0.89,0.01,0.87,0.91,0.0,0.0,8445.08,6996.74,1.0
p[13595],0.81,0.01,0.79,0.83,0.0,0.0,9417.87,6941.69,1.0
p[13596],0.77,0.01,0.74,0.79,0.0,0.0,8820.74,7063.88,1.0
p[13597],0.86,0.02,0.82,0.89,0.0,0.0,11581.11,7009.42,1.0
p[13598],0.81,0.01,0.79,0.83,0.0,0.0,9422.51,6927.42,1.0
p[13599],0.78,0.02,0.74,0.82,0.0,0.0,9787.46,5832.06,1.0
p[13600],0.89,0.01,0.87,0.91,0.0,0.0,8439.61,7056.44,1.0
p[13601],0.77,0.01,0.74,0.79,0.0,0.0,8825.6,7022.98,1.0
p[13602],0.81,0.01,0.79,0.83,0.0,0.0,9428.29,6880.06,1.0
p[13603],0.81,0.01,0.79,0.83,0.0,0.0,9428.29,6880.06,1.0
p[13604],0.77,0.01,0.74,0.79,0.0,0.0,8826.63,7055.78,1.0
p[13605],0.81,0.01,0.79,0.83,0.0,0.0,9432.99,6880.4,1.0
p[13606],0.77,0.01,0.75,0.8,0.0,0.0,8829.1,7122.35,1.0
p[13607],0.83,0.02,0.79,0.86,0.0,0.0,10462.47,6373.65,1.0
p[13608],0.61,0.02,0.57,0.66,0.0,0.0,9739.13,7193.58,1.0
p[13609],0.81,0.01,0.79,0.83,0.0,0.0,9437.9,6880.03,1.0
p[13610],0.77,0.01,0.75,0.8,0.0,0.0,8833.34,7056.96,1.0
p[13611],0.77,0.01,0.75,0.8,0.0,0.0,8835.0,7056.96,1.0
p[13612],0.81,0.01,0.79,0.83,0.0,0.0,9442.56,6848.24,1.0
p[13613],0.75,0.02,0.71,0.79,0.0,0.0,8908.9,6909.27,1.0
p[13614],0.86,0.01,0.83,0.89,0.0,0.0,9523.21,6307.16,1.0
p[13615],0.89,0.01,0.87,0.91,0.0,0.0,8430.81,6994.2,1.0
p[13616],0.77,0.01,0.75,0.8,0.0,0.0,8841.86,7121.59,1.0
p[13617],0.77,0.01,0.75,0.8,0.0,0.0,8841.86,7121.59,1.0
p[13618],0.81,0.01,0.79,0.83,0.0,0.0,9454.5,6863.16,1.0
p[13619],0.77,0.01,0.75,0.8,0.0,0.0,8844.91,7121.59,1.0
p[13620],0.81,0.01,0.79,0.83,0.0,0.0,9456.06,6879.04,1.0
p[13621],0.81,0.01,0.79,0.83,0.0,0.0,9456.06,6879.04,1.0
p[13622],0.81,0.01,0.79,0.83,0.0,0.0,9456.06,6879.04,1.0
p[13623],0.81,0.01,0.79,0.83,0.0,0.0,9456.65,6894.96,1.0
p[13624],0.86,0.02,0.83,0.89,0.0,0.0,11557.18,7123.21,1.0
p[13625],0.81,0.01,0.79,0.83,0.0,0.0,9458.76,6927.88,1.0
p[13626],0.78,0.01,0.75,0.8,0.0,0.0,8848.5,7131.54,1.0
p[13627],0.81,0.01,0.79,0.83,0.0,0.0,9463.74,6927.46,1.0
p[13628],0.79,0.02,0.74,0.83,0.0,0.0,9791.8,5856.68,1.0
p[13629],0.78,0.01,0.75,0.8,0.0,0.0,8851.59,7165.81,1.0
p[13630],0.91,0.02,0.88,0.94,0.0,0.0,10248.14,6751.29,1.0
p[13631],0.78,0.01,0.75,0.8,0.0,0.0,8853.93,7098.89,1.0
p[13632],0.78,0.01,0.75,0.8,0.0,0.0,8854.51,7098.89,1.0
p[13633],0.86,0.01,0.84,0.89,0.0,0.0,9529.94,6375.97,1.0
p[13634],0.78,0.01,0.75,0.8,0.0,0.0,8857.64,7065.64,1.0
p[13635],0.83,0.02,0.8,0.87,0.0,0.0,10457.08,6454.6,1.0
p[13636],0.62,0.02,0.58,0.67,0.0,0.0,9753.86,7333.78,1.0
p[13637],0.82,0.01,0.8,0.84,0.0,0.0,9480.18,6991.17,1.0
p[13638],0.78,0.01,0.75,0.8,0.0,0.0,8863.13,7000.19,1.0
p[13639],0.76,0.02,0.72,0.8,0.0,0.0,8928.6,6741.37,1.0
p[13640],0.82,0.01,0.8,0.84,0.0,0.0,9495.23,7023.31,1.0
p[13641],0.78,0.01,0.75,0.8,0.0,0.0,8869.75,7033.45,1.0
p[13642],0.82,0.01,0.8,0.84,0.0,0.0,9498.85,7024.13,1.0
p[13643],0.76,0.02,0.72,0.8,0.0,0.0,8931.95,6844.87,1.0
p[13644],0.78,0.01,0.75,0.8,0.0,0.0,8873.22,7066.4,1.0
p[13645],0.78,0.01,0.75,0.8,0.0,0.0,8873.22,7066.4,1.0
p[13646],0.82,0.01,0.8,0.84,0.0,0.0,9505.62,7090.29,1.0
p[13647],0.82,0.01,0.8,0.84,0.0,0.0,9508.75,7090.33,1.0
p[13648],0.82,0.01,0.8,0.84,0.0,0.0,9511.36,7123.52,1.0
p[13649],0.82,0.01,0.8,0.84,0.0,0.0,9512.78,7123.52,1.0
p[13650],0.78,0.01,0.76,0.81,0.0,0.0,8878.7,7166.47,1.0
p[13651],0.82,0.01,0.8,0.84,0.0,0.0,9516.56,7123.52,1.0
p[13652],0.79,0.02,0.75,0.83,0.0,0.0,9800.32,5948.17,1.0
p[13653],0.9,0.01,0.88,0.91,0.0,0.0,8423.86,6959.25,1.0
p[13654],0.9,0.01,0.88,0.91,0.0,0.0,8423.14,6991.03,1.0
p[13655],0.87,0.02,0.84,0.9,0.0,0.0,11528.16,7103.04,1.0
p[13656],0.78,0.01,0.76,0.81,0.0,0.0,8885.74,7234.82,1.0
p[13657],0.87,0.01,0.84,0.89,0.0,0.0,9539.56,6402.72,1.0
p[13658],0.78,0.01,0.76,0.81,0.0,0.0,8888.01,7234.29,1.0
p[13659],0.82,0.01,0.8,0.84,0.0,0.0,9524.84,7024.35,1.0
p[13660],0.78,0.01,0.76,0.81,0.0,0.0,8889.72,7339.81,1.0
p[13661],0.82,0.01,0.8,0.84,0.0,0.0,9528.62,6992.05,1.0
p[13662],0.63,0.02,0.59,0.68,0.0,0.0,9769.18,7332.19,1.0
p[13663],0.84,0.02,0.8,0.87,0.0,0.0,10457.55,6215.73,1.0
p[13664],0.82,0.01,0.8,0.84,0.0,0.0,9533.55,6976.58,1.0
p[13665],0.82,0.01,0.8,0.84,0.0,0.0,9533.55,6976.58,1.0
p[13666],0.79,0.01,0.76,0.81,0.0,0.0,8897.62,7410.32,1.0
p[13667],0.79,0.01,0.76,0.81,0.0,0.0,8904.53,7447.12,1.0
p[13668],0.82,0.01,0.8,0.84,0.0,0.0,9549.46,7058.2,1.0
p[13669],0.79,0.01,0.76,0.81,0.0,0.0,8907.1,7303.52,1.0
p[13670],0.82,0.01,0.8,0.84,0.0,0.0,9553.93,7090.68,1.0
p[13671],0.82,0.01,0.8,0.84,0.0,0.0,9554.72,7091.02,1.0
p[13672],0.79,0.01,0.76,0.81,0.0,0.0,8909.7,7257.67,1.0
p[13673],0.79,0.01,0.76,0.81,0.0,0.0,8910.95,7294.09,1.0
p[13674],0.87,0.02,0.84,0.9,0.0,0.0,11500.8,7090.63,1.0
p[13675],0.82,0.01,0.8,0.85,0.0,0.0,9563.51,7124.18,1.0
p[13676],0.82,0.01,0.8,0.85,0.0,0.0,9563.51,7124.18,1.0
p[13677],0.79,0.01,0.76,0.81,0.0,0.0,8915.58,7328.38,1.0
p[13678],0.92,0.02,0.88,0.95,0.0,0.0,10222.89,6633.51,1.0
p[13679],0.83,0.01,0.81,0.85,0.0,0.0,9569.69,7141.14,1.0
p[13680],0.86,0.02,0.83,0.9,0.0,0.0,11764.86,6623.76,1.0
p[13681],0.83,0.01,0.81,0.85,0.0,0.0,9569.69,7141.14,1.0
p[13682],0.8,0.02,0.76,0.84,0.0,0.0,9811.46,6043.39,1.0
p[13683],0.79,0.01,0.76,0.81,0.0,0.0,8924.2,7293.05,1.0
p[13684],0.79,0.01,0.76,0.81,0.0,0.0,8925.21,7222.8,1.0
p[13685],0.9,0.01,0.88,0.92,0.0,0.0,8354.69,6917.64,1.0
p[13686],0.91,0.02,0.88,0.95,0.0,0.0,10272.18,6401.1,1.0
p[13687],0.79,0.01,0.76,0.81,0.0,0.0,8928.77,7155.99,1.0
p[13688],0.64,0.02,0.59,0.68,0.0,0.0,9784.6,7158.32,1.0
p[13689],0.83,0.01,0.81,0.85,0.0,0.0,9585.13,7126.2,1.0
p[13690],0.83,0.01,0.81,0.85,0.0,0.0,9587.06,7146.74,1.0
p[13691],0.84,0.02,0.81,0.88,0.0,0.0,10578.47,6293.32,1.0
p[13692],0.79,0.01,0.77,0.82,0.0,0.0,8936.8,7234.22,1.0
p[13693],0.87,0.01,0.85,0.9,0.0,0.0,9548.52,6512.46,1.0
p[13694],0.9,0.01,0.88,0.92,0.0,0.0,8304.58,6707.93,1.0
p[13695],0.83,0.01,0.81,0.85,0.0,0.0,9599.36,7158.85,1.0
p[13696],0.9,0.01,0.88,0.92,0.0,0.0,8298.87,6503.03,1.0
p[13697],0.83,0.01,0.81,0.85,0.0,0.0,9600.37,7158.85,1.0
p[13698],0.83,0.01,0.81,0.85,0.0,0.0,9606.07,7158.94,1.0
p[13699],0.79,0.01,0.77,0.82,0.0,0.0,8949.31,7136.48,1.0
p[13700],0.83,0.01,0.81,0.85,0.0,0.0,9609.29,7158.94,1.0
p[13701],0.79,0.01,0.77,0.82,0.0,0.0,8952.47,7070.37,1.0
p[13702],0.83,0.01,0.81,0.85,0.0,0.0,9611.47,7192.86,1.0
p[13703],0.9,0.01,0.88,0.92,0.0,0.0,8273.15,6396.93,1.0
p[13704],0.83,0.01,0.81,0.85,0.0,0.0,9612.56,7192.86,1.0
p[13705],0.83,0.01,0.81,0.85,0.0,0.0,9612.56,7192.86,1.0
p[13706],0.87,0.01,0.85,0.9,0.0,0.0,9556.91,6484.58,1.0
p[13707],0.83,0.01,0.81,0.85,0.0,0.0,9613.9,7192.49,1.0
p[13708],0.8,0.01,0.77,0.82,0.0,0.0,8961.27,7103.51,1.0
p[13709],0.8,0.01,0.77,0.82,0.0,0.0,8962.16,7097.98,1.0
p[13710],0.88,0.01,0.85,0.9,0.0,0.0,9559.45,6429.73,1.0
p[13711],0.8,0.01,0.77,0.82,0.0,0.0,8964.26,7097.98,1.0
p[13712],0.81,0.02,0.77,0.84,0.0,0.0,9816.95,5999.02,1.0
p[13713],0.83,0.01,0.81,0.85,0.0,0.0,9631.82,7146.46,1.0
p[13714],0.83,0.01,0.81,0.85,0.0,0.0,9634.96,7146.46,1.0
p[13715],0.85,0.02,0.81,0.88,0.0,0.0,10548.43,6270.28,1.0
p[13716],0.8,0.01,0.77,0.82,0.0,0.0,8972.05,7165.48,1.0
p[13717],0.83,0.01,0.81,0.85,0.0,0.0,9637.17,7179.93,1.0
p[13718],0.83,0.01,0.81,0.85,0.0,0.0,9637.69,7179.93,1.0
p[13719],0.8,0.01,0.77,0.82,0.0,0.0,8979.02,7163.78,1.0
p[13720],0.87,0.02,0.84,0.9,0.0,0.0,11737.06,6567.97,1.0
p[13721],0.65,0.02,0.61,0.7,0.0,0.0,9808.3,7261.37,1.0
p[13722],0.88,0.02,0.85,0.91,0.0,0.0,11445.74,7024.03,1.0
p[13723],0.83,0.01,0.81,0.85,0.0,0.0,9651.0,7097.0,1.0
p[13724],0.8,0.01,0.78,0.82,0.0,0.0,8989.03,7096.82,1.0
p[13725],0.83,0.01,0.81,0.85,0.0,0.0,9655.85,7098.1,1.0
p[13726],0.83,0.01,0.81,0.85,0.0,0.0,9655.85,7098.1,1.0
p[13727],0.91,0.01,0.89,0.92,0.0,0.0,8261.89,6437.98,1.0
p[13728],0.83,0.01,0.81,0.85,0.0,0.0,9658.14,7131.46,1.0
p[13729],0.83,0.01,0.82,0.85,0.0,0.0,9659.4,7131.46,1.0
p[13730],0.88,0.02,0.85,0.91,0.0,0.0,11435.0,6943.92,1.0
p[13731],0.8,0.01,0.78,0.83,0.0,0.0,8997.13,7069.55,1.0
p[13732],0.84,0.01,0.82,0.86,0.0,0.0,9663.54,7164.76,1.0
p[13733],0.88,0.01,0.85,0.9,0.0,0.0,9565.83,6269.18,1.0
p[13734],0.84,0.01,0.82,0.86,0.0,0.0,9668.92,7232.36,1.0
p[13735],0.8,0.01,0.78,0.83,0.0,0.0,9001.82,7169.86,1.0
p[13736],0.87,0.02,0.84,0.9,0.0,0.0,11723.07,6585.11,1.0
p[13737],0.81,0.02,0.77,0.85,0.0,0.0,9827.53,6197.0,1.0
p[13738],0.8,0.01,0.78,0.83,0.0,0.0,9009.85,7239.29,1.0
p[13739],0.84,0.01,0.82,0.86,0.0,0.0,9688.08,7234.49,1.0
p[13740],0.66,0.02,0.61,0.7,0.0,0.0,9823.47,7192.05,1.0
p[13741],0.84,0.01,0.82,0.86,0.0,0.0,9694.04,7269.4,1.0
p[13742],0.8,0.01,0.78,0.83,0.0,0.0,9024.59,7239.77,1.0
p[13743],0.87,0.02,0.84,0.91,0.0,0.0,11710.89,6584.98,1.0
p[13744],0.8,0.01,0.78,0.83,0.0,0.0,9027.44,7235.15,1.0
p[13745],0.84,0.01,0.82,0.86,0.0,0.0,9706.78,7217.94,1.0
p[13746],0.84,0.01,0.82,0.86,0.0,0.0,9707.08,7217.94,1.0
p[13747],0.84,0.01,0.82,0.86,0.0,0.0,9709.31,7217.94,1.0
p[13748],0.84,0.01,0.82,0.86,0.0,0.0,9712.35,7217.64,1.0
p[13749],0.84,0.01,0.82,0.86,0.0,0.0,9714.22,7286.83,1.0
p[13750],0.91,0.01,0.89,0.93,0.0,0.0,8329.32,6551.32,1.0
p[13751],0.84,0.01,0.82,0.86,0.0,0.0,9718.57,7286.92,1.0
p[13752],0.91,0.01,0.89,0.93,0.0,0.0,8332.89,6551.32,1.0
p[13753],0.91,0.01,0.89,0.93,0.0,0.0,8336.44,6551.32,1.0
p[13754],0.84,0.01,0.82,0.86,0.0,0.0,9719.98,7281.37,1.0
p[13755],0.89,0.02,0.86,0.91,0.0,0.0,11405.6,6958.58,1.0
p[13756],0.81,0.01,0.78,0.83,0.0,0.0,9051.36,7345.01,1.0
p[13757],0.81,0.01,0.78,0.83,0.0,0.0,9052.07,7381.12,1.0
p[13758],0.81,0.01,0.78,0.83,0.0,0.0,9055.03,7310.72,1.0
p[13759],0.84,0.01,0.82,0.86,0.0,0.0,9734.49,7252.43,1.0
p[13760],0.84,0.01,0.82,0.86,0.0,0.0,9735.86,7184.7,1.0
p[13761],0.81,0.01,0.79,0.83,0.0,0.0,9063.09,7305.51,1.0
p[13762],0.91,0.01,0.89,0.93,0.0,0.0,8350.46,7089.09,1.0
p[13763],0.84,0.01,0.82,0.86,0.0,0.0,9746.37,7111.19,1.0
p[13764],0.84,0.01,0.82,0.86,0.0,0.0,9746.37,7111.19,1.0
p[13765],0.81,0.01,0.79,0.84,0.0,0.0,9074.35,7275.29,1.0
p[13766],0.88,0.02,0.85,0.91,0.0,0.0,11687.54,6855.59,1.0
p[13767],0.81,0.01,0.79,0.84,0.0,0.0,9076.13,7275.29,1.0
p[13768],0.91,0.01,0.89,0.93,0.0,0.0,8375.26,6815.95,1.0
p[13769],0.84,0.01,0.82,0.86,0.0,0.0,9760.62,7110.72,1.0
p[13770],0.84,0.01,0.83,0.86,0.0,0.0,9763.69,7110.72,1.0
p[13771],0.91,0.01,0.89,0.93,0.0,0.0,8383.96,6970.49,1.0
p[13772],0.81,0.01,0.79,0.84,0.0,0.0,9089.16,7310.42,1.0
p[13773],0.85,0.01,0.83,0.87,0.0,0.0,9773.27,7166.69,1.0
p[13774],0.85,0.01,0.83,0.87,0.0,0.0,9774.41,7166.69,1.0
p[13775],0.89,0.01,0.86,0.91,0.0,0.0,9586.57,6268.75,1.0
p[13776],0.81,0.01,0.79,0.84,0.0,0.0,9097.44,7271.92,1.0
p[13777],0.85,0.01,0.83,0.87,0.0,0.0,9777.29,7168.09,1.0
p[13778],0.81,0.01,0.79,0.84,0.0,0.0,9100.58,7237.29,1.0
p[13779],0.81,0.01,0.79,0.84,0.0,0.0,9101.35,7237.29,1.0
p[13780],0.85,0.01,0.83,0.87,0.0,0.0,9789.24,7100.5,1.0
p[13781],0.85,0.01,0.83,0.87,0.0,0.0,9789.24,7100.5,1.0
p[13782],0.82,0.01,0.79,0.84,0.0,0.0,9111.92,7240.21,1.0
p[13783],0.85,0.01,0.83,0.87,0.0,0.0,9802.21,7082.36,1.0
p[13784],0.82,0.01,0.79,0.84,0.0,0.0,9123.27,7171.48,1.0
p[13785],0.82,0.01,0.79,0.84,0.0,0.0,9124.67,7104.18,1.0
p[13786],0.88,0.02,0.85,0.91,0.0,0.0,11662.44,6917.71,1.0
p[13787],0.85,0.01,0.83,0.87,0.0,0.0,9811.38,7083.17,1.0
p[13788],0.85,0.01,0.83,0.87,0.0,0.0,9813.83,7083.17,1.0
p[13789],0.89,0.01,0.86,0.91,0.0,0.0,9595.08,6166.36,1.0
p[13790],0.91,0.01,0.9,0.93,0.0,0.0,8433.74,6664.42,1.0
p[13791],0.85,0.01,0.83,0.87,0.0,0.0,9821.96,7050.22,1.0
p[13792],0.92,0.01,0.9,0.93,0.0,0.0,8436.99,6664.42,1.0
p[13793],0.93,0.01,0.9,0.96,0.0,0.0,10168.66,6634.93,1.0
p[13794],0.85,0.01,0.83,0.87,0.0,0.0,9828.56,7083.72,1.0
p[13795],0.82,0.01,0.8,0.84,0.0,0.0,9152.88,6959.6,1.0
p[13796],0.85,0.01,0.83,0.87,0.0,0.0,9833.97,7050.5,1.0
p[13797],0.82,0.01,0.8,0.84,0.0,0.0,9156.98,6991.96,1.0
p[13798],0.85,0.01,0.83,0.87,0.0,0.0,9842.34,7150.68,1.0
p[13799],0.85,0.01,0.83,0.87,0.0,0.0,9847.59,7100.23,1.0
p[13800],0.68,0.02,0.65,0.72,0.0,0.0,9857.11,6965.7,1.0
p[13801],0.63,0.02,0.59,0.67,0.0,0.0,9862.88,6809.96,1.0
p[13802],0.63,0.02,0.59,0.67,0.0,0.0,9861.52,6809.96,1.0
p[13803],0.63,0.02,0.59,0.67,0.0,0.0,9856.25,6871.4,1.0
p[13804],0.74,0.03,0.69,0.8,0.0,0.0,11462.59,6762.67,1.0
p[13805],0.68,0.02,0.65,0.72,0.0,0.0,9861.22,6890.28,1.0
p[13806],0.69,0.02,0.65,0.72,0.0,0.0,9864.35,6966.38,1.0
p[13807],0.81,0.02,0.77,0.84,0.0,0.0,8938.8,6872.1,1.0
p[13808],0.63,0.02,0.6,0.67,0.0,0.0,9846.4,6934.96,1.0
p[13809],0.64,0.02,0.6,0.67,0.0,0.0,9842.75,6934.96,1.0
p[13810],0.76,0.02,0.71,0.8,0.0,0.0,9468.86,6752.59,1.0
p[13811],0.69,0.02,0.65,0.72,0.0,0.0,9861.27,6998.05,1.0
p[13812],0.75,0.03,0.69,0.81,0.0,0.0,11468.01,6781.3,1.0
p[13813],0.69,0.02,0.66,0.72,0.0,0.0,9862.76,6997.43,1.0
p[13814],0.69,0.02,0.66,0.72,0.0,0.0,9863.47,6997.74,1.0
p[13815],0.64,0.02,0.6,0.67,0.0,0.0,9834.9,6934.34,1.0
p[13816],0.64,0.02,0.6,0.68,0.0,0.0,9825.31,6964.6,1.0
p[13817],0.69,0.02,0.66,0.73,0.0,0.0,9871.34,7066.49,1.0
p[13818],0.64,0.02,0.61,0.68,0.0,0.0,9821.83,6901.33,1.0
p[13819],0.77,0.02,0.72,0.81,0.0,0.0,9470.71,6723.49,1.0
p[13820],0.65,0.02,0.61,0.68,0.0,0.0,9808.81,7027.96,1.0
p[13821],0.65,0.02,0.62,0.69,0.0,0.0,9605.14,7126.84,1.0
p[13822],0.66,0.02,0.62,0.69,0.0,0.0,9588.8,7028.19,1.0
p[13823],0.66,0.02,0.63,0.7,0.0,0.0,9559.3,7126.09,1.0
p[13824],0.78,0.03,0.74,0.83,0.0,0.0,12150.25,7146.3,1.0
p[13825],0.67,0.02,0.64,0.7,0.0,0.0,9503.89,7094.14,1.0
p[13826],0.72,0.02,0.69,0.75,0.0,0.0,9907.21,7173.36,1.0
p[13827],0.78,0.03,0.73,0.83,0.0,0.0,11515.07,6499.11,1.0
p[13828],0.72,0.01,0.7,0.75,0.0,0.0,9907.82,7241.96,1.0
p[13829],0.68,0.02,0.64,0.71,0.0,0.0,9463.51,7300.25,1.0
p[13830],0.72,0.01,0.7,0.75,0.0,0.0,9907.19,7241.76,1.0
p[13831],0.73,0.01,0.7,0.75,0.0,0.0,9907.94,7241.76,1.0
p[13832],0.73,0.01,0.7,0.75,0.0,0.0,9909.34,7241.76,1.0
p[13833],0.68,0.02,0.65,0.71,0.0,0.0,9451.87,7300.84,1.0
p[13834],0.73,0.01,0.7,0.75,0.0,0.0,9909.07,7241.76,1.0
p[13835],0.8,0.02,0.75,0.84,0.0,0.0,12145.9,6949.36,1.0
p[13836],0.73,0.01,0.7,0.76,0.0,0.0,9913.5,7172.22,1.0
p[13837],0.69,0.03,0.64,0.75,0.0,0.0,10233.61,6994.74,1.0
p[13838],0.73,0.01,0.7,0.76,0.0,0.0,9913.7,7172.35,1.0
p[13839],0.75,0.02,0.7,0.8,0.0,0.0,10152.49,6975.71,1.0
p[13840],0.5,0.03,0.45,0.55,0.0,0.0,9890.61,7137.27,1.0
p[13841],0.73,0.01,0.7,0.76,0.0,0.0,9921.3,7071.09,1.0
p[13842],0.73,0.01,0.7,0.76,0.0,0.0,9920.45,7066.77,1.0
p[13843],0.73,0.01,0.7,0.76,0.0,0.0,9922.69,7066.77,1.0
p[13844],0.68,0.02,0.65,0.71,0.0,0.0,9421.22,7098.47,1.0
p[13845],0.68,0.02,0.65,0.71,0.0,0.0,9414.1,7020.52,1.0
p[13846],0.73,0.01,0.71,0.76,0.0,0.0,9926.07,6985.3,1.0
p[13847],0.68,0.02,0.65,0.72,0.0,0.0,9409.71,7053.44,1.0
p[13848],0.73,0.01,0.71,0.76,0.0,0.0,9927.24,7031.46,1.0
p[13849],0.73,0.01,0.71,0.76,0.0,0.0,9926.16,6997.95,1.0
p[13850],0.73,0.01,0.71,0.76,0.0,0.0,9926.47,7129.22,1.0
p[13851],0.69,0.02,0.65,0.72,0.0,0.0,9403.34,7021.4,1.0
p[13852],0.73,0.01,0.71,0.76,0.0,0.0,9926.34,7196.32,1.0
p[13853],0.73,0.01,0.71,0.76,0.0,0.0,9926.49,7196.32,1.0
p[13854],0.8,0.02,0.76,0.85,0.0,0.0,12148.32,6791.59,1.0
p[13855],0.69,0.02,0.66,0.72,0.0,0.0,9395.98,6988.37,1.0
p[13856],0.73,0.01,0.71,0.76,0.0,0.0,9789.13,7096.91,1.0
p[13857],0.87,0.03,0.82,0.91,0.0,0.0,10231.31,5994.15,1.0
p[13858],0.7,0.03,0.65,0.75,0.0,0.0,10224.64,6866.73,1.0
p[13859],0.74,0.01,0.71,0.76,0.0,0.0,9786.21,6935.62,1.0
p[13860],0.69,0.02,0.66,0.72,0.0,0.0,9383.25,6990.53,1.0
p[13861],0.74,0.01,0.71,0.76,0.0,0.0,9785.62,6985.52,1.0
p[13862],0.69,0.02,0.66,0.72,0.0,0.0,9378.22,6990.53,1.0
p[13863],0.74,0.01,0.71,0.76,0.0,0.0,9785.15,6986.19,1.0
p[13864],0.51,0.03,0.46,0.56,0.0,0.0,9893.71,7171.03,1.0
p[13865],0.76,0.02,0.71,0.8,0.0,0.0,10166.38,6650.1,1.0
p[13866],0.74,0.01,0.71,0.76,0.0,0.0,9785.02,6954.34,1.0
p[13867],0.74,0.01,0.71,0.76,0.0,0.0,9784.54,6954.52,1.0
p[13868],0.8,0.02,0.76,0.84,0.0,0.0,9490.26,6305.89,1.0
p[13869],0.69,0.02,0.66,0.72,0.0,0.0,9371.41,6990.34,1.0
p[13870],0.74,0.01,0.71,0.77,0.0,0.0,9779.46,6955.3,1.0
p[13871],0.74,0.01,0.71,0.77,0.0,0.0,9777.68,6923.27,1.0
p[13872],0.69,0.02,0.66,0.72,0.0,0.0,9359.94,7055.85,1.0
p[13873],0.74,0.01,0.71,0.77,0.0,0.0,9777.0,6923.62,1.0
p[13874],0.81,0.02,0.76,0.85,0.0,0.0,12146.55,6639.31,1.0
p[13875],0.69,0.02,0.66,0.72,0.0,0.0,9358.6,7055.85,1.0
p[13876],0.74,0.01,0.71,0.77,0.0,0.0,9774.5,6859.25,1.0
p[13877],0.69,0.02,0.66,0.72,0.0,0.0,9355.08,7088.15,1.0
p[13878],0.74,0.01,0.72,0.77,0.0,0.0,9774.25,6829.25,1.0
p[13879],0.69,0.02,0.67,0.72,0.0,0.0,9352.28,7044.64,1.0
p[13880],0.8,0.02,0.77,0.84,0.0,0.0,9501.07,6153.55,1.0
p[13881],0.74,0.01,0.72,0.77,0.0,0.0,9772.1,6829.95,1.0
p[13882],0.69,0.02,0.67,0.73,0.0,0.0,9347.43,7044.64,1.0
p[13883],0.7,0.02,0.67,0.73,0.0,0.0,9346.23,7043.52,1.0
p[13884],0.74,0.01,0.72,0.77,0.0,0.0,9770.58,6830.26,1.0
p[13885],0.71,0.03,0.66,0.76,0.0,0.0,10223.92,6807.77,1.0
p[13886],0.74,0.01,0.72,0.77,0.0,0.0,9769.19,6830.26,1.0
p[13887],0.85,0.01,0.82,0.87,0.0,0.0,8847.53,6531.57,1.0
p[13888],0.7,0.02,0.67,0.73,0.0,0.0,9340.59,7086.48,1.0
p[13889],0.7,0.02,0.67,0.73,0.0,0.0,9336.06,6926.47,1.0
p[13890],0.77,0.02,0.72,0.81,0.0,0.0,10174.63,6409.97,1.0
p[13891],0.74,0.01,0.72,0.77,0.0,0.0,9766.17,6829.71,1.0
p[13892],0.52,0.03,0.47,0.57,0.0,0.0,9889.57,7238.45,1.0
p[13893],0.75,0.01,0.72,0.77,0.0,0.0,9765.67,6830.0,1.0
p[13894],0.75,0.01,0.72,0.77,0.0,0.0,9765.39,6830.36,1.0
p[13895],0.7,0.02,0.67,0.73,0.0,0.0,9320.37,6990.18,1.0
p[13896],0.68,0.03,0.63,0.73,0.0,0.0,8869.49,7041.25,1.0
p[13897],0.7,0.02,0.67,0.73,0.0,0.0,9319.01,6990.18,1.0
p[13898],0.75,0.01,0.72,0.77,0.0,0.0,9763.43,6799.4,1.0
p[13899],0.85,0.01,0.82,0.87,0.0,0.0,8834.99,6518.0,1.0
p[13900],0.7,0.02,0.67,0.73,0.0,0.0,9316.02,6967.07,1.0
p[13901],0.75,0.01,0.72,0.77,0.0,0.0,9763.28,6800.38,1.0
p[13902],0.7,0.02,0.67,0.73,0.0,0.0,9311.04,6998.83,1.0
p[13903],0.75,0.01,0.72,0.77,0.0,0.0,9762.51,6830.33,1.0
p[13904],0.75,0.01,0.72,0.77,0.0,0.0,9762.31,6769.48,1.0
p[13905],0.7,0.02,0.67,0.73,0.0,0.0,9309.18,6998.83,1.0
p[13906],0.75,0.01,0.72,0.77,0.0,0.0,9761.25,6739.57,1.0
p[13907],0.7,0.02,0.67,0.73,0.0,0.0,9304.89,7096.78,1.0
p[13908],0.75,0.01,0.72,0.77,0.0,0.0,9760.6,6739.42,1.0
p[13909],0.87,0.02,0.83,0.92,0.0,0.0,10203.59,5859.7,1.0
p[13910],0.75,0.01,0.72,0.77,0.0,0.0,9760.34,6651.01,1.0
p[13911],0.81,0.02,0.77,0.86,0.0,0.0,12149.35,6595.99,1.0
p[13912],0.7,0.02,0.68,0.73,0.0,0.0,9302.02,7044.16,1.0
p[13913],0.72,0.03,0.67,0.77,0.0,0.0,10215.94,6900.08,1.0
p[13914],0.71,0.02,0.68,0.73,0.0,0.0,9296.29,7043.16,1.0
p[13915],0.75,0.01,0.73,0.78,0.0,0.0,9757.71,6651.25,1.0
p[13916],0.75,0.01,0.73,0.78,0.0,0.0,9757.22,6652.3,1.0
p[13917],0.53,0.03,0.48,0.58,0.0,0.0,9886.07,6901.47,1.0
p[13918],0.71,0.02,0.68,0.74,0.0,0.0,9288.78,7223.39,1.0
p[13919],0.75,0.01,0.73,0.78,0.0,0.0,9755.89,6652.3,1.0
p[13920],0.71,0.02,0.68,0.74,0.0,0.0,9285.15,7089.71,1.0
p[13921],0.71,0.02,0.68,0.74,0.0,0.0,9280.78,7006.84,1.0
p[13922],0.68,0.03,0.64,0.73,0.0,0.0,8863.04,7072.27,1.0
p[13923],0.75,0.01,0.73,0.78,0.0,0.0,9755.55,6712.25,1.0
p[13924],0.81,0.02,0.78,0.85,0.0,0.0,9527.34,6066.76,1.0
p[13925],0.75,0.01,0.73,0.78,0.0,0.0,9754.39,6712.25,1.0
p[13926],0.85,0.01,0.83,0.88,0.0,0.0,8818.35,6590.56,1.0
p[13927],0.75,0.01,0.73,0.78,0.0,0.0,9754.29,6682.74,1.0
p[13928],0.75,0.01,0.73,0.78,0.0,0.0,9754.29,6682.74,1.0
p[13929],0.71,0.02,0.68,0.74,0.0,0.0,9275.39,7007.19,1.0
p[13930],0.77,0.02,0.73,0.82,0.0,0.0,10181.3,6495.21,1.0
p[13931],0.76,0.01,0.73,0.78,0.0,0.0,9751.28,6652.48,1.0
p[13932],0.71,0.02,0.68,0.74,0.0,0.0,9270.32,7041.02,1.0
p[13933],0.76,0.01,0.73,0.78,0.0,0.0,9751.15,6623.3,1.0
p[13934],0.76,0.01,0.73,0.78,0.0,0.0,9751.15,6623.3,1.0
p[13935],0.76,0.01,0.73,0.78,0.0,0.0,9750.32,6623.3,1.0
p[13936],0.71,0.02,0.68,0.74,0.0,0.0,9267.94,7028.57,1.0
p[13937],0.82,0.02,0.78,0.86,0.0,0.0,12141.05,6540.77,1.0
p[13938],0.71,0.02,0.68,0.74,0.0,0.0,9264.84,7088.36,1.0
p[13939],0.76,0.01,0.73,0.78,0.0,0.0,9750.07,6623.05,1.0
p[13940],0.82,0.02,0.78,0.85,0.0,0.0,9529.52,6177.17,1.0
p[13941],0.76,0.01,0.73,0.78,0.0,0.0,9749.98,6652.2,1.0
p[13942],0.86,0.01,0.83,0.88,0.0,0.0,8818.08,6576.04,1.0
p[13943],0.71,0.02,0.69,0.74,0.0,0.0,9256.79,7053.15,1.0
p[13944],0.73,0.03,0.68,0.78,0.0,0.0,10214.73,6774.81,1.0
p[13945],0.78,0.02,0.74,0.82,0.0,0.0,10191.35,6651.15,1.0
p[13946],0.76,0.01,0.74,0.78,0.0,0.0,9751.32,6681.17,1.0
p[13947],0.76,0.01,0.74,0.78,0.0,0.0,9751.52,6681.17,1.0
p[13948],0.72,0.01,0.69,0.74,0.0,0.0,9245.11,7056.49,1.0
p[13949],0.76,0.01,0.74,0.78,0.0,0.0,9749.88,6697.25,1.0
p[13950],0.86,0.01,0.84,0.88,0.0,0.0,8810.75,6548.7,1.0
p[13951],0.76,0.01,0.74,0.78,0.0,0.0,9749.73,6697.25,1.0
p[13952],0.72,0.01,0.69,0.75,0.0,0.0,9239.24,7044.23,1.0
p[13953],0.76,0.01,0.74,0.79,0.0,0.0,9750.04,6727.82,1.0
p[13954],0.76,0.01,0.74,0.79,0.0,0.0,9750.75,6801.46,1.0
p[13955],0.76,0.01,0.74,0.79,0.0,0.0,9750.63,6801.46,1.0
p[13956],0.7,0.02,0.65,0.74,0.0,0.0,8852.14,6913.91,1.0
p[13957],0.76,0.01,0.74,0.79,0.0,0.0,9749.88,6800.84,1.0
p[13958],0.72,0.01,0.69,0.75,0.0,0.0,9233.89,6948.58,1.0
p[13959],0.83,0.02,0.79,0.86,0.0,0.0,12116.89,6488.04,1.0
p[13960],0.76,0.01,0.74,0.79,0.0,0.0,9750.29,6800.42,1.0
p[13961],0.72,0.01,0.69,0.75,0.0,0.0,9230.31,6990.25,1.0
p[13962],0.76,0.01,0.74,0.79,0.0,0.0,9750.83,6709.76,1.0
p[13963],0.88,0.02,0.84,0.93,0.0,0.0,10170.59,5826.64,1.0
p[13964],0.72,0.01,0.69,0.75,0.0,0.0,9226.35,6990.38,1.0
p[13965],0.82,0.02,0.79,0.86,0.0,0.0,9544.77,6279.92,1.0
p[13966],0.81,0.02,0.77,0.86,0.0,0.0,11529.86,6283.16,1.0
p[13967],0.72,0.01,0.69,0.75,0.0,0.0,9223.11,7042.11,1.0
p[13968],0.77,0.01,0.74,0.79,0.0,0.0,9750.06,6769.47,1.0
p[13969],0.77,0.01,0.74,0.79,0.0,0.0,9750.79,6769.88,1.0
p[13970],0.82,0.02,0.79,0.86,0.0,0.0,9551.85,6177.91,1.0
p[13971],0.77,0.01,0.74,0.79,0.0,0.0,9751.03,6770.32,1.0
p[13972],0.55,0.03,0.5,0.6,0.0,0.0,9894.26,6801.33,1.0
p[13973],0.74,0.02,0.69,0.78,0.0,0.0,10206.59,6929.53,1.0
p[13974],0.77,0.01,0.74,0.79,0.0,0.0,9750.82,6770.61,1.0
p[13975],0.79,0.02,0.75,0.83,0.0,0.0,10202.94,6619.42,1.0
p[13976],0.72,0.01,0.7,0.75,0.0,0.0,9212.01,7057.48,1.0
p[13977],0.77,0.01,0.74,0.79,0.0,0.0,9751.17,6770.61,1.0
p[13978],0.83,0.02,0.79,0.86,0.0,0.0,9550.29,6177.91,1.0
p[13979],0.7,0.02,0.66,0.75,0.0,0.0,8849.89,6988.1,1.0
p[13980],0.72,0.01,0.7,0.75,0.0,0.0,9210.17,7024.87,1.0
p[13981],0.73,0.01,0.7,0.75,0.0,0.0,9205.79,6929.26,1.0
p[13982],0.77,0.01,0.75,0.79,0.0,0.0,9751.86,6653.11,1.0
p[13983],0.77,0.01,0.75,0.79,0.0,0.0,9752.25,6653.31,1.0
p[13984],0.83,0.02,0.79,0.87,0.0,0.0,12094.33,6401.22,1.0
p[13985],0.77,0.01,0.75,0.79,0.0,0.0,9750.76,6623.76,1.0
p[13986],0.73,0.01,0.7,0.75,0.0,0.0,9202.29,6896.91,1.0
p[13987],0.77,0.01,0.75,0.79,0.0,0.0,9750.78,6623.76,1.0
p[13988],0.77,0.01,0.75,0.79,0.0,0.0,9750.78,6623.76,1.0
p[13989],0.86,0.01,0.84,0.89,0.0,0.0,8802.02,6618.99,1.0
p[13990],0.83,0.02,0.79,0.86,0.0,0.0,9561.09,6202.62,1.0
p[13991],0.73,0.01,0.7,0.75,0.0,0.0,9198.2,6897.64,1.0
p[13992],0.82,0.02,0.78,0.86,0.0,0.0,11528.78,6433.1,1.0
p[13993],0.77,0.01,0.75,0.79,0.0,0.0,9749.69,6595.88,1.0
p[13994],0.73,0.01,0.7,0.76,0.0,0.0,9195.4,7026.22,1.0
p[13995],0.74,0.02,0.69,0.79,0.0,0.0,10210.02,7060.31,1.0
p[13996],0.87,0.01,0.84,0.89,0.0,0.0,8862.79,6633.99,1.0
p[13997],0.73,0.01,0.7,0.76,0.0,0.0,9188.74,7090.85,1.0
p[13998],0.79,0.02,0.75,0.83,0.0,0.0,10198.62,6670.57,1.0
p[13999],0.77,0.01,0.75,0.8,0.0,0.0,9750.84,6652.38,1.0
p[14000],0.56,0.03,0.51,0.61,0.0,0.0,9900.29,6829.91,1.0
p[14001],0.77,0.01,0.75,0.8,0.0,0.0,9749.78,6681.84,1.0
p[14002],0.73,0.01,0.7,0.76,0.0,0.0,9184.07,7109.76,1.0
p[14003],0.77,0.01,0.75,0.8,0.0,0.0,9749.51,6682.28,1.0
p[14004],0.73,0.01,0.71,0.76,0.0,0.0,9182.1,7096.27,1.0
p[14005],0.71,0.02,0.66,0.75,0.0,0.0,8844.94,7066.48,1.0
p[14006],0.78,0.01,0.75,0.8,0.0,0.0,9750.09,6652.63,1.0
p[14007],0.73,0.01,0.71,0.76,0.0,0.0,9178.73,7090.35,1.0
p[14008],0.78,0.01,0.75,0.8,0.0,0.0,9750.49,6652.87,1.0
p[14009],0.73,0.01,0.71,0.76,0.0,0.0,9176.48,7048.1,1.0
p[14010],0.78,0.01,0.75,0.8,0.0,0.0,9749.71,6682.06,1.0
p[14011],0.78,0.01,0.75,0.8,0.0,0.0,9749.22,6682.06,1.0
p[14012],0.78,0.01,0.75,0.8,0.0,0.0,9749.22,6682.06,1.0
p[14013],0.78,0.01,0.75,0.8,0.0,0.0,9754.32,6682.06,1.0
p[14014],0.74,0.01,0.71,0.76,0.0,0.0,9173.63,6980.14,1.0
p[14015],0.89,0.02,0.85,0.93,0.0,0.0,10137.5,5942.6,1.0
p[14016],0.74,0.01,0.71,0.76,0.0,0.0,9172.24,6978.91,1.0
p[14017],0.78,0.01,0.76,0.8,0.0,0.0,9757.59,6681.25,1.0
p[14018],0.87,0.01,0.85,0.89,0.0,0.0,8863.66,6662.8,1.0
p[14019],0.78,0.01,0.76,0.8,0.0,0.0,9758.78,6682.01,1.0
p[14020],0.74,0.01,0.71,0.76,0.0,0.0,9167.8,7076.27,1.0
p[14021],0.78,0.01,0.76,0.8,0.0,0.0,9757.26,6681.41,1.0
p[14022],0.75,0.02,0.7,0.79,0.0,0.0,10220.12,7143.26,1.0
p[14023],0.57,0.03,0.52,0.62,0.0,0.0,9905.16,6892.35,1.0
p[14024],0.78,0.01,0.76,0.8,0.0,0.0,9760.69,6711.29,1.0
p[14025],0.84,0.02,0.8,0.88,0.0,0.0,12055.93,6753.42,1.0
p[14026],0.74,0.01,0.71,0.77,0.0,0.0,9165.69,7044.16,1.0
p[14027],0.78,0.01,0.76,0.8,0.0,0.0,9762.08,6711.35,1.0
p[14028],0.74,0.01,0.71,0.77,0.0,0.0,9162.81,7143.86,1.0
p[14029],0.78,0.01,0.76,0.8,0.0,0.0,9764.28,6681.57,1.0
p[14030],0.72,0.02,0.67,0.76,0.0,0.0,8847.37,6844.67,1.0
p[14031],0.74,0.01,0.71,0.77,0.0,0.0,9162.88,7143.86,1.0
p[14032],0.74,0.01,0.71,0.77,0.0,0.0,9162.15,7044.35,1.0
p[14033],0.78,0.01,0.76,0.81,0.0,0.0,9765.02,6652.08,1.0
p[14034],0.78,0.01,0.76,0.81,0.0,0.0,9764.52,6594.68,1.0
p[14035],0.78,0.01,0.76,0.81,0.0,0.0,9765.62,6566.15,1.0
p[14036],0.87,0.01,0.85,0.89,0.0,0.0,8864.61,6521.0,1.0
p[14037],0.84,0.02,0.81,0.88,0.0,0.0,12038.87,6797.12,1.0
p[14038],0.78,0.01,0.76,0.81,0.0,0.0,9767.59,6455.34,1.0
p[14039],0.78,0.01,0.76,0.81,0.0,0.0,9768.1,6455.34,1.0
p[14040],0.78,0.01,0.76,0.81,0.0,0.0,9768.1,6482.35,1.0
p[14041],0.74,0.01,0.72,0.77,0.0,0.0,9158.47,7120.2,1.0
p[14042],0.84,0.02,0.81,0.87,0.0,0.0,9586.49,6117.96,1.0
p[14043],0.87,0.01,0.85,0.9,0.0,0.0,8868.09,6521.26,1.0
p[14044],0.74,0.01,0.72,0.77,0.0,0.0,9158.27,7045.83,1.0
p[14045],0.79,0.01,0.76,0.81,0.0,0.0,9778.06,6566.35,1.0
p[14046],0.74,0.01,0.72,0.77,0.0,0.0,9157.52,7152.81,1.0
p[14047],0.75,0.01,0.72,0.77,0.0,0.0,9158.29,7119.41,1.0
p[14048],0.76,0.02,0.71,0.8,0.0,0.0,10220.92,7248.02,1.0
p[14049],0.58,0.02,0.53,0.63,0.0,0.0,9909.73,6995.16,1.0
p[14050],0.75,0.01,0.72,0.77,0.0,0.0,9158.02,7146.9,1.0
p[14051],0.79,0.01,0.77,0.81,0.0,0.0,9780.84,6682.27,1.0
p[14052],0.79,0.01,0.77,0.81,0.0,0.0,9781.15,6682.07,1.0
p[14053],0.79,0.01,0.77,0.81,0.0,0.0,9781.15,6682.07,1.0
p[14054],0.75,0.01,0.72,0.77,0.0,0.0,9156.44,7221.71,1.0
p[14055],0.75,0.01,0.72,0.77,0.0,0.0,9155.38,7248.8,1.0
p[14056],0.73,0.02,0.68,0.77,0.0,0.0,8852.0,6830.05,1.0
p[14057],0.79,0.01,0.77,0.81,0.0,0.0,9783.02,6771.75,1.0
p[14058],0.88,0.01,0.86,0.9,0.0,0.0,8874.29,6423.14,1.0
p[14059],0.75,0.01,0.72,0.77,0.0,0.0,9153.3,7248.87,1.0
p[14060],0.79,0.01,0.77,0.81,0.0,0.0,9784.52,6802.36,1.0
p[14061],0.79,0.01,0.77,0.81,0.0,0.0,9784.52,6802.36,1.0
p[14062],0.79,0.01,0.77,0.81,0.0,0.0,9784.25,6802.36,1.0
p[14063],0.79,0.01,0.77,0.81,0.0,0.0,9786.04,6741.81,1.0
p[14064],0.79,0.01,0.77,0.81,0.0,0.0,9786.04,6741.81,1.0
p[14065],0.75,0.01,0.72,0.78,0.0,0.0,9376.77,7249.69,1.0
p[14066],0.75,0.01,0.72,0.78,0.0,0.0,9377.18,7133.15,1.0
p[14067],0.84,0.02,0.8,0.87,0.0,0.0,11529.96,6363.7,1.0
p[14068],0.79,0.01,0.77,0.81,0.0,0.0,9788.82,6711.79,1.0
p[14069],0.85,0.02,0.81,0.88,0.0,0.0,12016.55,6658.13,1.0
p[14070],0.75,0.01,0.72,0.78,0.0,0.0,9373.2,7084.09,1.0
p[14071],0.9,0.02,0.86,0.94,0.0,0.0,10106.1,5897.95,1.0
p[14072],0.79,0.01,0.77,0.81,0.0,0.0,9790.14,6711.22,1.0
p[14073],0.75,0.01,0.73,0.78,0.0,0.0,9371.44,7065.25,1.0
p[14074],0.76,0.02,0.72,0.8,0.0,0.0,10219.24,7257.76,1.0
p[14075],0.89,0.02,0.85,0.94,0.0,0.0,10447.11,6325.15,1.0
p[14076],0.75,0.01,0.73,0.78,0.0,0.0,9364.78,7046.83,1.0
p[14077],0.79,0.01,0.77,0.82,0.0,0.0,9797.64,6651.43,1.0
p[14078],0.75,0.01,0.73,0.78,0.0,0.0,9364.84,7047.05,1.0
p[14079],0.75,0.01,0.73,0.78,0.0,0.0,9366.26,7047.05,1.0
p[14080],0.79,0.01,0.77,0.82,0.0,0.0,9797.64,6651.43,1.0
p[14081],0.85,0.02,0.82,0.87,0.0,0.0,9604.8,6009.88,1.0
p[14082],0.81,0.02,0.77,0.85,0.0,0.0,10149.18,6446.26,1.0
p[14083],0.79,0.01,0.77,0.82,0.0,0.0,9798.1,6651.11,1.0
p[14084],0.79,0.01,0.77,0.82,0.0,0.0,9799.87,6680.01,1.0
p[14085],0.79,0.01,0.77,0.82,0.0,0.0,9799.81,6680.01,1.0
p[14086],0.77,0.02,0.72,0.81,0.0,0.0,10219.45,7222.7,1.0
p[14087],0.88,0.01,0.86,0.9,0.0,0.0,8886.02,6423.74,1.0
p[14088],0.75,0.01,0.73,0.78,0.0,0.0,9363.65,7067.97,1.0
p[14089],0.75,0.01,0.73,0.78,0.0,0.0,9363.61,7168.65,1.0
p[14090],0.8,0.01,0.77,0.82,0.0,0.0,9798.71,6739.9,1.0
p[14091],0.8,0.01,0.77,0.82,0.0,0.0,9799.06,6739.9,1.0
p[14092],0.76,0.01,0.73,0.78,0.0,0.0,9361.91,7003.17,1.0
p[14093],0.88,0.01,0.86,0.9,0.0,0.0,8888.14,6412.0,1.0
p[14094],0.8,0.01,0.78,0.82,0.0,0.0,9800.94,6739.86,1.0
p[14095],0.8,0.01,0.78,0.82,0.0,0.0,9802.21,6738.91,1.0
p[14096],0.8,0.01,0.78,0.82,0.0,0.0,9803.95,6731.6,1.0
p[14097],0.76,0.01,0.73,0.78,0.0,0.0,9359.32,6956.66,1.0
p[14098],0.76,0.01,0.73,0.78,0.0,0.0,9359.32,6956.66,1.0
p[14099],0.8,0.01,0.78,0.82,0.0,0.0,9804.31,6731.6,1.0
p[14100],0.8,0.01,0.78,0.82,0.0,0.0,9806.18,6731.6,1.0
p[14101],0.76,0.01,0.73,0.78,0.0,0.0,9354.8,6989.63,1.0
p[14102],0.76,0.01,0.73,0.78,0.0,0.0,9355.83,7036.99,1.0
p[14103],0.85,0.02,0.82,0.89,0.0,0.0,11993.6,6735.2,1.0
p[14104],0.85,0.02,0.82,0.88,0.0,0.0,9621.64,6061.97,1.0
p[14105],0.77,0.02,0.73,0.81,0.0,0.0,10220.88,7119.29,1.0
p[14106],0.8,0.01,0.78,0.82,0.0,0.0,9811.02,6793.92,1.0
p[14107],0.88,0.01,0.86,0.9,0.0,0.0,8893.76,6332.73,1.0
p[14108],0.76,0.01,0.73,0.78,0.0,0.0,9351.57,7036.99,1.0
p[14109],0.74,0.02,0.7,0.78,0.0,0.0,8864.34,6827.69,1.0
p[14110],0.88,0.01,0.86,0.9,0.0,0.0,8894.75,6332.73,1.0
p[14111],0.76,0.01,0.73,0.79,0.0,0.0,9346.71,7035.45,1.0
p[14112],0.76,0.01,0.74,0.79,0.0,0.0,9344.59,7035.45,1.0
p[14113],0.8,0.01,0.78,0.82,0.0,0.0,9816.53,6885.91,1.0
p[14114],0.82,0.02,0.78,0.85,0.0,0.0,10139.93,6587.7,1.0
p[14115],0.8,0.01,0.78,0.82,0.0,0.0,9817.41,6885.91,1.0
p[14116],0.76,0.01,0.74,0.79,0.0,0.0,9336.37,6952.14,1.0
p[14117],0.76,0.01,0.74,0.79,0.0,0.0,9336.75,6952.14,1.0
p[14118],0.8,0.01,0.78,0.82,0.0,0.0,9822.63,6918.03,1.0
p[14119],0.8,0.01,0.78,0.82,0.0,0.0,9823.95,6918.03,1.0
p[14120],0.8,0.01,0.78,0.82,0.0,0.0,9823.95,6918.03,1.0
p[14121],0.8,0.01,0.78,0.82,0.0,0.0,9823.95,6918.03,1.0
p[14122],0.8,0.01,0.78,0.82,0.0,0.0,9826.45,6916.87,1.0
p[14123],0.86,0.02,0.82,0.89,0.0,0.0,11968.67,6644.05,1.0
p[14124],0.76,0.01,0.74,0.79,0.0,0.0,9331.4,7182.62,1.0
p[14125],0.8,0.01,0.78,0.82,0.0,0.0,9829.21,6948.65,1.0
p[14126],0.89,0.01,0.87,0.91,0.0,0.0,8908.61,6243.91,1.0
p[14127],0.76,0.01,0.74,0.79,0.0,0.0,9329.67,7183.43,1.0
p[14128],0.8,0.01,0.78,0.82,0.0,0.0,9830.32,6979.47,1.0
p[14129],0.8,0.01,0.78,0.82,0.0,0.0,9832.9,6979.69,1.0
p[14130],0.76,0.01,0.74,0.79,0.0,0.0,9327.68,7183.8,1.0
p[14131],0.74,0.02,0.7,0.79,0.0,0.0,8870.0,6812.04,1.0
p[14132],0.8,0.01,0.78,0.83,0.0,0.0,9835.95,6979.69,1.0
p[14133],0.9,0.02,0.87,0.94,0.0,0.0,10071.49,5969.17,1.0
p[14134],0.77,0.01,0.74,0.79,0.0,0.0,9326.1,6889.74,1.0
p[14135],0.77,0.01,0.74,0.79,0.0,0.0,9325.84,6889.74,1.0
p[14136],0.81,0.01,0.78,0.83,0.0,0.0,9839.68,6948.08,1.0
p[14137],0.81,0.01,0.79,0.83,0.0,0.0,9843.66,6948.08,1.0
p[14138],0.77,0.01,0.74,0.79,0.0,0.0,9323.34,6848.4,1.0
p[14139],0.77,0.01,0.74,0.79,0.0,0.0,9322.59,6817.74,1.0
p[14140],0.82,0.02,0.79,0.86,0.0,0.0,10134.54,6675.38,1.0
p[14141],0.61,0.02,0.56,0.66,0.0,0.0,9953.08,7259.15,1.0
p[14142],0.81,0.01,0.79,0.83,0.0,0.0,9846.24,6980.02,1.0
p[14143],0.81,0.01,0.79,0.83,0.0,0.0,9847.36,6980.02,1.0
p[14144],0.77,0.01,0.74,0.79,0.0,0.0,9319.35,6897.79,1.0
p[14145],0.77,0.01,0.74,0.79,0.0,0.0,9317.0,6846.5,1.0
p[14146],0.75,0.02,0.71,0.79,0.0,0.0,8881.47,6829.66,1.0
p[14147],0.81,0.01,0.79,0.83,0.0,0.0,9855.32,6883.89,1.0
p[14148],0.81,0.01,0.79,0.83,0.0,0.0,9855.32,6883.89,1.0
p[14149],0.77,0.01,0.75,0.8,0.0,0.0,9312.8,6898.0,1.0
p[14150],0.81,0.01,0.79,0.83,0.0,0.0,9858.26,6946.92,1.0
p[14151],0.77,0.01,0.75,0.8,0.0,0.0,9313.49,6820.73,1.0
p[14152],0.81,0.01,0.79,0.83,0.0,0.0,9858.91,6946.92,1.0
p[14153],0.81,0.01,0.79,0.83,0.0,0.0,9858.91,6946.92,1.0
p[14154],0.77,0.01,0.75,0.8,0.0,0.0,9311.6,6707.65,1.0
p[14155],0.89,0.01,0.87,0.91,0.0,0.0,8923.67,6195.1,1.0
p[14156],0.81,0.01,0.79,0.83,0.0,0.0,9859.16,6946.92,1.0
p[14157],0.86,0.01,0.83,0.89,0.0,0.0,9669.85,6229.38,1.0
p[14158],0.81,0.01,0.79,0.83,0.0,0.0,9865.96,6947.83,1.0
p[14159],0.77,0.01,0.75,0.8,0.0,0.0,9310.09,6799.45,1.0
p[14160],0.81,0.01,0.79,0.83,0.0,0.0,9867.34,7011.6,1.0
p[14161],0.78,0.02,0.74,0.82,0.0,0.0,10216.93,7094.79,1.0
p[14162],0.77,0.01,0.75,0.8,0.0,0.0,9309.71,6854.33,1.0
p[14163],0.75,0.02,0.71,0.79,0.0,0.0,8893.65,6877.01,1.0
p[14164],0.77,0.01,0.75,0.8,0.0,0.0,9306.16,6854.33,1.0
p[14165],0.81,0.01,0.79,0.83,0.0,0.0,9875.71,6759.11,1.0
p[14166],0.81,0.01,0.79,0.83,0.0,0.0,9877.83,6759.11,1.0
p[14167],0.78,0.01,0.75,0.8,0.0,0.0,9305.76,6977.53,1.0
p[14168],0.86,0.01,0.83,0.89,0.0,0.0,9674.0,6201.63,1.0
p[14169],0.81,0.01,0.79,0.83,0.0,0.0,9881.71,6729.36,1.0
p[14170],0.87,0.02,0.83,0.9,0.0,0.0,11901.77,6525.42,1.0
p[14171],0.81,0.01,0.79,0.84,0.0,0.0,9884.05,6790.22,1.0
p[14172],0.81,0.01,0.79,0.84,0.0,0.0,9884.59,6790.91,1.0
p[14173],0.81,0.01,0.79,0.84,0.0,0.0,9885.01,6882.51,1.0
p[14174],0.81,0.01,0.79,0.84,0.0,0.0,9885.01,6882.51,1.0
p[14175],0.82,0.01,0.79,0.84,0.0,0.0,9885.91,6913.51,1.0
p[14176],0.78,0.01,0.75,0.8,0.0,0.0,9301.76,7203.7,1.0
p[14177],0.82,0.01,0.79,0.84,0.0,0.0,9885.91,6913.51,1.0
p[14178],0.78,0.01,0.75,0.8,0.0,0.0,9301.59,7071.7,1.0
p[14179],0.86,0.02,0.82,0.89,0.0,0.0,11493.68,6208.24,1.0
p[14180],0.82,0.01,0.8,0.84,0.0,0.0,9885.56,6882.21,1.0
p[14181],0.82,0.01,0.8,0.84,0.0,0.0,9888.24,6838.41,1.0
p[14182],0.91,0.02,0.88,0.94,0.0,0.0,10039.35,5978.86,1.0
p[14183],0.79,0.02,0.75,0.83,0.0,0.0,10216.91,7225.76,1.0
p[14184],0.78,0.01,0.75,0.8,0.0,0.0,9300.05,7104.27,1.0
p[14185],0.87,0.02,0.84,0.9,0.0,0.0,11880.9,6495.41,1.0
p[14186],0.91,0.02,0.87,0.95,0.0,0.0,10295.46,6247.35,1.0
p[14187],0.78,0.01,0.76,0.81,0.0,0.0,9300.74,6876.33,1.0
p[14188],0.89,0.01,0.88,0.91,0.0,0.0,8952.45,6145.05,1.0
p[14189],0.82,0.01,0.8,0.84,0.0,0.0,9896.74,6771.78,1.0
p[14190],0.78,0.01,0.76,0.81,0.0,0.0,9303.02,6843.58,1.0
p[14191],0.63,0.02,0.58,0.67,0.0,0.0,9972.42,7223.6,1.0
p[14192],0.82,0.01,0.8,0.84,0.0,0.0,9901.62,6778.01,1.0
p[14193],0.82,0.01,0.8,0.84,0.0,0.0,9901.62,6778.01,1.0
p[14194],0.78,0.01,0.76,0.81,0.0,0.0,9299.7,6722.75,1.0
p[14195],0.79,0.02,0.75,0.83,0.0,0.0,10219.11,7223.97,1.0
p[14196],0.82,0.01,0.8,0.84,0.0,0.0,9905.74,6778.45,1.0
p[14197],0.87,0.01,0.84,0.89,0.0,0.0,9696.14,6124.92,1.0
p[14198],0.78,0.01,0.76,0.81,0.0,0.0,9301.03,6665.05,1.0
p[14199],0.87,0.01,0.84,0.89,0.0,0.0,9697.4,6124.92,1.0
p[14200],0.82,0.01,0.8,0.84,0.0,0.0,9909.93,6735.19,1.0
p[14201],0.82,0.01,0.8,0.84,0.0,0.0,9910.2,6735.19,1.0
p[14202],0.82,0.01,0.8,0.84,0.0,0.0,9912.26,6734.68,1.0
p[14203],0.78,0.01,0.76,0.81,0.0,0.0,9303.54,6693.02,1.0
p[14204],0.82,0.01,0.8,0.84,0.0,0.0,9912.4,6705.22,1.0
p[14205],0.78,0.01,0.76,0.81,0.0,0.0,9304.69,6633.48,1.0
p[14206],0.9,0.01,0.88,0.91,0.0,0.0,8965.25,6120.94,1.0
p[14207],0.82,0.01,0.8,0.84,0.0,0.0,9915.83,6712.78,1.0
p[14208],0.9,0.01,0.88,0.92,0.0,0.0,8965.97,6120.94,1.0
p[14209],0.79,0.01,0.76,0.81,0.0,0.0,9309.14,6692.0,1.0
p[14210],0.87,0.01,0.84,0.89,0.0,0.0,9708.95,6258.43,1.0
p[14211],0.9,0.01,0.88,0.92,0.0,0.0,8968.56,6133.17,1.0
p[14212],0.82,0.01,0.8,0.84,0.0,0.0,9919.18,6742.44,1.0
p[14213],0.87,0.02,0.84,0.9,0.0,0.0,11841.16,6581.07,1.0
p[14214],0.79,0.01,0.76,0.81,0.0,0.0,9308.79,6812.53,1.0
p[14215],0.79,0.01,0.76,0.81,0.0,0.0,9313.15,6814.43,1.0
p[14216],0.82,0.01,0.8,0.84,0.0,0.0,9932.41,6657.42,1.0
p[14217],0.64,0.02,0.59,0.68,0.0,0.0,9988.33,7328.73,1.0
p[14218],0.82,0.01,0.8,0.85,0.0,0.0,9935.36,6625.36,1.0
p[14219],0.82,0.01,0.8,0.85,0.0,0.0,9935.97,6683.13,1.0
p[14220],0.8,0.02,0.76,0.84,0.0,0.0,10220.19,7315.34,1.0
p[14221],0.9,0.01,0.88,0.92,0.0,0.0,8984.86,6157.68,1.0
p[14222],0.79,0.01,0.76,0.81,0.0,0.0,9327.39,6757.34,1.0
p[14223],0.84,0.02,0.81,0.88,0.0,0.0,10115.79,6685.22,1.0
p[14224],0.83,0.01,0.81,0.85,0.0,0.0,9937.93,6659.54,1.0
p[14225],0.79,0.01,0.77,0.82,0.0,0.0,9327.09,6787.22,1.0
p[14226],0.86,0.02,0.83,0.9,0.0,0.0,11465.7,6201.86,1.0
p[14227],0.83,0.01,0.81,0.85,0.0,0.0,9939.26,6659.54,1.0
p[14228],0.83,0.01,0.81,0.85,0.0,0.0,9941.49,6658.3,1.0
p[14229],0.83,0.01,0.81,0.85,0.0,0.0,9941.49,6658.3,1.0
p[14230],0.83,0.01,0.81,0.85,0.0,0.0,9942.74,6658.3,1.0
p[14231],0.83,0.01,0.81,0.85,0.0,0.0,9947.16,6675.58,1.0
p[14232],0.83,0.01,0.81,0.85,0.0,0.0,9947.78,6741.72,1.0
p[14233],0.87,0.01,0.85,0.9,0.0,0.0,9726.72,6419.22,1.0
p[14234],0.9,0.01,0.88,0.92,0.0,0.0,8995.14,6145.05,1.0
p[14235],0.79,0.01,0.77,0.82,0.0,0.0,9337.37,6912.76,1.0
p[14236],0.79,0.01,0.77,0.82,0.0,0.0,9339.07,6912.76,1.0
p[14237],0.87,0.02,0.83,0.9,0.0,0.0,11455.36,6329.68,1.0
p[14238],0.8,0.02,0.76,0.84,0.0,0.0,10220.06,7275.13,1.0
p[14239],0.83,0.01,0.81,0.85,0.0,0.0,9958.66,6698.31,1.0
p[14240],0.79,0.01,0.77,0.82,0.0,0.0,9343.14,6912.99,1.0
p[14241],0.88,0.02,0.85,0.91,0.0,0.0,11800.98,6668.49,1.0
p[14242],0.79,0.01,0.77,0.82,0.0,0.0,9344.43,6912.99,1.0
p[14243],0.83,0.01,0.81,0.85,0.0,0.0,9962.84,6654.41,1.0
p[14244],0.8,0.01,0.77,0.82,0.0,0.0,9350.43,6758.22,1.0
p[14245],0.8,0.01,0.77,0.82,0.0,0.0,9350.81,6787.99,1.0
p[14246],0.87,0.02,0.84,0.9,0.0,0.0,11449.54,6273.12,1.0
p[14247],0.9,0.01,0.89,0.92,0.0,0.0,9016.28,6218.73,1.0
p[14248],0.83,0.01,0.81,0.85,0.0,0.0,9970.09,6742.94,1.0
p[14249],0.83,0.01,0.81,0.85,0.0,0.0,9974.13,6713.34,1.0
p[14250],0.83,0.01,0.81,0.85,0.0,0.0,9974.18,6713.34,1.0
p[14251],0.8,0.01,0.77,0.82,0.0,0.0,9365.23,6757.67,1.0
p[14252],0.83,0.01,0.81,0.85,0.0,0.0,9976.43,6713.34,1.0
p[14253],0.9,0.01,0.89,0.92,0.0,0.0,9020.98,6218.84,1.0
p[14254],0.83,0.01,0.81,0.85,0.0,0.0,9977.27,6712.6,1.0
p[14255],0.8,0.01,0.77,0.82,0.0,0.0,9365.18,6788.61,1.0
p[14256],0.9,0.01,0.89,0.92,0.0,0.0,9023.24,6218.46,1.0
p[14257],0.88,0.02,0.85,0.91,0.0,0.0,11778.49,6611.81,1.0
p[14258],0.83,0.01,0.81,0.85,0.0,0.0,9981.17,6848.13,1.0
p[14259],0.9,0.01,0.89,0.92,0.0,0.0,9030.19,6167.62,1.0
p[14260],0.87,0.02,0.84,0.9,0.0,0.0,11437.26,6392.6,1.0
p[14261],0.8,0.01,0.77,0.82,0.0,0.0,9372.21,6760.71,1.0
p[14262],0.8,0.01,0.78,0.82,0.0,0.0,9372.14,6790.82,1.0
p[14263],0.84,0.01,0.81,0.85,0.0,0.0,9990.68,6832.82,1.0
p[14264],0.84,0.01,0.82,0.86,0.0,0.0,9992.96,6832.82,1.0
p[14265],0.8,0.01,0.78,0.83,0.0,0.0,9377.43,6730.91,1.0
p[14266],0.8,0.01,0.78,0.83,0.0,0.0,9381.73,6761.08,1.0
p[14267],0.84,0.01,0.82,0.86,0.0,0.0,10003.33,6759.92,1.0
p[14268],0.84,0.01,0.82,0.86,0.0,0.0,10004.15,6759.92,1.0
p[14269],0.91,0.01,0.89,0.92,0.0,0.0,9048.67,6154.05,1.0
p[14270],0.88,0.01,0.86,0.91,0.0,0.0,9773.17,6010.63,1.0
p[14271],0.84,0.01,0.82,0.86,0.0,0.0,10005.03,6729.54,1.0
p[14272],0.8,0.01,0.78,0.83,0.0,0.0,9383.82,6882.79,1.0
p[14273],0.84,0.01,0.82,0.86,0.0,0.0,10006.91,6729.54,1.0
p[14274],0.84,0.01,0.82,0.86,0.0,0.0,10009.76,6700.25,1.0
p[14275],0.8,0.01,0.78,0.83,0.0,0.0,9386.48,6882.79,1.0
p[14276],0.8,0.01,0.78,0.83,0.0,0.0,9387.88,6883.43,1.0
p[14277],0.92,0.02,0.89,0.95,0.0,0.0,9978.7,6184.95,1.0
p[14278],0.8,0.01,0.78,0.83,0.0,0.0,9387.49,6883.92,1.0
p[14279],0.84,0.01,0.82,0.86,0.0,0.0,10020.07,6760.13,1.0
p[14280],0.84,0.01,0.82,0.86,0.0,0.0,10019.69,6760.13,1.0
p[14281],0.81,0.01,0.78,0.83,0.0,0.0,9396.17,6801.43,1.0
p[14282],0.81,0.01,0.78,0.83,0.0,0.0,9402.87,6832.12,1.0
p[14283],0.81,0.01,0.78,0.83,0.0,0.0,9403.65,6831.58,1.0
p[14284],0.84,0.01,0.82,0.86,0.0,0.0,10034.52,6808.04,1.0
p[14285],0.91,0.01,0.89,0.93,0.0,0.0,9076.1,6154.83,1.0
p[14286],0.84,0.01,0.82,0.86,0.0,0.0,10035.2,6808.04,1.0
p[14287],0.81,0.01,0.78,0.83,0.0,0.0,9406.94,6800.17,1.0
p[14288],0.88,0.02,0.85,0.91,0.0,0.0,11411.25,6246.64,1.0
p[14289],0.84,0.01,0.82,0.86,0.0,0.0,10035.64,6777.68,1.0
p[14290],0.91,0.01,0.89,0.93,0.0,0.0,9079.74,6080.86,1.0
p[14291],0.88,0.01,0.86,0.91,0.0,0.0,9793.31,5872.74,1.0
p[14292],0.84,0.01,0.82,0.86,0.0,0.0,10042.83,6863.06,1.0
p[14293],0.81,0.01,0.79,0.84,0.0,0.0,9427.48,6831.1,1.0
p[14294],0.84,0.01,0.82,0.86,0.0,0.0,10043.43,6801.63,1.0
p[14295],0.81,0.01,0.79,0.84,0.0,0.0,9427.62,6893.15,1.0
p[14296],0.84,0.01,0.82,0.86,0.0,0.0,10046.11,6801.63,1.0
p[14297],0.88,0.02,0.85,0.91,0.0,0.0,11401.58,6364.44,1.0
p[14298],0.84,0.01,0.82,0.86,0.0,0.0,10048.67,6801.83,1.0
p[14299],0.88,0.02,0.85,0.91,0.0,0.0,11400.46,6364.44,1.0
p[14300],0.91,0.01,0.9,0.93,0.0,0.0,9094.2,5997.43,1.0
p[14301],0.59,0.02,0.55,0.63,0.0,0.0,9810.07,6858.13,1.0
p[14302],0.59,0.02,0.55,0.63,0.0,0.0,9803.61,6858.13,1.0
p[14303],0.64,0.02,0.61,0.68,0.0,0.0,9981.53,6936.88,1.0
p[14304],0.64,0.02,0.61,0.68,0.0,0.0,9979.66,6927.56,1.0
p[14305],0.59,0.02,0.55,0.63,0.0,0.0,9789.05,6887.85,1.0
p[14306],0.64,0.02,0.61,0.68,0.0,0.0,9976.05,7072.08,1.0
p[14307],0.78,0.02,0.74,0.81,0.0,0.0,9332.59,7647.66,1.0
p[14308],0.59,0.02,0.55,0.63,0.0,0.0,9776.29,6932.41,1.0
p[14309],0.65,0.02,0.61,0.68,0.0,0.0,9967.89,6975.16,1.0
p[14310],0.59,0.02,0.55,0.63,0.0,0.0,9771.58,6870.65,1.0
p[14311],0.72,0.03,0.67,0.77,0.0,0.0,9215.39,6650.23,1.0
p[14312],0.65,0.02,0.61,0.68,0.0,0.0,9957.93,7040.91,1.0
p[14313],0.6,0.02,0.56,0.64,0.0,0.0,9742.22,6779.45,1.0
p[14314],0.6,0.02,0.56,0.64,0.0,0.0,9738.59,6860.99,1.0
p[14315],0.65,0.02,0.62,0.69,0.0,0.0,9937.21,6750.02,1.0
p[14316],0.65,0.02,0.62,0.69,0.0,0.0,9935.67,6775.65,1.0
p[14317],0.66,0.02,0.62,0.69,0.0,0.0,9931.32,6869.95,1.0
p[14318],0.6,0.02,0.56,0.64,0.0,0.0,9714.2,7033.05,1.0
p[14319],0.73,0.03,0.68,0.78,0.0,0.0,9196.26,6475.26,1.0
p[14320],0.66,0.02,0.62,0.69,0.0,0.0,9927.46,6872.42,1.0
p[14321],0.66,0.02,0.62,0.69,0.0,0.0,9923.27,6872.42,1.0
p[14322],0.66,0.02,0.62,0.69,0.0,0.0,9921.5,6872.42,1.0
p[14323],0.61,0.02,0.57,0.64,0.0,0.0,9685.66,6948.79,1.0
p[14324],0.61,0.02,0.57,0.65,0.0,0.0,9670.86,6947.47,1.0
p[14325],0.66,0.02,0.63,0.7,0.0,0.0,9900.49,6934.01,1.0
p[14326],0.61,0.02,0.57,0.65,0.0,0.0,9651.76,6914.32,1.0
p[14327],0.67,0.02,0.63,0.7,0.0,0.0,9881.22,6749.25,1.0
p[14328],0.61,0.02,0.58,0.65,0.0,0.0,9621.35,6897.33,1.0
p[14329],0.67,0.02,0.64,0.7,0.0,0.0,9872.32,6755.35,1.0
p[14330],0.62,0.02,0.58,0.65,0.0,0.0,9599.37,6936.2,1.0
p[14331],0.75,0.03,0.7,0.8,0.0,0.0,12005.41,6519.81,1.0
p[14332],0.62,0.02,0.58,0.66,0.0,0.0,9578.13,6999.15,1.0
p[14333],0.62,0.02,0.59,0.66,0.0,0.0,9547.49,6736.23,1.0
p[14334],0.63,0.02,0.59,0.66,0.0,0.0,9524.2,6797.28,1.0
p[14335],0.63,0.02,0.6,0.66,0.0,0.0,9499.27,6677.1,1.0
p[14336],0.74,0.03,0.69,0.8,0.0,0.0,11603.12,6945.15,1.0
p[14337],0.63,0.02,0.6,0.67,0.0,0.0,9470.2,6618.41,1.0
p[14338],0.76,0.03,0.72,0.82,0.0,0.0,11977.86,6715.56,1.0
p[14339],0.64,0.02,0.6,0.67,0.0,0.0,9452.88,6561.88,1.0
p[14340],0.69,0.02,0.66,0.72,0.0,0.0,9786.4,7028.34,1.0
p[14341],0.64,0.02,0.6,0.67,0.0,0.0,9433.22,6493.94,1.0
p[14342],0.69,0.02,0.66,0.72,0.0,0.0,9767.09,7005.3,1.0
p[14343],0.69,0.02,0.66,0.72,0.0,0.0,9765.52,6937.24,1.0
p[14344],0.66,0.03,0.6,0.71,0.0,0.0,10015.67,6802.01,1.0
p[14345],0.64,0.02,0.61,0.67,0.0,0.0,9402.78,6495.78,1.0
p[14346],0.64,0.02,0.61,0.68,0.0,0.0,9396.9,6495.58,1.0
p[14347],0.7,0.02,0.67,0.73,0.0,0.0,9749.87,7074.23,1.0
p[14348],0.65,0.02,0.61,0.68,0.0,0.0,9385.05,6495.24,1.0
p[14349],0.7,0.02,0.67,0.73,0.0,0.0,9747.06,7074.23,1.0
p[14350],0.7,0.02,0.67,0.73,0.0,0.0,9746.49,7074.23,1.0
p[14351],0.77,0.03,0.72,0.82,0.0,0.0,11964.7,6683.31,1.0
p[14352],0.84,0.03,0.79,0.9,0.0,0.0,10458.42,6139.84,1.0
p[14353],0.65,0.02,0.61,0.68,0.0,0.0,9367.39,6412.88,1.0
p[14354],0.65,0.02,0.61,0.68,0.0,0.0,9364.25,6385.94,1.0
p[14355],0.66,0.03,0.61,0.72,0.0,0.0,10002.67,6896.22,1.0
p[14356],0.7,0.02,0.67,0.73,0.0,0.0,9732.14,7041.81,1.0
p[14357],0.65,0.02,0.62,0.68,0.0,0.0,9347.83,6520.84,1.0
p[14358],0.7,0.02,0.67,0.73,0.0,0.0,9725.51,6977.19,1.0
p[14359],0.77,0.02,0.73,0.81,0.0,0.0,9104.09,6135.91,1.0
p[14360],0.65,0.02,0.62,0.68,0.0,0.0,9332.05,6386.09,1.0
p[14361],0.65,0.02,0.62,0.68,0.0,0.0,9328.83,6306.35,1.0
p[14362],0.7,0.02,0.68,0.73,0.0,0.0,9713.73,7108.01,1.0
p[14363],0.78,0.03,0.73,0.83,0.0,0.0,11940.83,6573.01,1.0
p[14364],0.7,0.02,0.68,0.73,0.0,0.0,9713.87,7108.01,1.0
p[14365],0.7,0.02,0.68,0.73,0.0,0.0,9714.11,7108.79,1.0
p[14366],0.65,0.02,0.62,0.69,0.0,0.0,9318.06,6437.6,1.0
p[14367],0.71,0.02,0.68,0.73,0.0,0.0,9711.64,7142.16,1.0
p[14368],0.82,0.02,0.79,0.85,0.0,0.0,9154.17,7372.93,1.0
p[14369],0.71,0.02,0.68,0.73,0.0,0.0,9708.76,7142.49,1.0
p[14370],0.77,0.02,0.74,0.81,0.0,0.0,9099.75,6087.08,1.0
p[14371],0.66,0.02,0.62,0.69,0.0,0.0,9300.08,6661.43,1.0
p[14372],0.67,0.03,0.62,0.72,0.0,0.0,9981.7,6897.87,1.0
p[14373],0.71,0.01,0.68,0.74,0.0,0.0,9697.3,7313.39,1.0
p[14374],0.66,0.02,0.63,0.69,0.0,0.0,9287.55,6491.85,1.0
p[14375],0.73,0.03,0.68,0.78,0.0,0.0,10357.41,6571.19,1.0
p[14376],0.71,0.01,0.68,0.74,0.0,0.0,9695.56,7313.74,1.0
p[14377],0.48,0.03,0.43,0.53,0.0,0.0,9608.77,7321.34,1.0
p[14378],0.66,0.02,0.63,0.69,0.0,0.0,9275.44,6518.94,1.0
p[14379],0.66,0.02,0.63,0.69,0.0,0.0,9270.65,6604.6,1.0
p[14380],0.71,0.01,0.68,0.74,0.0,0.0,9685.85,7210.38,1.0
p[14381],0.64,0.03,0.58,0.69,0.0,0.0,8870.06,6723.24,1.0
p[14382],0.71,0.01,0.68,0.74,0.0,0.0,9683.89,7210.38,1.0
p[14383],0.82,0.02,0.8,0.85,0.0,0.0,9130.58,7318.69,1.0
p[14384],0.71,0.01,0.68,0.74,0.0,0.0,9682.26,7142.59,1.0
p[14385],0.66,0.02,0.63,0.69,0.0,0.0,9258.94,6663.38,1.0
p[14386],0.79,0.02,0.74,0.83,0.0,0.0,11921.3,6542.89,1.0
p[14387],0.71,0.01,0.69,0.74,0.0,0.0,9679.13,7109.19,1.0
p[14388],0.85,0.03,0.8,0.9,0.0,0.0,10421.16,5906.66,1.0
p[14389],0.71,0.01,0.69,0.74,0.0,0.0,9674.19,7071.83,1.0
p[14390],0.67,0.02,0.63,0.7,0.0,0.0,9247.04,6752.22,1.0
p[14391],0.67,0.02,0.63,0.7,0.0,0.0,9244.17,6874.38,1.0
p[14392],0.68,0.03,0.63,0.73,0.0,0.0,9970.09,6838.75,1.0
p[14393],0.67,0.02,0.64,0.7,0.0,0.0,9230.79,6782.52,1.0
p[14394],0.72,0.01,0.69,0.74,0.0,0.0,9665.31,7174.09,1.0
p[14395],0.74,0.03,0.69,0.79,0.0,0.0,10376.81,6489.36,1.0
p[14396],0.72,0.01,0.69,0.75,0.0,0.0,9662.3,7277.38,1.0
p[14397],0.67,0.02,0.64,0.7,0.0,0.0,9218.96,6814.29,1.0
p[14398],0.79,0.02,0.75,0.82,0.0,0.0,9083.52,5895.48,1.0
p[14399],0.67,0.02,0.64,0.7,0.0,0.0,9214.63,6753.74,1.0
p[14400],0.65,0.03,0.59,0.7,0.0,0.0,8850.55,6907.33,1.0
p[14401],0.72,0.01,0.69,0.75,0.0,0.0,9657.03,7243.46,1.0
p[14402],0.83,0.01,0.8,0.86,0.0,0.0,9111.47,7399.02,1.0
p[14403],0.72,0.01,0.69,0.75,0.0,0.0,9655.25,7243.46,1.0
p[14404],0.72,0.01,0.69,0.75,0.0,0.0,9655.25,7243.46,1.0
p[14405],0.72,0.01,0.69,0.75,0.0,0.0,9649.54,7276.39,1.0
p[14406],0.72,0.01,0.69,0.75,0.0,0.0,9648.81,7241.06,1.0
p[14407],0.72,0.01,0.7,0.75,0.0,0.0,9646.38,7313.15,1.0
p[14408],0.67,0.02,0.64,0.7,0.0,0.0,9199.96,6724.39,1.0
p[14409],0.83,0.01,0.8,0.86,0.0,0.0,9105.61,7439.34,1.0
p[14410],0.79,0.02,0.75,0.83,0.0,0.0,9079.61,5850.18,1.0
p[14411],0.72,0.01,0.7,0.75,0.0,0.0,9643.03,7349.82,1.0
p[14412],0.67,0.02,0.64,0.7,0.0,0.0,9187.87,6724.15,1.0
p[14413],0.79,0.02,0.75,0.84,0.0,0.0,11896.21,6622.83,1.0
p[14414],0.67,0.02,0.64,0.7,0.0,0.0,9186.32,6785.24,1.0
p[14415],0.69,0.03,0.64,0.74,0.0,0.0,9955.68,6997.51,1.0
p[14416],0.83,0.01,0.81,0.86,0.0,0.0,9099.57,7434.45,1.0
p[14417],0.68,0.02,0.64,0.71,0.0,0.0,9177.06,6814.85,1.0
p[14418],0.72,0.01,0.7,0.75,0.0,0.0,9634.15,7247.34,1.0
p[14419],0.75,0.02,0.7,0.79,0.0,0.0,10363.72,6461.28,1.0
p[14420],0.73,0.01,0.7,0.75,0.0,0.0,9633.11,7213.05,1.0
p[14421],0.5,0.03,0.45,0.55,0.0,0.0,9565.83,7284.17,1.0
p[14422],0.73,0.01,0.7,0.75,0.0,0.0,9630.74,7046.38,1.0
p[14423],0.68,0.02,0.65,0.71,0.0,0.0,9163.67,6937.16,1.0
p[14424],0.65,0.03,0.6,0.7,0.0,0.0,8832.61,6907.86,1.0
p[14425],0.68,0.02,0.65,0.71,0.0,0.0,9160.22,6949.17,1.0
p[14426],0.73,0.01,0.7,0.75,0.0,0.0,9624.22,7075.77,1.0
p[14427],0.84,0.01,0.81,0.86,0.0,0.0,9092.5,7407.69,1.0
p[14428],0.73,0.01,0.7,0.75,0.0,0.0,9623.73,7075.77,1.0
p[14429],0.73,0.01,0.7,0.75,0.0,0.0,9623.73,7075.77,1.0
p[14430],0.73,0.01,0.7,0.76,0.0,0.0,9622.05,7141.8,1.0
p[14431],0.73,0.01,0.7,0.76,0.0,0.0,9622.05,7141.8,1.0
p[14432],0.73,0.01,0.7,0.76,0.0,0.0,9621.56,7141.8,1.0
p[14433],0.73,0.01,0.7,0.76,0.0,0.0,9621.44,7074.61,1.0
p[14434],0.8,0.02,0.75,0.84,0.0,0.0,11873.68,6681.39,1.0
p[14435],0.68,0.02,0.65,0.71,0.0,0.0,9147.02,7043.0,1.0
p[14436],0.86,0.03,0.81,0.91,0.0,0.0,10386.73,5543.96,1.0
p[14437],0.68,0.02,0.65,0.71,0.0,0.0,9142.31,7010.52,1.0
p[14438],0.73,0.01,0.7,0.76,0.0,0.0,9618.21,7040.02,1.0
p[14439],0.68,0.02,0.65,0.71,0.0,0.0,9136.93,7109.65,1.0
p[14440],0.8,0.02,0.76,0.83,0.0,0.0,9083.53,5632.74,1.0
p[14441],0.7,0.03,0.64,0.75,0.0,0.0,9938.23,6965.87,1.0
p[14442],0.79,0.03,0.74,0.83,0.0,0.0,11597.97,7004.82,1.0
p[14443],0.73,0.01,0.71,0.76,0.0,0.0,9610.17,7097.17,1.0
p[14444],0.75,0.02,0.71,0.8,0.0,0.0,10376.15,6488.82,1.0
p[14445],0.51,0.03,0.46,0.56,0.0,0.0,9552.83,7267.16,1.0
p[14446],0.69,0.02,0.66,0.72,0.0,0.0,9117.6,7139.83,1.0
p[14447],0.73,0.01,0.71,0.76,0.0,0.0,9605.49,7248.79,1.0
p[14448],0.69,0.02,0.66,0.72,0.0,0.0,9114.42,7040.3,1.0
p[14449],0.8,0.02,0.76,0.83,0.0,0.0,9080.27,5658.35,1.0
p[14450],0.74,0.01,0.71,0.76,0.0,0.0,9601.72,7146.51,1.0
p[14451],0.74,0.01,0.71,0.76,0.0,0.0,9601.88,7146.51,1.0
p[14452],0.74,0.01,0.71,0.76,0.0,0.0,9601.88,7146.51,1.0
p[14453],0.66,0.03,0.62,0.71,0.0,0.0,8818.97,6969.78,1.0
p[14454],0.74,0.01,0.71,0.76,0.0,0.0,9602.22,7215.74,1.0
p[14455],0.74,0.01,0.71,0.76,0.0,0.0,9602.32,7215.74,1.0
p[14456],0.8,0.02,0.76,0.84,0.0,0.0,9079.09,5679.77,1.0
p[14457],0.74,0.01,0.71,0.76,0.0,0.0,9602.1,7283.87,1.0
p[14458],0.74,0.01,0.71,0.76,0.0,0.0,9602.28,7283.87,1.0
p[14459],0.74,0.01,0.71,0.76,0.0,0.0,9602.28,7283.87,1.0
p[14460],0.69,0.02,0.66,0.72,0.0,0.0,9103.55,7261.65,1.0
p[14461],0.69,0.02,0.66,0.72,0.0,0.0,9098.09,7331.96,1.0
p[14462],0.74,0.01,0.71,0.76,0.0,0.0,9600.85,7318.42,1.0
p[14463],0.81,0.02,0.76,0.85,0.0,0.0,11837.64,6641.59,1.0
p[14464],0.79,0.02,0.74,0.84,0.0,0.0,11590.36,6911.93,1.0
p[14465],0.69,0.02,0.66,0.72,0.0,0.0,9093.36,7403.7,1.0
p[14466],0.8,0.02,0.77,0.84,0.0,0.0,9075.82,5744.37,1.0
p[14467],0.84,0.01,0.82,0.87,0.0,0.0,9020.44,7178.07,1.0
p[14468],0.69,0.02,0.66,0.72,0.0,0.0,9088.9,7345.89,1.0
p[14469],0.74,0.01,0.72,0.77,0.0,0.0,9595.69,7249.38,1.0
p[14470],0.74,0.01,0.72,0.77,0.0,0.0,9594.65,7285.07,1.0
p[14471],0.71,0.03,0.66,0.76,0.0,0.0,9920.9,7028.49,1.0
p[14472],0.52,0.03,0.47,0.56,0.0,0.0,9540.53,7288.92,1.0
p[14473],0.69,0.02,0.67,0.72,0.0,0.0,9081.15,7510.48,1.0
p[14474],0.85,0.01,0.82,0.87,0.0,0.0,9002.39,7177.34,1.0
p[14475],0.74,0.01,0.72,0.77,0.0,0.0,9591.17,7391.47,1.0
p[14476],0.7,0.02,0.67,0.72,0.0,0.0,9078.35,7436.46,1.0
p[14477],0.74,0.01,0.72,0.77,0.0,0.0,9588.44,7391.18,1.0
p[14478],0.74,0.01,0.72,0.77,0.0,0.0,9587.99,7347.44,1.0
p[14479],0.85,0.01,0.82,0.87,0.0,0.0,8990.04,7250.8,1.0
p[14480],0.7,0.02,0.67,0.73,0.0,0.0,9070.42,7413.59,1.0
p[14481],0.74,0.01,0.72,0.77,0.0,0.0,9586.57,7312.34,1.0
p[14482],0.74,0.01,0.72,0.77,0.0,0.0,9585.1,7307.33,1.0
p[14483],0.67,0.03,0.63,0.72,0.0,0.0,8806.95,6844.0,1.0
p[14484],0.74,0.01,0.72,0.77,0.0,0.0,9585.1,7307.33,1.0
p[14485],0.74,0.01,0.72,0.77,0.0,0.0,9583.64,7280.2,1.0
p[14486],0.74,0.01,0.72,0.77,0.0,0.0,9583.64,7280.2,1.0
p[14487],0.7,0.02,0.67,0.73,0.0,0.0,9063.71,7237.38,1.0
p[14488],0.75,0.01,0.72,0.77,0.0,0.0,9582.96,7306.66,1.0
p[14489],0.87,0.02,0.83,0.92,0.0,0.0,10344.78,5398.49,1.0
p[14490],0.81,0.02,0.77,0.85,0.0,0.0,11801.51,6669.66,1.0
p[14491],0.7,0.02,0.67,0.73,0.0,0.0,9061.07,7238.3,1.0
p[14492],0.71,0.03,0.66,0.76,0.0,0.0,9902.35,7129.24,1.0
p[14493],0.7,0.02,0.67,0.73,0.0,0.0,9053.02,7375.25,1.0
p[14494],0.75,0.01,0.72,0.77,0.0,0.0,9577.74,7348.07,1.0
p[14495],0.77,0.02,0.73,0.81,0.0,0.0,10353.67,6378.5,1.0
p[14496],0.53,0.03,0.48,0.58,0.0,0.0,9524.26,7119.89,1.0
p[14497],0.7,0.02,0.67,0.73,0.0,0.0,9046.12,7234.25,1.0
p[14498],0.75,0.01,0.72,0.77,0.0,0.0,9572.29,7340.26,1.0
p[14499],0.7,0.02,0.67,0.73,0.0,0.0,9044.32,7099.12,1.0
p[14500],0.68,0.03,0.63,0.73,0.0,0.0,8798.72,6779.73,1.0
p[14501],0.75,0.01,0.73,0.77,0.0,0.0,9572.79,7268.18,1.0
p[14502],0.75,0.01,0.73,0.77,0.0,0.0,9572.31,7268.18,1.0
p[14503],0.75,0.01,0.73,0.77,0.0,0.0,9572.31,7268.18,1.0
p[14504],0.75,0.01,0.73,0.77,0.0,0.0,9571.3,7347.11,1.0
p[14505],0.71,0.02,0.68,0.73,0.0,0.0,9038.26,7009.59,1.0
p[14506],0.75,0.01,0.73,0.78,0.0,0.0,9571.86,7269.59,1.0
p[14507],0.75,0.01,0.73,0.78,0.0,0.0,9570.55,7269.59,1.0
p[14508],0.85,0.01,0.83,0.88,0.0,0.0,8888.53,7222.52,1.0
p[14509],0.75,0.01,0.73,0.78,0.0,0.0,9569.69,7199.74,1.0
p[14510],0.75,0.01,0.73,0.78,0.0,0.0,9569.16,7198.5,1.0
p[14511],0.81,0.02,0.78,0.85,0.0,0.0,9061.57,5743.82,1.0
p[14512],0.71,0.02,0.68,0.73,0.0,0.0,9031.12,7005.09,1.0
p[14513],0.81,0.02,0.78,0.85,0.0,0.0,9061.14,5743.82,1.0
p[14514],0.71,0.02,0.68,0.74,0.0,0.0,9027.94,7037.52,1.0
p[14515],0.82,0.02,0.78,0.86,0.0,0.0,11758.28,6639.73,1.0
p[14516],0.71,0.02,0.68,0.74,0.0,0.0,9022.92,6969.98,1.0
p[14517],0.76,0.01,0.73,0.78,0.0,0.0,9563.66,7125.47,1.0
p[14518],0.72,0.03,0.67,0.77,0.0,0.0,9880.36,7193.69,1.0
p[14519],0.76,0.01,0.73,0.78,0.0,0.0,9564.71,7160.12,1.0
p[14520],0.76,0.01,0.73,0.78,0.0,0.0,9564.22,7229.62,1.0
p[14521],0.78,0.02,0.74,0.82,0.0,0.0,10323.42,6273.11,1.0
p[14522],0.71,0.02,0.68,0.74,0.0,0.0,9015.58,7001.59,1.0
p[14523],0.71,0.02,0.68,0.74,0.0,0.0,9013.93,6906.21,1.0
p[14524],0.86,0.01,0.83,0.88,0.0,0.0,8835.05,7098.55,1.0
p[14525],0.76,0.01,0.73,0.78,0.0,0.0,9561.95,7161.29,1.0
p[14526],0.76,0.01,0.73,0.78,0.0,0.0,9561.95,7161.29,1.0
p[14527],0.76,0.01,0.73,0.78,0.0,0.0,9561.95,7161.29,1.0
p[14528],0.69,0.02,0.64,0.73,0.0,0.0,8785.7,6774.25,1.0
p[14529],0.76,0.01,0.74,0.78,0.0,0.0,9560.22,7092.99,1.0
p[14530],0.71,0.02,0.68,0.74,0.0,0.0,9010.79,6934.8,1.0
p[14531],0.76,0.01,0.74,0.78,0.0,0.0,9561.19,7059.96,1.0
p[14532],0.81,0.02,0.76,0.85,0.0,0.0,11564.19,6886.03,1.0
p[14533],0.76,0.01,0.74,0.78,0.0,0.0,9560.54,7099.63,1.0
p[14534],0.72,0.02,0.69,0.74,0.0,0.0,9008.5,6904.75,1.0
p[14535],0.76,0.01,0.74,0.78,0.0,0.0,9561.01,7167.05,1.0
p[14536],0.88,0.02,0.84,0.92,0.0,0.0,10295.95,5718.59,1.0
p[14537],0.72,0.02,0.69,0.74,0.0,0.0,9006.11,6812.16,1.0
p[14538],0.73,0.03,0.68,0.78,0.0,0.0,9863.75,7102.57,1.0
p[14539],0.76,0.01,0.74,0.79,0.0,0.0,9560.36,7200.47,1.0
p[14540],0.87,0.03,0.82,0.92,0.0,0.0,11522.04,6341.56,1.0
p[14541],0.72,0.01,0.69,0.74,0.0,0.0,8999.65,6844.75,1.0
p[14542],0.76,0.01,0.74,0.79,0.0,0.0,9560.35,7103.74,1.0
p[14543],0.55,0.03,0.5,0.59,0.0,0.0,9492.92,7172.05,1.0
p[14544],0.76,0.01,0.74,0.79,0.0,0.0,9559.62,7031.77,1.0
p[14545],0.82,0.02,0.79,0.86,0.0,0.0,9063.57,5637.59,1.0
p[14546],0.72,0.01,0.69,0.75,0.0,0.0,8997.5,6787.82,1.0
p[14547],0.76,0.01,0.74,0.79,0.0,0.0,9559.7,7031.77,1.0
p[14548],0.86,0.01,0.84,0.88,0.0,0.0,8771.33,7128.31,1.0
p[14549],0.73,0.03,0.68,0.78,0.0,0.0,9857.64,7092.55,1.0
p[14550],0.72,0.01,0.69,0.75,0.0,0.0,8997.2,6847.54,1.0
p[14551],0.83,0.02,0.79,0.87,0.0,0.0,11715.28,6744.69,1.0
p[14552],0.77,0.01,0.74,0.79,0.0,0.0,9559.94,7077.02,1.0
p[14553],0.86,0.01,0.84,0.88,0.0,0.0,8757.67,7156.62,1.0
p[14554],0.7,0.02,0.65,0.74,0.0,0.0,8776.51,6745.72,1.0
p[14555],0.77,0.01,0.74,0.79,0.0,0.0,9560.07,7209.64,1.0
p[14556],0.77,0.01,0.74,0.79,0.0,0.0,9561.03,7230.1,1.0
p[14557],0.77,0.01,0.74,0.79,0.0,0.0,9561.03,7230.1,1.0
p[14558],0.77,0.01,0.74,0.79,0.0,0.0,9560.92,7230.1,1.0
p[14559],0.77,0.01,0.74,0.79,0.0,0.0,9560.66,7230.1,1.0
p[14560],0.77,0.01,0.74,0.79,0.0,0.0,9560.66,7230.1,1.0
p[14561],0.72,0.01,0.69,0.75,0.0,0.0,8995.9,6910.27,1.0
p[14562],0.79,0.02,0.75,0.83,0.0,0.0,10300.87,6222.22,1.0
p[14563],0.86,0.01,0.84,0.88,0.0,0.0,8740.14,7156.95,1.0
p[14564],0.77,0.01,0.74,0.79,0.0,0.0,9560.83,7267.89,1.0
p[14565],0.72,0.01,0.69,0.75,0.0,0.0,8995.47,6818.13,1.0
p[14566],0.72,0.01,0.69,0.75,0.0,0.0,8995.06,6878.62,1.0
p[14567],0.83,0.02,0.79,0.86,0.0,0.0,9102.75,5635.87,1.0
p[14568],0.73,0.01,0.7,0.75,0.0,0.0,8993.45,6911.2,1.0
p[14569],0.77,0.01,0.75,0.79,0.0,0.0,9561.69,7202.94,1.0
p[14570],0.77,0.01,0.75,0.79,0.0,0.0,9562.02,7370.36,1.0
p[14571],0.74,0.03,0.69,0.79,0.0,0.0,9848.56,6869.18,1.0
p[14572],0.79,0.02,0.75,0.83,0.0,0.0,10293.85,6196.41,1.0
p[14573],0.56,0.03,0.51,0.6,0.0,0.0,9485.21,7105.13,1.0
p[14574],0.77,0.01,0.75,0.79,0.0,0.0,9563.79,7179.98,1.0
p[14575],0.73,0.01,0.7,0.75,0.0,0.0,8993.77,7137.6,1.0
p[14576],0.73,0.01,0.7,0.75,0.0,0.0,8993.64,7137.6,1.0
p[14577],0.77,0.01,0.75,0.8,0.0,0.0,9564.17,7180.22,1.0
p[14578],0.87,0.01,0.84,0.89,0.0,0.0,8698.41,7122.81,1.0
p[14579],0.77,0.01,0.75,0.8,0.0,0.0,9564.98,7188.31,1.0
p[14580],0.77,0.01,0.75,0.8,0.0,0.0,9565.0,7188.31,1.0
p[14581],0.77,0.01,0.75,0.8,0.0,0.0,9564.68,7188.31,1.0
p[14582],0.77,0.01,0.75,0.8,0.0,0.0,9565.18,7188.31,1.0
p[14583],0.73,0.01,0.7,0.76,0.0,0.0,8990.23,6929.33,1.0
p[14584],0.77,0.01,0.75,0.8,0.0,0.0,9563.59,7243.87,1.0
p[14585],0.77,0.01,0.75,0.8,0.0,0.0,9563.59,7243.87,1.0
p[14586],0.73,0.01,0.7,0.76,0.0,0.0,8990.45,6959.68,1.0
p[14587],0.89,0.02,0.85,0.93,0.0,0.0,10270.2,5810.38,1.0
p[14588],0.77,0.01,0.75,0.8,0.0,0.0,9563.52,7245.09,1.0
p[14589],0.73,0.01,0.7,0.76,0.0,0.0,8988.87,6959.6,1.0
p[14590],0.78,0.01,0.75,0.8,0.0,0.0,9565.21,7142.99,1.0
p[14591],0.73,0.01,0.7,0.76,0.0,0.0,8988.2,6865.21,1.0
p[14592],0.84,0.02,0.8,0.87,0.0,0.0,11647.6,6686.74,1.0
p[14593],0.75,0.02,0.7,0.79,0.0,0.0,9842.76,6867.66,1.0
p[14594],0.57,0.03,0.52,0.61,0.0,0.0,9479.33,7072.96,1.0
p[14595],0.78,0.01,0.75,0.8,0.0,0.0,9566.51,7249.14,1.0
p[14596],0.73,0.01,0.71,0.76,0.0,0.0,8987.7,6927.66,1.0
p[14597],0.74,0.01,0.71,0.76,0.0,0.0,8986.69,6928.31,1.0
p[14598],0.71,0.02,0.67,0.76,0.0,0.0,8760.42,6744.47,1.0
p[14599],0.84,0.02,0.8,0.87,0.0,0.0,11634.48,6611.42,1.0
p[14600],0.78,0.01,0.76,0.8,0.0,0.0,9570.57,7336.56,1.0
p[14601],0.74,0.01,0.71,0.76,0.0,0.0,8986.51,6960.57,1.0
p[14602],0.72,0.02,0.67,0.76,0.0,0.0,8759.72,6714.75,1.0
p[14603],0.78,0.01,0.76,0.8,0.0,0.0,9573.45,7359.96,1.0
p[14604],0.87,0.01,0.85,0.89,0.0,0.0,8653.21,6925.84,1.0
p[14605],0.78,0.01,0.76,0.8,0.0,0.0,9574.68,7397.42,1.0
p[14606],0.78,0.01,0.76,0.8,0.0,0.0,9574.68,7397.42,1.0
p[14607],0.72,0.02,0.67,0.76,0.0,0.0,8759.83,6685.18,1.0
p[14608],0.78,0.01,0.76,0.8,0.0,0.0,9574.6,7397.42,1.0
p[14609],0.78,0.01,0.76,0.8,0.0,0.0,9574.6,7397.42,1.0
p[14610],0.74,0.01,0.71,0.77,0.0,0.0,8988.78,6934.93,1.0
p[14611],0.78,0.01,0.76,0.8,0.0,0.0,9576.96,7397.42,1.0
p[14612],0.78,0.01,0.76,0.8,0.0,0.0,9577.28,7397.42,1.0
p[14613],0.84,0.02,0.81,0.87,0.0,0.0,9060.56,5593.91,1.0
p[14614],0.74,0.01,0.71,0.77,0.0,0.0,8988.51,6965.54,1.0
p[14615],0.75,0.02,0.71,0.8,0.0,0.0,9841.34,6972.65,1.0
p[14616],0.78,0.01,0.76,0.81,0.0,0.0,9582.9,7470.91,1.0
p[14617],0.74,0.01,0.71,0.77,0.0,0.0,8990.96,6921.79,1.0
p[14618],0.8,0.02,0.76,0.84,0.0,0.0,10258.65,6434.57,1.0
p[14619],0.78,0.01,0.76,0.81,0.0,0.0,9582.88,7470.91,1.0
p[14620],0.58,0.03,0.53,0.62,0.0,0.0,9476.84,6975.85,1.0
p[14621],0.78,0.01,0.76,0.81,0.0,0.0,9583.01,7396.7,1.0
p[14622],0.74,0.01,0.72,0.77,0.0,0.0,8992.93,6829.42,1.0
p[14623],0.74,0.01,0.72,0.77,0.0,0.0,8992.85,6829.42,1.0
p[14624],0.79,0.01,0.76,0.81,0.0,0.0,9587.0,7378.98,1.0
p[14625],0.83,0.02,0.79,0.87,0.0,0.0,11521.49,6857.49,1.0
p[14626],0.79,0.01,0.76,0.81,0.0,0.0,9587.26,7468.89,1.0
p[14627],0.79,0.01,0.76,0.81,0.0,0.0,9587.26,7468.89,1.0
p[14628],0.74,0.01,0.72,0.77,0.0,0.0,8991.59,6828.76,1.0
p[14629],0.79,0.01,0.76,0.81,0.0,0.0,9588.03,7467.92,1.0
p[14630],0.79,0.01,0.77,0.81,0.0,0.0,9589.04,7467.9,1.0
p[14631],0.88,0.01,0.85,0.9,0.0,0.0,8581.72,7001.03,1.0
p[14632],0.79,0.01,0.77,0.81,0.0,0.0,9590.33,7581.69,1.0
p[14633],0.9,0.02,0.86,0.93,0.0,0.0,10231.46,5938.38,1.0
p[14634],0.79,0.01,0.77,0.81,0.0,0.0,9591.29,7581.69,1.0
p[14635],0.75,0.01,0.72,0.77,0.0,0.0,8996.67,6645.39,1.0
p[14636],0.79,0.01,0.77,0.81,0.0,0.0,9592.96,7581.69,1.0
p[14637],0.75,0.01,0.72,0.77,0.0,0.0,8997.16,6674.38,1.0
p[14638],0.76,0.02,0.71,0.8,0.0,0.0,9830.59,7005.68,1.0
p[14639],0.88,0.01,0.85,0.9,0.0,0.0,8585.0,6994.34,1.0
p[14640],0.89,0.02,0.85,0.93,0.0,0.0,11160.17,6155.95,1.0
p[14641],0.79,0.01,0.77,0.81,0.0,0.0,9599.13,7525.25,1.0
p[14642],0.75,0.01,0.72,0.78,0.0,0.0,8999.04,6792.33,1.0
p[14643],0.85,0.02,0.81,0.88,0.0,0.0,11562.47,6490.73,1.0
p[14644],0.84,0.02,0.81,0.88,0.0,0.0,9040.37,5592.93,1.0
p[14645],0.85,0.02,0.81,0.88,0.0,0.0,11557.34,6462.54,1.0
p[14646],0.79,0.01,0.77,0.81,0.0,0.0,9602.94,7450.31,1.0
p[14647],0.75,0.01,0.72,0.78,0.0,0.0,9003.13,6793.09,1.0
p[14648],0.81,0.02,0.77,0.85,0.0,0.0,10234.83,6552.2,1.0
p[14649],0.75,0.01,0.72,0.78,0.0,0.0,9003.87,6671.92,1.0
p[14650],0.88,0.01,0.86,0.9,0.0,0.0,8588.11,6903.69,1.0
p[14651],0.85,0.02,0.82,0.88,0.0,0.0,9044.26,5634.29,1.0
p[14652],0.79,0.01,0.77,0.81,0.0,0.0,9607.51,7562.7,1.0
p[14653],0.79,0.01,0.77,0.81,0.0,0.0,9607.51,7562.7,1.0
p[14654],0.79,0.01,0.77,0.81,0.0,0.0,9609.08,7562.7,1.0
p[14655],0.88,0.01,0.86,0.9,0.0,0.0,8582.28,6903.69,1.0
p[14656],0.79,0.01,0.77,0.82,0.0,0.0,9609.89,7561.14,1.0
p[14657],0.79,0.01,0.77,0.82,0.0,0.0,9609.89,7561.14,1.0
p[14658],0.79,0.01,0.77,0.82,0.0,0.0,9610.02,7563.26,1.0
p[14659],0.75,0.01,0.73,0.78,0.0,0.0,9009.57,6962.76,1.0
p[14660],0.79,0.01,0.77,0.82,0.0,0.0,9610.92,7603.7,1.0
p[14661],0.88,0.01,0.86,0.9,0.0,0.0,8578.56,6898.74,1.0
p[14662],0.75,0.01,0.73,0.78,0.0,0.0,9011.93,7059.84,1.0
p[14663],0.85,0.02,0.82,0.88,0.0,0.0,9034.25,5706.76,1.0
p[14664],0.75,0.01,0.73,0.78,0.0,0.0,9012.54,7190.2,1.0
p[14665],0.8,0.01,0.77,0.82,0.0,0.0,9614.36,7641.66,1.0
p[14666],0.77,0.02,0.72,0.81,0.0,0.0,9823.56,7150.32,1.0
p[14667],0.76,0.01,0.73,0.78,0.0,0.0,9014.46,7159.55,1.0
p[14668],0.8,0.01,0.77,0.82,0.0,0.0,9618.51,7528.83,1.0
p[14669],0.85,0.02,0.82,0.89,0.0,0.0,11519.81,6458.12,1.0
p[14670],0.6,0.03,0.55,0.64,0.0,0.0,9464.6,7072.42,1.0
p[14671],0.8,0.01,0.78,0.82,0.0,0.0,9623.2,7641.31,1.0
p[14672],0.76,0.01,0.73,0.78,0.0,0.0,9018.18,7264.67,1.0
p[14673],0.82,0.02,0.78,0.85,0.0,0.0,10219.67,6580.17,1.0
p[14674],0.76,0.01,0.73,0.78,0.0,0.0,9020.79,7128.91,1.0
p[14675],0.8,0.01,0.78,0.82,0.0,0.0,9626.96,7603.44,1.0
p[14676],0.8,0.01,0.78,0.82,0.0,0.0,9630.79,7679.32,1.0
p[14677],0.88,0.01,0.86,0.9,0.0,0.0,8577.02,6697.7,1.0
p[14678],0.8,0.01,0.78,0.82,0.0,0.0,9632.97,7679.48,1.0
p[14679],0.84,0.02,0.8,0.88,0.0,0.0,11593.35,6851.34,1.0
p[14680],0.76,0.01,0.73,0.79,0.0,0.0,9027.14,7062.79,1.0
p[14681],0.8,0.01,0.78,0.82,0.0,0.0,9634.87,7679.29,1.0
p[14682],0.8,0.01,0.78,0.82,0.0,0.0,9634.87,7679.29,1.0
p[14683],0.8,0.01,0.78,0.82,0.0,0.0,9634.87,7679.29,1.0
p[14684],0.85,0.02,0.82,0.89,0.0,0.0,11489.28,6440.11,1.0
p[14685],0.8,0.01,0.78,0.82,0.0,0.0,9635.58,7718.51,1.0
p[14686],0.76,0.01,0.73,0.79,0.0,0.0,9029.64,7133.04,1.0
p[14687],0.85,0.02,0.82,0.88,0.0,0.0,9034.21,5828.57,1.0
p[14688],0.8,0.01,0.78,0.82,0.0,0.0,9638.14,7717.88,1.0
p[14689],0.77,0.02,0.73,0.82,0.0,0.0,9820.75,7080.86,1.0
p[14690],0.76,0.01,0.73,0.79,0.0,0.0,9032.6,7133.04,1.0
p[14691],0.85,0.02,0.81,0.88,0.0,0.0,11581.92,6851.6,1.0
p[14692],0.76,0.01,0.73,0.79,0.0,0.0,9339.63,7261.73,1.0
p[14693],0.8,0.01,0.78,0.82,0.0,0.0,9644.5,7797.22,1.0
p[14694],0.8,0.01,0.78,0.83,0.0,0.0,9646.16,7757.33,1.0
p[14695],0.76,0.01,0.74,0.79,0.0,0.0,9323.39,7296.24,1.0
p[14696],0.6,0.03,0.56,0.65,0.0,0.0,9471.53,7139.23,1.0
p[14697],0.8,0.01,0.78,0.83,0.0,0.0,9649.08,7666.32,1.0
p[14698],0.85,0.02,0.81,0.88,0.0,0.0,11569.95,6898.79,1.0
p[14699],0.77,0.01,0.74,0.79,0.0,0.0,9302.91,7057.65,1.0
p[14700],0.77,0.01,0.74,0.79,0.0,0.0,9300.27,7057.65,1.0
p[14701],0.81,0.01,0.78,0.83,0.0,0.0,9654.58,7665.64,1.0
p[14702],0.81,0.01,0.78,0.83,0.0,0.0,9655.02,7627.18,1.0
p[14703],0.77,0.01,0.74,0.79,0.0,0.0,9287.68,7024.72,1.0
p[14704],0.81,0.01,0.78,0.83,0.0,0.0,9656.77,7627.4,1.0
p[14705],0.89,0.01,0.87,0.91,0.0,0.0,8572.29,7043.9,1.0
p[14706],0.86,0.02,0.82,0.89,0.0,0.0,11446.76,6402.74,1.0
p[14707],0.81,0.01,0.78,0.83,0.0,0.0,9658.55,7627.4,1.0
p[14708],0.89,0.01,0.87,0.91,0.0,0.0,8570.17,7043.9,1.0
p[14709],0.81,0.01,0.78,0.83,0.0,0.0,9659.35,7627.4,1.0
p[14710],0.89,0.01,0.87,0.91,0.0,0.0,8566.26,7043.9,1.0
p[14711],0.81,0.01,0.78,0.83,0.0,0.0,9659.45,7744.9,1.0
p[14712],0.81,0.01,0.78,0.83,0.0,0.0,9659.71,7744.9,1.0
p[14713],0.77,0.01,0.74,0.79,0.0,0.0,9259.7,7157.71,1.0
p[14714],0.77,0.01,0.74,0.8,0.0,0.0,9251.18,7090.29,1.0
p[14715],0.89,0.01,0.87,0.91,0.0,0.0,8584.76,6949.25,1.0
p[14716],0.89,0.01,0.87,0.91,0.0,0.0,8585.18,6949.25,1.0
p[14717],0.85,0.02,0.81,0.89,0.0,0.0,11546.97,6899.71,1.0
p[14718],0.81,0.01,0.79,0.83,0.0,0.0,9667.07,7645.7,1.0
p[14719],0.77,0.01,0.74,0.8,0.0,0.0,9220.81,7025.01,1.0
p[14720],0.81,0.01,0.79,0.83,0.0,0.0,9668.67,7645.7,1.0
p[14721],0.81,0.01,0.79,0.83,0.0,0.0,9673.57,7643.7,1.0
p[14722],0.77,0.01,0.74,0.8,0.0,0.0,9201.34,6992.72,1.0
p[14723],0.77,0.01,0.74,0.8,0.0,0.0,9189.52,6992.74,1.0
p[14724],0.85,0.02,0.82,0.89,0.0,0.0,11531.09,6964.16,1.0
p[14725],0.81,0.01,0.79,0.83,0.0,0.0,9679.13,7370.14,1.0
p[14726],0.81,0.01,0.79,0.83,0.0,0.0,9680.07,7370.14,1.0
p[14727],0.81,0.01,0.79,0.84,0.0,0.0,9682.83,7370.14,1.0
p[14728],0.77,0.01,0.75,0.8,0.0,0.0,9171.67,6865.88,1.0
p[14729],0.81,0.01,0.79,0.84,0.0,0.0,9683.48,7370.14,1.0
p[14730],0.86,0.02,0.83,0.89,0.0,0.0,9016.31,5941.89,1.0
p[14731],0.91,0.02,0.88,0.94,0.0,0.0,10150.14,6064.79,1.0
p[14732],0.81,0.01,0.79,0.84,0.0,0.0,9964.41,7467.23,1.0
p[14733],0.78,0.01,0.75,0.8,0.0,0.0,9150.98,6714.55,1.0
p[14734],0.78,0.01,0.75,0.8,0.0,0.0,9151.13,6714.55,1.0
p[14735],0.78,0.01,0.75,0.8,0.0,0.0,9136.52,6743.97,1.0
p[14736],0.89,0.01,0.87,0.91,0.0,0.0,8613.39,6889.5,1.0
p[14737],0.81,0.01,0.79,0.84,0.0,0.0,9963.65,7433.25,1.0
p[14738],0.82,0.01,0.79,0.84,0.0,0.0,9962.04,7433.25,1.0
p[14739],0.78,0.01,0.75,0.8,0.0,0.0,9114.65,6595.1,1.0
p[14740],0.86,0.02,0.82,0.89,0.0,0.0,11503.96,6942.06,1.0
p[14741],0.78,0.01,0.75,0.8,0.0,0.0,9112.7,6566.97,1.0
p[14742],0.82,0.01,0.8,0.84,0.0,0.0,9964.39,7471.07,1.0
p[14743],0.82,0.01,0.8,0.84,0.0,0.0,9963.67,7471.07,1.0
p[14744],0.78,0.01,0.75,0.81,0.0,0.0,9093.82,6595.77,1.0
p[14745],0.82,0.01,0.8,0.84,0.0,0.0,9963.94,7469.7,1.0
p[14746],0.9,0.01,0.88,0.91,0.0,0.0,8630.35,6676.0,1.0
p[14747],0.9,0.01,0.88,0.91,0.0,0.0,8632.6,6675.82,1.0
p[14748],0.86,0.02,0.82,0.89,0.0,0.0,11493.38,6966.11,1.0
p[14749],0.87,0.01,0.84,0.89,0.0,0.0,9032.24,5900.54,1.0
p[14750],0.9,0.01,0.88,0.91,0.0,0.0,8639.12,6795.61,1.0
p[14751],0.78,0.01,0.75,0.81,0.0,0.0,9080.24,6481.24,1.0
p[14752],0.82,0.01,0.8,0.84,0.0,0.0,9967.34,7469.7,1.0
p[14753],0.82,0.01,0.8,0.84,0.0,0.0,9967.54,7470.06,1.0
p[14754],0.78,0.01,0.75,0.81,0.0,0.0,9075.07,6481.24,1.0
p[14755],0.82,0.01,0.8,0.84,0.0,0.0,9964.97,7188.83,1.0
p[14756],0.82,0.01,0.8,0.84,0.0,0.0,9965.55,7188.83,1.0
p[14757],0.82,0.01,0.8,0.84,0.0,0.0,9964.82,7132.48,1.0
p[14758],0.82,0.01,0.8,0.84,0.0,0.0,9964.52,7167.08,1.0
