obs,pareto_shape
0,-0.07601487019201023
1,-0.07601487019201023
2,-0.07876485632175273
3,0.023376336022331787
4,-0.11049833300744036
5,-0.11605350201650236
6,-0.055652003662773175
7,-0.019095707406934774
8,-0.047301989000872055
9,-0.01918536121737631
10,0.013812479338014112
11,-0.04904457886726711
12,0.051179070888199264
13,-0.12076807817622123
14,-0.11899249540376503
15,-0.02864288986555459
16,-0.03998101552499692
17,-0.03998101552499692
18,-0.04229527696346004
19,-0.13233570121239097
20,-0.1055917193999183
21,-0.11171453656288532
22,-0.012867076012211494
23,-0.11608122720778946
24,-0.0905078133078395
25,-0.1282915643347769
26,-0.12631412123366698
27,-0.04244371444657555
28,-0.0038428482402275074
29,-0.12040516301924353
30,-0.10949572693539913
31,-0.1316945908920464
32,-0.08697331898765015
33,0.05040321980326715
34,-0.05350276870190146
35,0.17392129300107004
36,-0.028254794436230087
37,-0.05137840624969989
38,0.0008459715806613324
39,-0.16279193280277043
40,-0.10116407431191811
41,-0.07347454506139439
42,-0.16981344042499866
43,-0.10726656423057238
44,-0.06507868228809376
45,0.0015682704672271008
46,-0.062154698494318594
47,-0.056120158548830304
48,0.057690673761986486
49,0.037561761124047924
50,-0.1251657810760347
51,-0.03484856834292314
52,-0.07162033133586207
53,-0.039379870152508774
54,-0.06919367390097482
55,-0.06973968166567635
56,0.02276930202071694
57,-0.08056261126718792
58,-0.20260965124112337
59,-0.20372634529879435
60,-0.007905401009479195
61,-0.062081417430354086
62,-0.09976932643534364
63,-0.09757245620394804
64,-0.09746834987135887
65,-0.05858590544896777
66,0.0836698401187085
67,-0.0698996857184055
68,0.17072163667255472
69,0.012965373214632965
70,0.012965373214632965
71,-0.000775837417565043
72,-0.21729402993648717
73,-0.08635473002831277
74,0.01867305163117485
75,-0.08440226929519108
76,-0.051377560916720647
77,-0.0796093702527263
78,0.012085765731370105
79,-0.08964545077925826
80,-0.0928636882180637
81,-0.21146926303716157
82,-0.21142320115411967
83,-0.12084416532314748
84,-0.0683927280426026
85,-0.07804160506041857
86,-0.07804160506041857
87,-0.12295588760014459
88,-0.12151317048404442
89,-0.12151317048404442
90,-0.08026702911587945
91,0.04274841779437459
92,-0.02967571405790566
93,0.040785561014844415
94,0.04066543715925136
95,-0.08147124303170766
96,0.06924639684064686
97,0.00430654939687143
98,-0.07485243526315338
99,-0.04810504056271253
100,-0.11479555006387412
101,-0.05241569943577119
102,-0.07142818759253666
103,-0.11547763075517684
104,-0.030946890446486942
105,-0.07479129629486647
106,-0.006415559010981883
107,0.03874546866057109
108,-0.21530626342857023
109,-0.21507503711786338
110,-0.07747689007574454
111,-0.07792181223422111
112,-0.11607100659292571
113,-0.07554462429891527
114,-0.11429820273272409
115,-0.11429820273272409
116,0.06399955961494799
117,0.036540586851033695
118,-0.07575029023312105
119,0.03117283200466247
120,-0.07579139634310961
121,0.03117283200466247
122,0.07812443838750907
123,0.05189059719231431
124,-0.07615479704529149
125,-0.10261009260484592
126,-0.07592888773694248
127,0.03947364058639102
128,-0.08226211537628475
129,-0.09077410306904993
130,-0.10993683361638068
131,-0.07212529581383408
132,-0.0032826846757760195
133,-0.10233907876617576
134,-0.21201414936969903
135,-0.11790718875377967
136,-0.10755705145623196
137,-0.00779502928698441
138,-0.10074285054373748
139,-0.10021691256594686
140,-0.04385492544562965
141,-0.09864620195412893
142,-0.07844054068324066
143,-0.08771023815437297
144,-0.024253464997965324
145,0.0403494424083077
146,-0.07888833217467729
147,-0.05479327720603461
148,-0.05479327720603461
149,-0.08098045742859233
150,-0.20502403872331978
151,0.08233793482158015
152,-0.10573610151544993
153,-0.09692229421320944
154,-0.11572448177815278
155,-0.04177919820748443
156,-0.1119826561418033
157,-0.01784832339423654
158,-0.09184999931816568
159,-0.19324167264748043
160,-0.07780773989345714
161,-0.08871232068827414
162,-0.08871232068827414
163,-0.023845545828014576
164,-0.11043070428521462
165,-0.10736605644131908
166,-0.10543352858546093
167,-0.10543352858546093
168,-0.02242831996772899
169,-0.02770896051338788
170,-0.07177461675391827
171,-0.026854019457943898
172,0.09216814560469098
173,-0.023670608667722512
174,-0.11631611617418433
175,-0.01656654269674296
176,0.03540401143030386
177,-0.10754648335929429
178,-0.029448817116873235
179,-0.07709023197593187
180,-0.12144364723610249
181,-0.03776945832945708
182,-0.03383234998902362
183,-0.10367105090553654
184,-0.10540797101479568
185,-0.18499698503871148
186,-0.010633773499583471
187,-0.11545683958456682
188,-0.10238656124857103
189,-0.02853518016883177
190,-0.02853518016883177
191,-0.18178329757710718
192,-0.010650560733559751
193,-0.11405845900206987
194,-0.11583074323707673
195,-0.018136249928905432
196,-0.07965716002204876
197,-0.012791876549843456
198,-0.10235105167511621
199,-0.0955444856276684
200,0.09259906650975869
201,-0.04820619094262722
202,-0.1182412937607697
203,-0.043136972717649186
204,-0.10636998539873563
205,-0.11768167992835393
206,-0.034808235989502556
207,-0.10134290999826612
208,-0.11850657039975013
209,-0.11850657039975013
210,-0.010461750065924803
211,-0.11452539132859146
212,-0.10312016004381737
213,-0.11781704729290776
214,-0.023402560872991224
215,-0.09238410687298151
216,-0.11583046678250336
217,-0.11537203258398568
218,-0.019634633231206747
219,-0.08300694921756646
220,-0.11356878776862814
221,-0.11740571385707446
222,-0.0857985743374731
223,-0.08188093383631218
224,-0.12246472395440158
225,-0.024842020516888927
226,-0.09041755499938846
227,-0.20078950095266349
228,-0.08131156580047007
229,-0.04478957315315796
230,0.0968559791867314
231,-0.027589689755149742
232,-0.07583641954630099
233,-0.07774171220284737
234,-0.12558108287755995
235,-0.03415643837661352
236,0.006114706784080871
237,-0.12554402258706626
238,-0.12508080118268666
239,-0.12427122766388188
240,-0.07519817726689511
241,-0.01106355344034847
242,-0.01106355344034847
243,-0.12157668146797876
244,-0.11828603736415177
245,-0.07428734532590775
246,-0.11716649023646383
247,0.04369566656166722
248,-0.11674685193196954
249,0.002639800724738718
250,-0.08262790900385308
251,-0.08813393794930573
252,-0.11377536430961713
253,-0.08343555699313304
254,-0.08522277203242264
255,0.042778740534488685
256,-0.0336673447921606
257,-0.11702761907356507
258,0.09448197118237239
259,-0.08628363637832875
260,-0.12962876656429306
261,-0.08553643519722318
262,-0.021703556875463048
263,-0.19938323088748014
264,-0.07823149947477495
265,-0.07823149947477495
266,0.007429275600468081
267,0.050152976366470176
268,-0.07788532487526822
269,-0.12042723338901479
270,-0.0057074638908218775
271,-0.0766117215364136
272,0.0036025137758535497
273,-0.08183625031443185
274,-0.11291104730084242
275,-0.0436486650024695
276,0.015637270261369362
277,-0.10946204027405473
278,-0.1088727534760903
279,-0.10827814484547668
280,-0.10703882224543365
281,-0.003638852926342348
282,-0.08579109745968164
283,-0.1001568341362066
284,-0.10900346354187154
285,-0.07091640403573288
286,-0.07091640403573288
287,-0.06900799868519546
288,-0.11959735566172613
289,-0.0745306219227389
290,0.08851092380349851
291,-0.0466643780161842
292,-0.13569188593729906
293,-0.09909421253259086
294,-0.06267220529252042
295,-0.13170196598734318
296,-0.020329162826734956
297,-0.13674888458256157
298,0.015397794100353001
299,-0.05745956900738719
300,-0.0036084321132729136
301,-0.13179528850395
302,-0.05375512170335196
303,-0.1886483655209124
304,-0.12873109771866495
305,-0.06617813935818284
306,-0.0017549687320451562
307,-0.0017549687320451562
308,-0.07923165813865347
309,-0.04844506062167865
310,-0.0053586830213742526
311,-0.12354116371748891
312,-0.04381006872372879
313,0.07188355619457462
314,-0.059335665305133
315,0.08711833414666695
316,-0.059335665305133
317,-0.08925200241845627
318,0.0029167996261848517
319,-0.05576812669816787
320,-0.10480133333594877
321,-0.10110404696370312
322,-0.04855522617665384
323,-0.05103048882155571
324,-0.04435963763657021
325,-0.03354286355269628
326,-0.04725854725204677
327,-0.08581740481069947
328,-0.009751744011365054
329,-0.14665531937507442
330,-0.06453539788696755
331,-0.08953088748725438
332,-0.16394544472569647
333,-0.07153008981417987
334,-0.08625463248522175
335,-0.08398210747505379
336,-0.08428380055954586
337,0.006541585563124314
338,-0.07294209240912758
339,-0.01776631511015149
340,-0.08986171005792784
341,-0.07955113711155286
342,0.08462663972582951
343,-0.08687369614257137
344,-0.10538289771230153
345,-0.039523909596621006
346,0.07839360985237007
347,-0.062181169125814284
348,-0.062181169125814284
349,-0.0858470946455605
350,0.011530445518797932
351,-0.14262579164474287
352,-0.09122972829199669
353,-0.022579115096956516
354,-0.029592569600691516
355,-0.08321142780174064
356,-0.023442816959594936
357,-0.10506538333154512
358,-0.0943454072302038
359,-0.006180545628997572
360,-0.09099895813147298
361,-0.09183102074423433
362,-0.09318061767092954
363,-0.09375859300785161
364,-0.09486376354467818
365,-0.059484557587836995
366,-0.06728129674848111
367,-0.06728129674848111
368,-0.0945190557248057
369,-0.09922431011444227
370,-0.10045619344286902
371,-0.09428978597975005
372,0.008448721072353813
373,-0.08195351907232272
374,-0.014495548203046785
375,-0.08792764962640527
376,0.07548193094226878
377,-0.06534880295488567
378,-0.11620314348540789
379,-0.0737585001620368
380,-0.07132162600280599
381,-0.01798692424635316
382,-0.09634219930360888
383,-0.16752002918764997
384,-0.07001889626391652
385,-0.0645667662833579
386,-0.09915053210737493
387,-0.07080628122800771
388,-0.09490777693799049
389,-0.07604964553263964
390,-0.06286447072297073
391,-0.00948740475364021
392,-0.058425270974708676
393,-0.08838443170244212
394,-0.08838443170244212
395,-0.08873658162253532
396,-0.08880318259136183
397,-0.08191337865112629
398,0.045375543945850354
399,-0.048943115088583594
400,-0.04907735617201575
401,0.07849169944560068
402,-0.08649112939400808
403,-0.05088062381375419
404,-0.003293635971621467
405,-0.06540000466256715
406,-0.06540000466256715
407,-0.025653190270612185
408,-0.1027720067280226
409,0.031235137784985864
410,-0.06816495582166658
411,0.004153548162804933
412,-0.102785128807459
413,-0.003191437820930683
414,-0.09190257043486331
415,-0.059634233301395834
416,-0.054451965437224456
417,-0.09043125317900039
418,-0.08911117546858388
419,-0.010137779590184207
420,-0.03553685896413197
421,-0.09112539217398805
422,-0.02570070945260019
423,-0.02570070945260019
424,-0.09112539217398805
425,-0.04127038910998053
426,-0.04845564841823177
427,-0.09225806791189334
428,-0.10688138287191185
429,0.008977051808448436
430,-0.122533851434143
431,0.041367430275778994
432,-0.026072853062200717
433,-0.09168728831350229
434,-0.015999157972036368
435,0.07566858735958201
436,-0.025053751204409752
437,-0.1484677933309957
438,0.022384161078118137
439,-0.0975897734077644
440,-0.0327062158532396
441,-0.08135304067018573
442,-0.06874623690070966
443,-0.14727139890108737
444,-0.10901384918105814
445,-0.07148735693726002
446,-0.0016683337334523762
447,-0.09611648187369644
448,-0.11030753059569479
449,-0.08065744368578905
450,-0.08455360774054543
451,-0.08320805914694278
452,-0.08260399575676558
453,-0.016072137587778368
454,0.0025514023252287167
455,-0.07519730447461595
456,0.0209646263579059
457,-0.012617214015418002
458,-0.09556680893923694
459,-0.008568272557073577
460,0.04186240311591643
461,-0.0296828356481394
462,-0.008939165298601878
463,-0.06625410710328414
464,-0.022386610655165437
465,0.07198087676362423
466,-0.041993082313606975
467,-0.07350939572408535
468,-0.07350939572408535
469,-0.02915269681647411
470,0.03157396092196357
471,-0.0696064843225619
472,-0.07356255420530602
473,-0.1050099671691001
474,-0.1528619742368283
475,-0.013434055664275475
476,-0.024923867351356793
477,-0.024923867351356793
478,-0.010370740038394374
479,0.004539220285478551
480,0.05246153750960071
481,-0.05707005246078564
482,-0.05707005246078564
483,-0.10548025981769771
484,-0.05889792966910139
485,0.005413807666104147
486,0.011361607317248494
487,-0.058802094686283446
488,-0.11797805734349195
489,0.00857457326953978
490,-0.024208947709786252
491,-0.011581644020045054
492,-0.012752185348486184
493,-0.06965993816305842
494,-0.06695133473874469
495,-0.014700486471554627
496,-0.05678234466374513
497,-0.11203178021800225
498,-0.10932518024057616
499,0.008320407573564484
500,-0.06433521200916989
501,-0.06322573209508839
502,0.002486254178018104
503,-0.06202724080217431
504,-0.001874389516236058
505,-0.0757908113023423
506,-0.006475164637765686
507,-0.010057073842339774
508,-0.09258413282539706
509,-0.060036964707892174
510,-0.05702842697670185
511,-0.05702842697670185
512,-0.05702842697670185
513,0.014186503542847808
514,-0.05020988497863593
515,-0.013220052507521868
516,-0.08508317395741732
517,0.010887509848061234
518,-0.06712627938607188
519,-0.07616478950403825
520,-0.07399498149799501
521,-0.06935632944736005
522,0.016038449845941844
523,0.024185759739440843
524,0.021248056569794754
525,-0.02694059608331001
526,-0.05108183198780733
527,0.020521017125045296
528,-0.12714367302047966
529,0.02053594731266851
530,0.025096549654024438
531,-0.13937103361980435
532,-0.004564955148797879
533,0.03048374417254469
534,0.035406785475797606
535,-0.0392079891505593
536,-0.016749247710943098
537,0.016966239449702325
538,0.02806768242116414
539,0.028095189654835342
540,0.04056498574564058
541,-0.005750486451887825
542,0.011418016137328945
543,0.03903120974036596
544,-0.04140738565432072
545,-0.0016355190818194629
546,-0.1348190150138584
547,-0.0744240846305271
548,0.01064923293601049
549,0.006881265881155316
550,-0.018768300349050776
551,-0.030406929477838546
552,0.003562531361461046
553,-0.12790423384763877
554,0.0036233915061260613
555,-0.03291302391195151
556,-0.07500986810373841
557,-0.024546798283776664
558,-0.014144479696297833
559,0.03655914624338205
560,-0.012182351306279149
561,-0.017257314845892248
562,-0.015995038194007265
563,0.0339760923811309
564,-0.019042472509084085
565,-0.009570645173552897
566,-0.01891269774398433
567,-0.02450737846773131
568,-0.037900347998531
569,-0.02581834924477796
570,-0.021049164592245276
571,-0.017508606277572135
572,-0.013552814469066678
573,-0.019244805236763238
574,-0.015633184525087565
575,-0.014028497066313456
576,-0.09512752609396138
577,-0.017366916101078975
578,-0.02169467246877385
579,0.047242126289884584
580,-0.02368622701906129
581,-0.09024545357751759
582,-0.10240514757617462
583,-0.10240514757617462
584,-0.036735980350813664
585,-0.022344892443394646
586,0.041618938999482866
587,0.05904981087307273
588,-0.021680046573045952
589,-0.016407442145635373
590,-0.03204420189276092
591,-0.031458733506891774
592,-0.005660618787300314
593,-0.0422605121037485
594,-0.02702870931002152
595,-0.0272755696357128
596,0.027158985351312254
597,-0.04505890142239399
598,-0.04790058609054418
599,-0.028442267032851076
600,-0.010133594608463487
601,-0.06941465701897259
602,-0.04668446294511645
603,-0.02981651112577831
604,-0.05130120121718876
605,-0.014016144944675589
606,-0.04951706249302254
607,-0.027404183982222267
608,-0.026265446082903113
609,-0.04453689303306664
610,-0.022285946219543537
611,0.04660055723047776
612,-0.04672175146396104
613,-0.01783511806304599
614,-0.054695752898924685
615,-0.05868980402394543
616,-0.07981262902395474
617,-0.030417539265432413
618,-0.01841950334781281
619,0.004170214698093077
620,0.016802084668013775
621,-0.0616647210077296
622,-0.051012083977396205
623,-0.004074105197802526
624,0.01297578967336856
625,-0.05164985385174092
626,-0.007160357319349178
627,-0.05371526925650261
628,-0.010198863026165975
629,-0.0295846309742471
630,-0.05040905136099892
631,-0.009264420370567357
632,-0.04811213794361223
633,-0.039820898504144074
634,-0.009103519475631087
635,0.0019853755999816557
636,-0.07974061526924499
637,-0.04293496619616803
638,-0.010077240269236572
639,-0.04168021280803103
640,0.03691315158627122
641,-0.08790764795985238
642,-0.08790764795985238
643,-0.022362743951298683
644,0.0698973031717603
645,0.03214621272774077
646,-0.03760309193358069
647,-0.006729558737336293
648,-0.07824382233127093
649,-0.028837745459645
650,-0.07841892057637856
651,-0.0053301311858076385
652,-0.03496753184091492
653,0.014263046888234534
654,0.006972192693906988
655,-0.03702334111637509
656,0.027665058143806567
657,0.009014242740657586
658,0.008991481343470427
659,-0.040433380602447805
660,-0.07452619256515482
661,-0.11998852456304937
662,-0.0475296998073763
663,-0.04746928182333693
664,-0.04398247738625159
665,0.016485828192038584
666,-0.06733454044565888
667,-0.03460359221312266
668,0.00034852025399684586
669,-0.0448063206988147
670,0.03266860927232975
671,0.025165759409315102
672,-0.025338831719473126
673,-0.025338831719473126
674,-0.04582627558628008
675,-0.1022539430552595
676,-0.025814728964483336
677,-0.08492165287349228
678,-0.04036396690517046
679,-0.1665442671305289
680,0.000994257616516149
681,0.013181145257338088
682,0.03890980300163245
683,-0.05229853463534767
684,0.008425559694001118
685,0.017665533111726132
686,-0.05784939098991958
687,-0.004898991405318763
688,-0.0623825234801967
689,-0.0623825234801967
690,-0.0660308389175102
691,-0.08550301828998443
692,-0.04950139017018995
693,-0.06719032861969423
694,-0.02604891475250571
695,0.03147531032103283
696,0.03297738878577997
697,-0.165482792330898
698,-0.07374608380471279
699,0.01365916184431977
700,0.03069661986723654
701,-0.006589549819085973
702,0.01331604565198746
703,-0.08234307915265204
704,-0.07917544894121793
705,-0.05193771034621858
706,0.013964658654553956
707,0.026010989794708093
708,0.02667413994418568
709,0.02736487571064664
710,-0.11235847365136484
711,-0.11235847365136484
712,0.025089082118930642
713,-0.05912197483023503
714,-0.05069158571365161
715,-0.08350133117030809
716,-0.08374790435113533
717,0.02588120683263793
718,0.026327605798419296
719,0.01172511329906899
720,-0.08562633746295943
721,-0.08610836841434613
722,-0.0006316937216727936
723,-0.0006316937216727936
724,-0.0884763660261487
725,-0.0884763660261487
726,-0.1518326049927289
727,-0.04820894675477738
728,0.03270008037044739
729,-0.11955575160642773
730,0.031269026899093035
731,0.04320449384364993
732,-0.1181993070012341
733,0.03237739558696234
734,0.03348059593455961
735,-0.09593915674661194
736,-0.14942183913866885
737,0.008917316718712834
738,-0.07280583886735756
739,-0.11494298722076554
740,-0.09539140185274422
741,-0.0960809378243322
742,0.036504671620736714
743,-0.05565919134089864
744,-0.15063936810525655
745,0.013182774406490275
746,0.0353593362124173
747,-0.09820303213555702
748,-0.07670570215360178
749,0.030700651586566596
750,-0.096135529568947
751,-0.09674149109098348
752,-0.09980878570762061
753,-0.09803256679826806
754,0.030922161084535132
755,-0.03343292408998747
756,0.031180311139358707
757,-0.06436049735982877
758,0.03637573009199274
759,-0.10224572573158687
760,0.036772212179294286
761,-0.062178235826504336
762,0.09742146369013616
763,0.06473214491988251
764,-0.018906742124218667
765,0.021147018581847563
766,-0.06351247585100267
767,0.05951075161508667
768,-0.03082368588431826
769,0.025281246881961726
770,-0.10664792257059919
771,0.050126194762985146
772,0.05098150636968969
773,-0.11042163339480546
774,0.08425481343724639
775,0.0419392491181097
776,-0.04708987877136085
777,0.09175676039329847
778,0.03836887052603108
779,-0.024775330853148654
780,-0.024775330853148654
781,-0.11326036546533674
782,-0.07807086117540353
783,-0.11155303368633213
784,-0.12072533560386689
785,-0.055644862186225746
786,-0.0808693207794877
787,-0.0808693207794877
788,0.038839939040388766
789,0.03428285880642885
790,0.07380255517590358
791,0.04168962324348755
792,-0.07097486266837273
793,-0.08002776299582468
794,0.032966353696472786
795,0.0436926834813796
796,-0.11939790306082898
797,-0.05581424516584178
798,0.031531472420740815
799,-0.09054762235865825
800,-0.13010774666428354
801,0.015604745470657023
802,0.028248639085417408
803,-0.12833214585892055
804,0.02380366588224015
805,-0.10800271019312899
806,-0.06217530271601179
807,-0.05419210273676438
808,-0.03132466430937046
809,0.056280657833086147
810,-0.12492843402640008
811,-0.1257650407384006
812,-0.08264884898874365
813,-0.004994152204147059
814,0.025526433067620445
815,0.025526433067620445
816,-0.07847592081240339
817,0.017762889282966397
818,-0.13038642425261213
819,-0.07363735414413138
820,-0.07363735414413138
821,-0.12661521717193702
822,0.02263754137801425
823,-0.12488604586222152
824,-0.12378476199724958
825,0.03659755153394981
826,-0.043546168757696097
827,-0.11454338403783867
828,0.028474722109288128
829,-0.05911423305932398
830,0.014293331654594281
831,-0.06631828783714826
832,-0.05420778426987419
833,-0.10885710220417491
834,0.041226185666298806
835,0.0237675997877114
836,-0.11116466823401272
837,0.01305152563919588
838,-0.10933777716580545
839,0.06948608585634067
840,-0.1078937127406843
841,-0.00519404922644489
842,-0.10664482662292876
843,-0.06899961738114967
844,-0.03923000773098918
845,-0.07385510494347959
846,-0.010001132039227228
847,-0.010082798413723407
848,0.02773451591400943
849,-0.06372580031153853
850,-0.07089456228350317
851,-0.010644746113454347
852,0.08205101235043914
853,-0.059950046179426175
854,0.04748363511251313
855,0.02826806642667025
856,-0.10210902300632113
857,-0.00812865431829525
858,-0.10148341075849678
859,-0.10485632912580342
860,-0.05954906700345178
861,-0.10387537753428525
862,-0.07430690311062942
863,-0.005784959685625382
864,-0.010285209218123426
865,-0.052408368336955294
866,-0.057725929955492666
867,-0.09962339896614877
868,-0.10043264111484529
869,-0.01946698895210848
870,0.05513941221370236
871,-0.02343304073406159
872,-0.043162511557880034
873,-0.0247206822686463
874,0.05289204085583971
875,-0.07216206753113197
876,-0.07216206753113197
877,-0.026492531610212255
878,-0.09428154786010819
879,-0.049413504734159994
880,-0.02394854630729456
881,-0.06245119880105729
882,-0.05249639952011395
883,0.021072318183521836
884,-0.08652822798088548
885,-0.020417479681848046
886,0.03034328998652939
887,0.042284774770649396
888,-0.042722876043062165
889,-0.08793077631737087
890,-0.08524355236241045
891,-0.029788198978512447
892,-0.07912187062488968
893,-0.031846891094739385
894,-0.074141288259773
895,-0.06880816803935488
896,-0.08238904613296594
897,-0.06415460151390334
898,-0.041025377118601124
899,-0.011331576194949088
900,-0.037827537100454105
901,-0.09634049950010423
902,0.04015952697580784
903,0.04015952697580784
904,0.04519773587995331
905,-0.038240157651533664
906,0.12104307595517128
907,-0.05428816167986386
908,0.045346394855390014
909,-0.05277072963442368
910,-0.07007861352589001
911,0.009299202753006094
912,0.03134649123165953
913,-0.05017147383501484
914,-0.03388770028683619
915,-0.04472985128413437
916,-0.034955373973082585
917,-0.045616226869589854
918,-0.048071471264997445
919,-0.04641691894180568
920,-0.044374954479318274
921,-0.029138952144625807
922,-0.044374954479318274
923,-0.029197057212899363
924,0.01322748934193016
925,-0.06936794360001512
926,-0.061799286387564004
927,-0.03986235839904478
928,-0.01682192729856105
929,-0.038727693638968747
930,0.03158475003957385
931,0.028035844557263934
932,-0.05748550770719632
933,-0.12073216570540335
934,-0.032078958906146246
935,-0.12073216570540335
936,0.030445305800775365
937,0.017281219643145274
938,-0.02817735008798221
939,0.11553028154481419
940,-0.049114636245931625
941,-0.015013160665009948
942,0.00886888078442911
943,-0.040404398976028925
944,-0.050415905114210305
945,-0.06529057613020546
946,-0.03984700080951813
947,-0.06196407709807156
948,-0.025907946355107132
949,-0.025411354879152234
950,-0.024979323097497813
951,-0.024979323097497813
952,0.05068461049118872
953,-0.03031460745968924
954,-0.0473265368205823
955,-0.02412195059737341
956,-0.025900865808550805
957,-0.027244245104654223
958,0.00362653454336935
959,-0.018311467645599648
960,-0.021629746535662263
961,-0.023401508288885563
962,0.02593274967851924
963,-0.042240168777655
964,-0.03467059813626053
965,0.03339492343211555
966,-0.12421782224795827
967,-0.015049245511111572
968,0.023988901984025514
969,-0.029198791736094326
970,-0.026590005813608
971,0.04511030024868326
972,-0.020970549704145164
973,-0.06435501924111478
974,-0.018803642275024367
975,0.020066870923783755
976,-0.03682900499768742
977,-0.013886446046436636
978,-0.014805516009422232
979,-0.03954151911649163
980,-0.134689976709228
981,0.013142895196220328
982,-0.03833684050118956
983,-0.040480132668220856
984,-0.03721491246636648
985,-0.02279385296836424
986,-0.018757545300294505
987,-0.044597794967098495
988,0.012740451938772174
989,0.019913221766349475
990,0.020113705995966655
991,-0.044708901050778044
992,0.05262463005536627
993,-0.044258485335866585
994,-0.03862014026430288
995,-0.01430719001351239
996,-0.01430719001351239
997,-0.002391768234064593
998,-0.014367249972485993
999,-0.009626187750810429
1000,0.045279044568520416
1001,-0.0076055208669033
1002,0.0590072307710587
1003,0.0590072307710587
1004,0.023470981019389315
1005,-0.05318120003214452
1006,-0.061890227791518565
1007,-0.03802109311367483
1008,0.024135365638753157
1009,-0.04032178060712496
1010,0.048522537426572754
1011,-0.0098210032553337
1012,-0.04423888218180899
1013,-0.04497499710635644
1014,-0.043062032641295586
1015,0.031230346387111516
1016,-0.014500110205628254
1017,0.08886395319396767
1018,0.02330807180254739
1019,-0.035675843704956425
1020,0.02106446707076319
1021,0.05956822164527847
1022,-0.06188285941325197
1023,-0.014391470469010986
1024,0.06030642073738342
1025,-0.06517220696647301
1026,-0.010616781994164555
1027,-0.010370605601892902
1028,-0.009110679279065753
1029,-0.004779659222949463
1030,0.01756005760746438
1031,-0.06587805758912739
1032,-0.008149041891165245
1033,-0.07294510769138218
1034,0.1097005580428948
1035,-0.03526866746202989
1036,-0.019612686618998794
1037,-0.016477920460399982
1038,0.09793311787450065
1039,-0.04276774937805144
1040,-0.01868284904007029
1041,-0.02269780000227891
1042,-0.022669194143025803
1043,-0.02602390812110711
1044,-0.016917350408640022
1045,-0.08196516009479977
1046,-0.08196516009479977
1047,-0.08699670069551252
1048,-0.012623172817728338
1049,0.009803695450665582
1050,-0.1480899716904998
1051,-0.14768987669665612
1052,-0.15514391590607454
1053,-0.010942845457152319
1054,-0.1550575613519956
1055,-0.022856421793054485
1056,-0.15384434253240592
1057,-0.15488950857394324
1058,-0.006442750344027005
1059,-0.03331645596971235
1060,-0.12166241758603694
1061,-0.11640493004981736
1062,-0.15272976632694057
1063,-0.1502180496710011
1064,-0.02624677607731111
1065,-0.057213853659067546
1066,-0.02635927282876603
1067,0.0024819042556273284
1068,-0.03742093220657394
1069,-0.1625178669367544
1070,-0.014990900032646866
1071,-0.03550097719625476
1072,-0.19209126937652202
1073,-0.0370904349031486
1074,-0.07221257335607835
1075,-0.04190838325805225
1076,-0.20460284571612988
1077,-0.040304580534882666
1078,-0.2068407807147954
1079,-0.08877817414408166
1080,-0.04030541205589612
1081,-0.10386204849627456
1082,0.12252727894861024
1083,-0.19650982189684854
1084,-0.04210064718534798
1085,-0.07904515502174274
1086,-0.048057766482108896
1087,-0.2014557615335274
1088,-0.04457723094749859
1089,-0.03513319183178503
1090,-0.04525593479249625
1091,-0.20179034770804577
1092,-0.04342389447313405
1093,-0.04099903258423846
1094,-0.08632977333624205
1095,-0.2011677270257165
1096,-0.20255099435898552
1097,-0.20269635823077242
1098,-0.05134535589639509
1099,-0.20071349826555202
1100,-0.20071349826555202
1101,-0.058557368663391035
1102,0.026009112948920485
1103,-0.0666175504301379
1104,0.004820571815573507
1105,-0.1045653289697899
1106,-0.1045653289697899
1107,0.13008887875185102
1108,-0.2041851110034448
1109,-0.07660236466780901
1110,-0.021864788586806197
1111,-0.20484183882583884
1112,-0.0828449952770849
1113,-0.0751336222991296
1114,-0.20552040754408768
1115,-0.042110918811576414
1116,-0.20441273522749137
1117,-0.030845170030132735
1118,-0.08462434955475218
1119,-0.08774348399587681
1120,-0.19378787332134467
1121,-0.030848792697171286
1122,-0.042383281092688574
1123,-0.18712927721761816
1124,-0.0870688463398118
1125,-0.1896756784303148
1126,-0.02241237402757077
1127,-0.18613288718867685
1128,-0.18533809373529156
1129,-0.18383251350249472
1130,-0.08572695854698734
1131,-0.08572695854698734
1132,0.006817251904375718
1133,-0.0192840122681927
1134,-0.08349820992007083
1135,-0.019114106070529574
1136,-0.19056347591247014
1137,-0.09665739104101573
1138,-0.0875438024946573
1139,0.13127034071212612
1140,-0.196412893187504
1141,-0.04358673009155367
1142,-0.06213354276080223
1143,-0.059085102331152745
1144,-0.029989956581104288
1145,-0.1921555424639657
1146,-0.09463183393506755
1147,-0.18734684293450304
1148,-0.15702366628799228
1149,-0.06331112435850865
1150,-0.07540979805387296
1151,-0.19689010125261144
1152,-0.1958863494087999
1153,-0.04025962074907905
1154,-0.19487796960641227
1155,-0.19404617520878922
1156,-0.05033079919749697
1157,-0.19686753738755708
1158,-0.19686753738755708
1159,-0.09581387985589623
1160,-0.030094462160637
1161,0.020989279307363835
1162,-0.0908789874296654
1163,-0.12117554054580676
1164,-0.12117554054580676
1165,-0.19118408277582455
1166,0.12504078981101957
1167,0.1272314557353662
1168,-0.18860257807196248
1169,-0.07408149740767303
1170,-0.10980403175238582
1171,-0.19813835171497704
1172,-0.19974496710506356
1173,-0.05258974411102141
1174,-0.0883294023650476
1175,-0.07988767811071179
1176,-0.06890491852531369
1177,-0.1941223642978065
1178,-0.19236951804543398
1179,-0.18830225927379945
1180,-0.04816196536835504
1181,-0.18850198956908432
1182,-0.07079063132497632
1183,-0.1893664623099679
1184,-0.038710089309265915
1185,-0.0404571081900859
1186,0.019054372359644862
1187,-0.059761888532281024
1188,-0.05976105824163004
1189,0.023915580111084408
1190,-0.1876280125239549
1191,0.11804406023650124
1192,-0.1863523116772416
1193,-0.12459135565832996
1194,-0.12204069364200462
1195,-0.08762889271111207
1196,-0.0762615526042939
1197,-0.040980758138095826
1198,-0.17899899082000398
1199,-0.06340914142580328
1200,-0.04736876133497596
1201,-0.03314075941723721
1202,-0.18030764334973812
1203,-0.17935444435674938
1204,-0.17935444435674938
1205,-0.05771667869673733
1206,-0.17557327429096364
1207,-0.08941516187966013
1208,-0.1689493565101419
1209,-0.16479944997072313
1210,-0.09130187128136161
1211,0.017760129992871833
1212,-0.05969899561963868
1213,-0.04217836839458335
1214,-0.04510479844235274
1215,-0.06356129210354165
1216,-0.06384694487857767
1217,-0.1580010728573019
1218,-0.10691854794284847
1219,-0.10691854794284847
1220,0.09326674881056138
1221,-0.04770285254759607
1222,0.12940241724835994
1223,-0.0704369781594621
1224,-0.1489686776334222
1225,-0.046602271703192755
1226,-0.03414482662297248
1227,-0.07539825788263967
1228,-0.07475181483506377
1229,-0.14141603613837936
1230,-0.04578008700038255
1231,-0.07358340834361685
1232,-0.1370130505585837
1233,-0.09180350139354115
1234,-0.13781153779113367
1235,-0.04157647794394063
1236,-0.09416426451551321
1237,-0.1312087074423212
1238,-0.05562729209189145
1239,-0.07378947301823953
1240,-0.0945142401546818
1241,0.13950865260401257
1242,-0.07045243278399675
1243,-0.1304634171672977
1244,-0.09754452933467428
1245,0.01878688263533499
1246,-0.03674604265540255
1247,-0.06568992614532547
1248,-0.12326581527453379
1249,-0.045182329711577915
1250,-0.07269014816995925
1251,-0.08624306939236424
1252,-0.12978260166257968
1253,-0.13227706014997115
1254,-0.040339489719666076
1255,-0.029679062371024537
1256,-0.07623475142760695
1257,-0.08578045640445928
1258,-0.08053653756802914
1259,-0.14607736563094986
1260,-0.07297534097293344
1261,-0.13472943011575156
1262,-0.07592263776348224
1263,-0.076746697116063
1264,-0.14082953708543444
1265,-0.06487910254471832
1266,-0.0886182649495647
1267,-0.13696451148566965
1268,-0.08006308405024706
1269,-0.1323019198429073
1270,-0.13423191452591465
1271,-0.005128954220021388
1272,0.011729025410964166
1273,-0.09327708739913643
1274,-0.12962797068354182
1275,-0.07024867171190753
1276,-0.04931607888309196
1277,-0.034054660383770155
1278,-0.13705533264873887
1279,-0.13858016409826268
1280,-0.06768223734317508
1281,0.16012714730229663
1282,-0.08588909388600034
1283,-0.07717428021209564
1284,-0.10462910567479253
1285,-0.07305677660297677
1286,-0.13609910310107123
1287,-0.13609910310107123
1288,-0.07305677660297677
1289,-0.13672884118756018
1290,-0.13723533715515515
1291,-0.07442887868726551
1292,-0.007877113058074259
1293,-0.0829264229665441
1294,-0.02851764924844303
1295,-0.09260654843477766
1296,-0.016238228073433947
1297,-0.10135747696901636
1298,-0.05933096929799404
1299,-0.01576996039842151
1300,0.14577486398932157
1301,-0.06181704455393203
1302,-0.13336935550454848
1303,-0.06181950283736484
1304,-0.08071147888555268
1305,-0.05658995904018571
1306,-0.014865176950406837
1307,-0.032434957683990226
1308,-0.13078015339269938
1309,-0.09550849868502222
1310,-0.10404399561811407
1311,-0.07342396028021764
1312,-0.12957600521805612
1313,-0.07335143588239143
1314,-0.0963347943625384
1315,-0.13327989805719923
1316,-0.07029237458827126
1317,-0.13417577301766206
1318,-0.10492912277555813
1319,-0.13780936484364964
1320,-0.07414670563909377
1321,-0.0662202190894911
1322,-0.06824128675572472
1323,-0.13971181265620736
1324,-0.02329087858433873
1325,-0.13896667663703557
1326,-0.12314860018653215
1327,-0.0747734775746131
1328,0.06888733655329315
1329,-0.07325386646000387
1330,-0.0885358145457229
1331,0.011409500143694084
1332,-0.026003214556749775
1333,-0.10466677531903777
1334,-0.11613896733440077
1335,-0.07728303327846606
1336,0.16039607155288826
1337,-0.1345268872937918
1338,-0.07317478941937255
1339,-0.08832442508360996
1340,-0.11459985195804856
1341,-0.027075219938787684
1342,-0.09667728618605541
1343,-0.07760822847302698
1344,-0.1315509060148916
1345,-0.07388171522463814
1346,-0.13135306608126573
1347,-0.13227854635517816
1348,-0.1319946636898011
1349,-0.07338218959569388
1350,-0.08344480747253336
1351,-0.12952593601731227
1352,-0.07709447096509159
1353,0.01026207344875468
1354,-0.08399387478492217
1355,0.15700627798453465
1356,-0.11595238248670794
1357,-0.0794416136033678
1358,-0.09014594003834245
1359,-0.1018345045491731
1360,-0.005026285235820733
1361,-0.12521678994630503
1362,-0.021176516262860816
1363,-0.12493051804023575
1364,-0.015372335250621448
1365,-0.10164279863196998
1366,-0.12300812723006777
1367,-0.07661255746726504
1368,-0.08501014422410515
1369,-0.09863027363063923
1370,-0.10977445995583879
1371,-0.06943249221826685
1372,-0.11592379893472818
1373,-0.09544637963724739
1374,-0.11649714644116005
1375,-0.11540341745987048
1376,-0.09146806620950594
1377,-0.11340666225210586
1378,-0.11363389854354439
1379,-0.08169751522315502
1380,0.04659819025210203
1381,-0.07885897118675032
1382,-0.07740083353349805
1383,-0.10635565868714109
1384,-0.10055537249144457
1385,-0.11078768785871881
1386,-0.11031864058324786
1387,-0.11024369929862801
1388,0.15110289381375386
1389,-0.03552549930800682
1390,-0.10418083302418857
1391,-0.11341490096945298
1392,-0.11364690055216559
1393,-0.08548035463061887
1394,-0.011630247222024215
1395,-0.08111881201594297
1396,-0.08508332228700402
1397,-0.10038041024877388
1398,-0.10427886290172199
1399,-0.08973970051710642
1400,-0.10735496487333221
1401,-0.10257771287150919
1402,0.02277775359018878
1403,-0.10268179816410435
1404,-0.10105823209634443
1405,0.02277775359018878
1406,-0.09958021782856515
1407,-0.09714523245714882
1408,-0.018297737881822734
1409,-0.09145601815212351
1410,-0.08783015229695679
1411,-0.09052977369125105
1412,-0.003857255740033049
1413,-0.055581365043718925
1414,-0.0995824272482528
1415,0.014731444521524502
1416,0.16164115788132008
1417,-0.08557658886013177
1418,-0.0727922741005066
1419,-0.09326202075933687
1420,-0.077722512840811
1421,-0.11565466676037273
1422,-0.0123305438449385
1423,0.020557249548148922
1424,-0.09372123413353316
1425,-0.08600765084657938
1426,-0.02883664306605372
1427,-0.09920632654679803
1428,-0.07635581965280727
1429,-0.07688249599359677
1430,-0.07568510307773255
1431,-0.10832118359435425
1432,-0.07387507632999464
1433,0.016049603294447667
1434,-0.11789908771040963
1435,-0.12055243385059475
1436,-0.1001627138029091
1437,0.15139337561422384
1438,-0.0779029020008008
1439,0.10218378734391347
1440,-0.10134947153621364
1441,-0.10607799776966231
1442,-0.0473766257275544
1443,-0.10958213430558328
1444,-0.044184777379996446
1445,-0.08322421616974661
1446,-0.0627681406355059
1447,-0.02624869103476799
1448,-0.016709318532658828
1449,-0.10212570887600153
1450,-0.11268017898909216
1451,-0.06674547806792913
1452,-0.11251170901665458
1453,-0.06285305882925982
1454,-0.1147060671784115
1455,-0.05968394980349087
1456,-0.07511059724643646
1457,-0.058371119325593315
1458,-0.05783829969108695
1459,-0.10187446251289803
1460,-0.1244796078528363
1461,-0.12725697239630127
1462,0.13331500042962
1463,0.003621613187398575
1464,-0.0440171862401012
1465,-0.04747817542856711
1466,-0.08067540026546405
1467,0.01068864907297052
1468,0.01068864907297052
1469,-0.10450646401561542
1470,-0.10573400648672382
1471,-0.08966615585848088
1472,-0.027104786324500252
1473,-0.06021395278877442
1474,-0.04713781404340325
1475,-0.053842104907089544
1476,-0.06234866449470401
1477,-0.12748153007431348
1478,-0.1283991760202663
1479,-0.05156353185610962
1480,-0.04009880604580089
1481,-0.0921057140991865
1482,-0.10674986871232076
1483,-0.10061873444370026
1484,-0.06356071750998712
1485,0.026383238308990406
1486,-0.06201879653787258
1487,-0.06031747741385539
1488,-0.05490828609196326
1489,-0.13909374925777407
1490,0.12168190524582964
1491,-0.13578196718308627
1492,-0.038903348246886155
1493,-0.0967986316156362
1494,-0.05870847013143643
1495,-0.004539258943959477
1496,-0.032430378867349036
1497,0.018846570837204906
1498,0.0031707399106512477
1499,0.021978669636015833
1500,-0.12801333481310317
1501,-0.058886992301001015
1502,-0.13346679634971753
1503,-0.07585334706297668
1504,-0.05627773063988112
1505,0.0070035973601202135
1506,-0.0320497904653177
1507,-0.0521031002381149
1508,-0.050778901204726765
1509,-0.10310740244530629
1510,0.023327808645890173
1511,0.023327808645890173
1512,-0.14142016099500074
1513,-0.020246863186955205
1514,-0.041865146231873956
1515,-0.05384034375869502
1516,-0.054998501623318
1517,-0.1532442768172128
1518,-0.14995786833318642
1519,-0.04749793268132163
1520,-0.05969064171190738
1521,0.0009946907641389634
1522,-0.055280070567050046
1523,-0.07114800795800053
1524,-0.04035695668616054
1525,0.024652800001300147
1526,-0.042695396984049845
1527,-0.04344144362946778
1528,0.003688607420528938
1529,-0.1536935837504128
1530,-0.0583943004642883
1531,-0.15786563009600862
1532,-0.06147337499048426
1533,-0.06112928901212386
1534,-0.06054449743622145
1535,-0.05174693790133712
1536,0.02278491991404563
1537,-0.0007053818386272073
1538,-0.1661343653124653
1539,-0.16675634413189427
1540,-0.03429350936976464
1541,-0.062045275022946225
1542,-0.03252399597264667
1543,-0.030640262780033158
1544,-0.02794031139692134
1545,-0.02412097204639984
1546,-0.16138338030478974
1547,-0.165696432448592
1548,-0.04170029575682754
1549,-0.041260410834888295
1550,-0.042831976800761645
1551,-0.04360875395631568
1552,-0.04567378245623506
1553,-0.057881738146973186
1554,-0.0026634031979374147
1555,-0.17466655698995168
1556,-0.062308539176596345
1557,-0.08396575051974722
1558,-0.059318333604113205
1559,-0.22631267915344186
1560,-0.07132585805277102
1561,-0.08611540551373063
1562,-0.038322114648724065
1563,-0.21035770842284274
1564,0.012543315682471566
1565,-0.1922470691038201
1566,-0.08847642713041001
1567,-0.029351914668068094
1568,-0.18728520335737292
1569,-0.21880644891178558
1570,-0.19648853136353447
1571,-0.06204336860608481
1572,-0.21083714413835497
1573,-0.0894150748682096
1574,-0.08007287684765707
1575,0.020896789760258664
1576,-0.0030496279250484884
1577,-0.004861170286214078
1578,-0.16227774460277886
1579,-0.018590532947022363
1580,-0.16454115446079248
1581,-0.14625337492584864
1582,-0.14358162024951066
1583,-0.14665106985300758
1584,-0.05040643153376087
1585,-0.09333721002706913
1586,-9.252652957777649e-05
1587,-0.06778632656381017
1588,-0.1532619260546198
1589,-0.07100816769562263
1590,-0.1563836152114284
1591,0.034757518532096576
1592,-0.06547629395345805
1593,-0.14552152218159073
1594,-0.05515598420065575
1595,-0.05527280176226369
1596,-0.04813742562154326
1597,-0.14576631701912995
1598,-0.16178862106543077
1599,-0.1458451062874545
1600,-0.14107852012886465
1601,-0.14243168034962905
1602,-0.1464015075487512
1603,0.0037661892952606593
1604,-0.10859331490954127
1605,-0.051062523637053145
1606,-0.050425508153599474
1607,-0.10518850824633325
1608,-0.13875290924877842
1609,-0.008994156404685545
1610,-0.1679978531603551
1611,-0.14272646687177515
1612,-0.039598411465173344
1613,-0.08651371518471368
1614,0.01180793858762923
1615,-0.08846517932558771
1616,-0.08846517932558771
1617,-0.13981804114675206
1618,-0.04380312141960613
1619,0.016662560595972306
1620,0.0007330507645511714
1621,-0.04425042523569457
1622,-0.13742045792039947
1623,-0.043728877314362785
1624,-0.1266080779542122
1625,-0.048799164915055676
1626,-0.11137977998735077
1627,-0.00873424147320636
1628,-0.11274150275718978
1629,-0.029355605654355424
1630,-0.035633040358512114
1631,-0.1104359471859225
1632,-0.0005094287696573233
1633,-0.0641719846947524
1634,-0.14692934623236964
1635,-0.068914146962154
1636,-0.15497889455194078
1637,-0.13897865827968167
1638,-0.07555997553573117
1639,-0.07536961299992123
1640,0.02639988732138068
1641,-0.0193308993950507
1642,-0.06295761558027453
1643,-0.16951639460725518
1644,-0.0621410966772757
1645,-0.06832419103175026
1646,-0.06344379443604142
1647,-0.03138201381131703
1648,-0.13783025610371877
1649,-0.08041407743206685
1650,-0.07052665023580937
1651,-0.07052665023580937
1652,-0.09209947633695487
1653,-0.13471707087843743
1654,-0.0756445092862345
1655,0.02094688363011198
1656,-0.034248765847396966
1657,-0.05262746772882351
1658,-0.005419942348762943
1659,0.004902092930523776
1660,-0.1428098546563349
1661,-0.035108599644802355
1662,0.02469976114696567
1663,0.01913533663922733
1664,-0.14320350627949197
1665,-0.02784623954868619
1666,-0.08737219868941096
1667,-0.0030088673092438997
1668,-0.03258431574037169
1669,-0.03295606295587867
1670,-0.06929405519619206
1671,-0.02897873388244865
1672,-0.16635421477851658
1673,-0.08435149591896654
1674,-0.024282158004151302
1675,-0.036236651640562625
1676,-0.08359163855299455
1677,0.053665917971212354
1678,-0.07727059901900257
1679,-0.07727059901900257
1680,-0.1261938632992442
1681,-0.025193106747984244
1682,-0.08511874333969373
1683,-0.010866257166570692
1684,-0.18597455408850777
1685,-0.014676345947287443
1686,-0.15723851855303472
1687,-0.08829090939623682
1688,0.007062741525744562
1689,-0.07872283930950415
1690,-0.01574509113204732
1691,-0.08333241033201949
1692,-0.01554496758004259
1693,0.05268927106264259
1694,-0.0868826608131665
1695,-0.025166976973966595
1696,-0.035968328271154044
1697,-0.03468288159945698
1698,-0.1617759986382844
1699,-0.08419429599474233
1700,-0.10243664514856028
1701,-0.06678894631330341
1702,0.0254848355418716
1703,-0.017862700875954915
1704,-0.045178575642867536
1705,0.050178199449556066
1706,-0.04699048371584816
1707,-0.04680543221524651
1708,-0.019804313393949793
1709,-0.07468227851428849
1710,0.04822401100978106
1711,-0.07184792701651012
1712,-0.03097919555706983
1713,-0.024201286654276587
1714,-0.07758920217747552
1715,-0.0016438738700511359
1716,-0.17087665479043038
1717,-0.20472461634824857
1718,-0.02054684022616729
1719,0.041197375859905294
1720,-0.07414024375258682
1721,0.028437983246071316
1722,-0.06484517792036476
1723,-0.06484517792036476
1724,0.0070975212021785646
1725,-0.069305237847604
1726,-0.029766872939861896
1727,-0.022759287717413708
1728,-0.05709340638551863
1729,-0.033344541628074445
1730,-0.03154186326667541
1731,-0.034534422181881755
1732,-0.007491272628232126
1733,-0.06946886019247217
1734,-0.029450865654847114
1735,-0.07825577504551091
1736,-0.03642518605311743
1737,-0.008353770578171292
1738,-0.1627832111354591
1739,-0.03523742821500152
1740,-0.20600750274873386
1741,-0.07558554625227727
1742,0.03845185763079166
1743,-0.12103594320994004
1744,-0.07267793666964861
1745,-0.04364843889357441
1746,-0.14978619590022776
1747,0.028171082284420196
1748,-0.023836791372133605
1749,-0.027764148059944503
1750,-0.07330197582573393
1751,-0.02136321482379313
1752,0.038836728953698336
1753,-0.05987792100468281
1754,-0.0731413397752495
1755,-0.011333169717137565
1756,-0.025808656445499623
1757,-0.038260833753004514
1758,-0.03290846323704264
1759,-0.08162658130220776
1760,-0.028854824431716636
1761,-0.025268289626667967
1762,-0.08156170535450497
1763,-0.08365148526446174
1764,0.036528468493539364
1765,-0.14157383061243511
1766,-0.11514540112696955
1767,-0.07689033378121254
1768,0.01961507151621443
1769,-0.08014424441634302
1770,-0.022111814281432683
1771,0.04142142817907213
1772,0.01882421868801652
1773,-0.024342739706683186
1774,-0.024439181147638378
1775,-0.047162987587979585
1776,-0.02711105661287644
1777,-0.026209467150968113
1778,0.03966250073331749
1779,-0.13190003337763542
1780,-0.013634579192967775
1781,-0.0691753478557002
1782,-0.011757067436628556
1783,-0.19937996528199015
1784,-0.06877717605837619
1785,-0.021921553481371335
1786,-0.017015961149556995
1787,-0.07663641885037123
1788,-0.07326210469271299
1789,-0.01546515894677599
1790,0.04331346856108245
1791,0.01689709351392137
1792,-0.050857449538444205
1793,-0.07010151376284585
1794,-0.0051006913450854195
1795,-0.07503277766120428
1796,-0.009668566585272768
1797,0.03221375148741714
1798,-0.11626438663638033
1799,-0.11626438663638033
1800,-0.08210469854492827
1801,-0.020451127874051678
1802,-0.007502630861222204
1803,0.006557496136956416
1804,-0.007502630861222204
1805,-0.008812552788988924
1806,-0.08445000188742618
1807,-0.06861721558430436
1808,-0.0038665871876934974
1809,-0.01161069546540621
1810,-0.20053648451857414
1811,-0.009846333183337164
1812,-0.06223613579531109
1813,0.00485126550982147
1814,-0.06863726327378403
1815,-0.06376283581900942
1816,-0.03701958539068455
1817,-0.040840482860976676
1818,-0.09561032675391315
1819,0.028043907085969086
1820,-0.046898603530689975
1821,0.03488611054472135
1822,-0.09509421410197023
1823,0.05340485644949568
1824,-0.02993512245569733
1825,-0.012210929226935813
1826,0.061075573315941475
1827,-0.06321655849450651
1828,-0.04594202699392991
1829,-0.06350215715638186
1830,0.00798750161493371
1831,-0.0657213723943391
1832,-0.03937397053343955
1833,-0.08288458397920452
1834,-0.039719076203291584
1835,-0.038885618866413965
1836,0.003094608708707876
1837,-0.036212784531513185
1838,-0.03329849665911591
1839,-0.07481732575457785
1840,0.08252359690362647
1841,-0.011400939002481712
1842,-0.10740961413571037
1843,-0.07822568550050729
1844,-0.022802551141671977
1845,-0.031918682287203
1846,-0.0784743510226705
1847,-0.023845396640682893
1848,-0.043934660396408795
1849,-0.004878712243860644
1850,-0.004362074828567437
1851,-0.012614214095870609
1852,-0.06618299679293536
1853,0.00307450635600566
1854,-0.055752870854594
1855,-0.02068654679077627
1856,-0.115632151157748
1857,-0.07016234157989404
1858,-0.1764582228536844
1859,0.08334805756404569
1860,-0.17593919001693473
1861,-0.0739218227852717
1862,-0.05675142089099121
1863,-0.023157832349545847
1864,-0.01979365470817185
1865,-0.0016988739917219095
1866,-0.01910783659444794
1867,-0.10239316808610673
1868,-0.022547165918948384
1869,-0.02584619499704039
1870,-0.02746438089994105
1871,-0.07397224013269814
1872,0.02187808388051244
1873,-0.07127790420941413
1874,0.025273031176121154
1875,-0.00818882099860134
1876,0.09770176028640062
1877,-0.04581241091998353
1878,-0.02832777903036427
1879,-0.06331681820718975
1880,-0.03552889452306833
1881,0.010900561458843867
1882,-0.033853461199608935
1883,-0.0545191403850311
1884,-0.030328631675158174
1885,-0.11618146793857795
1886,-0.07875050779087019
1887,-0.04660983307023141
1888,-0.07602094882824433
1889,-0.03443881347108733
1890,-0.028976160232267595
1891,-0.028608737375299967
1892,0.011713356045527784
1893,0.0873586083128308
1894,0.08339801950638746
1895,-0.08086958961066812
1896,0.007082184242196095
1897,-0.02375252972543175
1898,-0.06216932486221778
1899,-0.02223162994943833
1900,-0.015721967586205428
1901,-0.06329828829425188
1902,0.010782458180206896
1903,-0.054157655223453324
1904,-0.15188448573386648
1905,-0.023924783574612654
1906,-0.15333975438541386
1907,-0.06934058510601968
1908,-0.022489298839735113
1909,-0.08980445010000372
1910,-0.06934058510601968
1911,-0.021740824933622123
1912,-0.08290619888797093
1913,0.0454637431000115
1914,-0.011633432169587066
1915,-0.011707398144919952
1916,0.0041909535870818665
1917,-0.01653869785224376
1918,-0.030529367564072173
1919,-0.10157115367819285
1920,-0.028914660308012367
1921,-0.056155209272210876
1922,-0.05327384278980778
1923,-0.10214199768624824
1924,-0.048068810694398
1925,-0.05639172952959587
1926,-0.10311553646116842
1927,-0.04823498554463827
1928,0.006253815926049532
1929,-0.10381501961831159
1930,-0.0033217471159593323
1931,-0.051503092267738595
1932,-0.13044343802979666
1933,-0.1074691829217386
1934,-0.1022471506802527
1935,-0.057116038797276794
1936,-0.04238640610316977
1937,-0.04725148412277054
1938,0.006055309895578825
1939,-0.05041546680548943
1940,0.05461478122134219
1941,-0.003002992662898305
1942,-0.05942931253037645
1943,0.0530689634152577
1944,-0.04355108050837926
1945,-0.059480619076440436
1946,-0.059480619076440436
1947,-0.10571435489844505
1948,-0.1199291998834783
1949,-0.10998445020161343
1950,-0.04827765958951637
1951,0.056464400620289824
1952,-0.04727906739370483
1953,-0.06103511257467749
1954,-0.038316855583555375
1955,-0.04619148409045226
1956,0.06165010939833076
1957,-0.07459453987825315
1958,-0.02388164249883512
1959,-0.07438171152616534
1960,-0.04395645003743569
1961,-0.04395645003743569
1962,-0.05518459021327539
1963,-0.10043554307447808
1964,0.0083578562209705
1965,-0.07659330423539124
1966,0.012300751276262541
1967,-0.07417405189288982
1968,-0.16634060861809707
1969,-0.07345419165296344
1970,-0.0053456541722715425
1971,0.01132836324760848
1972,-0.07597831883583289
1973,0.0007750095457508335
1974,-0.038885469070779215
1975,0.06427780853932731
1976,-0.09393853463817864
1977,-0.03976694842499905
1978,-0.030363475961232976
1979,-0.13770902394749657
1980,-0.1595409989820284
1981,-0.08230494102080226
1982,-0.08299956653705495
1983,-0.017549880099525593
1984,-0.13397998813192685
1985,-0.08086748023860273
1986,-0.02028789925408684
1987,-0.0422422587005186
1988,-0.07955058030769306
1989,-0.018469876636547776
1990,0.021859742756195275
1991,-0.09219776952779554
1992,-0.07448350753487999
1993,-0.12383057181224136
1994,-0.07657562783613828
1995,-0.07730589890333593
1996,-0.029491973941311624
1997,-0.029491973941311624
1998,-0.031806203181599074
1999,-0.06323552643229284
2000,-0.08289708008423854
2001,-0.08604503845337311
2002,0.07755620384341647
2003,-0.08768891672435108
2004,-0.07969326947123097
2005,-0.03078355005868611
2006,-0.08600203402689705
2007,-0.06815383760513888
2008,-0.05892994363227619
2009,-0.03401126637008747
2010,-0.0818783758224493
2011,-0.023269318369099262
2012,-0.08693432051445364
2013,-0.05461025831951018
2014,-0.08341644950789864
2015,-0.042972913513048855
2016,-0.042143416356638916
2017,-0.007755978880689459
2018,-0.07975698878944731
2019,-0.1505278943826657
2020,-0.07840792653441479
2021,-0.07756525059020004
2022,-0.07999702979920452
2023,-0.046898077930204035
2024,-0.0827843027242299
2025,-0.03470964722985173
2026,-0.052214571070766685
2027,-0.0709293818848108
2028,-0.04150852611538802
2029,-0.08357047287428472
2030,-0.08205250274010571
2031,-0.08278249256866438
2032,-0.07999919586324358
2033,-0.0872186049183016
2034,-0.08619439689523359
2035,-0.03999393666939849
2036,-0.0728840874258915
2037,-0.08888059153182137
2038,-0.07599121964906333
2039,-0.08008821630450665
2040,-0.08172296821388744
2041,-0.1338538342674185
2042,-0.08039824339253014
2043,-0.08963458958660142
2044,-0.07530423618105561
2045,-0.09000792969225675
2046,-0.12906491068970866
2047,0.02681134686690459
2048,-0.031497139503046834
2049,-0.051019554034090905
2050,-0.14748125361256287
2051,-0.09613828244940452
2052,-0.14290577336097302
2053,-0.0531757216300181
2054,-0.007939606693159004
2055,-0.07045277142668863
2056,0.041734977220580616
2057,-0.10115865721898168
2058,-0.08662214606180363
2059,-0.0855016318160892
2060,-0.07836085310516559
2061,-0.07262922534750303
2062,-0.06969294658045092
2063,0.030532001660559548
2064,-0.06772917514625504
2065,-0.0846219422421564
2066,-0.024729648404247642
2067,0.04546250098894688
2068,-0.09043218808881999
2069,-0.08675629183207276
2070,-0.07368181630284382
2071,-0.04105704019753711
2072,-0.0773909368544905
2073,-0.08462162604301975
2074,0.032210492474693916
2075,-0.06719662905424767
2076,-0.0686907042523762
2077,-0.042217377276078605
2078,-0.060572827390215425
2079,-0.060572827390215425
2080,-0.06467511239127348
2081,-0.09700664823761307
2082,-0.06426386924230368
2083,-0.09775941239011648
2084,-0.051168171277406596
2085,-0.0589144957278489
2086,0.009902802503573446
2087,0.04814489470771767
2088,-0.05390082704225417
2089,-0.028618655758092422
2090,-0.028618655758092422
2091,-0.06960079193942713
2092,-0.07248942807579062
2093,-0.0631194205217378
2094,-0.05063095325519304
2095,-0.0804911604278213
2096,-0.027003946948609657
2097,-0.0838020973348932
2098,-0.038390721974829047
2099,-0.15146334704090705
2100,-0.05468846034630476
2101,-0.05021013241169578
2102,-0.08319481094049506
2103,-0.08556096616246806
2104,-0.08673358033885775
2105,-0.08673358033885775
2106,-0.09229321743739452
2107,-0.0905316735054624
2108,-0.09799008317543847
2109,-0.06541465710908756
2110,-0.06673046393658946
2111,0.03986797501585905
2112,-0.08969399417040946
2113,-0.1032744684357218
2114,-0.03507197534082611
2115,-0.020113064771842055
2116,-0.07103012896052263
2117,-0.10731681348380284
2118,-0.09442445989811818
2119,-0.16732769512895293
2120,-0.0955874202064565
2121,-0.06894481907950704
2122,-0.1165368415345098
2123,-0.041253531996403914
2124,-0.006217008287923334
2125,-0.06161604661374656
2126,-0.12053643088175983
2127,-0.04535238250905013
2128,-0.1189698405305678
2129,-0.11723806563218131
2130,-0.06390967314551613
2131,-0.1161673006717977
2132,-0.06769289546611336
2133,-0.11689595183836035
2134,-0.07517681917991466
2135,0.04288615285902065
2136,-0.12673287863493218
2137,-0.059430357374180204
2138,-0.08416932955838813
2139,-0.06117511881079153
2140,-0.08416932955838813
2141,-0.002986371410956711
2142,0.037528760000559006
2143,-0.0685713897550041
2144,0.015805050024188028
2145,-0.12526895839476085
2146,-0.04401023792077412
2147,0.0072346024266735556
2148,-0.0692303472481173
2149,-0.06989836165273207
2150,-0.11990267609965355
2151,-0.03665523286374798
2152,-0.06608533431692945
2153,-0.12240262771338431
2154,-0.048793460428102425
2155,-0.11754002875892519
2156,0.04802535256958455
2157,-0.11518421973343762
2158,-0.08151471389850418
2159,-0.10940546535606532
2160,-0.05987539653808022
2161,0.010341798959412117
2162,-0.11144885938644145
2163,-0.06403050444658494
2164,-0.012272587618636518
2165,-0.12889479125038478
2166,-0.11487412890043724
2167,-0.04897539584891014
2168,0.03597708275181902
2169,-0.06065986503536333
2170,-0.12695662533310864
2171,-0.12985952828962627
2172,-0.07715721072949652
2173,-0.16127148522781043
2174,0.009145686942864018
2175,-0.031256592928198906
2176,-0.1299489267720441
2177,-0.053240296723400776
2178,-0.15802962831803838
2179,-0.047388093496140565
2180,-0.047900000889518735
2181,-0.07977735202093797
2182,-0.17153922863464388
2183,-0.17153922863464388
2184,-0.05204501808979843
2185,-0.12561319275353128
2186,-0.12657149794956915
2187,-0.1270827228283284
2188,0.05079605133359762
2189,-0.060234451569680506
2190,-0.031121893327089936
2191,-0.014632919933102298
2192,-0.13965568175020443
2193,0.03338060103812162
2194,-0.062506313137835
2195,-0.1366917391940864
2196,-0.050942960665966014
2197,-0.1366917391940864
2198,-0.050942960665966014
2199,-0.0007609672474609627
2200,-0.06147829735714476
2201,0.0034352987775930627
2202,-0.13228004291895773
2203,-0.012384421870368124
2204,-0.13436345506487693
2205,-0.1549849405462232
2206,-0.026891826234540096
2207,-0.09818307580117415
2208,-0.15457740169906345
2209,-0.05102789680058829
2210,-0.049238905725738386
2211,-0.11994259694109649
2212,-0.16440400154950827
2213,-0.05445074308757386
2214,-0.01261296178412983
2215,-0.034493268070517155
2216,-0.01463948001849006
2217,-0.16086451823839404
2218,-0.06820506001548128
2219,-0.1220948526942566
2220,-0.1220948526942566
2221,-0.1220948526942566
2222,-0.10301124077859379
2223,-0.0710606907771048
2224,-0.14277917350388125
2225,-0.029788614038712954
2226,-0.07105423493869252
2227,-0.1634011206719834
2228,0.04272808772240551
2229,-0.1393308245338746
2230,-0.08283529688860522
2231,-0.10759880633534863
2232,-0.03517908553942332
2233,-0.03026539851677914
2234,-0.10290907959501253
2235,-0.050667838371451404
2236,-0.10574231086908617
2237,-0.07484311788646622
2238,-0.13352629334566174
2239,-0.07721223610182365
2240,-0.07722211584266397
2241,-0.12422817986206156
2242,-0.040510229572786396
2243,-0.1244166728229307
2244,-0.10821832653235294
2245,-0.10180475173827937
2246,-0.07739263047947027
2247,-0.10272342094565529
2248,-0.10202838909918802
2249,-0.10202838909918802
2250,-0.07711034957098731
2251,-0.04086829551547692
2252,-0.09954600261787677
2253,-0.09636999788733454
2254,-0.0815994919428514
2255,-0.051235469242355
2256,0.052391684169451294
2257,0.050878367331753604
2258,-0.09675952319954166
2259,-0.09675952319954166
2260,-0.039705879578717004
2261,-0.14931234399839005
2262,-0.136884045511529
2263,-0.0630167914814122
2264,-0.0476328804149698
2265,-0.0975557704163948
2266,-0.03980746341963995
2267,-0.06648340465047886
2268,0.0007638567678261605
2269,-0.1719584928195587
2270,-0.03067200922264912
2271,-0.06469377390069159
2272,-0.09171232171808026
2273,-0.09171232171808026
2274,-0.0936953396985586
2275,-0.12279128839617184
2276,-0.09390058666563834
2277,-0.09398558660734725
2278,-0.10942292674252968
2279,-0.1427495947707796
2280,-0.07238088321881697
2281,-0.07102693699129795
2282,-0.07635162814565476
2283,0.06721816943938301
2284,-0.07455947600425061
2285,-0.1512490325582827
2286,-0.07996689018873643
2287,-0.01106788864913533
2288,-0.101491945680048
2289,-0.03317799512060062
2290,-0.06177579451197113
2291,-0.10838819604850539
2292,-0.1452983266591462
2293,-0.028291151318431303
2294,-0.07543344681960583
2295,-0.0715090747580796
2296,-0.11331973698247258
2297,-0.07667375859060449
2298,-0.08458232492632814
2299,-0.1528375550683452
2300,-0.07602621768723929
2301,-0.06954366733663579
2302,-0.06474835343375737
2303,-0.06474835343375737
2304,0.06030106002900999
2305,-0.06393597176115046
2306,-0.06639243564555038
2307,-0.024270260246373826
2308,-0.0666413558662299
2309,-0.10330396282830744
2310,-0.062130382762796685
2311,-0.08400281256282756
2312,0.06689841382574321
2313,-0.15903847038145946
2314,-0.076202759816657
2315,-0.09289488462248921
2316,-0.03985692838410842
2317,-0.044509325446119005
2318,-0.05461877791406386
2319,-0.07222992891857134
2320,-0.11406505655234978
2321,0.019274423350385563
2322,-0.07481707144333886
2323,-0.06386622308405734
2324,-0.01638474299217877
2325,-0.08015142628367086
2326,-0.056893939949010486
2327,-0.08113021255079973
2328,-0.042533270511164636
2329,-0.08138428369916194
2330,-0.07819414926021385
2331,-0.09367128149624938
2332,-0.0793076250763247
2333,-0.07892024997655878
2334,-0.1245134160918151
2335,-0.04650865145198374
2336,-0.0421074231855264
2337,-0.08500282883585653
2338,-0.006581493463799493
2339,-0.03514973186092558
2340,0.05595844335533314
2341,-0.010210807188946444
2342,-0.10562090168573635
2343,-0.08338126161215163
2344,-0.10977491124467897
2345,-0.11111120856182644
2346,-0.14310736408344493
2347,-0.09119316828231457
2348,-0.07803088693457107
2349,-0.1640929791349245
2350,-0.07292699030283406
2351,-0.018172847180530645
2352,-0.01623019428084454
2353,-0.045814093166444816
2354,-0.08986427798291562
2355,-0.005177412156361385
2356,-0.07846773780587502
2357,-0.08926120393348054
2358,-0.10197032680407497
2359,-0.09256424791294086
2360,-0.09098851469999925
2361,-0.09098851469999925
2362,0.04038291754018099
2363,-0.08967211345969203
2364,-0.10938518049834017
2365,-0.010708157760226808
2366,0.016481318529008873
2367,0.06076403235722899
2368,-0.13386155947859985
2369,-0.10887298912007959
2370,0.015444907213885084
2371,-0.08783334027895143
2372,-0.09659935384056453
2373,0.016952544085839714
2374,-0.04988639778099899
2375,-0.098535116972902
2376,-0.0727910872800329
2377,-0.08059595760662866
2378,0.02815557892637606
2379,-0.07866469883893291
2380,0.04001233401484558
2381,-0.13444557408157415
2382,-0.08096065530603656
2383,0.030853085358181147
2384,-0.021061481803415362
2385,-0.08625688455245463
2386,-0.021061481803415362
2387,-0.08582124347198772
2388,-0.029151845556332594
2389,-0.08293256247285791
2390,0.06064465532602947
2391,0.0340552467768692
2392,0.033502216114849805
2393,-0.08648449204165323
2394,-0.07695597847213068
2395,-0.07562273950120109
2396,-0.15081631162770393
2397,-0.02350197293866805
2398,-0.07580902564991501
2399,-0.07580902564991501
2400,0.06970777876918786
2401,-0.07525134220030748
2402,0.04399251649449268
2403,-0.07420443624409094
2404,-0.050495290668663
2405,-0.0690161716919937
2406,-0.07668804530213139
2407,-0.06190822400532557
2408,0.01275782919984005
2409,-0.06123845260266364
2410,-0.10040863077276357
2411,-0.07276438181706628
2412,-0.05876086410831127
2413,-0.061143882512186054
2414,-0.15829857251721252
2415,-0.06031780528768266
2416,-0.07721298320495742
2417,-0.059161824996017964
2418,-0.05634093468429216
2419,-0.12484436916405905
2420,-0.15881092184843457
2421,-0.031723267123028524
2422,-0.05938299050129042
2423,0.003990592732326459
2424,-0.06701327637961628
2425,-0.02074405940579907
2426,-0.07553759078812641
2427,-0.08565846852888404
2428,-0.05665947546726709
2429,0.053584523305300835
2430,-0.0562775667073491
2431,0.021555219234896023
2432,-0.05481218047864993
2433,-0.03259620200940873
2434,-0.08109553880113281
2435,-0.0833930250641394
2436,0.00759495954120409
2437,-0.04904084164852293
2438,0.018144407210717733
2439,-0.037467172431470394
2440,-0.037467172431470394
2441,-0.09259535424312332
2442,0.005623242894946822
2443,-0.14249000217364816
2444,-0.037408419672245355
2445,0.05998405474388553
2446,-0.03848117550307449
2447,-0.0387150560298407
2448,-0.13495796483930486
2449,0.008302695363927788
2450,0.029495560405134395
2451,0.033857195345502675
2452,0.01903699546708846
2453,0.056607296001189515
2454,-0.059764412349654
2455,-0.14567873533218734
2456,0.01983453085811427
2457,-0.03466760644252175
2458,-0.13531326734513743
2459,-0.029036065416510222
2460,-0.08902049296200569
2461,-0.06932262830892177
2462,0.033148614661758224
2463,-0.14462032114648476
2464,0.02822700917792364
2465,-0.032531671209533417
2466,-0.03304385722727338
2467,-0.03046795204080833
2468,-0.03046795204080833
2469,-0.13526263133012514
2470,-0.058258027205708385
2471,-0.009099265559664754
2472,-0.0943317680685617
2473,-0.03301486479788335
2474,-0.1271364437927011
2475,0.023569208636493557
2476,-0.13683435585561077
2477,0.02054930300037624
2478,0.05569955906171445
2479,-0.13687790696616467
2480,0.02297355486966856
2481,0.021042512729986657
2482,-0.11804873271155969
2483,0.015099426897205068
2484,-0.11547284512907946
2485,-0.024667152000100064
2486,-0.035758804281036165
2487,-0.025320958872424033
2488,-0.059607131116804005
2489,0.012328688580058695
2490,-0.0252379466876803
2491,-0.021938923622959496
2492,-0.021938923622959496
2493,-0.025199292780873114
2494,-0.02932429182078998
2495,0.009924369530410562
2496,-0.06819124440100344
2497,-0.06819124440100344
2498,-0.09824324264934733
2499,-0.02730166356979894
2500,-0.09377774469057279
2501,0.019301693410903296
2502,0.01403206552541775
2503,0.019851595653417212
2504,-0.06764668954450304
2505,-0.08295822866366452
2506,-0.023546474665571998
2507,-0.13444397223987908
2508,0.024165675284083626
2509,-0.022523318251370043
2510,-0.03694933526207152
2511,-0.061864865555487356
2512,-0.09014314843518927
2513,0.02638306108886552
2514,-0.09420723488040435
2515,-0.03887873754754672
2516,-0.03887873754754672
2517,-0.030029738002364116
2518,-0.02022278287058924
2519,-0.04011405132239804
2520,-0.04478403033568758
2521,-0.04478403033568758
2522,-0.045367294659591925
2523,-0.04714351740665504
2524,-0.04665435923963321
2525,0.010168481337632956
2526,-0.07845694877654115
2527,-0.057942192427731826
2528,-0.10720749382385239
2529,0.0035007494594431927
2530,-0.03139594461127541
2531,-0.002307449783264099
2532,-0.0376978095430945
2533,-0.005530705872046803
2534,-0.014908994530095712
2535,-0.016296260513600253
2536,-0.008249954243032806
2537,-0.0792815312721402
2538,-0.003128855299661157
2539,-0.0028198542023971443
2540,-0.08063580828494876
2541,-0.03298728404964269
2542,-0.008396209255509796
2543,-0.008396209255509796
2544,-0.13057978442249207
2545,0.0740894372773668
2546,-0.009174267183641689
2547,-0.12527184132717442
2548,-0.1267391522688932
2549,-0.03900918982891109
2550,-0.12338615463494232
2551,-0.05440779866695104
2552,-0.0046372357385135975
2553,-0.0007335390957607102
2554,-0.04732078568473175
2555,-0.10935831365262388
2556,-0.07717714247059099
2557,-0.10439522289639287
2558,-0.10201708900171959
2559,0.05290952240497084
2560,0.04662651230441819
2561,-0.09777892235847596
2562,-0.13630685650672258
2563,-0.060577861343458383
2564,-0.0991476819155911
2565,-0.02971604563356916
2566,-0.09788864077779194
2567,0.04425096360175031
2568,-0.028409091475079522
2569,-0.07757429021395491
2570,0.03374463380098152
2571,-0.08573737772027888
2572,-0.023539058523239245
2573,-0.06403070065712951
2574,-0.006765982635684967
2575,-0.010284667989001336
2576,-0.04675410700005156
2577,-0.06820375517408582
2578,-0.02284056009703294
2579,-0.019535708628429176
2580,-0.12443312066995973
2581,-0.02849732920095542
2582,-0.0265320693672954
2583,0.09987246556909535
2584,-0.08492881813811591
2585,-0.0791496594025948
2586,-0.041986697815573765
2587,-0.0807440986648251
2588,0.02335541162117573
2589,-0.044683762389626014
2590,-0.06799189009607272
2591,0.017485102089575114
2592,-0.07054299374179426
2593,-0.06072429438618021
2594,-0.04875550437256837
2595,-0.050881715031730335
2596,-0.20147174197211168
2597,0.09583180256262341
2598,-0.018635316016381416
2599,-0.018635316016381416
2600,-0.03597260970483155
2601,-0.03522404462259278
2602,-0.08031269893232723
2603,-0.058662213653336265
2604,-0.060567142882319916
2605,-0.0241632806791946
2606,-0.04092213178946628
2607,-0.026963133658962204
2608,-0.04499248774411552
2609,0.07254950512211751
2610,-0.020651866176209566
2611,0.06492537140836377
2612,-0.02036069163645627
2613,-0.04379565121148769
2614,-0.06970465057794378
2615,0.09195592886140952
2616,-0.03126783437403838
2617,-0.07052544759102794
2618,0.0034640156089763424
2619,-0.03400728373587795
2620,0.05288483405738598
2621,-0.05340441528690888
2622,-0.020523822129552574
2623,-0.026015938332968384
2624,-0.050982619195558534
2625,-0.03167694923196063
2626,-0.012967510002417429
2627,-0.012967510002417429
2628,-0.08471838721913945
2629,0.006707905837987058
2630,-0.08617173766084858
2631,-0.030467215269058302
2632,-0.056681467655876644
2633,-0.029459026891118872
2634,-0.034285548574290864
2635,-0.043792053062824604
2636,-0.04426219416814277
2637,0.054589461999238184
2638,0.057034877139603576
2639,-0.09122590359733537
2640,-0.09045036939612244
2641,-0.017730128609228873
2642,-0.017730128609228873
2643,-0.1990879705137345
2644,-0.035939441622504495
2645,-0.061502210614121006
2646,0.04841191460857634
2647,-0.07101609128872464
2648,0.08895629508513361
2649,-0.05057955807783933
2650,0.05777178966312202
2651,-0.07987482793674712
2652,-0.10004446547467852
2653,-0.05914527031676571
2654,-0.03730488113645186
2655,-0.015128339380778025
2656,-0.09900266289129216
2657,-0.017019403838545007
2658,-0.01905772663631449
2659,-0.06309542911093341
2660,-0.060489148962819414
2661,-0.06217165725003984
2662,-0.061162430183724886
2663,-0.02270087459097954
2664,-0.09307270628877157
2665,-0.1747258366811768
2666,-0.026045508791616545
2667,-0.09279528473106634
2668,-0.017116478721452097
2669,0.08574724238316998
2670,-0.024565763117610356
2671,-0.08029028673078765
2672,-0.08354923531696681
2673,-0.05354765577615779
2674,-0.08540194580013839
2675,0.04369486817775171
2676,-0.07406808805608486
2677,-0.05951954193926273
2678,-0.060713440579885175
2679,-0.07017646343427468
2680,-0.06573290927186186
2681,-0.19420588401767133
2682,-0.038019886001645437
2683,-0.09945790941936665
2684,-0.03295137909159754
2685,-0.09016470576932868
2686,-0.07423390235891744
2687,-0.0751312144576555
2688,-0.07196028474465496
2689,0.0019751741936009926
2690,-0.07144088159625411
2691,-0.09872980671342693
2692,-0.17558809731773228
2693,-0.09204138869707174
2694,0.09092270497440043
2695,-0.05711126003411621
2696,-0.09645743420425515
2697,-0.029292027844731
2698,-0.029292027844731
2699,-0.005101679996293577
2700,0.009659545031188207
2701,-0.10164675904713533
2702,-0.07722566255766723
2703,-0.08253805599730496
2704,0.012154186151756945
2705,-0.08383125800524277
2706,-0.08357541133083003
2707,0.011344700596429355
2708,-0.03382881728173383
2709,0.0305402190560728
2710,-0.08492773786474084
2711,-0.03721005445596261
2712,-0.0788249876013843
2713,-0.003964351419637947
2714,-0.07888058164174708
2715,-0.07888058164174708
2716,-0.22325491243147255
2717,-0.08103404466320276
2718,0.011975251891849482
2719,-0.08121423480498535
2720,-0.08355006150835427
2721,-0.09153668952051541
2722,-0.0707434565689805
2723,-0.07004299856180504
2724,0.08658509783915064
2725,-0.03527601469950694
2726,-0.22760961440827285
2727,-0.0941782397368473
2728,-0.06077252978660029
2729,-0.08625975987309728
2730,-0.09187760539555066
2731,-0.23304099657472438
2732,0.03135384345338539
2733,0.018257852290526243
2734,-0.08080686682459273
2735,-0.10259331583568866
2736,-0.08210297535024655
2737,-0.03349191412784578
2738,-0.1118454419705342
2739,-0.08567834499161744
2740,-0.0005359518564360295
2741,-0.089765681299759
2742,-0.09384070231458735
2743,-0.0931461099251091
2744,-0.09548634512808121
2745,-0.17405977367999267
2746,-0.11988007765389572
2747,-0.06783661444565792
2748,0.028604543572921734
2749,-0.12244182201857251
2750,-0.09331676591012956
2751,0.026987993227029328
2752,-0.11974738152557801
2753,-0.04188090526380795
2754,0.08281935881797711
2755,-0.0913666404852534
2756,-0.11346245732297208
2757,0.037525451178359495
2758,0.014649792027769405
2759,-0.02727822391145933
2760,-0.13589348261319664
2761,-0.05719039555575861
2762,-0.12618709634497666
2763,-0.11717700568146913
2764,-0.06934625548086858
2765,-0.1279546635633121
2766,-0.11595256090709652
2767,-0.11595256090709652
2768,-0.11733594548661769
2769,0.014450204947674553
2770,0.03558199840473113
2771,-0.06102661217659952
2772,-0.23648449831539725
2773,-0.07413698864155985
2774,0.15279618151945876
2775,-0.1289795960650688
2776,-0.12358278173237094
2777,-0.06176444800447271
2778,-0.12281526612851212
2779,-0.03857873715473718
2780,-0.12715502405376303
2781,0.023977457527665412
2782,-0.24160356748140288
2783,-0.007870480401523324
2784,-0.1356509946967961
2785,0.05606759763845978
2786,-0.09513443358081314
2787,-0.05758749523192783
2788,-0.14060377915470834
2789,0.028796227501288157
2790,-0.13771204514582286
2791,-0.12183757872437612
2792,-0.11944229525625485
2793,-0.11944229525625485
2794,0.0357172165358989
2795,-0.11602013660173494
2796,0.08445529391058587
2797,-0.12475455920559098
2798,-0.16245437479303282
2799,-0.13454273337950262
2800,0.07904463098867065
2801,-0.1135845219870385
2802,-0.12643178886349643
2803,-0.11087194454794588
2804,-0.059503041056680916
2805,-0.10200329784974511
2806,-0.04486244257403067
2807,-0.00769054283862796
2808,-0.06075752788294114
2809,-0.01443722074381771
2810,-0.11334281212816194
2811,-0.0365498134977722
2812,-0.13583894273017993
2813,-0.1106812111206153
2814,0.0677076352971756
2815,-0.08623261555700718
2816,0.0677076352971756
2817,-0.08604092835739773
2818,0.03420304953216754
2819,0.005312548707134556
2820,-0.09115692889468338
2821,-0.09109009855679097
2822,-0.23105698537918173
2823,-0.08350672650961208
2824,-0.11624272760291532
2825,-0.09184437816908537
2826,-0.11727615088669519
2827,0.07630200349027477
2828,-0.07198325911400943
2829,-0.08494541971739941
2830,0.0023499397950739083
2831,-0.03990284370275804
2832,-0.04426612634760939
2833,-0.08837048536297717
2834,-0.016738211183593317
2835,-0.10579769342533829
2836,-0.10528802534049826
2837,-0.09832260016535538
2838,-0.09415721675626042
2839,-0.22795841225637495
2840,-0.07205078746950008
2841,0.04813641026338606
2842,-0.08753682644178257
2843,-0.0030191683215080277
2844,-0.09286208755882962
2845,-0.09485376832070232
2846,-0.0941108725697257
2847,-0.0001706942207970255
2848,-0.08824985936211177
2849,-0.08890122499644317
2850,-0.09411780604072212
2851,0.06886452233892237
2852,-0.10851020497572475
2853,-0.02848837583737606
2854,-0.030882659344462257
2855,-0.09725150437716493
2856,0.0927076948896827
2857,-0.028364124550604462
2858,-0.10091994180353821
2859,-0.0072589675067585464
2860,-0.03195925964938362
2861,-0.09755072388579783
2862,-0.03736013207954252
2863,-0.12145159940995967
2864,-0.2342027883452048
2865,-0.12279037476439231
2866,-0.12546973994043709
2867,-0.12540092872399475
2868,-0.023993051128494647
2869,-0.10048106005080333
2870,-0.1202771237708746
2871,-0.11897500401856542
2872,-0.11358789731101224
2873,-0.11690345281351736
2874,0.0054376145446754925
2875,-0.1252325252327821
2876,0.0738040387153062
2877,0.0054376145446754925
2878,-0.023674181834019238
2879,-0.11972506860816198
2880,-0.1244410403078092
2881,0.10576281403160605
2882,-0.22554806872930472
2883,-0.04044594272868876
2884,-0.10884145404124859
2885,-0.06288630482125906
2886,-0.10683554397521755
2887,-0.027329116178560903
2888,-0.04246060390369352
2889,-0.09264728644694536
2890,-0.11540533957089322
2891,0.009202588781895919
2892,-0.21502340302223993
2893,-0.020172474053193182
2894,-0.1314343025526115
2895,-0.132534111427438
2896,-0.08302895474495967
2897,-0.13965010198987982
2898,-0.10986172642466469
2899,-0.14148411800272384
2900,-0.03803693658113287
2901,-0.13741902163079955
2902,0.0020338509385071334
2903,-0.04102050505483616
2904,-0.1463183982913034
2905,0.06893571463892059
2906,-0.1039688283951118
2907,0.08510827118432955
2908,-0.08471994389729962
2909,-0.12393864439839258
2910,-0.13634288035590425
2911,0.007115992954400643
2912,-0.13988043047801096
2913,-0.048465537062546984
2914,-0.07402034444961608
2915,0.0031833112575983397
2916,-0.14480535860455448
2917,-0.08824065963196046
2918,0.00036692382670753393
2919,-0.05951783592677877
2920,-0.14785058404440146
2921,-0.13074109403261147
2922,0.09552346939783331
2923,-0.1481385973227448
2924,-0.14777292661895694
2925,-0.14665038602552632
2926,-0.18754210361663018
2927,-0.073325861914506
2928,-0.18401830035616404
2929,-0.009742913894834598
2930,-0.009742913894834598
2931,-0.08408619929948677
2932,-0.13514217009462995
2933,-0.15852854367230132
2934,-0.07088996423225252
2935,0.08538919147218475
2936,-0.17974483776665923
2937,-0.06438995213928758
2938,-0.08735998868610131
2939,-0.06574033726771454
2940,-0.07255226471165276
2941,-0.014305583829937345
2942,0.03209590223610216
2943,-0.1723317543587155
2944,-0.08244903507924842
2945,0.013999766424647746
2946,-0.08035521968678837
2947,-0.010428623072929265
2948,-0.1259816302878277
2949,-0.06643925404180165
2950,-0.08866853107259026
2951,0.0827138454996423
2952,-0.1628211057460707
2953,-0.16627513614676287
2954,-0.18538004820358095
2955,-0.1660715986052564
2956,-0.07055683845062435
2957,-0.16336680644720125
2958,-0.08602265722813614
2959,-0.08636774437889466
2960,-0.0847589553863864
2961,-0.03260742607869997
2962,-0.13615856253073316
2963,0.05942983104000403
2964,-0.05948164461308186
2965,-0.05948164461308186
2966,-0.16518445646871788
2967,-0.16818217062508153
2968,-0.1276387729462579
2969,0.0815293963093337
2970,-0.11201030021102149
2971,-0.07675674084305045
2972,-0.15194810611521506
2973,-0.07459967671093998
2974,0.01516679217718719
2975,-0.0005843325381988534
2976,-0.0005843325381988534
2977,-0.15516804527120037
2978,-0.11450961628867373
2979,-0.17030086938072425
2980,-0.058234811642778245
2981,-0.15016803322541417
2982,-0.14689199965819244
2983,-0.07296618351944578
2984,-0.10484784976149372
2985,-0.06333874901463617
2986,-0.14468411562590133
2987,0.1467172565727158
2988,-0.1530651081022249
2989,-0.15193050053378926
2990,-0.14531437473384173
2991,0.012062443925817347
2992,-0.06676800070473188
2993,-0.1361937954618492
2994,-0.06284118367720816
2995,-0.06282739099654779
2996,-0.13614284750050604
2997,-0.12395278734485882
2998,-0.13588554260756391
2999,-0.13429176961908396
3000,0.02030814156595059
3001,-0.018275931951164524
3002,-0.13872983431458985
3003,-0.13954909026338816
3004,-0.1228442052829618
3005,-0.14247952691791982
3006,0.05742980760301985
3007,-0.06390645432518641
3008,0.11073143553467729
3009,-0.06937327872207467
3010,-0.14561507981112917
3011,-0.14254090399993832
3012,-0.12313294373256872
3013,-0.06398019599408677
3014,-0.06662795728603883
3015,-0.05497321480482731
3016,-0.13902165127658705
3017,-0.14953180875167713
3018,-0.11937038895948399
3019,-0.07030086345162775
3020,0.02875894418697881
3021,0.02875894418697881
3022,-0.12912426553230516
3023,-0.13086850959537843
3024,-0.13186483387857698
3025,0.031975066061565034
3026,0.022692632734493172
3027,-0.010474210268760359
3028,-0.018974860359961813
3029,0.13889726624407273
3030,-0.009427953228363803
3031,-0.00956763354981275
3032,-0.11709373083796148
3033,-0.010748701228787422
3034,-0.005675612285074322
3035,0.05951565703090093
3036,-0.07260010953175246
3037,-0.004312094662505674
3038,-0.12156006665751656
3039,-0.007737720604246122
3040,-0.004931064514843313
3041,0.10395673038941927
3042,-0.01281772284779488
3043,-0.01340994715931633
3044,0.12943187616826723
3045,-0.01536350806802516
3046,-0.01356480933401262
3047,-0.013624093376927757
3048,-0.042578320672127204
3049,0.07945997429395305
3050,-0.003302538733889252
3051,0.11234710098026246
3052,-0.12122043372084157
3053,-0.05796992639995417
3054,0.06963714559520098
3055,0.02268819924235645
3056,-0.000498489886627887
3057,-0.0192694437411412
3058,-0.009300278903940657
3059,0.06277270709388584
3060,-0.005518770877477916
3061,0.049767573129971716
3062,-0.08772508873564772
3063,-0.0019773892578417857
3064,0.0040916755637807785
3065,0.08479660572916334
3066,0.04427144456684415
3067,0.0068071004905697115
3068,-0.10062824601151689
3069,0.07325018737194032
3070,0.0711606422788891
3071,-0.015432228532715926
3072,0.041596526722851704
3073,-0.1041352753788667
3074,0.09681188926164762
3075,0.09681188926164762
3076,0.03378502109689648
3077,-0.18900742465369488
3078,-0.1444612164114561
3079,-0.10517416688892743
3080,-0.01776408925193887
3081,0.02122533295651534
3082,-0.189041667470839
3083,-0.07475172444863169
3084,0.0522534384358074
3085,-0.18959132702715623
3086,-0.19122595721201996
3087,0.04904935375362723
3088,-0.012172667039863826
3089,0.0028546724731735966
3090,0.011966197874811051
3091,0.0035327143047388827
3092,0.032666158207809645
3093,-0.1308508419845555
3094,-0.1854727752188594
3095,-0.12836024990598882
3096,0.020479938796156075
3097,-0.15641138743451957
3098,-0.11595021510386241
3099,-0.11339781833230986
3100,0.014926388027666984
3101,-0.05336338311783019
3102,-0.05772480601699123
3103,0.038220638825902875
3104,-0.05415558065848762
3105,-0.05415558065848762
3106,0.019067990966814854
3107,-0.07829311171859998
3108,0.017276945725747166
3109,0.015733020508355133
3110,0.03114891056486298
3111,-0.11461445930362996
3112,-0.11461445930362996
3113,0.06389401621074292
3114,-0.20286049001070072
3115,-0.043790193188869286
3116,0.04166101960964938
3117,-0.0344120997985215
3118,-0.04556719325217623
3119,-0.185629554071281
3120,-0.1190043440383203
3121,0.07704306660659176
3122,0.048620083295076874
3123,-0.07777287758204078
3124,-0.04919222490173575
3125,-0.20660928019601948
3126,0.049918145042906634
3127,-0.05504153386606467
3128,-0.05856852137583826
3129,-0.06027878925153017
3130,-0.05621977140829447
3131,0.019574810045121863
3132,0.027930567832247184
3133,0.03082286492469058
3134,0.02387056512971039
3135,-0.09018448392749412
3136,-0.04555316057563111
3137,0.060104031521897215
3138,-0.20617855326480541
3139,-0.06773392538337955
3140,0.06654737708892441
3141,-0.010117026483873297
3142,-0.14039711719720446
3143,-0.20753036725455382
3144,-0.11750775020398846
3145,-0.1807018061172929
3146,-0.07394860406547012
3147,0.03332851634052049
3148,-0.20613372597300206
3149,-0.025268738038362118
3150,-0.06461507099551839
3151,-0.12116537632515806
3152,-0.0649327434287246
3153,0.05104697613472209
3154,-0.05671661016048013
3155,0.0339903522978874
3156,0.07572261758749228
3157,-0.04804866589182931
3158,0.02815858162128065
3159,0.09054441942699226
3160,0.03603524033422206
3161,-0.13297988509615635
3162,-0.13297988509615635
3163,0.08717492706010689
3164,0.010537082978837618
3165,-0.02330907273548486
3166,0.042088832740215854
3167,-0.031213061869381373
3168,0.02755840903875137
3169,-0.12409254143930332
3170,0.0016006674718810204
3171,-0.2122219184095828
3172,-0.13183810911772015
3173,0.03190847909338053
3174,-0.020898683466694108
3175,0.02007713831541887
3176,-0.2070505956596534
3177,-0.11649260001827771
3178,-0.08647478564044012
3179,-0.036467635318361426
3180,-0.002329039569008186
3181,-0.035925020679734056
3182,-0.037112391907509736
3183,0.004941981423973429
3184,-0.1283082282309645
3185,-0.09094023109582502
3186,-0.0882902804887367
3187,-0.12864114018850617
3188,-0.12777023415987238
3189,-0.05380064713037125
3190,0.0464156371001999
3191,0.09708862335774329
3192,-0.209394708703681
3193,-0.0526854829920457
3194,-0.0023361960552481173
3195,-0.01230622641781344
3196,-0.21024493307073744
3197,-0.2125421350220569
3198,-0.17706269719745485
3199,-0.12226422632835182
3200,-0.050437274860965206
3201,-0.11496974020348588
3202,-0.05162813816040013
3203,-0.1326426396002749
3204,-0.04524836742989674
3205,-0.03413534734878508
3206,-0.03413534734878508
3207,0.0008957383201823182
3208,-0.10774181338909097
3209,-0.01425841106146676
3210,0.11598385770726684
3211,-0.014944411469335395
3212,-0.23221207446380976
3213,0.05067848296040753
3214,-0.03861429184357261
3215,-0.016848072340311424
3216,-0.042254567446402755
3217,0.05195094789084534
3218,-0.03953952357145769
3219,-0.08539962385075757
3220,0.006915412405216363
3221,-0.009325476958308935
3222,-0.10818118169201205
3223,-0.04632935442526523
3224,-0.14550821286783447
3225,-0.09941201857351017
3226,-0.038655318338988325
3227,-0.03943413735696834
3228,-0.03943413735696834
3229,-0.06325196853565634
3230,-0.0263929134344337
3231,-0.08998389077369917
3232,0.0013919252383065989
3233,-0.09158619813879142
3234,-0.10664234458671398
3235,-0.10664234458671398
3236,-0.2339036690646139
3237,0.048807202314677854
3238,-0.11649007615527038
3239,-0.02882855408611361
3240,-0.10571719673808716
3241,-0.09935779254649432
3242,-0.017883802032486025
3243,-0.015433874492593029
3244,-0.040798475776947944
3245,-0.13894218221312588
3246,0.004640708097246914
3247,-0.22724318079749448
3248,0.0050523614036358105
3249,-0.1333025045763289
3250,-0.014755460464882186
3251,-0.028124668592529357
3252,0.017887356002059533
3253,-0.008191962762700705
3254,-0.004694230135891139
3255,0.07628585538627099
3256,0.05779725228927811
3257,-0.02064417647120418
3258,-0.12284407021256469
3259,-0.11007690796745576
3260,0.0035412613894887854
3261,0.004724371638543341
3262,0.04678141699530074
3263,0.015990244754807148
3264,-0.13064395857162234
3265,-0.012101643016084782
3266,-0.00828626840686408
3267,-0.12849660339801686
3268,-0.020918003614631683
3269,-0.1337866110102404
3270,0.040178645761530754
3271,-0.06177456228038533
3272,-0.13724017639622435
3273,-0.024612083280747633
3274,-0.22319575079609721
3275,-0.14604518678631273
3276,-0.0057130215585274174
3277,-0.03209897580087117
3278,-0.03133530354810884
3279,-0.033457256669022335
3280,-0.027866867559389198
3281,-0.11357765632611855
3282,-0.014273124247056852
3283,-0.11619082889438281
3284,-0.0361793513610232
3285,-0.11366800292376558
3286,-0.03965614723486982
3287,0.054116340308684154
3288,-0.08689709965190504
3289,-0.036699198202834835
3290,-0.02337844605301058
3291,-0.02464493415597014
3292,-0.05735557133784758
3293,-0.032600566052052075
3294,-0.12844502470465455
3295,-0.0300692808065327
3296,0.06384896799019926
3297,-0.12960148417359654
3298,0.04303381829683864
3299,0.08001189419453461
3300,-0.039753251899349556
3301,-0.04180986341698926
3302,-0.13309545347321985
3303,-0.029076293960593073
3304,-0.04639194511802407
3305,-0.046599566647009996
3306,-0.02487835835177117
3307,-0.04279659631387918
3308,-0.02060411000701
3309,0.01504308828243088
3310,-0.043421463031901586
3311,0.0434157772578753
3312,-0.1212558750845984
3313,-0.06105489806447591
3314,0.0994424446353184
3315,-0.08117538908814283
3316,-0.12936206726284324
3317,-0.06124201628064292
3318,-0.05493335204301
3319,-0.024378198039040004
3320,-0.019506588001770873
3321,0.057463734115823596
3322,-0.06404781500508161
3323,-0.2031240464527028
3324,-0.1288559199597017
3325,0.0901724180363497
3326,0.0901724180363497
3327,-0.06078267293427922
3328,-0.06096350984965854
3329,-0.010662964935768696
3330,-0.052991840336553686
3331,-0.008272666541150109
3332,-0.09866323167489074
3333,-0.130996193212727
3334,-0.12352672463085332
3335,0.10132025802066476
3336,0.040934912053495864
3337,-0.023679367618450534
3338,-0.0708257799772811
3339,-0.11748295887363477
3340,-0.10263764770792516
3341,-0.10382206933875533
3342,0.042921689209926076
3343,-0.05318860977764407
3344,-0.0864307998448817
3345,-0.05684581552653678
3346,-0.053862057857515994
3347,-0.01711660438142005
3348,-0.17718617281104368
3349,-0.046895270588899016
3350,-0.1080613964389669
3351,-0.07869727672517457
3352,0.03238349448302304
3353,-0.05153999462041926
3354,-0.01779620047896957
3355,-0.0063369756152063285
3356,-0.04833105918090552
3357,-0.017998823582048643
3358,0.05102499352888111
3359,-0.046651637596299964
3360,0.02071058063550338
3361,-0.04839220071841649
3362,-0.0007202325036317694
3363,-0.07194498117137538
3364,-0.11516018944012091
3365,-0.08138757783168399
3366,-0.11423018080058217
3367,-0.012718817660254553
3368,-0.014244027276742413
3369,-0.013363941194101066
3370,-0.013363941194101066
3371,0.10481651369140815
3372,-0.05142469695510425
3373,-0.02558803811989662
3374,0.0077644946759236385
3375,0.1095006023851459
3376,-0.041239792026867
3377,-0.042776510733007964
3378,-0.04144998427114432
3379,-0.10652099952648997
3380,-0.025191818945394934
3381,-0.036676356790241324
3382,-0.02467033455660133
3383,-0.10321262513752372
3384,-0.1058365080000557
3385,0.06058766094662973
3386,-0.11560957333185018
3387,-0.026032315325443596
3388,-0.08700788929234599
3389,-0.05378122067241897
3390,-0.09780286687555903
3391,-0.02762011523903867
3392,0.0009283111467573713
3393,-0.02862343934017502
3394,-0.019864346886841217
3395,-0.017143920450594916
3396,-0.02437190180306127
3397,-0.07072509175645655
3398,0.04452260083040373
3399,-0.07057202867096074
3400,-0.15020026251709898
3401,-0.020239441005594043
3402,-0.11079521958411048
3403,-0.01968299886853865
3404,-0.082319854605346
3405,-0.018161480033089615
3406,-0.010980253271779976
3407,0.13922360262349937
3408,-0.11306702850996292
3409,-0.019517327605831462
3410,-0.13584493456937377
3411,-0.10939057717409248
3412,0.05687583629933783
3413,-0.017734514896693164
3414,-0.017734514896693164
3415,-0.006862637332505271
3416,-0.11439821354924751
3417,-0.006193788758036375
3418,-0.07648262557088853
3419,-0.004990462106834136
3420,-0.04624217683521417
3421,-0.004990462106834136
3422,0.0034249885738334984
3423,-0.033748040178953366
3424,-0.09903810870827287
3425,-0.0038222393043136176
3426,-0.07260638375953823
3427,-0.002026732058305343
3428,0.042156695183010184
3429,0.042156695183010184
3430,-0.0016846485329864817
3431,0.14254850269403355
3432,-0.07789719432973666
3433,0.14261982129882922
3434,-0.0027653417663633106
3435,-0.09673898983248876
3436,-0.1024684247333917
3437,0.03289075262585725
3438,-0.04489975627244487
3439,0.051611347672982665
3440,0.1347728105585638
3441,0.00220740555063019
3442,0.0483572175284126
3443,-0.08773207645278007
3444,-0.050815998554191597
3445,0.01785241770893239
3446,-0.08896798042808987
3447,0.048681516837316446
3448,-0.09376920914587202
3449,0.03441506784746847
3450,-0.10565893586608915
3451,-0.008192698256495323
3452,-0.0879229216109162
3453,0.038713224043394424
3454,-0.08944938007043832
3455,0.029980768450339115
3456,0.03530637924567874
3457,0.04546409367885623
3458,-0.07430327987952837
3459,-0.06040426917977215
3460,-0.010255897288261064
3461,-0.12660054563515638
3462,-0.07144982214014899
3463,0.032504448456235985
3464,-0.08477523261162327
3465,0.026915041801323744
3466,-0.0917978763277323
3467,0.021129448213078404
3468,0.03826873614648052
3469,-0.05496060874587662
3470,-0.065720064401035
3471,-0.0564446392456015
3472,-0.0468843042078763
3473,0.029322188880104783
3474,0.020499269897088754
3475,-0.06458823751513039
3476,-0.09958617566340582
3477,-0.05366624407391245
3478,-0.05506139698980282
3479,0.009451060916722442
3480,0.011841599483082128
3481,-0.10609351712467666
3482,-0.01861259332855704
3483,-0.022855363394773072
3484,0.038110212407185505
3485,-0.043342688117114475
3486,-0.10393264175336919
3487,-0.0057448120512089695
3488,-0.0057448120512089695
3489,-0.03622341446198757
3490,-0.10520048282742543
3491,-0.03214799533225285
3492,-0.1014044057529144
3493,-0.0312158472682193
3494,0.03838724762904438
3495,-0.03739752101543309
3496,-0.07385021583992077
3497,-0.10613651289090684
3498,-0.10331620369888984
3499,-0.04137431828086542
3500,-0.07468186686592271
3501,-0.016472519424538437
3502,-0.04415638326809397
3503,-0.07600142390283314
3504,-0.04738032777596615
3505,-0.027659374440045174
3506,-0.1081944310663252
3507,-0.06099838262962451
3508,-0.012468736015524437
3509,-0.07215009443253374
3510,-0.1241284785670862
3511,-0.06646682901046266
3512,0.013150835650899053
3513,-0.07903749452569303
3514,0.12824682264318327
3515,-0.1368647847583925
3516,-0.07592130988514278
3517,0.009193646851958026
3518,-0.1456960080138024
3519,-0.03100778717234897
3520,-0.10474049299052796
3521,-0.10765179457318405
3522,-0.10852706745368804
3523,-0.1414895061698421
3524,-0.014128636295991537
3525,-0.07013537701550958
3526,-0.06898152850046042
3527,0.007036343672229198
3528,-0.002835413820132398
3529,-0.10435062800880647
3530,-0.019790414846828155
3531,-0.05045681816493243
3532,-0.15418535155066074
3533,-0.12220690868692008
3534,-0.12151199504991564
3535,-0.0692885826614608
3536,-0.07332957986135544
3537,-0.002216699907226321
3538,-0.11837765816504639
3539,-0.17230981534676268
3540,-0.05934604992604989
3541,-0.11534682114634137
3542,-0.11570153073902067
3543,-0.01301798577767177
3544,-0.1142258799364683
3545,-0.11506107969898305
3546,-0.11839835051618705
3547,0.020056750243774308
3548,-0.12044836697272035
3549,0.05942249136933514
3550,-0.08583868245124543
3551,-0.08602451778757361
3552,-0.004869651144855432
3553,-0.004869651144855432
3554,-0.11402964474145422
3555,-0.051234513945817864
3556,-0.022338390992669592
3557,-0.11448465471786148
3558,-0.11843311168720838
3559,-0.0008678800200527595
3560,-0.12615498280540177
3561,-0.03038232298782543
3562,-0.07471825424403869
3563,-0.12107572669615835
3564,-0.1202429313896034
3565,-0.11463910180877862
3566,0.0033627607850577924
3567,-0.07864440938263927
3568,-0.11289502712845154
3569,-0.11744905108198239
3570,0.03287265324008466
3571,-0.11744905108198239
3572,-0.11934329555422599
3573,-0.11526402020217427
3574,-0.07890577619318757
3575,-0.1091837457860198
3576,-0.026302774321205584
3577,0.059741421960519785
3578,-0.08393985644853241
3579,-0.11475005729606119
3580,-0.08367538284330417
3581,-0.19848884679878454
3582,-0.08782250249047732
3583,0.024346617242347476
3584,-0.1006984535590954
3585,-0.02571713924129409
3586,-0.10085399047256553
3587,-0.08596673933078652
3588,-0.0070857260555261675
3589,-0.08730405532749014
3590,-0.11384770939641292
3591,-0.04762963649751041
3592,-0.1173486234007175
3593,-0.12280452434757935
3594,-0.08256890278025289
3595,-0.006298366996602748
3596,-0.029157432653602294
3597,-0.03281382091833849
3598,-0.2042745794132614
3599,-0.10951925166337248
3600,-0.09510192032871072
3601,-0.12374805343972034
3602,-0.1234177320571479
3603,-0.1234177320571479
3604,-0.018598571804366908
3605,-0.12295890320304592
3606,-0.12251578088724432
3607,-0.07470104560624481
3608,0.08096193280995392
3609,-0.12011502791885179
3610,0.006894742968663643
3611,-0.07726355465914234
3612,-0.12101849010228344
3613,-0.04935410346461992
3614,-0.2155125331116325
3615,-0.05689574104241482
3616,-0.05689574104241482
3617,-0.12686622566805517
3618,0.06699586951157088
3619,-0.11994478750112894
3620,0.016214841517361307
3621,-0.11322641733810218
3622,-0.22024501437490557
3623,-0.14217491520183287
3624,-0.10240214714675847
3625,-0.12579236196054
3626,-0.06653629369491823
3627,0.02362629307703004
3628,-0.12513266520902144
3629,-0.0511950194207447
3630,-0.11907052335410004
3631,-0.12643588918239618
3632,-0.12007008911842282
3633,-0.12007008911842282
3634,-0.11593635127940666
3635,-0.08458579633612849
3636,-0.1143652426711996
3637,-0.11835147643964852
3638,-0.06288517221223479
3639,-0.008919856365291322
3640,-0.06533207944626845
3641,-0.12306701496200367
3642,0.014005045478273154
3643,-0.21113922757763465
3644,0.01926549449570214
3645,-0.060852638298366984
3646,-0.15298215701707704
3647,0.012651453570096657
3648,-0.019179191664226047
3649,-0.051215340131840495
3650,-0.1282981574218654
3651,-0.12858099590462754
3652,0.027250724121544934
3653,-0.14132596970491765
3654,-0.13395407932393788
3655,-0.10442218191144434
3656,-0.13499755802460636
3657,-0.04728031193768964
3658,-0.04620967243605899
3659,0.012515063568862337
3660,-0.21952378481191703
3661,-0.13613147017380448
3662,-0.1362121315529632
3663,-0.054397873355972015
3664,-0.11247025328641885
3665,-0.2216203457782144
3666,-0.13236069369931985
3667,-0.12569226919395893
3668,-0.13168127601371782
3669,0.013962593433831261
3670,-0.04675603749724118
3671,0.006642595727697284
3672,-0.13802620493050127
3673,-0.0418899086753371
3674,-0.04294385694955211
3675,-0.20989117161067566
3676,0.1132458117470927
3677,-0.04791097058109778
3678,-0.06598733517510047
3679,0.0142482860105272
3680,-0.07268724190403261
3681,-0.19617617408086183
3682,-0.11931675199805056
3683,-0.055877946309635246
3684,-0.055877946309635246
3685,-0.09830036375348075
3686,-0.14294029532268604
3687,-0.05626132244030542
3688,-0.05337274568038204
3689,-0.13196673210406634
3690,-0.053043518497219916
3691,-0.1311762733254274
3692,-0.13078220106345692
3693,-0.09153638330438366
3694,0.013210812469543445
3695,-0.13038088082184365
3696,-0.1321001782881615
3697,-0.08985761277749452
3698,0.022022184604095343
3699,-0.05370803538056915
3700,-0.12640325405085384
3701,0.006252233719599751
3702,-0.12448524636460387
3703,-0.05156585808055397
3704,-0.06446536404818069
3705,0.011801160264906263
3706,-0.1640764300442627
3707,-0.050105126614425774
3708,-0.05925702792010937
3709,0.0037828724792570954
3710,-0.08723024908859278
3711,0.00973474375912121
3712,-0.1174017869201156
3713,-0.1174017869201156
3714,-0.11477460632695824
3715,0.002359794757130093
3716,-0.04850995219295533
3717,-0.04981836931883188
3718,-0.12094827278556089
3719,-0.07378761462191026
3720,-0.09595154802390408
3721,-0.12164766901412102
3722,-0.1216713160389622
3723,-0.12105452289727381
3724,-0.05397144632405523
3725,-0.11779150636598179
3726,-0.11779150636598179
3727,-0.004416691279382313
3728,-0.11905110969419508
3729,-0.05319680962522384
3730,-0.009533480320620229
3731,-0.11486001730833473
3732,-0.12193706236943652
3733,-0.12193706236943652
3734,-0.06070866807790952
3735,-0.06040969177058639
3736,0.010411060248878948
3737,-0.06548562120075568
3738,0.015764080440704445
3739,-0.12470537500870296
3740,-0.008160847311771306
3741,-0.12243007174097958
3742,-0.12067183253169286
3743,0.005659719703321733
3744,-0.12728935201961267
3745,-0.010838387130329676
3746,-0.061064894289140664
3747,-0.10796302056400217
3748,-0.12615766655024324
3749,-0.112945172001293
3750,-0.06331551081144807
3751,-0.11290952306537644
3752,-0.06552937775215378
3753,-0.10863430523052517
3754,-0.1256929574318651
3755,-0.11103368666418845
3756,-0.11368300106021417
3757,-0.12135613815292726
3758,-0.12135613815292726
3759,-0.006771962922253641
3760,-0.05982708474505749
3761,-0.06748739209570781
3762,-0.12330726151091603
3763,0.0121790589822045
3764,-0.059613456237881834
3765,-0.06128333046443038
3766,-0.0879355059439969
3767,-0.060347291030903416
3768,0.0034519301880753875
3769,-0.11850193433053244
3770,-0.1127569136556141
3771,0.012427412885617953
3772,-0.07850678416379725
3773,-0.11815401254215474
3774,0.010614477854042435
3775,-0.12067770273923945
3776,-0.12067770273923945
3777,-0.1817784668919326
3778,0.00988203136091545
3779,-0.1223197846956256
3780,-0.0524635196691622
3781,-0.11948089558779687
3782,-0.11984428783844997
3783,-0.0590084923669177
3784,0.005965990764907142
3785,-0.11811864802649491
3786,-0.11811864802649491
3787,-0.11728939040517461
3788,-0.11819149271595625
3789,-0.1209046609204576
3790,-0.11669302686844257
3791,-0.030917900319688024
3792,-0.1696777043643858
3793,-0.1141723075357261
3794,0.0014806978345395586
3795,-0.05848282437084476
3796,-0.07226869459610819
3797,-0.0206961120045411
3798,-0.031620437282038644
3799,-0.108758110167154
3800,-0.10843647193236258
3801,-0.11978048088751289
3802,-0.05726518649394388
3803,-0.10534488868942615
3804,-0.033511000621995427
3805,-0.11358100342000099
3806,-0.0006053074451820364
3807,-0.10770805142442672
3808,-0.10361897090980642
3809,-0.10333447284362164
3810,-0.0018410695831414456
3811,-0.07559079635824108
3812,-0.05563111349464689
3813,-0.05620107340901345
3814,0.0055788531149611985
3815,-0.10551044483994135
3816,-0.05912935612086216
3817,-0.16467956222716662
3818,-0.10634851977011983
3819,-0.10624343789514379
3820,-0.10749671454742993
3821,-0.11113226220044051
3822,-0.10577659227127151
3823,-0.069413102712416
3824,-0.1077649296505058
3825,-0.10964780723037931
3826,0.006519803768754849
3827,-0.06512510425161462
3828,-0.06491113562425896
3829,-0.12559028974297873
3830,-0.06734026358595499
3831,-0.009587830339658016
3832,-0.00842091051293925
3833,-0.11112141816073795
3834,-0.11112141816073795
3835,-0.08654440706659636
3836,-0.04886051296549153
3837,-0.11516824778004828
3838,-0.15372982267069496
3839,0.016661856364100044
3840,-0.06771151558719776
3841,-0.07816184418284813
3842,-0.09634481956340245
3843,-0.11011260497528005
3844,-0.013099084760834302
3845,-0.10120915140086194
3846,0.031533349204746375
3847,-0.09431689726278265
3848,-0.0894320758325186
3849,-0.08964019835236932
3850,0.00901132301620001
3851,-0.06380904997055409
3852,-0.09829499855742158
3853,-0.09829499855742158
3854,-0.06112971295317171
3855,-0.026164669921137397
3856,-0.10127893237341619
3857,-0.10127893237341619
3858,0.06061734343825456
3859,-0.09107554798479899
3860,-0.04746644765788505
3861,-0.12700329234670682
3862,-0.09489294610630991
3863,-0.029622702838808884
3864,-0.051251535597270845
3865,-0.08877348670049777
3866,0.0677407475386196
3867,-0.08350494416752707
3868,-0.08350494416752707
3869,-0.16178424592164356
3870,-0.056973919597523626
3871,-0.05381985843405186
3872,-0.10277828924248661
3873,-0.07906798430957332
3874,-0.04987353260418259
3875,-0.07539403231300076
3876,-0.07524335715038706
3877,-0.10717275265238607
3878,-0.08588341132112257
3879,-0.08812341695469703
3880,-0.08708777653921412
3881,-0.04718427953446136
3882,0.047825106984209664
3883,-0.08454309135396082
3884,-0.003836923453968237
3885,-0.046061505855449145
3886,0.01364113533138627
3887,-0.13003572853905393
3888,0.0009461830017183231
3889,-0.0949320938871996
3890,-0.0949320938871996
3891,-0.09053013320309167
3892,-0.05720722901508543
3893,-0.0044915761642309315
3894,-0.08119580510444796
3895,-0.0438068821606408
3896,-0.1622310897549995
3897,-0.08740026717805
3898,0.03649644016970765
3899,-0.09383249419976508
3900,-0.045210601859288616
3901,-0.04577430500730453
3902,-0.10242054820846117
3903,-0.10380971287522282
3904,-0.043019920799648975
3905,-0.10578356635598507
3906,0.040720318302943315
3907,-0.1098036659401348
3908,0.016572227972501043
3909,-0.08230455354588828
3910,-0.02501029121592198
3911,-0.11191923229641337
3912,-0.11291499644619768
3913,-0.004195888396275566
3914,-0.028795167592483288
3915,-0.1145685014999365
3916,-0.11517240923202901
3917,-0.11517240923202901
3918,-0.025225371969299568
3919,-0.043035871438917836
3920,-0.06187801341237659
3921,-0.12159590282696775
3922,0.016229258785943883
3923,0.016229258785943883
3924,0.005005127728579377
3925,-0.12431572828464171
3926,-0.14172489829765467
3927,0.055800744868212876
3928,-0.12999805142792
3929,-0.06658140723137448
3930,-0.13516420629533593
3931,-0.13566164415661347
3932,-0.04915667880525251
3933,-0.05805260623789356
3934,-0.13610825711997604
3935,-0.004989404531166062
3936,-0.05909274076079306
3937,0.010142713084134529
3938,-0.010660278071055847
3939,-0.14119904919797455
3940,-0.14234099563441446
3941,0.02686324282307599
3942,-0.14345688853988786
3943,0.05728668571957238
3944,-0.14490589575876411
3945,-0.1499929572815427
3946,0.017536115839755135
3947,0.017536115839755135
3948,-0.14935655704470704
3949,-0.006196208635906062
3950,0.02203087789013853
3951,-0.14880106945852944
3952,-0.1540999703051442
3953,-0.0015848600707010427
3954,-0.12403434196906563
3955,-0.13984185845512384
3956,-0.13930041101033697
3957,0.0031920185225681325
3958,-0.04681921149500029
3959,-0.056587340394718855
3960,-0.045349062972064605
3961,-0.13577854638840162
3962,0.078921489601925
3963,-0.06328643023096339
3964,0.01968198138417091
3965,-0.027369640904016272
3966,0.022013451640663022
3967,-0.13867871474832766
3968,-0.05590308505468558
3969,-0.13923622892390852
3970,-0.09572388758056402
3971,-0.10168239562404645
3972,-0.13923226151110377
3973,-0.14559706348718865
3974,0.01631931870826254
3975,-0.14590858696651626
3976,-0.14463406199896098
3977,0.08382828900067321
3978,-0.14854820625027917
3979,0.011002846303046095
3980,-0.00022313427316156959
3981,-0.10371440206393853
3982,0.011145666293125371
3983,-0.03148152111813603
3984,-0.05670527466176922
3985,-0.14092048934918977
3986,-0.14016606661490025
3987,0.06075551733387022
3988,-0.13993477923562625
3989,-0.030789613368264218
3990,-0.1375802616167097
3991,-0.028431255457382752
3992,-0.05264608788287739
3993,0.018414949963165606
3994,-0.0077756187629619625
3995,-0.07030967671264306
3996,-0.09470355816441171
3997,-0.008347036490087407
3998,-0.12655976357445528
3999,0.003492441953361739
4000,0.02102428574001886
4001,-0.12415316383760083
4002,0.05951987972060034
4003,-0.12183092022618874
4004,-0.08627643036467107
4005,-0.12121317252940128
4006,-0.1216607148446176
4007,0.02043143104349599
4008,0.012304207154436246
4009,-0.12210284345220679
4010,-0.12177697203881332
4011,0.005098170993371157
4012,0.026245784246185636
4013,0.026245784246185636
4014,-0.09268550315700316
4015,-0.1460581262473628
4016,-0.11600295393358762
4017,-0.11649431886128872
4018,-0.05847000860878249
4019,-0.01265974002833608
4020,-0.001996880433370273
4021,-0.0010193408423715654
4022,-0.11520860794526083
4023,-0.11664825795448899
4024,-0.030482269549135778
4025,0.011520057068958268
4026,-0.125833032212203
4027,0.036951854545051545
4028,-0.12829103872993508
4029,0.016336213986215077
4030,-0.02850277323694826
4031,0.0359661496605708
4032,0.006525395066063854
4033,-0.12494011788717616
4034,0.004916963918436521
4035,-0.12392139945026168
4036,-0.13780405549256505
4037,-0.12589713135996375
4038,-0.12603474121876412
4039,-0.1260400977305894
4040,-0.045106642474028666
4041,-0.014161868668448846
4042,-0.004382954230449158
4043,-0.10713425485867084
4044,-0.0005227305013357081
4045,-0.12047518896906056
4046,-0.026656370111915385
4047,0.0070954639352689836
4048,-0.1126606407910419
4049,-0.11213672735531235
4050,-0.025844258757945937
4051,0.03957157249120176
4052,-0.09593392248103945
4053,-0.10776276868519513
4054,-0.10384606663130543
4055,-0.10663475509707857
4056,0.020950412668702442
4057,0.022530893614806223
4058,0.0010081774303564335
4059,-0.10612832233918351
4060,0.027388551351740634
4061,-0.1057378731964505
4062,-0.1051090955446594
4063,-0.017133369525243497
4064,0.008737718439304414
4065,-0.034770663906631534
4066,-0.006085276183222011
4067,-0.03368131031406944
4068,-0.006791391677164919
4069,0.0005099718885175838
4070,0.03318305264881944
4071,-0.014018314178587864
4072,-0.03017877224340633
4073,-0.09489393062101079
4074,-0.00981470665167454
4075,0.05541275291359388
4076,-0.08031274344228834
4077,0.0003632245018262495
4078,-0.05372715504114145
4079,-0.07052662934723306
4080,0.019144330680647748
4081,-0.005755516386898234
4082,-0.07987501102336339
4083,-0.03666618282294061
4084,-0.03247540733166078
4085,-0.07841689898180364
4086,-0.0163300042022973
4087,-0.048903536145320003
4088,0.07352777089900508
4089,-0.047724880933284905
4090,-0.0038466025936241613
4091,-0.08248544088223769
4092,-0.04690357542285453
4093,-0.06611241746299208
4094,-0.07436969146742416
4095,-0.02494998409520658
4096,-0.041858853737528304
4097,-0.02409334545473539
4098,-0.03508989007926148
4099,-0.03250693009994804
4100,-0.055192333953408765
4101,-0.03494786142559719
4102,0.005365155249645467
4103,-0.002952171860219316
4104,-0.04131291106133157
4105,-0.034878509452688375
4106,-0.03306831348242119
4107,0.030488270867925743
4108,-0.05376215391043057
4109,-0.03718132768001161
4110,-0.08022078546995785
4111,-0.03807548981149664
4112,-0.043675004554243974
4113,-0.035408830604555845
4114,-0.04414061550100987
4115,-0.06560734015553628
4116,-0.030810496656325327
4117,-0.060777264331356884
4118,-0.06815834290169184
4119,-0.02314897946901509
4120,-0.08184557056629933
4121,-0.01645150688279868
4122,-0.01645150688279868
4123,-0.01477959470049222
4124,0.03954740582369723
4125,-0.05546556777304969
4126,0.05835462540009197
4127,-0.02296253256485696
4128,-0.012357154909775916
4129,-0.012357154909775916
4130,0.010509863652005671
4131,-0.056318976532786905
4132,-0.050116538873401756
4133,-0.05349592518811182
4134,-0.0728117459117058
4135,-0.023827198172845933
4136,-0.023827198172845933
4137,0.01539465458653784
4138,-0.0267585990387723
4139,-0.010895516247080746
4140,-0.05891790476720882
4141,-0.028262392021433567
4142,-0.052184279953350524
4143,-0.03055236587585196
4144,-0.0392288161376379
4145,-0.04849004867504403
4146,-0.03542018016754332
4147,-0.04439038776374879
4148,-0.08592945362085302
4149,-0.03248605165346713
4150,-0.05879144810345667
4151,-0.032905536912364065
4152,-0.021948479378828906
4153,-0.01635710974494812
4154,-0.005961037474576322
4155,-0.024080415471187652
4156,-0.01626943725446625
4157,-0.027022577466417036
4158,-0.032956913381777635
4159,-0.018903415559674702
4160,-0.026169160202235683
4161,-0.027530285746298143
4162,-0.08122552040652238
4163,-0.026138619521533416
4164,-0.029425468161204185
4165,-0.06641505951611969
4166,-0.03176338330019426
4167,-0.05362472530592097
4168,-0.015346723382342956
4169,-0.020398930775364255
4170,0.010507633122169098
4171,-0.07386222266558143
4172,0.005522708180650298
4173,-0.023651437273737398
4174,0.007720743743862335
4175,-0.026503275686915226
4176,-0.06384897833709965
4177,-0.02290362513509967
4178,-0.034850212410090176
4179,-0.04080966163096165
4180,-0.04513697955668711
4181,-0.04513697955668711
4182,-0.04760055640294111
4183,-0.05703901907600259
4184,-0.00800282432776006
4185,-0.05962155671812171
4186,-0.00040130434847022306
4187,0.036441601787992
4188,0.0034603892643816463
4189,-0.054060291593305776
4190,-0.054060291593305776
4191,-0.05585826722706971
4192,-0.05482461610298586
4193,0.015094413548942878
4194,-0.061650232328514104
4195,-0.05945864369588083
4196,-0.04951517550226914
4197,0.022304337342165283
4198,-0.09812246636205636
4199,-0.07284384786416455
4200,-0.0010650640313460379
4201,-0.06953896261184517
4202,-0.005900667227681358
4203,-0.06745391356533913
4204,-0.0807142303743631
4205,-0.012003649144101763
4206,-0.06313584766975056
4207,-0.0017633270632013628
4208,-0.06416170804009355
4209,-0.06774826375393253
4210,-0.06774826375393253
4211,-0.0031007983129829816
4212,0.014991462322140487
4213,-0.13421093500501258
4214,-0.06673886979180267
4215,-0.0030721791123029946
4216,-0.06283164835599249
4217,-0.0847871366133145
4218,0.012873729477717862
4219,-0.0007870567336722631
4220,-0.056580955387069434
4221,-0.0013793087789369801
4222,0.0426424308258951
4223,-0.004392018117269737
4224,-0.041827960324271225
4225,-0.05922367421994219
4226,-0.05960992891102472
4227,-0.08415720827973118
4228,-0.052070901636749795
4229,-0.04561433072817106
4230,0.02237683519387019
4231,0.02466496612700887
4232,0.0336379866367194
4233,0.00976293605695368
4234,0.016680543630101966
4235,-0.05739797366153243
4236,-0.05739797366153243
4237,-0.016384415010548298
4238,-0.05742940954074213
4239,-0.05742940954074213
4240,-0.0609457914890528
4241,-0.06297445353704895
4242,-0.07438306738036714
4243,0.010198772177072563
4244,-0.04280086582770544
4245,0.023014564610199666
4246,-0.05720070441070932
4247,0.02288394818021318
4248,-0.09313911004462956
4249,-0.09313911004462956
4250,-0.12463330402773445
4251,-0.036744780290900815
4252,-0.07687275171376992
4253,0.04175615937038635
4254,-0.05184134605083515
4255,-0.07028384039341859
4256,0.043006466010056275
4257,0.01752012136544061
4258,0.01244208602932481
4259,0.0011464981553340366
4260,-0.08815163511788969
4261,0.022550886075419115
4262,-0.07097289344524421
4263,-0.07188708856637929
4264,0.04613230588199697
4265,-0.05256008099607165
4266,0.007159175680552125
4267,-0.08047967500431952
4268,-0.10485813839382199
4269,-0.08329860735539152
4270,-0.08861407115420453
4271,0.017353648760506293
4272,-0.12028862124820114
4273,-0.0495029379329571
4274,0.02314806859362336
4275,-0.09034687179961438
4276,-0.11833736502318037
4277,0.030628708941628575
4278,0.031724098343218377
4279,-0.009958150657261307
4280,-0.08771037179078381
4281,-0.0818166173205442
4282,-0.12045369381335339
4283,0.02882121191693117
4284,0.012174525607928937
4285,-0.08632795676523415
4286,-0.05358591800266664
4287,-0.03080477643686512
4288,0.04016012948344584
4289,-0.09407036860566083
4290,-0.09407036860566083
4291,0.016138769878867438
4292,-0.09638655241809313
4293,-0.08844714020945638
4294,-0.09707928485269816
4295,0.036053729242939585
4296,-0.09729741697061745
4297,-0.04549257754865059
4298,-0.00750072928929919
4299,-0.09793789023057348
4300,-0.056145571972157776
4301,-0.09604221443814663
4302,0.038513297438462574
4303,-0.09735125709504303
4304,0.034479321513135916
4305,-0.1009319131732617
4306,-0.0484780770855614
4307,0.043425452467176676
4308,0.03323632338787107
4309,-0.02409466367655759
4310,-0.07689617436867699
4311,0.06950716953637476
4312,0.026312587093950082
4313,-0.08056926255523451
4314,-0.023573338493099935
4315,0.02535683818880354
4316,-0.030911211385794363
4317,-0.00734928436651601
4318,0.04525448850526683
4319,0.033965736993565636
4320,-0.060693529532751034
4321,-0.07901603366518656
4322,-0.054156123965220695
4323,-0.01940822434564577
4324,-0.06762564558002243
4325,-0.0029432135025894354
4326,-0.06577460934256527
4327,0.024379744203485317
4328,-0.06237510833779655
4329,-0.024043524007452903
4330,-0.061428506186217494
4331,0.021426984434539983
4332,-0.0802289204265402
4333,-0.06470670878480139
4334,-0.045894684393423424
4335,-0.062438592975924634
4336,0.020738999200171623
4337,0.04589560124575891
4338,0.044491146918183296
4339,-0.042927419292879875
4340,-0.06957979187163484
4341,-0.01721272672933223
4342,0.004900113916831202
4343,-0.05858978704552799
4344,-0.08607081930961512
4345,-0.06511547190676874
4346,0.003322572527069516
4347,-0.06295055246198916
4348,9.866253359046284e-05
4349,-0.0647218705232564
4350,-0.0648976738171139
4351,-0.06265513573888948
4352,-0.0015438322533959103
4353,0.04478804705282649
4354,-0.05585837498586159
4355,-0.05585837498586159
4356,-0.054044313418834644
4357,-0.04780309378608365
4358,-0.05834805337421636
4359,-0.09644514395236081
4360,0.00026893663135725207
4361,0.0028533164688826565
4362,-0.03376277511998675
4363,-0.0011307526644623624
4364,-0.0529788697456573
4365,-0.07833405338948558
4366,0.02133561196892815
4367,0.035534099844951754
4368,-0.09238259750743077
4369,-0.0401247363622843
4370,-0.06926139297336811
4371,-0.029462480833174924
4372,-0.04967219420886371
4373,-0.004388133151214842
4374,0.0018449877665092061
4375,-0.036786336314964106
4376,-0.04933143835285679
4377,-0.035439322396781624
4378,-0.03712727074226044
4379,0.003295906699262073
4380,-0.049569076471711326
4381,0.10765043960380077
4382,-0.05923434490204221
4383,-0.03680904350391862
4384,0.07189241246544131
4385,0.013574352570593147
4386,-0.03942139782372028
4387,-0.11440518359646354
4388,-0.04823638435883078
4389,-0.06655243869167503
4390,-0.04437909244005822
4391,0.05685259091624683
4392,-0.10804017324695966
4393,0.044394924794926
4394,-0.15570489150257252
4395,0.00862156693492266
4396,-0.037977596342446865
4397,0.005804304768977491
4398,-0.07052173772711744
4399,-0.02699640099221834
4400,0.11075440858224637
4401,-0.07866430661771256
4402,7.4817520237281665e-06
4403,-0.03893087137599776
4404,-0.029393745300948168
4405,-0.03950280864127478
4406,-0.028695750157900303
4407,-0.030410691693852472
4408,0.052186929671329214
4409,-0.034453660172624787
4410,0.00564619424582934
4411,-0.014013528621222585
4412,-0.040848593285934875
4413,-0.040848593285934875
4414,-0.0025467697709134172
4415,0.05364203260154505
4416,-0.048346149691105664
4417,-0.08850238746440181
4418,0.12643396689934844
4419,-0.051021959864137406
4420,-0.07539693061344256
4421,-0.04566079965826299
4422,-0.1038010227321221
4423,-0.06438449374544451
4424,-0.004303975961985427
4425,-0.03455851039746231
4426,-0.07324316263896705
4427,0.05750024139204452
4428,-0.04079278656177881
4429,-0.010313533960778887
4430,0.0610272521613077
4431,-0.00205474203480234
4432,-0.07017120453093681
4433,-0.01172575893291871
4434,-0.04304479742534022
4435,-0.05321475127686014
4436,-0.047592602673208556
4437,0.09131500772284178
4438,-0.09809335217921888
4439,-0.02768035029270577
4440,-0.05275470433044506
4441,-0.018601339799702396
4442,-0.059362059760393354
4443,-0.11547501951972733
4444,-0.03797659198892868
4445,-0.038032937117216385
4446,-0.0355056072691371
4447,0.043027361350276995
4448,0.043027361350276995
4449,-0.05157023235942067
4450,-0.06520338229611027
4451,-0.03509074316653636
4452,-0.04358343855676523
4453,-0.048548623186818796
4454,-0.04013828131188037
4455,-0.08691976192420975
4456,-0.05367732804788175
4457,0.04104155730527468
4458,-0.061266189891778344
4459,-0.0016434794353311528
4460,-0.061266189891778344
4461,-0.05123915636898849
4462,-0.04734562457606331
4463,-0.05970934920778638
4464,-0.0535121860856254
4465,0.028354326510899485
4466,-0.056228452489307995
4467,-0.009375693194116071
4468,-0.027313697045010923
4469,-0.05398961297256326
4470,-0.06522768197022505
4471,-0.05195275306776441
4472,-0.06737049469749722
4473,-0.06737049469749722
4474,-0.024713374532330287
4475,-0.06407258642979316
4476,-0.060859793272427895
4477,0.007326414681478452
4478,-0.05869748057103388
4479,0.032362335746750986
4480,0.04267142868051134
4481,-0.054362188367133885
4482,-0.05912924120251724
4483,-0.07162316672227459
4484,-0.07162316672227459
4485,0.03869757369014208
4486,-0.06833425372933144
4487,-0.038501789142203105
4488,-0.032023020126226376
4489,-0.0325543336294481
4490,-0.07259047155193186
4491,-0.0698917954268733
4492,-0.030379656384710914
4493,-0.07571599730415914
4494,-0.07571599730415914
4495,-0.07013995949153586
4496,-0.07212537615707312
4497,0.028087083362028403
4498,-0.06912791794704876
4499,-0.06561273585318306
4500,-0.06416449483302775
4501,-0.02383415162057141
4502,0.04761372528330972
4503,0.04761372528330972
4504,-0.1406556021985883
4505,0.005677877135687038
4506,-0.029329024671487333
4507,-0.06936080161163889
4508,0.010995395174038275
4509,0.010284180248740891
4510,-0.06396425613643218
4511,-0.06500874764248371
4512,-0.06762849181834726
4513,-0.06568563739356392
4514,-0.035037718561671885
4515,-0.09998288801145039
4516,0.06039724651551086
4517,-0.04821934726566186
4518,-0.029593386785606773
4519,0.10765173003315598
4520,-0.06569102777807724
4521,-0.0648915208768167
4522,-0.05898331789670461
4523,-0.028646870911422956
4524,-0.06465726494633392
4525,0.000263315201738043
4526,-0.06444927322525525
4527,0.017360005380579153
4528,-0.09164517318529708
4529,-0.09286104270804993
4530,0.019279841059250607
4531,0.06478662553136413
4532,-0.09425908149578308
4533,0.003645508232632863
4534,0.10719585740824447
4535,-0.06099946757389557
4536,-0.059342068938200127
4537,0.005244431523373038
4538,-0.02739997428717919
4539,-0.013709678574821887
4540,-0.09866879347065552
4541,-0.049529363456848996
4542,-0.09858057954051634
4543,0.0023342922340526956
4544,-0.056589436957357006
4545,-0.09145850441620351
4546,0.07537828312872431
4547,0.07537828312872431
4548,-0.05571439515003494
4549,-0.05179347398141183
4550,-0.012657369231399769
4551,-0.015951989614793334
4552,-0.13985223282308074
4553,-0.014874578845491357
4554,0.003849405706178293
4555,-0.05211382092873289
4556,-0.08012828139262257
4557,0.019652120097062624
4558,-0.07846880452076277
4559,-0.04769080687639381
4560,-0.08016532808936944
4561,0.01543250976979298
4562,-0.0452469581823817
4563,-0.0401185800789851
4564,-0.04588593433247734
4565,-0.08979377310649751
4566,-0.04425039774353981
4567,-0.0850408060814176
4568,0.02615522480694318
4569,0.08651069914789263
4570,-0.046078991309838654
4571,-0.052877088137003175
4572,-0.051232094951966636
4573,-0.0016514834477122653
4574,0.032631062726296775
4575,-0.05200207383168946
4576,0.09885396062888638
4577,-0.052116873696901975
4578,0.030777996774635354
4579,-0.05074287056619453
4580,0.03313599173999173
4581,-0.0795152221346252
4582,-0.07370853123680383
4583,-0.056719143591089594
4584,-0.05686917910646487
4585,-0.05375856171266222
4586,-0.018342747709558543
4587,-0.09290594134417049
4588,-0.028422468404680858
4589,-0.09169662278844798
4590,0.08588662823046626
4591,-0.04927378241060146
4592,-0.047137372858337634
4593,-0.049016039528084865
4594,-0.04273718793638955
4595,0.03293318210263543
4596,-0.04720363478184862
4597,-0.03140123381911916
4598,0.1070243260545575
4599,-0.01018719799774204
4600,-0.06173731665966148
4601,-0.057219100065961925
4602,-0.09848135521522977
4603,-0.030056611088206973
4604,-0.10624460703208638
4605,-0.1128279354815783
4606,-0.11278555713771826
4607,-0.02554096953478946
4608,-0.027842748753885774
4609,0.026782923966228618
4610,-0.10650838285704406
4611,-0.1061520857001837
4612,-0.03211048662374161
4613,-0.10142772929924178
4614,-0.04524229607496079
4615,-0.07341816408732439
4616,-0.04991838946449004
4617,-0.11247544319527408
4618,-0.11232429300863697
4619,-0.04688026362843535
4620,-0.126615970495058
4621,-0.04143440297445601
4622,-0.0757683973253353
4623,-0.09414766160620554
4624,-0.11594421629753368
4625,-0.04249671424720391
4626,-0.046873987659758365
4627,-0.05974829237048071
4628,-0.06178465997659634
4629,-0.07135705840490868
4630,0.059063536955887945
4631,-0.008190837230338352
4632,-0.066147130810471
4633,0.040519311330078786
4634,-0.01644152186288092
4635,-0.1548169608832302
4636,-0.08943932547275596
4637,-0.008010487433674073
4638,-0.15805839519551448
4639,-0.16274479112790552
4640,-0.08357353926816574
4641,-0.1767598811263023
4642,-0.08983434266871324
4643,-0.04249056113618889
4644,0.003887854801618587
4645,-0.09685082100729085
4646,-0.17646057197298817
4647,-0.08433508487255158
4648,-0.1802307419347826
4649,-0.10023629407210402
4650,-0.028206284491789003
4651,-0.0532560128301159
4652,-0.10968512922783497
4653,-0.08148809935341673
4654,-0.025535489344860537
4655,-0.008510468722466063
4656,-0.18136178882312715
4657,-0.17884786366311467
4658,-0.04292308754143866
4659,-0.044760333562071944
4660,-0.18091987477379445
4661,-0.18163857085492793
4662,-0.10969867125736424
4663,-0.1850608615866028
4664,-0.0715454371318984
4665,0.01857410117962282
4666,-0.09393010182807382
4667,0.02139012467299045
4668,0.14839874243795437
4669,-0.1776205185789366
4670,-0.15283488588107408
4671,-0.06072185149696836
4672,-0.093901039857141
4673,-0.01189505267544922
4674,-0.18107722966342452
4675,-0.09370615950192243
4676,-0.09760008127549513
4677,-0.05337852487467151
4678,-0.08411360845912612
4679,-0.19627711935177075
4680,-0.19298847074121905
4681,-0.19011115008251178
4682,-0.18419188713134918
4683,-0.17509146488551866
4684,-0.04387636102438161
4685,-0.09875303002171629
4686,0.05968610675313421
4687,-0.09615564823229793
4688,-0.052736936112195085
4689,-0.1522041751134235
4690,0.023540023445414514
4691,0.154041227045135
4692,-0.034086516141699025
4693,-0.13766124975249072
4694,-0.03944053110588139
4695,-0.04043431527206702
4696,-0.13160043456874443
4697,-0.08165853591816716
4698,-0.052503561112993036
4699,-0.010422455153621817
4700,-0.09197458321371157
4701,-0.12935835475586427
4702,-0.08918656287615044
4703,-0.055723925981790406
4704,-0.12389291215706988
4705,-0.1255716156021229
4706,-0.1255716156021229
4707,-0.08638645998309645
4708,-0.019382692148624522
4709,-0.1307808526964774
4710,-0.12174164276432367
4711,-0.12139426176483292
4712,-0.12604984704242636
4713,-0.13294681372629616
4714,0.02024710856807396
4715,-0.08787964675574991
4716,-0.1164187416423493
4717,-0.13027494225375297
4718,0.02637515700343531
4719,0.12560539820840233
4720,0.004035937960233361
4721,-0.09299718049685567
4722,-0.07465934479152836
4723,0.021842275170406
4724,-0.1486641196148497
4725,0.003452840678977692
4726,-0.11457642371203108
4727,0.00025924012313077727
4728,-0.09371905539145808
4729,-0.08801211251086126
4730,-0.015999797935049076
4731,-0.008338025134497669
4732,-0.11342685643597344
4733,-0.11763410282150688
4734,-0.12627315873879819
4735,-0.1305813322668072
4736,-0.13252857595312126
4737,-0.05142694709409451
4738,-0.12806459314587965
4739,-0.02571427893719267
4740,-0.1124537797713411
4741,-0.12132105530920587
4742,-0.01165279808965277
4743,-0.11659475335473385
4744,-0.10218667388930765
4745,-0.11577695584291253
4746,0.01270048993053258
4747,-0.06752285478129254
4748,-0.10510891764266234
4749,-0.12207023833182051
4750,-0.030566635634528994
4751,0.03979231808606709
4752,-0.08395651419120287
4753,-0.12017962086788836
4754,-0.10678236242690081
4755,-0.09547428842701236
4756,-0.007940458270432094
4757,-0.11641588655187929
4758,-0.011791221187719393
4759,-0.09607479974569397
4760,-0.10577550255363768
4761,-0.11833225344452272
4762,-0.0980225985379907
4763,-0.12185073228281845
4764,-0.12627334565654103
4765,-0.12834608184942042
4766,-0.12834608184942042
4767,-0.06712376459922001
4768,-0.10304951196424637
4769,-0.13362553922618672
4770,-0.06421547686385627
4771,-0.09839118068098016
4772,-0.02718200374426122
4773,0.04014104876320926
4774,0.00398497202695477
4775,-0.046213191731764094
4776,-0.10955942886771108
4777,-0.10688253954705507
4778,-0.03977322768875147
4779,-0.04790527249956933
4780,-0.051149814690494885
4781,-0.13005330532847892
4782,-0.038535583344377594
4783,-0.10681136777094336
4784,-0.08759044923145634
4785,-0.06759522416304509
4786,-0.009225206147370615
4787,-0.0023261287855194795
4788,-0.0772669398606374
4789,-0.04183735178624839
4790,-0.08691836181482038
4791,-0.11797776656653597
4792,-0.09018146501078375
4793,-0.11859173462796452
4794,-0.05374535572635872
4795,-0.12265807289838879
4796,-0.12913262203727982
4797,-0.0007403256580392724
4798,-0.06773765176697213
4799,-0.12273727398352852
4800,-0.12343121647209152
4801,-0.12641389002471942
4802,-0.07404826551177932
4803,-0.12403505111828894
4804,-0.05680515293570283
4805,-0.11758022257312567
4806,-0.03383801699323426
4807,-0.1270446604441386
4808,0.15859106509912346
4809,-0.12386913131349012
4810,-0.0009175316065196532
4811,-0.06377929253177603
4812,-0.15579723507318438
4813,-0.07085349020417449
4814,-0.11522499540000264
4815,-0.08735677761178261
4816,-0.11915713895091529
4817,-0.13571474996689742
4818,-0.08908227276179853
4819,-0.0695779455438667
4820,-0.06283798216699386
4821,-0.04431254905043741
4822,-0.12590251092751403
4823,-0.10950862151845622
4824,-0.08788782564174066
4825,-0.12518390914035274
4826,-0.12518390914035274
4827,-0.06811704728037477
4828,-0.1227358673675262
4829,-0.12030231271850211
4830,-0.12030231271850211
4831,-0.11920585948265655
4832,-0.07005149629936043
4833,-0.08433249550915287
4834,-0.040056927865060495
4835,0.039323720948999885
4836,-0.05779092629394994
4837,-0.10562498514849342
4838,-0.07432223120201277
4839,-0.009237119103319116
4840,-0.0779210139360184
4841,-0.039889745510625435
4842,-0.03862902958251625
4843,-0.10634711752039488
4844,-0.05840327900519296
4845,-0.00929955668185238
4846,-0.09571464769381505
4847,-0.07805966915297224
4848,-0.02504387070326186
4849,-0.09734646987423283
4850,-0.0703223683578259
4851,-0.05220582990059219
4852,-0.06177998532454648
4853,-0.0685036999653636
4854,-0.09494323322862586
4855,-0.006259096950716914
4856,-0.09439320694732742
4857,0.021017147524820118
4858,-0.10474013419864764
4859,-0.08191029062060645
4860,-0.09855729242606691
4861,-0.10313970215271262
4862,-0.05882622405103871
4863,-0.1045249748021347
4864,-0.061699040154306786
4865,-0.10163584232603134
4866,-0.060738981236218445
4867,-0.020773434263814602
4868,-0.017047361446124704
4869,-0.006202986317197463
4870,-0.1003537557716156
4871,-0.038395666393621214
4872,-0.04818853861846564
4873,-0.05234387989404454
4874,-0.1220476727156754
4875,-0.0983317282880346
4876,-0.03579867550844845
4877,-0.05594208962772122
4878,-0.014490449667394337
4879,-0.09933303569194642
4880,-0.02723070382149915
4881,-0.0381290983873801
4882,-0.09069576869655101
4883,-0.09069576869655101
4884,-0.12378467039933228
4885,-0.02819681723676501
4886,0.02911334685029728
4887,-0.135901617101104
4888,-0.038044676121524484
4889,-0.0514977512824602
4890,-0.02109667214340523
4891,-0.08072227940440055
4892,-0.14795628225670746
4893,0.030378949882310255
4894,-0.0206442147142437
4895,0.033660138193329456
4896,-0.06949659764017713
4897,-0.05098717352166246
4898,-0.13259302091675967
4899,-0.011800419879306925
4900,-0.0642437462871471
4901,-0.04885966025039615
4902,-0.04843946011483427
4903,-0.04988765639830249
4904,-0.14786782830175915
4905,-0.04333918205640101
4906,-0.056845787213591514
4907,-0.054378815614417736
4908,-0.05067282648840543
4909,-0.05098073030647193
4910,-0.05208949110512184
4911,-0.06863658947991
4912,-0.05437745164469161
4913,0.014980625319597447
4914,-0.04264813729565697
4915,-0.04560642866511125
4916,-0.08203390641998773
4917,-0.032350228386574705
4918,-0.009610884686471116
4919,-0.03589393209501769
4920,-0.051748996979513975
4921,-0.009432492533966882
4922,-0.14497456510252418
4923,-0.0703794237384846
4924,-0.06883599067463234
4925,-0.016471749758236343
4926,-0.0596416472917895
4927,-0.054201295470140354
4928,-0.06430110443777884
4929,-0.06430110443777884
4930,-0.007128498247806654
4931,-0.14528331634363195
4932,-0.06437092204216294
4933,-0.06628668300300469
4934,-0.07040109142021626
4935,-0.07049153929165589
4936,-0.07076387788977619
4937,-0.06749162127303576
4938,-0.021791599597078333
4939,-0.07293726827320748
4940,-0.0734052636496723
4941,-0.042911550266901924
4942,-0.09965880782909652
4943,-0.09418156415057732
4944,-0.0737325210675723
4945,-0.07709044997800478
4946,-0.022587705169235056
4947,-0.13609901721052112
4948,0.00962708476160044
4949,-0.07436256759264273
4950,-0.0750480323927896
4951,-0.07342388592370537
4952,0.0344879797920548
4953,-0.07847503064331736
4954,-0.0680632102777628
4955,-0.0801263764872091
4956,-0.01897672817336972
4957,-0.06314431592226538
4958,-0.05619413478750643
4959,-0.080298012080322
4960,-0.12594374558694102
4961,-0.08152265613368323
4962,-0.08081648416112924
4963,-0.0891005375307973
4964,-0.055994944902572064
4965,-0.07180145716001661
4966,-0.07440729886605396
4967,0.02324961893168997
4968,-0.035719724149137086
4969,-0.0614850079234715
4970,-0.053369732720109433
4971,-0.06203364491860336
4972,-0.10087030419677716
4973,-0.07840107552427739
4974,-0.0314193735297126
4975,-0.07540046840920826
4976,-0.1447955930365752
4977,-0.023024638371051877
4978,0.029372522678286092
4979,-0.014268611133151601
4980,-0.10922137912383459
4981,-0.0713068495468528
4982,-0.0718612863818546
4983,-0.07316616634482594
4984,-0.07565486910049686
4985,0.04100376294506758
4986,-0.07497140405302745
4987,-0.02043912473958788
4988,-0.07429007765485393
4989,-0.07873140515891436
4990,-0.08942744029619726
4991,-0.0699343812091283
4992,-0.02993014491281558
4993,-0.0699343812091283
4994,-0.06650366985902771
4995,-0.11187672202522847
4996,-0.06913309739670917
4997,-0.0920594211020124
4998,-0.0963443635129882
4999,-0.0046550050790895615
5000,-0.09902504343428886
5001,0.12520017691828272
5002,-0.04874882888031555
5003,-0.020893450580458328
5004,-0.025305500718663575
5005,-0.05635442607783711
5006,-0.11785575251240554
5007,-0.11722163753969614
5008,-0.05751675326702552
5009,-0.10054286269945088
5010,-0.10208619476138595
5011,-0.12647252106630055
5012,-0.13251856596420497
5013,-0.10990552107775062
5014,-0.09561714840663361
5015,-0.040654255766399104
5016,-0.04245584602668014
5017,-0.09806681577165699
5018,-0.03364341028068474
5019,-0.02748636234190016
5020,-0.025254786651788562
5021,-0.11390992108041442
5022,-0.043944122411715525
5023,-0.0029630303791229363
5024,-0.030474544921162694
5025,-0.10374376293627344
5026,-0.030673792291291524
5027,-0.13996267394282425
5028,-0.10963620176033834
5029,-0.032175950461521545
5030,-0.11283263761839504
5031,-0.11271001254895444
5032,-0.024904344945697036
5033,-0.11941699484780224
5034,-0.038636992457580295
5035,-0.020316979875547862
5036,-0.12425495636917722
5037,-0.020087500428181457
5038,-0.04315894075156905
5039,-0.11757980737522122
5040,-0.1157475596794603
5041,-0.03452963291503763
5042,-0.038520401606434045
5043,-0.103791258723632
5044,-0.05363159754542429
5045,-0.04709182049402691
5046,-0.07624375897896353
5047,-0.10540918752526769
5048,0.07852594056278499
5049,-0.04337178167305446
5050,-0.04337178167305446
5051,-0.044424411582000584
5052,-0.12243809551576906
5053,0.027501833252002235
5054,-0.04920023693808566
5055,-0.1547531012618575
5056,-0.048395722056385135
5057,-0.0228342700865945
5058,-0.04941224605839699
5059,-0.052845743642141174
5060,-0.10876175256624782
5061,-0.11332772248469089
5062,-0.10388596593825418
5063,-0.13103986728289796
5064,0.004829324746938528
5065,-0.06002593609380341
5066,-0.09837612760788048
5067,-0.05496832943015442
5068,-0.052131273893044755
5069,-0.08856294370442994
5070,-0.059906905433767046
5071,-0.05024226208484564
5072,-0.12665284412849687
5073,-0.051266111952280896
5074,-0.12740796248719777
5075,-0.10616013275616756
5076,-0.12939098110255715
5077,-0.1078972003358118
5078,0.034254621898929284
5079,-0.05728717174768165
5080,-0.03085257972131443
5081,-0.018839168267157425
5082,0.0325865889464621
5083,-0.0743930906683431
5084,-0.13101496477958283
5085,-0.14489186434169363
5086,0.046389169005307186
5087,-0.0791615766733003
5088,-0.14666529253365646
5089,-0.04094752343793115
5090,0.001388441157056615
5091,-0.034641409054595146
5092,-0.08109251631381165
5093,-0.03137039775047942
5094,-0.030727185205148187
5095,-0.0776559232445361
5096,-0.02737125865001972
5097,-0.13876677998968434
5098,-0.13708859655948852
5099,0.023423482382140374
5100,-0.023172200990575466
5101,-0.01728563678226587
5102,0.02337376071265838
5103,0.031210015545027555
5104,-0.028867065932815544
5105,-0.025393588987488988
5106,-0.09273183180844471
5107,-0.12973592608081802
5108,-0.1286538661140362
5109,-0.03602669888975518
5110,-0.11429031030048575
5111,-0.023012716302799087
5112,-0.10981719670967321
5113,-0.023028173771089067
5114,-0.016792451483989092
5115,-0.014561438313856007
5116,-0.1335183993161453
5117,-0.12968338334237264
5118,-0.019973091186030245
5119,-0.12863837913879095
5120,-0.02124669043767427
5121,-0.17309447531067387
5122,-0.0992991827039861
5123,-0.06571491310474313
5124,-0.10149697526080574
5125,-0.14920033600359714
5126,0.02409102271515597
5127,-0.017398472425208575
5128,-0.027830793928120094
5129,-0.026818941850313235
5130,-0.09600782172351623
5131,-0.20780621446050396
5132,-0.08673272369092071
5133,-0.16116647777922138
5134,-0.07871965921594168
5135,-0.19543039186975414
5136,-0.15651618310086202
5137,-0.08685326030204442
5138,-0.01943239667560607
5139,-0.01739512161810463
5140,-0.08814740634199503
5141,-0.08471627208739618
5142,-0.1200892815699296
5143,0.03215858123967299
5144,-0.08999246155364123
5145,-0.03572860249956184
5146,0.026215181845558832
5147,-0.05627253659230108
5148,-0.053274257111541407
5149,-0.09530356704894576
5150,-0.025248245566716045
5151,-0.09575940198759816
5152,-0.011117219625072845
5153,-0.09713687042365472
5154,-0.10446204861034178
5155,-0.09863247211470608
5156,-0.05918926976582127
5157,-0.06779247329288174
5158,0.017794679756115407
5159,-0.03848697357195658
5160,-0.10805386182177446
5161,0.012356931275686192
5162,-0.09957713608455288
5163,-0.10370490728673307
5164,-0.07170930181324883
5165,-0.06783089549868701
5166,-0.10143614630926523
5167,0.002949708535324499
5168,-0.10012768457834961
5169,-0.10550171038358466
5170,-0.12835998047340041
5171,-0.09372962832708134
5172,-0.05586562015297772
5173,-0.08792909243546632
5174,-0.09107427458746539
5175,-0.08965827360150051
5176,-0.05185702979328388
5177,-0.06448824582902009
5178,0.010476564568800048
5179,-0.062321162334188246
5180,-0.05700959148292162
5181,0.016714856276466353
5182,-0.06981663161157911
5183,-0.13649234538348848
5184,0.025846350329386696
5185,-0.11258952035916095
5186,5.894746478008611e-05
5187,-0.10049583878746265
5188,-0.06234626871146892
5189,-0.10435832717745709
5190,-0.06468351404955139
5191,-0.0669833671234269
5192,-0.10630677833505406
5193,-0.09803175252755086
5194,0.0019928404175474576
5195,-0.09558523919210848
5196,-0.07450346568133029
5197,-0.12428033813826969
5198,-0.08956236066511115
5199,-0.09461026099164452
5200,-0.09586871234871064
5201,-0.07847268471102901
5202,-0.03370216587339439
5203,-0.08345218218806402
5204,-0.13039503086466916
5205,-0.08188569472177568
5206,-0.04382926556668561
5207,-0.05290571206938008
5208,-0.10862807983876363
5209,0.01907614574429194
5210,-0.07911765682106345
5211,-0.140200446016518
5212,0.00869426106774464
5213,-0.12659096223986466
5214,-0.044419106315373866
5215,-0.12415173202840485
5216,-0.07290935421956278
5217,-0.12669429375379823
5218,-0.06685144051060322
5219,-0.11299433794659122
5220,-0.11304019963020454
5221,-0.1218979422701065
5222,-0.19257536216980398
5223,-0.07993557469414593
5224,-0.12183152597402072
5225,-0.12177215247641046
5226,-0.11626177265835305
5227,-0.11596646464090404
5228,0.009574002209351732
5229,-0.07253300268894952
5230,-0.06239910775507669
5231,-0.01703907416411163
5232,-0.0501755503616637
5233,-0.047060771975650145
5234,-0.061076163835231484
5235,-0.04200577533969545
5236,-0.11552734292422404
5237,0.003537188176970827
5238,0.023795553891369323
5239,-0.029291303693732187
5240,-0.14655774692655826
5241,0.017103164026521834
5242,-0.10919218837489839
5243,-0.05731642494277375
5244,0.01841677514333062
5245,-0.05999475893022431
5246,-0.11665217419265547
5247,-0.11773052552775948
5248,-0.11773052552775948
5249,-0.06965610177636643
5250,-0.11636909044024737
5251,-0.1155812392406283
5252,-0.07944375351985644
5253,-0.049586074496185836
5254,-0.11341069278060331
5255,-0.2179121765394343
5256,-0.09465025978031508
5257,0.01645085786241334
5258,-0.06573649762948372
5259,0.05330881920683621
5260,0.04704688903382364
5261,-0.06369525251614376
5262,-0.013806973796854895
5263,-0.15641381076615887
5264,0.040902261273119786
5265,-0.06489922258198283
5266,-0.0935156274648189
5267,-0.04745088268393391
5268,0.0351278174221608
5269,-0.09250073609876745
5270,-0.050329184688879314
5271,-0.008847571980087735
5272,-0.0954640379971009
5273,-0.22127724934661844
5274,-0.007827185214220489
5275,-0.056133932891070104
5276,-0.08803868550744107
5277,0.04199845196449571
5278,-0.09141605283107791
5279,-0.06309454782040101
5280,-0.08827953893203921
5281,-0.08827953893203921
5282,-0.0881155549823884
5283,-0.0881155549823884
5284,-0.09683243247042947
5285,-0.2112213999275031
5286,-0.08856174185354826
5287,-0.007048583324678465
5288,-0.0562532140537029
5289,-0.08387180062675892
5290,-0.10021902091586865
5291,-0.06088258195332526
5292,-0.04229493899915331
5293,0.051613103204181485
5294,-0.061929313973855205
5295,-0.008743400125391616
5296,-0.10618598738205781
5297,-0.005658500056241269
5298,-0.09011806846952414
5299,-0.03345194717286158
5300,-0.06616159900832383
5301,0.04486421094958204
5302,-0.08462147361486409
5303,-0.2210118987620328
5304,-0.08980578046822321
5305,-0.09432972773268566
5306,-0.09971194055068464
5307,0.013001639477794313
5308,-0.07247448080352212
5309,-0.10615465934245993
5310,-0.07515402661933507
5311,0.050056274610389376
5312,-0.07679646387901916
5313,-0.10597521486167621
5314,-0.06375805720256227
5315,-0.07609558950260409
5316,-0.01865220369639011
5317,-0.22047109682127392
5318,-0.005332739818168897
5319,0.005334019399052044
5320,-0.06597462602177533
5321,-0.09683713627008686
5322,-0.06515774917157773
5323,-0.07214114831050057
5324,-0.05756511281347103
5325,-0.013047513820027327
5326,-0.0906666433509542
5327,-0.012649985399462105
5328,-0.19047477562764495
5329,0.0010339714256541802
5330,-0.0862777154758754
5331,0.04990370899832512
5332,0.003734572703060629
5333,-0.20477379901249537
5334,-0.0846125111835341
5335,-0.084823155729425
5336,-0.08254436303254062
5337,-0.09011913536703087
5338,-0.02703337250159342
5339,0.004858232532069214
5340,-0.08413199872164523
5341,-0.0833086402189635
5342,-0.0833086402189635
5343,-0.0972866174168282
5344,-0.0811388046802997
5345,-0.0811388046802997
5346,0.049186221532832426
5347,-0.08040473595239556
5348,-0.08308234997048497
5349,-0.18753655507847178
5350,-0.06553290805260271
5351,-0.08791751228191727
5352,-0.0276486394621868
5353,-0.10405960512188848
5354,-0.024900424672232177
5355,-0.051673302318933384
5356,-0.041317618973144156
5357,-0.05263076891473478
5358,-0.0023221633752981627
5359,-0.08036668356776558
5360,-0.09395034836010158
5361,0.05073233073011198
5362,-0.07305016684640372
5363,-0.07260060999939807
5364,-0.11575902601606053
5365,-0.09707993019756536
5366,-0.11814993752171285
5367,0.05039412122229949
5368,-0.07169818593727012
5369,-0.07169818593727012
5370,-0.06453074840849002
5371,-0.06346303705086115
5372,-0.012737798265008392
5373,-0.06030747248616067
5374,-0.16829011602594413
5375,-0.13101762763983474
5376,-0.018526724266876203
5377,-0.06139697483102094
5378,-0.07119256420129665
5379,0.011856406494467724
5380,-0.16166896577794693
5381,-0.014158991664868184
5382,-0.06954382622521953
5383,-0.11285165662866237
5384,-0.07298121479160793
5385,-0.12808258565918426
5386,-0.03010842635710556
5387,0.07919119477128946
5388,-0.017721064417537236
5389,-0.058824448867212914
5390,-0.15631263991426958
5391,-0.13888353324276823
5392,-0.16042313573433387
5393,-0.05169664735307507
5394,-0.05379006242787389
5395,-0.06656173398046199
5396,-0.05812781137066399
5397,-0.06457664432375289
5398,-0.05633522416912323
5399,-0.05633522416912323
5400,-0.11605246619159673
5401,-0.14027473488436853
5402,-0.05161124530496548
5403,-0.05161124530496548
5404,0.07750701445111473
5405,-0.012955731982049114
5406,-0.11584093813857688
5407,-0.05499693436985324
5408,-0.052048460813457736
5409,0.015332768630759861
5410,-0.050542584025489
5411,-0.09746076191741884
5412,0.0026333207546947422
5413,-0.13904599082898333
5414,0.0018002485825267082
5415,-0.12724307236098148
5416,-0.02602972705127582
5417,-0.05485695459269742
5418,0.07728696088491016
5419,-0.09047744837435562
5420,-0.0024478360078455455
5421,-0.049527480985270295
5422,-0.09543906219779791
5423,-0.002464135197613248
5424,-0.07578837740082492
5425,-0.1357158842147994
5426,-0.05185387811235362
5427,-0.13822235223314708
5428,-0.05587926061451487
5429,-0.13922495054660677
5430,-0.05290859888074653
5431,-0.05102406979458046
5432,-0.0220209372589047
5433,-0.050265614281865864
5434,-0.05239008644609579
5435,0.08830949016548252
5436,-0.1297995538609774
5437,-0.052746077684024145
5438,-0.12539186087912416
5439,-0.1478779676253979
5440,-0.07194973365140901
5441,-0.011290274172945123
5442,-0.1135957342433728
5443,-0.12642348106286602
5444,-0.05953527070605205
5445,-0.08719844546632302
5446,-0.024125084182356184
5447,-0.058104783265892385
5448,-0.11188863098239776
5449,-0.021421829755458685
5450,0.07500857969502647
5451,-0.037546080573588644
5452,-0.027605253144956862
5453,-0.009650213086043916
5454,0.07205765281847762
5455,-0.042103924374447335
5456,-0.1147904654544892
5457,-0.04440713545039157
5458,-0.12305960072465602
5459,-0.056382196414102456
5460,-0.05729843525958908
5461,-0.05387072828879008
5462,-0.0597258278470114
5463,-0.0597258278470114
5464,0.07292497039462689
5465,-0.1358701226770024
5466,-0.04207522758805207
5467,-0.06176870492201822
5468,-0.06196642645099236
5469,-0.11094691574970564
5470,0.004792959120930749
5471,-0.06853598167327599
5472,-0.10827401040169371
5473,0.03928625084477313
5474,-0.07095750059993344
5475,-0.13345643563804205
5476,0.07392851745120022
5477,-0.06737817352330304
5478,-0.06617204422529044
5479,-0.10966567342000971
5480,0.07006601393784673
5481,-0.07381602837275503
5482,-0.05962380171719288
5483,-0.10654437908517012
5484,-0.08507282745401586
5485,-0.07702929956556812
5486,-0.1085653780368975
5487,-0.07018051856088586
5488,-0.07377659965114002
5489,-0.07614234991273627
5490,-0.07186990319547028
5491,-0.05395904725686637
5492,-0.009276949625791259
5493,-0.11606332930127264
5494,-0.011884456385967641
5495,-0.14568876068117337
5496,-0.11384511033322306
5497,-0.04618393358168571
5498,-0.05785235169869696
5499,-0.06226067057213289
5500,-0.07209919224808375
5501,-0.0719920538889529
5502,-0.01773859088526314
5503,-0.04503220911220199
5504,0.08055467479516287
5505,-0.11537542805538542
5506,-0.03531026379988361
5507,-0.0504572190167312
5508,-0.11666329064391362
5509,0.07736783735647715
5510,-0.07660967225024394
5511,-0.05727075483099647
5512,-0.042057218554578724
5513,-0.056650810562386925
5514,-0.06594508623317186
5515,-0.05249890336298041
5516,-0.05249890336298041
5517,-0.058428747360448285
5518,-0.05124046709872247
5519,-0.09891302917009166
5520,-0.09922796498148781
5521,-0.052199402189473554
5522,-0.05309062339443765
5523,-0.0024543291311642512
5524,-0.027318508817164196
5525,-0.0044059165142495416
5526,-0.050903118856024915
5527,-0.026748264413966466
5528,-0.04509874146645555
5529,-0.04888533790198529
5530,0.07787837022301106
5531,-0.05382220964291537
5532,-0.04528435274809604
5533,-0.11661686459880485
5534,-0.05588877340248263
5535,-0.11637020525296471
5536,-0.0675682003359394
5537,-0.06851341925593765
5538,-0.0661888175003166
5539,-0.0661888175003166
5540,-0.06921636252393287
5541,-0.07034750982072063
5542,-0.05468272006166665
5543,-0.10123000952238306
5544,-0.08946987791230984
5545,-0.04571426730746264
5546,-0.0362868442162347
5547,-0.14465752408095964
5548,-0.14465752408095964
5549,-0.08431052971243265
5550,-0.07712718157138046
5551,-0.0654066002983717
5552,-0.06472557272773408
5553,0.05236971365124422
5554,-0.04928411587781202
5555,-0.04111229704911421
5556,0.047806777065921936
5557,-0.07595589194054078
5558,-0.09031180701323953
5559,-0.06366427669496053
5560,-0.09481006582007905
5561,-0.05808366692305837
5562,-0.0018233700194484857
5563,-0.07921972205875888
5564,-0.07201013305148636
5565,-0.011462386497331192
5566,-0.060262449208287674
5567,-0.07804600125521129
5568,-0.04621145545696252
5569,-0.08610893056383913
5570,-0.08610893056383913
5571,0.04868669087894961
5572,-0.08755011528034534
5573,-0.09118188258758542
5574,-0.05681059042729632
5575,-0.05710090280708857
5576,-0.08032548232074149
5577,-0.09074196317917956
5578,0.06608766909664196
5579,-0.07594636051432128
5580,-0.05920409602435056
5581,-0.09951091977743745
5582,-0.13269373128522483
5583,0.0523946906197208
5584,-0.06236501989940407
5585,-0.10874981845448137
5586,-0.05326780519066733
5587,-0.1062765975681037
5588,-0.08212505192850071
5589,-0.11386631738459593
5590,0.05087499815450708
5591,-0.07534585392586612
5592,-0.11278737747555989
5593,-0.07285934155994997
5594,-0.1049757869564538
5595,-0.11422886575838542
5596,-0.11720024685399447
5597,-0.06852838736094322
5598,-0.06160042511520883
5599,-0.11755179002492272
5600,-0.004100502698406099
5601,-0.06300786374789252
5602,-0.06715743181226091
5603,-0.1225018496399363
5604,-0.060697233055806044
5605,0.052258237948370465
5606,-0.022068872685087282
5607,-0.060536826751911355
5608,-0.0767514565595532
5609,-0.029289877705800813
5610,-0.1283352500963426
5611,-0.017381530257053246
5612,-0.06936067602757214
5613,-0.07187962013817463
5614,-0.06962890622919582
5615,-0.09174986134156099
5616,-0.07456256850368684
5617,-0.13343303489813935
5618,-0.1355168416662707
5619,-0.13558294804973792
5620,-0.06330291271870998
5621,-0.13482717140484088
5622,-0.13438107388428266
5623,-0.07147299469567092
5624,-0.07511336349308802
5625,-0.07175446839064889
5626,-0.12971993958933858
5627,-0.12892756662294735
5628,-0.09262016609331397
5629,-0.040230633692692454
5630,-0.010182068591209452
5631,0.05078521868242447
5632,-0.018067905343675493
5633,-0.07742018096273423
5634,-0.09837866386211555
5635,-0.12049963828427465
5636,-0.12425679522408226
5637,-0.09955403523345772
5638,-0.028246151024042827
5639,-0.11812012349633416
5640,-0.11931897132883149
5641,-0.02996647489460654
5642,-0.07939625706613936
5643,0.04081908358668879
5644,-0.12151981031163742
5645,-0.09929126073603037
5646,-0.06783070504139371
5647,-0.07098620205383004
5648,-0.08100390033476958
5649,-0.052970066781322406
5650,-0.05553494461229597
5651,-0.11636995208703602
5652,-0.06753166647135023
5653,-0.0787178985485507
5654,-0.14491111218738073
5655,-0.07883851253803563
5656,-0.1158927974935004
5657,-0.06096472233166521
5658,-0.11389777738045825
5659,-0.11380329962909097
5660,-0.13430429257228735
5661,-0.13502876753945361
5662,0.014052370526803132
5663,0.014666848050261926
5664,-0.016340381089711538
5665,-0.13555221731675032
5666,-0.02133396425422747
5667,-0.09450731753547657
5668,-0.09936591178796213
5669,-0.12919359489697613
5670,-0.10850569996530174
5671,0.014363617746126883
5672,-0.05001629314662007
5673,-0.07718276075121484
5674,-0.13042323135040432
5675,-0.03190697336914403
5676,-0.04418585619899518
5677,-0.10273110797088977
5678,-0.05033539419562019
5679,-0.11922315333148878
5680,0.05278011378627701
5681,0.012261979562503415
5682,-0.07779698125444012
5683,-0.05926924990185546
5684,0.013283127123210267
5685,-0.10721655207771139
5686,-0.10774245558170795
5687,-0.1535906794089475
5688,-0.11165901933010902
5689,-0.04597972401590181
5690,-0.022066280418309665
5691,-0.016557527074594403
5692,0.044650213122599654
5693,-0.048480190087817635
5694,-0.11590389458638384
5695,-0.03434714884611152
5696,-0.1055054221164076
5697,-0.10544076756758862
5698,-0.0018201601900343228
5699,-0.10539312401471783
5700,-0.02440462036405442
5701,-0.11112211758376578
5702,-0.11381792705337512
5703,-0.07362848785609266
5704,-0.11525817086924223
5705,-0.08870962418946435
5706,-0.11836416421762869
5707,-0.0834208143763456
5708,-0.11089460994305592
5709,-0.1065966023320346
5710,0.015667844727559308
5711,-0.016055024094898736
5712,-0.06884412193736208
5713,-0.015198452303497735
5714,-0.06278891784715643
5715,-0.05680849771068877
5716,0.06084692286235934
5717,-0.01122423756851752
5718,-0.120139941800189
5719,-0.12076723344578838
5720,-0.08781867452298897
5721,-0.06356301357152266
5722,-0.028041178079985976
5723,-0.11663869599729176
5724,-0.012419546296892701
5725,-0.016967535250965782
5726,-0.1287415527572263
5727,-0.10905285908874848
5728,-0.06194472404810333
5729,0.001048004435987713
5730,-0.10608803084119103
5731,-0.10436179299812867
5732,-0.10804989040882815
5733,-0.11098966065171906
5734,-0.0986585257489232
5735,-0.11189374517689221
5736,-0.00545675648630347
5737,-0.05031631210705996
5738,-0.0032672808786033715
5739,-0.014656624662133827
5740,-0.09745204911577324
5741,-0.09745204911577324
5742,-0.027462569641891074
5743,-0.036959463493069326
5744,-0.1529249311319536
5745,-0.07678584281920559
5746,-0.06689267142337565
5747,-0.11502232688348077
5748,-0.038057854084851385
5749,-0.03463032816241324
5750,-0.11906936163510656
5751,-0.11901032889375673
5752,-0.03500262210579426
5753,-0.11886858983731266
5754,-0.028119584171331063
5755,-0.08560906740667992
5756,-0.11828703517626876
5757,-0.05194414353459545
5758,-0.07566614643731776
5759,-0.03678839460564883
5760,-0.11812863982126623
5761,-0.11859375497620908
5762,-0.1181270657867795
5763,-0.11957134216931092
5764,-0.10693143166918559
5765,-0.04008897699833018
5766,-0.1191313644814685
5767,-0.035532592142007616
5768,-0.05657442297736222
5769,-0.07194058386736747
5770,-0.022628807237343937
5771,0.06930863937249526
5772,-0.037638047629527334
5773,-0.12488365138514454
5774,-0.07933333032117718
5775,-0.12678605719761388
5776,-0.06865805177247955
5777,-0.013997672020010565
5778,-0.02562235381846331
5779,-0.12737800309111852
5780,-0.12797267180002675
5781,-0.05165426083532447
5782,-0.021048121554796413
5783,-0.13430329443241595
5784,-0.13430329443241595
5785,-0.023228582456432986
5786,0.07765086010891446
5787,-0.13781831830606245
5788,-0.10455398127599835
5789,-0.13590990396035757
5790,-0.13590990396035757
5791,-0.08089603036430107
5792,-0.13736841480393228
5793,-0.025078321349519934
5794,0.05399782722734369
5795,-0.14064904178351342
5796,-0.0210982686901798
5797,-0.10015044246252794
5798,-0.05361028140789531
5799,-0.048213318269628866
5800,-0.02076103301846771
5801,-0.10416290664272605
5802,-0.11983424542597129
5803,-0.04577372720620215
5804,-0.13581629575305448
5805,-0.08366927882320516
5806,-0.0776630225337823
5807,-0.13668719175227
5808,-0.07757135845990729
5809,-0.027647644399841985
5810,-0.13255273325770162
5811,-0.02431958646206523
5812,-0.07365345817082541
5813,-0.09015679478602763
5814,-0.1342424986554671
5815,-0.1342424986554671
5816,-0.1306201394741842
5817,-0.11612768696743009
5818,-0.0160956090842381
5819,-0.12782322577661176
5820,-0.127924001801816
5821,0.06660218997487422
5822,-0.12801373446691156
5823,-0.1046345085056008
5824,-0.1230607714903035
5825,-0.02543215700084485
5826,-0.10283497285318109
5827,-0.02459528095801273
5828,-0.08178616385221485
5829,-0.05468210310228913
5830,-0.024405222739414784
5831,-0.08099967192593556
5832,-0.12161362268760822
5833,-0.05158581176005825
5834,-0.12322050027732645
5835,0.016387022029180083
5836,-0.11529902481539037
5837,-0.08244828307762156
5838,-0.01822285542498893
5839,-0.0038089716220411143
5840,-0.01793578402906741
5841,-0.1248740778035517
5842,-0.004669587112503336
5843,-0.11564774237709285
5844,-0.12101002722129539
5845,0.05269672218724162
5846,-0.01243510402947736
5847,-0.12639902343098197
5848,-0.07326620752630465
5849,-0.10612485300523375
5850,-0.10687355920209035
5851,-0.11395982147778644
5852,-0.11559070999782328
5853,-0.0007300039738395853
5854,-0.023185353208658666
5855,-0.11507237527112255
5856,-0.08545152820339155
5857,-0.12383084643799752
5858,-0.01771188175844122
5859,-0.12557650511932067
5860,-0.020133832165974398
5861,0.09046159264693361
5862,-0.059740913853940814
5863,-0.1275845089495331
5864,-0.10388006088309439
5865,-0.07831129234873288
5866,-0.1350265032133612
5867,-0.08483879109808977
5868,-0.06231855759842295
5869,-0.0955314012594703
5870,-0.0788570599891632
5871,-0.02649687113739197
5872,-0.09074806942226774
5873,-0.06865964029680653
5874,-0.13782019913480584
5875,-0.011789548039475288
5876,-0.1386628571987884
5877,-0.13906858058150973
5878,-0.08346976115670338
5879,-0.13926737949904167
5880,-0.13926737949904167
5881,-0.06249000901558799
5882,-0.046648823285061106
5883,-0.1423205751796209
5884,-0.14590921934297618
5885,-0.1456010023101797
5886,-0.14337445265042625
5887,0.0023652013554226192
5888,-0.003476403603076182
5889,0.005433654796553989
5890,-0.058970242909606896
5891,0.09153163529563643
5892,-0.11805924792319356
5893,0.013609677000980699
5894,-0.09084023882464784
5895,-0.0658998311162029
5896,-0.13853319324523777
5897,-0.08495828807879736
5898,-0.1177290504311096
5899,-0.06233644217206136
5900,0.038814259208647686
5901,-0.04609885635146846
5902,0.05812666497453761
5903,-0.14440510007738283
5904,-0.06147212336657337
5905,0.03538835266052234
5906,-0.13962798176185218
5907,-0.0642956761186055
5908,-0.14118592396106402
5909,0.025196607939835424
5910,-0.11580194553760739
5911,-0.13679060115990863
5912,-0.07507246607232244
5913,-0.14189848633030214
5914,-0.01919454911183953
5915,-0.1387637868748739
5916,0.030807328756320623
5917,-0.07023335111335526
5918,-0.04919207859727727
5919,-0.1337108636120494
5920,-0.05908147592930288
5921,0.029017417117526097
5922,0.09280630016399194
5923,-0.12395813637137099
5924,-0.06265087483382889
5925,-0.0652855267867114
5926,-0.14964347551607293
5927,-0.1309372615322816
5928,-0.08474402365132148
5929,0.012597655103555785
5930,-0.05978885181133052
5931,-0.061029847398796244
5932,0.025916536866744562
5933,-0.12609956707616363
5934,-0.12609956707616363
5935,-0.04542170834361105
5936,-0.12409255647712356
5937,0.020274525366084133
5938,0.062008403614697755
5939,-0.12540253846434632
5940,-0.04830819169673295
5941,-0.12274115316824666
5942,-0.12274115316824666
5943,0.022370366131519097
5944,-0.01989452473039377
5945,-0.047816669721564675
5946,-0.11951247846839202
5947,-0.02646582125012869
5948,0.061509589687929286
5949,-0.06463044507534704
5950,-0.054883022031004924
5951,-0.059989183778689864
5952,-0.11700413281967373
5953,-0.08896762278443571
5954,-0.06861587277865892
5955,-0.11375866301268833
5956,-0.03192837364990357
5957,-0.07408970416231139
5958,0.00036469806991853634
5959,-0.08152000676114345
5960,-0.10157795468346059
5961,-0.08015761951404828
5962,-0.11895874275434767
5963,-0.016537327366443644
5964,0.06140593698001218
5965,-0.1182701077881953
5966,-0.05946431642726906
5967,-0.1181655739154926
5968,-0.11692998358816561
5969,-0.1631456208363722
5970,-0.11558389310556408
5971,-0.02219121452352405
5972,-0.10990523371152824
5973,-0.0626604156493035
5974,-0.0332477894263343
5975,-0.04164252464528783
5976,-0.11039594297058775
5977,-0.02890800201173551
5978,-0.10460265506387523
5979,-0.03610290747205802
5980,-0.05898711447599017
5981,-0.022180223866167845
5982,-0.10100591696893794
5983,-0.013550869078583605
5984,-0.054656950144015476
5985,-0.166056531026281
5986,-0.0941295306267043
5987,-0.07695468874360764
5988,-0.10410283900245917
5989,-0.08239202823819425
5990,-0.001029222294900295
5991,-0.10160012403391637
5992,-0.10329441703840256
5993,-0.03274707995926393
5994,-0.07261553278588831
5995,-0.031365884944259445
5996,-0.102559944120208
5997,-0.0972256615278822
5998,-0.09294456470391435
5999,0.07659278930030791
6000,-0.0926001885667533
6001,-0.0922930284050808
6002,-0.08749539758669374
6003,-0.08749539758669374
6004,-0.06365622030601857
6005,0.08809300437726986
6006,-0.08430358570438842
6007,-0.01808636188785704
6008,-0.08809397803024319
6009,-0.037926378122187944
6010,-0.10013285712990774
6011,-0.058010889334996346
6012,-0.030012082174190866
6013,-0.054426407809843244
6014,-0.05510836466045679
6015,-0.09454703150400048
6016,-0.08967687212571021
6017,-0.04881249728866016
6018,-0.02304333802342106
6019,-0.024876881644126714
6020,-0.16617814031990485
6021,-0.022040240978724056
6022,-0.09696349360769035
6023,-0.024656079931213826
6024,-0.02809560048456968
6025,-0.05756157774674289
6026,0.08199636911288413
6027,-0.09419397700784274
6028,-0.10521754504836865
6029,-0.030605697536299423
6030,-0.06852686532059994
6031,0.01651062697962631
6032,-0.09284155783554636
6033,-0.0948819399667236
6034,-0.09637260616975185
6035,-0.03628370661609693
6036,-0.034931416640785876
6037,-0.16382249638014218
6038,-0.049879568129665444
6039,-0.09638167111247681
6040,-0.08404294618429187
6041,-0.03750216939616294
6042,-0.028597626593608885
6043,-0.09310778334560041
6044,-0.09155898256793649
6045,-0.09281259636571512
6046,0.015220910132850846
6047,0.015220910132850846
6048,-0.15248092519008086
6049,-0.109913975178633
6050,-0.038185067650660875
6051,0.02620194472443513
6052,-0.0907570773567327
6053,-0.017424082258208448
6054,-0.09279341457818058
6055,-0.09154059704475663
6056,-0.09154059704475663
6057,-0.1151868542992528
6058,-0.13905295476075957
6059,0.004661030383073413
6060,-0.08378476341956877
6061,0.01906876644891414
6062,-0.007081771355667094
6063,0.0132962014228649
6064,-0.08086141436230301
6065,-0.08086141436230301
6066,-0.014329283680087845
6067,-0.06515568448703415
6068,-0.07759111773274309
6069,0.05937944710098945
6070,-0.011189476828180618
6071,-0.07814442068559019
6072,0.012953716203780573
6073,-0.0760102538623254
6074,0.0320902939667376
6075,-0.013891335685133843
6076,-0.11430787149056218
6077,0.03245270907446406
6078,-0.08468194539101376
6079,-0.0849791805760465
6080,-0.08524318213688997
6081,0.013283649356496906
6082,0.028400650081768432
6083,-0.1453689119572615
6084,-0.08661212065652267
6085,-0.08814086693095252
6086,0.02118979492084626
6087,-0.05480948356053969
6088,-0.012402902795383655
6089,-0.08787616820287769
6090,-0.025490815635090994
6091,0.017208673720250246
6092,-0.1411664468381805
6093,-0.07723172786338475
6094,-0.08878603369865073
6095,0.0026143504060073645
6096,-0.05476474700308
6097,-0.1402023926199317
6098,-0.08521741582173678
6099,-0.0751031331875436
6100,-0.004515749570154777
6101,-0.08273435956054999
6102,-0.08273435956054999
6103,-0.010433056877307313
6104,-0.08186467681517841
6105,-0.0836288141820617
6106,-0.08738577263494879
6107,-0.132656396921474
6108,-0.08309350508040808
6109,0.023300659049408295
6110,-0.02629732018507447
6111,0.03146792332839611
6112,-0.07687251322436225
6113,-0.12856942233368351
6114,-0.07862978246431791
6115,-0.056463664691546525
6116,-0.02947111244149602
6117,-0.010540560155942007
6118,-0.03797941225778887
6119,0.04315143795194593
6120,-0.08090412321792136
6121,-0.12156130782607916
6122,-0.032137689737407056
6123,-0.07876440515721259
6124,0.01232159951048917
6125,-0.11118553096162373
6126,-0.07662767454131368
6127,-0.11067802743737021
6128,-0.06973841560694326
6129,0.0013031470608950574
6130,-0.06284368692066529
6131,-0.06581044827755916
6132,0.006054804561890245
6133,-0.07383841279819423
6134,-0.07323583963871134
6135,-0.0020730220753523328
6136,-0.07129547084672931
6137,0.009807944657798353
6138,0.044056533444555075
6139,-0.07737717389841113
6140,-0.02861354653907114
6141,-0.0015613305391747392
6142,-0.07433349578684931
6143,-0.03395427444940653
6144,-0.009039952245772385
6145,-0.06808724499647684
6146,0.0027278506551219675
6147,-0.06188810960956706
6148,-0.08707549286683296
6149,-0.05749031038060724
6150,-0.09117120348338864
6151,-0.014202784600823429
6152,-0.0017954048476269656
6153,-0.04987016799076005
6154,-0.004424791237358117
6155,-0.030028008703760878
6156,0.014257231157670414
6157,-0.052376315497942236
6158,-0.05857242624177929
6159,-0.08529730801341551
6160,-0.059826981774598
6161,0.012853670915814585
6162,-0.0826588019412716
6163,-0.08198394114973165
6164,-0.0568867923483973
6165,-0.048807495073754176
6166,-0.05470247492716854
6167,-0.05992108782736702
6168,-0.05308868862507746
6169,0.007379985109103194
6170,-0.062367307385203824
6171,-0.0676004391423663
6172,-0.06987773680594757
6173,-0.04562700393746549
6174,-0.06878084199378694
6175,-0.06995167285273962
6176,-0.0014732936480495382
6177,-0.04529820967568729
6178,-0.15996060113260444
6179,-0.04625986535141251
6180,-0.08120447864882141
6181,-0.04361015928988862
6182,-0.02587360641570311
6183,-0.04601776583882383
6184,-0.058881536715179345
6185,-0.0487701256981965
6186,-0.10412502795126982
6187,-0.05104402496666477
6188,-0.1573877273533549
6189,-0.08436080227217888
6190,0.019439168678433247
6191,-0.01288774439490352
6192,-0.1010485394582431
6193,-0.054504398612635105
6194,0.05440102552194463
6195,-0.06449946281755592
6196,0.03076609560674459
6197,-0.05365766852221346
6198,-0.056091159347832875
6199,-0.05758858453883263
6200,-0.05871666151107929
6201,-0.06006147110526222
6202,-0.051512347386584945
6203,0.0354696058112087
6204,-0.05122400955153826
6205,0.020934549277258355
6206,0.0594847450060348
6207,-0.06168653590348676
6208,0.08562210736947407
6209,-0.006083423546779411
6210,-0.11029516818778526
6211,-0.06501351279375692
6212,-0.06361937032019327
6213,-0.11394009936042271
6214,-0.06361937032019327
6215,-0.061504690814550275
6216,-0.12492797720791515
6217,0.008838061605036395
6218,-0.07545733412209461
6219,-0.07624078477390638
6220,-0.014916902958162906
6221,0.0639737481980793
6222,-0.07648019953951757
6223,0.001713448283268082
6224,-0.00023429689127863265
6225,-0.08305979654029098
6226,0.05236283518660987
6227,-0.12285767820811277
6228,-0.09007284251597825
6229,0.013553922700463256
6230,-0.00305222787484305
6231,-0.11490560479584105
6232,-0.10670141033128433
6233,-0.021445343697981727
6234,0.03787297852241035
6235,-0.025664303182738622
6236,0.08266090329713435
6237,-0.001955636714321373
6238,-0.028389915547378075
6239,-0.20937091996167728
6240,0.0662838521224571
6241,-0.043076660287313356
6242,-0.044399717812215106
6243,0.015064399211917236
6244,-0.0935510304824684
6245,-0.09325118431637583
6246,0.054608763948072195
6247,-0.03179010420281729
6248,-0.03175573754257983
6249,-0.09624041570065277
6250,-0.09144573109521556
6251,0.02931597360548652
6252,-0.04075608490277097
6253,0.024684450636212246
6254,-0.17120809007700352
6255,-0.12018927746761596
6256,-0.02336452217298126
6257,-0.09770891423096209
6258,0.013985819364655237
6259,-0.017180068822297695
6260,-0.03984953126532527
6261,-0.041169355011910526
6262,0.0474530652189149
6263,-0.11116660121364186
6264,-0.002623652363893246
6265,-0.10492968096213817
6266,-0.1048729490583245
6267,-0.22538808239558328
6268,0.008380770138288678
6269,-0.047408707152649984
6270,-0.05069882677490645
6271,-0.2197287628914939
6272,-0.016146972281289453
6273,-0.11304582771484586
6274,-0.02706499987016875
6275,-0.12332016133990553
6276,-0.1290515298098355
6277,0.051793071874723914
6278,-0.12198533852502699
6279,-0.021138297197574124
6280,-0.019573621858246876
6281,-0.07764931191361014
6282,-0.05535133571116463
6283,0.05429054587107651
6284,-0.12456499738828147
6285,-0.12399092375841442
6286,0.08120512156404879
6287,-0.12638409717997423
6288,-0.124745824487553
6289,0.016361416532732827
6290,-0.11905952475131609
6291,-0.19573469457380832
6292,0.08994464507140097
6293,-0.11537935476515843
6294,-0.03370468150777502
6295,-0.054042597392002165
6296,-0.1206810156955199
6297,0.021511315493441704
6298,-0.09647635688809339
6299,-0.06967238687214182
6300,-0.03068489378123309
6301,-0.042097731938853106
6302,-0.06470207340327463
6303,0.04107988508935463
6304,0.00863180252024644
6305,0.1133578637627376
6306,-0.11756587702625787
6307,-0.14538459161422193
6308,-0.11756587702625787
6309,-0.030281261142486436
6310,-0.11957001522770772
6311,-0.11806477787911013
6312,-0.020260417239047555
6313,-0.14492708807643168
6314,-0.12058400329195001
6315,0.04210679259186001
6316,-0.11385608986789741
6317,-0.08875025921253099
6318,-0.06723468877985136
6319,-0.17871009773703972
6320,0.09217173648349361
6321,-0.02761489497014026
6322,-0.04460495865615424
6323,-0.10676524465563775
6324,0.057028309294952687
6325,-0.11108913583257499
6326,-0.05479343288636179
6327,-0.11602116064479503
6328,0.07802253777004407
6329,0.005764386349100625
6330,-0.05872739486432299
6331,-0.11619372211618598
6332,0.030188231078414174
6333,-0.11291507529162284
6334,-0.11209951721194192
6335,-0.15267159894558446
6336,-0.11078147513949421
6337,-0.11031514337820864
6338,-0.11389478121107993
6339,0.08344954446200445
6340,-0.11701707738617598
6341,-0.11701707738617598
6342,-0.06818382860771083
6343,0.07130686919682014
6344,-0.07519155282086486
6345,-0.12339772452620801
6346,-0.03370010736936468
6347,0.10873437646431114
6348,-0.018563432908801684
6349,-0.11802676281981958
6350,0.052939028565471356
6351,0.04519801979349692
6352,-0.11220969586874627
6353,-0.11116314596899612
6354,0.061945474119646515
6355,-0.07377918295194205
6356,0.0065545357936084535
6357,-0.08309253207208431
6358,-0.11018326961683766
6359,0.009891278367001939
6360,-0.15540641224908341
6361,-0.050506744074510126
6362,-0.01224474302895922
6363,-0.07787746452588269
6364,-0.17619974224981988
6365,0.05655182314699348
6366,-0.11563695197780069
6367,-0.11563695197780069
6368,-0.11563695197780069
6369,0.07753677664438766
6370,-0.18776630320278154
6371,-0.11424770970264125
6372,-0.11424770970264125
6373,-0.18546817554716
6374,-0.09920341891116671
6375,-0.10364068054229181
6376,-0.10323369203295281
6377,-0.09266440850513644
6378,-0.021762003135560842
6379,0.10402186909935435
6380,-0.014073802521958431
6381,-0.006142411109087139
6382,0.056389298619593915
6383,-0.09628003814922297
6384,-0.08645370969795249
6385,-0.033736590254413
6386,-0.07373451937292548
6387,0.051534195891988
6388,-0.09513024133672518
6389,-0.10241075221674349
6390,-0.0933517996364472
6391,-0.09594957185539962
6392,-0.10576184237729236
6393,0.018527855300296305
6394,-0.08725027988937757
6395,-0.07426430128452148
6396,0.021400823922601647
6397,-0.20257988898196722
6398,-0.08374585376157329
6399,-0.08201131095887944
6400,-0.10355422450985712
6401,0.09329644870182822
6402,-0.08136073428351255
6403,-0.08136073428351255
6404,0.1016464229868244
6405,-0.033628926009850776
6406,-0.08153628149043303
6407,-0.07407398295273071
6408,-0.0448014173282453
6409,-0.07822313903254488
6410,-0.06656122101196942
6411,-0.17515004679772775
6412,0.07191964806787102
6413,-0.07366719670147753
6414,-0.0746778653366714
6415,-0.10126529609224334
6416,0.045848386263951484
6417,-0.08937362953391555
6418,-0.08937362953391555
6419,-0.09388853226032538
6420,-0.12549475673940558
6421,0.0379324536502599
6422,0.023901697577226037
6423,-0.08749369083178228
6424,-0.10292208442369362
6425,-0.06991889607079475
6426,-0.10357161564043398
6427,-0.10926138905878469
6428,-0.03629152339620663
6429,-0.02918520223247202
6430,-0.03158324788406164
6431,0.1099167214084033
6432,-0.11166850169719944
6433,-0.11051457899854028
6434,-0.11586107529633938
6435,-0.12174798025479538
6436,-0.06444644094458121
6437,-0.09769612061578546
6438,0.026248748812516355
6439,0.023764496066939707
6440,-0.125300909856111
6441,-0.1403305487167818
6442,0.07722715016712667
6443,-0.14227082710977956
6444,-0.04648267857557392
6445,-0.0689939202894545
6446,-0.14384780571244646
6447,-0.14169317342924614
6448,-0.1461720723358361
6449,-0.1461720723358361
6450,0.09020643095352571
6451,-0.14374776503333758
6452,-0.14374776503333758
6453,-0.1507485683460256
6454,-0.13266194967526893
6455,-0.08530528602800823
6456,0.12012597777441111
6457,-0.026415776562155296
6458,-0.16264015661682943
6459,-0.16503771320829247
6460,-0.1856466364768493
6461,-0.17008834009886797
6462,-0.06559692003310563
6463,0.021812017712238233
6464,0.0015924671926549894
6465,-0.1833267795437264
6466,-0.13006052972877713
6467,0.045713197163401886
6468,-0.13006052972877713
6469,0.10208079163999345
6470,-0.17495293541268409
6471,0.09723821921412863
6472,-0.0752346355850628
6473,-0.1590340931174102
6474,-0.06568133931826226
6475,0.0107291234858671
6476,-0.14978600551737725
6477,-0.14933638482999081
6478,-0.14933638482999081
6479,-0.06418106173048232
6480,-0.14676079066129682
6481,-0.20635855020990052
6482,-0.08395402524708703
6483,-0.02500313326179647
6484,-0.05227483853041906
6485,-0.0017304576311988548
6486,-0.12002450113932933
6487,-0.21214207309678418
6488,-0.10325130173047847
6489,-0.12857070275124324
6490,-0.12857070275124324
6491,0.09360685917667184
6492,0.04513101471171092
6493,-0.14350265419523703
6494,-0.14354170689375395
6495,-0.051922252651281406
6496,-0.05237984072231075
6497,-0.13527484773007212
6498,-0.10958176413216161
6499,-0.10875462909413289
6500,-0.13001955682286992
6501,-0.030506003067597084
6502,-0.12405717348516171
6503,-0.1306139707625598
6504,-0.13184738218555525
6505,0.07317744283817174
6506,-0.12008156157903083
6507,0.0501950389215265
6508,-0.1087637057464993
6509,-0.21046711816929792
6510,-0.12166216145951564
6511,0.001825416667912562
6512,-0.12886763457107248
6513,0.1015379639905909
6514,-0.12886763457107248
6515,-0.037494394654435735
6516,-0.1316165240850446
6517,-0.03799687263955664
6518,-0.1250785197395064
6519,-0.19888960960354174
6520,-0.11725228478537739
6521,0.0011523569103621817
6522,-0.010858909303795052
6523,-0.03663025338386193
6524,-0.08954530840868272
6525,0.055180279927376834
6526,-0.082263498373025
6527,0.0026062086428943164
6528,0.05140554810339018
6529,-0.04062163739662472
6530,-0.04244827879396856
6531,-0.1770889558374574
6532,0.06368721186717739
6533,-0.18054700977318444
6534,-0.17984194868696066
6535,-0.19784527041066738
6536,-0.06620969054946683
6537,-0.17658625811233922
6538,-0.08023622709588532
6539,-0.17275748561853266
6540,0.06162990350614776
6541,-0.20826650188027374
6542,-0.07042412247755671
6543,-0.1687379799676583
6544,-0.05244261432240138
6545,-0.1671031854109256
6546,0.03685522699227414
6547,-0.043031075328524196
6548,-0.16755951774080935
6549,-0.16755951774080935
6550,-0.04385607454553654
6551,-0.16906247935068144
6552,-0.04054897413187242
6553,0.0010058552252488924
6554,-0.07341763621213748
6555,-0.04395670985714409
6556,-0.17520770929098295
6557,0.10565371919222524
6558,0.008566534466475628
6559,-0.176352822973071
6560,0.027719251846022686
6561,-0.07772432901807341
6562,-0.04946041871801379
6563,-0.161276562141141
6564,-0.16238953729575237
6565,-0.036800879126220994
6566,-0.1571856268370658
6567,-0.21996533108805358
6568,-0.16273037850897343
6569,-0.05941158283500625
6570,-0.15739979882674465
6571,-0.18485628960644218
6572,-0.0560323778435923
6573,-0.15196349729621922
6574,-0.15601269001039283
6575,-0.011608496114265551
6576,-0.15991729062672558
6577,-0.15991729062672558
6578,-0.040020310819688085
6579,-0.04522306853591082
6580,-0.04216781145582763
6581,-0.043797948092995975
6582,-0.15445239350835477
6583,-0.08927117025208939
6584,-0.047236149667565744
6585,-0.058130555581813695
6586,-0.20356195380737616
6587,-0.15404815084875215
6588,-0.15404815084875215
6589,0.06305899455667542
6590,-0.04736685196790308
6591,-0.1450606138613241
6592,-0.146088845400461
6593,-0.0860209124721488
6594,-0.20516038511971885
6595,0.10776538260486176
6596,-0.03862435849760372
6597,-0.08274878706022672
6598,-0.08432991056933628
6599,0.10487137436209258
6600,-0.2021415060270793
6601,-0.02880029768036181
6602,-0.1496522808741612
6603,-0.20680810541022437
6604,-0.07067690089247129
6605,-0.14780017245950844
6606,-0.0595811544878638
6607,-0.005234828164519523
6608,-0.07666743394624755
6609,-0.06404087376153828
6610,-0.045095758258244314
6611,-0.14206870045489045
6612,-0.14046729142286413
6613,-0.14046729142286413
6614,-0.15335570137938745
6615,-0.05901243619859986
6616,-0.005218036948853512
6617,-0.14225325676054582
6618,0.02584345808234681
6619,-0.14356180618074088
6620,-0.18385695372463937
6621,-0.14422347706525945
6622,-0.07486073842260703
6623,-0.1285194137977256
6624,-0.1301155468961967
6625,-0.1301155468961967
6626,-0.13501850930668946
6627,-0.07327935119029763
6628,0.011141006633321692
6629,0.013836222494387682
6630,-0.052909038180715504
6631,-0.07769390793270856
6632,-0.05295951495210098
6633,-0.14693249498282746
6634,0.10634974076410197
6635,0.004465010461274432
6636,-0.0753059313126675
6637,-0.14804809648368605
6638,-0.14677023908543013
6639,0.014438335544888999
6640,-0.07693023755561029
6641,-0.14901297228011706
6642,-0.16227003527971445
6643,-0.14790266461524382
6644,0.016922534113799802
6645,0.01842913238907135
6646,0.010419040686478961
6647,0.0771535066164453
6648,-0.1330065501225013
6649,-0.13408481758922872
6650,-0.03783673325441978
6651,-0.13088438609822833
6652,-0.13156793625449006
6653,0.0785075938314222
6654,-0.14454636919231312
6655,-0.12764709517477507
6656,-0.05451922949879265
6657,-0.08605599286599967
6658,-0.004316237148576138
6659,-0.13247598544726508
6660,-0.0009205786681022073
6661,-0.1306103750224082
6662,0.09164084388156012
6663,-0.12880540805247248
6664,0.0957115323298862
6665,-0.12698099570119886
6666,-0.12563395898735388
6667,-0.13142536428748597
6668,-0.1282761423421643
6669,0.02620986116279259
6670,0.00683757582194618
6671,0.025867312732125947
6672,-0.11926178713204216
6673,-0.11653399139263332
6674,-0.03577346378313126
6675,0.024097946770926037
6676,-0.1081253594144369
6677,-0.0067363273218878535
6678,-0.03142591424725996
6679,-0.008028659455114183
6680,0.09347321421142625
6681,-0.11878152222250082
6682,-0.12172741204693532
6683,-0.12382723197986625
6684,-0.042776941466791674
6685,-0.122967852890905
6686,-0.1301349280487902
6687,-0.07938110872051057
6688,-0.11127373726756323
6689,-0.04127014652932724
6690,0.006207943121578876
6691,-0.09834646098392164
6692,-0.01601713824910319
6693,-0.01601713824910319
6694,-0.09459547573207573
6695,-0.09445848587287636
6696,-0.0527507755287987
6697,-0.09373866415179447
6698,-0.03460388529456292
6699,-0.10997924363993045
6700,-0.11702543986063393
6701,-0.02425795287733761
6702,-0.1569548418257907
6703,0.06578747084606432
6704,-0.11539892084046502
6705,0.01798476263238589
6706,0.10247406447127291
6707,-0.03987770510893859
6708,0.03906655541005951
6709,-0.03335110690188903
6710,0.05190046092043979
6711,0.026979503430540678
6712,-0.02822660152812667
6713,0.04472619560506377
6714,0.032050215215089876
6715,-0.062131054297082336
6716,0.033064005422695636
6717,0.014548278408675331
6718,0.030428644698553498
6719,-0.020645207993494716
6720,-0.013430554388398554
6721,0.02906176152638089
6722,-0.11057275125624483
6723,0.02984769669804377
6724,0.027252578444541188
6725,-0.07762717631651733
6726,-0.008334693151483316
6727,0.06211690253653057
6728,0.011402751117782653
6729,0.008008182165288175
6730,0.008707205928373997
6731,-0.04727868124177016
6732,-0.07489994164670147
6733,0.01301223590756338
6734,-0.013114393712642315
6735,0.0001824170461925713
6736,-0.027358057913574332
6737,-0.08612914101434316
6738,-0.026933820202718534
6739,-0.06309908409565392
6740,-0.015284372713596124
6741,0.03159173837378269
6742,-0.01721021497164981
6743,-0.03062279401951075
6744,-0.040670536895352875
6745,-0.03382990403618575
6746,-0.03969087026535169
6747,-0.08126628400561385
6748,-0.018892602225138985
6749,-0.04864235239456367
6750,-0.04377673428877073
6751,0.07574956361016558
6752,-0.11516371200569636
6753,0.09996944368783839
6754,-0.029192094550725627
6755,-0.0619119336011508
6756,0.02273559354328293
6757,-0.04125297175117691
6758,-0.041543468810312005
6759,-0.033212853069320036
6760,-0.0476259827674228
6761,-0.11463367575870148
6762,-0.11937519597237928
6763,0.007402951894006263
6764,-0.026555135931937923
6765,-0.0005759039214724808
6766,-0.03171843189181098
6767,-0.053062455736444775
6768,-0.02511567236837784
6769,0.06664711345489119
6770,-0.05129970263674258
6771,-0.04992976979119683
6772,-0.04407970708481532
6773,-0.041936522369138134
6774,-0.019967599750974063
6775,-0.02603341839347984
6776,-0.017767213657284814
6777,-0.05095771450935248
6778,-0.038286686528815374
6779,-0.057735903672792716
6780,-0.007524940208849671
6781,-0.12444515922667027
6782,0.0511953145140473
6783,-0.1616262072877917
6784,-0.04716218180358171
6785,-0.022020443041903662
6786,-0.04962393986226479
6787,-0.0018517153760130405
6788,-0.030147362770086686
6789,0.02526950971430033
6790,-0.07218379103693856
6791,-0.03710237645605512
6792,-0.08322159180177131
6793,0.07015125622089124
6794,-0.04274793640178917
6795,-0.014013526496078468
6796,-0.022151386543866884
6797,-0.0947189107471826
6798,-0.04892045502793013
6799,-0.1283016707661632
6800,-0.0011049362788571881
6801,-0.08902862952604162
6802,-0.09408459974935507
6803,-0.10144711364338495
6804,-0.09210875627880494
6805,-0.09231856635222208
6806,-0.12709519366397418
6807,-0.10135509084288775
6808,-0.011224148774256707
6809,-0.013411308800767914
6810,0.016260369004012086
6811,-0.1861939935273194
6812,-0.08801981781974755
6813,0.03148135584907276
6814,-0.11012527179354076
6815,-0.08018245520647556
6816,-0.04676118160059513
6817,0.07766418297970315
6818,-0.08915590400057771
6819,-0.0840976815343937
6820,-0.0832434737434927
6821,-0.016577326477373637
6822,-0.09619839971940715
6823,-0.08145136316654858
6824,-0.19740615224572428
6825,-0.07394938101942601
6826,-0.05510339893414787
6827,-0.07394938101942601
6828,-0.07770621123546495
6829,-0.05410620667398919
6830,0.02550393293650082
6831,-0.0828431896276244
6832,-0.015415556661519142
6833,0.017656148151415342
6834,-0.06539772864039452
6835,-0.08051480991029586
6836,-0.07860351806531107
6837,-0.014481291886847027
6838,-0.0681589581376029
6839,-0.05196373526859177
6840,-0.09084740995385147
6841,-0.05388864402514282
6842,-0.05938836643565311
6843,-0.01662474384709503
6844,-0.2225976567447801
6845,-0.05275056120131874
6846,-0.04958997844748042
6847,-0.05477635569546041
6848,0.08093009360146715
6849,-0.15025551369360357
6850,-0.06138162213156356
6851,-0.06138162213156356
6852,-0.09296133116472301
6853,-0.04959833087804329
6854,0.03442260162904115
6855,-0.09938172367728124
6856,-0.05316998186214518
6857,-0.06953232775284901
6858,-0.012519170079230625
6859,-0.2053799534377407
6860,0.03624408535935654
6861,-0.03398589575990402
6862,-0.027149151426325596
6863,-0.028398772765656485
6864,-0.10698726969632238
6865,0.08143388308515168
6866,-0.17612048655212761
6867,-0.018216261746035453
6868,-0.00830045254647593
6869,-0.00830045254647593
6870,-0.009350820297682659
6871,-0.10283077405709205
6872,-0.006968637123829516
6873,-0.006968637123829516
6874,0.04022585606027748
6875,-0.038446668975060896
6876,0.001891759013608784
6877,-0.037746254010118496
6878,-0.07006979795462412
6879,-0.09949198798447631
6880,-0.051600632764074866
6881,-0.029458660089516225
6882,-0.02421976969805096
6883,-0.16934364356062143
6884,-0.01573897032145429
6885,-0.017082379265886433
6886,-0.0480264706526905
6887,0.0829786717017421
6888,-0.04447147742431576
6889,-0.19282424118338987
6890,0.0013853430860107235
6891,-0.19734679159332746
6892,0.01434800048035003
6893,0.01434800048035003
6894,0.03774846974082188
6895,-0.09513147474122287
6896,0.012091835548056824
6897,0.005731183536941017
6898,-0.04322463721134989
6899,-0.07527781240793278
6900,0.0041703339585801615
6901,-0.2064746875522807
6902,0.050189926174946026
6903,0.0005798952772493732
6904,0.02317442662798382
6905,-0.037846689003290294
6906,0.01748671461205375
6907,-0.03072747170644062
6908,0.07382980974509397
6909,0.016986645237993765
6910,-0.08520989943221881
6911,-0.19648502243292043
6912,0.006657687848501879
6913,0.008145796253321638
6914,0.006524954575109203
6915,0.006524954575109203
6916,-0.019433467960115344
6917,-0.1918644048438932
6918,-0.09374627979632184
6919,-0.09597407960850772
6920,-0.020474629752139997
6921,-0.011081582255757071
6922,0.05050369680021884
6923,-0.1890761204072934
6924,0.03247274736834454
6925,-0.025444641238920533
6926,-0.09014183532056494
6927,-0.1003525990551094
6928,-0.0211552848108695
6929,-0.00936392836768573
6930,0.09180592818420538
6931,-0.035313301566176805
6932,-0.09521901263746348
6933,-0.17475119432972672
6934,-0.025967865704110582
6935,-0.02738614478526253
6936,-0.02878591995864084
6937,-0.02596471022451286
6938,-0.027738524302797704
6939,-0.1000752722475661
6940,-0.09962844671231809
6941,0.06772188204910425
6942,-0.013663728706819527
6943,-0.14820405647562554
6944,0.022659920546432625
6945,-0.029523062961114975
6946,-0.15902302844265204
6947,-0.09730675352813392
6948,0.09352428138407942
6949,-0.08357698078550628
6950,0.007167260196033087
6951,-0.019400596162766605
6952,-0.00041098950260390343
6953,-0.003912858627448244
6954,0.08692979484890821
6955,-0.0044245135587502385
6956,-0.0044245135587502385
6957,0.011155847130247865
6958,-0.0055028965099856095
6959,-0.009674174369880488
6960,-0.01076220079180083
6961,-0.08049930532119738
6962,0.003069726868990097
6963,0.06377181950699376
6964,0.0028760988530131294
6965,-0.1416160602273478
6966,-0.11593606279889565
6967,-0.15670940342013295
6968,-0.04169376614928503
6969,0.006249679312299538
6970,-0.023784294832818124
6971,-0.027114897417694607
6972,0.04938563633999159
6973,0.0027883320805750372
6974,0.0027883320805750372
6975,0.005513263292014093
6976,0.00828504896946368
6977,0.006208385751622329
6978,0.0031781784039524898
6979,0.0007755109275591789
6980,-0.12683284309187176
6981,-0.11285265154849913
6982,-0.12154619675951223
6983,0.035424554180581866
6984,-0.011168457655085902
6985,0.0614141738235152
6986,0.014540723387679026
6987,-0.12603643321260852
6988,-0.03877842585729682
6989,0.05763497412042877
6990,0.022117989397198515
6991,-0.01620553664212422
6992,-0.1058825768661101
6993,-0.1120168563478332
6994,0.027878169700789004
6995,0.029887067423797174
6996,0.029887067423797174
6997,0.031254314732408986
6998,-0.10530459793804718
6999,-0.08299164697767873
7000,0.05300670684289712
7001,-0.07564709338634976
7002,0.04750520649238902
7003,0.0042508899994436605
7004,-0.10533075062058814
7005,-0.11955946500890388
7006,-0.12448677981797926
7007,-0.0023239744356283523
7008,-0.08498345588021655
7009,0.06453519303949423
7010,-0.04217614205509028
7011,0.07061166684328693
7012,0.06614824284375086
7013,-0.07340191258585205
7014,0.057696172931908894
7015,0.056002694963365275
7016,-0.054855520294177215
7017,0.05514040256696617
7018,0.05514040256696617
7019,0.05514040256696617
7020,0.05762841914133401
7021,0.05990032743272263
7022,0.05957977313191649
7023,-0.06196067013956054
7024,0.05519807717728955
7025,-0.08481308820566336
7026,-0.021879551955604884
7027,-0.14491094149845596
7028,0.03420813975588039
7029,0.032553169760235194
7030,0.06519500056535715
7031,-0.08590474575714423
7032,-0.0495739426057302
7033,0.019134631795947172
7034,-0.05286986795902729
7035,-0.09865644549601718
7036,-0.059436211185351806
7037,-0.11466298848086973
7038,0.005187062401681304
7039,0.0005058348910589698
7040,0.0649172434998255
7041,-0.004044751024244682
7042,-0.10409391296978236
7043,-0.0009778269868485935
7044,-0.0980641709423398
7045,-0.09865900309748873
7046,0.09117673858970715
7047,0.06934518419295851
7048,0.0020478748711494493
7049,-0.10394521755968913
7050,0.0010032006783256761
7051,0.0019982709120241957
7052,-0.08200733779704122
7053,-0.08457523003725896
7054,0.0003965608975065385
7055,-0.1087532451998506
7056,-0.09762941903426231
7057,0.002922858049505237
7058,-0.09587155778552311
7059,-0.10308533355964468
7060,0.004085446411962472
7061,0.0021029719243654474
7062,-0.07650046002085464
7063,-0.09787599998924801
7064,0.01660408610901443
7065,0.06124063302303722
7066,-0.09313328373953045
7067,-0.09313328373953045
7068,-0.0669140404105601
7069,-0.09284740787492547
7070,-0.08887440772914135
7071,-0.09509686351608546
7072,-0.09828903352291601
7073,-0.09824951080548949
7074,-0.09836578820815206
7075,-0.006653794405625812
7076,-0.09081189125705623
7077,0.059554455704576445
7078,-0.0070655055201165745
7079,-0.09900620498639495
7080,-0.009046964116512356
7081,-0.09573162985511549
7082,-0.0781741936630386
7083,-0.059233165244649125
7084,-0.13324898139863256
7085,-0.09743021571241495
7086,-0.017518434494735592
7087,-0.0059563363627558735
7088,-0.0585830466300097
7089,-0.0585830466300097
7090,-0.05054397526136119
7091,0.029178463048209414
7092,-0.06759334184272536
7093,-0.005390698348976607
7094,-0.00920875775547831
7095,-0.00920875775547831
7096,0.00901630369569744
7097,-0.07735773569312757
7098,-0.07714588647210739
7099,0.05283628875956886
7100,0.008022310038259267
7101,0.008022310038259267
7102,-0.00870527599574469
7103,-0.09096801592588907
7104,-0.04038806671112163
7105,-0.09091783454727011
7106,-0.05627897642927332
7107,-0.07184013566764147
7108,-0.025932168976442196
7109,-0.05689690242403671
7110,-0.04365607704842979
7111,-0.0226465210336204
7112,0.02980220812633512
7113,-0.04847569519507923
7114,-0.0390772687634765
7115,-0.05019112762870191
7116,-0.057777707831790925
7117,-0.03415440592699834
7118,-0.047704978564111405
7119,0.02512022728246469
7120,-0.08411917780866746
7121,-0.0497225691576199
7122,-0.0904338981388488
7123,-0.09288807115741955
7124,-0.08906180812454498
7125,-0.08286199114602262
7126,-0.003136113606603229
7127,-0.10118183337470209
7128,-0.03365825015940153
7129,-0.08343764140347343
7130,-0.04604712123655942
7131,0.01137315922244631
7132,-0.08015355772038363
7133,-0.045524933455850874
7134,-0.07551305849611072
7135,-0.07053552154781739
7136,-0.079044742236421
7137,-0.08110409349319243
7138,-0.03445930803580409
7139,-0.08341812399334783
7140,0.029887026916684784
7141,-0.031941533152890965
7142,0.0361566351272431
7143,-0.0056729178224191636
7144,-0.08942138876577327
7145,-0.030589723418978684
7146,-0.0845393004962052
7147,-0.08496578180236505
7148,-0.03480732571660497
7149,-0.08516066241452584
7150,0.012143782482776994
7151,-0.041536428077517284
7152,-0.15182016489900696
7153,-0.03639745449268357
7154,0.004108051859854703
7155,-0.03803573225326419
7156,-0.03785013538432877
7157,-0.08735473670091264
7158,-0.08577782543566463
7159,-0.08762859394535712
7160,-0.039665082789928245
7161,0.03647971407969776
7162,-0.04631749015652423
7163,0.00569652836334116
7164,-0.08162370067838888
7165,-0.04689141075253428
7166,-0.08439418617557257
7167,0.024580177291041064
7168,-0.049806358777848
7169,0.012621613309719431
7170,-0.0799892900568474
7171,-0.04986416975480992
7172,-0.08684912782371937
7173,-0.05010792277797982
7174,-0.08749658548974695
7175,-0.13747931527191354
7176,0.008843411802989311
7177,-0.05084267353762764
7178,-0.09107223994779115
7179,-0.05229550614076922
7180,-0.05221839560634969
7181,-0.0858191429790292
7182,-0.09759210494967394
7183,-0.05150358873898876
7184,-0.051688928939438966
7185,-0.10234081912361442
7186,-0.0977126552147293
7187,-0.0965559823544934
7188,-0.09642792814258772
7189,-0.05295919679591381
7190,-0.09578297323235571
7191,0.053211099843282254
7192,-0.028431838072763192
7193,-0.05018805078137831
7194,-0.09515103269449465
7195,-0.04809233797919091
7196,-0.07340704772717968
7197,-0.08897597031172623
7198,-0.0481947832434043
7199,-0.07198914442654118
7200,-0.09360911373659805
7201,0.027175746907974502
7202,-0.2178697347557611
7203,-0.21606803148335638
7204,-0.09290308229417064
7205,-0.09394327523748612
7206,-0.09311770819919901
7207,0.011333819712424524
7208,-0.09297044366049238
7209,-0.0775109712601113
7210,-0.09294657706133094
7211,-0.22112634647883767
7212,-0.09084117020065803
7213,0.011218654046495375
7214,-0.22365302838925866
7215,-0.09305923091203734
7216,0.00881237671821671
7217,0.01937411445515555
7218,-0.0842740147116311
7219,0.004143822435794775
7220,-0.0838973200129743
7221,-0.22926741569565712
7222,-0.0694368123848841
7223,-0.0032804411258960907
7224,-0.16947289328795054
7225,-0.09292011730661504
7226,-0.07265593827421739
7227,-0.06896829271790159
7228,-0.2211318934288671
7229,-0.06102971689794755
7230,0.02673588264965617
7231,-0.09166575193327055
7232,-0.004846781377964023
7233,-0.06524173581935776
7234,-0.03408093822289225
7235,-0.07179251192645265
7236,-0.07179251192645265
7237,-0.06363653866131447
7238,0.06313335805906138
7239,-0.07557611914227162
7240,0.036220663735026304
7241,-0.015793057866010353
7242,-0.01650360533938592
7243,-0.08376233126262936
7244,-0.08130132918079391
7245,-0.047931882478118734
7246,-0.08009803069315041
7247,-0.01741802531700072
7248,-0.08161691266301499
7249,-0.06637107958292093
7250,-0.004902868902999492
7251,-0.02011792068433943
7252,-0.09949031828002489
7253,-0.011261792462394827
7254,-0.09647383257266368
7255,-0.13147857834283808
7256,0.03001893327541607
7257,-0.051672052737705476
7258,-0.10075447687532676
7259,-0.002924869508786735
7260,-0.1009027984615148
7261,-0.10109162708845741
7262,-0.10149815323120664
7263,0.03640977054408719
7264,-0.12039372381257554
7265,-0.10206862387047279
7266,-0.02234455679353431
7267,-0.016018402298457093
7268,-0.017298921262268327
7269,-0.10196475094954599
7270,-0.1024541069984142
7271,-0.03802490695116666
7272,-0.009322114080836094
7273,-0.11892133022624063
7274,-0.10522867920059038
7275,-0.022630907740058083
7276,-0.017862523374518255
7277,-0.18175709274593074
7278,0.031470425300055366
7279,-0.00017659574271363526
7280,-0.12340475841897414
7281,-9.941506689298621e-05
7282,-0.11724097722610663
7283,-0.14722803916124155
7284,-0.12374233833846496
7285,0.0025408310338126856
7286,-0.12338869326068544
7287,-0.025802519126264217
7288,-0.11957804811826034
7289,-0.11957804811826034
7290,-0.1943925017688645
7291,-0.125667576368066
7292,-0.19305021452609852
7293,-0.11621189996448736
7294,0.048028135255540075
7295,0.006376268789644892
7296,0.04647348494473574
7297,-0.10738784228092971
7298,-0.04256991964545642
7299,-0.09966968707106504
7300,0.03739632472988033
7301,-0.09879469253675557
7302,-0.10305769815009735
7303,-0.002284149328650474
7304,-0.10390116874227111
7305,-0.10286755833418233
7306,-0.002866043452640618
7307,-0.16892679183443354
7308,-0.10012158294252123
7309,-0.0980314709670284
7310,-0.0001030649661514435
7311,-0.032670240678669735
7312,-0.09158978336139323
7313,-0.09442782808610005
7314,-0.17821690534036166
7315,-0.013240589888711046
7316,-0.014057130767334246
7317,0.0007844011159345472
7318,-0.15961679508129126
7319,-0.0008244499998771339
7320,-0.08408747955964346
7321,-0.052077087938112776
7322,-0.08789414206329876
7323,0.00026664266618791135
7324,-0.1653219230817499
7325,-0.1622802100501422
7326,-0.09035696820409939
7327,-0.09994224027629386
7328,0.06557740758252381
7329,-0.0992160153212098
7330,-0.03803934978596203
7331,-0.1481603163819267
7332,-0.004126166263669923
7333,-0.11095676695343537
7334,-0.11095676695343537
7335,-0.112486551558243
7336,-0.11227588051220544
7337,-0.010735897252599012
7338,-0.01146062980582687
7339,-0.10480301565235817
7340,-0.10480301565235817
7341,-0.009205051993532932
7342,-0.028314707532304077
7343,-0.11638978382273327
7344,-0.01374909949392436
7345,-0.025848917738492294
7346,-0.0033472367215389084
7347,0.0014252060011379283
7348,-0.11996012921841498
7349,0.07081088094129988
7350,-0.014968028836028942
7351,-0.12350978844461707
7352,-0.020908695344534788
7353,-0.17160818268171715
7354,-0.07121157121680088
7355,-0.12590991958798245
7356,-0.061774762291317925
7357,-0.021011020929641203
7358,-0.0077663991466977444
7359,0.05688956762957798
7360,-0.06202694216402267
7361,-0.11805303680524123
7362,-0.13019788508507937
7363,-0.05801136308148014
7364,-0.12767967618994466
7365,-0.007598133046611926
7366,-0.12471576596874981
7367,-0.12539459954115528
7368,-0.12468007180445598
7369,-0.17301401726302423
7370,-0.171662523999238
7371,-0.1204247433809178
7372,-0.006722852895394173
7373,-0.055149705944828445
7374,-0.06047224710113175
7375,-0.11136841489861932
7376,-0.013237189294821997
7377,-0.06754767331463209
7378,-0.012610189303449905
7379,0.003800198311271378
7380,-0.17958603671081239
7381,-0.03842397249463912
7382,-0.10559134611514745
7383,-0.10638999061719884
7384,-0.10710337073883508
7385,-0.004554738198718752
7386,-0.013054015090953962
7387,-0.11377633677131468
7388,-0.11377633677131468
7389,-0.04359458162980982
7390,-0.001987327303645734
7391,-0.11696147117205985
7392,-0.0013216803340534884
7393,-0.11815739699840311
7394,-0.011978197192558368
7395,-0.0016274972077755037
7396,-0.12793900761915702
7397,-0.12793900761915702
7398,0.06173974322680462
7399,0.002377417761451863
7400,0.0038156887021515637
7401,0.050218053725369236
7402,-0.12723841113161435
7403,-0.06044424253223149
7404,0.004049753286691438
7405,-0.13150072965255216
7406,-0.03455662254262355
7407,-0.133499980734157
7408,-0.13566814988949877
7409,-0.13449325024373776
7410,0.0023921607547204154
7411,0.008668986736266326
7412,-0.1353572088492535
7413,0.0031746170511061066
7414,-0.13428659373241214
7415,-0.1324348530712984
7416,0.0020093509804153323
7417,0.04640344261467978
7418,-0.12593158076120936
7419,-0.12613014850764193
7420,0.004064685915380525
7421,-0.12766553033054392
7422,-0.1922782411230675
7423,-0.12592724266104965
7424,-0.132815594822823
7425,0.007718392915640497
7426,-0.013287062622517762
7427,-0.025540488846440723
7428,-0.12509727417350383
7429,-0.06269790864186517
7430,0.008975566951279868
7431,-0.12537631462282747
7432,-0.19414812956909974
7433,0.016749751172756833
7434,0.014204749649362077
7435,-0.060971817260464134
7436,0.015313687426281366
7437,-0.12830564336420147
7438,-0.12858717161202904
7439,0.007356484365757098
7440,-0.014527543558661718
7441,-0.13642537916637526
7442,-0.14222535360197835
7443,-0.14222535360197835
7444,-0.13153038613759782
7445,-0.13153038613759782
7446,0.0028608036261664332
7447,-0.12901450596063066
7448,-0.12901450596063066
7449,0.007790336827933522
7450,-0.017345760869557962
7451,-0.13807790505743822
7452,-0.00011979148893266275
7453,0.09898223641416495
7454,-0.13918326920202212
7455,0.00458987936550791
7456,-0.019004255111537922
7457,0.0022933164686119306
7458,-0.1381688733864509
7459,-0.1381688733864509
7460,6.938011491361418e-05
7461,-0.06908822095255168
7462,-0.12080934706258523
7463,-0.11119790024219206
7464,0.0376922939349147
7465,-0.008837903458345911
7466,-0.01103396988242435
7467,-0.1003549693370697
7468,-0.0193474775507187
7469,-0.09548355939526854
7470,-0.09548355939526854
7471,-0.15946723226877207
7472,-0.04861405452988693
7473,-0.09578637120588314
7474,-0.009819813516486316
7475,-0.09083391145588203
7476,-0.15778527498289024
7477,-0.08696393360084269
7478,-0.0044336862349748304
7479,-0.00867401254397272
7480,0.09180297367644719
7481,-0.08108519758696593
7482,-0.012364543593815877
7483,-0.08530784376988021
7484,-0.04896812644194787
7485,0.01448921114052228
7486,-0.05127216904987153
7487,-0.05127216904987153
7488,-0.0837525014971971
7489,-0.0011605208867209137
7490,-0.011842064965412354
7491,-0.0028815341349302873
7492,-0.09444238264216911
7493,-0.09444238264216911
7494,-0.09881471366688133
7495,-0.09923671400992827
7496,-0.14636735312614085
7497,-0.10130646537840449
7498,-0.03558258410905529
7499,-0.009792515205891826
7500,-0.01869957993404247
7501,-0.10540886406209263
7502,-0.019387916974191025
7503,-0.15933968711279067
7504,0.06827303094687616
7505,-0.0188978442586612
7506,-0.00862151685614199
7507,-0.01776742963914052
7508,0.006945773451231757
7509,-0.10275120553447162
7510,-0.10171124338633883
7511,-0.1623595809575777
7512,-0.03929811574179637
7513,-0.006505484303804331
7514,0.0115388272477027
7515,-0.10860663974434842
7516,-0.10976162474061049
7517,-0.14715889296409917
7518,-0.11119928453387082
7519,-0.11545467020683492
7520,0.010256804552865574
7521,-0.12586116379073728
7522,-0.12689594838522475
7523,-0.15297551772303233
7524,0.022350255503047096
7525,0.012247751276806287
7526,0.014437455012780941
7527,0.011445376473292064
7528,-0.14332332336297496
7529,-0.12746397761902573
7530,-0.1283961170311735
7531,-0.1283961170311735
7532,-0.03956781450718489
7533,-0.11607827418600963
7534,-0.03854600363452396
7535,-0.13419759586092164
7536,-0.11089181692088881
7537,0.02010800761592439
7538,-0.10922227082708924
7539,-0.013542108274167887
7540,0.018557544466724297
7541,-0.1112447048699238
7542,0.03178017133919643
7543,0.04651721958441778
7544,0.021203932715284028
7545,-0.05023624155494731
7546,-0.10519657674651205
7547,-0.10485002803040015
7548,-0.024365103017528728
7549,-0.09689541207190262
7550,-0.11993815973618932
7551,0.04261501467890943
7552,0.044717003821186374
7553,-0.09769425564544579
7554,-0.006696143846550127
7555,-0.09619005266780536
7556,-0.016172774271299775
7557,-0.09285129212608338
7558,-0.09285129212608338
7559,0.0670211037883762
7560,0.07679222210977689
7561,-0.12166648493035076
7562,-0.09089228400499799
7563,-0.0030161684604292846
7564,0.04321018445727999
7565,-0.05399091946502679
7566,-0.06064095183260475
7567,0.13449755271504588
7568,-0.10490278469956703
7569,-0.06940365587973428
7570,-0.03482377593801954
7571,-0.03324546370164205
7572,-0.11984299185319511
7573,-0.11984299185319511
7574,0.1307410076881345
7575,-0.041496909932647756
7576,-0.11554703541143463
7577,0.13499411849941245
7578,-0.04668602855007331
7579,-0.04668602855007331
7580,-0.0530275690649477
7581,-0.11763233259029451
7582,0.128849757722781
7583,-0.0792190137681674
7584,-0.032423276145973554
7585,-0.04433501948904761
7586,-0.07041112869208563
7587,-0.07178202625260456
7588,0.07254369974664444
7589,0.028810249868186887
7590,0.00896611911398114
7591,0.05163690355303828
7592,-0.026023393417606733
7593,-0.10466915356303604
7594,-0.10281379723335518
7595,-0.10074547998732818
7596,-0.09063435404239242
7597,-0.09044648491630522
7598,0.005335479894199396
7599,-0.08851656053206794
7600,0.06986768215271591
7601,-0.09135908007929155
7602,-0.09237329001646216
7603,-0.025665180209848905
7604,-0.07840973180703346
7605,-0.07521413072949469
7606,-0.08012539259918393
7607,-0.08711491339329812
7608,-0.09431637976178912
7609,0.045547305382759494
7610,-0.07919532006196661
7611,-0.10343281418343259
7612,-0.08574040298184935
7613,-0.10444119085098329
7614,-0.0817220535005124
7615,-0.07976759293327235
7616,-0.07976759293327235
7617,-0.07965147649049889
7618,-0.08042144277443075
7619,0.024635101113611974
7620,-0.09860526370504252
7621,-0.10728111538831461
7622,-0.03672471974242074
7623,-0.08666939387986494
7624,-0.11132651873631491
7625,-0.09676600199994376
7626,-0.11027207423687477
7627,-0.09774336029440085
7628,-0.0981336148936545
7629,-0.09070465113952256
7630,-0.06552329751117286
7631,-0.03818070304918268
7632,-0.0867289325518083
7633,-0.12837601101952956
7634,-0.11352647293253679
7635,-0.08366707753136209
7636,-0.1271238260479926
7637,-0.1271238260479926
7638,-0.07523612100412287
7639,-0.12982526029097408
7640,-0.12827894557977831
7641,-0.12726508288539928
7642,-0.1275943865304597
7643,-0.07278675510867783
7644,-0.0708144248330397
7645,-0.1330653362444852
7646,0.042503161278560186
7647,-0.1160299842146128
7648,-0.13341005784459312
7649,-0.052491575424908676
7650,0.05895520054282371
7651,-0.1329484336243722
7652,-0.06661991435564085
7653,0.028100338890811066
7654,-0.08031267698427093
7655,-0.07145084032551233
7656,0.04816722348915829
7657,-0.12067420665079318
7658,-0.12202169151248521
7659,-0.12178831555258979
7660,-0.07900257596719196
7661,-0.1207041102274968
7662,-0.07902258495248371
7663,0.010245242515654791
7664,-0.11992332203753764
7665,-0.11966604156593191
7666,-0.12267946950704167
7667,-0.08411709170820883
7668,-0.08161884621826002
7669,-0.13028302152206345
7670,-0.027707806627166195
7671,-0.09095492612992366
7672,-0.12917933414479935
7673,-0.09110194769553426
7674,-0.0803227274770087
7675,-0.09630056195203979
7676,-0.1356844005239953
7677,-0.13537441044003742
7678,-0.10221558991515049
7679,-0.07731580207092821
7680,-0.027385779820357538
7681,0.044099617340039116
7682,-0.1259107163738643
7683,0.04979537666298595
7684,-0.1533446864393663
7685,-0.031196319279016137
7686,0.05065342986653838
7687,-0.11246202162111002
7688,-0.1141046588184722
7689,-0.11071598216365788
7690,-0.1208478753763009
7691,-0.11041656809823308
7692,-0.11127645033353936
7693,-0.10108814669305498
7694,-0.13109116674734325
7695,-0.11441880183810257
7696,-0.11178381256892833
7697,-0.09361210265883127
7698,-0.13185962473649068
7699,-0.1253556143412876
7700,-0.09550297727530657
7701,-0.08522972307110799
7702,-0.12618769590065387
7703,-0.12618769590065387
7704,-0.12415848941065966
7705,-0.1322549836778449
7706,0.017621191287088823
7707,-0.12240027798478023
7708,-0.11630525199590003
7709,0.020583099206310122
7710,-0.1159955232315868
7711,-0.11799045418533352
7712,-0.0901669487417048
7713,-0.10982554443732107
7714,-0.11633615390298654
7715,-0.11074761710746922
7716,-0.11074761710746922
7717,0.012615436481623334
7718,-0.11098052376414025
7719,-0.11164591097228857
7720,-0.10800909998746269
7721,-0.11489614412832566
7722,-0.09930721714807368
7723,-0.09635841212327223
7724,-0.020109357493788282
7725,-0.11474348756169422
7726,-0.12839228840260997
7727,-0.0813370067781666
7728,-0.0916939524569829
7729,-0.005746123006251158
7730,-0.09671969283032575
7731,-0.1002945126327817
7732,-0.0021021540908179835
7733,0.02286156457124456
7734,-0.0828944909482171
7735,0.04310170243322095
7736,-0.11435863062312435
7737,-0.09432193005136301
7738,0.01667435145477489
7739,-0.09526610301197172
7740,-0.09585551606556983
7741,-0.095417487386608
7742,-0.09100043812731233
7743,0.014324963673434131
7744,-0.09358507315771816
7745,-0.11896664039294669
7746,-0.03339821056759341
7747,-0.09198063510329813
7748,0.003716059768376436
7749,-0.0845733029967071
7750,-0.08245922375496965
7751,-0.07880984951280169
7752,-0.08577317114681424
7753,-0.0933585166639812
7754,-0.0923191275190202
7755,-0.09420780585042915
7756,-0.0944373856307596
7757,-0.09517176035177613
7758,-0.09358492384054203
7759,-0.05917096836091884
7760,-0.09337544921720733
7761,-0.058690354357758656
7762,-0.09894189845587467
7763,0.05345045366979031
7764,-0.10539912414141468
7765,-0.05428296489936049
7766,-0.10613003175446292
7767,-0.10704615390411806
7768,-0.10732992034025171
7769,-0.10876952963053374
7770,-0.10876952963053374
7771,-0.1095250978960638
7772,-0.0833734109426339
7773,-0.0275419509256105
7774,-0.10580455742340461
7775,-0.02759529396920639
7776,-0.044818159396216445
7777,-0.009321330380787429
7778,-0.07741883107381933
7779,-0.029031084566630963
7780,-0.10893998180756767
7781,-0.03265805456647806
7782,0.07594135398286538
7783,-0.11305978879199552
7784,0.030662855335419497
7785,-0.11305978879199552
7786,-0.04817011764583022
7787,-0.05484969835859954
7788,-0.12622817714340867
7789,-0.1286079726190405
7790,-0.05385335524647536
7791,-0.13287779852905318
7792,-0.13167698464881428
7793,-0.13046526136836528
7794,-0.06031669164979182
7795,-0.13084556383568824
7796,-0.06074254285621003
7797,-0.14880227865684809
7798,-0.05838871608817624
7799,-0.15054281948845466
7800,-0.12127987842887306
7801,-0.0716655405093961
7802,-0.06029494604576083
7803,-0.055846094564066015
7804,-0.11998151198516407
7805,-0.05135170503417423
7806,0.0268707682655311
7807,-0.0052841075309779
7808,-0.12878384842388263
7809,0.08582124073324868
7810,-0.1292451108197713
7811,-0.049452389563185956
7812,-0.0680800474141382
7813,-0.09514529525476143
7814,-0.12631013110119282
7815,-0.13005122820021947
7816,-0.13005122820021947
7817,-0.13005122820021947
7818,-0.036015861549391945
7819,0.021290408345748812
7820,-0.035505912184681146
7821,-0.1271643243807651
7822,-0.09743338264271079
7823,-0.12533563519564245
7824,-0.06686813930250067
7825,0.016413896474299
7826,-0.11770347782843221
7827,0.006059994735048813
7828,-0.019673468401770186
7829,-0.11150470704005919
7830,-0.028728384592986295
7831,-0.030226785226464298
7832,0.007339646036915556
7833,0.001143686687506671
7834,-0.05677105076261736
7835,-0.03620135638299807
7836,-0.12614049655965676
7837,-0.06057517258637932
7838,-0.12388217845798177
7839,-0.0949615405887283
7840,-0.11840285730983124
7841,-0.02523994973500169
7842,0.03025601902417916
7843,0.054989553544809215
7844,-0.030853619137885327
7845,-0.10845388289485847
7846,-0.04396626609266496
7847,-0.10283417271382847
7848,-0.10085039245040549
7849,-0.10369771368656482
7850,0.018097008015386988
7851,-0.06476517474547781
7852,-0.09656523586032772
7853,-0.046993325644481304
7854,-0.1541946821692432
7855,-0.06440936517547308
7856,-0.09756555560838963
7857,-0.09702271682659623
7858,-0.06615611407241963
7859,-0.04684597127630076
7860,-0.061497695462853844
7861,-0.07859529471360754
7862,-0.08629197161027716
7863,-0.058800035034721684
7864,-0.04252864105588591
7865,0.07799771781155176
7866,0.07044796282320717
7867,-0.10073986038235386
7868,-0.06423521658808268
7869,-0.05717304832697531
7870,-0.08130110353447169
7871,-0.08130110353447169
7872,-0.08947414693122384
7873,0.07790529916916757
7874,-0.0672848097454421
7875,-0.08970540233080253
7876,-0.06785368629880881
7877,-0.0849303510257112
7878,-0.03657330860544537
7879,-0.0659353003061972
7880,-0.077435836931023
7881,-0.077435836931023
7882,-0.140161312589938
7883,-0.10980841108491618
7884,-0.07415276380195399
7885,-0.07736302377937547
7886,-0.06601130704778728
7887,-0.11041254706455053
7888,0.006845828443837028
7889,-0.0692229310926685
7890,0.0745444810636989
7891,-0.0748257340192919
7892,-0.06274033181147573
7893,-0.06018592413154382
7894,-0.056214534311450876
7895,-0.0636007206281929
7896,0.06485137481222537
7897,-0.0663315547086323
7898,-0.04689043216541952
7899,0.06843658667289568
7900,-0.06971465481403287
7901,-0.05281894258592294
7902,-0.0517719927088031
7903,-0.07968507856333991
7904,-0.0670754697510235
7905,-0.12702607067929805
7906,-0.05010204608527159
7907,-0.06246558148820516
7908,-0.011523496747324044
7909,-0.0005887274797924252
7910,-0.13662909790227235
7911,-0.07045295985679433
7912,-0.07371770928215444
7913,-0.07213039711808009
7914,-0.04300499674894975
7915,-0.00166443377270159
7916,-0.06756676835800877
7917,-0.0660606220920058
7918,0.039428098715642707
7919,-0.05929180113596523
7920,-0.05706177122259802
7921,-0.06283046185195185
7922,-0.05691498789160118
7923,-0.061522152779734565
7924,-0.057660320003886684
7925,-0.05681602934560334
7926,-0.058973656269129426
7927,-0.0596396119630616
7928,0.09776705946107433
7929,-0.057224257871561754
7930,-0.05999112569912267
7931,-0.06266807354857622
7932,-0.0630416675544403
7933,-0.022474447861409834
7934,-0.06041247086318273
7935,0.002579331268754193
7936,-0.12808271283675415
7937,-0.06877459229929639
7938,-0.03135744980250185
7939,-0.05767216761255353
7940,-0.059507598605616746
7941,-0.039506786559139834
7942,-0.037385100218612424
7943,-0.055378249417382355
7944,-0.022089190493498813
7945,-0.05851297782056886
7946,-0.05884722248863032
7947,-0.0428676878258069
7948,-0.01581107933113661
7949,-0.04694523540947683
7950,-0.13138203137325488
7951,-0.04973761988991711
7952,-0.06740762690021974
7953,-0.06414326024253328
7954,-0.03850532809086095
7955,-0.03519392902571797
7956,-0.06753939730374907
7957,-0.11262977450089295
7958,-0.0376016497923764
7959,-0.036538348258258226
7960,-0.11976334312903864
7961,-0.11976334312903864
7962,-0.07581650886064713
7963,-0.015891446435295414
7964,-0.02006019425212803
7965,-0.03446342248969384
7966,-0.034038250405489176
7967,-0.09219532017544592
7968,-0.045371268578274115
7969,-0.025384498497896354
7970,-0.04665614468142572
7971,-0.08444930584767191
7972,-0.02581194945193717
7973,-0.04931977905183668
7974,-0.08516025736906871
7975,-0.04889431437410931
7976,-0.04314405974101668
7977,-0.03985972661342772
7978,-0.03868959436956376
7979,-0.03877903830018459
7980,-0.038805293437577035
7981,-0.038814472710815326
7982,-0.12290570563664843
7983,-0.008640294813328907
7984,-0.07215865318487429
7985,-0.10173363590438866
7986,0.06182716158949202
7987,0.08991753428179071
7988,-0.04077132094902458
7989,-0.01658050199582526
7990,-0.05732560924430852
7991,-0.058865941429723345
7992,-0.06956613876497239
7993,-0.07039023833088941
7994,-0.04431766083585298
7995,-0.04561180386349857
7996,-0.04561180386349857
7997,-0.006362523468199939
7998,0.09016715314430786
7999,-0.04100980554334476
8000,-0.015455829032089287
8001,-0.08778769250493174
8002,0.003796662715721516
8003,0.004637770643913942
8004,0.004637770643913942
8005,-0.08680476278837634
8006,-0.05403824977975094
8007,-0.05554918790481354
8008,-0.08279333268204149
8009,-0.006638269596859741
8010,0.014724883655767268
8011,-0.05883881309745573
8012,0.07909704875972651
8013,-0.056789656836071
8014,-0.05713315212903912
8015,-0.08494585274543551
8016,-0.046224337352407316
8017,-0.10507217480655238
8018,-0.057839662459065966
8019,0.07732598970687803
8020,-0.10899269489715471
8021,-0.0035488416473432698
8022,0.027064476838859368
8023,-0.07182184572907274
8024,-0.07281702024658171
8025,-0.0976288134561284
8026,-0.12394206458117593
8027,0.01835799196944647
8028,-0.09564384104081934
8029,-0.07452149364915897
8030,0.07398731064215089
8031,0.02334679514455986
8032,0.07470162931195373
8033,-0.06363999137073893
8034,-0.08810216252610115
8035,-0.0845969368824858
8036,-0.08795204261129769
8037,-0.1395644115588952
8038,-0.13910832320088887
8039,-0.13818078356648716
8040,-0.04486015201931651
8041,-0.10713530136895688
8042,-0.03763683787129447
8043,-0.13518812390425217
8044,-0.1426237186667893
8045,-0.034121800884777384
8046,-0.03609403513612147
8047,-0.031366289147697096
8048,-0.032930125131100906
8049,-0.1420311257003003
8050,-0.052085844119918706
8051,-0.03130142527055153
8052,-0.03559394147102018
8053,-0.04235199771067894
8054,-0.10047981851394705
8055,-0.09639693255352604
8056,-0.09223679972867162
8057,-0.1096373174730727
8058,0.003120623707071935
8059,-0.0719641384526264
8060,-0.03924501868310461
8061,-0.07198740015442767
8062,-0.028438606608905834
8063,-0.16712819755108488
8064,0.0035389961671982613
8065,-0.16651399446084097
8066,-0.1560367161347983
8067,-0.16758349547062057
8068,-0.0835208308139336
8069,-0.17308210091589346
8070,-0.02756099553126573
8071,-0.1704819486526393
8072,-0.07869348450772114
8073,-0.1781101320090354
8074,-0.06581534288852475
8075,-0.17936937820783613
8076,-0.05768023453079438
8077,-0.08731568266295851
8078,-0.1763390750411253
8079,-0.01127882327235789
8080,0.003937684599586398
8081,-0.09231826578410063
8082,-0.18287568260717027
8083,-0.18712858845435482
8084,-0.18712858845435482
8085,-0.09648718014972146
8086,-0.18541016514656775
8087,-0.18331176398262763
8088,-0.09753669440809914
8089,0.03342915105333674
8090,-0.15985194128883268
8091,-0.17640876191882415
8092,-0.10498106846147429
8093,-0.05468146872247495
8094,-0.1727383771616083
8095,-0.09290012709459537
8096,-0.17075255621125152
8097,-0.05187552444845307
8098,-0.10095391767074972
8099,-0.17349064328392494
8100,-0.10408642860514175
8101,-0.023436641484441988
8102,-0.17397542843179525
8103,-0.09851253169437034
8104,-0.1751039187795981
8105,-0.17558789327405655
8106,-0.17185746520344947
8107,-0.1011828275339611
8108,-0.09980279045678242
8109,-0.182304777672691
8110,-0.021066251164163018
8111,-0.08714445857231183
8112,-0.08683378590494364
8113,-0.06388540348066499
8114,-0.033417531724921734
8115,-0.04014828162103479
8116,-0.08972319085549241
8117,-0.18796145920542034
8118,-0.18596848557259735
8119,-0.18596848557259735
8120,-0.18596848557259735
8121,-0.0913684901342325
8122,-0.03556347851354778
8123,-0.09348344290418384
8124,-0.18492393795089648
8125,-0.18036300916095743
8126,-0.18192911083177132
8127,-0.03477135137000488
8128,-0.08889770632779008
8129,-0.17571215620486258
8130,0.03767435054367457
8131,-0.1774193767710156
8132,-0.15411620262692613
8133,-0.17805819794357047
8134,-0.17805819794357047
8135,-0.0860301925419884
8136,-0.050169192270739044
8137,-0.08169900114668315
8138,-0.07971241931727902
8139,-0.17683695449216597
8140,-0.0794834896365998
8141,-0.17745227669169622
8142,-0.03269767637760228
8143,-0.17162061298799103
8144,-0.09004198540183674
8145,-0.16713865442737635
8146,-0.17080564196479656
8147,-0.16843774280627666
8148,-0.028092958792735614
8149,-0.16330345105011118
8150,-0.08774107550894478
8151,-0.06579188333286826
8152,-0.02615347315393831
8153,-0.06308958397449019
8154,-0.08897560319091702
8155,-0.11980687023511649
8156,-0.03656437440919821
8157,-0.15558482264063372
8158,-0.08595220464271494
8159,-0.0848631834364532
8160,-0.15904122013282657
8161,-0.03890021018547814
8162,-0.15904122013282657
8163,-0.03718789342340713
8164,-0.16165781061340515
8165,-0.1615670164561177
8166,-0.16081225443150626
8167,-0.09175054267378707
8168,-0.16057530623070007
8169,-0.09217973905218702
8170,0.04015306553416638
8171,-0.09345953119954163
8172,-0.11852454970384538
8173,-0.14571992952766938
8174,-0.032443270222075424
8175,-0.1462598102544799
8176,-0.0037036801309371196
8177,-0.13601473282441606
8178,-0.09398384519475264
8179,-0.0945536294192362
8180,-0.13160332711513706
8181,-0.12289181913629918
8182,-0.11976216618769744
8183,-0.080634364747265
8184,-0.03296017089756027
8185,-0.12922262518017427
8186,-0.13006707475671764
8187,-0.07508638204715415
8188,-0.1286885994699478
8189,-0.07251471399635838
8190,-0.02906812184387588
8191,-0.07440078853424371
8192,-0.10453668942803006
8193,-0.045037472757493785
8194,-0.04017837893311941
8195,-0.12690551259088328
8196,-0.1280208355143013
8197,-0.10996854705605089
8198,-0.07729960251799199
8199,-0.10710238037264916
8200,-0.11241196948020327
8201,-0.11241196948020327
8202,-0.11057109065178888
8203,-0.10946112670962896
8204,-0.10946112670962896
8205,-0.08771664295550745
8206,-0.10289626697028507
8207,-0.08219112532815849
8208,-0.08015457449327656
8209,0.046036139587737834
8210,-0.09985881984592765
8211,-0.08342901504506287
8212,-0.083927044853244
8213,-0.02510403797685018
8214,-0.11403828665393329
8215,-0.11058310202376764
8216,-0.15438262553475837
8217,-0.11291206429262343
8218,-0.11064794327428465
8219,-0.026017508376708597
8220,-0.07198391024757869
8221,-0.07200524704963265
8222,-0.09700332520256208
8223,-0.09714255634714114
8224,-0.10160953541234582
8225,-0.06904970731892127
8226,-0.03376545388873198
8227,-0.07222309351658518
8228,-0.0952837082382716
8229,-0.06498474639004317
8230,-0.06261640139307291
8231,-0.09414349401365256
8232,0.0003888673823574419
8233,-0.07471806910293934
8234,-0.056836497321162915
8235,-0.08830797404963092
8236,-0.05759661367508785
8237,-0.055716638511159974
8238,-0.05583408951434994
8239,-0.19318797045296476
8240,-0.09276814067025858
8241,-0.04025053677432608
8242,-0.09193759477844325
8243,-0.05744002191693359
8244,-0.09127519339557694
8245,-0.061455315181862494
8246,-0.08888765682038494
8247,-0.08413650574949232
8248,-0.06181757634012085
8249,-0.08444571529098435
8250,-0.1091424041969
8251,-0.07873793591860552
8252,-0.07643365403145436
8253,-0.07643365403145436
8254,-0.06259935311048861
8255,-0.08273615074470847
8256,0.03008792255154693
8257,-0.06906262494500126
8258,-0.03648132183049179
8259,-0.06845431616978981
8260,-0.06510404004625156
8261,-0.09792249354821658
8262,-0.06208881584827615
8263,-0.05732205858407334
8264,-0.02584927724835396
8265,0.01759409061388961
8266,-0.055544274597131515
8267,0.041647291617021964
8268,-0.060630993653840434
8269,-0.17822500614578463
8270,-0.040354558362692625
8271,-0.06689968731748511
8272,-0.07102009331950591
8273,-0.06948295214275833
8274,-0.06626969195311573
8275,-0.002994390291847178
8276,-0.05940691714276161
8277,-0.06651022276174269
8278,-0.05870751131026192
8279,0.11219144013094245
8280,-0.044395530393988206
8281,-0.059006495412566334
8282,-0.1082451187109427
8283,-0.06250075907097036
8284,-0.0706765649732021
8285,-0.06457324544512075
8286,-0.10587506942925498
8287,-0.06120977068182351
8288,-0.09932216040366498
8289,-0.06544477178556196
8290,-0.06952317132946409
8291,-0.04946274698708879
8292,0.06395810232661579
8293,-0.052395811646582885
8294,-0.07617268106290723
8295,-0.06320998267408243
8296,-0.05868884481076578
8297,-0.059249821456324056
8298,-0.08510484835058368
8299,-0.05257411976242994
8300,-0.05257411976242994
8301,0.007396857246546944
8302,-0.08562450709632444
8303,-0.0827051843805267
8304,-0.1946918529104399
8305,-0.059427474008046766
8306,-0.05652837368598382
8307,-0.08328295409913265
8308,-0.05316825953979118
8309,-0.04456949552538422
8310,-0.04276550136490047
8311,-0.08268666869145613
8312,-0.004760530483318488
8313,-0.08544609395003963
8314,-0.07899336137033561
8315,-0.03227038271399149
8316,-0.08366722655579323
8317,-0.12727821848265258
8318,0.048435494213976325
8319,-0.043024923305577334
8320,0.020078521526202625
8321,-0.09001268872621489
8322,0.052304097174465845
8323,-0.17990542988491875
8324,-0.08663676656582965
8325,0.000732709929462564
8326,-0.02978346283028494
8327,-0.03439913793783935
8328,0.0004093021441132737
8329,-0.08901733641949922
8330,-0.03801710149766581
8331,-0.056726668160301
8332,-0.039191074790153865
8333,-0.043858755747703315
8334,-0.09093258769885273
8335,-0.03911532645997799
8336,-0.06056888845565234
8337,-0.0529252383308253
8338,-0.09098962445780942
8339,0.04200565554234628
8340,-0.08462773410172567
8341,-0.13235563752530527
8342,-0.08087411362595806
8343,-0.03842735254709604
8344,0.03876577760342893
8345,-0.05964228786948941
8346,-0.08104099208231327
8347,-0.048175974878506
8348,-0.07095167653060645
8349,-0.1930231867527052
8350,-0.06160454529318103
8351,-0.06134445971114655
8352,-0.03180229703193154
8353,-0.06929449332783023
8354,-0.08269895357854548
8355,-0.07376362202108305
8356,-0.07725095910720958
8357,-0.08212481351909659
8358,0.054305444399191806
8359,-0.08483397810627562
8360,-0.1328621499183724
8361,-0.08530106409080167
8362,0.023520847487748565
8363,-0.05689849241300174
8364,-0.08900228361143475
8365,0.04198742838844911
8366,-0.05589859873426051
8367,-0.08929876308712896
8368,-0.08929876308712896
8369,-0.07575329281211184
8370,-0.057454003839883916
8371,-0.17730382955794421
8372,0.021488223729339374
8373,-0.06288482029802092
8374,-0.08229115420545244
8375,-0.0901828326461363
8376,-0.04584839585900864
8377,-0.020818813737482525
8378,-0.06014022149499232
8379,-0.06442830217528261
8380,-0.0653021220218985
8381,-0.06624496608629502
8382,-0.0909341686145009
8383,-0.06276420626090437
8384,-0.12135442828796203
8385,-0.09138510454833415
8386,-0.07584027884692365
8387,-0.05977821520888847
8388,-0.08541077783725858
8389,-0.07979783524227563
8390,-0.0591043248066115
8391,0.15773509096878538
8392,-0.08538545801805236
8393,-0.08044754210043545
8394,-0.05803936271142651
8395,-0.05639992519440129
8396,-0.08210954746346236
8397,0.016638778579059845
8398,-0.05240884115503876
8399,-0.09157570447352367
8400,-0.18042754120911478
8401,-0.08017978175395946
8402,-0.07912123473957493
8403,-0.024799761207825684
8404,-0.10562976113853872
8405,-0.08854996369160373
8406,0.03482564931429059
8407,-0.08826284748383204
8408,-0.09045267855992616
8409,0.08621585501354241
8410,-0.10103724411454108
8411,-0.10408127322470966
8412,-0.051277056914356856
8413,-0.10780612299956122
8414,-0.07929710715253012
8415,-0.0819705573936022
8416,-0.04893655157986476
8417,-0.11546707951764631
8418,-0.11438486992951968
8419,0.029999950613110216
8420,-0.10357129587699397
8421,-0.19224187768516982
8422,-0.11385557459183299
8423,-0.10683805762374007
8424,-0.09278416039044537
8425,-0.09194413158212761
8426,-0.11130918416606145
8427,-0.1153339511547663
8428,-0.11636158002999614
8429,-0.02588869385767728
8430,-0.11879843726515144
8431,-0.11967663414506896
8432,-0.0527483362644075
8433,-0.0921278679928105
8434,-0.033505287751664316
8435,0.09930335029315222
8436,-0.10900360435206902
8437,-0.0937811969760716
8438,0.03028207339138843
8439,-0.10648964092170754
8440,-0.1052919011874409
8441,0.030244223726791523
8442,0.0023425777548900586
8443,0.08867204098851246
8444,-0.08850959607407621
8445,-0.054719305852726524
8446,0.013188302675956233
8447,-0.11909059825376589
8448,-0.050716338241813916
8449,-0.13299256063730797
8450,-0.009582484002296724
8451,-0.12675308068048582
8452,0.07288073669780962
8453,-0.12675308068048582
8454,-0.07091781448763981
8455,0.03454743299787535
8456,-0.11949270361552372
8457,0.04494022957883947
8458,0.027718125968837132
8459,-0.07583240483852269
8460,-0.0747061154471007
8461,0.042238115921388965
8462,-0.046042433199819835
8463,0.07254110312459687
8464,-0.07320747714675797
8465,-0.10584812092380641
8466,-0.10636281768761932
8467,-0.05649932933739846
8468,-0.09712243794853426
8469,-0.09593746837185074
8470,-0.042201061885754794
8471,-0.09275057159271506
8472,0.07978703308879792
8473,-0.09761458723462066
8474,-0.02865519750388463
8475,-0.09586361020885537
8476,-0.09830674186758717
8477,-0.15769881311697218
8478,-0.07848933892397057
8479,-0.007041511278860515
8480,-0.02131681423703223
8481,0.014507903789721877
8482,-0.14558503404192827
8483,-0.14558503404192827
8484,-0.13733836823226078
8485,-0.0010467497985344153
8486,0.005809222394485338
8487,0.02940210764065354
8488,-0.12712073890066794
8489,-0.12385775417761274
8490,-0.031003047525587885
8491,-0.07362949978417604
8492,-0.18359406584875165
8493,-0.0370035691174479
8494,0.020411441524687417
8495,-0.06796312266256213
8496,-0.06601273677169858
8497,-0.08282372328021732
8498,-0.054301583730928624
8499,-0.07052072380619363
8500,-0.054343453333751984
8501,-0.04950313983159699
8502,-0.08248418241673951
8503,-0.054313032070385084
8504,-0.14590982361760704
8505,-0.1103044262930952
8506,-0.1117967467227291
8507,-0.10950263411435987
8508,-0.06345689709337046
8509,-0.10943343045347081
8510,-0.06374138085770507
8511,-0.14234309835681658
8512,-0.020800437684090893
8513,0.02614182845393238
8514,-0.10333989522813018
8515,-0.10321849652263408
8516,-0.05483978686603208
8517,-0.10321849652263408
8518,-0.15455969444930237
8519,-0.05190481043947982
8520,-0.10805773602770638
8521,-0.1381996099203164
8522,-0.10784723544234112
8523,-0.10600279344861996
8524,-0.048163291759084056
8525,-0.11179971660238627
8526,-0.11284780148613796
8527,-0.11165493434885321
8528,0.04528447630678172
8529,-0.05209662687516374
8530,-0.12156143460993665
8531,-0.052915048056415656
8532,-0.022870673598337776
8533,-0.11811427267260358
8534,-0.058735317109643526
8535,-0.051822259028581064
8536,-0.13934984502135445
8537,-0.047950645663979566
8538,-0.11336914650115895
8539,-0.0445531270635218
8540,-0.07792371640258244
8541,-0.13833690778706906
8542,-0.020884586775910173
8543,0.011932480134187939
8544,-0.11500537810002179
8545,-0.12316471405274862
8546,-0.04250228289529506
8547,-0.03827152623973462
8548,-0.13387147426074958
8549,-0.11346015117054228
8550,-0.11094683222984161
8551,-0.11094683222984161
8552,-0.11034642396622785
8553,-0.03224470058585999
8554,-0.03246979395470428
8555,-0.10682622561748073
8556,-0.0301882503615937
8557,-0.13145670233748472
8558,-0.10503175809694314
8559,0.008313092943454245
8560,-0.1421983909190684
8561,-0.02744500348012563
8562,-0.031153197645804938
8563,-0.03658526094083057
8564,-0.07368729312541118
8565,-0.09612708212345789
8566,-0.09366663305863923
8567,-0.05966285600207004
8568,-0.05984332443907829
8569,-0.09064212323500793
8570,-0.1277731092332171
8571,-0.06174911858455802
8572,-0.09096549110930538
8573,-0.09243335283705204
8574,-0.09338403190335194
8575,-0.0682242439552928
8576,-0.09381750488053897
8577,-0.0926943263025211
8578,-0.019011910679211118
8579,0.02855184306130972
8580,-0.0016020808340915065
8581,-0.09688335789553401
8582,-0.06507331608638504
8583,-0.10251323198751647
8584,-0.07465471205398785
8585,0.01486322395785079
8586,-0.15101673789850348
8587,-0.1041651448185785
8588,-0.12284680366732237
8589,-0.09678559403441317
8590,-0.05300996270119379
8591,-0.0825900290930136
8592,-0.09061175057525445
8593,-0.09240547428289811
8594,-0.07834091659711881
8595,-0.0897133432026042
8596,-0.018619506673208858
8597,-0.0859269057060851
8598,-0.08954624491988321
8599,-0.08485304279467723
8600,-0.0227035739119628
8601,-0.08244184679096528
8602,-0.1276378058584413
8603,-0.07845608297505176
8604,-0.08035593622962528
8605,-0.07831958407663135
8606,-0.031342569560853954
8607,-0.07780622638989054
8608,-0.15570674259948797
8609,-0.13240645539844764
8610,-0.07837527028526071
8611,0.03757996268130877
8612,-0.13039122837995307
8613,-0.07433969180284185
8614,-0.0757939065931025
8615,-0.07411316176748292
8616,-0.12592077011726086
8617,-0.11424274128963086
8618,-0.07254142919911054
8619,-0.07173604227097394
8620,-0.07173604227097394
8621,-0.07173604227097394
8622,-0.05704932364290678
8623,0.006353820294990594
8624,-0.07032686158371823
8625,0.041018660672216586
8626,-0.11595718442239705
8627,-0.07547904801342376
8628,-0.13016191989918866
8629,-0.12721967212740312
8630,0.012677287580800481
8631,-0.014875474035029097
8632,-0.08522510161447465
8633,-0.07184256202624907
8634,0.03396534602024537
8635,-0.0911018436577613
8636,-0.13948172326572994
8637,-0.07650972120517349
8638,-0.07723882912852857
8639,-0.12046003237246211
8640,-0.06842750863543318
8641,-0.06931324091396106
8642,-0.0704571394589266
8643,-0.04851290171286948
8644,-0.07740888868728449
8645,-0.07773268397392864
8646,-0.07918966133630467
8647,-0.07948176909638976
8648,-0.005419154717407136
8649,-0.0803277177037199
8650,-0.1147369517661957
8651,-0.07517958692120327
8652,-0.13466888602175045
8653,-0.08377659713387088
8654,-0.11931186336841193
8655,-0.07789676202796979
8656,-0.08540810788157495
8657,0.030464706840336288
8658,-0.019730771511587863
8659,-0.07548747744282606
8660,-0.08456116881802347
8661,-0.10996324206605385
8662,-0.15594579279097567
8663,-0.07316332736212984
8664,-0.06601082872479944
8665,-0.10906843394998478
8666,0.03821584775908617
8667,-0.09405854566214578
8668,-0.06941003119327387
8669,-0.06715070149315631
8670,-0.06861372250957473
8671,-0.06861372250957473
8672,-0.06901970554722293
8673,-0.043458804243933405
8674,-0.061871581967679695
8675,-0.05780358908843
8676,-0.05780358908843
8677,-0.09468889639436553
8678,-0.14144309505913583
8679,-0.050942928283621736
8680,-0.09848673696270296
8681,-0.06538444680982927
8682,-0.10092196505195422
8683,0.022056259331272424
8684,-0.07481196206722605
8685,-0.13193312872928234
8686,-0.1434081186427681
8687,-0.10781000286534334
8688,-0.08743429286907894
8689,-0.014369635626748964
8690,-0.1539793353188223
8691,-0.11695390208063294
8692,-0.0866594937689402
8693,-0.05565355658625161
8694,-0.11499664528771877
8695,-0.09084845801382141
8696,-0.0925288888367948
8697,-0.08724324019598291
8698,-0.010390493025882148
8699,-0.1202502862758485
8700,-0.0926668670725749
8701,-0.0946743896124411
8702,-0.1172314629593898
8703,-0.08866186764637315
8704,-0.11226775234124306
8705,-0.10704627901402747
8706,0.018664304539120123
8707,-0.009079371696150671
8708,-0.10885960302406339
8709,-0.07360269102624327
8710,-0.11648588859904277
8711,0.07111444880886306
8712,-0.10846301450160103
8713,-0.10828370264980572
8714,-0.11956736105573143
8715,-0.03593747939911861
8716,-0.11938472228891009
8717,-0.12035015480585048
8718,-0.11766783998911143
8719,-0.12073265726360485
8720,-0.1187546417705542
8721,-0.1187546417705542
8722,-0.12064642634851983
8723,-0.1166598113015645
8724,-0.11383741553387894
8725,-0.04544376736202335
8726,-0.11778887316127207
8727,-0.10189082647306962
8728,0.013450009165597306
8729,-0.1013984148446752
8730,-0.05288755772134193
8731,-0.10507460649265195
8732,-0.10396883216970727
8733,-0.12448606407188481
8734,-0.07734124634104125
8735,-0.06528651002155167
8736,-0.12648514064760305
8737,0.031327131545887815
8738,-0.11026302482280895
8739,0.00752940121351533
8740,-0.04400700809005907
8741,-0.11147235639874944
8742,-0.11326898850073883
8743,-0.12947441288099115
8744,-0.050892370607196175
8745,-0.11782924235110698
8746,-0.12794480080936738
8747,-0.11122416363424265
8748,-0.08072993255013532
8749,-0.13113301511390912
8750,-0.11257552836304671
8751,-0.10920142638300318
8752,-0.07599497579804643
8753,-0.10160263163329666
8754,-0.10338250967334107
8755,0.009407817463832074
8756,-0.13703613399243447
8757,-0.047461280385574886
8758,-0.141472030537981
8759,-0.10221720564504114
8760,0.017754636873985343
8761,-0.1352118282165255
8762,-0.1290194118317454
8763,-0.11311763672456848
8764,0.021970691908620384
8765,-0.12858341285515312
8766,-0.10125368907465843
8767,-0.1190917371716246
8768,0.005207840714319392
8769,-0.11823387161820803
8770,-0.10667994976310341
8771,-0.12066836145293688
8772,-0.10802112479914575
8773,0.07535036578894436
8774,-0.06217963128145193
8775,-0.10915099885205953
8776,-0.11209087832573539
8777,-0.10848122422732864
8778,-0.10848122422732864
8779,-0.10649294775694382
8780,-0.04260356659266107
8781,-0.11047243396483761
8782,-0.1160692648088712
8783,0.04052684416060934
8784,-0.07582563427755701
8785,-0.1068216069993454
8786,-0.11229014399502565
8787,-0.04246203633400482
8788,0.006250583489668983
8789,-0.11499940784502624
8790,-0.10157112852339052
8791,-0.05693621968397983
8792,-0.11985175836271311
8793,-0.10632984680295113
8794,0.06212846755238598
8795,-0.12357089949977135
8796,-0.10967083156264038
8797,-0.12576409312173037
8798,-0.12587854692760597
8799,-0.11843538642728069
8800,-0.12586981382474452
8801,-0.06808893022170744
8802,-0.13054353172034217
8803,-0.1304418637403951
8804,-0.010997601672269063
8805,-0.13443947110968124
8806,-0.12810398059239636
8807,-0.05769137061661622
8808,-0.13458293221298212
8809,-0.029393150317424364
8810,-0.1385145399180735
8811,-0.03322464727206332
8812,-0.037920558460886516
8813,-0.13447936661214915
8814,0.02503526742788775
8815,-0.12608581013768375
8816,-0.14115326742480816
8817,-0.029380847575701433
8818,0.062072239204172944
8819,-0.13568973145752447
8820,-0.13568973145752447
8821,-0.12360097339895801
8822,-0.11900766605561913
8823,-0.13322765131420836
8824,-0.13436148047956842
8825,-0.13475008856417076
8826,-0.12970018295132496
8827,-0.1414183185629788
8828,-0.11727954279965411
8829,-0.04581485923002475
8830,-0.14179442811233833
8831,-0.13184676806367773
8832,-0.14495029477852783
8833,-0.14373665974660144
8834,-0.13449013212648686
8835,-0.1022070186088098
8836,-0.14753215518448534
8837,-0.02888114043453411
8838,-0.04498392421218872
8839,-0.12706331166179222
8840,-0.14545610761530403
8841,0.038787848451525504
8842,-0.14754687094735372
8843,-0.028161630295673895
8844,0.06571890591362031
8845,-0.15090279781000895
8846,-0.08441398796760652
8847,-0.10982212475452133
8848,-0.16312477636964448
8849,-0.05418960195747266
8850,-0.1046893130965504
8851,-0.1555642859152134
8852,-0.1548766445083704
8853,-0.09809268745367027
8854,-0.1513080753717334
8855,-0.05606112457041745
8856,-0.1509449087520253
8857,-0.1439521485972604
8858,-0.09171976335216014
8859,-0.07667289931416972
8860,0.036982711324773286
8861,-0.030727312807274185
8862,-0.09472279009496906
8863,0.07811529070866861
8864,-0.005049493940166103
8865,-0.09111137237099116
8866,-0.15494250319799494
8867,-0.04690258897430019
8868,-0.017574954414124225
8869,-0.15718352381537704
8870,-0.16653070198443654
8871,-0.16948359712215705
8872,-0.17209467909126527
8873,-0.17209467909126527
8874,-0.16968587702233748
8875,-0.17173600923946136
8876,-0.051659086141468136
8877,-0.1741059133274229
8878,-0.17518286249843001
8879,-0.06010662822890758
8880,-0.10294281502704232
8881,-0.10294281502704232
8882,0.03636173711830333
8883,-0.10417926991554365
8884,-0.19149645913511262
8885,-0.05254167446873065
8886,-0.1907099501246142
8887,-0.19015824823325392
8888,-0.12039029581358934
8889,-0.11864321281344403
8890,-0.01379794629247965
8891,0.010446674365798795
8892,-0.1738972588512699
8893,-0.1729184483578175
8894,-0.07130026731151308
8895,-0.17368823029181152
8896,-0.17368823029181152
8897,-0.17371047178432564
8898,-0.07677520890754284
8899,-0.07677520890754284
8900,-0.12364837838777179
8901,-0.17802731404856434
8902,-0.12250893953581296
8903,-0.1774264825571339
8904,-0.04271859870148689
8905,-0.012393367775871723
8906,-0.17506492302157073
8907,-0.06993854944824822
8908,-0.17245603925665642
8909,-0.1507616328195049
8910,-0.07129229649305091
8911,-0.1235853039401201
8912,-0.004038621556575216
8913,-0.1269234380258068
8914,-0.17370316362402582
8915,-0.0008874986308731181
8916,-0.173039056623347
8917,-0.059590323238278356
8918,-0.16858181322345006
8919,-0.060822280311547294
8920,-0.06028999969057265
8921,-0.1715797156437609
8922,-0.12048987730100993
8923,-0.17014254353180627
8924,-0.17014254353180627
8925,-0.10697561603324757
8926,0.03111467694826123
8927,-0.1278931604938172
8928,-0.10956496558346143
8929,-0.10956496558346143
8930,-0.15959997249980573
8931,-0.041893085890250134
8932,-0.1081693570718838
8933,-0.1670993970721614
8934,-0.06025194680804989
8935,-0.16358251972057533
8936,-0.11559325756965078
8937,-0.058462044871567656
8938,-0.15487801383528058
8939,-0.13469664423871563
8940,-0.0870530994981205
8941,-0.06291519769971152
8942,-0.08696988321560004
8943,-0.06271821700785774
8944,-0.0654977667028841
8945,-0.0851540755821533
8946,-0.08437335562358293
8947,-0.04544707040245398
8948,-0.051746476911767245
8949,-0.04757841566110145
8950,-0.01387493151199741
8951,-0.046718619442472395
8952,-0.05531222558881217
8953,-0.08560360197203548
8954,-0.08369422254993168
8955,-0.08165441733412986
8956,-0.03426774456935293
8957,-0.048906598975756554
8958,-0.08027901590813921
8959,-0.026597809347179993
8960,-0.04938786350435771
8961,-0.040422899067644055
8962,-0.04298432384691177
8963,-0.013873642395880806
8964,-0.04891426560108321
8965,0.031153123813598235
8966,-0.05747618043469466
8967,-0.06910762036105579
8968,0.06128835280994478
8969,0.0066311762770406985
8970,0.05642570186046908
8971,-0.08032526991111193
8972,-0.07491556606770695
8973,-0.07463554016499693
8974,-0.04511316172721962
8975,-0.08140806750266133
8976,-0.056334034345083966
8977,-0.1030868301100023
8978,0.02140568714180096
8979,-0.07316836006212361
8980,-0.03201560939499733
8981,0.09349351880755619
8982,-0.07062895523173489
8983,-0.07322308484967943
8984,-0.06839237165197115
8985,0.030847646551456304
8986,-0.07021978278494613
8987,0.024587698088664553
8988,-0.058511147937771735
8989,-0.0674755735935138
8990,-0.06578688010533285
8991,-0.06569802937225813
8992,-0.06569802937225813
8993,0.039580352257385654
8994,-0.07287132604065998
8995,-0.1158311394246977
8996,0.04247593988906487
8997,-0.0636720936573459
8998,0.04777457811749891
8999,-0.03782193235671832
9000,-0.02330460554031267
9001,0.011952818039825829
9002,-0.06245911669652951
9003,0.05145541393659034
9004,-0.08221467399717935
9005,-0.04039943375870017
9006,-0.018130087724553004
9007,-0.09311178547815385
9008,-0.059159066796083765
9009,-0.0901365079853912
9010,-0.062390430175929004
9011,-0.06506513510208894
9012,0.04696838646759943
9013,-0.0667713234823706
9014,0.04790504537445152
9015,-0.06911634753746249
9016,-0.0670161405098616
9017,-0.06323023874310461
9018,0.04968190236393592
9019,-0.059287531819224096
9020,0.07222248651619348
9021,-0.05694649137826979
9022,-0.08725903298670379
9023,0.06528134351484094
9024,-0.08458420773450989
9025,0.0730981577214922
9026,-0.05130724609415499
9027,-0.06890889307958414
9028,-0.06864732706832667
9029,0.07886969108562418
9030,-0.050923616629403354
9031,0.0787421646225888
9032,0.06335571926800482
9033,-0.06796491410189286
9034,0.08647343884892603
9035,-0.06745723474373459
9036,0.08637522459671426
9037,-0.03147538438161802
9038,-0.06707730173886839
9039,0.09096020243513316
9040,0.07538562626013379
9041,-0.07059184033141465
9042,-0.07059184033141465
9043,0.08762764187106703
9044,-0.07654244558840001
9045,-0.07716435466232689
9046,-0.07964050302552118
9047,0.061275025849292904
9048,-0.08734867931430161
9049,-0.10496869235702662
9050,0.05321743792858588
9051,-0.030292188892803433
9052,-0.0811303151440722
9053,0.08011060218364256
9054,-0.09376916676550297
9055,0.07396079163379236
9056,-0.032219990445745264
9057,0.06049780323468771
9058,-0.09577357077319205
9059,-0.09701286691297778
9060,0.08088422786439119
9061,-0.11060481251620619
9062,-0.11400400756775714
9063,0.07876924820267855
9064,-0.11594500026410862
9065,-0.11746568970478583
9066,-0.11746568970478583
9067,-0.12222739715054937
9068,-0.03505449263350008
9069,-0.07418128938399086
9070,-0.059269832981713136
9071,0.04444139561511001
9072,0.06119161688296618
9073,-0.11979943670195797
9074,-0.07379566971951726
9075,-0.11921935638218287
9076,-0.06258215930320087
9077,0.06921439924650533
9078,-0.07365911886022887
9079,0.06717364354157801
9080,-0.12028921293882058
9081,-0.07524675438809278
9082,-0.05421132969190273
9083,-0.09977619038483934
9084,0.03137275738883713
9085,-0.11729289159755155
9086,0.08054216079564899
9087,-0.11994313088391872
9088,0.06662168644291014
9089,-0.1179622155191826
9090,-0.12737858595209053
9091,-0.12939886959392133
9092,-0.009734015212201637
9093,-0.13079094183022852
9094,-0.13079094183022852
9095,-0.059090340037399075
9096,0.05564064966037636
9097,-0.1278936213973136
9098,-0.10195154752378437
9099,0.06762781073175451
9100,-0.12877501789261797
9101,-0.12556707574771722
9102,0.03624729260515741
9103,-0.061927110800318194
9104,0.0603894036888458
9105,-0.052800235268507634
9106,-0.0795764671290574
9107,0.010931255711055892
9108,-0.04340037423702413
9109,-0.13345691793791303
9110,0.064291509428693
9111,-0.05557713300044724
9112,-0.13637300938972455
9113,-0.0192102898200857
9114,-0.13637300938972455
9115,0.07172883339936552
9116,-0.13276641969966121
9117,-0.136205093594488
9118,-0.136205093594488
9119,0.016315618674407742
9120,-0.13514922028800266
9121,0.07308386542261118
9122,-0.05197529767979214
9123,0.07411542980655517
9124,0.056291867592473566
9125,-0.13778253107407834
9126,0.0005825963304254486
9127,-0.061432131808809715
9128,0.0710662085754382
9129,-0.1337166598484324
9130,0.07110321436004335
9131,-0.12500469159310867
9132,-0.06179013410969124
9133,0.01487954627634602
9134,-0.06943131236176538
9135,-0.12395135124351633
9136,-0.12518760098568274
9137,-0.10433744330501586
9138,0.0566806222792634
9139,-0.030417068229852358
9140,-0.006266059418872795
9141,-0.024845037365688563
9142,0.05926608504842877
9143,0.05891746456086833
9144,-0.1270305215020639
9145,-0.12433185513347428
9146,-0.1253599780730213
9147,-0.1253599780730213
9148,0.04860029349688859
9149,-0.11662518116414244
9150,-0.09983593244475886
9151,-0.11397581511573046
9152,-0.06936394227290997
9153,-0.11277163524673586
9154,0.04493137112108664
9155,0.041601500651311976
9156,-0.11500307891133943
9157,-0.026491269305021777
9158,-0.12181402390302226
9159,-0.08396112160488892
9160,-0.12978045783630487
9161,-0.12303464126511443
9162,0.046796665760376374
9163,-0.044197658733242495
9164,-0.023441577093185575
9165,-0.13541313284275353
9166,-0.015252344906178092
9167,-0.13292271348285895
9168,0.05461980028416212
9169,-0.13584738204463698
9170,-0.13697600502169094
9171,0.05109110198341883
9172,0.04921816056050877
9173,-0.061036265733220435
9174,-0.12152234165292045
9175,0.04572789830048924
9176,-0.05989613728372957
9177,-0.04447853774146582
9178,-0.008103794801265878
9179,0.04207156078534166
9180,-0.1264132584007613
9181,0.039117564745468875
9182,0.08405145705137583
9183,0.0131129646370641
9184,-0.031232809712906942
9185,0.035938994161701786
9186,-0.1295813729976138
9187,-0.13203524387870427
9188,0.04245489538265561
9189,-0.02129196098309196
9190,-0.11773791246726761
9191,0.039650984366833245
9192,-0.1172148652779616
9193,-0.021678353327852
9194,-0.11578027973036664
9195,0.09007660463346756
9196,0.042806521051824295
9197,-0.10891862729962051
9198,-0.11129641268942708
9199,0.04700338723610516
9200,-0.11086905953549903
9201,-0.10763824603700867
9202,-0.10763824603700867
9203,0.05548602636054777
9204,-0.07279688207598319
9205,0.06576615892765489
9206,-0.11939233214566794
9207,0.06606022358240964
9208,-0.06598259795970184
9209,0.03621415602958171
9210,-0.05012289417258785
9211,-0.11361016652070569
9212,-0.039789467603780264
9213,-0.11177972073118705
9214,-0.04268548249192098
9215,0.057982438778261855
9216,0.056349913437076765
9217,0.04736192929028075
9218,-0.09070008005672085
9219,-0.09070008005672085
9220,0.046448549096792816
9221,-0.09643857337737738
9222,-0.0991330729852726
9223,-0.091745098961125
9224,-0.14873280542822437
9225,-0.08744677534285922
9226,-0.06632930109875443
9227,0.060110185148869365
9228,-0.12717836703420263
9229,-0.08948201221452644
9230,-0.12717836703420263
9231,0.035790532871409556
9232,-0.06869064194895462
9233,-0.09700917834514333
9234,0.02003100773070678
9235,-0.10524115175819543
9236,-0.02841058642348302
9237,0.01259113576570024
9238,-0.021669717152040593
9239,-0.09105302623149311
9240,-0.09314522598044472
9241,-0.09314522598044472
9242,-0.004298699324171703
9243,-0.005021059886514301
9244,-0.009549218147056386
9245,-0.14146438679591616
9246,-0.09121339405083682
9247,-0.08894502435502025
9248,-0.08780154333985214
9249,-0.009700353818074142
9250,-0.08737548108990413
9251,-0.010901422101919266
9252,-0.08976281217411429
9253,-0.0941972667471378
9254,-0.0941972667471378
9255,0.07803809601023302
9256,-0.009145073538738613
9257,-0.09019125421759644
9258,-0.05484122871839449
9259,-0.014542362680876303
9260,-0.019357557971674377
9261,-0.01780989439742136
9262,-0.050013198113438975
9263,-0.04755101712894336
9264,-0.09230631446565911
9265,-0.030506037789693158
9266,-0.02465787970699391
9267,-0.023794104611119297
9268,-0.09137070881255961
9269,-0.020951927263409144
9270,-0.09389054618127202
9271,-0.09197723862907997
9272,-0.09111836712359582
9273,-0.007750710625514221
9274,-0.029748072645174928
9275,-0.08844715021457811
9276,-0.03091750830552166
9277,-0.08744109394008973
9278,-0.029383120333772973
9279,-0.08659202550529031
9280,-0.08455404124332322
9281,-0.0339064096619976
9282,0.10541275560450736
9283,-0.05070093239081612
9284,-0.03459017280852483
9285,-0.08157819841397884
9286,-0.011344168908798621
9287,-0.024011332064161874
9288,-0.1084303130834571
9289,-0.01793332697233023
9290,-0.024894579683322413
9291,-0.0850121838897776
9292,-0.0295213446021272
9293,-0.08742053619630227
9294,-0.09742980877812576
9295,-0.08137152413161498
9296,-0.014185999908983109
9297,-0.02674981776744083
9298,-0.07992988768392094
9299,-0.07667742477166477
9300,-0.07658597429088408
9301,-0.07658597429088408
9302,-0.028081298402000944
9303,-0.07769931319836502
9304,-0.027373743981176778
9305,0.10576233277404234
9306,-0.019384295016091513
9307,-0.07743765387898704
9308,-0.07988926941406417
9309,-0.025719381450914243
9310,-0.025879260929404346
9311,-0.048797875924460554
9312,-0.022688383419030574
9313,-0.06867819612212994
9314,0.009867646731124429
9315,-0.06268422009618989
9316,-0.021730029440440418
9317,0.030330008910593127
9318,-0.01686411014238065
9319,-0.06410267105392493
9320,-0.06694664299835273
9321,-0.02490330842074625
9322,-0.06018186547021416
9323,-0.021759581455176508
9324,0.010976027621634063
9325,-0.1060722667896769
9326,-0.058664613365388835
9327,-0.011277186461586715
9328,-0.05816403962989254
9329,-0.058093292446907197
9330,-0.0036063185888714384
9331,-0.0595444764153253
9332,-0.06469757400884743
9333,-0.03000973937616886
9334,-0.06630017688928283
9335,-0.027442192188772502
9336,0.0053493597434861005
9337,0.09884253738981107
9338,-0.06602266729303476
9339,-0.004695587559164435
9340,-0.02659675659747797
9341,0.004259226705061519
9342,-0.06524694421684842
9343,-0.09322466162711157
9344,-0.014888129651933472
9345,-0.062122101008631164
9346,-0.05924182509292435
9347,-0.0604348493323361
9348,-0.014272661639670899
9349,-0.0602516423303808
9350,-0.11420276224414336
9351,-0.017569251304131187
9352,-0.05679076944641248
9353,-0.056665117487710054
9354,-0.06232936253031718
9355,-0.05696261142687184
9356,-0.05575239765644316
9357,-0.053635934198908664
9358,-0.025490627582815728
9359,0.06936324095321264
9360,-0.028157916284574896
9361,-0.06047963103686428
9362,-0.03375305356061436
9363,-0.026668350076696178
9364,0.0001616525710109798
9365,0.01692454790069565
9366,0.02578538082642852
9367,-0.08188728290563253
9368,-0.07040050297163138
9369,-0.0610677707580201
9370,-0.06190913467811392
9371,-0.035531916912577316
9372,0.011060990661461502
9373,-0.12133945731373669
9374,-0.03875868208332815
9375,-0.06219675465231447
9376,-0.08252633793071638
9377,-0.03824770461802511
9378,-0.05934855658441389
9379,-0.05889960215685536
9380,-0.08203679044397652
9381,-0.05846159016225877
9382,-0.04113170313968243
9383,0.01625942071857087
9384,0.05224108781645283
9385,-0.06192242793075284
9386,0.03799341351289169
9387,-0.05460677885494711
9388,-0.06098266213526622
9389,-0.07566989090094872
9390,-0.05452217017616502
9391,0.017485034340954983
9392,-0.03671779576370762
9393,-0.05365698869335023
9394,-0.05294834040403086
9395,-0.05294834040403086
9396,-0.06275021089141006
9397,-0.066421884342125
9398,-0.02910566653079038
9399,-0.053861304184049136
9400,-0.07030963014649676
9401,0.015959073211443523
9402,-0.05416119090731786
9403,0.019157758802787517
9404,-0.05455310225884652
9405,-0.052709478837706644
9406,-0.044906614563028996
9407,-0.04414433832525552
9408,-0.03397986106310549
9409,-0.0351325008320056
9410,-0.03387564713413231
9411,-0.1510905149158001
9412,-0.010842220766164458
9413,-0.0565226868520078
9414,-0.048384894602876136
9415,-0.0594599675018659
9416,-0.1343221251162759
9417,-0.11974552473318179
9418,-0.03487191217325482
9419,-0.05884038028152777
9420,-0.04437807257135809
9421,-0.05770756863682186
9422,-0.006147435820896656
9423,-0.05414511639423383
9424,-0.06012207731181131
9425,-0.05815966731868086
9426,0.024564695218289977
9427,-0.05732895674927603
9428,-0.058272022329828074
9429,-0.058272022329828074
9430,-0.029019688345475664
9431,-0.07393245442939714
9432,-0.008921728024465413
9433,-0.021164271572683316
9434,-0.05562911341340465
9435,-0.01153208370481424
9436,-0.02991953059194047
9437,-0.061045529870481646
9438,-0.02573274862393809
9439,-0.024230260125925676
9440,-0.05507128161145142
9441,-0.029592176670634955
9442,-0.02733591397312432
9443,-0.013914112010678867
9444,-0.015864272759132513
9445,-0.019304639327898394
9446,-0.015373976140549722
9447,-0.016355111868430527
9448,-0.0806350264043049
9449,-0.03164723865688768
9450,-0.03139883003843698
9451,-0.07129518447620392
9452,-0.028474577755421143
9453,0.024400177795992316
9454,-0.050525773512341304
9455,-0.051003151322981666
9456,-0.049410057893157736
9457,0.007973271448418268
9458,-0.03704917982394365
9459,-0.03797347150827465
9460,-0.040167124071536206
9461,0.02634970113727665
9462,-0.034986452710191546
9463,-0.04105479529362685
9464,-0.02132147934068953
9465,-0.03833485939165289
9466,-0.09691473101975565
9467,-0.061669105748691874
9468,-0.03516077836708542
9469,-0.04495180708194316
9470,-0.04913133732347433
9471,-0.003022523072945059
9472,-1.4408967507560655e-05
9473,-0.10418306991548276
9474,-0.05937862624871974
9475,-0.02270215161729698
9476,-0.013811756405123152
9477,-0.08446981484571797
9478,-0.030460149194389434
9479,-0.0837928484024745
9480,-0.0837928484024745
9481,-0.02170812432622647
9482,-0.19898196573417493
9483,-0.011090618038720884
9484,0.0073101443857614586
9485,0.006995268264613852
9486,-0.0008222072334455252
9487,-0.09126110708721981
9488,-0.024963096937847484
9489,-0.010393047983140658
9490,-0.021825634330856263
9491,-0.08711242295616584
9492,-0.08190567750178589
9493,-0.03459936160786292
9494,-0.1027708446878309
9495,-0.10036594937832202
9496,-0.06425143614842446
9497,-0.19226579770110314
9498,-0.008371168279502385
9499,-0.023562001641063368
9500,-0.008010960549829176
9501,-0.09155468481355002
9502,-0.0451312250108995
9503,0.005577614633242691
9504,-0.052860240578104956
9505,-0.03738839034068992
9506,-0.0935239313793056
9507,-0.009154007363489487
9508,-0.008688857198271963
9509,-0.03216175200607314
9510,-0.08929643485139449
9511,-0.043848005555712624
9512,-0.08946394791653578
9513,-0.0962350650625844
9514,-0.09472690806184872
9515,-0.10592806392236612
9516,-0.035036223497227584
9517,-0.03466238496192203
9518,-0.03901013565485461
9519,-0.09224903654058841
9520,-0.031669664345259266
9521,-0.10263827677129622
9522,-0.00407152091233548
9523,-0.06304440750606345
9524,-0.19310953242122386
9525,-0.01769443518667043
9526,-0.10926567957987557
9527,-0.05348258534294188
9528,-0.02410710909454493
9529,-0.10874374353264527
9530,-0.08547697713897719
9531,-0.1050633709485188
9532,-0.10414691210964853
9533,-0.10383938260819034
9534,0.08850883423010059
9535,-0.09752409818393921
9536,-0.10191409449874594
9537,-0.01938180152694125
9538,-0.10197510185048475
9539,-0.043921167180592566
9540,0.000373382744773592
9541,-0.0968045100580919
9542,-0.11090347571284936
9543,-0.1011778961961181
9544,-0.019626926173544147
9545,-0.01783507852666181
9546,-0.052437662403979624
9547,0.0019159292768884811
9548,-0.09240310063586976
9549,-0.09240310063586976
9550,0.0050531485575143545
9551,-0.0441092805278427
9552,-0.09660330527465227
9553,-0.09660330527465227
9554,-0.09801396211266548
9555,0.08410448888265944
9556,-0.0673518974100788
9557,-0.09487085925798072
9558,-0.09387744895686975
9559,-0.0957978206987207
9560,0.004653940456839787
9561,0.0035614653174791643
9562,-0.18483084711488534
9563,0.016431918423181924
9564,-0.0904498505640168
9565,-0.08646903573624234
9566,-0.05886245806525332
9567,0.02530929122851813
9568,-0.04906303587310629
9569,-0.031959261788075774
9570,-0.04069546299951067
9571,0.014255424685242154
9572,-0.027013374841328278
9573,-0.0733683191118244
9574,-0.02483532980240652
9575,-0.0820264242518525
9576,-0.03717327998195283
9577,-0.06832226972137313
9578,-0.07395498524309371
9579,-0.03893450991933731
9580,-0.09207484572518283
9581,-0.020292324425728973
9582,-0.09376207088458643
9583,-0.09376207088458643
9584,-0.09607644357197193
9585,-0.12520706597865633
9586,-0.09903919613989912
9587,-0.012609509064619905
9588,-0.10441687677575907
9589,-0.014378683254630625
9590,0.09322611117865562
9591,-0.009182031724702073
9592,-0.015928645351285603
9593,-0.09820765468739287
9594,-0.03576657226030895
9595,-0.04871526382818828
9596,-0.027657111215573765
9597,-0.14267193635938735
9598,-0.0939751131669731
9599,-0.006901565976366791
9600,-0.006183854919637244
9601,-0.09401235083353623
9602,-0.03881685918057306
9603,-0.09443885810871724
9604,-0.09387804910294753
9605,-0.09274193859620954
9606,-0.09274193859620954
9607,-0.09515176489677168
9608,-0.09515176489677168
9609,0.09733496285265102
9610,-0.20232688552497585
9611,-0.10291800893596792
9612,-0.09993367821054856
9613,-0.012941758248018555
9614,0.006892148124137009
9615,-0.0037251430296231514
9616,0.003834924536613226
9617,-0.006619848654858759
9618,-0.042760557533005665
9619,-0.10524370547598133
9620,0.0058642830960519456
9621,-0.10729500854068055
9622,-0.028214147055294778
9623,-0.006399367701968629
9624,-0.10843376364245855
9625,-0.10816052738104312
9626,-0.10809547985296852
9627,-0.10640591417313786
9628,-0.10640591417313786
9629,-0.10762243755468207
9630,-0.11098683346922444
9631,-0.16152978190640374
9632,0.0009814547815749954
9633,-0.11366048756263669
9634,-0.04243865473039534
9635,-0.0011480474234858706
9636,-0.043770542545233396
9637,0.08587992169484349
9638,-0.10585040917963498
9639,-0.117265311052143
9640,-0.020885764390214993
9641,-0.026499381883701004
9642,-0.007902173642724351
9643,-0.12253224104585977
9644,-0.17231128823256034
9645,-0.12381539092578933
9646,-0.010457190297874341
9647,-0.007806815495642792
9648,-0.020137517580377795
9649,-0.11538120780466565
9650,-0.11573046171234858
9651,-0.11573046171234858
9652,-0.11603826622693872
9653,0.09456488319626932
9654,-0.11635653607435262
9655,-0.11077935073227482
9656,-0.10610909677248687
9657,-0.10987450006204105
9658,-0.04645874718384445
9659,-0.0008879174545168497
9660,0.004286826901121721
9661,-0.033659678530642105
9662,-0.18819215364402792
9663,0.054762372498454254
9664,-0.029759021333431085
9665,0.0011510754414076584
9666,-0.04047321507458287
9667,-0.1229159592010381
9668,0.013748177422964872
9669,-0.1185818052657458
9670,-0.1185818052657458
9671,-0.04152164605570339
9672,0.023776463330982177
9673,-0.004250432087426596
9674,-0.04264046299390095
9675,-0.1200149853172576
9676,-0.12118707343880575
9677,-0.12594036573550166
9678,-0.12755386643399758
9679,0.014881504445386398
9680,-0.1316618236517424
9681,-0.1316618236517424
9682,-0.1648577685045721
9683,-0.1379276564500292
9684,-0.031546422182871646
9685,-0.02042731778607828
9686,-0.04698589719293368
9687,0.15634178997710974
9688,-0.16327380291728577
9689,-0.13631670266895532
9690,-0.13768381854326134
9691,-0.16012497670768186
9692,-0.1395855213694215
9693,-0.00012174022392466913
9694,-0.038442548097861365
9695,-0.1325026245543325
9696,-0.13351993363976145
9697,0.005397433610521142
9698,-0.035582725876649464
9699,-0.013971595607659093
9700,-0.13671645519217115
9701,0.14022836005638006
9702,-0.13947025547575082
9703,-0.13787811032866965
9704,-0.002577557843278115
9705,-0.12578990179496366
9706,-0.1256054695301187
9707,-0.12659648316041933
9708,-0.12659648316041933
9709,-0.016970056608833266
9710,-0.12965075721998112
9711,-0.026015527687236487
9712,-0.016425507460763752
9713,-0.04212705315504962
9714,-0.038509443320244946
9715,-0.14610779019449135
9716,-0.16280945204355798
9717,-0.049381050427139306
9718,0.005438752308959847
9719,-0.013291189213289346
9720,-0.15137508286060228
9721,-0.01563298357200827
9722,-0.014567736407356195
9723,-0.15198414070427213
9724,-0.14433456759054084
9725,-0.14197589280347656
9726,-0.01699193566920118
9727,-0.1435343550366928
9728,-0.1435343550366928
9729,-0.1449714399089172
9730,-0.12593975250404787
9731,-0.14360703678136164
9732,-0.14356022000319368
9733,-0.14356022000319368
9734,-0.043019084511234804
9735,-0.06305517814211765
9736,0.03524923736343989
9737,0.03222043491728778
9738,0.1167637432129329
9739,-0.13987722345346115
9740,-0.030010393966468173
9741,0.01439854611642831
9742,-0.12538958236201697
9743,0.0038716478110230046
9744,0.059699368856063625
9745,-0.12132279109984206
9746,-0.006998860065278143
9747,-0.117062098902069
9748,-0.11551784612592497
9749,-0.11291965909085333
9750,-0.10985329120822951
9751,-0.10733288418104511
9752,-0.10733288418104511
9753,-0.0952714621193037
9754,-0.0952714621193037
9755,0.02345431057134119
9756,-0.15116409784616686
9757,0.08865793150136395
9758,-0.0990330138112847
9759,-0.0990330138112847
9760,0.07467309093991045
9761,-0.061469751935778555
9762,0.12971568300922484
9763,-0.012853239659018481
9764,-0.02649307406757006
9765,-0.06868392859220127
9766,-0.1146084843561623
9767,-0.11842424383108274
9768,0.021240719334427904
9769,0.02618814833362411
9770,-0.045221759879890355
9771,-0.12277660549586439
9772,-0.04216153035099249
9773,-0.12398217643576698
9774,-0.12398217643576698
9775,-0.12398217643576698
9776,-0.12367394531937292
9777,-0.13027935253723946
9778,-0.13027935253723946
9779,-0.13641741062370455
9780,0.03504236257217962
9781,0.035386567094711864
9782,-0.03522321014455507
9783,0.06776682666253478
9784,-0.03307195583635715
9785,-0.14350908020046932
9786,-0.03395154558888662
9787,0.03270161201818847
9788,-0.13918185914550787
9789,0.013090673449671578
9790,-0.13697531235515387
9791,-0.13068984648360527
9792,0.07233258907957504
9793,-0.13789470177701715
9794,0.033794503055797905
9795,-0.13921550658092127
9796,0.023369382755450203
9797,-0.14155364676287333
9798,-0.13594174271159007
9799,-0.13594174271159007
9800,-0.13640601055459223
9801,-0.14404883851658135
9802,-0.14404883851658135
9803,-0.05596743523441339
9804,0.0632409023367844
9805,0.06168948627932597
9806,-0.13155724599972837
9807,-0.012547499600626198
9808,-0.13088381692387407
9809,-0.09433200835639094
9810,-0.002836747533519448
9811,-0.13272658463831333
9812,-0.09161519742269683
9813,0.007544759462925765
9814,-0.13147397592720683
9815,0.007544759462925765
9816,-0.12950171704419244
9817,0.06690434672783856
9818,0.024023779031416746
9819,0.02933307929655888
9820,-0.1345339935405338
9821,-0.13611388050705509
9822,-0.13749868386029485
9823,-0.12729624049927318
9824,-0.13950126244994984
9825,-0.13722930817223694
9826,-0.1228007947596067
9827,-0.13820918624721307
9828,0.06048632649346926
9829,0.027044624290510324
9830,0.055850820303214685
9831,0.08215341964119159
9832,-0.11102516869602824
9833,-0.14022252677809932
9834,0.0030052815370960363
9835,0.024420274146165717
9836,-0.1369924306579809
9837,-0.11141024552586762
9838,-0.11021042365282416
9839,0.03176183500386498
9840,-0.06142802869044299
9841,-0.05873775920326875
9842,0.01234082047861346
9843,-0.13126877682674717
9844,-0.1321983171345954
9845,-0.01084782966543621
9846,-0.12715923422502678
9847,-0.12301623531229028
9848,-0.12310478061761787
9849,0.01531090166104494
9850,0.013697226005823503
9851,0.06449334068852924
9852,-0.13052561471063912
9853,-0.12828952597822466
9854,0.0623066188712325
9855,-0.1266090754201847
9856,0.0588980052127921
9857,-0.1421603142786658
9858,-0.12898368851951816
9859,0.076105721041639
9860,-0.13156859297480555
9861,-0.09359155648186904
9862,-0.13750574962541756
9863,-0.01275954352040199
9864,-0.0031221533857055395
9865,0.03110802395093826
9866,0.07679587556577362
9867,-0.13786920937779257
9868,0.027219415119870076
9869,-0.008843921449026595
9870,-0.12082001085310665
9871,-0.0002473417173858017
9872,0.016185855627550007
9873,-0.040644376731816034
9874,-0.026647110322652226
9875,-0.0018669466853044048
9876,-0.0006662701433751486
9877,-0.00041191115463405995
9878,-0.00041191115463405995
9879,-0.004972689881204608
9880,-0.021658630795689908
9881,-0.010391480412144216
9882,-0.03271789458217702
9883,-0.08797099642740805
9884,-0.011754406426448254
9885,-0.10882361933896748
9886,-0.02663462504050846
9887,-0.028301182520743706
9888,-0.02820881360511439
9889,-0.02820881360511439
9890,-0.028079888105815853
9891,-0.024446486185425283
9892,-0.034228536121690134
9893,0.02134912313592861
9894,-0.044669626348709746
9895,-0.016378278949311487
9896,-0.04760609488857215
9897,-0.05164963090243259
9898,-0.02147011337713283
9899,-0.028084070480582778
9900,-0.04006175392234304
9901,0.07621873789051659
9902,-0.05761868058120541
9903,-0.06752545434485963
9904,-0.04940200517487643
9905,0.011637146476176313
9906,-0.09159571378177404
9907,-0.06631379098573907
9908,-0.02106128885863264
9909,-0.07104754990577586
9910,-0.06406226124107663
9911,-0.06363029775032956
9912,-0.01579596547301381
9913,-0.08903416926242524
9914,-0.003416454832216878
9915,-0.055206139611405025
9916,0.06462964102006252
9917,-0.08723030396370189
9918,-0.06970148350476678
9919,0.011061407375616882
9920,-0.07079600841189591
9921,-0.09127788830106298
9922,-0.11952915814253742
9923,-0.12926072598409827
9924,-0.047279700000311994
9925,-0.12860347780565765
9926,-0.07842278819263811
9927,-0.020451311388589737
9928,-0.12927123095305698
9929,-0.10995977327712234
9930,-0.07974473921510418
9931,-0.1335204844961986
9932,-0.07994877678452107
9933,-0.14029582098351084
9934,0.052261166393448286
9935,-0.13906766520639358
9936,-0.14366830586545276
9937,-0.14648153642393236
9938,-0.050564438771622394
9939,-0.0784649967801231
9940,-0.01991394118097859
9941,-0.14600798228139725
9942,-0.06314098130368948
9943,-0.07068949780347307
9944,-0.06802004972510978
9945,-0.15457277736881747
9946,-0.15556220349781502
9947,-0.0565612505481584
9948,-0.14794172586668797
9949,-0.14761529994104622
9950,-0.05528809903148234
9951,-0.14466125384529877
9952,-0.05965179900397506
9953,-0.04610866587520984
9954,-0.035480186091941784
9955,-0.13273874961722132
9956,-0.07735335923658339
9957,-0.055581759535798345
9958,-0.05742147756376323
9959,-0.021784417473096993
9960,-0.13116775304740427
9961,-0.13519769897768577
9962,-0.1380492165556275
9963,-0.13925317333436055
9964,-0.11584370763249716
9965,-0.13290728498931717
9966,-0.03365687068104558
9967,-0.07607118901289223
9968,-0.13410146910771006
9969,-0.1397453346595392
9970,-0.07725455169282124
9971,-0.01568937684017447
9972,-0.05001262392463418
9973,-0.13814320028320512
9974,-0.08497432080388392
9975,-0.06873049804732381
9976,-0.06990768182215705
9977,-0.1310413680653688
9978,-0.12608930510590316
9979,-0.12612799038164949
9980,-0.12612799038164949
9981,-0.12485401418493908
9982,-0.12028264928042223
9983,-0.07961758235634707
9984,0.004572259066041695
9985,-0.03450081830330094
9986,-0.08093847409412451
9987,0.030261639638719275
9988,-0.11049707935024097
9989,-0.14878383448546081
9990,-0.11442227309298522
9991,-0.07612451479910812
9992,-0.10783859145862454
9993,-0.10624577136457614
9994,-0.08417223870845174
9995,-0.10933017901604564
9996,-0.11032037669418701
9997,-0.11034574625534682
9998,-0.11209981584000217
9999,-0.09971700123884433
10000,-0.012444062612908757
10001,-0.08718315621746325
10002,-0.10722585108495442
10003,-0.0941701931738177
10004,-0.09078562781326552
10005,-0.08871346450393774
10006,-0.10141718392236164
10007,-0.10295789912641329
10008,-0.10295789912641329
10009,-0.09246428488593954
10010,-0.08620462770425595
10011,-0.0728581878913399
10012,-0.09158171453165329
10013,-0.035984575582702336
10014,-0.1066989420023044
10015,-0.09771857488887425
10016,-0.10250157432147083
10017,-0.11816810876236944
10018,-0.09518267769800515
10019,-0.05689777657464015
10020,-0.05671643073856816
10021,-0.1057031747256389
10022,-0.049568641103899164
10023,-0.043270371516286155
10024,-0.10574098580435212
10025,-0.03571262993947204
10026,-0.03908894224089195
10027,-0.03908894224089195
10028,-0.013145530552851892
10029,-0.10404220266089151
10030,-0.03902658466957662
10031,-0.1004949739056588
10032,-0.04057566119794502
10033,-0.10060941811060006
10034,-0.04256407345921963
10035,-0.10970418244539021
10036,-0.04256407345921963
10037,-0.05001057977015666
10038,-0.06532191318630487
10039,-0.04953465851831729
10040,-0.08594324565284212
10041,-0.0489751313875543
10042,-0.03503507037274055
10043,-0.049251360920769274
10044,-0.08425671190111782
10045,-0.07797320425001081
10046,-0.054647659030682805
10047,-0.055627134720860255
10048,-0.057237583780533424
10049,-0.07389991831292797
10050,-0.05608801840635824
10051,0.013899852446128898
10052,-0.051317277993525964
10053,-0.05378966134891146
10054,-0.05378966134891146
10055,-0.06539192731274333
10056,-0.09903409026068467
10057,-0.007034586884578822
10058,-0.049540581351923824
10059,-0.04685781846292289
10060,-0.04837106749120408
10061,-0.08041769824022721
10062,-0.08410101966592491
10063,-0.05395782012366247
10064,-0.10756001429249212
10065,-0.05531772130922527
10066,-0.05531772130922527
10067,-0.05153168236840583
10068,-0.0032846825076116686
10069,-0.0182791306329348
10070,-0.06401248901607558
10071,-0.05988531360599496
10072,-0.07926994065779869
10073,-0.03823965190054597
10074,-0.03428691498834738
10075,-0.052010746009793246
10076,-0.05626949253836924
10077,-0.03528536423406627
10078,-0.03528536423406627
10079,-0.03402183972350832
10080,-0.032745603817746174
10081,0.09378033092240076
10082,-0.028500633032955247
10083,-0.024942135224484095
10084,-0.07387650506056606
10085,-0.02825605460301151
10086,-0.07625648816415712
10087,-0.022261535831362755
10088,-0.04013433615372988
10089,0.001170255508129478
10090,-0.010878076265456949
10091,-0.01347512869500838
10092,-0.08559788256865235
10093,-0.0852508813647401
10094,-0.01892093836959762
10095,-0.01892093836959762
10096,-0.020082077643213757
10097,-0.021095909497803746
10098,-0.022378507898259355
10099,0.015367139970845562
10100,-0.05130973098840534
10101,-0.03286996952530446
10102,-0.07937005472645324
10103,-0.06578595008936833
10104,-0.026160647412259583
10105,-0.08208439623261465
10106,-0.029532732878075348
10107,-0.07781538744736391
10108,-0.08217919764961669
10109,-0.04020003459317468
10110,-0.04099273328276676
10111,-0.04099273328276676
10112,-0.042510533726212246
10113,-0.04400267295188243
10114,0.013788562397036273
10115,-0.044739387594123575
10116,-0.045470003497271316
10117,-0.07163119386036919
10118,-0.09389864217839983
10119,-0.09700046041915236
10120,-0.0734767732069854
10121,-0.011834452489070633
10122,-0.05191339848565554
10123,-0.02663663809054699
10124,-0.004858254313019249
10125,-0.07520915909819982
10126,-0.07819404013052861
10127,-0.04575183210929554
10128,-0.05055037424442253
10129,-0.0003965627358270968
10130,-0.05058236216342571
10131,-0.0470841698640411
10132,0.012782045334138006
10133,-0.04408723579885834
10134,-0.04036119361747234
10135,-0.03709409466387903
10136,0.04842137648312922
10137,-0.06612095000805499
10138,-0.07352519274705271
10139,-0.033378910070983474
10140,-0.02788761594374175
10141,-0.02788761594374175
10142,-0.020284233702889606
10143,-0.03206860921472509
10144,-0.059450245656957085
10145,-0.038995663072864555
10146,-0.10251498380913188
10147,-0.037198448600046
10148,-0.033271884745358415
10149,-0.022588007889354653
10150,-0.02293335036126061
10151,0.09288405296578191
10152,-0.11300086323905278
10153,-0.04710709502337099
10154,-0.04427807808722112
10155,-0.039733769493851996
10156,-0.019057174215727148
10157,-0.04666814339997857
10158,-0.038501364068097066
10159,-0.06282641545721435
10160,-0.062493468739192204
10161,-0.043861017310203726
10162,-0.02797941313667214
10163,-0.02496800109265826
10164,-0.053898880472860344
10165,-0.01955085935128599
10166,-0.024977907150094535
10167,-0.06885007230947893
10168,-0.0751753385965004
10169,-0.02455385547310924
10170,-0.09484915664326185
10171,0.09115799242726555
10172,-0.03713798496374118
10173,-0.09441686318292022
10174,0.0033441583131946645
10175,0.005376925182252801
10176,-0.05137468380666847
10177,-0.11380503107890586
10178,-0.1144701293142402
10179,-0.0518764735800801
10180,-0.069272518042683
10181,-0.11667083661872141
10182,0.018612492992638074
10183,-0.11445446556199346
10184,-0.11336118588170699
10185,-0.10343454525303289
10186,0.02984173833624191
10187,-0.12409123877064349
10188,-0.031320955598693925
10189,-0.06711457478193614
10190,-0.09263361700984729
10191,-0.06018440605379766
10192,-0.0690369432943008
10193,-0.08361791478500051
10194,-0.10329924099950208
10195,0.009663377840015407
10196,0.06327763352651705
10197,0.013042573335861944
10198,0.015179877939792431
10199,-0.12644606589137602
10200,0.014735665596041461
10201,0.02376959224998846
10202,-0.1298335592811086
10203,0.02795923961606952
10204,-0.0938834228855497
10205,-0.12755267804371773
10206,-0.12755267804371773
10207,-0.08990875213186178
10208,0.01915060203811149
10209,0.014536866014885998
10210,0.019292046901029005
10211,0.01918689540251127
10212,0.01918689540251127
10213,-0.12454748978711805
10214,-0.036762548560093186
10215,0.051040423179366946
10216,0.049016842537942945
10217,-0.12043384647278252
10218,-0.12004122341383922
10219,0.023505656205681583
10220,0.03279872570020228
10221,-0.11809736535624743
10222,0.03132321312930006
10223,-0.11472770278590341
10224,0.06913516837217851
10225,-0.11500330025965305
10226,0.03701125003890514
10227,-0.11489738849056907
10228,-0.09581172752789882
10229,-0.11365776115017864
10230,0.014163159707419902
10231,0.00910091832064153
10232,-0.09177684587076411
10233,-0.11742071040043339
10234,-0.019287544368178554
10235,0.046033580760948684
10236,-0.11796473519351833
10237,-0.06358962391696361
10238,-0.04703689862148433
10239,0.010502112579112668
10240,-0.1168458757126826
10241,-0.07491217698420802
10242,0.06543402982370325
10243,0.06277315789182303
10244,0.014108966637918167
10245,-0.11698785302534159
10246,0.07027642934254807
10247,-0.1148223565887192
10248,-0.11410356318200388
10249,0.07276263328759514
10250,-0.11645203487412609
10251,0.028856992334595016
10252,-0.07797725266978073
10253,-0.11845325965742548
10254,-0.07750305426615128
10255,0.07291529229891612
10256,0.07085853362756872
10257,0.020314439635008428
10258,-0.06456484239322513
10259,-0.11561821741547529
10260,0.07296832168867454
10261,-0.10934032564614307
10262,0.08107324877496389
10263,-0.08027898019214401
10264,-0.036570135943234564
10265,-0.11026280487310858
10266,-0.1086473746573815
10267,-0.1086473746573815
10268,-0.06370596971822572
10269,0.04043292800899465
10270,-0.10996298059555157
10271,0.06033232371048391
10272,-0.10996298059555157
10273,0.017473666913829667
10274,-0.110559288337083
10275,-0.110559288337083
10276,0.0662797697650784
10277,-0.10826208909687063
10278,-0.058198827911064926
10279,0.06266683193087803
10280,-0.11026094328343067
10281,-0.11026094328343067
10282,-0.05008348500287388
10283,-0.057555184256424946
10284,0.006009229816283282
10285,-0.0483623252347605
10286,-0.0034157661306894703
10287,0.08336118753131262
10288,-0.03658715666301413
10289,-0.08322844729405256
10290,-0.12134372182796907
10291,0.07565343955948667
10292,0.024142744507021714
10293,-0.12425795613932422
10294,-0.12339370190645188
10295,-0.12244937921893834
10296,-0.12052482825186872
10297,0.06640877773605403
10298,-0.11757381049312479
10299,-0.14138923641802886
10300,-0.11658105693686863
10301,-0.11557551527803284
10302,-0.11241056906031244
10303,-0.14965675005390477
10304,0.07027550353990461
10305,-0.11112202939743054
10306,-0.06334476136513441
10307,0.024275409018993704
10308,-0.051854594894133896
10309,-0.021454613147665808
10310,-0.04595931489623038
10311,-0.05794473418598525
10312,-0.03424745813896431
10313,-0.037692783615856366
10314,-0.14066228915920254
10315,-0.0390674929391639
10316,-0.11719581513831984
10317,0.06523996472391899
10318,0.0483687505497653
10319,-0.03959611074727007
10320,-0.11212246914502694
10321,-0.11212246914502694
10322,0.05926429428971292
10323,-0.1060834762320782
10324,0.018711782831092708
10325,-0.10816724086897928
10326,-0.1077794843790447
10327,-0.10240719884985024
10328,-0.10266343121550406
10329,-0.10328714731253895
10330,0.049888036606490604
10331,-0.07372669709371507
10332,-0.056374562953369206
10333,-0.025491525457744982
10334,0.04906660539681918
10335,-0.16176802730231274
10336,-0.0424920635441198
10337,0.06270916482961439
10338,-0.09862418204367035
10339,-0.10311454248502686
10340,-0.08955464399299766
10341,0.0725145383360547
10342,-0.03779693949512359
10343,-0.08695606322144611
10344,0.07377924419275853
10345,-0.06419871413160823
10346,-0.07987533505151881
10347,-0.07297095211830582
10348,0.031234468570369947
10349,-0.07066406600094854
10350,-0.07266554624246946
10351,0.022203863487751625
10352,-0.06597096787540911
10353,-0.07699445949677415
10354,-0.07699445949677415
10355,0.06340944465081588
10356,-0.05927703578651493
10357,-0.060988859128572936
10358,-0.1847243212121846
10359,-0.0762130657714914
10360,0.06641554561130458
10361,0.06103074974068698
10362,-0.04280227972116346
10363,-0.18047937635138542
10364,-0.10688271697187698
10365,-0.07468662977744153
10366,-0.07964264150424456
10367,-0.007936605411892627
10368,-0.11473337985608462
10369,-0.0794085322265522
10370,-0.10311960124663434
10371,-0.0597361841476009
10372,-0.08351011690831206
10373,-0.08451289164562478
10374,-0.08637599178379321
10375,0.017553193126210793
10376,0.07819609442108874
10377,0.07819609442108874
10378,-0.08924685213288255
10379,-0.08924685213288255
10380,-0.09063203025808951
10381,-0.09135014372481269
10382,-0.09285051598162772
10383,-0.09351968158775245
10384,0.04417682965307665
10385,0.0888584454496691
10386,-0.0981276345920267
10387,-0.1064328239781478
10388,-0.049682727698787316
10389,0.053607811596562346
10390,-0.004061236094021488
10391,-0.08357455545679224
10392,-0.032258695219020674
10393,-0.11498347380440643
10394,0.03958680676462989
10395,0.03565997464360525
10396,-0.024017968501013558
10397,0.03170086297513253
10398,-0.11683556354646471
10399,-0.11609733743144593
10400,-0.11601890251222516
10401,-0.2176449013770803
10402,-0.1146770457990941
10403,0.014334968318315848
10404,0.02039454991774147
10405,-0.02687992979180697
10406,-0.11119264878942126
10407,0.017289380249058267
10408,-0.026062827498197265
10409,-0.11758381718563762
10410,-0.03643920663284552
10411,0.017092487253782106
10412,0.04995623468711598
10413,-0.2068668993386139
10414,0.00873599435156975
10415,-0.08045470003694376
10416,-0.11804552893273382
10417,9.503965503424722e-06
10418,-0.1240149675277799
10419,-0.1240149675277799
10420,0.01636012469613011
10421,0.014152968393835084
10422,-0.04510801407073059
10423,0.026714065909070262
10424,0.012745845291839175
10425,-0.1327291122759141
10426,-0.13506795341973035
10427,0.0097795848232434
10428,-0.13938382707164068
10429,0.0778266642473393
10430,0.060499654997410064
10431,-0.13601870331369342
10432,-0.13601870331369342
10433,-0.13421897469522143
10434,0.02065749364172683
10435,-0.13002390435706151
10436,0.025219299513854335
10437,0.029567821250516418
10438,-0.03001529788822823
10439,-0.12624395767356117
10440,-0.12414555458937734
10441,0.029537710198765502
10442,0.03186224967508201
10443,0.02649753480478426
10444,-0.11866463105885222
10445,-0.010050106472531808
10446,0.08966196692459555
10447,-0.104171307610449
10448,0.014056052016020882
10449,-0.04190449122640998
10450,-0.13007868637645426
10451,-0.050134106812264725
10452,-0.01629881995548127
10453,-0.1343931166743815
10454,0.02559101606419535
10455,-0.13685614020451742
10456,-0.21354791822912264
10457,0.027719419116414058
10458,-0.13408587481051498
10459,-0.1403906050332886
10460,-0.043305252311264184
10461,-0.20644842401868715
10462,0.017292787972011857
10463,0.0033840395950860344
10464,0.027552562376740572
10465,-0.14509046988075278
10466,-0.14099174457605518
10467,-0.027848821697991355
10468,-0.1157917449121062
10469,0.004739660703389152
10470,0.02022270053642602
10471,-0.20079762438455664
10472,-0.07796213508943507
10473,-0.030775381541458
10474,0.020317123072586443
10475,-0.13763252857247793
10476,-0.13635885204384984
10477,-0.13372044421155072
10478,0.049614285903639505
10479,0.0037460346141718337
10480,0.002998276184153416
10481,-0.13425592732135153
10482,-0.13425592732135153
10483,-0.13168661639000714
10484,-0.00919112816147357
10485,-0.12862666750622426
10486,-0.12442828187900085
10487,-0.005348241797133588
10488,-0.12078166384117264
10489,-0.004904098284672399
10490,0.017359913521098343
10491,0.04705392384532846
10492,-0.13610963343200308
10493,-0.010390292952186839
10494,-0.04181153658593884
10495,-0.033893206350339836
10496,-0.12992191847311285
10497,-0.12992191847311285
10498,-0.017725768151508864
10499,-0.1251942501092908
10500,-0.02407485123571424
10501,-0.07812620613561268
10502,-0.022760277816698718
10503,-0.12980531933362988
10504,-0.13253891080282187
10505,-0.02472201612714066
10506,0.007682672401295849
10507,-0.02200281117788397
10508,-0.009497403372383306
10509,-0.023127017652293733
10510,-0.13935814712862468
10511,-0.14066470481218074
10512,-0.024149886150611574
10513,0.01602777566729148
10514,-0.1372759536663802
10515,-0.13572591376198878
10516,-0.1669254055217463
10517,-0.13817485630910403
10518,0.01787726953917173
10519,-0.025073535855126547
10520,-0.13648676503421844
10521,-0.02844079902877729
10522,-0.048601675976775074
10523,-0.1392959035707736
10524,-0.03650567175566814
10525,-0.1620121611331938
10526,0.05459064147238411
10527,-0.03933712657776827
10528,-0.1236222881788108
10529,-0.13432670666102078
10530,-0.14100123975886736
10531,-0.14404455709557173
10532,-0.025007640204379386
10533,-0.04132494827994328
10534,-0.137658990492399
10535,-0.032209441765507635
10536,-0.04461970052458576
10537,-0.018950496939971022
10538,-0.13933536123122875
10539,0.07549733752424209
10540,-0.14086556157905838
10541,-0.045185794442239996
10542,-0.14214265394478495
10543,-0.043123350167038416
10544,-0.14340142428499406
10545,-0.14340142428499406
10546,0.019511773968370495
10547,-0.049361731163751685
10548,-0.14604369322805147
10549,-0.14563491596585262
10550,-0.15139352639885992
10551,-0.05079195260236846
10552,-0.04633909912883946
10553,0.10888647349597036
10554,-0.15250687028610208
10555,-0.05083549015372549
10556,-0.03315629854814497
10557,-0.03315629854814497
10558,-0.11585613219265464
10559,-0.05036620407856475
10560,-0.037546241851594615
10561,-0.14054934000330546
10562,0.02114085059721301
10563,-0.045637563424345454
10564,0.022726773471769643
10565,-0.040545055712596596
10566,-0.13421365031607088
10567,-0.13421365031607088
10568,-0.042766280675928345
10569,-0.13362499874253295
10570,-0.14510468000742152
10571,-0.13267238139144516
10572,-0.1448403727300273
10573,-0.1309187827174862
10574,0.03574853215400074
10575,-0.04406353205166191
10576,-0.13498698833708878
10577,-0.04312925794699393
10578,-0.041713158200542846
10579,-0.1494151974734164
10580,-0.05735225224405072
10581,-0.15025608474738122
10582,-0.14835863522164655
10583,-0.14776759915841528
10584,-0.1498341250612311
10585,0.1022556423905531
10586,0.013053482827412557
10587,-0.015019236675540809
10588,-0.14693210499036155
10589,-0.14693210499036155
10590,-0.04136759306548683
10591,-0.14575352454154214
10592,-0.14753634907756805
10593,-0.12720611135705295
10594,-0.0399603399291603
10595,-0.14082484268614504
10596,0.039282460520676035
10597,-0.04563759894554356
10598,-0.044813412401128266
10599,-0.1508779029012313
10600,0.09967453011974006
10601,-0.02498819860831783
10602,-0.12365377797345606
10603,-0.02011420495811351
10604,-0.15538311719865722
10605,-0.0642967504495397
10606,-0.15189638485461163
10607,-0.15008945069637822
10608,-0.1526678371201078
10609,-0.11874459234637957
10610,-0.1526678371201078
10611,-0.05190738953870723
10612,-0.019715034393178996
10613,-0.14728317354466705
10614,-0.14338117839023654
10615,-0.1419769352355351
10616,0.06020540533635576
10617,-0.13331997554649416
10618,-0.00402326031350226
10619,-0.04880878546535668
10620,-0.10929990197657358
10621,-0.0030824814323087875
10622,0.06660544833373692
10623,-0.013989777681154149
10624,-0.04861147017761783
10625,-0.12182650125986522
10626,-0.12091897183774675
10627,-0.10785208406967994
10628,0.08499032361811659
10629,-0.009728169667595557
10630,-0.1244245974717425
10631,0.033800929430867516
10632,-0.0441696819947225
10633,-0.04113422494355881
10634,0.0724553581259789
10635,-0.11380347630456378
10636,-0.10337791282790873
10637,-0.11214718076932867
10638,0.07233803080395758
10639,-0.054737679394148864
10640,-0.05506357475028005
10641,-0.015204006153199244
10642,0.019980371466302237
10643,-0.09782316699164006
10644,-0.025263437299842206
10645,-0.08865637619466303
10646,0.07017228179600633
10647,-0.05620426758669746
10648,-0.035668493520863216
10649,0.028459122388981913
10650,-0.08695484178927752
10651,0.07232469598013337
10652,0.07174744176184546
10653,0.06752223474644041
10654,0.00017375742636618202
10655,0.07005623697049035
10656,-0.0930752336813562
10657,-0.045758156698919916
10658,-0.03345436466442059
10659,-0.089123405723781
10660,-0.038112971256271694
10661,-0.07507014947201533
10662,-0.0723472526043954
10663,-0.07361407922555524
10664,-0.13113199326948655
10665,-0.13370857038962597
10666,-0.11265525635598414
10667,-0.11329889196958431
10668,-0.1316662872988998
10669,-0.13159888576349385
10670,-0.033553261151423264
10671,-0.1302397777254837
10672,0.06224434426851623
10673,0.06520444859293359
10674,-0.0835903549078679
10675,-0.12611747632001996
10676,-0.12693620883269674
10677,-0.09153381375579918
10678,0.06094932280968534
10679,-0.11746005905828666
10680,-0.05785678044161907
10681,-0.08001626817395278
10682,0.084458496066816
10683,0.0700714628107945
10684,-0.0020872923764930426
10685,-0.08995343565421374
10686,0.12416455306511236
10687,-0.1253779773854053
10688,-0.1102398716514923
10689,-0.11335529128727395
10690,-0.14724685705235632
10691,-0.14843393980163716
10692,0.004813669698096695
10693,-0.10204257870755412
10694,-0.10010604344362851
10695,0.07835550688206035
10696,-0.14555109685673132
10697,-0.0717699845931513
10698,-0.0830232417412681
10699,-0.1350274672378709
10700,-0.13691338228651162
10701,-0.06360111466862457
10702,0.010292654916683805
10703,-0.13946964391672406
10704,-0.0947466265305497
10705,-0.07294732343679815
10706,-0.1084386065673269
10707,0.10720360660094812
10708,-0.11888722849373595
10709,-0.11076629875858254
10710,-0.1324192076441763
10711,0.01511525393859325
10712,-0.10862412102097693
10713,-0.07808113124992645
10714,-0.1090254152420696
10715,-0.11413268643866875
10716,-0.12625988887464948
10717,-0.08098548768559258
10718,-0.08524928970293
10719,-0.06667662678652775
10720,-0.014041758701271036
10721,0.06874299710326667
10722,-0.12646558064843594
10723,-0.057599480814789744
10724,-0.08691759788867394
10725,0.016817340180933664
10726,-0.1812641926481098
10727,-0.11631471918873526
10728,-0.09962105388580038
10729,-0.11681718793062024
10730,-0.09149947730672865
10731,-0.09513861501346149
10732,-0.12120938355307326
10733,-0.11755389768432317
10734,-0.09337816370898781
10735,-0.12437062946810462
10736,-0.13416069847417933
10737,-0.13721204635978532
10738,-0.09487604793337412
10739,-0.07238713532228307
10740,-0.15268612088187705
10741,-0.10555728688347085
10742,-0.0990659580988971
10743,0.006344686393970771
10744,-0.14975367983406024
10745,-0.06566081861704123
10746,-0.15081334618105768
10747,0.0728806638657506
10748,-0.14531306958927295
10749,-0.1058538418115873
10750,-0.059665265622291394
10751,-0.0917078311579155
10752,0.01973688504488386
10753,-0.13245943893626733
10754,-0.1306517397104
10755,-0.09395377831126318
10756,-0.1275813912038103
10757,-0.1315759347610409
10758,-0.1315759347610409
10759,-0.091253404625426
10760,-0.1328246266534135
10761,0.007794675729824108
10762,-0.1327560778468777
10763,-0.09019890827359603
10764,-0.13216441464503703
10765,-0.13216441464503703
10766,-0.1378485887698579
10767,-0.13545643414696468
10768,0.014510086322661205
10769,-0.07752659009581414
10770,-0.08717170413143135
10771,-0.08547459890485341
10772,-0.13860373087070896
10773,-0.09261342121060039
10774,-0.05798298373918706
10775,-0.13337990815722564
10776,0.0033700432651256537
10777,-0.09525343114183787
10778,-0.12943784208571207
10779,-0.1526161603076717
10780,-0.14039556920966753
10781,-0.12285165445040427
10782,-0.10432140217661934
10783,-0.16241391879193046
10784,-0.1608916681971024
10785,-0.1647808422783953
10786,-0.16664535858746224
10787,-0.17147949287145264
10788,-0.005231862161518594
10789,-0.17968919486630264
10790,-0.14205152210700708
10791,-0.08906986967443846
10792,-0.17888684788003256
10793,-0.07606273220786837
10794,-0.09378566228457419
10795,-0.18101712296868003
10796,-0.1417063991708797
10797,-0.04091794257348825
10798,-0.18225748280368345
10799,0.004188398593601844
10800,-0.12698989771826952
10801,-0.11664550276778496
10802,-0.1912474729658683
10803,-0.13687636902411443
10804,-0.09916986524504925
10805,-0.18952587692865674
10806,-0.18952587692865674
10807,-0.09920098766901296
10808,-0.1861372357839724
10809,-0.01343482074076826
10810,-0.09392320093890474
10811,-0.1869133588535532
10812,-0.19021863787820115
10813,-0.08855782026837754
10814,-0.18446534530054043
10815,-0.18483561809764298
10816,0.039937860553015035
10817,-0.03840261719087544
10818,-0.14638058132186027
10819,-0.09212186104504716
10820,-0.18846934233980256
10821,-0.038273516172857354
10822,-0.0606504708970832
10823,-0.17216220591723072
10824,0.0026786297059168095
10825,-0.07876679714763751
10826,-0.05580439267708044
10827,-0.023068189314152984
10828,-0.18576468357861256
10829,-0.07529879366515885
10830,0.022219061846996846
10831,-0.0907021941093615
10832,-0.13073368038227615
10833,-0.19495634846487625
10834,-0.08437489725297571
10835,-0.19427763228183892
10836,-0.19772999941116395
10837,-0.20350369167409682
10838,-0.20512901338334433
10839,-0.07258786143423362
10840,-0.20674666103328893
10841,-0.12859392847183
10842,-0.0800190431749188
10843,-0.1276406451798846
10844,-0.2061784796441115
10845,-0.06913260643186381
10846,-0.20726994913562757
10847,-0.005793840421242993
10848,-0.12486731590460942
10849,-0.0845598473558102
10850,-0.09159097603045695
10851,-0.21378883653850111
10852,0.0009705397915092777
10853,-0.21334319485641706
10854,-0.06450115449837945
10855,-0.12834518412555057
10856,-0.0018630376914290682
10857,-0.21528681627111085
10858,-0.1390476955473125
10859,-0.01879178794085762
10860,-0.09967520982756997
10861,-0.2136258273886228
10862,0.006456526639974234
10863,-0.10278958713908931
10864,0.011546943916132006
10865,0.012777970678079177
10866,-0.2179911998486278
10867,-0.10166605751862166
10868,-0.20824563630996124
10869,-0.20063237964913416
10870,-0.19899824935092464
10871,-0.20482763274249705
10872,0.025308168688317825
10873,-0.03614382723180107
10874,0.017548799110255534
10875,-0.11058107503861864
10876,-0.11276908277148445
10877,-0.20096177829077821
10878,-0.20973022204520714
10879,-0.11950470325070112
10880,-0.07771474298831883
10881,-0.2106907953069875
10882,0.021250489159876797
10883,-0.12625222689788412
10884,0.027997880149116337
10885,0.014709821668565357
10886,0.014709821668565357
10887,-0.12280479436013297
10888,-0.1965298360995428
10889,-0.1967294537857228
10890,-0.14911325679988355
10891,-0.07624095745040516
10892,-0.19460335488327685
10893,0.006493223187654072
10894,-0.13071055323221356
10895,-0.18524702895257122
10896,-0.018488416171496415
10897,-0.09879168366377516
10898,-0.1319202282657844
10899,-0.19036694097200882
10900,-0.08246334610930862
10901,-0.13117713574239165
10902,0.00024752893157651765
10903,-0.08321160566740529
10904,-0.12471818112074118
10905,-0.1869876780601336
10906,-0.010936735105999417
10907,-0.19282384237586006
10908,-0.12009560628339744
10909,-0.101328799845446
10910,0.002845275666172757
10911,-0.10866943614806696
10912,-0.19551948363523083
10913,-0.11359161186386124
10914,-0.19141341528355604
10915,-0.017188561836214693
10916,-0.19322636405006255
10917,-0.18260583571367958
10918,0.06363925730270799
10919,-0.18693268739813879
10920,-0.2042220283645539
10921,-0.2042220283645539
10922,-0.2038045432734479
10923,-0.005720204925493452
10924,-0.10951858282967625
10925,0.06102036036661382
10926,-0.000512400127097138
10927,-0.11347964306281916
10928,-0.08677263252188053
10929,-0.1257413921831529
10930,0.022986476909542045
10931,-0.11300201447225472
10932,-0.21301509806620675
10933,-0.11015666255287959
10934,-0.06383657997480854
10935,-0.21238029215240245
10936,-0.08185110875690098
10937,-0.11806307259609258
10938,0.022104372862746517
10939,-0.11026973687286329
10940,-0.05510359358462738
10941,-0.22758409198708396
10942,-0.10918902902842187
10943,-0.22047344906781335
10944,-0.22047344906781335
10945,-0.05470609462041226
10946,-0.009492397016701633
10947,-0.09982060316665495
10948,-0.20751266148685976
10949,-0.20541183974739347
10950,-0.05441996319996782
10951,-0.20392112984600658
10952,-0.14109989739461964
10953,-0.20386252962882453
10954,-0.08076390169614159
10955,-0.10236921792836269
10956,-0.1927791100547958
10957,-0.048610380604975065
10958,-0.016163250158512374
10959,-0.10580838953731919
10960,-0.1751687123052212
10961,-0.07994274342177866
10962,-0.10453989044085345
10963,-0.18202451060397046
10964,-0.17980193792497892
10965,-0.1791167096773989
10966,-0.09840585467755641
10967,-0.09957841298881737
10968,0.05226517881506032
10969,-0.14108200609331872
10970,-0.15779462121540502
10971,-0.15779462121540502
10972,-0.15357270126483805
10973,-0.09882221097052094
10974,-0.16376357491629928
10975,-0.16376357491629928
10976,-0.1553743582578028
10977,0.08154465653882495
10978,-0.1316162581620434
10979,-0.0972980824554352
10980,-0.15811414594152093
10981,-0.09535014582197143
10982,0.05237433322751175
10983,-0.09341652220576024
10984,-0.08348225022172473
10985,-0.18211751384845964
10986,-0.020355137682355598
10987,-0.06439314656455013
10988,-0.11873516924100125
10989,-0.0572156877417557
10990,-0.016204394655403666
10991,-0.18648966409572706
10992,-0.18729618678477253
10993,-0.09979320937429739
10994,-0.05100319412049771
10995,-0.1901242431047681
10996,-0.19054533607081853
10997,-0.047854316151601614
10998,-0.19075376304507377
10999,-0.18794053018675125
11000,-0.18505342191082766
11001,-0.02679416548783283
11002,-0.04485411659209011
11003,-0.01811529911506677
11004,-0.1791582085275008
11005,-0.1791582085275008
11006,-0.15124867188668042
11007,-0.15316737064104838
11008,-0.0797368483666659
11009,-0.03454319128146836
11010,-0.19573713316121003
11011,-0.024942650493049133
11012,-0.19573713316121003
11013,-0.05804648590138875
11014,-0.057033009321883446
11015,-0.13026698966725786
11016,-0.1955164947301747
11017,-0.19794846181651016
11018,-0.2026292620398287
11019,-0.1256546280196775
11020,-0.045794307103831894
11021,0.032608132090742245
11022,0.01854096572683494
11023,-0.1198767011004375
11024,-0.0742474213636107
11025,-0.21523081821424245
11026,-0.21523081821424245
11027,-0.04776197397777095
11028,-0.2142917602978684
11029,-0.21401192643794686
11030,-0.21308560402003618
11031,-0.2100016563396305
11032,-0.050377129314776184
11033,0.06292606365492052
11034,-0.21084104394079106
11035,-0.21665603456847976
11036,-0.036656660803253235
11037,0.05124570933978809
11038,-0.07191959653306246
11039,-0.21672205456370558
11040,-0.03324917889200095
11041,-0.040763857153967804
11042,-0.041849663662124253
11043,-0.2178049300220013
11044,-0.03725007494062209
11045,0.004668719225233667
11046,-0.02679661932878174
11047,-0.21884898402262748
11048,-0.1223822621573688
11049,-0.21059021882568682
11050,-0.20879156717704817
11051,-0.03896752294707475
11052,-0.0020753896347770265
11053,-0.21036671813000896
11054,-0.2109730472261369
11055,-0.21403694248536304
11056,-0.011923558314511647
11057,-0.03784501174061519
11058,-0.21858373539952547
11059,-0.12610558235310654
11060,-0.22151625564950078
11061,-0.10933693943120137
11062,-0.012979046610554358
11063,-0.03641055231282486
11064,0.01082180304463893
11065,-0.21922865040553963
11066,-0.0009614665532376339
11067,-0.08216336183153164
11068,-0.14396647465002108
11069,-0.20399857406034078
11070,-0.029202453935510124
11071,-0.20312230759595729
11072,-0.19309121439971316
11073,-0.021285376253999677
11074,0.06871068950956855
11075,-0.004621680150137877
11076,-0.030830334218086286
11077,-0.009633648370199699
11078,0.007444040934109929
11079,-0.18722329578158406
11080,-0.17859847306376425
11081,-0.17568064921503299
11082,-0.17568064921503299
11083,-0.12948218444140996
11084,-0.029971434473608546
11085,-0.17445557223177796
11086,-0.1780706447938551
11087,-0.11850212649821637
11088,0.019012688490010313
11089,-0.10137981851317789
11090,0.004764604430911347
11091,-0.17189859141021088
11092,-0.1338402030733092
11093,0.07767469506709992
11094,-0.1564702976473827
11095,-0.02697674153712229
11096,-0.005771829549473001
11097,-0.021405011213296368
11098,-0.15665317040332594
11099,0.07786049346492002
11100,-0.024484773501825458
11101,-0.15907705633528754
11102,-0.15907705633528754
11103,-0.15334879213657987
11104,-0.15377366622375793
11105,0.07836150620641602
11106,-0.1494451583036519
11107,-0.03274816292737497
11108,-0.03274816292737497
11109,-0.027923549443952117
11110,-0.011748086704495252
11111,-0.023228120283269836
11112,-0.012713022212823666
11113,-0.1388247443228578
11114,-0.0180390589541759
11115,-0.13303673162476165
11116,0.0719686027770682
11117,-0.012993232488920974
11118,-0.13534778085268212
11119,-0.014221544778770537
11120,0.07016459372808545
11121,-0.008006920088648221
11122,-0.0048903236796261525
11123,-0.015737804033996973
11124,-0.022567801917563704
11125,0.006017527951053699
11126,-0.1153233026780362
11127,-0.12409287556300469
11128,-0.014497872822429946
11129,-0.013436295972369498
11130,-0.11491237218328038
11131,-0.0963051474486584
11132,-0.1178886894064746
11133,0.04363716335977756
11134,-0.003031226447512244
11135,-0.058369441713813225
11136,-0.022745810526936007
11137,0.0022462436347225508
11138,-0.12669942838977694
11139,-0.023658614759221534
11140,-0.1281456731608519
11141,-0.12853799076131533
11142,-0.03048275183357222
11143,-0.03048275183357222
11144,-0.006198804572055919
11145,-0.1066562457681014
11146,-0.010860110271967871
11147,-0.014025861878086243
11148,0.09625564169728394
11149,-0.1212928652990726
11150,-0.15864883547096825
11151,-0.1603771883606473
11152,-0.07879704067547064
11153,-0.037534237236227605
11154,-0.1653733148703293
11155,-0.017374435587301083
11156,-0.17199388514803027
11157,-0.11972110874486025
11158,-0.17541499776850084
11159,-0.08869869778154447
11160,-0.07241583250906321
11161,-0.08375190897743293
11162,-0.03361153183836432
11163,-0.18671566828269234
11164,-0.019496060546829452
11165,-0.18965742942457245
11166,-0.18965742942457245
11167,-0.08446778157032989
11168,-0.18523022697013145
11169,-0.07894005775692774
11170,-0.04970610276800001
11171,-0.09474183394290031
11172,-0.18334231584651475
11173,-0.046027817925778036
11174,0.00015459299592856038
11175,-0.049473688670646346
11176,-0.012943573525649135
11177,-0.1953377420682867
11178,-0.1579289265602961
11179,0.013206764945081505
11180,-0.09770524432350913
11181,-0.19375200431566053
11182,-0.1875499621612678
11183,-0.12392258253016583
11184,-0.17930653255513956
11185,-0.034029745471334596
11186,-0.20396327854667445
11187,0.035411258318930175
11188,-0.1762928797483537
11189,-0.1374605751100225
11190,-0.1095154172311463
11191,0.003720320221840368
11192,-0.19573644991433678
11193,-0.20468819118428086
11194,-0.1521379185576998
11195,-0.0034055419040647655
11196,0.038463599314933566
11197,0.0018680127494769688
11198,-0.19580667992189343
11199,-0.1537085069384978
11200,0.013556026783492789
11201,-0.15644154429321455
11202,0.015746230846977894
11203,-0.002211400314744781
11204,0.03435618054194623
11205,-0.004392825746816785
11206,-0.1540305037193551
11207,-0.04254250609117727
11208,-0.17017010054148815
11209,-0.005085165619752391
11210,-0.0029020781558095725
11211,-0.20548217328253363
11212,-0.20892651227067088
11213,0.017130234446036657
11214,-0.15384600351493521
11215,-0.051843561362795304
11216,-0.15019598369868778
11217,-0.11737899742152835
11218,0.00234546321015848
11219,0.037866193926807984
11220,-0.04351382331445913
11221,-0.04024305612249956
11222,-0.16171504617694937
11223,-0.21067666701787502
11224,-0.21067666701787502
11225,-0.02703167406445766
11226,-0.14212510696515696
11227,-0.03833857139191052
11228,-0.20065463084829183
11229,0.0471063775108795
11230,-0.20028825792659954
11231,-0.20181367672127903
11232,-0.20227001481819726
11233,0.008759817071236353
11234,-0.16038641092341782
11235,-0.15810732632209462
11236,-0.2031454305654577
11237,-0.03607944008178317
11238,-0.2032198455814216
11239,0.05362552057047704
11240,-0.040186105156624595
11241,-0.05220705979666762
11242,-0.1567580595301301
11243,-0.20132805419071126
11244,-0.06616083220555566
11245,-0.15281673907565263
11246,-0.04528360175586439
11247,-0.03670402577259586
11248,-0.2014273399050853
11249,-0.19821881268551694
11250,-0.19596349553542175
11251,-0.19308630095904517
11252,-0.19169519873688876
11253,-0.03067285193933883
11254,-0.023648277946041886
11255,0.03979856884306696
11256,-0.15189216072668374
11257,-0.059787060020479496
11258,-0.18997676814231934
11259,-0.14922328492479453
11260,0.0328806542085974
11261,-0.11140195784107546
11262,-0.04267049793368885
11263,0.016325716928952405
11264,-0.05384937453304009
11265,-0.19088790365601754
11266,-0.0711087003931745
11267,-0.13422899669259764
11268,-0.13379327028308888
11269,-0.17675393319488603
11270,0.020913586949700455
11271,-0.1747839141106034
11272,-0.1745430758900496
11273,-0.17181639099898718
11274,-0.17181639099898718
11275,-0.17181639099898718
11276,-0.16637570100555754
11277,0.025286346993638457
11278,-0.1307879078077755
11279,-0.13446806509380688
11280,-0.16508936911209723
11281,-0.02359141593414684
11282,-0.08294052856240693
11283,0.010587198793534511
11284,0.017675935285057516
11285,-0.12868386634315943
11286,-0.07886896547635834
11287,0.01959118639402814
11288,-0.14327632853480704
11289,-0.1541467674317237
11290,0.01284855618871349
11291,-0.029172069816440584
11292,-0.14980784235358563
11293,0.015061983884195822
11294,-0.0886479549791879
11295,-0.15078726090477054
11296,0.014098903748371704
11297,-0.1524636424329828
11298,-0.15949136870970088
11299,-0.1670533730022503
11300,-0.16905993807167288
11301,0.03996370424889226
11302,-0.17129368926829314
11303,-0.15567655171423206
11304,-0.1696738416045176
11305,-0.011122195741959828
11306,-0.09509789456296106
11307,-0.07138422121035079
11308,-0.1083293651158207
11309,0.015900609612324132
11310,-0.04799333216499849
11311,-0.07966184841448326
11312,-0.10339278177407513
11313,-0.05205387131003844
11314,0.02497254971662415
11315,-0.11050854779169972
11316,-0.15825471653307593
11317,-0.15201328659990115
11318,-0.035025618985460256
11319,0.022708531465698373
11320,0.023117123764231043
11321,0.023674888749277565
11322,-0.012000731819542615
11323,-0.1521701812817528
11324,-0.15402738711145514
11325,-0.15402738711145514
11326,-0.15402738711145514
11327,0.03932527155443555
11328,-0.1500876379468664
11329,-0.14122954164821855
11330,-0.1095245516843611
11331,-0.0950502950599615
11332,0.004732518383228813
11333,-0.045423387172364535
11334,-0.052132009814285424
11335,-0.14336998994707964
11336,-0.09720279990863244
11337,-0.14413818190667776
11338,0.025519500066799712
11339,-0.13262892042875044
11340,-0.13356026180647454
11341,-0.13397830512803363
11342,-0.13397830512803363
11343,-0.05547613882813021
11344,-0.04944996396916365
11345,-0.018410954664392402
11346,-0.13752647668055
11347,-0.07687588200386981
11348,-0.14218447177064863
11349,-0.14218447177064863
11350,-0.10236908299620195
11351,0.050528115483964985
11352,-0.07364364274871094
11353,-0.03141109497478954
11354,-0.07984593979893709
11355,0.04376783944909088
11356,-0.0853541430289077
11357,-0.02115393527212233
11358,-0.13869903097619388
11359,-0.05955722564886223
11360,-0.12922060494652057
11361,-0.05539226409578234
11362,0.07392573547044289
11363,-0.1316812886731584
11364,-0.1316812886731584
11365,-0.0029088289663002226
11366,-0.13283306166995063
11367,-0.1330950818342628
11368,-0.1330950818342628
11369,-0.1365775732570565
11370,0.012288939089896984
11371,0.1268483743874194
11372,-0.14025201907907522
11373,0.06796019289618438
11374,-0.08517710999582506
11375,-0.08187687993394846
11376,-0.03465775665683272
11377,0.13214334262418606
11378,0.06503457682668048
11379,-0.09166590379155826
11380,-0.10396728536869106
11381,-0.1443844916404169
11382,-0.057135715884415655
11383,-0.03488698323141951
11384,-0.032307170648048
11385,-0.011644042766719872
11386,0.07865650578037704
11387,0.07128636741056685
11388,-0.1309839048626063
11389,-0.12874094292893098
11390,-0.12503293996086481
11391,-0.06461287447873945
11392,-0.03138313353553305
11393,-0.05302743786206604
11394,-0.12197308087764583
11395,-0.12197308087764583
11396,-0.11808696290362938
11397,-0.11808696290362938
11398,-0.0631671710479412
11399,-0.05786636986866214
11400,-0.06558128115829207
11401,-0.019002497420571078
11402,-0.06371048845191107
11403,-0.05239702523723172
11404,0.09438638250067448
11405,-0.02173590054747644
11406,-0.14292002044917823
11407,0.09627341191606605
11408,-0.09820254618068137
11409,-0.05388179030850902
11410,0.08400744375682773
11411,-0.05333318660404113
11412,0.0332655782550526
11413,-0.10370117688080167
11414,-0.09927153532545308
11415,-0.09960195132948357
11416,-0.09979586211853621
11417,-0.10029224438444567
11418,-0.10029224438444567
11419,-0.10017619723268771
11420,-0.04525643643531682
11421,0.028775477776232808
11422,-0.028607653619546425
11423,-0.042649815018728714
11424,0.11376123563673751
11425,-0.07374691696882199
11426,-0.08758643687906216
11427,-0.062139069064761035
11428,0.13009233378856322
11429,-0.07026842761126319
11430,0.0007235003872355719
11431,-0.029723673333605323
11432,-0.10828531044155623
11433,-0.02643114828227911
11434,-0.09503659919329038
11435,-0.09378437063047051
11436,-0.09378437063047051
11437,-0.09952214903675352
11438,-0.053566710680863466
11439,-0.0814673102876993
11440,-0.07281011614233389
11441,-0.10777325626151166
11442,-0.042824676076050595
11443,-0.08059209056365245
11444,-0.10366815221290072
11445,-0.10366815221290072
11446,-0.008402028065053552
11447,-0.09720219649950873
11448,-0.07916509750145784
11449,-0.09270914563148355
11450,0.02283241967548958
11451,-0.03285614741752795
11452,-0.12754575569934568
11453,-0.07858226343171358
11454,-0.10029174914414447
11455,-0.06258037858907031
11456,0.088710387806402
11457,-0.0698621744613871
11458,-0.0698621744613871
11459,-0.0698621744613871
11460,-0.07453811874209686
11461,-0.08041961183384089
11462,-0.08041961183384089
11463,-0.0578906025779731
11464,-0.07876860223111787
11465,-0.02016263328294849
11466,-0.08178263675763905
11467,-0.08799267511615816
11468,-0.02587696327517619
11469,-0.0802967101404139
11470,0.1072045205455397
11471,0.03291097908272171
11472,-0.07354837280708056
11473,-0.1848433614348829
11474,-0.1195818470575978
11475,-0.08193394413825311
11476,-0.057330299582421376
11477,-0.10029662948743157
11478,-0.03667023163003039
11479,-0.11706661600519425
11480,-0.09569577105647875
11481,-0.10475603796947557
11482,-0.10937488642933654
11483,-0.1090072023981963
11484,-0.10252389910813668
11485,-0.10252389910813668
11486,-0.09842788968143196
11487,-0.012842345733447363
11488,-0.030914847929769465
11489,-0.11240098099401458
11490,-0.03062323123775893
11491,-0.06983503914621694
11492,-0.09167674220495334
11493,-0.02414963429887973
11494,-0.09608351219444226
11495,-0.17938040481028417
11496,-0.026869864510320605
11497,0.09585217040384211
11498,-0.09781827351896587
11499,-0.09781827351896587
11500,-0.09816511765876597
11501,-0.03676352649374487
11502,-0.06870712314173563
11503,-0.0574121056965128
11504,-0.10057515755925349
11505,-0.10048814873795323
11506,-0.004715836106061733
11507,-0.07647809154574786
11508,-0.10962748184237009
11509,-0.11272582962669378
11510,-0.016181809529675725
11511,-0.02014009650690235
11512,-0.07260112825945644
11513,-0.08297119130862055
11514,-0.09615799523590407
11515,-0.1666417024872375
11516,-0.011962060974907346
11517,-0.09816482745882539
11518,-0.013192295275085641
11519,0.111814737358187
11520,-0.11423581560067825
11521,-0.0979515380456921
11522,-0.11382879049027758
11523,-0.09766666652486652
11524,-0.09759477607754719
11525,-0.0975223045638578
11526,-0.10331495690972337
11527,-0.10380214277588504
11528,0.06074466435998537
11529,0.1290454227259016
11530,-0.12757176757806069
11531,-0.02382431209865723
11532,-0.061347853099541175
11533,-0.014158242125628745
11534,-0.11690980325668718
11535,-0.11894218359371059
11536,-0.11572680134025984
11537,-0.02761877063217496
11538,0.1161179951152928
11539,-0.032946567766780614
11540,0.04476799960659682
11541,0.10731138019537881
11542,-0.06313288775187482
11543,-0.0896419672465219
11544,-0.12343149835546033
11545,-0.12435987047188873
11546,-0.12367039476375072
11547,-0.10818925298755327
11548,-0.040543696741510746
11549,-0.03805506345184433
11550,0.025637084530561346
11551,0.047443243791469
11552,0.047443243791469
11553,-0.041507187237160834
11554,0.09145734789387602
11555,-0.04388069578807435
11556,0.04391372650393988
11557,0.04893196881518144
11558,-0.08810628008648429
11559,-0.10402130399998312
11560,-0.10402130399998312
11561,-0.08337316267364611
11562,-0.10720999310838333
11563,-0.11106349136842592
11564,-0.10824870290227862
11565,0.07971980807093233
11566,-0.04906781167064081
11567,-0.11535196673552592
11568,0.05302615390374611
11569,-0.12599934026131293
11570,-0.04918890779164728
11571,-0.13518149275099972
11572,-0.05227394294497936
11573,-0.08063897320555091
11574,-0.0015837414955191982
11575,-0.13427798481906714
11576,-0.13286943494967096
11577,0.024662663910826024
11578,-0.08660495529693774
11579,-0.06340309673214012
11580,-0.062317812203407444
11581,0.003500959575743697
11582,-0.133222262282839
11583,-0.13531866532449857
11584,-0.07612386092784297
11585,-0.13028166081688783
11586,-0.13024093250802987
11587,-0.12999570900086818
11588,-0.12790304416410206
11589,-0.029526359197012457
11590,-0.045262625527149714
11591,-0.12297033543816646
11592,-0.12297033543816646
11593,-0.038248498563290545
11594,-0.11300752733686178
11595,-0.11698242928138958
11596,-0.09431488826883483
11597,-0.09900778372097155
11598,-0.0409144868732281
11599,0.005334502999895307
11600,-0.11862463230565756
11601,-0.07808598885607722
11602,-0.06973500306542431
11603,-0.10775851522242694
11604,-0.14637517088879276
11605,-0.09051072769834685
11606,-0.10584974275950254
11607,-0.05894861255389694
11608,-0.012281540317834051
11609,-0.10360147374245178
11610,-0.06595470902698507
11611,-0.1241096090039722
11612,-0.07364813171304987
11613,-0.06372197686284428
11614,-0.05600565777470953
11615,-0.13858844135077647
11616,-0.014087962485336648
11617,-0.08010259067021971
11618,-0.1429554877885751
11619,-0.04330059937681974
11620,-0.1438672440056848
11621,-0.07985823238514332
11622,-0.06969643706809099
11623,-0.15247964075222115
11624,-0.07428458194796256
11625,-0.11111565168304585
11626,-0.07923768377417875
11627,-0.04722532775026955
11628,-0.061261937387270524
11629,-0.14423416201028905
11630,-0.16075008813862346
11631,0.01834489726855035
11632,-0.07918320961284087
11633,0.04783254036860341
11634,-0.1459867249655074
11635,-0.1558667570300734
11636,-0.07646608848012937
11637,-0.0787015545317502
11638,-0.0787015545317502
11639,-0.03635346954361558
11640,-0.1584453209083232
11641,-0.08160105311980174
11642,-0.14470359065401017
11643,0.0452715885224274
11644,0.054476230561567474
11645,-0.156973103258837
11646,0.0188810685868428
11647,-0.06237884781867291
11648,-0.1539947362692136
11649,-0.13323920338216896
11650,-0.09023174079304855
11651,-0.12799393936346182
11652,-0.08911063695547282
11653,-0.08801926185908407
11654,-0.09093974716869484
11655,-0.13491130014759367
11656,-0.1531336331072948
11657,-0.12357840954611479
11658,-0.17301923628067575
11659,-0.09500703865319875
11660,-0.03295751823429792
11661,-0.11994907827630891
11662,-0.015645223192441098
11663,-0.1002338052235804
11664,-0.15247431438791295
11665,0.023480942963404212
11666,-0.09807393300409106
11667,-0.057236739922567795
11668,-0.15181882203377584
11669,-0.12198113635900365
11670,-0.10368722844667758
11671,-0.008059935849693285
11672,-0.10787992218264095
11673,-0.1046210324417373
11674,-0.09856247846676575
11675,-0.0853595738886534
11676,-0.10144317739013241
11677,-0.024632011752984947
11678,-0.10380322475943797
11679,-0.14628362355605123
11680,-0.10264558091578989
11681,0.04289517952417926
11682,-0.105426369436515
11683,-0.03599560336958101
11684,-0.047008521747024065
11685,0.04522094214814605
11686,-0.16608800834021514
11687,-0.04238004505328231
11688,0.020620927704631996
11689,-0.10558934026866548
11690,-0.11541162237710506
11691,-0.030566788024541665
11692,-0.03150932315957536
11693,-0.16286811276349747
11694,-0.15708520502219048
11695,-0.12540679031017568
11696,-0.11873115141353696
11697,-0.1555243525439115
11698,-0.0225564187662353
11699,0.09442738779213307
11700,-0.1522878751301409
11701,-0.15726496593804873
11702,-0.11630109090565854
11703,-0.04208556697324967
11704,-0.09578539780112738
11705,-0.1343093139338028
11706,0.05542577109415455
11707,-0.12419003526299122
11708,0.013011045164958159
11709,-0.04735520477709024
11710,-0.1251821090401082
11711,-0.11277254312558477
11712,-0.10169294201069459
11713,-0.039327921683824145
11714,-0.12799524353997502
11715,-0.12799524353997502
11716,-0.1308347748278766
11717,-0.1317837482413876
11718,-0.13272396607568213
11719,-0.06028450712213328
11720,-0.08338791924301162
11721,-0.13879706310860712
11722,0.04486815810289636
11723,-0.07783138879099964
11724,-0.13572789694010112
11725,-0.0009467701465698565
11726,0.056458277548280124
11727,-0.13198968317749726
11728,-0.00938476317126086
11729,-0.05057492520635498
11730,-0.12630847428088052
11731,-0.0841837091155701
11732,-0.07946935696880957
11733,0.01569321029670073
11734,-0.1320733834041065
11735,-0.13485431018417582
11736,-0.0027285512678035216
11737,-0.11097215631596899
11738,-0.06265650622205118
11739,-0.0892251236992232
11740,-0.11297636962842184
11741,-0.11132277982979244
11742,-0.11132277982979244
11743,-0.04892264015709043
11744,-0.05003264556270959
11745,-0.10035905381130251
11746,0.06632800503951983
11747,-0.065233641837799
11748,-0.14169373473846208
11749,0.0419447244374433
11750,-0.06231718242370633
11751,-0.14765509205777233
11752,-0.11057593661199644
11753,-0.05043215416162594
11754,-0.14325126981388947
11755,-0.05399822615536877
11756,-0.037952732879001944
11757,-0.11795222393704624
11758,-0.05397281443364574
11759,-0.060952857643782596
11760,-0.11735865940509063
11761,-0.11588840026496794
11762,0.07067631335727678
11763,-0.0902770777656085
11764,-0.12245675095629041
11765,-0.055342845042117964
11766,0.06506852499600782
11767,-0.020058381901304226
11768,-0.12916706900503433
11769,-0.12916706900503433
11770,-0.12707427414043246
11771,0.01469930908187617
11772,-0.03641077825421642
11773,-0.1209316859133808
11774,-0.05990541646442815
11775,-0.04375719360052294
11776,-0.05551516117268457
11777,0.04043124718494893
11778,-0.11887252667950465
11779,-0.1305238062081046
11780,-0.05498406910170098
11781,-0.05243653212759261
11782,0.05734406430374138
11783,-0.11517928346844536
11784,-0.06703094932328478
11785,-0.007671043047142216
11786,-0.11148609135939122
11787,0.07926565233787808
11788,-0.10866031881055668
11789,-0.10866031881055668
11790,-0.05450426018772869
11791,-0.032501060014143365
11792,-0.10624091280346015
11793,-0.08533894138224746
11794,-0.05378125676303508
11795,-0.08402400098030408
11796,-0.12949100796716412
11797,-0.08981654598897856
11798,-0.06841252991085975
11799,0.05576566716215681
11800,-0.09407999128049849
11801,-0.0915898466700219
11802,-0.11241356681089748
11803,-0.05696018920221245
11804,-0.046380462601049346
11805,-0.051622115703444105
11806,-0.08384291414689007
11807,-0.08971614918022637
11808,-0.09190517252122693
11809,-0.09190517252122693
11810,0.0978059152953786
11811,-0.07048567167515209
11812,-0.09188957502799905
11813,-0.14374188479651254
11814,-0.0493004962108827
11815,-0.08814777258433253
11816,-0.11597625436378786
11817,-0.06135472519174848
11818,-0.034688626061034775
11819,-0.03384637841591949
11820,0.05122123951999196
11821,-0.07510596129002906
11822,-0.0740274046351782
11823,-0.0890405106779237
11824,-0.049565733518493055
11825,-0.07601350190104707
11826,-0.032098419469721445
11827,-0.04092474855658117
11828,-0.04071692734119414
11829,0.03995481934118936
11830,-0.041826871613054935
11831,-0.08601437257954489
11832,-0.055361546512764676
11833,-0.041392510179282006
11834,-0.050080478461218755
11835,-0.12902422099023955
11836,-0.050080478461218755
11837,-0.04663939867784209
11838,-0.05148475800214808
11839,-0.0244481293096378
11840,-0.03518774434845229
11841,0.05669679783641374
11842,-0.0428666257702622
11843,-0.048916580636354456
11844,-0.06667108694079507
11845,-0.07973904916704239
11846,-0.036979851344517686
11847,-0.04503110172002496
11848,-0.05394522293301603
11849,-0.05394522293301603
11850,-0.009804296619427673
11851,-0.058169280091726866
11852,-0.022128031008949736
11853,0.08038225978230674
11854,-0.039845435738397085
11855,-0.04224082304185567
11856,-0.06709491853186883
11857,-0.12704766540718737
11858,-0.07655441718089956
11859,-0.023361482197792778
11860,-0.04440144731477427
11861,-0.030545750921279993
11862,-0.0454391861977321
11863,-0.05045307266597311
11864,-0.0778113410138895
11865,-0.06527413792691136
11866,-0.04997801263277003
11867,-0.010388284695270505
11868,-0.009901842670700094
11869,-0.038990375521853374
11870,-0.007928850775720586
11871,-0.04276374299990803
11872,-0.04180427430576068
11873,-0.04191758680706682
11874,-0.0694114831306529
11875,-0.0694114831306529
11876,-0.03701611240812977
11877,0.08594227534336651
11878,0.04006574748434874
11879,-0.06723384039889521
11880,0.0016137004395462493
11881,-0.0693706592417195
11882,-0.0673653204062736
11883,-0.08037100631243277
11884,-0.07763541511232104
11885,-0.11628323548988562
11886,-0.037232245599411684
11887,0.02871015282219988
11888,-0.0579110346006316
11889,-0.01913085364472525
11890,-0.03489010364680446
11891,-0.03939747571312942
11892,-0.08559277789404716
11893,-0.08595191955908896
11894,-0.003803687269225569
11895,-0.038065625415072524
11896,-0.06713132902661365
11897,-0.06712596474611555
11898,-0.028625687710930478
11899,-0.06794262025294441
11900,-0.06794262025294441
11901,-0.05731519313322685
11902,0.012709225699333665
11903,0.01884947305806689
11904,-0.05225832482258301
11905,-0.07031132080827893
11906,-0.0736292313498288
11907,-0.072897691954145
11908,-0.12466675416502046
11909,-0.05603977169448954
11910,-0.05603977169448954
11911,-0.03713567525491594
11912,-0.0005495128426943399
11913,-0.04681092660553081
11914,-0.05753425259593384
11915,-0.045762950914465514
11916,-0.02739602145401219
11917,-0.06433913421249211
11918,0.0049599631035484
11919,-0.04995574634556128
11920,-0.03099735592709469
11921,-0.05987721237121593
11922,-0.06098454640581076
11923,-0.03906684467054588
11924,-0.034853908543036355
11925,-0.06335323028120328
11926,0.00999005866299027
11927,0.012793552045689017
11928,-0.06367031757553632
11929,-0.05031268835943348
11930,-0.04521742287153063
11931,0.03387700982931537
11932,-0.06451154969449491
11933,-0.061563231871417226
11934,-0.06264481211335085
11935,-0.05134827782268407
11936,-0.04897701021225841
11937,-0.0018445409173445289
11938,0.013226318152076873
11939,-0.05550409239675198
11940,-0.055137847939465925
11941,-0.01683890323138869
11942,-0.05766823155033947
11943,-0.06483710761643782
11944,-0.05734154796038379
11945,-0.05744710999227742
11946,-0.0667881558469928
11947,-0.0577190640169523
11948,-0.068882496532722
11949,-0.068882496532722
11950,-0.07538291346500428
11951,-0.06389063044709363
11952,-0.08402890696559596
11953,-0.06469354973958039
11954,0.013113935887865389
11955,0.02309613846144667
11956,0.02362043400649937
11957,-0.07903624195177314
11958,-0.07823987734455776
11959,-0.01039782047192073
11960,0.03358550463351356
11961,-0.046447406871680294
11962,-0.08063620498538106
11963,-0.08693909953176447
11964,-0.05092871535714698
11965,-0.0806800470578991
11966,-0.09377285101850527
11967,-0.08210424959167478
11968,-0.10454186381022355
11969,-0.10224769424184361
11970,-0.039388946333500756
11971,-0.04173704064920683
11972,-0.06468055562544218
11973,-0.10256691304553417
11974,-0.10256691304553417
11975,-0.0676144913719246
11976,-0.09117789355540086
11977,-0.031214893644586933
11978,-0.08913468099798705
11979,-0.02790474769352981
11980,0.007239274348137184
11981,-0.08653644593370431
11982,-0.009528272389892428
11983,-0.039230184069533026
11984,0.016364322169425193
11985,-0.05286704991135743
11986,0.019113049434531588
11987,-0.07240476377857484
11988,-0.08195860736086408
11989,0.011549933468404112
11990,-0.0008205584100432692
11991,0.008849424440209065
11992,-0.08322627385725477
11993,0.00972340930014461
11994,-0.08299930916724285
11995,-0.07927747157153393
11996,0.01337402238276357
11997,0.015151179576872155
11998,-0.08096402216966098
11999,-0.06203749692513272
12000,0.03218324891242479
12001,-0.07678659878316638
12002,0.007713599286861295
12003,-0.0005674371716239482
12004,-0.08795598873586169
12005,-0.06686938860042735
12006,0.020450598645720536
12007,-0.059009703653833415
12008,0.03674752257822732
12009,0.028273087094274597
12010,-0.053382969439352695
12011,0.03996050770649783
12012,-0.05413266908017232
12013,0.04523022431885868
12014,-0.03349128196648189
12015,-0.03911981557283705
12016,0.010974673895591194
12017,-0.06543900056174189
12018,-0.09738559299909103
12019,-0.037478056167150664
12020,0.0025181922504640512
12021,0.039591315433412724
12022,-0.045954261782994624
12023,-0.0792473981557221
12024,-0.02281433950161075
12025,-0.02281433950161075
12026,0.05208238185668446
12027,-0.07787734964444541
12028,-0.07787734964444541
12029,-0.08210153837086294
12030,-0.010168446541583658
12031,0.027875311835556332
12032,-0.07864867073928908
12033,-0.07628285638827773
12034,0.0030327521909395
12035,-0.038829914881030665
12036,0.02295535193278094
12037,-0.08630175727295038
12038,0.020265165049115835
12039,-0.08915111993545656
12040,0.045422511578830045
12041,-0.05520284765522773
12042,-0.07554754276067958
12043,-0.042970995591407796
12044,-0.042970995591407796
12045,0.009322459410770033
12046,-0.07679429511702895
12047,0.05289552962209045
12048,-0.09088769085354753
12049,-0.03418384010604826
12050,0.016716975079717367
12051,0.040616098098708045
12052,-0.00159475161734721
12053,-0.03901254895777009
12054,0.02076472218435046
12055,0.0460176104490047
12056,0.016638826474307165
12057,-0.010438758951978076
12058,-0.09855660227599089
12059,-0.04051619821013466
12060,-0.03245925338851525
12061,0.04650299388289323
12062,-0.029577719471729512
12063,0.0188737366464093
12064,-0.03029054590968641
12065,-0.1119999982932755
12066,0.0283247963086231
12067,-0.036084913803459705
12068,0.04254486649318748
12069,-0.04085905891920061
12070,0.036829212402951075
12071,-0.02929682075065413
12072,0.0486142349721206
12073,0.0063915880132963815
12074,-0.028890691413991067
12075,-0.033299192966555424
12076,-0.01179696185829883
12077,-0.009376003065007452
12078,0.04712293281672088
12079,-0.11953476302050514
12080,-0.044638815151591044
12081,-0.05139737876130418
12082,0.040535725488583016
12083,-0.049634411262655026
12084,-0.06302903417367096
12085,-0.05757938750318295
12086,-0.056953524071410036
12087,0.04605279081557066
12088,-0.12118446727036658
12089,-0.05336363141713443
12090,-0.07819018992125011
12091,-0.04143737449977361
12092,-0.12494670937504895
12093,-0.013694167937272385
12094,-0.03853944769273008
12095,-0.007720085362619974
12096,0.04568921643976114
12097,-0.0520209227275944
12098,0.029307048859937908
12099,-0.011040305204126258
12100,0.04505029964165873
12101,-0.008973004714775273
12102,-0.040863982445722744
12103,-0.1388466633459342
12104,-0.0386292578619439
12105,-0.008321437668321857
12106,-0.03825970636947146
12107,0.058392730172867405
12108,-0.013033385153923348
12109,-0.04319415539495311
12110,-0.04168718393189299
12111,-0.04168718393189299
12112,-0.038053738669432645
12113,-0.13172601935211387
12114,-0.03745733136692754
12115,-0.03994999332258811
12116,-0.03379173880853899
12117,-0.057452929414662124
12118,-0.1275281466960472
12119,0.024517908265925138
12120,0.07527097251710904
12121,-0.030125670599248013
12122,-0.028799055238551946
12123,0.02573101679366493
12124,-0.049718037925060854
12125,-0.020498429768337587
12126,0.028924818712086714
12127,-0.01706745899719872
12128,0.054704884477080405
12129,0.05943844169280333
12130,-0.03289876876471152
12131,-0.03289876876471152
12132,-0.02766392371971641
12133,0.07024722523747405
12134,-0.0012187284401188395
12135,-0.042559218449034875
12136,-0.028483165116544827
12137,0.03191436464426884
12138,-0.11728899700919773
12139,-0.03683814867915697
12140,-0.04991050450112196
12141,-0.11994241034544059
12142,-0.03896834252435029
12143,-0.08095328875916671
12144,-0.011240896216166033
12145,0.06316686599596359
12146,-0.06830636179419915
12147,0.018172415388366954
12148,-0.008064698080798474
12149,-0.10798191931030662
12150,-0.00448110751902971
12151,-0.11026766371517027
12152,-0.03571743647473931
12153,-0.04294741202035361
12154,-0.048274540824072384
12155,0.048053637892013376
12156,-0.04232836588035554
12157,-0.04232836588035554
12158,-0.04511638425470357
12159,-0.04511638425470357
12160,-0.008052509658904208
12161,-0.12015913287556654
12162,-0.031796818130325005
12163,-0.056827506681403545
12164,-0.03453238213445369
12165,0.054154770444520495
12166,-0.022165423757782785
12167,-0.09788292833846916
12168,0.05185908033644794
12169,-0.04509296707392224
12170,-0.07536136972731208
12171,0.010424307415691348
12172,0.02223299595352956
12173,0.05151673097396378
12174,0.019464139885730238
12175,-0.07726857165485496
12176,-0.10987007992170544
12177,0.05063461733172531
12178,-0.050211746923066694
12179,-0.0005764020341286202
12180,-0.10865298572604118
12181,-0.06737500286744932
12182,-0.06443612345970678
12183,-0.061280771260679615
12184,-0.061280771260679615
12185,0.019639834238459455
12186,-0.060573171856059316
12187,-0.064040668720387
12188,0.050354087637657516
12189,-0.02427307791548182
12190,-0.10663366758153378
12191,0.02289799253268431
12192,0.04900616391981838
12193,-0.0008013668216567682
12194,-0.18188507929078607
12195,0.01710175720901173
12196,-0.02097637403997664
12197,0.030165211019630454
12198,-0.049578789245807164
12199,-0.12326364719312244
12200,0.033439465768126356
12201,0.06222719872900897
12202,0.06566305221952648
12203,0.0020190040466312176
12204,-0.10054599436136084
12205,-0.008324160853911928
12206,-0.05461956920835774
12207,-0.05461956920835774
12208,0.06582318225104984
12209,-0.060220582373041925
12210,-0.060404614063320886
12211,0.047151667249536726
12212,-0.1245888804994213
12213,-0.06493792331043678
12214,-0.12837682392967276
12215,-0.06986927556770264
12216,-0.13084219373192874
12217,-0.04049822815805143
12218,0.01658355181641638
12219,0.011728188540701338
12220,0.06227702863927391
12221,-0.06619665583209648
12222,0.009811740790667356
12223,0.02655022649757144
12224,-0.01312957551201352
12225,0.05894041890511256
12226,-0.07675116473422036
12227,-0.1309450099527854
12228,-0.08145844114923413
12229,-0.08594779542187204
12230,-0.08594779542187204
12231,-0.0014303176470828252
12232,0.04373532300696899
12233,-0.08452152336692274
12234,0.05131450768578593
12235,-0.08635706379923025
12236,-0.08635706379923025
12237,-0.1327599831221187
12238,-0.05349949624786242
12239,-0.09068817480905288
12240,-0.13897202197240466
12241,-0.06065899177286714
12242,-0.035298589284280535
12243,-0.05230482152882747
12244,-0.1087355245201625
12245,0.018629899441334877
12246,-0.05986675441679491
12247,-0.05977880368383266
12248,0.016166884094148203
12249,-0.05590934768239614
12250,-0.15647732664905772
12251,-0.047193536294945854
12252,-0.0029429733236535187
12253,-0.05009376027472855
12254,-0.12573091714490156
12255,0.02068684557090948
12256,-0.12573091714490156
12257,-0.12788974692450508
12258,0.04129404664812194
12259,-0.014283238264284633
12260,-0.18155943563341873
12261,-0.13087147857318854
12262,-0.0165596300775106
12263,-0.18413988394902697
12264,-0.06722199671222252
12265,0.004173776807995858
12266,0.031441106068299834
12267,-0.12223125556907444
12268,-0.11429255439691505
12269,-0.06709752345193437
12270,-0.004180703112531554
12271,0.0251284881012749
12272,-0.1985622332834472
12273,-0.061654630300012184
12274,-0.06836874626890663
12275,-0.07788940395173415
12276,-0.1369958076329847
12277,-0.00883738453454691
12278,-0.13488977328889726
12279,-0.1364323039420087
12280,0.03892322167709206
12281,-0.1364323039420087
12282,-0.2071555531586629
12283,0.04935959074937749
12284,-0.13782467658538358
12285,-0.20705343357267908
12286,0.014795474302966224
12287,-0.02576612415342032
12288,-0.003253115532187118
12289,-0.05156403437443055
12290,0.016719437883132668
12291,0.03718177753962277
12292,0.016594482922085787
12293,-0.18930194519232568
12294,-0.13229503419572108
12295,-0.07373385758901792
12296,-0.026939870904215825
12297,-0.1893035022117729
12298,-0.12417885572368978
12299,-0.11888661052959937
12300,-0.11888661052959937
12301,-0.10293602307701692
12302,-0.03098711076137925
12303,-0.10070018964181882
12304,-0.00832170669255472
12305,-0.12642556377173114
12306,-0.029707837940488806
12307,-0.1270686416300351
12308,-0.005116665835513255
12309,0.05832300987464235
12310,-0.02728614992070024
12311,-0.09227526428635252
12312,-0.12179279558184722
12313,-0.014852884017652349
12314,-0.0733564002305366
12315,-0.12648693211001139
12316,-0.02526923607741928
12317,-0.14928675971031466
12318,-0.12475221449094373
12319,0.049309216335854784
12320,0.03431310187442248
12321,-0.1395236350815305
12322,-0.18585673631645983
12323,-0.1445000857366239
12324,-0.18457902890513822
12325,-0.11936262796130356
12326,-0.12076478083507763
12327,-0.021443235917925976
12328,-0.12104741873150612
12329,-0.12104741873150612
12330,0.010611639428029968
12331,0.04918700169006277
12332,-0.12239797377943165
12333,-0.014174520141830897
12334,-0.013022407642756681
12335,-0.1203544911605027
12336,-0.09942243800901007
12337,-0.015590874707805603
12338,-0.014981180203013172
12339,-0.019050291877431874
12340,-0.0012656096135272785
12341,-0.16043430806788428
12342,0.05666227823110257
12343,-0.017091264079987595
12344,-0.01973721438092766
12345,-0.023998404114349968
12346,-0.10655979038645097
12347,-0.1628052033815123
12348,-0.16987613612203353
12349,-0.10919156663334573
12350,-0.08326249818079358
12351,-0.10919156663334573
12352,-0.08218208163162817
12353,-0.10893522930303268
12354,-0.10893522930303268
12355,-0.10893522930303268
12356,-0.0020081376154457986
12357,-0.07709655746453566
12358,0.04044618998492571
12359,-0.037844352194004525
12360,-0.07779626066453567
12361,-0.018036670723107828
12362,-0.11162537168503214
12363,-0.0356180030524558
12364,-0.14289551343444037
12365,0.055398337141265776
12366,-0.10609592695624265
12367,-0.16206542814540872
12368,-0.10503135806997495
12369,-0.0379499118980538
12370,-0.1622355346842645
12371,-0.12470360303311917
12372,-0.16939928804992072
12373,-0.10611918805961804
12374,-0.12300487424375092
12375,-0.0013233772750222625
12376,-0.03233047031987582
12377,-0.16275300798491077
12378,-0.10402785592378852
12379,-0.10331703570967148
12380,-0.07456052535950625
12381,-0.16046631981288464
12382,-0.10612179380578929
12383,-0.10011922568033207
12384,-0.09978268650287327
12385,-0.04894184274156689
12386,-0.03424769085411243
12387,-0.034021631191100306
12388,-0.16002498091412826
12389,-0.11834057288580047
12390,-0.15035224058353552
12391,-0.14838676461778286
12392,-0.0818518416961024
12393,0.03407138373502229
12394,-0.045857581221176155
12395,-0.0794940052482904
12396,-0.12375774356003222
12397,0.055320936459008596
12398,-0.12426757866091515
12399,-0.032958395671271526
12400,-0.05119410686955754
12401,-0.12409189252211869
12402,-0.11950528130010091
12403,-0.058864373713647805
12404,-0.057926813675514416
12405,-0.0728258399983637
12406,0.030040176884679293
12407,-0.11466894243047135
12408,-0.10251017448506841
12409,-0.10251017448506841
12410,-0.05429801633789902
12411,-0.020157118957516644
12412,-0.020984415228260528
12413,-0.025594894969147318
12414,-0.05242679372634748
12415,-0.05170510712080406
12416,-0.05493358185711307
12417,-0.09613387593327873
12418,-0.009155936701483049
12419,-0.0535324383793048
12420,-0.029450736022472133
12421,-0.1791013885697147
12422,-0.10320848524700427
12423,-0.044288892198721494
12424,-0.01715246860995271
12425,-0.11361784860434276
12426,-0.05543869681594919
12427,-0.054351588764559644
12428,-0.039050628046368024
12429,-0.057960196685171286
12430,-0.027627000286069965
12431,-0.02215036312385283
12432,-0.09680855987358893
12433,-0.09680855987358893
12434,-0.04980385426268151
12435,-0.05717394746200247
12436,-0.03830550586536381
12437,-0.041764648439134626
12438,-0.11461687849618896
12439,-0.10036170871929206
12440,-0.03268955642015487
12441,-0.013868990555083727
12442,-0.012290710738213168
12443,-0.037678291269828496
12444,-0.041839302158572525
12445,-0.007989416506038113
12446,0.006485751131139705
12447,-0.11638772832908703
12448,-0.06737285769039222
12449,-0.04192961417566965
12450,-0.023772905734222416
12451,0.017551903418118776
12452,-0.054286792302596726
12453,0.018951431416169763
12454,-0.0634344994052352
12455,-0.14100409752122917
12456,-0.03292672812959231
12457,0.02606166077385982
12458,0.02339634389510228
12459,-0.08640052423362564
12460,0.058199734318554484
12461,-0.0867935213271804
12462,-0.22784062440755312
12463,0.02703381032565677
12464,0.051069467381903
12465,-0.11627925178182122
12466,0.024618044804623793
12467,0.019166359505731784
12468,-0.10908566977043702
12469,0.02278595833288912
12470,-0.0021834792188957647
12471,0.0321843173418045
12472,0.0139392563677061
12473,-0.10732072283873662
12474,-0.01622028186470781
12475,-0.09668613783526812
12476,0.01728722050381156
12477,-0.09679526670364688
12478,-0.09690997372779132
12479,-0.10446983552565026
12480,-0.15334806582256397
12481,-0.09310862877918855
12482,0.031643416138479034
12483,0.030800840744625052
12484,-0.08830900959157863
12485,-0.10388700235144158
12486,0.01279072587026811
12487,-0.022709886782947934
12488,0.025912504669449825
12489,-0.09709011516699181
12490,-0.09800441450755784
12491,0.007397616275575022
12492,0.007897299188624363
12493,-0.09363325018415583
12494,-0.09271242411377839
12495,0.011993718854872227
12496,-0.09299498840033688
12497,0.015091612407725039
12498,-0.09094610108411735
12499,-0.08033872805555803
12500,-0.023713499743095126
12501,-0.2285854656866033
12502,-0.0857379851871895
12503,-0.017878698921727054
12504,-0.09177313572958273
12505,-0.06551239959137896
12506,-0.10200082278325398
12507,0.012731930892794664
12508,-0.029535895885507722
12509,0.02336128332010573
12510,-0.0923949931564472
12511,-0.09769067969953069
12512,0.0005628548219280757
12513,-0.0637753396130922
12514,0.00784781881572489
12515,-0.09288855941630418
12516,-0.09987759830380041
12517,-0.03152555770664964
12518,-0.08795601898231598
12519,-0.08837721404229326
12520,-0.0870879054703411
12521,0.05408632205551646
12522,-0.008794806784606896
12523,-0.09069075991847889
12524,-0.13669891220078673
12525,-0.01004828829201235
12526,-0.09710331556431984
12527,-0.09001338203248198
12528,0.004898456187475
12529,-0.07388013300976169
12530,0.014608647092308025
12531,-0.07034402029202938
12532,0.019854390699753366
12533,-0.028461285764521595
12534,-0.10346505426882684
12535,-0.05991643224986183
12536,-0.06055123963107041
12537,0.02130723414691278
12538,-0.0038116695295596394
12539,-0.09913338801474114
12540,-0.09913338801474114
12541,-0.07092019153593568
12542,0.00971819699604999
12543,-0.07197104266787283
12544,0.04435123600564625
12545,-0.09837793003716627
12546,-0.0955335754207751
12547,0.008374391392520778
12548,-0.034910451217217114
12549,-0.10349588296356763
12550,0.009157211348873283
12551,0.03474510648232009
12552,-0.034200673829965014
12553,-0.20649242701468618
12554,0.01256528905106199
12555,-0.06239438131330895
12556,0.02424313325444928
12557,-0.010473528296223701
12558,-0.05713259764496094
12559,-0.051284624944012855
12560,0.01654814312185301
12561,0.014316887729302036
12562,-0.030276926392917194
12563,-0.1170452818890024
12564,-0.1170452818890024
12565,-0.059233150112207617
12566,-0.11625387887272753
12567,-0.11625387887272753
12568,-0.04798825544652981
12569,-0.059998590785270034
12570,-0.11454554645866111
12571,0.0013466562309101572
12572,0.0114970364110265
12573,-0.11913135983961409
12574,-0.12514619875532446
12575,-0.05160232665261065
12576,-0.008935220603978812
12577,-0.12461069680117023
12578,-0.007151495583452818
12579,-0.01627060837953822
12580,-0.01827428128902913
12581,0.005905557603710417
12582,-0.0157691420087911
12583,0.0005144631090513857
12584,-0.02964666341931515
12585,-0.12722922524594119
12586,-0.1273445062555878
12587,0.014809681407723922
12588,0.018014600433059184
12589,-0.12794136017895477
12590,-0.12794136017895477
12591,-0.10007465785159395
12592,-0.1309339611157639
12593,-0.1309339611157639
12594,0.054354437480890964
12595,0.009455711624195538
12596,-0.02757884537072961
12597,-0.004268010832125937
12598,-0.13465825957409566
12599,-0.18205949535975297
12600,-0.13565309898566838
12601,-0.1371667450316689
12602,0.002780029649394493
12603,-0.04030277716950149
12604,0.01034389139416132
12605,-0.010038534269302977
12606,-0.0058701059987868315
12607,-0.06275973857335994
12608,-0.1395807502394013
12609,0.012328266942602951
12610,-0.027099593264292537
12611,0.0034055323097166128
12612,-0.04884651832052388
12613,0.010835626947645557
12614,0.010835626947645557
12615,0.010835626947645557
12616,-0.13655972973008812
12617,-0.13655972973008812
12618,-0.03095404980258562
12619,-0.14052166342255745
12620,-0.10500457199930892
12621,-0.018363654593747294
12622,-0.14006218909309814
12623,-0.09677863508557896
12624,0.03142452399579532
12625,0.06301703701668457
12626,-0.02837778308708122
12627,-0.03318675958102754
12628,-0.09945970310404238
12629,0.02497671450762634
12630,-0.004488578005906109
12631,-0.13280013515849676
12632,0.0024108229276507756
12633,0.002519791373264673
12634,-0.13638399480175617
12635,-0.022987040509764578
12636,0.009242025722191254
12637,-0.02753347952873541
12638,-0.05848817757166387
12639,0.005229612104764511
12640,-0.13837596141511252
12641,-0.1387177000496177
12642,-0.13905670113299057
12643,-0.02109309661515478
12644,0.08979983506605804
12645,0.023937169428620217
12646,-0.16304714609426996
12647,-0.15017378149791707
12648,-0.011922509628694213
12649,0.019757563404840254
12650,-0.14724822811464755
12651,-0.14724822811464755
12652,-0.10696209836057588
12653,0.1371580714832889
12654,-0.0490075539108336
12655,-0.013013900045970889
12656,-0.15053280810888583
12657,-0.015646326961588637
12658,-0.005538495218894823
12659,-0.002091137700091058
12660,0.002396286684331367
12661,-0.15438490138748215
12662,-0.06907673382286585
12663,0.024433915465418437
12664,-0.15753754037693055
12665,-0.12741337959549454
12666,-0.029875411313354375
12667,-0.003896108066909345
12668,-0.15445596489169652
12669,0.0970266139245688
12670,-0.15538173715858108
12671,-0.03991365196719854
12672,-0.1396676733204601
12673,-0.1606423495863853
12674,0.022982536917978257
12675,-0.1619591986789118
12676,-0.019351797724838075
12677,-0.16326052080356054
12678,-0.16326052080356054
12679,-0.03970890226122785
12680,-0.049198953639277565
12681,-0.14595523968309274
12682,-0.14338513422011348
12683,-0.03220934801171509
12684,-0.17761782994967484
12685,-0.03239252754983881
12686,-0.1785861872350551
12687,-0.18000838865250046
12688,-0.004831642642348182
12689,-0.010238801340900827
12690,0.02464170548951061
12691,-0.022777633238262984
12692,-0.022773965455732334
12693,-0.18820832483689998
12694,-0.18932719147526741
12695,0.09538148987863047
12696,-0.1904794501921069
12697,-0.024371264504632062
12698,-0.156883187529888
12699,-0.19159124137497172
12700,-0.19159124137497172
12701,-0.19159124137497172
12702,-0.017609935105046395
12703,-0.15630321330549637
12704,0.058104192394175184
12705,-0.010131565928113779
12706,-0.19159633137745863
12707,-0.036411125719377005
12708,-0.029866257079673726
12709,-0.018888266921889184
12710,-0.19811250608922226
12711,-0.025188662931488123
12712,0.013810025927046934
12713,0.05010700196593086
12714,0.06549388137767709
12715,-0.18103319730294654
12716,-0.03800481174797131
12717,-0.017776389554736968
12718,-0.017776389554736968
12719,-0.17305453228654272
12720,-0.17305453228654272
12721,-0.16605005739388534
12722,-0.16664582312334306
12723,-0.16722277455489815
12724,-0.16722277455489815
12725,0.07808232008773493
12726,-0.160032849791767
12727,0.07913477319053562
12728,-0.16599754660855554
12729,-0.02702263363312564
12730,-0.03355260575645995
12731,0.0840443912975808
12732,0.048627995411494006
12733,0.005606491563811267
12734,-0.1544943886989635
12735,-0.15381154796951907
12736,0.001088317679197856
12737,0.007046781161522832
12738,-0.06695147021130035
12739,0.04560166603446643
12740,-0.0010296171373141705
12741,-0.008197439297469952
12742,-0.004960594387291642
12743,-0.14906833665145688
12744,-0.14906833665145688
12745,-0.14866391078487473
12746,-0.07054489048597878
12747,-0.001229564029423598
12748,-0.1479246263925137
12749,-0.14767465908216929
12750,-0.1471551719106303
12751,-0.1469379652705081
12752,-0.14576301524980184
12753,0.002146210442479198
12754,0.0055510947255002704
12755,-0.1325805968622674
12756,0.06819252063687078
12757,0.0039358116542210445
12758,0.03626278908837534
12759,-0.04808351083228135
12760,-0.12081131136367618
12761,-0.020108470808276525
12762,-0.017870208165449514
12763,0.048778571827639894
12764,-0.11929634894232916
12765,0.031186793744127368
12766,0.0361675685793741
12767,-0.03600081891233714
12768,0.012012667283230041
12769,-0.1115553065441729
12770,-0.1115553065441729
12771,0.001703423725841778
12772,-0.02821123150655601
12773,-0.11193171516746112
12774,-0.11432210661301515
12775,-0.11432210661301515
12776,-0.11446741248947279
12777,-0.11446741248947279
12778,-0.10667961168747037
12779,-0.12278754843140577
12780,-0.033575096960330536
12781,0.01616336707757103
12782,0.05192157108802133
12783,-0.034264612199540176
12784,-0.10563655693785601
12785,0.022494529857123594
12786,0.03343663663607526
12787,0.02470992792624777
12788,0.013529429269686071
12789,-0.11159767638939469
12790,-0.11159767638939469
12791,0.025102555724313313
12792,0.027209556003988805
12793,0.021797372625428378
12794,-0.10246911757284932
12795,-0.10246911757284932
12796,-0.10246911757284932
12797,-0.10318125001511978
12798,-0.10318125001511978
12799,0.022646569598279223
12800,-0.007607354945971045
12801,-0.10446904738285515
12802,0.06611577310218093
12803,-0.09885508757292363
12804,-0.03492693111859371
12805,0.02057052783850311
12806,0.02210777209086977
12807,0.014219293462521324
12808,0.026100616529096635
12809,0.03313376392014192
12810,-0.03186194287655979
12811,-0.1150663084722642
12812,-0.04997052599721792
12813,0.03111774991803915
12814,-0.0933284601928695
12815,-0.11030475759329961
12816,0.025729353083718393
12817,0.04555586968395967
12818,0.04092683255054957
12819,0.030912923588336957
12820,0.024197996730490005
12821,0.06822735487817472
12822,-0.10650105603790869
12823,0.012936873538984182
12824,-0.10912491136966504
12825,-0.10912491136966504
12826,0.06367440237345887
12827,0.019506865692763494
12828,-0.06090483999382769
12829,-0.09127048707221293
12830,0.015985018838051448
12831,-0.1058510664806746
12832,0.023036926170588258
12833,0.011224981371804863
12834,-0.003043802001567796
12835,0.013852968850277073
12836,-0.10934936318901911
12837,-0.11006478658562552
12838,-0.10581695878938852
12839,-0.003996699097865909
12840,0.010518791264420775
12841,-0.07852229736057283
12842,0.07910201630749954
12843,-0.0630303042323455
12844,0.001575864656772126
12845,-0.09701537702498111
12846,-0.025771567116016962
12847,-0.09457073528747165
12848,-0.10538858630365443
12849,0.08189142180473083
12850,-0.1284384619492022
12851,0.02435126199052623
12852,0.028682877684317303
12853,0.005197109203219967
12854,0.005197109203219967
12855,-0.10237485882622417
12856,1.3462586528584924e-05
12857,0.07586542138519833
12858,0.022253979744532235
12859,0.015094873080825466
12860,0.011064543779734514
12861,0.004810796576429041
12862,0.018219736539518132
12863,-0.10189113567415271
12864,-0.007551006953484398
12865,-0.07141476892144381
12866,0.07835745107549907
12867,-0.10499110038902014
12868,0.00490005664026158
12869,0.01567116950237565
12870,-0.07109977056280177
12871,-0.07109977056280177
12872,0.008382413738851435
12873,-0.10247395494641777
12874,-0.01838180062807357
12875,-0.022521565572244467
12876,-0.11417815535027251
12877,-0.11535905725387868
12878,0.006210480565329662
12879,-0.02107222224276821
12880,-0.007454895635353245
12881,-0.004049268840683431
12882,-0.047278613746168804
12883,-0.1318035823657958
12884,-0.025256885234915573
12885,-0.01738445050674206
12886,-0.04105347856573515
12887,-0.04105347856573515
12888,-0.04105347856573515
12889,-0.01602031177088406
12890,-0.0468169707107028
12891,-0.07823659887369189
12892,0.05527066465029712
12893,-0.16655009641429142
12894,-0.04800297873238095
12895,-0.0035490764164504314
12896,-0.018910493859078358
12897,-0.07345130349201642
12898,-0.14308608507808457
12899,-0.13721431843898074
12900,-0.04369107207109199
12901,-0.05364847514729017
12902,0.05423424545487028
12903,-0.0685218329564917
12904,-0.17523569470480932
12905,-0.06912527920307104
12906,-0.06139146864409417
12907,-0.05045986080881734
12908,0.014834315827392183
12909,-0.16299565470879507
12910,-0.044283492159621185
12911,-0.06754835706764595
12912,-0.04121144084911787
12913,-0.04365135598278379
12914,-0.16765530779031035
12915,-0.033499923434546615
12916,-0.025760415867347196
12917,0.07713351319705179
12918,-0.10939568497073182
12919,-0.04298995215834005
12920,-0.024241179938564436
12921,0.029775540902108842
12922,-0.14719673780922116
12923,-0.1554176864689769
12924,-0.00864032702321237
12925,-0.04025447921106329
12926,-0.0041337312837714975
12927,-0.11445680920236062
12928,-0.07515119427417707
12929,-0.11620736970504245
12930,-0.020173204197536695
12931,-0.15898118166113423
12932,0.08311714974467162
12933,-0.025257617904518498
12934,-0.09135817242519394
12935,-0.10342499876945946
12936,-0.010327630884898735
12937,-0.15928136824386047
12938,0.11682977462892695
12939,-0.12562697062137143
12940,-0.14865861622029417
12941,-0.030219394344997506
12942,-0.035617746676699424
12943,-0.01071326041043838
12944,-0.1451794615843689
12945,-0.14033153623440342
12946,-0.04495426013729564
12947,-0.1503351060612122
12948,-0.029750921667385397
12949,-0.007003363190939839
12950,-0.004858323825808239
12951,0.007474846073545344
12952,-0.011540416048135705
12953,-0.11759684189670697
12954,-0.06305203135149612
12955,0.01869208216434392
12956,-0.11362999138464011
12957,-0.0231739368155945
12958,-0.1743147842816079
12959,0.059887863529114155
12960,-0.020688280840550605
12961,-0.1783826377238713
12962,-0.17913535129737462
12963,-0.18440153838555384
12964,0.05590719415768902
12965,-0.08598392739443127
12966,-0.19070009452952136
12967,-0.1925484638344044
12968,0.04583079877974497
12969,-0.04124244088570557
12970,-0.05924500027149174
12971,-0.05014357748262245
12972,-0.049667740568531515
12973,-0.1063439249396207
12974,-0.03639168847738823
12975,0.021194103418034446
12976,-0.10431374220505352
12977,-0.11010021665724168
12978,-0.059746842935784666
12979,-0.18100330669669748
12980,-0.18121039543764428
12981,-0.05011225314026109
12982,-0.17700865732740603
12983,-0.1738307134830278
12984,-0.1682813452130453
12985,0.05629513745035194
12986,-0.04836670224920156
12987,-0.057075031360304826
12988,-0.16492537052795248
12989,-0.07430197252502685
12990,-0.10861966970558395
12991,-0.0005477542015063994
12992,-0.06015966880533816
12993,0.027700868764025794
12994,-0.06416636249866459
12995,0.013354721516858434
12996,-0.04978653709418114
12997,-0.07154552727346163
12998,-0.10090286354721728
12999,-0.14847722543540545
13000,0.06290314960518317
13001,0.03659432455266745
13002,-0.13051277231648256
13003,0.030296015582383314
13004,-0.07800433561294026
13005,-0.07250242221280236
13006,-0.13992107475838933
13007,0.016472207143328775
13008,-0.14211879469734776
13009,-0.142269395185566
13010,-0.07511891482926644
13011,-0.018075827025758058
13012,-0.1333346014062597
13013,-0.07380914429017972
13014,-0.13083040222611414
13015,0.012309452820015936
13016,-0.12992086028176594
13017,-0.12992086028176594
13018,-0.07978152052958329
13019,0.07106622428939284
13020,-0.055934121158751154
13021,-0.0847248960640612
13022,-0.1360115955329112
13023,-0.13714888872516073
13024,-0.13748000816841743
13025,-0.07935303257328033
13026,0.01481605894836147
13027,-0.10118711226370249
13028,-0.11697669130406377
13029,-0.07858263552564522
13030,-0.13440342837307998
13031,-0.13440342837307998
13032,-0.10940930903121868
13033,-0.13401612711136252
13034,-0.07996838007421024
13035,-0.13743624615178884
13036,-0.1301244206636563
13037,-0.03120955784193928
13038,-0.007423946707464817
13039,-0.1304482174650511
13040,-0.08943333275550175
13041,-0.007221508054343365
13042,0.08021237277964514
13043,-0.09261191828029679
13044,-0.09366824173122248
13045,-0.1443361340564859
13046,0.07794409744809845
13047,-0.019103828361554852
13048,-0.09872307670857104
13049,-0.14525196583863836
13050,-0.14252533892863953
13051,-0.09603091888497177
13052,-0.0979197127847442
13053,-0.14011970264506318
13054,-0.13759022989987388
13055,-0.038498241163805985
13056,-0.13772173151754602
13057,-0.13772173151754602
13058,0.07260420958128319
13059,-0.10061984513238903
13060,-0.14088822394954317
13061,0.05812431557149836
13062,-0.14243913631808475
13063,0.05994660631272585
13064,-0.10360034383397132
13065,-0.11309548550523987
13066,-0.1127408549383197
13067,-0.10456541292749208
13068,-0.11456919505807325
13069,-0.04281981377643924
13070,-0.1179847239422041
13071,-0.1011752255883922
13072,-0.14325535209069784
13073,-0.14081776190756146
13074,-0.10151664871841286
13075,0.06010977661027732
13076,-0.10906526211336981
13077,-0.13505951826063722
13078,-0.09987081174020136
13079,-0.04399334236337418
13080,-0.13569012912206285
13081,-0.12939903647653156
13082,0.013981946137276748
13083,-0.13260450224304499
13084,-0.005293646148770613
13085,-0.08535333072355901
13086,-0.03420957992031383
13087,-0.12891119889326377
13088,-0.12891119889326377
13089,-0.040740124763347554
13090,-0.004414078651954513
13091,-0.08305945178165319
13092,-0.12356461510697875
13093,-0.12211438932571783
13094,-0.11350257179939319
13095,-0.09193211234330015
13096,0.06472496558986367
13097,-0.10908293727929305
13098,-0.07792883499361941
13099,-0.005482582687357233
13100,-0.07578393405209109
13101,-0.1140530988481972
13102,-0.10241007545524744
13103,-0.1064070946248824
13104,-0.07922244677675173
13105,-0.10850517737233362
13106,-0.015570227700867897
13107,0.001277500413059178
13108,-0.10553939842907858
13109,0.0849940534671718
13110,-0.10611190493055189
13111,-0.10611190493055189
13112,-0.10504832402265674
13113,-0.04194477729344106
13114,-0.07536059378778559
13115,0.05510166877752072
13116,-0.0771618487861706
13117,-0.10724662180716263
13118,-0.07818596094581119
13119,-0.10021567626846492
13120,-0.0634364466099775
13121,-0.030663947129328156
13122,-0.026266873907190354
13123,-0.0899777109626491
13124,-0.0890137381788263
13125,-0.09190409159764368
13126,-0.10228166435904991
13127,-0.09190409159764368
13128,0.07313713449779524
13129,-0.0797537516215745
13130,-0.08522298217883471
13131,-0.07816962521872589
13132,-0.028515993796510535
13133,-0.07481888498885589
13134,-0.07440977638118858
13135,-0.08496785315944363
13136,-0.09670099114613737
13137,-0.07756031559752061
13138,-0.07756031559752061
13139,-0.02744188380735703
13140,-0.052199519814895276
13141,0.026792135105787446
13142,-0.08950190445107553
13143,-0.028157867315399453
13144,-0.06474060894800741
13145,-0.0474471753163815
13146,0.005272805830094693
13147,-0.07934271869750797
13148,-0.08100806194661378
13149,-0.10394472810511654
13150,-0.08324682919990928
13151,-0.10857328263478261
13152,-0.07036782582418602
13153,-0.07744572902159738
13154,-0.07744572902159738
13155,-0.01727613493054219
13156,-0.0972814893839465
13157,-0.08265332770778608
13158,-0.09438085809079734
13159,-0.07326055257907364
13160,-0.006776258115337747
13161,-0.08767338918354306
13162,-0.0435934537875486
13163,-0.09467975611020638
13164,-0.06534346073259137
13165,-0.06912344727570097
13166,-0.0708534822130233
13167,-0.05819189900678051
13168,0.06410908492709246
13169,-0.04415789674178858
13170,-0.10635691730470098
13171,0.05937557765549385
13172,-0.11821849922057348
13173,0.014090255088422874
13174,-0.054264640043601084
13175,-0.05498927670355652
13176,-0.05133740137192594
13177,-0.05133740137192594
13178,-0.04898233620833577
13179,-0.0019854181798478823
13180,-0.1110403277471424
13181,-0.043240403423391
13182,-0.12008042713178796
13183,-0.06591375032718236
13184,0.0062281069734291105
13185,0.010912603264385333
13186,-0.11731088315955296
13187,-0.042080586564224504
13188,-0.04349848049489172
13189,0.0038467392067178113
13190,-0.09936802248546459
13191,-0.09178519221812305
13192,-0.028564374273429276
13193,0.01828383577345212
13194,-0.0671347153209838
13195,-0.009718362279882032
13196,-0.12164726343333906
13197,-0.030927803090681882
13198,-0.09105278820868162
13199,-0.12438838189234974
13200,-0.08987038110548104
13201,-0.0354842029980478
13202,-0.0354842029980478
13203,-0.12534873332564392
13204,-0.026104956516618136
13205,-0.032290343461261264
13206,-0.1260752355222628
13207,-0.03468590108842775
13208,-0.03307567055680233
13209,-0.009311285760489518
13210,0.014309901957730272
13211,-0.016945871587803883
13212,-0.10868624416949874
13213,-0.10727325742148236
13214,-0.08359827084057352
13215,-0.04770328674333563
13216,-0.050236103223502734
13217,-0.049646822321622375
13218,-0.05079150595254674
13219,-0.11713499490843299
13220,-0.05347640597850008
13221,0.09334761383544203
13222,-0.11728843415773338
13223,-0.05805784271819284
13224,-0.05805784271819284
13225,-0.058990167271676386
13226,-0.09567389910222848
13227,-0.02190226780861544
13228,-0.05954120857041763
13229,-0.08225116644068473
13230,0.01264065976239932
13231,-0.05827672005866921
13232,-0.05827672005866921
13233,-0.09969821507347096
13234,-0.0977680826457371
13235,0.016715106017606375
13236,-0.08625989235858984
13237,0.11131833067954036
13238,-0.0291550524804464
13239,-0.06087174184405554
13240,-0.04870491014585526
13241,-0.07719276606602558
13242,-0.047244194499238376
13243,-0.10690985730677302
13244,-0.03840971098431704
13245,0.1232878254085607
13246,-0.03336938543042415
13247,-0.10406412381698452
13248,-0.10406412381698452
13249,-0.06150413470583595
13250,-0.04536019940937422
13251,-0.022097715246765973
13252,-0.058114476436356394
13253,-0.02081990769080517
13254,0.126839710317704
13255,-0.02067050573326496
13256,-0.05086536546136394
13257,-0.09098273879234081
13258,-0.059249649647228037
13259,-0.05866546873626016
13260,-0.09933315752192624
13261,-0.0323593789115028
13262,-0.027155248218206078
13263,-0.009164552393761714
13264,0.11187384992921845
13265,-0.05029291640328598
13266,-0.03133323439607779
13267,-0.10122291532018574
13268,-0.10773970337700334
13269,-0.0238899910881687
13270,0.002887555420106845
13271,-0.06290337426685759
13272,-0.026420574754132647
13273,-0.11140059782571449
13274,-0.021921371468866815
13275,-0.11704070974565367
13276,-0.01786851961736672
13277,-0.11672765644950037
13278,-0.11703435746213547
13279,-0.021187203675943067
13280,0.008858292528056037
13281,-0.11470325924604596
13282,-0.014481518369446604
13283,-0.11092382741704959
13284,-0.11297364424569772
13285,-0.050299756660807896
13286,-0.11396630170422709
13287,-0.10687546159855668
13288,-0.008823109144872977
13289,-0.04983613948084098
13290,-0.0017177166210375974
13291,-0.0008445209450377925
13292,0.15823102101122805
13293,-0.0780815694841951
13294,-0.01204258574721042
13295,0.13783773249351144
13296,-0.11847050743267906
13297,-0.012012328194834866
13298,-0.04731368814620297
13299,-0.07234016439274008
13300,-0.001098105448828074
13301,0.06730365529897565
13302,-0.12689868653771907
13303,0.0037558894928396112
13304,0.0037558894928396112
13305,-0.08473029406042418
13306,0.010968101394812165
13307,0.0071936293910464764
13308,-0.1256578832457754
13309,-0.12869215436023976
13310,-0.12728841679955843
13311,0.013963594490715825
13312,0.011222826895805624
13313,-0.13568215688062796
13314,0.0038074259772044837
13315,-0.13625500922825806
13316,0.0033029883375761265
13317,-0.022186460370525504
13318,-0.0013941030585567296
13319,-0.03803752372338623
13320,0.01714690478519012
13321,0.023735641615584273
13322,-0.04965546380362895
13323,0.04489373142291305
13324,0.03453803071130447
13325,0.044612836222749655
13326,0.029458497363425762
13327,-0.16754005693080198
13328,0.0396802613146298
13329,-0.1693842064198661
13330,-0.1564516262948163
13331,0.024789588569114743
13332,0.02721170149840141
13333,-0.030578838870605654
13334,0.05146511354684571
13335,0.024680788600299867
13336,-0.17370091634014928
13337,-0.17797437331869242
13338,-0.10003941867213702
13339,-0.05227369298624995
13340,-0.1886853664295139
13341,0.04363846069829902
13342,0.03744061253267368
13343,-0.18338676033672163
13344,0.035959345203256055
13345,-0.18693157920663653
13346,-0.18637403764901672
13347,0.043363135818614396
13348,0.043363135818614396
13349,-0.18402814050138522
13350,-0.1829603623695514
13351,0.04692116663623867
13352,-0.1778375484612973
13353,0.03544217386355549
13354,-0.17222887657337035
13355,0.0425341435126694
13356,0.034799567676652716
13357,-0.033644592423951014
13358,0.02137935762773374
13359,0.031019368637149797
13360,0.031175818081705643
13361,-0.038942603515670034
13362,-0.16355213666001586
13363,-0.1266952577608192
13364,-0.15457875180706915
13365,0.06972017755675655
13366,-0.16864247206113706
13367,-0.16454608688342373
13368,-0.14824366003954043
13369,-0.17218081419291714
13370,0.024146093539701284
13371,0.023866546192764168
13372,-0.17139038168273885
13373,-0.1710351355415971
13374,-0.1705355119662405
13375,-0.1618528547123047
13376,0.029417523002465383
13377,0.031870766698205176
13378,0.03379834742128727
13379,-0.17300835711015305
13380,-0.06111885946486159
13381,-0.17174054919040427
13382,-0.1378647053242632
13383,0.03602042732655977
13384,-0.04624136279163875
13385,-0.09436671146904445
13386,0.04380218674316999
13387,-0.17615878479584615
13388,0.04193361007915509
13389,0.054456664836065025
13390,-0.176492633836492
13391,-0.18237210630391942
13392,0.06505352763285238
13393,0.05666828053559341
13394,0.05173230412238476
13395,0.06219510552533109
13396,-0.17081909103784676
13397,0.06373824915801349
13398,-0.13869200649232646
13399,-0.17080851157084445
13400,-0.17064442785416595
13401,0.06254905739535824
13402,0.010766249901167283
13403,-0.052507005562415554
13404,0.06482569285633553
13405,0.05988160221479016
13406,-0.17435446527079784
13407,-0.17435446527079784
13408,-0.04904800645875321
13409,0.06653840583722802
13410,-0.17787408099803872
13411,0.0662462451823943
13412,0.06567599939607172
13413,-0.1667941736423777
13414,-0.08861783824792524
13415,-0.11535487262227498
13416,-0.0688019275160125
13417,-0.16700855144317636
13418,-0.08163629647250435
13419,0.04331906307890551
13420,0.06926466346381804
13421,-0.18064556762559048
13422,-0.13435726674177487
13423,-0.18350654431594932
13424,0.06960833848654438
13425,-0.17985172911087324
13426,0.06906535981788844
13427,-0.13340881138347668
13428,-0.17559311939286204
13429,-0.17900060627619693
13430,-0.00424610283362804
13431,-0.04446351271359568
13432,-0.16797150668991986
13433,0.06997845352515544
13434,-0.10274426473588733
13435,-0.17781143218879764
13436,0.07097226219806795
13437,0.07166443123179131
13438,-0.014803581567251659
13439,0.07193546176195685
13440,-0.08706567583929845
13441,0.034156271403671265
13442,-0.17646353410371318
13443,0.06937402877752455
13444,-0.17724741905896893
13445,0.07077350981602115
13446,-0.17544375957306826
13447,-0.10179973490640379
13448,-0.17544375957306826
13449,-0.17544375957306826
13450,0.0766830678861519
13451,-0.17003213729452493
13452,-0.16917416131206683
13453,0.07702641325721526
13454,-0.16768537752400595
13455,-0.00624384970252791
13456,0.07788966354003793
13457,-0.1716954723859472
13458,0.07836434563423472
13459,0.006527101235838356
13460,-0.17314699492709945
13461,0.00744944049541762
13462,-0.03966296772798854
13463,0.06727338135313143
13464,-0.11361932594711716
13465,-0.028310452469816623
13466,-0.07790887516272989
13467,-0.18349816185707496
13468,-0.1175441867337895
13469,0.06622787884924916
13470,-0.08630423441458288
13471,0.029740201202375714
13472,0.04073981420587029
13473,-0.18350249119195636
13474,0.014116014305504408
13475,-0.18455402128271048
13476,-0.0023422212927466275
13477,-0.117987806397988
13478,0.06987545730424174
13479,-0.196736336467397
13480,-0.03972553973423577
13481,-0.1997024382105879
13482,-0.2102397135482056
13483,-0.08326337174421722
13484,0.07976641844410667
13485,-0.1213933631007813
13486,0.07978630497074446
13487,-0.2036962186777424
13488,0.08598500967340217
13489,-0.06986457476770948
13490,-0.205075475912701
13491,0.03852803054413424
13492,0.02377317301022565
13493,-0.13470381954438138
13494,0.013525174400412109
13495,0.08351183428937124
13496,-0.0613373369002332
13497,-0.10544804949564414
13498,-0.2077496021190543
13499,-0.2077496021190543
13500,-0.212823974990906
13501,0.037655418969404233
13502,0.029996421653065687
13503,0.06887398098170827
13504,0.0648055776235558
13505,-0.206562737113905
13506,-0.206562737113905
13507,-0.19583493480588698
13508,-0.19393622440155467
13509,-0.19393622440155467
13510,0.03821895767394448
13511,0.06385455823719424
13512,0.02755712574647338
13513,0.059341998132816653
13514,0.003690350607773136
13515,0.03423181754123884
13516,0.03806717996536002
13517,0.020442716616167353
13518,-0.07409049593381922
13519,-0.18674279882296316
13520,-0.16580596014404114
13521,0.05327103410031756
13522,0.05466031400821845
13523,-0.09476645837704831
13524,-0.1693124943831924
13525,-0.10320004872025207
13526,-0.16830816668130869
13527,0.012897533562881364
13528,0.03468994945367855
13529,0.022506993833556647
13530,0.06839754704944875
13531,-0.16431187782042717
13532,0.07495752844000698
13533,-0.15956123057352156
13534,0.05801497346256561
13535,-0.11663933210108618
13536,-0.1540071224434021
13537,0.0817286269326288
13538,-0.11592613649936623
13539,-0.16848926838751527
13540,-0.16844012383708146
13541,-0.07552499465751636
13542,0.08433909043287899
13543,0.08034298835521142
13544,-0.16930130400570753
13545,0.0762263555995395
13546,-0.15754524011311308
13547,0.07900813969183933
13548,-0.023666882421079956
13549,-0.1716843107848543
13550,-0.08908582841830229
13551,0.06114719653103446
13552,0.07757559391702444
13553,0.07962373149215916
13554,0.016544309373752463
13555,-0.169476939963167
13556,0.07823008794333902
13557,-0.16913474295754344
13558,-0.16913474295754344
13559,0.06886003855367431
13560,0.06652456421205236
13561,-0.17571824309217687
13562,-0.16305458584579885
13563,0.056080388501275884
13564,-0.16019976917264397
13565,0.030861731120851284
13566,-0.05909994774908778
13567,-0.16342527328819997
13568,0.08127186588095428
13569,-0.05646314095285945
13570,-0.016393041696142363
13571,0.061501073974124416
13572,-0.0761219981429533
13573,0.036560798692073807
13574,0.038058855240716505
13575,-0.08902631406421818
13576,-0.03569626715093318
13577,-0.1097125707979959
13578,-0.1683184813237295
13579,0.0495609387052577
13580,-0.1921337300992395
13581,-0.09929834322137768
13582,0.005775201048064681
13583,0.048348656022676885
13584,0.070605777018174
13585,0.019110998798735433
13586,-0.14970694048405023
13587,0.023239385140777384
13588,0.021964030554332326
13589,0.026556626341502982
13590,-0.15870040834824595
13591,-0.1599883684596671
13592,-0.18287450458103016
13593,0.024138750387570178
13594,-0.1807497102750938
13595,-0.16726532888943593
13596,-0.09315683437857561
13597,0.08460619705057106
13598,-0.17313584157580075
13599,-0.0058724559403283
13600,-0.1749545433493378
13601,0.016449026586369694
13602,0.05791962720562378
13603,-0.16608219712244882
13604,0.01717665108002165
13605,-0.16231497050255037
13606,0.013047501085730683
13607,-0.09345687698834632
13608,-0.033865388998750696
13609,0.05445553805572851
13610,0.011943691209072835
13611,-0.09822134350448894
13612,-0.16715731807319145
13613,-0.010249163963183403
13614,-0.0953466517852081
13615,-0.1752001391914107
13616,0.02204197583476452
13617,0.02204197583476452
13618,-0.1592361117532907
13619,0.031148116669261285
13620,-0.15996044263883336
13621,-0.15996044263883336
13622,-0.15996044263883336
13623,-0.16032111811485017
13624,0.07733735802320552
13625,-0.15030850228868886
13626,-0.0951471115908811
13627,-0.16336765921078913
13628,-0.009066416936486292
13629,0.02079487448962831
13630,0.039909004533164136
13631,0.009056848989178754
13632,0.0008810418765115915
13633,-0.09270857438849875
13634,-0.004732374355106254
13635,-0.09533875853671182
13636,-0.07628007530746077
13637,0.05894155201007836
13638,-0.1071117389627933
13639,-0.01911067952875751
13640,-0.16679345079280555
13641,-0.12015157255932535
13642,-0.16167789248654812
13643,-0.0264961561607926
13644,0.025604572895678416
13645,0.025604572895678416
13646,-0.16665413171676913
13647,-0.16828558683936679
13648,-0.16936224282687176
13649,-0.1704687839344074
13650,-0.11512426913525486
13651,-0.171378296295484
13652,-0.07153930919049303
13653,-0.15837075611811574
13654,-0.15698598942010672
13655,0.05945960665413909
13656,0.018566072310377633
13657,-0.059133567055368236
13658,0.017008439012011968
13659,-0.16990029877525722
13660,0.014927089197361786
13661,-0.17114375743706167
13662,-0.024979506677508853
13663,-0.09990368988651782
13664,-0.16711390841063636
13665,-0.16711390841063636
13666,0.004083315366323179
13667,-0.012665708057481004
13668,-0.15559480647492685
13669,-0.012634123553184974
13670,-0.152700729677938
13671,-0.15200430808548548
13672,-0.013923998203561334
13673,-0.010433204217948758
13674,0.052226226137027876
13675,-0.1497145665235851
13676,-0.1497145665235851
13677,-0.013080750651263531
13678,0.02679038050419586
13679,-0.1465784926717508
13680,-0.0008160826101187846
13681,-0.1465784926717508
13682,-0.022441875224134197
13683,-0.009380949361724303
13684,-0.01404911902474245
13685,-0.15543233805883447
13686,0.07120336004762637
13687,-0.013339754441842128
13688,-0.0632161403855221
13689,-0.12598749089429295
13690,-0.12672590586060967
13691,-0.10337609502552009
13692,-0.018893466905183565
13693,-0.027376191221065438
13694,-0.1528451978184669
13695,-0.12927894367878195
13696,-0.1517348097627072
13697,-0.12806109951005254
13698,-0.12610279358786877
13699,-0.03390948082926108
13700,-0.12675684343270802
13701,-0.04137758854303979
13702,-0.12811840164794952
13703,-0.1452201519145553
13704,-0.12893112471267276
13705,-0.12893112471267276
13706,-0.029623354792905357
13707,-0.13063051953754984
13708,-0.03869881237285868
13709,-0.03365659627729628
13710,-0.033662227110233506
13711,-0.03825701099422532
13712,-0.015506598016659892
13713,-0.1265396790926711
13714,-0.12720476515864468
13715,-0.09789950543099618
13716,-0.05476163935819456
13717,-0.12524073837577124
13718,-0.1245763975671779
13719,-0.05427214826053853
13720,0.005266362306959729
13721,-0.0036186618340798074
13722,0.026018966330178146
13723,-0.11379854331848663
13724,-0.054581019116816606
13725,-0.11901649575672171
13726,-0.11901649575672171
13727,-0.13322197605307323
13728,-0.11675726621588978
13729,-0.1162841076170801
13730,0.018102313277927776
13731,-0.08902360128085937
13732,-0.1270533753755997
13733,-0.049146980944175786
13734,-0.12808851262549925
13735,-0.09038679598899904
13736,-0.008060701068046103
13737,-0.019702415721604992
13738,-0.05485704276485845
13739,-0.1180544037151097
13740,-0.03550868682708414
13741,-0.12197019046246704
13742,-0.08429171257144458
13743,0.0033953176777213392
13744,-0.0772730112717393
13745,-0.1098764345713559
13746,-0.11273837273174317
13747,-0.1156309088903952
13748,-0.11484367388517674
13749,-0.11550290026125898
13750,-0.11973707521491797
13751,0.06130258533303705
13752,-0.11963413066248588
13753,-0.11943046650918032
13754,-0.12431658130344672
13755,0.008619921833414295
13756,-0.08782947148650891
13757,-0.08740045739081315
13758,-0.08525029137356592
13759,0.05607633724870837
13760,-0.11727651963438618
13761,-0.08316992414224997
13762,-0.12756927393900616
13763,-0.11781723331990185
13764,-0.11781723331990185
13765,-0.06379181797452851
13766,-0.01715090718694455
13767,-0.09658632894218482
13768,-0.12317856622385046
13769,0.05412004577232674
13770,-0.12084625353271894
13771,-0.029279525690759534
13772,-0.09075655344792641
13773,-0.1266153533792611
13774,-0.1263526580392833
13775,-0.08785273169240129
13776,-0.09340462127350145
13777,-0.1255650226311452
13778,-0.07297149337367251
13779,-0.09255291274625116
13780,-0.12124525265126063
13781,-0.12124525265126063
13782,-0.0912806529424891
13783,-0.11532999210954065
13784,-0.09806163860498288
13785,-0.07641555173183591
13786,0.019542187484895748
13787,0.04905021065805899
13788,0.050999624159845984
13789,-0.040580087588647146
13790,-0.10032780887711143
13791,-0.11010740641687908
13792,-0.01817904065546714
13793,0.023770870113487427
13794,-0.10635659331910668
13795,-0.04406864378289764
13796,-0.10870646380751348
13797,-0.1155278855551608
13798,-0.10349030256136377
13799,0.05071342155580369
13800,-0.07549318353141982
13801,-0.09759891391063288
13802,0.0324258552623473
13803,-0.10284899416320878
13804,-0.14431848155598065
13805,-0.07308694647733902
13806,-0.08523640938868006
13807,-0.07401510582956325
13808,-0.08740765443650622
13809,-0.08196709752376284
13810,-0.007308175189865707
13811,-0.09250192949204833
13812,-0.14508022622619365
13813,-0.09044230138669723
13814,-0.08769150413350443
13815,-0.10404390697554491
13816,-0.09901127603453211
13817,-0.07387346407791573
13818,0.009819313966991625
13819,-0.013762751109853477
13820,-0.017405349650050958
13821,-0.0767727999037526
13822,0.004632161884629364
13823,0.021460798798194285
13824,-0.048143387243727104
13825,0.01740437214829329
13826,-0.16028474490398875
13827,-0.11495898163908974
13828,-0.16531480575809676
13829,-0.07413534235158442
13830,-0.09354227534782397
13831,-0.09506794986570903
13832,-0.10202280724562354
13833,0.01889614716868916
13834,-0.10223407585124226
13835,-0.036266613980415086
13836,-0.10768100630787336
13837,-0.0022036316719491918
13838,-0.1625456774914002
13839,-0.003834289670400698
13840,-0.11903020803723982
13841,-0.10117090025872416
13842,-0.10109851446170555
13843,-0.107193736478259
13844,0.02480931855048102
13845,-0.04079578347281378
13846,-0.10844343801612413
13847,0.014732031780134233
13848,-0.10445469856887918
13849,-0.10581896748147349
13850,-0.10428174873034522
13851,-0.03573469880641015
13852,-0.10477769973929914
13853,-0.10501404869834692
13854,-0.03392725539984592
13855,-0.016092489849721107
13856,-0.10893967130897761
13857,0.01012116893032744
13858,-0.018028565903750904
13859,-0.11958206022419748
13860,-0.02850343167832694
13861,-0.12289516463023092
13862,-0.027261358154531158
13863,-0.12849186080022434
13864,-0.09864981710032383
13865,-0.014600107960816039
13866,-0.12010957369167746
13867,-0.12794297429629609
13868,-0.12869814094863083
13869,-0.030121917009755958
13870,-0.13334980824978612
13871,-0.12842369043108243
13872,-0.04324733765584876
13873,-0.12798829543323617
13874,-0.03424448432107645
13875,-0.04658547733953769
13876,-0.1287195685408185
13877,-0.05062413272487852
13878,-0.12729132106183344
13879,-0.049791077670824496
13880,-0.051895499558247016
13881,-0.12496611566100654
13882,-0.0409126253053982
13883,0.011561007969049259
13884,-0.12532199988742238
13885,-0.06583402371831246
13886,-0.11057545809677072
13887,-0.1775912624667031
13888,0.013355307758451831
13889,-0.05565946596635267
13890,-0.020153477661413857
13891,-0.1292444042552579
13892,-0.07533833804585621
13893,-0.1328985005729046
13894,-0.13543160849394575
13895,-0.046188040509853964
13896,-0.10385626155683517
13897,-0.042620870645100624
13898,-0.10183655405258818
13899,-0.16528328711181883
13900,-0.03009606150812328
13901,-0.13646534012969283
13902,-0.03979038736940623
13903,-0.13680882595085556
13904,-0.13682125248993343
13905,-0.03902175658593665
13906,-0.13720880983361183
13907,-0.03746882674862158
13908,-0.1340702399744224
13909,0.012634303103666467
13910,-0.13773739836522844
13911,-0.048770815813115195
13912,-0.03343304517976317
13913,-0.06132926294914198
13914,-0.001156582596306549
13915,-0.11338023816848047
13916,-0.11070709299901091
13917,-0.06560475054195111
13918,-0.019705325258620593
13919,-0.0968995687226541
13920,-0.018584338324618963
13921,0.012687452335313203
13922,-0.01762453933843236
13923,-0.11301510794427347
13924,-0.0762436360564764
13925,-0.11355676127715753
13926,-0.159066634334558
13927,-0.1008940247662225
13928,-0.11168373521888078
13929,0.02742512668113258
13930,0.01217879231618728
13931,-0.11565586219760918
13932,-0.022068983440121717
13933,-0.11201977045061134
13934,-0.11201977045061134
13935,-0.10946792643461226
13936,-0.02206044702890765
13937,-0.06239238426412831
13938,0.014222116250044776
13939,-0.13386700330024642
13940,-0.08214896726930378
13941,-0.13103646492902823
13942,-0.15182099449488812
13943,-0.018802132346753042
13944,-0.03334908444368066
13945,0.01742136318922913
13946,-0.10020568212494965
13947,-0.132384402044929
13948,0.012204614682907173
13949,-0.15359714217585985
13950,-0.016639761476422057
13951,-0.15182196649474136
13952,-0.02314666885387038
13953,-0.14968725809311254
13954,-0.1453740407153822
13955,-0.14234905986755664
13956,-0.1176605401028627
13957,-0.14643638375392645
13958,-0.029418540948922982
13959,-0.05449608902205835
13960,-0.15785748585214204
13961,-0.024668794356568796
13962,-0.15324898059557002
13963,0.027634830848956453
13964,-0.012232077142953296
13965,-0.09460827254866312
13966,-0.05097157118481073
13967,-0.016613032979638044
13968,-0.1563607442425625
13969,-0.16037832521471795
13970,-0.08890234301994723
13971,-0.1563266166813457
13972,-0.059145111345216786
13973,-0.034471582536327025
13974,-0.1691507132510065
13975,0.015073654707944204
13976,-0.024480069791510364
13977,-0.17042352241258668
13978,-0.1779709734921187
13979,-0.1136346238504973
13980,-0.025862900975169627
13981,-0.04570518291596752
13982,-0.1619041603411269
13983,-0.16160604409870588
13984,-0.00942403927920719
13985,-0.15882283106255413
13986,-0.026657343683093762
13987,-0.15830465894908152
13988,-0.15830465894908152
13989,-0.03166654910720379
13990,-0.17838298555274434
13991,-0.049832332792072886
13992,-0.08946435908926997
13993,-0.16842611021268183
13994,-0.04429304723137356
13995,-0.04352884105800692
13996,-0.11965895854638503
13997,0.001135725604575956
13998,0.021004594946488667
13999,-0.17375759154414877
14000,-0.06390832011485148
14001,-0.02649099014387178
14002,-0.04083147575088988
14003,-0.1794311768636087
14004,-0.050682977983638036
14005,0.02111926471256844
14006,-0.014406970620297818
14007,-0.07064999981913783
14008,-0.20616671770075204
14009,-0.014144830949861825
14010,-0.20984435686436567
14011,-0.2111055634543759
14012,-0.2111055634543759
14013,-0.21595906489694916
14014,-0.034102927295536864
14015,0.044787993947118826
14016,-0.06833239788283206
14017,-0.21950530323049586
14018,-0.10710813991262039
14019,-0.22799221966408825
14020,-0.07145555501106103
14021,-0.23247154313678392
14022,-0.06338443156540677
14023,-0.07149923736090245
14024,-0.22972749499837938
14025,-0.06254435069724397
14026,-0.08514542574788973
14027,-0.2250569027215939
14028,-0.03446300608909161
14029,-0.04151493352763706
14030,-0.09921574702601747
14031,-0.03408797016072369
14032,-0.03407897941496607
14033,-0.2182496337730623
14034,-0.2167166434240336
14035,-0.21497669251196883
14036,-0.09974736923062213
14037,-0.04156570716393887
14038,-0.2096087076797973
14039,-0.20840300176258622
14040,-0.20718485514248589
14041,-0.029228522583819257
14042,-0.11240915740395754
14043,-0.018328872100030626
14044,-0.01876051837555854
14045,-0.19619845267725808
14046,-0.016942289611592616
14047,-0.02732729285191779
14048,-0.06210346962744276
14049,-0.07887229419057087
14050,-0.034386847147063644
14051,-0.030003757631099193
14052,-0.19777501447755363
14053,-0.19777501447755363
14054,-0.039139480349620365
14055,-0.03430000100325882
14056,-0.11004932665639258
14057,-0.020363944348559593
14058,-0.11117247894441246
14059,-0.03260450833107617
14060,-0.19622221887453906
14061,-0.19622221887453906
14062,-0.19980522699450018
14063,-0.1988883622683796
14064,-0.1988883622683796
14065,-0.0473534221952021
14066,-0.050880236495700434
14067,-0.06657015415731554
14068,-0.20467381688705827
14069,-0.03797186305037895
14070,-0.05805917611503317
14071,0.04358118612152037
14072,-0.20690972720243722
14073,-0.05327698887530423
14074,-0.052030616332119875
14075,0.09603227397506162
14076,-0.04708974894763328
14077,-0.2069738977187935
14078,-0.04971405900154173
14079,-0.0501575604174061
14080,-0.20799009449475098
14081,-0.1301568331432067
14082,-0.03239689299697349
14083,-0.0227718856533247
14084,-0.19896921840866252
14085,-0.197800074477457
14086,-0.044321990046087306
14087,-0.10348596652158827
14088,-0.08497294834212002
14089,-0.05218044632806669
14090,-0.20208333418378877
14091,-0.02033145903352275
14092,-0.08766260805903675
14093,-0.10508676011792135
14094,-0.19853510273502134
14095,-0.19676902441977778
14096,-0.19325305657335068
14097,-0.0360682060691742
14098,-0.0360682060691742
14099,-0.1914709254399044
14100,-0.027648820678106874
14101,-0.030101766917425457
14102,-0.10612643489694606
14103,-0.011518491176288292
14104,-0.13241877020730866
14105,-0.04087146265010699
14106,-0.19010449265955037
14107,-0.09755961903941546
14108,-0.10200441364708107
14109,-0.09674661484411562
14110,-0.09920093710908315
14111,-0.0252792317281939
14112,-0.025608948222697575
14113,-0.03923355718624043
14114,-0.04601955906820665
14115,-0.18488694654325877
14116,-0.03166250450633109
14117,-0.02579567129889345
14118,-0.17533432870799517
14119,-0.03999013662192086
14120,-0.17603793465514259
14121,-0.17603793465514259
14122,-0.18069616491911963
14123,-0.03044942616341173
14124,-0.031198680164930756
14125,-0.18278144962362883
14126,-0.09378338901543877
14127,-0.03779955944818031
14128,-0.183607535528566
14129,-0.1756214591162396
14130,-0.04125123556775017
14131,-0.08443379084810967
14132,-0.1680664883319191
14133,0.04831588330727753
14134,-0.04572348734828979
14135,-0.04585855908149811
14136,-0.15954436670361086
14137,-0.15964045452810452
14138,-0.04652148620326306
14139,-0.048456284670643335
14140,-0.059846922773571856
14141,-0.05095405660522338
14142,-0.04405282510679305
14143,-0.14693992967447617
14144,-0.0989390943200851
14145,-0.04750505554921655
14146,-0.06705411956543203
14147,-0.13660063870436837
14148,-0.13660063870436837
14149,-0.031038016591943815
14150,-0.13641079112339533
14151,-0.024784052112449453
14152,-0.13645680271964875
14153,-0.13645680271964875
14154,-0.02312460751156746
14155,-0.006932687628986314
14156,-0.13736350398788827
14157,-0.12698715569322272
14158,-0.13528263885095498
14159,-0.09078862315768507
14160,-0.01948074514570794
14161,-0.03641043004643761
14162,-0.03188478337015044
14163,-0.06068793947225953
14164,-0.029891552483568173
14165,-0.015524146905781216
14166,-0.13350619929532695
14167,-0.08037399491577882
14168,-0.11295582975614768
14169,-0.13977398963455062
14170,-0.003054193029091306
14171,-0.1407650116005941
14172,-0.13790026182841103
14173,-0.1324936555251345
14174,-0.1324936555251345
14175,-0.13601863528351393
14176,-0.027717580498257698
14177,-0.13601863528351393
14178,-0.025541037737686317
14179,0.022382326219816347
14180,-0.14299620528253876
14181,-0.14568798897068053
14182,0.06778901113989702
14183,-0.052963875243051725
14184,-0.02029014059278402
14185,-0.0003206558768128788
14186,0.09918160203651555
14187,-0.023840188949534276
14188,-0.07141188288684439
14189,-0.007808665208340115
14190,-0.030318206081373485
14191,-0.059082587363191955
14192,-0.1403196984861918
14193,-0.1403196984861918
14194,-0.03911628334122928
14195,-0.056586725781695546
14196,-0.1315141878803883
14197,-0.09011568012928133
14198,-0.04829812035509903
14199,-0.09023667067328442
14200,0.015087473723085415
14201,-0.11923842111836216
14202,-0.11982043451215327
14203,-0.0596236352805396
14204,-0.12150211604863903
14205,-0.06209927021681384
14206,-0.0723063885830989
14207,-0.12224687160103617
14208,-0.00838990680808107
14209,-0.06544606880701695
14210,-0.09923363513527972
14211,-0.07178627594082394
14212,-0.11961438212489497
14213,-0.007484700539439518
14214,-0.06306225324449863
14215,-0.06397841181050494
14216,-0.12884868636515495
14217,-0.05333658634277154
14218,-0.12824329696519904
14219,-0.12710133770270127
14220,-0.058100631890651275
14221,-0.06461129815597415
14222,-0.06335218320941169
14223,-0.08789772076059361
14224,-0.12928483652466383
14225,-0.07020656008295525
14226,0.016163102304649332
14227,-0.1277922738147353
14228,-0.11934823764291791
14229,-0.11934823764291791
14230,-0.11949485051952985
14231,-0.1337635239801361
14232,-0.13177841219619146
14233,-0.10207997046460904
14234,-0.06836608168451419
14235,-0.04923589745606251
14236,-0.051127561837113575
14237,-0.11103299582923015
14238,-0.0547704256911931
14239,-0.0006169587106233214
14240,-0.057360035664584336
14241,-0.00958517639791713
14242,-0.056611939550156656
14243,0.0020140157077405546
14244,-0.049423996082092025
14245,-0.0508113375046966
14246,0.010742497928362411
14247,-0.013251920517247197
14248,0.0020530884864889652
14249,-0.10774215808475773
14250,-0.10541404863514467
14251,-0.06390058294055125
14252,-0.10374407889154577
14253,-0.07160283901237248
14254,-0.10355049450472761
14255,-0.061042412105886956
14256,-0.07320170487867303
14257,-0.0011428967908000617
14258,-0.09779483147538595
14259,-0.00625581688837875
14260,0.016526396027423323
14261,-0.05584644954142107
14262,-0.04981431320575337
14263,-0.08350669557188178
14264,-0.0743847679337915
14265,-0.055296077443763775
14266,-0.053953877971241584
14267,-0.07852202246183058
14268,-0.07811147170289531
14269,0.00561098714246544
14270,-0.15825114739302926
14271,-0.07589480582428602
14272,-0.056589132698619524
14273,-0.07141174490869777
14274,-0.06721042132140786
14275,-0.04778955656916355
14276,-0.04718244950250641
14277,0.09225027372607127
14278,-0.04068730526968326
14279,-0.03838047101301707
14280,-0.06485508163649856
14281,-0.04467359076837221
14282,-0.019936709656307082
14283,-0.03890988014119861
14284,-0.03848349365357619
14285,-0.013701310301902789
14286,-0.04033537362820391
14287,-0.03149690477711106
14288,0.03888959513467875
14289,-0.033655606070725805
14290,-0.036890722403458545
14291,-0.09176461578546116
14292,-0.037252666106396326
14293,-0.02022739655094615
14294,-0.03980685710941363
14295,-0.02157802890098482
14296,-0.044718174090498525
14297,0.038647205210604704
14298,-0.040879331393263295
14299,0.037051780488124325
14300,-0.03075589838854581
14301,-0.1133275886947025
14302,-0.11045858300028047
14303,-0.026303643495804704
14304,-0.03383944567412413
14305,-0.1256826464699912
14306,-0.07713414042343085
14307,-0.010725202477010611
14308,-0.13543968346951343
14309,-0.07900124398738781
14310,-0.038210810418175076
14311,-0.07670226472937527
14312,-0.04598467532366972
14313,-0.1415784386132212
14314,-0.042042864874968014
14315,-0.0813179225575867
14316,-0.08135462134141705
14317,-0.10042854356979114
14318,-0.04207390803253613
14319,-0.011743027642484173
14320,-0.09279483773917901
14321,-0.08742157267825593
14322,-0.10677845987813542
14323,-0.15354036114541064
14324,-0.16777811605654525
14325,-0.11736064852310468
14326,-0.06893258554713656
14327,-0.12622264645136366
14328,-0.078516970182666
14329,-0.1369492256697067
14330,-0.18298341515741434
14331,-0.011675360791742438
14332,-0.19077222062194343
14333,-0.1912377824409234
14334,-0.18571905968002766
14335,-0.18094962831057132
14336,-0.046296006126985007
14337,-0.1827587393262374
14338,0.033033144509749014
14339,-0.18272041807878406
14340,-0.1513297872978508
14341,-0.09757626172587393
14342,-0.03241723805100695
14343,-0.14770680809142134
14344,-0.049961237828871116
14345,-0.09744426429602643
14346,-0.09239707029177552
14347,-0.15567005180257198
14348,-0.18609753837509305
14349,-0.15869867978801155
14350,-0.1591916323173005
14351,-0.01390274035800989
14352,-0.007042068457594072
14353,-0.1744940394418109
14354,-0.17489315506134961
14355,-0.051785780122095795
14356,-0.040471589776278245
14357,-0.17789440559348915
14358,-0.1489107123231089
14359,-0.051858585136699525
14360,-0.17655322226615666
14361,-0.17503005863358012
14362,-0.14378895236860484
14363,0.024997213432327157
14364,-0.14402041904454543
14365,-0.047119616692522334
14366,-0.15938684843281178
14367,-0.14228634169146545
14368,-0.017586564174327662
14369,-0.14109670981472663
14370,-0.055937189145956134
14371,-0.1039764861706044
14372,-0.046048371452826226
14373,-0.14112190533420038
14374,-0.13102519598517956
14375,-0.018657825470391652
14376,-0.14171925146785933
14377,-0.03110772406005395
14378,-0.10697936053756515
14379,-0.11535224425220994
14380,-0.14375473074235498
14381,0.011817068345614254
14382,-0.03363751099696849
14383,-0.039886156945659806
14384,-0.13897218772791395
14385,-0.12096379656928574
14386,-0.0210204599540358
14387,-0.1268801590951543
14388,0.1544335032532203
14389,-0.12768380356546943
14390,-0.11946210728885473
14391,-0.13671848536399317
14392,-0.025978166630975713
14393,-0.11416749437325152
14394,-0.0531749621221588
14395,-0.03634373054256243
14396,-0.14285779961775907
14397,-0.10356226855124225
14398,-0.05582609070715869
14399,-0.1025423501269003
14400,0.02583672718816324
14401,-0.1464457746280483
14402,-0.03509382757307693
14403,-0.14378664189581106
14404,-0.049283160772497836
14405,-0.13846810109246513
14406,-0.04983192527376873
14407,-0.13093163937028274
14408,-0.0786360607991598
14409,-0.030295835828962614
14410,-0.024278430043055327
14411,-0.04721465652586922
14412,-0.0751905010436442
14413,-0.03445459847694117
14414,-0.07250953825802164
14415,-0.044332523212224875
14416,-0.04146833726095972
14417,-0.05760007119525083
14418,-0.05652856893951083
14419,-0.03747884075755488
14420,-0.09890171144272232
14421,-0.02820911554413376
14422,-0.10593548913982229
14423,-0.03787733019322251
14424,0.01140714675350311
14425,-0.04601232760835301
14426,-0.0492873759714349
14427,-0.09491654304214496
14428,-0.10153922129247596
14429,-0.10153922129247596
14430,-0.04245488151160062
14431,-0.04245488151160062
14432,-0.09660065367408209
14433,-0.10296313051947056
14434,-0.03277142286577555
14435,-0.0556478856908022
14436,0.009259768599365233
14437,-0.13894261506297953
14438,-0.10734316196551058
14439,-0.14199807637338155
14440,-0.1121522557251192
14441,-0.046547547775127734
14442,-0.05092643068906291
14443,-0.03480558255950934
14444,-0.04860993440761413
14445,-0.06562450010836908
14446,-0.1605015893695423
14447,-0.08987454902899428
14448,-0.16585862827634176
14449,-0.10052180280610158
14450,-0.08302610922318146
14451,-0.034784022460166965
14452,-0.08412719298888148
14453,0.038888899447363394
14454,-0.07996259335281253
14455,-0.0793871195339062
14456,-0.10361382474412197
14457,-0.07833516099337738
14458,-0.07546760767809098
14459,-0.07546760767809098
14460,-0.055088004269709584
14461,-0.053424983615913135
14462,-0.07111239782905093
14463,-0.042038715526934584
14464,0.06151634035676545
14465,-0.058516148227977266
14466,-0.10974922460636621
14467,-0.019281771484106154
14468,-0.058096922334604006
14469,-0.04194461723186741
14470,-0.06271184344253779
14471,-0.047730603635874794
14472,-0.07632759624678617
14473,-0.18184747791257855
14474,-0.025974383162251508
14475,-0.06136424522264812
14476,-0.18042913559157278
14477,-0.04345225324032735
14478,-0.045072092444850595
14479,-0.03542034850310895
14480,-0.042317021375138944
14481,-0.04412462110896577
14482,-0.03434927880428645
14483,0.0238691573787448
14484,-0.03434927880428645
14485,-0.038998995864969174
14486,-0.038998995864969174
14487,-0.19343566285424596
14488,-0.04908836095628802
14489,0.0217497110706285
14490,-0.048981842118540286
14491,-0.1957654016401182
14492,-0.04439659120945735
14493,-0.04509345667114503
14494,-0.04474490849464935
14495,-0.04844767720293694
14496,-0.07320514432168454
14497,-0.030084672315475076
14498,-0.022952485246043923
14499,-0.17595729469636945
14500,0.007246240131952325
14501,-0.0216790425435699
14502,-0.025545044252072047
14503,-0.03739956211001862
14504,-0.034757919864057456
14505,-0.026375977251134983
14506,-0.02352152890086026
14507,-0.034061783509582916
14508,-0.08006267329888277
14509,-0.041294962187945906
14510,-0.04222493701394706
14511,-0.12053036710618986
14512,-0.007055945976479704
14513,-0.1237301273197042
14514,-0.010761329566242168
14515,-0.05377821769712132
14516,-0.004992511354923186
14517,-0.009677591659969682
14518,-0.04188906571520692
14519,-0.043251014622456715
14520,-0.014104901196905224
14521,-0.057240168908087724
14522,-0.1661642279800839
14523,0.0002772729069736683
14524,-0.0973407524863143
14525,-0.03882900432001313
14526,-0.03882900432001313
14527,-0.006132655285469555
14528,0.036233098595605445
14529,-0.027726707880213516
14530,0.003990061536299449
14531,-0.015017621420899789
14532,-0.05045604692167642
14533,-0.022000890269108404
14534,-0.16747390945007898
14535,-0.02500663051110503
14536,0.033526705376644206
14537,0.01630901949847141
14538,-0.05645453858972169
14539,-0.030438575612426993
14540,0.15263593827931415
14541,0.0043189783133240275
14542,-0.0344383815689655
14543,-0.06717213362168267
14544,-0.0199663356534912
14545,-0.10622871193522934
14546,0.012481525658890066
14547,-0.04613332762558153
14548,-0.07707973767214811
14549,-0.055069847674591596
14550,-0.1910855393639874
14551,-0.04451896485420628
14552,-0.0304314896955896
14553,-0.07837465258096407
14554,0.01334565810008903
14555,-0.0234742791298915
14556,-0.0484945022394562
14557,-0.0484945022394562
14558,-0.047449441133814746
14559,-0.04848872184940964
14560,-0.04848872184940964
14561,0.026169924328863753
14562,-0.042791885992051165
14563,-0.07941701210319571
14564,-0.058403401739576866
14565,0.02440035278448776
14566,-0.1595499937379733
14567,-0.10761482473738632
14568,0.04129202509917747
14569,-0.05506290493248635
14570,-0.028939616271800264
14571,-0.04007466454535233
14572,-0.04774347267389485
14573,-0.09089407834953175
14574,-0.02774914556040322
14575,0.04354688121964984
14576,0.043903114551620895
14577,-0.04262982713467941
14578,-0.1072558547426066
14579,-0.04076376494621454
14580,-0.040811736814463824
14581,-0.04081063882107203
14582,-0.03996296492260692
14583,0.058666915444719483
14584,-0.03714654142290843
14585,-0.03714654142290843
14586,-0.1608537024506742
14587,0.008840360075521907
14588,-0.04084042606819647
14589,0.04768775985654897
14590,-0.020254390533301324
14591,0.032860603137350536
14592,-0.041091657593190986
14593,-0.04485178816522323
14594,-0.1038038536908083
14595,-0.015531093762241308
14596,-0.19435461073037558
14597,-0.19241727304213369
14598,-0.05062513213511963
14599,-0.04850653077852812
14600,-0.046100179197541266
14601,0.024728374863274255
14602,-0.010653116017979698
14603,-0.049996082514509974
14604,-0.12005701025629537
14605,-0.05634741723083589
14606,-0.05634741723083589
14607,-0.00034166792978506874
14608,-0.05595940652275158
14609,-0.05595940652275158
14610,0.0328140363590459
14611,-0.059482444237877824
14612,-0.06158932548779146
14613,-0.08010671439632919
14614,0.03220178855167205
14615,-0.051971956492366786
14616,0.006810939204588607
14617,0.030423533920190943
14618,-0.04457863108520041
14619,-0.05621542702102608
14620,-0.09923564571024987
14621,-0.06653932479823699
14622,0.038896836879188434
14623,0.0405626926662271
14624,0.008289643597435451
14625,0.13526130838714281
14626,-0.06289681133824529
14627,-0.06289681133824529
14628,0.03461489947409638
14629,-0.06761118338471342
14630,-0.06759847710192993
14631,-0.12583615947011315
14632,-0.06906088241591532
14633,0.03380859206704484
14634,-0.07163180400998646
14635,0.02677478350339625
14636,-0.07262056868231594
14637,0.024364541250969003
14638,-0.05489278744410955
14639,-0.12669754959552582
14640,0.16397905815028702
14641,0.013098875835353687
14642,0.009531393119382957
14643,-0.052438824825653305
14644,-0.07843437070165866
14645,-0.05161146111317087
14646,-0.07457942662355654
14647,-0.2012767595172699
14648,-0.04365056479252313
14649,0.014784107080214744
14650,-0.11272060337915865
14651,-0.0771102486796073
14652,-0.07132080358866699
14653,-0.07132080358866699
14654,-0.0713867937440844
14655,-0.13707533411564
14656,-0.07364613470693102
14657,-0.07364613470693102
14658,-0.07248468926368773
14659,0.012254784537302929
14660,-0.07231045531478016
14661,-0.13721047462014718
14662,0.017164953639914854
14663,-0.07367060891915554
14664,0.01654931226468425
14665,-0.07147518981171615
14666,-0.05649424290093488
14667,0.017290717209015132
14668,-0.07325324108655673
14669,-0.058585947878766836
14670,-0.09868333497463995
14671,0.03396998388717561
14672,-0.1996712774101814
14673,-0.057583192190241855
14674,-0.21311016306085864
14675,-0.07484975361068899
14676,-0.07441760688430289
14677,-0.0825405882402116
14678,-0.07614379044889652
14679,0.10603640780209411
14680,0.006817484150493146
14681,-0.07139671878154001
14682,-0.07139671878154001
14683,-0.07139671878154001
14684,-0.06358814918019019
14685,-0.07257074877371086
14686,-0.20820424937781928
14687,-0.08300060104099669
14688,-0.07134094709532596
14689,-0.021275371569602575
14690,0.003285160694118463
14691,0.10767339985065984
14692,0.007027396346148844
14693,0.012945700658657206
14694,-0.0706041608139683
14695,0.007561828937014556
14696,-0.07006922476513386
14697,-0.07221314331153549
14698,-0.10518306675116927
14699,0.00834257147797816
14700,0.010597909261142733
14701,0.00844201379463862
14702,-0.06755466307583907
14703,0.016773782057622297
14704,-0.06542449698495625
14705,-0.11411417164369003
14706,-0.07197197582727197
14707,-0.0643371813456135
14708,-0.113464237816921
14709,-0.06423138570234692
14710,-0.11432603515876993
14711,-0.06704196578287352
14712,-0.012325675839510518
14713,0.007252380886436791
14714,0.0077374847118573745
14715,-0.058613022473261056
14716,-0.11373162813424323
14717,0.12701237904250975
14718,-0.02522399436608718
14719,0.019901885825620795
14720,-0.02846284369102612
14721,-0.03576048814665303
14722,0.019912229052034196
14723,0.030003066979854963
14724,0.12101729080249357
14725,-0.02108173222454711
14726,-0.022061103751056993
14727,-0.019106431040617232
14728,0.0294638359270634
14729,-0.06319097656777906
14730,0.03412896299819326
14731,0.0490384131348883
14732,-0.05824388013839804
14733,-0.2064669018980893
14734,0.04245499150924105
14735,0.044469679773490325
14736,-0.09066692404766268
14737,-0.05984266985917033
14738,-0.008252971439363162
14739,0.03758722204091182
14740,-0.13736212926835914
14741,-0.19946431303226253
14742,-0.006331937854995761
14743,-0.05957481916910401
14744,0.03439740834425298
14745,-0.06263824906905144
14746,-0.09586207819647884
14747,-0.09593835650681533
14748,-0.1303040132173852
14749,-0.0791085378780335
14750,-0.09663648069886446
14751,0.023245216137030518
14752,-0.06231187714441275
14753,-0.06148510082936684
14754,-0.18737054949382806
14755,-0.06279915438699973
14756,-0.06078156629773353
14757,-0.05975999038116178
14758,-0.0013236477921964515
