obs,pareto_shape
0,-0.1865443254814069
1,-0.07641497062558794
2,-0.10855005160910589
3,-0.04207683977446438
4,0.00538505736455141
5,0.01409945337991377
6,-0.03430814304932551
7,-0.17796124756449047
8,0.012296262902140647
9,-0.11854644087478436
10,-0.08328942454413134
11,-0.07309926356481095
12,-0.0693865352871239
13,0.02417019609186064
14,0.01074720738614161
15,-0.06908419606429773
16,-0.060480290558104985
17,-0.15947642686189875
18,-0.14422532499286092
19,-0.09631398840741875
20,-0.13329137233244195
21,-0.08561815936756519
22,-0.08239991647564218
23,-0.08244895197214491
24,-0.03157455547253777
25,-0.007132495549058873
26,-0.11141015387995021
27,0.0275562914260191
28,-0.07600818668253477
29,-0.15435621357050805
30,-0.03310633320243621
31,-0.15897251922267258
32,-0.07159492358474269
33,-0.1326433270620659
34,-0.05942904186275838
35,-0.1526770379842084
36,-0.059271236395881964
37,-0.01576129660227543
38,-0.009477082682750649
39,0.008259894641495864
40,-0.03244055328901382
41,-0.07428064749065193
42,-0.0824159313994587
43,-0.08919080025919753
44,0.019989881048728602
45,-0.06425145048417116
46,-0.08906085256503334
47,-0.08302425470830305
48,-0.08253873822464242
49,-0.05722522521574211
50,-0.005553870828433802
51,0.08244229665227146
52,-0.08751323799611711
53,-0.07217371794924152
54,-0.07485636968162057
55,-0.008983775204756163
56,-0.12238710862720427
57,-0.0628526459969035
58,-0.16978351347049436
59,-0.16978351347049436
60,-0.08981774717154702
61,-0.08072868941131066
62,-0.03741780649100475
63,-0.06726708942238709
64,-0.11694331551979019
65,-0.027328100885089426
66,-0.10667669985478474
67,-0.049160595249739335
68,-0.0014349456698021107
69,-0.06344546859645252
70,-0.16189613254780622
71,0.021833665677146678
72,-0.16120130979485853
73,0.039241542201201234
74,-0.16037244507835777
75,-0.07275175093462066
76,-0.1558782234079324
77,-0.09540427767948507
78,-0.09540427767948507
79,-0.09401058577587301
80,-0.04407127961906093
81,-0.06067789777287514
82,-0.1000573080047378
83,-0.06809997354086042
84,-0.049060810979513564
85,-0.04623736889609531
86,-0.07747743252659144
87,-0.024177579139970595
88,-0.057716152264112204
89,-0.10171749217770037
90,-0.06973011738479107
91,0.0003569086577241395
92,-0.03474000430035932
93,-0.035841353174918364
94,-0.15369434098952192
95,0.0072227622797090005
96,-0.057965109642893524
97,-0.04793139599664239
98,0.0172087782787051
99,-0.12031213681379717
100,-0.04766150417186829
101,-0.04739834164745348
102,-0.062054541363763156
103,-0.12313104519699596
104,-0.12336684383004995
105,-0.05516426680574805
106,0.07565196049654764
107,-0.12420178555457698
108,-0.05720622980581801
109,-0.10271313765098025
110,-0.04473649972408357
111,0.0032569609558731733
112,-0.10388431667763899
113,-0.050437190402268656
114,-0.14985780440496244
115,-0.06728144505505518
116,-0.04600442808502935
117,-0.0917640847254036
118,-0.049770525587295535
119,-0.027663184761752023
120,-0.030225077323529886
121,-0.026919338132595172
122,-0.0469566889001341
123,-0.128061074868687
124,0.009946631242428193
125,-0.14146169307322842
126,-0.02728543503194568
127,-0.0006390490660559924
128,-0.05847441746895948
129,-0.13658387259689533
130,-0.06584885696449298
131,-0.03008578230625273
132,-0.032546629807152644
133,-0.05528040935380481
134,-0.05528040935380481
135,-0.07917614488091138
136,0.08893150243647567
137,-0.056330860886916904
138,-0.11449660978255785
139,0.023834309832174244
140,-0.0371310435508396
141,-0.07904388252027429
142,-0.09505420689644704
143,-0.07887204334863905
144,-0.0659798272616348
145,-0.08810054309746555
146,-0.12185294340947304
147,-0.05390649805903691
148,0.04402896132267048
149,-0.13322689890796607
150,-0.08221895004278815
151,-0.12725990316233435
152,-0.08405339986951701
153,0.0013675484673089868
154,-0.08118235203309544
155,-0.016186437558579743
156,0.01615390347352081
157,-0.10221116099197707
158,-0.13535200909397568
159,-0.1374308628463238
160,-0.013411509984802422
161,-0.10614061353923565
162,-0.10614061353923565
163,0.11283687197634136
164,-0.05344963775694959
165,-0.08245475149808572
166,-0.14062905130195538
167,-0.08093994167870118
168,-0.07164423944536573
169,-0.10314754744556692
170,-0.07958061222856737
171,-0.11484062764299145
172,-0.07624549794611746
173,-0.08704998506191002
174,-0.10026760718965515
175,-0.005290180663234878
176,-0.06884901204690907
177,-0.09000719484179708
178,-0.044437275740078344
179,-0.01541351128838826
180,0.04193629107324026
181,-0.09748341863975116
182,-0.004508973069463147
183,-0.06317661770383279
184,0.041248488399236546
185,-0.06527952886401434
186,-0.1376242304435939
187,-0.07153809026501719
188,-0.07153809026501719
189,-0.12654778490769247
190,-0.13106783658812474
191,-0.1308315445212862
192,-0.1308315445212862
193,-0.06808521991331186
194,-0.07898179560114056
195,-0.006672706948529652
196,0.016174269254086382
197,0.008704749489919861
198,-0.05933082669749723
199,-0.09698634465758024
200,-0.055027311837424334
201,-0.09897402154181921
202,-0.09935188324729569
203,-0.14065128303803065
204,-0.14065128303803065
205,-0.12870619715831508
206,-0.10317187788115362
207,-0.0025366157572753612
208,0.036257831561925136
209,-0.05376490467302796
210,-0.05342713589726697
211,-0.06487909343261794
212,0.016956841919950182
213,-0.10407736500991399
214,-0.0010714000816017246
215,0.1169116235876302
216,-0.06477648031913945
217,-0.06584630508368339
218,-0.08656087584331439
219,-0.057330546127874436
220,-0.057330546127874436
221,-0.01946801867625237
222,0.0372620919204986
223,0.029185083451182692
224,-0.060815276763185315
225,-0.10409757290601605
226,-0.06313738183599678
227,-0.11094017646826307
228,-0.0630049819202941
229,-0.11223563502868998
230,-0.05610708161382089
231,0.036757662471295305
232,0.030245556347231018
233,0.08141306708590096
234,-0.029859741919335388
235,-0.0755297885953125
236,-0.060716269360792344
237,-0.060716269360792344
238,-0.1031205522598839
239,-0.061126000968967316
240,-0.07473596093855664
241,-0.07588261655350989
242,-0.015352817733088059
243,-0.05372344595999215
244,-0.05250827096887711
245,-0.04991997793120381
246,0.13055438164696623
247,0.019264990708838126
248,0.02420185913729545
249,-0.05062152359361882
250,-0.09806273700254974
251,0.04212560265065752
252,0.01599382166060993
253,-0.05110111019358056
254,-0.10314059115658136
255,-0.037763256278249814
256,-0.10728024213206548
257,-0.10728024213206548
258,-0.09088478961702837
259,-0.0873696558396808
260,0.03637552439645553
261,0.07396361861362412
262,-0.045990332179831936
263,-0.03164106101740321
264,-0.04898467463927782
265,-0.04795706165373622
266,-0.06176451210921122
267,-0.018807288025604038
268,0.015622906085317502
269,-0.0650594663814904
270,-0.09867566365962858
271,-0.03671689421646235
272,-0.032401357719315786
273,-0.0850306435607555
274,-0.10455056627446516
275,0.02456131602244902
276,0.11971169813041853
277,-0.08775723421515837
278,-0.09478070391281947
279,-0.09478070391281947
280,0.027203626879076688
281,-0.07963258004816152
282,0.04548748155262907
283,-0.11431390181992578
284,-0.007796510691006874
285,-0.00854375766580156
286,-0.009248335801392104
287,-0.10778761178272504
288,-0.0894615121988844
289,-0.10938057425137915
290,0.03373618574997132
291,-0.01834859182755772
292,-0.10332817781585484
293,-0.017930944690831938
294,-0.024219678004423508
295,-0.09058495446041828
296,-0.01547259260829313
297,-0.10813130617730962
298,-0.03973966526881226
299,-0.09962594991756525
300,-0.0019178289452177271
301,0.03535114387671004
302,0.04997013570974318
303,0.12521903410372928
304,0.010246573013080858
305,0.014853271729651797
306,-0.08877131291152046
307,-0.0402444554788911
308,-0.003444668396696663
309,0.034605566293759854
310,-0.008103422762453925
311,-0.007136212397643576
312,-0.10435132160393322
313,0.022707253341200107
314,-0.08458691690795657
315,0.057477611905406546
316,-0.1328135806181077
317,-0.07208984187648196
318,-0.07208984187648196
319,-0.09678748715235345
320,0.04053033671203863
321,-0.09769341293757669
322,-0.09946882366315742
323,-0.005622156303964232
324,-0.11169232743342622
325,-0.019267235457658207
326,-0.10545420346798723
327,-0.14256924268774063
328,-0.01915728225033912
329,-0.14256924268774063
330,-0.08919086770750416
331,-0.10417878248399992
332,-0.010377661687046855
333,-0.10220468225895325
334,-0.14268471474798203
335,-0.046214825948630016
336,-0.013610097371471484
337,-0.053017265417933064
338,-0.03488201783637491
339,-0.01449673476450843
340,-0.006553019519774959
341,-0.004408710534053148
342,0.09992019953503284
343,-0.008241291181231647
344,-0.08519765975113956
345,0.011709015457276664
346,0.055915616586740644
347,-0.08141485346828273
348,-0.10064626567904425
349,-0.016885311687772176
350,0.016018474461241
351,0.001301097321917103
352,-0.07849667738713108
353,-0.0028280080802148746
354,0.06715550951256692
355,-0.006205033857263853
356,-0.0053727687340408515
357,-0.007846383238647657
358,-0.09210767738410859
359,-0.08258332927585535
360,-0.03306112434193918
361,-0.0968173175662831
362,-0.009504443963563739
363,-0.15013796335820148
364,-0.15013796335820148
365,-0.08046684547753058
366,-0.10228404601526614
367,0.07462568488786335
368,0.05606953145700861
369,-0.024562327141543508
370,-0.0317598849230011
371,-0.018556262248355306
372,0.05875945611965739
373,-0.08555806730237553
374,-0.08152538251123308
375,-0.021668540213919636
376,-0.017884083328298727
377,-0.07882396948134478
378,-0.029577161827564234
379,-0.02432125343310708
380,-0.07152491163267195
381,-0.07152491163267195
382,0.03564322542468503
383,-0.07505299086436817
384,0.07815171144418274
385,-0.04303369286245144
386,-0.11430322254906503
387,-0.047144419224874286
388,-0.027556855629845587
389,-0.0784991470169569
390,-0.028796891982884598
391,-0.07166190541300951
392,0.06333069470654555
393,-0.08301579004361592
394,-0.02870418578478136
395,-0.17333379802148297
396,0.07418576728134789
397,-0.02936593998118882
398,-0.05180442053325091
399,-0.01833339180096917
400,-0.09728499516987005
401,-0.02527019261059907
402,-0.0847993882600245
403,-0.09708080836095945
404,-0.03549628231994753
405,-0.010816690335039207
406,-0.015531641555960717
407,-0.033655364881941006
408,-0.021975293654846476
409,-0.08802706984168299
410,0.0890423904664152
411,-0.03606463742746727
412,-0.10493522749775328
413,-0.033765833204686055
414,-0.08639540878384432
415,-0.03652752879953384
416,0.07442899439845142
417,-0.06775803232844402
418,0.04120208148017641
419,-0.08859361644551296
420,-0.1924762876619745
421,-0.1924762876619745
422,-0.031234089743243404
423,-0.07827385826493218
424,-0.03242360910168643
425,0.027936390095915555
426,0.06016772574327413
427,-0.027493022630325048
428,-0.02461215235098669
429,-0.09195504215331178
430,-0.019640756314603023
431,-0.08074240218295228
432,-0.08520555086080445
433,-0.08837275442070339
434,-0.08837275442070339
435,-0.10623013199585134
436,-0.09292607811118647
437,0.00392017623733927
438,-0.021349712695322223
439,0.03690431809541054
440,-0.021810639494514412
441,-0.00910401988502371
442,-0.022211392177024503
443,0.057685650093069966
444,-0.022254233348839424
445,-0.07934427058589592
446,-0.024271612700449325
447,-0.022485460758242343
448,-0.01999011863723111
449,-0.015506013647333653
450,-0.014730940196088541
451,0.09263936161543732
452,-0.004279719810254783
453,0.047766018971389476
454,-0.20278154602161827
455,-0.00767276769086508
456,0.03558554052927421
457,-0.005615943141630391
458,-0.007125266467230329
459,-0.10092523641472172
460,-0.003484850853366691
461,-0.07264861945788569
462,-0.021481051629118262
463,-0.003948299505090306
464,0.04513883077859439
465,-0.03719866985487225
466,-0.13084790563435844
467,-0.00882299050587087
468,-0.004037055373114483
469,-0.08583106140024942
470,-0.008738637328092203
471,-0.20933645311820998
472,-0.08458105045799472
473,0.10131816069166139
474,-0.011941602971466792
475,-0.03910371099136534
476,0.05104965954641355
477,-0.0057233712148161385
478,-0.0342072648901434
479,0.026544262397843032
480,-0.0067028875750769394
481,-0.007048792731020582
482,-0.0685295279008663
483,-0.0685295279008663
484,-0.04005740631280452
485,-0.05881539091167439
486,-0.07406852759761486
487,0.0022561326182890633
488,-0.092918039894214
489,-0.009361119402179997
490,-0.008380644361790498
491,0.05855682615179618
492,-0.06908735102083619
493,0.11201701135034549
494,-0.014590604367804547
495,-0.0467601281488288
496,0.0283038715130785
497,-0.025472077106660076
498,-0.05278372961435413
499,-0.029409634872586594
500,-0.03206722682506301
501,-0.02749521631634159
502,0.040778149450650336
503,-0.10363462414817383
504,0.10102512235894405
505,-0.019658085901621075
506,-0.05410249464581812
507,-0.01770928268727381
508,-0.0170479831050117
509,-0.05057684113324915
510,-0.04816547863458864
511,0.05521764811281488
512,-0.04848018628566719
513,-0.04749322586328628
514,-0.051610860113399847
515,-0.04235804023399836
516,-0.04366008921339821
517,0.013394642919441061
518,0.08860035060230168
519,-0.040949916726955866
520,-0.10593203445067825
521,-0.012115593881646385
522,-0.06388311811105538
523,-0.02413449733492843
524,-0.03918935320276771
525,0.06858021961025927
526,-0.02734783670151012
527,0.1454398471918543
528,-0.04095701442387732
529,0.01827459266635451
530,-0.10342374863056075
531,-0.04269316357252579
532,0.14940215502305623
533,0.12726949963700787
534,-0.030785953488157068
535,0.0080054722818964
536,-0.04740390266406522
537,-0.036863201448490736
538,-0.0353005798263177
539,-0.10082024449280677
540,-0.030967099266916986
541,-0.20177845676689674
542,-0.08641244016260884
543,-0.030157785373661095
544,-0.12352050255827458
545,-1.4911052173469321e-05
546,-0.029887002423067823
547,-0.19425107093257457
548,-0.017787913799182483
549,-0.10560955444985302
550,0.07567789082720579
551,0.057442043199224295
552,-0.04243825349869984
553,0.06529510681167093
554,-0.033654207663889005
555,-0.06713827489626994
556,-0.023676088455935645
557,0.057098696685056745
558,0.05448952086583719
559,0.03903327291308709
560,-0.03238170953373464
561,-0.14926340477492123
562,-0.025866577453348367
563,-0.07990394608006683
564,-0.04236843688830091
565,-0.02253005892663608
566,-0.1533931401296027
567,-0.0016857414666581825
568,0.00823234612022374
569,-0.07839439740137481
570,0.016249730722605195
571,0.006945457950893924
572,0.004607238849197349
573,-0.04558142042302144
574,0.015069816977837405
575,0.05371497489694032
576,-0.10600944969122461
577,0.054722761317627926
578,-0.013962185846564626
579,0.052631015654997775
580,-0.016436479085716414
581,-0.1604278832185172
582,-0.06234624329781168
583,-0.15942115412888822
584,0.05032515852991561
585,0.010852843258746067
586,-0.08327575793562222
587,0.05409071463783413
588,0.04921646872460549
589,-0.06850062688323787
590,-0.06850062688323787
591,-0.020233627514538208
592,0.028913914053045418
593,-0.119046024214152
594,-0.16021851617743527
595,-0.015926408725943402
596,0.009104206494829084
597,-0.06306108445787859
598,-0.07787184835661518
599,0.009085018982796615
600,-0.014668638360516111
601,-0.022440203865153937
602,-0.007161093694895251
603,-0.06136663669084675
604,0.004908093412128217
605,-0.04109229223270911
606,0.03671810361607415
607,-0.004461595630441714
608,-0.16744049552789517
609,-0.030305445346455136
610,-0.001048958422811302
611,-0.18161298538050166
612,-0.1793844089981137
613,-0.022973349491117453
614,0.0010161382853301046
615,0.0004418522484939637
616,-0.06812940925007949
617,0.03402357497759588
618,0.009325738617861715
619,0.010487590841548768
620,-0.018724494189386726
621,0.03783465498867228
622,-0.0364530206340243
623,0.00430902775762855
624,-0.07641499770641898
625,-0.04265896903353491
626,0.0071486714374294135
627,-0.07058716092948464
628,0.00838848297230613
629,0.0050678864224965306
630,-0.0003314140486730903
631,-0.06475124626909545
632,0.030337361893853762
633,0.008143857216237806
634,-0.059532115712181595
635,-0.0020032559342591746
636,0.004492109054526792
637,-0.11358934686017615
638,0.01612764778449236
639,0.015977538981688855
640,-0.17831958580489335
641,-0.08624543230567694
642,-0.20921386949715426
643,0.016221256612159656
644,-0.18448670339116427
645,-0.010776518316377073
646,-0.06497127690363098
647,-0.1503041596858848
648,0.025905298994393512
649,0.008473267968427215
650,-0.020040672247698725
651,0.057616627718070086
652,0.006521281896323477
653,-0.06991853466331142
654,-0.06991853466331142
655,0.031595344042474265
656,-0.044360376640118666
657,-0.1750956083251956
658,-0.001417166951869616
659,-0.10376593591031473
660,-0.12214139667104218
661,-0.18610951613823176
662,-0.026918840058250314
663,-0.017133557113559975
664,-0.04859963114562733
665,-0.04362373551733482
666,-0.04494191790796358
667,0.037091648587050476
668,-0.007729858293637353
669,-0.21818346728190216
670,-0.023295980152508267
671,-0.06670394272228752
672,-0.052580598449704134
673,-0.037764368997519025
674,0.02530965034860574
675,-0.09749805464878218
676,-0.013622341605455402
677,0.025382396532473532
678,0.0179450093239755
679,-0.012255993472146091
680,0.06000448569874772
681,0.018655486173804893
682,-0.018021604346982568
683,-0.020201145701556275
684,-0.05605770806081658
685,-0.05605770806081658
686,-0.13324789291613504
687,0.024873557424512967
688,-0.06348666762695652
689,-0.059252778049292916
690,-0.027629220697637454
691,-0.10357742978940508
692,-0.018514166315511643
693,-0.030694911966348982
694,-0.0244222932903185
695,-0.042797888711808736
696,-0.03153598088496351
697,-0.02197301550290337
698,-0.04809890578447692
699,-0.04976950808722874
700,-0.022720493328460913
701,-0.09253773383950713
702,0.04395217410600982
703,-0.025714728429946897
704,0.032158945645492085
705,-0.05776937319008105
706,-0.03759746250504467
707,0.02072075873494733
708,-0.10593249662167997
709,-0.0015959642335519018
710,0.045118776737938196
711,-0.02799572998074659
712,-0.07980123092650429
713,0.03803566914445602
714,-0.13391269541467185
715,-0.0363939773399143
716,-0.050294717648355816
717,-0.05952277296066304
718,-0.05397162724544284
719,-0.026190771504944792
720,-0.032981257345839066
721,-0.1976720306917115
722,-0.06676609349289016
723,-0.06676609349289016
724,-0.05177826654248811
725,-0.032975398645710426
726,-0.030807845355722726
727,-0.1166072309521815
728,-0.06978751962859969
729,-0.06536537941687443
730,-0.06536537941687443
731,0.052460276576606346
732,-0.036916358407039565
733,-0.03537471645894194
734,0.009860857198523533
735,-0.03981476067368775
736,-0.05267658394983272
737,-0.042284166555286974
738,0.00822318809308256
739,-0.10004085891202005
740,-0.07038501842776698
741,-0.06708254784086624
742,-0.04934380250164442
743,0.03977082688502318
744,-0.04968264639391229
745,-0.08726885060218727
746,-0.08623667795076241
747,-0.08048135698660956
748,-0.09732800014207817
749,-0.1892291692571897
750,-0.0516505356184814
751,-0.04329633409443844
752,-0.04401060871400371
753,-0.04145582252829491
754,-0.08750333684326436
755,-0.03200135581675914
756,-0.09110025353575285
757,-0.09543749215232693
758,0.07523818545362664
759,0.024013356574225438
760,-0.051059024458482406
761,0.023634191806295717
762,-0.0581782737054688
763,-0.13041637301120867
764,-0.0455268335362164
765,-0.06132126553841988
766,-0.0556607512566143
767,0.02369854579270957
768,-0.040981146600044684
769,-0.16483343174251663
770,-0.07303324901215599
771,-0.0450991481624045
772,0.012586009036247701
773,-0.09574316137098712
774,-0.07875254945849092
775,-0.05622614608683792
776,-0.07472517612473166
777,-0.06269101120948782
778,-0.15992123865049118
779,-0.048273740362693066
780,-0.044507933938313746
781,-0.049673035389193744
782,0.0029727532444094222
783,-0.06311563976779933
784,-0.06784872552956812
785,-0.06784872552956812
786,-0.07762579480174527
787,0.021364323691737852
788,-0.05532916342399718
789,0.02663364676710735
790,-0.051036849559923915
791,-0.122414117963166
792,0.0029573891959780397
793,-0.06167952867016889
794,-0.06167952867016889
795,-0.04172293353500708
796,-0.10451362381730589
797,-0.03174711917955411
798,0.002622576008626978
799,-0.058755026730403184
800,0.035562881499298704
801,-0.06973659461766918
802,-0.028704716742430948
803,-0.029015866989361976
804,-0.03112397452018426
805,-0.10890767735688857
806,-0.08924994338430058
807,-0.1297110340397344
808,-0.04237390857338681
809,-0.03231455673233844
810,-0.01654960006249301
811,-0.05693864752517588
812,-0.04931557816107595
813,-0.030793183119034836
814,-0.025017640777553463
815,-0.03648941800474106
816,-0.021650909998099942
817,-0.0848212987508934
818,-0.06721835030889309
819,-0.1319786927263818
820,-0.09978215738106057
821,-0.02593763222988659
822,-0.13673706482460463
823,-0.0639873312050011
824,0.05083749414477072
825,0.029152577699809064
826,-0.06170418290120237
827,-0.06170418290120237
828,-0.06174543009484097
829,-0.042351083175842255
830,0.012431616641551171
831,-0.018857790149557224
832,-0.06519043047310502
833,-0.05900135952575812
834,-0.030709003411380442
835,0.007421142456178024
836,-0.06654135925015986
837,-0.07260748218078769
838,-0.050783221649598746
839,-0.042797274042062114
840,-0.019646823118560027
841,-0.10848948670492693
842,-0.07552523704730628
843,-0.02960960198768204
844,0.010094731790826737
845,-0.2509409050710301
846,-0.08179616959902773
847,-0.08179616959902773
848,0.018922150400977025
849,0.005567413160056253
850,-0.021747154748855052
851,0.05600766606608604
852,-0.08773643244568263
853,-0.08773643244568263
854,0.03385081422300034
855,0.019128086104057508
856,-0.042594710251242826
857,-0.006861765415504358
858,-0.08677262847004201
859,-0.057305848159679915
860,0.008810037184183425
861,-0.08217265091258986
862,-0.15210516423422452
863,-0.08561931398337708
864,-0.08558346240573445
865,-0.08526444355086414
866,-0.060316124722330555
867,-0.07162277615117568
868,-0.021938161166617547
869,-0.024926081698485432
870,-0.07887560336365437
871,-0.08020726994848072
872,-0.08363657017705636
873,-0.0962297709941846
874,0.01897466942022607
875,-0.0171572918941511
876,-0.02679635702343046
877,-0.08070069476449519
878,-0.018952290299820707
879,-0.08286023656137778
880,-0.03233870504208692
881,-0.13354423395924428
882,-0.07811719363217332
883,-0.020671617448469883
884,-0.017168015401185757
885,-0.017168015401185757
886,-0.05952724875354129
887,-0.03401174969281114
888,-0.06969252690580345
889,0.03623235518264675
890,-0.0710363887963738
891,-0.07054096302139651
892,-0.013972372129056694
893,0.0012301066263093062
894,-0.07227607617243327
895,-0.07316679338951394
896,-0.07371409903531087
897,-0.00930126312777189
898,-0.0014511964322491322
899,-0.0382792100741664
900,-0.08959264902635365
901,-0.08535455279310329
902,-0.01668199488735579
903,-0.08005057216979278
904,-0.019938990380953446
905,-0.13709042236113628
906,-0.05416015149462097
907,0.06466735269482343
908,-0.05699724134320676
909,-0.031038713257817634
910,-0.0556814157019239
911,-0.12144940937407106
912,-0.05919463289240132
913,-0.05919463289240132
914,-0.06430924971958114
915,-0.08937221054424052
916,-0.07329289414187633
917,-0.05908257131849191
918,-0.09171361149900804
919,-0.007480641983752701
920,-0.0845202989818402
921,-0.09779616911842279
922,-0.060888476378060226
923,-0.10276619385765433
924,-0.014320195591137968
925,-0.06915216033927553
926,-0.10823628711345079
927,-0.08192978234599096
928,-0.08192978234599096
929,0.003057526760914698
930,-0.10535765188993305
931,-0.06994456139836559
932,-0.12817956307714712
933,-0.015781633240043495
934,0.013518205237560829
935,-0.07853035954081691
936,-0.05056463940485811
937,-0.120628354937645
938,-0.08272198327480058
939,-0.07130441068528316
940,-0.07839292596069643
941,-0.02439980438533336
942,-0.02439980438533336
943,-0.04773782422554727
944,-0.09067093976500085
945,-0.07666847003867847
946,-0.08964417001307173
947,-0.07271733398261225
948,-0.09397258839292875
949,-0.061966025009938044
950,0.0001608744925152181
951,-0.09771625247257874
952,-0.09926959091257706
953,-0.10079167579057013
954,-0.08225762145691673
955,0.0018871188336048088
956,-0.009027515205318
957,-0.09294099141583309
958,-0.09416191929533718
959,-0.0123345700745811
960,-0.10781575035509944
961,-0.09722324129583088
962,-0.14106105610324704
963,-0.09899322022544219
964,-0.060875494935988456
965,-0.09246334096294484
966,0.07539156268900031
967,-0.0027778716203377095
968,-0.00569120889557645
969,-0.08710152284854324
970,-0.06455183265733368
971,-0.12603119414759123
972,0.0014922401007404838
973,-0.0822664430870249
974,-0.1274420980216985
975,-0.07191127108716909
976,-0.07328495039529884
977,-0.14290905327859085
978,-0.05928437672837732
979,-0.009744028930986632
980,-0.05844365802378677
981,0.07199118241674862
982,-0.05691393643758508
983,-0.1350504007580935
984,-0.07920750925392826
985,-0.07580767827429481
986,-0.052378590968625155
987,-0.052456689510283504
988,-0.05193405007666523
989,-0.1336261842272721
990,-0.05407995572084627
991,-0.06325104309699751
992,0.010133964844004091
993,-0.09090045719693633
994,-0.028113858237844618
995,-0.13782475091045004
996,-0.13782475091045004
997,-0.06429908925153409
998,-0.0676019104029055
999,-0.14154276863570728
1000,-0.13720176388180647
1001,-0.09331338521067759
1002,0.010893228375681317
1003,-0.05158668667212206
1004,-0.055836160440770166
1005,-0.05992110148013456
1006,-0.07068749251843848
1007,-0.13538566348658262
1008,-0.13657385597849772
1009,-0.08275802785281211
1010,-0.05072900159416982
1011,0.1077878376581276
1012,-0.15865840988368568
1013,0.01370144942531345
1014,-0.07381840617706802
1015,0.02978310293369201
1016,-0.08599922537666575
1017,-0.041335223618993604
1018,-0.08383245959940688
1019,0.07611346910208071
1020,-0.029876840921886506
1021,-0.14179943273459944
1022,-0.07857338626966023
1023,0.009771639163057424
1024,-0.14256356150645635
1025,-0.034341453130799456
1026,0.12298557945104546
1027,-0.047261266425269316
1028,0.01690581760989851
1029,-0.06608417463161624
1030,-0.06478107168749997
1031,-0.06608417463161624
1032,0.07362520233352106
1033,-0.02953040280800375
1034,-0.14585251932600865
1035,-0.11967473361872824
1036,-0.06446172830099989
1037,-0.039503234556568956
1038,-0.030419146608794512
1039,-0.04735489167496116
1040,-0.13503992858646274
1041,-0.03080061649223546
1042,-0.1171576767382136
1043,-0.052776266563129295
1044,-0.10498099206555216
1045,-0.07270608715229109
1046,-0.07532747263263745
1047,-0.04913040270584609
1048,-0.09621213361663894
1049,0.037530303797770476
1050,-0.0824093405851165
1051,-0.11905122155829347
1052,-0.08743441466846821
1053,-0.05066030425902061
1054,-0.12654791610373303
1055,-0.02779309781907323
1056,-0.06916476629234271
1057,-0.11964787540939627
1058,-0.06063654877385519
1059,-0.04444008742451651
1060,-0.07707483264832256
1061,-0.12116536528035882
1062,-0.08350682530508498
1063,-0.053710621125098515
1064,-0.05637316768803525
1065,-0.05330526279392807
1066,-0.02111328044723263
1067,-0.07003370392114654
1068,-0.1157397574701207
1069,-0.08018568620523754
1070,-0.04456738991516614
1071,-0.03401798131039151
1072,-0.11578548982357038
1073,-0.10516670869430719
1074,-0.05788271858632792
1075,0.01475372751506535
1076,-0.10394854067512002
1077,-0.061864932750626156
1078,-0.04626389110900067
1079,-0.06019465910794838
1080,-0.05847934333320311
1081,-0.08802686401969112
1082,-0.10103032126000004
1083,-0.10129193224525888
1084,-0.08794864442571414
1085,-0.08794864442571414
1086,-0.034511972188943536
1087,-0.08848247907180047
1088,-0.08335129629014368
1089,-0.06811053281795139
1090,-0.06487077474824861
1091,-0.06774011318862584
1092,-0.05224448790463269
1093,-0.06721312571625962
1094,-0.05926948219873856
1095,-0.07118353085330907
1096,-0.06492985830358258
1097,-0.11322661116645161
1098,-0.0313460837572062
1099,-0.08680170313017156
1100,-0.08680170313017156
1101,-0.06519032358989713
1102,-0.09841199097066537
1103,-0.09841199097066537
1104,-0.0910802637539987
1105,-0.07921252109699717
1106,-0.05838239505845038
1107,-0.09080674687473612
1108,-0.08913800909270346
1109,-0.04113347132354624
1110,-0.1071352812655302
1111,-0.1314418332550616
1112,-0.09300755890944244
1113,0.012064687946525333
1114,-0.09221208193621602
1115,-0.07878049707181625
1116,-0.08568523046289005
1117,-0.03026331303312568
1118,-0.11767647155027287
1119,-0.04725043489279568
1120,-0.06467285459524526
1121,-0.08983833147622379
1122,-0.0638623008607182
1123,-0.05810589135344169
1124,-0.13449662026045683
1125,-0.03491300352983813
1126,-0.09782739568583643
1127,-0.08871999116960295
1128,-0.08241949671859779
1129,-0.08241949671859779
1130,-0.06670844456266829
1131,-0.08601517413102613
1132,-0.06545553248821845
1133,-0.08109156224387487
1134,0.0038815470394595233
1135,-0.11602929489252345
1136,-0.09461083859192868
1137,-0.05546058525611868
1138,-0.0788581799233655
1139,-0.060578188677231665
1140,-0.07257376982540333
1141,-0.11249803482164067
1142,-0.044020711276808955
1143,-0.13333137176753293
1144,-0.06729973881064422
1145,-0.061344920380578705
1146,-0.060621798867624824
1147,-0.0798856588380351
1148,-0.1443026802462448
1149,-0.11441179218979855
1150,-0.06593610102338719
1151,-0.039149669773951914
1152,-0.06862632439806997
1153,-0.07486284136893363
1154,-0.1310595616141851
1155,-0.06715877336539634
1156,-0.0913187691629781
1157,-0.07174450287652073
1158,-0.0913187691629781
1159,-0.1028590867767212
1160,-0.07310143339139567
1161,-0.08263873185564752
1162,-0.10299215668901252
1163,-0.10299215668901252
1164,-0.09171221872165136
1165,-0.04822893156320007
1166,-0.0885449015965311
1167,-0.0885449015965311
1168,-0.07216693656588986
1169,-0.004212457978702379
1170,-0.11505259255781343
1171,-0.06816172971264181
1172,-0.06113334413229265
1173,-0.1375329118906119
1174,-0.09991084943971584
1175,-0.06275889408757346
1176,-0.11966882232713855
1177,-0.09275282456283213
1178,-0.0697531838823566
1179,-0.11872099437969505
1180,-0.03196244944373126
1181,-0.08676419676635443
1182,-0.12064013941487381
1183,-0.12291927436157711
1184,-0.061783532877984396
1185,-0.12476026976784306
1186,-0.12014384734032761
1187,-0.032003935364900093
1188,-0.059071347766985895
1189,-0.12407774173628687
1190,-0.006159168295905907
1191,-0.050227435567414984
1192,-0.04923939613788238
1193,-0.04960755808213204
1194,-0.12934900449483752
1195,-0.12934900449483752
1196,-0.08989004867304864
1197,-0.08839852539500462
1198,-0.07627397318403448
1199,-0.11703815355646564
1200,-0.12752471887944006
1201,-0.12392619849246907
1202,0.007254771945258997
1203,-0.1309720051745973
1204,-0.13357862319450586
1205,-0.023947122947438313
1206,-0.05012663218871517
1207,-0.11006642673935504
1208,-0.10624572714852726
1209,-0.0644916566879824
1210,-0.12891529550619235
1211,-0.12191998409758942
1212,-0.12402183419407253
1213,-0.10965396330576092
1214,-0.04452002653626491
1215,-0.06574419077026003
1216,-0.1166665187816165
1217,-0.06357511363002608
1218,-0.06221197143201835
1219,-0.005467440700109036
1220,-0.07146444870614405
1221,-0.09020937448065014
1222,-0.09020937448065014
1223,-0.10214268802578894
1224,-0.06027150030784625
1225,-0.09867444727566106
1226,-0.09648291439112588
1227,-0.04643419380483246
1228,-0.04632524620233124
1229,-0.0491164784910006
1230,-0.09457530602949923
1231,-0.09018845837509566
1232,-0.05032084541260663
1233,-0.10734398907804911
1234,-0.10003471823643306
1235,-0.0742903050200905
1236,-0.04745082290665765
1237,-0.10309509961939353
1238,-0.0399561005692298
1239,-0.08862865387628488
1240,-0.06653842729409633
1241,-0.11238467672009296
1242,-0.048266026376386134
1243,-0.12177716157737122
1244,-0.08884561018029334
1245,-0.09113251797145365
1246,-0.11216246245561454
1247,-0.012822965381211304
1248,-0.0828057062724813
1249,-0.07650747675684431
1250,-0.06304244781634413
1251,-0.10088397682097583
1252,-0.04856463633718746
1253,-0.06620469034133203
1254,-0.11361751810676514
1255,-0.10387170440282685
1256,-0.05808578754588095
1257,-0.04855797991900421
1258,-0.05663824994822167
1259,-0.05293171674425832
1260,-0.05242860078091824
1261,-0.13834735144300941
1262,-0.06511266341237709
1263,-0.08333168131096116
1264,-0.0493033583606584
1265,-0.11570208541941145
1266,-0.03654077526650974
1267,-0.10807950337128594
1268,-0.1151749401897994
1269,-0.0629793631616406
1270,-0.06680637614780625
1271,-0.04894509932245872
1272,-0.042251821671203546
1273,-0.07065595567739887
1274,-0.07239477420106732
1275,-0.04166935113559169
1276,-0.07263565263245904
1277,-0.03838242008976319
1278,-0.09588683301556443
1279,-0.0462169144773674
1280,-0.0588864034135613
1281,-0.036672016968467724
1282,-0.12803302249613807
1283,-0.04471057066893379
1284,-0.041216441753145296
1285,-0.03956108407240651
1286,-0.0705188777814417
1287,-0.04672844205316369
1288,-0.07405736141980104
1289,-0.12995074420421726
1290,-0.032252511602927816
1291,-0.05082383615481357
1292,-0.06166207648960018
1293,-0.05288513578687088
1294,-0.04292335041857076
1295,-0.08546459825602525
1296,-0.08451766155299155
1297,-0.04759174604965993
1298,-0.09114191757633379
1299,-0.14434480027853014
1300,-0.0875257447955873
1301,0.0033280483177383
1302,-0.042792151225876894
1303,-0.0730127987219855
1304,-0.09176355950633423
1305,-0.05184853641501533
1306,-0.0530571870112322
1307,0.008695063715488748
1308,-0.044119899249367205
1309,-0.043984567263333794
1310,-0.011276483419360411
1311,-0.13117445662679517
1312,0.020727167954833314
1313,-0.049783081006690044
1314,-0.05266309959006726
1315,-0.06261436163224779
1316,-0.183474503604213
1317,-0.12650844770330302
1318,0.015457276458855357
1319,-0.08160867716727904
1320,-0.10392406785034199
1321,-0.04991257884509544
1322,-0.14408091888877606
1323,-0.041989445315847335
1324,-0.13806302260353093
1325,-0.04694052367806098
1326,-0.027896617041849328
1327,-0.10595723692075214
1328,-0.05761077078038097
1329,-0.05297035938807989
1330,-0.0982744522670771
1331,0.005156604878377736
1332,-0.05723207571543982
1333,-0.09551301787520365
1334,-0.12533055197855703
1335,-0.08469946256310666
1336,-0.04959234884566164
1337,-0.060488208291622
1338,-0.10732024542039399
1339,-0.037946511655664296
1340,-0.11644895805812984
1341,-0.06763037805595543
1342,-0.03714576732855289
1343,-0.05982819004984899
1344,-0.09403384913277332
1345,-0.03346276925977649
1346,-0.07814347364015255
1347,-0.02965671973932234
1348,-0.03290950858434065
1349,-0.15207766699092867
1350,-0.08308190034145924
1351,-0.030653569761838455
1352,-0.09016524815761438
1353,-0.03758395391321217
1354,-0.02899991201927118
1355,0.027860286449433978
1356,-0.08071918597239867
1357,-0.00812722678431177
1358,-0.045497210179421314
1359,-0.10329387493600661
1360,-0.049193979909849535
1361,-0.12337338334424529
1362,-0.05075831306175905
1363,-0.05331532140860151
1364,-0.053755267430384855
1365,-0.1376965317058909
1366,-0.09097193732867725
1367,-0.06452827607783129
1368,0.009659477283543156
1369,-0.060073563674207714
1370,-0.1371035248701767
1371,-0.029298868288010847
1372,-0.131899198670445
1373,-0.18372039711053503
1374,-0.07043662616949087
1375,-0.0739236160422926
1376,0.016438574141933292
1377,-0.026483310058358144
1378,-0.18841574841464018
1379,-0.08552748175201771
1380,-0.04804674941116315
1381,-0.06091483994569008
1382,-0.15495315238443755
1383,-0.18843706354135328
1384,-0.1348259462995116
1385,0.007582744259492642
1386,0.01957446842924549
1387,-0.029844644098818825
1388,-0.06678568532235905
1389,-0.06678568532235905
1390,-0.047670771223854096
1391,-0.052898503662182225
1392,-0.11407444797756751
1393,-0.06296553968734289
1394,-0.05967838834428323
1395,0.0246265699432187
1396,-0.05981361466970703
1397,-0.06507079843080249
1398,-0.04457418389929582
1399,-0.031308411163695336
1400,-0.10869487883395217
1401,-0.12898679423212212
1402,-0.10869487883395217
1403,-0.06565499660882414
1404,-0.06752660316609171
1405,-0.05426817758093216
1406,-0.1023276589883593
1407,-0.10140675601915622
1408,-0.03590692686578322
1409,-0.05454864218665657
1410,-0.15220946102129748
1411,-0.2031296022680289
1412,-0.029100073827507712
1413,-0.10400059848473153
1414,-0.05665818749460027
1415,-0.056787267321380897
1416,-0.05296659120758523
1417,-0.052014716595396276
1418,-0.09260902807646997
1419,-0.041078023678285405
1420,-0.04756959753527599
1421,-0.04537186158838453
1422,-0.057197252437263736
1423,-0.13225466638029487
1424,-0.05640237838282428
1425,-0.05902213048061271
1426,-0.12032265956410536
1427,-0.06893350511156159
1428,-0.208420999050705
1429,-0.1467774973105066
1430,-0.0009560511009946473
1431,-0.04664027929274463
1432,-0.059454208009788415
1433,-0.06049947018042751
1434,-0.14638031795412867
1435,-0.014802660918236695
1436,-0.05412958747447722
1437,-0.02429686370741018
1438,-0.05272743605655529
1439,-0.025793986797911055
1440,-0.12328824466975563
1441,-0.11931966256506168
1442,-0.057478060019312605
1443,-0.10988614261518749
1444,-0.037352830119809166
1445,-0.05751662057548318
1446,-0.0586248984084194
1447,-0.14991814642335224
1448,-0.0117733417131162
1449,-0.017908060014608502
1450,-0.007202912090637184
1451,-0.11563131088942939
1452,-0.029452621001403365
1453,-0.022758303726763556
1454,-0.15425938703448944
1455,-0.03774543270309376
1456,-0.03774543270309376
1457,-0.1644283958520197
1458,-0.026519815102617656
1459,-0.033113437187003485
1460,-0.025731613212286345
1461,0.02008409248707466
1462,-0.0003702714114019943
1463,-0.11659904043587777
1464,-0.11659904043587777
1465,-0.1540609241720446
1466,-0.038153026156439784
1467,-0.11822046007396186
1468,0.021555149767667686
1469,-0.11025091428523391
1470,-0.0008047637403118646
1471,-0.06705132628520721
1472,-0.0072403675307959395
1473,-0.020706072508759308
1474,-0.09926326636862842
1475,-0.14840365684365775
1476,-0.051453614622249566
1477,-0.0022645758263352255
1478,-0.0967160486353658
1479,-0.021158728688512873
1480,-0.018356028949395038
1481,-0.015169846973799217
1482,-0.1695990797276499
1483,-0.018014543597090666
1484,-0.0459267560685096
1485,0.02529096955787087
1486,-0.07319982770814974
1487,-0.08994112438239275
1488,-0.016623389254288596
1489,-0.01585803940850246
1490,-0.09676993030261062
1491,-0.02203604632154062
1492,-0.08303812872801282
1493,-0.07390439315648527
1494,-0.1351134139636438
1495,-0.07345598843863216
1496,-0.07345598843863216
1497,-0.03494369575558044
1498,-0.019624606752090754
1499,-0.043698525914696
1500,-0.031236739837846122
1501,-0.02824983834277052
1502,-0.06519141717446772
1503,-0.049767015682607836
1504,-0.024795657598481215
1505,-0.0665463355294605
1506,-0.0676233489250427
1507,-0.008228811961998555
1508,-0.01832887010205798
1509,-0.017567140284609407
1510,-0.12493718491427352
1511,-0.013451532695281229
1512,-0.03993720855478944
1513,-0.05184003460674739
1514,-0.05897826316822652
1515,-0.05897826316822652
1516,-0.15083814402233983
1517,-0.05511689119859799
1518,-0.07721194333266981
1519,-0.07084390329195597
1520,-0.013655818810056387
1521,-0.023712972980326763
1522,-0.06954994942893444
1523,-0.062455551930952244
1524,-0.11834479982928087
1525,0.014332154782939885
1526,0.02651853606941418
1527,-0.054576269227579306
1528,-0.059564833631024085
1529,-0.04098234265226857
1530,-0.05526276369378253
1531,-0.08196775828842452
1532,0.014034417671137204
1533,-0.10628342421716566
1534,-0.1235596061996425
1535,-0.09934854238161382
1536,-0.08179008572437264
1537,0.03595292404183301
1538,0.023251005218287456
1539,-0.09107257854323814
1540,-0.14232587485983775
1541,-0.04987749557024058
1542,-0.14343431959689948
1543,-0.10262960240759804
1544,-0.04921317536205074
1545,0.006998482676110685
1546,0.01275304974987938
1547,-0.04715961732592639
1548,0.0012160362405801573
1549,0.025034965276130607
1550,-0.052886278546768216
1551,-0.1299589907567207
1552,0.024645496486552072
1553,-0.058614797133352985
1554,-0.06017756119091375
1555,-0.024255132872807717
1556,-0.049536546924403936
1557,-0.07135095303215136
1558,-0.0028366177542524657
1559,0.0225773528849403
1560,-0.008572223357076848
1561,-0.058789942432116014
1562,-0.058789942432116014
1563,-0.07446753216770483
1564,0.006744351487900572
1565,-0.0003920594076541149
1566,0.0028651653393603716
1567,0.00798556758084534
1568,-0.09120662197199521
1569,-0.09186073402198816
1570,-0.06251438944359954
1571,-0.06384197030521503
1572,-0.06337886190389501
1573,0.04796060307171488
1574,-0.15966304653632085
1575,-0.054560544404769186
1576,-0.14640763198150866
1577,-0.056910096105248144
1578,-0.15391003389385893
1579,-0.0061227296382487546
1580,-0.04956686005889377
1581,0.008902636458601124
1582,-0.0913967669954809
1583,-0.04220523754966638
1584,0.04990264184389827
1585,0.014753700524243215
1586,-0.11409655157934226
1587,-0.03968495718722818
1588,-0.07511291767903928
1589,-0.04205450927224739
1590,-0.16216339707178498
1591,-0.03461368553698205
1592,-0.0009489060138452504
1593,-0.0009489060138452504
1594,0.008128586408020215
1595,-0.10036455897846476
1596,-0.03514700775737539
1597,-0.03527786891773852
1598,-0.1690447013578793
1599,0.02971798443740605
1600,0.00835931354931107
1601,-0.08143192777129397
1602,-0.08143192777129397
1603,-0.17712307547152095
1604,-0.033088255218381366
1605,-0.11187587898473746
1606,-0.11085481779959543
1607,-0.029135530174704792
1608,-0.18348197867976976
1609,0.025005657606190418
1610,-0.006856603596929953
1611,-0.01071508717736592
1612,-0.0036648917794051337
1613,-0.08036509827302014
1614,-0.19280473155407063
1615,-0.09252397153770964
1616,0.014778303754517927
1617,-0.010833924374712504
1618,-0.019638059744190514
1619,0.004472736759494485
1620,-0.005378811956845795
1621,0.0009911754330680024
1622,-0.1127153535605456
1623,-0.009455519668787604
1624,-0.18577246586252638
1625,0.02915839718753866
1626,-0.052036346722753715
1627,-0.022974089295639398
1628,-0.008693193710469983
1629,-0.018443840776765044
1630,-0.018443840776765044
1631,0.033299716046622074
1632,-0.003046064651578185
1633,-0.01876473943458372
1634,-0.03649582689561451
1635,-0.02278168207159906
1636,-0.06902053640838296
1637,0.016791935321691785
1638,0.011765858696245099
1639,0.01450395287059988
1640,0.016397221173569444
1641,-0.022347188366641374
1642,-0.09403938055524862
1643,-0.01670533601743274
1644,0.05898033652600675
1645,-0.05659890082252232
1646,0.01613423351918816
1647,-0.012875430974578364
1648,-0.18466044962040545
1649,-0.027914357013957673
1650,-0.09635783809394842
1651,-0.05446044389520959
1652,-0.01496543299823864
1653,-0.017574528873602918
1654,-0.02685294075626843
1655,-0.014141525892827767
1656,-0.012770034859077628
1657,-0.1004008647664679
1658,-0.008398458922814583
1659,-0.00760158801428682
1660,0.06347900939504114
1661,-0.030467308489407645
1662,-0.05826379446542983
1663,-0.02306132012716122
1664,-0.002896644428973698
1665,-0.16920078368827818
1666,-0.04658836849804886
1667,-0.06206386514867953
1668,-0.06206386514867953
1669,-0.07965804594855369
1670,0.02070741400878293
1671,0.001771867322641045
1672,-0.020647103571478864
1673,-0.018892999085682084
1674,-0.034051033137893455
1675,-0.17904607360136182
1676,0.053756572154133354
1677,-0.01347151190013572
1678,-0.0030376048314630206
1679,0.00035334141510650745
1680,-0.001027914312284849
1681,-0.05160416900716893
1682,0.014325701038885147
1683,-0.016817580789475692
1684,-0.11375910619231401
1685,-0.18888450064766812
1686,-0.010841696275752759
1687,-0.033488718806508604
1688,-0.0202974681177916
1689,-0.10226996300291163
1690,0.03599376849521167
1691,-0.06748496961894221
1692,0.0006419809939417145
1693,-0.016090212234477385
1694,-0.005268336110936863
1695,-0.2029619671509882
1696,-0.040935800401473946
1697,-0.025260149975090632
1698,0.0028362613120644815
1699,-0.05263110082959874
1700,0.01758984940228597
1701,0.031519245007145126
1702,-0.018607161100427053
1703,0.0016247175365930635
1704,0.03362813043839698
1705,-0.030489171446057124
1706,-0.020578039177197725
1707,-0.022144265917132262
1708,-0.04356851947563625
1709,-0.053782390092529435
1710,0.020519190780766444
1711,-0.087501644353857
1712,-0.087501644353857
1713,-0.01927808095440146
1714,0.016166070242352535
1715,0.016166070242352535
1716,-0.01279633068892095
1717,-0.0048400691140582305
1718,0.031030739855423504
1719,-0.014083058606075094
1720,-0.01882026601250317
1721,-0.01882026601250317
1722,-0.21100240196455025
1723,0.03379897898188122
1724,-0.014045311201543181
1725,-0.05703222582262001
1726,-0.03659996038735678
1727,-0.01843846182131567
1728,-0.08488223848611266
1729,-0.056490816510537174
1730,-0.04108523673997564
1731,-0.003614122553809804
1732,-0.017520367212867625
1733,-0.04193826128025627
1734,0.008630428699579177
1735,-0.02427836438375833
1736,-0.07273850275963378
1737,-0.0294688893490588
1738,-0.1982698455753682
1739,-0.02634242520808335
1740,-0.07176535841857722
1741,-0.04838562945221037
1742,-0.03192888594518293
1743,-0.037845123043310995
1744,-0.19165921103685069
1745,0.028794125858594078
1746,-0.09328515416524294
1747,0.005292001446097776
1748,-0.0538697788436955
1749,-0.053912384032917066
1750,-0.020062991066778273
1751,-0.053066397950955274
1752,-0.18499928302659574
1753,-0.055130733031539085
1754,-0.06473532693096729
1755,-0.030505140856810577
1756,0.022469755150688126
1757,0.02543774619232211
1758,-0.017678006551481593
1759,-0.017558259145903934
1760,-0.012086649376319022
1761,-0.03828762385018233
1762,-0.041265756339910746
1763,-0.06705001824562327
1764,-0.06402367611839803
1765,-0.04308952413430258
1766,-0.2024250662055331
1767,-0.04175021366681413
1768,-0.04731488052298564
1769,-0.00571772872217889
1770,-0.18856453480398322
1771,0.03555955512410855
1772,-0.03663480084397252
1773,-0.056670615968704985
1774,-0.0561009164585085
1775,-0.07710377311512544
1776,-0.19604039122653003
1777,0.013613468120810091
1778,-0.04830322263041688
1779,-0.04523264617700984
1780,0.017346420752101528
1781,-0.195173333908253
1782,-0.02406387012942954
1783,-0.04360414931024215
1784,-0.07886237582518668
1785,-0.06996343159345746
1786,-0.06996343159345746
1787,-0.04075921642298433
1788,0.035134173377166726
1789,-0.06958664216917555
1790,0.014228314617702553
1791,-0.03302323080977395
1792,-0.032182392385740055
1793,-0.19131185029757083
1794,-0.06435428827858045
1795,-0.015589596796912712
1796,-0.02751865543004355
1797,-0.02925729890762569
1798,-0.0504211681722767
1799,-0.025381921140524136
1800,-0.07546731944974082
1801,0.029278365261650827
1802,0.018727988123448305
1803,-0.03166249989519465
1804,-0.07471519370333692
1805,-0.03368707460397407
1806,0.010939455907465456
1807,-0.008369196495619576
1808,-0.03677090073908029
1809,0.020658699912990797
1810,-0.0026738846800146102
1811,-0.06933492367703604
1812,-0.08405924481507908
1813,-0.01392792526014923
1814,-0.03832568694798658
1815,-0.08127317891340133
1816,-0.018931160284103465
1817,-0.022771299416459927
1818,-0.01102611397486998
1819,-0.011923597729239753
1820,-0.011144859449353199
1821,-0.08675041158115841
1822,-0.030435469710044072
1823,0.027138205292389642
1824,-0.020100116926137213
1825,-0.04105551175256134
1826,-0.08735326462890136
1827,-0.05927405154473076
1828,-0.02286147760298918
1829,0.025211214427642764
1830,-0.05321008134013018
1831,-0.040328079412801844
1832,-0.0734098873244779
1833,0.07674719649332441
1834,-0.018573250303174207
1835,-0.016065166088352487
1836,-0.10889630991902868
1837,-0.027943098986291947
1838,-0.031036535103937318
1839,-0.012427522235390074
1840,-0.032918932517334076
1841,-0.052602286625515936
1842,-0.030664977176740167
1843,-0.11865767748390897
1844,-0.034396370459663726
1845,-0.153377753826045
1846,-0.03283461379746313
1847,-0.08923131425069658
1848,-0.033252820011052155
1849,0.02140617700483303
1850,-0.04397968805109269
1851,-0.02933266041203856
1852,-0.042503409992794
1853,0.08748658239192673
1854,-0.013773888623376935
1855,-0.05125117830151438
1856,0.024012756105240583
1857,-0.011124467006110167
1858,-0.05720364698901421
1859,-0.050222405659429356
1860,0.031136089219330296
1861,-0.06011576851321265
1862,-0.05903984213882377
1863,0.049316099839500104
1864,-0.09091676815174042
1865,-0.06400357895969584
1866,-0.10230200294474143
1867,-0.0669587306830297
1868,-0.045242309220085306
1869,-0.004223955655002434
1870,-0.06561213307005048
1871,-0.056533653393803174
1872,-0.049091247688139925
1873,-0.05005926151111994
1874,-0.10343826949209331
1875,-0.03980494442167031
1876,-0.05128752729678514
1877,-0.00022964540752987194
1878,-0.09042601693375978
1879,-0.06533148097592617
1880,-0.04825881413128979
1881,-0.10565419494193716
1882,-0.08952373015537846
1883,0.014109407799741064
1884,0.0233416431941635
1885,-0.056663977720372107
1886,0.03186593239377453
1887,-0.05523079696683788
1888,-0.1025777474250934
1889,-0.06809683753644531
1890,0.012257014863019233
1891,-0.047435683258659725
1892,-0.04326089492836281
1893,-0.06718870368196357
1894,0.008703718193789603
1895,0.004632955711355928
1896,-0.0013771691743259932
1897,-0.0013771691743259932
1898,-0.08216727318234462
1899,-0.05812582072321938
1900,0.05938601093603957
1901,-0.033865934561535145
1902,-0.025045050772828134
1903,-0.03647173046573751
1904,-0.08145014045768106
1905,0.004710104002813126
1906,-0.006112965047915281
1907,-0.0943511363293634
1908,0.016906593350473984
1909,0.012490782767814618
1910,-0.03110611887002145
1911,-0.08930769407276384
1912,-0.012948690566259708
1913,0.017419106317959492
1914,-0.07037947832298529
1915,-0.005514652229035438
1916,-0.005514652229035438
1917,0.06136375301150533
1918,-0.05160379325205677
1919,0.06505167281847721
1920,-0.022814110932541567
1921,0.04099935757349587
1922,-0.027169048134301203
1923,-0.09242348723195842
1924,-0.02099240953887708
1925,0.02549909109446005
1926,-0.08197215307899733
1927,0.02697755707934076
1928,-0.09007563125090547
1929,0.03131262040293345
1930,0.0068355353709025945
1931,-0.11246220627242255
1932,0.027589901413883774
1933,0.018889761394062784
1934,-0.046100330823002716
1935,0.06675860881014783
1936,0.019939617780285968
1937,-0.09089802672113005
1938,-0.09079216357362813
1939,0.016986241996691156
1940,-0.0739397640656604
1941,0.0033011939876556465
1942,-0.07824268792313704
1943,0.0021066972003014467
1944,-0.0022947449048479084
1945,-0.08357594473174518
1946,-0.04867485877985907
1947,-0.04336329518625059
1948,-0.04336329518625059
1949,-0.01615152561660266
1950,-0.052512965673873216
1951,0.06716417457389495
1952,-0.014955052135631352
1953,0.016573877476400246
1954,-0.03886400206249566
1955,-0.009141435378719125
1956,-0.12392991847482182
1957,-0.02118585187908671
1958,-0.04268430852891582
1959,-0.09213761558123083
1960,-0.08483260968534216
1961,0.0826418942049599
1962,-0.04909858466458142
1963,0.027807530032573535
1964,-0.034481170494451645
1965,-0.04252190192619155
1966,-0.04658158552725955
1967,-0.03815300106420699
1968,-0.08263473207470948
1969,-0.03650785960539056
1970,-0.029918472430589826
1971,-0.03817050273948324
1972,0.039900059930227376
1973,-0.03708580332365349
1974,-0.03708580332365349
1975,-0.031222569576612715
1976,-0.03298782339811973
1977,-0.031419692324929104
1978,-0.13307316024957425
1979,-0.10180019338034581
1980,-0.030633180667111713
1981,-0.002553112479602552
1982,0.09426026630438791
1983,-0.032529536313538644
1984,-0.034549795405157485
1985,-0.034188549004446844
1986,-0.040233540768866
1987,-0.03886018695252818
1988,-0.10080111291388125
1989,0.0824867466464968
1990,-0.022439494260451033
1991,-0.025226423560837125
1992,-0.009042597336379268
1993,-0.059339031514311746
1994,-0.15051501051669033
1995,-0.06416346857214536
1996,-0.077284921402184
1997,-0.11783660984095089
1998,-0.08431582875099432
1999,-0.1157212933682538
2000,-0.02703404867352787
2001,-0.0792573054387159
2002,-0.0792573054387159
2003,-0.0831289918143788
2004,-0.06398643664466017
2005,0.006395915332071759
2006,0.0850019140368219
2007,-0.0009859203705518532
2008,-0.12083259550081903
2009,0.04021796948163125
2010,-0.21912259043615467
2011,0.047804636665338185
2012,0.037345993297235223
2013,-0.08641549416572675
2014,-0.0943063744149855
2015,-0.022455255027794697
2016,-0.1042474320750543
2017,-0.014898368417587559
2018,0.021731256519570568
2019,-0.1048035681747747
2020,-0.14371761990509263
2021,-0.04920692377630144
2022,-0.1795776253574209
2023,-0.05531210761759705
2024,-0.02629841654245964
2025,0.023095879052145538
2026,0.06910143689102813
2027,-0.058000055330154385
2028,-0.1324436802205714
2029,-0.0006254802312140996
2030,-0.12139471410982244
2031,-0.07313586260543115
2032,-0.018407182949278542
2033,-0.1068790499730149
2034,-0.014830646242154532
2035,-0.005570018039924426
2036,-0.12243368038704273
2037,-0.03257302412028569
2038,-0.15539346010421873
2039,-0.11891566529399776
2040,-0.2352262944491776
2041,-0.04270024124676365
2042,-0.01207763957565942
2043,-0.11811288460913748
2044,-0.008855847130646884
2045,-0.11000503876799682
2046,0.04860706820031567
2047,0.0432990568943987
2048,-0.10190139965456389
2049,-0.11960977007720876
2050,-0.0397003520730025
2051,-0.11987399037017671
2052,-0.11391735127707733
2053,-0.1086197382252436
2054,-0.0340165440917019
2055,-0.007795568314631181
2056,-0.1006251274066776
2057,-0.007298299175681315
2058,-0.005871736508734988
2059,-0.017214188424486347
2060,-0.005322250636248905
2061,0.04331472898161894
2062,-0.09852958214869126
2063,0.03381610285501838
2064,-0.15326716479423494
2065,-0.09686247637887312
2066,-0.009103218035724465
2067,-0.049611183948785484
2068,-0.10143710864603946
2069,-0.23088355860956533
2070,-0.23088355860956533
2071,-0.05914360181474768
2072,-0.015217219035948025
2073,-0.09714384473704893
2074,-0.09762330873907585
2075,0.031117865566413362
2076,-0.10041858095825361
2077,0.04690357979618556
2078,-0.05563436791733985
2079,0.00018192552296609254
2080,0.03542530263717561
2081,-0.09272067809694455
2082,0.02278135149945576
2083,-0.0018448901637764727
2084,0.05817178197485946
2085,-0.0819812490220868
2086,-0.17556805022740898
2087,-0.07573010806339707
2088,-0.04039626141373548
2089,-0.08610972448264129
2090,0.017826651347363092
2091,-0.07880635100282421
2092,0.0018435755580945192
2093,-0.0790802643489934
2094,-0.01511869877310572
2095,-0.07644068590716661
2096,-0.00035301536454379097
2097,-0.22549840764692386
2098,-0.07824274194501571
2099,-0.08284147751403692
2100,0.06512096826422212
2101,0.0027616341270984
2102,-0.074497648113148
2103,-0.0003213516074209926
2104,-0.09717572341993284
2105,-0.06665364376323821
2106,-0.0046643512253636285
2107,-0.06360240974730111
2108,-0.07195442047979135
2109,-0.056635854185054096
2110,-0.07502892111095122
2111,-0.09965538081138496
2112,-0.15445295411300972
2113,-0.002344487857556087
2114,-0.007868539778033395
2115,0.0029150863044199054
2116,0.05408180959566278
2117,0.015921400494596907
2118,-0.12746404488361568
2119,-0.16385624880804867
2120,-0.05875897638395504
2121,-0.10600851528223562
2122,0.05450669521911528
2123,0.05450669521911528
2124,-0.05793765619020856
2125,0.0172458082881818
2126,-0.05620468446429668
2127,-0.053578396359183315
2128,-0.010129443464349974
2129,-0.04628474881287522
2130,-0.05439899437687296
2131,-0.06742904255410274
2132,0.008902549733613726
2133,-0.04645842656056942
2134,-0.039939049995135145
2135,-0.0664027749148907
2136,-0.11114968137591609
2137,-0.22972913658953173
2138,-0.050352269240986264
2139,0.019988976852386587
2140,0.018774878695056774
2141,-0.007532235489604126
2142,0.01321382259263231
2143,0.011924321691853694
2144,-0.15641107047938602
2145,-0.1053268462527849
2146,0.017782502352720497
2147,-0.030507199258105633
2148,0.0291271102910506
2149,0.027654507093128965
2150,-0.03895671031987956
2151,-0.22104462614423923
2152,-0.16050530149449854
2153,0.08352603782654995
2154,0.006885686898952462
2155,-0.03172028909443574
2156,-0.03460279813864252
2157,0.061157831538882844
2158,-0.025614561173456556
2159,-0.025261838794806316
2160,0.005523306808255894
2161,0.010354294433897253
2162,-0.06122310452505532
2163,-0.09615789181584793
2164,-0.021329118037432596
2165,-0.021329118037432596
2166,-0.02100144861870632
2167,-0.1056680391844542
2168,-0.048834473466243054
2169,-0.05920019760727141
2170,-0.00588674149429142
2171,0.06364576982020012
2172,0.037648075445483146
2173,-0.039355709699221544
2174,0.02763499051773075
2175,0.06382154549508093
2176,-0.11383740138117746
2177,-0.14393587065220936
2178,-0.009212746314521111
2179,0.06081388776878144
2180,-0.10433613579250729
2181,-0.02045134667315084
2182,-0.21271450406479891
2183,-0.21271450406479891
2184,-0.04106323668281349
2185,-0.016752061630297688
2186,0.07129519081887568
2187,-0.008572789786448657
2188,0.07842176524420619
2189,0.07325173426154796
2190,0.0036358724860837705
2191,0.0754845207303318
2192,-0.012792656269682004
2193,-0.0883345754821612
2194,0.023359354927369833
2195,-0.003864338307859481
2196,0.07557004940571711
2197,-0.002272098509833115
2198,-0.08238632442641858
2199,-0.21467893541274433
2200,0.07093063943142207
2201,-0.045213781531835466
2202,-0.1739172901615031
2203,-0.06567752444004388
2204,-0.0017098261591061707
2205,0.08343856541001127
2206,0.006289719194033716
2207,0.030479563651671412
2208,0.01561693523080652
2209,-0.13182183980698126
2210,-0.0810898469776138
2211,0.013180838948345368
2212,-0.0004514095429613554
2213,0.012501656145915583
2214,-0.058188650728721404
2215,0.009692324807321701
2216,-0.030744689307136263
2217,0.09926517302318424
2218,-0.21194024327833144
2219,0.010991672697402668
2220,0.01389651885477615
2221,0.04412509748265357
2222,-0.08345735821792913
2223,0.017606447877124065
2224,0.017912412520818027
2225,-0.052102347445524146
2226,0.06704211524783374
2227,-0.09402976025706329
2228,-0.0004473625419798122
2229,0.07236968811201608
2230,0.00810524299947398
2231,-0.04336129352464729
2232,0.06829168450473311
2233,0.11862451925656271
2234,-0.14562182445100458
2235,0.02709919334221034
2236,0.026702865292658348
2237,-0.13279211248184683
2238,0.04821970187653784
2239,-0.1062558386873742
2240,0.022496405742026826
2241,0.05302231704403393
2242,0.05370623175185056
2243,0.021938598720440593
2244,-0.0032070787177545346
2245,0.03345967851236869
2246,-0.05946081921621054
2247,0.03415400153644368
2248,-0.041447209389191386
2249,-0.01976875374742671
2250,0.11368787614023028
2251,-0.038421123522823675
2252,0.021462137056069468
2253,0.05085771156292339
2254,-0.11559578455748333
2255,0.021514585674537057
2256,-0.07056513499575955
2257,0.041291371785960936
2258,0.03630316793301555
2259,0.014365716890665575
2260,0.022164063527182636
2261,0.05723537539634793
2262,0.03047663539708343
2263,0.026356698011737397
2264,-0.13526288061997147
2265,-0.10017583218612566
2266,0.012573972766911148
2267,0.018625998017056375
2268,-0.07504767215584479
2269,0.009629452130484318
2270,-0.19563996538403006
2271,0.09327670768691823
2272,0.01481936352156485
2273,0.00847915428990523
2274,-0.04352578477292754
2275,0.008428715713566909
2276,0.009384903129113943
2277,0.010473274672866519
2278,-0.01185914749307195
2279,0.04188265113778998
2280,0.003668545382372355
2281,-0.09496116223496541
2282,0.00454874496788609
2283,-0.011784376496474314
2284,0.04681539830859947
2285,0.04551253065265208
2286,0.03841775873837152
2287,0.11459174498936041
2288,0.029798380001311176
2289,0.005989468630537422
2290,-0.08249480791157206
2291,-0.12808215838889062
2292,0.006556773391939891
2293,0.005452130057522687
2294,0.028574998519704638
2295,-0.1688568612032472
2296,0.03174077039300101
2297,-0.05742083526326116
2298,0.004767065308849398
2299,-0.03156583605225669
2300,-0.012135898960980374
2301,-0.04801477535951335
2302,0.03651985111242175
2303,-0.05258453605404454
2304,0.011417597863313117
2305,0.038932456128634156
2306,0.008644592087654775
2307,-0.06910948277189306
2308,0.00620027927163426
2309,-0.1762019154506535
2310,-0.04441901316078108
2311,-0.1117927760267239
2312,-0.04685274735861246
2313,0.00747548622137283
2314,-0.02200001286039893
2315,0.010010577457885344
2316,0.04584963524246852
2317,0.1511490331118332
2318,-0.06806940568996042
2319,-0.13975944595103412
2320,0.013184062971599056
2321,0.007990777776965476
2322,-0.12526150084936324
2323,0.02393229119717939
2324,0.02393229119717939
2325,-0.16776291678216873
2326,-0.04936717421304993
2327,0.02651181660754624
2328,0.03912445293329116
2329,0.014360067394634503
2330,-0.05149815430495697
2331,0.14436755998060022
2332,0.04193879755047623
2333,-0.060750187082780224
2334,0.04641790956099111
2335,0.050773491214417224
2336,0.050714747252056866
2337,-0.070560329798796
2338,-0.14785254295904532
2339,-0.0414635956491287
2340,-0.05081163004620381
2341,0.03827656117797174
2342,0.011822848658145372
2343,0.03383616279211067
2344,0.11254131919527915
2345,-0.11276342579606932
2346,-0.021702927576718545
2347,0.03701072845182651
2348,-0.07971792954506099
2349,0.036460439414506794
2350,-0.12937838891917633
2351,0.014418054240614058
2352,0.030335179388283232
2353,0.03649819419526415
2354,-0.0579959454034738
2355,0.04067464114602076
2356,-0.04031495933318198
2357,0.0339469918418632
2358,-0.015299168736099707
2359,-0.03128475383756954
2360,0.04455007110187215
2361,-0.03844413826533436
2362,-0.05560162163100341
2363,0.05092361630002932
2364,0.05755122415724892
2365,-0.06168188808546631
2366,0.026167957251888363
2367,-0.06046019617855786
2368,-0.15507528149407368
2369,-0.15507528149407368
2370,0.01518448262220042
2371,0.053075325070000234
2372,-0.15875628702131822
2373,0.0053192263327100356
2374,-0.05108758488848219
2375,0.11333105967163307
2376,0.05694350543065639
2377,0.006871117543716248
2378,0.019102909951867544
2379,-0.04036770855310645
2380,0.0033040662848564458
2381,-0.1715869701338127
2382,-0.06616151883933209
2383,0.04747198299095106
2384,0.046747419675387085
2385,0.04636082179380609
2386,-0.02109068241670706
2387,-0.0186021110921089
2388,0.009694382998356472
2389,-0.15188232713492997
2390,0.039165136406439253
2391,-0.06189979829174178
2392,-0.03324143811496169
2393,0.04947998243960161
2394,-0.06282048683489513
2395,0.044009306098232434
2396,0.07770997606812409
2397,-0.04080458671723464
2398,-0.01679216166943879
2399,-0.018728847226790097
2400,0.1017179501169713
2401,-0.018899323143649047
2402,-0.0757072708247813
2403,-0.018111898213214826
2404,-0.15767509074523056
2405,-0.005995177189745382
2406,0.025930589240044245
2407,0.022680316014840007
2408,0.020434135844608035
2409,-0.021581657901287323
2410,0.012020199241044352
2411,0.012020199241044352
2412,-0.06478577386533815
2413,0.012883443740597744
2414,-0.01994486633082029
2415,0.002407852487433274
2416,-0.04293157147243471
2417,0.1112482679969588
2418,0.0025458604821206638
2419,-0.002499338305479847
2420,-0.07971526877803993
2421,-0.02828785788974446
2422,-0.02828785788974446
2423,-0.03905377721525497
2424,-0.06368772681106181
2425,-0.024253815384218315
2426,-0.022141223251580484
2427,-0.002719562239235987
2428,0.09719013070362685
2429,-0.02043648955555463
2430,-0.021787142543239515
2431,-0.15163879342300857
2432,-0.02835497814367587
2433,0.04842309879970027
2434,-0.02705791067917061
2435,-0.020306018623495622
2436,0.0844567783631141
2437,0.02847128712413687
2438,-0.026431590817200448
2439,0.09909147018000328
2440,-0.030137325079052084
2441,0.05974435568407966
2442,-0.016212767896287006
2443,-0.032109059481645205
2444,-0.004732635042190378
2445,-0.022089090357955997
2446,-0.04953573183509038
2447,-0.04392220751152649
2448,0.002320854456251952
2449,0.05116979821691984
2450,-0.027587915573001238
2451,-0.027587915573001238
2452,-0.1386352830020405
2453,0.002828430480846441
2454,-0.026537464473731103
2455,-0.011644272408100339
2456,0.026377343451677592
2457,-0.051072252833046575
2458,-0.01762597796179765
2459,-0.040429850668389895
2460,-0.030827908685227
2461,-0.017804699309539287
2462,0.0038371943580472034
2463,-0.000101402926988211
2464,-0.020172124527625016
2465,-0.030374102462983835
2466,0.007135509518078477
2467,0.007135509518078477
2468,0.00538406962098204
2469,-0.038901623427163835
2470,0.010137107770144
2471,0.010137107770144
2472,-0.08560450567718503
2473,-0.03741133249201128
2474,-0.141575720353948
2475,0.02049660846246859
2476,-0.024867835634407316
2477,-0.09226757519404406
2478,0.029495704750451348
2479,-0.04034505234709032
2480,0.03367020372877122
2481,-0.08025047424053326
2482,0.02811493357423253
2483,-0.036191393379405475
2484,-0.027363113337504116
2485,-0.03850419944465536
2486,-0.08873368112968136
2487,-0.04559885488676355
2488,0.03839801942257286
2489,-0.061743986800781386
2490,-0.11732493293923202
2491,-0.0753426144723358
2492,-0.054436912267266595
2493,0.02842066844118279
2494,0.0983436488131619
2495,-0.04921318936180627
2496,-0.07320682869106962
2497,0.009860114483037093
2498,-0.026040872446196833
2499,0.007417111597453012
2500,-0.04081552725014451
2501,-0.14708038703332624
2502,-0.0033390427423853316
2503,-0.06218896253838529
2504,-0.0463185993952403
2505,-0.0015192387897558731
2506,-0.0015192387897558731
2507,-0.09977712616530533
2508,-0.03051695229407234
2509,-0.11819481693946514
2510,0.038636214625199033
2511,-0.07152115931057396
2512,0.0074905789629052125
2513,-0.03422751774764973
2514,-0.08533789807419213
2515,0.07415483921762313
2516,-0.06672724090298952
2517,-0.10914483789090598
2518,-0.0877480422477769
2519,0.010341727959791363
2520,-0.0890651118230069
2521,-0.04694881087843029
2522,-0.10905263097754034
2523,-0.09105718509905852
2524,-0.033383060293920894
2525,-0.10572166017720029
2526,-0.06777107621857502
2527,-0.0035131381256419876
2528,-0.011825191726904617
2529,-0.08884733576178015
2530,0.017823960666614003
2531,-0.07377585395348624
2532,0.05587864609252835
2533,-0.08503266658465812
2534,-0.0025617496614156465
2535,-0.018892799975411993
2536,-0.013473956264413162
2537,0.009651395291156196
2538,-0.11534200271393168
2539,-0.026111670823603297
2540,-0.08948577626005404
2541,-0.09461340137898036
2542,0.03248714388200295
2543,-0.06592816821703379
2544,0.002805333522775358
2545,0.008743428281757355
2546,-0.10086052297098667
2547,-0.06997371491806774
2548,-0.08581409226700473
2549,0.06489587307792113
2550,-0.06484187326398529
2551,-0.0667167331098381
2552,0.004843840748496222
2553,-0.014036076155591227
2554,0.07256375128747446
2555,-0.0998316009928139
2556,0.007440226490787263
2557,0.007123836980560132
2558,-0.054851003152491216
2559,0.03858489653683749
2560,-0.127237885937447
2561,-0.1962435819809757
2562,-0.09663625785692788
2563,-0.09670484593674528
2564,0.009132374784532566
2565,-0.10487034162702093
2566,0.007948854722507887
2567,0.018999129243323084
2568,0.018999129243323084
2569,-0.10935688484323128
2570,-0.13018183573712072
2571,-0.09801066074632336
2572,0.04548929491656512
2573,-0.08944856260405042
2574,-0.1060327193592741
2575,-0.11946889202335888
2576,0.01325308017608876
2577,-0.025026744017439137
2578,-0.07482935903294644
2579,-0.08342073598070085
2580,-0.029127646032619345
2581,-0.10073162800393728
2582,-0.09344541707936183
2583,-0.12033182178449803
2584,0.023115145730460192
2585,-0.12181385923096098
2586,0.024642168524444827
2587,-0.09538881810340266
2588,0.04397136630012652
2589,-0.10497918844206476
2590,-0.10269677682009135
2591,0.025293734568948848
2592,-0.11024974219522962
2593,-0.01613892778023981
2594,0.028714844021949005
2595,-0.11833663275899142
2596,-0.06448292951198352
2597,-0.10902626200289403
2598,-0.07488555581132582
2599,0.03207794862222408
2600,-0.03318438904625624
2601,-0.12404461308756035
2602,-0.10429308900098715
2603,-0.1032840507500046
2604,-0.10110731000633842
2605,-0.009577158244486593
2606,0.024724607888472507
2607,-0.0594412121518513
2608,-0.0833253608788977
2609,-0.08509293317287174
2610,-0.09916408922316912
2611,0.037937713132065065
2612,-0.08803076246426282
2613,-0.07979846567517658
2614,-0.15497202313250508
2615,-0.12161066274429287
2616,-0.09282019838303053
2617,0.026894800787866848
2618,0.026894800787866848
2619,-0.08221690403736961
2620,-0.07163794660993006
2621,0.04693391865016383
2622,-0.1019453712614328
2623,-0.05329715890687644
2624,-0.11633831643296072
2625,-0.07803107474860056
2626,-0.07507542937471257
2627,-0.06718964939179488
2628,-0.09369129859886081
2629,-0.03926822657622113
2630,-0.08107801979892419
2631,0.025800361503437928
2632,-0.016110939987117486
2633,-0.08659408929529214
2634,-0.08798259440754899
2635,0.0023219863926468823
2636,0.052372789214868896
2637,-0.04190281672253863
2638,-0.0926118212898271
2639,0.030436908706899853
2640,-0.09296273005006
2641,0.0408079903122543
2642,-0.0811558009544055
2643,0.018286858461775454
2644,0.020018926234936972
2645,0.01808369242783161
2646,-0.09009858726074697
2647,-0.08271625828969759
2648,-0.014398416530230744
2649,-0.040755039762012044
2650,-0.08167654651660321
2651,0.018286026809753306
2652,-0.08686376327495265
2653,-0.03230080504870103
2654,-0.07912615433269443
2655,-0.09722343966427228
2656,-0.025373419326926026
2657,0.027714237914641424
2658,-0.08042612676344908
2659,-0.08042612676344908
2660,-0.08494986653894224
2661,-0.018066506111531933
2662,-0.08395848496998741
2663,-0.08395848496998741
2664,0.019137920597036617
2665,0.02545611691502064
2666,-0.08371652255806168
2667,-0.0831275926580169
2668,0.024633050610904025
2669,-0.08835603261419885
2670,-0.09578289655180541
2671,0.04120388303624036
2672,-0.01589680648017368
2673,-0.08187679951899254
2674,-0.013819922701381784
2675,0.052204424698300875
2676,0.02045748049606364
2677,0.02045748049606364
2678,-0.037923977374434995
2679,-0.11809174441226156
2680,0.04182007837473199
2681,-0.07659623929877535
2682,-0.07713615440650191
2683,-0.03930441698796947
2684,0.051655343079550366
2685,-0.03838449351796094
2686,-0.07613020113862778
2687,0.02718138300090144
2688,0.004420733942694994
2689,0.021587561318229292
2690,-0.03509260194077021
2691,-0.08618211258481019
2692,0.03772119073453902
2693,-0.0018784130410896063
2694,-0.07290551308432165
2695,-0.06921390272059993
2696,-0.09835123935204805
2697,-0.07120163965820778
2698,0.021652455195952453
2699,-0.08932350068953902
2700,-0.06512681052134249
2701,-0.06725882028739381
2702,0.037807846081966474
2703,-0.06418216197420523
2704,-0.06450340845722778
2705,0.032533180139817014
2706,0.0316944135053449
2707,-0.07224278724864791
2708,-0.022346233890696145
2709,-0.06476841104771015
2710,-0.08325271606824047
2711,-0.09272226784589965
2712,-0.07964751572131168
2713,-0.08547213828993405
2714,0.0014052457035903093
2715,0.027832009256184443
2716,-0.08791184044220272
2717,0.027385783232916475
2718,0.02696769197588638
2719,-0.037629688754942686
2720,-0.09868591261524383
2721,-0.0871268135902118
2722,0.008490868338540689
2723,0.02038662760179822
2724,-0.08847305044709108
2725,-0.08593080957248656
2726,-0.08599623494090791
2727,-0.008899960918401785
2728,-0.062736168179411
2729,-0.09643636584623275
2730,-0.08235213138916708
2731,-0.07276923525908699
2732,-0.09679043326192842
2733,-0.09645506626743502
2734,-0.013513592046183038
2735,-0.07860601278535992
2736,-0.08262132678959612
2737,-0.07034635305826265
2738,-0.10421724783634911
2739,-0.002035590500940062
2740,-0.10201709234646149
2741,-0.0001276130361178915
2742,0.05512504281793894
2743,-0.02073538694109618
2744,-0.06545034429498651
2745,-0.09246250961562702
2746,-0.08806478846649583
2747,0.007092184477709184
2748,-0.08069446636210953
2749,-0.11025572509845805
2750,-0.016606606577293754
2751,-0.1118735676876274
2752,-0.09896028706138094
2753,-0.10440164491368978
2754,-0.013511814005072795
2755,-0.09884130699358797
2756,0.030275799007214405
2757,-0.10927587217918627
2758,-0.10852504547717995
2759,-0.04886802576404499
2760,-0.07389083165942353
2761,-0.10748247452514444
2762,-0.10696001866980677
2763,-0.010250552587410753
2764,-0.013931429840231187
2765,0.013100682898227075
2766,0.05879629835895516
2767,-0.06820057417680307
2768,-0.07331538619215085
2769,-0.07251263538792167
2770,-0.0338740587938985
2771,-0.059834791220177735
2772,-0.10720261069259844
2773,-0.07935468190752137
2774,-0.10061350132751551
2775,-0.10859757664408769
2776,-0.1107246841823979
2777,-0.0665469514888372
2778,-0.11227451360354868
2779,-0.09483427997303523
2780,-0.11045082827332875
2781,-0.10469828317267907
2782,-0.055930953533161035
2783,-0.016834030418310993
2784,-0.019665543274508975
2785,-0.05824403701372309
2786,-0.06297827524603748
2787,-0.10264804458297117
2788,0.04402183041516083
2789,-0.10293642763578689
2790,-0.10318127185316937
2791,0.025009749305508977
2792,-0.09677457999546953
2793,-0.09677457999546953
2794,-0.08208766982500584
2795,-0.05955557996596822
2796,-0.07078970433669893
2797,-0.10549337491772544
2798,-0.05574254459694259
2799,-0.10145626762238669
2800,-0.09029133161626943
2801,-0.02780155540686858
2802,-0.0026268354314473888
2803,-0.02874992186218271
2804,-0.0647987337666375
2805,-0.09986824723376159
2806,-0.10132687813066997
2807,0.09229410017974275
2808,-0.10154312345446968
2809,0.03295722577311591
2810,-0.04017812851835112
2811,0.04109861930257336
2812,-0.05646328889088865
2813,-0.10286664914376396
2814,-0.10295123613557802
2815,-0.031077977529398306
2816,0.011382745939862163
2817,-0.03365175317729461
2818,-0.09128719631897385
2819,0.09041082674974943
2820,-0.10473763131651863
2821,-0.10473763131651863
2822,-0.026310873356303305
2823,-0.061293791589852965
2824,-0.052039677231765696
2825,0.007176358684893335
2826,-0.10534901644013094
2827,-0.05047791388605965
2828,-0.02434120558491413
2829,-0.10673155521854444
2830,-0.09051873015097558
2831,-0.020053415637013114
2832,-0.09875534694387791
2833,-0.016135710697344215
2834,-0.026473252542883016
2835,-0.11024601071466614
2836,-0.10921797055012185
2837,-0.07349193204993264
2838,-0.054557797727944495
2839,-0.10792870833728448
2840,-0.08224610352146612
2841,0.03195655015627922
2842,-0.01503216465702303
2843,-0.09699388944045129
2844,0.00995976069753831
2845,0.15040922627393807
2846,-0.06631777678583742
2847,-0.006582125352197352
2848,-0.10586956129271448
2849,-0.08720401489533773
2850,-0.11227345032957205
2851,-0.10761735461946621
2852,-0.06810830510069626
2853,-0.10761735461946621
2854,-0.06929329098429178
2855,-0.10650468950858807
2856,-0.10279099434069808
2857,0.004251260813158484
2858,-0.10784992435976878
2859,-0.10415472982315208
2860,0.06027916928674003
2861,0.14605230430846972
2862,-0.0007632408309000061
2863,-0.1111548966693895
2864,0.043849590715082154
2865,-0.11489180091906691
2866,-0.11480969503990063
2867,0.012688466349797239
2868,-0.11695857083249704
2869,-0.11741599457691552
2870,-0.12033925738165237
2871,-0.10061901010706993
2872,0.019412393494910862
2873,0.10042909742473381
2874,-0.08213835082387694
2875,-0.08373784401729187
2876,0.014110735552073398
2877,-0.06883611842958218
2878,-0.10381678653767279
2879,-0.08387412943327545
2880,-0.124694754982369
2881,-0.10591883068233465
2882,0.01720438825792714
2883,-0.07721255620323227
2884,0.011202127699541082
2885,-0.08574086629435314
2886,-0.12267606476760456
2887,-0.12398352625484267
2888,-0.07021113917296903
2889,-0.11659912155148233
2890,-0.10065828605412187
2891,-0.09516178556464755
2892,7.473583519553764e-05
2893,-0.11211005501507702
2894,-0.11839547196811444
2895,-0.11728631433443942
2896,0.011646200563282997
2897,-0.08554346400121644
2898,-0.058446106654861746
2899,-0.10974807119874258
2900,-0.09997102473976435
2901,-0.09812844906190496
2902,-0.08992592804001866
2903,-0.05209395868889403
2904,-0.05209395868889403
2905,-0.032582568989926584
2906,-0.10365491666823327
2907,0.03814691456599136
2908,-0.09804273963272567
2909,-0.09804273963272567
2910,-0.019206160289595417
2911,-0.01988109397940475
2912,-0.10695457657655989
2913,-0.08755176351446418
2914,-0.06418496958268115
2915,-0.09492436703891169
2916,-0.088719771855554
2917,-0.09181779879177629
2918,-0.07987443825904121
2919,-0.07694901053158282
2920,-0.004194433704019755
2921,-0.0576033904747259
2922,-0.01207591087232219
2923,-0.10394631204080527
2924,-0.09130754372391295
2925,-0.05681048626413381
2926,-0.09710692517286425
2927,-0.10042838195427048
2928,-0.08081242684427074
2929,0.05575999528370887
2930,-0.08200606582982833
2931,-0.06022314670011493
2932,0.10090429816265321
2933,-0.06357013981555362
2934,-0.0775072849251165
2935,0.039857311573953
2936,0.039857311573953
2937,-0.1154917358922043
2938,-0.07699660930440606
2939,-0.1084165404463511
2940,-0.09205356485802701
2941,-0.05837512240537162
2942,-0.05837512240537162
2943,-0.020648611596326343
2944,-0.10158992785334829
2945,0.1050992368585568
2946,-0.10282083341903168
2947,-0.02456074687504469
2948,-0.12441755038265098
2949,-0.09136148141676047
2950,-0.12604920273065456
2951,-0.006290018368431407
2952,-0.09505259594518854
2953,-0.11086295262208129
2954,-0.06798395897721896
2955,-0.09754757590062114
2956,-0.09562780206025519
2957,-0.005176974702145099
2958,-0.034528034604431844
2959,-0.12236418118319248
2960,-0.08221786623225397
2961,-0.06384776013996157
2962,-0.06384776013996157
2963,-0.11605065131286578
2964,-0.12690219822176513
2965,-0.11729941402578198
2966,-0.05894268771605932
2967,-0.12309341325472195
2968,-0.09502004690285222
2969,-0.05863783256681483
2970,-0.09318313042359698
2971,0.07910490363807537
2972,-0.024976405180514426
2973,0.021193378677335624
2974,-0.09726617518278292
2975,-0.09635971180908053
2976,-0.1475870724874825
2977,-0.06731007243737948
2978,-0.06731007243737948
2979,0.07788431990340061
2980,-0.12542851782831782
2981,-0.09258906829599625
2982,0.008758639939153875
2983,-0.022751951940795087
2984,-0.07349719574573052
2985,-0.054537354208182294
2986,-0.10658654435845366
2987,-0.032847003727020804
2988,-0.04459411431440069
2989,-0.04654854544426557
2990,-0.05108341843322756
2991,-0.05353453648240728
2992,0.08345553401740552
2993,-0.029132604380236845
2994,-0.03717485894060871
2995,0.042206212738347085
2996,-0.15000314433861667
2997,-0.09131672764254803
2998,-0.07076958667499478
2999,0.08009599874392839
3000,-0.021450910073305282
3001,0.053891937421284515
3002,-0.07915786899367812
3003,0.08188257072995646
3004,-0.14375761180507812
3005,-0.06452949329424973
3006,0.05578699409169926
3007,-0.10030350121210373
3008,-0.033071139141781856
3009,-0.10342555011838864
3010,0.0648688585359442
3011,-0.1297626536473095
3012,-0.10932731456693803
3013,-0.012813329786974793
3014,-0.11283924619325719
3015,-0.09600857515199489
3016,-0.09517837370070913
3017,-0.1018344693254915
3018,-0.06625497699396918
3019,-0.05707046513259334
3020,-0.035385935363856806
3021,-0.05106656620966057
3022,-0.11078292439269277
3023,-0.18257165850762155
3024,-0.1037330344217455
3025,0.04682067650740529
3026,0.015946056933223964
3027,-0.05505904550756732
3028,0.012929822457263587
3029,-0.003736873774256258
3030,-0.05552095551033586
3031,-0.05833558910170008
3032,-0.027303258424242183
3033,0.021220023809807285
3034,0.021220023809807285
3035,-0.032634190583138795
3036,0.0445410660234814
3037,-0.07125643369407327
3038,-0.06593079835635107
3039,-0.11338760741024945
3040,-0.06602170133484164
3041,-0.04513967663551765
3042,-0.013872697449281478
3043,-0.20465796436413158
3044,-0.10601517508028281
3045,0.042096933837988425
3046,-0.02598832896750942
3047,-0.07225294072856883
3048,-0.06875802852978304
3049,-0.07068119225176518
3050,-0.03166904447908377
3051,0.005189278190035754
3052,-0.05217382786912025
3053,-0.07465033223897752
3054,-0.036166210292782316
3055,-0.023246023394530156
3056,0.058198791335047045
3057,-0.057106745192431446
3058,0.04074633073600088
3059,-0.017272854029354804
3060,-0.1005808157533929
3061,-0.08065780744740526
3062,-0.023836538541634266
3063,-0.020118115114144568
3064,-0.10229002855159329
3065,-0.10466537227137086
3066,-0.10472523481234348
3067,-0.022176380941813602
3068,-0.07634152131004435
3069,0.03448218750665477
3070,-0.04058138215107922
3071,-0.03830170199815349
3072,-0.09104469646727092
3073,-0.04517634253849435
3074,-0.05663803438295934
3075,0.015336300275791335
3076,-0.008205751701167234
3077,-0.008205751701167234
3078,-0.014814141979657486
3079,-0.0468997774733842
3080,-0.015971712766569012
3081,-0.1262937572691397
3082,0.06427358757020048
3083,-0.1262937572691397
3084,0.022166660565291364
3085,-0.08467806582840443
3086,-0.08373302386149038
3087,-0.06163962957600767
3088,-0.020941713928266218
3089,-0.062104692261650205
3090,-0.08457341598856966
3091,-0.10704879632813565
3092,-0.059369129552209625
3093,-0.007162058338766084
3094,0.0358575134895443
3095,-0.07170305018710352
3096,-0.060112746667982324
3097,-0.059159289846995054
3098,-0.037493490032277484
3099,-0.06946019273047004
3100,-0.10489164763822043
3101,-0.04067440045489934
3102,0.012126030354485631
3103,-0.08437435376748514
3104,-0.04876009891820541
3105,-0.04749140359708037
3106,-0.07723488335092182
3107,0.06474369234772649
3108,-0.09257257076703451
3109,0.023521030869472638
3110,-0.06264072621076666
3111,-0.09215337360746889
3112,-0.10336188607458774
3113,-0.07300610138628771
3114,-0.04568383826692467
3115,-0.03608330669244208
3116,-0.11642934597472673
3117,-0.09031411055268874
3118,-0.09131535891676584
3119,-0.04049501541855993
3120,-0.0910570558559831
3121,0.01808974169756005
3122,-0.061860753551145876
3123,-0.03599791652964537
3124,-0.059434349499445226
3125,-0.055431659430617994
3126,-0.04709650212285524
3127,-0.04709650212285524
3128,0.037997436534521326
3129,-0.1131300656527321
3130,-0.0431234853803884
3131,-0.05336770056319756
3132,-0.02563500369612527
3133,0.031286909148165724
3134,-0.11852067175833664
3135,-0.11852067175833664
3136,-0.09296254038854684
3137,0.08660383403421222
3138,-0.09146115161925691
3139,-0.06862160049309673
3140,-0.050383964320464915
3141,-0.03803288768766009
3142,-0.021170760233107197
3143,-0.02993081284647125
3144,-0.035201965721552424
3145,-0.044528403173907466
3146,-0.0420122912197623
3147,-0.04472221008124535
3148,-0.024933579609191448
3149,-0.16192096551814472
3150,-0.030597810200297854
3151,-0.06729577044540935
3152,-0.036074796333132354
3153,-0.10050021944521914
3154,-0.03532350263490304
3155,-0.09330608256951325
3156,-0.09234633536351686
3157,-0.06709577478180627
3158,0.03576535434740355
3159,-0.05675175289010882
3160,-0.09976922241882762
3161,-0.042064471697061186
3162,0.10736990084128539
3163,-0.055876528121226
3164,-0.09502964595306199
3165,-0.0962170928761117
3166,-0.08026374884738638
3167,-0.021296421060109892
3168,-0.04481709926951784
3169,-0.04649310405347573
3170,-0.05067650547739299
3171,-0.10311931923584398
3172,-0.03220431942891892
3173,-0.054420859016964064
3174,-0.1842937329332887
3175,-0.028973613500004426
3176,-0.06951149513166281
3177,-0.03047208675658327
3178,-0.08093807290479461
3179,-0.04588402971921136
3180,0.04229420871667953
3181,-0.03165926688049112
3182,-0.044654180701125055
3183,-0.04405000719517158
3184,0.04532308674859591
3185,0.13861286732420883
3186,-0.09262663102949885
3187,-0.0599771650918988
3188,-0.040318228270913754
3189,-0.038380615133045505
3190,-0.044958957439756364
3191,-0.05027230916630193
3192,-0.041590411505572425
3193,-0.020230336751898444
3194,-0.031339395958939954
3195,-0.1707962391048845
3196,-0.06291360946216637
3197,-0.09352624162940672
3198,-0.024470798238389123
3199,-0.013714205826511077
3200,-0.07872499790481026
3201,-0.02082853932061194
3202,-0.023391630599341132
3203,-0.03834731269547958
3204,0.006322076121243898
3205,-0.11207515821526076
3206,0.11799641280871997
3207,-0.013811724874344273
3208,-0.024620411979284242
3209,-0.0861005159982482
3210,-0.0861005159982482
3211,-0.023657837013122133
3212,-0.042781286182153606
3213,-0.027834433767219398
3214,-0.05186729138152915
3215,-0.08533228174874131
3216,-0.06530334002728531
3217,-0.03110492402174286
3218,-0.04015786867315215
3219,-0.03395718159000798
3220,-0.17507550942692443
3221,-0.041722198576865634
3222,-0.04309425389977469
3223,-0.04727847588330166
3224,-0.039937553256205065
3225,-0.034195494071139226
3226,0.001014972712997744
3227,0.03190712695745532
3228,-0.03499496615044622
3229,-0.040496298364459754
3230,-0.04115376603427337
3231,-0.04346193176977323
3232,-0.040784228081272945
3233,-0.04008465450016988
3234,-0.026379799372897215
3235,0.11490616709074729
3236,-0.03939852760212454
3237,-0.06233775305751397
3238,-0.03649910878984337
3239,-0.025556504870948543
3240,-0.033872546069654924
3241,-0.036128700208979826
3242,-0.07043842552721398
3243,-0.05614298172582265
3244,-0.023768242107350124
3245,-0.061726351179160234
3246,-0.15211625635070053
3247,-0.02542437236899205
3248,-0.051732298286034116
3249,-0.05468885529099358
3250,-0.07079254402283157
3251,-0.020854177732157447
3252,-0.04236495685216619
3253,-0.07283551578424141
3254,-0.0391797350216243
3255,-0.02061784271634165
3256,-0.019399971394255658
3257,-0.013255624661347479
3258,0.12179842675530894
3259,-0.06605631265492917
3260,-0.055874414316742387
3261,-0.008195330017858778
3262,-0.05174117863515041
3263,-0.00401607464057261
3264,-0.05252764563334245
3265,-0.03736331743941399
3266,-0.013141725633813715
3267,-0.07664411965214322
3268,-0.060707736850103375
3269,-0.008852678238380172
3270,-0.14043342152007038
3271,-0.06093916414258913
3272,0.044737318826493136
3273,-0.03955965434661814
3274,-0.03776024556888558
3275,-0.06555025879648803
3276,-0.03513087585605315
3277,0.0371097080161928
3278,-0.02136577597481048
3279,-0.03713546801021439
3280,-0.017560849664763612
3281,-0.07200437731151955
3282,-0.04751217639046605
3283,-0.038684582290783066
3284,0.1419110697583541
3285,-0.033505266883901874
3286,-0.06906920119544249
3287,-0.005240260343606332
3288,-0.027669713969756572
3289,-0.02775831250394373
3290,0.0007432825763787369
3291,0.0007432825763787369
3292,-0.06822948055722572
3293,-0.06895337622887772
3294,-0.030978233739143535
3295,-0.012066220798072952
3296,-0.14404383417890382
3297,-0.031658186087340855
3298,-0.07009819286578027
3299,-0.030429324998561384
3300,0.052533701537750555
3301,0.052533701537750555
3302,0.008546432489383981
3303,-0.09257384402219158
3304,0.010293741038420148
3305,-0.020089288904427405
3306,0.15408026825738066
3307,0.009450450835782945
3308,-0.057193670035119305
3309,-0.029908453584571587
3310,0.020150816325179958
3311,-0.03515641377735368
3312,-0.03672498696963811
3313,0.019678684613016514
3314,-0.05202696113755331
3315,0.01768260618460219
3316,-0.08073660388376674
3317,0.02091630856103943
3318,0.02091630856103943
3319,-0.020801550209473205
3320,0.021138997378433645
3321,-0.09124458646178159
3322,-0.1428765069919074
3323,-0.06421865294985636
3324,-0.07536399600148849
3325,-0.025339028458272624
3326,-0.05192660843921343
3327,-0.05611056692274879
3328,-0.03696464557567025
3329,0.022426934031860482
3330,-0.032598139396932985
3331,0.029789041768918802
3332,0.02312621421571704
3333,-0.033442595993438656
3334,0.031379331878956994
3335,-0.07057760159412542
3336,-0.08094779308596972
3337,-0.07434663671388186
3338,0.025408988200496075
3339,-0.09720526375215517
3340,-0.049457141366339386
3341,-0.011226027511209505
3342,0.02921682282943445
3343,0.025386413601337657
3344,0.025386413601337657
3345,-0.11854277436354399
3346,-0.16731865407085222
3347,-0.08537392465244414
3348,-0.07439456978618982
3349,0.05270171032819767
3350,-0.061958918219090706
3351,0.045445403500489014
3352,-0.1023485731417879
3353,-0.05746008443582344
3354,0.046063943938153794
3355,-0.03490955318364216
3356,0.09498925662708883
3357,0.05055957662536269
3358,-0.05866809762184498
3359,-0.02676992447648808
3360,-0.010918739651889399
3361,-0.05393012397183338
3362,0.052079020695321755
3363,0.06469502413611777
3364,-0.05055636246632362
3365,0.07939197742521154
3366,0.07743649389624734
3367,-0.011824885515702328
3368,-0.06877204418415121
3369,-0.10432851867339296
3370,-0.006974308587557751
3371,-0.11754223819592279
3372,-0.06227213630942875
3373,-0.05153801936834725
3374,-0.06783793155394016
3375,0.017656995284319344
3376,0.07363548240506933
3377,0.07621020247284371
3378,-0.06817633234837846
3379,-0.06519692148728666
3380,-0.045809487277967915
3381,0.07764933200760196
3382,0.08063964733769607
3383,0.10657637635639981
3384,-0.04758056409354432
3385,-0.04758056409354432
3386,-0.0680110027349071
3387,-0.06262242526765795
3388,0.07796621686504909
3389,0.0742129178490673
3390,-0.11071113607041519
3391,0.08337098025783732
3392,-0.0811608487864682
3393,-0.02339962031316916
3394,-0.0543267265365003
3395,-0.027096580325675412
3396,-0.0617358812653614
3397,-0.0617358812653614
3398,-0.06406183235304927
3399,-0.08884260322527641
3400,-0.06036165223661225
3401,0.08103853982328446
3402,0.009709746489080746
3403,-0.04161941600074198
3404,0.07380131295284531
3405,0.11447590535399504
3406,-0.07298618867321893
3407,-0.04508858282273831
3408,-0.08632658747778155
3409,-0.07224141811350213
3410,-0.07172061741373578
3411,-0.10891145748053291
3412,-0.09579064268491924
3413,-0.07710122363197017
3414,0.05117915244624386
3415,-0.0980358857693824
3416,-0.07736347626358399
3417,0.04638382580195163
3418,-0.04061685209839292
3419,-0.03603901519931504
3420,0.0516223758154015
3421,-0.07680764828227885
3422,-0.06043369081392908
3423,0.11124241800414754
3424,0.057614762831747574
3425,0.05996274711644523
3426,-0.0822222967262405
3427,-0.0861067074897329
3428,-0.018073213818844348
3429,-0.08525514303104977
3430,-0.08304461210826883
3431,-0.11149540990950343
3432,-0.031670880451315324
3433,-0.03839708718931029
3434,0.0565229528509939
3435,-0.008293795484842907
3436,0.0920577181215279
3437,-0.04328865187562384
3438,-0.0421448503120529
3439,-0.006652541542541005
3440,-0.12411648945418015
3441,-0.04451750493922613
3442,-0.04451750493922613
3443,-0.13147494616231895
3444,-0.031965685974186656
3445,-0.036728096702762635
3446,-0.050245540633389735
3447,0.02823144401772415
3448,-0.0323234928773023
3449,-0.06629917840814034
3450,-0.04043867261693379
3451,-0.0680522956709574
3452,-0.06768421015616241
3453,-0.021937176472089485
3454,-0.05800776245140123
3455,-0.109918302578324
3456,-0.050585410908949635
3457,-0.08620272929445798
3458,0.010210539075680947
3459,-0.0651167444447152
3460,-0.0725474756270609
3461,-0.0077178390199938995
3462,-0.09177175894440244
3463,-0.17019381274493597
3464,-0.06880869233325643
3465,-0.16992552688713422
3466,-0.0754325803181685
3467,-0.17316784736040997
3468,-0.027909948825222144
3469,-0.17069462537927027
3470,-0.07430142239106406
3471,-0.07754813742885827
3472,-0.1682565352062013
3473,-0.18848926988484774
3474,0.0405134228162512
3475,-0.07759308018718399
3476,-0.01585135907990194
3477,-0.04116238838775478
3478,0.025325087934253164
3479,-0.0398531475866638
3480,0.028210533195929092
3481,-0.18236470626974768
3482,-0.0446761498786641
3483,-0.08527642386175055
3484,-0.15193498119157847
3485,-0.06878610084666456
3486,0.018795991326912162
3487,-0.14799322202643644
3488,-0.14418339580273737
3489,-0.0340411454636232
3490,-0.03198986745604829
3491,-0.151528202962282
3492,-0.15247181835074702
3493,-0.06685693259015735
3494,0.005016866360554406
3495,0.005686799177519827
3496,-0.19199472417815538
3497,-0.13975720724850865
3498,-0.03851614254179189
3499,-0.13960477521886508
3500,0.03388590092974005
3501,-0.1427136978499167
3502,-0.04591389978431676
3503,0.005786314358519722
3504,-0.03654806456691341
3505,-0.047088491332491794
3506,-0.1507451318353486
3507,0.010254915552679938
3508,-0.047495195281838966
3509,-0.2093521039943728
3510,-0.131087828371395
3511,-0.04372487467884192
3512,-0.06334702847620387
3513,-0.07532626442583014
3514,-0.06929506400629244
3515,-0.21228130646694948
3516,0.049947347504039015
3517,-0.1234669149020187
3518,-0.1234669149020187
3519,-0.07664150781129048
3520,-0.07664150781129048
3521,0.0694971904667276
3522,-0.053519884813682785
3523,-0.033353192578335245
3524,-0.1122232878281845
3525,-0.11233818493749378
3526,-0.0320875365778829
3527,-0.09992196591465691
3528,-0.019607895484415154
3529,-0.2137448598984629
3530,-0.07925152925502828
3531,-0.10357729524685648
3532,-0.02679979309283325
3533,0.0252517208427298
3534,0.019647279876959738
3535,-0.02587669288572961
3536,-0.15205102146896157
3537,-0.1544613523153781
3538,0.01870617617395101
3539,-0.19949228525943588
3540,-0.08812761602195618
3541,-0.05954201993966227
3542,-0.060208159562125226
3543,-0.2064048672034188
3544,0.057135592193341946
3545,-0.06663494844791008
3546,-0.0783907945459841
3547,0.07658355455544164
3548,-0.1526955568201466
3549,-0.05819805658332179
3550,-0.0029971219296320473
3551,-0.15554514948873807
3552,-0.07135753561709725
3553,-0.0707669109562616
3554,-0.07050114615977245
3555,-0.04882342727616244
3556,0.030848274136412404
3557,-0.03264417856321669
3558,-0.08799445791606007
3559,-0.06317123207384372
3560,-0.0801037409843849
3561,-0.17391302459587626
3562,-0.06237023498772994
3563,-0.059787845014273096
3564,-0.05933921082674192
3565,-0.09701036947062058
3566,-0.07782839393987556
3567,-0.03607664700267836
3568,-0.024422732541526063
3569,0.02920738052642204
3570,-0.025530435656680867
3571,-0.15886804659514653
3572,-0.15692187028787472
3573,-0.02884189708652228
3574,-0.03975765003036785
3575,-0.060748458835490286
3576,-0.04173289429371488
3577,-0.18150517229805369
3578,0.05956302954822832
3579,-0.06815981013195481
3580,-0.019064226936686864
3581,-0.04601105284377962
3582,-0.04601105284377962
3583,-0.04750719316904802
3584,0.07493182435771739
3585,-0.0924406847219541
3586,-0.0924406847219541
3587,-0.08638523095792573
3588,-0.07645746672608389
3589,-0.1810172255970389
3590,-0.1843677891566276
3591,-0.009451578788840445
3592,0.02265390482780037
3593,-0.055545683293794376
3594,-0.036939243364505506
3595,-0.06580348276928176
3596,-0.03808160705285946
3597,-0.12672590187198374
3598,-0.10186731333011685
3599,-0.0695688931108606
3600,0.021393351890264325
3601,-0.02545860421970811
3602,-0.12854635517607502
3603,0.00415421040550474
3604,-0.03860844677410247
3605,-0.009755828663777149
3606,-0.01607843763070759
3607,-0.01607843763070759
3608,-0.0511529652824678
3609,-0.011903213878903286
3610,0.028478628459476473
3611,-0.14780548550976655
3612,-0.03126054026861134
3613,-0.009496723623440348
3614,0.006010318685070312
3615,-0.13957364148907658
3616,-0.12102143864879338
3617,-0.08376565066693506
3618,-0.10958514710357645
3619,-0.025985841331156168
3620,-0.14340232932581523
3621,-0.14511735037825552
3622,-0.019300319709086217
3623,0.0004221831795900308
3624,-0.05937888253018852
3625,-0.046944554606366776
3626,-0.09033279266040539
3627,-0.004638646100099037
3628,-0.006175315087734735
3629,-0.00392132020315288
3630,-0.00392132020315288
3631,-0.010806621949577546
3632,-0.05552747849539381
3633,-0.0903694580350363
3634,0.010983714801311144
3635,0.022511347811178067
3636,-0.15560762861410402
3637,-0.0010523112901411425
3638,-0.1808240283616975
3639,-0.18174768485263015
3640,-0.06037015611065419
3641,-0.16476221383833456
3642,-0.09593026037208642
3643,0.05122636504264588
3644,-0.184976134756843
3645,-0.184976134756843
3646,-0.12072314781236239
3647,-0.0018381634486459028
3648,-0.022127118051028807
3649,-0.013022553600887323
3650,-0.08866520520585236
3651,-0.11924155911047817
3652,-0.19617433133883863
3653,-0.03646746334758885
3654,-0.16441964601553358
3655,-0.0762625548615888
3656,-0.04925944597860345
3657,-0.13363584226731115
3658,-0.13363584226731115
3659,-0.07502745845310452
3660,-0.04201663705376911
3661,-0.05852726584893131
3662,-0.09561985292379709
3663,-0.11664269561854662
3664,0.01440511658635542
3665,-0.16656961650879287
3666,-0.026900647659442944
3667,-0.054365463516644875
3668,-0.0015513945373577874
3669,-0.025397964813513522
3670,-0.050763702307782745
3671,-0.17029946843115448
3672,-0.03270367100797291
3673,-0.052834988303647905
3674,-0.03324536171318504
3675,-0.019781625622025647
3676,-0.030323162443123306
3677,0.13505220011619049
3678,-0.14089146905464997
3679,-0.045836228991347094
3680,-0.016072707276810896
3681,-0.01867030593185402
3682,-0.017291408310113464
3683,-0.06593231640034034
3684,-0.03499149890731177
3685,-0.016561550429084065
3686,-0.07235786981986883
3687,-0.013219512022698646
3688,-0.15525965270684317
3689,-0.11166209211239483
3690,-0.07890493246348337
3691,-0.1518144679846821
3692,-0.07258706142452745
3693,-0.15422619082760788
3694,-0.03307471331974912
3695,-0.18773806723130648
3696,-0.011562132700146301
3697,-0.13147281540116287
3698,-0.027575527958497232
3699,-0.012682811393607971
3700,-0.049747046297479273
3701,0.010304530946255346
3702,-0.0664224246434174
3703,-0.03374792900778286
3704,-0.022808304892440068
3705,-0.022808304892440068
3706,-0.02659412140248627
3707,-0.14159968888088348
3708,0.13199373278395438
3709,-0.039741532714825445
3710,-0.033537287428947904
3711,-0.039741532714825445
3712,-0.04780503915409922
3713,-0.15111628230963525
3714,-0.04035576795676874
3715,0.0009636394751655513
3716,-0.025897691823924148
3717,-0.006364056977532277
3718,-0.06938871153622658
3719,-0.04293770362315734
3720,-0.050026417689721075
3721,-0.1350264039520029
3722,-0.04685446196693794
3723,-0.011310117255451444
3724,-0.07199360103113249
3725,-0.017885711597206016
3726,-0.0029282481529448808
3727,-0.010465739060964176
3728,-0.046301393195525196
3729,-0.07995394594696573
3730,-0.06860699594858284
3731,-0.04604801350924327
3732,-0.04437499047395571
3733,-0.18552119394166322
3734,-0.16064047912950433
3735,0.1265732264322584
3736,-0.08249746063664115
3737,-0.17522555525873265
3738,-0.1318484247370707
3739,-0.12268784559894294
3740,-0.04463015937230921
3741,-0.040699360645107964
3742,-0.041875440282457974
3743,-0.019945218700282645
3744,0.0003912474610066838
3745,-0.11760615180013305
3746,-0.03242312205351522
3747,-0.11619435091755789
3748,-0.028908204881913913
3749,-0.0724914894937903
3750,-0.025501591803375342
3751,-0.021833212280912128
3752,-0.07166463473861935
3753,-0.02626278760996904
3754,-0.039664952086728954
3755,-0.016105470890941238
3756,-0.10619490811629406
3757,-0.005782553462894084
3758,-0.0030691252666507672
3759,-0.1848693298236107
3760,-0.0056434093826447885
3761,-0.0936286992484927
3762,-0.1628331659115772
3763,-0.08829912176508303
3764,0.0026069602193119594
3765,-0.015107427622436307
3766,-0.015107427622436307
3767,-0.015107427622436307
3768,-0.09861859888607855
3769,-0.09687226853199842
3770,0.09183588634383308
3771,-0.05292412373817131
3772,-0.017604128212050044
3773,-0.015212286774198662
3774,-0.0860782769142638
3775,-0.014957835302288421
3776,0.0028957820513683956
3777,-0.005398116137825617
3778,-0.06510121922273648
3779,0.0021732180851355516
3780,-0.007507075177102757
3781,-0.14058258755831946
3782,-0.010662524898897302
3783,0.0069795219031701375
3784,-0.058073237572850094
3785,-0.06307024910990279
3786,-0.019654948192182643
3787,0.03498723286389953
3788,-0.011196873514339635
3789,0.006755281967014317
3790,-0.10704439411470305
3791,-0.0456243518884906
3792,-0.0805783222095861
3793,-0.024436291017001985
3794,-0.02320125510347439
3795,-0.02075476602124609
3796,-0.020682426946290033
3797,-0.027354462132930357
3798,0.08400393548131355
3799,-0.13634754603259425
3800,-0.10480775656746202
3801,-0.022436157221319038
3802,-0.07429767969498184
3803,-0.03750795483856815
3804,-0.10864126198056133
3805,-0.03750795483856815
3806,-0.024789148133740224
3807,0.02013250703311436
3808,-0.17513229182768586
3809,-0.03596929236391591
3810,-8.843827501375715e-05
3811,-0.03428198636699425
3812,-0.01535555419690342
3813,-0.11143475511175888
3814,-0.09222166826798765
3815,-0.09627365465851513
3816,-0.013426051452890884
3817,0.030133780547356687
3818,0.02914484836442133
3819,0.03635384833594046
3820,-0.06120801690350277
3821,-0.09104358225113694
3822,-0.059978272482335546
3823,-0.052678203693110194
3824,-0.07045864965346116
3825,-0.10897671057073029
3826,0.07353958614737825
3827,-0.01632066832414785
3828,-0.07054154710383394
3829,-0.12538792962540266
3830,-0.07081867804862309
3831,-0.07611377483798686
3832,-0.07611377483798686
3833,-0.0749312537513563
3834,-0.0749312537513563
3835,-0.08693031939203502
3836,-0.07353710624557383
3837,-0.038368150027218544
3838,-0.012492564930644339
3839,0.02908139317794781
3840,-0.07191099269565172
3841,-0.08449572998427068
3842,-0.1686785577964097
3843,-0.08764668801958554
3844,-0.07849214020360665
3845,-0.07744984695591131
3846,-0.057665826893641185
3847,-0.013182673293041266
3848,0.013087943562332394
3849,-0.08446408121259957
3850,-0.0714577658897584
3851,-0.005898845066170486
3852,-0.07853476570139493
3853,-0.1687854960052224
3854,-0.08777935489241802
3855,-0.027757902926257585
3856,-0.08101202150261431
3857,-0.08414264903525795
3858,0.08299992033540615
3859,-0.08089222591021855
3860,-0.0796533756711929
3861,-0.16958181128048974
3862,-0.014216579644898107
3863,-0.08212229282581737
3864,-0.1639075817731588
3865,-0.09393062050881248
3866,-0.0683610622879275
3867,0.009724735992063752
3868,-0.051723064970864194
3869,-0.06572859922746466
3870,-0.06184010347249108
3871,-0.16075105078597046
3872,-0.06214003688782176
3873,-0.017523108204916253
3874,-0.06260059211888681
3875,-0.07985909672628297
3876,-0.07759373235003524
3877,0.0016932939457690067
3878,0.006972152466598801
3879,-0.021618430166475557
3880,-0.032598124913278494
3881,-0.13756080220180453
3882,-0.14078207647057595
3883,-0.0671229025234514
3884,-0.08111778000770581
3885,-0.07238253628515148
3886,-0.022894920859902215
3887,0.07887857600988228
3888,-0.05404001953234049
3889,-0.07014556864725541
3890,-0.07014556864725541
3891,-0.07014556864725541
3892,0.013500217228794251
3893,-0.0812559441718251
3894,-0.06852094834067925
3895,-0.08483704795756865
3896,-0.08483704795756865
3897,-0.08377730790373343
3898,-0.025536270667850015
3899,-0.06061033571299539
3900,-0.06185898770093236
3901,-0.04325649286689774
3902,-0.07940309270289804
3903,-0.06462352181853714
3904,-0.08088239015830069
3905,-0.08516175335711049
3906,-0.07764578400519241
3907,-0.0918749707726909
3908,-0.08177449385140448
3909,-0.09988291614801997
3910,-0.07785999053696321
3911,0.016183783730056016
3912,-0.04021179799127524
3913,-0.05685295978253428
3914,-0.05771596772931452
3915,-0.026500153181969962
3916,-0.07391337369367737
3917,-0.07391337369367737
3918,-0.05086339809718772
3919,-0.07560671781335153
3920,-0.04298759481336917
3921,0.06520565227631243
3922,-0.04183846020482979
3923,-0.0674848609329928
3924,-0.040425479169847976
3925,-0.013985680248690378
3926,-0.03781642317362314
3927,-0.07548659221224929
3928,-0.06042180319147073
3929,-0.05711365844153211
3930,-0.03359353237437418
3931,-0.03369764527568651
3932,0.007939825025451007
3933,-0.17667141629652372
3934,-0.03374459448884569
3935,0.0012148794047119609
3936,-0.056184181254727586
3937,-0.08920788295900832
3938,-0.04195236654162158
3939,-0.09605269385713798
3940,-0.0790375058064873
3941,-0.04991463394986379
3942,-0.07731187278561504
3943,0.005644549924516547
3944,-0.04723048581110647
3945,-0.049101933238904966
3946,-0.04887838294609273
3947,-0.09286137332838362
3948,-0.05003599063444508
3949,0.002541076685943927
3950,0.05086843994636096
3951,-0.05838171113437879
3952,-0.04475700649388978
3953,-0.058566808650150126
3954,-0.06252974309262953
3955,-0.04659402421084074
3956,-0.09748121595788052
3957,-0.046584501856844276
3958,-0.17772620407271028
3959,0.002081614317755844
3960,-0.040017542498193635
3961,-0.08525836976057928
3962,-0.03145396241796252
3963,-0.09336932881775495
3964,-0.04909488717520745
3965,-0.09225833784288051
3966,-0.030179443235794103
3967,-0.17481595723672072
3968,0.030654264116604296
3969,-0.04983239566657038
3970,-0.04983239566657038
3971,0.049204846851978554
3972,-0.0950516812456771
3973,-0.0950516812456771
3974,-0.03434186585049666
3975,-0.053585134967171384
3976,-0.0523248017050736
3977,-0.05420807381329863
3978,-0.07067341751604327
3979,-0.06960610872754452
3980,-0.054318002573941655
3981,-0.11933341620224587
3982,-0.0965562095131956
3983,-0.0009042958256520794
3984,-0.028468981872616875
3985,-0.07315843510712616
3986,-0.06643477243474773
3987,-0.09035976878589903
3988,0.0027457828283918577
3989,-0.051191581185010236
3990,-0.07654572629706363
3991,-0.05514893965775188
3992,-0.033828932571106134
3993,0.07567101261841551
3994,-0.020761022200247354
3995,-0.054056520074794806
3996,-0.0553026756474762
3997,-0.08192248516229164
3998,-0.04704120001897635
3999,-0.00634277882637389
4000,0.05845946345017756
4001,-0.06846546008045107
4002,-0.13915980424487318
4003,-0.05653337446740829
4004,0.033052523654436165
4005,-0.06867029177191197
4006,-0.05546698423460056
4007,-0.049254655939580734
4008,-0.03918881638376351
4009,-0.04888880413146023
4010,-0.08394666568439373
4011,-0.07159682009681585
4012,-0.052252568072027675
4013,0.04144920973682283
4014,0.05419719853350603
4015,-0.04646179922224011
4016,-0.03277368496480812
4017,-0.11899965010790955
4018,-0.11638096076999122
4019,-0.059325633776268885
4020,-0.10666746393736036
4021,-0.17771428167780495
4022,-0.09114255292582915
4023,0.001798488993473809
4024,-0.021260186548234163
4025,0.10234083555450675
4026,-0.10072416838937481
4027,-0.15935281110666305
4028,-0.05250336035620405
4029,0.042617335036079146
4030,-0.14738433050590488
4031,-0.004087998490790135
4032,0.09196288948899328
4033,0.048384661645783006
4034,-0.0030145856088758705
4035,0.09693226141671896
4036,-0.17911227402367152
4037,-0.04244957990780813
4038,-0.05247532802766211
4039,-0.0868896750569956
4040,-0.13677887705978845
4041,-0.09258906529772298
4042,-0.03234624573354257
4043,-0.1009054860388483
4044,-0.08357751963484751
4045,-0.17507762929122403
4046,-0.02763341857796236
4047,-0.10237438884502137
4048,-0.0023747900858234723
4049,0.037659905962908455
4050,-0.021879300878588612
4051,0.08070180001483025
4052,-0.17129777878070987
4053,-0.005146019610030918
4054,-0.0774150434312425
4055,-0.03315659570278987
4056,-0.0899638072031273
4057,-0.08135791199026748
4058,-0.19033689157217953
4059,-0.03249955394029686
4060,0.014648912671469415
4061,0.006838502373819405
4062,-0.07472372307759846
4063,0.02547947877687167
4064,-0.07262115273930729
4065,-0.030891464710501384
4066,-0.08842713262508085
4067,-0.15906017529880095
4068,-0.06768745738928719
4069,-0.2064055522453733
4070,-0.2064055522453733
4071,0.05281975341707438
4072,-0.06253012916126728
4073,-0.03988344937512411
4074,-0.05610717065433303
4075,-0.08328350899118091
4076,-0.14403292338227056
4077,0.0007580401401908521
4078,0.06577511722849826
4079,0.007829268540213987
4080,0.06559821517519379
4081,-0.05015733102097938
4082,-0.09507472225057695
4083,0.052144860083156844
4084,-0.054606954188242976
4085,-0.22906594080889872
4086,-0.06380628757988613
4087,-0.11689682444031896
4088,-0.23268532660822425
4089,-0.07885698364170937
4090,-0.23471593054656129
4091,-0.23471593054656129
4092,-0.06990956609442664
4093,-0.06990956609442664
4094,-0.23068737649235577
4095,0.023755703585819892
4096,-0.019781887214889795
4097,-0.059810205669120445
4098,0.007972011991777972
4099,-0.06471909357252152
4100,-0.02486252984972912
4101,-0.08543953789124367
4102,-0.0723202668167539
4103,-0.09147138704750836
4104,-0.06396912123180705
4105,-0.07492314843380506
4106,-0.05671402172666679
4107,-0.09895767843395803
4108,-0.06660272369779081
4109,-0.16082384370852268
4110,0.06371558113432918
4111,0.0010764418074277484
4112,-0.05532297642850538
4113,0.0014410883219980759
4114,-0.07899547633438966
4115,-0.14343238138095635
4116,-0.05370023530137367
4117,-0.08821835029882036
4118,-0.10862184428847273
4119,-0.08482853993778183
4120,-0.08651188637910875
4121,-0.09127009202113305
4122,-0.09127009202113305
4123,-0.045739943527349836
4124,0.02085303034116412
4125,-0.05252130239760869
4126,-0.2546068669701894
4127,0.04916827984518736
4128,-0.14723050781372463
4129,-0.005100627072076263
4130,-0.09704775314091127
4131,-0.0009167716866254129
4132,-0.09960114544362954
4133,-0.2618119629119063
4134,-0.032764321440258766
4135,-0.10504307056576405
4136,-0.09732013765262904
4137,-0.09164492137559276
4138,-0.09704704085714433
4139,-0.03381465715406668
4140,-0.10703221225076949
4141,-0.07704100800397401
4142,-0.02752774587699554
4143,-0.005009043380737126
4144,0.037459878402153375
4145,-0.05759032848599417
4146,-0.08836738418022423
4147,-0.16178745435371356
4148,-0.08775136228627006
4149,-0.26442633014054184
4150,-0.1061375794125827
4151,-0.08879859812298815
4152,-0.060445049764886606
4153,-0.08503916974203311
4154,-0.08503916974203311
4155,-0.04744120629104063
4156,-0.04744120629104063
4157,-0.08467515545208576
4158,0.01735974021413434
4159,-0.03830274372582106
4160,-0.08418456967907731
4161,0.03418416641392862
4162,-0.2671564435977117
4163,0.0319991243108286
4164,-0.07918530240969514
4165,-0.11323210477905903
4166,-0.018262820771832215
4167,-0.046249169962899364
4168,-0.26354336671836787
4169,-0.04341642863129723
4170,-0.08592418179882408
4171,-0.09391223000282205
4172,-0.07742632225329865
4173,-0.08327736078548441
4174,0.038707346232523365
4175,-0.05299930310126789
4176,-0.14287260328541027
4177,0.043882500354150526
4178,-0.2803756646047566
4179,-0.09838681255818937
4180,-0.2820174473614646
4181,-0.1639624164315002
4182,-0.09036278420554021
4183,-0.08893405741031155
4184,0.04696252251063695
4185,-0.08509829000165327
4186,-0.08509829000165327
4187,0.019227129266838117
4188,0.014361102503814843
4189,0.05344310660523851
4190,-0.14038350194850852
4191,0.06066810219026474
4192,0.05950400495468458
4193,-0.034299388003704356
4194,-0.08728731407607349
4195,-0.02777271137349607
4196,-0.08107210864178743
4197,-0.08124806921094777
4198,-0.08311104632936193
4199,-0.05753906223933393
4200,-0.05934038189977123
4201,-0.08553936665847137
4202,0.004302995615570675
4203,-0.08645613051020329
4204,-0.09276252991192575
4205,0.04898933450026022
4206,0.05124845474895235
4207,-0.057630881028246685
4208,-0.09548352284562513
4209,-0.06400390059177032
4210,0.04050338398621882
4211,-0.09397675514906519
4212,-0.08686879979841915
4213,0.044537127725252826
4214,-0.08970880327775348
4215,-0.08970880327775348
4216,-0.03362312453124675
4217,-0.03362312453124675
4218,0.037873844602645555
4219,-0.11672582775610221
4220,-0.0874007731315977
4221,0.0032311320765831446
4222,-0.08813050759279217
4223,0.03302691935062521
4224,-0.11250990573968105
4225,-0.053434988397463
4226,-0.0726457791911792
4227,-0.08894861477704087
4228,-0.02142034589269084
4229,-0.05376685449274147
4230,-0.09478748852893985
4231,-0.037715163469430955
4232,-0.0909363562687041
4233,-0.027919245059664043
4234,-0.1263180046284835
4235,0.06742337383368938
4236,-0.11243146039774256
4237,-0.08476850496482444
4238,-0.10780821852608592
4239,-0.053883102814932665
4240,-0.07815317957496834
4241,-0.05007099456851751
4242,0.04791283363687173
4243,0.022572394368899185
4244,-0.12247122582928904
4245,-0.06817012101590539
4246,-0.08526414531748212
4247,-0.08045030320375832
4248,-0.05690029460023662
4249,-0.07096424675205494
4250,0.029484151909761742
4251,-0.08152418761233587
4252,0.021154224425527234
4253,-0.08388214762701236
4254,0.014661464393752556
4255,-0.07840491816449863
4256,-0.028627800565105815
4257,-0.12327392209267125
4258,-0.036757023303623786
4259,0.011860821688854056
4260,-0.07315819039972002
4261,-0.048164848806592574
4262,0.008692682344509792
4263,-0.049994501260873694
4264,-0.07027847604844097
4265,-0.0775421408817944
4266,-0.24864053780100465
4267,-0.24864053780100465
4268,-0.07223658730231479
4269,-0.12551281608177692
4270,-0.057599460806344135
4271,0.04237598106780542
4272,-0.04606376731724069
4273,-0.07850444793305739
4274,-0.07291871589760754
4275,-0.07315041014054349
4276,0.038475577993090836
4277,0.014199830818120917
4278,-0.12001093549526981
4279,-0.09557902060160509
4280,-0.02142723006846442
4281,0.02511672121126083
4282,0.02511672121126083
4283,-0.06095757680890579
4284,-0.06600932861667846
4285,-0.07550538419559912
4286,-0.07805616409426411
4287,-0.05451215570573053
4288,-0.05646402218070734
4289,0.021671826139872296
4290,-0.10281746901070257
4291,-0.08908511175134137
4292,0.0411336090756359
4293,-0.09116170589795519
4294,-0.08084317705473633
4295,-0.0633074365939847
4296,-0.13517021419492345
4297,0.00812853067716825
4298,0.004924072041318712
4299,-0.08449435671982664
4300,0.00815522602012937
4301,0.03720892221494057
4302,-0.09230172317141014
4303,-0.09135464242893421
4304,-0.06496390750680024
4305,-0.19904903871757257
4306,-0.08602982869518942
4307,-0.08293830526875555
4308,-0.0653417478310085
4309,-0.007481784571019881
4310,0.0020930597896772667
4311,-0.08781376403918585
4312,-0.08292246046232796
4313,-0.08255520238938203
4314,-0.06286362859226971
4315,-0.09343851861151142
4316,0.017055538289852214
4317,0.007520624716017708
4318,0.017909975967835945
4319,-0.0853578832473288
4320,-0.07369795009505126
4321,-0.03244278649345101
4322,-0.03344273137730447
4323,-0.14307419431583168
4324,-0.08101895356995667
4325,-0.08101895356995667
4326,0.03947202330481112
4327,-0.07702438711320873
4328,-0.05940437525929118
4329,0.008653540582678594
4330,-0.07244187502711882
4331,0.03121091898997773
4332,-0.10042587843642271
4333,-0.07631017112964628
4334,-0.05128449848649085
4335,-0.04387193250976122
4336,-0.07265796029929147
4337,0.026653825965036057
4338,-0.05238537911929435
4339,0.015692938860523708
4340,-0.08342384748387127
4341,0.006377386001358115
4342,-0.0003400563954535277
4343,0.004288211147888765
4344,-0.06623522484250113
4345,-0.20667816488576937
4346,-0.04770843142584424
4347,-0.08450906882676476
4348,-0.08130122133320782
4349,-0.15248706095054987
4350,0.035221506374291424
4351,-0.03191487795858324
4352,-0.11056859862939648
4353,0.06068212998477275
4354,-0.02307690250124359
4355,-0.050464583660758844
4356,-0.07005743768692857
4357,-0.09912280847205825
4358,-0.03750605222631314
4359,-0.10052791885688483
4360,-0.1363939906381313
4361,-0.05662091099691473
4362,-0.06190084299880753
4363,0.008358654838463316
4364,-0.0563997342257441
4365,-0.050056625950058935
4366,-0.022046072261310144
4367,-0.023743437026452804
4368,-0.06497657777890121
4369,-0.034353677650773115
4370,-0.07089952413030405
4371,-0.026698849870850094
4372,-0.11142609664662478
4373,0.05146499854429915
4374,-0.12085433186337254
4375,-0.04877586949246856
4376,-0.0439942158309182
4377,-0.02399994631781272
4378,-0.023059866451768708
4379,-0.10055938706292523
4380,-0.1463807880207831
4381,-0.04706342455941852
4382,-0.04706342455941852
4383,0.008663674375194396
4384,-0.11725313806919901
4385,-0.07741197253240811
4386,-0.03902210330297826
4387,-0.013908530832862425
4388,-0.04700284420882113
4389,-0.04303658745683745
4390,-0.031245298795068602
4391,-0.029186071490368327
4392,-0.0197940926241267
4393,-0.04557799875595795
4394,-0.08048664307696793
4395,-0.019526356398762906
4396,-0.07821493110064279
4397,-0.022851360130421286
4398,-0.0449788054920008
4399,-0.03238016893807924
4400,-0.08631459621078132
4401,-0.017994170560357816
4402,-0.0607949340082532
4403,-0.09028752334914235
4404,-0.0337953789625208
4405,-0.01419383327770835
4406,-0.14330881000693432
4407,-0.014537471161375028
4408,-0.01438908873545335
4409,0.0362117456766538
4410,-0.1269064600135717
4411,-0.01815828992282361
4412,0.03415289096600217
4413,-0.09215821830954558
4414,-0.04321628472310665
4415,-0.018962894359902994
4416,-0.007034883900608721
4417,-0.007034883900608721
4418,-0.0662432210090911
4419,-0.027681237389136925
4420,0.06335870780724856
4421,-0.03270093011891384
4422,-0.012696927902281895
4423,0.0005512428536841598
4424,-0.004718705063816961
4425,-0.02939349482405936
4426,-0.030519763157715433
4427,-0.030519763157715433
4428,-0.12157566141518208
4429,-0.03538412462595784
4430,-0.12299614413403782
4431,-0.07474619036848636
4432,-0.0033705367295894634
4433,-0.08243075494073304
4434,-0.05701057845363863
4435,-0.024885983626650485
4436,-0.14938217633760079
4437,-0.008746768020768857
4438,-0.018814077707816443
4439,0.02980167355738074
4440,-0.018701660390989125
4441,-0.018701660390989125
4442,-0.02778847062564899
4443,-0.12638055035471465
4444,-0.08199145795047856
4445,0.08293117779245439
4446,-0.034603039596938404
4447,-0.04552701022135627
4448,-0.028811812440367717
4449,-0.01345550925735654
4450,-0.009731475206555712
4451,-0.048130636355185955
4452,-0.06106028893098294
4453,-0.034965041252638336
4454,0.00348535644766586
4455,-0.05961025524438317
4456,-0.012556902303558192
4457,-0.05626763758123335
4458,-0.10167676246356869
4459,-0.049302765481333784
4460,-0.0773836500794648
4461,-0.049954452096258935
4462,0.10529760560766073
4463,-0.14146408733918095
4464,-0.1500998895178979
4465,-0.04917306246771319
4466,-0.015887846386406213
4467,-0.0527814657995179
4468,-0.0527814657995179
4469,0.011753795695035967
4470,-0.04088529392320884
4471,-0.14415326916638682
4472,-0.02392569667807902
4473,-0.024312638092112246
4474,-0.0640762606361116
4475,-0.026649577903301757
4476,-0.029066744773194705
4477,-0.04092868246952831
4478,-0.05288805499586338
4479,-0.029931953152831096
4480,-0.06757032850556101
4481,-0.06883753236469585
4482,-0.03414969746068623
4483,-0.04637442684025007
4484,-0.040925224309554205
4485,-0.04900929537389007
4486,-0.04115393872706387
4487,0.08249398661554741
4488,-0.17675275016507294
4489,0.0018332846261746676
4490,-0.07731434758112518
4491,-0.05652634310181813
4492,-0.08688780463056632
4493,0.012967962914605008
4494,0.0808926919374622
4495,-0.04554822616531157
4496,0.038678533880604535
4497,-0.034128422432767744
4498,-0.07519793893129936
4499,-0.07486790734310911
4500,-0.037191263991178995
4501,-0.08155014760095929
4502,-0.05274261310487693
4503,-0.08155014760095929
4504,-0.08441195422003031
4505,-9.241398405047417e-06
4506,-0.14868548961277261
4507,-0.08679411429353599
4508,-0.0458099991595138
4509,0.030334200134023184
4510,-0.04609401656126445
4511,-0.08690949413466523
4512,-0.19397596126529426
4513,-0.05701793450790022
4514,0.04638806471048279
4515,-0.027960484588225438
4516,0.07315016690349366
4517,-0.050105387443273065
4518,0.13921620542982005
4519,-0.014150436940051806
4520,-0.04442965338046867
4521,-0.0174772625700219
4522,-0.003954142792558614
4523,-0.12794020626109145
4524,0.07986757476537439
4525,-0.021151247988889715
4526,-0.022480963255880684
4527,-0.05060326480144993
4528,-0.034225844237922624
4529,-0.10392137843538134
4530,-0.1219851853018888
4531,0.11021837674506792
4532,-0.18556787795861265
4533,0.012893461574220557
4534,-0.02870773890924743
4535,0.09294262826765806
4536,-0.047946751040165506
4537,0.01767859247184252
4538,-0.04633193730150211
4539,-0.12809899245325862
4540,0.006578370951651118
4541,-0.05482887120811336
4542,-0.11699466749428623
4543,-0.052476891626293126
4544,-0.03574457302350378
4545,0.11802794467742912
4546,-0.03812724188105164
4547,-0.03922693941854822
4548,-0.12483913110309111
4549,-0.035915638015326684
4550,-0.1228930097993266
4551,0.08541973560777105
4552,-0.04112628740829264
4553,-0.1555596972169002
4554,-0.05493927806208358
4555,-0.018846713532915938
4556,-0.030027945132076163
4557,-0.0657879058243196
4558,-0.05409096964689324
4559,-0.07252978408444395
4560,-0.0929659094349547
4561,-0.06276400293095939
4562,-0.11628434536985975
4563,-0.059284649079675726
4564,-0.0030451001927248025
4565,-0.09943732074686672
4566,-0.06781978084747897
4567,-0.08171533536551553
4568,-0.01871028651435511
4569,-0.09308000571915118
4570,-0.09378184118203116
4571,-0.09821611588744004
4572,-0.05539801798607024
4573,-0.0749437014359198
4574,-0.042750225606747884
4575,-0.05028605476168832
4576,0.0038581189949921818
4577,0.009455692719116499
4578,-0.10219965716226062
4579,-0.11947227970942531
4580,-0.0902619520777473
4581,-0.022909708050536038
4582,-0.09812083175658595
4583,-0.08809164792232706
4584,-0.0207263719529743
4585,-0.04106893059780835
4586,-0.066639169634106
4587,-0.04361751022541736
4588,-0.02731377129671111
4589,-0.06680557981514688
4590,-0.004074929823660057
4591,-0.08240833792823427
4592,-0.06731160974621808
4593,-0.053196029092721246
4594,-0.12534264518737276
4595,-0.01456061212622273
4596,-0.07752075932407104
4597,-0.023758974678818108
4598,-0.021728874615592385
4599,-0.06470704155009278
4600,-0.028472123313571983
4601,-0.15238315650442763
4602,-0.08816329677180652
4603,-0.026699088214535052
4604,-0.10293432315154805
4605,-0.08240449250922818
4606,-0.08240449250922818
4607,-0.015413328545336828
4608,-0.08429942537125826
4609,-0.0890695332449983
4610,-0.06975951269677177
4611,-0.06800073463646221
4612,-0.010463835287979865
4613,-0.03557340297623775
4614,-0.06851048965172314
4615,-0.09126346313064881
4616,-0.07082417864781305
4617,-0.01916224439252522
4618,-0.17258739867360606
4619,-0.08878023543245488
4620,-0.07379406760909323
4621,-0.12805545831741566
4622,-0.09903422745331321
4623,-0.09903422745331321
4624,-0.015479269698527955
4625,-0.10459927913926571
4626,-0.014308987899921646
4627,-0.1059006043595961
4628,-0.08660402976302879
4629,-0.09540429745688334
4630,-0.12201277047519252
4631,-0.03522989000500122
4632,-0.09063772563059688
4633,-0.11299484386235774
4634,-0.12281569837981143
4635,-0.10488718247051391
4636,-0.038366775595403246
4637,-0.11825451677958206
4638,-0.026596639171236114
4639,0.018802332681658762
4640,-0.07300646198608832
4641,-0.09251370885269261
4642,-0.1816070638955296
4643,-0.12887891358932196
4644,-0.1160799836316065
4645,-0.1160799836316065
4646,-0.09259679413481403
4647,-0.021910262368571916
4648,-0.06331335452115816
4649,-0.08990477700422748
4650,-0.11638619710582146
4651,-0.11905005145937737
4652,-0.05372999398155526
4653,-0.02073267663858081
4654,-0.0909219257891304
4655,-0.07848914468001593
4656,-0.08896890857894135
4657,-0.04808926676703044
4658,-0.14141621354159248
4659,-0.12261565351797177
4660,-0.12261565351797177
4661,-0.1123006419648195
4662,-0.1278715898047002
4663,0.008262481905180103
4664,-0.13912829263739981
4665,-0.10877099462543421
4666,-0.04805896323223553
4667,-0.08858573476611642
4668,-0.05747249431485621
4669,-0.10824029368701933
4670,-0.12524583338437015
4671,-0.07230282828491952
4672,-0.04218919466989528
4673,-0.0763853282397629
4674,-0.1140157338372238
4675,-0.18583518710141353
4676,-0.11561711863593549
4677,-0.1010996424386645
4678,-0.1479355492818826
4679,-0.11532627303967528
4680,-0.11532627303967528
4681,-0.025518385222475258
4682,-0.113594388695566
4683,-0.038422095687858836
4684,-0.08602120515146196
4685,-0.009517032357623006
4686,-0.05428638999374323
4687,-0.13977715089906834
4688,-0.05041718265895189
4689,-0.04791550065137887
4690,-0.18792794585531256
4691,-0.11755110298536199
4692,0.021750520779138676
4693,0.009151423823650239
4694,0.048428377551400566
4695,-0.08656099012816906
4696,-0.0874551368914544
4697,-0.02253356685619207
4698,-0.051932773503087226
4699,-0.05921565335187524
4700,-0.03355041454935065
4701,-0.06398227501689056
4702,-0.03367061500091096
4703,0.006608298556236321
4704,-0.1958431394184228
4705,-0.15930214097038703
4706,-0.11047540928059892
4707,-0.11109979498279617
4708,-0.07355305757308878
4709,-0.08769685942631439
4710,-0.06974104270373968
4711,0.0018522271508674343
4712,-0.10753636095917586
4713,-0.08664486026421123
4714,-0.10320549415600923
4715,-0.04248857270174577
4716,-0.056801743662319
4717,-0.056801743662319
4718,-0.1907521995018308
4719,-0.1451492925002885
4720,-0.04056811668675568
4721,0.0010603650268548584
4722,-0.09745613606540134
4723,-0.09322440516200885
4724,-0.09763011783503672
4725,0.015666907418404426
4726,-0.02814197112267052
4727,-0.07080638962778663
4728,-0.10671417986818593
4729,-0.04520835070995818
4730,-0.039744860158949374
4731,-0.16088748910493628
4732,-0.02801943691641242
4733,-0.05431502478353536
4734,0.012791495274340571
4735,-0.16373183241476064
4736,-0.03640190634855996
4737,-0.03640190634855996
4738,-0.07200452244290008
4739,-0.06387249020205876
4740,-0.09011572973366097
4741,-0.06931831655620906
4742,0.011476918793814017
4743,-0.07537899207942915
4744,-0.08172145046278022
4745,-0.09598010422429502
4746,-0.04492886365034564
4747,-0.06691547424382767
4748,-0.021930878779349714
4749,-0.10041472599638211
4750,-0.10248522635346774
4751,-0.10283459962106718
4752,-0.1086261037885549
4753,-0.07902956854114285
4754,-0.17210283855531613
4755,-0.09177824414130363
4756,-0.06965034890933475
4757,-0.11520813681236097
4758,-0.09799469563914369
4759,-0.02294313763327371
4760,-0.021307829322703902
4761,-0.059072220382739946
4762,-0.09284369193710411
4763,-0.0009762852358038165
4764,-0.016657523492911566
4765,-0.10303841856980646
4766,-0.0825811886701041
4767,-0.03323044928456757
4768,-0.05000033016782152
4769,-0.18067770398069746
4770,-0.012229097575026387
4771,-0.10306450860299424
4772,-0.08912200214642302
4773,-0.012549878351354115
4774,-0.01115098332501348
4775,-0.10287937371964141
4776,-0.07496100346336133
4777,-0.05960610330774145
4778,0.005217196983588852
4779,-0.09632119274482344
4780,-0.003844642249525681
4781,-0.05942421811151572
4782,-0.1753205376291417
4783,-0.11258414756391999
4784,-0.10382518267358987
4785,-0.008377136932591085
4786,-0.01937004535189268
4787,-0.09533010401016755
4788,-0.07381793524802967
4789,-0.09937439735670328
4790,0.031053518818464604
4791,-0.0059751900775328265
4792,-0.1788167327626848
4793,-0.1575205622849079
4794,-0.013256244821701749
4795,-0.10390898900384782
4796,-0.10620293210666402
4797,-0.10620293210666402
4798,-0.10664414857299905
4799,-0.1053847069160588
4800,-0.17440754686847074
4801,-0.06341824033170718
4802,-0.09786929357411976
4803,-0.051793536026015705
4804,-0.05544330540967146
4805,-0.0984257826202701
4806,-0.06409614341982714
4807,-0.11129336424365185
4808,-0.08823712717156648
4809,-0.16640595705155103
4810,-0.08486806886692809
4811,-0.1815307341918009
4812,-0.020667768470553145
4813,-0.16535374781266018
4814,-0.05239003237936306
4815,-0.09991751427038763
4816,-0.06220991629784388
4817,-0.11174999709679911
4818,-0.02909910777197349
4819,-0.08039418281464732
4820,-0.08139827529630675
4821,-0.0169354214969275
4822,-0.08458736368467497
4823,-0.07988411194280667
4824,-0.16548028106481807
4825,-0.09667896386828004
4826,-0.07409583414560282
4827,-0.17420501638600477
4828,-0.06292274363638667
4829,-0.07358343459727021
4830,-0.0745256116397978
4831,-0.07235835098777653
4832,-0.1150301823498465
4833,0.005967463841723197
4834,-0.16867135365169908
4835,-0.16493709030071632
4836,-0.010954769512991803
4837,-0.07623427928200295
4838,-0.07697498800265748
4839,-0.07861946036766587
4840,-0.03725751390602028
4841,-0.15364229010066321
4842,-0.06156015248950887
4843,-0.08820755185008143
4844,-0.020164100477546534
4845,-0.02235636785585524
4846,-0.01089231155602339
4847,-0.08587470337024178
4848,-0.0626899521385568
4849,-0.01359147717501651
4850,-0.11075760823462082
4851,-0.0894452824888945
4852,-0.15883905560570638
4853,-0.14711237054540177
4854,-0.06680008059530959
4855,-0.10165304441404377
4856,-0.10222629499570347
4857,-0.08986274585318035
4858,-0.09305007541405627
4859,-0.06218632575334435
4860,-0.1612808022634315
4861,-0.016297019227012353
4862,-0.09650960517529908
4863,-0.024549355207037295
4864,-0.04019066881739779
4865,-0.1433329908485194
4866,-0.0670287142188406
4867,-0.014563249764095175
4868,-0.08154079249122445
4869,-0.05082600302893563
4870,-0.014320131492398632
4871,-0.15823376109588033
4872,0.002145423948123245
4873,-0.09799971948740578
4874,-0.07860950744012661
4875,-0.14773347655038094
4876,-0.0966454751960251
4877,-0.09308376604021178
4878,-0.03622947607571945
4879,-0.07984255275932564
4880,-0.0956464350275993
4881,-0.03680545372465693
4882,-0.09621401195514809
4883,-0.05703709838015191
4884,-0.0638035166902399
4885,0.02013758204365493
4886,-0.15819093077832738
4887,-0.05710646925485314
4888,-0.10087025032280629
4889,-0.09958214957061098
4890,-0.05669010690840903
4891,-0.0730166001992244
4892,0.023016233766017153
4893,0.003497359460215762
4894,-0.10017334726535529
4895,-0.14115844291569474
4896,-0.018837054206232412
4897,-0.051232177649719615
4898,-0.16437402602882065
4899,-0.15615873243858136
4900,-0.09723006764009991
4901,-0.0971959132959675
4902,-0.0971959132959675
4903,-0.0574952043662962
4904,-0.09456772734627247
4905,0.026807953676430827
4906,-0.05802854590230121
4907,-0.04444521414592023
4908,-0.06564397729408909
4909,0.027410688756578764
4910,-0.06449946160758442
4911,-0.15241410731944416
4912,-0.08044229476293618
4913,-0.16821151730626682
4914,-0.16872409349734616
4915,-0.07018028543178777
4916,-0.1695055257442328
4917,-0.10265921087912597
4918,-0.06987383927072216
4919,-0.06647328651523843
4920,-0.10175056057212266
4921,0.017689642060095222
4922,-0.06387582693215152
4923,-0.013741151618385085
4924,-0.027674784461164732
4925,-0.165006930642748
4926,-0.061042596516752444
4927,-0.143366107700964
4928,-0.062088943170532124
4929,-0.168769726895456
4930,-0.06434868973112275
4931,-0.0652496954676336
4932,-0.06054705889011001
4933,-0.058379229498936334
4934,-0.07474085548550231
4935,-0.06271836483437121
4936,-0.03671491602216607
4937,-0.06357958530619705
4938,-0.06493663121866143
4939,-0.0716757533321728
4940,-0.03247302077567306
4941,-0.057670961999048
4942,-0.12105945993769508
4943,-0.05924309138036607
4944,-0.059747618896601816
4945,-0.021058083885741097
4946,-0.026769822951289792
4947,-0.06377566971631467
4948,-0.022211469745703684
4949,-0.08290009926936162
4950,-0.02306814956411406
4951,-0.12533882316071165
4952,-0.09326102874150907
4953,-0.1717354195531003
4954,-0.114542588835181
4955,-0.012988897130549234
4956,-0.08637522063578662
4957,-0.17843050450256923
4958,-0.014377033966222084
4959,-0.09645113526684676
4960,-0.09645113526684676
4961,-0.03674704811674662
4962,-0.072245659819918
4963,-0.08640529087784213
4964,-0.09624433598761196
4965,-0.03698846554361081
4966,-0.09023647925226612
4967,-0.09023647925226612
4968,0.010025799748607662
4969,-0.1304515619245848
4970,0.007847872735780881
4971,-0.1733766988900702
4972,0.013503800332786151
4973,-0.09142508391608958
4974,0.02143374872975771
4975,-0.16951038351672998
4976,-0.11809363605814882
4977,-0.05624499091482893
4978,-0.17104283387577668
4979,-0.07051460648153793
4980,-0.0740821940347831
4981,-0.05385646843164982
4982,-0.18828581890563612
4983,-0.08661116840832989
4984,-0.10707017884657546
4985,-0.08563155860379719
4986,-0.08682524709868286
4987,-0.07019697593188037
4988,-0.08228510995617379
4989,-0.09133155647917401
4990,-0.16902928383805935
4991,0.002467110011638927
4992,-0.08564568956720976
4993,0.0029848391210390043
4994,-0.09249774378329506
4995,-0.09835218599412163
4996,-0.08687841046237468
4997,-0.11980911813056382
4998,-0.09967116365480558
4999,-0.04225721991930492
5000,-0.09982257567207789
5001,-0.029951338576311083
5002,-0.030044271379634925
5003,-0.17688024503717092
5004,-0.06625356652626388
5005,-0.0717995634752377
5006,-0.1727498493670949
5007,-0.02380488142221288
5008,-0.08298373978221958
5009,-0.08144020428870584
5010,-0.08331276357246443
5011,-0.08593409984079907
5012,-0.0648086335376906
5013,-0.09365596967263637
5014,-0.07047491948459762
5015,0.02468424427106775
5016,-0.05699290237764931
5017,0.027960147971590795
5018,-0.060401309324882295
5019,-0.09213403083124361
5020,-0.05971732854280014
5021,-0.05103603368715176
5022,-0.0673639199394154
5023,-0.06884357856950181
5024,-0.056185459031981536
5025,-0.19331451050387408
5026,0.03722515453194708
5027,-0.16303987750197838
5028,-0.15788069784343733
5029,-0.09468594112185147
5030,-0.055482762265094146
5031,-0.0587217400176702
5032,-0.05607455236584685
5033,-0.05431878303081252
5034,-0.07163609825364718
5035,0.003290268061190047
5036,0.025240876163469508
5037,-0.018569685119394257
5038,-0.03621370532201644
5039,-0.00013910072481941357
5040,-0.046488092256343094
5041,0.005567986539273692
5042,-0.17815041023028252
5043,0.0009741902172267421
5044,-0.08437728363506548
5045,-0.193806776795799
5046,-0.09327573582190157
5047,-0.05197417968708821
5048,-0.007477673600231218
5049,-0.05661481848666968
5050,-0.054881939123287975
5051,-0.054881939123287975
5052,-0.10781579905517838
5053,-0.12161430902941238
5054,0.01351900032304805
5055,-0.04744253817692603
5056,0.007855691268821274
5057,0.001002510128181439
5058,-0.002803557001152844
5059,-0.14827701451995923
5060,-0.001371072775147779
5061,-0.12025084694380188
5062,-0.09423771919966678
5063,-0.025822292552199474
5064,-0.04565642019102293
5065,-0.03577606999584717
5066,-0.04189521474841359
5067,-0.09869313833209765
5068,-0.0529466961738603
5069,-0.06140703590199252
5070,-0.11705294839533642
5071,-0.07761948453560068
5072,-0.005167710975119646
5073,-0.09006979819267734
5074,-0.05171998332534049
5075,-0.06397629950868232
5076,-0.09637736058191923
5077,-0.04915750916379013
5078,-0.09578498478220246
5079,-0.03514205370667713
5080,-0.031281958485040055
5081,-0.10620899808793387
5082,-0.06543093794868174
5083,-0.09271274749963182
5084,-0.011533298688439358
5085,-0.05434074732585005
5086,0.030053002616625316
5087,-0.05290242752141436
5088,-0.09884009720578352
5089,-0.10376228607928956
5090,-0.047694176257983716
5091,-0.10349389900583314
5092,-0.1814897342237364
5093,0.04593751485609161
5094,-0.1372841238279603
5095,-0.026345232742691516
5096,-0.04239292085068394
5097,-0.059537544497127934
5098,-0.07734858669082897
5099,-0.0423759117213658
5100,-0.10644434477624123
5101,-0.00939748877041641
5102,0.029995355287964192
5103,-0.032491819731395526
5104,-0.03885918179084786
5105,-0.12258948973394723
5106,-0.07199967641693959
5107,-0.054233559888138
5108,0.002797453795673343
5109,-0.09498470815761334
5110,-0.040655737446358656
5111,-0.0683237579559177
5112,-0.11834785388464202
5113,-0.05437876003209664
5114,-0.10885063326661132
5115,-0.18347092748465912
5116,0.04941098586127246
5117,-0.06122107283518227
5118,-0.029681604777954635
5119,-0.029189395515558325
5120,-0.021895489268381915
5121,-0.10763246535472823
5122,-0.180564567814473
5123,-0.04738391242593417
5124,0.049580745691806205
5125,-0.029492988868388283
5126,-0.05744557191251214
5127,-0.03068329242153575
5128,0.015447066582517977
5129,-0.11609060598925286
5130,-0.05945633944406794
5131,0.02466982888046774
5132,-0.023441120669811584
5133,-0.011213217729304134
5134,-0.12101947055749677
5135,-0.013995567572663405
5136,-0.013995567572663405
5137,0.024738402248953295
5138,-0.02407349205826658
5139,0.0158189256920827
5140,-0.047121503206909526
5141,-0.07398574332701852
5142,-0.017746072759481122
5143,-0.01731892507416721
5144,-0.020280194699920602
5145,-0.021235036685454137
5146,-0.1825264983300331
5147,-0.11730904408650993
5148,0.02554904074317923
5149,-0.061748743138874095
5150,-0.02444010780660894
5151,-0.18696613038349605
5152,-0.12251909476700543
5153,-0.03349093312660928
5154,-0.14198556032721263
5155,-0.002084374682722768
5156,-0.004946428897902586
5157,0.07176448930426506
5158,-0.13048374943452293
5159,-0.029474460199907515
5160,-0.026729160587544105
5161,0.010202688118126513
5162,0.029189170333743346
5163,-0.0234114147102793
5164,-0.1405355688589621
5165,-0.03164870528518102
5166,-0.036537261815381125
5167,-0.04338636700643695
5168,-0.05600501574290295
5169,-0.05044670576481953
5170,-0.019852295468283418
5171,0.036273285659801154
5172,-0.026808374567267722
5173,-0.019805524337109342
5174,-0.03839294686666792
5175,-0.11588524233319264
5176,-0.07044463712747223
5177,-0.15838663838684786
5178,-0.036963779067260547
5179,-0.023085129202064927
5180,-0.022440335610222437
5181,-0.15705900994075275
5182,-0.162028681000491
5183,-0.014159290880912863
5184,0.08454520213276683
5185,-0.03191885590170731
5186,-0.024639527510123823
5187,-0.04281937696278199
5188,0.03985719000496205
5189,-0.01953052252339492
5190,0.020077809686948743
5191,-0.08811171867494652
5192,-0.03827271897351773
5193,-0.10801747184926487
5194,-0.07791239637459182
5195,-0.014402844747836999
5196,-0.014402844747836999
5197,-0.046224952294167156
5198,-0.15264186844885957
5199,0.02167339038699678
5200,-0.012591272782345564
5201,-0.0724381676534046
5202,-0.004861335210100051
5203,-0.06473330879666889
5204,-0.04370877889634635
5205,-0.014735396767457136
5206,-0.015760478312444523
5207,-0.07711429655420346
5208,-0.1551150465671556
5209,-0.10095360806054192
5210,-0.0764917540255687
5211,-0.03693042834338264
5212,-0.1962156648529646
5213,-0.022756437142259882
5214,-0.04949697857910291
5215,-0.013646448202086438
5216,-0.039781694728363154
5217,0.07908153054496407
5218,-0.034455351186780045
5219,0.02324661670235585
5220,-0.012915515989487366
5221,-0.012915515989487366
5222,-0.1415970967720645
5223,0.008793672448941357
5224,-0.19489582692840146
5225,-0.0330147434383698
5226,-0.04143224333345314
5227,0.005484259342478392
5228,-0.1447220810206602
5229,-0.02367866842735914
5230,0.023695260304500424
5231,-0.04528883780533205
5232,-0.03937953735033018
5233,-0.07186474402820636
5234,-0.022886843258148697
5235,-0.14860037134587964
5236,-0.04383354716751521
5237,-0.019559402574831262
5238,-0.08543817827596462
5239,0.017099620146822384
5240,-0.1331676518986278
5241,-0.18831857236641916
5242,-0.06194561623574918
5243,-0.01158891667610145
5244,-0.014649762749322425
5245,-0.1852000582350754
5246,-0.08556243736977596
5247,0.06533672512138473
5248,0.024300399622494355
5249,-0.017378097374073587
5250,0.019216018166700453
5251,-0.0481512027952648
5252,-0.03536724578031322
5253,-0.14876153926345084
5254,-0.14876153926345084
5255,-0.18724581152972686
5256,-0.06008031097075936
5257,-0.05289188107498557
5258,0.021802399322764867
5259,-0.003721161807776504
5260,-0.08906879919115092
5261,-0.1139201420913021
5262,0.0422240421933588
5263,-0.0528677269870296
5264,-0.06957198804571589
5265,-0.13068725580866178
5266,-0.051115874726013755
5267,0.016403752787611046
5268,-0.07648234108244364
5269,-0.02524789536901212
5270,0.014093453261499281
5271,-0.015942675269001873
5272,-0.17498954915553408
5273,-0.1457844089861092
5274,-0.00751769795772255
5275,-0.033846480681079164
5276,-0.07571568015933655
5277,-0.15251237464327208
5278,0.03555508739870979
5279,0.0374809500962062
5280,-0.03446223178293032
5281,-0.007201304436036916
5282,-0.12315865646677215
5283,-0.04938160481547848
5284,-0.00033458151071287675
5285,-0.040903644429125675
5286,-0.005541253753106244
5287,-0.002729352214023033
5288,-0.1850348633091991
5289,-0.14003626706374703
5290,-0.04316212073843137
5291,0.029181435008964127
5292,-0.036953243260614256
5293,0.015193056826099659
5294,0.009017838483776984
5295,0.006921668689424639
5296,-0.03779075018549397
5297,-0.03532839860985039
5298,-0.07852623736677788
5299,0.03226323357043302
5300,-0.015786374802893542
5301,-0.04424100666847038
5302,-0.04758293612814135
5303,-0.04566224660418996
5304,-0.16920832538658317
5305,0.04424282764560103
5306,0.03515261550881523
5307,-0.07309085817682434
5308,0.01846652490919201
5309,-0.10919562865262519
5310,-0.007806474120750807
5311,0.03648707152576921
5312,-0.15210223386687097
5313,0.003052975053769684
5314,-0.020135142602848544
5315,0.003052975053769684
5316,-0.038181950874720275
5317,-0.038181950874720275
5318,-0.04993919803271926
5319,-0.13540278294577313
5320,0.0008190202789953023
5321,-0.038220211286372215
5322,-0.03608050354286406
5323,0.05424050025157622
5324,-0.03414008074797982
5325,0.03670645221420494
5326,-0.09752259102095705
5327,-0.0827562500412534
5328,0.03270036409055879
5329,-0.042787509150826374
5330,-0.04835272024293326
5331,-0.08624218486486684
5332,-0.14795577927433898
5333,-0.03306162434432136
5334,-0.09886369182087143
5335,-0.12648770128697515
5336,0.015411310263814922
5337,0.036871467661121975
5338,0.005422346743490922
5339,-0.05844033832047155
5340,-0.14189005855075387
5341,-0.03555318919352704
5342,-0.0653693568941243
5343,-0.04135714505820099
5344,0.013717970423782148
5345,-0.039583911277162945
5346,-0.035268596949329614
5347,-0.09014382602811806
5348,-0.07998994194199083
5349,0.06507962825571754
5350,-0.08229473173760309
5351,-0.07525721093416139
5352,-0.0753542751122617
5353,-0.08660923803190505
5354,-0.010628250824618261
5355,0.011871060266358844
5356,-0.1284786045044005
5357,-0.02444862445244944
5358,-0.07892139097782773
5359,-0.06520557885457312
5360,-0.06500741704836421
5361,0.04388198679419812
5362,-0.006340605122607061
5363,-0.0031545615031878626
5364,-0.07843554544361825
5365,-0.025472256509416147
5366,-0.07438984530684152
5367,-0.0816015336128282
5368,-0.10417748338828617
5369,-0.07513012842124735
5370,-0.08225518046012084
5371,-0.0514740638771565
5372,-0.08250566229365863
5373,-0.08250566229365863
5374,0.010709242325212642
5375,-0.009867166491055224
5376,-0.07738280295282236
5377,-0.06574377749907998
5378,0.010320469109137509
5379,-0.0622161800649314
5380,-0.024027385183294187
5381,-0.0452340073203874
5382,-0.07536926343719282
5383,-0.005816592924577028
5384,-0.07927892650479494
5385,-0.06987810659231114
5386,-0.08185012232526978
5387,-0.019130743189772748
5388,-0.010447900623771716
5389,-0.12328822259259761
5390,-0.020103833730488047
5391,-0.06286968067710952
5392,-0.07295295036780056
5393,-0.12198475348182053
5394,0.0421546066235882
5395,0.002839510398549341
5396,-0.01683964429188412
5397,-0.13387520827407537
5398,-0.011335077167520543
5399,-0.0647657955800606
5400,-0.07535652507192897
5401,-0.11572318650543485
5402,-0.06065698233584546
5403,0.033180789962079404
5404,-0.07531469267944864
5405,-0.01651005072426598
5406,-0.07518976661022982
5407,0.018686937468387753
5408,-0.06600646690566007
5409,0.01669935561126065
5410,0.0028705323723551605
5411,-0.02493660130018102
5412,-0.06796298322041794
5413,-0.00207459785419556
5414,-0.07032576224239494
5415,-0.054932734625095736
5416,-0.09425660961426999
5417,-0.09343576084713727
5418,-0.07732063361432706
5419,-0.10476633524038081
5420,-0.14374382784743217
5421,-0.07911280269075929
5422,-0.016926538653919205
5423,0.004059911378928061
5424,-0.009433821028031033
5425,0.03082414975868994
5426,-0.06106462988311157
5427,-0.08216635737140668
5428,-0.07825077362093341
5429,-0.02106527331844848
5430,-0.021175580476684885
5431,-0.09031196262382409
5432,-0.09086995217977904
5433,-0.09086995217977904
5434,0.023452682682149444
5435,-0.08954634552417268
5436,-0.01786592178688736
5437,-0.058943872930121786
5438,0.028576430403608372
5439,-0.0678114034859633
5440,-0.018370036717658723
5441,-0.028577962960319357
5442,-0.09666653396511063
5443,-0.08646565611309688
5444,-0.030408238838687082
5445,-0.09598897630019533
5446,-0.011487247090161986
5447,-0.06111597788666361
5448,-0.09054187123027642
5449,-0.06684575758574271
5450,-0.08319098026122972
5451,-0.026540726137334908
5452,-0.022399919917507432
5453,-0.05665618495531672
5454,-0.03123763313910033
5455,-0.05842191905730996
5456,0.01987317171299784
5457,-0.0598756193533089
5458,-0.07636539040841697
5459,-0.07621174587001048
5460,-0.02892259337367168
5461,0.0025713449480691567
5462,-0.06492038572585321
5463,-0.025026940626975133
5464,-0.03521214290866521
5465,0.03560885684706687
5466,-0.023192448237263533
5467,-0.07773789925888536
5468,-0.0689927709238368
5469,-0.07551639512545122
5470,-0.09443093642273596
5471,-0.019421285620313533
5472,-0.06873319811868528
5473,-0.06999274309739628
5474,-0.10033512626356011
5475,-0.06650723477451025
5476,-0.06744101477933453
5477,-0.07343174888102401
5478,-0.03564089260162308
5479,-0.10563672054200123
5480,-0.008230004309967665
5481,-0.06804094846421284
5482,-0.02420079746445837
5483,-0.02059659181684587
5484,0.03229426442227633
5485,-0.07018743599542196
5486,-0.07893513277035634
5487,-0.046291932767951606
5488,-0.04948794369573388
5489,-0.04948794369573388
5490,-0.02262398887697856
5491,0.0012438142705692443
5492,-0.02139225140623851
5493,-0.08566353490903743
5494,-0.05895180450302835
5495,-0.05568782359659452
5496,-0.05674752181952061
5497,-0.10549347332020517
5498,0.05814024077031202
5499,-0.02843878302421399
5500,-0.045230959515746044
5501,-0.002926346910611821
5502,0.03236066318861639
5503,-0.05913838573529898
5504,-0.07757660441931524
5505,-0.02021369894357232
5506,-0.04534248122748337
5507,-0.017526177806673402
5508,-0.0661052612902278
5509,-0.047427910355986175
5510,-0.058836647558457994
5511,-0.06071441836610054
5512,0.027611979692890965
5513,-0.01993218584762113
5514,-0.01993218584762113
5515,-0.02948119425010943
5516,-0.05986310943464096
5517,-0.05201661260854049
5518,-0.03124556490710207
5519,-0.01619640685037386
5520,-0.09676605506231958
5521,-0.09536532457319893
5522,-0.068330306952372
5523,-0.05521510999770359
5524,-0.0994375992567523
5525,-0.05289599380003551
5526,-0.09802551346714967
5527,-0.09639569457824097
5528,0.052591144820135965
5529,-0.04879111760795172
5530,-0.04818609308221174
5531,-0.05582821550788181
5532,0.00811812566038771
5533,-0.054951326022939805
5534,-0.03537546728599179
5535,-0.09807683822755925
5536,-0.04056744389379792
5537,-0.0084903414144832
5538,-0.08029388934080928
5539,0.016539265811833598
5540,0.050809490178579025
5541,-0.048505876463671445
5542,-0.0021620590882147216
5543,-0.09591364227012264
5544,-0.09085716387703548
5545,-0.06377378528427338
5546,-0.10275919121071218
5547,-0.11125494892094902
5548,-0.05992197166889183
5549,-0.030230047673358778
5550,-0.060189886574774386
5551,0.02347256150490866
5552,-0.07607612522181043
5553,-0.032563655419496046
5554,-0.03181636086543269
5555,-0.057146730526388204
5556,-0.09861719864562428
5557,-0.06445199540756054
5558,-0.113222430906873
5559,0.0012659731701531425
5560,0.023136634880968013
5561,-0.05906487859660784
5562,-0.06016957763718453
5563,-0.06172032024535285
5564,-0.0653184838540127
5565,-0.00440888881842561
5566,-0.05515229550265099
5567,-0.05230612262505996
5568,-0.046780403723971305
5569,-0.041900760983471536
5570,-0.06604551177066662
5571,-0.01803256222916116
5572,-0.039355942447216095
5573,-0.04272870202225472
5574,-0.09763704510680991
5575,-0.04048535372550541
5576,-0.1271659568589955
5577,-0.12730015329901948
5578,0.019622086056419318
5579,-0.05563711859315713
5580,-0.06399039526937284
5581,-0.06011659452585523
5582,0.001280490522270876
5583,-0.1125222387460455
5584,0.0034080279721255963
5585,-0.005285551474127507
5586,-0.008112015508340597
5587,-0.014622082245673141
5588,-0.13396864104499553
5589,-0.08893874480588175
5590,-0.004133283505555487
5591,-0.06730058832400067
5592,-0.06668148261419589
5593,-0.10913810552644333
5594,-0.034921856596518516
5595,-0.13243931165195072
5596,-0.03313328498516262
5597,0.02975678452705282
5598,-0.024413497199780837
5599,0.05152344634644632
5600,-0.06535588418059628
5601,-0.06990155352464443
5602,-0.16016505216635815
5603,-0.17685329747187686
5604,-0.012105752059498067
5605,-0.17241815403738137
5606,-0.015081621153246065
5607,-0.08706394573246458
5608,-0.0237003141161497
5609,-0.05251032576755294
5610,-0.002427465365105348
5611,-0.012343649498542476
5612,-0.07499637584042335
5613,-0.0438370041892837
5614,-0.18657484342328373
5615,-0.12309410225860137
5616,-0.05132655706013284
5617,-0.06535402952094942
5618,-0.0395810217924074
5619,0.0434859161966156
5620,-0.06019600386700686
5621,-0.08399477926758978
5622,-0.19456392088917043
5623,-0.06191052151293281
5624,0.01360962040118309
5625,-0.18655158351971765
5626,0.019347927742036468
5627,0.048809064639851824
5628,-0.056980602220442836
5629,0.03213715893864981
5630,0.000171958937284464
5631,0.01463730392111615
5632,-0.12438699871450279
5633,-0.1180065563370173
5634,-0.21799589678401296
5635,-0.12838218663514078
5636,-0.03049712495228985
5637,-0.1313887489802049
5638,-0.07178102304347486
5639,-0.05744643711333547
5640,-0.14006554303693358
5641,-0.047648707084443326
5642,0.0069707473079728
5643,-0.12184171251495264
5644,-0.05253376330572803
5645,-0.1377331451250465
5646,-0.056274322859915904
5647,0.019643901884051438
5648,-0.09344812906204117
5649,-0.1960627526993051
5650,-0.19423360780905258
5651,0.0012593430167415936
5652,-0.1852615163534358
5653,0.03569238532987174
5654,-0.0025526941065565087
5655,-0.13562573188220045
5656,-0.1579033284856177
5657,0.054708516615724276
5658,-0.07012158196262264
5659,0.05830897804252585
5660,-0.07048929808707526
5661,-0.08647076038081102
5662,-0.05198074239357405
5663,-0.06725564656897494
5664,-0.10469268923434635
5665,0.03369416260230204
5666,-0.13362160409153098
5667,-0.18606702622234494
5668,-0.07374351087809217
5669,-0.16592888707552397
5670,-0.05889278788552699
5671,-0.13229744780966032
5672,-0.005458693509865966
5673,-0.1679209654833626
5674,-0.025429660368697392
5675,-0.16193667018985664
5676,-0.07520431452735964
5677,-0.16129961367432127
5678,0.07461769210750754
5679,0.0430324765181775
5680,-0.06548799919575779
5681,0.009207946825083881
5682,-0.1534334838999457
5683,-0.15452059209647812
5684,0.025095071976976593
5685,-0.11867015014327731
5686,-0.08171377577904698
5687,0.042023866001580625
5688,-0.025091304565722925
5689,-0.054981872033898795
5690,-0.010828391375737382
5691,-0.12480394056878369
5692,-0.14087136091349942
5693,-0.1227778413358581
5694,-0.012368383237466229
5695,0.04082870865346841
5696,-0.0703232968817145
5697,-0.13843329055637488
5698,-0.1383765775429674
5699,-0.1383765775429674
5700,-0.06821589056166381
5701,-0.13408976723190416
5702,-0.13910723092050062
5703,-0.06487273206585031
5704,-0.06487273206585031
5705,-0.045395432164304236
5706,-0.01889082677864548
5707,-0.0027408620909914333
5708,-0.17464544951256644
5709,-0.13237096691688083
5710,0.06329850603272034
5711,-0.05759729050635003
5712,-0.12358231767331652
5713,-0.10908806960149944
5714,-0.12573915832505025
5715,0.04082791314454698
5716,-0.11419259612275866
5717,-0.09797670667239318
5718,0.06022759155258379
5719,0.07090899630582792
5720,-0.14838944196402104
5721,-0.02195418858038644
5722,-0.1414017831754819
5723,-0.056990580158780786
5724,0.05981559692750696
5725,-0.14738512883859348
5726,-0.10402426579101853
5727,-0.0016869107497803142
5728,-0.10176291240331796
5729,-0.15452029115729474
5730,-0.005636282525579446
5731,-0.10059753627811975
5732,-0.10059753627811975
5733,0.020370732316107896
5734,-0.030726351538201253
5735,-0.05289034948448685
5736,-0.020725870481095268
5737,-0.16447119576072528
5738,-0.0068391583172608345
5739,-0.09023655289399274
5740,-0.0435195722458341
5741,0.023791400889336477
5742,0.037144493039534605
5743,-0.08992188669693126
5744,-0.10962495449232622
5745,0.04366170921445776
5746,0.06921605738813012
5747,-0.022270008595817632
5748,-0.027894636972523437
5749,-0.12179572509951277
5750,0.060258039400195154
5751,-0.0305567296679897
5752,-0.05661470719366089
5753,-0.09617117676870394
5754,-0.11967376128041123
5755,-0.06177820558434335
5756,-0.005527580725484277
5757,-0.11401764888552007
5758,-0.06209741956506239
5759,-0.00865661799596154
5760,-0.06130041546796187
5761,-0.04013969100364047
5762,0.05001391680899564
5763,-0.004254076855820532
5764,-0.17542072029214287
5765,-0.17417322014172545
5766,-0.019133905820549958
5767,-0.011577449535846876
5768,-0.06622534026662638
5769,-0.07516510238321017
5770,-0.07557493378145347
5771,0.07987098706254091
5772,0.04987346193807634
5773,-0.019003031860028375
5774,-0.0773827218957444
5775,-0.05463426456784588
5776,-0.047941363041321565
5777,-0.10291379735440173
5778,0.03777972509908165
5779,-0.08042110880939204
5780,-0.005637219049290233
5781,-0.04526402888502978
5782,0.04278200414137573
5783,-0.006100810631808224
5784,-0.06938695529510687
5785,-0.10060864677015947
5786,0.03321820386611078
5787,-0.010656579249542627
5788,-0.1615467302719503
5789,0.011507613249986908
5790,-0.07242433878606444
5791,-0.07242433878606444
5792,-0.04071940806938068
5793,-0.0750620462345392
5794,-0.014496572276475753
5795,-0.1650260655924638
5796,-0.027885864767168575
5797,-0.17306535817260216
5798,0.014302966957227955
5799,-0.07556605403459883
5800,0.014747427384207833
5801,-0.0746580531851164
5802,0.027508641341014668
5803,-0.04281622815955779
5804,-0.019798119988554852
5805,0.03876688332467578
5806,0.025735588182639504
5807,0.01184767832355407
5808,-0.0973287509409858
5809,0.010149256165098413
5810,0.027901138787895127
5811,0.017777291421745778
5812,-0.060373604567680775
5813,-0.015140064387247722
5814,-0.05787439962975052
5815,-0.0996947283548495
5816,-0.1618907316264754
5817,-0.03834788204922251
5818,-0.050429951973553024
5819,0.012393119829963148
5820,-0.045957903353038954
5821,0.021176401095022054
5822,0.04735210542371008
5823,-0.016723491570967444
5824,0.03188781582731284
5825,0.031763490526088935
5826,-0.046865104899242276
5827,-0.04461124895267638
5828,-0.004194140600793002
5829,0.06034704527915765
5830,-0.050229283210923605
5831,-0.02983576907968531
5832,0.01157900027272088
5833,-0.16037824061973233
5834,-0.030492346098831242
5835,-0.15690537439931626
5836,-0.09646823950043444
5837,-0.10596311201009535
5838,-0.010636396060291467
5839,-0.16323276723698596
5840,0.005479795884297887
5841,0.010588202633280228
5842,-0.05372486788823875
5843,-0.002437368925126225
5844,0.007897716043267874
5845,0.007326562025048143
5846,-0.14832801044644145
5847,-0.10377081313504581
5848,-0.03477300246090453
5849,-0.03317874380230674
5850,-0.03317874380230674
5851,-0.034288471852079665
5852,-0.02753626621109939
5853,-0.01821631043044045
5854,-0.15519785744013445
5855,0.010473590333044052
5856,0.046137922821696646
5857,-0.05057956190822116
5858,-0.14191316961423325
5859,-0.04207759640045548
5860,-0.001388914006712978
5861,-0.029955736592210624
5862,-0.11413913466620944
5863,-0.00013570011719085375
5864,0.003522701827902865
5865,-0.015157356356529948
5866,-0.017612574914140054
5867,-0.04703362940458309
5868,-0.04154270004979428
5869,-0.1578865291186594
5870,-0.006362338625532226
5871,-0.013053364913291541
5872,-0.07114267937765088
5873,-0.02150652891023549
5874,-0.13817987691119524
5875,-0.10425656319982314
5876,-0.010073922714558698
5877,-0.03138889845876016
5878,-0.011660207939471826
5879,-0.10269753585946471
5880,0.08390555194561346
5881,0.051339681166044995
5882,-0.010976302291326751
5883,-0.07217260998247016
5884,0.01960311024246116
5885,-0.006811632520282417
5886,0.04051029943972484
5887,-0.01932990101284523
5888,-0.004297639636476857
5889,0.0056171456700266804
5890,-0.10303828803779588
5891,-0.0020880347584115687
5892,-0.01606713818543256
5893,-0.032306188293981
5894,-0.0346641476215749
5895,-0.014981471111704071
5896,-0.09994826299336908
5897,-0.10348022011413038
5898,-0.06439915498628167
5899,-0.0059370416705662446
5900,-0.003079041220876267
5901,0.0507542815229753
5902,-0.04248058253285273
5903,-0.10311533749046368
5904,-0.016473733321194225
5905,0.10465414401353756
5906,-0.035021398130245435
5907,-0.03219767129914305
5908,-0.01844856310331951
5909,0.02912318124471747
5910,-0.01844856310331951
5911,-0.1525365888327517
5912,0.04757109588756978
5913,0.011176683555287982
5914,0.027977134279480346
5915,-0.021447201829698885
5916,0.006016204444643035
5917,0.010811484683542504
5918,-0.0032288903668178997
5919,-0.0032288903668178997
5920,-0.024358727345654484
5921,-0.041397995124452476
5922,-0.09711342515404454
5923,0.0014439958165572667
5924,-0.06179462230187777
5925,-0.11593848345839548
5926,-0.0050706770836707405
5927,-0.10124740108179474
5928,-0.06153618839381467
5929,-0.015731242104156072
5930,-0.007944706869630728
5931,0.022503406304521967
5932,0.06469679288113131
5933,-0.04175395061493239
5934,0.01067324234417676
5935,-0.10226584578530107
5936,0.010199101428475956
5937,0.010199101428475956
5938,0.055117480186567404
5939,-0.13404603239176388
5940,-0.0003719165424421522
5941,-0.07170881848362123
5942,-0.018854251724014726
5943,0.022403737641374856
5944,-0.10691814557392285
5945,-0.10326620239198103
5946,0.028020399541965526
5947,0.0679889773540434
5948,-0.00946118951375969
5949,-0.10018032427360248
5950,-0.040058106936122544
5951,-0.011119262283143467
5952,-0.014142574174155991
5953,-0.07661989607618526
5954,0.014629908180003022
5955,-0.0404284961661249
5956,-0.13598426102821956
5957,-0.024913156261208342
5958,-0.017097081387515894
5959,-0.16035056608101558
5960,0.0030140380764444833
5961,-0.05995181823736767
5962,-0.002104184497908489
5963,-0.02383424473466381
5964,-0.03538690131865473
5965,0.00911525493418907
5966,-0.03471434064017096
5967,0.08024007321884337
5968,0.0745646712210913
5969,-0.0728587859919082
5970,-0.024560285538900984
5971,-0.024560285538900984
5972,-0.11519308055962195
5973,-0.022271806713592936
5974,-0.012738257321206566
5975,-0.02349961099618286
5976,-0.04606778655964986
5977,-0.035026465268818884
5978,0.01803898924160513
5979,-0.07027597677384065
5980,-0.005710940757785537
5981,-0.00483744538091525
5982,-0.03292618202745715
5983,0.0046768434073195635
5984,-0.03577252334046246
5985,-0.08417971149691628
5986,-0.05551424190496199
5987,0.017403183317760234
5988,-0.035447109169862726
5989,-0.055623694475360815
5990,-0.14358471777158408
5991,-0.027326287934555032
5992,0.009897050075947711
5993,-0.04304608566394659
5994,-0.1107100638910426
5995,-0.06707205506690833
5996,-0.13413590155169605
5997,-0.03173317952562065
5998,-0.03612103984982857
5999,0.0338965212465464
6000,-0.031786738979263686
6001,-0.09472690747285646
6002,-0.054464540513311364
6003,-0.006426525460254496
6004,-0.02552387196034231
6005,-0.03027783916054983
6006,-0.03339496360558546
6007,-0.03339496360558546
6008,-0.031589085576904326
6009,0.009461389766794595
6010,-0.06783177080045856
6011,-0.04037458863428259
6012,-0.001603661894006965
6013,-0.03922452730725868
6014,-0.09980349182989301
6015,-0.038434345162228184
6016,-0.10956495318378529
6017,0.031677820036104934
6018,-0.024784131530571973
6019,0.02788307721644487
6020,-0.001110706391082683
6021,-0.05339644803931798
6022,-0.16406015663268922
6023,-0.07805576620088786
6024,-0.023900687937960102
6025,-0.059676243196364734
6026,-0.059676243196364734
6027,0.0069171464160192936
6028,0.025582084927924333
6029,-0.05264575547288097
6030,-0.004885362967669767
6031,-0.053286405059071305
6032,-0.08473907635724293
6033,-0.05479522287584092
6034,-0.012557704411973156
6035,-0.010316639559329372
6036,-0.003731425084674182
6037,-0.05923325288900663
6038,0.0700433897341766
6039,-0.0344987220887645
6040,-0.05643508545016024
6041,-0.07720485860176222
6042,-0.050559365718300706
6043,-0.05955796283310525
6044,-0.007985311107147317
6045,-0.10190383986309734
6046,-0.009280505062455294
6047,-0.040418339967118105
6048,-0.14350501779892258
6049,-0.03141868455833448
6050,-0.009417795001439704
6051,-0.033733020999412354
6052,-0.10753513394415964
6053,-0.013927802978832341
6054,-0.02131652696347202
6055,-0.05351594280606297
6056,-0.09108603254072926
6057,-0.0239585927334277
6058,0.051423154546768456
6059,-0.03478480105318518
6060,-0.03420214532188699
6061,-0.03806677910666625
6062,-0.04080808045632167
6063,-0.10817451068925364
6064,-0.09598108037422544
6065,-0.04295446348570598
6066,0.004282207113060544
6067,-0.05687587225779826
6068,-0.042244308970891785
6069,-0.027789383224681923
6070,-0.038289409885114783
6071,-0.04031561371797084
6072,-0.037947264575752766
6073,0.0043921116015156825
6074,-0.040925347505356896
6075,-0.14236589057390892
6076,-0.11164368568423481
6077,0.032604329069432864
6078,0.014527901023102308
6079,-0.03517711271894077
6080,0.00332306113725082
6081,0.0013684396385560474
6082,-0.06348055308981611
6083,0.06015341830250009
6084,-0.06003723126791755
6085,-0.06003723126791755
6086,-0.06049139180958904
6087,-0.06192770304488174
6088,-0.0876727579472214
6089,-0.0858006744861427
6090,-0.06362121061856643
6091,-0.07346016882505563
6092,-0.06412614769226956
6093,-0.017696822163588023
6094,0.01019095517898888
6095,-0.060788641248141574
6096,-0.03298721690080625
6097,-0.0329569253237372
6098,-0.0850474591242392
6099,-0.14785865257346195
6100,-0.0850474591242392
6101,0.003815181761170748
6102,-0.05586753343533305
6103,-0.057009900207099146
6104,-0.05753238125457759
6105,0.03915749911296328
6106,-0.03337458345495703
6107,-0.0831459852611599
6108,0.009196690302050866
6109,-0.06102383224428734
6110,-0.07679813959765971
6111,-0.0837667793272094
6112,0.004904163083570119
6113,-0.055891805301629495
6114,-0.048334085782472364
6115,-0.048334085782472364
6116,-0.045323570287656725
6117,-0.13891633090941446
6118,-0.08354549547068553
6119,-0.05685175479400351
6120,0.0017232828908882029
6121,-0.08352105877657787
6122,-0.010546204061788914
6123,-0.08871985984430092
6124,-0.0673366438878207
6125,-0.06935091190956745
6126,-0.03143089371088603
6127,-0.07086565436414435
6128,-0.06445281435952376
6129,-0.009767359583921803
6130,-0.07659776538230617
6131,-0.05789396795705639
6132,-0.05697989393761452
6133,-0.1398367802022503
6134,-0.02142169142489963
6135,-0.08513284933487994
6136,-0.0702103775120518
6137,-0.08460514637239107
6138,-0.0007999934622091415
6139,0.06029000059345501
6140,-0.10394779559228673
6141,-0.07920490462751696
6142,-0.07947268675244204
6143,-0.07300877779091382
6144,-0.08733092550399654
6145,0.035774062235292246
6146,-0.10809675826777444
6147,-0.06657327274730916
6148,-0.0653533639582161
6149,-0.07594486721497312
6150,-0.03651856034788891
6151,-0.08132515041049089
6152,0.005230631219689434
6153,0.04521223337331798
6154,0.023950817931030932
6155,-0.07213731610064823
6156,-0.1274993599510339
6157,-0.06168988771526977
6158,-0.08134777284629817
6159,-0.12262910061441713
6160,-0.09151274026966419
6161,-0.04376803709901781
6162,-0.11456351442103432
6163,-0.09309985164385773
6164,-0.11477546358668922
6165,-0.05212654377472148
6166,-0.08973315993532578
6167,-0.06267970891430638
6168,-0.0521883634815971
6169,-0.0016277385248702335
6170,-0.09232252906831157
6171,0.06644873081496418
6172,-0.006137225527934264
6173,-0.10987440936732878
6174,-0.03723900834125821
6175,0.007916258139358603
6176,-0.03216894071922088
6177,-0.08192337130570214
6178,-0.04958537654963679
6179,-0.0888269710556438
6180,0.006671847114439362
6181,0.06255533288569491
6182,-0.043104973950600374
6183,-0.08582275729512132
6184,-0.00827845944594544
6185,-0.09513221922299975
6186,0.11377558482469728
6187,-0.07646369514759915
6188,-0.03832277347397295
6189,0.09777158009635252
6190,-0.08721556950332612
6191,-0.00828934339217647
6192,-0.1113273171266228
6193,-0.07336877013854698
6194,-0.023935063297213347
6195,-0.07909176016492532
6196,0.02167528726661329
6197,0.054643182494788584
6198,-0.01357038320446923
6199,-0.014272508945087716
6200,-0.0708463870631169
6201,-0.005801039058910185
6202,-0.07033203609928698
6203,-0.014976055277872038
6204,-0.0665982141067247
6205,0.0653929881128305
6206,-0.03307481039140726
6207,-0.14067975622633777
6208,-0.06784960567710495
6209,-0.019026135452384074
6210,-0.061348836938296014
6211,-0.059717000844461986
6212,-0.007171226857068062
6213,-0.015054212754009904
6214,-0.03324579392509653
6215,-0.057981197168608375
6216,-0.11198245619229555
6217,0.042755666133302894
6218,-0.046051809563293244
6219,-0.1247550946854758
6220,-0.10936049217188223
6221,-0.12675281933837332
6222,0.0001801347963243562
6223,-0.0609872015507619
6224,-0.0609872015507619
6225,-0.011343898274042972
6226,-0.12565652584296771
6227,0.06495361138422248
6228,-0.08876580813295654
6229,-0.12693459130879262
6230,-0.054440029705215255
6231,-0.05483884440912446
6232,0.003122552396114605
6233,-0.10980480342992331
6234,-0.032447994204865514
6235,-0.07123388687689874
6236,-0.1111980167261103
6237,-0.1019716310739977
6238,-0.0067437149098156625
6239,-0.006663093204110153
6240,-0.011609668902804812
6241,0.01269964171899423
6242,-0.09263695338980586
6243,-0.10677276122365076
6244,0.053224472619037067
6245,-0.10263939372302783
6246,-0.08780250270294393
6247,-0.10306160453465806
6248,-0.10306160453465806
6249,0.008262797258472145
6250,-0.10160920395257583
6251,0.06564925765183818
6252,0.0007932328958157157
6253,-0.0944095862999078
6254,-0.016235576717854354
6255,0.024724900618384633
6256,-0.0361836913919964
6257,-0.10225547216553457
6258,0.0727428480459579
6259,-0.0008931789571727236
6260,-0.10517600565002805
6261,-0.042865729617611266
6262,0.01852466504875037
6263,-0.07578993377497788
6264,0.01613551343430154
6265,-0.07628021547943442
6266,0.013625020986220938
6267,-0.02027239437294105
6268,-0.06607199801362927
6269,-0.0936708261593754
6270,0.017118653333086983
6271,-0.08228660220151067
6272,-0.08980967496599741
6273,-0.09084427428107379
6274,-0.09084427428107379
6275,-0.04275740784272947
6276,0.013722686216215073
6277,-0.09042765076630944
6278,0.012953003399378401
6279,0.08354610667140325
6280,-0.08721383888966706
6281,-0.08145402002249406
6282,-0.07965082654421672
6283,-0.08815315135291206
6284,-0.04641199948349884
6285,0.005112537440702871
6286,-0.1512752689043203
6287,-0.09330281666557376
6288,-0.09753126051359591
6289,-0.09504472896484738
6290,-0.09395477440644724
6291,-0.0003787264551539327
6292,-0.06891144177605676
6293,-0.014270681961008938
6294,-0.01653592584431697
6295,-0.10965943151600989
6296,0.032273386824307596
6297,-0.14877968471103628
6298,-0.054465754374893566
6299,-0.09908142573298225
6300,0.02816676625569484
6301,-0.10366479272680708
6302,-0.10366479272680708
6303,0.02775300915151945
6304,-0.07154864887691448
6305,-0.09858989751147272
6306,0.06680334391268708
6307,0.0341223266032272
6308,-0.12365113256952175
6309,-0.04710456226513376
6310,0.02641660324228831
6311,0.002353597727792795
6312,-0.0989050397421884
6313,-0.04925443122203281
6314,-0.1480423757589849
6315,-0.0891280615493909
6316,-0.12261637089259318
6317,-0.052283227928041964
6318,0.011136479668236764
6319,-0.021618078119380407
6320,0.010343038953114262
6321,0.05996620948951124
6322,-0.04609194982509274
6323,-0.008805896833929749
6324,-0.08741488737144948
6325,0.03417131503649866
6326,-0.050721967734511715
6327,-0.11950866456444513
6328,0.0773102564460327
6329,-0.09281667155984083
6330,-0.09001567293096095
6331,-0.09001567293096095
6332,-0.07213370192688799
6333,-0.08971557592081159
6334,0.012011820319219227
6335,0.06420616569013315
6336,0.022456575652562157
6337,-0.12496374447636514
6338,0.02632363032926237
6339,-0.0504314196728324
6340,-0.13293285918805342
6341,-0.03684094600437046
6342,-0.14937106611563356
6343,-0.023304627156877616
6344,-0.12425411327089643
6345,-0.12049488742744605
6346,-0.09711188908268246
6347,-0.010124058204432233
6348,-0.04537932501074951
6349,-0.07081273083237143
6350,-0.030759535872723596
6351,-0.10940336308432919
6352,-0.13002663006398646
6353,-0.023485847506978113
6354,-0.14967191202697078
6355,0.020135418137829625
6356,-0.025560711063640277
6357,0.020174317366247238
6358,-0.10573184845994855
6359,0.04530334938331502
6360,0.049271254242403036
6361,-0.10639708093752848
6362,0.06099598005175893
6363,0.018204967510695242
6364,-0.10846806768043828
6365,-0.11004828052133077
6366,-0.11004828052133077
6367,-0.0350595643597251
6368,-0.11263642962597784
6369,-0.005345400916384475
6370,-0.03536838403728989
6371,-0.048554759276190136
6372,-0.02022328721617062
6373,-0.12395869020811642
6374,-0.11860738042078812
6375,-0.08374787585226853
6376,-0.002236527952620186
6377,-0.06744830325635844
6378,0.003290774862311936
6379,-0.11046783894088483
6380,-0.03883454312061449
6381,-0.10828020734543846
6382,-0.11261211922529327
6383,-0.11654797291692409
6384,-0.11414528198033248
6385,-0.11807682850155825
6386,-0.11807682850155825
6387,-0.06050736751257184
6388,-0.025513875401930244
6389,0.04551116240514204
6390,-0.021071521696438958
6391,0.0011896078413823803
6392,-0.13015588452404486
6393,-0.13015588452404486
6394,-0.05807251976168876
6395,-0.017341238138768755
6396,-0.13358103001954474
6397,0.05928495601182331
6398,-0.004461806378478186
6399,-0.14426374008284587
6400,-0.13644873532454818
6401,-0.13537259793212528
6402,-0.13529790159445226
6403,-0.010753598222148716
6404,-0.04954205090396957
6405,0.05017898445199312
6406,-0.019073311591177075
6407,0.02294877081977463
6408,-0.08908354434923077
6409,-0.10960397543841342
6410,0.020567723205136706
6411,-0.13978962854662472
6412,-0.1440482007795925
6413,0.056253193159469625
6414,-0.12345965621078848
6415,-0.1338354019915119
6416,-0.1338354019915119
6417,-0.12881197949039946
6418,0.015149329883879868
6419,-0.09110383090247078
6420,0.05172379929476725
6421,-0.04426158747409447
6422,-0.015952111058345965
6423,-0.01613622931448094
6424,-0.08994089500282444
6425,-0.08568078668253938
6426,-0.03142904601620108
6427,-0.1591801596766993
6428,0.014192787256477735
6429,-0.1194721324212711
6430,0.048575488675198134
6431,-0.124008204157517
6432,-0.12705336055667388
6433,-0.0401279411708323
6434,0.004861220417595407
6435,-0.08372171359083852
6436,-0.018162085285812063
6437,-0.13869252796815829
6438,-0.09348179268498556
6439,-0.03260992867203126
6440,0.03635154168407698
6441,-0.034449803814078285
6442,-0.06670153775875814
6443,0.05309880257272664
6444,-0.1364347150805256
6445,-0.11659688346834023
6446,-0.1364780833650562
6447,-0.13565587189640732
6448,-0.026110837970691234
6449,-0.13565587189640732
6450,0.04373098603319603
6451,0.017374540259360194
6452,-0.046472519069769985
6453,-0.021885851935465574
6454,-0.13488149362936136
6455,-0.09143390096512502
6456,-0.02908357540824159
6457,-0.13359841859393448
6458,0.04852776059513234
6459,-0.030423936342981493
6460,-0.10038181941494903
6461,-0.17008606149765057
6462,-0.09678956876474085
6463,0.016986370368547395
6464,-0.05305275660222787
6465,-0.04146989047844627
6466,-0.01681044923104026
6467,-0.06768846892930547
6468,-0.04895728053552482
6469,-0.09794529389559102
6470,-0.16104528666110543
6471,-0.14541121732843149
6472,0.05440400201575055
6473,0.0483630326333122
6474,-0.1494641481504452
6475,-0.1494641481504452
6476,-0.1494641481504452
6477,-0.12675838407867684
6478,0.02894223838150134
6479,-0.03544679412786895
6480,-0.0913839899873958
6481,-0.03684983366353388
6482,-0.05889153023306383
6483,-0.05771436406547215
6484,-0.14645168109152595
6485,-0.05808764903648848
6486,0.02948947806049788
6487,0.056074796016897736
6488,-0.03844917925824193
6489,-0.06120870229871578
6490,-0.09769723342998061
6491,-0.1357764873398904
6492,-0.1391461408752056
6493,-0.006996710878678919
6494,-0.058960320956574136
6495,0.027303644834102712
6496,0.03948003975182569
6497,-0.06724671562417786
6498,-0.1359507069449491
6499,-0.13042554026940656
6500,0.05363931905746062
6501,-0.13159628355953823
6502,-0.04116407746422035
6503,-0.1436573920405779
6504,0.012198117770179208
6505,-0.039385199767588655
6506,-0.06979880166863171
6507,-0.007164648880569163
6508,-0.08315249755683791
6509,-0.053864790934474834
6510,-0.052769833068631235
6511,0.020437210270774542
6512,-0.1415376014764365
6513,-0.04373133708585742
6514,0.02395761556778515
6515,-0.14337268055041355
6516,-0.14144175207638854
6517,-0.05872054811682666
6518,-0.06606388439008283
6519,-0.13797722879335095
6520,-0.137997014251123
6521,-0.051116691769114306
6522,-0.14644008294693125
6523,0.009459991599378593
6524,-0.03406927151879687
6525,-0.012846721788490384
6526,-0.15702291478002436
6527,-0.0709515011545844
6528,-0.07796143789553954
6529,-0.1359006243998803
6530,-0.15599623878598265
6531,-0.05860941929249055
6532,-0.15280382590734132
6533,0.020819894397689782
6534,-0.019329730752598213
6535,-0.1250203552679656
6536,-0.05401322277382215
6537,0.0360107240568885
6538,-0.03086043110926838
6539,-0.12426598531852072
6540,-0.12426598531852072
6541,-0.03128400082307057
6542,-0.08167787983064642
6543,-0.02615256157764593
6544,-0.05522330078568165
6545,-0.15912916273593436
6546,-0.08703533019615359
6547,-0.060494079991252864
6548,-0.006024641578843056
6549,-0.053703215567886216
6550,-0.06543966804620743
6551,-0.046377240682948975
6552,-0.018149011293761463
6553,-0.13404729616059155
6554,-0.13527371964415086
6555,-0.1343369583404281
6556,0.0582321261039272
6557,-0.15995297155269392
6558,-0.1292041003372106
6559,-0.1650304213982292
6560,-0.12608702069223424
6561,0.03342329680802623
6562,-0.1249323656243773
6563,-0.008073028069636027
6564,-0.008190677720803886
6565,-0.002336323553923947
6566,-0.10877197296224342
6567,-0.06005945984264548
6568,-0.10524934193295202
6569,-0.05605860161872196
6570,-0.04167437080927575
6571,-0.15646064407893262
6572,-0.08017528959171435
6573,-0.09673009464304265
6574,-0.06138931630129807
6575,-0.038258117266473775
6576,-0.0220327115908267
6577,-0.09659355338365914
6578,-0.004453055438188794
6579,-0.09127697214679982
6580,-0.015718071430344357
6581,-0.07775196465270322
6582,-0.1573077606255827
6583,-0.0905594561110504
6584,0.05231766747203337
6585,-0.03512258019014493
6586,0.008826109601801035
6587,-0.09211349799617936
6588,-0.028766582222113517
6589,0.007322763332948716
6590,-0.09464640640714897
6591,-0.09299358821674139
6592,-0.06181641457166132
6593,-0.058950848298048426
6594,-0.1034743973059075
6595,-0.1424940291859646
6596,-0.006825215125789776
6597,-0.027282678533342628
6598,-0.10192850380267407
6599,-0.029837268798669103
6600,-0.05055151069230968
6601,-0.06091728988344743
6602,-0.016909475203352647
6603,-0.09086573625639877
6604,-0.0266147171162893
6605,0.03871593142441489
6606,-0.09635815666725966
6607,-0.06221655849250493
6608,-0.17170296583077266
6609,-0.09258343825076473
6610,-0.08147412024840955
6611,-0.051349137701047265
6612,-0.10035435151023506
6613,-0.057595530356049314
6614,-0.06860026930541965
6615,-0.14148265673905452
6616,-0.06772462884765938
6617,-0.08153459014597352
6618,-0.07012067486927215
6619,-0.04675210195081031
6620,-0.029298694695359728
6621,-0.16046665675173125
6622,-0.06461543853590056
6623,-0.06407874111439228
6624,0.011661970409176605
6625,-0.09636109991155775
6626,0.036597109044146266
6627,-0.13341831555908326
6628,-0.036985491612823745
6629,-0.06305647585471759
6630,-0.050556564457556845
6631,-0.09589453372575728
6632,-0.17005558454364902
6633,-0.13767450364097963
6634,-0.09208606368502321
6635,-0.09228579664505508
6636,-0.09222383301902151
6637,0.002478525513054673
6638,0.0047702546990894025
6639,-0.00442792069017
6640,-0.09330801276101061
6641,-0.048921366230739456
6642,-0.07618705972514705
6643,-0.03029471978790752
6644,0.04800986570530538
6645,-0.1400754680017697
6646,-0.055858357683151665
6647,0.060142259826775575
6648,0.01670419178907961
6649,-0.05703192919514885
6650,0.10532741278105177
6651,-0.07257828722489107
6652,-0.06381446206280882
6653,0.025225623463127733
6654,-0.028864665773186256
6655,-0.03945792966999335
6656,-0.02094845126400034
6657,-0.20390217134903774
6658,-0.04888430944104262
6659,-0.1330899539732821
6660,0.01572729996704126
6661,-0.046005461502896715
6662,-0.08286604420778741
6663,-0.06886441917755984
6664,0.0112891242690146
6665,-0.19432689867494077
6666,-0.03807846216734531
6667,-0.11587594325066106
6668,0.03425803598624501
6669,0.051291363434901566
6670,-0.12543245102740616
6671,-0.18227219778554862
6672,0.005700427016674096
6673,-0.06199344196372742
6674,0.04856583882482041
6675,-0.04219473409990307
6676,-0.1289314663910391
6677,-0.053157048632035415
6678,-0.05678813326387957
6679,-0.12389918112114894
6680,0.05143090310475968
6681,0.05358589061920083
6682,-0.05108879851097319
6683,-0.16939251123430524
6684,-0.02602489312404152
6685,0.06444741250957794
6686,0.03134933701800539
6687,-0.048102480427376415
6688,-0.15303225353958988
6689,0.026238844418748703
6690,-0.08835308079131457
6691,-0.030231557857397114
6692,-0.03735073548033352
6693,0.05426477751781546
6694,-0.07808276599008714
6695,0.05495449996333549
6696,-0.010877781125001627
6697,0.09229067095953553
6698,0.04828793566994236
6699,0.014101809819476561
6700,-0.08316168388097471
6701,0.0004438494692446709
6702,0.00961455484253702
6703,0.01031595262031597
6704,-0.006712568071858395
6705,0.03374763662808983
6706,0.02947135065301126
6707,-0.05576230847858356
6708,-0.05576230847858356
6709,-0.06484170959741228
6710,-0.0074453500020938874
6711,0.11964379537997395
6712,-0.07339551529107553
6713,0.02222035543241337
6714,0.02085647662575255
6715,-0.01912210590419258
6716,-0.007833683742962939
6717,0.03770386953150049
6718,0.04822152814823121
6719,-0.17838370520019303
6720,-0.040634887962266546
6721,-0.04149279522685152
6722,-0.026280296255923066
6723,0.03667033652511838
6724,-0.03247161604604431
6725,-0.021368982666457807
6726,-0.02998954319871619
6727,-0.021250632018227553
6728,0.031626644347037325
6729,-0.08928520842430583
6730,-0.023635883963650173
6731,-0.023635883963650173
6732,0.031297632595343045
6733,-0.03096115883628403
6734,0.0013062857347212703
6735,-0.02163741825982263
6736,-0.03510921521584686
6737,-0.09023715825049762
6738,-0.04978346500393751
6739,0.03637936725758743
6740,-0.1791722794748132
6741,0.028702984825341386
6742,-0.06380584734890765
6743,-0.10314704591573398
6744,0.02332452137432094
6745,0.02332452137432094
6746,-0.018366963326799362
6747,0.0013830317749706214
6748,-0.020894349111729077
6749,-0.09561964187139017
6750,-0.020894349111729077
6751,-0.019182780220585897
6752,-0.016495658572678915
6753,-0.04863383929037843
6754,0.05689371024882952
6755,-0.06130812199027405
6756,-0.051557568250904344
6757,-0.030451751864884427
6758,-0.006352064403851796
6759,-0.10154951007936165
6760,-0.12215347387960558
6761,0.021667213797140122
6762,-0.06578106343580085
6763,0.012902164515182571
6764,0.015059193530261281
6765,-0.03827946556123404
6766,-0.0967224380320839
6767,-0.036663410000691024
6768,-0.07497108878569593
6769,-0.07497108878569593
6770,-0.03510983795034806
6771,0.027139049957465397
6772,0.024929055374756023
6773,0.03316139498276636
6774,-0.0853572479192749
6775,-0.07455632510828612
6776,-0.06344766851473334
6777,0.033008725537231574
6778,-0.04078069663150713
6779,-0.06229747895941547
6780,0.046744384725715654
6781,0.05182288979512543
6782,0.07738878450894301
6783,-0.06686065966335657
6784,-0.06284603659760887
6785,-0.07728847141789871
6786,0.001611085494971159
6787,-0.1706654153424414
6788,0.01745743824907922
6789,0.01745743824907922
6790,-0.0927442567152527
6791,-0.059913425079432626
6792,-0.059913425079432626
6793,0.013570666337675641
6794,-0.05755311220842101
6795,-0.05755311220842101
6796,0.02116234866860231
6797,0.022098285275936647
6798,-0.050811795752091216
6799,0.03716536592751306
6800,-0.08352722723546337
6801,-0.047881249846394976
6802,-0.09671825833011227
6803,-0.024537995678614345
6804,-0.07472227741860328
6805,-0.021002484853482616
6806,0.016145975723039233
6807,-0.1681844054771964
6808,-0.014653547347381463
6809,-0.11135345297474576
6810,0.02864889588458712
6811,0.06911063127730524
6812,-0.012124516667694594
6813,0.035284168000121255
6814,-0.047029202283258555
6815,-0.10406059636036594
6816,-0.0051461554249589946
6817,0.03885462522940424
6818,-0.09476206551734817
6819,-0.09476206551734817
6820,-0.07154345541104598
6821,-0.04376520318000737
6822,-0.07600561450027887
6823,0.040984844294089176
6824,-0.07089557347069524
6825,-0.027833061307943583
6826,-0.04165042977426584
6827,-0.057896721039805366
6828,-0.053298574456582606
6829,0.06227584777191639
6830,-0.11107898991261356
6831,-0.06539737752735554
6832,-0.037906875357237156
6833,-0.10094961449287713
6834,-0.07004661244952867
6835,0.011574385962597588
6836,0.040863178836512415
6837,-0.08149608531115243
6838,-0.08149608531115243
6839,-0.06794877489152912
6840,-0.06643375104157193
6841,-0.08292569181679492
6842,0.044745827319002576
6843,-0.05984036178153456
6844,-0.04231302919113968
6845,0.04918943626889843
6846,-0.05914124274388532
6847,-0.03068133579386879
6848,-0.04669952811736888
6849,0.005732695201670344
6850,0.0501087415537288
6851,0.0674826383183695
6852,-0.08345146022268879
6853,-0.041432446508805544
6854,-0.04624046663796875
6855,0.03627969146091977
6856,-0.045537959483730496
6857,-0.076016585065551
6858,0.03014299113409203
6859,-0.005021651923387244
6860,-0.07549986921346384
6861,-0.07549986921346384
6862,-0.06358943751364302
6863,-0.08219960665418889
6864,0.0540119593801525
6865,0.00021289487205690213
6866,-0.0705031631048513
6867,-0.0467215476799284
6868,-0.00836596638627664
6869,-0.06045873625865274
6870,-0.017630605293176744
6871,-0.023169989136106926
6872,-0.07307293004734156
6873,-0.061960856195327645
6874,-0.04478124722870981
6875,0.06526266486234183
6876,-0.04646712220562831
6877,-0.06228765037395575
6878,-0.056235170386803944
6879,-0.0494312288362517
6880,0.009027048101162265
6881,-0.049621305397427866
6882,-0.049621305397427866
6883,0.0015750915191996768
6884,-0.047169621373603435
6885,-0.053421606960414265
6886,-0.018454994303829058
6887,-0.052345437322194606
6888,-0.0562253537152615
6889,-0.06434594579923449
6890,-0.00302682681487416
6891,-0.05065670007062628
6892,-0.03640998674170769
6893,-0.00747908173861498
6894,-0.012691715093551673
6895,0.058075677387110655
6896,-0.14247561536973066
6897,-0.03178093085466949
6898,-0.06234705020945285
6899,-0.022508997961965063
6900,-0.05509787268739288
6901,-0.05997434001239296
6902,-0.055853508462668275
6903,-0.01935289160075994
6904,-0.05910722910638365
6905,-0.040884627275656796
6906,-0.04683921449505042
6907,-0.0825959430682954
6908,-0.04852744075733228
6909,-0.04852744075733228
6910,-0.04686212949850349
6911,-0.06015802641001624
6912,-0.04133801684234094
6913,-0.031714003145626384
6914,-0.007126386153677605
6915,-0.035806961797286575
6916,0.0558378198361432
6917,-0.02460880393635099
6918,-0.12287205452768583
6919,-0.10959383760964649
6920,-0.05065103752314669
6921,0.0595288041455133
6922,-0.039234751205007336
6923,-0.01721814832161939
6924,-0.08267010012858238
6925,-0.03242637526986532
6926,-0.03070430474464384
6927,-0.05878818583330706
6928,-0.028684056912573638
6929,-0.026703726103880075
6930,-0.0643238685677488
6931,-0.037267164564542134
6932,-0.037267164564542134
6933,-0.0367199998773149
6934,-0.07271064236273737
6935,-0.026467443927708202
6936,-0.056972148003643364
6937,-0.03993832442837042
6938,-0.11925254945756776
6939,-0.11348423556559227
6940,-0.03674178604692808
6941,-0.037247115676125236
6942,-0.07094043965134283
6943,-0.0846563154261706
6944,-0.017208843086145165
6945,0.03342270002781701
6946,-0.0713718511534839
6947,-0.04239290080601888
6948,-0.04621720085988502
6949,-0.052020526212161466
6950,-0.04398618255341788
6951,-0.04189195808171563
6952,0.003438739413278507
6953,-0.07631187850654315
6954,-0.03561629025542559
6955,-0.045857474254516827
6956,-0.03526147927556928
6957,-0.10479494254215872
6958,-0.027101506194189662
6959,-0.02979281469654102
6960,-0.08784531315014138
6961,-0.07280273832653872
6962,0.03314575341835645
6963,-0.07207217419014499
6964,0.0193413523545444
6965,-0.057648998173273985
6966,-0.04209210650339341
6967,0.0018918049773070185
6968,-0.006682755954132108
6969,0.008467774102264234
6970,-0.061366544162075834
6971,-0.07989137303951536
6972,-0.027763011072508538
6973,-0.04012138033655345
6974,-0.09509642290522416
6975,-0.04794179281821165
6976,-0.0073508314866839895
6977,-0.0842104375079335
6978,-0.0437469669416083
6979,-0.03300685550672295
6980,0.015545062024108375
6981,-0.06198184541406835
6982,-0.03545251359909846
6983,0.013025121952234571
6984,0.015002175664694948
6985,-0.03485305539900373
6986,0.07569766037373489
6987,-0.05849775946070854
6988,0.023580861152513982
6989,-0.03803002896181702
6990,-0.07380277741711008
6991,-0.025195522968198835
6992,-0.07304643614059216
6993,-0.030628498502834285
6994,-0.03803798912418858
6995,0.03167230637649939
6996,-0.06857713224645558
6997,-0.08148058695484098
6998,-0.05925879538231625
6999,-0.03223476878979781
7000,-0.05975171261849566
7001,-0.058546177545337294
7002,-0.028168635554702424
7003,0.027003184154959385
7004,-0.03274540372991557
7005,0.02284870933244381
7006,-0.06018972933656459
7007,-0.06417181691628163
7008,-0.08374918631927838
7009,-0.11435805414037856
7010,-0.052911514521555764
7011,-0.06375580582800773
7012,-0.030371136141191236
7013,-0.04062470151645614
7014,-0.05594583597882541
7015,-0.05800000642170457
7016,0.0028025772882823213
7017,-0.09896172008171143
7018,-0.038776813480688004
7019,-0.1005468195620762
7020,-0.04062544008495667
7021,-0.011456149077470449
7022,-0.04376859191475612
7023,-0.05672716744939676
7024,-0.09816168709859774
7025,-0.11002394935844637
7026,-0.041934936648567366
7027,-0.041904487777385147
7028,-0.03197180364524521
7029,-0.0008483182889779135
7030,-0.045661367336715816
7031,-0.05068202788624998
7032,-0.10319512633520729
7033,-0.003256684846399215
7034,-0.05810747696386476
7035,-0.08534134084586101
7036,-0.08165514193266084
7037,-0.09095616414412472
7038,-0.1340284196319386
7039,-0.11052275821447614
7040,-0.07188977874430191
7041,-0.006727221240388859
7042,-0.08949307127916306
7043,-0.13350400765216913
7044,-0.03313053901206057
7045,-0.08942693637169218
7046,-0.1245594911030063
7047,0.06649876930088339
7048,-0.042327110788026145
7049,0.012745417158510911
7050,-0.08855209517481218
7051,-0.09796001722702935
7052,-0.06579211884650074
7053,-0.002415817014386454
7054,0.022204405931955967
7055,-0.1292005155138667
7056,-0.0367837657955107
7057,-0.06725356137833081
7058,-0.08688668085767394
7059,-0.16423819099583092
7060,0.01870098004066814
7061,-0.07442842166916436
7062,-0.12775434351685777
7063,0.07595354509503752
7064,-0.08383343172510481
7065,-0.09045170663264973
7066,-0.08147546410956137
7067,-0.0841035503570516
7068,-0.05289895538295773
7069,0.04966788362155229
7070,-0.06381934498212127
7071,-0.08548923486361948
7072,-0.08956705831278118
7073,0.06276283773095606
7074,-0.02882370670405921
7075,-0.06993217364802479
7076,-0.15418630056967617
7077,0.057420021357107484
7078,-0.06775375493534104
7079,-0.001838952357372809
7080,0.07762944211412749
7081,-0.1397658765959655
7082,-0.13869114051278966
7083,0.061467033687404866
7084,-0.0920505688097344
7085,-0.04753158590795934
7086,-0.13500234779674014
7087,-0.07904074180475737
7088,-0.028886271096794636
7089,-0.05353088136494842
7090,-0.11890420856835598
7091,0.0261862146960111
7092,-0.117858987656203
7093,-0.056777716289742715
7094,-0.06591035483991668
7095,-0.12019146218046978
7096,0.08464700417551152
7097,-0.07758416094956899
7098,-0.12154511780535451
7099,-0.12392834390808699
7100,-0.12392834390808699
7101,-0.12304117653002875
7102,-0.09046616387061594
7103,0.03384936978953301
7104,-0.08732296386596267
7105,-0.125295809747056
7106,0.08509996320280237
7107,-0.1284477296486867
7108,-0.03195006351694149
7109,-0.06204392712812431
7110,-0.12742960873597153
7111,-0.10143818524641939
7112,-0.12484931858621093
7113,0.06749758503798077
7114,-0.06789237118953649
7115,-0.11342639865314116
7116,-0.07791622579192499
7117,0.03378440546923609
7118,0.03563283056385623
7119,0.013916560662179464
7120,-0.11202492459954921
7121,-0.040960189071621994
7122,-0.09166534594944663
7123,-0.1222104514054067
7124,-0.05895890081805599
7125,-0.10267863874161581
7126,-0.12676802094214218
7127,0.033660536823651166
7128,-0.08833440334694301
7129,0.06628927322874177
7130,-0.021570698496578798
7131,-0.09995521031030645
7132,-0.13209057267655563
7133,-0.10862622693438982
7134,0.07246093758053053
7135,-0.020062439185040186
7136,-0.005586868485865028
7137,-0.09147523023522632
7138,-0.16404962335455237
7139,-0.0631623084413403
7140,-0.09549055736959056
7141,0.0838592977611315
7142,-0.050913565324467315
7143,-0.10020204201370085
7144,-0.1498631996986162
7145,-0.07819853659591795
7146,-0.08698289965431677
7147,-0.023592260644613824
7148,-0.016157844397690573
7149,-0.055685203498385794
7150,-0.15816082808740917
7151,-0.16672273274001986
7152,0.0217175787806279
7153,-0.054317205236614145
7154,-0.05711396372697139
7155,-0.08176200199479965
7156,-0.16085661304151655
7157,0.08106144083502927
7158,-0.16318440495069597
7159,-0.11041468264940317
7160,-0.09016903784515884
7161,-0.09016903784515884
7162,-0.10569127448654105
7163,0.05348694730374848
7164,-0.052370653340411896
7165,-0.08467314912933611
7166,-0.17540711357142302
7167,-0.07744230556388428
7168,-0.002088059334961943
7169,-0.04992761057491054
7170,-0.11222595264089136
7171,-0.09255088892482413
7172,-0.11403988260141883
7173,-0.026065908880141205
7174,-0.15235067369830388
7175,-0.06701778267590516
7176,-0.11770870393198087
7177,0.059493383631745396
7178,-0.14444330578436068
7179,-0.07133674124580087
7180,-0.09164778452005966
7181,-0.03192810141621728
7182,-0.1450675652140456
7183,0.04116695919279912
7184,-0.09523755010721593
7185,-0.1083116336323227
7186,-0.20262632707372974
7187,-0.0738738407160514
7188,-0.028600671361577585
7189,-0.2043965002236461
7190,-0.13543914300873908
7191,0.017547327991984645
7192,-0.07093241481543515
7193,-0.10461982597019896
7194,-0.04657885845114806
7195,-0.0724244003140246
7196,-0.11262560985285958
7197,-0.09165668359487757
7198,-0.03458707702206
7199,-0.034168280224070445
7200,-0.06727329667870592
7201,-0.09892521804797094
7202,0.026035282010209496
7203,-0.11063199133878583
7204,-0.1165347871834926
7205,-0.06899677815042624
7206,-0.06899677815042624
7207,-0.10270639047050206
7208,0.06374335582639885
7209,-0.06244133110632244
7210,-0.06253036396853857
7211,-0.1943534775469828
7212,-0.030673811916485213
7213,0.016754576264247943
7214,-0.04509969365287701
7215,-0.11468230975025082
7216,-0.032926383756349605
7217,-0.07803459771944064
7218,-0.08422929921203791
7219,-0.14745193664754197
7220,-0.03628115850157743
7221,-0.08898974763233933
7222,-0.055271888536753196
7223,-0.1319845189388233
7224,-0.01928083754415725
7225,0.006772836535038966
7226,-0.20657326092057107
7227,-0.12176059154568905
7228,-0.11090071809418116
7229,-0.07555291861752915
7230,-0.00047873632389683167
7231,-0.09272337812387346
7232,-0.20874039137840006
7233,-0.02073912824978539
7234,0.08632134459730106
7235,-0.21204872040877537
7236,-0.020641440959657007
7237,-0.16472122608034057
7238,-0.029736838975821404
7239,-0.10761574247832607
7240,-0.021739149940334292
7241,-0.09167146248304056
7242,-0.11084830311859245
7243,0.015127034459662798
7244,-0.11395701268410947
7245,-0.054672427441660634
7246,-0.06696529629230226
7247,-0.09857173594304913
7248,-0.12215335398203173
7249,-0.03784017671873662
7250,-0.03261114941196663
7251,-0.1079260986586909
7252,-0.21883450018965217
7253,-0.10166050496060068
7254,-0.0656712637764171
7255,-0.17796019038496297
7256,-0.07778921010375467
7257,-0.062446191710444576
7258,-0.062446191710444576
7259,-0.111256726197309
7260,-0.005775946060437976
7261,-0.09439010582710286
7262,-0.03951531585721027
7263,-0.10995482660412519
7264,-0.12055748228622148
7265,-0.15715853960268275
7266,-0.008944456604381772
7267,-0.058573647262710686
7268,-0.00974595757351386
7269,-0.07276541660144041
7270,-0.09272991812328243
7271,-0.08150922822396954
7272,-0.017836456188450985
7273,-0.1201231798590368
7274,-0.20108015999501674
7275,-0.05596714839691844
7276,-0.02181972529268014
7277,-0.20102938366728865
7278,-0.009547508452750715
7279,-0.03838710943841159
7280,0.006548172235394227
7281,-0.20064173106075264
7282,-0.12921758581438442
7283,-0.13232753548516127
7284,0.10688478360929957
7285,-0.09134125725977008
7286,-0.1884999753670934
7287,-0.057460977051294104
7288,-0.144971511150712
7289,-0.09000779451525102
7290,0.02082393472998338
7291,-0.01791170828700008
7292,-0.018017020999616655
7293,-0.06342291283521552
7294,-0.0766465849374339
7295,-0.13502535783911557
7296,-0.13502535783911557
7297,-0.06596171047410652
7298,-0.11018790650771369
7299,-0.09178379090023805
7300,-0.13234772250493698
7301,-0.08552373454368647
7302,-0.03394412363445067
7303,-0.06260001362010899
7304,-0.02957660539281169
7305,-0.13457209641630502
7306,-0.02674585331433404
7307,-0.056339651176282174
7308,-0.09265950241168455
7309,-0.010266477060432913
7310,-0.17861373758347043
7311,-0.17861373758347043
7312,-0.07322447569894165
7313,-0.1199543699703481
7314,0.019233690064829348
7315,0.11326524131825075
7316,-0.12724466723631186
7317,-0.037914263995301636
7318,-0.06271159336737507
7319,-0.083077475205153
7320,-0.13596178839800596
7321,-0.08748483836463769
7322,0.017355304304992856
7323,-0.01519583819013817
7324,-0.022739891133369636
7325,-0.07793260607665167
7326,-0.1750638800015038
7327,-0.1389202121125197
7328,-0.039251853163519
7329,-0.11424094516314137
7330,-0.07674960301570016
7331,-0.11586916425153898
7332,0.011264459156925116
7333,-0.16723601877025823
7334,-0.020698336714982158
7335,-0.030789919504162933
7336,-0.08283712029249823
7337,0.019303763223913063
7338,-0.08013114586893896
7339,-0.08243315348108331
7340,-0.14120864177532758
7341,-0.06607551486494789
7342,-0.04420002394771037
7343,-0.07906904488470355
7344,0.003240133496893326
7345,-0.0828495034727551
7346,-0.03971981767725899
7347,-0.031397167088567095
7348,-0.09937390788645664
7349,-0.08286936483004433
7350,-0.09235929635122608
7351,-0.08057164618178478
7352,-0.1121055964980135
7353,-0.06014717669606738
7354,-0.09017805872797226
7355,-0.08912192520690078
7356,-0.09929067694361986
7357,-0.1000667505205123
7358,0.001587686195510401
7359,-0.14380499394785484
7360,-0.036661316183285005
7361,-0.08923465230551741
7362,0.03205574128251555
7363,-0.10152802052219952
7364,-0.1014455765766721
7365,-0.13571585004913111
7366,-0.13571585004913111
7367,-0.07968942043335277
7368,-0.09977066793693962
7369,0.08376875263459903
7370,-0.14145836336605216
7371,-0.07357441806882005
7372,-0.06267620940629796
7373,-0.09578190285869956
7374,-0.07320333592834818
7375,0.021200177393329075
7376,-0.01717538803785284
7377,-0.04272366331767247
7378,-0.08857623903190771
7379,-0.01854005658571197
7380,-0.07630930564949147
7381,-0.0826340635486799
7382,-0.08916785881184962
7383,-0.05804947515004206
7384,-0.08402097190115065
7385,-0.03906322492253642
7386,-0.0802756765719417
7387,-0.06136955075874485
7388,-0.21554220411079764
7389,-0.08008694123733058
7390,-0.07909829730611727
7391,-0.08949480016382677
7392,-0.028028686850032403
7393,-0.042752312643255665
7394,-0.0802471112661388
7395,-0.12441386379132685
7396,-0.10175590177536352
7397,-0.14728331535122752
7398,-0.08431861940576381
7399,-0.028528410030001686
7400,-0.0846338108213715
7401,-0.08664869765399415
7402,0.020162733877177496
7403,0.026336755087570864
7404,0.07125621419692825
7405,-0.051379566566407346
7406,0.00832880022829776
7407,-0.05446716554886747
7408,-0.015366183183481206
7409,-0.06792262760678439
7410,-0.0959158992573806
7411,-0.07630244405806506
7412,-0.09796565401265238
7413,-0.09667114790049584
7414,-0.11624527201674947
7415,-0.022722122856630077
7416,-0.024034811447216597
7417,-0.05190433094598308
7418,-0.20832002303117234
7419,-0.07782784806006138
7420,-0.09561037946340331
7421,-0.05591792304486239
7422,-0.09716752164873264
7423,-0.09578638645015049
7424,-0.06222532066050287
7425,-0.06222532066050287
7426,0.04851387328672524
7427,-0.023724707265613258
7428,-0.06075567088531799
7429,-0.03245424664900026
7430,-0.0336879315040538
7431,0.003694653956764922
7432,-0.0793539896267151
7433,-0.0579606936414775
7434,-0.08408357833970512
7435,-0.0460242417518595
7436,-0.054332951202270004
7437,-0.059752314481416054
7438,0.049755428583533635
7439,-0.06680897752372188
7440,-0.10886504254537986
7441,-0.04804215526525012
7442,-0.01404157995529826
7443,0.03310487586630317
7444,-0.0922490568052255
7445,-0.059889867803673474
7446,-0.08311623455069093
7447,-0.06260430633901552
7448,0.013722267307203667
7449,0.007881194000867201
7450,-0.043585987965986
7451,-0.08465468308213397
7452,-0.07442514534435317
7453,-0.08127690154079853
7454,-0.02095133048770715
7455,-0.047197285098866185
7456,-0.01925157042058274
7457,-0.102526901922689
7458,-0.043145271908460826
7459,-0.07957184523047311
7460,-0.0774102969250908
7461,-0.07782504025825956
7462,-0.053144059900452165
7463,-0.017001068836807368
7464,-0.08221898586821466
7465,-0.08434713445609286
7466,-0.051835634831264875
7467,-0.04808532440936144
7468,-0.032997910761530996
7469,-0.07994417786374546
7470,-0.11194964165600554
7471,-0.06186339483540893
7472,-0.08615561968055972
7473,-0.06373638690243867
7474,-0.06123465429014453
7475,-0.028180853943802674
7476,-0.06112785605053429
7477,-0.06733219581935089
7478,-0.061821749533169525
7479,0.031189711068584293
7480,-0.012779270662612282
7481,-0.0651429985134576
7482,-0.06976736048254788
7483,-0.024227740385539636
7484,-0.035500280351646006
7485,-0.0670232635942138
7486,-0.07727125168803672
7487,-0.10356091362584215
7488,-0.03076575415860394
7489,-0.08135636928537267
7490,-0.013297298420268808
7491,-0.02199599992744904
7492,-0.18676552427469875
7493,-0.02088101845379066
7494,-0.08351997151728893
7495,0.03692144560722211
7496,0.010163375919437338
7497,-0.016727207296458452
7498,0.02198260990585151
7499,-0.027163426194224516
7500,-0.07464918444385961
7501,-0.08012323237185111
7502,-0.13462220292228122
7503,0.012506767015846021
7504,-0.06502677557150226
7505,-0.014261668023793882
7506,-0.056544688833653316
7507,-0.0888828830699269
7508,-0.05249649651733832
7509,-0.05286414859842575
7510,-0.09880286161936104
7511,-0.03052502361794094
7512,0.0445290007377799
7513,0.14572131310250375
7514,-0.07105582355890143
7515,0.1330632654588569
7516,-0.0810094562137378
7517,-0.02043392854095526
7518,-0.04319540167979372
7519,0.11072185760058414
7520,0.018869825511750583
7521,0.008110164139835339
7522,0.11447804551440588
7523,0.0005580460051899178
7524,0.00876994590567167
7525,0.013145520582503567
7526,0.1388140429677824
7527,-0.1030728300894439
7528,0.12169489656931748
7529,-0.0009278487030379324
7530,0.01475758083240589
7531,0.004027334599498311
7532,-0.055343921373488626
7533,-0.019088485932335832
7534,0.11347017510966646
7535,-0.128271351318018
7536,0.023254385694126686
7537,-0.07945229450392202
7538,0.11665213708561159
7539,-0.042885597399659005
7540,0.02288548920361173
7541,-0.05099199232421389
7542,-0.008652397609192645
7543,0.09968792832715637
7544,-0.11734838783736666
7545,0.09833310566056513
7546,-0.005956164032190245
7547,-0.012237747609212774
7548,-0.05485455959485104
7549,-0.05485455959485104
7550,0.09291999974799314
7551,-0.044696452395388664
7552,0.018327474736399046
7553,-0.03502335518980836
7554,-0.09101837398085481
7555,-0.031178293676793995
7556,-0.005316568214454175
7557,-0.07844966943930082
7558,0.0057710864347117604
7559,-0.07960292068038312
7560,-0.0930104782012731
7561,-0.11134137785843701
7562,-0.04988993172558564
7563,0.01059651774803543
7564,0.06273772986264446
7565,-0.0794078714723819
7566,-0.11576942712137495
7567,-0.02461566565665298
7568,-0.13241056898728779
7569,0.06076101009595831
7570,0.06076101009595831
7571,0.06080374318517718
7572,-0.08627463911968603
7573,-0.17516118525022917
7574,-0.0550953890953872
7575,0.0028738922111965944
7576,-0.07372406799903587
7577,-0.09217220398330504
7578,0.0007774772686879898
7579,-0.10173536400820961
7580,0.05722840243374356
7581,-0.07105159361858208
7582,-0.07105159361858208
7583,0.025282179604454107
7584,-0.11993848213659401
7585,-0.0663812565378495
7586,-0.15476831977114983
7587,0.011864894631216361
7588,-0.13948425432281356
7589,-0.07663227028872498
7590,7.084424789989786e-05
7591,-0.10917030688155653
7592,0.05494587402498894
7593,0.051499298716051856
7594,-0.06916022135299997
7595,-0.10924035459986009
7596,-0.0024314379053021157
7597,-0.11621097241996364
7598,0.0044046071322195205
7599,0.04987460271037423
7600,-0.13443890747104398
7601,-0.005042035964455098
7602,-0.07952952614120988
7603,-0.0824899279879034
7604,-0.03370643163591225
7605,-0.10858293248557499
7606,-0.19576335169493964
7607,0.03248429859450817
7608,0.00026725716503295423
7609,-0.0009984959363068245
7610,-0.07443309989019091
7611,0.01700396618042949
7612,0.011635483519282641
7613,-0.0908748833326033
7614,0.029205033447102985
7615,0.021049465684197962
7616,-0.00035921618629966356
7617,-0.06481223176029542
7618,-0.08585445637851877
7619,-0.04899008541045724
7620,-0.02609988618495523
7621,-0.10494214942792963
7622,0.042281794866213696
7623,-0.15323787080608353
7624,0.015165772854753071
7625,-0.03656826989613798
7626,-0.09471073950719366
7627,0.04006730141853876
7628,-0.040583107374207554
7629,-0.0826099941038694
7630,-0.08393101784856614
7631,-0.04542956029270338
7632,0.04664085470823034
7633,0.007817216827796512
7634,-0.07757712908190353
7635,-0.07757712908190353
7636,0.05130390617035488
7637,-0.10218291120274504
7638,0.055089763412943554
7639,-0.16167663785632735
7640,-0.07863359481347842
7641,0.004449830790598546
7642,-0.07240185498173345
7643,0.01395364133923628
7644,-0.0641300154380589
7645,0.010809381659430363
7646,-0.05893884877344415
7647,-0.09289928340302625
7648,-0.22580986985354995
7649,0.04614335574165883
7650,0.042071814637079034
7651,-0.1107880024839036
7652,-0.03035694172095629
7653,-0.23178647964121096
7654,-0.0324927886472114
7655,-0.07042167838221026
7656,-0.09388173383682859
7657,-0.10220525426001566
7658,-0.07607922859327858
7659,-0.08019352434635993
7660,-0.10369076632488218
7661,0.07277643511538999
7662,-0.18293686331157488
7663,-0.0687054687202708
7664,0.04717682603151652
7665,-0.08668861456077843
7666,-0.08653133461804634
7667,0.04690337931990855
7668,-0.06838777631493673
7669,0.008347188819269522
7670,-0.09268913654545795
7671,-0.07518986317232336
7672,-0.0542936162056363
7673,-0.03740869869653678
7674,-0.09892591954927321
7675,0.0026168668580527884
7676,-0.17954820352094816
7677,0.038229421803347534
7678,-0.012656370135818225
7679,-0.23316282055697538
7680,-0.07815061372368161
7681,-0.10886845310101056
7682,-0.1433060795496096
7683,-0.07310847410370126
7684,0.051881678727551964
7685,-0.06268952209750189
7686,-0.06268952209750189
7687,0.060766671558045486
7688,0.06888706986235153
7689,-0.0031616235412882062
7690,-0.0668821208201006
7691,0.0798600408630773
7692,-0.05336677706841203
7693,-0.0659974812423626
7694,-0.23969320782272427
7695,-0.06034312744176012
7696,-0.16010335861807462
7697,-0.1378583532236681
7698,0.016071398356057223
7699,-0.04279546463418913
7700,0.004592691848652111
7701,0.05573529976865433
7702,-0.04271854862457583
7703,0.039826306115765514
7704,0.05110232180908006
7705,0.04763386022836475
7706,-0.07028790606176832
7707,-0.10486765761501275
7708,0.04094175925342019
7709,-0.1496316399230332
7710,-0.06467381061659877
7711,-0.06550121746519771
7712,-0.0003920445566931343
7713,-0.14117696506982017
7714,0.03955026297300924
7715,-0.07246637034005661
7716,-0.0045346958461226815
7717,-0.06753142401634062
7718,-0.0717884506777855
7719,-0.04714546333953638
7720,-0.04823083610432985
7721,-0.10073676826005618
7722,-0.038182931997407216
7723,-0.2480059936847164
7724,-0.07481147612917405
7725,0.020963351579361446
7726,-0.09017488558525481
7727,-0.028157420942552587
7728,-0.037159768094803335
7729,-0.13509572179262064
7730,0.031094502560865062
7731,-0.031807582686493516
7732,-0.24139251745183418
7733,-0.06893366310883492
7734,-0.09339288917619633
7735,0.02917139113482645
7736,-0.010132150196480097
7737,-0.03666145144687701
7738,0.02947901698124971
7739,-0.15620778469497792
7740,-0.039915124228010294
7741,-0.07492309188571557
7742,-0.07492309188571557
7743,-0.020819035277441347
7744,0.014671397228683356
7745,-0.08402169018069179
7746,0.012494487698425332
7747,-0.03205626343644264
7748,-0.05947176910471146
7749,-0.05307405702239134
7750,0.013111357141145013
7751,-0.09730418575572994
7752,-0.054446748082542455
7753,-0.0926332532135455
7754,0.009869528325445387
7755,-0.14350543080942121
7756,-0.1509293604633772
7757,0.02055738880157383
7758,0.018087607152528586
7759,-0.04226660099788224
7760,-0.147077101064889
7761,-0.10092940262611402
7762,-0.2078555446152962
7763,0.01360552798772027
7764,0.012096763429726742
7765,0.06406530787359006
7766,-0.05340873460443972
7767,-0.040831150757660604
7768,0.052474604679961914
7769,-0.04989131876882676
7770,-0.04984917005569929
7771,-0.006349783201820949
7772,-0.06576444380620149
7773,-0.0528550043089807
7774,-0.08985853844232128
7775,-0.03128624987774697
7776,-0.037121159470520824
7777,-0.16155859874562667
7778,-0.0455066860247462
7779,-0.013029765618779362
7780,-0.09521046117701135
7781,0.015560254943219108
7782,7.643382550319199e-05
7783,-0.024795895094179597
7784,-0.026307854185122496
7785,-0.07196662590166106
7786,-0.033435795381441286
7787,-0.03304019568317986
7788,-0.1019300231974364
7789,0.009645418112350427
7790,-0.09275252926387334
7791,-0.12965637458514867
7792,-0.12965637458514867
7793,-0.03616200081211868
7794,-0.031063530864753934
7795,-0.051400616291751994
7796,-0.0010633776742455547
7797,-0.05558085159763541
7798,0.059698162604752726
7799,-0.1281522720156777
7800,0.05826016244403764
7801,-0.16252440273282956
7802,-0.03129878807536632
7803,-0.05024788395701258
7804,0.03202677648620023
7805,-0.09218132996061959
7806,-0.030870489385289645
7807,-0.054116306543388205
7808,-0.0848321805992524
7809,-0.039008460079393674
7810,-0.07624101465111202
7811,-0.1629049592295622
7812,-0.003860034890402658
7813,-0.11891565585613574
7814,-0.06650617506513301
7815,0.03175891877787982
7816,0.019291897859200435
7817,-0.03860373355303544
7818,-0.15455013884638194
7819,-0.08164980056277416
7820,-0.037650705413821935
7821,-0.06470739703789802
7822,0.0747049904681341
7823,0.02281038896447504
7824,0.05522782764564114
7825,-0.08250955993637622
7826,-0.021341757168667496
7827,-0.05952033989967164
7828,-0.05934204982856136
7829,-0.09069578143368683
7830,-0.03888408530554055
7831,-0.05294045609747117
7832,-0.06173980477930721
7833,-0.0466650572937408
7834,-0.09440344041766009
7835,-0.06283922614563223
7836,-0.07467825607769897
7837,-0.07705697716141673
7838,-0.05492919537567218
7839,-0.042396176691779884
7840,-0.07880281804573211
7841,0.029980926609878628
7842,0.04613407347833739
7843,-0.14411521018471238
7844,-0.08144362170755093
7845,0.01400395049303069
7846,-0.07082839862835962
7847,-0.03764397505127538
7848,0.0242264651783617
7849,-0.0720010697070149
7850,-0.017092583471990143
7851,-0.0720010697070149
7852,0.052088680243702896
7853,-0.030542007833363916
7854,-0.05459737329577458
7855,-0.06931441035274705
7856,-0.0409887749386647
7857,-0.054238266192899086
7858,-0.05846844701154651
7859,-0.07564446471837072
7860,-0.034685212199188735
7861,-0.07437358183756915
7862,-0.05191805500850632
7863,0.038307490464559
7864,-0.09226845988795136
7865,0.023261522181910754
7866,-0.06308160873669508
7867,-0.020465673855171087
7868,-0.07490073677928834
7869,-0.14582137122945504
7870,-0.06394738871537867
7871,-0.03027615628349511
7872,-0.00941225555688749
7873,-0.020517383907679997
7874,-0.048859351517668785
7875,0.0710322336232978
7876,-0.040950091455071044
7877,-0.022387101163764005
7878,-0.17772674691003915
7879,-0.04292038453708716
7880,-0.01091182059010279
7881,-0.028229295283307747
7882,-0.028229295283307747
7883,-0.11969444749718325
7884,0.024627789851589355
7885,-0.023806460549374475
7886,-0.0870832562721412
7887,-0.06082336656308333
7888,-0.02238702415219494
7889,-0.05600394557519337
7890,-0.061836587670679156
7891,-0.05734637414446781
7892,0.07955928652437916
7893,-0.09539753401609372
7894,-0.07861354937682069
7895,0.053827548043858746
7896,-0.03760235935399183
7897,-0.1048387705876174
7898,-0.06899240736392961
7899,-0.05143403985361623
7900,-0.18043315486375786
7901,-0.0678344571602449
7902,-0.06673892568680835
7903,-0.06207105666791986
7904,-0.03604886570555944
7905,0.07778073167144321
7906,0.056527153549417904
7907,-0.03184803716757267
7908,-0.028394320665262034
7909,-0.021660226695926963
7910,-0.08408398442076674
7911,-0.04274110996891411
7912,-0.057788035490568525
7913,0.046832043129315944
7914,-0.05445900813446945
7915,-0.07206158702027116
7916,-0.08273307367790068
7917,-0.09954240232657002
7918,-0.1763432296640683
7919,0.006614805058517647
7920,-0.1017513255859592
7921,-0.1017513255859592
7922,0.10304932325066127
7923,-0.0830751819882978
7924,-0.1856515305129957
7925,-0.09841448253049304
7926,-0.003418503307383469
7927,0.09079976575562554
7928,-0.0065286341879405045
7929,-0.03476277545739208
7930,-0.08565109167132988
7931,-0.009825999475284885
7932,-0.1413074562843988
7933,0.019779072784673408
7934,-0.06338652738704768
7935,0.0882947491277584
7936,-0.160810428556189
7937,-0.039343616748014475
7938,-0.07620352421574411
7939,-0.02021855526861173
7940,-0.026922553932784872
7941,-0.10520649535454421
7942,-0.02571053318986159
7943,-0.10569524772365382
7944,-0.10657685660660925
7945,-0.07188527089425703
7946,-0.02628052414092786
7947,-0.030375018943107544
7948,-0.02667184512633074
7949,-0.18556595532704878
7950,-0.04416006238935446
7951,-0.10737844782249231
7952,-0.029183027396903677
7953,-0.05707873509784749
7954,-0.16326290052831285
7955,0.054628766521886904
7956,-0.08258483765650344
7957,0.12213276498299816
7958,-0.08644924848283977
7959,-0.08941421737149306
7960,-0.07235554835752221
7961,-0.11920446965278725
7962,-0.1170636901513333
7963,-0.07777235139700174
7964,-0.06530296503972725
7965,-0.19436288010026717
7966,-0.026526695169631482
7967,-0.042028651978556125
7968,-0.16188895768558184
7969,-0.1098478020608539
7970,-0.110568378147664
7971,-0.014698877539703779
7972,-0.19864018078289936
7973,-0.09182171412142233
7974,-0.06595932868770801
7975,-0.022765899059672894
7976,-0.03425515773890329
7977,-0.015965154643457897
7978,-0.058252711986091055
7979,-0.13000814955378112
7980,-0.0019319113948905356
7981,-0.13160447876414003
7982,-0.12992995925100678
7983,0.04238548980836967
7984,0.11716784916710048
7985,-0.08689889882039875
7986,-0.07891332219695171
7987,-0.042346571759510204
7988,-0.078939351499256
7989,-0.07378742822697078
7990,-0.07193017866402064
7991,-0.053022039014429326
7992,-0.039662968955606996
7993,-0.0017940773045275193
7994,-0.044859302260038446
7995,-0.07036262638501284
7996,-0.0623783808189173
7997,-0.01493453833816778
7998,-0.04386375034967735
7999,-0.06785899950243823
8000,-0.023898114599569344
8001,-0.06740405686156867
8002,-0.0032351454553538298
8003,-0.013965319666342336
8004,-0.22320615219778436
8005,-0.09331431584740024
8006,-0.07576801546758002
8007,-0.03292140083681204
8008,-0.0014684987602387276
8009,-0.04799523457330541
8010,-0.04615506945558499
8011,-0.07130942378610672
8012,-0.08975210862800198
8013,-0.04818155543205054
8014,-0.035792808268917634
8015,-0.06169299009257399
8016,-0.047779046437290994
8017,-0.07898266324215068
8018,-0.08320420591311828
8019,-0.06325455638587016
8020,0.012636327647637995
8021,-0.03430521873807341
8022,-0.032281949063270414
8023,-0.06515289596276905
8024,-0.04792826778688083
8025,-0.13983100752737157
8026,-0.019527085453543726
8027,-0.2055573151592403
8028,-0.07894014463010146
8029,-0.05971410986602953
8030,-0.05934186328200554
8031,-0.0636191587988751
8032,0.01841458175957076
8033,-0.06477454229710167
8034,-0.05586002210006602
8035,-0.05590541570938433
8036,-0.043403193051705966
8037,-0.06008545288312254
8038,-0.024268334520966075
8039,-0.0730450293777154
8040,-0.04820817377807123
8041,-0.04820817377807123
8042,-0.05056962709774359
8043,-0.08234122074964613
8044,-0.04848576398720943
8045,-0.07097473435337198
8046,-0.0621266830420224
8047,0.016893114033681832
8048,-0.13513150486026598
8049,-0.10051556930873137
8050,-0.08991213223137937
8051,0.02931831806945953
8052,-0.05563085904669603
8053,-0.027280302679036708
8054,-0.07056443576167536
8055,-0.046695446703954736
8056,-0.03832510180176061
8057,0.004423084034023215
8058,-0.07714376200983022
8059,-0.050709671517201974
8060,0.015736927345388473
8061,-0.03737626376237581
8062,-0.052812967852950664
8063,-0.05109011380884099
8064,-0.07123157967306701
8065,-0.04955810676898544
8066,-0.032252320161480705
8067,-0.09062493822682731
8068,-0.08696008645349285
8069,0.006619965481886412
8070,-0.04964149928429016
8071,-0.04223452859076444
8072,-0.024089980717129374
8073,-0.05102179737851443
8074,-0.1136781266142515
8075,0.042887424376442745
8076,-0.027550070262890965
8077,-0.03922174804888678
8078,-0.07444183266458473
8079,0.0051154174789013185
8080,-0.039715186877181195
8081,-0.03605061200348588
8082,-0.20670961323815537
8083,-0.018154963252508222
8084,-0.05003764850689048
8085,-0.056144338068188235
8086,0.04326169640840302
8087,-0.01817767330419743
8088,-0.13219922448584726
8089,-0.016496696184162617
8090,-0.02411806810679158
8091,-0.050392827228527594
8092,-0.050392827228527594
8093,-0.028640732606536354
8094,0.00338999352196224
8095,-0.06183369722087402
8096,-0.016645887865744235
8097,-0.05900902434859425
8098,-0.1152657342904967
8099,-0.20427819140445627
8100,-0.005792125990515995
8101,-0.08232792955791919
8102,-0.08078766952099163
8103,-0.06840915814995487
8104,-0.04056520809503892
8105,-0.022366733618696653
8106,-0.07216933805696531
8107,-0.07216933805696531
8108,-0.018351244465177476
8109,-0.04543593674442318
8110,-0.04556523960876146
8111,-0.07957065274462152
8112,-0.05021323955823291
8113,-0.09021657886219461
8114,-0.07553330341325422
8115,-0.05615091829693397
8116,0.007615571970690902
8117,-0.14177829185594207
8118,-0.08449889850769496
8119,-0.09272500762248968
8120,0.009732958276228214
8121,-0.04843430590603055
8122,-0.03966330321012524
8123,-0.0726244633507571
8124,-0.04388642782697609
8125,-0.07877965355454933
8126,-0.13643618333507812
8127,-0.1046228733884757
8128,-0.20630565987796015
8129,-0.05563829116949849
8130,-0.09508740050944443
8131,0.011831378276059082
8132,-0.022734597335173475
8133,-0.07242115548963211
8134,0.012965854934842359
8135,0.028808695095999794
8136,-0.1440099474515326
8137,-0.0643348337779961
8138,0.0063862966037166536
8139,-0.11138984199822341
8140,-0.09108257717886123
8141,-0.05271335241383822
8142,-0.050263053972965356
8143,-0.03259806177153883
8144,-0.02000766539132666
8145,-0.085007186743665
8146,-0.05670168143629169
8147,-0.07775172022288579
8148,-0.03488214819179011
8149,-0.05627316594715907
8150,0.017619784044956413
8151,-0.03090181596659009
8152,-0.11543127848612023
8153,-0.046507882373063414
8154,0.02117378730661043
8155,-0.1403002231815977
8156,0.035584174663095845
8157,-0.075443792764908
8158,-0.034665266495089664
8159,-0.07206173376811717
8160,-0.09001857918359979
8161,-0.07824600831319262
8162,-0.18826386219146812
8163,-0.024143507547477978
8164,0.023921406057791875
8165,-0.14330179241884305
8166,-0.05442220521677027
8167,-0.07966797138199684
8168,-0.07966797138199684
8169,-0.027163846392545963
8170,-0.07789750824050821
8171,-0.12640153330988024
8172,-0.06781122477214259
8173,0.01987857768844366
8174,-0.08055349521202407
8175,-0.11448569231429498
8176,-0.15213101607839372
8177,0.0099452364836767
8178,-0.16330538526053176
8179,-0.09201339033675301
8180,-0.08517039678876712
8181,0.021030995950471493
8182,-0.07743354435328159
8183,-0.0947130088009832
8184,-0.00821315477411931
8185,-0.02409950037956662
8186,-0.15959146347327494
8187,-0.0941383349376025
8188,-0.08431865734349836
8189,-0.042319501804266
8190,-0.08697860292832929
8191,-0.0531628670322132
8192,-0.11818684526531337
8193,-0.041351593924488235
8194,-0.03581717193106848
8195,-0.08553635290552636
8196,-0.03533448934410221
8197,-0.06279503812559971
8198,-0.02898449474599724
8199,-0.09340668114175416
8200,-0.04103861484595447
8201,0.016072417859415683
8202,-0.09314324846196073
8203,0.020895153514697132
8204,-0.02263129751298835
8205,-0.1928937436461945
8206,-0.09457393247736591
8207,-0.08104089100041137
8208,-0.032454476532869814
8209,-0.09063942352243914
8210,-0.16976131715543258
8211,-0.05844195871145609
8212,-0.011673444257994266
8213,-0.08957110112360687
8214,-0.07985749515208466
8215,-0.07547505491919951
8216,-0.006260610091527206
8217,-0.07293598892896622
8218,-0.07980261400932986
8219,-0.07980261400932986
8220,-0.09846046397300875
8221,0.02000900449510493
8222,-0.06158425549197825
8223,-0.0966557743721204
8224,-0.14106647224534932
8225,-0.19800937352557033
8226,-0.003517147370323185
8227,-0.10271138479076258
8228,0.03358363628177934
8229,-0.1650685756175476
8230,-0.05889501572447942
8231,-0.07324582294437083
8232,-0.0601111693194997
8233,-0.10184098588832823
8234,-0.07223261004052209
8235,-0.0621174122963294
8236,-0.03087979704013348
8237,-0.06562255196011199
8238,-0.0851522938524473
8239,-0.07918893495476252
8240,-0.1023979518216062
8241,0.006289906974027001
8242,-0.07030738663137621
8243,0.009525413688026238
8244,-0.17040085695950632
8245,-0.11094040873428591
8246,-0.05488104610998009
8247,0.0158491941353449
8248,-0.04670994331679178
8249,-0.1016162416820465
8250,-0.07547448243826414
8251,-0.1845567867442529
8252,-0.07123327798621017
8253,0.014637844161666101
8254,-0.07364980217911524
8255,-0.08454767158034314
8256,-0.08273306250087237
8257,-0.06850430988035804
8258,-0.1357758736864882
8259,-0.08314138823352067
8260,-0.01605636993606459
8261,-0.07667194869545281
8262,0.041499560638669164
8263,-0.08674317981882472
8264,-0.001914343535690536
8265,-0.05029841903769978
8266,-0.09356944837000188
8267,-0.20286769277679353
8268,-0.08997018889658252
8269,-0.08997018889658252
8270,0.013552658987853489
8271,-0.016065708942019086
8272,-0.05047209749280494
8273,-0.023353799130066983
8274,0.02058609273978637
8275,-0.09251360671169502
8276,-0.06074447739262216
8277,-0.05191362444643394
8278,-0.07190463442170855
8279,-0.0969115132658306
8280,-0.11902047644226438
8281,-0.00641172898568172
8282,-0.19073859407048868
8283,-0.11088471291254239
8284,-0.026083684600984147
8285,-0.12095199160733669
8286,-0.1170792421717125
8287,0.05195433983502097
8288,0.005762754971145708
8289,0.002588835220225027
8290,-0.12392716205007244
8291,-0.10083294003775999
8292,-0.01637102765753344
8293,-0.07999967066422005
8294,-0.21641441250157462
8295,-0.116822371552296
8296,-0.1223379408078954
8297,-0.07595476354179437
8298,0.007536273152741737
8299,-0.07668726938043591
8300,-0.12439743544542435
8301,-0.06448836068215717
8302,-0.06394500355290857
8303,-0.03730071992052165
8304,-0.08136837864663074
8305,-0.10762161753427006
8306,-0.09253128851553277
8307,-0.025061807885348418
8308,-0.10799960470233413
8309,-0.022510633273731148
8310,-0.11157960156466475
8311,-0.2017467676638922
8312,-0.09167302767547751
8313,-0.1154234184297979
8314,0.027575735375284977
8315,-0.11234970956831407
8316,-0.03810467153034394
8317,-0.11420950991493037
8318,-0.11179804218298363
8319,-0.08766030968224826
8320,-0.08987276932058016
8321,-0.10185792242749911
8322,-0.07390414069193751
8323,-0.09966395251399887
8324,-0.03732181173549929
8325,-0.09567334780480297
8326,-0.02290043123680209
8327,-0.02795516411301155
8328,-0.06150672282884679
8329,-0.09154205830270741
8330,-0.08778980182479217
8331,-0.08741338428051285
8332,0.03562163785300322
8333,-0.08780945378356689
8334,-0.19246318194444698
8335,-0.09034293072975752
8336,-0.10770499048116434
8337,-0.11458755385782554
8338,-0.06645985611675309
8339,-0.09445460622851211
8340,-0.08000904253431156
8341,-0.11608886750917273
8342,-0.09342246754111615
8343,-0.003343216891605114
8344,-0.21642495689977945
8345,-0.09171990432460024
8346,-0.09133882282266118
8347,-0.11297115101405131
8348,-0.08955592412349815
8349,-0.07816462093378385
8350,-0.08823819426730078
8351,-0.019594910940010687
8352,-0.07798434624596641
8353,-0.07798434624596641
8354,-0.08511425530051393
8355,-0.09899025153704645
8356,-0.1944949445822082
8357,0.030562685228023946
8358,-0.07659961066720272
8359,-0.08930634057725198
8360,-0.004647490570648841
8361,-0.06338786897363918
8362,-0.08780421128578501
8363,-0.053479930748636495
8364,-0.0248320369252734
8365,-0.08113896201444529
8366,-0.2221337506764693
8367,-0.1046760012910314
8368,0.005154396262444031
8369,-0.08896073579338504
8370,-0.10944215871826263
8371,-0.06133415469082423
8372,-0.06840120847720002
8373,0.06301091111587367
8374,-0.08818266716982776
8375,0.0067719471398844265
8376,-0.06608174117061584
8377,-0.05528207048782112
8378,-0.06376976131169952
8379,-0.23679848285283983
8380,-0.08393320226856117
8381,-0.06781859588021598
8382,-0.08434693609389513
8383,-0.0720782429942772
8384,-0.0720782429942772
8385,-0.04811683621267938
8386,-0.08292103138036049
8387,-0.04614063967746098
8388,-0.09101713642860919
8389,-0.059493017331912715
8390,-0.030899024135392385
8391,-0.01750416862355997
8392,-0.06852574046044821
8393,-0.07535479524103525
8394,-0.0635220791664952
8395,0.007594135140728647
8396,-0.0808865192662176
8397,-0.0538858325901078
8398,-0.08231890347358069
8399,-0.05895302564217759
8400,-0.23983585401864196
8401,-0.09469793935083709
8402,-0.10197045231916975
8403,-0.027042002452082017
8404,-0.03825907855391991
8405,-0.03849944259806536
8406,-0.04738143447272277
8407,-0.05609972442668685
8408,0.018656074463550516
8409,-0.03220212589807447
8410,-0.052301580601140936
8411,-0.07588571924121214
8412,0.028178248729643904
8413,-0.06447082472401651
8414,-0.09736046188261559
8415,-0.045914555726594475
8416,-0.08983596172433862
8417,-0.04228445150450461
8418,-0.0841507833833831
8419,-0.06622216291993467
8420,-0.11077350307840733
8421,0.01161858280205221
8422,-0.10197549548578075
8423,-0.04634462252162259
8424,-0.009439680546911319
8425,-0.040080445728119314
8426,-0.08500217483072617
8427,-0.057041991884194176
8428,-0.05734109404089957
8429,-0.11525248853094566
8430,-0.09951839101727665
8431,-0.07051558318850458
8432,-0.1393347106695934
8433,-0.10272806302313794
8434,-0.009081545922672032
8435,-0.11079080014608374
8436,-0.1302817272558947
8437,-0.00033792382730788096
8438,-0.13634959849807285
8439,-0.02827935815693862
8440,-0.0370944973558649
8441,-0.05868599664441491
8442,0.031621304274856474
8443,-0.1553171389012136
8444,-0.10226294127233643
8445,-0.025206075039929426
8446,-0.08434307576045379
8447,0.0030124417649924308
8448,-0.07900492382168134
8449,-0.09912190808884438
8450,-0.050867887682301834
8451,0.093845897257649
8452,-0.029465481398820204
8453,-0.016624816808448867
8454,0.006984112391239333
8455,-0.015542672355520837
8456,-0.03330189876995153
8457,-0.011970771162141356
8458,0.10324238073669866
8459,-0.050634150026313524
8460,-0.017231203388271756
8461,0.05785813984566854
8462,-0.14652430499125832
8463,-0.1484173196675156
8464,0.0006237903259668238
8465,-0.10778050500167646
8466,-0.034131899448647335
8467,-0.13463026377229792
8468,-0.10078822023904405
8469,-0.002592014887450308
8470,0.024719915461414596
8471,-0.0765935157219287
8472,-0.09991938139102273
8473,-0.1000192138124994
8474,-0.04002075885445432
8475,-0.04410004484291617
8476,-0.004900163571133298
8477,-0.04259845687049025
8478,-0.09472154685033371
8479,-0.005732029481997836
8480,-0.03127743153276752
8481,-0.13149788313343352
8482,-0.03104185300615177
8483,0.024515329226980975
8484,-0.02542084235698162
8485,-0.002913816621426526
8486,-0.002913816621426526
8487,-0.024946846408038372
8488,-0.06672930524702847
8489,-0.01028142900650575
8490,0.08602285378112477
8491,-0.0942304012387758
8492,-0.09979075178370078
8493,-0.019692197255467236
8494,-0.048825239511224604
8495,-0.11522300033755639
8496,-0.14429335140803332
8497,-0.15187378565374662
8498,-0.014550695578305324
8499,-0.05627546411357476
8500,-0.10064296361523077
8501,-0.10064296361523077
8502,-0.009997011917574728
8503,-0.12279919300982209
8504,-0.047135309188094214
8505,-0.14175864716413428
8506,-0.14090488016889863
8507,-0.03534945836591677
8508,-0.05189619777595785
8509,-0.031401740005567
8510,-0.14198495466661978
8511,-0.08538047426733397
8512,0.008397016888261007
8513,-0.11373472663680531
8514,0.01383718946148268
8515,-0.05249808503683777
8516,-0.09675598283019585
8517,-0.13505490243693294
8518,0.06678656243689206
8519,-0.13498945621080052
8520,-0.09599522499519562
8521,-0.020281825298445383
8522,-0.0809363671738173
8523,-0.11476273022600489
8524,-0.1346122148163791
8525,-0.16192059619184712
8526,0.07142922252577295
8527,-0.05317131241365352
8528,-0.11599560770131692
8529,-0.056889462478374946
8530,-0.1293648213042665
8531,-0.06284838111404223
8532,-0.019086273456077385
8533,-0.0758881764168511
8534,0.002736849126943135
8535,-0.004447018264099355
8536,-0.06515704146165373
8537,-0.11177802459616011
8538,-0.04750891876121114
8539,-0.07466464255086426
8540,-0.10421484913099961
8541,0.059485282702337064
8542,-0.02308139272590628
8543,-0.02308139272590628
8544,-0.1180113391338836
8545,-0.09029966797599671
8546,-0.15032629718787618
8547,-0.002445512927969144
8548,-0.02969314247852473
8549,-0.16536170592511185
8550,-0.0017763572341387794
8551,-0.11710388493667745
8552,-0.010535027673620943
8553,-0.07225580213150656
8554,-0.1254451313973378
8555,-0.12802450178909658
8556,-0.0038581423403014387
8557,-0.07096337062993004
8558,-0.143358021613972
8559,-0.042687986350891355
8560,-0.02910209039805019
8561,-0.010786680340361825
8562,0.06308061705855622
8563,-0.0663039562210786
8564,-0.1280445072319945
8565,-0.12940668809135666
8566,0.004604392234888817
8567,-0.04381633337987374
8568,-0.10858867793229678
8569,-0.15804400666218635
8570,-0.12404692897817658
8571,-0.16240548059775123
8572,-0.01928848771362
8573,-0.01859563892833262
8574,-0.07360832578639522
8575,-0.17359114222081548
8576,-0.04488047253175509
8577,-0.014524979280755555
8578,-0.06746179086183607
8579,-0.011243393970799709
8580,-0.04253869539380311
8581,-0.1627123677106386
8582,-0.13314194521321557
8583,-0.13314194521321557
8584,-0.019449893326717836
8585,0.002156744317571559
8586,-0.03613340283239209
8587,-0.018469003657571346
8588,-0.1286628834253514
8589,-0.06152022599877513
8590,-0.06700601290146556
8591,-0.013902359436956195
8592,-0.012314511627893423
8593,-0.11859129990514593
8594,-0.023828780651460938
8595,-0.05848277096591369
8596,-0.1709610996007373
8597,-0.026844895976203802
8598,-0.07035757678894383
8599,-0.027829274001927078
8600,-0.11410498129805095
8601,-0.017720830713373846
8602,0.06250128598654499
8603,-0.16903133021259947
8604,-0.024251607493111837
8605,-0.040258464459489884
8606,-0.026598572500229036
8607,-0.040426684077798966
8608,-0.018403479112988175
8609,-0.048415113141429655
8610,-0.10751137252139258
8611,-0.14072011348805205
8612,0.0920581133567979
8613,-0.03728218332779422
8614,-0.04855277460202217
8615,0.03274995747278935
8616,-0.049122399878114585
8617,-0.03943854238735362
8618,-0.040492901668918474
8619,-0.16464228114094023
8620,-0.019707306061246113
8621,-0.04866921321008365
8622,-0.12988008001942805
8623,-0.13237784933348654
8624,-0.16699831306453744
8625,-0.08528471957399025
8626,0.08067960004838468
8627,-0.02518629802983203
8628,-0.08782928376116172
8629,-0.09031347644155012
8630,-0.15504408725052432
8631,-0.13575854388872124
8632,-0.037144649878595185
8633,-0.16638607908204903
8634,-0.04064738268663948
8635,-0.027589666939072836
8636,-0.036788944248547846
8637,-0.036788944248547846
8638,0.032425950931193034
8639,-0.0354239153079294
8640,-0.13255647025230957
8641,0.028495189898693377
8642,-0.01075180235305249
8643,0.07250253430496705
8644,-0.05131826898169719
8645,-0.029725481777483905
8646,-0.03934914654184086
8647,-0.10582266590091212
8648,-0.044710461589495286
8649,-0.12438928548504323
8650,-0.02720856107936733
8651,-0.12777507792593107
8652,-0.11785056700481984
8653,-0.08768148266701425
8654,-0.02877368314556876
8655,-0.053762706847966156
8656,-0.02516811465456602
8657,-0.08677887486444345
8658,-0.04986323503928061
8659,-0.053873152938446245
8660,-0.05680601279070695
8661,-0.016357243949451313
8662,-0.02959226925489672
8663,-0.017705430109575242
8664,0.04322408388099203
8665,-0.03631458843992661
8666,-0.05163552857380493
8667,-0.057388866953032046
8668,-0.05328112992225855
8669,-0.12137130915524634
8670,-0.08349298069077173
8671,-0.03117191984195138
8672,-0.05878460586823359
8673,-0.0634809286592992
8674,-0.15305473732292466
8675,-0.08395899552602057
8676,0.007958236020037873
8677,0.018718639897918114
8678,-0.042733864751703265
8679,-0.049323219261385096
8680,-0.019385089868242333
8681,-0.04302499053073186
8682,-0.08626099036619005
8683,-0.03916466279537813
8684,-0.039452289078250775
8685,-0.01292887737679666
8686,-0.04065225354578897
8687,-0.03662963696181744
8688,-0.03662963696181744
8689,-0.06755451771574122
8690,-0.07307137580938115
8691,-0.02749751420099929
8692,-0.0457119349695443
8693,0.011660973467065006
8694,-0.05100441680329751
8695,-0.011614360174393896
8696,-0.04610039273791419
8697,-0.031913338624576244
8698,-0.04859420381778234
8699,-0.04590015612104538
8700,-0.030565945715510634
8701,-0.08279633069134062
8702,-0.07749762973724106
8703,-0.06274683942295198
8704,-0.13511224342662342
8705,-0.08088923067934184
8706,0.018053423339061302
8707,0.015827179562371813
8708,-0.031885755916948776
8709,-0.10615327582911352
8710,-0.05589374933081489
8711,-0.17388448591991565
8712,-0.032598122049298135
8713,-0.03515207172876401
8714,-0.1031025570453606
8715,-0.021823666262354165
8716,-0.08177347125852458
8717,-0.035320705545372824
8718,0.027554805832177915
8719,0.005542844546207963
8720,0.015698421853005948
8721,-0.06294904188794799
8722,-0.011656283242605463
8723,-0.04522654692373006
8724,-0.08390610365144148
8725,-0.047902361691650616
8726,-0.026322695804381752
8727,-0.04400161243394012
8728,-0.0018355357066349395
8729,-0.047685319878604256
8730,-0.13454271711643848
8731,-0.03443282017403323
8732,-0.02634962277171059
8733,-0.05275882039568121
8734,-0.15595159337876363
8735,-0.05148148538071284
8736,-0.024090086319325837
8737,-0.15573950858381988
8738,-0.013922818280846416
8739,-0.020162296397702183
8740,-0.020771524237419202
8741,-0.05137818417191894
8742,-0.05137818417191894
8743,-0.09295589212721982
8744,-0.02322596519588212
8745,0.023581085954140494
8746,-0.029433453266607755
8747,-0.047517035144056356
8748,-0.03162731105578364
8749,-0.0539672228544619
8750,-0.047388752639434616
8751,-0.02672656184469994
8752,-0.02003020767689631
8753,-0.060389078132685944
8754,-0.002744009694646905
8755,-0.13615570376675593
8756,-0.09467178060778092
8757,-0.0011085691121026026
8758,-0.037623776914659596
8759,0.02843042473191323
8760,-0.05229012557674586
8761,-0.046495154896311106
8762,-0.12607427392057793
8763,-0.06645294329620897
8764,-0.01530523495098994
8765,-0.02253502728160934
8766,-0.052994737008888314
8767,-0.01382907111454455
8768,-0.034566345720063237
8769,0.018959356565199058
8770,-0.009677435049062112
8771,-0.055017942217731486
8772,-0.05411999791908043
8773,-0.05574318390609944
8774,-0.004398989910280927
8775,0.0073335953226354705
8776,-0.09636641859688734
8777,-0.11000594285874225
8778,-0.08222919281682183
8779,-0.02841699668489166
8780,-0.047182569814978426
8781,-0.028171759112725767
8782,-0.0070672126939760205
8783,0.019705855251576032
8784,-0.002372872932601434
8785,-0.0009622087064785469
8786,-0.05341717778796216
8787,-0.05284902954969376
8788,-0.03262699405105898
8789,-0.020395996357273943
8790,-0.03004208712252891
8791,-0.04843295433990298
8792,-0.09445112308426999
8793,0.08054877618812345
8794,0.037967560465848725
8795,-0.009289104114976268
8796,-0.00829975089560956
8797,-0.05715040430308748
8798,0.017029956210949153
8799,-0.05647737315858761
8800,-0.0637105115779561
8801,-0.0012168134745109865
8802,-0.010294085083765487
8803,-0.06059608627230136
8804,-0.009757533443607183
8805,-0.03326929959418892
8806,0.04445079984461936
8807,-0.052514462860096985
8808,-0.020334049850509874
8809,-0.05138836766917116
8810,-0.021145366388012687
8811,-0.05166049329594567
8812,-0.011475591910444768
8813,-0.053814663483162675
8814,-0.011714648907012017
8815,-0.007535368951609043
8816,-0.06411416294090343
8817,-0.06274303610962823
8818,0.043973490609756596
8819,-0.08058365312838675
8820,-0.060558756703926166
8821,-0.09363274051396661
8822,-0.02646461158701342
8823,-0.0021006995120914657
8824,0.019044265826746343
8825,-0.08591953374276515
8826,-0.01014921641893405
8827,-0.013694513531068677
8828,-0.0056560560392430025
8829,-0.09070862401989603
8830,-0.09401662167974183
8831,-0.01809107022428581
8832,-0.048659810912487125
8833,-0.1017651971479884
8834,0.02583017422758066
8835,-0.02560214047924805
8836,-0.015108952380422428
8837,-0.08607908806288417
8838,-0.02895520403785817
8839,-0.05440791552873943
8840,0.013153154879385244
8841,-0.006895061930510156
8842,-0.08780306245724562
8843,-0.012466293566634088
8844,-0.009240245037829022
8845,-0.09575873567875047
8846,0.0036294247501079185
8847,-0.04255341836008015
8848,-0.004066148046589779
8849,-0.09152362779947301
8850,0.019419838999830782
8851,-0.05337665966298763
8852,-0.04560661338605627
8853,-0.07869538617022319
8854,-0.06595309280092641
8855,-0.03485117946923899
8856,-0.04209802975904653
8857,-0.012470069424908319
8858,-0.0035426756812937626
8859,-0.014256106797838584
8860,-0.03195132838340672
8861,-0.04285212915194279
8862,-0.009784040578433049
8863,-0.02113256113659186
8864,-0.03142024136190403
8865,0.02942297746491092
8866,-0.05991238351725298
8867,-0.09728760405001922
8868,-0.10290091481571423
8869,-0.020430661600842597
8870,-0.10353620392486014
8871,-0.06433485788166247
8872,-0.10535848627443008
8873,-0.023952782994754947
8874,-0.030621770611731467
8875,-0.11130167434210601
8876,-0.01517875321006053
8877,-0.1079454486490975
8878,-0.021108635193046017
8879,0.008484774421258166
8880,-0.009926096716241463
8881,0.027033716489016445
8882,-0.01578434079835565
8883,-0.17608485945015775
8884,-0.056735643035670975
8885,-0.18123797491500218
8886,-0.057645550139307444
8887,0.007698494043605553
8888,-0.16958888559601296
8889,-0.036459665845009655
8890,-0.15624772407912027
8891,-0.02475683819358714
8892,-0.01374833076244824
8893,0.04027041600461221
8894,0.029123530174553533
8895,-0.020381311749962546
8896,-0.1600881151135531
8897,0.0757308307142985
8898,-0.014003570186206207
8899,-0.03749753068025099
8900,-0.04098097146029528
8901,-0.06722256766400397
8902,-0.010884141281933185
8903,-0.1469972724390129
8904,-0.12682222797958811
8905,-0.14083136406480076
8906,0.04787507624926742
8907,-0.03183240549425263
8908,-0.14517216392020493
8909,-0.1336167851045395
8910,-0.007021659164116239
8911,-0.0026142248541993797
8912,-0.07031941814359126
8913,-0.1435324913777203
8914,-0.14666739784854363
8915,-0.04676408347837918
8916,-0.04074872402369472
8917,-0.13984218571169418
8918,-0.14148915923070102
8919,-0.0727750326233893
8920,-0.1362460512555298
8921,-0.11459600122388058
8922,-0.013942059721072476
8923,-0.017513773331730764
8924,-0.13350429711809778
8925,0.009553046246811253
8926,-0.02757546609784191
8927,-0.035697847805561234
8928,0.029564660353879828
8929,-0.032638867790254655
8930,-0.13006083521552966
8931,-0.15303502389155033
8932,-0.08044313019223287
8933,-0.13578872651525684
8934,-0.05812283101589154
8935,0.0074543018000472845
8936,-0.10778996996014724
8937,-0.07700668827011026
8938,-0.14805291439396231
8939,-0.02439591652296982
8940,-0.02566403713165597
8941,-0.14805827657727186
8942,-0.1406724100089055
8943,-0.11344299050873295
8944,-0.1511927687059582
8945,-0.10110366963892585
8946,-0.0789248830718717
8947,-0.07439164868684191
8948,-0.13633112845065004
8949,-0.13562919550355326
8950,-0.13562919550355326
8951,-0.03896674760500679
8952,0.04363306889800503
8953,-0.056899293714811776
8954,-0.0008818660457653158
8955,-0.14866873248654636
8956,0.02365032892629545
8957,0.021667281297692596
8958,-0.019973929362652326
8959,-0.05226449846746761
8960,-0.14086999944805328
8961,-0.15411624283237307
8962,-0.08561843186420011
8963,-0.09978694629416274
8964,-0.018373452035112085
8965,-0.0795774405039594
8966,0.00017113706094680728
8967,-0.019479330450100717
8968,-0.13639928209455526
8969,-0.12477015080102641
8970,-0.028933680512096948
8971,-0.030738572051590994
8972,-0.0903637411995635
8973,0.00047132538715467093
8974,-0.12853257843895222
8975,-0.12681434006263664
8976,-0.0860645187981481
8977,-0.11569946177124928
8978,-0.03643609631261288
8979,-0.14476589767868137
8980,0.026419545144586443
8981,-0.1432620505061338
8982,-0.01970615225301914
8983,-0.1364208778833041
8984,-0.007994963762442305
8985,-0.038195339992695705
8986,-0.041654903522651304
8987,0.054223690418115596
8988,-0.1381496526612089
8989,0.012337842462172382
8990,-0.09266453654322943
8991,-0.1380059074012543
8992,-0.06842299859671758
8993,-0.09055986137922853
8994,-0.007645674427947063
8995,-0.022083505631255686
8996,-0.13980677843346268
8997,-0.015649709592901736
8998,-0.07821139418720283
8999,0.011130509642674627
9000,-0.04980372360205294
9001,-0.07873832354521225
9002,-0.08918790479819494
9003,-0.13422710017980807
9004,-0.13908176893048568
9005,-0.13265251137372988
9006,-0.038711422496226
9007,-0.1329992152767137
9008,-0.1329992152767137
9009,-0.06736983037192597
9010,-0.003285868590914895
9011,-0.019090708851116977
9012,0.0032867638005961513
9013,-0.04230614979690115
9014,-0.11948637189906644
9015,-0.02249990768304281
9016,0.042223852524280285
9017,0.05722594419942023
9018,0.00926501682684486
9019,0.00493323936992786
9020,-0.08883579700161041
9021,0.0265522462056541
9022,-0.05238889248154472
9023,-0.11574465563791156
9024,-0.07257204416992251
9025,-0.11553654576956952
9026,-0.14806699446208615
9027,0.043075621240238365
9028,-0.09202300031769861
9029,-0.09202300031769861
9030,-0.12004693984267831
9031,-0.09206430298883503
9032,-0.040901791915591346
9033,-0.11396247635269911
9034,-0.004086983213822714
9035,-0.11492218412551423
9036,-0.113616612878444
9037,-0.014433850261199862
9038,-0.029240771495223063
9039,0.010359360973784208
9040,0.02022524447230275
9041,0.04577741935713405
9042,-0.096629057821216
9043,-0.004430545787152388
9044,-0.03209308824862569
9045,-0.08354826659925942
9046,0.03952691548134183
9047,-0.048441573967643745
9048,-0.0981829127860656
9049,-0.1419874970175715
9050,-0.09736425898048856
9051,-0.09653967847717737
9052,0.023994151684423516
9053,-0.08075723501429072
9054,-0.08075723501429072
9055,-0.01487645695139649
9056,-0.062316413161619524
9057,-0.09052019421185402
9058,-0.024450282824059935
9059,-0.03140409157575214
9060,-0.11217019749008564
9061,-0.005583841868222723
9062,-0.08106564085424701
9063,-0.0851774859282266
9064,-0.08118301749488903
9065,-0.0010051540778506674
9066,-0.010373129345809591
9067,-0.08949286045336637
9068,-0.049699640448754336
9069,-0.08618141992180042
9070,-0.006824223798243516
9071,-0.08512193984987214
9072,-0.06960375042618668
9073,0.041820351413878784
9074,-0.05582928566529572
9075,-0.07965928806999167
9076,-0.08222947765700069
9077,-0.13662862999455896
9078,-0.07992003787399585
9079,-0.07991204117128188
9080,-0.07454345345239023
9081,-0.07762090165791724
9082,-0.0714813435608642
9083,-0.011539072144191687
9084,-0.004343590038735313
9085,-0.07253744863356941
9086,-0.10287088567664854
9087,-0.055564674392028876
9088,-0.004059272382183335
9089,0.041363012884283436
9090,0.043864608786041315
9091,0.009816590803275523
9092,-0.04813331625372966
9093,-0.11426090115334048
9094,-0.11109622966968363
9095,-0.08277662627034003
9096,-0.02598343195028471
9097,-0.047718636312020134
9098,-0.054602357025297366
9099,-0.017672312711536756
9100,-0.04823704957129427
9101,-0.045310319217903225
9102,0.04482097800036282
9103,-0.05993392667164136
9104,-0.13479485932087765
9105,-0.06522283592422602
9106,-0.05569320665287741
9107,-0.05628643453846306
9108,-0.05296908414120341
9109,-0.05296908414120341
9110,-0.03967439263343004
9111,-0.0478732233870035
9112,-0.023748575648820977
9113,-0.022239747358769695
9114,-0.060360119337248594
9115,-0.022950873128621097
9116,-0.05377759287245637
9117,0.015727896424143937
9118,0.062073367601463925
9119,-0.01568301624085907
9120,-0.11067123846856439
9121,-0.13371892715753805
9122,-0.030136031164829602
9123,-0.06096979541644393
9124,0.03505731532797825
9125,0.046112154385014856
9126,-0.11757547902647676
9127,-0.044876584284859175
9128,-0.04243206847944253
9129,-0.044711173195140355
9130,-0.05003190805703833
9131,-0.05016248847734052
9132,-0.03042345205026912
9133,-0.030119678474735765
9134,-0.07668598601309587
9135,0.0018462928250984945
9136,-0.12662077869511673
9137,-0.07377401114494503
9138,-0.0540432609693442
9139,-0.019883033169562952
9140,0.014844683177269318
9141,0.0702142580042625
9142,-0.02841676307668852
9143,-0.10109686853220054
9144,-0.05385520206268088
9145,-0.03479630045715109
9146,-0.010279046969668085
9147,-0.03497098013853114
9148,-0.020590164793666953
9149,-0.062419839612143306
9150,-0.1069102048872125
9151,-0.014894012835700663
9152,0.05877735681634186
9153,-0.05862699691316516
9154,-0.11748514966066946
9155,-0.02644794203339702
9156,-0.03216385569323093
9157,-0.0470774594313666
9158,0.05950332756453864
9159,-0.026701320978199838
9160,-0.0189922446779818
9161,-0.016314678825259978
9162,-0.02391622528600046
9163,0.006911694470427039
9164,-0.04901312685165791
9165,-0.014177027287170605
9166,-0.07804642043684988
9167,-0.015670580475440014
9168,-0.014414786248608457
9169,-0.012691894706501589
9170,0.009055887774760442
9171,-0.06127536775273026
9172,0.04401837631265551
9173,-0.04102747623374934
9174,-0.041138596976376667
9175,-0.06576542593709019
9176,-0.045207923461821585
9177,-0.11023780744854629
9178,-0.01198976769444408
9179,-0.06812597346832056
9180,-0.01696444769535983
9181,-0.13315725076807272
9182,0.030730454200878093
9183,-0.039378926469492745
9184,-0.027030178702162642
9185,-0.027030178702162642
9186,-0.019456172030348797
9187,-0.01571541157325783
9188,-0.02179497853160662
9189,-0.0671565306073039
9190,0.012240134882068907
9191,0.00624371444028762
9192,0.024354996632172082
9193,-0.007888894812690481
9194,-0.014330554816459071
9195,-0.043094840937495195
9196,-0.039775438389044016
9197,-0.10108091114990632
9198,-0.13703242455054654
9199,0.026186758916829048
9200,-0.031624625640084
9201,-0.08521533003989604
9202,-0.03047848570320165
9203,-0.04516418494840144
9204,-0.07629852406617534
9205,-0.00657312967858102
9206,0.03215975025834394
9207,-0.1039037276040181
9208,-0.007080587276109513
9209,-0.008724557250707891
9210,-0.04549702984718928
9211,-0.03307608111115609
9212,-0.12791818287826826
9213,-0.013432070762546522
9214,-0.032411035581890166
9215,-0.032411035581890166
9216,-0.08004999088593545
9217,0.017358764508677606
9218,0.023424559180907068
9219,-0.027191157453860925
9220,-0.032600065334465245
9221,-0.020013105004883226
9222,-0.029427546763730644
9223,-0.020671990600559062
9224,-0.0739424180489164
9225,-0.016672979426484453
9226,-0.043076848821034526
9227,-0.10023336768332601
9228,-0.06046091010902292
9229,0.023308896954667355
9230,-0.0683267976778225
9231,-0.07762032137169088
9232,-0.04288757768574555
9233,-0.02130265823425263
9234,-0.10103216295549083
9235,-0.12387576429478037
9236,-0.0647126810915035
9237,0.003304805607766241
9238,0.023730644242283515
9239,-0.046623791156182606
9240,-0.06333633711325852
9241,-4.997534299763838e-05
9242,0.0011824306954601742
9243,-0.038044666016537595
9244,0.030779919480931686
9245,-0.07197236511466483
9246,-0.01285700023486052
9247,-0.05762009605564619
9248,-0.03711753051846779
9249,-0.014661152405601983
9250,-0.030170740278338774
9251,-0.09132389842457604
9252,0.018961358335491223
9253,-0.007655196764532337
9254,-0.07368502155076309
9255,0.05928557084879094
9256,0.0007693416588967768
9257,-0.0739356117244309
9258,-0.0762323462055118
9259,-0.023294605125595835
9260,-0.04023070972446257
9261,-0.018452242495285036
9262,-0.020010679227692566
9263,-0.10681433462198252
9264,0.0215927049774333
9265,-0.14487007195618995
9266,-0.07537248571802634
9267,-0.02779364204684856
9268,-0.016741377970400415
9269,-0.00029573085084097717
9270,0.028569185684415067
9271,-0.03102785032095761
9272,-0.061084318697786424
9273,-0.06714881752029488
9274,-0.038947263016147926
9275,-0.007487435641467544
9276,-0.02511629105755216
9277,-0.03023887104642867
9278,0.04768264871917737
9279,0.02637863624020059
9280,-0.0525255448951613
9281,-0.08785492504256315
9282,-0.08679789152670864
9283,-0.013460090569183602
9284,-0.024806891540049805
9285,0.01626760725972231
9286,-0.012984759428340296
9287,0.016422691233087483
9288,0.018748770912307183
9289,-0.016505910597099396
9290,-0.15655183563260497
9291,-0.046236565076115614
9292,0.01910362613415342
9293,0.027906949784139372
9294,-0.012262430744951829
9295,-0.0704713611834924
9296,0.008853551342701271
9297,-0.01682648121867742
9298,-0.017204539255295866
9299,-0.01753681740723409
9300,0.015725398520650705
9301,0.008808469084599955
9302,-0.0902923589007934
9303,-0.07033725853666406
9304,-0.0019706391258771964
9305,-0.020764344519994305
9306,-0.15418774898355128
9307,0.0012910679189888257
9308,0.002734841527410812
9309,0.0005934077755676107
9310,0.005136296888868227
9311,-0.000859236282961929
9312,0.02043649086231091
9313,-0.08776632916678588
9314,-0.08978948973795331
9315,0.04274230519521243
9316,-0.05610608739208311
9317,0.01517978288630101
9318,-0.0017869813084480358
9319,-0.09133033582927096
9320,-0.014451874001996084
9321,-0.0984022296283644
9322,-0.10817526591135815
9323,-0.003974769320434096
9324,-0.08374956565049856
9325,-0.04153715392965614
9326,-0.01636933043696845
9327,-0.00400094600871108
9328,-0.0017459206296881948
9329,0.0424594137277243
9330,-0.00026279579833200594
9331,-0.13069316439454512
9332,-0.11171463420217727
9333,-0.007613308926355891
9334,0.01190939537039788
9335,-0.014719818808375956
9336,0.01169063009147304
9337,0.03723280823401109
9338,0.01452600965439839
9339,-0.02020891776901035
9340,-0.10454757141650282
9341,-0.0034822709202479165
9342,-0.0036094515951239597
9343,-0.014374747754808506
9344,-0.09551358162613116
9345,-0.013182849639213548
9346,-0.019812800149588073
9347,0.006384893653548647
9348,-0.14929230623104325
9349,-0.014738369122369163
9350,-0.09991524695027236
9351,-0.019806779916882945
9352,0.07730932287821755
9353,0.0020468418353359764
9354,0.0025864540140949905
9355,-0.030752305436690323
9356,0.01564081708885689
9357,-0.0782427859215685
9358,-0.013620133883756224
9359,-0.09916197436215847
9360,-0.025699531392401862
9361,-0.0238058825088832
9362,-0.14596809044941517
9363,-0.011520263461121345
9364,-0.02765719991735968
9365,-0.01226310467561194
9366,-0.01460177777382745
9367,-0.11285912555105
9368,-0.016309579535377382
9369,-0.0837562008519673
9370,-0.0035997998404263903
9371,0.02102216739576991
9372,-0.09621490634989925
9373,-0.0014515144166897056
9374,-0.0593055905028231
9375,-0.027400477155673047
9376,0.03677496135738497
9377,0.008502508747361082
9378,-0.11858037672551157
9379,-0.004009866810014772
9380,-0.11417623241684202
9381,-0.04724488713720128
9382,0.007056853815132841
9383,0.03443138511938199
9384,-0.05872326765953349
9385,0.014946837615473888
9386,-0.01973427474837401
9387,-0.0118433186920259
9388,-0.02140255452241811
9389,-0.014124560093916157
9390,-0.12918060657683988
9391,-0.03255440685927609
9392,0.03939418238494705
9393,0.01535962306825866
9394,0.02163920315040908
9395,-0.10353568462002417
9396,0.03219313542468646
9397,-0.000829783330336496
9398,0.013636155300907185
9399,-0.04436273274149631
9400,-0.13755532522487915
9401,-0.005994255420577424
9402,-0.031306219969990945
9403,-0.06858653324833067
9404,-0.012014164490580547
9405,0.0013228540019854782
9406,-0.07496612066654819
9407,-0.05834695016404018
9408,0.033629574221793884
9409,-0.07549709317113193
9410,-0.051985659558795416
9411,-0.14664570000186933
9412,0.019821508815976965
9413,-0.06282587275334378
9414,-0.1493537483564889
9415,-0.028262147930393697
9416,0.0075071299599043136
9417,-0.009169569888994296
9418,-0.006446169732409481
9419,-0.09153758648449468
9420,-0.16831486876024343
9421,-0.02390901710433131
9422,-0.09188047827534125
9423,-0.09023495736477084
9424,-0.04848475271783346
9425,-0.09820076142761681
9426,-0.09920420959713083
9427,-0.08053972510080637
9428,-0.09622294056018658
9429,-0.1437835904208801
9430,-0.00490826695897614
9431,0.02849519425348209
9432,-0.04556878356432096
9433,-0.05712536699672883
9434,-0.18263243535222545
9435,-0.0638255909422995
9436,-0.011101592510798213
9437,0.06780825755174963
9438,-0.08374771593824872
9439,-0.023445409032407577
9440,-0.04464420803574122
9441,-0.03315907602672431
9442,-0.09418235349577782
9443,-0.16991793172020417
9444,-0.09637175629916066
9445,-0.10001364388640495
9446,-0.10092816233312792
9447,-0.04650129701012117
9448,-0.11437032523986793
9449,-0.07687956500986666
9450,-0.07687956500986666
9451,0.04299361491763833
9452,-0.10701337347798563
9453,-0.025489857169397126
9454,-0.05031933724912504
9455,0.02370021732026924
9456,-0.18753762276571492
9457,-0.1095483443983446
9458,-0.08113216718579419
9459,0.023134801577112594
9460,-0.11588267939421347
9461,-0.1829853636321037
9462,-0.0901896255246421
9463,-0.03235469921541417
9464,-0.02078309913313741
9465,-0.181060403734372
9466,-0.0875070168056202
9467,-0.08137951522887968
9468,-0.08632329383961167
9469,-0.08704555746977513
9470,-0.03181433983637799
9471,-0.034677881448390714
9472,-0.10263255916599429
9473,-0.14778235133017112
9474,-0.03145387402252303
9475,-0.08428707377301939
9476,-0.08428707377301939
9477,-0.05697222805360727
9478,0.03464784053529987
9479,-0.17548555985734374
9480,-0.07730260870194208
9481,-0.08229179221961498
9482,0.009625625500252415
9483,0.010639750662502473
9484,-0.03447858475578321
9485,-0.09520021366696296
9486,-0.026319163881515353
9487,-0.07911345771995826
9488,-0.09467081020317435
9489,-0.01760246819840165
9490,-0.07555213958682758
9491,-0.03169755333795513
9492,-0.04838165813025269
9493,-0.06013739341140462
9494,-0.055797393325515136
9495,-0.055797393325515136
9496,-0.029653593681887296
9497,0.03315677383378268
9498,-0.05264023895984704
9499,-0.12066280089856206
9500,-0.007890034353540597
9501,-0.07526891551450399
9502,-0.009499413167965133
9503,-0.11613041472509728
9504,-0.06488609506216851
9505,0.00947986902589699
9506,-0.10899503876633951
9507,-0.0956718527842702
9508,-0.019023913270387133
9509,-0.0436129921671482
9510,-0.21346058072401364
9511,-0.03246135044467461
9512,-0.07181134734224272
9513,-0.03121997174020467
9514,-0.06182499829158966
9515,-0.22206287572344346
9516,-0.0725760057903811
9517,-0.05481992064888821
9518,-0.05481992064888821
9519,-0.030947418411750055
9520,0.02918162577545405
9521,-0.03964438107116287
9522,-0.03271723229265803
9523,-0.056506109833838324
9524,-0.2145366175557379
9525,-0.11581757135806428
9526,0.05288348045092804
9527,-0.07683423498204991
9528,-0.05743035253844766
9529,0.004254748136553055
9530,0.012222536300820635
9531,-0.04225595015879013
9532,-0.04399513371263346
9533,-0.10815851785945522
9534,0.0061879954946949855
9535,-0.20455979257749862
9536,-0.04203233584102386
9537,-0.189737348964167
9538,-0.06694118563283995
9539,-0.05442682650692102
9540,-0.04259334452210916
9541,-0.19471975298235467
9542,-0.13007230589032867
9543,-0.038670994912610064
9544,-0.1030600611949377
9545,-0.1030600611949377
9546,-0.04109925806853632
9547,-0.1443761903095482
9548,-0.09434194898045012
9549,0.029700322641574715
9550,-0.015370900842862049
9551,-0.0466663408596236
9552,-0.0010256917781152487
9553,-0.14725150854774574
9554,-0.037430322059749055
9555,-0.0183017144430635
9556,0.025835366396759284
9557,-0.16190505653866422
9558,-0.08954324766686121
9559,-0.10927427794616831
9560,-0.020828641357723755
9561,-0.07778563993286315
9562,-0.16430385231803876
9563,-0.03719953139905696
9564,-0.0796591971619209
9565,-0.07555435861959181
9566,-0.03507956575603354
9567,-0.18063615472978947
9568,-0.17383175643194404
9569,-0.030472981882355588
9570,-0.17876703292376872
9571,-0.1214153372489823
9572,-0.180697355288778
9573,0.019812160119628157
9574,-0.180697355288778
9575,-0.05839250135552316
9576,-0.05750939891057933
9577,-0.10597312046384837
9578,-0.005927607300226475
9579,-0.051899621640487885
9580,0.04551170757763092
9581,-0.10335308190483034
9582,-0.011478932486166826
9583,-0.029135289739643713
9584,-0.15919324035089757
9585,0.0009773483064386165
9586,-0.10319808722892318
9587,0.05453989853170507
9588,-0.1571312988648496
9589,-0.11761486457538475
9590,-0.200216615992848
9591,-0.009605949819785308
9592,-0.11132310681822528
9593,-0.11132310681822528
9594,-0.20145609904330963
9595,-0.003765195046560053
9596,-0.004605434660182408
9597,-0.004528420363844843
9598,-0.07501653961192278
9599,-0.08750751509175814
9600,-0.2162639249409383
9601,0.01157831182150872
9602,0.04729498612127318
9603,-0.024249728948219647
9604,-0.21541646909446813
9605,-0.1642088932774082
9606,-0.01054125211105486
9607,-0.0037727712779936557
9608,-0.020108992517764067
9609,0.019037704673102233
9610,-0.09570452775249287
9611,-0.013186740682700144
9612,-0.018068815061964384
9613,-0.166955855071782
9614,0.041373234533002054
9615,-0.2035977185695749
9616,-0.149116582893132
9617,-0.023736052026065144
9618,-0.20581120860922508
9619,-0.2065457753368557
9620,-0.2065457753368557
9621,0.014097653341592565
9622,-0.023473444599812484
9623,-0.09591428481312762
9624,-0.0050961049857161985
9625,-0.02071574582870699
9626,-0.2061599790394186
9627,0.021837267118272625
9628,-0.21183832065018887
9629,-0.011131616566744967
9630,-0.009267937059285301
9631,0.03813413625090205
9632,-0.17069007916448017
9633,0.03636812621967631
9634,-0.21167554377492656
9635,0.009116624792665867
9636,-0.017161448581330452
9637,-0.06983975499536735
9638,0.028151741179236984
9639,-0.14191161234171004
9640,0.031521782623474326
9641,-0.1614970048096532
9642,-0.14422580542554295
9643,-0.14422580542554295
9644,-0.19500872655088636
9645,-0.16685499878416454
9646,0.0024343379180306645
9647,0.040232871705135516
9648,-0.019244499143253352
9649,-0.003142251027498151
9650,-0.028652049809378598
9651,-0.08414712176195259
9652,-0.19693463163437633
9653,-0.04076796565121864
9654,0.07566114431766552
9655,-0.1656158510617328
9656,-0.04435105441525897
9657,-0.18504469794340633
9658,-0.015567998229966545
9659,-0.06686986757211458
9660,-0.012332820895146238
9661,-0.018412763689669875
9662,-0.022288926745325947
9663,0.015196502853588824
9664,-0.13579940447371638
9665,-0.14682281387831872
9666,-0.19585191982418287
9667,-0.12806297538084108
9668,-0.036622445779416576
9669,0.0738299529799822
9670,-0.18680740948298968
9671,-0.18680740948298968
9672,-0.01899123879839852
9673,0.004365747726667949
9674,-0.05180363527515841
9675,0.030622347701504505
9676,-0.19179357698870744
9677,-0.042932906329155404
9678,-0.19348758661872867
9679,-0.04785906505000135
9680,0.07912738057568436
9681,-0.015501139238090617
9682,-0.16431543842312296
9683,-0.027862401612856417
9684,-0.02684489294777443
9685,0.045819148491808195
9686,-0.0730659611670808
9687,-0.030027157946790707
9688,-0.1525496744693265
9689,-0.19563294939781373
9690,-0.19327321639689976
9691,-0.1463988125726842
9692,0.070635609598577
9693,-0.05906449833945546
9694,0.002407660949908599
9695,-0.05813784721908343
9696,0.027413640542690187
9697,-0.1943408460717467
9698,-0.1886573665684883
9699,0.06584262128999782
9700,-0.1818893637053029
9701,0.1104072227104136
9702,-0.04725223904311959
9703,-0.05261003315721408
9704,-0.10328709819752092
9705,-0.05845393383693598
9706,-0.03110170831427417
9707,-0.06448001653162169
9708,0.07690605036070483
9709,-0.060597788591078214
9710,-0.164859589604037
9711,-0.12516359162410332
9712,-0.1701475098617487
9713,-0.15445710887376393
9714,-0.06052955244681503
9715,-0.06052955244681503
9716,0.041958501198074476
9717,0.05256319575493179
9718,0.00890343580988802
9719,-0.16578715941881864
9720,-0.051629734271407435
9721,-0.1237033961645933
9722,0.05281704855287479
9723,-0.036750374926196115
9724,-0.049858048178294874
9725,-0.15779171040808504
9726,0.0070986951132707065
9727,0.03582643492077856
9728,-0.041504118239677194
9729,-0.045663263977488606
9730,-0.027868488824922065
9731,-0.05238779652707607
9732,0.054724507344187545
9733,-0.03739318921338397
9734,-0.13908767786578305
9735,-0.1364219602369051
9736,-0.1625134563097247
9737,-0.10944234015235467
9738,-0.06443315566064822
9739,-0.06443315566064822
9740,-0.002959063486756145
9741,-0.06872378275525463
9742,-0.07900189132477455
9743,0.056345456808739786
9744,-0.1343228627245556
9745,-0.1343228627245556
9746,0.018470972858738718
9747,0.07158476179967291
9748,-0.05656917631179416
9749,-0.11635862760649976
9750,-0.04592107826076146
9751,-0.03755925189965851
9752,0.09330713260998058
9753,-0.03432077563368736
9754,-0.09562839022418743
9755,-0.11445906848874647
9756,-0.12613279903865945
9757,0.011002666670087497
9758,-0.16776570212372022
9759,-0.04610633089544484
9760,-0.10568813320305533
9761,-0.1042786024446482
9762,-0.03989805294318791
9763,-0.013713694925665057
9764,-0.0030262039485499668
9765,-0.012593188199986512
9766,-0.09757959012250923
9767,0.015749494685818318
9768,0.044447524928622854
9769,-0.11190281540809399
9770,-0.0361679902040814
9771,-0.047894158716695306
9772,0.09497087698169877
9773,-0.0761100243693872
9774,-0.11358367861997432
9775,0.03320482696671638
9776,-0.08396015821903427
9777,-0.1706602094027002
9778,-0.04354118419284153
9779,-0.08240275818969316
9780,0.053975726460120034
9781,-0.04541436754791354
9782,0.1119482218896168
9783,-0.08992150422138892
9784,-0.09206609804640119
9785,0.048645143790989206
9786,-0.04115630682041358
9787,-0.006886473934693188
9788,-0.05621327829941814
9789,0.1201383657735592
9790,-0.08864669491541591
9791,-0.06168761678186034
9792,-0.11805909936495494
9793,-0.12332034139846826
9794,-0.07732425107855531
9795,-0.1667253820575128
9796,0.03289692506451829
9797,-0.030236238524143054
9798,0.11861335757588659
9799,-0.10964055387490074
9800,-0.0014039829812055528
9801,-0.1068651702494287
9802,-0.06243502679563457
9803,-0.03868287692142751
9804,-0.038186952095036454
9805,-0.07192891575623776
9806,-0.06577796993337812
9807,-0.11349117732019415
9808,-0.10801019920956315
9809,-0.04127530448763517
9810,-0.16351313124066985
9811,-0.06586242524291071
9812,-0.043697094189061744
9813,-0.09669715122726484
9814,0.050112178477126325
9815,0.003444341064083457
9816,0.023030218901601097
9817,0.07650339964071726
9818,-0.13550144713354415
9819,-0.020254905428903253
9820,-0.04247235290903806
9821,-0.014016035648412254
9822,0.005124904401842242
9823,-0.047359686756907264
9824,-0.12626999703047864
9825,0.0438655000211291
9826,-0.08454620711412815
9827,0.03499283123479515
9828,-0.11430826897454098
9829,-0.035186607606165994
9830,-0.03821114229405889
9831,0.07700429114962158
9832,0.037198983044525534
9833,-0.06584458928587696
9834,-0.11587745623393404
9835,-0.06595987443148525
9836,-0.0185233759862738
9837,0.029811632577585026
9838,-0.108409484937258
9839,-0.06897608424402865
9840,0.04076535778195065
9841,0.1268819616662461
9842,-0.12739544682712864
9843,0.05180157960526314
9844,0.15048936250876185
9845,-0.10867878277383193
9846,-0.1320226512447227
9847,-0.03333990964725384
9848,0.13110301045054856
9849,-0.04025959330084582
9850,-0.06534416481613241
9851,0.02194349298102557
9852,-0.04365660137741705
9853,-0.09212082984708934
9854,-0.021127017864271427
9855,-0.15223419393298554
9856,-0.021346247356554576
9857,0.0015409506585653432
9858,-0.03094027710293649
9859,0.1128327795457464
9860,0.10191348731118063
9861,0.026097257863997858
9862,-0.06122365754702658
9863,0.10952343927600044
9864,-0.031794264668887025
9865,-0.03305294244038423
9866,-0.09401320086220968
9867,-0.0905627066028708
9868,-0.07970919100465965
9869,-0.010690336068046447
9870,-0.1482069579748013
9871,-0.037727331582842784
9872,-0.019964506926176795
9873,0.08713517945397443
9874,-0.03712029378484935
9875,-0.08248049796920476
9876,-0.03916442707190913
9877,0.02156871540091786
9878,-0.03474495465105553
9879,-0.03474495465105553
9880,-0.019359033733169245
9881,0.07490582774476391
9882,-0.04278590993813277
9883,-0.05569183360041525
9884,-0.039557482421535214
9885,-0.08848012266717109
9886,-0.06534510906396215
9887,-0.011392778235646227
9888,-0.1454125904795762
9889,-0.041245965938668264
9890,-0.07936674840208743
9891,0.05711985266002571
9892,-0.017222248695637137
9893,0.02073267274026771
9894,-0.03668923753955603
9895,-0.036637015922606465
9896,-0.04212542218833538
9897,-0.01932617346222059
9898,-0.052301181934166045
9899,-0.052301181934166045
9900,0.05787762510136322
9901,-0.02684867655061141
9902,-0.04377999182286807
9903,-0.05345077559242622
9904,-0.021370320301645804
9905,-0.12578561625398008
9906,-0.060134492746893586
9907,-0.047951323000697106
9908,-0.05418626773080584
9909,-0.06534571691840121
9910,-0.05353238235369333
9911,-0.03749700291152652
9912,-0.06652667679567328
9913,-0.06652667679567328
9914,0.05690370932495336
9915,-0.009376635237038957
9916,-0.05270240639692645
9917,-0.05809774183099295
9918,-0.06761635658582492
9919,0.04646475808841924
9920,-0.00913487378048634
9921,-0.02677901721273979
9922,-0.1349960503554348
9923,-0.008625529249754222
9924,-0.05798278709134842
9925,-0.059963868876179785
9926,-0.05974647912897572
9927,-0.07759384050881665
9928,0.04487246826468514
9929,-0.08022220081201417
9930,0.012873224903528975
9931,-0.08615654806696392
9932,-0.08615654806696392
9933,0.03560620442470826
9934,0.03560620442470826
9935,0.019433407392354805
9936,-0.06904434267511633
9937,-0.05922385653966133
9938,-0.1022565133362311
9939,-0.05177485260466717
9940,0.027158625470434246
9941,0.007368406764776585
9942,-0.08925147549035214
9943,-0.0926957085661487
9944,0.03222715140004118
9945,-0.0923216672880012
9946,0.032698682761077284
9947,0.03390649850587845
9948,0.032627965700918936
9949,0.020048787741944758
9950,-0.07484493113749222
9951,-0.08321248215113282
9952,-0.009129858904534997
9953,-0.10625131116630783
9954,-0.0164789862708292
9955,-0.08618296158535974
9956,-0.08618296158535974
9957,-0.13187275283733657
9958,-0.02653426300262426
9959,-0.059869982670116825
9960,-0.016706086126708358
9961,-0.11497426272587412
9962,-0.09825679684014282
9963,-0.09229899103918998
9964,-0.005874851982782317
9965,0.016574868206406915
9966,-0.04752083301211747
9967,0.032471213885999925
9968,-0.09593151049015936
9969,-0.12090134051047136
9970,-0.04363698418836524
9971,-0.10020721487281022
9972,0.01938204635632119
9973,-0.1313221848932473
9974,-0.09045277027155407
9975,-0.09045277027155407
9976,-0.03886199017337983
9977,-0.08567670887986754
9978,-0.035470289301784086
9979,-0.0834409586571938
9980,0.029393592349548154
9981,-0.09068562557708638
9982,-0.05119515168993853
9983,-0.04831752012979697
9984,-0.02761909989132084
9985,-0.12171844588786523
9986,-0.08123384969122228
9987,-0.08480084129758035
9988,-0.05919299018590222
9989,0.030616662177110395
9990,-0.058222404904518334
9991,-0.09430014630963567
9992,-0.09798218176627903
9993,-0.09430014630963567
9994,-0.02934493546529006
9995,0.03453049698629546
9996,-0.038154595353540204
9997,-0.063345937594602
9998,-0.13334910943419276
9999,-0.09540688831388001
10000,-0.10231296031377562
10001,-0.10298863368691707
10002,-0.10298863368691707
10003,-0.06141791677863728
10004,0.017076004462260586
10005,-0.10453836402129127
10006,0.04285970533183632
10007,-0.10786481651407659
10008,-0.06111593031090831
10009,-0.11322656567961081
10010,-0.01520023398314007
10011,-0.03515256225653585
10012,-0.11585055985754025
10013,-0.08696559289902493
10014,-0.05879379623913785
10015,-0.11130559528792697
10016,0.008350017456372512
10017,-0.11165290947598916
10018,-0.11165290947598916
10019,-0.08253864630181379
10020,-0.08034039595092288
10021,-0.07173964920873145
10022,-0.12148857395466152
10023,-0.12143334433786324
10024,-0.07064319333247598
10025,-0.11794794871045705
10026,-0.026209266101092147
10027,-0.0754536002139273
10028,-0.0753571316019613
10029,-0.11142023388113871
10030,-0.08794608456070489
10031,-0.04564822373176995
10032,-0.08279004681913951
10033,-0.026418489569121035
10034,-0.10434223431262966
10035,-0.09245189240632873
10036,0.05308972573891198
10037,-0.08267312515221979
10038,-0.07733003913082576
10039,-0.029544472584395534
10040,-0.02277297192344028
10041,-0.0755566556586773
10042,-0.09925825074663795
10043,-0.04571162312247794
10044,-0.11465373102156463
10045,-0.1288097611815651
10046,9.458745157512584e-05
10047,-0.05706744041218612
10048,-0.056229204855231404
10049,0.06714683125840838
10050,-0.03625363097247143
10051,-0.053182988485522456
10052,-0.0209551779613011
10053,-0.08276781409416657
10054,-0.07665482907546582
10055,-0.023165949398059164
10056,-0.1061374606651533
10057,-0.08563681805571964
10058,-0.003142509060444033
10059,-0.07013896868809139
10060,-0.08914073818183373
10061,-0.0708467990343348
10062,-0.0748429565689379
10063,-0.006891050634267553
10064,-0.12933746735180415
10065,-0.08348855725549638
10066,-0.014328881001685948
10067,-0.031875010605231235
10068,0.0025082918926974205
10069,-0.09562750676719145
10070,-0.09399897868326379
10071,-0.12212007103037661
10072,-0.12946904607214227
10073,-0.13086780119832786
10074,-0.015923365968260425
10075,-0.08303453104343074
10076,-0.10363295809731916
10077,0.07002637228831975
10078,-0.08258001150051648
10079,-0.12471045149211758
10080,-0.09585602360435995
10081,-0.04790801534924147
10082,-0.03132550879630716
10083,-0.13155216406338635
10084,-0.08991312201789116
10085,-0.0024703179449397194
10086,-0.09729888900095668
10087,-0.13427697081277218
10088,-0.07798487725718883
10089,-0.08717556716514208
10090,-0.11858363903527042
10091,-0.025919662764841023
10092,-0.07080774732029477
10093,-0.057626519621569866
10094,-0.12892215052971834
10095,-0.12083009552085672
10096,-0.04841302110613088
10097,-0.09487235846295883
10098,-0.029183451590020212
10099,-0.054663135483169666
10100,-0.055261419637022566
10101,-0.03619779405015826
10102,-0.11159639000207017
10103,-0.0852871414682425
10104,-0.11163079954235974
10105,-0.015974147059251473
10106,-0.05174813315550463
10107,-0.07480441824934171
10108,-0.06325006576171739
10109,-0.10578817997202722
10110,-0.07077250154253786
10111,-0.041151851028540264
10112,-0.09239885348687879
10113,-0.039066385187885626
10114,-0.07209447927019996
10115,-0.09941359323470177
10116,-0.0955540403635993
10117,-0.048615625440005715
10118,-0.04409943290065772
10119,-0.04865538781425022
10120,-0.07035575806324136
10121,-0.08015875848350873
10122,-0.08097130685415448
10123,-0.08060573037886548
10124,-0.021259963918544157
10125,-0.060263304643741494
10126,-0.015513201168632553
10127,0.027393329217315025
10128,0.0051719687283310455
10129,0.01667143852949642
10130,0.009529825889654783
10131,-0.0042386297299834225
10132,0.012415871438113141
10133,-0.07835893129949727
10134,0.0673271837718572
10135,-0.031259293270154274
10136,-0.08340560144007343
10137,-0.10954313053040865
10138,-0.04111051499658536
10139,-0.06460445260656884
10140,-0.13819403961412458
10141,-0.11039204752822787
10142,-0.16766469557803515
10143,-0.04022876348165521
10144,-0.03830014911374412
10145,-0.043613714322238935
10146,-0.14303572468291575
10147,0.004823536140737833
10148,-0.047289044860019246
10149,-0.1622307774074877
10150,-0.043100542100981604
10151,-0.05089056339212393
10152,-0.07278904828319141
10153,-0.05089056339212393
10154,0.019366333640790684
10155,0.06806039435407331
10156,-0.14374354828838903
10157,-0.15858225626657582
10158,-0.14330422258739905
10159,-0.041740337227548475
10160,0.10129193129010285
10161,-0.0401388098667416
10162,-0.021971719563531025
10163,0.07009893142568066
10164,0.0035642758108309497
10165,-0.012794039692458256
10166,0.03160232408481304
10167,-0.17907219983695108
10168,-0.06342971357746767
10169,-0.04973996363408341
10170,-0.1277102751996459
10171,0.07015895674680274
10172,-0.07673056656160976
10173,-0.1801832273610299
10174,-0.1801832273610299
10175,-0.05800491492586549
10176,-0.05758089053329134
10177,-0.12950993311044012
10178,-0.05149529645033986
10179,-0.04975076073562795
10180,-0.05050790029763653
10181,0.021605001082500283
10182,-0.049186722441988205
10183,0.05422310531307667
10184,-0.14339861984230567
10185,-0.1440165006305471
10186,-0.0015526706795153718
10187,-0.12471952096401458
10188,-0.044917322429342835
10189,0.1138405185229823
10190,-0.15029105608482785
10191,-0.15029105608482785
10192,-0.042827963130441536
10193,-0.007025020338350051
10194,-0.14239854340179603
10195,-0.06429543089032111
10196,-0.014289293578935486
10197,-0.18818502814820892
10198,-0.15457249016186148
10199,-0.007861842944894008
10200,0.0230961077523468
10201,-0.08046491178523972
10202,0.025518734560411517
10203,-0.04763314630695459
10204,-0.05693359597444485
10205,-0.07111309168462242
10206,-0.17891399515084472
10207,-0.12433472135282009
10208,0.013759097558974986
10209,0.00045433410435512093
10210,-0.050018756493219386
10211,0.03523221874373948
10212,-0.1724224968739065
10213,0.03523221874373948
10214,-0.09033381659502153
10215,-0.1296709177865064
10216,-0.04960758083822416
10217,-0.08853465762673836
10218,-0.18850121887882837
10219,-0.09083027011930503
10220,-0.1269268530162939
10221,-0.17246732514217136
10222,-0.1586826702870152
10223,0.08542978165747474
10224,-0.022785897192137968
10225,-0.16247338783773113
10226,-0.13817793215786026
10227,-0.003317849117658774
10228,-0.16200536350548161
10229,0.06417350079116889
10230,0.023468141055091634
10231,-0.055648539782022485
10232,-0.09459020569254407
10233,-0.03227767424107514
10234,0.02985308832771476
10235,-0.16134725880742115
10236,-0.06114043452377506
10237,-0.0359101733166346
10238,-0.10135833579163711
10239,0.010683118231513774
10240,-0.10256881339782158
10241,0.09193093492929862
10242,-0.0778105182221609
10243,-0.1614649079751744
10244,-0.11584694529654392
10245,0.027989653613343424
10246,-0.11419790258993223
10247,-0.11228063659201662
10248,-0.10970074819712343
10249,-0.17628268743577663
10250,-0.16037715645489659
10251,-0.16037715645489659
10252,-0.14733726127493968
10253,-0.14363591700591183
10254,-0.026525192496252497
10255,-0.016763678810688118
10256,-0.15744316102486172
10257,-0.02192614585497205
10258,-0.11935288363045955
10259,0.09551940476152299
10260,-0.06791871165842796
10261,-0.04265647700625818
10262,-0.0451627253516221
10263,-0.11154445074556475
10264,-0.11609621413966435
10265,-0.09875691956096992
10266,-0.14096285828272775
10267,-0.081699172175649
10268,-0.14953127973657618
10269,-0.10504761518965813
10270,0.042161274112644476
10271,-0.08267667898840678
10272,-0.08853257360269984
10273,-0.1443830217456581
10274,-0.1429179816542926
10275,-0.015010585349040123
10276,0.05349039218751199
10277,-0.0962130971506992
10278,-0.08202990637495268
10279,-0.14042073283911893
10280,-0.034326513030544965
10281,0.05485382873358918
10282,-0.11920565689809508
10283,-0.07233593543115872
10284,0.0320598109752696
10285,-0.10559685726362332
10286,-0.10222399018692385
10287,-0.03446496198905986
10288,-0.10292261373585465
10289,-0.03237838220926437
10290,-0.06210131585095523
10291,-0.06111395761524504
10292,-0.0741632490399608
10293,-0.08634290612980623
10294,0.05025747207063368
10295,-0.08708813848247544
10296,-0.0776310460424019
10297,-0.05317316548291506
10298,-0.13222873781688443
10299,-0.13222873781688443
10300,-0.12978252944369997
10301,-0.04681679227538663
10302,-0.020167248270534007
10303,-0.16204877279811525
10304,-0.07420294039039771
10305,-0.06648258990250168
10306,-0.03502153932600804
10307,-0.03818895763023309
10308,0.07919006044386638
10309,0.03784809359832697
10310,-0.06380774211365885
10311,-0.10230306140519017
10312,-0.13340213379755814
10313,-0.08395685182229927
10314,-0.09910646893035722
10315,-0.09506656883203547
10316,-0.05646157038679641
10317,-0.04885641605715395
10318,-0.08083967780753412
10319,-0.08167221687822218
10320,-0.12739903457074683
10321,-0.08576132160108754
10322,-0.054925002782663906
10323,-0.08964651688473674
10324,-0.10873069464007788
10325,0.0488049437496183
10326,-0.09873551491682529
10327,-0.08350492699195507
10328,0.0390869340181969
10329,-0.17080239242429446
10330,-0.06478677369485533
10331,-0.1389827472222323
10332,-0.036589968100498825
10333,-0.08920407738130376
10334,-0.13138033901399357
10335,0.05818990300049426
10336,0.05435324137808433
10337,-0.06124054473733972
10338,-0.0870708221860133
10339,-0.09554905311742574
10340,-0.09757406412256754
10341,-0.09798782297161024
10342,-0.07689823282364282
10343,-0.09844625681436275
10344,-0.043158795935087826
10345,-0.017236180366570944
10346,-0.09031199634302642
10347,-0.10460122915545642
10348,-0.05383803876177257
10349,-0.10655444789193495
10350,-0.08826106743270437
10351,-0.09196986593977882
10352,0.02750297991836074
10353,-0.1123460659333191
10354,-0.09389491942037402
10355,-0.09389491942037402
10356,-0.028931720509053863
10357,0.014442012798030708
10358,-0.07763476208795886
10359,-0.07305904080277434
10360,-0.07541099072563724
10361,-0.11875733034421612
10362,0.07396421026335424
10363,0.02926773042573597
10364,-0.1010898150330695
10365,-0.09195909363754334
10366,-0.04822324025676651
10367,-0.03165224547077516
10368,-0.115155935848805
10369,-0.1111231018594192
10370,-0.03928335239452945
10371,-0.09569430553928163
10372,-0.043122989587665334
10373,-0.06207841728266063
10374,0.02681654491020719
10375,-0.11806810307229271
10376,-0.185247526720149
10377,-0.08713486008113451
10378,0.01606922492344239
10379,-0.030785313559364414
10380,-0.12353487802677435
10381,-0.07087244034752167
10382,-0.1266206095646765
10383,0.023974507264628506
10384,-0.05587847766142739
10385,0.02560250914448609
10386,-0.09708395745502472
10387,-0.09481667337870626
10388,-0.1304646964606269
10389,-0.06779986643243671
10390,-0.10002878391657684
10391,-0.08579137908241886
10392,-0.04779116054592937
10393,-0.05882024800124495
10394,-0.025778624982321238
10395,0.021840122820394645
10396,-0.011231095486453945
10397,-0.05213969810684932
10398,-0.11491608331498017
10399,-0.1172179556536384
10400,-0.05802072180694439
10401,-0.09500396708276124
10402,-0.09718029152057187
10403,0.041402794420380924
10404,-0.12422340708954034
10405,-0.12422340708954034
10406,-0.06700873398792905
10407,-0.18168570294825315
10408,-0.014897987234059554
10409,0.009971775253595924
10410,-0.06795299976592041
10411,-0.11701565552820936
10412,-0.0902099787938614
10413,0.07873326737740415
10414,0.018479255737395717
10415,-0.09262353373886109
10416,-0.09750643700245885
10417,-0.09594290802054493
10418,-0.014525001649022137
10419,-0.18028416547624992
10420,-0.09107766102742919
10421,-0.13610819353474532
10422,-0.09729167030208512
10423,-0.02068746343784233
10424,-0.1373897800197286
10425,0.015776036291722546
10426,-0.060904858452119806
10427,-0.05314705336017306
10428,-0.09873424518794208
10429,0.03713845441491173
10430,-0.1147104836022693
10431,-0.13002779376056423
10432,0.03328979953347511
10433,-0.18463875039071473
10434,-0.055146673604352735
10435,-0.14640897590833993
10436,-0.01554552443842857
10437,-0.02184565973314342
10438,-0.1267653937717954
10439,0.039702393272628554
10440,-0.09052481730056795
10441,0.06363628634636763
10442,-0.08107237461209237
10443,-0.049838611464787685
10444,-0.0980862059348023
10445,-0.05645393051766427
10446,-0.11438556067160405
10447,-0.12935393465101086
10448,-0.0961697825094036
10449,-0.07216390037640491
10450,-0.008933888909718822
10451,-0.08127291439724683
10452,-0.09040485477914927
10453,-0.14235128548885517
10454,-0.059870806616191215
10455,-0.08683646359399595
10456,-0.08919541854201833
10457,-0.08581627033502953
10458,0.031495141166270925
10459,-0.1464908767910966
10460,-0.1464908767910966
10461,-0.021832453544136137
10462,-0.08782875180018172
10463,0.024705799311301523
10464,-0.0803157467738533
10465,-0.06754178194542788
10466,-0.13932428449130474
10467,-0.13987132305028704
10468,-0.08236442419871828
10469,-0.06980524256853168
10470,-0.012003673743649322
10471,-0.06626355692228872
10472,-0.056960103086923584
10473,-0.04554890280831196
10474,-0.09390415619708135
10475,-0.14451443277228745
10476,-0.11568144951551351
10477,-0.08909258916965025
10478,-0.07241168143464928
10479,-0.013147389918031039
10480,-0.10952275211305856
10481,-0.11687227445374852
10482,-0.04884433254497196
10483,-0.14516798225326888
10484,-0.05999586526284561
10485,-0.09697517276162006
10486,0.033110808081133744
10487,-0.08754853282802741
10488,-0.07947443812314174
10489,-0.1352904618234368
10490,-0.16548924592566383
10491,0.009260567008629728
10492,-0.11853329029675669
10493,-0.09758055165168746
10494,-0.13973594870393036
10495,-0.06473438398210665
10496,-0.13819158352109007
10497,0.0040378000520879635
10498,-0.06686576580940504
10499,-0.04459141271243585
10500,-0.02391825953229304
10501,-0.0923760055386706
10502,-0.10668641898370677
10503,-0.09242116250791116
10504,-0.07937424177168842
10505,-0.08827840071150361
10506,-0.09563383383036264
10507,-0.0951089269983359
10508,-0.05044975249732476
10509,-0.09713516722336552
10510,-0.06366987655740655
10511,-0.08820378834739548
10512,-0.1229679893179137
10513,-0.08842215226922916
10514,-0.0025183666152314003
10515,-0.09271497804799493
10516,-0.1160030913431403
10517,-0.11266935103710628
10518,-0.0038227272092714215
10519,-0.11266935103710628
10520,-0.14016921834192173
10521,-0.10806957413499506
10522,0.012424511061427014
10523,-0.05216757293117396
10524,0.004527719874584909
10525,-0.12029972123323457
10526,-0.04387102963770557
10527,-0.09709262618212765
10528,-0.11564427171221825
10529,-0.12041761045561873
10530,-0.05824938238906215
10531,-0.05503272194630322
10532,-0.09159964957795684
10533,-0.1190825726615128
10534,0.008954786065464859
10535,-0.11511266488316761
10536,-0.07302267953005345
10537,-0.14717109036152282
10538,-0.15013196260638115
10539,-0.123935204466107
10540,-0.003868286476297757
10541,-0.12802968220001526
10542,-0.12802968220001526
10543,-0.1312182760216969
10544,-0.029163849292118536
10545,-0.12680890682813417
10546,-0.02813484655913314
10547,-0.16013024811637264
10548,-0.15846724369159082
10549,-0.07392143317722087
10550,-0.0632830604930875
10551,-0.061391170366638464
10552,-0.12887320251697296
10553,0.03416875743122394
10554,-0.14821822803223675
10555,-0.12543873451903184
10556,0.008141388629299034
10557,0.002009349890340481
10558,-0.14996924436782003
10559,-0.13188541629353798
10560,-0.126530008975414
10561,-0.034484357664253215
10562,-0.15354737164043133
10563,-0.021175677589370914
10564,-0.11318371886467153
10565,-0.07734665653282813
10566,-0.059828397450363585
10567,-0.04407688059979549
10568,-0.06404607783225577
10569,-0.11895557469265919
10570,-0.24313467311941264
10571,-0.14157785385353253
10572,-0.14590215734755865
10573,-0.030977180475950866
10574,-0.14728579009387724
10575,-0.06527790660886675
10576,-0.03624200910982065
10577,0.018726879604942192
10578,-0.07382055998498498
10579,-0.03138620921369635
10580,-0.10913168611879001
10581,-0.14509434940671037
10582,-0.06887522173729492
10583,-0.03193227629073071
10584,-0.10736535050648538
10585,-0.11379764732687737
10586,-0.08621928662359403
10587,-0.08661344171312474
10588,-0.2335920909546141
10589,-0.10652811934142617
10590,-0.15612843200298973
10591,-0.06492811603251569
10592,-0.06658903483860659
10593,-0.05304755935781679
10594,-0.1497072180701462
10595,0.03229216484162764
10596,-0.04323034767073958
10597,-0.15320763712406146
10598,-0.024135650796709616
10599,-0.0708565876704766
10600,-0.10438089863351048
10601,-0.060873926867261924
10602,-0.05157767759080291
10603,-0.05887017958576974
10604,-0.059956479611077515
10605,-0.0621017448939732
10606,-0.1506976267113516
10607,0.028624699960484588
10608,-0.05949853288365696
10609,-0.020862628592026002
10610,0.03764493017394631
10611,-0.05271805794071196
10612,-0.008318823282742464
10613,-0.007175482908301361
10614,0.0233423476653172
10615,-0.0415927101286396
10616,0.0038387736406598674
10617,0.009903446559607933
10618,0.016111062756598522
10619,0.0012666659732594586
10620,0.002811749759335112
10621,-0.0003758709979068695
10622,0.017837979312726036
10623,-0.04839682699674474
10624,-0.04221275040024668
10625,-0.042048865952701034
10626,-0.03714083212122903
10627,-0.04022472649378021
10628,-0.02182335983249555
10629,-0.052315907823298424
10630,-0.016948565954491294
10631,-0.025251790336295547
10632,-0.03808668956183286
10633,0.025766296377801482
10634,-0.008876691195197614
10635,-0.052376183867777634
10636,-0.08076941522438012
10637,0.0205594368290046
10638,-0.00017657892502038583
10639,0.0014086514470653046
10640,-0.03396475418821441
10641,-0.11795864083729049
10642,0.028102411157182348
10643,-0.0470714315410079
10644,-0.04574910248744108
10645,0.008201322432864028
10646,0.03497477430570819
10647,-0.034721979367999735
10648,-0.08155423766715068
10649,-0.07127662214503049
10650,-0.0023598751823346543
10651,-0.02773398049956317
10652,-0.10978757165389731
10653,-0.08623636877059292
10654,-0.08087010540123839
10655,0.005426826752115893
10656,-0.13690751572137735
10657,-0.03877952703030131
10658,0.042074353823958174
10659,-0.07572535829523959
10660,0.0017000867931817806
10661,-0.0779856223487525
10662,-0.03432874375639382
10663,-0.030818989737303928
10664,0.012321087662613056
10665,0.011400040621509538
10666,0.007440418841322546
10667,-0.03907902831863019
10668,-0.051431680927640444
10669,-0.088880784555095
10670,-0.03837790305724398
10671,-0.004703840440494102
10672,-0.09088326239342161
10673,-0.05105744478673287
10674,-0.08452151557298604
10675,-0.09049721946678861
10676,-0.09049721946678861
10677,-0.07723052972676993
10678,-0.04049238841948119
10679,-0.00619702639883158
10680,-0.11147690532333554
10681,-0.11415601881161452
10682,-0.023572781539274695
10683,-0.11660497992409337
10684,-0.010003600544939727
10685,-0.03843704752302851
10686,-0.15096405293201562
10687,-0.09753214674168735
10688,0.061533398515873125
10689,-0.012445211842083859
10690,-0.07306255251956592
10691,-0.09733383933469923
10692,0.06298187209339348
10693,-0.01801262000404734
10694,-0.07212738640534136
10695,-0.04206165332878786
10696,-0.05368711365737986
10697,0.05641555162143399
10698,-0.02514662904203024
10699,-0.10319099412120096
10700,-0.10440334395905528
10701,-0.025688060418399404
10702,-0.009209760813311782
10703,-0.07294720336271691
10704,-0.05676594998006321
10705,-0.009607337076933726
10706,-0.05586079529287017
10707,-0.11453367802689174
10708,-0.06510555847584992
10709,-0.10684504956946396
10710,-0.021589275027109358
10711,-0.12685994884452043
10712,-0.11780167075576982
10713,0.004465804366327394
10714,0.06252891977657686
10715,-0.053632957121778846
10716,-0.030851741537525037
10717,-0.010719771667609611
10718,-0.0830401813068217
10719,-0.08038441132223437
10720,-0.004538256901741346
10721,-0.03472744327103288
10722,-0.04028620771567088
10723,-0.010751940400751028
10724,-0.009136461967855329
10725,-0.05576102320566337
10726,0.05667911685994993
10727,-0.02337752330385948
10728,-0.12299085272526149
10729,-0.07129700668369551
10730,-0.025962182747000764
10731,-0.0834060010326028
10732,-0.12456857900501825
10733,-0.10297404874669862
10734,-0.10297404874669862
10735,-0.005472577430895205
10736,-0.010062154098093029
10737,-0.04390366445758214
10738,-0.10447792184801263
10739,-0.12963836631348
10740,0.039476864792364716
10741,-0.025370531576789347
10742,-0.067178765004772
10743,-0.04168272956001048
10744,-0.07470904299525968
10745,-0.02907023465928246
10746,-0.011027866462799196
10747,-0.07962429850141368
10748,-0.04012712875232106
10749,-0.03262990376835402
10750,0.0062963409275426764
10751,-0.012448934083074814
10752,-0.12416352067054011
10753,-0.07257120921183662
10754,-0.07678233017311854
10755,-0.12648564466110693
10756,-0.09900542053049122
10757,-0.05393165774203306
10758,-0.12539132178972448
10759,0.03597099691366368
10760,-0.021273459165963123
10761,-0.05414504476841499
10762,-0.07005586589402646
10763,-0.12495670010586125
10764,-0.041431994995082336
10765,-0.08515129878102631
10766,-0.013119015168958957
10767,-0.025453269306512774
10768,-0.06104103979607094
10769,-0.0031202406796067964
10770,-0.02802897684229186
10771,-0.07852039757183309
10772,-0.024798446868349793
10773,-0.11380839724062114
10774,-0.06549508936377806
10775,-0.11898644269535776
10776,-0.11664977006843796
10777,-0.0729389180255466
10778,-0.11664977006843796
10779,-0.12978910071914587
10780,-0.02851077287009489
10781,-0.07898219328890552
10782,0.005493746008956752
10783,-0.03292239960080444
10784,-0.03870764942203918
10785,-0.051076856590394196
10786,-0.0874827988494868
10787,0.036758101361588275
10788,-0.04300198980776232
10789,-0.09334176266940623
10790,-0.08140394380918797
10791,-0.00721858940763595
10792,0.015485413231616984
10793,-0.034586271867824
10794,-0.05182526516254547
10795,-0.07177982945309583
10796,-0.09425433863151594
10797,-0.02016706132434721
10798,-0.03590008737736375
10799,-0.07478109048248661
10800,-0.03822372895099493
10801,-0.01699308016819442
10802,-0.04112347043752002
10803,-0.10023580440518891
10804,0.004133013664884566
10805,-0.11743477127143742
10806,-0.04549016466324438
10807,-0.04206470566434773
10808,-0.07160854705270442
10809,-0.13733680087076236
10810,-0.11934844869752437
10811,-0.04959335484116021
10812,-0.04451122657194431
10813,0.05083970068414419
10814,-0.07212031818762457
10815,-0.09677279808023095
10816,-0.08502574342404212
10817,0.05430897277667858
10818,-0.10308852116518025
10819,-0.0062596487283576524
10820,-0.05224378447526796
10821,-0.03873603674404766
10822,-0.07218115021794123
10823,-0.04686997915416095
10824,-0.04686997915416095
10825,-0.08598119317953445
10826,-0.027701686426271743
10827,-0.0679400143692227
10828,-0.02209925871346668
10829,-0.05315934403017545
10830,-0.09564055332018846
10831,-0.06686720847071183
10832,-0.0910523315566735
10833,-0.04262505328522635
10834,-0.041987384456480766
10835,-0.06618171090410685
10836,-0.14438133446868665
10837,-0.08642009872227092
10838,-0.08512151710072398
10839,-0.08512151710072398
10840,-0.04905816433092674
10841,-0.05167320018445421
10842,0.0606227011547961
10843,-0.0578551319967241
10844,-0.017476928596213814
10845,-0.0893669470370036
10846,-0.03543043642194615
10847,-0.04629816022365499
10848,-0.049606709727976636
10849,-0.042206593657601876
10850,-0.0405952388974655
10851,-0.04376525647119469
10852,0.006805418055287907
10853,-0.0023560500332512214
10854,-0.05434086839381988
10855,-0.07560029155464389
10856,-0.1101558273679546
10857,-0.111009539297656
10858,-0.03225326577984099
10859,-0.022718150283017734
10860,-0.05880529245292197
10861,-0.11924738286337737
10862,0.05860499866510067
10863,-0.055311576510656
10864,-0.14687406816391113
10865,-0.002955845049719643
10866,-0.05120330594288317
10867,-0.12211291149424962
10868,-0.003940797078001018
10869,-0.11625240631721682
10870,-0.2055711874008045
10871,-0.10213558676454107
10872,-0.008918884986720308
10873,-0.020049304466930307
10874,-0.09048187430132033
10875,-0.06098551242211565
10876,-0.039808255697230205
10877,0.05255731005142969
10878,-0.017167566712768565
10879,0.000323048739935583
10880,-0.03970062689332409
10881,-0.034430506541546294
10882,0.019644216510589438
10883,0.05232736982890171
10884,-0.07975628535035746
10885,-0.05442042477306257
10886,-0.017124091163675057
10887,-0.050602520183036105
10888,-0.08768813732382333
10889,-0.15221855238291043
10890,-0.03793098883596453
10891,-0.04602667584632329
10892,-0.04094030683139592
10893,-0.07949421848090533
10894,-0.07704420275667428
10895,-0.07704420275667428
10896,-0.11622399965346591
10897,0.08185460592393498
10898,-0.04661801642763029
10899,-0.06888184198919695
10900,-0.04853498975969579
10901,0.05303626430007333
10902,-0.03952797764161766
10903,-0.06017676323317688
10904,0.015785756683266955
10905,0.0036371507728792172
10906,-0.03596447618225929
10907,-0.04037700557580443
10908,0.00032314032719083635
10909,-0.12159767115289573
10910,-0.06508944732468566
10911,0.04209785955042423
10912,-0.03725481607766239
10913,-0.030803867200231944
10914,-0.06621991281477635
10915,-0.041913359162364536
10916,0.04110096098495545
10917,-0.010177235532001888
10918,-0.01683313030639412
10919,-0.0050330489499078946
10920,-0.15391976774992436
10921,-0.011870081030948809
10922,-0.14043934148177947
10923,0.03842885910096547
10924,-0.006781731461672071
10925,-0.05352508521260158
10926,-0.005730475037700501
10927,-0.06970077652759898
10928,-0.08306474740470658
10929,-0.0265333188278061
10930,0.04240427919839632
10931,-0.011941061899785834
10932,-0.04859877813842681
10933,0.010372785749296206
10934,-0.046351775708477115
10935,-0.04951699469612239
10936,-0.09447751010611
10937,-0.05926193633412315
10938,0.03991979716401774
10939,-0.05287359954361394
10940,-0.006697955723756256
10941,-0.06473089650523262
10942,-0.02777210529494223
10943,-0.03561459285866957
10944,-0.02607104335208805
10945,-0.16146267613504067
10946,-0.025058855745630312
10947,-0.004116962388262755
10948,-0.004116962388262755
10949,0.053311861768678935
10950,-0.019030912828420465
10951,-0.06227124059056648
10952,-0.03775865455776952
10953,0.010495646492928137
10954,-0.028240608539105136
10955,-0.17563982438811454
10956,-0.044302368951571636
10957,-0.04074476694582409
10958,0.011792612937648023
10959,-0.06795241083874812
10960,-0.03984253528579977
10961,-0.0345299742507921
10962,0.007157656724874701
10963,0.004094788790127225
10964,0.006175016471406152
10965,0.016583021844974653
10966,-0.06651278838950792
10967,-0.07682903039698277
10968,0.002761687032381085
10969,0.0290596729321984
10970,-0.1687411954045073
10971,-0.0650007083747385
10972,-0.02222821909896557
10973,0.02577986606462835
10974,0.03448544083324585
10975,-0.022304893799101177
10976,0.0024463062049256915
10977,-0.0080439660266125
10978,0.00818212525754769
10979,0.033978687601759816
10980,0.054091630189230286
10981,0.022140871823598567
10982,-0.050579698312239865
10983,-0.06984186659928988
10984,0.033862392956446066
10985,-0.07685281026603895
10986,-0.06541606705298314
10987,-0.033025776178445605
10988,0.015832523961575064
10989,-0.0416350481954885
10990,-0.1282904693719946
10991,-0.0007510305344165824
10992,-0.10177337486488972
10993,-0.0017406033567148222
10994,-0.058252312519097744
10995,-0.06226075748902766
10996,0.042528371036374954
10997,0.03623109269765826
10998,0.03623109269765826
10999,-0.08588893481415816
11000,-0.122247791364622
11001,-0.06631727167251524
11002,-0.16900056561889965
11003,0.03200236994339913
11004,0.05902333973948088
11005,-0.0645830369626208
11006,-0.06888247753965017
11007,-0.021594651203516307
11008,-0.2129971725601245
11009,-0.0021893442074610464
11010,-0.048968843682610425
11011,-0.08516739048808027
11012,-0.059119289545075566
11013,-0.08852799266745136
11014,-0.07504139664194673
11015,0.007724761598158227
11016,-0.007037898812679649
11017,-0.08899360490539561
11018,-0.010383470042198747
11019,-0.08634435947218673
11020,-0.16774781977130682
11021,-0.010514889989290347
11022,-0.08765641762844305
11023,0.056257056023175274
11024,-0.016846604335364175
11025,-0.028648267161763084
11026,0.07553035506152096
11027,-0.011582885328751655
11028,-0.030841526955882985
11029,-0.04831386665158299
11030,-0.046279094840437046
11031,-0.07814803412978907
11032,-0.04735528141071604
11033,-0.09711966783847673
11034,-0.05780909310264474
11035,-0.0024142413397666308
11036,-0.10094212891726194
11037,-0.22616628149423815
11038,-0.002654894210529779
11039,-0.11445833121858286
11040,-0.003646350763548662
11041,-0.17918220563741638
11042,-0.0023729044238077705
11043,0.08158523854110643
11044,-0.018106130515798447
11045,-0.01656606164836719
11046,-0.06552780070223994
11047,-0.09225816359422447
11048,-0.2348561506039152
11049,-0.18237307836013736
11050,-0.05275241893375347
11051,-0.09464748925329382
11052,-0.2285764341150149
11053,-0.0037865232914038177
11054,-0.00313122767150937
11055,-0.09566990547270804
11056,0.10515849409419296
11057,-0.07678884342576375
11058,-0.05259426442620211
11059,-0.1082885340914793
11060,0.010966057567696289
11061,-0.11020889447065675
11062,0.028045410217325362
11063,0.02090179443450798
11064,0.007694039697049522
11065,-0.04200622701111178
11066,-0.08573824514037888
11067,-0.11912780792836568
11068,-0.11795300940401138
11069,-0.01832360877031148
11070,0.022776797461129962
11071,0.0030118106907835477
11072,-0.015529022206963939
11073,-0.09371121751180245
11074,-0.16584301800522674
11075,0.011306133796337868
11076,0.09674126688728303
11077,-0.02041509162686306
11078,0.02392548526280669
11079,0.033254276403788585
11080,-0.12349054535004193
11081,-0.12923620357211252
11082,-0.14680416164155122
11083,-0.07282333443799861
11084,-0.10782984227260076
11085,-0.2175813936078463
11086,-0.0368563614921421
11087,-0.10358309761161132
11088,-0.0007069212866465437
11089,0.021666806104184182
11090,0.104055132538123
11091,-0.12470246202485437
11092,-0.1610073467492844
11093,0.02710244395489905
11094,-0.12341414752584208
11095,0.1146723926401613
11096,-0.09731673093936526
11097,-0.2292813919575412
11098,-0.10141702916018493
11099,0.00789363489643561
11100,-0.09857838255838691
11101,0.04596469186418414
11102,0.10459024941858015
11103,-0.004519045396155605
11104,-0.07955047909741111
11105,-0.0950278459084367
11106,-0.042159042403202326
11107,-0.10089994344671041
11108,-0.015502616703192975
11109,-0.1117704627531404
11110,-0.08296209449355033
11111,-0.08573933662182588
11112,-0.03623233706975503
11113,-0.0432975185443948
11114,0.009725084399315683
11115,-0.09061319931272122
11116,-0.02189217487110323
11117,-0.05097171170873804
11118,0.0014245238876817654
11119,0.024504532556090437
11120,-0.009090916320995046
11121,-0.049423020730083214
11122,0.022154785144943644
11123,0.018716730054824368
11124,-0.06468122292432284
11125,0.00200401101122669
11126,-0.06371479294874338
11127,0.002673800161370465
11128,-0.06345176621103969
11129,-0.08541700393187364
11130,0.03232316813603631
11131,-0.04894575334521748
11132,0.004896257417522093
11133,-0.060324007125230006
11134,-0.04483089764840381
11135,-0.08042849879777289
11136,-0.09297546857064107
11137,-0.07943648969266749
11138,-0.04018697250256862
11139,-0.06617277003837949
11140,-0.1135928809537459
11141,-0.10721638159151274
11142,0.00041668115168399264
11143,-0.07560670153345693
11144,0.021699839112563988
11145,-0.10250255456747424
11146,-0.06152340187257068
11147,-0.009736616601892206
11148,0.007982627954579602
11149,-0.018502469199577556
11150,-0.05543045310514965
11151,-0.039092125401818695
11152,-0.042205875709924866
11153,-0.06681822689648217
11154,0.0793934851017961
11155,-0.04711785465399654
11156,0.0793934851017961
11157,0.0045004759526991326
11158,-0.05589775830735699
11159,-0.0167658382676584
11160,0.013314615981589615
11161,-0.07410808392055726
11162,-0.023698543902981543
11163,-0.14010917744108387
11164,-0.06969185922735126
11165,0.023229325360273896
11166,-0.0476298701175436
11167,-0.07870534270989381
11168,-0.012982820492799385
11169,0.03456739004743561
11170,-0.04088441520746404
11171,-0.06423536138291609
11172,-0.06435329600830512
11173,0.05837658361852041
11174,-0.041868397430501844
11175,-0.0608639790058403
11176,-0.10008325660262767
11177,-0.011368741039353009
11178,-0.13282513517340808
11179,-0.082557059691138
11180,-0.14920694938615614
11181,0.023276671595305717
11182,-0.05098193151757889
11183,-0.08195702847680855
11184,-0.037016363775594474
11185,-0.05179223345384928
11186,0.05487199129466926
11187,0.05487199129466926
11188,-0.006153201816100853
11189,0.05119993385276959
11190,-0.06946877342642435
11191,0.0029827018764753627
11192,0.05662575942091984
11193,-0.029388551321151368
11194,-0.03280205801316713
11195,-0.029156152246966324
11196,-0.08232535431558793
11197,0.05275730016541502
11198,-0.0480124725148686
11199,-0.05322869603059612
11200,0.007307930408324776
11201,-0.0010570904529076121
11202,0.04640465405347598
11203,0.04640465405347598
11204,-0.060431920690344976
11205,-0.016398028126695965
11206,-0.047693415513289074
11207,0.042363968083795896
11208,0.05914579484883232
11209,0.01549223811918502
11210,-0.01798638529441285
11211,0.0013634590569056744
11212,-0.030321981606255766
11213,-0.012802903618156551
11214,0.032415020831890205
11215,-0.008071159572101649
11216,0.011679489997948355
11217,0.02717214278954821
11218,-0.029117648820978243
11219,0.03303869781823822
11220,-0.019204959425396826
11221,0.030644192621286672
11222,-0.10212057330891255
11223,-0.10212057330891255
11224,-0.07484193911486654
11225,-0.07912217198937606
11226,-0.102149680197982
11227,-0.01635770379348173
11228,-0.1316028066323241
11229,-0.10621819318241886
11230,-0.010137760838228253
11231,-0.15707265573159737
11232,0.03595946072428566
11233,0.008555674678595615
11234,-0.09711774734861921
11235,0.018866300974724193
11236,-0.044694039515183255
11237,0.0054897187207876355
11238,-0.1092303756645624
11239,0.028102172159892948
11240,-0.015575106734677999
11241,-0.0736734271158916
11242,-0.04845408312058514
11243,-0.05138312249548472
11244,0.024357190745113493
11245,0.024357190745113493
11246,-0.024547298041804118
11247,-0.030349793846859617
11248,-0.03122815356799904
11249,-0.03380773598520979
11250,-0.11668910637183956
11251,-0.045104969006097305
11252,-0.03723419931174122
11253,-0.11627152962569982
11254,-0.12915062073818653
11255,0.028954358393970456
11256,-0.05208399527820175
11257,-0.16402134699005796
11258,-0.03259653442448389
11259,-0.013234877268985378
11260,0.04516700977154418
11261,-0.011124829151133175
11262,-0.034047126717666666
11263,-0.0407272883878332
11264,0.02569966667569644
11265,-0.041451369335820144
11266,-0.041807090498443576
11267,-0.0070092226640858825
11268,-0.1182626574678485
11269,0.028672150894479248
11270,-0.005436150511824173
11271,0.03696517380901911
11272,-0.005550318235256859
11273,-0.005550318235256859
11274,-0.045135595199187736
11275,-0.10243218719809441
11276,-0.09790322649375692
11277,0.11097053804044679
11278,-0.006192570027312992
11279,0.04166357181136456
11280,0.03642170003820282
11281,-0.12407641838352057
11282,-0.04408187037187694
11283,-0.008735652538555032
11284,-0.07907727894699627
11285,0.04189886229822492
11286,-0.021018587432149672
11287,0.029555881646000558
11288,0.048430474510941034
11289,-0.09539579702937136
11290,0.040737411346078244
11291,-0.05744896400178316
11292,-0.003596908626994876
11293,0.05098625775037457
11294,-0.12891822569748612
11295,0.049285455982662964
11296,-0.10369333478549608
11297,-0.10369333478549608
11298,-0.0062395543054503426
11299,-0.11198950597402395
11300,-0.03881573005983575
11301,-0.1096276248080068
11302,0.11287624246039224
11303,0.03764615564671769
11304,0.027150050409467587
11305,0.024520362172119847
11306,-0.027573970398453024
11307,-0.1339151647654295
11308,-0.13047622132702555
11309,-0.06515557645376296
11310,-0.0021691379695108815
11311,-0.04241639261340936
11312,-0.035630090005554824
11313,0.0037609394321897922
11314,-0.17545948537756242
11315,0.0006788525658737084
11316,-0.022992119536035263
11317,-0.007342493708547198
11318,-0.007342493708547198
11319,0.003994319425150357
11320,-0.05955761379940091
11321,-0.07460348030348965
11322,-0.011021228748040925
11323,-0.013884818635140279
11324,0.05467347557798535
11325,0.03674155600411955
11326,-0.1715581732501402
11327,-0.01890397074577041
11328,-0.11623008692202494
11329,-0.06355654196335568
11330,-0.04057521790201659
11331,0.012988682331533441
11332,0.008218181488735102
11333,-0.02171138687240025
11334,-0.12152732639379277
11335,-0.06160678897344954
11336,-0.12642917907139942
11337,-0.07230471718558226
11338,-0.062153933159505174
11339,-0.18764730375478483
11340,-0.12296829583267449
11341,-0.12296829583267449
11342,-0.0309042698283468
11343,-0.05922367870677099
11344,-0.05984203917541849
11345,-0.12620613401339156
11346,-0.0329814351203255
11347,-0.041760934500750635
11348,-0.035913944495550854
11349,-0.18403442827673644
11350,0.03565894239935359
11351,0.030837687638073236
11352,0.026543368610094598
11353,-0.1697429840409743
11354,-0.039764133826878406
11355,-0.18880571979071759
11356,-0.042138777421761205
11357,-0.09017366233559317
11358,-0.1219644359283467
11359,-0.051101526454372756
11360,-0.051282073413778745
11361,-0.20573662007507526
11362,-0.05628952408086901
11363,-0.05628952408086901
11364,-0.003743468789576823
11365,0.02739881627939329
11366,-0.0718741159259896
11367,-0.11806847624906605
11368,-0.06582506432488398
11369,0.07153299490211926
11370,-0.04542681196465246
11371,0.04293602514124693
11372,-0.05914621360905108
11373,0.024851544574206352
11374,-0.0981881640284062
11375,-0.07432473077286085
11376,-0.035139859801751834
11377,-0.035982377750847394
11378,-0.08887829156201088
11379,-0.11313383448310063
11380,-0.03180136967301013
11381,-0.05888147760205487
11382,-0.08536327361373768
11383,-0.06134626410520606
11384,-0.2226994915544026
11385,-0.1036868028049854
11386,-0.054021762151123295
11387,-0.10508153492613824
11388,-0.054021762151123295
11389,-0.10508153492613824
11390,-0.06475465633848602
11391,-0.039531666438783995
11392,-0.158085814374195
11393,-0.10486278159601752
11394,0.03475941330160622
11395,0.03519719781119943
11396,-0.06701670399655972
11397,-0.1003983747049784
11398,-0.19406730915451037
11399,-0.03379594708974356
11400,-0.019563093593000905
11401,-0.0534494439516534
11402,-0.11892422172372298
11403,-0.14447729117317357
11404,-0.13891624055931007
11405,-0.02457276102913918
11406,-0.05944657091324441
11407,-0.0736201491875233
11408,-0.11395451882397843
11409,-0.2460965284141947
11410,-0.008110735180924937
11411,-0.05662222433711906
11412,-0.13321829036865723
11413,-0.06805533809319327
11414,-0.1134886065137576
11415,-0.11240549953767814
11416,-0.13301894954088672
11417,-0.07135373318283006
11418,-0.1985403878912283
11419,0.0385517573796969
11420,-0.050600346567866245
11421,-0.006122765777771733
11422,-0.09393177419751042
11423,-0.10630284111157697
11424,-0.09473352962425245
11425,-0.13779162004397813
11426,-0.030117432957696574
11427,-0.061409075150330956
11428,-0.1123691759541638
11429,-0.11781432407701771
11430,-0.045974646988965515
11431,-0.12737995416497963
11432,-0.11664235914889547
11433,-0.2548435722240929
11434,-0.05450585529454707
11435,-0.0395042122578336
11436,-0.03669867921852089
11437,-0.08224380498849851
11438,-0.08980475607213761
11439,-0.1873469762646135
11440,0.029182881042375517
11441,0.07210059071310781
11442,-0.11285785186848739
11443,-0.1114322358407387
11444,-0.037728642302872
11445,-0.042307402871439845
11446,-0.08795867705427937
11447,-0.047341847035316194
11448,-0.10694171333419239
11449,-0.043770931043440944
11450,0.017277908010012003
11451,-0.26152833396483727
11452,-0.053994777839111906
11453,-0.0953441991493283
11454,-0.10991874478373337
11455,-0.11823733989511091
11456,-0.054853681863229475
11457,-0.09681448054735635
11458,0.08139788957221704
11459,-0.0862556143703265
11460,-0.09398489706787312
11461,-0.12329793419407784
11462,-0.067583881469451
11463,-0.08084540743033239
11464,-0.1712607334964521
11465,-0.10487833944458273
11466,-0.05287233611071553
11467,-0.08393779443072907
11468,-0.25938895034969356
11469,-0.0783195593514071
11470,-0.01601859374960938
11471,-0.04310108789121796
11472,-0.05427392906075215
11473,-0.040675476789706656
11474,-0.07642245703041416
11475,0.08184571309765659
11476,-0.04195940284057737
11477,-0.06118301148335016
11478,-0.029157689168248395
11479,-0.06901705948483076
11480,-0.08557649575344077
11481,-0.0910239560398271
11482,-0.05157686794347409
11483,-0.08690213441502605
11484,-0.2584084069200565
11485,-0.05392772118369822
11486,-0.09185214091027075
11487,-0.05632081451105704
11488,-0.07508011401578595
11489,-0.08769004343957337
11490,-0.02239775370748656
11491,0.08022775671491636
11492,-0.050203517600517285
11493,-0.04483527184045122
11494,-0.09561603628360726
11495,-0.020811379327041742
11496,0.08611093062426867
11497,-0.07899878331465905
11498,-0.04134907136173573
11499,-0.0946764718923176
11500,-0.05731958766810621
11501,-0.2586092338829897
11502,-0.03447794999856931
11503,-0.08691863118969953
11504,-0.06986068404839423
11505,0.04664553503958069
11506,-0.03185707203139954
11507,-0.03864562376381943
11508,-0.08570639119819208
11509,-0.05093467858508677
11510,-0.06384356292813953
11511,-0.004497277361305831
11512,-0.05434917558049574
11513,-0.07374199655342975
11514,-0.044767462298935315
11515,-0.2410017132495473
11516,-0.026622857420013434
11517,-0.06876751611524652
11518,-0.05873805862875063
11519,-0.15181393560173992
11520,-0.06796628821714633
11521,-0.012081888830440072
11522,-0.013843671377347612
11523,0.05787214082699337
11524,-0.02549761164633343
11525,-0.09881862190353294
11526,-0.00232286606212265
11527,-0.15171471647503929
11528,-0.04088121152719264
11529,-0.07997977862153396
11530,-0.02092354294278872
11531,-0.06746507742635137
11532,-0.0856996225204052
11533,-0.010755173044315556
11534,-0.057695366444690165
11535,0.009354147628959879
11536,-0.042763303999081834
11537,-0.05296030324948157
11538,-0.06197699714585495
11539,-0.019949545385515643
11540,-0.09983102643006564
11541,-0.10609654230807018
11542,0.03000268930951301
11543,-0.028422740051809003
11544,-0.11205230598409098
11545,-0.06587986419137648
11546,-0.09694103052639562
11547,0.043855272054262685
11548,-0.025768253095092005
11549,-0.005494523699880621
11550,-0.09976910301645898
11551,-0.11531682869578427
11552,-0.08850495373959649
11553,-0.06303615302418795
11554,-0.06847627672077587
11555,-0.07260081726030167
11556,0.046336866612382344
11557,-0.10590166766889908
11558,-0.12095832243278316
11559,-0.09811553475505032
11560,0.04896182191473162
11561,-0.11192015376995984
11562,-0.07401114935078891
11563,-0.010181006492131318
11564,0.021689144784566478
11565,-0.10897456161973675
11566,-0.11857151700284319
11567,-0.07763023104880044
11568,-0.020181078520801317
11569,-0.027760078752264276
11570,-0.09021765259650875
11571,-0.11823334767639218
11572,0.015782505260646743
11573,-0.08417359588703145
11574,-0.012253198027162768
11575,-0.10612760594880469
11576,-0.10174962721191019
11577,-0.13751067687346832
11578,-0.09219451084937821
11579,-0.04227126751757453
11580,0.005430553622612736
11581,-0.10593000925834488
11582,-0.1377687552820136
11583,-0.0023416192346509867
11584,-0.08333100715402551
11585,-0.006229283630532369
11586,-0.006229283630532369
11587,0.06867600202904145
11588,-0.10959989978839951
11589,-0.052349624966580015
11590,-0.20041240193344456
11591,-0.010650413801632284
11592,-0.00339032229422194
11593,-0.03613172146680515
11594,0.02833135255090007
11595,-0.1517151988862108
11596,-0.12922221250100813
11597,-0.11912605268518082
11598,-0.045182036474168394
11599,-0.09168760371050409
11600,-0.09274138158240394
11601,0.0262303554197431
11602,-0.07677495730111916
11603,-0.022407574653430115
11604,-0.14595062094533093
11605,0.01667053260146602
11606,-0.07892021113974657
11607,-0.03950457601405405
11608,-0.016878304337962953
11609,-0.07928426453838446
11610,-0.11408385265349552
11611,-0.08109765178941197
11612,0.06365067956882313
11613,-0.003669472156444613
11614,-0.057608135925306274
11615,-0.14700737242467024
11616,-0.14964843217548435
11617,-0.07642351369910097
11618,0.017132928754389543
11619,0.017132928754389543
11620,0.05593460135432007
11621,-0.0509199166438722
11622,-0.08206333724931972
11623,-0.14132547616843896
11624,-0.014013315690715185
11625,-0.06883730720548287
11626,-0.06849427466187331
11627,0.0021500407945776756
11628,-0.051055939108353376
11629,0.01757808415534612
11630,-0.02610161929422493
11631,-0.08776070339216198
11632,-0.13737252203358713
11633,0.019399186231823344
11634,0.019399186231823344
11635,0.04771720778349669
11636,-0.08690753786981947
11637,-0.026823766730250248
11638,0.010329604013684148
11639,-0.16345550321860064
11640,-0.1588369766224473
11641,-0.14899530006160933
11642,-0.15668350425376376
11643,-0.035723338504001334
11644,-0.06636883262395563
11645,-0.016538998037002567
11646,-0.09680334633305875
11647,-0.06921427880045386
11648,-0.0878132999619106
11649,-0.0878132999619106
11650,0.04000942942861391
11651,-0.07418066490025588
11652,0.04782279709571061
11653,-0.10347466110357066
11654,-0.04852883021551692
11655,-0.028470206689981372
11656,-0.1605621358499735
11657,0.018560453575406918
11658,-0.044712692904520394
11659,-0.01844350405837664
11660,-0.17149017532167843
11661,-0.06738119192805664
11662,-0.06665893344075441
11663,-0.0015746446672240224
11664,-0.06507672499608029
11665,-0.07796951776358617
11666,-0.011383482778961129
11667,-0.17901924027846386
11668,-0.05000373816533431
11669,-0.04809935160868433
11670,-0.1280262254277313
11671,-0.08886645658707441
11672,-0.08857741617998002
11673,-0.04834709554230151
11674,-0.08804871484103681
11675,-0.10062814234559263
11676,-0.05258919754223983
11677,-0.05506710395119878
11678,0.0503983815337363
11679,-0.009741612888304375
11680,-0.03689170566434603
11681,-0.14652356541791073
11682,-0.021365595882403825
11683,-0.03212025077459791
11684,-0.05222748094305556
11685,-0.13118059797914994
11686,-0.1642415409665471
11687,-0.06480479385085533
11688,0.012108065954484513
11689,0.03459103002334931
11690,-0.12961876085190036
11691,-0.02927692729040404
11692,-0.13759417151545328
11693,-0.019818811640452114
11694,-0.0030925921701959003
11695,-0.03608316327953027
11696,-0.09850884086929111
11697,-0.09850884086929111
11698,-0.04892574682081242
11699,-0.045791786707326775
11700,-0.019422677585787262
11701,-0.038475814414050735
11702,-0.19424599990677247
11703,-0.02581702121969852
11704,0.020509310888118113
11705,-0.02451492055672069
11706,-0.058670057052746055
11707,-0.12846721508246753
11708,-0.055199421414442965
11709,-0.2003012662269697
11710,0.0036740048500561308
11711,-0.06304625102153581
11712,-0.01568593261220635
11713,-0.06137897708839166
11714,-0.003116618590980831
11715,-0.020784001093012375
11716,-0.028518898730274047
11717,-0.028518898730274047
11718,-0.058219486246131026
11719,-0.0551238009134751
11720,-0.04412607955603488
11721,-0.03740733557790643
11722,-0.11120922567570692
11723,-0.17848294824849814
11724,-0.10752469372208937
11725,-0.11670935088052727
11726,0.006956168611647263
11727,-0.009310679475800733
11728,-0.11529864196225388
11729,-0.048735345234252915
11730,-0.14704124636093874
11731,-0.1515065519533945
11732,-0.0023268104496332424
11733,-0.10933720585095137
11734,-0.10897587554113637
11735,-0.027819551735397987
11736,-0.11527710444128393
11737,-0.09781988192356814
11738,-0.09279355671114499
11739,-0.028354196782898886
11740,-0.0497205508388914
11741,-0.033315559188204336
11742,-0.15103802721223417
11743,-0.06971093586189181
11744,-0.06971093586189181
11745,-0.07234246431560229
11746,-0.07234246431560229
11747,0.01646191329243533
11748,-0.03450694642067087
11749,-0.08479245972146215
11750,-0.09111792231835
11751,-0.034861784079974874
11752,-0.03839411970322436
11753,-0.06284050805647806
11754,-0.14368113265229734
11755,-0.039167282618290104
11756,-0.14053380660639772
11757,-0.0033034917543079624
11758,-0.04032867428366672
11759,-0.10105427659712758
11760,-0.11368511868247318
11761,-0.10227075495448582
11762,-0.1409765239741844
11763,-0.048511301299328534
11764,-0.08972108248211684
11765,-0.08972108248211684
11766,0.020443645801771364
11767,-0.1235580617238687
11768,-0.09618707677523898
11769,0.0478174720464722
11770,-0.09717253423788384
11771,0.010194060152522236
11772,-0.013279582728938857
11773,-0.08542249976500209
11774,-0.03923003043560861
11775,-0.1470755873849983
11776,-0.08175921971618763
11777,-0.09740028958053822
11778,0.0007482042158033942
11779,-0.10641698403416992
11780,0.004675168659432976
11781,-0.09021675328475252
11782,-0.10021149503986392
11783,-0.10021149503986392
11784,-0.08100504601224658
11785,-0.09446502071837429
11786,-0.03344106898097856
11787,-0.07021671520752412
11788,-0.07021671520752412
11789,0.020742212852073665
11790,0.011460596110098992
11791,-0.09073657561409589
11792,-0.07254651931033093
11793,-0.030456157595500816
11794,-0.06607199819204332
11795,0.02281348560136764
11796,0.025035535761751056
11797,-0.0340510577751175
11798,-0.09117172853520455
11799,-0.10683374504363599
11800,-0.08923463142705071
11801,-0.048783046881361904
11802,-0.0606080924571159
11803,-0.0741562931922624
11804,-0.016927904961629214
11805,-0.07597763183000995
11806,-0.013529169766369312
11807,-0.1166084806256839
11808,-0.07203127198561371
11809,0.03253906970207799
11810,-0.023548930620215826
11811,-0.04965730588273479
11812,-0.08572508598780731
11813,-0.06625884185726805
11814,-0.0789394849709797
11815,-0.03479625927257633
11816,-0.0685745496752293
11817,0.01324265414377591
11818,-0.0963715435343083
11819,-0.054554589991754145
11820,-0.05624461332048523
11821,-0.14050353851997127
11822,-0.03702968490710931
11823,0.005688397926587929
11824,-0.10443174152379497
11825,-0.06104723687895608
11826,-0.05753046322553273
11827,-0.05794948565441148
11828,-0.10968419022433595
11829,-0.05827730986724373
11830,0.04756927610811362
11831,-0.05460334919017162
11832,-0.005950365644850905
11833,-0.061227158854505304
11834,-0.06623884291418787
11835,-0.052823029515189183
11836,0.021482548836624787
11837,-0.01897295263973451
11838,-0.05977169815525198
11839,-0.08593727301291314
11840,-0.05999246773558151
11841,-0.061127417951125265
11842,-0.1390113985391067
11843,-0.037005651333609925
11844,-0.05000824506562087
11845,-0.06152606842475495
11846,-0.07420690386158829
11847,-0.08682650749191012
11848,-0.09753742433915243
11849,-0.09477986659200655
11850,-0.04004507389607835
11851,-0.054469854014733456
11852,-0.08391195686949877
11853,0.07088466058608064
11854,-0.008471297754717028
11855,-0.009382659714379285
11856,-0.03654972573340029
11857,-0.09082631155670287
11858,0.04149431206665502
11859,-0.08691117409249627
11860,-0.02699753217927835
11861,-0.00629305498532187
11862,-0.05626232180247243
11863,-0.1301486244898934
11864,-0.027813902083279576
11865,-0.0310896852184337
11866,-0.05407584439608905
11867,-0.032061392745476494
11868,-0.08128609424195572
11869,-0.05662002867715259
11870,-0.09525864423272569
11871,-0.05526644978514272
11872,-0.020153308346100896
11873,-0.08050249948093617
11874,0.07846083862220608
11875,-0.01444988338444175
11876,-0.11317754590045917
11877,-0.0031974995273144667
11878,-0.04372395476268361
11879,-0.04882101340986182
11880,-0.06946126395996836
11881,-0.05504285631477601
11882,-0.1087602525067212
11883,-0.02377123240598569
11884,-0.12430852277131493
11885,-0.0231412450059163
11886,-0.06093033588204019
11887,-0.05032377784369202
11888,-0.1370414378324724
11889,-0.1370414378324724
11890,-0.10047579069462922
11891,-0.05405341901377614
11892,-0.014798604870904704
11893,-0.023198354301130097
11894,-0.020552594682627906
11895,-0.11800965693900534
11896,-0.06683363690713844
11897,-0.04637705484068114
11898,-0.03167738339926195
11899,-0.10220622539620958
11900,-0.06360202737002121
11901,-0.05623456330974877
11902,-0.0020808867610436614
11903,-0.04592560608715295
11904,-0.021051471386351477
11905,-0.05035314200280516
11906,-0.0712882931865859
11907,-0.1751869373170465
11908,-0.11126134333653441
11909,-0.022000550218758238
11910,0.011128296396421974
11911,-0.056165446370432984
11912,-0.0472344625507619
11913,-0.015174476410848693
11914,-0.07403043537295304
11915,-0.0029265597928942763
11916,-0.051511903477244124
11917,-0.10217872609994375
11918,-0.05480313392948175
11919,-0.008189487088505563
11920,-0.07485008437563424
11921,-0.13098737466152102
11922,-0.13098737466152102
11923,-0.006453325739728402
11924,-0.04147368201432328
11925,-0.029337586476263597
11926,-0.07697871896667563
11927,-0.03878926884964563
11928,-0.014067056476581628
11929,0.024881168695866016
11930,-0.04002729317526794
11931,-0.006081744626840656
11932,-0.008824414678478889
11933,-0.07512718926061998
11934,-0.038032363204899486
11935,-0.022024591083322803
11936,-0.1609023572287816
11937,0.00288485553351601
11938,-0.020748293172938737
11939,-0.011373864654185812
11940,-0.03697587814168388
11941,-0.1686317844973234
11942,-0.027176581679592953
11943,-0.0280204047227583
11944,0.024861795626905655
11945,0.006071083123000186
11946,-0.03165499195634892
11947,-0.032255924872992475
11948,0.011754667219009059
11949,-0.0005740267762560971
11950,-0.03514227672249207
11951,-0.18123421340603055
11952,-0.06627757900130914
11953,0.0064293367477287165
11954,-0.01935745708299513
11955,-0.02168034361280522
11956,-0.18297689401442058
11957,0.05241311164512478
11958,-0.037568870768768275
11959,-0.007966237490222104
11960,-0.07171152614815268
11961,-0.012665881488928507
11962,-0.07151659511657155
11963,-0.03983118131355147
11964,-0.06962167712918872
11965,-0.17471388503129218
11966,-0.018580763768372068
11967,-0.042368105502412864
11968,0.04069339279182793
11969,0.0005743828905241064
11970,-0.05612690310115638
11971,-0.008394556061880089
11972,-0.039937374010215895
11973,-0.05688655281600007
11974,-0.1652006788736111
11975,-0.018927460859202966
11976,-0.04374007875779372
11977,-0.041568150554572886
11978,-0.058712486429264334
11979,-0.058712486429264334
11980,-0.08447585726044819
11981,-0.04029023331009419
11982,0.006066929234728097
11983,0.026393247899141388
11984,0.015199567225899215
11985,-0.17144912575862073
11986,-0.064549077633372
11987,-0.04319587146218151
11988,-0.05205412374939737
11989,-0.09083778504391007
11990,-0.1636123443595871
11991,-0.027734356892101204
11992,-0.029446135666894142
11993,-0.031095100840471512
11994,-0.09610759280358765
11995,-0.031095100840471512
11996,-0.05520055993973707
11997,-0.16372643183143412
11998,-0.02531014130169367
11999,-0.02531014130169367
12000,-0.09648418088752947
12001,-0.028660880161759602
12002,-0.055635929772396384
12003,0.005126326050657666
12004,-0.06752052229375878
12005,0.004893324696867629
12006,0.021393069360103004
12007,-0.09260761742565427
12008,-0.051810203727608174
12009,-0.04539906322768284
12010,-0.020898245619108115
12011,-0.014322105596784575
12012,-0.04964516676199917
12013,-0.04301994848199607
12014,-0.15470875800799963
12015,-0.05385495675443088
12016,-0.02719752124218448
12017,-0.11459670810596793
12018,-0.032570049792949946
12019,-0.11529643414223228
12020,-0.15107022863396696
12021,-0.1503279732887186
12022,-0.011579235105595432
12023,-0.011579235105595432
12024,-0.05520800796430325
12025,0.022890611846022337
12026,-0.03211840507033826
12027,-0.009690566416083589
12028,-0.1458979389558137
12029,0.05486213362146114
12030,-0.030678783009434493
12031,0.04062685348272602
12032,-8.728605351480636e-05
12033,-0.13435156078574106
12034,-0.0785069310502967
12035,-0.021557023464763854
12036,-0.13804518065085514
12037,-0.027047275661918082
12038,-0.051553783959330565
12039,-0.1359327700340156
12040,-0.05653481750147412
12041,-0.02753061110849128
12042,-0.10920408406670054
12043,-0.021065848779956323
12044,-0.021065848779956323
12045,-0.10873004214235384
12046,0.01259878794188135
12047,0.01259878794188135
12048,-0.10300700287741106
12049,-0.05001626196598419
12050,0.00037661760321190224
12051,0.013424422269679536
12052,-0.028663635148016026
12053,0.07725435992964691
12054,0.01963207484587104
12055,-0.03950287594282086
12056,-0.003154740143204447
12057,0.038110566380557265
12058,-0.034246722497353964
12059,-0.10288806275715223
12060,-0.0961972010297286
12061,-0.07789098060386733
12062,-0.10081720589686158
12063,-0.09949628958676839
12064,-0.04853198654029862
12065,-0.014986409621735388
12066,-0.058773784673363236
12067,-0.1174861255042985
12068,-0.09967516398733538
12069,-0.09749368567171812
12070,-0.009613967631905035
12071,-0.009613967631905035
12072,-0.08722170301551392
12073,-0.09691118456649654
12074,-0.043856009616292775
12075,0.05824446275858051
12076,-0.009374419065312061
12077,-0.0892083443303574
12078,0.0833724572871555
12079,-0.11147941151510915
12080,-0.013568005505873637
12081,-0.0442544887940595
12082,-0.10861039700474276
12083,-0.0028060213452529162
12084,-0.11338424978358591
12085,-0.11381125748470673
12086,-0.11457567618364972
12087,-0.03319201374579778
12088,-0.0676676699627622
12089,-0.06765020040339263
12090,-0.07899231563074188
12091,-0.03282798986205225
12092,-0.02401677296410103
12093,-0.08448885153640723
12094,-0.07945490105692485
12095,-0.08582600881394004
12096,-0.10635512246475196
12097,-0.11134205743021591
12098,-0.08560277447441501
12099,-0.08560277447441501
12100,0.008931165499530687
12101,-0.06474911075050205
12102,-0.11219252166234141
12103,-0.08222354328262105
12104,-0.08012271674203782
12105,-0.069124054166855
12106,0.0663811548111099
12107,-0.028959487786285872
12108,0.019690998631652044
12109,-0.00800978572154277
12110,-0.021408242456659513
12111,-0.021807094725680664
12112,-0.07660763345238936
12113,-0.07267143946071107
12114,-0.014767035381697532
12115,-0.08601154493003445
12116,-0.09799594399981468
12117,-0.007671403822502669
12118,-0.10502243881588672
12119,-0.021808429311554977
12120,-0.05321081338601005
12121,-0.13173085031123288
12122,-0.05099524343879208
12123,-0.10097173394118572
12124,-0.059576601547153454
12125,-0.059576601547153454
12126,-0.025513034277714338
12127,0.10324670094112082
12128,-0.018195526388667154
12129,-0.050757279753847855
12130,0.12457406552214312
12131,-0.10141252806174667
12132,0.047124889639259995
12133,0.016811332451640848
12134,-0.13008628312095183
12135,-0.028312782583660545
12136,-0.0578558172895006
12137,-0.04712578272534556
12138,-0.10623759643523321
12139,-0.05667627728464599
12140,-0.002940926641842937
12141,-0.04261440464985316
12142,-0.07752622033293002
12143,-0.04261440464985316
12144,-0.07634534793703236
12145,-0.12696036934970564
12146,-0.008167949964219849
12147,-0.008167949964219849
12148,-0.07517596706416341
12149,-0.01794455222651465
12150,-0.020273188836634738
12151,-0.06360146026796067
12152,-0.014989963403004854
12153,0.11111969856513318
12154,-0.031674853959213975
12155,-0.12090158365507597
12156,0.03907041609339092
12157,-0.06701422128903539
12158,-0.07547834841774671
12159,-0.04910670827327517
12160,-0.059964737868906846
12161,-0.09456878376158637
12162,-0.04336453558080724
12163,-0.1101568195821931
12164,-0.015425351370489957
12165,-0.05496185476384227
12166,-0.005833170624579427
12167,-0.04949261693339626
12168,-0.061770264012814706
12169,-0.06159241054137287
12170,-0.07639016172117867
12171,-0.017677374487737603
12172,-0.017677374487737603
12173,0.0963834420424891
12174,-0.047083236391280155
12175,-0.05313013580087637
12176,0.010972866617095829
12177,-0.030661446882685343
12178,-0.0929138661868952
12179,0.012051659487509345
12180,0.017007108055893557
12181,-0.0015087369380058664
12182,-0.04453550023880473
12183,-0.05387994674611618
12184,0.007525429195169788
12185,-0.052602087527122095
12186,-0.0471019454612407
12187,-0.1337466015349961
12188,-0.04424299928730416
12189,-0.04954759129944192
12190,-0.010728598354628558
12191,-0.041461286126699574
12192,-0.041461286126699574
12193,-0.12970699403931396
12194,-0.0458026598823473
12195,-0.0458026598823473
12196,-0.05048102232422279
12197,0.07361228446284622
12198,-0.03820039204137407
12199,-0.04252098769070898
12200,-0.04601724698716739
12201,-0.049361526239255306
12202,-0.039398878890648734
12203,0.024626129671679205
12204,-0.05766924625489921
12205,-0.0026303654350883564
12206,-0.05224486965589358
12207,-0.07587145914230965
12208,-0.04787561121519846
12209,-0.061233826856601295
12210,-0.1300737540405023
12211,-0.07864731999871989
12212,-0.039135746196225396
12213,-0.009576956516763605
12214,-0.00516760275747202
12215,-0.1067374010239343
12216,-0.12494502173642895
12217,-0.028640120045805982
12218,-0.0365271174035897
12219,-0.1110418639877293
12220,-0.019654527283782988
12221,-0.019654527283782988
12222,-0.0641403015600992
12223,0.06900171573228242
12224,-0.03605468727764578
12225,-0.04184344902451965
12226,-0.005314322451457835
12227,0.09558004236705092
12228,-0.04581887675059468
12229,-0.015981021223075962
12230,-0.008101864467463393
12231,-0.03783392131459434
12232,-0.09294674806776458
12233,-0.011743762445551342
12234,-0.04718159191797597
12235,-0.16615254893599538
12236,-0.03701428819184711
12237,-0.10785824184347807
12238,0.001692436067638005
12239,-0.00692843042297846
12240,-0.036099437127792525
12241,-0.11022719321952401
12242,-0.03489370731865869
12243,-0.007485300624380953
12244,0.010135696234807222
12245,0.010135696234807222
12246,0.09534530582800628
12247,-0.0060679708857405866
12248,-0.022560586262578064
12249,0.01013068021832386
12250,-0.042123116854207124
12251,-0.04590419287107568
12252,0.00031418110466311636
12253,0.003487296647529058
12254,-0.03938159728858518
12255,-0.06873243631283735
12256,-0.1488086512210304
12257,-0.04795421402390108
12258,-0.1387547713689136
12259,-0.1122117735263621
12260,-0.0201383255629605
12261,-0.025851661962512842
12262,-0.13448762380119347
12263,-0.0209581936809095
12264,-0.11425953105987861
12265,-0.022710548228235636
12266,0.08168722525952259
12267,-0.02675025398492149
12268,-0.02675025398492149
12269,-0.01703864040112043
12270,-0.03324144449693293
12271,0.0001806437864032613
12272,-0.1078381247004513
12273,-0.052451780815364835
12274,-0.011189970321843547
12275,-0.0016918655384815398
12276,-0.031041655808011603
12277,-0.10698260602927881
12278,-0.003572971555064332
12279,-0.04690170874554933
12280,-0.04389571837510927
12281,-0.0989286628295074
12282,-0.046236540707919715
12283,-0.039793596830984816
12284,-0.02593300438299841
12285,-0.0439026601356305
12286,-0.03489179179467237
12287,-0.07284403211187089
12288,-0.04378924562196527
12289,-0.03146961086576574
12290,-0.09038121619825105
12291,0.010761932230830464
12292,-0.03633740032764022
12293,0.013416893452328903
12294,-0.03177507137273566
12295,-0.04653628958909776
12296,-0.0217934979124772
12297,0.03316840538469239
12298,-0.007765580594573264
12299,-0.042203744674937135
12300,0.011480257173302177
12301,-0.051174111088585814
12302,-0.031069704471160333
12303,-0.1742481881897222
12304,-0.03135532518684083
12305,-0.11443085941443726
12306,-0.02492546892577106
12307,-0.04635138173409779
12308,-0.04635138173409779
12309,-0.023753134205433808
12310,-0.025372350617463443
12311,-0.12345615481258444
12312,-0.08541647634761924
12313,0.023869644735627988
12314,-0.035295549679608296
12315,-0.04584777228698072
12316,-0.07764636886754639
12317,0.0014917898212564156
12318,-0.11608767291355279
12319,-0.00494322901318257
12320,0.038408582178873156
12321,-0.12690131926663628
12322,0.015806560335348628
12323,-0.014087611491547669
12324,-0.09632393919298796
12325,-0.04789908721535797
12326,-0.04982416484712688
12327,-0.036606960240732844
12328,-0.054607403717316656
12329,-0.15234442917071722
12330,-0.054607403717316656
12331,-0.1133531888573456
12332,-0.10213749712248012
12333,0.05567505518768964
12334,-0.0014226359243653067
12335,-0.08990237584356246
12336,-0.09524373017005834
12337,0.00208520954937916
12338,-0.10794804152482022
12339,-0.03905798040635493
12340,-0.05316918974070527
12341,-0.06709304372296868
12342,-0.09833210266434045
12343,0.012497754738178369
12344,-0.032459329150319904
12345,-0.14291345450335793
12346,-0.06225705904969971
12347,-0.09651349267108526
12348,-0.05849842757980948
12349,-0.06839737410160483
12350,-0.0592733864227513
12351,-0.06459804703315312
12352,0.04647738796486834
12353,0.019668122356992696
12354,-0.09594057427087978
12355,0.00800223059543105
12356,-0.007471779329514073
12357,-0.04839754368315305
12358,-0.1507264281257852
12359,0.0013830313491336283
12360,0.026845845586239835
12361,-0.11065511450619649
12362,-0.0440663086098568
12363,-0.057147360399401645
12364,-0.10380817835646977
12365,-0.06833557421091195
12366,-0.06833557421091195
12367,-0.11896190079648902
12368,-0.04152955184096571
12369,0.03357729925113812
12370,-0.12226723860131854
12371,0.03026224736750172
12372,0.005608550107123872
12373,-0.015317129343719562
12374,-0.08240011094844055
12375,-0.11460830155749974
12376,-0.042556182556820345
12377,-0.04227506382746574
12378,0.009743761369733893
12379,-0.038352971438256556
12380,-0.054696359429968804
12381,-0.06050411527674595
12382,-0.08396530974193983
12383,0.03448484275422797
12384,-0.08408230296753753
12385,-0.036479420734532586
12386,-0.030409847625094435
12387,-0.07249207114426538
12388,0.006157729440388603
12389,-0.09151367126598446
12390,0.0020964076114240587
12391,-0.03719844817494038
12392,-0.06696769244000979
12393,-0.098174333118898
12394,-0.07766227999799362
12395,-0.12082871556851194
12396,-0.020833419858978994
12397,-0.061805063564282635
12398,-0.07447936399633977
12399,-0.03265604799170912
12400,-0.14228786343240618
12401,-0.036173637599283916
12402,-0.08171120984572527
12403,0.0005405904484183415
12404,-0.0883161682488381
12405,-0.1756880236142684
12406,-0.018890193624234875
12407,-0.013597269055353207
12408,-0.037810480605409466
12409,-0.08504509216318848
12410,-0.08432255913786242
12411,-0.18955940170327717
12412,-0.09449807856515452
12413,-0.0297215314091256
12414,-0.08067474359101451
12415,0.005985782580836769
12416,0.001513714911390448
12417,-0.09410471507469215
12418,-0.01645851975475579
12419,-0.04156596681646624
12420,-0.19939958971123853
12421,-0.10601399130417238
12422,-0.03972986587384532
12423,-0.007882369574723937
12424,-0.08713977942930531
12425,-0.08878537561718237
12426,-0.0227092152669658
12427,-0.1436724049015208
12428,-0.034028480519179276
12429,-0.09924215336881069
12430,-0.029799069814375596
12431,-0.06257063271070983
12432,-0.008963821628792133
12433,-0.04615703615633904
12434,-0.1039606880811584
12435,-0.033132001402977715
12436,-0.03469051554386425
12437,-0.03581549644322934
12438,0.010027694567705504
12439,-0.016612064461553052
12440,-0.2041337663059079
12441,-0.10582839950634895
12442,-0.06920093551751953
12443,-0.01649546895399167
12444,-0.0012269307270696647
12445,0.0457814060279465
12446,-0.03933182232615703
12447,-0.11920841768950627
12448,-0.061816566687690075
12449,-0.08060766639278887
12450,-0.12067213354485021
12451,-0.19876829114633995
12452,-0.12268810532760553
12453,-0.15362847846321614
12454,-0.05235445358783981
12455,-0.030694341426349653
12456,-0.010439747733927666
12457,-0.07297340917315867
12458,-0.12380728037547895
12459,-0.020279149964310874
12460,-0.08611965629212297
12461,-0.08611965629212297
12462,0.021911532736103356
12463,0.013756204049133981
12464,-0.20304784360300648
12465,-0.026850508058465315
12466,-0.016756197050523065
12467,-0.03016333352014574
12468,-0.01002700854237707
12469,-0.13478932638140145
12470,-0.10003277976122062
12471,-0.022230618864312098
12472,-0.07808820780430586
12473,-0.19259961926567068
12474,-0.14207735533604351
12475,-0.01274541177496554
12476,-0.1101190874642972
12477,-0.03051412837208393
12478,-0.016540470735290677
12479,-0.11806118929697947
12480,-0.03159081736792422
12481,-0.00642106658802177
12482,-0.03942309361303295
12483,-0.006897916360590949
12484,-0.11537485742432632
12485,-0.11717010539787479
12486,-0.11717010539787479
12487,-0.06815646563293241
12488,0.003928493108544599
12489,-0.19520974853186895
12490,-0.11833069580423211
12491,-0.050298661260854104
12492,-0.006095484171095263
12493,-0.14086422018933556
12494,-0.09275201611061204
12495,-0.1602252912290928
12496,-0.11798249143918271
12497,-0.06816683521177286
12498,0.001309157466800284
12499,-0.20795809760140896
12500,-0.13788431806969953
12501,-0.001820468462518139
12502,-0.14408936364695354
12503,-0.022755013884801008
12504,-0.10894810889857824
12505,-0.0520753735357666
12506,0.00899274434448556
12507,-0.019372316677844243
12508,-0.01720942214634275
12509,-0.01720942214634275
12510,0.0048877809603188995
12511,0.010101281339848169
12512,-0.21329835292897562
12513,-0.14518655489429558
12514,-0.027422180569007946
12515,-0.12817197869427496
12516,-0.08150693213297477
12517,0.045272301355702003
12518,-0.0011757859389605052
12519,-0.023470686387540986
12520,-0.1017621870874882
12521,-0.2147042186287802
12522,-0.11504998423296775
12523,-0.0937316967723086
12524,-0.009160171378877785
12525,-0.03772200636391473
12526,-0.15637070136370923
12527,-0.052132373082887255
12528,-0.16245895175850894
12529,-0.05275631108375719
12530,0.040238414613227295
12531,-0.15365487486612567
12532,-0.01124219671196
12533,-0.15365487486612567
12534,-0.07078558795232588
12535,0.01459828798852039
12536,-0.2069999928366135
12537,-0.1548243520544393
12538,0.0006551771568566652
12539,-0.0010592031534586023
12540,-0.017151647055608937
12541,-0.00168289966305322
12542,-0.06356799186120568
12543,-0.05560419653871245
12544,0.025370468611709836
12545,-0.021531459804541506
12546,-0.015008754767139256
12547,-0.05437643324034828
12548,-0.05171279145548695
12549,-0.20622076859557384
12550,-0.03252291362319576
12551,-0.035578941608696575
12552,-0.03954182414459483
12553,0.00951456036793801
12554,-0.03440175688554412
12555,-0.01429997070955512
12556,-0.1611049411501601
12557,-0.16349427816040762
12558,-0.0363865317896508
12559,-0.08116937099788954
12560,0.038137910794200446
12561,-0.15571828656341918
12562,-0.15571828656341918
12563,-0.06347312561758668
12564,-0.004865894591703993
12565,-0.20330478198972246
12566,-0.07432191872864782
12567,-0.07433734828910925
12568,-0.04090581426034361
12569,-0.014253564194124659
12570,0.004313670910485345
12571,-0.16641843672548215
12572,-0.067631099128602
12573,-0.05862975029203282
12574,-0.1440590424258028
12575,-0.03554693784185571
12576,-0.020945048811518315
12577,-0.02066032613568115
12578,0.013834804629007916
12579,-0.011054433570237094
12580,-0.024094022448842983
12581,-0.09601818633913255
12582,-0.15406462561458623
12583,-0.070252245868594
12584,-0.03567583007755023
12585,-0.09507410758719105
12586,-0.09507410758719105
12587,0.04692810753438968
12588,-0.09272751381604535
12589,0.049607061997572935
12590,-0.0122497462675864
12591,-0.0912607108860906
12592,-0.182950637291462
12593,-0.10953682026082273
12594,-0.03517609767652102
12595,-0.021325335699777827
12596,-0.023538010985512267
12597,-0.015642313565617086
12598,-0.06722077006624903
12599,-0.03740543051826018
12600,-0.03240603744795048
12601,-0.030124050602586213
12602,-0.059597181666941015
12603,-0.09920679503803663
12604,-0.030712928829887274
12605,0.006257467400294859
12606,-0.12240931563922453
12607,-0.11497345200481211
12608,-0.09434278467712658
12609,-0.09434278467712658
12610,-0.037253718161323154
12611,-0.06403539615252846
12612,-0.05224695763986549
12613,-0.05340297825188533
12614,0.007038739916379531
12615,-0.17506236489375515
12616,-0.1292676171813489
12617,-0.09616627965439756
12618,0.016167097030328006
12619,0.04260639214242813
12620,-0.04890472157055224
12621,-0.16070022660899694
12622,-0.04161727864683027
12623,-0.00661531299313513
12624,-0.0457927551287115
12625,-0.16130215928465014
12626,-0.03597350678854361
12627,-0.03811546812250853
12628,0.0023085907716747975
12629,-0.05824388622185758
12630,-0.15987097889756882
12631,-0.06831493535630444
12632,-0.03981045169880077
12633,-0.1235295967394721
12634,-0.06556337330612726
12635,-0.12436425503106815
12636,-0.11629295920930144
12637,-0.02720741059993114
12638,-0.031216778164018914
12639,0.006594080109414253
12640,-0.09498487425786964
12641,-0.1514770831811696
12642,-0.13006578840617955
12643,-0.13006578840617955
12644,0.0004519236789510179
12645,0.046080164072668864
12646,-0.03380946599848255
12647,-0.06828869359012545
12648,-0.12008929883877947
12649,-0.039295141895936435
12650,0.05480928154306072
12651,-0.07947360869436407
12652,-0.03537652954854939
12653,-0.07778730543055497
12654,-0.013802262181458304
12655,-0.15110851241623446
12656,-0.07229778844786348
12657,-0.12249093554347547
12658,0.018246336648747696
12659,-0.13099975451285562
12660,0.05284691570947325
12661,-0.07260875252886473
12662,-0.12479960331031022
12663,-0.1222944801633154
12664,-0.1222944801633154
12665,0.006120538027240166
12666,-0.02753488999468805
12667,-0.12050140304079905
12668,-0.11319449281655419
12669,-0.10869243861841467
12670,-0.0895217335255704
12671,0.03437361343914497
12672,-0.13615577495203487
12673,-0.04237056605695034
12674,-0.07072399323093626
12675,-0.05639921824961406
12676,0.04777968134463496
12677,-0.09704518328409309
12678,-0.0861171643001589
12679,-0.062444297800616826
12680,-0.05832859513765419
12681,0.08811279736709254
12682,-0.14898727177470392
12683,0.022186926934101646
12684,-0.06588115791773251
12685,-0.10768963159590932
12686,-0.11096484645491865
12687,-0.11471604025128596
12688,-0.11471604025128596
12689,-0.11471604025128596
12690,-0.06488807674190189
12691,0.04558485974490379
12692,-0.02430410101271132
12693,-0.06830090089675105
12694,-0.11440124350600454
12695,0.017744845030953728
12696,0.019476108490041995
12697,-0.07738970600248317
12698,-0.11881317881732718
12699,0.011864190138023773
12700,0.011997010044202545
12701,-0.08393881406180238
12702,-0.040759150319539306
12703,-0.08765507911379278
12704,0.041313306524018746
12705,-0.05400040918338071
12706,-0.005476115513758769
12707,0.043463256935996036
12708,-0.1416607747291519
12709,-0.13865666102291146
12710,0.07712433067187248
12711,-0.12070894195314046
12712,0.04288136080428579
12713,-0.14576119040988583
12714,-0.146828055200266
12715,-0.019888094608426474
12716,-0.05204580481246921
12717,0.033393219918926416
12718,-0.051966244962990106
12719,-0.08722784951490575
12720,-0.13656991613451733
12721,-0.06865065292239798
12722,-0.050354550687263355
12723,-0.1359994209280675
12724,-0.05026500031653468
12725,-0.08086764477147841
12726,0.03647668483164945
12727,0.005084409702022103
12728,-0.05318055424363289
12729,-0.060253683483660704
12730,0.022529445115973646
12731,-0.009894987286758321
12732,-0.05995440296755244
12733,-0.04928169482343527
12734,0.04051835341982049
12735,-0.1285396108308704
12736,0.03187866070367982
12737,-0.11264020896915727
12738,-0.1296578651642436
12739,-0.11052326784352243
12740,-0.11793408641778655
12741,-0.0484741863141771
12742,-0.04843057834303115
12743,-0.12221306417439008
12744,-0.07102585133192756
12745,0.02392787301339702
12746,-0.03426952000334724
12747,-0.040184734427045454
12748,-0.12200429356247441
12749,-0.0365875432654184
12750,-0.09012916384271091
12751,0.04195460149359268
12752,-0.06661208172785033
12753,-0.01864608875664233
12754,-0.04010010460689907
12755,-0.0499521382082482
12756,-0.07103311200360161
12757,-0.04972658806424693
12758,-0.09645841441243025
12759,-0.04281984129835389
12760,-0.13702090255407118
12761,-0.12073373083168437
12762,-0.14186307521888325
12763,-0.04342820932570974
12764,-0.12077093990094757
12765,-0.04372778930361635
12766,0.005446421603812542
12767,-0.1364365834230411
12768,-0.004977719543777135
12769,-0.08068447418477132
12770,-0.1392720479674202
12771,-0.039325996142866894
12772,-0.0841222314835712
12773,-0.031057876843824602
12774,0.02052664864711438
12775,-0.04204041827081509
12776,0.018841568157820898
12777,-0.024877124286650273
12778,0.0059323264175668265
12779,0.026579783136302753
12780,-0.12620477621780182
12781,-0.08071995268926138
12782,-0.07942175554185793
12783,-0.02497185780778996
12784,-0.08179484408945596
12785,0.020944847749836216
12786,-0.02143692376338328
12787,0.018961957868702622
12788,-0.14747329670706777
12789,-0.01848194468455714
12790,-0.06590441264290642
12791,-0.010972735036847448
12792,-0.049891468702321
12793,-0.04389322199056913
12794,0.025323544694161957
12795,-0.0887165575698629
12796,-0.015449205146357585
12797,-0.06968404202599018
12798,-0.014119719838516445
12799,-0.008388386831670144
12800,-0.15132938516771102
12801,-0.015276800321357151
12802,0.03883232097719024
12803,-0.05238444628945455
12804,0.03197228382768148
12805,0.02973464257811086
12806,0.048558486980886405
12807,-0.157015432566493
12808,-0.06355604896218463
12809,-0.013132754771842578
12810,0.027474771096147654
12811,-0.03238386290724991
12812,0.059993487742651216
12813,-0.018694205697653565
12814,0.03171216950637487
12815,-0.06658043587402294
12816,-0.10634440754740007
12817,-0.02152917613125204
12818,-0.0014095485321396664
12819,-0.04133102528263761
12820,-0.07263502966245959
12821,-0.14298679032548411
12822,-0.02386089677748874
12823,-0.15756391805736317
12824,-0.03483012664614982
12825,0.034136842770906645
12826,-0.0004249851345740092
12827,-0.04429112346606427
12828,-0.04793220791858641
12829,-0.12197708055912651
12830,-0.14622523758067138
12831,-0.030929233636935567
12832,-0.027872129544106478
12833,0.0013388505146258898
12834,-0.14106207300310566
12835,-0.08877592044435348
12836,-0.15686402978666486
12837,-0.026266050373193624
12838,0.054033069442687244
12839,0.057394278733188184
12840,-0.09070176986586231
12841,-0.10123626855129735
12842,-0.0025970884398784544
12843,-0.12777012923412281
12844,0.02133934292823595
12845,-0.018838651587334353
12846,-0.025062704505217887
12847,-0.10726666011883258
12848,-0.1406554791313175
12849,-0.07181400544151345
12850,-0.09196681408665562
12851,-0.015045146558531874
12852,-0.10856132769056234
12853,-0.03064226008773261
12854,0.00539184159273267
12855,0.001031747375864882
12856,0.0421992004617006
12857,0.016031424188426364
12858,0.012894818030818269
12859,-0.0077703649209057086
12860,-0.1038570497536318
12861,-0.02172105140542679
12862,0.028582157576990633
12863,0.0028088820803413607
12864,-0.03272203285660687
12865,-0.11611752713971478
12866,0.033197158580293165
12867,-0.11967037179016035
12868,0.004029615309151641
12869,-0.012629309716465843
12870,0.03259461334803027
12871,-0.17815110831370798
12872,0.015105730407973259
12873,-0.0830648436176975
12874,0.034007562785745904
12875,-0.018914476855168023
12876,-0.13856097535752504
12877,-0.1153538539383883
12878,0.03326515524475329
12879,-0.0014053474428182577
12880,-0.11203648869332403
12881,-0.017427635186823793
12882,-0.027683674225852495
12883,-0.03900705547534928
12884,-0.046815457048305614
12885,-0.12719193421884387
12886,-0.023794066550133518
12887,0.054098741985577486
12888,-0.0912042212374532
12889,-0.09660530433988046
12890,-0.08836369313246614
12891,-0.0238413854996827
12892,-0.09861726540055937
12893,0.05449583969356875
12894,-0.0581557703314172
12895,0.0516550732186002
12896,-0.0766578753360001
12897,0.04632360325008962
12898,-0.05149537315977949
12899,-0.04257154818441177
12900,-0.07248043028039712
12901,-0.05619093273463046
12902,-0.16484267489269486
12903,-0.09243253132475115
12904,-0.001754059674905635
12905,0.04237416594532116
12906,0.041979372490040405
12907,-0.022364170834932275
12908,-0.09058852556784737
12909,-0.04434230551419102
12910,-0.06774560648304062
12911,0.03741802788868152
12912,-0.00507606979159029
12913,-0.00507606979159029
12914,-0.06867994940014953
12915,-0.025810387575889583
12916,-0.006774705183699513
12917,-0.08469036088892579
12918,-0.0010259534828641562
12919,-0.015296188689926686
12920,-0.058129495069961956
12921,-0.004145000399142275
12922,0.04157728649537179
12923,-0.13644416033046838
12924,-0.04769630291052233
12925,-0.021703172983555452
12926,-0.041785903018613006
12927,-0.01770467090813533
12928,0.023555440557795317
12929,-0.033494557062768666
12930,-0.06905640036423555
12931,-0.06530047124270279
12932,-0.015858749222120754
12933,0.021854091061733888
12934,-0.03155274740315328
12935,-0.03155274740315328
12936,-0.09050621263345326
12937,0.02134482074445987
12938,-0.0943531290309195
12939,0.0536596857577171
12940,-0.050075894425551375
12941,-0.06413815844298613
12942,-0.03456761644786259
12943,-0.06507217067500201
12944,-0.09421999985974043
12945,-0.0369170797783237
12946,0.0002472748164745776
12947,0.0022823360906573708
12948,-0.1399305930490289
12949,-0.06813170433607524
12950,-0.04073469656280388
12951,0.03733996912598924
12952,-0.05805363982905715
12953,-0.0491764554029598
12954,-0.05978653276161847
12955,-0.01316728463958102
12956,0.006260217169344454
12957,-0.06725959182764205
12958,-0.06525500222638776
12959,-0.06525500222638776
12960,0.005757672666201366
12961,-0.061198282009353816
12962,-0.07901760465656671
12963,0.044805578141529766
12964,-0.06787378182796357
12965,-0.06075380607903525
12966,-0.021918027632245596
12967,-0.11340135868977495
12968,-0.04841987662995408
12969,-0.026908752472535827
12970,-0.11091705990110509
12971,-0.00138377694119702
12972,-0.0671480692459034
12973,-0.06723501037553724
12974,-0.06815203704309807
12975,0.049457391556100724
12976,-0.0023909647920526745
12977,-0.07728666592247324
12978,-0.044302521782357815
12979,-0.07684288914766904
12980,-0.023758029064662955
12981,-0.07561522303704314
12982,-0.08129765971058742
12983,-0.08129765971058742
12984,-0.0048300206421768525
12985,-0.003713956514515824
12986,0.04790014479709936
12987,0.003938115381139086
12988,-0.09261425560124449
12989,-0.0658763851749833
12990,-0.07589767902464889
12991,-0.026350985902454372
12992,-0.13081825523652116
12993,-0.0362164717511701
12994,-0.07389236109666382
12995,0.0045487087475568865
12996,0.004702745268914277
12997,-0.07618452210606343
12998,0.007384564291634456
12999,-0.08748752284940242
13000,0.020211027148579763
13001,-0.08291851224310871
13002,-0.09409686403327448
13003,0.019079543683782126
13004,0.017976963027784617
13005,-0.07839497452804246
13006,-0.022717044050744598
13007,-0.03387485841769486
13008,-0.07467651614823394
13009,0.018444106142737417
13010,-0.07499275570647843
13011,-0.07616538844407636
13012,-0.07616538844407636
13013,0.08447181077368975
13014,0.044466340827661134
13015,-0.07131095383393561
13016,-0.09615311159704128
13017,-0.07564257314711373
13018,-0.06789480421329892
13019,-0.12063417200811101
13020,-0.0020955191707537407
13021,0.006978293563577721
13022,-0.08516931055559762
13023,-0.04968075901708197
13024,0.011469686106580978
13025,-0.027205957827169277
13026,-0.11712888725194463
13027,-0.07856425300485802
13028,-0.04045149603929377
13029,-0.08065680004279008
13030,-0.004019096666508625
13031,-0.00218475662624696
13032,-0.006242651381384184
13033,-0.006242651381384184
13034,-0.09521491087274565
13035,-0.08845440706992705
13036,-0.08845440706992705
13037,-0.08749147500131425
13038,0.07742390217569609
13039,-0.08224201779634999
13040,-0.07756584904720802
13041,0.041948373201211045
13042,-0.006708569096204313
13043,-0.07184071091077858
13044,-0.015484989018405691
13045,-0.045856484476966296
13046,-0.08848280057395341
13047,-0.06401546349942472
13048,-0.11454797214873622
13049,0.0552566096459479
13050,-0.015358453469195633
13051,-0.06473981962945764
13052,0.06486536483223808
13053,-0.02043676909893978
13054,-0.03790003922567034
13055,-0.05777028817700223
13056,-0.02134225297481246
13057,-0.11074867484932348
13058,-0.023412601596876966
13059,-0.06232709151709125
13060,-0.06232709151709125
13061,-0.06761419766250447
13062,-0.05946341891165594
13063,0.04778264876787521
13064,0.047030188080403934
13065,-0.07893258307315032
13066,-0.12246295865930393
13067,-0.028394688834618598
13068,-0.0394515579700857
13069,-0.09238910225143418
13070,0.05415816908056659
13071,-0.07678641329666988
13072,-0.036309328326789986
13073,0.011663248075154401
13074,0.0065369425794781465
13075,-0.09060866819086329
13076,-0.06729675705619459
13077,-0.04368973306557348
13078,-0.03805343602846203
13079,0.008950695015105956
13080,-0.09921158250254464
13081,-0.041719077469822376
13082,-0.12011889876759606
13083,-0.09735754099527474
13084,-0.09735754099527474
13085,-0.08704891840913741
13086,-0.08104004010251921
13087,-0.04247411114348601
13088,-0.04291242963457517
13089,-0.03075819623196258
13090,0.06583258521755281
13091,0.02726720659350109
13092,-0.05004540586520173
13093,-0.0972625858496616
13094,-0.01486871333735026
13095,-0.05565492912057619
13096,-0.12676002728891225
13097,-0.07117024784628387
13098,-0.02374731930414898
13099,-0.05908274666079724
13100,-0.005494569710481113
13101,-0.05611087437422787
13102,-0.05196215358595293
13103,0.07288751222080223
13104,-0.14039470924453445
13105,-0.14418374523405603
13106,-0.14418374523405603
13107,-0.11739917518490198
13108,-0.06235631582925394
13109,-0.14410395027156078
13110,-0.02933056202718626
13111,0.014244578997471304
13112,-0.05071089536644795
13113,0.061048867574969815
13114,0.026567285838356106
13115,-0.09358896587938116
13116,-0.05984231567237978
13117,-0.015268640005378704
13118,-0.02995668740840712
13119,-0.06612886779535712
13120,-0.12714209861646275
13121,0.07646731353324333
13122,-0.07929645270989867
13123,-0.0772640562503473
13124,-0.0738058265099293
13125,-0.0768411512797254
13126,-0.060233983503733976
13127,-0.019959347202626102
13128,-0.163922757672455
13129,-0.05804995161330275
13130,-0.04268625933158783
13131,-0.0783716465471661
13132,-0.08922624831839701
13133,-0.08792488073646641
13134,-0.163791641850902
13135,-0.163791641850902
13136,-0.09211898361747867
13137,-0.09359841490969059
13138,0.06123421435694211
13139,-0.06978430828782209
13140,-0.050369986266826206
13141,-0.05395150022951707
13142,-0.050404915258091015
13143,-0.02721291549977769
13144,-0.15827539515971545
13145,-0.11279025586620418
13146,-0.04754159242701433
13147,-0.039773706684658156
13148,-0.09870825175559374
13149,-0.12189123012790087
13150,-0.15167465461912738
13151,-0.05149038014474199
13152,-0.15096690633105692
13153,-0.04739875249812215
13154,-0.034499466841072746
13155,-0.06046462638014663
13156,-0.0604816565631701
13157,-0.048301830842509816
13158,-0.0673429564088726
13159,0.03383060999871387
13160,-0.14506653484471152
13161,-0.04030429266367209
13162,-0.07785189870369197
13163,0.005718928363874631
13164,-0.05258206280256775
13165,0.06037143816045627
13166,-0.1218976692048861
13167,-0.10531698425229186
13168,-0.03637076204510484
13169,-0.11132766023148868
13170,-0.030323229106056563
13171,-0.10790971848813549
13172,-0.1101236731146461
13173,-0.13165828039930294
13174,-0.1334176473349654
13175,-0.03728605598803777
13176,-0.10364865014269414
13177,-0.00013207470727339709
13178,-0.13987181438524365
13179,-0.09693893969533483
13180,-0.055509162531892316
13181,-0.11715727987067273
13182,-0.07330912093185928
13183,-0.08145333593610223
13184,-0.12298390277910629
13185,0.007147766083855189
13186,-0.029576700087209973
13187,-0.10323483191433468
13188,-0.050677417999044023
13189,-0.10603855682907348
13190,-0.0713456316311779
13191,-0.06113166975538261
13192,-0.04203856783468134
13193,-0.10192859626720598
13194,-0.02123641147629689
13195,-0.1031697941258174
13196,-0.136322038750234
13197,-0.09573396232188336
13198,-0.056546112652857014
13199,-0.09844390523901318
13200,-0.0813932596091467
13201,-0.13424036317528523
13202,-0.13546291234278687
13203,0.035000396317921255
13204,0.05393046696045277
13205,-0.10328817231405432
13206,-0.06857175040955367
13207,-0.10405610313382378
13208,-0.023423837062258143
13209,-0.11216725736726624
13210,-0.03938007730083804
13211,-0.10214814881518099
13212,-0.05272166675969617
13213,-0.04707617624625442
13214,-0.1170983223908404
13215,-0.1251591970031524
13216,-0.11311847182263396
13217,-0.11311847182263396
13218,-0.11938863868779126
13219,-0.01710635289357058
13220,-0.12154128368183477
13221,-0.09569613279546123
13222,0.04278768687909394
13223,-0.06844047493828824
13224,-0.12236561988021125
13225,0.1063870086860619
13226,-0.11069024089542598
13227,0.007045254720337566
13228,-0.1106151873688114
13229,-0.05377121288926566
13230,-0.0682144805760905
13231,-0.1186207916992505
13232,-0.07942153929538782
13233,0.09153741900744726
13234,-0.12345924954215776
13235,-0.09612267700892622
13236,-0.11756279716408836
13237,-0.028889139827062336
13238,-0.11395022002543571
13239,-0.10485143072440348
13240,-0.1240443147878714
13241,-0.10821226984074765
13242,0.10126497002390071
13243,-0.09311431865250724
13244,0.012477628925888851
13245,-0.1201738231561752
13246,-0.11997710323260011
13247,-0.10349839339813016
13248,-0.09214369687858123
13249,-0.09323393602187893
13250,-0.06710763368613126
13251,-0.09821392325232198
13252,-0.04894999584059859
13253,-0.10041549295664257
13254,-0.08147451718293112
13255,-0.09623828101094796
13256,-0.01508647511627402
13257,-0.1252253213431615
13258,-0.10236061996614783
13259,-0.10286643850844551
13260,-0.09968228349976216
13261,-0.11128009096002124
13262,-0.05375942858719433
13263,-0.08850836855012326
13264,-0.07174376896292206
13265,-0.10574661099590477
13266,-0.10475680695876688
13267,0.07433316319606684
13268,-0.08431255099487696
13269,-0.10463792747508972
13270,-0.06730020004556023
13271,-0.06323632936898117
13272,-0.053109699533344185
13273,-0.10426926671896913
13274,-0.08746992129993408
13275,-0.10090741492416301
13276,0.015398298159270086
13277,-0.09899615482488697
13278,-0.08944116926418832
13279,-0.23068778429014802
13280,-0.04415727418145434
13281,0.009746648419380688
13282,-0.09222734182004348
13283,-0.05447823486334166
13284,0.02384333948096276
13285,-0.08036488316349816
13286,0.03127662742848823
13287,-0.13510504660484393
13288,-0.07044930410347611
13289,-0.004134211145175119
13290,0.0077411403815064225
13291,-0.002026273733863082
13292,-0.06593721121521967
13293,-0.07513462487156146
13294,-0.1522283226821256
13295,-0.14441502171295106
13296,-0.22400142852566088
13297,-0.02689842228251425
13298,-0.07668789294186923
13299,0.022161853952454756
13300,-0.11451232547259271
13301,0.011543859988657838
13302,-0.1437962203956179
13303,0.0372841479238306
13304,-0.1242998051592521
13305,-0.03377332782284116
13306,0.012124461443240085
13307,0.012124461443240085
13308,0.01194805225955801
13309,0.03807980735375042
13310,0.031475868864282656
13311,-0.22906502110085672
13312,-0.1417802895650386
13313,0.07216479814566998
13314,0.03843789390590223
13315,-0.15953772235618605
13316,0.023059804097115447
13317,-0.01955557680097254
13318,-0.007744075332817178
13319,-0.15311599767102776
13320,-0.15311599767102776
13321,0.032894099825727545
13322,0.020927173987099257
13323,-0.11050001442913941
13324,0.031368305769626986
13325,-0.030074250579988304
13326,-0.1262917747723986
13327,-0.15685667433671285
13328,-0.03531986787212337
13329,-0.0245486189679536
13330,-0.019705873357196403
13331,0.0007491479167589658
13332,0.020505318006197235
13333,-0.23243575906153177
13334,-0.024950694257320407
13335,0.018615936695167028
13336,-0.14325730436190212
13337,0.05788319619741622
13338,-0.0209902645039681
13339,-0.14138408917120185
13340,-0.13418626673406972
13341,-0.12736173853142024
13342,-0.12736173853142024
13343,-0.006359113027988497
13344,-0.004387686624390535
13345,-0.042903347236864654
13346,0.005128106602963536
13347,-0.07288026199171209
13348,0.005644639647264616
13349,-0.05332705223472937
13350,0.0609952254468773
13351,-0.004294403719264057
13352,-0.027767612820409064
13353,-0.14485206058342623
13354,0.022964964062302702
13355,-0.04256595538673043
13356,0.024572410559857632
13357,-0.04045270601563327
13358,-0.01349283642258951
13359,-0.14355178759341108
13360,-0.00038468768126850893
13361,-0.02016419920162131
13362,0.034325234428265974
13363,-0.07317283089074282
13364,-0.22332207521976266
13365,-0.014921798359470806
13366,-0.044655697089909664
13367,-0.14685712669016238
13368,0.04599353507697912
13369,-0.1470679853776908
13370,-0.06040699058152468
13371,-0.15139243252504336
13372,-0.13045033938067907
13373,0.05837682719113882
13374,-0.14686594682705098
13375,0.0483813857559718
13376,-0.1464565892476567
13377,0.033231456661738656
13378,-0.018125957592348644
13379,0.06552642632148334
13380,-0.023755900198396726
13381,-0.12738880052914592
13382,0.03831459986461239
13383,-0.052784481131757204
13384,-0.1394084090431536
13385,-0.047074770924586534
13386,-0.0256479873351991
13387,-0.06349883437647082
13388,-0.20683595021096446
13389,0.025343980201447
13390,-0.124348464625139
13391,0.022900547094056412
13392,-0.12166652266053296
13393,-0.12783200729576222
13394,-0.062389250196041
13395,0.043092054719872465
13396,-0.03482500811720412
13397,-0.004065100272378416
13398,0.05569917257926014
13399,-0.0583095038277532
13400,-0.06093579366508161
13401,0.027402313702326517
13402,-0.14275931494508037
13403,-0.02104808626953845
13404,-0.09410757724367662
13405,-0.11801523042860466
13406,-0.11801523042860466
13407,-0.006706747456374058
13408,0.03232401579545612
13409,0.036532841787282715
13410,-0.12041287079989309
13411,-0.1277230864361132
13412,-0.07985606427995316
13413,-0.12512225730023452
13414,-0.0669783834221928
13415,-0.09598584177565721
13416,-0.07074753997409836
13417,0.006175287427702974
13418,0.04531779389999318
13419,-0.07623448635726582
13420,-0.05983630701664782
13421,-0.07366725613110234
13422,0.045714904025851856
13423,-0.07323856765102214
13424,-0.11987628599621503
13425,-0.04495279563677763
13426,-0.19049305989879695
13427,-0.11593468725656203
13428,-0.13396927611925674
13429,-0.02486254370779525
13430,-0.11473760308707283
13431,0.03696015711993043
13432,0.0653650322083144
13433,-0.11509865733920234
13434,0.03000585407705512
13435,0.05667033283942578
13436,-0.09858875660075074
13437,-0.10817629629769057
13438,-0.004486348755825006
13439,-0.12341163655904783
13440,-0.19039323281947582
13441,-0.006642748819189253
13442,-0.08346082522786888
13443,-0.11678202591376353
13444,-0.11678202591376353
13445,0.01765011803923802
13446,-0.10378804647731651
13447,-0.07505889268575026
13448,-0.11178954069049425
13449,-0.11178954069049425
13450,0.0472884367266856
13451,-0.07758344515273816
13452,-0.05738779234581263
13453,-0.054252679501905716
13454,-0.07895379830190437
13455,-0.023057246656396795
13456,-0.030701848753421516
13457,-0.07968421999526994
13458,0.028730305961829537
13459,-0.16257636935613928
13460,0.01587525901065028
13461,-0.048156489269061985
13462,0.05844742849055369
13463,-0.07988646970514894
13464,-0.10621313412381052
13465,-0.12947528599264266
13466,-0.07820906078871452
13467,-0.023709507149958838
13468,-0.11767979703585772
13469,-0.07876542440430105
13470,-0.10178857700090739
13471,-0.12030442882527262
13472,-0.003918426018094845
13473,-0.07820168879221681
13474,0.014581936379058382
13475,0.019723825479484786
13476,-0.11180381576826966
13477,-0.10318951478230455
13478,-0.07084663612139515
13479,-0.08988611133930023
13480,0.006881485748743859
13481,-0.04964039985435829
13482,-0.08538502623789221
13483,-0.050292799379533466
13484,-0.058244701959972806
13485,-0.028627586251471663
13486,-0.05052034069264572
13487,-0.009846201736097059
13488,-0.014597213569655515
13489,-0.14258566708183962
13490,-0.08619894540424373
13491,-0.009401624343734965
13492,-0.12287800448926448
13493,-0.07640163185066459
13494,0.0064731866230080546
13495,-0.04580244546315286
13496,-0.07481285298225927
13497,-0.021718538138778654
13498,-0.00651614723339744
13499,0.0040226891620333384
13500,-0.1465398476899462
13501,0.030153506507711068
13502,-0.04029230184898947
13503,-0.06322094990086394
13504,-0.06362687288617744
13505,-0.04055377386373653
13506,-0.06353789986844187
13507,-0.06353789986844187
13508,-0.06353789986844187
13509,-0.045913165290258955
13510,0.008102122132029396
13511,-0.026262916087423076
13512,-0.035019982229207984
13513,-0.04504121744293667
13514,-0.11072651844991295
13515,-0.08400123109864141
13516,-0.02231613915596616
13517,-0.0597058335381153
13518,0.0597525791874619
13519,0.009133385767421091
13520,-0.07100797229779943
13521,-0.10767992509991815
13522,-0.0794139952801957
13523,-0.03600270262677916
13524,-0.07931285863889741
13525,-0.038706837814854456
13526,-0.03621250042207407
13527,-0.04629907166594267
13528,0.0661623749858401
13529,-0.0724849483395928
13530,-0.04522654874285476
13531,-0.014695120108267408
13532,0.025726012902437513
13533,-0.044724944142993384
13534,-0.0739739220698044
13535,-0.04437398098758753
13536,-0.02447021255739521
13537,-0.05864247071491995
13538,-0.133515173147818
13539,-0.03316155048124704
13540,-0.011991205593885734
13541,-0.03374589796988345
13542,0.040730984776334835
13543,-0.06253437867814418
13544,-0.011288710838125427
13545,-0.017618797239957698
13546,-0.0949268388516537
13547,-0.05801176920946391
13548,-0.08061777383427168
13549,-0.016234645239866223
13550,-0.009824831006909548
13551,-0.06471664939168571
13552,-0.07514577739169073
13553,-0.038570112919180284
13554,-0.03753178751818471
13555,-0.010211427248997665
13556,-0.15444104738018805
13557,-0.12796827972156194
13558,-0.022668582669346023
13559,-0.13905403328346913
13560,-0.06612814305905793
13561,-0.07374820662572414
13562,-0.022213727425652793
13563,-0.022213727425652793
13564,-0.07913776404048063
13565,-0.07913776404048063
13566,-0.0851655819643592
13567,-0.01479301318448385
13568,-0.1312967108797556
13569,-0.03260248713386127
13570,-0.0927113057040736
13571,-0.03126489473963822
13572,-0.0870496063564505
13573,-0.021616745339340375
13574,-0.1646597220814458
13575,-0.030782424662992063
13576,-0.04900873663019171
13577,-0.09818505305543009
13578,-0.05882285491243199
13579,-0.05084549961026302
13580,-0.07978644914290321
13581,-0.09901498310844893
13582,-0.05110803901492889
13583,-0.10875616517965653
13584,-0.0739071884464078
13585,-0.02778985305483252
13586,-0.09003258147479505
13587,-0.029042001463894435
13588,-0.1100394772681378
13589,-0.0529285206337655
13590,-0.12727619518818098
13591,-0.09764119727081311
13592,-0.08146494268357224
13593,-0.11719878965924203
13594,-0.05984715317866258
13595,-0.051914872070482086
13596,-0.1412492941714235
13597,-0.03499610683451247
13598,-0.126356024178291
13599,-0.03352462395257623
13600,-0.08578942785860517
13601,-0.1713189658204922
13602,-0.09307323749406592
13603,0.08209975929625868
13604,-0.028871530778212817
13605,-0.06015902994996173
13606,-0.08287783792372272
13607,-0.05682016048088962
13608,-0.09437625795103305
13609,-0.0490265024642774
13610,-0.029107019922134714
13611,-0.02800939672665666
13612,-0.0021135847072245944
13613,-0.09092889469638277
13614,-0.03982969897905359
13615,-0.06618349523420308
13616,-0.1072946219134254
13617,-0.11258848972651848
13618,-0.0318910118734603
13619,-0.054215004791316364
13620,-0.054215004791316364
13621,-0.09510227949134997
13622,-0.053656743298838856
13623,-0.053656743298838856
13624,-0.12003542329759398
13625,0.06283751464552842
13626,-0.13565995825236582
13627,0.04398544417275616
13628,-0.060312019417292265
13629,-0.02273143641582498
13630,-0.03562469241940613
13631,-0.05965537539012897
13632,-0.16566072751638597
13633,-0.1213009712082957
13634,-0.08037277326806566
13635,-0.006302164868700086
13636,-0.16485510302476092
13637,-0.04970278883648739
13638,-0.021393052461083067
13639,-0.09823088444866693
13640,-0.028760070514576
13641,-0.1068053904719177
13642,-0.03558327810548596
13643,-0.15723732041821312
13644,-0.1322704919343999
13645,-0.02261939198819144
13646,-0.012523264584952207
13647,-0.13514319549115344
13648,-0.10755742508045009
13649,-0.09196640608076047
13650,-0.13613977282471146
13651,-0.07194218257430826
13652,-0.06693002139895073
13653,0.06599511810292574
13654,-0.06253159656829117
13655,-0.06158369377724115
13656,-0.12836564226070213
13657,-0.062200848512160775
13658,-0.029669886829996123
13659,-0.15480387046409735
13660,-0.06475086671821423
13661,-0.12561439383609277
13662,-0.11260856189348117
13663,-0.07416869495717283
13664,-0.0873408272477892
13665,-0.004066486139028976
13666,-0.09277104530545255
13667,-0.05076829361661167
13668,-0.0566432289413518
13669,-0.05577173377887948
13670,-0.020579377945799643
13671,-0.08090367575725363
13672,-0.028481454890403445
13673,-0.1165043109252065
13674,-0.07013853541553153
13675,-0.12055458835759338
13676,-0.08472904513320005
13677,-0.024567364400992275
13678,-0.057741670209300724
13679,-0.05740469144474328
13680,-0.12541562278833998
13681,-0.038923261868907176
13682,-0.038923261868907176
13683,-0.004248534279608086
13684,-0.05068424340774123
13685,-0.036849578385096594
13686,-0.03427556481155228
13687,-0.1267989120578136
13688,-0.08996855391127673
13689,-0.06509692945554721
13690,0.003329919339719173
13691,-0.060640177199193644
13692,-0.04633238949782139
13693,-0.10345442140488288
13694,-0.03602621067519769
13695,-0.03980614926054313
13696,0.054158574909418854
13697,-0.043168276043153125
13698,-0.13739127120214437
13699,-0.13798381173694968
13700,-0.02625274692212842
13701,0.06210919670829302
13702,-0.03989229619783905
13703,-0.03989229619783905
13704,-0.037774577528943185
13705,-0.06110911664828575
13706,-0.1362585662784734
13707,-0.03021102746305609
13708,-0.062281565372649055
13709,-0.10780971688293199
13710,-0.032369141337096036
13711,-0.017222941637877395
13712,-0.032169642203714606
13713,-0.08771386338776335
13714,-0.02172454943894769
13715,-0.011524882242625335
13716,-0.05661182960884771
13717,-0.01876481429764497
13718,-0.025151833896501344
13719,-0.13472159629245037
13720,-0.029394302369210423
13721,-0.03337021059068598
13722,-0.13431021769141713
13723,0.012725136635391054
13724,-0.0625840874938279
13725,-0.03622495897427785
13726,0.02183920343073028
13727,0.04058307581530954
13728,-0.11301424144827221
13729,-0.008895028061931997
13730,-0.059633892735939914
13731,-0.19748791306009858
13732,-0.030371824163817326
13733,-0.043569465021370574
13734,-0.013239652587837328
13735,-0.019905700746309526
13736,-0.08271332188313213
13737,-0.15985327747221406
13738,-0.06081685482206601
13739,-0.15507293289962165
13740,-0.04348788359234132
13741,-0.12242827775269895
13742,-0.04994514759536013
13743,0.04535215640306982
13744,-0.021774768996648708
13745,-0.16592288700187455
13746,-0.06058995607955484
13747,-0.009387828908829108
13748,-0.013175342562787844
13749,0.1083218812120102
13750,0.00903732883683866
13751,-0.08032217570552604
13752,-0.006698390743817603
13753,-0.16875641495684657
13754,-0.08901186296876415
13755,-0.014813392508176213
13756,-0.0548727350648396
13757,0.015255864795098762
13758,-0.07187873665306382
13759,-0.15584400388659714
13760,-0.04587865075283637
13761,-0.059555947739050825
13762,-0.005900948164862135
13763,-0.06145408539042033
13764,0.10501158859040272
13765,-0.047556213993399384
13766,-0.08406154421023514
13767,-0.09200957952346107
13768,-0.016559976440278516
13769,-0.05589656823255677
13770,0.02313712381535285
13771,-0.019038823650407648
13772,-0.17465369716130094
13773,-0.05374664136654764
13774,-0.08694778068984019
13775,-0.1616143018929257
13776,-0.16130244880205022
13777,-0.024132411075401948
13778,-0.06704644513237888
13779,-0.039339030428590695
13780,-0.08910932926675855
13781,-0.044770202931107256
13782,-0.04325221101071946
13783,-0.135323600442125
13784,-0.054373155701516095
13785,-0.0280776689810351
13786,-0.022342439888852456
13787,-0.027502598318948055
13788,0.06540082622149056
13789,-0.044362195670218575
13790,-0.041717912037889
13791,0.05222944700632006
13792,-0.006825986023395561
13793,-0.038775327378016686
13794,-0.06881753250827556
13795,-0.056705988054223416
13796,-0.008213488448099823
13797,0.02797284290854735
13798,-0.053779976863858756
13799,-0.1124169733619448
13800,-0.07621939965102432
13801,-0.06699507197147408
13802,0.010743970802769842
13803,-0.06050177270496687
13804,-0.06936625090431581
13805,-0.09554100070572542
13806,-0.13283730798415355
13807,-0.06698097810690878
13808,-0.06876525106248195
13809,-0.08953663190963056
13810,-0.021557211382068144
13811,-0.08170791792103128
13812,0.0531615910278031
13813,0.05669400318329982
13814,-0.08832695048145299
13815,-0.08790161649277443
13816,-0.07842764612601817
13817,0.010226816116507054
13818,-0.08271045777940629
13819,-0.08072850210468978
13820,-0.06331999490115407
13821,-0.0737976098581426
13822,-0.07773815325024186
13823,0.003907838217972477
13824,0.06231171556959425
13825,-0.08165007892639928
13826,-0.04489039877307652
13827,-0.04194437280829777
13828,-0.10755556465630906
13829,-0.08470811203196776
13830,-0.08875079149854104
13831,0.05852783592226519
13832,-0.01503370502780338
13833,-0.07545656409941588
13834,-0.016178160725168995
13835,0.03945807520039473
13836,-0.0027321350528341478
13837,-0.03848275949187506
13838,0.042632577671632435
13839,0.009838764057203755
13840,0.0531677564965565
13841,0.0531677564965565
13842,-0.06546492701250389
13843,-0.016107991196600294
13844,0.03236973581643343
13845,-0.07433779213063664
13846,0.007217479492473373
13847,-0.016708345009213685
13848,-0.05661614994430728
13849,-0.05074241514163336
13850,-0.05074241514163336
13851,-0.07881300858774325
13852,-0.05521040709548579
13853,-0.08461415727433648
13854,-0.04910878946350844
13855,-0.04196520233816346
13856,-0.04416502522465519
13857,-0.020968345100067426
13858,-0.04022783473522368
13859,0.049210159127247376
13860,0.005253337789240034
13861,-0.01583437881352653
13862,-0.02114137206043276
13863,0.04901921873167316
13864,-0.08847161939985194
13865,-0.07159669157004063
13866,-0.07159669157004063
13867,-0.039830631591391726
13868,-0.016355746495809086
13869,0.05046447637452594
13870,-0.11277974279845177
13871,0.028420744678249336
13872,-0.030094748395173954
13873,-0.006804034502396866
13874,0.05146532807429655
13875,-0.07606910560076119
13876,-0.015978144189712423
13877,0.03242858540748006
13878,-0.04406809773230337
13879,-0.09003867535313184
13880,0.01994215754810599
13881,-0.06772998721210752
13882,0.03374303397143447
13883,-0.0062324516479458445
13884,0.028967245480806297
13885,0.0005657544068123824
13886,-0.033415577920107756
13887,0.04783081355576265
13888,-0.022219724846712113
13889,-0.008630699069225811
13890,0.032085211069477336
13891,0.003128971707801982
13892,-0.021799754225626425
13893,-0.06040631913206187
13894,-0.003862347945598393
13895,-0.0019688353576264163
13896,-0.11664010135531938
13897,0.02909737408095504
13898,0.058231437046287575
13899,-0.0020188171373532655
13900,0.0585965736898792
13901,-0.027307752098005445
13902,-0.06524614003012362
13903,-0.02553515731397821
13904,-0.06870881074685718
13905,-0.04767943261850887
13906,-0.06518276549105947
13907,-0.05962013716009953
13908,-0.05962013716009953
13909,-0.08787369183798019
13910,-0.032845703150805323
13911,-0.05474115863816873
13912,-0.08691463991089804
13913,-0.026720235885266466
13914,-0.045538538392706746
13915,-0.04508530533976474
13916,-0.032306491678128484
13917,-0.0298610435711874
13918,0.005256905307634815
13919,-0.16476752604435208
13920,-0.07683475879644458
13921,-0.0738182260529663
13922,-0.029655506299820666
13923,-0.022519818778312845
13924,-0.07592465723245809
13925,-0.021535309115459287
13926,-0.03029352190761674
13927,0.002647107921455541
13928,-0.048459174010090734
13929,0.05500213116450427
13930,-0.02291697511123199
13931,-0.03575214182758079
13932,-0.07109305769941288
13933,-0.010107418560764553
13934,-0.08695686419660548
13935,-0.07124332247333333
13936,-0.038508687171892354
13937,-0.0705438762406764
13938,-0.08943523993201519
13939,-0.02227867189622456
13940,-0.09575036836998291
13941,-0.008930883170863688
13942,-0.024012388928575736
13943,-0.05347498884626771
13944,-0.008694359077888902
13945,-0.055658014579334364
13946,-0.08375963826646045
13947,-0.007892383146046848
13948,0.017384432689719377
13949,-0.00244215003929902
13950,-0.09446873002264239
13951,-0.037981248173982754
13952,0.07233571164485776
13953,-0.06494343409582884
13954,-0.08249297018674501
13955,-0.08249297018674501
13956,-0.09612247503414151
13957,-0.09565693769866188
13958,-0.014573240883966505
13959,0.0421687208653948
13960,-0.08932580052635715
13961,-0.005891062854301936
13962,-0.014013875735635572
13963,-0.10088959216311924
13964,0.018974036595446782
13965,-0.1634681765882846
13966,-0.0023308878708787
13967,-0.06522053827634207
13968,-0.037003401053154444
13969,-0.030588992850424258
13970,-0.04390306083727085
13971,-0.020615095768017393
13972,0.002907297296986994
13973,-0.0499436542980424
13974,-0.06379336372521043
13975,-0.0246829871713718
13976,-0.020762590817433126
13977,-0.02288504183659426
13978,-0.037657945944409445
13979,-0.02709097208286847
13980,0.056609772161224745
13981,-0.03636349435803725
13982,-0.04516123156799048
13983,-0.03945459280248538
13984,-0.04103208995898769
13985,-0.08035358814455631
13986,-0.05442417940545995
13987,-0.058470177626722276
13988,-0.02950965068159896
13989,-0.03708516964515158
13990,-0.009573569654583801
13991,-0.08584591053003664
13992,0.04849068563797879
13993,0.051164272846848435
13994,-0.04078928577862714
13995,-0.010679765454984504
13996,-0.03625204870197831
13997,-0.06351278558116018
13998,-0.15875878929312792
13999,-0.049420124804691885
14000,-0.04209961919343848
14001,0.002097369020769533
14002,-0.006019465338765859
14003,0.07011227664225823
14004,-0.07166565872177966
14005,-0.02697420826643567
14006,-0.06358455258616938
14007,-0.05386032318507931
14008,-0.030195086157757837
14009,-0.04563397399796416
14010,-0.07370234418566875
14011,-0.08824235411304965
14012,-0.061352567067922886
14013,-0.061352567067922886
14014,0.09443452439659819
14015,-0.008625718840773428
14016,-0.015649490439021266
14017,-0.0672275941311496
14018,-0.02334820060814412
14019,0.08329429763208845
14020,0.01193422424699603
14021,-0.014898383184933564
14022,-0.06866548869977913
14023,-0.03940669730844742
14024,-0.012967198386741183
14025,-0.04120948922852406
14026,0.016378484054173862
14027,0.036224853213360594
14028,-0.007415098557497832
14029,-0.048914902403648895
14030,0.07783568914174291
14031,-0.019241033493188703
14032,-0.023744580044167272
14033,-0.08223396719988273
14034,-0.08125918047478599
14035,-0.11716401242582734
14036,-0.041923278518239245
14037,-0.0575584838281495
14038,-0.019124357407766093
14039,-0.058633885232808595
14040,-0.08064646171691982
14041,0.04398279179351111
14042,0.07263718424756926
14043,-0.012970317410338373
14044,-0.05983767149642583
14045,-0.05527088186395499
14046,-0.05378298537809638
14047,-0.015215608972567114
14048,0.006914967375967462
14049,0.1017060585374972
14050,-0.06304234739618671
14051,-0.08418551875661522
14052,0.03178543684574024
14053,-0.06225430671874276
14054,-0.05808106259976815
14055,0.027234506129182004
14056,-0.0035130561007281386
14057,-0.06003100690399506
14058,0.09920564181060115
14059,-0.09446856249376112
14060,-0.05754938561600954
14061,-0.03743420672999975
14062,-0.054798148704572384
14063,0.09683446892538339
14064,-0.05891295744827257
14065,-0.06411289063596616
14066,-0.05151815450190551
14067,-0.1256459646222829
14068,-0.05495175960559365
14069,-0.05495175960559365
14070,-0.000369541786407029
14071,-0.044046427225252274
14072,0.0017228975098038729
14073,-0.09285359190348755
14074,-0.05956621440105319
14075,-0.04425134011769323
14076,-0.002976209009574896
14077,-0.044404800515052384
14078,-0.05569566028565704
14079,-0.042492763905769726
14080,-0.05830051249039758
14081,-0.0316572814369962
14082,-0.03455701245780556
14083,-0.08579496181949302
14084,-0.0374347881506407
14085,-0.05253631312580211
14086,-0.09608678987327839
14087,-0.06801522485343635
14088,0.06218328827595208
14089,-0.19771949629470936
14090,-0.0657663418435326
14091,0.09108771994490568
14092,-0.05687147321483129
14093,0.08812858277184357
14094,-0.017423629901971178
14095,-0.044226616011022624
14096,-0.14304579580594237
14097,-0.06133192168215939
14098,-0.0415173227767101
14099,-0.05350046263064823
14100,-0.06012402775945341
14101,0.04788914791688634
14102,-0.01417577431579349
14103,0.06416866990796732
14104,-0.0696196981445912
14105,-0.051243541180149926
14106,0.017797074691764524
14107,-0.06447728464977338
14108,-0.022395163262504198
14109,-0.03312084859856774
14110,-0.10017416233942163
14111,0.08753388601202114
14112,-0.07641316723609684
14113,-0.045082723538932556
14114,-0.05900186289792015
14115,-0.01810866591205417
14116,-0.06390643413771105
14117,-0.0696655865976417
14118,-0.06797924018124958
14119,-0.0785173292475817
14120,-0.04136790002462951
14121,-0.07187003236505671
14122,-0.10927630661440739
14123,-0.1280149933340956
14124,0.00781647688638133
14125,-0.04680968649465021
14126,0.08269775300516673
14127,-0.07446854798695171
14128,-0.07446854798695171
14129,-0.07990388810163013
14130,-0.01867025627581795
14131,-0.07629365113497134
14132,0.035022405152125284
14133,-0.030475919339457692
14134,-0.03453782790322304
14135,-0.03070597840862965
14136,-0.04910785147792534
14137,-0.21650874914353319
14138,-0.08733143206585846
14139,0.0642671939478092
14140,-0.07594222557057148
14141,-0.05565071234209919
14142,-0.07708920890106567
14143,0.02453901929333781
14144,-0.11982911003325038
14145,-0.019224830172188234
14146,-0.07561892423476593
14147,0.07284562516366597
14148,-0.013122473808829001
14149,-0.07722067925484905
14150,0.07165874362775358
14151,-0.03539191354517529
14152,-0.04361947130939732
14153,-0.10160210430223722
14154,-0.11830551156903385
14155,-0.09748094516751712
14156,-0.14620096683742156
14157,-0.028635393896665966
14158,0.034865248594369826
14159,0.01658046000923019
14160,-0.07785578266779743
14161,-0.07785578266779743
14162,0.04254054305842106
14163,-0.07357014487569746
14164,-0.03504338049163303
14165,-0.11027265477183501
14166,-0.08240337021892086
14167,-0.06539022854499912
14168,-0.0878540706509377
14169,-0.08031298017297503
14170,-0.015968403421887992
14171,0.06289701957201942
14172,-0.07978876070094164
14173,-0.08147131779889821
14174,0.059148811745968276
14175,0.0069592024389324506
14176,-0.01005511317226902
14177,-0.01005511317226902
14178,-0.038506075567495905
14179,-0.08941301050072371
14180,-0.07358115003568785
14181,-0.14770543028753716
14182,0.008116098396658111
14183,-0.004989289387977208
14184,-0.07001289078014797
14185,-0.06357352297797364
14186,-0.06976146154523892
14187,-0.005563169014545229
14188,-0.002960526388766772
14189,0.0339035725475379
14190,-0.0851893805427555
14191,-0.039921735995462296
14192,0.021420904911379657
14193,-0.0663967424380764
14194,-0.06957540586299937
14195,-0.09072216928998941
14196,-0.019504458079023138
14197,-0.04189778227453964
14198,0.015306564557474254
14199,-0.06798638306801143
14200,-0.03532846640995038
14201,-0.07376567411730885
14202,0.02094929655671419
14203,0.0247927468359394
14204,-0.15785372994873773
14205,-0.08288327908966381
14206,0.0470474108019088
14207,-0.055801119447521697
14208,-0.055801119447521697
14209,-0.1244323628355762
14210,-0.04417839578585472
14211,0.01494783380709194
14212,-0.10795747215365178
14213,0.017648612879157713
14214,-0.060540785338952685
14215,-0.08707548479763566
14216,-0.015510469426478005
14217,-0.08545574019934839
14218,-0.08056371266482584
14219,0.058268776514055785
14220,-0.05337074971417444
14221,0.03313504126297288
14222,-0.03586007345259383
14223,-0.08131278981978789
14224,0.05326391937729524
14225,0.033383978959337535
14226,-0.08342285479787437
14227,-0.05602136110058349
14228,0.04503054918760983
14229,0.026580679219521494
14230,-0.14187175643827465
14231,-0.09139964389963372
14232,-0.2157318332263488
14233,0.05836158558399945
14234,-0.08958036305409237
14235,-0.16700048291164302
14236,-0.0196071391549368
14237,0.005705789342099908
14238,0.011298564509823502
14239,-0.06312463199843373
14240,-0.18226826352471975
14241,0.061317433969845556
14242,0.04675782287296068
14243,-0.10319919006371871
14244,0.020326900119631706
14245,-0.10993908393584742
14246,0.054266816804689505
14247,0.015113024599845787
14248,-0.1418131658875103
14249,-0.033396751364779265
14250,-0.08094650698558108
14251,-0.1664040842845439
14252,-0.07477387943796623
14253,-0.010661839495818642
14254,-0.08619041196275647
14255,-0.09914654624923203
14256,0.048913022448833214
14257,-0.006292409184234098
14258,-0.0065011542655119044
14259,0.04284971384975871
14260,-0.16938489660368325
14261,-0.11691989131904501
14262,-0.10253756256777642
14263,-0.0026505419537108457
14264,-0.19262753809462338
14265,-0.12105515829970466
14266,-0.09752138986283411
14267,-0.13804250196213963
14268,-0.11825541817006109
14269,0.0013358917593636525
14270,-0.01953836631455854
14271,-0.037367245010547584
14272,-0.11863398071949825
14273,-0.07580986226527814
14274,-0.01658117470532423
14275,-0.04225056290620703
14276,-0.11759896543782836
14277,-0.11425887896179428
14278,0.051746367195026136
14279,0.0735327678491474
14280,-0.006020053861750332
14281,-0.0025591374039155533
14282,-0.05280963350320801
14283,-0.0287687728676325
14284,-0.029344199824449715
14285,-0.06926655906615074
14286,-0.02054145442451136
14287,0.0019306302126234998
14288,-0.06935306642620616
14289,-0.08100510787093285
14290,-0.06572878014330641
14291,-0.037039731171597194
14292,-0.10423874081820848
14293,-0.06283532260142718
14294,-0.02112827027063287
14295,0.11372204402096167
14296,-0.0027272812879399312
14297,0.04648228750515647
14298,-0.07425491557669164
14299,0.006576931624059359
14300,-0.07816878754855378
14301,0.09345081798628443
14302,-0.03254027762618274
14303,0.0126272411849798
14304,-0.015525000031599559
14305,-0.017928447993201434
14306,-0.008806530226584734
14307,-0.04577593017480011
14308,0.09323326388613021
14309,-0.04489748613934499
14310,-0.01496536439385949
14311,-0.03739279992421193
14312,-0.032477007446415344
14313,-0.0013354697348043568
14314,-0.0007120480526965516
14315,0.09494519902830877
14316,-0.04627007924496164
14317,-0.037025009691432714
14318,-0.020530085369478437
14319,0.02129318380512344
14320,-0.0161844711851028
14321,-0.017120777255619977
14322,-0.048645977984143406
14323,0.061621179384954906
14324,-0.007595528962856055
14325,-0.0739031067480196
14326,0.0036934802407482736
14327,-0.016512292728599404
14328,0.015770851006903508
14329,-0.08905947404041856
14330,-0.07489691717206544
14331,0.060891763314571745
14332,-0.016767465979305902
14333,-0.010990251719170462
14334,-0.06018295405088031
14335,-0.027499916916924123
14336,-0.002200152486219511
14337,0.00801782361563666
14338,-0.005315024621848013
14339,-0.004065587749647115
14340,-0.06129344144831719
14341,-0.0036845121813579686
14342,-0.06638623734927798
14343,0.07115647492461298
14344,-0.00465477445907385
14345,-0.06268653111649392
14346,-0.005466639029641717
14347,-0.019715726194322096
14348,-0.09420049221613122
14349,-0.07524042490166065
14350,0.0275999455348244
14351,0.04748083885537091
14352,-0.024473781902185653
14353,-0.08019683491328877
14354,0.012036829121044276
14355,-0.07857088755539854
14356,-0.000715453401912289
14357,0.07976080905519707
14358,-0.095873918506578
14359,-0.009758011802608524
14360,-0.06489079685059117
14361,0.004945347160856808
14362,-0.007912778611534362
14363,-0.08414906609377881
14364,-0.06397284635345821
14365,-0.10000828229973618
14366,-0.09309611198115174
14367,0.08575062610583292
14368,-0.010119993798471805
14369,-0.08582114857919165
14370,-0.021103119614057954
14371,-0.07251515758125716
14372,0.08682035206930117
14373,0.0830178509538147
14374,-0.07837928551303357
14375,0.03203981584434213
14376,0.005606841254558075
14377,0.08193903591393444
14378,0.08193903591393444
14379,-0.026413209988884943
14380,-0.01685971272201632
14381,-0.04865709947155118
14382,0.002901212863766666
14383,0.026687026258723275
14384,-0.004978523567278778
14385,-0.004978523567278778
14386,-0.08289698111564398
14387,-0.07034448384328391
14388,-0.008319184055335506
14389,-0.011083679263811395
14390,-0.10937395810276553
14391,-0.10512720337517548
14392,0.07425009729423193
14393,-0.010795620573471582
14394,0.07200989297576699
14395,0.07200989297576699
14396,-0.025604045242706062
14397,-0.029129266304699922
14398,-0.015127003110491033
14399,0.06389768197076356
14400,0.04642759981380324
14401,-0.07883687680897546
14402,-0.020041234851101673
14403,-0.019376603348850163
14404,-0.044753834012537026
14405,-0.004720442413617877
14406,-0.011924315379239263
14407,-0.027944409777609622
14408,0.027974725445421796
14409,0.036985410029517135
14410,-0.06424588978847716
14411,-0.045726678581048494
14412,0.04902018446836959
14413,-0.012962934398527973
14414,-0.08029366227465666
14415,0.046136801791120674
14416,0.046136801791120674
14417,-0.0009984180019924824
14418,-0.09741732771167316
14419,-0.0632130661455339
14420,-0.07451355295058847
14421,-0.034550848471919596
14422,0.04427588800982774
14423,-0.07024174954585284
14424,0.006595533845261037
14425,0.04161497003773123
14426,-0.03731970111522347
14427,-0.10010535664816991
14428,-0.030000944091564362
14429,0.04166840022078288
14430,-0.004911237717780985
14431,-0.0043615556928766315
14432,-0.08625629764245828
14433,-0.0054071135609104985
14434,-0.0983037243046256
14435,-0.05403041478709693
14436,0.03302758178981569
14437,0.0036986578221765527
14438,-0.12321365903884662
14439,0.03465200674458095
14440,0.03465200674458095
14441,0.014730411989669496
14442,-0.10622592016073179
14443,-0.037800762934766106
14444,-0.06504673796555648
14445,-0.032484603389357956
14446,-0.1133572480271571
14447,-0.004721325462099786
14448,0.07093358322412346
14449,-0.07948525797005178
14450,-0.12147604028973306
14451,0.04401172053240558
14452,-0.045714077094804316
14453,0.00445866729878041
14454,0.019340909659904922
14455,-0.01792796041833853
14456,0.08399403984594314
14457,-0.03476841498748896
14458,0.012692589671492902
14459,-0.011204549873816912
14460,0.009645837948127067
14461,-0.025437356943189382
14462,-0.08643800713944391
14463,-0.14032409612021104
14464,0.017614883532733477
14465,-0.13661164620474267
14466,0.009060264326670864
14467,0.014279796897572555
14468,0.014279796897572555
14469,0.009548801056860514
14470,-0.02378542760638168
14471,-0.1440365176898796
14472,-0.10372871591568439
14473,0.028822853837906285
14474,-0.022472526281310714
14475,-0.1458996474618928
14476,-0.1023942850683669
14477,-0.023980376426427922
14478,0.06301482904682795
14479,-0.07970606067651062
14480,0.0175533417584154
14481,-0.04651136363670858
14482,0.01801735711361461
14483,-0.07772936163583388
14484,-0.009322540982692015
14485,-0.08713480348625449
14486,-0.030685632277320043
14487,-0.025138276873446108
14488,0.028175522762793576
14489,-0.07497408576722665
14490,0.02906371673273461
14491,-0.14814829618003916
14492,-0.008675204619672534
14493,-0.15629196429375955
14494,-0.15629196429375955
14495,-0.012716277036226794
14496,-0.037533151432661706
14497,-0.09315117308236684
14498,-0.16267747638966126
14499,-0.03827624457927533
14500,-0.015369323337537575
14501,0.07523059669710064
14502,0.060150831565764756
14503,-0.019598465487116797
14504,-0.00968132754850713
14505,-0.0030869759820338783
14506,-0.04758199729067824
14507,0.005013440654124503
14508,-0.030850019134506333
14509,-0.019822116327858175
14510,0.02368423153924032
14511,-0.07598951366113896
14512,-0.1919828529538658
14513,-0.05966412981749973
14514,0.019659810417558436
14515,-0.030214762033678816
14516,0.015256649438165145
14517,0.015256649438165145
14518,-0.05178823871367957
14519,-0.04694106242059106
14520,-0.019857104653281103
14521,-0.04250339187003782
14522,-0.19224115926974517
14523,-0.11049328877876886
14524,-0.19627953235014892
14525,-0.035458534170786024
14526,-0.01025346818706613
14527,-0.14940273398498422
14528,-0.0723581200635705
14529,-0.005957566291856912
14530,-0.06707539426231611
14531,0.006460415701482284
14532,0.010296818137357134
14533,-0.04618441026791543
14534,0.0028870243650502905
14535,-0.17931895858435742
14536,-0.06332444084928328
14537,-0.1940666592436521
14538,-0.049595629829811146
14539,0.008227596609249805
14540,0.008227596609249805
14541,0.008227596609249805
14542,-0.024791113283143446
14543,-0.0792005282386759
14544,-0.02310590619750055
14545,-0.18208157657550864
14546,-0.047077034052502825
14547,-0.043034271195855525
14548,-0.11103043612444785
14549,0.033559639128611485
14550,-0.007657398269601105
14551,0.005379329146190982
14552,-0.050350348868900774
14553,-0.07172179645111394
14554,-0.052128917680056217
14555,-0.02353797167241023
14556,-0.06763319039501887
14557,-0.003984998701428972
14558,0.05597877733867455
14559,0.00022349834294009573
14560,-0.10149146900543878
14561,-0.0177505061793597
14562,-0.15357435455647647
14563,-0.007080320638815706
14564,-0.19540253976790478
14565,-0.03471756047143922
14566,-0.16164049666588087
14567,-0.0044132271834162505
14568,-0.16164049666588087
14569,-0.03383457069676247
14570,-0.0108271913357446
14571,-0.05617821438849094
14572,-0.005122451913031269
14573,-0.0636169283721938
14574,-0.007813194165690526
14575,-0.08485082696213318
14576,-0.15110915285273133
14577,0.011743331825441676
14578,-0.0023726554087126045
14579,-0.06088327317784534
14580,-0.06579320669660761
14581,0.05372055788731721
14582,-0.13061134749472827
14583,-0.025303057659338993
14584,-0.18432917338932056
14585,-0.130917863267554
14586,-0.013143166671856835
14587,-0.05547935909363652
14588,-0.05547935909363652
14589,0.010477957473787648
14590,-0.02707151631423364
14591,-0.19061043966133195
14592,-0.007556900189334775
14593,-0.007556900189334775
14594,-0.027113719122052713
14595,-0.05424941514302411
14596,-0.01416622160925519
14597,-0.0934011117998073
14598,0.0003106578477914256
14599,-0.13609179657203233
14600,0.014257263116117407
14601,0.013756473026425037
14602,-0.0664335302301756
14603,-0.0013373073723773046
14604,-0.05548344977980816
14605,-0.040074605021215876
14606,-0.04546973942122574
14607,-0.017582368431475214
14608,-0.12295589869554259
14609,-0.16970418711863478
14610,0.017744370145551743
14611,-0.008843029446631064
14612,-0.030010110939276767
14613,-0.19634707675848875
14614,-0.020918148789304616
14615,0.0032966017596467137
14616,-0.01719586450148308
14617,-0.08428483554613682
14618,-0.03688433018855378
14619,0.00067657792132684
14620,-0.15952092542705493
14621,-0.027409568194605934
14622,-0.15480500175940773
14623,0.01624212965306748
14624,-0.120425302959501
14625,0.007558940657716588
14626,0.024397940562556907
14627,-0.11276978557147668
14628,-0.00995783848122638
14629,-0.04197247935569913
14630,-0.04503464435689277
14631,-0.012638539700753765
14632,-0.027675472509376305
14633,-0.13657423349095077
14634,-0.13582288355012753
14635,0.006158939709194908
14636,-0.0323468290877273
14637,-0.04434049612290833
14638,-0.20555087319399784
14639,-0.03974451676483415
14640,-0.10058081610527428
14641,-0.0492749752783094
14642,-0.03412269201411656
14643,-0.05243481094381804
14644,-0.14770803313766293
14645,-0.040839354002289885
14646,-0.05152946939591452
14647,-0.08523688107267591
14648,-0.04352848325951687
14649,0.020210774975688153
14650,-0.048881187702284445
14651,-0.15586173130053035
14652,-0.05534782214721476
14653,-0.05379755983750322
14654,-0.057869282468928196
14655,-0.06863946971184086
14656,-0.0796861950992748
14657,-0.025324820588317042
14658,-0.014419604592518728
14659,-0.07793367476013202
14660,-0.02642279874097417
14661,-0.07729857093300017
14662,-0.19811172676773842
14663,-0.07058869285425867
14664,-0.025944259943360432
14665,-0.10812149532164544
14666,-0.03382338462243762
14667,-0.06273461258858935
14668,-0.03720294541224488
14669,-0.05549187790281365
14670,-0.06496779997355581
14671,-0.06496779997355581
14672,-0.04000573248104175
14673,-0.00504656323975745
14674,-0.14066941195766888
14675,-0.1492590857678917
14676,-0.06669238676645181
14677,0.04456759575660069
14678,-0.03465888741416646
14679,-0.06303373225887539
14680,-0.03402978180851594
14681,-0.05798394168070671
14682,-0.06423594244113008
14683,-0.05709193698514595
14684,-0.022595431588212426
14685,-0.06095601172432008
14686,-0.04286755871692834
14687,-0.0005092993768498136
14688,-0.04141948166737724
14689,-0.057555033582226266
14690,-0.07722985642976223
14691,-0.07090815531547302
14692,-0.12560590517651837
14693,0.05023587585820074
14694,0.07198100251647696
14695,-0.014410054673885961
14696,-0.042397181356700196
14697,-0.14751087415859665
14698,-0.08814264128849612
14699,-0.10709120635047438
14700,-0.08126268559535199
14701,-0.04595038741721799
14702,-0.04154874295748954
14703,-0.08223211860448668
14704,-0.08312364440656238
14705,-0.06196862901749673
14706,-0.014691702759033582
14707,-0.05339615710655375
14708,-0.04538565923144001
14709,-0.09193261010705851
14710,-0.1316970051516028
14711,-0.1223451508359751
14712,-0.039281786248669855
14713,0.056279976013515545
14714,-0.040201237674674095
14715,-0.07512745373187488
14716,-0.1545649585631299
14717,-0.12628604444768393
14718,-0.09998031505845599
14719,-0.014400632122042128
14720,-0.04585236410740157
14721,-0.09632732936552835
14722,-0.11717200914847367
14723,-0.11613073552872517
14724,-0.038277810462433864
14725,-0.1905785093962297
14726,-0.05411428300680276
14727,-0.08493287481997373
14728,-0.1269720673139822
14729,0.022860583713974408
14730,-0.031494877125863574
14731,-0.07309792817026296
14732,-0.08866848624774205
14733,-0.009574074521844134
14734,-0.1032058156354231
14735,-0.022362957908257736
14736,-0.011661629653156664
14737,-0.03057392897312926
14738,-0.09911531147441183
14739,-0.17976929492039376
14740,-0.024279793211482187
14741,-0.09800892872973575
14742,-0.06478616967081079
14743,-0.09105507137219318
14744,-0.1088377210582271
