obs_id,pareto_shape
0,-0.064319412865224
1,0.026961581114099388
2,-0.0332089298401335
3,-0.027897432428268063
4,-0.09268387735277965
5,-0.08863717305034936
6,-0.09497590478899333
7,-0.10009002839465661
8,0.06151915912081692
9,-0.0649539920776698
10,-0.13681311028063475
11,0.04125633868992704
12,-0.046587751200278485
13,-0.08347728656746649
14,-0.07909078060982586
15,-0.058813583043656345
16,0.10541161834845811
17,0.04720982650347068
18,-0.0594734795861379
19,-0.08757807769181306
20,-0.041170808975696
21,0.03791486487070509
22,-0.09172160226877754
23,-0.15595039350577425
24,-0.09013752742267317
25,-0.08375619439468172
26,-0.02520992609564758
27,-0.09819651878386736
28,-0.08634186918139318
29,-0.08758879635616865
30,-0.010206263639952832
31,-0.12816245058728484
32,-0.09794495497858281
33,-0.003786205794774569
34,0.012419729378205666
35,-0.06466935263945088
36,-0.0983710096503219
37,-0.023009725909765764
38,-0.09273926268016841
39,0.014970002782309281
40,-0.07129837912644398
41,-0.05410930501818302
42,0.009818885219724018
43,0.06648006686532791
44,0.08500607972823734
45,-0.08386664270066847
46,-0.05872555109546522
47,-0.06596580209031835
48,-0.06596580209031835
49,-0.03808823761824895
50,-0.008723661303084614
51,-0.03925889291002469
52,0.01036694044813446
53,-0.06628156538548927
54,-0.061785093267180735
55,-0.05424981039894409
56,-0.13659848318256904
57,-0.03386939878322221
58,-0.03386939878322221
59,-0.00327999060167801
60,0.0789502958480042
61,0.0789502958480042
62,-0.09635657835543762
63,-0.05922742765539445
64,-0.0586335421374744
65,-0.09795750533116515
66,0.0852845911897783
67,-0.09490243438870923
68,0.11843893413978611
69,-0.03039208413185658
70,-0.037998912809447644
71,-0.07958801451592785
72,0.011250176049393587
73,-0.044392141840777916
74,-0.05255628485841681
75,-0.08237118526553454
76,-0.08797762042639003
77,-0.005731499532351793
78,-0.011638991936507097
79,-0.1038504271725175
80,-0.09354351181523521
81,-0.017311279822926063
82,-0.03716800477071878
83,0.007248387636227717
84,-0.09090608787549934
85,-0.03365724406040982
86,-0.012767346806993754
87,0.03268523892666656
88,0.018158100166421623
89,0.0015845291083242505
90,-0.035057425226033785
91,-0.02827704822311751
92,-0.02965966382056752
93,-0.007748894898298696
94,-0.11907033520942505
95,-0.06694208872264097
96,-0.053116884818507855
97,-0.059752137394096495
98,-0.05402700608652001
99,-0.027909573862852262
100,-0.07430121530266856
101,0.0053331593056297885
102,-0.041038798987141335
103,-0.041038798987141335
104,-0.05875784937328689
105,-0.03485809342690906
106,0.004227104242068134
107,-0.007638425891561814
108,-0.023996995604511327
109,-0.0742943932874948
110,-0.02317562700055508
111,-0.15249806526050752
112,-0.05812437019443465
113,-0.05812437019443465
114,-0.04705919215417265
115,-0.08318972219570235
116,-0.01314965704364836
117,-0.08256820025953285
118,-0.08256820025953285
119,-0.02067181549072968
120,0.007109542730115678
121,-0.1366372023937976
122,-0.04657676987516932
123,0.002946411672242473
124,-0.046093726566325044
125,-0.02043908587547306
126,-0.0672816048002409
127,-0.024995461349748234
128,0.01781923184961222
129,-0.1044808339633419
130,-0.15187150323382864
131,-0.007189598489836665
132,-0.03731395787298812
133,-0.011828242513755527
134,0.013084040213481097
135,-0.07274037410315433
136,-0.06623104813098572
137,-0.0018379558607718761
138,-0.0023410848282407392
139,-0.040464591798944696
140,-0.040464591798944696
141,0.01174916497713289
142,-0.026948785381381825
143,0.0031247873483900607
144,-0.04825253840385049
145,-0.07316346464444702
146,0.0073052878359294564
147,-0.01546173530532823
148,-0.06920560443376926
149,0.020263355108110642
150,-0.016289661671442565
151,0.011022121841319486
152,-0.04812343213304843
153,-0.002455471321044142
154,0.00946387918704055
155,-0.04370057173191758
156,-0.1296891810215337
157,-0.03362964803786027
158,-0.03857243593825658
159,-0.019547408428912824
160,-0.010306503283619916
161,-0.01889210555694891
162,-0.036060562577041634
163,-0.10686743188013072
164,-0.03773537698019298
165,-0.04057269734268091
166,0.029253914408204747
167,0.04018085848459512
168,-0.16037548883030792
169,0.02664312851854032
170,-0.029604747212979447
171,-0.05920313374340635
172,-0.0252654548006312
173,-0.07854952941189268
174,0.003493297477218567
175,-0.026519362397749314
176,-0.028851046717379286
177,-0.03492584280913016
178,0.01411338366146733
179,-0.11542751577574152
180,-0.02182083061668438
181,-0.1129912325943881
182,-0.06116144594899427
183,-0.024286552409250206
184,-0.014931758172430773
185,-0.01563698532888342
186,0.01771173708610408
187,-0.05920919367794287
188,-0.15347085317428702
189,-0.15347085317428702
190,-0.04982061004349184
191,-0.006710680436209309
192,-0.0631806824433397
193,-0.06286312388302612
194,-0.10270576158448239
195,-0.06323304710193058
196,0.06394105954280915
197,-0.04740849470026421
198,-0.0467005596967626
199,-0.08069982044137672
200,-0.019389177720045777
201,-0.07055326293388205
202,0.04698099014776256
203,-0.033619557700653356
204,-0.05382131404136932
205,0.0010878947575075626
206,-0.013782194764323854
207,-0.04730316295864343
208,-0.0027360586743294295
209,-0.07761105545822217
210,-0.07761105545822217
211,0.03376020772964471
212,0.052267451633937846
213,-0.10645590270477852
214,-0.014555897127870403
215,-0.08794282369030819
216,-0.057742157687254776
217,-0.12511251758288494
218,-0.07688677683196503
219,-0.01462755083246008
220,-0.007916015809613262
221,0.01826368324238993
222,-0.08008482666674767
223,-0.033837964702394585
224,-0.05281579952624573
225,-0.0002998445816927503
226,-0.06334863882798542
227,-0.0373389417960101
228,-0.07083649888217464
229,-0.07985833578628665
230,-0.005617562902905769
231,-0.017502756914387217
232,-0.03695904604286198
233,0.0052508536783829485
234,-0.029062561286866382
235,-0.046759101564404174
236,-0.07215717578138688
237,-0.13943074012339762
238,0.011856027549674696
239,-0.07439202818366775
240,-0.09058555199106919
241,-0.10603437485013512
242,-0.0327387615091065
243,0.009676307834056114
244,0.010831020616893589
245,-0.10178745946974152
246,-0.06691703784421286
247,-0.08775008242616907
248,-0.09538792662163538
249,-0.07048959973071203
250,-0.07048959973071203
251,-0.021376668501024355
252,0.006601778241866342
253,-0.10748036701030293
254,-0.018398882977553044
255,-0.10601291324830017
256,-0.05875550915664022
257,0.010616150802281257
258,-0.05875550915664022
259,-0.05882592678252397
260,-0.012079713039022453
261,-0.09522738890949439
262,-0.0468148318955556
263,-0.06623078959797868
264,-0.0618180690625674
265,-0.10295884387890916
266,-0.05069223392983718
267,0.014117654590410278
268,-0.04507933559968437
269,-0.0033373978752195845
270,0.012081087010841957
271,-0.05675224696654195
272,-0.05262901003837896
273,-0.05102959977859445
274,-0.1099225054736329
275,-0.006531485441630837
276,-0.013633421943801712
277,0.022890571730788543
278,-0.07111237771783216
279,-0.053600620958606765
280,0.05078723928239752
281,-0.09787381461534365
282,-0.055715596400742015
283,-0.04332284999923656
284,-0.037877636685937965
285,-0.055577726279977285
286,-0.055577726279977285
287,-0.01198304754181143
288,-0.04666265255669079
289,-0.021712574795184902
290,0.016454926578716302
291,-0.08615580925840663
292,0.005891668778767343
293,-0.08254270368373479
294,0.019112782205118427
295,-0.07563731094646269
296,-0.14380081897210964
297,-0.04693728072836071
298,-0.08859955605838034
299,-0.05365809256999218
300,-0.07292056998545877
301,-0.04783178698449468
302,-0.04783178698449468
303,-0.03749918304659377
304,-0.05142066654988174
305,-0.05510469445583401
306,-0.09951912890988486
307,0.038262245025320114
308,-0.018577728850125454
309,-0.06459397602783458
310,-0.13855148819336402
311,-0.01016270169284684
312,-0.06011829435134284
313,-0.06784882023170713
314,-0.11249689191290534
315,0.049950984744686074
316,-0.008640724624249788
317,0.023727762161571367
318,-0.11494803508414178
319,-0.06779194525175901
320,-0.03817254246607835
321,-0.09310441374950781
322,-0.09847916939895726
323,-0.15387036037472296
324,-0.07497784921407442
325,-0.025227508255795547
326,-0.12503612894837007
327,-0.021736275256313185
328,-0.053602381766587125
329,-0.10660803029196976
330,-0.08436785403472752
331,-0.07311487291515568
332,0.04668983643855031
333,0.001177983060074791
334,-0.03792513862072966
335,-0.025696501742865592
336,-0.1287033399519068
337,-0.011606650012585465
338,-0.025811538980421985
339,-0.025811538980421985
340,-0.05492265305568487
341,-0.06909223537959835
342,-0.031330541977905885
343,-0.014947141703039719
344,-0.13480579577486237
345,0.029304890672868348
346,-0.06282684742385078
347,-0.06660950685989986
348,-0.03107398745321276
349,-0.040336630850737444
350,0.035557111116216934
351,-0.03247458989763523
352,-0.1378583503800558
353,-0.06866383814024248
354,-0.06866383814024248
355,-0.1378583503800558
356,-0.01120275925154098
357,-0.0885126290024311
358,-0.08401009572120534
359,-0.0430427487293465
360,0.011990697472784249
361,-0.1349133211816045
362,-0.08885552221955714
363,-0.017845812620480336
364,-0.04724483420104638
365,-0.0698521777441935
366,-0.03850963802132525
367,-0.02826496793027363
368,-0.12510405365437766
369,0.004800560933070407
370,-0.057201258080822964
371,-0.15887804027131275
372,-0.06673663629383955
373,0.00034212989818344514
374,-0.08533041853973582
375,-0.10528202714155982
376,-0.11456752271586355
377,-0.04674452199697381
378,-0.08806710861934507
379,-0.05434252171941294
380,-0.09430445865781648
381,-0.04270068175292209
382,0.026299315676465682
383,-0.02953602443761403
384,-0.022190879556388918
385,-0.013065010752378502
386,-0.06097869050007229
387,-0.04116028666895287
388,-0.0739972191505484
389,-0.09459661846528411
390,-0.05387184763858144
391,-0.09006826213777772
392,-0.009334244110594624
393,-0.029479026840061498
394,0.08763556007274241
395,-0.1609894376649555
396,-0.1609894376649555
397,-0.07187729502164478
398,-0.058039666704515915
399,-0.09522438017004957
400,0.013693830627162049
401,-0.09028001540048092
402,-0.07195084230020664
403,-0.07195084230020664
404,-0.13665238192725424
405,-0.025042958999968803
406,-0.11609956976625711
407,-0.147888217367318
408,-0.03737697929413177
409,-0.11588702794966035
410,-0.03129813102873358
411,-0.04247166050897336
412,-0.09107684054549925
413,-0.006405491928316992
414,-0.08469917635849017
415,-0.06512350060357773
416,-0.12562450761046184
417,-0.0737676860470182
418,-0.11005389192967134
419,-0.04724551941507302
420,-0.042193812698774626
421,-0.004192811190245985
422,-0.061621731569036615
423,0.027010640945287753
424,-0.15063594374562705
425,-0.056725808504565656
426,-0.022691624314890663
427,-0.14666556313906468
428,-0.05860886036683168
429,-0.0521427173529911
430,-0.03754083903218351
431,-0.10763676403321856
432,-0.06679822598130136
433,-0.1028969771700211
434,-0.13615944208478203
435,-0.059014006315035845
436,-0.13615944208478203
437,0.049806540454047615
438,-0.15774338428347115
439,-0.002009283677152355
440,-0.08624463638913948
441,-0.08783882829900137
442,-0.08914868040415747
443,-0.05795396665875648
444,-0.05901692522154167
445,-0.03452534291867832
446,-0.06237117779971505
447,-0.13518045484561741
448,-0.08927003401364592
449,-0.009718446279215703
450,-0.034659659915922125
451,-0.035708282873554854
452,-0.0063111085056688256
453,-0.0354612657935265
454,-0.07840088266382916
455,-0.07976232021913808
456,0.021060843027851696
457,-0.08484398021744044
458,-0.03928410763802565
459,0.002457911016165777
460,-0.10723151484699497
461,-0.05844943230611928
462,-0.015176180282960115
463,-0.05415120506741497
464,-0.01476910454089867
465,0.08297861682927457
466,-0.04844450280975606
467,-0.04383408585382937
468,-0.1439735506496438
469,-0.03544260312006067
470,-0.05231619363438265
471,-0.1727617917556838
472,-0.05778403200849293
473,-0.07565223453087674
474,-0.145770885758073
475,-0.0536624763080315
476,0.0014561840899004175
477,-0.032001752059082296
478,-0.20622599893369092
479,-0.1110130774188032
480,-0.10677783375640611
481,-0.044771875144472985
482,-0.03442685948970135
483,-0.0049767410710674035
484,-0.16741160480018932
485,-0.20077628272481088
486,-0.19983719547242315
487,-0.05052820617708165
488,-0.22876149194464604
489,-0.061542954623642
490,0.0958708235775846
491,-0.11890909617237326
492,0.02660673814749843
493,-0.06570457032181669
494,0.06652794302400869
495,-0.15120786528797234
496,-0.15120786528797234
497,-0.10510127306888908
498,-0.04670095787474524
499,-0.010929108593281705
500,-0.17179696681190462
501,-0.042372472922981304
502,-0.22232887910864066
503,-0.0013460651236889458
504,-0.005599565072333728
505,-0.08729096890180461
506,-0.041112434030933245
507,-0.19237039487415855
508,-0.09069040583197148
509,-0.03408739956041412
510,-0.14448351125768852
511,-0.08562120249757066
512,-0.04504481209737116
513,-0.10661944073628127
514,-0.028234936887993417
515,-0.15385452519106368
516,-0.10939288632576001
517,-0.19159698441679798
518,-0.0017858180684183866
519,-0.150090527263
520,-0.041183449382187244
521,-0.0693579572816728
522,-0.23485772566340168
523,-0.018689755879664264
524,0.02634586356983058
525,-0.05250728575690362
526,0.014878499494118918
527,0.08208545967270639
528,-0.11518730383469432
529,-0.05245264403233497
530,-0.13356897113560667
531,-0.125589906897113
532,-0.03684766785206519
533,-0.08423254215515788
534,-0.06060778623585526
535,-0.013963787892984292
536,-0.17370326141417566
537,-0.028860053384082318
538,-0.08433028841635788
539,-0.07150840999038459
540,-0.04316234221320728
541,-0.15306235000615542
542,-0.11710621742259394
543,-0.03447000254922274
544,-0.12251047120185823
545,-0.029592599805931832
546,-0.14389010075529476
547,-0.14389010075529476
548,0.05685447785231758
549,-0.046179643691142074
550,-0.004498066810548588
551,-0.06662273290721565
552,-0.07218937186406753
553,-0.07458808222259244
554,-0.07879996470125261
555,-0.008483389320575284
556,-1.0671295269571715e-05
557,-0.0818651515885435
558,-0.012077868293988676
559,0.010585747241096257
560,-0.20734127095954208
561,0.0407330496661256
562,-0.09024176582173475
563,-0.14660131016449304
564,-0.030592725314629178
565,-0.06147048955946266
566,0.04335866926937998
567,-0.002732936258674266
568,0.05660395033195064
569,-0.21426747192051981
570,0.01573632831146623
571,-0.1617681549653122
572,-0.06698113382047914
573,-0.06698113382047914
574,-0.21171209975479272
575,0.029117352976336174
576,0.014914218832006818
577,-0.03619166281040977
578,-0.1466772531333213
579,-0.04560155983774482
580,0.020390850344080662
581,-0.13071097244309182
582,-0.10068723411007996
583,-0.10643011410213105
584,-0.04033126174439937
585,-0.10533535686259267
586,-0.2415651891049846
587,-0.008069736116746148
588,-0.05685932564344288
589,-0.11777224351737432
590,-0.04533429366324883
591,-0.15324416400242558
592,0.002263807290605166
593,-0.06357254993615319
594,-0.07300594546946176
595,-0.06254450763469668
596,-0.013018181776520102
597,-0.1423719686763433
598,-0.14688173788874695
599,-0.03589124823826209
600,-0.06277383473501681
601,-0.07498645194469829
602,-0.09880240481778921
603,-0.10365766612660693
604,-0.05129893384447745
605,-0.007617137401545472
606,0.027939361909709973
607,0.027939361909709973
608,0.020175040620048865
609,-0.057647806709330784
610,-0.13483033957190405
611,-0.12280942637047072
612,-0.11483175253089732
613,-0.040859052250171175
614,0.011729165999718747
615,-0.09737432183484332
616,-0.2264216926295482
617,-0.03583111675119981
618,-0.03583111675119981
619,-0.07312478883317744
620,-0.020011108436592342
621,-0.08931057038237883
622,0.005446053393874813
623,-0.11687065533916431
624,0.011378724950521127
625,-0.06830289150372101
626,-0.11249553456208702
627,0.036193243001327785
628,-0.0347989340810586
629,-0.09062566498145323
630,-0.04796180085605965
631,-0.12163661397115706
632,-0.046142859764351035
633,-0.11498963169110983
634,-0.1578824477815203
635,-0.0913154537318525
636,-0.06581486075885647
637,-0.16011842610068258
638,-0.11111983607442322
639,-0.04817975564874837
640,-0.07801707190746242
641,-0.04417283921275621
642,-0.0915983217708633
643,-0.15370156654086573
644,-0.1904603838620006
645,-0.15630205038503237
646,-0.19223183710432906
647,-0.02018948359177301
648,0.00504571486527615
649,-0.11222084631497388
650,-0.1766698180329725
651,-0.08072906890090747
652,-0.14861244774316953
653,-0.03930463123675337
654,-0.042822462537420405
655,-0.11161686301144783
656,-0.029812039651869862
657,-0.06367457493954945
658,-0.173068076359138
659,0.01421838824218432
660,-0.03757856551330507
661,-0.0647814461600326
662,-0.04369544297329356
663,-0.024124530858616086
664,-0.045825580642258355
665,-0.03591627321354922
666,-0.03591627321354922
667,-0.14424161390030063
668,-0.08273064827531468
669,-0.016328462424321212
670,-0.0626372603972378
671,0.0051848102370994084
672,-0.0029218072945121987
673,-0.0029218072945121987
674,0.03263244104502343
675,0.01964835649910031
676,0.07232479769724992
677,-0.009657326761185595
678,-0.0994323326526726
679,0.009126577268613613
680,0.0032012450090253657
681,-0.053833560654584375
682,-0.06072142855484732
683,-0.13761540929801586
684,-0.030439613937688594
685,-0.049013999305617666
686,-0.05960066822898046
687,0.015119333585764987
688,0.019767457375946103
689,0.013389272999612546
690,-0.033852483901408624
691,0.05829024929363874
692,-0.031035466737404573
693,-0.04581402583025481
694,0.012251344090096634
695,-0.0928536942009481
696,-0.06429686704312466
697,-0.04405500001840592
698,-0.19224906989171708
699,-0.036610623418187334
700,-0.0766475913568843
701,-0.07485041292494961
702,-0.07485041292494961
703,-0.12354331448138998
704,0.03943695975404197
705,0.022871403601339022
706,-0.11959155719348753
707,-0.014044887256253148
708,-0.08935296262137926
709,-0.006862465421876456
710,-0.0813606101318287
711,-0.028668338272184967
712,-0.09297504250725515
713,0.003192094458051904
714,-0.08785055142391221
715,0.011560015990456668
716,-0.10426527851389827
717,-0.043835487479609164
718,-0.08025986839714694
719,-0.049958523094870366
720,-0.08816297299208324
721,0.0005453152709138341
722,-0.06262629428539616
723,-0.021395164665852562
724,0.01473064512225034
725,-0.08232771377641276
726,-0.07311028338034475
727,-0.0767822192271899
728,-0.03901558307992487
729,0.0346806142317415
730,-0.07117784992850233
731,-0.07886730191248792
732,0.0006257047039261159
733,-0.005766663163869013
734,-0.07336905387949641
735,-0.05336528893716087
736,0.023813872085249203
737,-0.06897986885439193
738,-0.06036664315428637
739,-0.027816532190736185
740,-0.06308339766350812
741,0.054184125482064055
742,-0.08175838141114301
743,-0.026497100837214065
744,-0.06509218260871003
745,-0.07879164667107
746,-0.054607381655765626
747,0.020313365453957427
748,0.03644569115004601
749,-0.0005996942623612369
750,0.026826056792979502
751,0.07950085628253124
752,-0.10604752986382057
753,-0.06872878422239095
754,-0.07557705969538747
755,-0.07557705969538747
756,-0.002505684105852622
757,-0.08590952953953426
758,-0.09336666196388715
759,-0.022529058053536794
760,-0.07132445283342052
761,-0.019235429011510975
762,-0.014102828959350526
763,-0.09152736777051643
764,-0.06532275656411295
765,0.02534452864629813
766,-0.01536365021241277
767,-0.034763337820607976
768,-0.06570186295213123
769,-0.03801881348912545
770,0.004301475701072174
771,-0.08905052462939221
772,-0.02270210180872769
773,-0.10403660889390387
774,0.008868741499966
775,0.0009754123249714076
776,-0.01000021258934947
777,-0.036917975714564795
778,-0.051030459551500845
779,-0.07542581073496087
780,-0.07542581073496087
781,-0.0011707911402472416
782,0.004222706078254907
783,-0.1097844678835865
784,-0.10878842140272883
785,0.007980537070934974
786,-0.023704347324936786
787,-0.08301756699225672
788,-0.05610358541867745
789,0.028763965084964992
790,-0.0686813875661782
791,-0.07157157582080227
792,0.0007584435562618155
793,-0.014058527056983327
794,-0.11079517383868231
795,-0.09008141688579835
796,-0.10979948569531131
797,-0.06418463446090311
798,-0.10979948569531131
799,-0.008986889570407856
800,0.01606423765214361
801,-0.10013223277519998
802,0.008072872171991907
803,-0.02464027014627369
804,-0.032446563764463136
805,-0.0032265313890587535
806,-0.09890532134124153
807,0.011956456713652636
808,0.024748198150369615
809,0.011956456713652636
810,-0.10690701274194692
811,-0.012931728695057949
812,-0.0796689741751326
813,-0.017297755102171183
814,-0.05027093518348314
815,-0.06252824739901332
816,0.07727321866350571
817,-0.0068854761722276295
818,-0.04815026819978522
819,-0.03919702739043057
820,-0.02917356361525057
821,-0.05952147012165489
822,-0.03443424248053106
823,-0.11843391240448702
824,-0.007885781268707289
825,-0.02720179743006942
826,0.0030957395079661792
827,-0.054706588848534896
828,-0.023415152848043724
829,-0.004265965175303688
830,0.012512483361108601
831,-0.059077910430788395
832,-0.030961674449120236
833,0.041835471882022766
834,0.010382140122133066
835,-0.04050704534285073
836,0.02986898845977576
837,-0.08172469337197394
838,0.05016138084473236
839,0.002372349764340714
840,-0.04305049904800629
841,-0.030900169985433202
842,-0.09797003606341508
843,-0.00564787780956011
844,-0.10918130834725849
845,-0.057475640034442256
846,-0.04173225300689365
847,-0.025802261001641295
848,-0.04046915426443465
849,0.021356908600263767
850,-0.08182468007283576
851,0.05553868226598823
852,0.059540486158886415
853,-0.033577720605234694
854,0.022782442193469917
855,-0.015156226453877939
856,0.021044748866994447
857,-0.030194216979260804
858,-0.11521736682118701
859,-0.0936352200674922
860,0.010368045795066163
861,-0.18063000068327395
862,-0.03319252868775961
863,-0.0465198377217999
864,-0.020807663283839165
865,-0.11584095556091584
866,0.03809226444867886
867,0.0388166235154495
868,-0.0699551059665268
869,-0.01028930328449131
870,-0.1729296431134264
871,0.02458590455899024
872,-0.06524938667239463
873,-0.04957869895800914
874,-0.027091027876061886
875,0.0520246982057204
876,0.0520246982057204
877,-0.0534184738759232
878,-0.0043975708240314975
879,-0.016706758975795426
880,-0.04988028149009395
881,0.006815291281370901
882,-0.022532848844963368
883,-0.03505076707584734
884,0.003147292315190653
885,-0.023938835162594756
886,0.03664653969674768
887,0.012856402230741807
888,-0.07089116544407015
889,-0.05496747694476582
890,-0.035574463786325096
891,-0.01743949432387616
892,-0.004427379264850796
893,-0.07948602179573688
894,0.02550759925176898
895,-0.09267878426206913
896,-0.10515759972921579
897,-0.034290365929649944
898,-0.030715356769226855
899,0.023822873004521496
900,0.011008425281334543
901,0.014343030462890196
902,0.027049691024277997
903,-0.04660664553549673
904,-0.059915540532798094
905,0.055337003392419905
906,-0.09737209445768043
907,-0.05451970032833206
908,0.03202982704456134
909,0.023031301359644367
910,0.034441546821976206
911,0.019799518016516093
912,0.014520022256064578
913,0.035396854617302784
914,-0.012374586831205242
915,-0.007431571869978291
916,-0.043254767621034106
917,-0.030835607705446005
918,-0.0824466124402763
919,-0.046804920912287266
920,-0.10591797549395553
921,-0.09001455544202215
922,-0.0726638620864946
923,-0.16792011617590274
924,-0.02613267949845983
925,-0.09423604286190172
926,-0.12042396920856217
927,-0.07282193984467905
928,-0.10412927036539858
929,-0.08805220899218347
930,-0.023848499440456767
931,-0.06969638780000821
932,-0.08840242772054432
933,-0.1641133732535826
934,-0.11283765470110345
935,-0.16217827244175326
936,0.09887834909193548
937,-0.12261263396130126
938,-0.0807784479443125
939,-0.0654811495721548
940,-0.11868790357671727
941,-0.09881306803374186
942,-0.09062566851852093
943,-0.10508671169766487
944,-0.05792257080140104
945,0.016808277779936945
946,-0.07555936888787819
947,-0.0676288068317563
948,-0.05456016008209996
949,0.007859838642505404
950,-0.08299869644237828
951,-0.11802854732597233
952,-0.04509049051496318
953,-0.09624038382494683
954,-0.16065437357207651
955,-0.07457913748202971
956,-0.067210669574224
957,-0.07522812569335222
958,-0.08287424755349485
959,-0.0338116537363749
960,-0.08542099539663538
961,-0.1066591414741651
962,-0.10950670735372084
963,0.02874210799744204
964,-0.10606797388508521
965,-0.038103454071366887
966,-0.14924742403720312
967,-0.11569191169481166
968,-0.1664498044883443
969,-0.039927722686883105
970,-0.026132988835523823
971,-0.026132988835523823
972,0.033816961418719794
973,-0.09661358330960645
974,-0.0970638399919051
975,-0.0897243966050419
976,-0.09257556472873878
977,-0.16047500712800766
978,-0.10709294615994817
979,-0.028001036063475943
980,-0.10395271068906645
981,-0.007975894662946778
982,-0.09643862598924349
983,-0.09065148333540497
984,-0.09856376183850786
985,-0.022107595256276258
986,-0.05682574535300793
987,-0.08565091449318761
988,-0.08937396810800478
989,-0.08657849051253227
990,-0.01357382257881073
991,-0.10043937914999619
992,-0.07240186417024115
993,-0.0829892609144437
994,-0.15018814886057627
995,-0.07680377985425557
996,-0.11216498355438492
997,-0.0184798822546679
998,-0.07275914994294969
999,-0.0005081245076022135
1000,-0.11741755864216813
1001,0.013259926383403264
1002,-0.07575752679634118
1003,-0.03837660810649377
1004,-0.09549353941246187
1005,-0.10942801754885413
1006,-0.05948516842814587
1007,-0.04168142231938032
1008,-0.01249206701188555
1009,-0.10145975833071137
1010,-0.14280460621905428
1011,-0.10764968071525688
1012,-0.034253975688800016
1013,-0.06416667913580083
1014,-0.12756188678653899
1015,-0.0944901946494668
1016,0.057058625835849974
1017,-0.09715466219887826
1018,-0.1259184720044099
1019,-0.08837222053593977
1020,-0.028296625028338296
1021,-0.10071492029166375
1022,-0.14436467614141535
1023,-0.023957777056084546
1024,-0.052446905209819164
1025,-0.0311391414847351
1026,-0.0311391414847351
1027,-0.08813800388536194
1028,-0.04223888480362414
1029,-0.08607774455896419
1030,-0.06899439282522672
1031,-0.08969756763970342
1032,-0.08518619204952001
1033,-0.06136975670869608
1034,-0.060789740108951176
1035,-0.06011482894495309
1036,-0.08145344916816032
1037,-0.1070298213080253
1038,-0.08062265248762258
1039,-0.08337838392597173
1040,-0.051075897857258676
1041,-0.15202964254930507
1042,-0.08098935836235548
1043,0.08229274424331186
1044,-0.02940594846575181
1045,-0.011870156943758318
1046,-0.04135969404484549
1047,-0.10809780101170863
1048,0.06480810546895577
1049,-0.08049871296795076
1050,-0.054585363667845034
1051,-0.11209698999252887
1052,-0.015956625616327224
1053,0.0683140170398144
1054,-0.07714164555170905
1055,0.022723453819781362
1056,-0.061314420091598
1057,-0.09564698203791566
1058,-0.10518544716780842
1059,-0.08161334008377515
1060,-0.08161342995160958
1061,-0.08498376079875476
1062,-0.11851286241130768
1063,-0.07940429334188609
1064,-0.06433787333714168
1065,-0.07643548630670272
1066,-0.07688927544417885
1067,-0.07276010567414615
1068,-0.05932853814558398
1069,-0.047215170996792344
1070,-0.03541456302597103
1071,-0.1461590925124263
1072,-0.07125389868504996
1073,-0.06488958662403684
1074,-0.0940735178230545
1075,0.008166081892279136
1076,0.008166081892279136
1077,-0.011416349691684004
1078,-0.10767409699676733
1079,-0.046327101059840003
1080,-0.080501019355545
1081,-0.09443619147782041
1082,-0.11087359127122669
1083,-0.10225393600627486
1084,-0.05378329540530366
1085,-0.10830340486907213
1086,-0.08478595135888671
1087,-0.1032152210923233
1088,-0.04690258420448678
1089,-0.10159505933924189
1090,-0.10504971031123467
1091,-0.07333845135412032
1092,-0.06242707543400529
1093,-0.08229741156082668
1094,-0.04476581152021565
1095,-0.003227676101200361
1096,0.0030020132840331924
1097,-0.10360389588841062
1098,-0.0881669879304914
1099,0.02638339402452946
1100,-0.040730896091549305
1101,0.03764558859225691
1102,-0.1994175865872255
1103,-0.06359619326665543
1104,-0.044701751541227894
1105,-0.08342206509132578
1106,-0.0792984373283341
1107,-0.07365259755968456
1108,-0.11435004027591687
1109,0.029016106149913068
1110,-0.12323370281787174
1111,-0.12312914473358265
1112,-0.015610000626338666
1113,0.00851818858006669
1114,-0.10516327435656923
1115,-0.11422220909984307
1116,-0.07386966615148603
1117,-0.12179881437488006
1118,-0.09086796898462031
1119,-0.11319920982760343
1120,-0.07030924520140369
1121,-0.10849452397894699
1122,-0.04685433593948647
1123,-0.0756526033200472
1124,-0.11040098130165418
1125,-0.04920754859761302
1126,-0.060712689169082665
1127,-0.08950875993247509
1128,-0.06298382168024601
1129,0.0046917002226844464
1130,0.06523362615879011
1131,-0.04209804493223179
1132,-0.09964976254433135
1133,-0.02256483289274595
1134,-0.04204277810677391
1135,-0.08241273752913252
1136,-0.12013689519393997
1137,-0.07966462948733266
1138,-0.08488473292812347
1139,-0.13050874246217137
1140,-0.07966462948733266
1141,-0.10212571853339374
1142,-0.13523823239913632
1143,-0.13453628478233065
1144,-0.07984940497451352
1145,-0.08282109363495246
1146,-0.06669462041828496
1147,-0.10405356075385365
1148,0.06997620414206189
1149,-0.01665005237353026
1150,-0.09109760404147306
1151,-0.013546467765006925
1152,-0.08215359412700513
1153,-0.10685552302566692
1154,-0.08387165014541732
1155,0.00977738012183709
1156,-0.054604439431128395
1157,-0.10162374554879738
1158,0.02853532582093272
1159,-0.10799441184346599
1160,-0.03180901490636946
1161,-0.0686306444517896
1162,-0.05067302665010645
1163,-0.047864119136507406
1164,-0.12683713909090572
1165,-0.12920367898132462
1166,-0.05566861709569251
1167,-0.08537414117029773
1168,-0.08127682078876401
1169,-0.03823814097469704
1170,0.06314025834819832
1171,-0.034132275126219566
1172,-0.07946221945645965
1173,-0.04774251711441421
1174,-0.05385278555162947
1175,-0.08798235044563567
1176,-0.080135119583226
1177,-0.13485886986272008
1178,-0.05340558380158141
1179,-0.058973985581934535
1180,-0.052443001841193805
1181,-0.0877390024791011
1182,-0.09801537152703663
1183,-0.03381823010486957
1184,-0.04117716824706679
1185,-0.08855162043916678
1186,-0.03630815117346315
1187,0.044776283698989484
1188,-0.10645105279977704
1189,-0.12289107026155052
1190,-0.07266733535591192
1191,-0.08566351028115589
1192,0.011779679185007969
1193,-0.05019092007595335
1194,-0.07913985768845579
1195,-0.05101050804696897
1196,-0.09069016135528225
1197,-0.13547991002159224
1198,-0.08990472487558257
1199,-0.04548644799170164
1200,0.04583582734506966
1201,-0.07894236174106023
1202,0.03258461157664531
1203,-0.0960586068886243
1204,-0.07180069981762059
1205,0.03201184403478669
1206,-0.016156204537931748
1207,-0.07814649669368438
1208,0.09979693930819589
1209,-0.1174941784749242
1210,0.010462705625178073
1211,-0.028633297185079735
1212,-0.049112791867675865
1213,-0.04859768151070291
1214,-0.03211798526578207
1215,-0.17758873620238189
1216,-0.10102783911953614
1217,-0.07860759656507962
1218,-0.10543163325204337
1219,-0.09408459299056554
1220,0.02132361144204335
1221,-0.08811171366200132
1222,-0.021115450487691544
1223,-0.0732502006314755
1224,-0.03519137865792514
1225,-0.08998023336220101
1226,-0.05800496414474005
1227,-0.0393067256023582
1228,-0.11017526701543473
1229,-0.06800364036652859
1230,-0.07393154663382706
1231,-0.0643711306475138
1232,-0.12093650876992149
1233,-0.037831443728232654
1234,-0.08678219180615328
1235,0.0277782144876779
1236,-0.023093917618425393
1237,-0.007443245270137113
1238,-0.04598357358099921
1239,-0.048171150819677655
1240,-0.11116891266583695
1241,-0.07798489052040422
1242,-0.01627120565738093
1243,-0.05043250698152107
1244,-0.0812587999863351
1245,-0.01627120565738093
1246,-0.1279023561228756
1247,0.022914722041072054
1248,0.001096098987706792
1249,-0.08764347695689303
1250,-0.041394581524424705
1251,-0.1239791185298492
1252,-0.0008717008872157029
1253,-0.10929169992812314
1254,-0.054306467776264786
1255,-0.012879165370506753
1256,-0.058514323860186915
1257,-0.12163330772320087
1258,0.02036334939314677
1259,-0.0744409604831858
1260,-0.03162785398861784
1261,-0.05413841585489937
1262,-0.10722188116215806
1263,0.02027690997930309
1264,-0.13078905107906655
1265,-0.027150334441494357
1266,-0.11670272870806786
1267,-0.04325531722315952
1268,-0.11301443222225503
1269,-0.05501280181490436
1270,-0.08768074608156293
1271,-0.04752342714543806
1272,0.03695982436825881
1273,-0.017035503109562096
1274,0.11377399118074964
1275,-0.09156977429856392
1276,-0.13006375894546737
1277,-0.1218179052578393
1278,0.04399776740251723
1279,0.020494558410844767
1280,0.007897870657776017
1281,-0.08199543813982876
1282,-0.007247570866929309
1283,-0.13970617386488446
1284,-0.031163649405374874
1285,-0.1380473205051273
1286,-0.08259044770993551
1287,-0.07786483099208145
1288,-0.08174963150626366
1289,-0.023744144449718844
1290,-0.08484883371554876
1291,-0.051550962208607914
1292,0.017808271109622503
1293,-0.03667313032368944
1294,-0.11266157975621657
1295,-0.13802857183355755
1296,-0.08844120842851669
1297,-0.08844120842851669
1298,-0.06431981028398395
1299,0.025574707096752608
1300,0.025266803829541544
1301,-0.14091450370886116
1302,-0.006674793223567286
1303,-0.14507513772091957
1304,0.008851554533563736
1305,-0.024852935454008986
1306,-0.044445529692652745
1307,0.006578775572610024
1308,0.013698305802733877
1309,-0.10864137788436
1310,-0.14187642221302219
1311,-0.06577903822373218
1312,-0.15537399450243433
1313,-0.15603585748388424
1314,-0.01831366964787458
1315,-0.017704705929396516
1316,0.02412374238084863
1317,-0.06766222489779193
1318,-0.08513188209347146
1319,-0.13081571712853016
1320,-0.0423918719781477
1321,-0.06798517946690567
1322,-0.04538686108013208
1323,0.0079624393906968
1324,-0.004653485228657852
1325,-0.02675115536839022
1326,-0.0504946650226061
1327,-0.1247039121422707
1328,0.03584564789489691
1329,-0.004611139410838732
1330,-0.11436708397421438
1331,-0.09752992871200435
1332,-0.10187399918076726
1333,-0.027370374587717405
1334,-0.02331404435307718
1335,-0.02331404435307718
1336,-0.07639534048200462
1337,-0.10216423572337092
1338,-0.07284724936707307
1339,-0.019147373423043366
1340,-0.019255998883994766
1341,-0.025369353760602877
1342,-0.011010513518010879
1343,-0.045140657098743917
1344,-0.034558088196439594
1345,-0.008443246794316718
1346,-0.0970983365909994
1347,0.09849981170043005
1348,-0.12455214799020636
1349,-0.06262660554607943
1350,-0.092114194362211
1351,-0.11221379370482705
1352,-0.02361960365506782
1353,-0.04536673907758416
1354,0.007141969908193822
1355,-0.05489243904371438
1356,-0.14559607647419756
1357,0.008621907684252021
1358,-0.08900194360795434
1359,0.0014239772985869586
1360,-0.07876640278271682
1361,0.04819585053122591
1362,-0.020858948462655007
1363,-0.013174099466999488
1364,-0.10709438128966269
1365,-0.03987229385869974
1366,0.03786392245370204
1367,0.004432693468774609
1368,-0.06752684804156475
1369,0.02637268618113179
1370,-0.13370368478060352
1371,-0.13514493961012813
1372,-0.09971252861148797
1373,-0.034015411723728975
1374,-0.15846954151350467
1375,0.014372159035161557
1376,-0.16671857216121394
1377,0.004294175617876558
1378,-0.07507390192236059
1379,-0.018795155896251987
1380,-0.12120211331755183
1381,-0.05074381627566346
1382,-0.06448062659516916
1383,-0.16062077668354646
1384,-0.04179047834108838
1385,-0.18485746290260904
1386,-0.039015501263650644
1387,-0.03135530599281549
1388,-0.15945326819069597
1389,0.028384673848446482
1390,-0.06151709836026562
1391,-0.15485535551581986
1392,-0.11895028588630971
1393,-0.1548198818681425
1394,-0.0583080649059739
1395,-0.0630919473648112
1396,-0.004817103350648045
1397,-0.1137452415459139
1398,-0.19400246029339152
1399,-0.11948832974900915
1400,-0.1149288008970367
1401,-0.19353577635352973
1402,-0.06166275494525532
1403,-0.0654702807432623
1404,0.015455442477568153
1405,-0.11705542878720034
1406,-0.002771498178053822
1407,-0.009598712314204647
1408,-0.19232446230072328
1409,-0.11612097605474593
1410,-0.16259670518497316
1411,0.023827626670498408
1412,-0.1197580802720275
1413,-0.03399419589978158
1414,-0.11842442230726251
1415,-0.15325846897553902
1416,-0.14873104855842387
1417,-0.018289618703841496
1418,-0.07419295937105691
1419,-0.06971996014630204
1420,-0.04112350720260643
1421,-0.10702455376928832
1422,-0.188859643770165
1423,-0.12191280968159363
1424,-0.15368605824474524
1425,0.008061673218335704
1426,-0.05991607850396685
1427,-0.05991607850396685
1428,-0.13759084943729258
1429,-0.04075452524032899
1430,-0.015122889183963787
1431,0.021779835327310922
1432,0.025867337377652386
1433,-0.05156459791720098
1434,-0.10086674238213063
1435,-0.12544668098714484
1436,-0.024836372365913115
1437,-0.12957947938831985
1438,-0.026194563657220334
1439,-0.0694723768334454
1440,-0.015278495204204183
1441,-0.03140135298312954
1442,-0.011359374998157689
1443,-0.09060690631972579
1444,-0.012475321078013942
1445,-0.06890996597627441
1446,-0.18536827132759442
1447,-0.030345967018687598
1448,-0.017688337922087637
1449,-0.10282517805644673
1450,-0.05716498317019121
1451,-0.04156825780359935
1452,-0.06683505812672981
1453,0.02927744170928634
1454,-0.06139462785043345
1455,-0.06439121197096655
1456,-0.010104882534334093
1457,-0.040902379392877455
1458,-0.07749737040891944
1459,-0.02133964055491905
1460,-0.02729577589316394
1461,-0.019722191576915668
1462,-0.10446670133735149
1463,-8.267192140699622e-05
1464,-0.011409877588323432
1465,-0.06537384104606771
1466,-0.04623621182719799
1467,-0.03856991654985633
1468,-0.050250966936509885
1469,-0.11140209520978295
1470,-0.01649250403091153
1471,-0.04144679115338171
1472,-0.2114101288597785
1473,-0.10055218866782592
1474,0.010857359829718765
1475,0.012465480247558346
1476,-0.04424015665175703
1477,-0.0470683196173333
1478,-0.021484781800739785
1479,-0.06731547437809363
1480,-0.05578833361549129
1481,-0.04525556466083806
1482,-0.034706975415108386
1483,-0.034706975415108386
1484,-0.09261113460764103
1485,-0.022311210916720066
1486,-0.028893278697799542
1487,-0.06823681641396499
1488,0.0077613896716736104
1489,-0.07927424326691473
1490,-0.015258416783611973
1491,-0.009929581660466133
1492,0.011243626706470252
1493,-0.19230709498938015
1494,-0.07204773545762366
1495,-0.05555944649294807
1496,-0.013651139540335977
1497,-0.08193963555782073
1498,-0.07241401255367753
1499,-0.0775541410301253
1500,-0.04920512853676254
1501,-0.038908380848123834
1502,-0.09181339140749206
1503,-0.07017180970042594
1504,-0.038168503032794045
1505,-0.03503269011987902
1506,-0.06571073058143354
1507,-0.0723329545923108
1508,-0.034343585569294656
1509,-0.05734528101534843
1510,-0.08733699464218223
1511,-0.08597179221148821
1512,-0.052234260560285295
1513,0.02720554762455779
1514,-0.06295082611096253
1515,-0.16048842585821194
1516,-0.10898058968862015
1517,-0.04979798079281457
1518,-0.03554073628522743
1519,-0.0894139847297097
1520,-0.12056601658697695
1521,-0.05006011746211697
1522,-0.023783100779737956
1523,0.0026644577903691784
1524,-0.04154878591223102
1525,-0.07205160860220011
1526,-0.07205160860220011
1527,-0.0610874095569126
1528,0.019985827078625902
1529,-0.056089340225593476
1530,-0.05688683255161309
1531,-0.15701031149075756
1532,-0.032565392129541015
1533,0.04748584573945805
1534,0.04531881571466141
1535,-0.017717200319236792
1536,0.0009788951597168838
1537,-0.03657911598328906
1538,-0.07720523085717305
1539,-0.09646131125539407
1540,-0.06004881546208162
1541,-0.05840027965224798
1542,-0.07223765765074154
1543,-0.07812184112513909
1544,-0.10799665752610182
1545,-0.1532727750129917
1546,-0.04454626364354914
1547,-0.037123946310695
1548,-0.06432283038727744
1549,-0.0925228441659067
1550,-0.005798204301488576
1551,-0.03861761440951005
1552,0.04467658599339612
1553,-0.005309591495326393
1554,-0.04206624842082136
1555,-0.05480046172190303
1556,-0.09618981355702355
1557,-0.07607603268809038
1558,-0.07856492185446816
1559,-0.05040161624363481
1560,-0.06353780785537608
1561,-0.1422278214769886
1562,-0.029316021586344904
1563,0.0063531201156959245
1564,-0.020974929975162555
1565,-0.09724034169321531
1566,-0.04143688892938575
1567,0.07976324252721616
1568,-0.03787827785278918
1569,-0.057606681147409536
1570,-0.005730669644560569
1571,-0.057305958850729935
1572,-0.04781920680120606
1573,-0.1384656664111473
1574,-0.15251580976667006
1575,-0.053642292980669096
1576,-0.13776745849619945
1577,0.07856141016542323
1578,-0.03654187964998099
1579,-0.06145265667959746
1580,-0.05855734587070782
1581,-0.05670025869473086
1582,-0.09785847107764545
1583,-0.09180119053088592
1584,-0.06085947533243701
1585,-0.08978423912130504
1586,0.021035124165895664
1587,-0.06062964066671311
1588,-0.11694337477521675
1589,-0.0500144896994311
1590,-0.05967555313014537
1591,-0.130654226429033
1592,-0.05183991198710133
1593,-0.0740887955004076
1594,-0.07581824279415557
1595,0.0009675262135357078
1596,0.044498255724228664
1597,-0.07639636319663443
1598,-0.10753320252040664
1599,-0.08895892697076936
1600,-0.049729075463119596
1601,-0.0709808346881437
1602,-0.1476957214174497
1603,-0.20124121162880615
1604,-0.19023082834355848
1605,0.013975953067216045
1606,-0.05340538065476645
1607,-0.18990642585587814
1608,-0.10501613909689625
1609,-0.04453944283771926
1610,-0.025243353297914092
1611,0.025840689238673862
1612,-0.1341545826560166
1613,-0.06026198943278986
1614,-0.007954415066217654
1615,-0.09530577077175631
1616,-0.06699339554088188
1617,-0.11451577976039318
1618,-0.015442281235316822
1619,-0.07705198763349214
1620,-0.07049088090333887
1621,-0.09595689221199424
1622,-0.038321142417887345
1623,-0.12338456059085212
1624,-0.013883762472001985
1625,0.024801069794157797
1626,-0.09449311586154345
1627,-0.18422347043873513
1628,-0.0005453057841531266
1629,-0.05075978309616811
1630,-0.011659057805768341
1631,-0.09403121293117722
1632,-0.07576311629443025
1633,-0.08345892105488296
1634,-0.11050630605929339
1635,-0.05083944105731011
1636,-0.009326776873811414
1637,-0.003838741225665322
1638,0.004174452949397506
1639,-0.06376486107927214
1640,-0.11711053555495882
1641,0.0018471905776294383
1642,-0.14473157204824416
1643,-0.012933917636258153
1644,1.9486671603537764e-06
1645,-0.06746535715734601
1646,-0.016436972028414674
1647,-0.004676364921229868
1648,0.00046487969958291164
1649,0.047909748330121175
1650,-0.09976703118574592
1651,-0.05166918604171719
1652,0.003387093836226812
1653,-0.06643506388722908
1654,0.015271602348227834
1655,-0.11175680526126161
1656,0.04840769025775402
1657,-0.16309183591310536
1658,-0.09800783309680974
1659,-0.05479651128117234
1660,-0.08335124237969455
1661,-0.10301472429854769
1662,-0.0487575841656947
1663,-0.09753102158764927
1664,-0.06325043704470061
1665,-0.06145354456517923
1666,0.07155514493829646
1667,-0.047848853020917514
1668,0.08588157887688995
1669,-0.015901126489718184
1670,-0.047689906614176734
1671,-0.06846032219107903
1672,0.008461275198614221
1673,-0.09811454416789583
1674,-0.026644565439159346
1675,-0.07794622773953278
1676,-0.05858484747972358
1677,-0.08818324987549525
1678,-0.05866060230467307
1679,-0.12853396414036714
1680,-0.006168786102560673
1681,-0.08123189963690691
1682,0.04870135973742183
1683,-0.021644841212864765
1684,0.007826388893816072
1685,0.07419505300481886
1686,-0.0657223960453917
1687,-0.0580094584188735
1688,0.00013346514025611354
1689,-0.07203313262466664
1690,-0.0805565976043934
1691,0.004854948234208591
1692,0.014505512270844415
1693,-0.076774087139599
1694,-0.12459741773816299
1695,-0.07673098065467775
1696,-0.07787552580316318
1697,-0.06042460208276192
1698,-0.04604162392677661
1699,-0.07787552580316318
1700,-0.06898395437770936
1701,0.02207376339532906
1702,0.0017080077040095632
1703,-0.04723906354187339
1704,-0.11618939533172926
1705,-0.008775838223073673
1706,-0.04383294533069832
1707,-0.10731184306485109
1708,0.033609279715139294
1709,-0.13619087172894462
1710,-0.016088475746394416
1711,-0.03771546229445233
1712,-0.0918331784741476
1713,-0.1293790274743489
1714,-0.007841781144666505
1715,0.037013685785975955
1716,-0.005104907286908787
1717,0.015464902235613127
1718,-0.16591252423839947
1719,-0.13103973911644798
1720,-0.12895258513499666
1721,-0.1229740947988427
1722,0.03599870970686714
1723,-0.14558538767394644
1724,-0.11361145268199377
1725,-0.06254496726938345
1726,-0.12091476039936593
1727,0.007786631466130168
1728,-0.005631334306698624
1729,-0.03414838155729095
1730,-0.026925447416611778
1731,-0.013661750694903082
1732,-0.1205779514592359
1733,-0.054215417673551765
1734,-0.1095402624281174
1735,-0.12971442393636448
1736,-0.10165743390550526
1737,-0.008415029884275246
1738,-0.1642029379158492
1739,-0.04885625697037851
1740,-0.006037155359908884
1741,0.014456694080909301
1742,-0.119876264070451
1743,0.004514683585712138
1744,-0.12562742676646696
1745,-0.11043122025548167
1746,-0.11043122025548167
1747,-0.07156266644152902
1748,-0.09719973980626448
1749,-0.13113451971604112
1750,-0.04096916470595935
1751,-0.0547480908395397
1752,-0.0837289580746774
1753,-0.08070548673830787
1754,-0.009608664637813593
1755,-0.08570406908123288
1756,-0.16836510743374652
1757,-0.04853491488606137
1758,-0.017164412791438273
1759,-0.13428337577840527
1760,-0.019131743659568788
1761,0.026082761014914965
1762,-0.14102844470908424
1763,-0.09034015668985172
1764,-0.12806396393493805
1765,-0.08144716824963294
1766,-0.1287348733707706
1767,-0.11497259457380753
1768,-0.014976176749747631
1769,-0.11871672881797486
1770,-0.006694020229023414
1771,-0.06545766997600141
1772,0.0010276829354724775
1773,-0.043711157234180384
1774,0.037236970873178336
1775,-0.06754024365473471
1776,-0.09025932194003196
1777,-0.08435221761190799
1778,-0.07184051039637579
1779,-0.05184955171133416
1780,-0.05184955171133416
1781,-0.05464054146938376
1782,-0.1832166804013672
1783,-0.05263772278307721
1784,-0.007888951919131047
1785,-0.013027479543360886
1786,0.013011189690623927
1787,-0.0789153786487417
1788,-0.012386046767471575
1789,-0.16473478678622175
1790,-0.21550197280427838
1791,0.006751639925601321
1792,-0.049477673588007504
1793,-0.015874260600276708
1794,0.03346047745124198
1795,-0.17519184494174134
1796,-0.16985459936271055
1797,-0.08496060222792304
1798,-0.08744202508125698
1799,-0.08817955441898095
1800,-0.16700240348807796
1801,-0.07774890918776309
1802,-0.09576598374550849
1803,-0.09423559958413671
1804,-0.02030510978690073
1805,-0.08649367180793646
1806,-0.01320960443443831
1807,-0.03118681929302386
1808,-0.19606199194083376
1809,-0.13043052336166808
1810,-0.10362377725591797
1811,-0.0785783639221915
1812,-0.021850437982450257
1813,-0.13273915247967052
1814,-0.060655759596950694
1815,-0.042949796122314796
1816,-0.06801660361536255
1817,-0.012362480797915458
1818,0.005197204043047032
1819,0.03655145824173554
1820,-0.04213188696653537
1821,-0.06899646057819464
1822,-0.0744608437297486
1823,-0.06822288002021785
1824,-0.011307317881761059
1825,-0.03639749732596329
1826,-0.057622620518452405
1827,-0.019457895308428036
1828,-0.03259827443971365
1829,-0.052484692523190664
1830,-0.10668972968677636
1831,-0.025398309544600248
1832,-0.18462302044651155
1833,-0.06513287635998793
1834,-0.15399792605443352
1835,-0.025922401287270445
1836,-0.0960413747374613
1837,-0.15667391011768175
1838,-0.15014450512752184
1839,-0.1503193942240312
1840,-0.0516080220405496
1841,-0.08323164534975645
1842,-0.05611174725941175
1843,0.00813019617774185
1844,0.013552051787801703
1845,-0.0796002103029245
1846,-0.0006434656281411058
1847,-0.062630825465403
1848,-0.08103652739690588
1849,-0.0637276783542622
1850,-0.009583095407244651
1851,-0.019173801661663343
1852,-0.11487411192108123
1853,-0.14999837658058543
1854,-0.021840720146259044
1855,-0.149593607787593
1856,-0.04746099237793665
1857,-0.07099032306256342
1858,0.03730747595570256
1859,-0.07140185276212258
1860,-0.1399649569642824
1861,-0.01737538989926383
1862,0.014235822099788313
1863,0.009941651831202455
1864,-0.06352544784531425
1865,-0.06352544784531425
1866,0.019789423551220823
1867,-0.013939587372908043
1868,0.042015405343170636
1869,-0.09867838846142085
1870,-0.08114374035781109
1871,0.05979162667706383
1872,0.044264675901336134
1873,-0.029539459904546317
1874,-0.09575363230689335
1875,-0.13886780147043393
1876,-0.14115797388928428
1877,-0.06038563704402824
1878,-0.14133918822879174
1879,3.576399796497912e-05
1880,-0.05503940107485708
1881,0.034825373105829296
1882,0.0173680687681392
1883,0.043681205863023355
1884,-0.024992886211318364
1885,-0.07715088881108224
1886,-0.03942957741630937
1887,-0.005857715117474904
1888,-0.0221157122435729
1889,0.04542924299353295
1890,0.05053622872696928
1891,-0.07807486370151195
1892,0.00035389858828111155
1893,-0.07344166867619169
1894,-0.07004695457404442
1895,-0.12609522288594066
1896,-0.057270579914186256
1897,-0.05415613235359854
1898,0.0318827484460313
1899,-0.00685608807843683
1900,0.0440977148452954
1901,-0.031115884150433128
1902,-0.031826889883175224
1903,-0.0537939483459629
1904,0.03542212263490122
1905,-0.15271862426336955
1906,-0.05830439019895084
1907,-0.04911987093566047
1908,0.033689313045663444
1909,0.02384970936002783
1910,-0.1688431654071716
1911,-0.014530452323804538
1912,0.0005034315423338736
1913,-0.13251276468581974
1914,0.02644654621049889
1915,0.0664177363107374
1916,-0.08544379684849931
1917,-0.09318742126458973
1918,0.04079575989887797
1919,0.04001774387359656
1920,-0.11004252116687727
1921,-0.09825337616350666
1922,-0.03790310412997268
1923,0.029870630773515774
1924,-0.03722159124579903
1925,0.006044715287278945
1926,-0.034059282995205165
1927,-0.0936601278860637
1928,0.043283454260443895
1929,-0.11587311393533516
1930,0.005937851202187306
1931,0.03690193846073383
1932,-0.08042886915234132
1933,-0.04633344865849375
1934,0.05120888883913488
1935,0.024381645651802963
1936,-0.058092053539344955
1937,-0.010733610291569282
1938,0.011246328711036719
1939,-0.09645108066328228
1940,0.05196487522772178
1941,-0.07785276286626348
1942,0.09474981927187172
1943,-0.10971738203256895
1944,-0.07600268020208105
1945,-0.07771773046692006
1946,-0.0024732688745341476
1947,0.022085784158223685
1948,-0.09299556777612658
1949,-0.06787308540893214
1950,0.02144613457673734
1951,-0.06604301242717601
1952,-0.07085298521067182
1953,-0.1049346684766902
1954,-0.09346877344206043
1955,0.00376121384558759
1956,0.007007709942668329
1957,-0.017785065282769918
1958,0.017633765079516733
1959,-0.06912356715601131
1960,-0.06451199148350872
1961,0.0045305875062601215
1962,-0.06451199148350872
1963,-0.027119680187006674
1964,-0.08158927163505493
1965,-0.08137816505414558
1966,-0.07248396023639037
1967,0.08647857029783013
1968,-0.015984806323835577
1969,0.010054630114968042
1970,-0.07795846646472322
1971,-0.06254799690195482
1972,-0.04317867617146687
1973,-0.11063276182371956
1974,0.0391349552660891
1975,-0.02670409015829612
1976,-0.05448968248065057
1977,-0.09051420800488316
1978,-0.07063094516553772
1979,-0.042354561166749925
1980,-0.16354039936699935
1981,-0.04292973652133981
1982,-0.03084264911340224
1983,-0.06324489267761926
1984,0.08961386654489516
1985,-0.00029238924484910285
1986,-0.05529616195891462
1987,0.010113132483828164
1988,-0.005912283576973526
1989,-0.012805065795521008
1990,-0.026891526955006625
1991,0.05950292267759712
1992,-0.05127669313002211
1993,-0.04014275749898695
1994,-0.14242325610478027
1995,-0.04307994199556373
1996,-0.0461962848090551
1997,-0.022877546916937583
1998,-0.05706732559208048
1999,-0.015587596145863155
2000,-0.031405250692373245
2001,0.006800259240473554
2002,-0.0933919922316221
2003,-0.002661576736192756
2004,0.0010049279927893857
2005,0.07458849655553018
2006,-0.09488172555607595
2007,0.0018168078799184985
2008,-0.05995643240600179
2009,0.0024246077019333457
2010,-0.09551418271692753
2011,0.01821339269214052
2012,-0.08564476778957095
2013,-0.08671616371502304
2014,0.01987833899228759
2015,-0.0843324724868177
2016,-0.08303756687428752
2017,-0.014252800117593013
2018,0.020938883486206875
2019,-0.01456095889194107
2020,0.005680510761910319
2021,-0.15696951614644697
2022,-0.1561303907090683
2023,-0.02597678092666185
2024,-0.07105720822468012
2025,-0.04164235262586639
2026,-0.05903463257270965
2027,-0.08857840925710894
2028,-0.019185436127351334
2029,-0.06843237798845507
2030,0.07156208971279407
2031,-0.011760075782742354
2032,-0.023540440944616454
2033,0.06191929698556867
2034,-0.006910282352824256
2035,0.0019115897922998967
2036,-0.07494875890388325
2037,-0.07507370889123369
2038,-0.044492372029512256
2039,-0.035178703265562015
2040,-0.04697562666347992
2041,-0.06311189392429375
2042,-0.0789684098759543
2043,-0.1486214592596349
2044,-0.0685644471706331
2045,-0.09771415634476917
2046,-0.06033380194731778
2047,0.03185491458127437
2048,-0.06307225105372277
2049,-0.04219511571479508
2050,-0.05921763165325061
2051,-0.0513543589215586
2052,0.0320485220609689
2053,-0.03145172365353671
2054,0.002958859583431171
2055,-0.08260137758774355
2056,-0.038805097262943775
2057,-0.10395870011394756
2058,-0.054666314050886046
2059,0.024356500511534318
2060,-0.04400445978236582
2061,0.05574946058819069
2062,-0.06377719335015643
2063,-0.08748644258171417
2064,-0.028220684689099555
2065,-0.06311005994582841
2066,0.007356330073476849
2067,0.016560725015181323
2068,0.014839533231088647
2069,-0.05815540412050988
2070,-0.043288062430237376
2071,-0.07747478617185444
2072,-0.0313599608056352
2073,-0.06022846480796276
2074,-0.046549251891963815
2075,0.022867205954281086
2076,-0.020894794784365817
2077,-0.06513313275423215
2078,-0.03676000157292552
2079,-0.08146114593301503
2080,-0.03720865163132823
2081,-0.023830480615557873
2082,-0.08800853608061453
2083,-0.04262414978966347
2084,-0.0738434970230254
2085,0.06862910834476234
2086,0.00685342414769985
2087,-0.025121889166260035
2088,0.059845799799238764
2089,-0.06561762237239854
2090,0.010095276619086832
2091,-0.05314632061223822
2092,-0.0455091818784671
2093,0.032467287700014905
2094,-0.042733373073720826
2095,-0.08077676404125819
2096,-0.11429697307924712
2097,0.03730046628519519
2098,-0.055384752048146406
2099,-0.09834703238839183
2100,0.0035442683178243104
2101,-0.0956985966600534
2102,0.025764633032483775
2103,0.03531727418677441
2104,-0.09876168096085065
2105,0.04877189965218901
2106,0.06782480146536192
2107,-0.05319717068143043
2108,0.05136641002090694
2109,-0.06457308357202815
2110,0.022957912503761883
2111,-0.08915398872682002
2112,0.010003201562174015
2113,0.04049266478357383
2114,0.017715627374486884
2115,-0.031051408445068648
2116,-0.029559650971289476
2117,-0.1415144677678807
2118,-0.013005306834408457
2119,0.010928654846764571
2120,-0.013005306834408457
2121,-0.02174554639255608
2122,0.020210508396606663
2123,-0.013396972810912306
2124,-0.052228559779633824
2125,0.013122947343747292
2126,-0.0662030199940021
2127,0.019971721004770047
2128,-0.03487449291432458
2129,-0.006238158570756093
2130,-0.05684391605852314
2131,-0.03694276886418044
2132,-0.12760846018250396
2133,-0.024189080520077094
2134,0.017582608462768847
2135,0.03169844644208048
2136,0.03513458305785845
2137,0.057300233160445954
2138,-0.0404379924748621
2139,0.013483253015360498
2140,0.08762388574813788
2141,-0.0339391263016009
2142,-0.02373502845090975
2143,-0.009058785573728516
2144,-0.016634906945652967
2145,-0.05221189987399929
2146,-0.053575259926900605
2147,0.0946473296492101
2148,-0.05480923917198773
2149,-0.04875958964134789
2150,0.054666119679140125
2151,-0.04037371541141179
2152,-0.04005776737288203
2153,0.09930769805792412
2154,-0.05431369811893994
2155,-0.0817450785305098
2156,-0.024539077620031047
2157,0.055713822634672436
2158,0.016045482999564487
2159,-0.08774024982932901
2160,0.02110468893660844
2161,-0.0476772901349292
2162,0.005377452147650458
2163,-0.04426878050714668
2164,-0.1430590845623941
2165,-0.058047625778889736
2166,0.03826218383211654
2167,0.03826218383211654
2168,-0.033201326208256325
2169,-0.051101552938651686
2170,-0.14098431506896128
2171,-0.032661348693378944
2172,0.030328958370042947
2173,-0.1056838684979053
2174,-0.014451200312186132
2175,-0.04585319004239816
2176,-0.025718894987707422
2177,-0.03217977085740775
2178,-0.053658233891709796
2179,0.015068750022879066
2180,-0.013738232654951553
2181,-0.03191971554089894
2182,0.01877542788114931
2183,-0.024667677686452373
2184,0.05184217081065993
2185,-0.02518989721980096
2186,-0.03434760581242463
2187,0.014421520096265461
2188,0.011333739507886543
2189,-0.050952980651779924
2190,0.05226807922831489
2191,-0.14124136687258063
2192,-0.02284608242829228
2193,-0.006574824564984703
2194,-0.03605420322150967
2195,-0.04644587618511431
2196,-0.08444590309683159
2197,-0.09337842302160004
2198,-0.014026915637190362
2199,-0.04530033318819426
2200,-0.05388082132422402
2201,0.0072196381333971904
2202,0.044089735097228404
2203,-0.010434287354260592
2204,-0.07377493019596323
2205,-0.015427237669657926
2206,0.08100146080677281
2207,-0.05314069340722718
2208,-0.07215488722796433
2209,-0.009402215584333518
2210,-0.002233043943071728
2211,-0.024001099088031025
2212,-0.06123754028494017
2213,-0.06123754028494017
2214,0.023807904745792623
2215,0.013798895698036091
2216,0.030320702024752084
2217,-0.023615938901575498
2218,-0.023615938901575498
2219,-0.03584851816611694
2220,-0.14729289396121856
2221,-0.029844005597540423
2222,-0.03737198282995361
2223,-0.006003297514533811
2224,-0.010647929205461322
2225,-0.016808329566238314
2226,-0.04884450986535064
2227,-0.10489280630331346
2228,-0.011167319373753226
2229,0.024854826217093843
2230,0.07006530936710334
2231,-0.029785736447236796
2232,-0.038218984762012374
2233,-0.04856329363577421
2234,0.026044126302536837
2235,0.04073290925899864
2236,0.07436242299871619
2237,-0.026287217742771565
2238,-0.05893212929857715
2239,0.047895713432283014
2240,0.024916473908123883
2241,-0.11588177523173103
2242,0.0727275902002211
2243,0.06334143701203526
2244,0.055854302497126786
2245,-0.023621569872514063
2246,-0.026546948845916348
2247,-0.020266573646851395
2248,0.02947367093112523
2249,0.04363469123974116
2250,0.0039069294014234205
2251,-0.10924511173388873
2252,-0.037434068518254676
2253,-0.07097212583293187
2254,0.02784456155582894
2255,-0.010035327522723462
2256,-0.04196422573027472
2257,0.04079478947782588
2258,-0.03134511627345645
2259,0.02602499596546907
2260,-0.003345057328555323
2261,-0.003345057328555323
2262,-0.18422841729879758
2263,-0.016700537070081237
2264,-0.06346955356927585
2265,-0.07460887687587212
2266,-0.06347089037907873
2267,-0.03660513610504384
2268,-0.12629212213729624
2269,-0.013516067726593547
2270,-0.015051609075054664
2271,-0.03810087309679835
2272,0.004839278247499095
2273,0.016762313888185165
2274,-0.052904579603567356
2275,-0.06753416102534814
2276,-0.04998896504686315
2277,-0.12794417924413623
2278,-0.07835209385016122
2279,-0.06539745526792572
2280,-0.00108619393982238
2281,0.02568579129570795
2282,-0.02577934624770777
2283,-0.015214219250139884
2284,-0.019039438201126028
2285,-0.02224077369222189
2286,-0.05826959645579704
2287,-0.02156143283062031
2288,-0.009026997339519529
2289,-0.02637353733621235
2290,-0.09403261996099183
2291,-0.012827103773480847
2292,-0.08877728138981558
2293,-0.13066973930277317
2294,-0.02225051094724683
2295,-0.008914885982163466
2296,-0.09479731719040993
2297,-0.06628516739291358
2298,-0.0725642302823154
2299,0.04452018116314639
2300,-0.14999757017171783
2301,-0.0593128574494749
2302,-0.0034553863484515592
2303,0.01979355055130531
2304,-0.017529058833292678
2305,-0.01187522576089024
2306,-0.01187522576089024
2307,-0.054809207607112824
2308,-0.04968107032164131
2309,-0.011335284089749764
2310,-0.0021294901862898394
2311,-0.00966943952297293
2312,-0.05818457238385505
2313,-0.08623299037718353
2314,-0.02944490459906633
2315,-0.08753100789313696
2316,-0.12387497069123869
2317,0.004338364237995225
2318,-0.07293333109405155
2319,-0.17480755152855215
2320,-0.15490962702804556
2321,0.0006611850024600751
2322,-0.1498277881900015
2323,-0.0044366736647180344
2324,-0.07019820264911607
2325,0.0307352741259594
2326,-0.17667412869460258
2327,-0.07452857988444646
2328,-0.03878901173337535
2329,0.030620494547037948
2330,-0.022252895513809306
2331,-0.07635980557595469
2332,-0.03196551047518804
2333,-0.07273056688399676
2334,-0.058580762869156644
2335,-0.12390088096618626
2336,-0.13465098616125729
2337,-0.0695834167308698
2338,-0.025354861132293877
2339,-0.08110839971190738
2340,-0.08110839971190738
2341,-0.0021753813863470417
2342,-0.004473537615965243
2343,-0.12956486142863216
2344,-0.038429520618835956
2345,-0.18175032321967435
2346,-0.09532894459361385
2347,-0.03737728820526721
2348,-0.03955094457468733
2349,-0.08287515719124042
2350,0.126484980881829
2351,-0.07735190397825822
2352,-0.010603201329590037
2353,-0.021063168003648956
2354,-0.03582589506857315
2355,-0.08691348774813085
2356,-0.08669241980065605
2357,0.0948815912207231
2358,-0.050950959812433395
2359,-0.004876429538850556
2360,0.06042457583951259
2361,-0.03325344636158276
2362,-0.10010136381666171
2363,-0.035750822464516344
2364,-0.05905654959686558
2365,-0.0363329029525653
2366,-0.05732378631019035
2367,-0.07261188465411812
2368,-0.08613559905469093
2369,-0.011054863090618835
2370,-0.13952536365499704
2371,-0.04292878592454668
2372,-0.01297048598338489
2373,-0.15122556941766285
2374,-0.045876356381430665
2375,-0.07106784436140061
2376,-0.017259315461853088
2377,-0.08666338656595535
2378,-0.15109832157502
2379,-0.030019002203093326
2380,-0.16420753275272731
2381,-0.054069068090613064
2382,0.019039695079552672
2383,-0.06763490156453104
2384,-0.020836635604956008
2385,0.05131658097649925
2386,-0.08722299705102736
2387,-0.08722299705102736
2388,-0.03380076658207556
2389,-0.13890305376009937
2390,-0.057804243293317605
2391,-0.09574023919712632
2392,-0.08387708659602802
2393,0.0015993950977962962
2394,-0.053715795981846726
2395,-0.0629260690822331
2396,-0.13395726844339179
2397,-0.04282151403085113
2398,-0.09729672347523391
2399,-0.07297884644399007
2400,0.0007980986670637406
2401,-0.04303351273594718
2402,-0.11799564265382528
2403,-0.14538855341834406
2404,-0.06620228263071593
2405,-0.08738232861730431
2406,-0.06091071612992067
2407,-0.057336010067588886
2408,0.030653333516975093
2409,-0.036768976691201945
2410,-0.02240202143919764
2411,-0.01708107877438513
2412,-0.02594575878745164
2413,-0.0396036834049236
2414,-0.00032335337382924715
2415,-0.071647251237375
2416,-0.07605480366451696
2417,-0.10099818679736823
2418,-0.10920957097147094
2419,-0.12071208121963958
2420,0.03696488901636966
2421,-0.0841694674123547
2422,-0.07838769514535715
2423,-0.12400513927120614
2424,-0.037725172501877485
2425,-0.043986927204552065
2426,-0.03719035878648294
2427,-0.03464142098101694
2428,-0.08230930929920705
2429,0.007570686421878794
2430,-0.023765097732860903
2431,-0.10791092865182407
2432,-0.1244656993552293
2433,0.04779832087377075
2434,-0.028296689627788345
2435,-0.021354174569863677
2436,0.032516326405022465
2437,-0.051141995902115676
2438,-0.0762278190487342
2439,-0.0733176732805575
2440,0.04920136241785384
2441,-0.08885559647074284
2442,0.0325608007732342
2443,-0.10965980914435315
2444,-0.0695216823969595
2445,-0.07418684769266728
2446,-0.08725761246606314
2447,-0.016611681930967435
2448,-0.10211884601288564
2449,-0.09889464164095552
2450,-0.1330889810826599
2451,-0.010799248855906529
2452,-0.04723617272748157
2453,-0.03300049289700583
2454,-0.044725894380217075
2455,-0.025648679887613202
2456,-0.04122315063769421
2457,-0.11204075427222068
2458,-0.07624295740216391
2459,-0.06882658432577715
2460,-0.014276865966552537
2461,-0.0841666573119676
2462,-0.1024353139718938
2463,-0.07817882497275509
2464,-0.0590751688524337
2465,-0.05550768854031653
2466,-0.03464942995873204
2467,-0.05759192859932876
2468,-0.04579293449800167
2469,-0.08227002936476085
2470,-0.011393117231857281
2471,-0.06759428830567557
2472,-0.012697869384688532
2473,-0.06462035336057585
2474,-0.07870450608567724
2475,-0.0910569393539681
2476,-0.07330223743069912
2477,-0.10594497168570814
2478,-0.02116816926577973
2479,-0.06780610117986305
2480,0.01509554766448097
2481,-0.04462080929340936
2482,-0.055534461987748925
2483,-0.06377844030085267
2484,-0.10597270999351237
2485,-0.035053616456402044
2486,-0.09659446372094836
2487,-0.035053616456402044
2488,-0.049862653488725754
2489,-0.050974211021224
2490,-0.07183638576156116
2491,-0.05867829911835667
2492,-0.0607092891209413
2493,-0.10817332583503472
2494,-0.03940668619455883
2495,-0.024893927751187254
2496,-0.07096144269568669
2497,-0.06547445793590088
2498,0.003833783920417808
2499,-0.07800675941559614
2500,-0.0482000899807114
2501,-7.450840740640509e-05
2502,-0.050634222180202054
2503,-0.06158154207175907
2504,-0.09749350608133762
2505,-0.026355502030677967
2506,-0.04761439982208143
2507,-0.08083024935256175
2508,-0.09121835573197339
2509,-0.03428196857601388
2510,-0.18237127089498256
2511,-0.03964174404596665
2512,-0.08315734569970872
2513,-0.061901412325735844
2514,0.03829869603417515
2515,-0.05989628794155512
2516,-0.08981883374008436
2517,-0.06576294747599717
2518,-0.06592986523104087
2519,-0.05899269981560812
2520,-0.01548911849097358
2521,-0.029338049461937923
2522,-0.026154104843746882
2523,0.021071367176024525
2524,-0.04187302161910963
2525,-0.044337564171748604
2526,-0.03391536627065886
2527,-0.09449335452317895
2528,-0.04967248852476097
2529,-0.11126145451533087
2530,-0.046321462870127485
2531,-0.06725367269045447
2532,-0.047362826575550555
2533,-0.058069392732512486
2534,-0.0662612625470966
2535,-0.049756157746336536
2536,-0.054790106106218664
2537,-0.047883282927853266
2538,-0.046637243949522685
2539,-0.052415643368242996
2540,-0.024992178501343963
2541,-0.0079959604715884
2542,-0.052415643368242996
2543,-0.10964116751846012
2544,-0.035347083085532506
2545,-0.06241945333530225
2546,0.023141002832651265
2547,-0.031218866398835626
2548,0.01486515549616683
2549,-0.08753615683598583
2550,-0.07300022616699826
2551,-0.03374182953489887
2552,-0.019026614739996353
2553,-0.0531349292003282
2554,-0.07340194204751116
2555,-0.018117395671531922
2556,-0.03236767330687946
2557,-0.02746170504694532
2558,-0.07069631570227175
2559,-0.08643309272476941
2560,-0.07053878997927406
2561,-0.072876555195521
2562,-0.08178263943492636
2563,-0.04482576430166503
2564,-0.030558619396604605
2565,-0.015011011474882624
2566,-0.04038463697405271
2567,0.0659898402994475
2568,-0.05412322104546932
2569,0.02942589815443212
2570,-0.06299612073864184
2571,-0.033379620821994305
2572,-0.06119100537145452
2573,0.03504018884331251
2574,-0.034392091998321356
2575,-0.06286606036476271
2576,-0.1157257915381202
2577,-0.0686598898268848
2578,-0.030803290297945155
2579,-0.02374049336422651
2580,-0.03481110299685031
2581,-0.08321564696373172
2582,-0.0808519589063012
2583,-0.050747024023381736
2584,-0.03371665616842259
2585,-0.07200461737968757
2586,-0.03801535013228923
2587,-0.024930264649161205
2588,-0.02772158589262112
2589,-0.07886594610960514
2590,-0.07886594610960514
2591,-0.06043548100123903
2592,-0.08392714723257493
2593,-0.006808332775300031
2594,-0.011162118034722343
2595,-0.022936863985375058
2596,-0.07928117145096282
2597,-0.03902890749318678
2598,-0.13207014684031246
2599,-0.06873860393770803
2600,-0.0013887741506120085
2601,-0.09084939411448657
2602,-0.12866880416681623
2603,-0.06517014383154972
2604,-0.054137877043463456
2605,-0.05010879675007453
2606,-0.08598382963507037
2607,-0.08135347990134106
2608,-0.05272911978954299
2609,-0.06830566953438884
2610,-0.014967598575698305
2611,-0.10355207281819218
2612,-0.13768221467960998
2613,-0.07206933959273563
2614,-0.06379707861487717
2615,-0.11308045049600936
2616,-0.010623970657329588
2617,-0.04622470812957853
2618,-0.017561569713907675
2619,0.05182183211122218
2620,-0.02994086932746331
2621,-0.02994086932746331
2622,-0.05323184270795088
2623,-0.024257948283369
2624,0.0055492516263029425
2625,-0.07520483781936459
2626,-0.02108375240878875
2627,-0.019522589654379335
2628,-0.11947611776014783
2629,-0.11947611776014783
2630,-0.009605684418605721
2631,-0.04305943565588736
2632,-0.08605941351751956
2633,-0.05368372393815388
2634,-0.13251132711506824
2635,-0.030871217521223803
2636,-0.05424503718995123
2637,-0.08703433535473952
2638,-0.08818624696271278
2639,-0.10119395446481916
2640,-0.05561493293976701
2641,-0.04430694572573012
2642,-0.06815625987358852
2643,-0.03327974723712102
2644,-0.08064471896152955
2645,-0.04955787031855007
2646,0.021641713843320944
2647,-0.0727072437831073
2648,-0.06476140048010534
2649,0.005408364185912791
2650,-0.11955611274601811
2651,-0.08521483665233553
2652,-0.09556153677653687
2653,-0.017829372341299034
2654,-0.03189526405379581
2655,-0.04518732304248387
2656,0.00599700265769299
2657,0.028868390160655275
2658,-0.005942225401160164
2659,-0.0810588452434412
2660,-0.09802913765745246
2661,-0.018383937748773577
2662,-0.07623341756133663
2663,-0.06030287295444118
2664,-0.03419723776528293
2665,-0.04780921943620039
2666,-0.09005169876130444
2667,0.010533764870272301
2668,0.010533764870272301
2669,-0.12110207374062107
2670,-0.1187018399449198
2671,-0.08024548261943665
2672,-0.11354918602215969
2673,0.03825667041488238
2674,-0.07142895412743634
2675,-0.08386161391778561
2676,-0.08511275216096124
2677,-0.1370761012825907
2678,-0.08479091243413793
2679,-0.07797177028334827
2680,-0.0683142664615901
2681,-0.0968920277611198
2682,-0.1342352725402593
2683,-0.08673203248698078
2684,-0.08026261111434085
2685,-0.11663987311393054
2686,-0.08363471258468197
2687,-0.1196078843046689
2688,-0.08232925362015105
2689,0.08796685605607986
2690,-0.044464384351234044
2691,-0.12346305617236498
2692,-0.09851031006944579
2693,-0.08833611139724544
2694,-0.0924625711378047
2695,-0.10770472223476135
2696,-0.02740636963722316
2697,-0.0457913766768751
2698,-0.17491335044317605
2699,-0.11177031677425313
2700,-0.07317554149028603
2701,0.050040307677702865
2702,-0.1783039112300461
2703,-0.046325032839627626
2704,-0.03615588296629282
2705,-0.1504742380033485
2706,-0.07949122772622953
2707,-0.1215445443715953
2708,-0.09507964509876395
2709,-0.04478109499576256
2710,-0.07769041722375845
2711,-0.12491600029231495
2712,0.026613224256167946
2713,-0.10835540854165253
2714,-0.027843473519384536
2715,0.09328262769162782
2716,-0.10129637973827235
2717,-0.10129637973827235
2718,-0.03976744712875644
2719,-0.101819837763944
2720,-0.09640952223455074
2721,-0.06283943461768916
2722,-0.0983344037056172
2723,-0.0308574748153596
2724,-0.050876668355602
2725,-0.050581496446810634
2726,-0.020064930940240106
2727,-0.10368010644701195
2728,-0.1637873348860806
2729,-0.04190015651825036
2730,-0.12852040118668207
2731,0.012703262215855162
2732,0.0074694029688150455
2733,-0.04352953120852921
2734,-0.14550736423880006
2735,-0.06149340568391037
2736,-0.15898863130039573
2737,-0.05620762452919484
2738,-0.01280661511970393
2739,-0.06211641613622262
2740,-0.13177897848769451
2741,-0.08032043829149443
2742,-0.165948295667768
2743,0.03128279856972027
2744,-0.017676863048068717
2745,-0.07153213533266306
2746,-0.07291246686696119
2747,-0.10532933456746905
2748,-0.10532933456746905
2749,0.04230081799192101
2750,-0.08790545547882446
2751,-0.16937150555198222
2752,-0.06325159794106876
2753,-0.10338817788021759
2754,-0.17022326135141258
2755,-0.09813675370116373
2756,-0.16197819993055645
2757,0.007294622074591061
2758,-0.10089817185147516
2759,-0.10290055324304799
2760,-0.12000647749192563
2761,-0.07897089429148084
2762,-0.08388685672160208
2763,-0.01964308559650033
2764,0.020276053909713702
2765,-0.1449736501601188
2766,-0.055900378587251394
2767,-0.11851973077125844
2768,0.07463650560085316
2769,-0.19669935537013028
2770,-0.0502223852090297
2771,-0.09584986680781302
2772,0.008084692905169198
2773,-0.11225125889230488
2774,-0.10521503343389978
2775,-0.11005484377135219
2776,-0.047830523082674735
2777,-0.06057215525356154
2778,-0.06960611079176574
2779,-0.05811163857611791
2780,-0.07505213415345076
2781,-0.0329356577238059
2782,-0.11954808800945632
2783,-0.18989426541713347
2784,0.0024255828238911666
2785,-0.052788333652492095
2786,-0.04023171263125348
2787,-0.062193655643688624
2788,0.07659327590554685
2789,-0.08320884171682111
2790,-0.05834352339496203
2791,0.004468956586841682
2792,0.031356370495165126
2793,-0.05029817396698527
2794,-0.00019163862816297554
2795,-0.049373332221814566
2796,-0.02184015202000081
2797,-0.004252942063106477
2798,0.013777828531884652
2799,-0.08487998360770699
2800,-0.08487998360770699
2801,-0.19216917629103894
2802,-0.016421431661418493
2803,-0.13650568972582447
2804,-0.09256902684279796
2805,-0.05505827084451351
2806,-0.058333268864222326
2807,-0.08787089183647093
2808,0.021550585981022292
2809,-0.08009021729001299
2810,-0.024451999212314644
2811,-0.17474064683661594
2812,-0.07202100959809168
2813,-0.05827319311400454
2814,-0.02371576668497726
2815,-0.084938619972495
2816,-0.06735139601824756
2817,-0.05150010356753707
2818,-0.11780917921228792
2819,-0.043952854415284966
2820,-0.05666663343995975
2821,-0.16597361201643135
2822,-0.07613900222753064
2823,0.004297477407236627
2824,-0.0008733058844097965
2825,-0.07407406978824782
2826,-0.09235332957415848
2827,-0.06742968947819221
2828,-0.10236680838680912
2829,-0.13914524584981436
2830,-0.033233037261972465
2831,-0.04257785404475907
2832,-0.07733073336084811
2833,-0.1257924359658461
2834,-0.0654758531309935
2835,-0.041012662618382496
2836,-0.06585610670338335
2837,-0.17188818002381473
2838,-0.12669300954532045
2839,-0.010495853242120016
2840,0.025233743896745105
2841,-0.05261756353180081
2842,0.032688194586967055
2843,-0.0793635417082018
2844,-0.22195950212720938
2845,-0.04395009038253017
2846,0.008119293780492998
2847,-0.012143734024360092
2848,-0.07156771292016685
2849,-0.12404114259765009
2850,-0.020959482056523992
2851,-0.1534237409279194
2852,-0.06284347062084387
2853,-0.07877184942668822
2854,-0.01931197825860683
2855,-0.06792166824887672
2856,-0.02781531354322847
2857,-0.08799872589419992
2858,-0.07465166529600518
2859,-0.06796510645948046
2860,-0.1575340146866844
2861,-0.08484300327265552
2862,-0.08268785954619055
2863,-0.2210479774998209
2864,0.006090442278442271
2865,-0.09127138921537564
2866,-0.05068406317716162
2867,-0.08953813869956503
2868,-0.1396066610981073
2869,-0.0177002324317942
2870,-0.09797332703542437
2871,-0.07211216508629467
2872,-0.14022223944596765
2873,-0.013808486618816146
2874,-0.04227172799823195
2875,-0.13705416643775492
2876,-0.03312378253533785
2877,-0.03312378253533785
2878,-0.04859371653769553
2879,-0.09025380511811022
2880,-0.1378785891287842
2881,-0.12472191757131808
2882,-0.07745328265705913
2883,0.06158628977311355
2884,0.0277536663540946
2885,-0.1359080911281306
2886,-0.040932086989378794
2887,-0.20135027283118132
2888,-0.1277747789612596
2889,-0.0301896971424696
2890,-0.08684349178635552
2891,-0.17212547277268075
2892,-0.01403907557084569
2893,-0.1273095888460061
2894,-0.02803352343735305
2895,-0.12824680285512238
2896,-0.0590584911588083
2897,-0.0544689781779717
2898,-0.13429165483306318
2899,-0.15228792172420796
2900,-0.05575555990668239
2901,0.1262548035347
2902,-0.029437264506474443
2903,-0.14529101227473695
2904,-0.12892429019767312
2905,-0.1434171042218932
2906,-0.01789887203342189
2907,-0.11185759148844224
2908,-0.013061235580814881
2909,-0.11566845765612221
2910,0.0463578930034278
2911,-0.09849183026384788
2912,-0.12354099072379632
2913,-0.028499046439515018
2914,-0.1240408573103085
2915,-0.11690546117241749
2916,-0.12183330777135129
2917,-0.06827105867063389
2918,-0.08271691553327373
2919,-0.05006350527370377
2920,-0.020794009983136293
2921,-0.11289594368865818
2922,-0.02050601526259808
2923,-0.09238246571825008
2924,-0.09953235427842903
2925,-0.13645123341581078
2926,-0.12020124333951532
2927,-0.13254581202491103
2928,-0.12180130539579934
2929,0.06982777420968932
2930,-0.007201201741790551
2931,-0.014296797404722481
2932,-0.056854116119424286
2933,-0.07541616392220286
2934,-0.13028436787890987
2935,-0.1355593009954687
2936,-0.011805754652090432
2937,-0.13908868385182346
2938,-0.12235996361357807
2939,-0.13783569928590741
2940,-0.1412055068454962
2941,-0.031624910527743424
2942,-0.00034914021892942527
2943,-0.012926993747519098
2944,-0.13851502797289533
2945,-0.10411887654619331
2946,-0.14773556029097476
2947,-0.03316597282023878
2948,-0.15226236741653007
2949,-0.08764664848208752
2950,-0.06360874657682035
2951,-0.04300447349657768
2952,-0.09605815722790953
2953,0.055207335002359505
2954,-0.012989689023511835
2955,-0.02848616854524627
2956,0.06974865887363792
2957,0.06974865887363792
2958,0.0011113159690317133
2959,-0.11286892623189869
2960,-0.05391608684173266
2961,-0.12933309373432275
2962,-0.189852795382388
2963,-0.04893997470050967
2964,-0.15440068748917885
2965,0.0011490375802552847
2966,-0.14591907285409386
2967,-0.13355657979749058
2968,-0.0019246942681991925
2969,-0.1895088886608745
2970,0.09964383855236672
2971,0.09964383855236672
2972,-0.1444532383344963
2973,0.02425278725155545
2974,-0.019852730745394873
2975,-0.057130916847774466
2976,-0.07750562035252287
2977,-0.12454653508884059
2978,-0.06009892984489825
2979,-0.03948407283611373
2980,-0.16218411766432028
2981,-0.08075305932353122
2982,-0.06796877328572389
2983,-0.103049723907533
2984,-0.09840211870107064
2985,-0.044040356056588396
2986,0.04228663188919665
2987,-0.16946109391287034
2988,-0.1283757875177051
2989,-0.05886546895408721
2990,-0.21982515204703817
2991,-0.07832004269265926
2992,-0.1454930718098615
2993,-0.08429126961233589
2994,-0.07910171950041404
2995,-0.04056760945677977
2996,-0.045104178349470836
2997,0.021020684534577345
2998,-0.05006335002423794
2999,-0.11125059994465011
3000,-0.0977914813049922
3001,-0.06069881084806609
3002,-0.19569376366806657
3003,-0.03524602440042546
3004,0.007197031184258169
3005,-0.08673388142262389
3006,-0.06267286656751213
3007,-0.13382986792903898
3008,-0.08925886101203033
3009,-0.12854829899676154
3010,-0.046562130630587194
3011,-0.17520963315218172
3012,-0.2249763757318194
3013,-0.1446824892804935
3014,-0.07326873335335174
3015,-0.013311537841404195
3016,-0.17172977889090238
3017,-0.11403012528462458
3018,-0.05996837052603576
3019,-0.03679563588969314
3020,-0.03679563588969314
3021,-0.10283411253215076
3022,-0.06899582569271583
3023,-0.021272862723415237
3024,-0.07739711153574859
3025,-0.116132724759823
3026,-0.07343935552101913
3027,-0.11345415433232059
3028,0.0682910094543423
3029,0.08052586012825821
3030,-0.02791278501835122
3031,-0.05254730120688762
3032,-0.07938326785506442
3033,-0.1296019000528701
3034,-0.05812731119115259
3035,-0.08968088286744036
3036,-0.11478703063262923
3037,-0.07343403310959579
3038,-0.09454750528398201
3039,-0.06001749196004037
3040,-0.046562320770696
3041,-0.11473449043934913
3042,0.044984158998156804
3043,0.09909916436739083
3044,0.026200631956830606
3045,-0.04314847890707491
3046,-0.06368141426795136
3047,0.0885236560919898
3048,-0.11495263918026853
3049,-0.12758784835512163
3050,0.028577198382114623
3051,0.013077415435424842
3052,-0.07924757831469798
3053,-0.09425402904325322
3054,0.0801682055742964
3055,-0.12665125549139297
3056,-0.020745254904234026
3057,0.028252998262322325
3058,0.030543025623166298
3059,0.0795037054610646
3060,-0.07717445714822346
3061,0.06856164063806985
3062,-0.06900030690236232
3063,-0.07043340701673594
3064,-0.04958373372245337
3065,-0.04958373372245337
3066,0.07337184403925998
3067,-0.06883556158875595
3068,0.015196570036245747
3069,0.06756852673280149
3070,-0.0731075714624171
3071,0.029585281193581222
3072,-0.022795462293896264
3073,-0.031747705567907125
3074,-0.053588179440416626
3075,-0.11319935578365524
3076,0.020207089178366777
3077,0.0025547647011100218
3078,-0.12019018541670459
3079,0.02498420459874042
3080,-0.08500831443225366
3081,-0.05617857952111253
3082,-0.04480014586641128
3083,-0.02963838388434411
3084,-0.04332772303611193
3085,-0.10712861546224256
3086,-0.07303558083041
3087,-0.11492183155161008
3088,0.06655463835221424
3089,-0.08181793475754746
3090,-0.06063038464079764
3091,0.031366210914194025
3092,-0.11691723628127414
3093,-0.10951773564643602
3094,-0.10782470783019416
3095,0.0029241568632446834
3096,-0.08117669310339436
3097,-0.020377522489997427
3098,0.036533405539052995
3099,-0.1099337745313492
3100,-0.0757733760859762
3101,-0.17561613633655426
3102,-0.06324153156071674
3103,-0.13757583176933538
3104,0.04580981953349484
3105,-0.027492962889013768
3106,-0.027492962889013768
3107,-0.08159395648852795
3108,-0.023353175798580098
3109,-0.023254001736020317
3110,-0.11754988688784798
3111,-0.031059072681661474
3112,-0.0573177687421357
3113,-0.09391287788237265
3114,-0.10410963568312763
3115,-0.0607233228118433
3116,-0.05589941837935417
3117,-0.05589941837935417
3118,-0.04913363443330033
3119,-0.0990482423331487
3120,-0.10094569570611446
3121,0.01730167975614092
3122,-0.04445855723576897
3123,-0.06163614898313406
3124,0.010199809122258152
3125,-0.02388744199363821
3126,-0.05341491166740919
3127,-0.10315936276779283
3128,0.03799972747878945
3129,0.04289192016803323
3130,-0.026615181783076248
3131,-0.05343767170022188
3132,-0.03800198653661869
3133,-0.052579984573585856
3134,-0.0194251103330392
3135,-0.09421998236808568
3136,-0.17327606109893084
3137,-0.11778089275222771
3138,-0.08656879115311311
3139,-0.02316638591521097
3140,-0.054852846424957684
3141,-0.029710518970034534
3142,0.0866145076015689
3143,-0.06384536902172533
3144,-0.055427803209863506
3145,-0.035469835113079676
3146,0.01267732994770473
3147,-0.08382224267656699
3148,-0.048286445760625886
3149,0.007225742401503738
3150,0.03689787856861902
3151,-0.04753053387383942
3152,-0.04005990133066736
3153,-0.08257214211577556
3154,-0.04029379531990485
3155,-0.04416362087292108
3156,-0.05564194438768096
3157,-0.09728257459813186
3158,0.039234164458689394
3159,-0.04880265646305031
3160,-0.023786211591525688
3161,-0.031246632513544138
3162,-0.11326952384254385
3163,-0.0011690875254400065
3164,-0.1025564943923804
3165,0.0037457924065798613
3166,-0.09634882477093841
3167,-0.036916400301079524
3168,0.019373019206599097
3169,-0.0985577063301418
3170,-0.04059676818292857
3171,-0.04059676818292857
3172,0.007006804653139402
3173,-0.03603327121732865
3174,-0.037657557273718764
3175,-0.036846627909408736
3176,-0.11553040399521139
3177,-0.10761753074081293
3178,-0.04763282132488151
3179,-0.051633603509858024
3180,-0.09687249777339563
3181,-0.07525661798566372
3182,-0.1240959591891692
3183,-0.017659026158904658
3184,-0.03415808135349645
3185,-0.0529060949251523
3186,-0.08350635429947546
3187,0.014648011289928133
3188,-0.1412896637941238
3189,-0.045029841934137685
3190,-0.03437216716970221
3191,-0.059196553406032686
3192,-0.08341576667910623
3193,-0.044290384231756026
3194,-0.061637726297327375
3195,0.0023861786143166367
3196,-0.086349583046931
3197,-0.04000117283960883
3198,-0.04000117283960883
3199,-0.0010745552340789327
3200,-0.08641984525764683
3201,-0.0332982496245253
3202,-0.0406332384988646
3203,-0.03767918970025104
3204,-0.05947769600140007
3205,-0.07691731992873307
3206,-0.01778834587140883
3207,-0.035898234947742025
3208,0.01574279359392112
3209,-0.0362524110488971
3210,-0.018998483624509503
3211,-0.018998483624509503
3212,-0.05029984083497618
3213,-0.042237066909368806
3214,0.013654735202504913
3215,-0.055683105357214054
3216,-0.036236972402538724
3217,0.02634469961103387
3218,-0.004463495969909985
3219,-0.022227118344965623
3220,-0.05503278746856566
3221,-0.013228633682935836
3222,-0.10504554625914751
3223,-0.0743598708795027
3224,-0.01676442333186963
3225,-0.10634079445349055
3226,-0.07476597928135222
3227,-0.05632219048622094
3228,-0.021916580328163238
3229,-0.06200103138661259
3230,-0.05444951994564913
3231,-0.10295145839171765
3232,-0.010363790754740558
3233,-0.07606662174825847
3234,-0.06789099575661825
3235,-0.05515312896387662
3236,-0.026291061392143135
3237,-0.05223010374128405
3238,-0.044131960040996794
3239,-0.06761011878861016
3240,-0.01570337188065071
3241,0.026088490895533507
3242,-0.051105644165517834
3243,-0.08265391556065779
3244,-0.05808387686585605
3245,-0.054398332948207534
3246,-0.02624355185246046
3247,-0.037925791941578336
3248,-0.08387525139745644
3249,-0.04265944931716788
3250,-0.12164769915069051
3251,-0.040854995150004236
3252,-0.12080256532650559
3253,0.07039803131860853
3254,-0.03921985638252385
3255,-0.03505118105956104
3256,-0.07200993897047409
3257,-0.1055561931820518
3258,-0.03744939101012583
3259,0.09209866862729961
3260,0.004372326430620763
3261,-0.018681762319302606
3262,-0.03913976413304351
3263,-0.02402909643579076
3264,-0.10161463398942666
3265,0.08514050491345843
3266,-0.0650148447371303
3267,-0.03266396499008504
3268,-0.02084727355266241
3269,-0.07245003324778901
3270,-0.019712358141239006
3271,-0.020592388853630707
3272,-0.003339089541957366
3273,-0.00941664244429447
3274,-0.16114917902298567
3275,-0.008327476386657722
3276,-0.07087968892931237
3277,-0.08632575470811245
3278,-0.02996785029684754
3279,-0.06693947253628396
3280,-0.11005534203493358
3281,-0.035809837732037796
3282,-0.04079730959973411
3283,-0.018977273698066982
3284,-0.03851126017878198
3285,-0.0886507527104132
3286,-0.00035273377295786247
3287,-0.04557475689463803
3288,-0.022704670452790537
3289,-0.06401168762401412
3290,-0.09060887453810126
3291,-0.007206618334054405
3292,0.0063302958616337475
3293,-0.04177850291029288
3294,-0.006475079746417621
3295,0.011427884160132604
3296,-0.12180874249380913
3297,0.017045900875659787
3298,-0.0330420574316008
3299,-0.03501045726133144
3300,-0.05421064492670613
3301,-0.07341679333953247
3302,-0.05378218014641003
3303,-0.1082831381504043
3304,-0.038883546911126346
3305,-0.09477834595876355
3306,-0.04847688105313988
3307,-0.10514659863045911
3308,-0.07998558329865171
3309,-0.0660417726047003
3310,0.10340893086986369
3311,-0.08083428962680682
3312,-0.12090638125325998
3313,-0.05526928321356889
3314,-0.05141655084303394
3315,0.0325651443233749
3316,0.008323964729935933
3317,-0.026758489122533476
3318,-0.07348821665686772
3319,-0.12770685556446879
3320,-0.05996595874991311
3321,0.025491813124142077
3322,-0.02919574205084994
3323,-0.057881566596124576
3324,-0.07169723356066614
3325,-0.08638919821269635
3326,-0.13596411636053748
3327,-0.0688342844181488
3328,-0.06267833828714854
3329,-0.12966825991137818
3330,0.05663276196237159
3331,-0.009281743128082628
3332,-0.009281743128082628
3333,0.030648124878134755
3334,0.05958619534537799
3335,-0.03511526433768732
3336,-0.023699642940767658
3337,-0.062389157520598
3338,-0.07499372632436559
3339,-0.03357074333521888
3340,-0.07012005832891133
3341,-0.07012005832891133
3342,0.015513469881153596
3343,0.010866608446784849
3344,-0.0027471299293944968
3345,-0.058706950852927244
3346,-0.11421622463532685
3347,-0.048147798629240256
3348,-0.09431730626546969
3349,0.036962024600648694
3350,-0.061789048868318895
3351,-0.11601189290225687
3352,-0.11120656217126833
3353,-0.08333785775180665
3354,-0.12217313648338651
3355,-0.04038832742279224
3356,-0.08025455405555111
3357,-0.12148773715602317
3358,-0.08288509586448004
3359,-0.08117565300133281
3360,-0.09594392325200306
3361,0.031859895119015
3362,-0.12257494236071857
3363,-0.09446163513921811
3364,-0.09207788986773267
3365,-0.02239318755849238
3366,-0.033387255320190004
3367,-0.039687503401767646
3368,-0.09790034609440242
3369,-0.021693600132826778
3370,-0.06968972581385535
3371,-0.016425113686331955
3372,-0.120125441694265
3373,-0.019802757279462107
3374,-0.08696379257650136
3375,-0.044658639662265305
3376,-0.0932428378727803
3377,-0.06989145654973641
3378,-0.10229986401249054
3379,-0.02922518334628203
3380,-0.0893102030378666
3381,-0.05936265707023223
3382,-0.05271529895496752
3383,-0.04630582413494308
3384,-0.11262277505858652
3385,-0.07646361240631894
3386,-0.1295592039828489
3387,-0.08177001535935272
3388,-0.10848779498256601
3389,-0.10848779498256601
3390,-0.07035511116380508
3391,-0.004964538141314355
3392,-0.07326618527403053
3393,-0.03967278488624897
3394,-0.03967278488624897
3395,-0.07740637152126002
3396,-0.030682916699020256
3397,-0.06401426943349792
3398,-0.06058239815256478
3399,-0.018505873865605593
3400,-0.13418854439580277
3401,-0.10548926776808791
3402,-0.08177011646445498
3403,-0.07801596083055834
3404,-0.054094869016519
3405,-0.07033976058660471
3406,-0.06887858861725073
3407,-0.037644163844761526
3408,-0.10012285479326286
3409,-0.00994182154947391
3410,-0.08680718878124774
3411,-0.13467793842805503
3412,-0.04636224437559374
3413,-0.016577601435784104
3414,-0.05465073594881484
3415,-0.03895696410642225
3416,-0.06056406748645959
3417,-0.07650710144113332
3418,-0.07650710144113332
3419,-0.09370323546713272
3420,-0.10667021238946507
3421,-0.11056142377819488
3422,-0.12019963878888255
3423,-0.13522607591045271
3424,-0.013544407898215422
3425,-0.035352473060710356
3426,-0.06306624318904273
3427,-0.09822058000814246
3428,0.014605455733262378
3429,-0.059158013206183045
3430,-0.057194687140808345
3431,-0.02596922017591667
3432,-0.001936232311133843
3433,-0.03207778585070434
3434,-0.0748706172871736
3435,-0.024192893719006816
3436,-0.029600896784482134
3437,-0.06306229131138699
3438,-0.060038571162800855
3439,-0.026234399851617764
3440,-0.09365698316203745
3441,-0.10854126947214639
3442,-0.1161034833623508
3443,-0.037052096473891453
3444,-0.13477043929925753
3445,-0.035518889611203655
3446,-0.02970107720770647
3447,-0.13978763993045284
3448,-0.01930457783167313
3449,-0.0678144664841676
3450,-0.10742232372311908
3451,-0.03929605498158591
3452,-0.1403455770202555
3453,-0.035575151481090604
3454,-0.028242171429052852
3455,-0.10779763386359163
3456,-0.06041732429827989
3457,-0.061752731091567065
3458,-0.08221930997123161
3459,-0.11787295640735121
3460,-0.08167092235688934
3461,0.014839572384781223
3462,-0.02705511511495516
3463,-0.03460118408645432
3464,-0.04653713184993646
3465,0.008790314547062793
3466,-0.015339717472356245
3467,-0.04643597070076826
3468,-0.03648096043876914
3469,-0.08819063501137817
3470,-0.028216268694164978
3471,-0.10726604621486693
3472,-0.09256662896984369
3473,-0.05717983554721246
3474,-0.05571627011088595
3475,-0.1406776227234755
3476,-0.042007644985066886
3477,-0.0588976973189785
3478,-0.0588976973189785
3479,-0.04306015487363024
3480,-0.03847890838950111
3481,-0.12058144355066484
3482,-0.10396621135524227
3483,-0.12555463158923635
3484,-0.11610856770082094
3485,-0.09581752532616905
3486,-0.07447756925314826
3487,-0.028291186224491328
3488,-0.10199239880941671
3489,-0.054564577058471835
3490,-0.16044792716593373
3491,0.007391978021128339
3492,-0.05071198720650553
3493,-0.03266875004711449
3494,-0.10915666950906772
3495,-0.0448777685438789
3496,-0.0780511472061972
3497,-0.16550953308828406
3498,-0.12197919809274568
3499,-0.10062762861793008
3500,-0.09794119654641197
3501,-0.15311523874375013
3502,-0.03804149453233575
3503,-0.13621922330343642
3504,-0.06937069423672068
3505,-0.051020188792131035
3506,-0.1065015383731854
3507,-0.017443006659371468
3508,-0.162925444580015
3509,-0.10138441769403694
3510,0.012734777288707285
3511,-0.018222718403218024
3512,-0.0012636112542743704
3513,-0.07678347512634609
3514,-0.08910744498439915
3515,-0.06050384164363617
3516,-0.02278016710105603
3517,-0.0791084750932213
3518,-0.09779462542925138
3519,-0.03254988162358884
3520,-0.09546560852104853
3521,-0.012119372374867463
3522,-0.04785566296891721
3523,-0.08161482434627576
3524,-0.11820785879733076
3525,-0.08852004222744797
3526,0.005390205096106394
3527,0.007365645583833567
3528,-0.011148799869495908
3529,-0.020635983668462005
3530,-0.08622987220667781
3531,-0.15762933558770448
3532,0.06890746623025255
3533,-0.015674582695444573
3534,-0.13325027705159367
3535,-0.09999890976970907
3536,-0.07675566694964898
3537,-0.016210399510750245
3538,-0.081087202345283
3539,-0.026035672629464966
3540,-0.022379812572917435
3541,-0.029360726237055355
3542,-0.0935651074155401
3543,-0.055979939915529776
3544,-0.03491905749263476
3545,-0.04850502388060433
3546,-0.10796669601982309
3547,-0.028750358108379004
3548,-0.10996362354170655
3549,-0.03208107061650698
3550,-0.06652380526796237
3551,-0.06855358060370689
3552,-0.14241143560868252
3553,-0.03606446662862998
3554,-0.13997165489695917
3555,-0.0453325434163909
3556,-0.12264875359103583
3557,-0.047155362850944245
3558,-0.14338458171589574
3559,-0.0775044973763784
3560,-0.012427291095095928
3561,-0.03890629472898078
3562,-0.07147847965298099
3563,-0.05852082850602598
3564,-0.05623781537053984
3565,-0.15216325391963637
3566,-0.11021978443634654
3567,-0.1042055743253048
3568,-0.07062763106289004
3569,-0.08267445135211181
3570,-0.15799251180074889
3571,-0.12896279900395635
3572,-0.10216152450113665
3573,-0.028746983042709163
3574,-0.05447074168614777
3575,-0.10011198662913312
3576,-0.06798880339117579
3577,-0.06435007794774042
3578,-0.08411664148327473
3579,-0.024346656854933726
3580,-0.08585381123557431
3581,-0.060442150275715985
3582,-0.07340782072614452
3583,-0.12218937979646968
3584,-0.09955823864222613
3585,-0.06986786125952249
3586,0.018951028070071665
3587,-0.10566783156835996
3588,-0.05315444691410897
3589,0.053182775321518466
3590,-0.030917656393501726
3591,-0.1158853215332237
3592,-0.05765081785371303
3593,-0.13676449144182942
3594,-0.06692791041568971
3595,0.00598699347342629
3596,-0.06747698773843826
3597,-0.015265623993648047
3598,-0.09168352988050299
3599,-0.13933133244342696
3600,-0.044060030599147926
3601,-0.09582353777309265
3602,-0.12710339215582517
3603,-0.08520214722355816
3604,-0.06126389405580603
3605,-0.13070476438277898
3606,-0.13112517428763973
3607,-0.15327220054475643
3608,-0.053724935150407466
3609,-0.10445688334137572
3610,-0.1314102068788109
3611,-0.1314102068788109
3612,-0.06577802887586029
3613,-0.14296345131116897
3614,-0.0763429302254452
3615,-0.06549914756554943
3616,-0.056811737124562486
3617,-0.11914858888490423
3618,-0.08758226672759069
3619,-0.010406092962465434
3620,-0.12653234612848505
3621,0.015038352043633766
3622,-0.1423980525651113
3623,-0.0431796755647462
3624,-0.04770013973765125
3625,-0.11736904074270242
3626,-0.07446762467768063
3627,-0.1620141888988619
3628,-0.028995768768266813
3629,-0.026187271426556146
3630,-0.026388616001738988
3631,-0.11765860670914124
3632,-0.05984818921185521
3633,-0.07706933813727014
3634,-0.06140336214045435
3635,-0.056489646716045554
3636,0.034441350071421586
3637,-0.06257539646015789
3638,-0.0875189521944241
3639,-0.07785385365289967
3640,-0.06440281351214787
3641,-0.16878192564665775
3642,-0.010999155244179295
3643,-0.04920947521114668
3644,-0.043437348186068155
3645,-0.004396217373405772
3646,-0.10607771374846858
3647,-0.026548088766596985
3648,-0.06514885759723403
3649,-0.10157662905559242
3650,-0.10157662905559242
3651,-0.022696491354513907
3652,-0.13084760396453166
3653,-0.06159200170444118
3654,-0.12492092472317344
3655,-0.13067626738081856
3656,-0.1477087682400325
3657,-0.10324194816333349
3658,-0.00035466336439675286
3659,-0.036145991870432076
3660,-0.15192902700420158
3661,0.015148317050566348
3662,-0.12787796664079773
3663,-0.12787796664079773
3664,-0.03206629530039537
3665,-0.03407958752580777
3666,-0.0368362557057498
3667,-0.06145799479606935
3668,-0.07352299129071507
3669,-0.0008875218714663505
3670,-0.08684423001544751
3671,0.04680053274647199
3672,-0.1675433756368174
3673,-0.07718433769771703
3674,-0.020574783048119463
3675,0.015620192652839024
3676,-0.043235444679249425
3677,-0.03807359542278377
3678,-0.15472807602778382
3679,-0.17832171070344469
3680,-0.1277886757313053
3681,-0.15577718455128337
3682,-0.06699651161752858
3683,-0.07699404010227265
3684,-0.20653579579327827
3685,-0.05385730828298677
3686,-0.06278984067518166
3687,-0.000977505535086902
3688,0.0436011659057362
3689,-0.07072273791801813
3690,-0.12815672587121316
3691,-0.04162731548443363
3692,-0.08556326761846916
3693,-0.07747538264642334
3694,-0.18671207544242022
3695,-0.04433668510473023
3696,-0.01214511242896272
3697,0.033737073773611945
3698,-0.15022450120996036
3699,-0.21540378863023543
3700,-0.06847660290771108
3701,-0.03475168582156908
3702,-0.01606072770267681
3703,-0.02712385013764988
3704,-0.023908019589410398
3705,-0.15441138370793253
3706,-0.13094407653512852
3707,-0.10255598619619392
3708,-0.1650046472438966
3709,-0.05406322484484402
3710,-0.16054882301235157
3711,0.01744573494101946
3712,-0.18865871249785673
3713,-0.008348869376485098
3714,-0.12661223721172538
3715,-0.1259040741477635
3716,-0.025471606850407197
3717,0.016053892775789932
3718,0.02700499078343408
3719,-0.0432233638654381
3720,0.00938882419885016
3721,-0.0636540007815516
3722,-0.09534360762638279
3723,-0.06473354306818181
3724,-0.002056172006683548
3725,0.003350944391226425
3726,0.0066465994891509745
3727,-0.03343587126372838
3728,-0.047120757039782656
3729,-0.03722063966586547
3730,-0.04510861076819408
3731,-0.054795123592283834
3732,-0.05411433991076993
3733,-0.038730438863320206
3734,-0.1554881662549794
3735,-0.12687319051458473
3736,-0.1970270350154554
3737,-0.06898172349104406
3738,-0.11173683634678121
3739,-0.16207390362611768
3740,0.07849849574881693
3741,-0.11500230611086643
3742,-0.05656605099214678
3743,0.000785239778174316
3744,-0.08984497681865995
3745,-0.021829469733433218
3746,-0.06676243638586703
3747,-0.07214710052654551
3748,-0.05024704884986555
3749,-0.14272218619860094
3750,-0.039577836063232646
3751,0.003916366311031642
3752,0.04561332502543153
3753,-0.005616729161688426
3754,0.05015109103632098
3755,-0.043117229678895606
3756,-0.19163032694921744
3757,-0.004223205944285384
3758,0.008022581193761353
3759,0.0004207011437402783
3760,-0.13469167630468032
3761,-0.13469167630468032
3762,-0.12307915993782625
3763,-0.10346842294466602
3764,-0.17648249202268335
3765,-0.018577879801138113
3766,0.01312168241531334
3767,-0.13629839909882338
3768,-0.0009366127374738485
3769,-0.10492779578263747
3770,-0.2052997306778923
3771,-0.11224023413098748
3772,-0.006578641117363026
3773,-0.10978290897634545
3774,-0.11106164749976542
3775,-0.07440452638370346
3776,-0.08885862381863123
3777,-0.06287197333791184
3778,-0.10793608639195479
3779,-0.13969692424851382
3780,-0.03958837804591207
3781,-0.08654376856605052
3782,-0.025497464211047483
3783,-0.10360558002128341
3784,-0.13317846700515876
3785,-0.009520444062121786
3786,-0.13076970757343653
3787,-0.09164294439136315
3788,-0.10496217074137484
3789,-0.055873392013602766
3790,-0.021473055894287243
3791,-0.08686192032507481
3792,-0.051823400972394164
3793,-0.15391382858639388
3794,0.009894682928718848
3795,-0.00032915634319929325
3796,-0.13873259908927563
3797,0.023997395178220575
3798,-0.03535395421480365
3799,0.021278418093860326
3800,-0.1587350870403743
3801,-0.015934853573962102
3802,-0.03298234322461976
3803,-0.05200697817415379
3804,0.011762515501637039
3805,-0.03351394814883828
3806,-0.03158379574293706
3807,-0.060629951447515366
3808,-0.16042236669017215
3809,-0.16042236669017215
3810,-0.020273244077906465
3811,-0.11162018242087457
3812,-0.03292978555790531
3813,-0.10778161881926689
3814,0.030338884442466928
3815,-0.06932203540683289
3816,-0.12501243775668794
3817,-0.005705233624120954
3818,-0.06267858885894785
3819,0.01786298308817912
3820,-0.10844230167086504
3821,-0.06690445605601912
3822,-0.018074890790430204
3823,-0.02453239907283727
3824,-0.13630595294674636
3825,-0.020676713250956137
3826,-0.08950681081262851
3827,-0.09586157430039281
3828,-0.05076899567391295
3829,-0.08592515733214003
3830,-0.06070731624490269
3831,-0.13421329379181177
3832,-0.015735637778282907
3833,-0.1278676547718888
3834,-0.08192304043770386
3835,-0.0073013410376407606
3836,0.03804201094700414
3837,-0.10782522412241727
3838,-0.08097969821115523
3839,-0.08097969821115523
3840,0.014654616700893608
3841,0.019251335907272425
3842,-0.07793839711776841
3843,-0.08076289324730196
3844,-0.018913480128129052
3845,0.01889511062468772
3846,0.0023257193214034806
3847,-0.10964820663784278
3848,-0.06344686049055076
3849,0.002348139756321445
3850,-0.13614777444248716
3851,-0.10630574673738097
3852,-0.006196005422780158
3853,-0.009471235115324514
3854,-0.14005928140264284
3855,-0.04649485077317704
3856,-0.02636640239267782
3857,0.02243685538657459
3858,-0.07730581818022318
3859,-0.10115159231579249
3860,-0.005229431331337073
3861,-0.03701827449993052
3862,-0.03009735383058998
3863,-0.09851430581944058
3864,-0.09851430581944058
3865,0.004460657704794106
3866,-0.08650094627404084
3867,0.02099984136768031
3868,-0.09849089966883584
3869,0.014002518014643504
3870,-0.010298422488918529
3871,-0.023402814948026263
3872,-0.06017490628262662
3873,-0.1441323756143417
3874,-0.07816018546878734
3875,-0.13433543775147125
3876,-0.04878267511181613
3877,0.04319406499090058
3878,-0.09700527727634234
3879,-0.06663074620370259
3880,-0.09496680802812672
3881,0.04850670101629171
3882,-0.09849343276161306
3883,-0.021714633141088215
3884,-0.15138973605660902
3885,0.01602260934518163
3886,-0.06984770556506423
3887,-0.00585546168335642
3888,-0.013877831540191676
3889,-0.14874979543536426
3890,-0.0467076752286335
3891,-0.08608111952104261
3892,0.027298836596027967
3893,-0.0854485971440535
3894,-0.0854485971440535
3895,-0.05521042405724309
3896,-0.07280703821939989
3897,0.024555970795104007
3898,-0.04391738703281952
3899,-0.06993037110769502
3900,-0.07337622747194668
3901,-0.046714165841394574
3902,-0.09547163421887729
3903,-0.15263382263447192
3904,-0.13959317973912921
3905,-0.03353196520851455
3906,0.0037129229954902397
3907,-0.06795568187640591
3908,-0.046414652341829156
3909,-0.10622779344739279
3910,-0.1134949609622793
3911,0.02453951209287459
3912,-0.08782186629240482
3913,-0.09287723994156294
3914,-0.0643634544182815
3915,-0.06608340399742685
3916,-0.0029078425032252058
3917,0.03743215928608087
3918,-0.09241240267717568
3919,-0.030842579443339273
3920,-0.06091881109743617
3921,-0.05295153690028125
3922,-0.021894336399289633
3923,-0.024531863202764553
3924,0.029400637096750164
3925,0.004288865815158982
3926,-0.044152172606212015
3927,-0.003635363292055471
3928,-0.0677846319868433
3929,0.041161556016526796
3930,-0.05795769559427391
3931,0.032037533389895574
3932,-0.04160088675747638
3933,-0.042413919079516464
3934,-0.042413919079516464
3935,-0.11039172965621134
3936,-0.03465544216246476
3937,-0.04492873020662221
3938,-0.10602170492065299
3939,-0.0021605977758184978
3940,-0.10018380329971764
3941,0.07394069688392765
3942,0.027320818511697303
3943,-0.1400788924903224
3944,-0.08477244121445345
3945,-0.04373444408152246
3946,-0.02017208121263324
3947,-0.02998510083889523
3948,-0.06949851010458291
3949,0.022216397309722656
3950,0.01829742599492981
3951,0.0007064193302140297
3952,-0.07440200529325017
3953,-0.0652874945687019
3954,-0.06259883913795392
3955,-0.03083002586849114
3956,-0.0399610579644358
3957,-0.04490717726349517
3958,-0.05237146697945672
3959,-0.041336087907569395
3960,-0.09471284100949287
3961,-0.06911203056367762
3962,-0.09822439930065584
3963,0.012342983909454064
3964,0.01854655205410061
3965,-0.11968261970107318
3966,-0.07685573893468046
3967,-0.032398872582424375
3968,-0.08263830900353013
3969,-0.07300641388875145
3970,-0.12301513580212295
3971,0.008335510276716094
3972,-0.00036143845132884523
3973,-0.04221492080373216
3974,-0.03919490005541474
3975,-0.04305496473774218
3976,-0.01613584299991558
3977,0.011111311410001781
3978,-0.04051165730150838
3979,-0.07668647979830161
3980,-0.024483389743957144
3981,0.0030197940414328456
3982,-0.05985154190624124
3983,-0.016269780785821256
3984,-0.14654741252527856
3985,-0.14785938073224697
3986,-0.14625901053495372
3987,-0.13822345845929088
3988,-0.1178524833452352
3989,-0.08493596998698773
3990,-0.06459291064876736
3991,-0.14400834333191603
3992,-0.09912361243246731
3993,-0.13524710085114433
3994,-0.1004851086833238
3995,-0.1354666676547114
3996,-0.11680520151680522
3997,-0.1549210750798151
3998,-0.06456125151897701
3999,-0.035000202600015476
4000,-0.12615840757193778
4001,-0.09167729325198287
4002,-0.14301221494453512
4003,-0.12379443309204798
4004,-0.07528880781296642
4005,-0.10793787837405504
4006,-0.08521664331402577
4007,-0.1335026985781565
4008,-0.15574868266781378
4009,0.013502991442121118
4010,-0.14846628764642197
4011,-0.06105519315603682
4012,-0.14486688944328366
4013,-0.09160539154060422
4014,-0.07799104935421441
4015,-0.15208175731556453
4016,-0.09146790621712989
4017,-0.1712962966507552
4018,-0.133149691615268
4019,-0.05348368692011124
4020,-0.1801928630968516
4021,-0.08859024425525788
4022,-0.02932204526726185
4023,-0.09133509125915791
4024,-0.07760476532351678
4025,-0.15386273728696323
4026,-0.07494671415808644
4027,-0.09006871596349314
4028,-0.044752975394693015
4029,-0.15766279326505434
4030,-0.02261213793277577
4031,-0.08028989219956247
4032,-0.0038784904637213
4033,-0.03004826013870914
4034,-0.08220697879129575
4035,-0.024212795274247714
4036,-0.06588516809888707
4037,-0.16865678366616435
4038,-0.07071975715859731
4039,-0.17364051597009025
4040,-0.08372440539288467
4041,-0.08534348783754112
4042,-5.437806301077007e-05
4043,-0.0862245232362297
4044,-0.07451671345300732
4045,-0.10281307588920667
4046,-0.10466940189779389
4047,-0.05337913843648492
4048,-0.029521365335245332
4049,-0.034070575102245
4050,-0.09117076889182994
4051,-0.09342528023744265
4052,-0.022910887130048255
4053,0.0367302473660143
4054,-0.027918176903848433
4055,-0.09090539960525516
4056,-0.05475506263730835
4057,-0.05730118005100181
4058,0.03360027163705448
4059,-0.07824174167825132
4060,-0.15572490496887847
4061,-0.07808279233003892
4062,-0.16789091270321424
4063,-0.1334057926185571
4064,-0.1715792749773226
4065,-0.11339164120598122
4066,-0.13653561586682159
4067,-0.1655244674282016
4068,-0.017458598176456796
4069,0.0054274008017130716
4070,-0.06879664939446546
4071,-0.06534467650952051
4072,-0.08133851699263446
4073,-0.059566240612178335
4074,-0.004709780412067502
4075,-0.11138199389018122
4076,-0.014270465907639852
4077,-0.04820148457124034
4078,-0.06074633382750511
4079,-0.04108865869166678
4080,-0.10488562312140998
4081,-0.04586758002784493
4082,-0.0096538478004095
4083,-0.1214326729835685
4084,-0.07054887178955613
4085,0.03792373521256826
4086,-0.06202155199298065
4087,-0.08530913281797847
4088,-0.039512593174494404
4089,-0.17551208531466417
4090,-0.034529075163519767
4091,-0.059172389849572384
4092,-0.10003117981195513
4093,-0.1788293394624005
4094,-0.12119405506420908
4095,-0.08390690979927386
4096,-0.07936279284880134
4097,-0.05832826219376344
4098,-0.14446921141629485
4099,-0.12398999741480607
4100,-0.18422582759990996
4101,-0.057457830428485124
4102,-0.06151902052697378
4103,-0.09925273739650572
4104,-0.0998131832875097
4105,-0.0998131832875097
4106,-0.0490615389746799
4107,-0.14732422018410868
4108,-0.09190176355600756
4109,-0.1424794579552934
4110,-0.14773165378941217
4111,0.008943811943318218
4112,-0.08152023629356195
4113,-0.05679616348021652
4114,0.02505029974153722
4115,-0.0923103673354974
4116,-0.033065183478492736
4117,-0.07723219160640696
4118,-0.12399125975167609
4119,-0.03413360734504252
4120,-0.006274049735014018
4121,0.057398534385373984
4122,-0.009129440813095625
4123,-0.06811993717305379
4124,-0.11657315775613457
4125,-0.03605397380296066
4126,-0.05598179891781016
4127,-0.10658542450211311
4128,0.006527693748197898
4129,-0.08143314946630051
4130,-0.01640740064618919
4131,-0.08681268227533072
4132,-0.08310826878892003
4133,-0.053147004287265286
4134,-0.0661865655570273
4135,-0.08509570885694996
4136,-0.008054360819014112
4137,-0.013988985987904651
4138,-0.1633553460685006
4139,-0.11069804492214462
4140,-0.23378121772538552
4141,-0.1799256943898575
4142,-0.1277013965916951
4143,-0.0482746475826053
4144,0.0011411795428197167
4145,-0.04549926637676979
4146,-0.02575120407620148
4147,-0.076622574981643
4148,-0.09810033770708172
4149,-0.08105940639270663
4150,-0.025569547428937262
4151,-0.13037091358868705
4152,-0.13633922210443314
4153,-0.11607923385613396
4154,-0.12648897720245952
4155,-0.10298082267704009
4156,-0.10298082267704009
4157,-0.1680235452472754
4158,-0.020521234881301892
4159,0.01600844542182813
4160,-0.0442312264721166
4161,-0.037244678834166184
4162,0.0773980868455308
4163,-0.11940512073777067
4164,-0.06188779233825815
4165,-0.0030268551879895945
4166,-0.08310008996490646
4167,-0.04343277825276304
4168,-0.047597042858270946
4169,-0.07746597840252596
4170,-0.041890584688030426
4171,-0.039943720797534915
4172,-0.11594069374048346
4173,-0.14031639699385287
4174,0.026585212269101162
4175,-0.10851883031346726
4176,-0.09384566019374374
4177,-0.0906264304945072
4178,-0.021432397172836556
4179,-0.09529396471879915
4180,-0.1362922941261829
4181,-0.02642093943875312
4182,-0.0668211283954255
4183,-0.09089893612500693
4184,-0.058813308174784425
4185,-0.09510746945610736
4186,0.06261674007727451
4187,-0.12338912164048836
4188,-0.1268614368689525
4189,-0.03507466623808112
4190,-0.08067496698364102
4191,0.0488165467837736
4192,0.004431254680696326
4193,-0.10304285139968693
4194,-0.033434084520810106
4195,-0.055553913980670125
4196,-0.04520743933075326
4197,-0.0675431690675785
4198,-0.10404289102517023
4199,-0.0914549041571666
4200,-0.0836406927377146
4201,-0.09281943159002394
4202,-0.12105021474737516
4203,-0.03471519335613747
4204,-0.09427331535713211
4205,-0.10094498597875498
4206,-0.024144518405000537
4207,-0.07116362729392989
4208,-0.06827458386274764
4209,-0.12055222570356047
4210,0.017063883404030658
4211,0.04269632440522091
4212,-0.09233998432897873
4213,-0.09859217642257402
4214,-0.043565954816800145
4215,-0.06013791014129418
4216,-0.137046670113904
4217,-0.0602174940210538
4218,-0.06335306080648793
4219,-0.09037779006857795
4220,0.024437915241428177
4221,-0.08080496249917325
4222,-0.06989351250470446
4223,-0.10622144272219161
4224,-0.11407829140878123
4225,-0.07893338836328163
4226,0.010417026279261908
4227,0.01969005418788607
4228,-0.09387826186492931
4229,-0.10071881390871622
4230,-0.05604410533041091
4231,-0.03602733863416138
4232,-0.08773741247249045
4233,-0.1090051866280227
4234,-0.03320707208547493
4235,-0.06444467221696563
4236,0.06642005540264768
4237,-0.04505779123694207
4238,-0.06758935105396012
4239,-0.0645130257247825
4240,-0.0031760464561905333
4241,-0.03781961604994679
4242,-0.1310310664248981
4243,-0.009849468199847106
4244,-0.06705950193714597
4245,-0.1236356634300587
4246,-0.06193716861543145
4247,-0.06762600422215738
4248,-0.06762600422215738
4249,-0.013069224530855173
4250,-0.13136954105389909
4251,-0.03574999745149966
4252,-0.11062516409107477
4253,-0.07829965626594418
4254,-0.09740701768468782
4255,-0.11490294730359274
4256,-0.09675541961390155
4257,-0.0679391391040715
4258,-0.07823165080682674
4259,-0.04846527281771275
4260,-0.04517888690611391
4261,-0.20317648057591395
4262,0.016313365674433953
4263,-0.026609020467790883
4264,-0.14296728619467505
4265,-0.014743987519400323
4266,-0.11955435190089721
4267,-0.07901083090445105
4268,-0.053225186250313174
4269,-0.002816193642618674
4270,0.013258149411588689
4271,-0.14872611735649718
4272,-0.05168191038322708
4273,-0.017385481271130137
4274,-0.13379225347920937
4275,-0.10053788834082504
4276,0.00932248609028384
4277,-0.025017190867881376
4278,-0.059329204372820715
4279,-0.12711562132233564
4280,-0.0911251233444865
4281,-0.0714780308922859
4282,-0.09190739406697844
4283,-0.07244968324391433
4284,-0.0037606480576935822
4285,-0.05909682207805374
4286,-0.08781927442682705
4287,0.05873112156135929
4288,-0.029148459784041576
4289,0.03209393475128767
4290,0.0014554303088602201
4291,0.029047485603251787
4292,-0.15580543262920474
4293,-0.08781997262808243
4294,-0.109852243819076
4295,-0.039541000359813595
4296,-0.023139761709202646
4297,-0.0700607591431636
4298,-0.09793042162664387
4299,-0.08507665482798986
4300,-0.16523102559123085
4301,0.004801338172426119
4302,-0.09754671587506061
4303,-0.0730219386732384
4304,-0.07683750255652222
4305,-0.09059851411648386
4306,0.014602014853988774
4307,-0.06815667024082346
4308,-0.03998142549026929
4309,-0.03998142549026929
4310,-0.10085575523237443
4311,-0.10225906366884964
4312,-0.022863144841869514
4313,-0.05793335166226867
4314,0.06624916571829671
4315,-0.06881684824551153
4316,0.01848597454876988
4317,-0.17291845058489788
4318,-0.04318584162713204
4319,-0.0802770657591114
4320,-0.029744140969112508
4321,-0.048511684390958355
4322,-0.037706341377280614
4323,-0.18893601474657365
4324,-0.0724173301969373
4325,0.0027357374170686004
4326,-0.14627731023750312
4327,-0.13376634119565636
4328,-0.11986236525161538
4329,-0.07703896934737807
4330,-0.1922305322271732
4331,-0.026878492779249755
4332,-0.11989427168547474
4333,-0.08104826962502454
4334,-0.09653445120136052
4335,-0.09848056950962321
4336,-0.11238658564470307
4337,0.038650056554928064
4338,-0.06698437474154523
4339,-0.09202100727343114
4340,-0.07771297043165146
4341,-0.03927024456205562
4342,0.02426853712639548
4343,-0.17135834155193144
4344,-0.10417420881286736
4345,-0.11648102731779872
4346,-0.16970525518412122
4347,-0.14510629681762305
4348,-0.09420246468693329
4349,-0.062674543131626
4350,-0.20520884438873285
4351,-0.09698199422658833
4352,0.022548009058654693
4353,-0.034657494484033685
4354,0.02658924359388605
4355,-0.05495711652695191
4356,-0.18285847323720994
4357,-0.0873686477125029
4358,0.03425017906022185
4359,0.0038330195773647853
4360,-0.09219834699265923
4361,-0.1064855073633634
4362,-0.051293924610005634
4363,-0.051293924610005634
4364,-0.020713861103837695
4365,-0.07684809813764541
4366,-0.08649528693518084
4367,-0.018023862838331087
4368,0.011524120118621186
4369,-0.1591639247103226
4370,-0.07171358632023242
4371,-0.11414353808761565
4372,-0.15580612900455695
4373,0.0015106659331040866
4374,-0.04765274677112377
4375,-0.15541356018875854
4376,-0.10304664571091623
4377,-0.03570454010548387
4378,-0.1056445750807414
4379,-0.14591297697208813
4380,-0.08974623574067464
4381,-0.08656033935716399
4382,-0.08064678434091295
4383,-0.21694336708541076
4384,0.055383485801885325
4385,-0.07253098412373271
4386,-0.03936175945231796
4387,-0.05223337600515914
4388,-0.0991610825467626
4389,-0.09486692307335864
4390,0.08070729531972361
4391,-0.033505139023265906
4392,-0.11374326587598946
4393,-0.06563172081266061
4394,-0.04582536361101736
4395,-0.07697527364239516
4396,-0.15427417204331148
4397,-0.061970745961253786
4398,-0.07563208639554601
4399,-0.14035659972627956
4400,-0.08288804754164324
4401,-0.1936342169015343
4402,-0.02704391808210336
4403,-0.03396147364948014
4404,-0.11952062075157108
4405,-0.13065669427374996
4406,-0.08159396001150733
4407,-0.08484231399563003
4408,-0.09735876770930982
4409,-0.10392070329099354
4410,-0.07763771385596274
4411,-0.09633035128632034
4412,-0.09227481613541055
4413,-0.08764113775867877
4414,-0.010742801391629307
4415,-0.00396846038293701
4416,0.008310899299905857
4417,-0.10276331383371917
4418,-0.05008942498468076
4419,-0.09741452889404524
4420,-0.12251782828811084
4421,-0.07376891021087627
4422,-0.07181921978945499
4423,-0.07457677822673046
4424,-0.07951542477530137
4425,-0.08513600287928362
4426,-0.11119704818162629
4427,-0.049285518349247284
4428,-0.08648060948461636
4429,-0.02183052291967031
4430,-0.13676970873599212
4431,-0.12137590391133449
4432,-0.017026035829406146
4433,-0.028528210233143492
4434,-0.11862866294971192
4435,-0.03001772471302391
4436,-0.1393875085034333
4437,-0.13216164282478576
4438,-0.13470334098385592
4439,-0.029639907319341744
4440,-0.04912045631465596
4441,-0.07822986308545692
4442,-0.02566416611970044
4443,-0.11412911417539746
4444,-0.11842278552221423
4445,-0.052385060703940514
4446,-0.07405957180773941
4447,-0.07208402769366487
4448,-0.07449599412668514
4449,-0.1757040148862012
4450,-0.048954434767927095
4451,-0.19040544725700317
4452,-0.05990985025577407
4453,0.027947247106817504
4454,-0.05707112381460822
4455,-0.08161685170441513
4456,-0.0029270194698680202
4457,-0.22018645659929545
4458,-0.08389297123059564
4459,-0.168595306650006
4460,0.02997140457039161
4461,-0.09947946731875291
4462,-0.025759945168483227
4463,0.0024933964785323506
4464,-0.10854831552762173
4465,-0.11010498254854514
4466,-0.23702916958245218
4467,0.0002907057989770957
4468,-0.1293607014465614
4469,-0.10540251788245307
4470,-0.10380821241320953
4471,-0.09903887835199468
4472,0.030318945468023915
4473,-0.02027719537032012
4474,-0.09533943754450708
4475,0.004955067610201796
4476,-0.05289754843676427
4477,-0.022568149766962618
4478,-0.011525657030302124
4479,-0.1250041749279414
4480,-0.07553260003554915
4481,-0.08925554720354993
4482,-0.061241069737614486
4483,-0.03355450391466767
4484,-0.08091658226468137
4485,-0.07985318750489616
4486,-0.011806241563797032
4487,-0.06006433924958002
4488,-0.08336830356061319
4489,-0.011731074435543358
4490,-0.058520109321606596
4491,-0.04584286328217671
4492,0.05953689365852003
4493,-0.12097019604620528
4494,-0.06379496072867417
4495,-0.014938071602540381
4496,-0.059202087348743326
4497,-0.07220958410653108
4498,-0.03953186009886073
4499,-0.0736103071682612
4500,-0.09249744618752775
4501,-0.06328677231667534
4502,-0.003296144732924504
4503,-0.2247015629774886
4504,-0.0795660235356046
4505,-0.012690323741815484
4506,-0.06467487749331888
4507,0.0619637759841814
4508,-0.019787326993963347
4509,-0.05714487916284447
4510,-0.08501732703550086
4511,-0.2243678925018519
4512,-0.00965109351405112
4513,-0.06553234739565127
4514,-0.10168040764953619
4515,-0.00563342264489979
4516,-0.031610032168107725
4517,-0.021400158553014845
4518,0.01581129898134521
4519,-0.0834854272699348
4520,-0.09990212892361792
4521,-0.06604720116602257
4522,-0.029843202605871828
4523,-0.020965550547708225
4524,-0.13460183298925524
4525,-0.034066248378077056
4526,-0.16006506239407214
4527,-0.028825182290815224
4528,-0.09459659251283543
4529,-0.1784754405618273
4530,-0.008867913745240838
4531,-0.0956655335039237
4532,-0.12093750488524951
4533,-0.21664561322754605
4534,-0.04838934674767193
4535,0.02432285260735978
4536,-0.08935856893499677
4537,-0.08315148672412208
4538,-0.06599818245430321
4539,-0.025542332922878788
4540,-0.12060314677630012
4541,-0.02984462174548494
4542,-0.13326842361340288
4543,-0.09798546432676178
4544,-0.0716672102630081
4545,-0.09859970103209695
4546,-0.024337811474141605
4547,0.04941307989152889
4548,0.03434235362181703
4549,-0.2083980758690334
4550,-0.0286666271279369
4551,-0.1597326104446313
4552,-0.020957984480791777
4553,0.01689451635425843
4554,-0.01754911872238336
4555,-0.06625776192829576
4556,-0.0153632242149075
4557,0.0001087485765475145
4558,0.0001087485765475145
4559,-0.06324838062362009
4560,-0.022017905368616555
4561,-0.20545188446015333
4562,-0.07821393447968525
4563,0.007018786125174284
4564,-0.15165652914211714
4565,-0.06781992771294053
4566,-0.21251644477804565
4567,-0.06784200018321758
4568,-0.036962734753291246
4569,0.007083214275769167
4570,-0.1235230733005222
4571,-0.04194526455008612
4572,-0.003784852263923473
4573,-0.0894778929578047
4574,0.012876450876109004
4575,0.03933702807836162
4576,-0.11345398063183236
4577,-0.08693371664615744
4578,-0.0960725853994512
4579,-0.04262413216985704
4580,-0.16943774348529592
4581,-0.045097825288256115
4582,0.046850125456699906
4583,-0.04766286485163009
4584,-0.005966896010212481
4585,-0.03057988002972005
4586,-0.038370489247534535
4587,-0.1603348264717514
4588,-0.02825612018354795
4589,-0.03277853663712901
4590,-0.07608153305065671
4591,-0.07247695257461916
4592,-0.02619368655097135
4593,-0.16425730959930415
4594,-0.010071496962791998
4595,-0.012675880269097694
4596,-0.0249591140007855
4597,-0.01907087499580421
4598,-0.19384923107233581
4599,-0.06494269846049357
4600,-0.01130895706453827
4601,-0.06139577193374956
4602,-0.11009159735379426
4603,-0.0428536180916459
4604,0.0718752538785568
4605,0.008178252009049015
4606,-0.15669609301979034
4607,-0.06711184853774382
4608,-0.1364991998698602
4609,-0.07206343326992862
4610,-0.000922394592929162
4611,-0.09308267974022695
4612,-0.07676913996303664
4613,-0.07368762887674712
4614,-0.022639075075165313
4615,-0.022339502580736147
4616,-0.1684321532995579
4617,-0.06895327988024624
4618,0.08560023248330888
4619,0.08560023248330888
4620,-0.014522612075820899
4621,-0.09477232824025669
4622,-0.15190426986461572
4623,-0.0780593734296094
4624,-0.22402278113771634
4625,0.08342409457141772
4626,-0.10806165244894363
4627,-0.03557724210780904
4628,-0.03986323768753547
4629,0.010075599639551213
4630,-0.19998170153266515
4631,-0.03791281743116576
4632,-0.14726061230254384
4633,0.014116388202826987
4634,-0.021641809231464044
4635,-0.05461940379418642
4636,-0.10154671781027678
4637,0.005784828467550558
4638,-0.08389599305313628
4639,0.022127546037452046
4640,-0.07051136664155122
4641,-0.17838084740333757
4642,-0.06477851337151487
4643,-0.14336311176550545
4644,-0.057848799661859705
4645,0.011423439114983176
4646,-0.062342422830809895
4647,0.010649156116908223
4648,-0.1624625897999733
4649,-0.14199795552586247
4650,-0.0512727770421852
4651,-0.09999283135877467
4652,-0.038780707258710446
4653,-0.18741278727399766
4654,-0.0975352270721087
4655,-0.04609013553027658
4656,-0.0712473901894445
4657,0.01919032859834658
4658,0.08526338111685912
4659,-0.0456323741757608
4660,-0.10773226388647218
4661,-0.004478599747755771
4662,-0.1076255512873657
4663,0.10580236507033146
4664,0.0015609956574519834
4665,-0.05316281977569757
4666,-0.04237030853676335
4667,-0.05918202952227396
4668,-0.033920079172845403
4669,0.06338162452228782
4670,0.06338162452228782
4671,-0.0110019361263077
4672,-0.05487494421365624
4673,0.11777309737731766
4674,0.03241734312625059
4675,0.04611475344465162
4676,-0.018883586286982806
4677,-0.07948594671654728
4678,-0.04125146142132038
4679,0.020712257803763564
4680,-0.05900307361136678
4681,-0.10855408502338201
4682,0.028365708359411806
4683,-0.04890042050385359
4684,-0.05231932811200023
4685,0.011917698492261864
4686,-0.06312798061977129
4687,0.08142750863507363
4688,0.02143224807325186
4689,-0.010299361521486427
4690,0.02613821762992469
4691,-0.05320284947637795
4692,-0.03709709445010359
4693,-0.05320458334830837
4694,-0.0361704716797281
4695,-0.049657886445518426
4696,-0.0773996954707023
4697,-0.06477547927442602
4698,-0.001824754236350099
4699,0.02431452428667662
4700,-0.05749842055201086
4701,0.014990231257564804
4702,-0.10384679692158595
4703,-0.06166774715427067
4704,-0.015245394866918945
4705,0.011062090630636097
4706,-0.05761782670659515
4707,-0.1695252421111469
4708,0.0524725737245215
4709,-0.04084377024041967
4710,0.03887374855870687
4711,-0.03859415448117504
4712,-0.12107633561715464
4713,-0.05779120674408716
4714,0.0041454995225510246
4715,-0.1134343227195409
4716,0.006563829514208395
4717,-0.11177567682094894
4718,-0.03912103825416329
4719,-0.2381643307554318
4720,-0.043737898975759575
4721,-0.0876203533713724
4722,-0.0876203533713724
4723,0.04984728875094451
4724,-0.13015603993456387
4725,0.05516165839393917
4726,-0.09080748075503299
4727,0.0672480141478069
4728,-0.0750966309063083
4729,-0.023016978479280976
4730,-0.06501603736183899
4731,0.038486242639648505
4732,-0.07117151806770683
4733,-0.07831657290934257
4734,0.03349033724595582
4735,-0.07335607918080785
4736,-0.04893000557338257
4737,0.057554218649152285
4738,-0.0681982027047802
4739,-0.010605281529238134
4740,0.05244575423290629
4741,-0.10104001766579089
4742,-0.015123015063899327
4743,-0.012497162108996866
4744,-0.03646744332310416
4745,-0.03669348094900086
4746,-0.1793363237544143
4747,-0.06849968760564915
4748,-0.07102693309002124
4749,-0.02588871005578921
4750,-0.0047407232297495055
4751,-0.10827361167392043
4752,-0.019301356973913376
4753,-0.12982213403519113
4754,-0.04470110107494704
4755,-0.022011687900035017
4756,-0.0656348284714713
4757,-0.01377640627072544
4758,-0.007367999594449189
4759,-0.0034871704193511228
4760,0.07414896177681356
4761,0.00405224268971228
4762,-0.022239314361637952
4763,0.05450936487200267
4764,0.004015048456573841
4765,-0.011859680417342588
4766,-0.08718255264084247
4767,-0.04688973520260797
4768,-0.007455614208845922
4769,-0.08171123053833466
4770,-0.08171123053833466
4771,-0.115559621222374
4772,-0.0511535384155968
4773,0.02858315660718661
4774,-0.1616608964578977
4775,0.08226244736111404
4776,0.014806574717128207
4777,-0.07734048306893807
4778,0.013021668636679227
4779,-0.009943633483664022
4780,-0.01857493039965637
4781,-0.09048067132954907
4782,-0.06288004103032853
4783,0.057341587143479096
4784,-0.15364726083400554
4785,-0.019029423867412187
4786,0.07823252409096225
4787,-0.04135507596823428
4788,0.07640098522290781
4789,-0.0306873324242727
4790,-0.016774844357594097
4791,-0.10999435068806022
4792,-0.046802849297208446
4793,-0.04781583951747449
4794,-0.14099939864513594
4795,-0.09048668357547522
4796,-0.0034653477698203096
4797,-0.18488047399095314
4798,-0.07271973758991794
4799,-0.002984612772659138
4800,-0.09206657600476324
4801,-0.1430335623410733
4802,-0.08787509237632952
4803,-0.011963409545217936
4804,-0.1254122916927499
4805,-0.019832009181511668
4806,0.019458558239177564
4807,0.038278584751034954
4808,-0.09376936752106817
4809,-0.10354468466485721
4810,-0.016078346811153946
4811,-0.17420503944883606
4812,0.09538002253155835
4813,-0.10554744156158263
4814,-0.057273430080695076
4815,0.00976378196629954
4816,-0.08167897635264505
4817,-0.014303308036551103
4818,-0.05803368303468828
4819,-0.02260239047078741
4820,0.04224609278196223
4821,-0.09630622663162547
4822,-0.09630622663162547
4823,-0.011864022405507685
4824,-0.1218232377780956
4825,0.08930698062883027
4826,0.03061637798872701
4827,-0.01878407883701997
4828,-0.08009633799582168
4829,-0.10060865630212254
4830,0.06415409130314856
4831,-0.13577257696552095
4832,-0.11325398321840993
4833,-0.02474965234771093
4834,-0.03262402391812846
4835,-0.013639016425847098
4836,-0.10571543546999715
4837,-0.054601912140790874
4838,0.07030146490625912
4839,-0.09581603992776216
4840,0.05426996571854253
4841,-0.04004706140661072
4842,-0.015617597728951977
4843,-0.07895510747700683
4844,-0.10685634771115451
4845,-0.009834816759023528
4846,-0.13529713785899747
4847,-0.07775761505733016
4848,-0.022642731702189608
4849,-0.09702196058254185
4850,-0.1852502522527424
4851,-0.12909090195206505
4852,0.006066387290908728
4853,0.06945328268038037
4854,-0.09947510254350653
4855,-0.08657720736474057
4856,0.038459386855728576
4857,-0.10452579932323865
4858,-0.0845615718496678
4859,0.0428509525663259
4860,-0.11521926540263853
4861,-0.13913912546103124
4862,-0.21090194102896206
4863,-0.0381119840317818
4864,-0.09756412757681038
4865,-0.1178975364184891
4866,-0.10278836766464694
4867,0.03742904584231467
4868,-0.01825808608932069
4869,-0.09947811714662119
4870,-0.012959022444119861
4871,-0.06632871673291955
4872,-0.10989936586225153
4873,-0.06655441656063124
4874,-0.052710322630568844
4875,-0.153753184809345
4876,-0.10065404957630848
4877,-0.11712004678435563
4878,-0.06341951396820213
4879,-0.08596650779829847
4880,-0.10012892547766318
4881,-0.05744184884405077
4882,-0.15479372125585725
4883,-0.05901063354385825
4884,-0.1332252033677222
4885,-0.09674787436872515
4886,-0.11528192435628426
4887,0.0015544970711918072
4888,-0.06317979873796196
4889,-0.042084991207092706
4890,-0.07263045373479753
4891,-0.08350190935815563
4892,0.0026077809230029996
4893,-0.041949321102147066
4894,-0.06360120694327041
4895,0.0010441471363642773
4896,-0.12590168760614795
4897,-0.07107104190497844
4898,-0.07719896814960854
4899,0.043341797860750396
4900,-0.0754290848938142
4901,0.036275277315984907
4902,0.0022895995222272955
4903,-0.05382665576466378
4904,-0.10156309800239954
4905,-0.0728558587038417
4906,-0.05674460762596831
4907,0.04112921967996963
4908,-0.06342755565532436
4909,0.017234392063097313
4910,-0.07148194917255575
4911,-0.11230392609334398
4912,-0.062119244829950127
4913,-0.15469885049744705
4914,0.0541120373583951
4915,-0.08398454354248888
4916,-0.14575241681715317
4917,-0.006462166507615957
4918,-0.09559805093215834
4919,-0.11169352280581249
4920,-0.061121070437758065
4921,-0.03387257924662886
4922,-0.12839282105345734
4923,-0.0893565915613055
4924,-0.10848821504103516
4925,-0.09076274411675594
4926,-0.016769011732285646
4927,-0.015624448958922866
4928,-0.08725094986914729
4929,-0.004597596011369933
4930,-0.06796266897675839
4931,-0.017404887742679554
4932,-0.03938227441974304
4933,-0.030276059191103367
4934,-0.016063081281303557
4935,-0.09198633274307821
4936,-0.07521249040120166
4937,0.020067605517378483
4938,-0.01358845047056551
4939,-0.11995982675196322
4940,-0.022667527025823767
4941,-0.0014518126380190434
4942,0.10782995290266985
4943,-0.0020959907159119914
4944,-0.06199520823104614
4945,-0.13363264603938624
4946,0.010753311862518013
4947,-0.12072770310632545
4948,-0.018817344519136796
4949,-0.032738237202615754
4950,-0.04776617853392029
4951,-0.011299318393429705
4952,-0.11227555607706781
4953,-0.0031264109697026975
4954,-0.10905590850071172
4955,-0.05048735298720425
4956,-0.0648564457054831
4957,0.007605731488293169
4958,-0.015741649312754628
4959,-0.016567334305035177
4960,-0.03346388381478168
4961,-0.027342707857032182
4962,0.019256571517900466
4963,-0.018403543984425303
4964,8.814008301071926e-05
4965,0.037742419728084876
4966,0.045117733985019795
4967,0.00544898684811938
4968,-0.05062412070219132
4969,-0.0686926557589148
4970,-0.009476267985131312
4971,-0.029411478604545415
4972,0.13737950260632828
4973,-0.03798294206811454
4974,0.02215831308793766
4975,0.005247575927989718
4976,-0.00964213520640484
4977,-0.10344246821576429
4978,-0.12344896476128185
4979,0.0021106843788073508
4980,-0.06905471809174013
4981,-6.676547349835828e-06
4982,-0.08818999403779412
4983,-0.011400387478204991
4984,-0.052059239089704085
4985,-0.008562638655280846
4986,-0.10017449284083767
4987,0.0007862252146418757
4988,0.0028143914892759707
4989,-0.087469413509015
4990,-0.10613003230532783
4991,-0.07408584425023017
4992,-0.019369346796543004
4993,-0.07530310994129394
4994,-0.11057558224265769
4995,-0.0038231828766868148
4996,-0.11268663983601997
4997,-0.010750478261556302
4998,-0.07650003344859165
4999,0.032606950906829774
5000,-0.0010347684656866368
5001,-0.039601813523796735
5002,0.027690453767280923
5003,0.010383147576290287
5004,0.04226905352122656
5005,0.059474449022335674
5006,-0.13171172424775213
5007,0.031517763521812674
5008,0.0002826825008172618
5009,0.0005006122458042361
5010,0.032690404960590946
5011,-0.04010997192827345
5012,-0.10930532475931568
5013,-0.09963612106663212
5014,-0.08600350699602828
5015,0.036088125123457215
5016,-0.0932332401669909
5017,-0.0403595092248387
5018,-0.05079204437176927
5019,-0.07732866409798336
5020,-0.0771720478173854
5021,-0.0631573574070158
5022,-0.0710633346803079
5023,-0.13585228722712464
5024,-0.137942449419481
5025,-0.011251218825097685
5026,-0.028011397724183502
5027,-0.057162886976990394
5028,-0.061864069888678735
5029,0.039936563780367355
5030,0.03813821849232886
5031,0.040340396516494036
5032,-0.11988347026660623
5033,-0.059353632997156854
5034,-0.059353632997156854
5035,-0.0776993083319171
5036,-0.0875936519549238
5037,0.07226214128119379
5038,-0.09301729334629509
5039,0.027507051499814045
5040,-0.08663584874212407
5041,0.011732075479744654
5042,-0.06056880141194793
5043,-0.12066794365212144
5044,0.07148050266025811
5045,0.016874920773555176
5046,0.021230291875595664
5047,-0.07654087641246453
5048,-0.02083742387815816
5049,-0.06223616321458463
5050,-0.07404912052936448
5051,-0.08160634188501177
5052,-0.11462961444328876
5053,-0.0761463103332423
5054,0.012373669296784458
5055,-0.056351666546451885
5056,0.015510680014877262
5057,0.007025833270513525
5058,0.05272635664640947
5059,-0.009082820470453664
5060,-0.06752135538390254
5061,0.07204768553143666
5062,0.05633874067122561
5063,0.030697838575874506
5064,-0.05935475044326908
5065,0.05650263412804589
5066,-0.1100733052582467
5067,0.0463973410292909
5068,-0.03241769314009657
5069,-0.022830079828823242
5070,-0.07552625752592833
5071,0.03728818334762124
5072,-0.019151053287917472
5073,0.046988771848245944
5074,0.0550419911307008
5075,-0.015613980414670315
5076,-0.07522304405685248
5077,-0.13642818852010455
5078,0.0033039683876625848
5079,-0.068172216057291
5080,-0.03984905716904494
5081,0.02035600089190802
5082,-0.0592009875312317
5083,-0.012041231012386584
5084,-0.04566963447990807
5085,-0.11695961350349009
5086,-0.03955761364010524
5087,-0.03691798962167711
5088,0.08245242353503268
5089,-0.08405136215721955
5090,-0.021445936020058426
5091,0.0290807833309932
5092,-0.04447175392049955
5093,0.05161537182061488
5094,0.05161537182061488
5095,-0.059471422063696766
5096,-0.0557060076343609
5097,0.041088262254097084
5098,-0.03820769118053437
5099,0.05305751000646284
5100,-0.026202939347745466
5101,0.0515366201445426
5102,-0.08180317017561198
5103,0.0176038406198439
5104,-0.04610162138823657
5105,-0.028935039040366636
5106,-0.060719920279659355
5107,-0.07386914185858998
5108,0.04875189886586329
5109,-0.014704276221150859
5110,-0.07403519654582533
5111,-0.05398472240073625
5112,-0.10532042185130597
5113,-0.06575070552482472
5114,-0.05580356667816702
5115,-0.02458360695835839
5116,-0.06960102851403846
5117,-0.05701501377097029
5118,-0.09571621350663584
5119,-0.005459574185799141
5120,-0.13241764522633392
5121,-0.0038344347886649422
5122,-0.03337725782766073
5123,0.05337774109184242
5124,-0.0639615631983761
5125,-0.05238726349562246
5126,-0.023673939251117004
5127,-0.002598387897719811
5128,-0.11115408099307805
5129,-0.00869325955167143
5130,-0.06786650256149716
5131,-0.04481009174521341
5132,-0.014040058630368632
5133,-0.0724731594966871
5134,-0.07319073573062897
5135,-0.014675071076763994
5136,-0.057809868021522694
5137,-0.0819688106607768
5138,0.022104698714493255
5139,0.09958176846551493
5140,0.005008332860949883
5141,-0.002796864981025507
5142,-0.049520421977047764
5143,0.039778362415292756
5144,-0.08063735362740336
5145,0.04404386398155779
5146,-0.03932188120781989
5147,0.09499241227877443
5148,0.09499241227877443
5149,-0.05003409513712015
5150,-0.05760519964427376
5151,-0.06389195078239826
5152,-0.020376363283529205
5153,-0.058133211550602554
5154,0.0180376051718087
5155,-0.10387948049403176
5156,0.025603118242485685
5157,-0.08386565157535322
5158,-0.03704944904986432
5159,-0.014161403668758872
5160,-0.10965140405551296
5161,-0.07875501091629132
5162,0.04277462116746586
5163,-0.059011233120877395
5164,-0.10446426476663392
5165,0.04863314432259163
5166,-0.051238998416075605
5167,-0.06924119083277237
5168,-0.08679482714872251
5169,0.05717243557347555
5170,0.0018929993728514429
5171,0.08710913331150592
5172,-0.023124176045596086
5173,0.0800013679043484
5174,-0.009478757985473174
5175,0.047183945811328946
5176,-0.07346531275454188
5177,0.029661562890001113
5178,-0.022548654851901623
5179,-0.08714006776538764
5180,0.025928467073879052
5181,-0.06619295765023551
5182,-0.03189376384909804
5183,0.05227619230110215
5184,-0.06597565336507599
5185,-0.05235782894501899
5186,-0.008200636556543581
5187,-0.05357451071296901
5188,-0.05590691690612754
5189,0.052844672970620996
5190,-0.0787350051094234
5191,-0.044428217646473186
5192,0.01580164562307367
5193,-0.07538887927132322
5194,-0.07241426583710311
5195,-0.0546081010744559
5196,-0.009608146769925474
5197,-0.08032801771222951
5198,0.011570060668657501
5199,-0.08802943824115637
5200,0.0732895475881376
5201,0.018694786426856135
5202,0.018694786426856135
5203,-0.052176225074563175
5204,0.0589558696191389
5205,-0.029991072970176887
5206,-0.07278888308841701
5207,-0.038941370486000874
5208,-0.08362476310189673
5209,-0.048599448129311794
5210,-0.03815757769179744
5211,-0.04708997248101904
5212,-0.05428678427583015
5213,-0.0706266637401378
5214,-0.03272441357848233
5215,0.014384086010770392
5216,0.019888961907514636
5217,0.04421413470706793
5218,-0.024557564815662073
5219,-0.11537257687976334
5220,-0.07310109756972373
5221,-0.07536490533148982
5222,-0.047979220731157665
5223,-0.07924533056851138
5224,0.057904774317726254
5225,-0.02152080726241185
5226,-0.024699586864837874
5227,-0.10183292990876762
5228,0.026285963765027072
5229,0.059738609669766324
5230,0.0008210590287598434
5231,-0.1020125199943187
5232,0.025802358414234505
5233,-0.014164625014036092
5234,-0.07214789697244055
5235,-0.07623177970798663
5236,-0.061669077408425546
5237,-0.023625204456391904
5238,0.05308340868352624
5239,0.037532782387145025
5240,0.04952569811563991
5241,-0.0571336963502767
5242,0.06607295822961483
5243,-0.036000149566941385
5244,-0.06664938191359959
5245,-0.00935267438070718
5246,-0.09472802413067774
5247,-0.08113226189774406
5248,0.003739769018640939
5249,-0.078031014566705
5250,0.06142257872243024
5251,0.06142257872243024
5252,-0.03985800732772756
5253,-0.0515968999615041
5254,-0.027421344933154384
5255,-0.06385185459023013
5256,-0.19829793918532979
5257,-0.0440521219250519
5258,0.021030416387880602
5259,-0.050186921311802905
5260,-0.06929727691161477
5261,0.09704223017153812
5262,0.04569502525352036
5263,-0.03031291261022803
5264,-0.02627166784901413
5265,-0.10047353866248403
5266,-0.07181138320571064
5267,-0.04123130004444016
5268,-0.00043211691412882366
5269,-0.027930569156182906
5270,-0.0685687825488629
5271,0.041938300112329865
5272,-0.08933412864293588
5273,-0.04605759017860898
5274,0.020331846422014736
5275,-0.09125019160176336
5276,0.021351606230021546
5277,-0.014956970726126074
5278,0.029064087720945517
5279,0.02952330699924472
5280,0.001298181453550402
5281,0.006655027586912596
5282,-0.020560868045115508
5283,-0.06572110159933023
5284,-0.03203640378804246
5285,-0.0005929595842846096
5286,-0.02544752199588706
5287,0.02245644578346188
5288,0.04130308699052538
5289,-0.17462276798658727
5290,-0.01574205819134146
5291,0.016850313606517273
5292,-0.0743358442141253
5293,0.010961303202832926
5294,0.08234985247723875
5295,-0.08008595874885986
5296,-0.07416597026509872
5297,0.016982250576533957
5298,-0.051242032797986045
5299,-0.060808162846889634
5300,-0.05982314068262682
5301,0.002952750784521255
5302,-0.022500670212196358
5303,0.0011962943435652065
5304,-0.08348553214282665
5305,-0.08006709904227362
5306,-0.06482442333995572
5307,0.007955887076677017
5308,-0.04004848704147166
5309,-0.005743391869068523
5310,0.043491262807811445
5311,-0.08094871811619198
5312,-0.03708988157020941
5313,-0.05076472242754704
5314,0.0020061935122198727
5315,-0.0189030304785457
5316,-0.0044468356460262886
5317,-0.10200968480774825
5318,-0.021187233173698715
5319,0.010446486312644096
5320,-0.019850043970650978
5321,-0.039526063678114225
5322,-0.1988027026093719
5323,-0.06524431742321238
5324,-0.061247742504463056
5325,0.012501461434457864
5326,-0.0985087757980204
5327,-0.046449058547713126
5328,0.04897995304649208
5329,-0.007182659626334677
5330,-0.06776117052274237
5331,-0.019162840755307168
5332,0.12037237368098232
5333,-0.014517137667454787
5334,-0.07528258519115534
5335,-0.0070354222009347545
5336,-0.0026889192236702027
5337,0.03053107129983877
5338,0.007802484586850431
5339,-0.11929283809978435
5340,-0.06507310323483999
5341,-0.06716165924105456
5342,-0.1035326093598662
5343,-0.015234326828123894
5344,-0.2478855720256014
5345,-0.07799913305628497
5346,0.014055966100546416
5347,-0.09867236869216138
5348,-0.012459415037069778
5349,-0.07515369073702237
5350,0.08372319876908844
5351,0.037337372875817176
5352,-0.017691429774512
5353,-0.021056002624713188
5354,-0.11857191272164319
5355,-0.06942980587891852
5356,-0.06169569798561582
5357,0.008383676240794283
5358,-0.0892073002288866
5359,-0.015828025210271695
5360,0.026077462436755204
5361,0.004386250109416604
5362,-0.01786710263118132
5363,-0.03731990389877592
5364,-0.0491676780614557
5365,-0.064222370767723
5366,-0.018155871014385226
5367,-0.044752425047520826
5368,-0.060854750630291485
5369,-0.029116778134659554
5370,0.013642162734327251
5371,-0.0026237945897668673
5372,0.055029152706717266
5373,0.03258175528503297
5374,-0.03400527161802223
5375,0.03190586831034598
5376,-0.09323408285468128
5377,-0.04808079386941497
5378,0.0039061613583542365
5379,-0.07855396323780806
5380,-0.0627044195449816
5381,-0.03000068324819832
5382,-0.06855739013959042
5383,-0.08996792753347121
5384,-0.06442079069454988
5385,-0.0723887256670715
5386,0.030143407844098104
5387,-0.036103575606335356
5388,-0.06252236081007591
5389,-0.07358264632483721
5390,-0.019888689214459136
5391,0.0143969985233219
5392,-0.06678173212964747
5393,-0.018273289982221292
5394,-0.02808716132092039
5395,-0.08285259380505346
5396,-0.01793668276139495
5397,-0.07127044797346611
5398,-0.04534841783288036
5399,0.01764375437856056
5400,-0.1301335073917113
5401,-0.05032556451250546
5402,-0.08493416709365577
5403,-0.12711287874253385
5404,-0.03173796878194522
5405,-0.07195357799390395
5406,-0.0759577834317835
5407,-0.019521997236006453
5408,-0.0761018672597468
5409,-0.07133251684144962
5410,-0.042613751928911876
5411,-0.0063949859296853736
5412,-0.03916946982665042
5413,-0.10169275375035629
5414,-0.010944163024274485
5415,-0.06391511268997706
5416,-0.027653451170788806
5417,0.0010674348968798273
5418,-0.06997866609923162
5419,-0.07307505764203041
5420,-0.04708115312831892
5421,-0.09158142948345117
5422,-0.07627606627688759
5423,-0.1126634055850901
5424,0.007484948599556516
5425,-0.09678038495669847
5426,-0.0012193613786727002
5427,-0.03417662861007267
5428,-0.07181370912743758
5429,-0.11539589224507645
5430,-0.11339253809589042
5431,-0.03929683491296139
5432,-0.07420616893256728
5433,-0.03047327682538423
5434,0.09245586561052066
5435,-0.09037038509433264
5436,-0.08822692367534272
5437,-0.1225489173715747
5438,-0.04368895145718869
5439,-0.017677599454739686
5440,-0.10169146956983337
5441,-0.09946518234177089
5442,-0.11474074799888971
5443,-0.06543023656620366
5444,-0.1379724651324071
5445,-0.02001568714250435
5446,-0.06926278094891962
5447,-0.07116436501655288
5448,0.03292307939157232
5449,-0.12897609104635555
5450,-0.030689335537020104
5451,-0.006769115614505241
5452,-0.13288073195548408
5453,-0.10506987623382086
5454,-0.13058492278748132
5455,-0.08538643491132762
5456,0.023903573178160175
5457,-0.1412561537095968
5458,-0.06737487053903542
5459,-0.14042629875732676
5460,-0.07487706657140153
5461,-0.07456227048306069
5462,-0.06245267102507286
5463,-0.15944756572850002
5464,-0.15869752756170058
5465,0.004056586479716602
5466,-0.006564131224024877
5467,-0.02490018637390476
5468,-0.09961549655068147
5469,-0.03265130940186336
5470,-0.0009096354806178372
5471,0.005274089227725172
5472,-0.021451329057262273
5473,-0.039713916607688415
5474,-0.019562718188575752
5475,-0.04337034721325461
5476,-0.08649711930857736
5477,-0.09188158570950644
5478,-0.10587963503000644
5479,-0.08526734181542944
5480,-0.12658205249536775
5481,-0.07115909083106027
5482,-0.1632697033602832
5483,-0.04265549930296759
5484,-0.12279787610652197
5485,-0.17742729592022344
5486,0.04792437940299251
5487,-0.04690439328711567
5488,-0.07593481312932955
5489,-0.03317113460709481
5490,-0.0306158450627515
5491,-0.03384348322106013
5492,-0.00489180799235491
5493,0.016501319631008392
5494,-0.001679251401918447
5495,-0.08788910193710331
5496,-0.1372857378468555
5497,-0.15542745189072316
5498,-0.08206002573746479
5499,-0.04412766765030036
5500,-0.13732663051157318
5501,-0.0643364115875699
5502,-0.07404058285435754
5503,-0.12180517530029815
5504,-0.06459907081981238
5505,-0.08421998991758493
5506,-0.14309233500953467
5507,-0.05135973433742362
5508,-0.12911038881742312
5509,-0.12911038881742312
5510,-0.059321647078704735
5511,0.011035490427093732
5512,-0.0006368845883071363
5513,-0.05981327487283513
5514,-0.10898100813563086
5515,0.0002099382969385185
5516,-0.0005542861469219073
5517,-0.007735085088131705
5518,-0.0423419881821557
5519,-0.07138672064887577
5520,0.0012447181698708077
5521,-0.065394095717279
5522,-0.14288988481735693
5523,-0.0254252613029199
5524,-0.016406215015105672
5525,-0.0728815172251765
5526,-0.1377079830210046
5527,-0.02200819830786869
5528,-0.031430479008633466
5529,-0.09622417409441796
5530,-0.06843188753609544
5531,-0.10536708665251522
5532,-0.006819211584417837
5533,-0.07281695064053184
5534,-0.13105110116084118
5535,-0.13105110116084118
5536,-0.050857423421366774
5537,-0.028456030253498608
5538,-0.1228137640776661
5539,-0.09246518376728337
5540,-0.12680479217576554
5541,-0.13599035118435707
5542,-0.13897133912330895
5543,-0.1171340494493551
5544,-0.011226462969691544
5545,-0.037435060137646664
5546,0.017966862922175062
5547,-0.04066981421717567
5548,0.0033770628522364907
5549,-0.05069511420919626
5550,-0.128815635373163
5551,-0.10644153202257702
5552,-0.012641367044470822
5553,-0.12256859852682182
5554,-0.03694216135387671
5555,-0.034319764449944515
5556,-0.03885929475832677
5557,-0.12771689768656594
5558,-0.06681219015440758
5559,-0.027912897501613777
5560,-0.006334272684349626
5561,-0.1889282537321635
5562,-0.13657901247235074
5563,-0.028478294714956408
5564,0.01159903044798687
5565,-0.09191068797823067
5566,-0.09191068797823067
5567,0.0005208373127875449
5568,0.0077633305870768695
5569,-8.495087554948847e-06
5570,-0.08680657289998607
5571,-0.20072046179594494
5572,0.04002152163142678
5573,-0.02649612690514084
5574,-0.08498987249717896
5575,-0.04321446286924523
5576,-0.05038249906838969
5577,-0.04545156649915713
5578,-0.17629181162666363
5579,-0.039205002331738965
5580,-0.039205002331738965
5581,-0.04457087966997362
5582,0.008140236957391146
5583,-0.06812170059380174
5584,-0.12122151952845428
5585,-0.13353357948469174
5586,-0.05015101018396686
5587,-0.02587180192379009
5588,-0.01786653102320929
5589,0.016416820904178252
5590,-0.010046491953522016
5591,-0.0390523473627379
5592,-0.16252703695732668
5593,-0.08191486777187607
5594,-0.0636288647252095
5595,-0.18263133895073835
5596,-0.16955758702274445
5597,-0.0703807784144552
5598,0.08956465340791724
5599,-0.030740296911215787
5600,-0.1437323157763238
5601,-0.14217068506379374
5602,-0.14075454587764002
5603,-0.022309785943301057
5604,-0.018594103792276388
5605,-0.042406342902228535
5606,-0.10206345792122908
5607,-0.07192302444470806
5608,-0.04936907409816148
5609,-0.15985052829973279
5610,-0.15985052829973279
5611,-0.03906803283419076
5612,-0.0011191951416320463
5613,-0.08808762210913974
5614,0.03505249763790804
5615,-0.11576857943822762
5616,-0.04625903361659864
5617,-0.02229805503121631
5618,-0.053833595297585586
5619,-0.01944045464023663
5620,-0.09155499997294181
5621,-0.0652038254757693
5622,-0.055334687008492825
5623,-0.06785166570349749
5624,-0.001156418327198987
5625,-0.17318712911557232
5626,-0.04952703890364356
5627,-0.007056566194076385
5628,-0.05063463761759648
5629,-0.0018756585656194934
5630,-0.03895048184886525
5631,-0.014646065222423265
5632,-0.16114433715383467
5633,-0.16114433715383467
5634,-0.043878658566813215
5635,-0.14285265219444715
5636,-0.12684457104872598
5637,-0.11508402414921118
5638,-0.11033627990772582
5639,-0.07788822943480535
5640,0.004690002582412894
5641,-0.06617457568737001
5642,0.0018920052454045235
5643,-0.16231843949244204
5644,-0.00898794389347116
5645,-0.10778441426303867
5646,-0.05619854596814911
5647,-0.09759139450377846
5648,0.020850411698821333
5649,-0.01756654548058355
5650,-0.08414212261349335
5651,-0.14525271241187984
5652,-0.09301851010180422
5653,-0.05296017274547676
5654,-0.0656932179040502
5655,0.01426496778998342
5656,-0.08338683003890632
5657,-0.15781634924057542
5658,-0.0546884043379532
5659,0.0017873572291908133
5660,0.0016757153151124812
5661,-0.130386569755202
5662,-0.029844758788750057
5663,-0.10527678456079416
5664,-0.024180496868286383
5665,-0.10527678456079416
5666,-0.016153488572568046
5667,0.015555427028630704
5668,-0.07406721056219763
5669,-0.05456753074392625
5670,-0.024639122933555732
5671,-0.06415135166215809
5672,-0.08250637231045164
5673,-0.08195400535345007
5674,-0.12864874278332306
5675,0.0053275580086840175
5676,-0.012130221464886353
5677,0.007272831517609262
5678,-0.08298535165975059
5679,-0.05916040963149508
5680,-0.03461265548188505
5681,-0.013980813259330403
5682,-0.08363170175152176
5683,-0.057523312879625435
5684,-0.1101584670312845
5685,-0.004334697117704241
5686,0.00045423362508311804
5687,-0.13370377292240437
5688,-0.09468233821274877
5689,-0.13918772469035337
5690,0.07168382298886443
5691,-0.07718473080277492
5692,-0.08353257439242619
5693,-0.07845483286232106
5694,-0.022629120266765237
5695,-0.1199373988699434
5696,-0.016547078349733905
5697,-0.03072893874397885
5698,-0.0937354632264061
5699,-0.0937354632264061
5700,-0.13869813785628973
5701,-0.12489580805603305
5702,-0.1146101608173472
5703,-0.09987405831636179
5704,-0.010387930946973954
5705,-0.08069258765377911
5706,0.007946816960725588
5707,-0.015601866253163132
5708,-0.05786321108239632
5709,-0.1550458564608741
5710,-0.10393224314415453
5711,-0.030995818110615483
5712,-0.09788241603816099
5713,-0.14380008342952674
5714,-0.008834607585006763
5715,0.01683667883340537
5716,-0.12037283111459521
5717,-0.011931420486933762
5718,-0.12753373990256306
5719,-0.06989708368246983
5720,-0.10829561775001154
5721,-0.04454420714849456
5722,-0.0627255698598032
5723,-0.09445725443810934
5724,-0.17127034814842587
5725,-0.005577113587760997
5726,-0.10432802067337595
5727,-0.10432802067337595
5728,-0.13191172729838818
5729,-0.008345842774131185
5730,-0.14918293699621313
5731,-0.11157358151330037
5732,-0.052075825759782736
5733,-0.005435886819104314
5734,-0.05103755893285273
5735,-0.14517148987781825
5736,-0.06612901032908083
5737,-0.021654996027407118
5738,-0.027607897568337068
5739,-0.10935069186330139
5740,-0.1393711320552769
5741,-0.047559627587324814
5742,-0.1201259699243859
5743,0.0030195829816439933
5744,-0.013597341971166133
5745,-0.09389917718349364
5746,-0.011596008286542801
5747,-0.03668898364073352
5748,-0.05128447056777142
5749,-0.19443644812331906
5750,-0.024610514441630416
5751,-0.08531330958856435
5752,-0.09375799651357085
5753,-0.1590188077823032
5754,-0.10635245784977147
5755,-0.12320263648788034
5756,-0.039578937783039385
5757,-0.16738652883846775
5758,-0.09186716837808566
5759,-0.09186716837808566
5760,0.02976692847936505
5761,-0.1370707183661535
5762,-0.07171650528913666
5763,-0.16192271454590101
5764,-0.0888744360081594
5765,-0.1625641081383555
5766,-0.032118152005811904
5767,-0.08871711511521112
5768,-0.035481660775052964
5769,-0.15893513827470288
5770,-0.15893513827470288
5771,-0.112167362738783
5772,-0.0950433387635937
5773,-0.16034419898342864
5774,-0.026291730700619492
5775,0.0030497704309582216
5776,-0.06382240815419492
5777,-0.041899695323652335
5778,0.030262828424065105
5779,-0.01735556601402726
5780,0.0013667039818821402
5781,-0.08630488058271514
5782,-0.14975127773121438
5783,-0.01846491451963482
5784,-0.08698894324729539
5785,-0.12801247396408755
5786,-0.06719837855082035
5787,-0.1310235905679712
5788,-0.0735715591970548
5789,0.005433881889170045
5790,-0.06792176092619348
5791,-0.014233987213523416
5792,-0.08071119740594702
5793,-0.07157526355318265
5794,-0.035608837839085944
5795,-0.07108250412035352
5796,-0.11268390398820702
5797,-0.09635814365880548
5798,-0.014858473181392615
5799,-0.13611222949143378
5800,-0.019198115848697864
5801,-0.11045239852908355
5802,0.017251238131048098
5803,-0.036500163594130025
5804,-0.07081570431226362
5805,-0.03346056251192881
5806,-0.02473878021910416
5807,-0.08528985470659035
5808,-0.1729214675260318
5809,-0.045410642576692556
5810,-0.052114826317330186
5811,-0.11297532359954664
5812,-0.04948473737507742
5813,-0.050071950414468956
5814,-0.1550211097720578
5815,-0.08151199537503954
5816,-0.12116029975004385
5817,-0.14965220532340562
5818,0.020364855347210845
5819,-0.12798737936388824
5820,-0.0411471425545979
5821,-0.047487147060722
5822,-0.14568520076340477
5823,-0.004394744551846988
5824,-0.08413806813682698
5825,-0.12343890127629531
5826,-0.039211346186690504
5827,-0.07145382966967088
5828,-0.09351797107415785
5829,-0.004251190019100293
5830,-0.05500094838083459
5831,-0.06883267241724111
5832,-0.0535566685562473
5833,0.03392742504018085
5834,-0.0698272583164138
5835,-0.14758043696209944
5836,-0.15018945410645318
5837,-0.10721620754565607
5838,-0.08748648557264246
5839,-0.09721359689779824
5840,-0.020565333524477283
5841,-0.07074728319546207
5842,-0.05743249997226239
5843,-0.10361187619368892
5844,-0.00687595873161343
5845,-0.049018673926630014
5846,0.0295506869732166
5847,-0.07523766771332029
5848,-0.07973697452714183
5849,-0.010651123333692301
5850,-0.09544685307556255
5851,-0.06481875922881813
5852,-0.04346165845774237
5853,-0.06169505797438801
5854,0.01820618983493421
5855,-0.053551729464067784
5856,-0.045496875441205
5857,-0.06671533967339496
5858,-0.08459711332772536
5859,-0.13595371957193056
5860,-0.08933335358033216
5861,-0.08598752728766482
5862,-0.04141603381833083
5863,-0.07382590857900942
5864,-0.11437153696688442
5865,-0.0820333806525644
5866,-0.08633313052070063
5867,-0.06267516999521754
5868,-0.08217758558711362
5869,-0.08289400368598723
5870,-0.06017970687116574
5871,-0.0616361080594986
5872,-0.075342059617489
5873,-0.07592005193427956
5874,-0.0661102598698542
5875,-0.08238024352186497
5876,-0.08436346776103916
5877,-0.06818010434023246
5878,-0.09756471709337323
5879,-0.10784280584879537
5880,-0.042751414503485845
5881,-0.13141179870249586
5882,-0.032656138353587855
5883,-0.08464358262677202
5884,-0.14374862831993743
5885,0.013456575297753985
5886,-0.1074860137649522
5887,-0.11744915358527115
5888,-0.02968940868753256
5889,-0.0022333806004072587
5890,-0.08085639712319195
5891,-0.058381051463327005
5892,-0.06036569998364674
5893,-0.0025124927844372177
5894,-0.08796547510575575
5895,-0.037169245191243476
5896,-0.0823112717263158
5897,-0.10230362390996978
5898,-0.040155137820555166
5899,-0.041877562294004404
5900,-0.03596452960961733
5901,-0.10476459049318189
5902,-0.11592955856201768
5903,-0.03529000824902218
5904,-0.16708799504786978
5905,-0.11230608990818156
5906,-0.1024749338023225
5907,-0.17715670631191613
5908,-0.153511365136685
5909,-0.03902979079681145
5910,0.004608892860939547
5911,-0.07756372138717413
5912,0.03231991931613201
5913,-0.019849822136796057
5914,-0.1063680725808479
5915,-0.15774177744711326
5916,-0.05658239118003292
5917,-0.10337978643676243
5918,-0.148891974351574
5919,-0.08838748071217696
5920,-0.07846644644970029
5921,-0.07908482500713651
5922,-0.0771000332817668
5923,-0.09920407533381578
5924,-0.03546572315704769
5925,0.01578729096213572
5926,-0.038201803375523154
5927,0.09234439165117422
5928,-0.09445642286792617
5929,0.022551291146932363
5930,-0.13979578958231695
5931,-0.04693620956246488
5932,-0.08707132578613397
5933,-0.03140114893564854
5934,-0.1987496569980119
5935,-0.14894741754560403
5936,-0.09255387713635897
5937,-0.09001952202241946
5938,-0.07941299361591794
5939,-0.20905606068704732
5940,-0.08853045761971517
5941,-0.06730289268889855
5942,-0.020636722095418298
5943,-0.06730289268889855
5944,-0.054176101975647886
5945,-0.014508431907688647
5946,-0.01587009450428571
5947,-0.12688926637548284
5948,-0.13763843372438603
5949,-0.05600469251241672
5950,-0.04156115767406349
5951,-0.07602032498771949
5952,-0.05092354458411966
5953,-0.10086245870316916
5954,-0.07968296397184214
5955,-0.10064231915507467
5956,-0.09789856349188254
5957,0.014995893534248819
5958,-0.08030194576966347
5959,-0.06092245839382202
5960,-0.07193555989820079
5961,-0.10128252589936024
5962,-0.022886114179889755
5963,-0.03063473295651196
5964,-0.09008996870955602
5965,-0.09008996870955602
5966,-0.05640086731894846
5967,-0.06580651062186764
5968,-0.0911904074615468
5969,-0.036041693970109506
5970,0.03060570819216241
5971,-0.09612439446648736
5972,-0.08861577198370667
5973,-0.047520327661790325
5974,-0.18927968252428617
5975,-0.09745739154863427
5976,-0.05764886497126879
5977,-0.05764886497126879
5978,-0.04167472462403904
5979,-0.12139244780329995
5980,-0.04216615533215203
5981,-0.07403807306258035
5982,-0.09572333249784977
5983,-0.09921503800329104
5984,-0.09518937162096108
5985,-0.039140441645491394
5986,-0.11697002479096853
5987,-0.03440561985354662
5988,-0.1036176729995209
5989,-0.0761207124080052
5990,-0.12332444202616838
5991,-0.09466776421767256
5992,-0.054787252284136244
5993,-0.11441795345226592
5994,-0.15193000155307335
5995,-0.0825272440827302
5996,-0.031629825826782657
5997,-0.0503128670222918
5998,-0.0503128670222918
5999,0.05580408664486027
6000,-0.02863593896198403
6001,-0.02635462602452599
6002,-0.12533523247402015
6003,-0.018909473352132743
6004,0.01424213483356529
6005,-0.02949203962099097
6006,-0.1537723735285779
6007,-0.014880500402183637
6008,-0.11069930014047706
6009,-0.08661605445775145
6010,-0.1509152566410997
6011,0.010802768065774621
6012,-0.13224564755254906
6013,-0.10993293707382039
6014,-0.11275573103548785
6015,-0.014844660053508351
6016,-0.014844660053508351
6017,-0.055271124064981005
6018,-0.047268959409681593
6019,-0.00575139302127702
6020,-0.03441574190609744
6021,0.020033014218126522
6022,-0.01261573187315059
6023,-0.1327547547947915
6024,-0.03680531223854519
6025,-0.13013197195090184
6026,-0.06869572407909856
6027,0.022459975059316736
6028,-0.10093762334195927
6029,0.013704740885054035
6030,-0.07813858761304127
6031,-0.045567956755168004
6032,-0.027775598746986038
6033,0.020220302017731905
6034,-0.03954915058633478
6035,-0.16819148441816553
6036,-0.123075519151962
6037,-0.03534736474155785
6038,-0.016832664317862137
6039,-0.09570677537469163
6040,-0.07797415654718894
6041,-0.08266792495477981
6042,-0.0116361118282214
6043,-0.030387205797467502
6044,-0.030387205797467502
6045,-0.0015731150657329954
6046,-0.013577455251840637
6047,-0.0962925895738088
6048,0.007807172698934529
6049,-0.010529403373840137
6050,-0.06090367310157548
6051,-0.12546046220010118
6052,-0.08575637891544736
6053,-0.11107702132853557
6054,-0.07036629162980176
6055,-0.030843412108028656
6056,-0.14929612665891467
6057,-0.1035825403214967
6058,0.027593469361523685
6059,-0.02412950307908711
6060,-0.02412950307908711
6061,-0.06852249816208193
6062,-0.09623409165411048
6063,-0.0887458652798297
6064,-0.011121468709040253
6065,-0.02627721041317657
6066,0.09643198321201553
6067,0.029354171319600074
6068,-0.0927048116111234
6069,-0.14830608052851066
6070,-0.04295091256640314
6071,-0.00366749351271605
6072,-0.15368473233861416
6073,-0.06590393495859702
6074,-0.07524210465644564
6075,-0.0065730296138969795
6076,-0.0065730296138969795
6077,-0.07782942498670177
6078,-0.04893499010032289
6079,-0.042391021292998245
6080,-0.1279564178848071
6081,-0.05953104458051969
6082,-0.05063095522132122
6083,-0.02714194322806724
6084,-0.06456575854084548
6085,-0.06322825740535223
6086,-0.02999867518188639
6087,-0.07521385497018214
6088,-0.0844849272324723
6089,-0.0803908254792354
6090,-0.07540112368093631
6091,-0.02528542016160224
6092,-0.02528542016160224
6093,-0.10084327428410915
6094,-0.05703219611679179
6095,-0.07020276045330867
6096,-0.0938330768044459
6097,-0.035217008494403464
6098,0.009867515608809508
6099,-0.09507499499073623
6100,-0.1125462805082038
6101,0.05343478287036504
6102,0.05889754474794818
6103,-0.09281135293629723
6104,-0.10138213144780116
6105,-0.1713900201112837
6106,-0.024940512936507356
6107,-0.17517178844084005
6108,-0.0996727126174217
6109,-0.12458698289769936
6110,-0.017677454453070004
6111,-0.02365456054101833
6112,-0.12192362323900194
6113,-0.06767636057924659
6114,-0.03813287045897261
6115,0.06978232315380085
6116,-0.1196324832941895
6117,-0.11746372070712924
6118,-0.09350427335493997
6119,-0.0247077915439206
6120,-0.11300769161195534
6121,-0.14252542061788334
6122,-0.040452486472016526
6123,-0.11564161280535297
6124,-0.05334617080396143
6125,-0.16152897426326682
6126,-0.16641872385503811
6127,-0.05129780566716322
6128,0.07725659691461337
6129,-0.10098615735933632
6130,-0.06812902717176339
6131,-0.02331736786112245
6132,-0.008081289860616805
6133,-0.0192868711028657
6134,-0.11594253797764914
6135,0.08192197878534546
6136,-0.16744716254527553
6137,-0.12969346530816295
6138,-0.08423875265040086
6139,0.009399253966479159
6140,-0.137349807032969
6141,-0.16966157567062937
6142,-0.029642755359981263
6143,-0.06780422947585407
6144,-0.05134547795919491
6145,-0.027990205843282382
6146,-0.11533389741900556
6147,0.10004127065804595
6148,0.051801437140088925
6149,-0.043535243365789365
6150,-0.05353290372341545
6151,-0.05024304275477053
6152,-0.08207910223068778
6153,0.10922473455136315
6154,-0.03665550360345808
6155,-0.05345421409862839
6156,-0.049160646611609606
6157,-0.08817175457392565
6158,-0.08133023301255103
6159,-0.0649863937287477
6160,-0.059129288467504794
6161,-0.014815867824355183
6162,-0.07644092114999503
6163,-0.09705668957104752
6164,-0.07220073628693004
6165,-0.07613217728463606
6166,-0.06146558005002185
6167,-0.09507612153710966
6168,-0.04353606798672299
6169,-0.057552231583025325
6170,-0.13587726814355994
6171,0.09808677756465504
6172,-0.1411760553198077
6173,-0.07513278822154958
6174,-0.056667732773446645
6175,-0.1173095372772717
6176,-0.05181233141873671
6177,-0.054439591697653576
6178,-0.031339913548598546
6179,-0.05684699648674575
6180,-0.05596397632611913
6181,-0.05995880576191707
6182,-0.12119049932333047
6183,-0.03453262464321727
6184,-0.07677756123484977
6185,0.0011063575322288624
6186,-0.09162391535277234
6187,-0.07869196902108373
6188,-0.06587178514861769
6189,-0.0969675405752547
6190,-0.06705875875799294
6191,-0.053927942645050506
6192,-0.033576676098200677
6193,0.00652282873715465
6194,0.009184099443088857
6195,-0.07071421321652625
6196,-0.13744758363339196
6197,-0.07316686581331558
6198,-0.08878555178902822
6199,-0.036022300922463404
6200,-0.05164692594061886
6201,-0.033482539677024366
6202,-0.04081563429961791
6203,0.016677338792617163
6204,-0.056016230893705825
6205,-0.0844862923980589
6206,-0.04003978448539861
6207,-0.09569641857877068
6208,-0.1462444952253959
6209,-0.10465357383944382
6210,-0.04272957844188936
6211,-0.05729890912572322
6212,-0.1074093916997854
6213,-0.051032444715898
6214,0.11868278942611393
6215,-0.061551381647725105
6216,-0.07772413432799563
6217,-0.029911905198375187
6218,-0.03202297135082887
6219,-0.05308117384066321
6220,-0.03130749285636634
6221,-0.10287305743265246
6222,-0.1161249534967095
6223,0.06385427827295038
6224,-0.031212574903080843
6225,-0.03743892827207596
6226,-0.016913356281165512
6227,-0.0690413766854364
6228,-0.02203498735017144
6229,-0.10328843494324762
6230,0.08105451454335066
6231,0.02797187191059853
6232,-0.02497505910623408
6233,-0.12097178071354436
6234,-0.0276680629846929
6235,0.03123605811900322
6236,-0.041093459600766206
6237,-0.056846114138994486
6238,-0.04082385308738755
6239,-0.046083098778543975
6240,-0.11993089454319351
6241,-0.1261524298011444
6242,0.04652298965991966
6243,-0.08818618532039937
6244,-0.023254207419322024
6245,-0.015201838953767697
6246,-0.08725721979335238
6247,-0.03439410557100797
6248,-0.06731361939774748
6249,-0.08962269170966006
6250,-0.07828708676242348
6251,-0.0129432228323426
6252,-0.12618745168159956
6253,-0.04233103856251779
6254,-0.0384393537243224
6255,-0.08621451912775192
6256,-0.0028600788294456387
6257,-0.09289423274122864
6258,-0.08664817442796435
6259,-0.08664817442796435
6260,-0.039966897299084835
6261,-0.03617977941608088
6262,-0.10004944961575031
6263,-0.06571157896615006
6264,-0.027764596909998662
6265,-0.08924279659358651
6266,-0.0313700314372961
6267,-0.003066272269873081
6268,-0.10698204972040695
6269,-0.01153236678343791
6270,-0.04879258619327119
6271,-0.12693527052832668
6272,0.04955550683829722
6273,-0.04906073771751589
6274,-0.04714580279445953
6275,-0.08333672139590505
6276,-0.04115861524138186
6277,-0.06660690706077892
6278,-0.006476365209983188
6279,-0.022841172904731998
6280,-0.054420132693683544
6281,0.020860763876901913
6282,-0.05281161875448421
6283,-0.014613936537105188
6284,-0.1038526647223643
6285,-0.06212360694267025
6286,-0.027841948868511004
6287,-0.09055236908150036
6288,-0.14140299771084425
6289,-0.09131171946145757
6290,-0.028015242790528246
6291,-0.015747579451840882
6292,-0.04624023662295867
6293,-0.049420889956343354
6294,-0.08043970801191241
6295,-0.0070991580635562015
6296,0.018146508591714565
6297,0.05551063399827196
6298,-0.05333452016150979
6299,-0.02376400723301239
6300,-0.03472709067985243
6301,-0.014897439456853729
6302,-0.04126313411455984
6303,-0.04079219158151187
6304,-0.009435729414033936
6305,-0.07177998199978677
6306,0.018600639050809033
6307,-0.004029531053471419
6308,-0.05911680577895409
6309,-0.05911680577895409
6310,-0.08650602698762923
6311,-0.09555387108546025
6312,0.13503711961071924
6313,-0.08144837695077577
6314,-0.10141365868692712
6315,-0.007014138314340354
6316,0.00733467223503257
6317,-0.10338180273636688
6318,-0.014463542513738603
6319,-0.0765921649766677
6320,-0.03995800442698792
6321,-0.03747999823865739
6322,-0.021403049909611685
6323,-0.03274221695945772
6324,-0.03544036701444447
6325,-0.005410194332355583
6326,-0.01961833136898771
6327,-0.054946631973262605
6328,-0.035661716846593035
6329,-0.02468109539698052
6330,-0.06339596923092757
6331,-0.05792985033055075
6332,0.06383432736399144
6333,-0.11503981009316139
6334,-0.030193528428040288
6335,-0.0865711416501999
6336,-0.04900254062886996
6337,0.009852818937166849
6338,0.02172286042366839
6339,-0.02689858481810258
6340,-0.0478520227305951
6341,-0.07281369649221327
6342,-0.08876684007571158
6343,0.00520510571276619
6344,-0.06951711191193367
6345,-0.08769525258417861
6346,-0.056483211301949984
6347,-0.150887183351145
6348,0.008537880099063658
6349,-0.038131403428655855
6350,-0.061082190955795354
6351,-0.0057068032201598356
6352,-0.03861641797305637
6353,-0.012894032705971841
6354,-0.042887813647730096
6355,-0.029671288366155752
6356,-0.029671288366155752
6357,-0.03588269346749847
6358,-0.07334755198082496
6359,-0.013784587261520685
6360,-0.09665916415695819
6361,-0.07735972452045231
6362,0.023555438084890166
6363,-0.006319241009348014
6364,-0.08130778953580829
6365,-0.05716312008640064
6366,0.023280054366567177
6367,-0.02491174728835667
6368,-0.025036797609243117
6369,0.0086587462705829
6370,-0.027698728759550744
6371,-0.11550189794294931
6372,-0.046146847953907534
6373,-0.01293281800323329
6374,-0.055733555202518964
6375,-0.04441590070595909
6376,-0.08065522321946847
6377,-0.04009377603977564
6378,-0.09763498072929937
6379,-0.05300536852048273
6380,0.01315191936609455
6381,-0.029769343751774934
6382,-0.056791395512649764
6383,-0.016293917888534314
6384,-0.03323021444287298
6385,0.026889004448624423
6386,-0.016324482686063874
6387,-0.016206190980510776
6388,-0.10632970311689473
6389,-0.05284546447603699
6390,0.03997663378888721
6391,-0.01447187644698103
6392,-0.029502914717376552
6393,-0.04825645511841526
6394,-0.06753647813598812
6395,-0.03405211772453205
6396,0.017908002800425305
6397,0.017908002800425305
6398,-0.07101931371081566
6399,0.04037603309273063
6400,-0.12041223096098926
6401,0.03803650813219556
6402,-0.0034897458003025315
6403,-0.015155496438922484
6404,-0.09308169905534755
6405,0.024898088219430868
6406,0.03634335232120606
6407,-0.03180978027787906
6408,-0.12480152510555727
6409,-0.07605208262774156
6410,-0.022387609501275843
6411,-0.027946456958019266
6412,-0.07331515676122007
6413,0.021778582828445126
6414,0.011522236982785235
6415,-0.07218342076981091
6416,-0.0027572696748849657
6417,0.03299801814978879
6418,-0.135306105779025
6419,-0.04773740004920695
6420,-0.0661789708723427
6421,-0.08809811340975682
6422,1.7896961407417774e-05
6423,0.04433581799621408
6424,-0.09432227728171003
6425,-0.033680762019012454
6426,-0.0330500467782448
6427,0.006550555605339352
6428,-0.1412666862846512
6429,-0.033816961588611645
6430,-0.0578564695491596
6431,-0.10936300511005594
6432,0.0010678314279848932
6433,-0.0540282291764006
6434,-0.016073557137518058
6435,0.02212933743843575
6436,-0.04857411186395158
6437,-0.03658748970437832
6438,-0.09491431475389274
6439,0.040660350390312634
6440,-0.02434720993408522
6441,-0.07865252935932432
6442,0.01585559201041155
6443,-0.048336840441124476
6444,0.01021336605389148
6445,-0.016241260990957865
6446,-0.09136373410301907
6447,-0.06876428179048372
6448,-0.1060011272877677
6449,0.01087612342063402
6450,0.03638554481624758
6451,-0.0018515070636322764
6452,-0.0018515070636322764
6453,-0.06281863782870027
6454,-0.10520083101879438
6455,-0.10520083101879438
6456,-0.019386483420633597
6457,-0.04001992995407108
6458,-0.005981359628180967
6459,-0.07115141709293953
6460,-0.09307815018782775
6461,0.06047109390711545
6462,-0.07220550073537468
6463,-0.13467652468814295
6464,-0.12646443931112758
6465,0.0236562010064055
6466,-0.14181894322451258
6467,-0.09750483153884196
6468,-0.025059986829724264
6469,-0.010908692964226358
6470,-0.028642457088568194
6471,-0.04390948501489724
6472,-0.07318536645770841
6473,-0.07607618406531189
6474,0.08880377722847058
6475,-0.07889235910267216
6476,-0.016708417438777073
6477,-0.008449495725585912
6478,-0.0278574442533949
6479,0.07841146814688128
6480,-0.07386103229136648
6481,-0.12321791442095861
6482,-0.02004785535304369
6483,-0.002648078100698024
6484,-0.11637247216707702
6485,-0.10782962752748779
6486,-0.1034781788055203
6487,-0.13222175451648022
6488,-0.013314670510101906
6489,0.00638045408239189
6490,-0.076493784602784
6491,-0.12288210380395337
6492,-0.06955088834900308
6493,0.018064028750857036
6494,-0.10766655869934248
6495,0.014934584040353787
6496,0.014934584040353787
6497,-0.025505440774247556
6498,-0.01849477152242131
6499,-0.04706930411438244
6500,-0.022816959921773988
6501,-0.09011713676262156
6502,-0.15191993236154414
6503,0.011926879997035926
6504,-0.054674109312918585
6505,-0.10672577721447811
6506,0.02335400426138291
6507,-0.10240868770836013
6508,-0.02230690117666941
6509,0.017894582119619015
6510,-0.03087780077223219
6511,-0.04973907593083288
6512,-0.030991914166753787
6513,-0.010415470247503954
6514,-0.04221867259788549
6515,-0.025899478131728132
6516,-0.023722104997731874
6517,-0.05078191457040989
6518,-0.15350299608480367
6519,-0.14273387930829648
6520,-0.05518359585958745
6521,-0.10079692416923791
6522,-0.030605537055414866
6523,-0.08762161143693965
6524,-0.07788660226950014
6525,-0.07781397139610233
6526,-0.08870693148468434
6527,-0.008591553211104807
6528,-0.04295366509139028
6529,-0.1519473756545894
6530,-0.007213944077985696
6531,-0.007213944077985696
6532,-0.009819275287965487
6533,-0.08862947398345346
6534,-0.13866824748525317
6535,-0.03468089866750429
6536,-0.03238956967950434
6537,0.03234177530954486
6538,-0.06055558464938376
6539,-0.07457665332786653
6540,-0.06263657281830905
6541,-0.07631244440031777
6542,-0.06725374954054576
6543,-0.036940634045882666
6544,-0.06201728406574367
6545,-0.03579398200311722
6546,-0.09041939433543336
6547,-0.09086493498720172
6548,-0.022982572286849662
6549,-0.05241386600674234
6550,-0.05504288621749162
6551,-0.03682945447770648
6552,-0.14095874532425198
6553,-0.04154162609289922
6554,-0.08069912467390235
6555,-0.11723230143036763
6556,-0.08274053628112608
6557,-0.03773594125259279
6558,-0.08762474069094368
6559,-0.05737416587290943
6560,0.0149882810420698
6561,-0.11525799453464988
6562,-0.08415854829219288
6563,-0.13565858111348064
6564,-0.09369464095681868
6565,-0.05512716666837613
6566,-0.040918991724334816
6567,-0.029906693439542307
6568,-0.02489886406559597
6569,-0.13707867494188583
6570,-0.13707867494188583
6571,0.009830183973812667
6572,-0.06120666741015843
6573,-0.03165005204152818
6574,-0.06451078393296857
6575,-0.05637159713961419
6576,0.0029464626365367287
6577,-0.05703804737284261
6578,-0.019988736872912853
6579,0.03658095215204078
6580,-0.08559026093171522
6581,-0.09884683783354674
6582,-0.1115084092366801
6583,-0.07949280571724106
6584,-0.08436072126817028
6585,-0.07110092229865009
6586,-0.11306169542382564
6587,-0.09013801446766014
6588,-0.06483532268261469
6589,-0.07599782216718984
6590,-0.04868751893462651
6591,-0.00020673567047375843
6592,-0.08010794715424042
6593,-0.09470868377518442
6594,-0.16373192314650595
6595,-0.17211068515398312
6596,-0.09007259589918985
6597,-0.11193922231064264
6598,-0.09076626510655487
6599,-0.07995199619103613
6600,-0.09578514379399726
6601,-0.09691620223196744
6602,-0.1668395223386419
6603,-0.08396455536840293
6604,-0.08171355630823184
6605,-0.1726532746385743
6606,-0.09223545652343436
6607,-0.1196122830923385
6608,-0.10008402579544796
6609,-0.1827047897053162
6610,-0.15615075387001368
6611,-0.0018419111180127902
6612,-0.040086171795660513
6613,0.006738183931703643
6614,-0.12507506712823455
6615,-0.11178588109707449
6616,-0.10742218436751028
6617,-0.07716503615683348
6618,-0.10717188981914054
6619,-0.027824345488456047
6620,-0.10797750140416323
6621,-0.15304265327154012
6622,-0.1088582203768304
6623,-0.18950880602258885
6624,-0.19096493890434493
6625,-0.11216957019082414
6626,-0.051700494014195186
6627,-0.16413933640666165
6628,-0.10794564016444474
6629,-0.011165525124345084
6630,-0.17051781796103108
6631,-0.11013106338179418
6632,-0.05879182843254519
6633,0.009296064150272468
6634,-0.09929198933258412
6635,-0.14421234282515533
6636,-0.10433335008562156
6637,-0.11319175186032361
6638,-0.06439397832736882
6639,-0.0630487687913674
6640,-0.10051026607790313
6641,-0.1440002702909844
6642,-0.06534830122571761
6643,-0.06205696394313941
6644,-0.1130550077617997
6645,-0.022562756041159742
6646,-0.06113570084510233
6647,-0.17985758952899147
6648,-0.07257793136625641
6649,-0.03610524292756812
6650,-0.16285395804054328
6651,-0.03504500214144061
6652,-0.06572518597983934
6653,-0.08419385957580997
6654,-0.015052734057189583
6655,-0.10744227651038202
6656,-0.07027613251100348
6657,-0.20064322510106522
6658,-0.09023331796113121
6659,-0.11397458456168377
6660,-0.14336387625060976
6661,-0.19739100599488943
6662,-0.07862539882803059
6663,-0.023373608553718356
6664,-0.029028347891445292
6665,-0.1396069824557893
6666,-0.11828878291152256
6667,0.0022769469658801907
6668,-0.08095040668846283
6669,-0.15798459751508082
6670,-0.0943942345624131
6671,-0.12058819864199556
6672,-0.19221560338280377
6673,-0.03149669489534511
6674,0.007182089276936908
6675,-0.08204536948173177
6676,-0.10191816393992886
6677,-0.0498157173469742
6678,-0.05308103671616965
6679,-0.011231176534343834
6680,-0.0875807750558235
6681,-0.07293735173775052
6682,-0.09265998095444962
6683,-0.1211677327418498
6684,-0.06928185100851106
6685,-0.2134730387729641
6686,-0.05307839340544298
6687,-0.0848472675915275
6688,-0.18330601822406845
6689,-0.19478937821295084
6690,-0.17914521321805546
6691,-0.12408681986316014
6692,-0.11211337967930983
6693,-0.0782192914235911
6694,-0.040328136776904146
6695,-0.0071821657822175285
6696,-0.07861179731068955
6697,-0.09083984001306133
6698,-0.043359477154587836
6699,-0.050429307722349034
6700,-0.08008374152267708
6701,-0.12395954789762759
6702,-0.0008291528193989326
6703,-0.054736906248428835
6704,-0.10288010195239794
6705,-0.05120973801082106
6706,-0.05533599760082876
6707,-0.1810173554987177
6708,0.009859061073692542
6709,-0.08478350288361303
6710,-0.1804994282929898
6711,-0.02753406719413993
6712,-0.012022964120153504
6713,-0.16169422140209655
6714,-0.08353427623521882
6715,-0.12521216919338637
6716,-0.11346115637712499
6717,-0.14248740208876562
6718,-0.059743135059959894
6719,-0.12540150643552553
6720,-0.09778427313106633
6721,-0.0738754907892956
6722,-0.04342090435782156
6723,-0.022844258570326837
6724,-0.02259470987668418
6725,-0.10337496608134016
6726,-0.0803602194022474
6727,-0.14119821809024533
6728,-0.00524404066405829
6729,-0.15327341468298983
6730,-0.030259834712177167
6731,-0.15375831294061526
6732,-0.1546525700973853
6733,-0.07625723531209984
6734,-0.15545028625522275
6735,-0.15545028625522275
6736,-0.2041176966787163
6737,-0.09015150250772902
6738,-0.15346411445043212
6739,0.010860318138340944
6740,-0.04099911388258908
6741,-0.058660097054169774
6742,-0.08823147676157966
6743,-0.05335481904243985
6744,-0.09887075700104103
6745,-0.05335481904243985
6746,-0.13013865588884388
6747,-0.13634372980965428
6748,-0.048900727679989174
6749,-0.0522142773857059
6750,-0.12352831315142263
6751,-0.04819861395554298
6752,-0.046465091442685534
6753,-0.11661114377498183
6754,0.03510422764527678
6755,-0.055677575041035536
6756,-0.11689643499878227
6757,-0.07364952360257976
6758,-0.09114243676729208
6759,-0.10251839518155131
6760,-0.045299967757063325
6761,-0.019740558019812216
6762,-0.09226524882219587
6763,-0.1499116120286208
6764,-0.07293705524439921
6765,-0.10649551938369455
6766,-0.19751844157046416
6767,-0.052856916728764906
6768,-0.11881788727443042
6769,-0.08209582012087338
6770,-0.08472543748454021
6771,-0.04968016104636464
6772,-0.04426258516167964
6773,-0.16384678828226368
6774,-0.16384678828226368
6775,-0.1058286858980286
6776,-0.07995011936649807
6777,-0.038620461581495354
6778,-0.20631967462308645
6779,-0.07075067973815431
6780,-0.07256408798319969
6781,-0.11114243300612525
6782,-0.19300951368567665
6783,0.025454108865529818
6784,-0.1126030407229048
6785,-0.11410731427203936
6786,-0.04419784914326641
6787,0.021248655759884834
6788,-0.0666310878191154
6789,-0.015730685343083216
6790,-0.11994952602462643
6791,-0.04432347455051004
6792,-0.13767882000501477
6793,-0.21598706597767892
6794,-0.06455623778916028
6795,-0.08558759755899363
6796,-0.058568520274469495
6797,-0.19138902947076977
6798,-0.1163922306074406
6799,-0.1317741776915719
6800,-0.0876567846722014
6801,-0.22321331649686185
6802,-0.09408868207430547
6803,-0.0920366734629785
6804,-0.14128461077799417
6805,-0.07339739543970149
6806,-0.0725335873024337
6807,-0.1379875134191408
6808,-0.08740156615215308
6809,-0.038818729978629125
6810,-0.08747623319199786
6811,-0.056410591581002985
6812,-0.15300347084658256
6813,0.03950954345787389
6814,-0.02877410137652073
6815,-0.14803743127018568
6816,-0.04689435735062012
6817,-0.12592180269254144
6818,-0.0343215215154411
6819,-0.1022522366626555
6820,-0.11439899134133297
6821,-0.21501812348073027
6822,-0.014682911403668755
6823,-0.0860880949674755
6824,-0.07462125225464435
6825,-0.1132314620406107
6826,-0.07907725192900206
6827,-0.08136786298245469
6828,-0.1156642297023594
6829,-0.21349945438074067
6830,-0.21349945438074067
6831,-0.06049389069721374
6832,-0.2326717793270138
6833,-0.1331747396807251
6834,-0.10268484462909364
6835,-0.085098436423165
6836,-0.12600386738799807
6837,-0.11693295901393558
6838,-0.06140797708577677
6839,-0.06553959148807223
6840,-0.19753253723174344
6841,-0.05571418726853976
6842,-0.13142179872599147
6843,-0.1630851065628282
6844,-0.06391243572225473
6845,-0.07153450385944697
6846,-0.2146647993347587
6847,-0.09820270363930991
6848,-0.1027619398418065
6849,-0.15330175709785748
6850,-0.1171091877130444
6851,-0.09665303702257336
6852,-0.0561098958209149
6853,-0.04329915026582421
6854,0.05827040680587579
6855,-0.19836572092170085
6856,0.005670860331567621
6857,-0.07978328279086824
6858,-0.06068224120229972
6859,-0.10666486512863335
6860,-0.019399149784748066
6861,-0.21968168874328797
6862,-0.04798900408933328
6863,-0.03625063879238061
6864,-0.06146233296927879
6865,-0.08286051229649602
6866,-0.18173140968228782
6867,-0.11722730226353155
6868,-0.01982750937918047
6869,-0.20026540196187398
6870,0.013014023431021607
6871,-0.0741369001817263
6872,0.009930072347879414
6873,-0.07752987264793687
6874,-0.16517188873441366
6875,-0.07821165055196073
6876,-0.06305617606350303
6877,-0.03762917771727099
6878,-0.08326893943070031
6879,-0.11406191947337033
6880,-0.026163986596471383
6881,-0.10716515610869537
6882,-0.03324728615504361
6883,-0.1710475904622396
6884,-0.10304511574146892
6885,-0.019630162524435824
6886,-0.06594988557052968
6887,-0.0759321124475848
6888,-0.131356331555913
6889,-0.06644488898246605
6890,-0.01502326935461777
6891,-0.07048691200187043
6892,-0.08586850340468466
6893,-0.11293852029521313
6894,-0.11292989487776361
6895,-0.09640669949530167
6896,-0.0014508075985264586
6897,-0.25334094145365416
6898,-0.13443409652875424
6899,0.02297536148064415
6900,-0.1116726292620649
6901,-0.020093549426763373
6902,-0.01376982434526492
6903,-0.11773659868935962
6904,-0.18682617835838855
6905,-0.002115882440812381
6906,-0.09713980525435983
6907,-0.03471089073249454
6908,-0.0015510386820431485
6909,-0.08681744578938728
6910,-0.019321327040048387
6911,-0.17948030112042954
6912,-0.05940115724464853
6913,-0.07992945536808728
6914,-0.05510461676995032
6915,-0.0056069758070238255
6916,-0.015061073542138044
6917,-0.18140131386753897
6918,-0.09499601858309152
6919,0.0046377093648077745
6920,-0.052306766594130485
6921,0.01569224540403087
6922,-0.01757296617682991
6923,-0.22977294908145182
6924,-0.0411658708211818
6925,-0.14624812133135798
6926,-0.23113459751425458
6927,-0.020603591086543558
6928,-0.036911247022770696
6929,-0.07895428119911638
6930,-0.0797135001496053
6931,-0.12259062747436231
6932,-0.07513564971643501
6933,-0.07201903445993046
6934,0.03748719188270715
6935,0.013761054528406293
6936,-0.0970417769360546
6937,-0.0887530627117375
6938,-0.09716732743352652
6939,0.018457935024922417
6940,-0.05324617185371122
6941,-0.12501536136743885
6942,-0.12583883306101729
6943,-0.07786042544515388
6944,-0.03684278524891157
6945,-0.07592659286637567
6946,-0.07949741868368747
6947,-0.059160694492628306
6948,-0.16120830361410715
6949,-0.10239878031351464
6950,-0.08421866645676748
6951,-0.10965720794479186
6952,-0.020425104778230542
6953,-0.07258980325591328
6954,-0.11012030553539105
6955,-0.07490976084905328
6956,0.044379986583732725
6957,-0.026709678656130012
6958,-0.04338195075838432
6959,-0.07424904836960138
6960,-0.03314859104318083
6961,0.02176988255808268
6962,-0.08619248841624061
6963,-0.08504860874656985
6964,-0.05127306285128988
6965,-0.15762691546819374
6966,-0.05898830543893111
6967,-0.04974441818149076
6968,-0.01946536544899985
6969,-0.12140422333665822
6970,-0.04181462899637999
6971,-0.09514774430995912
6972,-0.11128620791361989
6973,-0.006846197182878149
6974,-0.14857082420298634
6975,-0.10796815709684258
6976,-0.08748787873159904
6977,-0.0736980515453191
6978,-0.1385062295348653
6979,-0.10676005397670014
6980,-0.034653658546694284
6981,-0.060815840275512546
6982,-0.137249316561231
6983,-0.131231897259214
6984,-0.13702698922430784
6985,-0.0230182244814682
6986,-0.026868673314792202
6987,-0.12552272585388577
6988,-0.06615320288236294
6989,-0.14213896528699063
6990,-0.006856986420067404
6991,-0.18746744650493913
6992,-0.18053944579868603
6993,-0.1844932975660639
6994,-0.09087330292700012
6995,-0.13470607319775788
6996,-0.19521380984784498
6997,-0.10772592980297063
6998,-0.08540577292341002
6999,-0.15251445391585658
7000,-0.05189935267152885
7001,-0.07170228822629446
7002,-0.1702785143219815
7003,0.03324495444777081
7004,-0.05513478678754718
7005,-0.06364485145366598
7006,-0.11567893752357088
7007,-0.11045461054487711
7008,-0.05941244878081348
7009,-0.17115613543173172
7010,-0.06762294588379401
7011,-0.2107937929640109
7012,-0.042886605365938885
7013,-0.1321301152703079
7014,-0.07656128881854174
7015,-0.09576081063931098
7016,-0.05684696832496582
7017,-0.07834839807324867
7018,-0.10180866652616714
7019,-0.052985014397562764
7020,-0.07194681957593911
7021,-0.12777240677951937
7022,-0.08159739138428872
7023,-0.015825964360887162
7024,-0.1337528410680777
7025,-0.05574305752525502
7026,-0.0613033104768396
7027,-0.0750945422084532
7028,-0.08722005817197005
7029,-0.060615394937055506
7030,-0.07302760663199886
7031,-0.1314207675696642
7032,-0.01726185672104424
7033,-0.03626864717746127
7034,-0.06506388846642881
7035,-0.09300082499386755
7036,-0.07795125521657441
7037,-0.0028271638761560585
7038,-0.07014834355603823
7039,-0.09677253542056632
7040,-0.1178820086984888
7041,-0.10430128383045623
7042,-0.147956904514596
7043,-0.03973870142826417
7044,0.010401739764454907
7045,-0.06478043020189905
7046,-0.05147919801963897
7047,-0.06155666179348552
7048,-0.1405432825608059
7049,-0.0021979783052296625
7050,-0.1925341480466179
7051,-0.04906306499391999
7052,-0.005165136867094752
7053,-0.1214460036855631
7054,-0.0766434729882405
7055,-0.10406287380302152
7056,-0.058528438599967245
7057,-0.12448220498287915
7058,-0.07830728807353832
7059,-0.0614013889531753
7060,-0.037573673356721606
7061,-0.051890547256168464
7062,-0.06640841211661132
7063,-0.050196309854874666
7064,-0.02503768492694647
7065,-0.038525865731644036
7066,-0.04146446421864004
7067,-0.057934352415620165
7068,0.0012455170874140686
7069,-0.054544292812630915
7070,-0.0325571544083929
7071,-0.08904895234035408
7072,-0.04247049089013916
7073,-0.10417394101648873
7074,-0.059333370533767034
7075,-0.10973945938400513
7076,-0.10192488992654197
7077,-0.14817194619675086
7078,-0.024345627835216228
7079,-0.20328560802961673
7080,-0.14193569873391565
7081,-0.11359532522953791
7082,0.03582551027925577
7083,-0.08645920454814499
7084,-0.11719933781462814
7085,-0.10314553750953352
7086,-0.000707751603135996
7087,-0.1755737717594112
7088,-0.2113536596703568
7089,0.06776015342020929
7090,-0.20644180808317272
7091,-0.12230925730430246
7092,-0.15032158330708717
7093,-0.04475558470463578
7094,-0.10110085204294088
7095,-0.11559278802735906
7096,-0.1357222194619758
7097,-0.13566378478404986
7098,-0.09493177534090556
7099,-0.047909624828000916
7100,-0.12124410786129299
7101,-0.13809628427261786
7102,-0.04351009747637261
7103,-0.06885642955869535
7104,-0.10652924521342025
7105,-0.12833463485920815
7106,-0.10734765486782813
7107,-0.05473058656795734
7108,-0.013556543403184225
7109,-0.013494482186186632
7110,-0.11340507943613055
7111,-0.1296050988059756
7112,-0.14816792996706954
7113,-0.08856409192894837
7114,-0.09440405267943626
7115,-0.08055028030397784
7116,-0.05855143915833962
7117,-0.1413844037906863
7118,-0.09904786198900417
7119,-0.09904786198900417
7120,-0.10917353475761112
7121,-0.06857319688038796
7122,-0.06857319688038796
7123,-0.11960071790405473
7124,-0.10075418251226931
7125,-0.13328456747710157
7126,-0.06302369850723843
7127,-0.03753364769515907
7128,-0.10785146765448367
7129,-0.12257982926306969
7130,-0.05941582930107343
7131,-0.0681560046554088
7132,-0.057450029817992104
7133,-0.09405332326749949
7134,-0.14264226196445232
7135,-0.10098204762467766
7136,-0.12944462207353274
7137,-0.12827988190560277
7138,-0.10052318356783414
7139,-0.040453459411703946
7140,-0.12841809894958678
7141,-0.06794486387693065
7142,-0.10618147520560905
7143,-0.0269039007103044
7144,-0.19708782645668857
7145,-0.04979022449922349
7146,-0.09245114716778736
7147,-0.03366023885523235
7148,-0.09948209371777965
7149,-0.1115555499747192
7150,-0.10608250048138769
7151,0.04388472483723069
7152,-0.04434052627211268
7153,-0.08768345212231572
7154,-0.07216448366502103
7155,-0.12662603807738212
7156,-0.0710720057624242
7157,-0.11940399582598822
7158,-0.005242865747389223
7159,-0.04570117592484895
7160,-0.11610666842586753
7161,-0.10433559901020914
7162,-0.009415304918314472
7163,-0.09567935656910272
7164,-0.08943747549558614
7165,-0.07129606717179679
7166,-0.07346571313677472
7167,-0.006398958812450766
7168,-0.0694915686462522
7169,-0.09370631661731844
7170,-0.09370631661731844
7171,-0.09430675049625614
7172,-0.12304942300649972
7173,-0.1154047488355106
7174,-0.09333573622963268
7175,-0.11411073473620435
7176,-0.0570966142528889
7177,-0.18755870577482087
7178,-0.0613238413709029
7179,-0.12193391383585535
7180,-0.10712774559852424
7181,-0.09214464971710346
7182,-0.03729501299261601
7183,-0.11339411150351633
7184,-0.05626503177884858
7185,-0.051242202824301385
7186,-0.11738268379477684
7187,-0.05016978338427714
7188,-0.09897911219735485
7189,-0.09714770857764905
7190,-0.05666994699150803
7191,-0.07838828478628598
7192,-0.09889037986811065
7193,-0.06768561514580002
7194,-0.09550134006524134
7195,-0.02758702610676438
7196,-0.07081206570291679
7197,-0.19052686703284852
7198,-0.11547210027279856
7199,-0.08361736324112126
7200,-0.07854160654981279
7201,-0.02554257191958988
7202,-0.11265426049636633
7203,0.005016755855832627
7204,0.013947649719460617
7205,-0.020631359354785765
7206,-0.1094174060685109
7207,-0.07501896397206137
7208,-0.1429308199871829
7209,-0.09403876019180463
7210,-0.08301461244023244
7211,-0.033838647824730186
7212,-0.03621721581676814
7213,-0.10202990575302547
7214,-0.12908484384065555
7215,-0.0744284344804196
7216,0.023830146964150138
7217,-0.05613576377783574
7218,0.014460014948734497
7219,-0.08346572737951231
7220,-0.08206469571133768
7221,-0.02695268436387352
7222,-0.0929505808824151
7223,-0.09308892053218243
7224,-0.09120150614810733
7225,-0.011543679664704494
7226,-0.07145933748415208
7227,0.028896943523491484
7228,-0.012891672052409596
7229,-0.07472490478118204
7230,-0.025577907450452846
7231,-0.13719335391385767
7232,-0.027186870098028816
7233,-0.0923148760413662
7234,-0.023685796566303322
7235,-0.036917044698155516
7236,-0.11268582821273009
7237,-0.00270738670130152
7238,-0.06732377965255225
7239,-0.1013260155685675
7240,-0.0936759162536351
7241,-0.07325985687853433
7242,-0.09561278251779906
7243,-0.004402505387050947
7244,-0.06125383719404038
7245,-0.10010607495446314
7246,-0.060209412258830655
7247,-0.032704962260180326
7248,0.026511117520923905
7249,-0.09031286760766914
7250,-0.016502683080074663
7251,-0.015655032573688173
7252,-0.17066353306420703
7253,-0.07838888206091156
7254,-0.038230320466368505
7255,-0.10023282917608037
7256,-0.04905578412503431
7257,-0.026969424025000726
7258,0.004793483940177619
7259,-0.06690267413445668
7260,-0.07842773380085807
7261,-0.10624685000934017
7262,-0.038181248366360686
7263,-0.04696943432060567
7264,-0.04408038604803642
7265,-0.05024689845676099
7266,-0.050055897584501345
7267,-0.04055903232873985
7268,-0.03171574089316005
7269,-0.04648288479491894
7270,-0.1694045290174644
7271,-0.05821676946028024
7272,-0.17810533462546163
7273,-0.03628048152075945
7274,-0.03621988777300803
7275,-0.03621988777300803
7276,-0.04335619057167068
7277,-0.10610050118598491
7278,-0.021137697760925587
7279,0.01188934774636207
7280,-0.08734647332770197
7281,0.022774358902235663
7282,-0.03253338437576839
7283,-0.10323500979847473
7284,-0.015442042614283209
7285,-0.05125891602779609
7286,-0.06647918373833468
7287,-0.07230707048790465
7288,-0.01418284408261319
7289,-0.04731904332769943
7290,-0.007731125876278063
7291,-0.04943804210439029
7292,0.02269801900592745
7293,-0.05929246318059986
7294,-0.04726580599024557
7295,-0.00697565302811936
7296,-0.08616603918247083
7297,-0.0668325410327304
7298,-0.04357958386468475
7299,0.05457430124560835
7300,-0.03288823953149748
7301,-0.08962351596193335
7302,-0.09081311560860142
7303,-0.09185832714435677
7304,-0.06781604314281266
7305,-0.06861379688413785
7306,-0.0444883861219524
7307,-0.022576118551980048
7308,-0.15361861347511774
7309,-0.08225791953740165
7310,-0.0562592900316474
7311,-0.061391263615073306
7312,-0.02477216676969113
7313,-0.06442986287288803
7314,-0.06342447570138066
7315,0.07753909623621691
7316,-0.04024150320170626
7317,-0.04842836671111244
7318,-0.04571931405657939
7319,-0.05377040673395495
7320,-0.030305074520653466
7321,-0.13263605216570237
7322,-0.1067789657266293
7323,-0.11248813682365204
7324,-0.15273021027461928
7325,-0.12742924864219723
7326,-0.09480560711733811
7327,-0.05781414921792792
7328,-0.0910995065798491
7329,-0.08244881003546019
7330,-0.04261855792780311
7331,-0.1308491502244628
7332,-0.045569846512624836
7333,-0.04852918009292532
7334,-0.07049457544688102
7335,0.060873284890089176
7336,-0.08080366390152076
7337,-0.06066570924937832
7338,-0.04430758754834192
7339,-0.07241284906975
7340,-0.06767220704818826
7341,-0.08620539242541086
7342,0.00034504296962173544
7343,-0.1424839220205317
7344,-0.03428898294946733
7345,-0.16248967044214394
7346,-0.13279477897498326
7347,-0.07321736907418488
7348,-0.09979597303999754
7349,-0.12029618591211487
7350,0.007069862607292132
7351,-0.05636537135767297
7352,-0.10075530829740015
7353,-0.071684316666204
7354,-0.0067468732460105735
7355,-0.1429431329234682
7356,-0.059297550387056606
7357,-0.06405549629276021
7358,-0.06590083813725518
7359,-0.09163274510188378
7360,0.012571940301566232
7361,-0.090283632228029
7362,-0.11354209126827285
7363,-0.016024211610680867
7364,-0.00424905857629415
7365,-0.05896284896862726
7366,-0.06959020184790955
7367,-0.14413222631486247
7368,-0.060891171349345234
7369,-0.057881054751314207
7370,-0.0951058189174096
7371,-0.1253338107825567
7372,0.08308734791597591
7373,-0.030440613900909522
7374,-0.08777283581559098
7375,-0.06756619824349235
7376,-0.029494312944082487
7377,-0.1318403220800623
7378,-0.13472634818701523
7379,-0.11353075574154092
7380,-0.08104379775188253
7381,-0.07657415685792403
7382,-0.043823391913572936
7383,-0.09576845444582731
7384,-0.015900747570642634
7385,0.002138474803113399
7386,-0.0648173106379905
7387,-0.07610202444897265
7388,-0.02905569707829463
7389,-0.05337210498450523
7390,-0.07582450062855435
7391,-0.08011826971499114
7392,-0.10674645863282176
7393,-0.13226977523861855
7394,-0.08005150582024365
7395,-0.04602657644718325
7396,-0.07713159465550712
7397,-0.10971968179592016
7398,-0.0104481951272697
7399,-0.1384199210970459
7400,-0.08293260875786501
7401,-0.01818183367964999
7402,-0.061954225364561875
7403,-0.14123394767873038
7404,-0.02494066618374477
7405,-0.08241091619860008
7406,-0.011528866931358888
7407,0.00815689245696847
7408,-0.14676790932103573
7409,-0.07234224468114123
7410,-0.10702976852823588
7411,-0.10904936142469787
7412,-0.014860136931655738
7413,-0.049234764378652755
7414,-0.04462029333468435
7415,-0.1164161607579521
7416,-0.02247810950900482
7417,-0.0751702634006057
7418,-0.1491026126776917
7419,-0.030263620010734196
7420,-0.06156618128370782
7421,-0.05258874998505004
7422,-0.13305360590147178
7423,-0.10591475003713247
7424,-0.13372588643155273
7425,0.013907754111154849
7426,-0.08852729975769241
7427,-0.07890508370791503
7428,-0.08968653418156097
7429,-0.09942301982691427
7430,0.0015474022859752914
7431,-0.10093696784372291
7432,-0.07580311310618379
7433,-0.07685596561760126
7434,0.009647229854438725
7435,-0.04655662015457286
7436,-0.012804151064159375
7437,0.018856327149144578
7438,-0.0335342539845656
7439,-0.059828861977842034
7440,-0.0245300167782916
7441,-0.13001840674336634
7442,-0.06838432908990362
7443,-0.0544187245933013
7444,0.004064814925252453
7445,-0.04309290343864646
7446,-0.10675701990134145
7447,-0.11651970542533924
7448,-0.13327653007487356
7449,-0.040949866334023026
7450,-0.002661701825974487
7451,-0.002899607476966239
7452,-0.05569836954947551
7453,-0.12540362343181805
7454,-0.04655789174581368
7455,-0.06265620428962211
7456,-0.03305231315054475
7457,0.003547375597611032
7458,-0.09046973852546489
7459,-0.11793919468073703
7460,-0.0722365759100175
7461,-0.01002509108576191
7462,0.013803623420465897
7463,-0.11771376066113061
7464,-0.0874622409543244
7465,0.012382173750471643
7466,-0.13237518171367627
7467,0.014939652777005827
7468,-0.05786896650988092
7469,-0.028178033522554893
7470,0.01727957044716546
7471,-0.13730503820665899
7472,-0.06670179859488602
7473,0.0536157174000543
7474,0.003811851364994841
7475,0.03182403105545667
7476,-0.02197592245491837
7477,-0.030671748596608733
7478,-0.08921925795287369
7479,-0.07020192965448006
7480,-0.0411545910674454
7481,-0.09956162877662462
7482,0.02065414828333793
7483,0.005188641790679325
7484,0.004660848168508875
7485,-0.10039894866845375
7486,0.015092285808385822
7487,0.015092285808385822
7488,-0.03825155941608209
7489,-0.03272878315003362
7490,-0.019567360261172836
7491,-0.0687624589755038
7492,0.01080944807991541
7493,-0.030497650608653278
7494,-0.05206575529142936
7495,-0.08420803424741602
7496,0.019513039232817303
7497,-0.08496676047462051
7498,0.034502479452831455
7499,0.005517481542443611
7500,-0.13665983660798534
7501,-0.14833064840731594
7502,-0.059801503169345425
7503,-0.054452490635180935
7504,-0.07026786988177663
7505,-0.013077321509330385
7506,-0.15721771672018797
7507,-0.07722794267659279
7508,-0.06814730485638024
7509,0.04210891462753176
7510,0.05609849930287528
7511,-0.00036531321538820253
7512,0.04922180826804437
7513,0.02098728401144296
7514,-0.017100213798848636
7515,-0.11317606562904854
7516,-0.0028392796150576586
7517,-0.009017294403818151
7518,-0.13550245641006325
7519,-0.0324935732903055
7520,-0.12814414237781782
7521,-0.01829172829289682
7522,-0.09968804064952583
7523,0.010387780095807795
7524,-0.08034772006710687
7525,0.026535723842609743
7526,-0.15156343894368543
7527,0.01949000066829213
7528,0.01949000066829213
7529,-0.13058060952138068
7530,-0.06178527492335368
7531,-0.003464168283705753
7532,-0.13259744421713102
7533,0.003197043074649343
7534,-0.041084997243901855
7535,-0.04203323498565296
7536,-0.0008088113176147408
7537,-0.10012321566575091
7538,-0.036988224083061405
7539,-0.14219463567130908
7540,-0.08995941276245423
7541,-0.0842249251717672
7542,-0.07500635948718153
7543,-0.1374483847851673
7544,-0.06258166684988793
7545,-0.012670803813684023
7546,-0.04057409250925181
7547,-0.027513714767616278
7548,-0.1757446295108908
7549,-0.03318570293125519
7550,-0.020508976575161212
7551,-0.04324062469616579
7552,-0.027475142483174134
7553,-0.01338437552892608
7554,-0.031912255553824764
7555,-0.029085227802236727
7556,-0.019251335486657476
7557,0.05478720113601853
7558,0.008803502691629163
7559,-0.1072508030442096
7560,-0.11057953293612054
7561,-0.16767218367771206
7562,-0.08391558006985363
7563,-0.03382039429106898
7564,-0.08741636199904926
7565,-0.14524728072350146
7566,-0.041705554131405136
7567,-0.02816759660873887
7568,-0.14390206103362688
7569,-0.052413148058968274
7570,-0.13877693974620753
7571,-0.0285562812434616
7572,-0.0285562812434616
7573,-0.12024317840366198
7574,-0.041297038125300375
7575,-0.029286215410119696
7576,0.06326255083150635
7577,-0.03212813980723302
7578,-0.013944763193097277
7579,-0.04600109900556769
7580,-0.021696790355297518
7581,-0.026968372377980568
7582,-0.1639166774788157
7583,-0.1396280449389547
7584,-0.06302427490346009
7585,-0.043730374314629616
7586,0.000876320889359268
7587,-0.045165323502315724
7588,-0.164340821329437
7589,-0.03685912192132307
7590,0.021554064206046327
7591,0.009283576727083135
7592,-0.016865508789854555
7593,-0.14570633343925576
7594,-0.07907161242817415
7595,0.003999401238960404
7596,-0.02224469804957956
7597,-0.0613855402328195
7598,0.0712701572451493
7599,-0.1077221524026775
7600,-0.05025515480280914
7601,-0.1026460093215625
7602,-0.049911883044816564
7603,-0.09128009952311097
7604,-0.003912419159600664
7605,-0.1546950891201447
7606,0.0012847629032653437
7607,-0.17579323711206712
7608,-0.06024075781417951
7609,-0.0821070298764261
7610,-0.028966065997968613
7611,-0.05572563615931928
7612,0.04154439681901661
7613,-0.15559917544603805
7614,-0.025105120522255754
7615,-0.06754601360151334
7616,-0.06802608216861471
7617,-0.11857708057259685
7618,-0.08580827540184535
7619,-0.007152558013854895
7620,-0.054941251365792476
7621,-0.03622985364390451
7622,-0.06653334560188953
7623,-0.15240017529154518
7624,-0.16537373709643957
7625,-0.049822886711841985
7626,-0.049822886711841985
7627,-0.048733659983827796
7628,-0.03331088710679747
7629,-0.04369641684618296
7630,-0.13289183641050584
7631,-0.16810822935254396
7632,-0.043974787916564693
7633,-0.06150924206141787
7634,-0.0038620640762956444
7635,-0.01078970579516718
7636,0.014651816916742395
7637,0.0016653279660267066
7638,-0.13275972172565137
7639,-0.06569854798831677
7640,-0.11859331300384332
7641,-0.06849126083519423
7642,-0.05852600366236254
7643,0.06853986334602913
7644,-0.05154224568094664
7645,-0.08213022850756185
7646,0.08984589206893823
7647,-0.07552388137680616
7648,-0.14667448743182548
7649,-0.07341912057513349
7650,-0.034802362246115846
7651,-0.09348009043707313
7652,-0.015742516858860522
7653,-0.09731055499148804
7654,-0.07051597262824354
7655,-0.10362028721656359
7656,-0.05636645239038276
7657,-0.0325961026082486
7658,0.06026481706780886
7659,-0.1095526620532661
7660,0.057470651739618614
7661,-0.1278978884044253
7662,-0.05954677671234635
7663,0.007852464117630995
7664,-0.057846697859702916
7665,-0.057846697859702916
7666,0.010153169462185833
7667,-0.09787903388452665
7668,-0.07425859048087849
7669,-0.04548226868722257
7670,-0.04451793082208293
7671,0.05240412406893663
7672,-0.07656726181903753
7673,0.05991936424480225
7674,0.06349988739099018
7675,-0.07935090701744921
7676,0.009598101405850183
7677,-0.08582877512051112
7678,-0.0857792456810574
7679,0.048903380593082316
7680,-0.10146522334674729
7681,-0.03703577934892715
7682,-0.06468914948030156
7683,0.010266174486184408
7684,-0.08291997105472243
7685,-0.06180816861825379
7686,-0.09141007725670827
7687,-0.012325213461368372
7688,-0.06488698152175912
7689,-0.05887116553373318
7690,-0.11743612018801135
7691,-0.13685516798358116
7692,0.08947634189193215
7693,0.02913094262870301
7694,-0.06032756240495517
7695,-0.024324267504332406
7696,0.006832096986553318
7697,-0.0736827327447204
7698,0.09652518064230332
7699,-0.08193674055829153
7700,-0.11735716358364112
7701,-0.15858294786828434
7702,-0.09591627338060321
7703,-0.05780543320462257
7704,-0.032971073704329106
7705,-0.13125937958532652
7706,-0.011341981591107733
7707,-0.10190696859837771
7708,-0.09610234839279395
7709,-0.10700046189560296
7710,-0.08703757013006248
7711,-0.11560444954294102
7712,-0.11560444954294102
7713,-0.08955263802193032
7714,-0.08513034157889915
7715,-0.10039413435137921
7716,-0.11206903112410599
7717,-0.006722104662635528
7718,-0.041471536566824056
7719,-0.09991364704877707
7720,-0.12941938917228693
7721,0.03094062455506903
7722,-0.11905411239316645
7723,0.0043065172113279605
7724,-0.1424831649849832
7725,-0.08375091111228437
7726,-0.07824863518201232
7727,-0.14048925694792463
7728,0.01791041208284473
7729,-0.054653843984916246
7730,-0.08673314471770179
7731,-0.06296549212945453
7732,-0.06410002705842624
7733,-0.07840963364429926
7734,-0.09073158803166845
7735,-0.07313043340834888
7736,-0.11015770224246707
7737,0.07837252672165028
7738,0.02804493075256054
7739,0.07627029733893076
7740,-0.11627548182510661
7741,0.07828277826372808
7742,-0.07816890188866636
7743,-0.0037175369269005993
7744,-0.04852117421007923
7745,-0.03365299149605953
7746,-0.09426068557294914
7747,-0.0669446245345818
7748,0.05444200462135873
7749,0.03391266474733274
7750,-0.0827588558667887
7751,-0.11922753436902997
7752,-0.06775936046987523
7753,-0.09448215322051425
7754,-0.10362760493920815
7755,-0.11628310473434049
7756,-0.024404611019297823
7757,-0.08586038095408348
7758,-0.016077575245526294
7759,-0.0709303376508207
7760,-0.09800351684030935
7761,-0.07679170277473212
7762,-0.052492498334567254
7763,-0.08201490086163647
7764,-0.005443390942620696
7765,0.06792747946451483
7766,0.05003814312957488
7767,-0.11490252876783141
7768,-0.16418578880166898
7769,-0.006027100206605186
7770,0.05076679002496382
7771,-0.11504340455860153
7772,-0.013266684512179543
7773,0.022941708955469493
7774,-0.0010233286392399292
7775,0.001898319810433167
7776,-0.12100398900924685
7777,-0.06578893083090485
7778,-0.10054981415559902
7779,-0.08159362137046637
7780,-0.10791858901512709
7781,-0.04674881091740752
7782,-0.1500301996580869
7783,-0.020040097307780228
7784,-0.025002929635736786
7785,-0.07601073076724678
7786,-0.08513692391722699
7787,-0.0008221426832541413
7788,-0.08949724045133692
7789,-0.09093820010832844
7790,-0.06903743468183748
7791,0.03372851778935307
7792,-0.11545962202413336
7793,-0.05899445111953691
7794,-0.058123750402944416
7795,-0.07220989876357196
7796,-0.06980524754838753
7797,-0.01045719235636151
7798,-0.08240077283291047
7799,-0.06614042887801237
7800,-0.025977508608409743
7801,-0.08617547609503083
7802,-0.0691823408778081
7803,-0.030805147543474454
7804,0.005350158569970839
7805,-0.09918162878944221
7806,-0.038874032433948054
7807,-0.07629319660873259
7808,-0.08474857621678343
7809,-0.0019298044260885033
7810,-0.029806013272781543
7811,-0.0393655186257741
7812,-0.03428138939811855
7813,-0.05738355398182323
7814,-0.06177428390080856
7815,-0.11958281913925076
7816,-0.11958281913925076
7817,-0.020455506948060947
7818,0.008320792132396239
7819,-0.06316043741906921
7820,-0.018135261716755422
7821,-0.019026986071323835
7822,-0.03309506321601308
7823,0.02296909231144418
7824,-0.10964054806930865
7825,0.04356055629559513
7826,-0.04150508448706597
7827,-0.025590526778628886
7828,-0.12507159582528724
7829,-0.011980800706537334
7830,-0.10518151140918422
7831,-0.08050162136670011
7832,-0.10509045849734228
7833,-0.011434938268998524
7834,-0.06810112667246473
7835,-0.03993832297283119
7836,-0.00876115205334595
7837,-0.06577623174832506
7838,-0.10012388081372246
7839,-0.0250206746321552
7840,-0.001773895718066837
7841,-0.00687203519981112
7842,0.005250593236443007
7843,-0.01601630593160298
7844,0.008312109794441023
7845,-0.06657043216853618
7846,-0.003381377166819407
7847,-0.09858864828120137
7848,-0.021369679874757304
7849,-0.014079471269368125
7850,-0.06367640573039403
7851,-0.011574673791869146
7852,0.02410644849534235
7853,-0.007525175243386839
7854,-0.056911390519912924
7855,0.010773978314063357
7856,0.004572213974804837
7857,-0.07802145870144189
7858,-0.11537691053844265
7859,0.011686294889754452
7860,-0.015260060354830305
7861,0.02034102720553178
7862,-0.00866167557025994
7863,0.038429663696087295
7864,-0.012555104297152448
7865,0.02013045786184152
7866,-0.03179211639168269
7867,-0.0876124215097832
7868,-0.029103969221251212
7869,-0.01430268274812293
7870,-0.054625048484871
7871,-0.0828613212249551
7872,-0.0919880674837827
7873,-0.014595053399438427
7874,-0.05570709749519131
7875,-0.08437300175400388
7876,-0.003450356916560161
7877,-0.04718898135512345
7878,-0.061513889543452445
7879,0.023886583906221916
7880,0.0312671985841508
7881,-0.08417832855681319
7882,-0.08417832855681319
7883,-0.0041693706444132185
7884,-0.1433510336606778
7885,-0.07677953547060565
7886,-0.009961992532234083
7887,-0.08409811045907818
7888,0.02420086892013826
7889,0.12646132041660846
7890,0.009612607678254208
7891,-0.0025275604591035055
7892,-0.11404117999109863
7893,-0.07676625686085677
7894,-0.0692130218182974
7895,-0.04319505407638355
7896,-0.04737193998110823
7897,-0.07454577563700394
7898,-0.09122747852017087
7899,-0.0943326330287786
7900,0.00801401697178966
7901,-0.011687823388343711
7902,0.011450352217388502
7903,0.11551624769442376
7904,0.008205603532815929
7905,-0.010269363995003075
7906,-0.13209848164548252
7907,0.04905337991285943
7908,0.04905337991285943
7909,-0.06632224928085687
7910,0.040913071105364546
7911,-0.007565146620287443
7912,0.0020322912317224436
7913,0.017637546795286004
7914,0.09972150233457204
7915,0.004415206776694666
7916,0.00036080964638756367
7917,-0.10464623421282625
7918,-0.08657920642836923
7919,-0.03082712544773265
7920,0.01312205605212232
7921,-0.025855040481637663
7922,-0.10693267779037194
7923,-0.14219746250640927
7924,-0.014336158821141145
7925,0.015720037907863294
7926,-0.0150857647715029
7927,-0.09735242816813929
7928,-0.09735242816813929
7929,0.06388621033853543
7930,-0.04855124673285294
7931,-0.0236712382812672
7932,-0.0639377789996268
7933,-0.05183855066966915
7934,0.08537837502711546
7935,-0.09936606597102929
7936,-0.030761491266671846
7937,0.012230526752449225
7938,-0.03371712527329815
7939,-0.005638035124691116
7940,-0.10187976694986577
7941,-0.0062072703071697705
7942,0.022855705754964442
7943,-0.08759642193454795
7944,-0.11099951748158035
7945,0.025324725318597842
7946,-0.04084482959273414
7947,-0.04226640507399158
7948,-0.01718480521943674
7949,-0.00796377912103138
7950,-0.08455790672276678
7951,-0.08240657627861418
7952,0.0505810141920341
7953,0.0505810141920341
7954,-0.08704220006304515
7955,0.025052051915649656
7956,-0.09714426062919163
7957,-0.03259014324541845
7958,0.09318909393853488
7959,0.022801263971654096
7960,-0.060201024471128135
7961,0.1109546290374683
7962,-0.040570045444320676
7963,-0.0795706916958754
7964,0.003107106513478762
7965,-0.10527906569829816
7966,0.015111464706583703
7967,-0.017579808394123462
7968,-0.07253042378320945
7969,0.017285119926014274
7970,0.026417589512215296
7971,-0.017975252385254173
7972,-0.00903230005298409
7973,-0.022102778704353662
7974,-0.08767490360681097
7975,-0.013319610615818198
7976,-0.015606014170371557
7977,-0.04448086761023084
7978,-0.058841629244594934
7979,-0.09680890208644705
7980,-0.0891586539192695
7981,0.013230747878620972
7982,-0.09406737243137533
7983,-0.04582126177635901
7984,0.017953460124938356
7985,-0.08926071926418246
7986,-0.055893339629346506
7987,-0.06290060450040376
7988,0.021248597772469197
7989,-0.0451410561664351
7990,0.01313414142900172
7991,-0.0818796318220962
7992,0.03481132548187182
7993,-0.11717830394375675
7994,0.0033511041490110957
7995,-0.057137002583152866
7996,-0.07933381938505714
7997,-0.010475003857468145
7998,0.018685416087302946
7999,-0.05094424026779662
8000,0.032780669863116424
8001,0.03763878166889693
8002,0.03763878166889693
8003,-0.07392896127052806
8004,0.0054863697346650715
8005,-0.048369218185256205
8006,-0.00033877355574568494
8007,-0.04598097659158269
8008,-0.012425315745213642
8009,-0.08082010434640277
8010,-0.0017508731678360105
8011,-0.12712372509033967
8012,0.004248622798009657
8013,-0.08689878739341775
8014,-0.033501282465524126
8015,0.04133806897135322
8016,-0.08315362058592922
8017,-0.06606583767745457
8018,-0.0003170878667736599
8019,-0.08470615008690817
8020,-0.05775281617329843
8021,-0.06953369087966152
8022,0.003634227089812103
8023,0.016091707715367106
8024,0.0021579610256596835
8025,-0.027946321672115915
8026,-0.046384754521355494
8027,0.049379745180057937
8028,-0.024754222875884295
8029,-0.01573367399565088
8030,-0.11040478279755281
8031,0.0183181636322903
8032,0.0208351585202304
8033,-0.06652781751059775
8034,-0.024795658189028968
8035,-0.07453225607606397
8036,-0.01725905711428885
8037,-0.0017531974015587808
8038,-0.07600873022275909
8039,0.04279005843767117
8040,-0.06777852589130268
8041,0.04084609541437552
8042,-0.0348119976794115
8043,0.006941145853185337
8044,0.00817614569144533
8045,0.008549381662361757
8046,-0.03461863988254519
8047,-0.07765072577295144
8048,-0.07966121599509948
8049,-0.07198333000682762
8050,0.017461709419636547
8051,0.017461709419636547
8052,-0.10514626158398206
8053,-0.10076317497172128
8054,-0.06536124020311135
8055,-0.06520408729763262
8056,-0.10075911092880081
8057,-0.08140106039345976
8058,-0.10108468704812468
8059,-0.015120711880656171
8060,-0.05794139836550073
8061,-0.08207934379173268
8062,-0.053025830188329376
8063,-0.1430216630982927
8064,-0.08209034402566835
8065,0.022061471644594828
8066,0.01037339315995536
8067,0.010482900417973765
8068,-0.013153321095684558
8069,-0.09940406381958776
8070,-0.054314010877072674
8071,-0.018002308870849904
8072,-0.06741287424041825
8073,-0.020772972174804432
8074,-0.028147768152456506
8075,0.015199410258501547
8076,0.02144958990525732
8077,0.01989626931632781
8078,0.006946273668852002
8079,-0.036834508238877454
8080,-0.06463037143653413
8081,0.021344538258444352
8082,-0.13293615237937192
8083,-0.059778827602195696
8084,-0.062485707561751945
8085,-0.0244752187020595
8086,-0.06331522543921002
8087,-0.0021974178058208503
8088,-0.06090311793820344
8089,-0.07610315925448904
8090,-0.023151850593588753
8091,0.03127501653566581
8092,-0.08212869480929734
8093,0.06744075899824888
8094,0.023614340942560003
8095,-0.08620421176706418
8096,-0.09469991213268213
8097,0.009270335733594218
8098,0.07608082880459312
8099,-0.008791246526436928
8100,0.047546088775037014
8101,-0.10333981426218558
8102,-0.12309663150768034
8103,-0.0010239197411905313
8104,0.029601273432439523
8105,-0.05345934004464078
8106,-0.05107555487821963
8107,-0.039403681256076226
8108,-0.057351203951010774
8109,0.011956111573232587
8110,-0.04997716844581715
8111,0.008803988145922955
8112,-0.11040308865112776
8113,0.04316041591639497
8114,-0.024994749216287783
8115,-0.10860255481633982
8116,-0.10562978674456949
8117,0.054070562762875064
8118,0.008796427776618257
8119,-0.05569400885227747
8120,-0.08114479341113065
8121,-0.025220657540076675
8122,-0.07598416995530699
8123,0.05396880987087234
8124,-0.0024011507340624075
8125,-0.10897204074945663
8126,-0.061740512002861486
8127,-0.010540145970043917
8128,0.004164744807694662
8129,-0.05346995411195281
8130,0.024505891908483905
8131,0.004762222756042175
8132,0.02561701823001752
8133,0.03223061800419394
8134,-0.0042341403103833865
8135,-0.11069642092046998
8136,-0.04493569596335116
8137,0.031505652009510124
8138,0.030922183062822652
8139,-0.05351440175365536
8140,-0.04416119247067022
8141,0.012822796265902743
8142,-0.018421803478764542
8143,-0.11939306208121574
8144,0.020944931668926362
8145,-0.0036391806206903404
8146,0.015563245213968574
8147,0.011463363927892725
8148,0.03287866630393829
8149,-0.03966303150583343
8150,-0.10604934862492348
8151,-0.11405794737230175
8152,-0.05962150206016766
8153,0.02846517344545095
8154,-0.05895345780732465
8155,-0.03646366874403493
8156,-0.10804630423553165
8157,0.021088193791098327
8158,-0.1062962035437868
8159,-0.07624249248245613
8160,-0.06647710069647918
8161,-0.06175114701709824
8162,2.4006213523263104e-05
8163,-0.0005841519062426261
8164,-0.008606531592458826
8165,-0.02633965408749484
8166,-0.10186969456125822
8167,0.010259325923173664
8168,-0.030068239291410354
8169,-0.0578977235479723
8170,-0.04197833985746493
8171,0.016104964968875632
8172,-0.01975859830992562
8173,-0.030694597026511252
8174,-0.02133842274473277
8175,-0.07304180458279619
8176,0.0036231900614700956
8177,-0.09921772526954435
8178,-0.08463775865297077
8179,-0.07128607604455513
8180,-0.12951883535000827
8181,-0.011224605238332718
8182,-0.01841086803735702
8183,-0.13216041442186596
8184,-0.13524800153562025
8185,-0.08650462580469274
8186,-0.020620356695689235
8187,0.003486759420813846
8188,-0.05189445601784103
8189,-0.08298335572949099
8190,-0.053847574635660915
8191,-0.05763807286772044
8192,-0.029159169925077146
8193,-0.11890890894690315
8194,0.0031235361628323285
8195,-0.0830357707257321
8196,-0.047399139822676795
8197,-0.014609879162512924
8198,-0.060356637405999926
8199,-0.14722090515908332
8200,-0.04496919819448376
8201,-0.038345799993734886
8202,-0.044930258395057446
8203,-0.022733346763801912
8204,-0.025059985705583505
8205,-0.13576385397804733
8206,-0.05958023539271233
8207,-0.0722983614610204
8208,-0.0017958512015254415
8209,-0.016409373265961796
8210,-0.06949559849809113
8211,-0.08034679803985831
8212,-0.12350967381889688
8213,-0.015625476069469384
8214,-0.03396778151591977
8215,-0.07266152146205863
8216,-0.017027420244879972
8217,-0.012855691435445007
8218,-0.012855691435445007
8219,0.0015508294842372112
8220,-0.07189090036645379
8221,-0.0830623290153602
8222,-0.008387719279834133
8223,-0.14821428093208452
8224,-0.1392676804423797
8225,-0.06418545314679534
8226,-0.03702426351570856
8227,-0.007435022551387543
8228,0.048393011308722506
8229,-0.10908380539013142
8230,-0.06682887521270438
8231,-0.014643548750918804
8232,-0.04650406844095376
8233,-0.052674898285487465
8234,-0.1453600412406769
8235,-0.12915502328737782
8236,-0.12439294251809839
8237,0.003942786163713743
8238,-0.13799047689889768
8239,-0.07443604931342984
8240,-0.17441413359446514
8241,-0.04081849388977751
8242,-0.004383067365219344
8243,-0.02267140081368862
8244,-0.1469629070945322
8245,-0.08944504860608116
8246,-0.00347372531607372
8247,-0.013114424765968767
8248,-0.008262057852919705
8249,-0.14991726448350118
8250,-0.10760425172382604
8251,-0.01829242596035934
8252,-0.05446263587497609
8253,-0.002711325487896119
8254,-0.1332558783376663
8255,-0.10590400812456016
8256,-0.11166547267911235
8257,-0.10345555868340195
8258,-0.10345555868340195
8259,-0.10841015670556627
8260,-0.017106913134191656
8261,-0.07199146137567697
8262,-0.1661517520107796
8263,-0.06341192049599831
8264,-0.08733555057299386
8265,-0.03703120984121532
8266,-0.09673555278612028
8267,-0.15092673549818078
8268,-0.10255056186847145
8269,-0.05187724377617283
8270,-0.021035503222387734
8271,-0.17379654119062254
8272,-0.10971901356845047
8273,-0.08289836245489725
8274,0.008766681228144165
8275,-0.03232264638422985
8276,-0.07461358034433663
8277,-0.01882994076353728
8278,-0.09710651950378998
8279,-0.07772994461623939
8280,0.009957739837025673
8281,-0.1004511064490314
8282,-0.032737116798824184
8283,-0.04741680408127202
8284,-0.16305685762206779
8285,-0.01995705509602311
8286,-0.061753445958852085
8287,-0.14887935209517378
8288,-0.1273137050229797
8289,-0.06722638218082135
8290,-0.14030736987336725
8291,-0.042481130596046045
8292,-0.1376411733824639
8293,-0.1575515353453723
8294,-0.11723988742166598
8295,-0.02637965560069711
8296,-0.15206634756632534
8297,-0.1682390649249703
8298,-0.09829562927811761
8299,-0.0802244609216597
8300,-0.09533696077000449
8301,-0.03082013435091996
8302,-0.1046641935189998
8303,-0.1831704510163418
8304,-0.1112082868553011
8305,-0.15656957152234713
8306,-0.09848145565521364
8307,-0.09848145565521364
8308,-0.17090935659045545
8309,-0.17090935659045545
8310,-0.04699705660496197
8311,-0.06416994673877581
8312,-0.0896145000354719
8313,-0.043009107315891165
8314,-0.0722560915642981
8315,-0.10759460346336097
8316,-0.035160953104352174
8317,-0.004402635498049152
8318,-0.06397158129468193
8319,-0.09660121978533064
8320,-0.04173767140788397
8321,-0.1273986990777253
8322,-0.07713759826892735
8323,-0.11166689797349937
8324,-0.04677070918624359
8325,-0.1864092454342459
8326,-0.015676217639006788
8327,-0.061303734252995706
8328,-0.08093720211765346
8329,-0.1167794667508921
8330,-0.12498078226543419
8331,-0.12498078226543419
8332,-0.17514279875852576
8333,-0.18076628138724793
8334,-0.16840479877919604
8335,-0.09219982927751622
8336,-0.08622519317882611
8337,-0.0593015829176569
8338,0.06902670439108305
8339,-0.058393670987153035
8340,-0.050424837140995826
8341,-0.043034969227665754
8342,-0.1326007418214227
8343,-0.033659920010588984
8344,-0.09749286596241415
8345,-0.03587180700113405
8346,-0.07280046627530638
8347,-0.059011983902721915
8348,-0.0025661963649732367
8349,-0.09306686232968064
8350,-0.07268412462387618
8351,-0.06144512652192164
8352,-0.06144512652192164
8353,-0.13136752576170252
8354,-0.13136752576170252
8355,-0.08591924353221446
8356,-0.011760921311343929
8357,-0.0912259623945281
8358,-0.0764321504129122
8359,-0.041520849219981504
8360,-0.13814500786708372
8361,-0.061058142443804815
8362,-0.10071796931860388
8363,-0.05458421212972157
8364,-0.17146356679776367
8365,-0.07009487415144419
8366,-0.11125247238425776
8367,-0.07404356706749335
8368,-0.15500675193400565
8369,-0.15500675193400565
8370,-0.21824332123715237
8371,-0.21073421558223274
8372,-0.12027262292548993
8373,-0.052698296932305835
8374,-0.12749067663226535
8375,-0.13264081486332568
8376,-0.002970123805864418
8377,-0.05197381778745234
8378,-0.07129791598826903
8379,-0.09872149474586617
8380,-0.10839542117904917
8381,-0.12244279272194754
8382,-0.24277433572059273
8383,-0.023145289226364413
8384,-0.077185152995211
8385,-0.06158988809151664
8386,-0.05615526258130538
8387,-0.1327615591055118
8388,-0.14666468286154008
8389,-0.23685241868279944
8390,-0.23685241868279944
8391,-0.051088397352746666
8392,-0.0801610781965715
8393,-0.05282454714706358
8394,-0.2133643957238842
8395,-0.22211222935563207
8396,-0.033774240279984095
8397,0.01117932030665607
8398,-0.08317705768382927
8399,-0.04564388822324267
8400,0.024464447879868297
8401,-0.02346484248883813
8402,-0.025569501959024316
8403,-0.12203096005046665
8404,-0.12052280352372363
8405,-0.23385616688985977
8406,-0.013801216374558849
8407,-0.0453251815835409
8408,-0.0453251815835409
8409,-0.09863544817608667
8410,-0.027695720704979224
8411,-0.24644406871792277
8412,-0.19944969275486843
8413,-0.20993537855030656
8414,-0.14391317385768423
8415,-0.14391317385768423
8416,-0.1123094241166475
8417,-0.24825491178334466
8418,-0.06852200903544392
8419,-0.0485491993266325
8420,0.022013735297005333
8421,-0.12081197216063543
8422,-0.06390442764715858
8423,-0.091323134954621
8424,0.044991484764079354
8425,-0.051201520366479535
8426,-0.10040766154521322
8427,-0.040436253955522576
8428,-0.0547773883390754
8429,-0.06551476391893724
8430,-0.049077836516808436
8431,-0.09733452580371185
8432,-0.08141052412802964
8433,-0.09661820690129343
8434,-0.06017075810045754
8435,-0.12679867143000428
8436,-0.025331905389005052
8437,-0.17192075317136055
8438,-0.19489654747334764
8439,-0.14242627778823497
8440,-0.14242627778823497
8441,-0.06427968229839384
8442,-0.2412132914296825
8443,-0.1431096971641051
8444,-0.011834801855617917
8445,0.007626285410081736
8446,-0.06775899633299
8447,-0.0352471651445315
8448,-0.11265135434556295
8449,-0.12745456598409133
8450,-0.08122813110777628
8451,-0.11945089066081256
8452,-0.04692467382074068
8453,-0.08146947182994602
8454,-0.20042214034681266
8455,-0.09056851186957986
8456,-0.0661750047310998
8457,-0.1130364840609424
8458,-0.09730605851291352
8459,-0.1763080383224063
8460,-0.16676688058333108
8461,-0.09168583802939134
8462,-0.07965055878043331
8463,-0.13386848081393365
8464,-0.13386848081393365
8465,-0.13038966903096488
8466,0.002211164972543571
8467,-0.0024837885204801783
8468,-0.05954773099085093
8469,-0.004228651254980013
8470,-0.09516388623058997
8471,-0.12421402704682602
8472,-0.20388301191126054
8473,-0.03627459487502098
8474,-0.2177438463303689
8475,-0.06652011345690965
8476,-0.16801509536335524
8477,-0.17078047438767252
8478,-0.08880012735931522
8479,-0.09156061580762553
8480,-0.0891513653395389
8481,-0.0891513653395389
8482,-0.20552978920525797
8483,-0.08494515626200552
8484,-0.01366698387397828
8485,-0.08869352457430316
8486,0.041389160349139385
8487,-0.13276801237090782
8488,-0.13276801237090782
8489,-0.10118932389751333
8490,-0.056331932292534186
8491,-0.06126314604588791
8492,0.009999721435185929
8493,-0.14369784838104444
8494,-0.18947613811270678
8495,-0.10464418601051823
8496,-0.10375977144350912
8497,-0.1020094658013305
8498,-0.1020094658013305
8499,-0.028432738260658143
8500,-0.18526101326466082
8501,-0.18526101326466082
8502,-0.09103050160703295
8503,-0.014946817073854497
8504,0.022878232953301325
8505,-0.10246304833338432
8506,0.03915299556111978
8507,-0.15581409802386317
8508,-0.13059189736861054
8509,-0.08126554532808966
8510,-0.09703965089156188
8511,-0.11407816727576155
8512,0.018078173763401564
8513,-0.10361337865535013
8514,-0.0385092605170189
8515,-0.16903746937308395
8516,-0.09428082867831564
8517,-0.14258131795554618
8518,-0.11278286544618353
8519,-0.05656114337550641
8520,-0.05656114337550641
8521,-0.06401135416997493
8522,-0.18791309115719498
8523,-0.18791309115719498
8524,-0.15755799698762982
8525,0.02548930962136863
8526,-0.1503112340950185
8527,-0.041930084155528465
8528,0.016288639309960776
8529,-0.041922986494326235
8530,-0.09842249490265882
8531,-0.015734739211908003
8532,-0.06289469459526205
8533,0.016661591449229827
8534,-0.1425156913049799
8535,-0.017812579488785542
8536,-0.1730901035547153
8537,-0.07985906742223624
8538,-0.04342634017925069
8539,-0.022836465734457495
8540,-0.10987777764471678
8541,-0.17834760245136513
8542,-0.021632722490382433
8543,-0.11454462203975908
8544,-0.11309892707899563
8545,0.018646546376264977
8546,-0.05844652653272211
8547,-0.07398478205410035
8548,0.02238346869356502
8549,-0.15355207557417716
8550,0.0060245388069788885
8551,-0.028905846781884657
8552,-0.08377567806180734
8553,-0.13119185996488542
8554,-0.11865370133329077
8555,-0.07946791666900223
8556,-0.16982579083549948
8557,-0.09120701540628802
8558,0.018431463515488647
8559,0.01753220542656134
8560,-0.12122099766874389
8561,-0.06611671095267488
8562,-0.07200008582011216
8563,-0.02465186577217035
8564,-0.126986188879668
8565,0.036207554481339964
8566,-0.12656769046181593
8567,0.009699393582472193
8568,-0.08203617569060896
8569,-0.17804266959884163
8570,-0.07335786211367104
8571,-0.031177871218530086
8572,-0.11275799241506969
8573,-0.10529673473451173
8574,-0.11204408270587224
8575,-0.03604938170442907
8576,-0.04463613756797059
8577,-0.1042261062601946
8578,-0.13533006405965153
8579,0.023471023722637162
8580,-0.0847873577245125
8581,-0.0847873577245125
8582,-0.1426747659768192
8583,-0.04141088255231611
8584,-0.08272148126003638
8585,-0.033904486522447756
8586,-0.033642779951510604
8587,-0.10642452639286878
8588,-0.07931335674873322
8589,-0.07931335674873322
8590,-0.03766908128806899
8591,-0.04532795617873855
8592,-0.08934126083460862
8593,0.05164948734051775
8594,-0.08092433880912449
8595,-0.08715028658099451
8596,-0.12463590727027433
8597,-0.1155437006877209
8598,-0.09034785208463836
8599,-0.08751668034300876
8600,-0.09727074367568754
8601,0.008298723419618067
8602,-0.044641105682238204
8603,-0.08677804684382047
8604,-0.09383937894236291
8605,-0.03694616840775329
8606,-0.11050675633187332
8607,-0.04529164838621999
8608,-0.11477577398469603
8609,-0.1282615270537477
8610,0.002930137704056323
8611,-0.09361704381066724
8612,-0.07819153904303085
8613,-0.003172517683943247
8614,-0.13659762962699565
8615,-0.12214507918021722
8616,-0.05557750809887127
8617,-0.11583759000922146
8618,-0.14191197315298323
8619,-0.07249071429788745
8620,-0.134982892679861
8621,-0.08715014659077969
8622,0.03891670679504161
8623,-0.1395479345965329
8624,-0.12882888253496633
8625,-0.128594906913848
8626,-0.030934058969380843
8627,-0.04055025732840167
8628,-0.09548791749902612
8629,-0.017341533623218372
8630,0.06940172942838972
8631,-0.002788625205643054
8632,-0.011352269819921023
8633,-0.02015500886771115
8634,-0.07155792968039121
8635,-0.004510062992574911
8636,-0.13254271370873374
8637,-0.09410484448752338
8638,-0.0669542668899008
8639,-0.04570312607714187
8640,-0.05579107912494906
8641,-0.0723153689892038
8642,-0.008968203854384843
8643,0.019367443475721537
8644,0.0066625885342116225
8645,-0.015272842755221984
8646,-0.008065509963968237
8647,-0.10758264630317235
8648,-0.11018352318247222
8649,-0.03377457174636929
8650,-0.03377457174636929
8651,-0.00624303589028417
8652,-0.05050226395445747
8653,-0.020103210125529854
8654,-0.0553261671201371
8655,0.016629960823477136
8656,-0.09888960055281709
8657,-0.03739494924931353
8658,-0.0989904445154284
8659,-0.058356161660077885
8660,-0.027057248536738337
8661,-0.059019242860250634
8662,-0.10798035900453283
8663,-0.014654839234420373
8664,-0.08631005664884249
8665,-0.004831037639991174
8666,-0.02420986054085334
8667,-0.044639609461710195
8668,-0.13090824959205472
8669,-0.06001994659746941
8670,-0.08116891467145129
8671,-0.08466060308182394
8672,-0.1204470491367605
8673,-0.07786240605904968
8674,-0.032338515010862746
8675,-0.032338515010862746
8676,0.027652946032376287
8677,-0.054550828854428746
8678,-0.06901659881948416
8679,-0.09536531165631647
8680,0.07087154072788744
8681,-0.07413249618712321
8682,-0.1369965573194837
8683,-0.0799928925158023
8684,-0.09361222568245879
8685,-0.0801957393337583
8686,-0.05175275110231746
8687,-0.12861170336844513
8688,-0.07066113307614656
8689,-0.12725375334014294
8690,-0.09374048094604102
8691,-0.03866575015194908
8692,-0.10121338648395607
8693,-0.10121338648395607
8694,0.0901900239860052
8695,-0.09032699450353807
8696,-0.010383565319809706
8697,-0.10823483912338294
8698,-0.06226439601537179
8699,-0.1083579643863701
8700,-0.06230526421727461
8701,-0.06230526421727461
8702,-0.08346643910920667
8703,-0.07361836778303114
8704,0.009891014652452035
8705,-0.12413013241338693
8706,-0.07474532817142743
8707,0.018898572623455043
8708,-0.09181461946026392
8709,-0.04263035270487919
8710,-0.10018324092415194
8711,-0.07362959853829165
8712,-0.06475879353590439
8713,-0.07759523512993327
8714,-0.14795119373018278
8715,-0.06175104707171506
8716,-0.07510921397930316
8717,-0.03219419626455274
8718,-0.08403484650434061
8719,-0.08403484650434061
8720,-0.11673189488250008
8721,-0.004609698836420816
8722,-0.09575399225074083
8723,-0.14565024220695388
8724,-0.021431146723610107
8725,-0.13475442751437755
8726,-0.055392561308466065
8727,-0.05162481180699998
8728,-0.022048312630845456
8729,-0.022048312630845456
8730,0.01679460598254752
8731,-0.10736895998708135
8732,-0.1557232992009493
8733,-0.13941912199700054
8734,-0.04406196496853384
8735,-0.00475831609829797
8736,0.009554047833422018
8737,-0.14575442641676153
8738,-0.07971447668811868
8739,-0.018497584636278153
8740,-0.018497584636278153
8741,-0.09342487130471812
8742,-0.041199534979713875
8743,0.011482094000334895
8744,0.0104846898741562
8745,-0.1374029675949257
8746,-0.06882705543045092
8747,-0.13717793051010685
8748,-0.023426092255764783
8749,-0.05025958917902585
8750,-0.017771940106873434
8751,-0.05069879864905519
8752,-0.11965089886652878
8753,-0.14766426503592753
8754,-0.06773843751272904
8755,-0.03698633199880665
8756,-0.03698633199880665
8757,-0.08318698245432896
8758,0.0051358670971515296
8759,-0.04644422607992174
8760,-0.086776812105633
8761,-0.014445755223156135
8762,-0.05770378643352179
8763,-0.15272203040163734
8764,-0.09564546221935945
8765,0.005794264482400794
8766,-0.04719289819661332
8767,-0.03516684928280782
8768,-0.06609044071670468
8769,-0.09196477835683617
8770,-0.10535975556627569
8771,-0.028127853064489707
8772,-0.028127853064489707
8773,-0.04447243883013034
8774,-0.02535370894291291
8775,-0.0428002281496662
8776,-0.11916001527825275
8777,-0.043003329122449176
8778,-0.040712940848606785
8779,-0.0600883915846878
8780,-0.060666315707897565
8781,-0.021643168749740878
8782,-0.1192550749143424
8783,-0.05469478273882145
8784,-0.1013896475719334
8785,-0.0245150387769277
8786,-0.0371783927831478
8787,-0.10812755516719552
8788,-0.03722410356546395
8789,-0.10542442617899053
8790,-0.04471158145326929
8791,0.021279759089577376
8792,0.031254240186012555
8793,-0.048784476129985196
8794,-0.048527754845643076
8795,-0.03963389534562093
8796,0.018894043671581484
8797,-0.05769135419610461
8798,-0.045312663799049045
8799,-0.0858914643555425
8800,-0.033182716873224986
8801,-0.11060005591314785
8802,-0.051033012714213045
8803,-0.06917039308387901
8804,-0.04090707215688252
8805,-0.17153578358977298
8806,-0.09453774668129752
8807,-0.07841740215320962
8808,-0.058619465358424404
8809,-0.013326477520253583
8810,-0.022554073134879782
8811,-0.05709924991966621
8812,-0.0891644184806384
8813,-0.10459445934830688
8814,-0.05972184723477108
8815,-0.08258772718662309
8816,-0.09481080591955349
8817,-0.1572973606943818
8818,-0.05200604810860342
8819,-0.02449635835218445
8820,-0.1263313308695832
8821,-0.12034329516400517
8822,-0.13052875229615268
8823,-0.1060900536937734
8824,-0.13287201323336253
8825,-0.03519243663115113
8826,0.06295343893932696
8827,-0.092897673548261
8828,-0.027005415030546664
8829,-0.016319104009901553
8830,-0.09266194053532548
8831,-0.06939379952395627
8832,-0.047516212651822695
8833,-0.009336720348022404
8834,-0.01820375584702519
8835,0.013315842259161314
8836,-0.06855480260951109
8837,0.03983309218834948
8838,-0.0359891633039632
8839,0.009183914150211142
8840,-0.08683245782429379
8841,-0.05989433401531437
8842,-0.07311198442289053
8843,-0.06493827543113806
8844,-0.0568263484966694
8845,0.0165662706841494
8846,0.008722289728711929
8847,-0.07391489485106745
8848,0.008579529351320102
8849,-0.020830191949285284
8850,-0.11409519253152656
8851,-0.03175302341435339
8852,-0.018277291633799396
8853,0.01464702674366256
8854,-0.06323857122108985
8855,0.012751902731816925
8856,-0.030781783530465307
8857,0.008210393587600619
8858,-0.1375097385724975
8859,0.00626181039630844
8860,-0.03419683362364548
8861,-0.01747378900543432
8862,-0.036557676398355395
8863,-0.1067091347047565
8864,-0.022125945998454206
8865,0.014284616009095977
8866,0.038832770359688185
8867,-0.019241308773586138
8868,-0.13695933241487615
8869,0.039425267889090725
8870,-0.08221865661134836
8871,-0.06608523138696794
8872,-0.09339800253160205
8873,-0.03727980464666962
8874,-0.03584386920296484
8875,-0.0318135337470909
8876,-0.06947267477224
8877,-0.04321909078234548
8878,0.03754223374971954
8879,-0.046339069718696904
8880,-0.04265526055233134
8881,0.03347512171068648
8882,-0.07346863305200205
8883,-0.04337601251633775
8884,-0.06316130085479044
8885,0.020433241983195204
8886,-0.03433994317112634
8887,0.0007045775691450884
8888,-0.07725089972866654
8889,0.04789510027301794
8890,0.04789510027301794
8891,-0.021892612397449975
8892,-0.05584859323361004
8893,-0.04321032087588141
8894,-0.05024331499346397
8895,-0.10261534691115286
8896,-0.08557466772470614
8897,-0.05182581183030514
8898,-0.07882959624743194
8899,0.0011712832239739986
8900,-0.008140553595444728
8901,-0.07455353216435334
8902,-0.0031759430238643936
8903,-0.05177212347912511
8904,0.0036620300411637826
8905,0.0011183163302501886
8906,-0.041778250708822635
8907,-0.04048677387274488
8908,-0.0725977700024296
8909,0.0366531964108311
8910,-0.003894023775428081
8911,-0.15204577652074885
8912,-0.09789745907588382
8913,-0.03778630393802377
8914,0.02737065758793423
8915,-0.06289354685274004
8916,-0.06161610149124365
8917,-0.009803104682773523
8918,0.025859750658209498
8919,-0.061058338965031995
8920,-0.050881879617556566
8921,-0.07176843735620776
8922,-0.06415443814722685
8923,-0.06415443814722685
8924,-0.05497478626022373
8925,0.013672709709922242
8926,-0.04059145658482487
8927,0.015422980767928777
8928,-0.03233958920523795
8929,-0.017028752475101102
8930,0.063797066256013
8931,-0.06536741397191681
8932,-0.03461706902502801
8933,-0.08622820307220934
8934,0.00644328034551256
8935,-0.06399279257379045
8936,-0.10689882558423948
8937,-0.049748656014831194
8938,-0.04802858287381686
8939,0.04976805291479791
8940,-0.06337677612781477
8941,-0.027821032740687354
8942,-0.17054451194035944
8943,-0.0634597416908455
8944,-0.10593581929459876
8945,-0.06454519546319265
8946,0.008277648928496261
8947,-0.035832555035545714
8948,-0.156720600559398
8949,-0.024146187364334177
8950,-0.07960654634835844
8951,-0.04316390375812027
8952,-0.0924183133765997
8953,-0.041676906437963825
8954,-0.027772914091626744
8955,-0.013063719182170168
8956,-0.08847619034662056
8957,-0.11015524890096064
8958,-0.16782983069488683
8959,-0.06240433235677307
8960,-0.050413039188276956
8961,-0.059357456420540716
8962,-0.11964941789616218
8963,-0.04093317131168931
8964,0.059781759408680774
8965,0.057143949569673634
8966,-0.021563327620011837
8967,-0.04313009191607343
8968,-0.03974310784390494
8969,-0.026423153028391523
8970,0.08307660697422803
8971,-0.07656072375618239
8972,-0.09704603948637304
8973,-0.034055434150946286
8974,-0.10160640929590507
8975,-0.10160640929590507
8976,-0.003938865374530513
8977,-0.12313220124380102
8978,-0.05068253185456815
8979,-0.1276802462721611
8980,-0.03436257118065254
8981,-0.09152781708610268
8982,-0.02584157339462192
8983,-0.05513172864783543
8984,-0.030348932016245216
8985,0.06641883134550786
8986,-0.06236944973665929
8987,-0.036577492996390674
8988,-0.09624924505242266
8989,-0.13336504302185864
8990,-0.13152386469659327
8991,-0.12943785439846264
8992,-0.009085882445623616
8993,-0.07243856451691465
8994,-0.10124936586155771
8995,-0.07695165880610504
8996,-0.12773150154211543
8997,-0.04291307329904411
8998,-0.009592051490930193
8999,-0.026633842385445514
9000,-0.038066310156680654
9001,-0.062174693162560635
9002,-0.027459586973475923
9003,-0.08113693466960095
9004,-0.0023530149487023646
9005,-0.029803888042395914
9006,-0.11563686325799637
9007,-0.0777881463342848
9008,-0.051497849232719155
9009,-0.10048733863255402
9010,-0.02993348730945597
9011,-0.08427503801643427
9012,0.03529738607324419
9013,-0.048200081259381175
9014,-0.07073561249772743
9015,-0.09402630841710947
9016,-0.1318802162804021
9017,-0.05766748265936496
9018,-0.05766748265936496
9019,-0.06414731335877695
9020,-0.023362430248758108
9021,-0.15938856800642573
9022,-0.030021901948290887
9023,-0.05867192896954241
9024,-0.024654357711666314
9025,-0.14278796010831601
9026,0.03751888852493291
9027,-0.09580146484932325
9028,-0.029557612116594224
9029,0.012187713347408853
9030,0.04107943532251202
9031,0.030954211937462842
9032,-0.016468615444944604
9033,-0.012949233713574145
9034,-0.11866235304286536
9035,-0.021903672600777104
9036,-0.06774751625183932
9037,0.017688118616631665
9038,-0.05647780431457464
9039,-0.11295192776691458
9040,-0.041922763392695926
9041,-0.04577518616392898
9042,-0.11778916027119696
9043,-0.16551770269467692
9044,-0.07792584674320842
9045,-0.04983597414575438
9046,-0.046918454556540944
9047,-0.12462437766983883
9048,-0.02522083964396423
9049,-0.09589014379405475
9050,-0.13484301751618127
9051,-0.06238701746357619
9052,-0.04151528158420702
9053,-0.0928276455020175
9054,-0.03052745708571872
9055,-0.0725643833738946
9056,-0.09407889267169671
9057,-0.03302448262745181
9058,-0.07347226129802578
9059,-0.13760245301597787
9060,-0.07975670321779466
9061,0.006877560535423358
9062,-0.0805517361099873
9063,-0.09908345990879744
9064,-0.09908345990879744
9065,-0.024245633735459595
9066,-0.0954381428442757
9067,0.0724901789751032
9068,-0.09595733071816188
9069,-0.06708799112524966
9070,-0.1360675349432552
9071,-0.05580061817414883
9072,-0.04375603733604066
9073,-0.0853217128234558
9074,-0.12957235802739459
9075,-0.056197559920574194
9076,-0.08709170830829514
9077,-0.08617863543698358
9078,-0.051942498039843125
9079,-0.0948059005593715
9080,0.06119577750817037
9081,-0.10344366680987696
9082,0.06029564449304241
9083,-0.08330385224007733
9084,-0.012086193696404212
9085,-0.07316662616800529
9086,-0.06225046213819214
9087,-0.11650873972225716
9088,-0.0889553701528577
9089,0.024141643490764003
9090,-0.07581453430601796
9091,-0.034907062385894326
9092,-0.050404229471030126
9093,-0.021578399432891728
9094,-0.14686456761013167
9095,-0.0841725259400339
9096,-0.026190550318253535
9097,-0.10319044290787976
9098,-0.12001425558815275
9099,-0.10282660476938088
9100,-0.15137524758404539
9101,-0.054929614207403644
9102,-0.03167383415354664
9103,-0.0520014003294742
9104,-0.10639616988310659
9105,-0.07468907025182728
9106,-0.08714297721798221
9107,-0.10706859835648984
9108,0.0420992958475195
9109,-0.15386256496794973
9110,0.044384979990201516
9111,-0.020321640195293134
9112,-0.045987933755505514
9113,-0.1366673207804923
9114,-0.12504659806462934
9115,0.008463103542985002
9116,-0.012962875890012623
9117,-0.02195801383569329
9118,0.012070477907397934
9119,-0.012400236548005544
9120,-0.044291097690354865
9121,-0.1289193503758295
9122,-0.029108568008748822
9123,-0.14266330897042398
9124,-0.14266330897042398
9125,-0.09648324480539211
9126,-0.018546867080864275
9127,-0.15649173391368706
9128,-0.1310759512482448
9129,0.020181284909029488
9130,-0.02866709764361334
9131,-0.038403454722647765
9132,-0.0533662529372438
9133,0.012095243766143625
9134,-0.04602747405442704
9135,-0.038379383380427
9136,-0.04179153736951863
9137,-0.06306094963362179
9138,-0.013705867915509913
9139,-0.1031942821026703
9140,-0.050636506368909394
9141,-0.10449549496235293
9142,-0.022076879442051084
9143,0.0043693478458150135
9144,-0.1795507531015469
9145,-0.025019987913573825
9146,0.01945525810254769
9147,-0.09566720479313465
9148,-0.15764743352246274
9149,-0.02799087617591978
9150,0.02270293770258751
9151,-0.09966468547986307
9152,0.022141079739687767
9153,-0.13975762215949006
9154,-0.01878279878481159
9155,-0.03891312598422798
9156,-0.11147772282567255
9157,-0.19590920968585152
9158,0.03562493254923186
9159,-0.14317826122468216
9160,-0.15067189538411568
9161,-0.08321340810185095
9162,-0.0006282283305442201
9163,-0.1581126475011699
9164,-0.1581126475011699
9165,-0.05691196984444525
9166,0.005607409405190228
9167,-0.018289332084489667
9168,-0.00810260645210501
9169,-0.018526009289515775
9170,-0.08620447654349678
9171,-0.05306978716623062
9172,-0.11709408230363386
9173,-0.15256988631421398
9174,-0.10066915088309755
9175,-0.03643572240486842
9176,-0.08394556100473453
9177,-0.029480607530226043
9178,-0.150350252370429
9179,-0.0017599239988712937
9180,-0.011204640699430288
9181,-0.13831750493458703
9182,0.019475916874200614
9183,-0.08040416634837934
9184,-0.14871650777914663
9185,0.013273719632013426
9186,-0.014192882242911022
9187,-0.015208513716133486
9188,-0.12809743138180865
9189,-0.1657356963186627
9190,-0.03370351113958872
9191,-0.06684182014426042
9192,-0.05805605816418138
9193,-0.08402047308280484
9194,-0.10666398005098451
9195,-0.034691233815939616
9196,-0.058352765952611685
9197,-0.15325245129629836
9198,-0.09135209483983783
9199,-0.020807081469875005
9200,-0.16109895566605895
9201,-0.04008561568324936
9202,-0.06245129673388323
9203,-0.014129760571395564
9204,0.006514738637147736
9205,-0.02284859732682054
9206,-0.0683630518609548
9207,-0.11167423498046578
9208,-0.0552553709126189
9209,-0.00392053392983263
9210,-0.007881766294176886
9211,-0.16115349542826202
9212,-0.11442372150376984
9213,-0.02522079641941167
9214,-0.1605352237659371
9215,-0.016683614914486763
9216,-0.10006690045753217
9217,-0.06935683410736723
9218,-0.12616940277467997
9219,-0.07898652708119677
9220,-0.006187687966736545
9221,-0.1624033177588696
9222,-0.003033620619111418
9223,-0.08818421540212817
9224,-0.028120595307744505
9225,-0.08705199192328303
9226,-0.10369701154651563
9227,-0.09822563823360196
9228,-0.1020500434549718
9229,-0.01978775391801105
9230,0.018460223792569976
9231,-0.10953417950209676
9232,-0.026883379347806158
9233,-0.0972223435892213
9234,-0.053557235988657026
9235,-0.031163497018771937
9236,-0.11046090669086095
9237,-0.07143612915978304
9238,-0.12414428228345077
9239,0.007911499974455864
9240,-0.13453117609051068
9241,-0.09352210434524702
9242,-0.0894560548167376
9243,-0.08340595550413421
9244,-0.15299057678584194
9245,-0.12940674192305993
9246,-0.1160393211428793
9247,-0.09655790888457531
9248,-0.07664362164149972
9249,-0.08433591370084544
9250,-0.11460885380528246
9251,-0.1342954809135329
9252,-0.08815744035830468
9253,-0.08995490081879297
9254,-0.16623194943360622
9255,-0.07831832901098217
9256,-0.06711898830639405
9257,-0.11111194562938291
9258,-0.137001257761254
9259,-0.09221191713689562
9260,-0.05322746879376001
9261,-0.07336020119014068
9262,-0.08273249563926258
9263,-0.14575115957189852
9264,-0.09825803511310278
9265,-0.06737217441193685
9266,0.007633245421699497
9267,-0.12377169915546224
9268,-0.104176260482045
9269,-0.11864967767244891
9270,-0.07647808663212066
9271,-0.0774421220679438
9272,-0.12735595623578222
9273,-0.08501853514566396
9274,-0.14789386942105695
9275,-0.13133264162656128
9276,-0.11822770184925588
9277,-0.0865915037041097
9278,-0.04502384808332133
9279,-0.09841273321857276
9280,-0.05427799042595256
9281,-0.14590483652025932
9282,-0.1299227066184062
9283,-0.03460763894228608
9284,-0.08436223868388841
9285,-0.08012018645154434
9286,-0.0801551472657545
9287,-0.018226772911016802
9288,-0.1789552114199286
9289,-0.1060538875863583
9290,-0.08224787465003995
9291,-0.08404437405707443
9292,-0.07901422629965259
9293,-0.08689616523724679
9294,-0.07680026640070206
9295,-0.10070077871118256
9296,-0.09961667652817706
9297,-0.15552744067720944
9298,-0.07278976384614892
9299,-0.0893837489662024
9300,-0.17368031442124737
9301,-0.07235523651907501
9302,-0.09115445303405488
9303,-0.07486703256768089
9304,-0.1033794828601827
9305,-0.06431157190116785
9306,-0.06952828944736011
9307,-0.110248776706802
9308,-0.15926416442665325
9309,-0.0017851654590340155
9310,-0.06274151428890266
9311,-0.05958640569214644
9312,-0.1404506725310474
9313,0.013768867890296854
9314,-0.0887320685215367
9315,-0.1215731842522441
9316,-0.18384145047289646
9317,-0.057206723826949836
9318,-0.15769354805066313
9319,-0.08167691319492693
9320,-0.18115946829246093
9321,0.05139951110122112
9322,-0.08780795780554436
9323,-0.1099419303541781
9324,-0.13908884546600178
9325,-0.18539658337801548
9326,-0.135252580795864
9327,-0.08937589741165586
9328,-0.009359554934903494
9329,-0.09548944375495501
9330,0.0073338690464219486
9331,-0.02754148815285528
9332,-0.005683172732793308
9333,-0.06402355474032412
9334,-0.11349063300477018
9335,-0.07438379988765641
9336,-0.1502859691199655
9337,-0.1502859691199655
9338,-0.08674729844921679
9339,-0.11182650559119847
9340,-0.12700824417743456
9341,-0.06028673508874798
9342,-0.14399570400303457
9343,-0.18356766696760918
9344,-0.12013202310338959
9345,-0.10879493493491743
9346,-0.10851347839577972
9347,-0.08214167919159726
9348,-0.049302203025644815
9349,-0.10711436680256935
9350,-0.07363015978550294
9351,-0.11520060394734453
9352,-0.14591684768736762
9353,-0.08920783471042418
9354,-0.04320249348330866
9355,-0.11180319178136247
9356,-0.026731913992815486
9357,0.10487316349265052
9358,-0.10126909653684421
9359,-0.09686007892699339
9360,-0.08964554063642775
9361,-0.144593365287001
9362,-0.09937870372182277
9363,-0.14139235090887659
9364,0.03867020251169711
9365,-0.17898650790927242
9366,0.01911087035646481
9367,-0.10645478919460344
9368,-0.03760752181469904
9369,-0.13248526177599956
9370,-0.0401743346488869
9371,-0.09080111678554173
9372,-0.04378090926397836
9373,-0.09885673652020206
9374,-0.14564467628969446
9375,-0.049948125667552856
9376,-0.07324999508238689
9377,-0.07423864991502682
9378,-0.1325780272391982
9379,-0.0222604430027194
9380,-0.019618607705272767
9381,-0.13302030548712648
9382,-0.04060795694227219
9383,-0.11723393212065507
9384,-0.08117447132424747
9385,-0.054942112460970735
9386,-0.1796400560732348
9387,-0.17735903993397312
9388,-0.08343185862136795
9389,-0.1300877595357037
9390,-0.0945266268614182
9391,-0.0339081061513396
9392,-0.004200930107162196
9393,-0.13558591377157875
9394,-0.0602793432603398
9395,-0.11745132297807787
9396,-0.014053788479417698
9397,-0.10520838400750022
9398,-0.006677917759863365
9399,-0.11724726873279051
9400,-0.13746681768805688
9401,-0.06976010216137425
9402,-0.12280691849733644
9403,-0.08795739219041508
9404,-0.10619178162439943
9405,-0.006289118241343096
9406,-0.18076168847360463
9407,-0.08626834842436232
9408,-0.13177384082596078
9409,-0.007010451297383784
9410,-0.057266250730350056
9411,-0.06277869494636827
9412,-0.06117430999886001
9413,-0.013273531299985219
9414,-0.011061743113868405
9415,-0.14214157195387203
9416,0.01619970694130148
9417,-0.1854771412750494
9418,-0.11460089366160357
9419,-0.01858037436217994
9420,-0.12664295127473763
9421,-0.06213006296625124
9422,-0.1254200986316388
9423,-0.13982203485008515
9424,-0.06370305753988817
9425,-0.15698972849188586
9426,-0.08553655841016777
9427,-0.1556631009819795
9428,-0.13357846847219576
9429,-0.13357846847219576
9430,-0.06096923730252697
9431,-0.0971609186077418
9432,-0.03496536810925425
9433,-0.010353508083025162
9434,-0.11097475845735628
9435,-0.033734531848500685
9436,-0.0557640372482494
9437,-0.04045801990449198
9438,-0.12093546248206005
9439,-0.0763989102518716
9440,-0.11323251058930671
9441,-0.1800218086615413
9442,-0.018566240254556936
9443,-0.11368600652320192
9444,-0.0008638228284829231
9445,-0.20918688318564613
9446,-0.17167130451358836
9447,-0.09583583304626914
9448,-0.1256513143643955
9449,-0.1256513143643955
9450,0.0315597388620647
9451,0.017495810795437265
9452,-0.10589273034004427
9453,-0.19614314600274826
9454,-0.15046023569861988
9455,-0.09525488402052824
9456,-0.19406057447113811
9457,0.03900801502172311
9458,-0.16950026740315177
9459,-0.1317608065102173
9460,-0.09742239905683263
9461,-0.12476842041279958
9462,-0.14433040492140436
9463,-0.11821907261698301
9464,-0.014358242011412599
9465,-0.14025023109921464
9466,-0.0007459282629206644
9467,-0.04853367247041082
9468,-0.05419480273189804
9469,-0.11850457037151645
9470,-0.21414432790968602
9471,-0.1099926585350546
9472,-0.029486352531837453
9473,-0.131875679333257
9474,-0.131875679333257
9475,-0.05426060863542276
9476,-0.13531136272953048
9477,-0.04568820253574821
9478,-0.04568820253574821
9479,-0.18072021956724665
9480,-0.10780576253301091
9481,-0.0056633581064115986
9482,-0.04868959650309057
9483,-0.14371316664090023
9484,-0.12168223493168163
9485,-0.11558143900944721
9486,-0.11750985300379951
9487,-0.1543622509010616
9488,-0.12900449403993658
9489,0.02777608576829498
9490,-0.1290516469414469
9491,-0.06932615855038872
9492,-0.13957431585084804
9493,-0.1550388800907394
9494,-0.0542499780727468
9495,-0.12456813551742446
9496,-0.11800554528124522
9497,-0.07612294647168005
9498,-0.12278983380136227
9499,-0.1049960081170402
9500,-0.08213573134543788
9501,-0.1412425262791945
9502,-0.12838282156296527
9503,0.022086162605481217
9504,-0.11203767148962539
9505,-0.21359447371974788
9506,-0.011523365003567602
9507,-0.12014838405194483
9508,-0.05583847375936619
9509,-0.182672386475998
9510,-0.1750773137928725
9511,-0.1223061776249173
9512,-0.0159179101062281
9513,-0.1082949828876923
9514,-0.022347502238782894
9515,-0.12247531303752954
9516,-0.038183309714531516
9517,-0.042449905693134296
9518,-0.10514976029142963
9519,-0.10514976029142963
9520,-0.10901143816859389
9521,-0.09540026858519168
9522,-0.16768071675818258
9523,-0.08244155591086444
9524,-0.0861063894724156
9525,-0.10865611973008452
9526,-0.12303813644150333
9527,-0.13397507437540587
9528,-0.049023004072029794
9529,-0.08917230951846662
9530,-0.04754689914216019
9531,-0.03039911977407617
9532,-0.038564823155553846
9533,-0.083543425691299
9534,-0.10630627291801842
9535,-0.02908758883839748
9536,-0.04238589123215683
9537,-0.014246998832559952
9538,-0.061903240268701566
9539,-0.11456388406558884
9540,-0.07762991214276842
9541,-0.10470044903848216
9542,-0.17704785374730322
9543,-0.19439516189855602
9544,-0.07913657658085424
9545,-0.0957285525129725
9546,-0.038588431075926855
9547,-0.12459586242874501
9548,-0.09225159375847028
9549,-0.04057453684212699
9550,0.11424123530348668
9551,-0.15020883872904156
9552,-0.17322697385617994
9553,-0.0941220285958863
9554,-0.10731534311631855
9555,-0.09180100340790052
9556,-0.04427955922507379
9557,-0.23793106394869537
9558,-0.05632509240032956
9559,-0.07335696588953416
9560,-0.06820343638855143
9561,-0.08531350616431421
9562,-0.09589061843299347
9563,-0.1309775883418216
9564,-0.03703885393652748
9565,-0.06362035118730151
9566,-0.06323048608655092
9567,-0.030207420249832778
9568,-0.08073797217625561
9569,-0.18930832181205665
9570,-0.18930832181205665
9571,-0.12611252304463305
9572,-0.10248522739200344
9573,-0.1825484682242274
9574,-0.018080998345587924
9575,-0.10359846272294565
9576,0.0038911672537068885
9577,-0.013031611467254244
9578,-0.023526641794963665
9579,-0.10866178609770888
9580,-0.17615135357056277
9581,0.0027746890788087615
9582,0.10051254749494873
9583,-0.13529570821985654
9584,-0.04340838661525846
9585,-0.2272086279715544
9586,-0.08525110652366615
9587,-0.03246927151246337
9588,-0.2230368344771172
9589,-0.1289606374184061
9590,-0.08699622854290051
9591,-0.11361615505299678
9592,-0.05179305947487677
9593,-0.009778166980437436
9594,-0.03435223696352584
9595,-0.0054530509608124705
9596,-0.015190784635457725
9597,-0.0640472559125227
9598,-0.17164611657529696
9599,-0.06418775458776878
9600,-0.01266898339083479
9601,-0.04346360688413063
9602,-0.1440095300139972
9603,-0.19264605557019507
9604,-0.09175345097375126
9605,-0.05919045767911195
9606,0.008910266136917299
9607,-0.016678577726380546
9608,-0.19451988567571613
9609,-0.10664630790248414
9610,-0.08704261932585622
9611,-0.05175214566371007
9612,-0.05361037626065214
9613,-0.08691898790414856
9614,0.06072205236067525
9615,-0.09226693720306033
9616,-0.1166220679452265
9617,-0.1611807145511028
9618,-0.11728295423041553
9619,-0.0023179607311818026
9620,-0.01289289437345347
9621,-0.09351442693826584
9622,-0.09623850130460695
9623,-0.08632327504753454
9624,-0.05139068281786131
9625,-0.10593318445454362
9626,-0.054953099130699685
9627,-0.09031863851656456
9628,-0.13738656995757573
9629,-0.1301749387043342
9630,-0.0974512449452997
9631,-0.04977347921244343
9632,-0.12189803406455701
9633,-0.07683586194021136
9634,-0.08245105593459108
9635,-0.06273072670560112
9636,-0.11678860575375784
9637,-0.05326527885170223
9638,-0.06397092590679354
9639,-0.07841145312934546
9640,-0.024931454597021025
9641,-0.06147166483073141
9642,-0.11984829403999286
9643,-0.12234902776206172
9644,0.08173533407342341
9645,-0.052992858881669096
9646,-0.06295861162524238
9647,-0.016280285717576417
9648,-0.10075786557787153
9649,-0.037353028536805596
9650,-0.12662226994847217
9651,-0.1221352650497654
9652,-0.13278548792462158
9653,-0.05081145315346423
9654,-0.05498414831094194
9655,-0.0734004055394593
9656,-0.005683471573738027
9657,-0.03177945997217415
9658,-0.15671398439336878
9659,-0.022382645019705247
9660,-0.18837779529071394
9661,-0.10996721825833815
9662,-0.06604686083527518
9663,0.024728540848240502
9664,-0.046910298591809216
9665,-0.11397236548390319
9666,-0.10786800564605925
9667,-0.042818649200224844
9668,-0.11552062039814799
9669,-0.04134913328822133
9670,-0.09308702232129935
9671,-0.10435138351892505
9672,-0.19656925414136797
9673,-0.042951516961734715
9674,-0.09714668853547323
9675,-0.058364230171403325
9676,-0.15655156069492404
9677,-0.12543498908402298
9678,-0.036885896442637386
9679,-0.12897140285261746
9680,-0.13392899808582934
9681,-0.02894847083457804
9682,-0.17134409436017548
9683,-0.07860417310979524
9684,-0.14493140088302311
9685,-0.1718895593483945
9686,-0.010809675645202022
9687,-0.05257189711262151
9688,-0.14306791065441204
9689,-0.025553014731099184
9690,-0.08668621759330314
9691,0.01736265740736491
9692,-0.14816853018396609
9693,-0.14782446723667816
9694,-0.05830598979098641
9695,-0.15965339784948784
9696,-0.15965339784948784
9697,-0.0660671176216542
9698,-0.11659390103482263
9699,-0.13496853221639632
9700,0.015611230479112722
9701,-0.08967976166039074
9702,-0.009632843801323506
9703,0.008713514633536272
9704,-0.11313304900054134
9705,-0.040460953491083515
9706,-0.1242258305872576
9707,-0.14907356903629243
9708,-0.13391050917138142
9709,0.019418458721121398
9710,-0.04913986596610068
9711,-0.059384174392738756
9712,-0.054255911880589466
9713,-0.053490830711079886
9714,-0.062278734464083614
9715,-0.12420037753216935
9716,-0.10925630406398601
9717,-0.037136744476401515
9718,0.020454692869447413
9719,-0.06509253749468126
9720,-0.04533099479848493
9721,0.000418483264004731
9722,-0.043923251310430345
9723,-0.07249717810509183
9724,-0.2458271346783405
9725,-0.12483147730678532
9726,-0.04187066634721757
9727,-0.03846886217184228
9728,-0.13648857966725692
9729,-0.060087151504480144
9730,-0.13648857966725692
9731,-0.16694435973961289
9732,-0.05537239815011608
9733,-0.0875147695168601
9734,-0.018162378951357083
9735,-0.15436266069125715
9736,-0.04372645044461776
9737,-0.23364536965960309
9738,-0.15204727258205075
9739,-0.02251211662429024
9740,-0.06622157278043407
9741,-0.06622157278043407
9742,-0.0788708955450569
9743,-0.0060900190676401005
9744,-0.01599877039729099
9745,-0.02671140471704893
9746,-0.07677378193979392
9747,-0.07677378193979392
9748,-0.006200833606980274
9749,-0.13238488219499137
9750,-0.03052097587925464
9751,-0.019587831724795328
9752,-0.11637476666137671
9753,-0.06059473382171943
9754,-0.20878213706871532
9755,-0.12873250256699653
9756,-0.06716936708685306
9757,-0.022824913620008266
9758,-0.022824913620008266
9759,0.0006015355575640792
9760,-0.05574998722595941
9761,0.0028066248171769418
9762,0.0028066248171769418
9763,-0.05678023438449465
9764,-0.012888142485428683
9765,-0.1346357799840418
9766,0.06217773910078352
9767,-0.06362179266459156
9768,-0.006337510936980753
9769,-0.005935984711368984
9770,-0.1666669411052676
9771,-0.04913332294139345
9772,-0.05199834614063331
9773,0.025899823214566606
9774,-0.05424589689039868
9775,-0.045349522320432795
9776,-0.11224581579778083
9777,-0.10442240652598585
9778,-0.22079896915416913
9779,-0.015126161907411766
9780,-0.11959069366225199
9781,-0.09676699370300731
9782,-0.09676699370300731
9783,-0.04106849488725762
9784,-0.09124334572093762
9785,-0.04416572203947665
9786,-0.09367542836450649
9787,-0.05814917306368289
9788,-0.1613880278003166
9789,-0.10595999280760958
9790,-0.03606229296031923
9791,-0.05612852873409756
9792,-0.06406237746442485
9793,-0.06708592085842452
9794,-0.06811195887065975
9795,-0.046754255936944385
9796,-0.0730345891357886
9797,-0.11081670362200668
9798,-0.11081670362200668
9799,-0.04204270937167431
9800,0.026392451456447055
9801,-0.08617046990872827
9802,-0.036838654215156405
9803,0.00883593123498769
9804,-0.042777621526974174
9805,-0.06833496439601963
9806,-0.07152085351444132
9807,-0.008546082927140116
9808,-0.0757153345748771
9809,-0.051608086543294955
9810,-0.07727272941376993
9811,-0.03847023591381712
9812,-0.09431270656634867
9813,-0.06270545549144352
9814,0.022381273121942796
9815,-0.08154211609385806
9816,-0.02187876592678871
9817,0.012103342004782159
9818,-0.09785424935717751
9819,-0.09785424935717751
9820,-0.049959278459100524
9821,-0.049905495385990734
9822,-0.06597553723661757
9823,-0.06681953095554388
9824,-0.0035606976152454234
9825,-0.10721586003016843
9826,-0.0366702758389497
9827,-0.055489705007068936
9828,-0.10964956894062312
9829,-0.03393595838095326
9830,-0.04381409724374144
9831,-0.04381409724374144
9832,-0.015174659386204442
9833,-0.04377336035772202
9834,-0.04377336035772202
9835,-0.06245226167494906
9836,-0.1013906572182871
9837,-0.010300372673251852
9838,-0.05667879049657577
9839,0.0030459262240040887
9840,0.005139996831192906
9841,-0.08694933670468087
9842,-0.18523606021574826
9843,-0.12058069864284915
9844,0.04368364293203297
9845,-0.03227239117845703
9846,-0.03255647593523828
9847,-0.0808285944605011
9848,-0.0752136546176214
9849,-0.09172167331186995
9850,-0.12305444117223509
9851,-0.0869188408982972
9852,-0.06706000975782236
9853,-0.06706000975782236
9854,-0.08206088582101677
9855,-0.02160711977186876
9856,-0.11132661360297263
9857,-0.03114740156081734
9858,-0.03716193722633225
9859,-0.048660271976217855
9860,-0.03820893806880717
9861,-0.12225389454805641
9862,0.018811173631743082
9863,-0.1459181583839998
9864,-0.09047176052886759
9865,-0.06541194013913275
9866,-0.06541194013913275
9867,-0.0652871203050346
9868,0.004260267646299628
9869,0.028927225189842098
9870,-0.08614515737893422
9871,-0.07483885001924169
9872,-0.15427674650064593
9873,-0.08910564541532953
9874,-0.03277422812416646
9875,-0.015964192995457708
9876,0.04757524606503324
9877,0.011224786281911037
9878,-0.049062593579002355
9879,-0.16362217441338603
9880,-0.004372459222718215
9881,-0.09891250091747462
9882,-0.16016061032431864
9883,-0.07801970572439265
9884,-0.13359301343387284
9885,-0.08769736664959576
9886,-0.08858182235616462
9887,-0.0731192467715138
9888,-0.11232574020343151
9889,-0.021898469067180164
9890,-0.1093202928068656
9891,-0.05401075507227936
9892,-0.08349798147868208
9893,-0.04801933452196915
9894,-0.031181241962910927
9895,-0.017994857215801543
9896,0.011355278949848517
9897,-0.016256570314047585
9898,-0.038267162542312674
9899,-0.06760606416307068
9900,-0.04158850782052369
9901,-0.04789751745579737
9902,0.01747425874188096
9903,-0.034586787979299406
9904,-0.06683306019403383
9905,-0.017207502832629448
9906,-0.011538899493320905
9907,-0.14521766784984408
9908,-0.1271885063546223
9909,-0.05066325316105325
9910,-0.05541879321023997
9911,-0.032397090678873225
9912,-0.02647894630977055
9913,-0.10327685630957736
9914,-0.0589245390490561
9915,-0.09132483281674783
9916,-0.03395795154644504
9917,-0.13900647253043555
9918,0.03577610148457478
9919,-0.059365959073644045
9920,-0.018823649115985323
9921,-0.07043985620141327
9922,-0.057370757788315754
9923,-0.051872450655652935
9924,0.09059542173697754
9925,-0.11327513975714792
9926,-0.07052461748778342
9927,-0.10066339949468509
9928,-0.050964719729310104
9929,-0.053494735557121836
9930,-0.0520346094070985
9931,0.058670689212452755
9932,-0.10531586549498628
9933,-0.11038570067927518
9934,-0.11038570067927518
9935,-0.048400177693534226
9936,-0.10557133970817424
9937,-0.09455066725965551
9938,-0.045221651773443325
9939,-0.1334204180416832
9940,-0.05537018950738674
9941,-0.1422286202054463
9942,5.402185045394281e-05
9943,-0.07911078676586412
9944,-0.05008720661327078
9945,-0.03122278040831673
9946,-0.0444480091453822
9947,-0.05261687586266258
9948,-0.010450883755866228
9949,-0.06816336887148282
9950,0.10107354957954802
9951,-0.06111815423389166
9952,0.05179418671212932
9953,-0.0774848564888906
9954,-0.10038783183846871
9955,-0.07794482040486211
9956,0.021260702465023807
9957,-0.07983112460325337
9958,-0.13935062834807627
9959,-0.04523498730190614
9960,-0.07782559874357163
9961,-0.08783964315771334
9962,-0.04830627286398923
9963,-0.04830627286398923
9964,-0.08929280532051177
9965,-0.11122233322432598
9966,-0.04901258847233067
9967,-0.05642880994035775
9968,-0.05743189793682561
9969,-0.09262321611699492
9970,-0.07704407242743974
9971,-0.0570926849249703
9972,-0.024654432207537873
9973,-0.002229602425091298
9974,0.0035084324851393234
9975,-0.017128488882603314
9976,-0.09587511923129952
9977,-0.12305681907977463
9978,-0.04813614316037847
9979,-0.08686210626688717
9980,-0.06821080618381216
9981,-0.2077627995319194
9982,-0.07924266074551133
9983,-0.08321898551984273
9984,-0.07542911930559819
9985,-0.10657019571305167
9986,0.10360743407499218
9987,-0.06476167776110273
9988,0.08726039185793115
9989,-0.1192218666102888
9990,-0.08552506249122736
9991,0.0900757551992541
9992,-0.07977880260179146
9993,-0.05275268216586815
9994,-0.07876004638797598
9995,-0.06285762866852498
9996,-0.055812059607459386
9997,0.008724943782411529
9998,-0.032958771958661426
9999,0.08924243816578942
10000,-0.07632441355800945
10001,-0.10053010040860587
10002,-0.09383092661380552
10003,-0.10930279885232656
10004,-0.1330927562724919
10005,-0.0960814473000121
10006,-0.0960814473000121
10007,-0.10534189934437663
10008,-0.07392859872357377
10009,-0.08278235182022126
10010,-0.07361068422702248
10011,-0.06834064322438498
10012,-0.13040365729550846
10013,-0.03071533913717855
10014,0.005730282983207239
10015,0.10445214743321163
10016,-0.07873330391901673
10017,-0.04847445683253169
10018,-0.06303244480131344
10019,-0.04308689064403502
10020,-0.0048180865490157305
10021,-0.02114125789002365
10022,-0.09557015477655711
10023,-0.02903859709644199
10024,-0.02903859709644199
10025,-0.09333526138299264
10026,0.051102128413676035
10027,-0.03160449362781524
10028,0.07070533837221625
10029,-0.0018814724845567367
10030,-0.09689368271594159
10031,-0.10193989207941685
10032,-0.08865649054426879
10033,-0.054410310645998196
10034,-0.052885618256026896
10035,-0.023912540113883815
10036,-0.03592027135693767
10037,-0.05399472899302658
10038,-0.02367748148071776
10039,-0.0793775069607327
10040,-0.0419832653816345
10041,-0.04976999199034684
10042,-0.04225207487788307
10043,-0.04225207487788307
10044,-0.03752171657287934
10045,-0.08122515994018432
10046,-0.13362408734407205
10047,0.06053579410346402
10048,-0.04319084011375877
10049,-0.07984422911540452
10050,-0.06952341920286977
10051,-0.06881691305502825
10052,0.00027403761167991324
10053,-0.07368571947496916
10054,-0.01816310257169174
10055,-0.02823512982858291
10056,-0.02823512982858291
10057,-0.015405926963739823
10058,-0.08311089752265598
10059,0.01316529715251092
10060,-0.05952955564328859
10061,-0.14445403420947278
10062,-0.10177383608363672
10063,-0.04697455622626316
10064,-0.029976801533972305
10065,0.034618240435756786
10066,-0.11303033766305218
10067,0.08435352892502702
10068,-0.02493789904105638
10069,-0.029312044022171448
10070,-0.029312044022171448
10071,0.02990986520455511
10072,-0.018599217415627957
10073,-0.09959680394582844
10074,-0.03295301047770885
10075,-0.025514778918534847
10076,-0.05313414293462353
10077,-0.04136897338732252
10078,-0.03609366909603096
10079,-0.04524037735402169
10080,-0.04874520807505155
10081,-0.033277223499467025
10082,-0.08066808737365706
10083,0.026899561750118265
10084,-0.038136954255807036
10085,-0.05146696171132222
10086,-0.05146696171132222
10087,0.04956715077198814
10088,-0.05306999809063495
10089,-0.08564924654938275
10090,-0.04667565248172323
10091,-0.052878190331658144
10092,-0.032199538150822965
10093,0.03017592886572089
10094,-0.03057567360737078
10095,-0.09295312193245943
10096,-0.09295312193245943
10097,-0.05070446058636653
10098,0.025001835432251086
10099,-0.1338852681855455
10100,-0.07122994127754254
10101,-0.01780358084773076
10102,-0.031572472245678426
10103,0.03582887691791485
10104,-0.08478993410767634
10105,-0.07691582307148817
10106,-0.1272430047260993
10107,-0.005713393113197116
10108,0.05447216941144212
10109,0.05183570236965149
10110,-0.10851484254870983
10111,-0.10851484254870983
10112,-0.051663569668400924
10113,-0.07532990403180205
10114,-0.08339065486742642
10115,-0.016722778072850154
10116,-0.015467721409604231
10117,-0.08235198709393882
10118,-0.09069140604860251
10119,0.041561510909130774
10120,-0.039320518761979215
10121,-0.15171229606795594
10122,0.04411053693793249
10123,0.01353314961538007
10124,-0.04313282390822752
10125,-0.056846387228294104
10126,-0.04445463082380665
10127,0.06733148504154995
10128,-0.14415580681658827
10129,-0.14415580681658827
10130,-0.13471326598013503
10131,-0.04085874926050668
10132,-0.0952031749661447
10133,-0.0513156132423281
10134,-0.016056848032703526
10135,0.01719760473356257
10136,0.010399299517906942
10137,-0.00674334418119437
10138,-0.11244179214911734
10139,-0.02961018230768372
10140,0.07728897384723729
10141,-0.04503004712033653
10142,-0.04731570299858843
10143,-0.05475950380641748
10144,-0.010897967046672827
10145,-0.1118438570226165
10146,0.015744522987943717
10147,0.011679201472848644
10148,-0.2145935934030914
10149,-0.04606374096546015
10150,0.01018290439348544
10151,-0.02366434639945378
10152,-0.07637992460136216
10153,-0.06750034197930843
10154,0.005886192815557757
10155,-0.1186708604988909
10156,0.012497889406729903
10157,-0.0927855416468285
10158,-0.05715595511357493
10159,-0.006136579954352711
10160,-0.14510064123231647
10161,-0.02474061492755124
10162,0.07791599947035042
10163,0.005884281954730303
10164,0.03201953855611152
10165,-0.106403129667577
10166,0.005491351866368593
10167,-0.064792717624599
10168,-0.03841090619145096
10169,-0.06781949801076075
10170,-0.06781949801076075
10171,-0.034251378576554636
10172,-0.09612197688084667
10173,-0.07400287696319602
10174,-0.07477933022205652
10175,-0.0789711815219048
10176,-0.09461651431014294
10177,0.012576221558814674
10178,0.01110430821249149
10179,-0.08177374673926738
10180,0.026228687045669632
10181,-0.05683311331659416
10182,-0.08548750005951165
10183,-0.05460121865535454
10184,-0.053372289596027724
10185,-0.07803501150158147
10186,-0.031105415021684648
10187,-0.11651016423415855
10188,-0.021784358689035874
10189,-0.08653359027249521
10190,-0.04023529927013281
10191,-0.05415465349878786
10192,-0.08849724375199562
10193,0.03259220154475349
10194,-0.06885349811642105
10195,-0.06299787059097925
10196,-0.05494871112025144
10197,-0.005603333725111552
10198,-0.07198857253325268
10199,-0.07198857253325268
10200,0.0047063206027702234
10201,-0.06261088188492661
10202,-0.07285314669499086
10203,-0.011090378221772475
10204,-0.07113765531530482
10205,-0.05090257278780829
10206,-0.05955994823255118
10207,-0.004714503291450019
10208,-0.0687116716891509
10209,-0.0687116716891509
10210,-0.08084031624610062
10211,-0.08202685318916543
10212,-0.03699303006892093
10213,-0.047212576527824145
10214,0.0004629279088888097
10215,-0.022635677096997073
10216,-0.07624086030282168
10217,-0.038320987551644016
10218,-0.08771137557286751
10219,-0.09138579997553672
10220,-0.07830076054348874
10221,-0.08651553093897502
10222,-0.07135844412343438
10223,0.002102413765085632
10224,-0.044985783878325164
10225,-0.06275400184724873
10226,-0.06993150012449934
10227,-0.10764678490593954
10228,-0.002823292431205935
10229,-0.05321984962397006
10230,-0.06380297127131339
10231,-0.09075743685457868
10232,-0.06936836305637915
10233,-0.10755386187990822
10234,-0.10462128387766952
10235,-0.07569791730373558
10236,-0.05206781016141565
10237,-0.1850766130284766
10238,-0.017320518309459562
10239,-0.10552960183138467
10240,-0.08585790102389382
10241,-0.029524668718289602
10242,-0.06177176827978451
10243,0.015566442611787345
10244,-0.0646503871834153
10245,-0.08354160692074593
10246,-0.018574294346455925
10247,-0.03044641581427184
10248,-0.09319560992504422
10249,-0.002485427311576685
10250,-0.002485427311576685
10251,-0.07277824977934112
10252,-0.18545175081857082
10253,-0.0661808194455844
10254,0.017668245665919013
10255,-0.05440263487450674
10256,-0.011586067579641028
10257,-0.0880123353320628
10258,-0.059169348474560096
10259,-0.05030960882368538
10260,-0.07390425094562864
10261,0.06813097986261062
10262,-0.027256845651340594
10263,-0.04892870202389817
10264,-0.07686201958678561
10265,-0.07686201958678561
10266,-0.07525832945252199
10267,-0.02983289451049047
10268,-0.1885722939127718
10269,-0.06374641409112289
10270,-0.1011868054730278
10271,-0.05033396947721138
10272,-0.09647774241873655
10273,0.01077024016795484
10274,-0.05759463813723608
10275,-0.054657483658960504
10276,-0.02613200893128383
10277,-0.06618226310603824
10278,-0.06618226310603824
10279,0.013976293884321301
10280,0.013976293884321301
10281,-0.03210735940154522
10282,-0.0543598344509257
10283,-0.05425023113205892
10284,-0.047214222378037976
10285,-0.11940724913938094
10286,-0.0038529914682148294
10287,-0.019530574815886628
10288,-0.0491397589533293
10289,-0.05636827087688508
10290,-0.003684380193430977
10291,-0.013003598299677902
10292,0.005544376826662822
10293,-0.06908176564343747
10294,-0.025039572585034853
10295,0.019303791982994856
10296,0.019303791982994856
10297,-0.06621634926368114
10298,-0.07130400309557082
10299,-0.038125514718873585
10300,-0.1614246959087548
10301,-0.02359679464915477
10302,-0.017278671451969485
10303,-0.04938529355245627
10304,0.03631383345166402
10305,0.0073128581156876055
10306,-0.050620363195774884
10307,-0.06042258773641129
10308,-0.17204802850320713
10309,-0.1616627239797702
10310,-0.0240843778936994
10311,-0.0240843778936994
10312,-0.06652459237908334
10313,-0.029847556183477425
10314,-0.035174487697185064
10315,-0.09245910677515998
10316,0.004959245795295893
10317,0.009502332610447884
10318,-0.08948912622704058
10319,-0.05684896093181359
10320,-0.08169533565679533
10321,-0.02843216444232894
10322,-0.05612930077060057
10323,0.0063022271329683
10324,0.007753173282994368
10325,-0.013299701574970584
10326,-0.013299701574970584
10327,-0.15211558336654812
10328,-0.005848999940913543
10329,-0.08159185638403177
10330,-0.06298844697531268
10331,0.00832342188220763
10332,0.00832342188220763
10333,-0.12098364749892641
10334,-0.06755884038396141
10335,0.004840763538480302
10336,0.05031550145249403
10337,-0.051357270039252605
10338,-0.054135106196473784
10339,-0.13320567821523563
10340,0.017551563333033943
10341,-0.02720541826343061
10342,0.017551563333033943
10343,-0.09458975744067641
10344,-0.09079586133804336
10345,-0.04772021954235905
10346,-0.00807472839433661
10347,-0.07633940034604614
10348,-0.03506329844193165
10349,-0.0721461090038809
10350,-0.014147601646037256
10351,-0.09106695328185693
10352,-0.03641815795094711
10353,-0.07087840920337667
10354,0.021558440948701046
10355,0.009385611691100165
10356,0.022542911880354878
10357,0.027678674300041412
10358,0.027678674300041412
10359,-0.08356690943657306
10360,-0.13271884383716753
10361,-0.04724865520903385
10362,-0.05084533090989633
10363,-0.06137676955004622
10364,-0.022244912344212178
10365,-0.004924139527024097
10366,0.0026227094539920262
10367,-0.021645964813573663
10368,0.004421232008286841
10369,-0.0885472647436153
10370,-0.0885472647436153
10371,0.03395477994617595
10372,0.027900867830228937
10373,0.009965426210004335
10374,-0.03205180591601138
10375,-0.065425352500693
10376,-0.05403732226017803
10377,-0.003207686621073351
10378,-0.09193890184532467
10379,-0.009939606085085515
10380,-0.0012581755754162553
10381,-0.03352266415164403
10382,-0.009861380996747507
10383,-0.05256697861268008
10384,0.05530037335026521
10385,-0.0649929146808894
10386,-0.002318480478802604
10387,-0.031359552948037564
10388,0.025071655865449054
10389,0.0005896928824872349
10390,0.005512983879259605
10391,0.016463859563483178
10392,-0.011430304631283377
10393,-0.011430304631283377
10394,-0.06207138711980727
10395,-0.08016308800974051
10396,-0.017068688621193102
10397,-0.013674139760834635
10398,-0.05255094326771534
10399,0.006477675070709947
10400,-0.06527977053633834
10401,-0.05533539673630567
10402,-0.10585714629748781
10403,-0.03610039063337608
10404,-0.015084374354725845
10405,-0.03997618957489906
10406,-0.061826720821943786
10407,-0.11756689940666208
10408,0.0024445287389843313
10409,-0.00087748784401774
10410,-0.11052245946572217
10411,0.033117187291667335
10412,-0.005396193913579792
10413,-0.09500053890032577
10414,0.02347749418618969
10415,0.02347749418618969
10416,-0.039313350574493346
10417,-0.014330281381645939
10418,-0.07792640027637272
10419,-0.041410985147265725
10420,0.006562191532126334
10421,-0.04560095788753308
10422,-0.13317462689060777
10423,0.03827901548819402
10424,0.019302092841325887
10425,-0.03414806186643648
10426,-0.09848183594371641
10427,0.02098772174680055
10428,-0.09463990796841813
10429,-0.03399681073537396
10430,-0.03285861356208468
10431,0.016592794317132807
10432,-0.004977617201588068
10433,-0.18728274400317602
10434,-0.052184849554007616
10435,-0.11486010990892219
10436,-0.0024207136063061703
10437,0.011281473697557257
10438,-0.028178598458743275
10439,-0.012870358071985992
10440,0.014723749816071963
10441,0.018122831824016895
10442,-0.08348711003213811
10443,-0.06389933815571566
10444,-0.021024076278748787
10445,0.010612700805968451
10446,-0.12125901275057756
10447,-0.02289055491597957
10448,-0.11644611892971947
10449,-0.00020010256717959026
10450,0.02136720234242905
10451,0.02136720234242905
10452,-0.24359493725999032
10453,-0.10141679031964214
10454,-0.0856304277651478
10455,-0.03270513445670278
10456,-0.24708347637374767
10457,-0.05828405480881562
10458,-0.05445454891425784
10459,-0.09599485538433068
10460,-0.2129494734034108
10461,-0.1585015692061732
10462,-0.2245894700713291
10463,-0.2282508760218912
10464,-0.059114308761147795
10465,-0.19392729484926532
10466,-0.23793405996301675
10467,-0.09646784443673918
10468,-0.17326261071896745
10469,-0.23812792518132775
10470,-0.07962792499772386
10471,-0.16645866408282278
10472,-0.018942988574924175
10473,-0.13213738531534705
10474,-0.1531658282271352
10475,-0.04071989761296253
10476,-0.18676823982145319
10477,-0.030085727879412827
10478,-0.17800762688457517
10479,-0.11279360637363124
10480,-0.1629906380131247
10481,-0.111312712480836
10482,-0.027766749331896847
10483,-0.11994991870979291
10484,-0.06721871014192027
10485,-0.07953348375672215
10486,-0.032615338320881204
10487,-0.025542279302253355
10488,-0.11505700445926409
10489,-0.13971698872489166
10490,-0.1222026815827337
10491,-0.02694383472578691
10492,-0.031821635215375475
10493,-0.12733875813324377
10494,-0.15414515092259215
10495,-0.05297243847846881
10496,-0.12217795500570917
10497,-0.06868194533074098
10498,-0.15656420147846062
10499,-0.14286158722187778
10500,-0.0947953728054275
10501,-0.11395934197689976
10502,-0.06733560436465269
10503,-0.0384426225964419
10504,-0.07509680492493977
10505,-0.04096419840548322
10506,-0.10559369035132346
10507,-0.03153804123344335
10508,-0.06696726386714608
10509,-0.13645201485305017
10510,-0.03820229740354627
10511,-0.07717382879381045
10512,-0.13753242259262732
10513,-0.06056127202349932
10514,-0.0713705676158772
10515,-0.035308093558949746
10516,-0.06165769681162276
10517,-0.07098295603521913
10518,-0.050313719445303176
10519,-0.12838308473228463
10520,-0.0313713786896866
10521,-0.09800679996367768
10522,-0.03225536749155637
10523,-0.08042762769990851
10524,-0.1346544920056504
10525,-0.15849666830148276
10526,-0.1317747667475189
10527,-0.13068354540137203
10528,-0.06505984165660748
10529,-0.0956100031088535
10530,-0.15440314380158937
10531,-0.09412858992656849
10532,-0.03778493838467442
10533,-0.11971420519340588
10534,-0.08419362028373555
10535,-0.014869316469826912
10536,-0.029827298031861686
10537,-0.12407165367185577
10538,-0.1482423920335443
10539,0.006851235929789688
10540,-0.11590668600918334
10541,-0.11590668600918334
10542,-0.021103303379973567
10543,-0.0642954505243204
10544,-0.04693480904250639
10545,-0.16368008086015465
10546,-0.09778607801110917
10547,-0.024569549977361785
10548,-0.16350018556512078
10549,-0.11261182903969362
10550,-0.06086733966979442
10551,0.003805240104531805
10552,-0.017706236128796536
10553,0.03726797680312011
10554,-0.08479321419372227
10555,-0.07384134999146254
10556,-0.16975144977404577
10557,-0.16975144977404577
10558,0.0888311685969202
10559,-0.0798293394713623
10560,-0.08336659824024227
10561,-0.16864557683439516
10562,-0.13440668825483792
10563,-0.09219571776781142
10564,-0.0616802069543785
10565,-0.17074462427719309
10566,-0.16965544937425767
10567,-0.09362830677887193
10568,0.023199944243362594
10569,-0.16905119551168504
10570,0.06443180910631958
10571,-0.08518423765766475
10572,-0.1340629661193598
10573,-0.169530310895267
10574,-0.11398930770934135
10575,-0.012678008621810915
10576,-0.17009863941369843
10577,-0.17009863941369843
10578,-0.14479482055886816
10579,-0.07783539439078013
10580,-0.07783539439078013
10581,-0.0719067886283954
10582,-0.08441563388368341
10583,-0.12032526181199148
10584,-0.13274360268644142
10585,-0.07904117520072497
10586,-0.028059799508762882
10587,-0.13277084074937906
10588,-0.032123206327842775
10589,-0.09205615534600109
10590,-0.1297905362565246
10591,-0.0607505963520318
10592,-0.06890017945323228
10593,-0.039650107320906035
10594,-0.1681549327731305
10595,-0.1681549327731305
10596,-0.0871450190086101
10597,-0.1859156898546415
10598,-0.15807259400629955
10599,-0.0749420523166941
10600,-0.13224374320402776
10601,-0.06109494834992205
10602,-0.15457165092652997
10603,-0.02394879691486383
10604,-0.13335308370849103
10605,-0.02824512490731746
10606,-0.11450030748249192
10607,-0.07365083563765343
10608,-0.11022295199637447
10609,-0.02628964212729141
10610,-0.018773271497117123
10611,-0.07701058018108442
10612,-0.07039617158681481
10613,-0.10207964817368115
10614,-0.17421254913612666
10615,-0.08562422780176968
10616,-0.07304136773806343
10617,-0.05343759629669059
10618,-0.10951922811776506
10619,-0.007058942960629226
10620,-0.11291677588037352
10621,-0.11291677588037352
10622,-0.0040239585230256985
10623,-0.05727554436061753
10624,-0.040363040247351274
10625,-0.11107253665439268
10626,-0.07406457023512082
10627,-0.08928251830116085
10628,-0.11849435801507383
10629,-0.1392546109213184
10630,-0.014520863369997649
10631,-0.07705023084623581
10632,-0.12147457760887873
10633,-0.02368300773384529
10634,-0.18870209421338308
10635,-0.046780000919839956
10636,-0.09740160387368024
10637,-0.20358646173659883
10638,-0.06921712590102189
10639,-0.08346923287306554
10640,-0.1309587896623307
10641,-0.1309587896623307
10642,-0.0422124274490418
10643,-0.04536421587776103
10644,-0.08211994277458454
10645,-0.01499277885606835
10646,-0.043915941704991565
10647,-0.2008619102428133
10648,-0.06453491938447051
10649,-0.07106934531455163
10650,-0.02245936744162365
10651,-0.044717165199920694
10652,-0.048244153846649845
10653,-0.0003273359934818549
10654,-0.0799895023137368
10655,-0.07750415688806347
10656,-0.06890712794332562
10657,-0.05485664406396819
10658,-0.07276265737462
10659,-0.06213295122555568
10660,-0.18397948409214954
10661,-0.11559882051122639
10662,-0.11559882051122639
10663,-0.007366223124938779
10664,-0.1064742277040896
10665,-0.1283805285619464
10666,-0.17676416035442372
10667,-0.062126459695749425
10668,-0.012236084116832396
10669,-0.0462528409287559
10670,-0.07116601341272576
10671,-0.07249300331925695
10672,-0.1683456736243877
10673,-0.09687293915781478
10674,-0.042992231454413
10675,-0.022561297362315328
10676,-0.14746219209752187
10677,-0.21657795214338335
10678,-0.2145392946857623
10679,-0.17967484993559343
10680,-0.13305311465169078
10681,-0.13305311465169078
10682,-0.08403681061174026
10683,-0.17081590545179176
10684,-0.07034412725278427
10685,0.02161005149527644
10686,-0.004490900616125458
10687,-0.03312076156049685
10688,-0.04401379713004877
10689,-0.07727509563953605
10690,-0.17431819555759845
10691,-0.08603879607211884
10692,-0.11474369429118077
10693,0.010161252615434907
10694,-0.08179463110040093
10695,-0.031956878123858584
10696,-0.06816930484866876
10697,-0.06816930484866876
10698,-0.11873869249473362
10699,-0.07066612934822158
10700,-0.08024134918543095
10701,-0.10229318364123885
10702,-0.077460713360851
10703,-0.19556835766561415
10704,-0.10401988028229674
10705,0.04692367670781465
10706,-0.03858697197316448
10707,-0.024470117218731508
10708,-0.08205407728500018
10709,-0.01322975458194409
10710,-0.1395884882563284
10711,-0.15794719260475357
10712,-0.15734243077222695
10713,-0.13798760562595863
10714,-0.04993808361458207
10715,-0.015261813197835369
10716,-0.05949021313281506
10717,-0.13958002385550172
10718,-0.13958002385550172
10719,-0.0786477901251418
10720,-0.15165217100163955
10721,-0.06739645451630244
10722,-0.12818773752995513
10723,-0.06234082115925359
10724,-0.17366621437652754
10725,-0.17366621437652754
10726,-0.02217316276605439
10727,-0.13419163290616096
10728,-0.20402360790982374
10729,-0.0668558471607925
10730,0.0015461515970649432
10731,-0.05167260855651728
10732,-0.004764371968436862
10733,-0.05401225534720525
10734,-0.03105091728377026
10735,-0.041152782121577185
10736,-0.09338655551636123
10737,-0.13388607313929157
10738,-0.016141959465843146
10739,-0.06804114305795099
10740,-0.1246809851222848
10741,-0.13158880606963153
10742,-0.1246809851222848
10743,-0.09382373237436338
10744,-0.15033144629042142
10745,-0.053837209636926335
10746,0.024891063308733412
10747,-0.15110225020024534
10748,-0.0310261079487512
10749,-0.199163373482591
10750,-0.0025437366407157352
10751,-0.05927618123189865
10752,-0.0590740380007152
10753,-0.11812184188013106
10754,-0.03108319381476065
10755,-0.17372422414321384
10756,-0.059584316554213736
10757,-0.11277751468922508
10758,-0.06282162656858752
10759,-0.1387935724693978
10760,0.06068712885720086
10761,0.027113547877292494
10762,-0.03112910979004201
10763,-0.0902261146454715
10764,-0.13416051013701488
10765,-0.06286786303722214
10766,-0.11921312598618027
10767,-0.06378142076430608
10768,0.05349841292784733
10769,-0.09322213516292906
10770,-0.05784637706756232
10771,-0.0038557610338342094
10772,-0.08770631696214826
10773,-0.13905403790427912
10774,-0.1074929222661311
10775,0.06208852493827429
10776,0.02237983582749364
10777,-0.05731343102743442
10778,-0.12678701349319582
10779,-0.17946248417857652
10780,-0.12369412863398997
10781,-0.12726584942794555
10782,-0.10599718357158071
10783,-0.011480936797379722
10784,0.0009388838851840105
10785,-0.18845266142318498
10786,-0.03418099811465515
10787,0.039104825914634225
10788,0.002519360170381637
10789,-0.18646062164404828
10790,-0.18476523506590797
10791,-0.048943185352181076
10792,-0.19664698683067824
10793,-0.059322377483625205
10794,-0.0052347248218744214
10795,-0.05410041719640044
10796,0.02370008183981223
10797,-0.19497252629946787
10798,-0.07216177022086526
10799,-0.03721559540230983
10800,-0.15265355917647694
10801,-0.12304619371038945
10802,-0.14913710024178536
10803,-0.18214254433373586
10804,-0.1362372053736704
10805,-0.13846426197040237
10806,0.00490779850106267
10807,-0.14244584676784422
10808,-0.14244584676784422
10809,-0.1563149096128615
10810,-0.10234238036125753
10811,-0.1731436650143458
10812,-0.15249020365970178
10813,-0.1325803501012043
10814,-0.12225168389618425
10815,-0.05839557767529718
10816,-0.058433530086320844
10817,-0.12483248018175618
10818,-0.07638238717819149
10819,-0.0483303114650393
10820,0.02562686609204551
10821,-0.15193869080623498
10822,-0.050778634320845804
10823,-0.03175042464653332
10824,-0.0945411454818098
10825,-0.04393329045580513
10826,-0.09346578093022666
10827,-0.034815407169333595
10828,0.06865259967426664
10829,-0.1513244129453844
10830,-0.21269301323792375
10831,-0.08270313275556057
10832,-0.1438774220632967
10833,-0.13505623518771814
10834,-0.06424615898826655
10835,-0.06773791039170735
10836,-0.05285158348886458
10837,-0.1467534862741949
10838,0.007095960956462496
10839,-0.03208883046484362
10840,-0.040679535713398995
10841,-0.027086429004092156
10842,-0.0031788928229098275
10843,-0.16468329260571743
10844,-0.2177654676578903
10845,-0.04835613258059669
10846,-0.08213353543463156
10847,-0.04589988976956225
10848,-0.03380047360929775
10849,-0.10453700142144118
10850,-0.03616698645377568
10851,0.0028472404277476745
10852,-0.05395161788668196
10853,-0.002235941730773191
10854,0.0010758907802768374
10855,-0.09001412979574462
10856,0.004538437922899488
10857,-0.07899352592848612
10858,-0.08296141640009592
10859,-0.0037065330647072375
10860,-0.2177792610446642
10861,-0.08394474332826869
10862,-0.02854898844447901
10863,0.021488145847102933
10864,-0.15450909324828702
10865,-0.06284863609654247
10866,-0.10874957433564403
10867,-0.02410823597628358
10868,-0.04230757585377374
10869,-0.010794501033354935
10870,-0.12644169649189382
10871,-0.13896357282193375
10872,-0.03107809667184404
10873,-0.11892908554587543
10874,0.01785851121843061
10875,-0.10188411329705559
10876,-0.15420334228799237
10877,-0.15355812385582862
10878,0.00609487111745547
10879,-0.12346113984294237
10880,0.11340524657323392
10881,-0.11412317915587758
10882,-0.06639969724634935
10883,-0.012903709829392127
10884,0.011504048668941133
10885,-0.044039977990081414
10886,-0.03664613759507451
10887,-0.010406688440805771
10888,0.007616281682897096
10889,-0.008852343385916046
10890,-0.08418744460264597
10891,-0.016407975525212223
10892,-0.0012507252126017579
10893,0.07378198388301978
10894,-0.07497409606034501
10895,0.002078927738559131
10896,-0.13091771347097905
10897,-0.04867887291296825
10898,-0.12168372245880683
10899,-0.033017273269230166
10900,-0.03739062456208174
10901,0.02393332568332843
10902,-0.057535503785012085
10903,-0.057535503785012085
10904,-0.051092923256783336
10905,-0.10375609458901712
10906,-0.024497833934132837
10907,-0.011851797412352042
10908,-0.15956015011934718
10909,-0.06092064411399353
10910,0.0016589511025512241
10911,-0.03570836075352456
10912,-0.02466507578717078
10913,-0.05780646683096577
10914,-0.06379405197380157
10915,-0.012981307293810957
10916,-0.012981307293810957
10917,-0.0778602091763638
10918,-0.029310986623733222
10919,-0.11726485462627015
10920,-0.025728011235654887
10921,-0.016664016410102046
10922,-0.04547668808143477
10923,-0.03751478747042704
10924,-0.00834259842871749
10925,-0.12958337662864566
10926,-0.11460465579214715
10927,-0.1402356140098799
10928,-0.04797279381037238
10929,-0.15035426840795627
10930,0.055889676230721524
10931,-0.045385045719770034
10932,-0.014166046814217638
10933,-0.025236882677522558
10934,-0.028864517035848553
10935,-0.051062045709642345
10936,0.004074754431389345
10937,-0.12686344776390832
10938,-0.06740314393455361
10939,-0.06740314393455361
10940,-0.12121951976373083
10941,-0.018742249042755836
10942,-0.04957169651620983
10943,-0.005281887431816852
10944,0.01477626208809434
10945,-0.029982693064977094
10946,-0.11077598662312836
10947,-0.1313827411362524
10948,-0.10316801549478768
10949,-0.05572072989891609
10950,-0.03922713264414089
10951,-0.04959214610228865
10952,-0.02959985022185128
10953,0.0019529620978246624
10954,-0.04623045525717584
10955,-0.10330700471939255
10956,-0.002277137559130387
10957,-0.045656060414582214
10958,-0.11876171335467607
10959,-0.1165399330087745
10960,-0.007430011111487137
10961,0.05907122922463145
10962,-0.018004934390791157
10963,-0.031883508450668334
10964,-0.05473642799025125
10965,-0.08100532237970202
10966,-0.08100532237970202
10967,-0.04209275064371657
10968,-0.08049570759539759
10969,-0.049909249694987744
10970,-0.04659726154878252
10971,-0.013357407256954853
10972,-0.12345819670624608
10973,-0.10097889865330359
10974,-0.018183374049141148
10975,-0.029301649597135167
10976,-0.05947741447961622
10977,-0.027847666071512883
10978,-0.08400976523698023
10979,-0.07137795656338419
10980,-0.02392520546429176
10981,-0.05522142921172568
10982,0.03983196902130928
10983,-0.08873751640696097
10984,-0.12343924955682158
10985,-0.06243811982814638
10986,-0.06243811982814638
10987,-0.049459659384792354
10988,-0.13666967186085702
10989,-0.05143770230053853
10990,-0.12039662967627392
10991,-0.09229937310581839
10992,-0.08249695436618153
10993,-0.09225657241090988
10994,-0.10512219878523768
10995,-0.0917644355635185
10996,-0.0013751906071951987
10997,-0.03166362079650418
10998,-0.04225325060690128
10999,-0.06523064772462983
11000,0.009164640865812477
11001,-0.1723907103637896
11002,-0.03815484927577861
11003,-0.05302400760868482
11004,-0.05528181224482695
11005,-0.08350083900637299
11006,0.012609307776396274
11007,-0.08902996815571501
11008,-0.0890527469190061
11009,-0.047757535995415046
11010,-0.09079777120275886
11011,-0.09079777120275886
11012,0.0011553308571503112
11013,0.049904777800564765
11014,-0.03666985390056441
11015,-0.05428509546056204
11016,0.0018276614098013796
11017,-0.057672800992042444
11018,-0.08339054245465798
11019,-0.007139215756599836
11020,-0.15918513921775376
11021,-0.01133119473076926
11022,-0.01133119473076926
11023,-0.06455335688500215
11024,-0.1600602923118173
11025,-0.08075660802003694
11026,-0.06111072700923469
11027,-0.057071776647376865
11028,-0.012780185921717114
11029,-0.06533411771837187
11030,-0.08229959658489934
11031,-0.003877989298567586
11032,-0.10814153064019338
11033,-0.08201671613736763
11034,-0.0031657129830537944
11035,-0.09892038999756018
11036,-0.0786174860564886
11037,0.036421693597608315
11038,-0.14902803402984177
11039,-0.06645271601298511
11040,-0.018230946886194158
11041,-0.06501230749188094
11042,-0.012973619320067666
11043,-0.012973619320067666
11044,0.001324291391871645
11045,-0.06300339791149094
11046,-0.13555414442931418
11047,0.002409149144744484
11048,-0.05913975789188336
11049,-0.015968618147142774
11050,-0.10453504262882729
11051,-0.07081279792022167
11052,-0.03151231154326833
11053,-0.0003289513594874669
11054,-0.021907700134915012
11055,-0.07379100801069276
11056,-0.08299964527667104
11057,-0.10361493858023096
11058,0.010568070519930018
11059,0.027222922844948382
11060,-0.13410719107327748
11061,0.005767911540771414
11062,-0.07741651259804327
11063,-0.15508826766806702
11064,-0.152708782672729
11065,-0.014712717376340449
11066,-0.014712717376340449
11067,-0.14294389680126082
11068,-0.09786864841479917
11069,-0.0041266973499333335
11070,-0.09317404743002333
11071,0.030879329564610494
11072,-0.049338073248739206
11073,-0.025714421506897123
11074,-0.020510051656218355
11075,-0.07362022764441865
11076,-0.14057279637024642
11077,-0.03110729916988915
11078,-0.06812069399567168
11079,-0.04796331239288804
11080,0.020098420944007565
11081,-0.14369975335194562
11082,-0.03917116410667737
11083,-0.02139405818218202
11084,-0.0595696425259831
11085,-0.006586182484749836
11086,-0.006586182484749836
11087,-0.04092149970784594
11088,-0.06699739269681555
11089,0.002594657749753092
11090,0.01742043426220098
11091,-0.05250933290663629
11092,-0.009807659667398856
11093,-0.08730229090760028
11094,-0.08730229090760028
11095,-0.07377721869122075
11096,-0.11995101337915759
11097,0.0255800155964577
11098,-0.052789248210915206
11099,-0.05647722493249424
11100,-0.0729667075134224
11101,-0.027340448375201044
11102,-0.041040618122371406
11103,-0.04132925394880341
11104,-0.1250701407241464
11105,-0.033774294934309605
11106,0.08514031839045119
11107,-0.023676936549167846
11108,-0.07318233076546574
11109,-0.12064984270422546
11110,-0.007672190557874785
11111,0.02081320247672525
11112,-0.019287071425379363
11113,-0.06757030758328056
11114,0.027079478252192337
11115,-0.03527490353334301
11116,-0.09632072033388565
11117,-0.029371868708410357
11118,-0.03638681696562515
11119,-0.05945151199225683
11120,-0.00636035849525246
11121,0.031978254501739724
11122,0.030759915494767087
11123,-0.021860127999868684
11124,-0.03398354456043627
11125,-0.1095866510914987
11126,-0.03779491598046307
11127,0.013127822116083956
11128,0.04366386463734105
11129,-0.11351344158680278
11130,-0.05437324921501242
11131,-0.0806565128441241
11132,-0.04171304070114464
11133,-0.0909842688652738
11134,-0.0811967285830519
11135,-0.045245324455658174
11136,0.021444966204110034
11137,-0.11617001987962154
11138,-0.05052975396219237
11139,-0.07524569134059154
11140,-0.09475901028534775
11141,-0.041374864949630406
11142,-0.06130968262912726
11143,-0.001954446516535324
11144,0.003826949173409319
11145,-0.03378332909587531
11146,0.06172737074209047
11147,-0.004129521632409193
11148,-0.13539922968189566
11149,-0.10773122140245223
11150,-0.06438300684039397
11151,-0.033186836145840906
11152,-0.18621512049986347
11153,-0.01981537338241874
11154,-0.034775792671791324
11155,-0.018919867921353535
11156,-0.008441321145319498
11157,-0.13184968632774374
11158,-0.028990700841371377
11159,-0.061251282338677236
11160,0.002927441736951022
11161,-0.043706897525501755
11162,-0.0053476062181684
11163,-0.051444672269285105
11164,0.001043260485016946
11165,-0.1138973938321918
11166,-0.016313343140163836
11167,0.0011308801440402493
11168,-0.010916622067616327
11169,-0.05109699519569498
11170,-0.003253483122790134
11171,0.0061453556449306895
11172,-0.06444635752708833
11173,-0.014765900670867808
11174,-0.018152534010452893
11175,-0.00023090403134761847
11176,-0.045193855064636954
11177,-0.01401445856263828
11178,-0.012473888640418448
11179,-0.02376813442121394
11180,-0.0339524385888561
11181,-0.10059145542522331
11182,-0.018293320456029227
11183,0.006467963679792017
11184,-0.012287158272854102
11185,0.001346701484872948
11186,-0.061868950500478234
11187,-0.020378739368423833
11188,-0.009766244983300178
11189,-0.12171516769394362
11190,-0.00683441301131052
11191,-0.12328756204405063
11192,-0.026051755179887556
11193,-0.03343956839504394
11194,-0.04229673078784424
11195,-0.13896223545059724
11196,-0.18685820111554988
11197,0.08229450787186741
11198,-0.12459580489154712
11199,-0.04463919151062742
11200,-0.17812565179599685
11201,-0.00313839880546469
11202,-0.049578420011905724
11203,-0.010720177470153011
11204,-0.06424971158274494
11205,-0.057681389217263804
11206,0.024896999200698457
11207,0.012814060627889593
11208,-0.1862061895821556
11209,-0.0027831312848553193
11210,-0.16351326807311703
11211,-0.04583575775330855
11212,-0.0755189854070836
11213,-0.076196135007536
11214,-0.1631234395980089
11215,-0.12133842585812275
11216,-0.057894526384001464
11217,-0.02439126309595476
11218,-0.08380903892063944
11219,-0.04254798332617826
11220,-0.09480297587012286
11221,0.036731280997192695
11222,-0.14398055950536873
11223,-0.11241143045938347
11224,-0.041475243868090234
11225,0.038658447240866874
11226,-0.09861095109599818
11227,-0.1423155840885678
11228,-0.0641258802839702
11229,-0.05242457335283419
11230,-0.15768449149562505
11231,-0.07595702018893773
11232,0.01268133095028821
11233,-0.07833626570354534
11234,-0.09250457340449117
11235,-0.16214480838789108
11236,-0.09452856155422518
11237,-0.011513677304593661
11238,-0.023191597011081443
11239,-0.08121740497596618
11240,-0.039142139926892396
11241,0.014124986863369755
11242,-0.10667439895111686
11243,0.0015080254642740284
11244,-0.0012583967701613101
11245,-0.07955262783217931
11246,-0.10882834850557638
11247,-0.07543163061493179
11248,-0.09310112901362032
11249,-0.08003239562948017
11250,-0.0030099568003250426
11251,-0.020715374367659408
11252,0.023374041724576564
11253,-0.047823543106642365
11254,-0.0773377400428662
11255,-0.11098196543745084
11256,-0.013203443421501176
11257,-0.08013525071381648
11258,-0.06944182082154302
11259,-0.15599925730217365
11260,-0.10564995831936476
11261,-0.03644931234482141
11262,-0.10628369997044206
11263,-0.10819743907966285
11264,-0.024510827470575817
11265,-0.07765265850745638
11266,-0.09729215682262414
11267,-0.10305368471219743
11268,-0.0011511294655670572
11269,-0.09521680048889884
11270,-0.08194714228991302
11271,-0.08264334777299763
11272,-0.08841518450767548
11273,-0.07500421570238057
11274,-0.08034822888208695
11275,-0.019760159886861566
11276,-0.14825883500170942
11277,-0.04016912120045535
11278,-0.14825883500170942
11279,-0.0993750745663977
11280,-0.06821011019688497
11281,-0.1433379588203305
11282,-0.11223136182656002
11283,-0.09762581844581805
11284,-0.10321485162392843
11285,-0.057533162350992276
11286,-0.07815080459604189
11287,-0.07750365594118114
11288,-0.06688524234419005
11289,-0.05256361664015838
11290,-0.0777811775168587
11291,-0.07021170620487366
11292,-0.06367106082564122
11293,0.003127606346510307
11294,-0.02415402502011698
11295,-0.15251520050553594
11296,0.025870417444940896
11297,-0.06364279176791975
11298,-0.01795034876956041
11299,-0.017921191755604065
11300,-0.2082909128079479
11301,-0.14895139460257162
11302,-0.027963133992027482
11303,-0.07065694573340886
11304,-0.08445086397802493
11305,-0.11698893388274445
11306,-0.035288650646226306
11307,-0.025757937411444547
11308,-0.09196436099856091
11309,-0.09283199906610477
11310,-0.03797517201202457
11311,-0.0947301160657859
11312,-0.0822334190783103
11313,-0.06718224771954115
11314,-0.07333047241545237
11315,-0.043977593375854065
11316,-0.07719619220380144
11317,-0.10254071132265627
11318,0.01641061396576928
11319,0.024001480995308227
11320,0.06553832108848835
11321,0.06553832108848835
11322,-0.04802601524782997
11323,-0.0965447699924814
11324,-0.06790222653626324
11325,-0.10268449222751083
11326,-0.10268449222751083
11327,-0.08683287306742038
11328,-0.1585728991521349
11329,-0.06904884389211169
11330,-0.04954311598933428
11331,-0.07181569291598398
11332,-0.08459206852830982
11333,-0.010436104157570488
11334,-0.09621081361012047
11335,-0.11256316287504166
11336,-0.08279572266589522
11337,-0.04810181736691527
11338,-0.08841045738395387
11339,0.0507724684411793
11340,-0.05063330322683612
11341,-0.044875798822277824
11342,-0.06652312061743337
11343,-0.10294367854057478
11344,-0.05204228221001181
11345,-0.09560848494073852
11346,0.06440214544718488
11347,-0.054985813296327735
11348,0.02251259021857563
11349,-0.13569865421769686
11350,-0.09425565983261817
11351,-0.04695059907494863
11352,-0.16128149413942156
11353,-0.07737182842959264
11354,-0.06297516560260712
11355,-0.12295587170569972
11356,-0.08609333437586016
11357,-0.09469669418709947
11358,-0.04134023341937483
11359,-0.08706585704166507
11360,0.05201250794142038
11361,-0.204322132072573
11362,-0.02079447075179505
11363,-0.04518027130873337
11364,-0.07427541047857901
11365,-0.06816905438217873
11366,-0.10074574800921507
11367,-0.08452297749905399
11368,-0.16952767962714066
11369,-0.16952767962714066
11370,-0.09405196812209166
11371,-0.04453751916853229
11372,-0.10758814546926712
11373,-0.0530946555232074
11374,-0.08591042664175612
11375,-0.1964781945128066
11376,-0.044262412889837406
11377,-0.05495337088009011
11378,-0.07070602052327682
11379,-0.0826069270698211
11380,-0.07149402306948925
11381,-0.09024749190679317
11382,0.025922757795295428
11383,0.06577836761077022
11384,-0.025058910492702896
11385,-0.12173321758173013
11386,-0.018286193217142133
11387,-0.04290165816163184
11388,-0.07338877252434133
11389,-0.13211928533210954
11390,-0.010899641599766065
11391,-0.09235179535769573
11392,-0.11832974254709855
11393,-0.051363880307248595
11394,-0.11101014864059164
11395,-0.1307820332833607
11396,-0.05063809400917932
11397,-0.07994710705048597
11398,-0.09597085344149171
11399,-0.068262926335394
11400,-0.050551013436046975
11401,-0.1003131886861728
11402,-0.047907740976198016
11403,-0.05058886963281168
11404,-0.09778087739009668
11405,-0.12532710995334292
11406,-0.12779166413916962
11407,-0.037816987055306506
11408,-0.08296636114502817
11409,-0.12679405350379708
11410,0.0444225838296923
11411,-0.09917008636199517
11412,-0.11864416071004374
11413,-0.03813885178132422
11414,0.009742804549165781
11415,-0.061776586034956234
11416,-0.14938232765963205
11417,-0.14938232765963205
11418,-0.04081795908371337
11419,-0.09098365882931558
11420,-0.18525124088242317
11421,-0.11470176941878893
11422,-0.11470176941878893
11423,-0.1274278911827982
11424,-0.008639537897590284
11425,-0.11845072124652466
11426,-0.13760859455053367
11427,-0.06238625225018883
11428,-0.0591222154359171
11429,-0.06854628670478836
11430,-0.07530146350524278
11431,-0.0862989356561807
11432,-0.0021987210134527917
11433,-0.09384917662914874
11434,-0.11165538197117027
11435,-0.026104547600983144
11436,-0.037338809223392215
11437,-0.03820638040752838
11438,0.024387872350792768
11439,-0.10716487628587515
11440,-0.10661962434569287
11441,-0.20025162128699567
11442,-0.14211354037078947
11443,-0.10296658470899167
11444,-0.1290261954333679
11445,-0.14387509379977156
11446,-0.04251895057772453
11447,-0.08036804693788878
11448,-0.10535916411578028
11449,-0.054050294365664844
11450,0.0051033167559602025
11451,-0.10499148532081126
11452,-0.03611584691235614
11453,-0.062335436028149505
11454,0.0018460535010760089
11455,0.040581442884348506
11456,-0.11676002470312695
11457,-0.039419220010653566
11458,-0.039419220010653566
11459,-0.10701818797321767
11460,-0.04609283036993851
11461,-0.056014627395760734
11462,-0.1550378487731425
11463,-0.01353217352172977
11464,-0.05646694038712747
11465,-0.15596106317368086
11466,-0.03294949094799083
11467,-0.10623640154374975
11468,-0.047373006235602796
11469,-0.13357768194775274
11470,-0.12598614124294277
11471,-0.037352587979007326
11472,-0.15054541619377892
11473,-0.06353109832574731
11474,-0.15054541619377892
11475,-0.024483159996806354
11476,-0.07805470032127745
11477,-0.026106408667993564
11478,-0.14536020409448167
11479,-0.0003015625990862049
11480,-0.12828524173486563
11481,-0.1557520217142681
11482,-0.06431936320433258
11483,-0.03863611706460332
11484,-0.11271255137047165
11485,-0.0823352267932748
11486,-0.06126397990171072
11487,-0.051618357359266766
11488,-0.0604242110427689
11489,-0.13636658276753832
11490,-0.035290025183921256
11491,-0.12155751178663379
11492,-0.1447446701184079
11493,-0.03065865165871105
11494,-0.12609994891867018
11495,-0.05432625411718242
11496,-0.16653727418469283
11497,-0.12986500429399106
11498,-0.034242371321490536
11499,-0.03744780338682794
11500,-0.11384032400999043
11501,-0.020167199091022624
11502,-0.03435711164704745
11503,-0.021602814611614198
11504,-0.05225217874981987
11505,-0.07771311467185169
11506,-0.07660989683045057
11507,-0.1059887054758078
11508,-0.015186742499908744
11509,-0.04207304992013983
11510,-0.07432916108729141
11511,-0.1056241790466647
11512,-0.02754935260538928
11513,-0.08617975777900504
11514,-0.0663756597862931
11515,-0.14093747848449828
11516,-0.1398133981067841
11517,-0.1398133981067841
11518,-0.04884543508899383
11519,-0.06789368535211573
11520,-0.14453293457694844
11521,-0.15566417532692764
11522,-0.03940139560436721
11523,-0.05509035577735795
11524,-0.12754498651369944
11525,-0.0490539847086978
11526,-0.0566198369951781
11527,-0.0661939719365672
11528,-0.032669869925840776
11529,-0.029331112238525945
11530,-0.013083248105873007
11531,-0.008543918674469688
11532,-0.03521780193991198
11533,-0.036807030523962336
11534,-0.03816206023997347
11535,-0.06269499619505874
11536,-0.04592204238152358
11537,-0.04081628186013605
11538,-0.1536164501203174
11539,-0.1748178608770696
11540,-0.11870592887499738
11541,-0.11864873764834968
11542,0.014683204224229073
11543,-0.12112687805247681
11544,-0.04470311535919919
11545,-0.11989398468966295
11546,-0.10906567965206328
11547,-0.20030053369433543
11548,-0.04099587571750518
11549,-0.040171638984795886
11550,-0.1572201721134368
11551,-0.059734222349387245
11552,-0.02956820772533716
11553,-0.15293302877476297
11554,-0.04905253320835516
11555,0.007943989393991654
11556,-0.06482158588262518
11557,-0.12392021043761083
11558,-0.029754452055455998
11559,-0.01625705885863138
11560,-0.01625705885863138
11561,-0.08165960419383374
11562,-0.0061492484756671345
11563,-0.03674407650757608
11564,-0.009401339407966464
11565,0.0146594697333058
11566,0.055546252509089955
11567,-0.07170783794616577
11568,-0.06181038489829262
11569,-0.13123540856600047
11570,-0.005467800411424636
11571,-0.05484734916498329
11572,-0.03356184930539291
11573,-0.11758304249005576
11574,-0.09872129677663527
11575,-0.0670917857763243
11576,-0.030370185986684825
11577,-0.08527407002688205
11578,0.003182452695101615
11579,-0.12586573837701295
11580,-0.1530373956256027
11581,0.034496527859613574
11582,-0.08970028537455545
11583,-0.0817641003522933
11584,-0.11190728332797198
11585,-0.0741804947804319
11586,-0.1509709971236011
11587,-0.136686209966845
11588,-0.08566460422816116
11589,0.037917900487794254
11590,-0.14683461891350358
11591,-0.03224438443985893
11592,-0.04617578108870044
11593,-0.053414342069321476
11594,-0.1152580952567066
11595,-0.16278642929056028
11596,-0.1073253881293194
11597,-0.164456244719631
11598,-0.06131689127761686
11599,-0.17191866841744916
11600,-0.07511220517361307
11601,-0.1603494173827011
11602,-0.12262003931320509
11603,-0.07855736836445726
11604,-0.18842420433646098
11605,-0.09651862054956213
11606,-0.13854704937527096
11607,-0.06333694457696361
11608,-0.12708200555855254
11609,-0.17303838464955693
11610,-0.10491169623048456
11611,-0.14345928009354494
11612,-0.1281477341354629
11613,-0.007961411876351725
11614,-0.11761860702699459
11615,-0.10274064617297393
11616,-0.06559825049609344
11617,-0.09483462374158912
11618,-0.11466824678575069
11619,-0.0625656849214812
11620,-0.15898390508226998
11621,-0.057562685025310374
11622,-0.10994292412626776
11623,-0.036142457227117855
11624,-0.08198309870631647
11625,-0.06177501824957941
11626,-0.12605054765961535
11627,-0.08316135879819173
11628,-0.093642458561181
11629,-0.08172988612995252
11630,-0.09640391733628827
11631,-0.03121077231184535
11632,-0.17105942194726884
11633,-0.09844732344457313
11634,-0.1499921625847069
11635,-0.11361833347311545
11636,0.046525981113052506
11637,-0.11231069887946481
11638,-0.10154119347799063
11639,-0.11314116345848263
11640,-0.004020640747441305
11641,-0.031277212320419724
11642,-0.07644804378048906
11643,-0.13859439601294432
11644,-0.17027324457362347
11645,-0.11004660981704123
11646,-0.05658605861510116
11647,-0.13229452401772748
11648,-0.21733159721786624
11649,-0.008292646486068594
11650,-0.06620926748073205
11651,-0.09176701849390506
11652,-0.07187300994356313
11653,-0.1426645393880227
11654,-0.08646184844517404
11655,-0.13478822180714742
11656,-0.0963251100214993
11657,-0.18481318478698291
11658,-0.13468864722702512
11659,-0.12207443564558174
11660,-0.0828567992867207
11661,-0.02644500232004028
11662,-0.14740910840868926
11663,-0.15981219080730216
11664,-0.13647134915090808
11665,-0.038425491400162715
11666,-0.1337565204549686
11667,-0.06555672787558339
11668,-0.11851149967714525
11669,-0.010981342076639736
11670,-0.0774787305196242
11671,-0.025521618790457702
11672,-0.07432903030711928
11673,-0.0832037982289953
11674,-0.15441035791884902
11675,-0.10875605348986649
11676,-0.11062459319916508
11677,-0.041305903233622515
11678,-0.09472363523490984
11679,-0.14324371684521908
11680,-0.025322545620900375
11681,-0.060430327262277025
11682,-0.1178979181044169
11683,-0.10356690071085183
11684,-0.032628592978642054
11685,0.011409699141153478
11686,-0.04433964317958179
11687,-0.14836542982755638
11688,-0.05350183246961053
11689,-0.09354289346768069
11690,-0.15599542643468148
11691,-0.056252470035886425
11692,-0.10672964819669596
11693,-0.18674433117986108
11694,-0.1526404130222777
11695,-0.0675046285504614
11696,0.03006659789068739
11697,-0.12506985280636881
11698,-0.04277482168633444
11699,-0.15354679827313253
11700,-0.07137441372137406
11701,-0.14522475816979252
11702,0.06199464891918222
11703,-0.09117699931644514
11704,-0.07107957566017065
11705,-0.09291857328325073
11706,-0.04366970721066899
11707,-0.12747534988466633
11708,-0.037009727477019104
11709,-0.07254697253833652
11710,-0.03886650102522329
11711,-0.047460435605704246
11712,-0.09640464014380344
11713,-0.02371829934954208
11714,-0.03645484300608438
11715,-0.08934446645244039
11716,-0.0844165788567218
11717,-0.10320713305006497
11718,-0.0764511594398843
11719,-0.19496427257620336
11720,-0.19496427257620336
11721,-0.05170668677250394
11722,-0.17408498956251017
11723,-0.12170458412132291
11724,-0.2437249338854081
11725,-0.031475417882486756
11726,-0.11852631009836789
11727,-0.1325752871040387
11728,-0.16978869076793815
11729,-0.13397099685508873
11730,-0.12462323191692841
11731,-0.1337811103791025
11732,-0.15696518020382935
11733,-0.15696518020382935
11734,-0.16135762695150144
11735,-0.0661606893345599
11736,-0.1272970901611631
11737,-0.15731425038360286
11738,-0.0292867221639893
11739,-0.1634587224957739
11740,-0.08638523727860836
11741,-0.04422997368913986
11742,-0.09039353767436767
11743,-0.08828171632018339
11744,-0.16187191590733782
11745,-0.04743815067959148
11746,-0.05687106201479409
11747,-0.0549344747074465
11748,-0.04851429627167349
11749,-0.08399999938910253
11750,-0.09206227422734778
11751,-0.16698261461736413
11752,0.02076800711590175
11753,0.03838112862236902
11754,-0.08146071683064313
11755,-0.18877011223901333
11756,-0.1840682749942675
11757,-0.07048456623889279
11758,0.02891603656807917
11759,-0.06184613777946806
11760,-0.1583690658110471
11761,-0.08396854827314812
11762,-0.06479100561270323
11763,-0.004229326389742759
11764,-0.08563674538113779
11765,-0.10209243596779334
11766,-0.1404296450085136
11767,-0.07938546301035238
11768,-0.08267092068021957
11769,-0.01325665948427979
11770,0.028938320390153816
11771,-0.04972779869137199
11772,-0.14206394882179782
11773,-0.14206394882179782
11774,-0.1560920569689378
11775,-0.12175584820264818
11776,-0.12175584820264818
11777,-0.07077206028640703
11778,-0.028953852496748225
11779,-0.15044407866102105
11780,0.01521223100390292
11781,-0.07674456312431592
11782,-0.12473615930521627
11783,-0.1652281856016173
11784,-0.053771439477526974
11785,-0.06967825830687525
11786,-0.05795007530011076
11787,-0.049363673539380044
11788,-0.040165459787477736
11789,-0.20803170757844777
11790,0.01670539303331675
11791,-0.0882081090911322
11792,-0.1429209360758219
11793,-0.20600611716815947
11794,-0.04379951062420622
11795,-0.039190379836087336
11796,-0.13573236483451892
11797,0.020504374921106957
11798,-0.1325701653606825
11799,-0.1298163959814706
11800,-0.09581577773462886
11801,-0.07665766660292518
11802,-0.03174338646340989
11803,-0.15261560966992818
11804,-0.07074846446756611
11805,-0.08061402355541838
11806,0.028448417227739206
11807,-0.12873972149500715
11808,-0.12898598034005282
11809,-0.01243538701620249
11810,-0.1436708923679712
11811,-0.06874699538740554
11812,-0.070754410703954
11813,-0.019321866952822064
11814,-0.03018759333112139
11815,-0.05196551759180584
11816,-0.07596323636216103
11817,-0.020889618162322487
11818,-0.19378624193702573
11819,-0.1720360355747532
11820,-0.1720360355747532
11821,-0.0473740930320135
11822,-0.08713372865687823
11823,-0.13007737101061134
11824,-0.08579210865611805
11825,-0.022698886440533857
11826,-0.11187347130352858
11827,-0.13363263636103176
11828,-0.025222243056673976
11829,-0.1357017593762149
11830,-0.20943581561016555
11831,0.00032793986242457155
11832,-0.02104865864537525
11833,-0.09409962749585825
11834,-0.18543781773249937
11835,-0.12750490346340415
11836,-0.08887179988104667
11837,-0.09165071138414031
11838,-0.07608875485897006
11839,-0.04413977714100386
11840,-0.017591754588154686
11841,-0.03435297903892109
11842,-0.050437769799343876
11843,-0.17707648586926103
11844,-0.08979628022226822
11845,-0.054881368389309244
11846,-0.05494555420769257
11847,-0.09367905070831992
11848,-0.09367905070831992
11849,-0.08796512381819878
11850,-0.1686854792960394
11851,-0.03153718004787427
11852,-0.14057469299173117
11853,-0.06850452242726482
11854,-0.04956767108515945
11855,-0.12444479007916796
11856,-0.0414475958408373
11857,-0.1483535006186058
11858,-0.1013921982458993
11859,-0.15319391107496869
11860,-0.07271957911777883
11861,-0.11184261066210385
11862,-0.06639275654046113
11863,-0.11300976982979193
11864,-0.11300976982979193
11865,-0.18054467841403907
11866,-0.0735245535266124
11867,-0.18054467841403907
11868,-0.013074951200215144
11869,-0.024535821750500033
11870,-0.13244943964106132
11871,-0.07834592104806411
11872,-0.10885674649844551
11873,-0.05610989316601627
11874,-0.046388552095153156
11875,-0.08410247090117556
11876,-0.0626805833023363
11877,-0.028275282523382076
11878,-0.102622031547504
11879,-0.022752199811983304
11880,-0.11091085055121289
11881,-0.11091085055121289
11882,-0.03328811788485157
11883,-0.05801415136079249
11884,-0.2448190991356759
11885,-0.02653994935165525
11886,-0.04833152181125999
11887,-0.04065443407438359
11888,-0.06926667596700682
11889,-0.11229140002672253
11890,-0.08131684366472898
11891,-0.11560311138144347
11892,-0.07922749532772697
11893,-0.06241470842280446
11894,-0.1660001222082477
11895,-0.051498785552064365
11896,-0.04222966135388826
11897,-0.12843724163605205
11898,-0.19943740454696318
11899,-0.09451042767685625
11900,-0.06024117908416
11901,-0.04582842636004238
11902,-0.12000684022728017
11903,-0.10080370697911231
11904,-0.12723862702402905
11905,-0.04637122896038614
11906,-0.15419873463575304
11907,-0.04675848999273736
11908,-0.024107483621320962
11909,-0.14934249392078205
11910,-0.03988027449147496
11911,-0.0016854958388054313
11912,-0.15206520648074198
11913,-0.2111262417109095
11914,-0.2111262417109095
11915,-0.18760117021134473
11916,-0.08833101614813689
11917,-0.20946034395557483
11918,-0.024145907419159954
11919,-0.08733981616914581
11920,-0.03778150822086184
11921,-0.10600631499723888
11922,-0.03298583201677191
11923,-0.06107469575365442
11924,-0.05411359348694591
11925,-0.05479175334684627
11926,-0.035325863425381354
11927,0.012545372380420397
11928,-0.20426689049899632
11929,-0.13209510194247615
11930,-0.039709702892144
11931,-0.13218980814568435
11932,0.017199103187431404
11933,-0.18419492398254625
11934,-0.0886149629964454
11935,-0.1181319739829084
11936,-0.09149671745171122
11937,-0.15943402193526748
11938,0.06162411263735044
11939,-0.0915764568110499
11940,-0.12367898475466632
11941,-0.20396955131249586
11942,-0.12035526723952604
11943,-0.07612074513484779
11944,-0.14212981870477728
11945,-0.14031069195711218
11946,-0.22066594552481697
11947,-0.05965350829525592
11948,-0.11847504829349681
11949,-0.06302841362363439
11950,-0.09513606818210232
11951,-0.05732561265461313
11952,-0.06614597287774765
11953,-0.07807290661282434
11954,-0.08615653457916742
11955,-0.08547194687220863
11956,-0.04532608486529782
11957,0.05342326479498226
11958,-0.11959739278877621
11959,-0.179764080427093
11960,-0.152520174437604
11961,-0.16245863921815615
11962,-0.08442555287235858
11963,-0.2314216444083761
11964,-0.07047752514156296
11965,-0.038937293423045326
11966,-0.028139363185980166
11967,-0.16638153906315037
11968,-0.0695216998748109
11969,-0.06751224284870866
11970,-0.06484722292916263
11971,-0.11191688011107725
11972,-0.02345840094011095
11973,-0.05878993115850455
11974,-0.11275732744586049
11975,-0.0951767200862704
11976,-0.09335725018733616
11977,-0.058677993113532105
11978,-0.08445038048362322
11979,-0.07481923150415566
11980,-0.0033647362343404135
11981,-0.019142125693790146
11982,-0.03958700798181175
11983,-0.04959577508487341
11984,-0.028009620350921034
11985,-0.025272660676451543
11986,-0.018742609176018766
11987,-0.011270156695119497
11988,-0.07456363021954712
11989,-0.04466105258673172
11990,-0.01699158949371784
11991,-0.059391293769102994
11992,-0.08533666781853713
11993,-0.15035855655201083
11994,-0.07621922619292933
11995,-0.037482246449521174
11996,-0.01978851136849155
11997,-0.09921000849997721
11998,0.02109278365010442
11999,0.01495171446898404
12000,-0.03158949869665834
12001,-0.026094984293310503
12002,0.023276620104554367
12003,-0.03598732776483664
12004,-0.16319962277459962
12005,-0.04357487171710477
12006,-0.09845543570516507
12007,-0.03820200239457936
12008,-0.11711566299818668
12009,-0.01004971420863237
12010,-0.05172611087022248
12011,-0.025279200475564798
12012,-0.12158480657189567
12013,0.011338286437254179
12014,-0.05436656405587734
12015,-0.03968649527547953
12016,-0.03967195506694342
12017,-0.0012729405838620355
12018,-0.09554365132559373
12019,-0.047508524034075184
12020,-0.01369886598890297
12021,-0.06667432993714695
12022,0.002108814762783031
12023,-0.01240371630202157
12024,-0.06265931557801403
12025,-0.013373467121718031
12026,-0.010712975807513707
12027,-0.06663530838784079
12028,-0.03740932036156773
12029,-0.03678434267246852
12030,-0.01338248665338022
12031,-0.05776935414835656
12032,-0.0622472856057087
12033,0.026964165458752465
12034,-0.05071786887007927
12035,-0.050314945361302404
12036,-0.12786304346304503
12037,-0.07088950166558147
12038,-0.055804253529367125
12039,-0.07580744037026133
12040,-0.11472850331843067
12041,-0.016026074382299197
12042,-0.04886714922278792
12043,-0.08152223488497738
12044,-0.07677610611395158
12045,-0.04885223947081025
12046,-0.034442356564189765
12047,-0.08197835474755466
12048,0.020526776715465413
12049,-0.0645535802087743
12050,-0.0068558066212271755
12051,0.022695179755490024
12052,0.021421810853881874
12053,-0.04025023446904455
12054,-0.09367471295388258
12055,-0.008515195328418417
12056,-0.09361490195875515
12057,-0.09361490195875515
12058,-0.0537092917702156
12059,-0.0946091790658385
12060,-0.046230639299948764
12061,-0.09289647021317991
12062,-0.131287961543917
12063,0.011580781093627058
12064,-0.06957358737165334
12065,-0.0024153455645144436
12066,0.016223283369099464
12067,-0.10458563057350118
12068,0.0074555781689429786
12069,-0.04637940064536656
12070,-0.11884795596995756
12071,-0.05043654251973832
12072,-0.0017134312253757847
12073,-0.04179658269063986
12074,-0.03546010634963005
12075,-0.008315264526304272
12076,-0.008315264526304272
12077,-0.06151849166800222
12078,-0.05325437344528612
12079,-0.06815879288550364
12080,-0.022157802645747907
12081,-0.06252254237730145
12082,-0.04068025200161285
12083,-0.038685332963344476
12084,0.011887680723879884
12085,-0.021717263877185748
12086,-0.043018530265553225
12087,-0.02876204956247086
12088,-0.062135589467543904
12089,-0.08682623231661993
12090,-0.09259594615003731
12091,-0.0069045569017692765
12092,-0.08875878947489715
12093,-0.11708708905517608
12094,-0.08875878947489715
12095,-0.09382280185093454
12096,-0.09382280185093454
12097,-0.04106307251999579
12098,-0.1798314659496658
12099,-0.029741761626387305
12100,-0.005333629633303058
12101,-0.03884048254575134
12102,-0.13123169041091529
12103,-0.04072068439699515
12104,-0.09441371702416576
12105,-0.04379165003831747
12106,-0.08603531827546933
12107,-0.015955558684837792
12108,-0.08163308361859029
12109,-0.13527666483457218
12110,-0.12547562313796645
12111,-0.030756243452057425
12112,-0.04234184185717012
12113,-0.05392347442603961
12114,-0.018632049314989754
12115,-0.14606009616295834
12116,1.563143847700337e-05
12117,-0.040532008416792595
12118,-0.09015785454992319
12119,-0.023799555696953436
12120,-0.0038269608428164424
12121,-0.027786915649533332
12122,-0.07001087971011491
12123,-0.07001087971011491
12124,-0.09353911824966644
12125,-0.035228550350458666
12126,-0.024879900961955293
12127,-0.08857357077968592
12128,-0.1235265249009978
12129,-0.037990663290870495
12130,-0.16952836125176837
12131,-0.16997446187819484
12132,0.026215333293167473
12133,-0.09879057445506563
12134,-0.006256129828091383
12135,-0.06143500364226151
12136,-0.078521989477649
12137,-0.170317022980961
12138,-0.13262323771586965
12139,-0.04214167876003822
12140,0.045245563135630294
12141,0.0059873269766182015
12142,-0.08427471980972746
12143,-0.0836026327099839
12144,-0.05601649943485947
12145,-0.05601649943485947
12146,-0.07789063777886979
12147,-0.1299204920972122
12148,-0.1299204920972122
12149,-0.028628979058904925
12150,0.09223970952202662
12151,-0.01032317034175332
12152,-0.052449275227309224
12153,-0.1837239286347753
12154,-0.050378989049013334
12155,-0.02047693131317137
12156,-0.05167747663277472
12157,-0.08593987480807883
12158,-0.07173503091805838
12159,0.03886750386169742
12160,-0.18376671266122607
12161,-0.06435539263726427
12162,-0.09972236781073719
12163,-0.018558068993369606
12164,-0.07029786421901967
12165,-0.035274719600551105
12166,-0.022081492697407282
12167,-0.0997682988977345
12168,-0.0997682988977345
12169,-0.17876975241711107
12170,-0.06763475308903248
12171,-0.17541924007930737
12172,-0.013240591474367286
12173,-0.007132122622496031
12174,-0.05684465597951121
12175,-0.009855968111717957
12176,-0.09733805779860975
12177,-0.029526070700930992
12178,-0.07650808036126222
12179,-0.11157762432045942
12180,-0.06378484960488659
12181,-0.06378484960488659
12182,-0.094019013461497
12183,-0.09215285978151688
12184,-0.06564712213593338
12185,-0.1086032147668155
12186,-0.014761383823804774
12187,-0.05457391546861477
12188,-0.06365807237776767
12189,-0.17721521780854593
12190,0.051162813688591956
12191,0.019447298997448015
12192,-0.0548442376477055
12193,-0.0865414243202945
12194,0.032607659939842985
12195,-0.05144263833033676
12196,-0.06969307380961129
12197,-0.08004728449302481
12198,-0.08004728449302481
12199,0.0014817791346862074
12200,-0.07998438459849846
12201,-0.1152720784688527
12202,-0.05634967670020761
12203,-0.06880855715030709
12204,-0.1773194035450645
12205,-0.11019576038716364
12206,-0.004887727509143034
12207,-0.11948608606627875
12208,-0.013057090938070224
12209,0.03387950636014183
12210,0.006583677586298295
12211,-0.015353851388897952
12212,0.010798109425961797
12213,-0.01864418875771834
12214,-0.024864623574426165
12215,-0.01993527718178354
12216,-0.04022305415981901
12217,0.04668950869771079
12218,-0.036685665412169916
12219,-0.05306769333052744
12220,-0.09498494190492335
12221,-0.09498494190492335
12222,-0.05518321964370214
12223,-0.09798529144997088
12224,-0.03299210480921986
12225,-0.03299210480921986
12226,-0.05910770496730474
12227,-0.045988864184053325
12228,-0.10409676693124424
12229,-0.07187443119847654
12230,0.0015405424429137638
12231,-0.061259985521345754
12232,-0.06579933119713888
12233,-0.08675252780808818
12234,0.028930474734759935
12235,-0.03176950830392034
12236,-0.035980520204673655
12237,-0.022219442948204056
12238,0.033351944361075275
12239,-0.10545594400304893
12240,-0.0650476085702107
12241,-0.0009646936877385561
12242,-0.10378386701192183
12243,-0.054271698013305766
12244,-0.09921805120651957
12245,-0.09921805120651957
12246,-0.07962899427142739
12247,-0.05348518558471622
12248,-0.0883235506197274
12249,0.02891558316547588
12250,-0.08277775600120905
12251,-0.01027572829434159
12252,-0.058235344223765945
12253,-0.049365324673920505
12254,-0.10265544001803423
12255,-0.08546252253061358
12256,-0.17105366679301856
12257,-0.07151830969252296
12258,-0.005091784564054857
12259,-0.0573144940700949
12260,-0.07587598624320953
12261,-0.05642495859394394
12262,-0.07569244825809719
12263,-0.09906802913786907
12264,-0.024073194494488682
12265,-0.07781549644415503
12266,-0.09531340933066729
12267,-0.11080785869895088
12268,-0.10279459102799232
12269,-0.040206874920080515
12270,-0.1399138010317576
12271,-0.15045453744764084
12272,-0.11105362651070821
12273,-0.09145004297279412
12274,0.01388797350516487
12275,-0.15492671318616322
12276,-0.04289110441519006
12277,-0.03642591561210134
12278,-0.004443265424059198
12279,-0.06754642102610851
12280,-0.12460662343668233
12281,-0.043365922956117756
12282,-0.016991720000893447
12283,-0.004324258788101156
12284,-0.09947383504860859
12285,-0.035807687369419465
12286,-0.037318603646788406
12287,-0.06063248087020314
12288,-0.03413955696146959
12289,-0.030193747532631095
12290,-0.00700342032993485
12291,-0.08728249019810526
12292,0.016310830348566438
12293,-0.013021870818888032
12294,-0.05319515732040648
12295,-0.10335833233407857
12296,-0.01708942370550559
12297,-0.009733846400957279
12298,-0.07922900317044983
12299,-0.030452877148305905
