obs,pareto_shape
0,-0.02157630403043501
1,-0.02157630403043501
2,-0.024283508380668294
3,-0.09600122705708672
4,0.0476011459802182
5,-0.046658486197034534
6,-0.0484371413986136
7,-0.029963370167833306
8,-0.01603912507985609
9,-0.043510141828073924
10,0.012217813163141862
11,-0.0299475635721125
12,0.03723096893673096
13,-0.05211311175629953
14,-0.05270371530721165
15,-0.028754677103163435
16,0.016756293229507835
17,-0.02809748914142562
18,-0.058492252004636563
19,-0.060857469835493214
20,-0.0913086848525802
21,-0.07856449158930313
22,-0.05268600535460228
23,0.02585503187774788
24,-0.04751141907507153
25,-0.04751141907507153
26,-0.047798185911539
27,-0.04211904995798295
28,-0.055919894992477244
29,-0.018981676427588752
30,-0.05222344933998255
31,-0.03890576153877851
32,-0.052020995817095676
33,0.015856258225670557
34,-0.04528647381338442
35,-0.025974597590592376
36,-0.06095724636543074
37,-0.0491305738409341
38,-0.07368154897011235
39,-0.003012531305100201
40,0.028672946559111276
41,-0.04697697782286719
42,-0.06796547048819006
43,-0.04830451285821107
44,-0.042881256744078396
45,-0.052360683160924903
46,0.018524042896759803
47,-0.03786782231330264
48,-0.04467628825890946
49,-0.10225556428399786
50,0.033934131919364556
51,0.0060995540415374385
52,-0.0970413745333202
53,-0.000581270853607829
54,-0.045379068737034504
55,-0.07914887622312045
56,0.02753705966638746
57,-0.04599409245336693
58,-0.021896997676798355
59,-0.047583074992593795
60,-0.08980001739581889
61,-0.04380667014523305
62,0.038786944355789325
63,-0.01724279486512826
64,-0.02454875044468559
65,0.03701793635851616
66,-0.03940880503849036
67,-0.010672509579797821
68,-0.145163792059822
69,-0.014821714319659599
70,-0.08461925522624658
71,-0.0007674138960125616
72,-0.10435007465818566
73,-0.014139097221678571
74,-0.0776592893488251
75,-0.10661889547055034
76,0.031089507206931835
77,-0.10730535480918901
78,0.03157407532150343
79,-0.10829035197867372
80,-0.02910371053063716
81,0.006209634638393842
82,0.011535495329411692
83,0.020836959214964645
84,0.012891561517706518
85,-0.029300755586361978
86,0.008478397321104232
87,0.005135749375590079
88,-0.026188371354019618
89,0.055932921389883296
90,0.017435099159809106
91,0.0077269133342734555
92,0.0077269133342734555
93,-0.12983212075992448
94,-0.08400270212457725
95,0.006572163836348044
96,-0.11004247433747816
97,-0.021916584855971085
98,-0.08700786481243165
99,-0.0007350376867003822
100,-0.017864456834079015
101,-0.027112467953702653
102,-0.027112467953702653
103,0.0015329507212422855
104,-0.032373599827883806
105,-0.1351099239747159
106,-0.0008860923992187383
107,-0.025326423716939633
108,-0.08723131368995328
109,-0.037280328267893126
110,0.09160046641879954
111,0.006170071943133165
112,-0.10746145495963312
113,-0.10686563809745149
114,-0.08105126682253998
115,0.03395115391739833
116,0.03513014089494894
117,-0.0027734675734933448
118,-0.13157905761158603
119,-0.10574007173923614
120,-0.10522206487630949
121,0.03205224744823197
122,-0.10469601971523573
123,-0.013927174400675523
124,-0.018160914615021086
125,-0.010110422545849188
126,0.03888072702895431
127,-0.01749502390878713
128,0.0013674763267372725
129,-0.017316467629952433
130,-0.01936981833481543
131,0.005791598407563924
132,-0.017087043849250923
133,0.0029214965934659005
134,0.0029214965934659005
135,0.12097364692453352
136,-0.011510535024305907
137,0.039257739184420604
138,-0.1402612312764786
139,-0.08335126142568068
140,-0.09912361697330611
141,-0.004116941500494509
142,0.13273747022375726
143,-0.08366911586987133
144,0.044405882856043875
145,-0.0059017760007638595
146,-0.019851470469761465
147,-0.020902620468096583
148,-0.012932044260590272
149,-0.13287119614322485
150,0.1404429420226852
151,0.01747809437544833
152,-0.08440402287781557
153,0.004066659924774479
154,0.002324719577831988
155,-0.09746796842188737
156,-0.09835098068754718
157,-0.09835098068754718
158,0.03221025112797332
159,-0.02490687216994383
160,0.05250732703402188
161,-0.01307773727092817
162,-0.01307773727092817
163,-0.08475030747657811
164,-0.0967685622547117
165,-0.09534093083117923
166,-0.09534093083117923
167,-0.0018021252903315911
168,-0.022471642012846033
169,-0.017855116453952047
170,-0.017842888847827688
171,0.03640559484871801
172,-0.02015192734448748
173,-0.01298039286455725
174,0.04276726673723925
175,-0.02133816720125377
176,-0.022088590514313233
177,-0.024976064752480816
178,0.04450661411267939
179,0.04393129652006198
180,0.10533597455718327
181,-0.013369020808459881
182,-0.02317069106291009
183,-0.004341855790867989
184,-0.12254194061876174
185,0.03891095303130419
186,-0.09599158707106904
187,0.013041109672036214
188,-0.00478585075516384
189,-0.020877473013217223
190,-0.08818666285721023
191,-0.07898933242025094
192,0.06977501376253292
193,-0.012247618606662883
194,-0.08904203257156197
195,-0.022825810205297774
196,0.0012463038423289412
197,-0.04629648503389351
198,-0.02021017346336534
199,-0.13098842598913554
200,-0.08803520306394799
201,0.005562445181780135
202,-0.019748311839428642
203,-0.07802629138397159
204,0.1179026821056077
205,0.0974753818892746
206,-0.08814750385809453
207,-0.10041329595244027
208,-0.0864467679500289
209,-0.0066261299419100835
210,0.0319160821536735
211,-0.08307354843650101
212,-0.009152867788347858
213,-0.022059234976019807
214,0.03810367747589239
215,-0.033151960781272326
216,-0.08568462300680597
217,-0.009692086156933797
218,-0.08568462300680597
219,0.03536021152708131
220,-0.00908039102342154
221,0.027324311261207327
222,-0.008950906478158587
223,-0.05109917783165468
224,-0.039958321004489684
225,0.037320029328419914
226,-0.02774350926438912
227,0.023177080831313184
228,-0.028973803633358323
229,0.023177080831313184
230,0.07243101839208155
231,-0.007380376297758276
232,-0.017713785810990347
233,0.07261591103677373
234,-0.11603392520119675
235,-0.1048480575065609
236,-0.002974866711602987
237,0.06028731746084935
238,-0.09636289906919465
239,-0.026477927740029716
240,-0.06732350458363402
241,-0.0469880210412244
242,0.061126901459066074
243,-0.005077334290107012
244,-0.049705806996008066
245,-0.09643766101024676
246,-0.01600900989919353
247,0.07513185288773472
248,-0.013117322341663263
249,-0.05195176021064228
250,0.025551740825823916
251,-0.09110375824370029
252,-0.09127369978396005
253,-0.02007574929603899
254,0.015529400634756862
255,-0.09192256855764759
256,-0.10089086366747986
257,-0.0704811949864817
258,0.03864361282136994
259,-0.08516587902143427
260,0.002938290447173609
261,0.0006341328127788015
262,-0.052751730103830004
263,-0.08773543457501108
264,0.041949067187484514
265,-0.0028054400446764468
266,-0.08686084134373248
267,-0.032876774829374164
268,-0.025603606081475716
269,0.013727790576469993
270,-0.06626266502366905
271,0.05627760480020582
272,-0.056048047756354455
273,0.040493224231813
274,0.04046199687943286
275,0.004467088144387977
276,0.07515875206983126
277,-0.027370094291901802
278,-0.08165829952860285
279,-0.08165829952860285
280,-0.016379176785778885
281,-0.10154688994982378
282,0.011290890368151807
283,0.0340648481211594
284,-0.03433931260740618
285,-0.0821114347671811
286,0.016305455954251875
287,-0.07916531549623658
288,0.07117941136696634
289,0.016868271934239096
290,-0.08262242868062035
291,-0.06591787866912181
292,-0.061340264177032665
293,-0.06573527323236893
294,0.012993091984432832
295,-0.07844014663440156
296,-0.08319922058927368
297,-0.051021630291152406
298,-0.06374007027460193
299,-0.07893450860532661
300,0.05950712197965915
301,-0.06071065505353776
302,-0.06071065505353776
303,0.008149908959067293
304,0.03256857061624933
305,-0.07638765639969826
306,-0.07298120003694442
307,-0.07124455313330308
308,-0.07124455313330308
309,-0.0160375347907847
310,-0.06091646415387403
311,0.05885459748326379
312,-0.02857015642674333
313,-0.07096167597228469
314,-0.06721629236064579
315,-0.07771938423420427
316,-0.029165369582220144
317,0.019989030830655227
318,-0.07394160977927756
319,0.008067778372292547
320,0.06408135219718822
321,0.10073938077659762
322,0.05533542310181869
323,0.018360250478618445
324,0.013850705265796938
325,-0.0350605240245366
326,0.0032807835294628896
327,0.0032807835294628896
328,-0.05577442051663812
329,0.0030339047347662847
330,0.011392543706151063
331,-0.05472680123789529
332,-0.05021379744243953
333,0.013305261355631592
334,0.013305261355631592
335,-0.07252398751280964
336,0.0012710703663290697
337,-0.022894682331963886
338,-0.08853268652543018
339,0.04395680348523746
340,-0.04959983069556758
341,-0.07172162116287416
342,-0.07111759414392527
343,0.004795421626665013
344,-0.061837763659102
345,0.003686289969342891
346,-0.07709230792905986
347,-0.04388921254406048
348,0.06184881457323561
349,-0.06806364327199682
350,-0.0510114226813029
351,-0.053693801983938236
352,-0.04458107839332655
353,-0.0751757726802198
354,-0.0854009983591146
355,-0.0854009983591146
356,-0.0462508019756165
357,0.011116753110715742
358,-0.0462508019756165
359,-0.045312354207345425
360,-0.056760614149061674
361,0.06776463097625117
362,0.008590452460568603
363,-0.0040315268704415866
364,-0.0787367644246205
365,0.002198970102711975
366,0.019365465282999064
367,0.054604084385617084
368,0.0012778095943264017
369,-0.06641773358388123
370,-0.06465001480048073
371,0.06059967294547428
372,-0.07852558967540445
373,-0.0375868217079145
374,-0.0011704333220147298
375,0.0015657652569439386
376,-0.040709047874799176
377,-0.027769317345453588
378,0.056216210529519486
379,-0.06716596183430967
380,-0.08222735657903787
381,-0.03537427455243364
382,0.0013711538360714765
383,0.0013711538360714765
384,0.07349149723903059
385,-0.08385426407005048
386,-0.03828349237029776
387,-0.03828349237029776
388,-0.053514991044080376
389,-0.0006751288172441727
390,-0.05632430949454533
391,-0.010945839693271937
392,0.0025828406022666735
393,-0.06131938101481698
394,-0.08593814766914445
395,-0.0008368902042336416
396,-0.029057274994710707
397,-0.07598670783650777
398,-0.08681364641492648
399,-0.02492684982507462
400,0.0003686536886865463
401,-0.024668476410423953
402,-0.0419946484180279
403,-0.07777244069643006
404,-0.02357098215018119
405,0.07440421555584396
406,-0.02517584768413433
407,-0.005394185815551145
408,0.02088213089402102
409,-0.02070260849178342
410,0.002599351549654658
411,0.004214106168360681
412,-0.0569922384961424
413,-0.07959561703328526
414,-0.0788986595262582
415,-0.0018936231446370464
416,-0.02318455166959768
417,-0.003261808561934673
418,0.027991885868795474
419,0.039851599705995035
420,-0.02207316938979875
421,-0.07635697237038497
422,-0.0017584746311032234
423,-0.0013086365733196124
424,-0.0004671328444555715
425,-0.03241996754927911
426,-0.07510893861816975
427,-0.07674785090724145
428,0.0014720163299203161
429,-0.07246504083779752
430,0.0760377802168396
431,-0.01374333040972917
432,0.029319921970259084
433,-0.043546819185184604
434,-0.07577990429060612
435,-0.021143451863686828
436,-0.0023165010304453475
437,-0.02185970931023758
438,-0.07454211474982626
439,-0.08161113631372051
440,0.0013182577435498619
441,-0.08006654359027571
442,-0.08006654359027571
443,-0.08044384695222151
444,0.025533414357553273
445,-0.022779829730400245
446,0.029453271704532064
447,-0.02395785498462708
448,-0.06451315809445124
449,-0.022157764307156647
450,0.01649363183358783
451,-0.02033197593929629
452,-0.0376207522830081
453,-0.03513422528185685
454,0.0018338070954474876
455,-0.08007923868225189
456,-0.0574517702405611
457,0.028441823869076198
458,-0.012412136460144862
459,0.0003403224840431287
460,0.08916769195629053
461,0.010855861818251544
462,4.984829078536257e-07
463,-0.023772434467309828
464,-0.06993734625141636
465,-0.052065713847717056
466,-0.09043240014686972
467,0.011865513116913123
468,0.004879173068234436
469,-0.0042308955043559564
470,0.004812589477910048
471,-0.05086650166869288
472,0.0019106281803714477
473,0.0166474049629425
474,-0.0780292601083689
475,-0.037870465579449036
476,0.007206281885485099
477,-0.056057917982638095
478,0.027997395597804387
479,0.0046900921655009436
480,0.04422362083824562
481,0.04422362083824562
482,-0.0731608367283695
483,-0.09015798631205584
484,-0.04384704465347056
485,0.0220127799036242
486,0.09328706497183258
487,0.008024855871010343
488,0.009184692223034972
489,0.009412311634126529
490,-0.04695763560209726
491,-0.07183977168049427
492,-0.09919770894617737
493,-0.041570975638884046
494,0.008290229484777001
495,0.02484850441838472
496,-0.04785887548109489
497,0.009460237047457958
498,0.010768609134305619
499,0.012092144897758679
500,0.003977855756038317
501,0.014786068014621585
502,0.020949215922489838
503,-0.08277679845076964
504,0.03454067936610813
505,0.003158807386627123
506,-0.015430171648947015
507,-0.030857052334642546
508,-0.10489835138661315
509,0.032167372718074724
510,0.049227189288041436
511,0.03522070749613043
512,0.03220705950691326
513,0.015868601604318147
514,0.013317267050835448
515,0.005452246759164285
516,-0.028753274513317557
517,-0.028753274513317557
518,-0.08657992979338691
519,-0.0036175388831441594
520,-0.027446926454121095
521,-0.07052529944289959
522,0.041424118008201186
523,-0.012448979486629243
524,-0.03148705879003204
525,0.007268924569263262
526,0.011113202897932207
527,0.0044216264886765754
528,0.03587227032723088
529,-0.03079688712830643
530,-0.1288146194578189
531,0.034056901704148164
532,6.009694762770258e-05
533,-0.038349072293108084
534,-0.0937718840622989
535,0.03607859064468394
536,-0.0012268856625481618
537,-0.0009379074296326237
538,0.007878558835975791
539,-0.026643207809338123
540,-0.03799337938355733
541,-0.033838683553149104
542,0.033342772984629794
543,-0.1317465296041772
544,-0.07007176412899355
545,-0.03181511111423103
546,0.033037531360386715
547,0.033037531360386715
548,0.05939840321617349
549,-0.05777644139272219
550,-0.05777644139272219
551,0.06595328085420812
552,0.004745470524282591
553,-0.09866871306449791
554,0.01951489990238776
555,0.011777700046097963
556,-0.03808874630638352
557,-0.13953126156208961
558,0.04998312825489494
559,0.011477940275750885
560,-0.03332574638830057
561,0.013556167036235717
562,0.03639371222296728
563,0.006077873751961105
564,0.03639371222296728
565,-0.03589805365629846
566,0.027355902053158312
567,-0.07653920824744796
568,0.02526991511771529
569,0.005809903541851871
570,0.02638785491438313
571,0.03984141866424069
572,0.03812110186602249
573,0.015710992098446546
574,-0.0398009909935747
575,-0.040405970678186985
576,0.008422494892323083
577,-0.09949014682586341
578,0.015285643304270395
579,0.00725567104365188
580,0.049228063520963386
581,0.011148563863051254
582,-0.030996076848496326
583,0.011209780161336476
584,0.005037552639763512
585,-0.15594117064001
586,-0.05422975848399129
587,0.031167388876635952
588,0.032967984018436126
589,0.02052627470232566
590,-0.05246148458678706
591,0.006610753824559629
592,0.031131539013332248
593,-0.08018010025351846
594,0.029955764286288527
595,0.030214767796239824
596,0.008427204488113921
597,-0.05355286962534549
598,0.00747494435596783
599,0.03579087984327193
600,-0.04042484004993431
601,-0.05837527617273783
602,0.002817486626086926
603,0.002916920793659007
604,0.036288533364231206
605,-0.15013955364124412
606,0.006813020968712141
607,-0.11670619099928724
608,0.013641794111096684
609,0.008322283859367206
610,0.014301301780133873
611,0.010318024216436336
612,-0.14908932935995983
613,-0.05537285357059282
614,0.028708509151537862
615,0.009765736822360548
616,0.015344791102355102
617,0.046757980348189086
618,0.046757980348189086
619,-0.06745736505764974
620,0.016930427316271635
621,0.013184513994260136
622,-0.0019593172142104167
623,0.055824232323879834
624,-0.06422817604318477
625,-0.061766501542473505
626,5.403169042897623e-05
627,-0.04858165013147592
628,0.027239362718564353
629,0.06190818091382537
630,-0.05136762576889151
631,-0.13408811993721165
632,0.010843472996736906
633,-0.0834360648503026
634,-0.15071924934379669
635,0.00989112689567142
636,-0.060916048960840484
637,0.027383129746105087
638,0.06771932365754947
639,-0.06660129733286503
640,0.005285419104654786
641,0.04515274850128742
642,-0.08460078372733608
643,-0.08670361532272992
644,0.0583164688364067
645,0.013949693771826008
646,0.0029117885683189455
647,0.0029117885683189455
648,-0.000776394741351846
649,0.06302271800904738
650,0.0012397812505005096
651,0.0014801097501644478
652,0.01806936784294
653,0.059726237930833724
654,0.05851824964178239
655,-0.13573918589448575
656,0.009314767256062199
657,0.07079471588742622
658,-0.1432924326317738
659,0.01916605822019742
660,0.024607923001045418
661,0.031351882029526844
662,0.009644153282246125
663,0.02478598268179179
664,-0.08994724518367274
665,0.02664967727995855
666,0.0004782258056029278
667,-0.005449922676198149
668,0.02636052610052888
669,0.034198830228384956
670,-0.0014808527794567638
671,0.02454079749459777
672,0.04929959131169132
673,0.014981384425697538
674,-0.08472448546065102
675,-0.0457905111315663
676,-0.12826308735330486
677,0.04474775498099677
678,0.0022326195749368893
679,0.01809835266792403
680,-0.06072137871267025
681,0.00790207750067734
682,-0.13934442572290165
683,0.029997662321347155
684,0.02140421706716011
685,-0.09025872565483724
686,0.0025945114228541314
687,-0.012047256150250357
688,-0.1395531877512476
689,0.016240166353127854
690,-0.013505593292660368
691,0.012903307980158735
692,-0.047425350912627534
693,0.034181155548681126
694,-0.0942483829126058
695,-0.0649342242474794
696,0.01610311980481631
697,-0.10000945993038557
698,2.3121752508852856e-05
699,2.3121752508852856e-05
700,0.0016356287001905528
701,0.0013975039051779593
702,0.014528992162824859
703,0.013837703684322153
704,-0.1302467376974646
705,0.016889364192254386
706,-5.577945327058372e-05
707,-0.131543896419176
708,0.027369573732242213
709,0.0060493949954596535
710,-0.096155834555732
711,0.011637571179918376
712,-0.09706081318979397
713,0.005812085889034603
714,0.00046735498545983283
715,0.00525934988339928
716,-0.043644908748614625
717,-0.01596369223505968
718,-0.10629084904313407
719,0.007238346978469868
720,0.06385571817880131
721,0.06385571817880131
722,0.001862717646313453
723,-0.01952065361654648
724,0.0009825924613096077
725,0.02663090972118033
726,-0.0008423401572838232
727,-0.1406908023422237
728,-0.004843928352303982
729,-0.00461649251023808
730,0.01678118115309969
731,0.05251230955416267
732,-0.07102964780732324
733,-0.013613864356602987
734,0.026434341152828163
735,-0.09250473361585237
736,-0.01605851603086408
737,-0.015501553281055602
738,0.031254254005444224
739,-0.0956256655560324
740,-0.0158318562677595
741,0.03306677613580123
742,0.03306677613580123
743,-0.0158318562677595
744,-0.13327633957180912
745,0.03585599049930646
746,-0.09784342280774705
747,0.06647713302198689
748,-0.0047291631232941255
749,-0.1390839461711131
750,-0.005705984769717209
751,0.00252074799513026
752,-0.018151613023602874
753,0.00516390852444627
754,0.05483956563893969
755,-0.06719461165401151
756,0.007075526979858284
757,0.05831635513554955
758,0.0240810155217978
759,0.02955233716005191
760,-0.011021865930080019
761,-0.1059692307300297
762,-0.019733802413188905
763,-0.013565888693224636
764,-0.013972290296155663
765,-0.03252038375779377
766,-0.014775354153369412
767,-0.10844320622679103
768,-0.013416128140347892
769,-0.06655882817685015
770,-0.027182199324015877
771,0.004161949824304906
772,-0.014544628576820425
773,-0.06652831302918637
774,-0.0292175717472417
775,0.057704621651748535
776,-0.00829869284518874
777,0.07206972017927026
778,-0.14689283986370966
779,-0.006130710283927047
780,-0.0020113107769508887
781,-0.1043600898749715
782,-0.03869339228569591
783,-0.11719250894291747
784,0.06744714249810668
785,-0.04113149802519807
786,-0.023009230168322434
787,-0.04823378347716095
788,-0.04676842990006257
789,-0.04582468683834564
790,-0.006752646362727689
791,-0.001123341801423075
792,0.03189714707613954
793,-0.09506513048542309
794,0.06472638555327931
795,-0.010000997876429354
796,-0.04060483671284749
797,0.006091638896818698
798,-0.053545304607634965
799,-0.01540041181737166
800,-0.01626708137206276
801,-0.01270645336853865
802,0.06555817421550209
803,-0.10114958135150631
804,0.03594938228464439
805,-0.016406194998412785
806,-0.1036797553663479
807,0.06904618959191677
808,0.040011795598042965
809,0.004878500841017277
810,-0.01789044009857618
811,-0.017928642185218346
812,-0.05570252215056433
813,0.06406561991697306
814,-0.023227559801386796
815,-0.023227559801386796
816,-0.02180718971537714
817,-0.022718590759182134
818,-0.02326357126687929
819,-0.018901252785847325
820,0.06691063811862677
821,-0.14890261912390138
822,-0.02375370835689038
823,-0.10145088407835721
824,-0.026855730595015358
825,0.033621511818356334
826,0.033621511818356334
827,-0.09346392012019059
828,-0.06461856978475519
829,-0.16508475786765311
830,-0.03192584973432439
831,-0.03192584973432439
832,-0.0986550520699221
833,0.0639800197153443
834,-0.022515416720507234
835,-0.08947836811552883
836,0.09066108431581003
837,-0.09035389678519579
838,-0.017854312182299967
839,0.06245874223906894
840,-0.02359618341957808
841,-0.02359618341957808
842,-0.08770792834398866
843,-0.024792422938341607
844,0.01119810600299413
845,-0.07780551148053627
846,0.06197093822296102
847,0.009893697018769241
848,-0.016541452800941922
849,-0.014843356636345204
850,-0.024699103898804614
851,-0.02376217408180536
852,-0.1609683613554207
853,-0.01319119549493265
854,0.04786803108620006
855,0.04950371457264107
856,-0.07411914439095783
857,0.08562483700506433
858,0.043222738951515405
859,-0.009397185162021626
860,-0.03219934854382017
861,-0.008976545807277579
862,0.07129407897334851
863,-0.017351983084440806
864,-0.07036641544631751
865,-0.044277900882475754
866,0.06174476130743002
867,-0.04682316813225315
868,0.0252583848488835
869,-0.04601897338573975
870,-0.021570267130283413
871,-0.028088476272862394
872,-0.06654402914292942
873,-0.07006093123279133
874,0.06536768241236039
875,-0.003747567051802232
876,0.018186607288386742
877,-0.002779968802708067
878,-0.002779968802708067
879,-0.002779968802708067
880,-0.04569765039537959
881,0.0552247528950699
882,0.08061493846985393
883,-0.045209326876231484
884,-0.044214739439465044
885,-0.08415158310092545
886,-0.02069028015358872
887,0.08257040154999747
888,-0.04496947663246298
889,-0.15293196369699116
890,0.07836031400696347
891,-0.07086167545344313
892,-0.08457657785977418
893,-0.09503913560347708
894,-0.03321482363684641
895,-0.03848640540405677
896,-0.046184530097086306
897,-0.05175991459927502
898,-0.06993854788942187
899,-0.03826748070554959
900,-0.0647053690967663
901,-0.03854109895921658
902,0.026280829691347176
903,-0.06160543366974093
904,0.024430792064362453
905,0.061816507725967036
906,0.08058113072619028
907,-0.057904810262379154
908,0.04187283827204713
909,-0.06175652499209237
910,-0.061716172569132435
911,-0.09011712928106105
912,-0.06062199839053983
913,-0.062053357560015523
914,-0.0886748020600509
915,-0.08780596433366339
916,-0.05976815594966957
917,-0.09877360584304798
918,-0.04609774320793513
919,-0.06690133627022762
920,-0.022338062344800853
921,-0.06263692334356556
922,0.02107624809692932
923,-0.09756701044039304
924,-0.08613807547752021
925,-0.06304771990317291
926,-0.06099215940583764
927,-0.029831505901965445
928,-0.05345381204395897
929,-0.055704442785503336
930,-0.09443089521134729
931,-0.09011506649967553
932,-0.050677244062316086
933,-0.09912409695066739
934,-0.0672907357643792
935,-0.05926769589352158
936,-0.06680431578560285
937,-0.13926424097527232
938,-0.07035482604509007
939,-0.05982064032023773
940,-0.028541678903400584
941,-0.07791340857061249
942,-0.07272811648782934
943,-0.07470037930354352
944,-0.016951150810395294
945,-0.13091529231325966
946,-0.03258881665514854
947,-0.029354337981745138
948,-0.13502393699482765
949,-0.05463240394468294
950,-0.0582805575252033
951,-0.13047087273966984
952,-0.012579106208025354
953,-0.06336287548461329
954,-0.13067714835424585
955,-0.13263454991862275
956,-0.06888498911668985
957,-0.08390253704645032
958,-0.01191905889065895
959,-0.03613844234761828
960,-0.0438253739068661
961,-0.01963669684423297
962,-0.06858205785293274
963,-0.08006484901722923
964,-0.026482487674792644
965,-0.14605101538373547
966,-0.024556473743144777
967,-0.06795897814773605
968,-0.0246450338923358
969,-0.014112928974702186
970,0.011992903404536055
971,-0.00958867148433345
972,-0.00958867148433345
973,-0.1466342119110876
974,-0.03454946103624015
975,-0.06495046555931733
976,-0.024542041337789772
977,-0.05527637282067995
978,-0.010661542453251818
979,-0.1476507610742148
980,-0.14728417582836206
981,-0.020043461763454628
982,-0.14540121135458564
983,-0.010029989185647906
984,-0.049138402326329295
985,-0.016254604224981165
986,-0.14317720268317027
987,-0.1427651131455556
988,-0.09097426571070028
989,-0.016202668490268548
990,-0.05230073809960621
991,0.010780583459367655
992,-0.06580069546650343
993,-0.13972927744895797
994,0.015751906798668867
995,-0.13933684434846458
996,-0.01574160120467571
997,-0.10248973641604787
998,-0.02102278356419375
999,-0.06610323838467685
1000,-0.05299984095156691
1001,-0.01452971658477299
1002,-0.06022604656815402
1003,0.018170117036932804
1004,0.0011003526087550338
1005,0.0023820260961224136
1006,-0.02389641965143145
1007,-0.059451504743007706
1008,-0.13236410831929799
1009,-0.021255004490551312
1010,-0.06899992969116195
1011,0.007107348190569587
1012,0.010891462508093723
1013,-0.13253400810437804
1014,-0.06167456116591345
1015,-0.10929871308758084
1016,-0.13458300236635873
1017,-0.04838416826501852
1018,-0.060087403987425916
1019,-0.004315223733002573
1020,-0.004315223733002573
1021,-0.007978078315988965
1022,-0.008082666110702933
1023,-0.12628536659694706
1024,-0.018775509760793768
1025,-0.048415294822605266
1026,-0.12337166019639043
1027,-0.002100864566077137
1028,-0.018995341797038275
1029,-0.12330946295358249
1030,-0.017298638009922405
1031,-0.10122031534483052
1032,-0.005175802872110098
1033,-0.06467281226527088
1034,-0.1138882323005817
1035,-0.1266883039432364
1036,-0.009978622402292702
1037,0.006469265881814688
1038,0.009123839440215517
1039,0.006501858472215363
1040,-0.12797390198041672
1041,-0.0935606826573263
1042,-0.12018372199688994
1043,-0.021963745753496734
1044,-0.04143952366921157
1045,-0.01902348976399979
1046,-0.07708820622117503
1047,0.012415984935690301
1048,-0.07746254077527084
1049,-0.0036623215743024303
1050,-0.016229259196582208
1051,0.01573434892968815
1052,-0.009746649805598046
1053,-0.014110743563307777
1054,-0.11677830501734789
1055,-0.11677830501734789
1056,-0.12556440155559637
1057,-0.08153210200684242
1058,-0.009734711110153088
1059,-0.11336058144478596
1060,0.015741935073590178
1061,-0.12661552431909934
1062,-0.04976455766528982
1063,-0.007933108857819495
1064,-0.044758981562944715
1065,0.014344011369712707
1066,-0.016516565832275808
1067,-0.11486585171979863
1068,-0.07732819426986065
1069,-0.00300424494958228
1070,-0.011145561103034732
1071,-0.029608215918734342
1072,0.01739235887357699
1073,-0.10959602445266217
1074,-0.011520091845895522
1075,-0.012809075218394216
1076,-0.006319173263870757
1077,-0.005555822761179082
1078,-0.10337589372842922
1079,-0.059079136809022374
1080,-0.09792783833961607
1081,-0.09300756922788948
1082,-0.10710737945768643
1083,-0.10909322800828296
1084,-0.07611808610969553
1085,-0.08876613709509046
1086,-0.013318128501271807
1087,0.016285062154407972
1088,-0.10920946189400749
1089,-0.007905517821910134
1090,0.01989860783636899
1091,-0.09343156264678051
1092,-0.008899920809403624
1093,-0.11046977490600614
1094,0.03039757078751657
1095,-0.005307955379466488
1096,-0.06859273479985482
1097,-0.0020751073843963247
1098,0.03766804168614933
1099,-0.06443852637643165
1100,0.00431614339890764
1101,-0.09758604780805606
1102,-0.023022840487795664
1103,-0.09405297573663936
1104,-0.056479914184525915
1105,0.030296297078553153
1106,-0.09550167843742215
1107,-0.11445166211016476
1108,-0.056175476129585816
1109,-0.00415122839808436
1110,0.004610891692552845
1111,0.03569534413919968
1112,0.005700426616787523
1113,-0.05397840999561579
1114,-0.09449369948210495
1115,-0.007105352502996144
1116,-0.007105352502996144
1117,-0.015180027034651
1118,0.00258353662333527
1119,0.00258353662333527
1120,-0.0650177084659813
1121,-0.01756767650105609
1122,-0.09806423966021549
1123,0.010425981751308818
1124,0.010425981751308818
1125,0.029702258032919156
1126,-0.09020066142587939
1127,-0.057643040710836466
1128,0.014011351389681185
1129,0.009023018080417607
1130,-0.0861025110201025
1131,-0.11152318861549197
1132,0.013988084996581622
1133,-0.09613228921001621
1134,0.014813885047218428
1135,-0.12107388242879626
1136,0.012529636876537242
1137,0.01704457645456692
1138,0.01799893704224519
1139,-0.019128949541357056
1140,-0.11936376654328863
1141,-0.08475580860046582
1142,0.009956868395965452
1143,0.00856257879668851
1144,-0.09450855600415037
1145,0.015821426618231965
1146,-0.09618257927725703
1147,-0.0036361280836349273
1148,0.007550658581885465
1149,0.012564180846757532
1150,-0.04109436879239789
1151,0.021782516470010557
1152,-0.11481585485916296
1153,0.02258654440423411
1154,-0.08927028357445481
1155,0.008252258426615106
1156,-0.10268234789696329
1157,-0.1045262591675699
1158,-0.05063064724742732
1159,-0.08850125047827974
1160,0.0015383596022003204
1161,-0.0006087068644876584
1162,-0.08611378879694033
1163,0.02117240456497869
1164,-0.11351156083960819
1165,-0.11568240442344714
1166,0.005081655363697693
1167,-0.024997393849479153
1168,-0.024997393849479153
1169,-0.04174957449255323
1170,-0.08244621445435299
1171,0.012042429879088334
1172,0.016512676590965957
1173,-0.025540199082856457
1174,-0.10277379801414051
1175,-0.049117795648747846
1176,-0.00811856846667561
1177,0.026298430443682436
1178,-0.10921799431702754
1179,-0.11454640640554357
1180,-0.0645309018121898
1181,-0.11826704442057577
1182,-0.1161316761776183
1183,0.007858435012016477
1184,-0.07221210668575898
1185,-0.11554625026722913
1186,0.03389950304081508
1187,-0.11176713975048376
1188,-0.12318248555744171
1189,0.027519626639025685
1190,0.016779296110974284
1191,0.030313025783658996
1192,-0.03000016958811695
1193,-0.07010240454838572
1194,0.03537346584863863
1195,-0.10752413506947013
1196,0.03537346584863863
1197,0.05060013508283077
1198,-0.008089999495386732
1199,-0.08910062952041689
1200,0.0417142337143583
1201,-0.114826586065617
1202,-0.13209677522776353
1203,0.025164066825100962
1204,0.027129042815641633
1205,-0.04349461470608406
1206,-0.06494071889704546
1207,-0.09559500240490189
1208,-0.05437077891259228
1209,0.04391926111881816
1210,-0.11556199159535528
1211,0.03567765372401406
1212,-0.015150586140154557
1213,-0.020897655409018934
1214,0.0012996718614579862
1215,-0.08300124293056285
1216,-0.08204287775614032
1217,-0.04243386545873216
1218,0.048001459526284915
1219,0.03595435879519045
1220,0.033495643369376105
1221,-0.11416034661605488
1222,-0.016088743831162693
1223,-0.13224485648562612
1224,0.04283585518111295
1225,-0.045562043608986566
1226,-0.11741317003129438
1227,-0.1173121864548683
1228,-0.11825155651517522
1229,-0.05796188243482573
1230,0.06026901005829394
1231,0.015470962233084171
1232,0.015470962233084171
1233,0.06425960776806705
1234,-0.012286835744604952
1235,-0.10906126713934097
1236,0.026406672480265198
1237,0.02411035968333866
1238,-0.11316968141371356
1239,-0.051293142044290085
1240,0.05643010777553686
1241,0.05380589003454055
1242,-0.1351854199493319
1243,0.010339937881663298
1244,0.00971028440201144
1245,-0.02330059150160877
1246,-0.02330059150160877
1247,-0.05705363781780417
1248,0.02407759941442709
1249,0.02407759941442709
1250,-0.11722215089385907
1251,-0.11402935094815357
1252,-0.07714974707040527
1253,-0.06179487165213129
1254,0.022236358225210848
1255,-0.049449337101824364
1256,0.05698348510504405
1257,-0.1080215988318963
1258,-0.029498842486635937
1259,-0.10772376585232062
1260,-0.001561468862132012
1261,0.056379541726104036
1262,0.02103219762295978
1263,-0.003940177576904668
1264,-0.10917012730735043
1265,-0.037958324870199886
1266,-0.11887623750017093
1267,0.046802692541488326
1268,0.029155607441814134
1269,-0.06062539130123103
1270,0.05306714449691684
1271,-0.06844397510391971
1272,-0.028973602980711877
1273,-0.14066241117748696
1274,-0.005723621121717739
1275,-0.10132603469191735
1276,0.053916889779835914
1277,0.03316909712427612
1278,-0.10108639744409416
1279,-0.10789032311435981
1280,0.03231215487720725
1281,0.05484751885924935
1282,0.05541722015182163
1283,-0.0991064812639379
1284,-0.09515013490364321
1285,-0.06286438287285387
1286,-0.14886279228670143
1287,0.05009011057229573
1288,-0.11005622841104537
1289,0.019864524184443958
1290,-0.009794965181120814
1291,0.04669594917208698
1292,-0.05778846934854824
1293,0.021642138386017286
1294,0.025517123004787905
1295,-0.053383326796061205
1296,0.02646368267741403
1297,0.029269302748764135
1298,0.040255870950527836
1299,-0.05578200628083017
1300,-0.038694205346446325
1301,-0.053074969461267704
1302,-0.03161129241199416
1303,-0.03825390061964303
1304,-0.0903199428537216
1305,0.05223994553109438
1306,-0.09320158692302116
1307,-0.10819298148279449
1308,-0.09461407348266825
1309,0.04284434339048798
1310,0.019799120014380802
1311,0.04949050074764006
1312,-0.09036658098470796
1313,-0.04285332329420844
1314,0.03667153643654243
1315,0.011782402428441021
1316,-0.0820262660045991
1317,0.022289509429938827
1318,-0.059406458144825855
1319,-0.0818575750436945
1320,-0.04692970933416541
1321,-0.16432588400372727
1322,-0.0353130394202608
1323,-0.0027273487162460604
1324,0.024515986598069358
1325,-0.009237134745632775
1326,-0.07437124365044752
1327,-0.07398773517584946
1328,-0.10882177662211652
1329,0.03292880622110489
1330,0.02119498528563013
1331,0.020141635824808674
1332,-0.10942668295617923
1333,0.02243273380933087
1334,0.021374737817918155
1335,0.009164005710973866
1336,-0.07409743852649767
1337,-0.04620279432255364
1338,-0.056513885402004596
1339,0.013438696284966342
1340,0.013474928456054927
1341,-0.004305689956254425
1342,-0.004305689956254425
1343,0.012966303744352876
1344,-0.004462455224723756
1345,-0.06342337424792154
1346,-0.08180444247276156
1347,-0.05670309913412734
1348,0.01530685954787798
1349,-0.07971870977452
1350,0.017015546806007854
1351,-0.05283628309368779
1352,-0.05424569858055304
1353,-0.012202087712254103
1354,-0.012202087712254103
1355,0.023215161364866274
1356,-0.05325135406926043
1357,-0.1412640051385728
1358,0.01205222896966387
1359,0.018574340789213238
1360,-0.08729353474948232
1361,-0.0593349564161809
1362,-0.014193268896645494
1363,-0.06155383101811534
1364,-0.030361430378669868
1365,-0.08269557429307835
1366,-0.08162222231739427
1367,0.016807266769711098
1368,0.0045793748518630625
1369,-0.08263667217198321
1370,-0.1455866499826634
1371,-0.02147452564778845
1372,-0.0748342004697771
1373,-0.05478992509419749
1374,-0.10869401186527304
1375,-0.014825977750628806
1376,-0.1098561666589041
1377,-0.07607314976580504
1378,-0.07193825441821491
1379,0.009320206900456573
1380,-0.017873367939498713
1381,0.012382712398270091
1382,0.047997987592436384
1383,-0.11573964930136008
1384,0.06647592219636943
1385,-0.04443498827566261
1386,0.009078741367730578
1387,-0.04466137843266198
1388,0.0020134035808769555
1389,-0.0625056273481236
1390,-0.02331542821438521
1391,-0.0251306766846516
1392,-0.025538819115796984
1393,-0.016040776508662157
1394,-0.06980374914031781
1395,-0.08758933493671127
1396,-0.06081320070874474
1397,-0.06042460948615257
1398,-0.1393669619683465
1399,-0.0026846186681772715
1400,-0.05505795851492839
1401,-0.0026846186681772715
1402,-0.05439331010232835
1403,0.005289129577032767
1404,-0.01593608372921383
1405,-0.06688093624538431
1406,-0.04839183175073974
1407,-0.012436591042950836
1408,-0.012436591042950836
1409,-0.014539449461420797
1410,0.007717283300427133
1411,-0.040046304485759236
1412,-0.06007706849552748
1413,0.007193072481652316
1414,-0.027321830503185675
1415,-0.030539511126595944
1416,-0.043623379194052764
1417,-0.06039081643465325
1418,-0.01821234219080853
1419,-0.05215240979384191
1420,-0.06293622902066993
1421,-0.03288598549269519
1422,-0.13368244099022616
1423,-0.04972281981255827
1424,0.06799435526977644
1425,-0.046367753674732455
1426,0.008996707106858558
1427,-0.016678821630862175
1428,0.01948236077683365
1429,0.006392572975523615
1430,-0.12769352341045612
1431,-0.03638484210861517
1432,-0.1347885388010747
1433,-0.05053320514298162
1434,-0.07602429252493509
1435,-0.034420189151072506
1436,-0.08291348593422895
1437,0.013914374660821436
1438,0.0027562540017371426
1439,-0.03709272522790484
1440,-0.1215877686956581
1441,-0.039761760004113036
1442,-0.041060473415930214
1443,0.010313685098992368
1444,-0.08119138588881462
1445,-0.031765200874632214
1446,-0.061507453125926294
1447,-0.04803138844775657
1448,-0.04803138844775657
1449,0.023945629152513727
1450,-0.06127149257312507
1451,-0.02289411273826048
1452,-0.12617475987407795
1453,-0.06270768203076041
1454,-0.0611900696979565
1455,0.024159217119125727
1456,0.0244358733632433
1457,-0.03627715163027154
1458,-0.03627715163027154
1459,0.038301013329646964
1460,-0.022196452668031465
1461,-0.06607478073217661
1462,-0.007598600382880372
1463,-0.02246656753541209
1464,0.012701510957776743
1465,-0.023676846551874874
1466,0.048589037463197045
1467,-0.03212124737523929
1468,0.06183765817021933
1469,-0.04175465758498008
1470,-0.11544180466883679
1471,-0.13514085522966493
1472,-0.010600338298317217
1473,-0.014436861238933642
1474,-0.037043578439588054
1475,0.01491471033771166
1476,-0.040199352154490546
1477,-0.014411603095116689
1478,-0.016368502494386317
1479,-0.03919413562119391
1480,-0.042386261800742876
1481,-0.0256217745109338
1482,-0.04085967102196415
1483,-0.002049551517044646
1484,-0.002192672752105147
1485,-0.06457097326170422
1486,0.047132894972024345
1487,-0.0004854546015670806
1488,-0.005302687768310752
1489,-0.06423450780536155
1490,-0.0023072931326218508
1491,0.029722435492723336
1492,-0.031567189327570536
1493,0.003862467883215655
1494,-0.06335701159997492
1495,-0.03347343213132911
1496,-0.03859085492412105
1497,-0.12188617871381054
1498,-0.06172048579456767
1499,-0.1427965231798512
1500,-0.09368770824497102
1501,0.0017124274435894485
1502,0.03526155936495786
1503,-0.06143792293940614
1504,-3.569806948266695e-05
1505,-0.009788799882652917
1506,-0.1442356298542937
1507,-0.12765952779961498
1508,-0.023048196379250933
1509,-0.023048196379250933
1510,-0.01779983369586347
1511,0.005318615018758631
1512,-0.03407882196010627
1513,-0.06253966197076874
1514,0.0013422288307333556
1515,-0.007139030705478237
1516,-0.041466465941465386
1517,-0.05267511622107806
1518,-0.009424290303811412
1519,-0.09920874631133199
1520,-0.02590993618355392
1521,-0.12692284421382455
1522,-0.009524434537237553
1523,-0.008944207888482643
1524,-0.007884153947484221
1525,-0.14852884982965048
1526,0.06639536376840097
1527,-0.01610441842395203
1528,-0.018775830700004367
1529,-0.13217988377764667
1530,-0.012116909569140561
1531,-0.022416160472252384
1532,-0.012457289061293382
1533,-0.01792702367328131
1534,-0.0009661696697167282
1535,-0.014664664200332297
1536,-0.0324709754591037
1537,-0.019079315982522833
1538,-0.01570346689515994
1539,0.08653402272351987
1540,-0.06371388906162247
1541,-0.016000748088085662
1542,-0.09259472618901475
1543,0.036318959709835896
1544,-0.1274708357065827
1545,0.09361324049080971
1546,-0.021442706944468745
1547,-0.02000144080435531
1548,-0.05144545428509829
1549,-0.05981660746048692
1550,-0.05127774329968807
1551,-0.07779132694922092
1552,-0.007375822891549809
1553,-0.015818507292968124
1554,-0.05122345634251503
1555,-0.11448628481315659
1556,-0.01610193479215787
1557,0.020932087004597835
1558,-0.049566657014320004
1559,-0.049566657014320004
1560,-0.15711296529202579
1561,0.00025878173618795427
1562,-0.040202094902774536
1563,-0.013166233628245963
1564,-0.0851798029083089
1565,-0.15414653917281307
1566,-0.11612181337291537
1567,-0.0009554403370243412
1568,-0.041374609419163044
1569,-0.06659073326987014
1570,-0.1326359591722269
1571,0.0708103317577255
1572,-0.06478175811696509
1573,-0.008360526297693334
1574,-0.03887947667413919
1575,-0.01091272184195058
1576,-0.03995387243828963
1577,-0.0009447032779238827
1578,-0.031448067626292056
1579,0.0028171390594507626
1580,-0.030816667317934764
1581,-0.028845774068786658
1582,-0.13363664466871122
1583,-0.0454792401551986
1584,-0.026712110784787284
1585,-0.026058082730062895
1586,0.011119711439662776
1587,-0.026058082730062895
1588,0.02244264562901302
1589,-0.012871333368568633
1590,0.012233305137092705
1591,-0.013829351657987989
1592,0.01553408015527884
1593,-0.08001827612964224
1594,-0.014386812560487397
1595,-0.019587796818062983
1596,-0.014497422166163721
1597,-0.13259880405293412
1598,0.0056198583010575055
1599,-0.08243217858505594
1600,0.005245765704167314
1601,-0.07829231201866652
1602,-0.02540262460505357
1603,-0.0636085951127848
1604,0.008432624713341417
1605,-0.15025425563790776
1606,-0.051614852418114476
1607,-0.054954123422028094
1608,-0.018965731944034187
1609,-0.03117375575183455
1610,-0.00010350461171954999
1611,-0.00917928142782111
1612,-0.00010350461171954999
1613,-0.14307595534875167
1614,-0.03075667967923108
1615,-0.031236179414771234
1616,-0.030469553761160634
1617,-0.09067875603244832
1618,-0.06704672446971598
1619,-0.019134525189778925
1620,-0.011718755687590041
1621,-0.09475576190362743
1622,-0.05821855899616647
1623,-0.017241402003111958
1624,-0.014372687513867447
1625,-0.12972809779286953
1626,-0.06530357861985607
1627,-0.028561080303774147
1628,-0.06945226133472075
1629,-0.03155547538202521
1630,-0.03448364741528894
1631,-0.03448364741528894
1632,-0.06696280586973305
1633,0.01143229908777963
1634,-0.012395001090990815
1635,-0.05202562434036779
1636,-0.02920757064063072
1637,-0.008959653091741468
1638,-0.020542777670632603
1639,-0.024067129230420602
1640,-0.07394102421593945
1641,-0.02610298072883711
1642,-0.06240799104099179
1643,-0.008798465256199626
1644,-0.034841772933201086
1645,-0.06416640797389613
1646,-0.06174122234277023
1647,-0.010580434856455467
1648,-0.03550581042857836
1649,-0.024145012893025314
1650,-0.009645357465613274
1651,-0.02220471934820608
1652,-0.01808626820917334
1653,-0.08202738004129527
1654,-0.021578622333444417
1655,-0.0360256489167802
1656,-0.023499903791588228
1657,-0.07777832743321651
1658,0.011538651616995485
1659,-0.06478117139833652
1660,-0.011265022500247725
1661,0.04341418432329986
1662,-0.025721743102026667
1663,-0.1385601551153004
1664,-0.049500653935818116
1665,-0.02622294925058109
1666,-0.02779252024867805
1667,-0.11156369465989151
1668,-0.058427957094012634
1669,-0.13366802195798444
1670,-0.0370629780110469
1671,-0.023347111221669003
1672,-0.018764695595661053
1673,-0.057001412067547316
1674,-0.036965565528699805
1675,-0.024987668428093194
1676,-0.08350988929425267
1677,-0.00794463324729719
1678,-0.025780372716512547
1679,-0.03690977126305445
1680,-0.015275150338106155
1681,-0.036974938080552376
1682,-0.06841531062449117
1683,-0.01951050082577954
1684,-0.02508212402769393
1685,-0.009136499022309608
1686,0.00861507336152465
1687,-0.016660122905645097
1688,-0.032265617937393645
1689,-0.03236064306137327
1690,-0.013779155303930634
1691,-0.05713645284727177
1692,-0.03246729154550787
1693,0.02749679436405275
1694,-0.09217792880823328
1695,-0.02868505154277106
1696,-0.005802064882359981
1697,-0.007292195572761621
1698,-0.009470487167917206
1699,-0.08755596387557299
1700,-0.0878598663873804
1701,-0.010322479266212773
1702,-0.06899927723819281
1703,-0.007713410370042875
1704,-0.03505943992475337
1705,-0.004612174495019372
1706,-0.004612174495019372
1707,0.000483376865364417
1708,-0.008583317703857236
1709,-0.11033482622949928
1710,-0.02411436212788798
1711,-0.00897935789482249
1712,-0.16110163731553367
1713,-0.07400383429461027
1714,-0.00860415118104553
1715,-0.07537802860464317
1716,-0.0203805166622368
1717,-0.07537802860464317
1718,-0.07784927534285954
1719,0.010128741754363173
1720,-0.1394879789784742
1721,0.01563382436577142
1722,-0.07342030122580646
1723,-0.03805645689116173
1724,-0.07417929224785734
1725,-0.03947546179085368
1726,-0.1714547337535624
1727,-0.010223913155943905
1728,-0.01766792845450628
1729,-0.04307495720458842
1730,-0.04368032303844478
1731,-0.00869104812504843
1732,0.008235278200935017
1733,-0.08287846862954741
1734,-0.06415668253082482
1735,-0.011423093218204684
1736,0.0400006342208875
1737,-0.008536566034908816
1738,0.007907851477473148
1739,-0.06645877698751684
1740,0.009081691326098503
1741,-0.06512511771965834
1742,0.012394940394443282
1743,-0.06281840355514376
1744,-0.05674098427947643
1745,-0.11661709691771038
1746,0.019407063540276184
1747,-0.06516816528650134
1748,-0.0636781745481985
1749,0.014680390472607448
1750,0.03077542463665695
1751,0.018742654814303598
1752,0.03586926542695319
1753,0.034576647091086585
1754,0.020505090717539018
1755,-0.044917578270741734
1756,0.041528755347369904
1757,0.023702068512870315
1758,-0.10146645548341332
1759,-0.16798644508896282
1760,-0.07792387474547283
1761,-0.06448643551993602
1762,-0.004278376467790494
1763,0.0343461578281989
1764,0.00756622204617052
1765,-0.06413349528859431
1766,0.00488500897038987
1767,0.023767844488431628
1768,0.004174363381009103
1769,-0.003673139799612622
1770,0.012899666405646949
1771,-0.06350797377312813
1772,-0.13187185880774557
1773,-0.007013210105538759
1774,-0.16004540085311897
1775,-0.012738818589559853
1776,-0.021015927422706974
1777,-0.0782177201115783
1778,-0.06703752507641743
1779,0.002588548290109037
1780,-0.027089310176558055
1781,-0.027681736299436006
1782,-0.0262190218213139
1783,-0.08856903276520946
1784,-0.03922283464221535
1785,0.015470229975366184
1786,-0.031591836539823254
1787,-0.007727310592595579
1788,0.01993050727206749
1789,-0.07102705736757452
1790,-0.09035330971692616
1791,-0.07102705736757452
1792,0.01993050727206749
1793,-0.0030255111140594358
1794,-0.07428700565584742
1795,-0.025217440594052246
1796,-0.0714174442483798
1797,-0.05815649814985227
1798,-0.05962406674496123
1799,-0.02438526072076649
1800,-0.13798748722455167
1801,-0.07019288128573065
1802,0.003038070878790659
1803,-0.07819390807759527
1804,-0.07197970135744605
1805,0.015687348584662794
1806,-0.008391179336610762
1807,-0.07286289578535576
1808,-0.07313893710854283
1809,-0.034508152391303615
1810,-0.08130125308947936
1811,-0.14750968680586907
1812,0.011529376129245294
1813,-0.06902565555697728
1814,-0.005299652102336493
1815,-0.0652317478453942
1816,-0.060662535718492665
1817,-0.06124244046543211
1818,-0.0620716040167615
1819,0.032618066432356846
1820,-0.05920689111996147
1821,-0.05743523756194223
1822,-0.12843664618048553
1823,0.002900027177173143
1824,-0.04593269829105427
1825,-0.12774816455768337
1826,-0.007618637405673088
1827,-0.031122675718265193
1828,-0.05237393886921422
1829,-0.06460988107404572
1830,-0.06648979952959605
1831,-0.010334910420474422
1832,-0.07778103461628028
1833,-0.1072538718286301
1834,-0.1348214691139321
1835,-0.1361372090669441
1836,-0.032806427274526304
1837,-0.05659845848462269
1838,-0.030308490439430468
1839,-0.14477683157115756
1840,-0.029314679824593903
1841,-0.032617455067574595
1842,-0.1436924507832461
1843,-0.1375374487765909
1844,-0.02315068143952443
1845,-0.01340562532956932
1846,-0.0814226131238165
1847,-0.047568175129104495
1848,-0.10444014926219337
1849,-0.03247512844997096
1850,-0.05555189915512848
1851,-0.05995341563323604
1852,-0.0646654625134077
1853,-0.06493140814247013
1854,-0.10406322494853398
1855,-0.05059551444585766
1856,-0.03434767516672134
1857,-0.13226388183427482
1858,-0.06708597825101921
1859,-0.13345859444514238
1860,-0.06615541057894055
1861,-0.06566091023461053
1862,-0.06538928059026478
1863,-0.13183474743823265
1864,-0.055284271763829045
1865,-0.07466926119812599
1866,-0.04658646198248232
1867,-0.10636086908515359
1868,-0.13573275121552458
1869,-0.05083568459594839
1870,-0.0145723657630925
1871,-0.008881117253504172
1872,-0.12366727603202732
1873,-0.060585926754447274
1874,-0.03170810631330878
1875,-0.05633300909500765
1876,-0.1220422419567183
1877,-0.09678231973175892
1878,-0.06609618159570267
1879,-0.057728692055304114
1880,-0.09802460642005799
1881,-0.12501482900724767
1882,-0.12501482900724767
1883,0.006546195299004676
1884,-0.05543686896056433
1885,-0.05578783563204962
1886,-0.1257948744827421
1887,-0.03522565607698769
1888,-0.05049305895362516
1889,-0.057658155680181865
1890,-0.08518950776299077
1891,-0.08355578966937152
1892,-0.027844812599659766
1893,-0.06427543762614699
1894,-0.06427543762614699
1895,-0.08478715259817898
1896,-0.050075715182766566
1897,-0.12646629008343555
1898,-0.03642626249676494
1899,-0.08947950773001269
1900,-0.1262819034831703
1901,-0.07968863456916601
1902,-0.1262819034831703
1903,-0.03288011346066559
1904,-0.06210066558641007
1905,-0.09398847878960033
1906,-0.08278554058037628
1907,-0.08278554058037628
1908,-0.12266849393117152
1909,-0.07886511150932166
1910,-0.11177524921494142
1911,-0.05385107688186381
1912,-0.04878916292019204
1913,-0.12028665892791014
1914,-0.11935995818777845
1915,-0.07504523089507659
1916,-0.0485459016509131
1917,-0.004890144416686477
1918,-0.07225239942084458
1919,-0.09860908366988808
1920,-0.026715850800402032
1921,-0.06751181294977156
1922,-0.12879985354094692
1923,-0.1060735448579853
1924,-0.1352101407552978
1925,-0.1048114169139066
1926,-0.04821180240625872
1927,-0.03604586340423676
1928,-0.04752016466545093
1929,-0.05529415312068829
1930,-0.0006654398140776827
1931,-0.0962129181197003
1932,-0.052226776445789554
1933,-0.09751019327167881
1934,-0.03352640443760487
1935,-0.05024855147051145
1936,-0.05022612396964407
1937,-0.055863272272571846
1938,-0.0992551366852636
1939,-0.057161728630532406
1940,-0.05418853530074791
1941,-0.11976426184879353
1942,-0.050165997344382235
1943,-0.03165256437859378
1944,-0.07562800244710245
1945,-0.1205314974024868
1946,-0.057149233655099156
1947,-0.057149233655099156
1948,-0.03127449533502445
1949,-0.036764367604867315
1950,-0.1240867179485392
1951,-0.09783807359852353
1952,-0.061630909495640436
1953,-0.11181016002501976
1954,-0.09940178373335734
1955,-0.048386540250109626
1956,-0.09108644312661872
1957,-0.09108644312661872
1958,-0.09296267005757669
1959,-0.07699914580438323
1960,-0.11467111568906965
1961,-0.06680253327856332
1962,-0.11600956940121787
1963,-0.029747851350658633
1964,-0.06074228022388572
1965,-0.12059270292288102
1966,-0.10111720708846791
1967,-0.0010940490684594345
1968,-0.034443378971796564
1969,-0.13062399892822912
1970,-0.13377920449710673
1971,-0.06507909371773746
1972,-0.07517932895512444
1973,-0.1384206860963381
1974,-0.01981718442722702
1975,-0.06525208182343918
1976,-0.03774621297636265
1977,-0.11122885228020624
1978,-0.07361434027881879
1979,-0.06380175438078436
1980,-0.06646013240236709
1981,-0.10195169910000829
1982,-0.06713579969852305
1983,-0.06889783651754312
1984,-0.06902168497493186
1985,-0.0010277201160786714
1986,-0.006387687429286833
1987,-0.10028337871627095
1988,-0.06464849347830942
1989,-0.06464849347830942
1990,-0.053545300134496196
1991,-0.07348197356098449
1992,-0.03298714213722205
1993,0.006083773178582679
1994,-0.14159319270224735
1995,-0.02843973685149348
1996,-0.0978406582626834
1997,-0.14159319270224735
1998,-0.13961484828135773
1999,-0.0960574930178114
2000,-0.07543738884655259
2001,-0.08919483972339158
2002,-0.08954196888706935
2003,-0.08954196888706935
2004,-0.13658374878770876
2005,-0.06527262743517685
2006,-0.07316543149961921
2007,-0.06524406240438313
2008,-0.12984260378864615
2009,-0.12984260378864615
2010,-0.13021735976050394
2011,-0.08521945833844947
2012,-0.07126573637141213
2013,-0.1293853662801326
2014,0.007033894093227794
2015,-0.06928511199042528
2016,-0.07149496126165207
2017,-0.13237030948021353
2018,-0.030592083677694424
2019,0.009656184627956463
2020,-0.10461629301308392
2021,-0.09993914541800816
2022,-0.13674931263186044
2023,-0.013490131670518888
2024,-0.013490131670518888
2025,-0.008989629576896299
2026,-0.06221122003070327
2027,-0.11782370663650753
2028,-0.060378191903785856
2029,-0.03125892821044637
2030,-0.08694700008530228
2031,-0.07267466757712236
2032,-0.07521845014868729
2033,-0.1251976699993298
2034,-0.04297627185391634
2035,-0.07338867085160668
2036,0.012036862482711153
2037,-0.027619805039925133
2038,-0.07164263288433576
2039,-0.010799672140701853
2040,-0.07769242296463416
2041,-0.07592742788806868
2042,-0.11872925525568499
2043,-0.027821895546110347
2044,-0.07665695748483935
2045,0.02129658716504943
2046,-0.0349155132855171
2047,-0.11744599334793353
2048,-0.0613463597791162
2049,-0.07530525449443891
2050,-0.11541559794370256
2051,-0.0753684134392117
2052,-0.06251874877556733
2053,-0.08651731629550946
2054,-0.07731066400481992
2055,-0.05525797611290235
2056,-0.058521368510683264
2057,-0.07658628463217139
2058,-0.08273226814471127
2059,-0.030166088657990055
2060,-0.10139693762913603
2061,-0.10139693762913603
2062,-0.07889534432360093
2063,-0.09200221058012015
2064,-0.09197472256264391
2065,0.0289131819431488
2066,-0.03328711145839181
2067,-0.13480088341944854
2068,0.01376110908028294
2069,-0.09017844025329433
2070,-0.0511442625690924
2071,-0.06862119763199002
2072,-0.06009638529384388
2073,-0.05385078084506574
2074,-0.05483734768680879
2075,-0.09360619610390207
2076,-0.09418409245449962
2077,-0.05162155584381572
2078,-0.03412685217409521
2079,-0.07469814058085696
2080,0.014432254260848872
2081,-0.05325966488626013
2082,-0.07522529042359667
2083,-0.07522529042359667
2084,0.025311572814157215
2085,-0.07313655222322406
2086,-0.1332980384209822
2087,-0.045394314611909924
2088,-0.07491811885148475
2089,-0.03209210133227306
2090,-0.07097571301424759
2091,-0.07280221233632941
2092,-0.1009301116836429
2093,-0.1015086430510377
2094,-0.01518639582949258
2095,-0.12297020541257418
2096,-0.06302712142511212
2097,-0.06552246767621799
2098,-0.04179546372626822
2099,-0.10072644122289331
2100,-0.06883262220217909
2101,-0.033101432213325385
2102,-0.04434474172234195
2103,-0.01557471991446404
2104,-0.04238780973862788
2105,-0.09299873763911337
2106,-0.06519859492893187
2107,-0.05218624975605434
2108,-0.03993884499752456
2109,-0.09965231613084338
2110,-0.09965231613084338
2111,-0.09642037482516659
2112,-0.07606320739250187
2113,-0.09537653087359535
2114,-0.10235199436651632
2115,-0.0709697998352185
2116,-0.01646174283811351
2117,-0.06160287527109152
2118,-0.11427498413290592
2119,-0.07553255957493109
2120,0.016438633449486244
2121,0.017396436355691765
2122,0.017396436355691765
2123,-0.11303246451672046
2124,-0.03764759349289996
2125,-0.06619225141196743
2126,-0.06688077353172243
2127,-0.06713542183737561
2128,-0.018726352925465272
2129,-0.07519148524900057
2130,-0.08068151382848149
2131,-0.07497207628447186
2132,-0.07057441505850556
2133,-0.08173084152329232
2134,-0.04134941197276213
2135,-0.07034459554437597
2136,0.004184699731309579
2137,-0.083277018186483
2138,-0.053611250334169386
2139,-0.10941827420842097
2140,-0.09702897323308918
2141,-0.07723976779848282
2142,-0.11543478058417846
2143,-0.017302165617175094
2144,-0.07964738229219227
2145,-0.017249558652081293
2146,-0.07391429648234646
2147,-0.01643303085489598
2148,-0.13310241903657197
2149,-0.07907491365345087
2150,-0.08053667488113284
2151,-0.07572292974734958
2152,-0.10493949383632639
2153,-0.13950155145235346
2154,-0.035691137870206634
2155,-0.06979582613838305
2156,-0.051778042703206933
2157,-0.019698496103388898
2158,-0.0785227267854685
2159,0.013714196091789059
2160,-0.13774544965011498
2161,-0.06240862588217874
2162,-0.09189508610246672
2163,-0.07140801429173808
2164,-0.05104615419219862
2165,-0.06976652594443478
2166,-0.14170392323082934
2167,-0.01780216156628211
2168,-0.14114255931445463
2169,-0.13801682697960543
2170,-0.06420564823116338
2171,-0.1401492386582475
2172,-0.02004170803463651
2173,-0.06091174180145644
2174,-0.029874913873892676
2175,-0.058777037272221326
2176,-0.019610450180581336
2177,-0.05959065532864317
2178,-0.060647645131453355
2179,-0.057976544180886914
2180,-0.0462261154054633
2181,-0.056053700944379704
2182,0.0016527805303538706
2183,-0.04828927665293925
2184,-0.10640500701899046
2185,-0.14227619615682505
2186,-0.05623515798902652
2187,-0.06103522147596187
2188,-0.14019762033610894
2189,-0.06095357236834626
2190,-0.08553869715904563
2191,-0.11456015897570597
2192,-0.04668902946316114
2193,-0.020297692447302534
2194,-0.06538031230370032
2195,-0.06573519904502417
2196,0.027663313541733982
2197,0.027663313541733982
2198,-0.1356671142358726
2199,-0.058561237374144356
2200,-0.050593173008532305
2201,-0.06161351044808842
2202,-0.06788056033681832
2203,-0.01486706514678837
2204,-0.04718171996494441
2205,-0.05283086910683663
2206,-0.0537888413666984
2207,-0.07494887846919814
2208,-0.030865377998796566
2209,-0.13663249278080813
2210,-0.015109296618115404
2211,-0.0677140557870133
2212,-0.07155510818445726
2213,-0.048683192743929724
2214,0.032625587698020916
2215,0.032625587698020916
2216,-0.1085539633488334
2217,-0.03130508254165804
2218,-0.13964714419245716
2219,-0.12046639229211088
2220,-0.003150493145873849
2221,-0.1420157801401387
2222,-0.06133818257891594
2223,-0.018536419365090095
2224,-0.06133818257891594
2225,-0.06133818257891594
2226,-0.018536419365090095
2227,-0.062326135765894124
2228,-0.06331433966080915
2229,-0.1088417000027461
2230,-0.016784982535078274
2231,-0.10927897652226572
2232,-0.004861778695445159
2233,-0.14232946101111418
2234,-0.04505385471370106
2235,-0.12306029569515546
2236,-0.05836260358097975
2237,-0.13711303013993525
2238,-0.023287257546844745
2239,-0.014552725663137813
2240,-0.0016349836380998258
2241,-0.04731312164782781
2242,-0.08092618941968668
2243,-0.004420908635331624
2244,-0.020692829041114785
2245,-0.1355567621924808
2246,-0.050804116243536424
2247,-0.046381445305231285
2248,-0.13516833947143703
2249,-0.04885740096588981
2250,-0.13516833947143703
2251,-0.13816785624929853
2252,-0.03141426733731681
2253,-0.07470856326690452
2254,-0.04582303863401068
2255,-0.05968805796087161
2256,-0.08756867999270493
2257,-0.001888681264723904
2258,-0.04795349734034753
2259,-0.1398876541540556
2260,-0.13928660254782194
2261,-0.13906393645806675
2262,-0.07477160914937214
2263,-0.10032234533362665
2264,-0.04961653023157785
2265,-0.1111500722321822
2266,-0.14328985338700745
2267,-0.007305920877818511
2268,-0.0488806645925237
2269,-0.06911149926035258
2270,-0.11594891860915509
2271,-0.026016819786047366
2272,-0.050442582903177144
2273,-0.02936180132953878
2274,-0.06811464286118389
2275,-0.06811464286118389
2276,-0.04298397982084767
2277,-0.056317130251631264
2278,-0.03756396098658823
2279,-0.07036725929021206
2280,-0.06813150761849741
2281,-0.09856372839357685
2282,-0.0560782392826156
2283,-0.12171662750377078
2284,-0.09928261047982907
2285,-0.07274308434783754
2286,-0.03478957786239403
2287,-0.06681908810343039
2288,-0.03524964813658923
2289,-0.11967469497061924
2290,-0.07274722900773778
2291,-0.07037977345456103
2292,-0.11347781909756946
2293,0.03745963529570071
2294,0.03745963529570071
2295,-0.07142943305195901
2296,-0.05315586838612095
2297,-0.0009011857732852052
2298,-0.0997139150259721
2299,-0.06511911371020361
2300,-0.03426394256657401
2301,-0.06689244241844931
2302,-0.040557120506598314
2303,-0.11775150409006077
2304,-0.07701634404100559
2305,-0.023662558324188464
2306,-0.10005699583086618
2307,-0.1205341312586371
2308,-0.017839369858606353
2309,-0.10155533739349455
2310,-0.09833715278454534
2311,-0.06858457216864274
2312,-0.11401367912564277
2313,-0.05690758555825386
2314,-0.037625605934471534
2315,-0.07058228442322048
2316,0.013682620079767494
2317,-0.04908973236691049
2318,0.013682620079767494
2319,-0.11101090169381378
2320,-0.10059928879470381
2321,-0.03325143320364076
2322,-0.1143853475642965
2323,-0.03807631492409166
2324,-0.0730615544814828
2325,-0.07040900950768383
2326,-0.06851338086083965
2327,-0.02787625652225442
2328,-0.06695336869838138
2329,-0.06545654373786686
2330,-0.06388304512943856
2331,-0.06786752514751263
2332,-0.009845965189978724
2333,-0.06066414337349511
2334,-0.10776726253723469
2335,-0.11901669038233897
2336,-0.041867514101657816
2337,-0.11770745299147181
2338,-0.0633223167988163
2339,-0.03948609821767815
2340,-0.012323818729834991
2341,-0.04740069879472896
2342,-0.059561989209711334
2343,-0.11746264259223736
2344,-0.06398303971190726
2345,-0.059527401096255365
2346,-0.06398303971190726
2347,-0.0522248644693994
2348,-0.11853289357285672
2349,-0.0496695744281672
2350,-0.03308059332976592
2351,-0.03755488709413115
2352,-0.1179212048545646
2353,-0.022693706750033477
2354,-0.12027841660231876
2355,-0.06620192224352905
2356,-0.12115386518315166
2357,-0.0665168464626967
2358,-0.11803309106368452
2359,-0.10809400783028057
2360,-0.0935368618556445
2361,-0.03169019753611604
2362,-0.06479989327327633
2363,-0.11509757948525297
2364,-0.11263636781011967
2365,-0.02641027113603524
2366,-0.052293187995235434
2367,-0.017974454450238583
2368,-0.06191602513751136
2369,-0.07374429831162645
2370,-0.021632720048626822
2371,-0.05329393254957612
2372,-0.03505618342843258
2373,-0.1099193847656612
2374,-0.055254980990738264
2375,-0.015423722464931542
2376,-0.026571900861511788
2377,-0.007207316738678492
2378,-0.10444316781377486
2379,-0.055518848621232256
2380,-0.035953180233220264
2381,-0.0552607665731774
2382,-0.054969639419706846
2383,-0.09575440984132273
2384,-0.034646698350772935
2385,-0.04263839806110687
2386,-0.09280237753575611
2387,-0.06279130548815681
2388,-0.04107038733937937
2389,-0.021983417990724754
2390,-0.03888624984717407
2391,-0.09298381628173895
2392,-0.05171785323057503
2393,-0.06305452399708172
2394,-0.06149554803019396
2395,-0.03937632327732724
2396,-0.041690857294681034
2397,-0.05592970760157657
2398,0.04415157577543107
2399,0.04415157577543107
2400,-0.05589892348917376
2401,-0.0829259235581632
2402,-0.052506954492829876
2403,-0.027647829543372183
2404,-0.051308549923450734
2405,-0.07774060878723935
2406,-0.07774060878723935
2407,-0.044684834596916245
2408,-0.04728565014049648
2409,-0.036104448478438966
2410,-0.04702617865556703
2411,-0.09583841268812612
2412,-0.1090117573412639
2413,-0.07368268870377348
2414,-0.07410676145953729
2415,-0.05554265068551794
2416,-0.05570900329393429
2417,-0.07939976380913182
2418,-0.05322978318501669
2419,-0.033445952221477775
2420,-0.05293705018505885
2421,-0.05541404271868495
2422,-0.04206245949475492
2423,-0.05251173506447688
2424,-0.04873584455721057
2425,0.03102067174094118
2426,-0.04472424497887492
2427,-0.05770325870006147
2428,-0.09823706306571824
2429,-0.04710158417252473
2430,-0.05770325870006147
2431,-0.06967897672765111
2432,-0.11830597348605268
2433,-0.04579161449438208
2434,-0.03552179079871638
2435,-0.05511162313377933
2436,-0.05574718390722952
2437,-0.04633411191248302
2438,-0.012782471105755738
2439,-0.047963442577079914
2440,-0.0689863317181706
2441,-0.04672307862554023
2442,-0.05430742021154021
2443,-0.052445933883247794
2444,-0.029083460857553534
2445,-0.055278279603161264
2446,-0.04784032967502752
2447,-0.02238942217778318
2448,-0.06636473610593215
2449,-0.04668812443286776
2450,-0.06886257539179673
2451,-0.0735457525641813
2452,-0.052288369138986594
2453,-0.014500121458239366
2454,-0.06324134450650754
2455,-0.10797405422662039
2456,-0.050018017794564655
2457,-0.04198399579331488
2458,-0.0746409145750662
2459,-0.10347947416088725
2460,-0.07124084819899257
2461,-0.06951040465653607
2462,-0.037140866258526015
2463,-0.06230458756160872
2464,-0.055387598966958176
2465,-0.05438852958011369
2466,-0.05118824321274803
2467,-0.05374434033024231
2468,-0.05195648601889661
2469,-0.04913888612914672
2470,-0.08605571539946558
2471,-0.1325366795978983
2472,-0.06199103971370046
2473,-0.04494326331074383
2474,-0.05305246899380638
2475,-0.03921433802689781
2476,-0.03749126138821116
2477,0.0007863783857261923
2478,-0.08210349444370149
2479,-0.04008689522665854
2480,-0.10442972968574357
2481,-0.042615718382879385
2482,-0.02961487359540129
2483,-0.11172959747417337
2484,-0.0517929734647287
2485,0.017808153219407867
2486,-0.006825672811270935
2487,-0.04423529707913511
2488,-0.04587397416684709
2489,-0.04821253623599736
2490,-0.04163087257060839
2491,-0.03995150154025897
2492,-0.03821193723213505
2493,-0.03289287017393998
2494,-0.048530363202724316
2495,-0.057040722048015
2496,-0.044026409179373574
2497,-0.06090453744013278
2498,-0.060754419810727725
2499,-0.05099242004865774
2500,-0.01381950243848653
2501,-0.034624448559652035
2502,-0.058231651950305115
2503,-0.1079352953976766
2504,-0.01411380496713044
2505,0.04403604902702781
2506,0.04403604902702781
2507,-0.056787771289607075
2508,-0.05557327160093923
2509,-0.03045338289912346
2510,-0.031239113155219843
2511,-0.10150034462226751
2512,-0.06119801184091683
2513,-0.06581323765035262
2514,-0.06476326085866808
2515,-0.04576889097036306
2516,-0.06711308289158162
2517,-0.06711308289158162
2518,-0.0438096700570268
2519,-0.0481974042284605
2520,-0.06805231117953649
2521,-0.050569489132490535
2522,-0.06835882196280561
2523,-0.005694494074694635
2524,-0.060501771272809445
2525,-0.06581000512283246
2526,-0.11443337335949309
2527,-0.026811505016341317
2528,-0.0986463753572257
2529,-0.07342127992487034
2530,-0.051139913043153344
2531,0.003090931243633286
2532,-0.051139913043153344
2533,-0.07020899300868837
2534,-0.04826211986203853
2535,-0.018801982015393934
2536,-0.047576886463957926
2537,-0.017689536620492493
2538,-0.046378573391342374
2539,-0.04180002557031428
2540,-0.016810601262178433
2541,-0.06615656410693775
2542,-0.045664825173244335
2543,-0.045664825173244335
2544,-0.0923845045877413
2545,-0.1175555916039576
2546,-0.04992399356602537
2547,-0.043040818464099226
2548,-0.04336899546984028
2549,-0.044037327555970514
2550,-0.06037634834864907
2551,-0.01905267802591553
2552,-0.013300567303415682
2553,-0.059848149760212736
2554,-0.10696867452011342
2555,-0.07644657062988348
2556,-0.07738365580298993
2557,-0.011316346217034305
2558,-0.038828432977013425
2559,-0.04965689815523241
2560,-0.06956706239350689
2561,-0.045700548881569346
2562,-0.07037481390170754
2563,-0.09425340061881343
2564,-0.03506220618693118
2565,-0.0642848296895815
2566,-0.045599527201743206
2567,-0.05612625673303129
2568,-0.06570875321578237
2569,-0.0015018841280875566
2570,-0.06599921777215301
2571,-0.02251020040375218
2572,-0.05081531568184011
2573,0.0015259368446426532
2574,-0.054146285698708725
2575,-0.08955710093374357
2576,-0.060703421407124036
2577,-0.0850159565080659
2578,-0.06111989114507902
2579,-0.0852844272868089
2580,-0.014998910038334543
2581,-0.009696492074291846
2582,-0.0588051614750248
2583,0.025454511755169513
2584,-0.05792350480940329
2585,-0.05395386967875035
2586,-0.06271225030918415
2587,-0.003628176977172417
2588,-0.12301443634999518
2589,-0.0513817304661124
2590,-0.06293329902057224
2591,-0.04540395975653467
2592,-0.10050856041405401
2593,-0.051355297725845885
2594,-0.10148600433133266
2595,-0.06080875175940051
2596,-0.05144420316269437
2597,-0.03581699669750497
2598,-0.0872680506359157
2599,-0.002449606621116417
2600,-0.04982183282478791
2601,-0.0495520343407531
2602,-0.10000882637679936
2603,-0.05848735095547656
2604,-0.05848735095547656
2605,-0.02880686426858045
2606,-0.10194313360016712
2607,-0.0464963241107319
2608,-0.010964607892593152
2609,-0.05252332962566309
2610,-0.060682684468299844
2611,-0.05373173843982744
2612,-0.04468777186262341
2613,-0.04468777186262341
2614,-0.10276438983199213
2615,-0.1006242061124392
2616,-0.03788371301120291
2617,-0.053121716696986836
2618,-0.033976700046428686
2619,-0.011139214466810654
2620,-0.038657076542362515
2621,-0.049859314256684543
2622,-0.06170886981391573
2623,-0.002780137216079656
2624,-0.061097911934855614
2625,-0.10282836259421024
2626,-0.0038615746421262614
2627,-0.04791462842251232
2628,-0.014003655242306267
2629,-0.014797930371513559
2630,0.0632176357535245
2631,-0.10053624422233082
2632,-0.0911177235051874
2633,-0.09981114370579515
2634,-0.055993134813336363
2635,-0.10722512480747194
2636,-0.056340744118276415
2637,-0.05679347303069804
2638,-0.05523232467763349
2639,-0.0284815788483073
2640,-0.021046844449364097
2641,0.0047945060354809685
2642,-0.06030409386523129
2643,0.005264462354382435
2644,-0.06034240642542583
2645,-0.06034240642542583
2646,0.0019476585331412689
2647,-0.11057902175841444
2648,-0.10215310644479339
2649,-0.005446249338401149
2650,-0.06434531376865327
2651,-0.008281991707540664
2652,0.0023501364877802616
2653,-0.0603827338713823
2654,-0.058996018614136995
2655,0.003938047719967889
2656,-0.08766620861979073
2657,-0.012070261873213195
2658,-0.05150792662769303
2659,0.0014495711300884359
2660,-0.05170325850916441
2661,-0.08531312805647422
2662,0.0071779029000419575
2663,-0.0928567123782625
2664,-0.05724528588523764
2665,-0.09452409039093315
2666,-0.05828017331387095
2667,-0.08766157409640832
2668,-0.05831817510406891
2669,-0.061218874244540505
2670,-0.05903358379883356
2671,-0.15901866507990745
2672,-0.05343465814287298
2673,-0.010920915194552534
2674,-0.005340317204746516
2675,0.022603677908703733
2676,0.016116142306082777
2677,-0.030506183591782827
2678,-0.04852461400433944
2679,-0.049382724244215054
2680,-0.11437547499330103
2681,-0.055044369234262404
2682,0.027322679363166572
2683,-0.06145148921112943
2684,-0.05668455548737093
2685,-0.04559036734809506
2686,-0.05900931896546365
2687,-0.05439940245856068
2688,-0.029168281379551155
2689,-0.065710061041347
2690,-0.007823784493178243
2691,-0.09864621926131503
2692,-0.05531182843929658
2693,-0.04855819366681135
2694,-0.046972682058016635
2695,-0.024797940118058436
2696,-0.05596192441568761
2697,-0.03240876336413723
2698,0.013625561516906186
2699,-0.0575827157300681
2700,-0.05910018560043709
2701,-0.058425366233818804
2702,0.03950594595371285
2703,-0.06109058157637413
2704,-0.02740382040833772
2705,-0.06606391012526217
2706,-0.07009013678840419
2707,-0.03432324012427867
2708,-0.10287889756324393
2709,-0.037500605238937154
2710,-0.03903316150458991
2711,-0.09475460409493715
2712,-0.06227312833761835
2713,-0.028760120661362343
2714,-0.08814265717105452
2715,-0.019118140980447666
2716,-0.02872634029509253
2717,-0.0938366036341669
2718,-0.05215427601982875
2719,-0.0556894633154367
2720,0.02923571627622012
2721,-0.10268738667918509
2722,-0.10273063763003584
2723,-0.03105988136281554
2724,-0.04666172884472421
2725,-0.08285032344481334
2726,-0.09478291510806224
2727,-0.021924042032169962
2728,-0.11323631945677566
2729,-0.10168480299374996
2730,-0.10227588556091974
2731,-0.046409352577420786
2732,-0.026892599619823765
2733,-0.1342536654796032
2734,-0.053447169865293014
2735,-0.07938242033213205
2736,-0.06661012356357152
2737,-0.04819885864140384
2738,-0.09301102291925041
2739,-0.08703571001617258
2740,-0.053705579911004706
2741,-0.05012346489614139
2742,-0.09903114629750215
2743,0.07627722307650155
2744,-0.09751554407444812
2745,0.041181541391468034
2746,-0.04583470416523087
2747,-0.08369396029129617
2748,-0.04534526922799073
2749,-0.08287773343457276
2750,-0.06816431668776343
2751,-0.05621295097013811
2752,-0.10480422997860767
2753,-0.03519674794186299
2754,-0.10022463440513892
2755,-0.0490994613870403
2756,-0.09948630539280952
2757,-0.09821110469577277
2758,0.003475462430032774
2759,-0.12145872370661959
2760,-0.038070105692537284
2761,-0.09519907282451645
2762,-0.05788995350035289
2763,-0.008958554254661435
2764,-0.05214510213503996
2765,-0.08883308127768569
2766,-0.050524183571031875
2767,-0.018910854285000497
2768,-0.07724760935855547
2769,-0.08698118696767226
2770,-0.05959819997628549
2771,-0.09202991822505278
2772,-0.06064675545845519
2773,-0.061103618652769795
2774,-0.11312593456047759
2775,-0.061910419696401334
2776,-0.07654477472489511
2777,-0.06183445579220174
2778,-0.032021968542401025
2779,-0.08510017490104807
2780,-0.11827787021299675
2781,-0.057960644906996824
2782,0.02585168935925064
2783,-0.15774744266090712
2784,-0.08120783462748694
2785,-0.08224156442110206
2786,-0.04018809025779905
2787,-0.05009895872052013
2788,-0.027188142583352847
2789,0.08747847530433576
2790,-0.05259039123086368
2791,-0.07292189095526759
2792,-0.07292189095526759
2793,-0.07665629415650722
2794,-0.06141443179719761
2795,-0.05480581921790618
2796,-0.12503215643705645
2797,-0.06878516479688009
2798,-0.06002464545645625
2799,-0.05997305284427838
2800,-0.06974284574522555
2801,-0.044440644192671165
2802,-0.11302241019300452
2803,-0.08452876923995972
2804,-0.01271489203958687
2805,-0.01271489203958687
2806,-0.06032625132783202
2807,-0.048654243893735676
2808,-0.024340102038234855
2809,-0.07827307716232726
2810,-0.17317536733004155
2811,-0.07695952708192787
2812,-0.07420721874612078
2813,-0.06095716953718862
2814,-0.043386374197641915
2815,-0.022420593159689882
2816,-0.06210064031734407
2817,-0.09684771598849522
2818,-0.04060611541694675
2819,-0.1282127001931858
2820,-0.054688344256902624
2821,-0.03943461918447162
2822,-0.07099662911194154
2823,-0.061787371188444615
2824,-0.07324172661442656
2825,-0.04017495406859437
2826,-0.06648325348644679
2827,-0.07822101395113784
2828,-0.17892216893858687
2829,-0.0631964411196961
2830,-0.018392551144936407
2831,-0.1794759437034271
2832,-0.06973237621759641
2833,-0.04220408420673868
2834,-0.12105368850172728
2835,0.09830861038480246
2836,-0.06574355889366619
2837,-0.08243063246109124
2838,-0.07854095037216342
2839,-0.08169454338934311
2840,-0.04341702037642515
2841,-0.13087231462785154
2842,-0.07976636788132374
2843,-0.06114677373764896
2844,-0.07882653567593247
2845,0.040463218889690386
2846,-0.09756125948256576
2847,-0.07935985919964927
2848,-0.07915097413734574
2849,-0.18812875296499215
2850,-0.09814895914715323
2851,0.03774995816848039
2852,-0.09759484819304413
2853,-0.09759484819304413
2854,-0.06139243774834483
2855,-0.025350091402086283
2856,-0.11130538991642826
2857,-0.05238445441767961
2858,-0.06712351436019705
2859,-0.0757357457877603
2860,-0.04797154314060499
2861,-0.0574182585314131
2862,-0.058569315342717185
2863,-0.0613118368926892
2864,-0.0613118368926892
2865,-0.10099224519298698
2866,-0.0882583371516511
2867,-0.057674575058878894
2868,-0.07307679374649088
2869,0.037037772599898156
2870,-0.057509045559837955
2871,-0.0971309187694446
2872,-0.06852653339608042
2873,-0.052886315652719194
2874,-0.031209133432984128
2875,-0.05051082119749141
2876,-0.06956329688530165
2877,-0.03162600075304531
2878,-0.005713325694570527
2879,-0.055568063436661666
2880,-0.055568063436661666
2881,-0.07077443189313114
2882,-0.06792933595173516
2883,-0.21411838696763436
2884,-0.06930753148761769
2885,-0.02823604983294079
2886,-0.05923729914438386
2887,0.07547795782341955
2888,-0.08634459864411417
2889,-0.06244655285268461
2890,-0.034418624364551384
2891,-0.07561546983509695
2892,-0.09658468677449598
2893,-0.19987465721688974
2894,-0.029079085676750813
2895,-0.06564567797886481
2896,-0.06611620659916811
2897,-0.0829765005479115
2898,-0.01117146473149315
2899,-0.09737515159628402
2900,-0.0482193234369661
2901,-0.08029408173160742
2902,-0.029974358536574132
2903,0.02854171100731214
2904,0.02854171100731214
2905,-0.2028290470530993
2906,-0.07927606691528037
2907,-0.011559817608306601
2908,-0.05660784424079942
2909,-0.07777723142792504
2910,-0.20994808646151714
2911,-0.07752019555796741
2912,-0.03242443634753164
2913,-0.0817209031106828
2914,-0.11798626207105084
2915,-0.06766769352396447
2916,-0.06335384654760087
2917,-0.08348364195938353
2918,-0.06402764481819596
2919,-0.054349339722049125
2920,-0.0828974808456004
2921,-0.08826658554564365
2922,-0.05668198177584342
2923,-0.031539010384850207
2924,-0.06117745795245286
2925,-0.19479243832160437
2926,-0.08639570382021862
2927,-0.11609916636454064
2928,0.08456972010638603
2929,-0.04446733789999688
2930,-0.025195231455962523
2931,-0.21821596758587605
2932,-0.03528541907653624
2933,-0.03528541907653624
2934,-0.07039991708154332
2935,-0.21199297556971194
2936,-0.06938423757308265
2937,-0.09751137909019139
2938,-0.01830187782271562
2939,-0.052363556702445926
2940,-0.12949645830042034
2941,-0.07614054582075963
2942,-0.07255563318356395
2943,-0.07241268362158497
2944,-0.07104325468002531
2945,-0.056058226559330085
2946,-0.02184081941705767
2947,-0.07204117161349931
2948,-0.07328740277269824
2949,-0.09075933242497704
2950,-0.06988372319834327
2951,-0.05422511117796888
2952,-0.0871028381108674
2953,-0.08578643743367435
2954,-0.22613892363411395
2955,-0.011397443031790614
2956,-0.07527424671225245
2957,-0.07546807155335462
2958,-0.060978096754939266
2959,-0.12699037312147388
2960,-0.06888256158467679
2961,-0.10495166270198296
2962,-0.021855223919740915
2963,-0.06812169290490429
2964,-0.06643764652871142
2965,-0.08230709879484661
2966,-0.07883066529510199
2967,-0.06533548925933637
2968,-0.07677938886719991
2969,-0.07444327290492612
2970,-0.040669160541655675
2971,-0.05714322362041154
2972,-0.07617560478444432
2973,-0.02956026877146371
2974,-0.08070736796674022
2975,-0.07020344222312165
2976,-0.07726592339100888
2977,-0.032683502339650984
2978,-0.06112866589799191
2979,-0.22737390833533963
2980,-0.05957911201109413
2981,-0.059338202160071206
2982,-0.07260062755477636
2983,-0.22079772710384546
2984,-0.06965022619013947
2985,0.07965175712034442
2986,-0.22448120075901593
2987,-0.06358414771923306
2988,-0.05139313178526764
2989,-0.00561517487430559
2990,-0.12153287557094768
2991,-0.046304600139976636
2992,-0.049002026976029865
2993,-0.192368721914242
2994,-0.06572193365403577
2995,-0.09150596394186436
2996,-0.08470654502516438
2997,-0.08442700020285057
2998,-0.06463020751505576
2999,-0.0353925841956465
3000,-0.048390120307897626
3001,-0.21969717683065906
3002,-0.10737089895421911
3003,-0.0860632516881215
3004,0.04912863115089898
3005,0.04912863115089898
3006,-0.04799528933199556
3007,-0.08652333739945613
3008,-0.028568248071526737
3009,-0.028568248071526737
3010,-0.10459434926425712
3011,-0.03236266978748044
3012,-0.08842442559246334
3013,-0.08842442559246334
3014,-0.0391701421913308
3015,-0.10400332371981308
3016,-0.04580817492042518
3017,-0.055875384598069434
3018,-0.19290458358403306
3019,-0.07077045155268659
3020,-0.05123945778064648
3021,-0.08807539523098303
3022,-0.08602928841351652
3023,-0.0507311684538856
3024,-0.05056975144942779
3025,-0.08695170983333611
3026,-0.21580960875972077
3027,-0.07143614918085733
3028,-0.049887978503525575
3029,-0.04330183398939523
3030,0.09188292560249428
3031,-0.0946677711011587
3032,-0.03490858581619592
3033,-0.019469225821696447
3034,-0.07036610283697621
3035,-0.09443875231302738
3036,-0.205779886490816
3037,-0.0874333702019448
3038,-0.03342159698826058
3039,-0.06639650647778328
3040,-0.13391503844637292
3041,-0.10386526162545072
3042,-0.04703814349111634
3043,-0.22256878104420091
3044,-0.03921570354056215
3045,-0.009333033519484725
3046,-0.03450034040631975
3047,-0.10341903263487723
3048,-0.08934569368331506
3049,-0.08411202933569616
3050,-0.10556102222821369
3051,-0.03408236103129295
3052,-0.049831871638470845
3053,-0.03015580960623147
3054,-0.11278789931330366
3055,-0.033447021081994335
3056,-0.11247745704304174
3057,-0.033962185751939634
3058,-0.22847021113741242
3059,-0.11171895017142595
3060,-0.02154082158491898
3061,-0.10991094948548633
3062,-0.11173319606603141
3063,-0.05497282819538423
3064,-0.031353050519567126
3065,-0.2107623723810226
3066,-0.04590156058818886
3067,-0.1337492490967728
3068,-0.01378928490164903
3069,-0.18442943356047586
3070,-0.04769346201301495
3071,-0.11222506377198863
3072,-0.04828057691659739
3073,-0.06698531265909337
3074,-0.08372917925342044
3075,-0.103139815190475
3076,0.05374986651754148
3077,-0.06024422792910719
3078,-0.10394233538596274
3079,0.007293561655519565
3080,-0.033637821414703575
3081,-0.23068442594674565
3082,-0.08808026154309213
3083,-0.06085650026661968
3084,0.00010488782709822413
3085,-0.10215105789286795
3086,0.052217846540270126
3087,0.052217846540270126
3088,-0.04726023078387403
3089,0.0069306880722972905
3090,-0.13563188868445822
3091,0.023586200624194576
3092,-0.05715899077395119
3093,-0.066624474754489
3094,-0.06688624155761182
3095,-0.060243723766236205
3096,-0.061287662938873944
3097,-0.09059590296290192
3098,-0.10121845568029018
3099,-0.09998123565198619
3100,-0.06829128804715233
3101,-0.06153311039472123
3102,-0.24035128217359067
3103,-0.09087396582834603
3104,-0.0994038651227501
3105,-0.03176512483608507
3106,-0.09930263864715654
3107,0.04719603530065717
3108,0.04314117983022297
3109,-0.0984921078259471
3110,-0.09350788892092203
3111,-0.04515512667663693
3112,-0.002396681494773704
3113,-0.04821439441534799
3114,-0.04305892309834121
3115,-0.020888482958620978
3116,-0.11751975738373527
3117,-0.025519403089923735
3118,-0.09646503472822272
3119,-0.03687040838649661
3120,-0.09299853344402664
3121,-0.03362333990920634
3122,-0.19125091325951446
3123,-0.0580987333750252
3124,-0.07907033965928544
3125,-0.08660571467461685
3126,-0.030910064481562794
3127,-0.0315777531538114
3128,-0.08629600944873646
3129,-0.23342888770655457
3130,-0.011544627395618682
3131,-0.08286487354104019
3132,-0.08430577661083669
3133,-0.08442386492840546
3134,-0.03607072714059168
3135,-0.12773574097024634
3136,0.027654430781339143
3137,-0.020740801267204546
3138,-0.007194813003332647
3139,-0.04418663724967052
3140,-0.0347074636547501
3141,-0.08408939083389065
3142,-0.2371071606044716
3143,-0.10769564985427063
3144,-0.10769564985427063
3145,0.0917155004228264
3146,-0.13010148993803414
3147,-0.08086946168244512
3148,-0.04946702168748342
3149,-0.03971664792903779
3150,-0.0216821680292515
3151,-0.08662880443269941
3152,-0.16321226083703144
3153,-0.0189496226279911
3154,-0.13239822199340215
3155,-0.20242888666808354
3156,-0.0189496226279911
3157,-0.019850015606278006
3158,-0.08998457226636611
3159,-0.12356814029822837
3160,-0.08785008020854167
3161,-0.04602860802104268
3162,-0.016449415213012183
3163,-0.016034542836837373
3164,-0.08600936443607524
3165,-0.09075389301159928
3166,-0.01263032225927557
3167,-0.027937817601928205
3168,-0.08603550949575278
3169,-0.17041057520978883
3170,-0.015991336329522408
3171,-0.031725569230334205
3172,-0.19932081365294257
3173,-0.08705289224281958
3174,-0.03470620678427278
3175,-0.05440560905569497
3176,-0.04825991017726649
3177,-0.008768669322207837
3178,-0.04186810851712075
3179,-0.16411314205686509
3180,-0.012100776601043738
3181,-0.1663257493867674
3182,0.0886782680540085
3183,-0.08840034213466462
3184,-0.11522217712707519
3185,-0.03875461834391865
3186,-0.006630815825890497
3187,0.0375768604825915
3188,-0.07396074690214886
3189,-0.036292991703746925
3190,-0.1603764356599915
3191,0.06573302680820008
3192,0.06573302680820008
3193,-0.09581921649785889
3194,-0.11028854346456311
3195,-0.2600105835891227
3196,-0.019512295781840595
3197,-0.06920473861531311
3198,-0.02976637678426403
3199,-0.25735580577434275
3200,-0.06247008468414601
3201,-0.004475047514135836
3202,0.04278916844145833
3203,-0.05905158816867107
3204,-0.06766088771690537
3205,-0.0653415753027079
3206,0.0411126256393407
3207,-0.024169068707401944
3208,-0.1351154244034862
3209,-0.0628718195759176
3210,-0.08192395125972245
3211,-0.1516648032050107
3212,-0.015324497973064085
3213,-0.012526503057413301
3214,-0.013752119334684405
3215,-0.08754200007959381
3216,-0.0035022656382620197
3217,-0.13248166069402884
3218,-0.11001100104721795
3219,-0.053701218329692456
3220,-0.061055038673621734
3221,-0.03785422573822126
3222,-0.01624644566996514
3223,-0.017689744445050743
3224,-0.01209749376377236
3225,-0.05476248191331083
3226,-0.15273760753939195
3227,-0.2603635242967546
3228,-0.17815719237766328
3229,-0.10707514875118068
3230,-0.05628959045762492
3231,0.07869012309512033
3232,0.03521576457429604
3233,-0.05121893878676394
3234,-0.021372611472984325
3235,-0.010462623368539328
3236,-0.004220055297901752
3237,-0.14255679654652165
3238,-0.047451458203725976
3239,-0.04635798755732121
3240,-0.006264858926237001
3241,-0.11413734201098029
3242,-0.11969461825913293
3243,-0.04249525551273257
3244,-0.04494604291954026
3245,-0.04584448283544597
3246,-0.013070962672339292
3247,-0.04531011302242218
3248,-0.04531011302242218
3249,-0.17827094364349017
3250,-0.046547464106782614
3251,-0.007982800624419218
3252,-0.04681874124754674
3253,-0.055922861576298145
3254,-0.037869678199053305
3255,-0.01519653955453282
3256,-0.06372039992010081
3257,-0.02404922053061361
3258,-0.2563753937803283
3259,-0.02425090181236331
3260,-0.13860837401890905
3261,-0.04389973227900759
3262,-0.01160365940822358
3263,-0.014882452915025025
3264,-0.017000042605190533
3265,-0.031744686215307086
3266,-0.15828551696017135
3267,-0.016017133538045476
3268,-0.1195773621005277
3269,-0.04050201139336281
3270,-0.02056017539988479
3271,-0.015380893957751673
3272,-0.12641179947624506
3273,-0.015601658057299657
3274,-0.018053772254887183
3275,-0.019313450992834387
3276,-0.006847159966323841
3277,-0.07587631612833111
3278,-0.019581166028865844
3279,-0.031824425072562425
3280,-0.01224502471444623
3281,-0.03272304427822546
3282,0.03722221956492382
3283,0.04074320193817742
3284,0.04074320193817742
3285,-0.013000437879515278
3286,0.07019747069089664
3287,-0.03972962198707445
3288,-0.1307507420431439
3289,-0.26517415876888834
3290,-0.021058684266439462
3291,-0.02657145430822664
3292,-0.03675533729389666
3293,-0.12544826365404912
3294,-0.025305256603678015
3295,-0.04046315696545654
3296,-0.10156970050667226
3297,-0.027285949892964068
3298,-0.01584495631433834
3299,-0.04526647748636412
3300,-0.049113260428868294
3301,-0.051434896465669504
3302,-0.052857432891019296
3303,-0.041457836527439076
3304,-0.12553501163879605
3305,-0.07577160080855251
3306,-0.028635185796659985
3307,-0.03671932146149234
3308,0.0029281252914396126
3309,-0.026365806816898766
3310,-0.17892743098632385
3311,-0.046665824633765375
3312,-0.02251700947612793
3313,-0.03250540849995933
3314,-0.03135292934858445
3315,-0.04834021250116294
3316,-0.10149688325449077
3317,-0.08625253573161347
3318,-0.028836381101695622
3319,-0.15438325640493683
3320,-0.2792699059764872
3321,-0.0477552295506357
3322,0.08330778394949197
3323,-0.023867897809915557
3324,-0.27601318180072815
3325,-0.04073155417829907
3326,-0.010640835959738084
3327,0.03607786853917975
3328,-0.0410549675153848
3329,-0.05078151223254859
3330,-0.024354210543340922
3331,-0.0524484285244967
3332,-0.04296617240686434
3333,-0.05217731940232605
3334,-0.12924111593739304
3335,-0.12113924896432691
3336,-0.03336831832839269
3337,-0.057201213553031774
3338,-0.05891356057403889
3339,-0.017816651489416392
3340,-0.029773049732185634
3341,-0.03160030969678723
3342,-0.034869004776037736
3343,-0.05989256479717611
3344,0.00434169961885538
3345,-0.041224884948563245
3346,-0.034037900252350956
3347,-0.07344888014578323
3348,-0.041224884948563245
3349,-0.033159182855327644
3350,-0.144533786223138
3351,-0.03209927789915497
3352,-0.032451679395295106
3353,-0.020079049951259816
3354,-0.06959813459310943
3355,-0.2853248114760288
3356,-0.022019351054268634
3357,-0.03745424187365059
3358,-0.059007295688342204
3359,-0.03501977927993964
3360,-0.17030800002321766
3361,-0.03881591331832793
3362,-0.056955843414255185
3363,-0.056534899913216356
3364,-0.12179128197914839
3365,-0.04086927361037066
3366,-0.01875980995723896
3367,0.09952727451560714
3368,-0.0539090305199147
3369,-0.07274631955402493
3370,-0.1313163576452093
3371,-0.009066960246735997
3372,-0.06377338902982004
3373,-0.0053069617380951265
3374,-0.08083652191044859
3375,0.053207541652163716
3376,-0.05464980972621271
3377,-0.13985499189484368
3378,-0.07266555143344663
3379,-0.073032007884666
3380,-0.0502178469148345
3381,-0.03232528248650374
3382,-0.04655360508087612
3383,-0.12826499105368985
3384,-0.07984548635953226
3385,-0.0398466808873799
3386,-0.0398466808873799
3387,-0.08112179303122527
3388,-0.14550653796723106
3389,-0.10268324293139489
3390,-0.11732036635868978
3391,-0.13291758510268756
3392,-0.024482131012728076
3393,-0.07404038925334543
3394,-0.024482131012728076
3395,-0.11515400327551172
3396,-0.006527777382188114
3397,-0.078535136810738
3398,-0.009275389968829146
3399,-0.005184599905804891
3400,-0.07346992932465525
3401,-0.02509422856071307
3402,-0.033622738280473
3403,-0.10459162613115432
3404,-0.1062893014470989
3405,-0.03620601009127422
3406,-0.10768924863521637
3407,-0.17325575065898494
3408,-0.2780822364512924
3409,-0.04076500006941899
3410,-0.005070420244360061
3411,-0.032358511834834895
3412,-0.11338264123826047
3413,-0.031077230710167242
3414,-0.09955225233353245
3415,-0.27297934734723267
3416,-0.031970670532707
3417,-0.10230623979031617
3418,-0.10230623979031617
3419,-0.07163083642948065
3420,-0.031190526388217392
3421,0.09161623773347709
3422,-0.07004934731148843
3423,-0.029430354329668548
3424,-0.1482314185121206
3425,-0.10160807041866828
3426,-0.07854625344557771
3427,-0.02799632482126669
3428,-0.10621055852295963
3429,-0.27641017436332255
3430,-0.14932280327786351
3431,0.06033755229033491
3432,-0.09366646841910917
3433,-0.02566101794109617
3434,0.024716360486284547
3435,-0.02648768897638396
3436,-0.02517112547420949
3437,-0.27584790439620954
3438,-0.10838129472442742
3439,-0.02299769101947933
3440,-0.10561505611502202
3441,-0.034211546632991856
3442,-0.034211546632991856
3443,-0.10977056629195138
3444,-0.07834970028526123
3445,-0.04039802460113491
3446,-0.09704371823240496
3447,-0.1138141041385398
3448,-0.008463031175527888
3449,-0.11827868543169555
3450,-0.02351646130920687
3451,-0.07392783312778944
3452,-0.11811837406413613
3453,-0.04576386899323923
3454,-0.19089745947117853
3455,-0.005883535205632883
3456,-0.06553892210827028
3457,0.02853926458582394
3458,-0.009225611862431054
3459,-0.005756884178552542
3460,-0.08640787575142231
3461,-0.1240787374501621
3462,-0.00534106114089657
3463,-0.1419200813870653
3464,-0.10746485012045177
3465,0.0855963783227446
3466,-0.022985426328946897
3467,-0.2775471819613407
3468,-0.07371553944285372
3469,0.03693531445227253
3470,-0.050493126142852465
3471,-0.031819748165203984
3472,0.05932842243145207
3473,0.0017678207479532638
3474,-0.14010594426532555
3475,-0.03958790777882746
3476,-0.14262965370158565
3477,-0.14085334743928066
3478,-0.10412170074086226
3479,-0.13339613641247403
3480,-0.08790457507113086
3481,-0.05758352241885693
3482,-0.1079254180282197
3483,-0.004789335506431353
3484,-0.1368988654359031
3485,-0.11475536107482932
3486,-0.0551344170036408
3487,-0.0024941262114844343
3488,-0.053017641665296135
3489,-0.128841864943199
3490,-0.14067923612395186
3491,-0.04083325038711573
3492,-0.12977691397382465
3493,-0.129246522145436
3494,-0.19973894073278106
3495,-0.05165443706407396
3496,-0.05165443706407396
3497,-0.0025840574792629282
3498,-0.05167812128493418
3499,-0.005936653668737006
3500,-0.005936653668737006
3501,-0.13057731342805157
3502,-0.061974049551014855
3503,-0.2674239022557324
3504,-0.06300114588607027
3505,0.06725914940116391
3506,-0.13271991313060819
3507,0.03835952990594324
3508,-0.09407666304632416
3509,-0.06474511163897598
3510,-0.02976297462940211
3511,-0.005332144079164269
3512,-0.13068606488297638
3513,-0.0024630631967412506
3514,-0.09552989314749541
3515,-0.08888680237425663
3516,-0.12518029763413124
3517,-0.0014170145401666196
3518,-0.0013344216859881325
3519,-0.062461915574791756
3520,-0.2694198781174814
3521,-0.11428695498861233
3522,-0.04771875848547677
3523,-0.04609433126583489
3524,-0.11619243622037062
3525,-0.03079143162852893
3526,-0.11231167620932998
3527,-0.05219239836952786
3528,-0.1112913600715906
3529,-0.19088108632572054
3530,-0.05227648295623587
3531,-0.1082758606963463
3532,8.1639513904051e-06
3533,-0.10633733811914045
3534,0.06605282048301139
3535,-0.10435372578051275
3536,0.0015710316218760824
3537,0.0007190894150466811
3538,-0.09724866047082105
3539,-0.08808342699468455
3540,-0.10654478665017446
3541,0.006151638584118269
3542,-0.09549472146454485
3543,-0.1256894668203641
3544,-0.03991186349495873
3545,0.010988047735082055
3546,-0.1005963685704135
3547,-0.0640588938501019
3548,-0.276980292632887
3549,-0.1327737916382614
3550,-0.04749695626387096
3551,-0.0683887549230608
3552,-0.04606209131738361
3553,-0.11689273146578967
3554,0.0654906713797326
3555,-0.12298579361730477
3556,0.05974953395104769
3557,-0.03783161713385134
3558,0.020275135516767653
3559,0.01992339672343202
3560,-0.07134359933415373
3561,-0.004940847496259668
3562,-0.14113267480387934
3563,-0.14206955437384425
3564,-0.14683328419718794
3565,-0.032214252574076896
3566,-0.06622069181838422
3567,-0.054525150497608296
3568,-0.04358118011643371
3569,-0.09532439647591029
3570,-0.07376623266913729
3571,-0.027629579561850994
3572,-0.0732490020390691
3573,-0.07054377596631634
3574,-0.12637303166364527
3575,-0.05447874474297017
3576,0.04646394592433292
3577,-0.07048562170652506
3578,-0.08970607976644258
3579,-0.07181079364518601
3580,-0.044015210195420686
3581,-0.03394898167378567
3582,-0.1389829640883468
3583,-0.004353075211576767
3584,-0.0033109553709271687
3585,-0.08061347579252418
3586,-0.046184888361398876
3587,-0.12229969200349687
3588,-0.03215277364088303
3589,0.05382809837922409
3590,-0.11045467225282071
3591,-0.010032661229328728
3592,-0.13533076682421244
3593,-0.015294938756853931
3594,-0.052547386494799654
3595,-0.143270871069722
3596,-0.04961891367190893
3597,-0.04749993567926361
3598,-0.06867406751852412
3599,-0.03598722621849999
3600,-0.036333397272094066
3601,-0.08179194747409212
3602,-0.0708889152292786
3603,-0.08320684538733981
3604,0.016889014041342052
3605,-0.08683834484532406
3606,-0.05357423000848811
3607,-0.08713390935316945
3608,-0.04371250434701692
3609,-0.1393675818079139
3610,-0.0022940618722333164
3611,-0.09298083965516653
3612,-0.05669235729024294
3613,-0.09895344251525576
3614,-0.09601555650341442
3615,-0.002028537341172958
3616,-0.0812067055134659
3617,-0.01752963431321861
3618,-0.09311470446797475
3619,0.0793490658788923
3620,-0.0854755875687856
3621,-0.04735360109140011
3622,-0.06619602907493433
3623,-0.048000706107367036
3624,-0.07485847378393276
3625,-0.07557322432761264
3626,-0.07808930847269772
3627,-0.1050389094200718
3628,-0.07756492323527436
3629,-0.1117384225805385
3630,-0.10633723555241979
3631,0.018566980564442222
3632,-0.1121690332740262
3633,0.01948180922643478
3634,-0.08618346135371185
3635,-0.07927505071352028
3636,-0.10425654506638424
3637,-0.05730878755314269
3638,-0.06811953903454203
3639,-0.06684052936286206
3640,-0.10702246111090896
3641,-0.1503438595934403
3642,-0.0057581545624560415
3643,-0.07391440731091403
3644,-0.05436512952057833
3645,-0.10895306027457853
3646,-0.10488106250346503
3647,-0.024549688329835773
3648,-0.0997327934981163
3649,-0.0968049002732675
3650,-0.0764518021708402
3651,0.03897915731298286
3652,-0.09551550582936538
3653,-0.05480520122907927
3654,-0.08000367358020115
3655,-0.0685219610462803
3656,0.03286628499451333
3657,-0.07189276490016301
3658,0.019672154471542407
3659,-0.07942402667281863
3660,-0.07942402667281863
3661,-0.0642831306965633
3662,-0.0801540400001063
3663,-0.06699419960767498
3664,-0.06528973713075044
3665,-0.0890385547584442
3666,-0.081202711604403
3667,-0.06610276468030686
3668,-0.16116055299067858
3669,-0.09764293217122107
3670,0.008920012171957259
3671,-0.10196731948124699
3672,-0.1266380048909663
3673,0.012580996053905398
3674,-0.06334393997899929
3675,-0.03339853845322987
3676,-0.10172847119349797
3677,-0.13240555972100682
3678,0.005539249141311527
3679,0.005539249141311527
3680,-0.056153993864682554
3681,-0.05071124851194217
3682,-0.1015415483948348
3683,-0.10335079080067835
3684,-0.11543187236076903
3685,-0.11733836408786966
3686,-0.1268918017975377
3687,0.016354041159374486
3688,-0.1041322866096218
3689,-0.11735696988025614
3690,-0.16316713861917245
3691,-0.11191972092331455
3692,-0.03281983444759966
3693,-0.04599663442222528
3694,-0.06402340613241053
3695,0.03413887422337027
3696,-0.11502402101006999
3697,0.03020161470870327
3698,0.014337547627843382
3699,0.02875200696996932
3700,0.015516917884646582
3701,-0.1138687834520024
3702,-0.048654509874454015
3703,0.027303768647322788
3704,-0.10860147708172889
3705,0.005693671482779441
3706,-0.10683568971829481
3707,-0.10699737319942511
3708,-0.10699737319942511
3709,-0.08278388683407525
3710,-0.1534133471946731
3711,-0.10660793866654925
3712,-0.10249796332984044
3713,-0.10002060654831894
3714,-0.02485906497033328
3715,-0.0975131478575502
3716,0.011563683454405038
3717,-0.10743732358389191
3718,-0.0795630747575335
3719,-0.11372567210491812
3720,-0.00848639184589384
3721,-0.08609143207111207
3722,-0.052936157926154984
3723,-0.12592500760721112
3724,-0.08561259741270821
3725,-0.014052738456687095
3726,-0.12884283463247542
3727,-0.08993915132020101
3728,-0.05585924301963469
3729,-0.10116727112797962
3730,-0.0010884447386173615
3731,-0.08756926704476274
3732,-0.13063271977713964
3733,-0.05181499506406412
3734,-0.10487006866974091
3735,-0.15564547832165884
3736,-0.06117018733099731
3737,-0.0845313739037507
3738,-0.06232158793643984
3739,-0.02449920316069953
3740,0.005884615727604354
3741,-0.08423303916037193
3742,0.012264064378256624
3743,-0.10955818072488344
3744,-0.08417049231311956
3745,-0.07139663883119104
3746,-0.08445423106319924
3747,-0.11797361116076688
3748,0.013551205183780838
3749,0.023015354265001304
3750,-0.11414329670625155
3751,-0.0698485751106753
3752,-0.11589857125706404
3753,-0.020620027386313345
3754,-0.11131448573897612
3755,-0.0407394737101495
3756,-0.11073126464846621
3757,-0.07177863216373076
3758,-0.11726861352347404
3759,-0.08607724039277141
3760,-0.11308624032413314
3761,0.021245382952064913
3762,-0.06951225195994502
3763,-0.1630320540585791
3764,-0.06787211289479592
3765,-0.07103056230429501
3766,-0.0019065758943721835
3767,-0.07449800957212045
3768,-0.07449800957212045
3769,-0.12327465417757062
3770,-0.11703848799675695
3771,-0.01373789629913097
3772,-0.01822883086801748
3773,-0.11752430233505329
3774,-0.01822883086801748
3775,0.02508693846641953
3776,-0.03539061804436949
3777,-0.04837252609089534
3778,-0.04626031513955294
3779,-0.07938840812263306
3780,-0.07938840812263306
3781,-0.12086729888291887
3782,0.02496471162622286
3783,-0.07611344347417769
3784,-0.10543552744769671
3785,-0.08905142409637398
3786,-0.08117181389615516
3787,-0.07688978093391219
3788,-8.354229877314068e-05
3789,0.0018169348224031374
3790,-0.07420088805825527
3791,-0.11253283770328662
3792,0.012798119417214114
3793,0.012798119417214114
3794,-0.1114187105875336
3795,-0.11598812070058964
3796,-0.08371154608391843
3797,0.0009591408167579724
3798,0.017478006687465256
3799,-0.11155013629467794
3800,-0.11648461590905958
3801,-0.0041165690100398115
3802,-0.014705070827696466
3803,-0.11566004761352554
3804,-0.06281472020426404
3805,-0.05961631907345795
3806,-0.11284921789636372
3807,0.02793161301004106
3808,-0.08209261302315615
3809,-0.053243528153530055
3810,-0.06568282548396297
3811,0.02307994799339968
3812,0.003998072087837764
3813,-0.0723206702845886
3814,-0.10923063953794243
3815,0.009420063357718158
3816,-0.1318694871032686
3817,-0.08454258173786418
3818,-0.07161086092115784
3819,-0.060044059344950405
3820,-0.1272434215076668
3821,-0.06191442057794383
3822,-0.16013239452014658
3823,-0.10484306656902144
3824,-0.04095045660879781
3825,-0.07358558579186561
3826,-0.0049483870199085594
3827,-0.05079445636394216
3828,-0.1859109777754822
3829,-0.07384607230453899
3830,-0.07384607230453899
3831,-0.024614005879447818
3832,-0.11128737900739269
3833,-0.10012839929591917
3834,-0.18529044482990295
3835,-0.10302672050441472
3836,0.028823700449906717
3837,-0.06878479351573141
3838,-0.06959166849128127
3839,-0.06826053603167574
3840,-0.09426006746702409
3841,-0.09947248009591637
3842,0.010373324684279896
3843,-0.09181180318560488
3844,-0.0695842572744824
3845,-0.0695842572744824
3846,-0.06751114017743857
3847,-0.09083861378708542
3848,0.00572815119892994
3849,0.020234176929410583
3850,-0.09321941028534407
3851,-0.021182800797023824
3852,0.02171967422877641
3853,-0.09040659696302107
3854,-0.09040659696302107
3855,-0.08384773676734328
3856,-0.08894147405596116
3857,-0.06282576101757566
3858,-0.07043826067197924
3859,-0.08740240483281311
3860,-0.08699770864659272
3861,-0.17949015975577942
3862,-0.06410496461364908
3863,-0.0862230239648529
3864,-0.067025256438964
3865,-0.07886163190108873
3866,-0.08178075845671877
3867,-0.09339459893893268
3868,0.014878760115524794
3869,-0.09801765509003176
3870,-0.00599604400920083
3871,-0.15827805144952276
3872,-0.09865989276610872
3873,-0.08446975984552749
3874,-0.0931289878014771
3875,-0.00016645206507843752
3876,-0.0931289878014771
3877,-0.00016645206507843752
3878,-0.04835595282345152
3879,-0.03225130217036968
3880,-0.0749501679255037
3881,-0.09651605168205633
3882,-0.08053872779258198
3883,-0.06939084508018441
3884,-0.09332335582707578
3885,-0.08471855774692731
3886,-0.09695458567867188
3887,-0.09780274430450761
3888,-0.08007238227310472
3889,0.020432556977657095
3890,-0.1726636525190207
3891,-0.10963582794149795
3892,-0.016763055012498234
3893,-0.10509939583228775
3894,-0.07921032500631381
3895,0.012688747334442354
3896,0.012688747334442354
3897,-0.10599363909088692
3898,-0.07105240328976224
3899,-0.1053691333173275
3900,-0.017435791532904223
3901,-0.10748948170045002
3902,-0.0022713487287668315
3903,-0.07405691954048471
3904,0.01898927686411169
3905,-0.06492196013589308
3906,-0.026385626850141588
3907,-0.06501787687232993
3908,-0.10857715346800062
3909,-0.07354595468544584
3910,-0.10316668604079299
3911,-0.06286380144673426
3912,-0.10316668604079299
3913,-0.10316668604079299
3914,0.008410696683547762
3915,-0.175929201924778
3916,-0.07038777591413503
3917,0.024626925911321162
3918,-0.10956415513985675
3919,-0.10530057241789977
3920,-0.054275139736514884
3921,-0.017466836767830243
3922,-0.16206507823982613
3923,-0.0969476985577935
3924,-0.06122344065117319
3925,-0.09554439305958783
3926,-0.05075437157083502
3927,-0.0929047265372331
3928,-0.04401728121205796
3929,-0.09034406079326698
3930,-0.16655690531040876
3931,-0.0784874869440621
3932,-0.09577013140687803
3933,0.0003063810920091936
3934,-0.16951424875945625
3935,0.006415230247451197
3936,-0.09852533625448075
3937,-0.08775679931324919
3938,-0.09064737311109987
3939,-0.10526403888654828
3940,-0.07737466762641637
3941,-0.09345842489496128
3942,-0.02746013101322713
3943,-0.10051501722584348
3944,-0.10003455281702564
3945,-0.0768601927698066
3946,-0.07882908754754776
3947,-0.07786498977712934
3948,-0.028429574962182617
3949,0.05230335865546764
3950,-0.08506868192727556
3951,-0.06214815708713308
3952,-0.08655557595823787
3953,0.005711794626250052
3954,-0.08923716550507833
3955,-0.08432601281487394
3956,-0.09089108756724724
3957,-0.08873478570557898
3958,-0.06918166682666489
3959,-0.09090409904802205
3960,-0.09090409904802205
3961,-0.18313782767137124
3962,-0.07836817117063914
3963,0.01745979824972274
3964,-0.07884360858017814
3965,-0.08118278354261417
3966,-0.08118278354261417
3967,-0.08269060108067797
3968,-0.08118278354261417
3969,-0.032883123785806906
3970,-0.09016327287246914
3971,-0.07634354269535067
3972,-0.09761345789887099
3973,-0.09687013742276236
3974,-0.08188421161134146
3975,-0.05988475106731756
3976,0.06928588580896768
3977,0.06928588580896768
3978,-0.08050612564636062
3979,-0.08050612564636062
3980,-0.07743935571535716
3981,-0.08780201262100812
3982,-0.07688509287484249
3983,-0.08489103588105315
3984,-0.09010146954792675
3985,-0.09952687757353187
3986,0.00766112982336582
3987,-0.17879863507624927
3988,-0.07047011683861819
3989,-0.08061839130685737
3990,-0.02679358259410751
3991,-0.0783659135361986
3992,-0.08310262808088642
3993,-0.027326924559450773
3994,-0.027326924559450773
3995,-0.10339086826048975
3996,-0.02482513786706128
3997,-0.05816116802941441
3998,0.006232438034457118
3999,-0.06480477714219751
4000,-0.08139039525480757
4001,-0.07075883479871624
4002,-0.059624783046159355
4003,-0.059624783046159355
4004,-0.05733880732802214
4005,-0.08620444319487792
4006,-0.06293748457032147
4007,-0.07583222780369267
4008,-0.05609336968464166
4009,-0.05507347866699873
4010,0.01860629419128344
4011,-0.1829635378039891
4012,-0.07373159695708084
4013,-0.09134006905495304
4014,-0.13787933651349094
4015,0.008928991946523648
4016,-0.07046866848257236
4017,-0.0805513792684576
4018,-0.020836013918817266
4019,-0.07642575876418006
4020,-0.04202460227897959
4021,-0.06285415550096042
4022,-0.07668190067046261
4023,-0.07070577651299363
4024,-0.07367233068838953
4025,-0.051817441673992194
4026,-0.06864005337261003
4027,-0.054572490953805175
4028,-0.009791758343832726
4029,-0.19284906638323612
4030,0.016505156218937746
4031,-0.06773771490737887
4032,-0.015652170667479193
4033,-0.06514227121301218
4034,-0.06375646044394374
4035,-0.12872926522605263
4036,-0.0638800866343878
4037,-0.06321276929937386
4038,-0.06280150038388888
4039,-0.09191110570394231
4040,-0.10109161918076402
4041,-0.06172392355860896
4042,-0.013984733745369921
4043,-0.05782796357887632
4044,0.008260378287487644
4045,-0.06494934183667685
4046,-0.06455059367025791
4047,-0.06450840510790166
4048,-0.10569711007506813
4049,0.006932584752457041
4050,-0.06605007495651764
4051,-0.09653197355337192
4052,-0.06649063488471865
4053,-0.06383365281073845
4054,-0.06383365281073845
4055,-0.09927727125588458
4056,-0.06708215978907296
4057,-0.1988632464044334
4058,-0.06978027327937725
4059,-0.09990075548609213
4060,0.009514791230353037
4061,-0.008674541810902974
4062,-0.0660947523984289
4063,-0.010733065555264439
4064,-0.0610338216233568
4065,-0.06080365455722338
4066,-0.07532817270676577
4067,0.002228990081807869
4068,0.0804772847871741
4069,0.0804772847871741
4070,-0.04557620815204268
4071,-0.10000355030687288
4072,-0.05936754996449969
4073,-0.06401634061033962
4074,-0.0874039661611882
4075,-0.06653869553541777
4076,-0.06755925524689606
4077,-0.0719330728982948
4078,-0.10199292272114012
4079,-0.2006016787044287
4080,-0.003308448790594958
4081,-0.08269301220062182
4082,-0.11087232042069863
4083,-0.01269485246616579
4084,-0.08441116693528335
4085,-0.05574199895076338
4086,-0.11121641765736405
4087,-0.04110053398810784
4088,-0.04110053398810784
4089,-0.0852882358814859
4090,-0.05359333477796207
4091,-0.09501097760421222
4092,-0.01754347431784378
4093,-0.045348322917671706
4094,-0.03868999997742489
4095,-0.027131279388675832
4096,-0.08485844486918186
4097,-0.10339157485390099
4098,-0.0875123446644317
4099,-0.08213996599096939
4100,-0.11495646723006331
4101,-0.08020202943992065
4102,-0.07823894201661517
4103,-0.10770368420855267
4104,-0.05663916815630842
4105,-0.07728226352751016
4106,-0.05110036039495531
4107,-0.10125986618299698
4108,-0.052659396587875155
4109,0.022547063185517795
4110,-0.20244161039757194
4111,-0.12868914109845894
4112,-0.017562742936835442
4113,-0.09337930906834924
4114,-0.05593128349521934
4115,-0.09330899727721122
4116,-0.08160100828179824
4117,-0.05010210914474736
4118,-0.06475572006645154
4119,-0.1105156984590865
4120,-0.09446810847493321
4121,-0.06369074788244962
4122,-0.06369074788244962
4123,-0.04068627520259951
4124,-0.10763956540305
4125,-0.10809833041785322
4126,-0.07961420909507567
4127,-0.06486346954744224
4128,0.0040892075024231
4129,-0.11999457526301924
4130,-0.10694743401867772
4131,-0.20615109087471212
4132,-0.07437464231541718
4133,-0.07529538740303235
4134,-0.06028613165995873
4135,-0.019062281016149218
4136,-0.06040202510284484
4137,-0.06040202510284484
4138,-0.11624737278321408
4139,-0.12096022338552327
4140,-0.05746271990492196
4141,-0.016320222918255592
4142,-0.010876053290492654
4143,-0.09791675521925354
4144,-0.07211025047415216
4145,-0.11316499896892053
4146,-0.10790452555293768
4147,-0.11554149828895853
4148,-0.06367328193846648
4149,-0.09306299324635989
4150,0.0015032054788367713
4151,-0.08974075567751881
4152,-0.057799443398437664
4153,-0.05593239643718858
4154,-0.05593239643718858
4155,-0.08616251297997647
4156,-0.2070118193763704
4157,-0.05676175135875963
4158,-0.08450413909235106
4159,-0.09586676205990365
4160,-0.07496586981293235
4161,-0.02041218153894824
4162,0.015163777145625279
4163,-0.0730694646233038
4164,-0.0034402528511190945
4165,-0.08173306246555005
4166,-0.1133780465804745
4167,-0.06380828756947018
4168,0.0766819832937361
4169,0.0766819832937361
4170,-0.09746133548849895
4171,-0.053185948871189596
4172,-0.0647442031663794
4173,-0.11275799675522227
4174,-0.04888204214382903
4175,-0.10668824257701832
4176,-0.11416041987849344
4177,-0.06184489521463
4178,-0.21277964920750672
4179,-0.0069661360882913555
4180,-0.068113096788358
4181,-0.10893373734381658
4182,-0.014116402979145966
4183,-0.017989310800663967
4184,-0.07900087342290156
4185,-0.05571734857766777
4186,-0.12105733186973257
4187,-0.08303360659178083
4188,-0.049845880560924316
4189,-0.12217625739409696
4190,-0.016048291322808595
4191,0.00041398393754931177
4192,-0.010917714903446842
4193,-0.0441745042463682
4194,-0.11232898459142565
4195,-0.11794812030018331
4196,-0.10435915103992957
4197,-0.0468821619381832
4198,-0.10435915103992957
4199,-0.08466976218208139
4200,-0.04696087883162208
4201,0.023068585361288346
4202,-0.07793791779702876
4203,-0.07793791779702876
4204,-0.10231426284947633
4205,-0.01984929485704175
4206,-0.044864338113732
4207,-0.08383221594934723
4208,-0.02332689785006837
4209,-0.211909485209971
4210,-0.11498575555865778
4211,0.004615516938100183
4212,-0.11004172667318425
4213,-0.0840697350411236
4214,-0.06862243365734089
4215,-0.10655367256043533
4216,-0.08900584720446768
4217,-0.10654922115739812
4218,-0.08882006046560209
4219,-0.06128270968061464
4220,-0.12852951270659255
4221,-0.049552776347644836
4222,-0.049552776347644836
4223,-0.07025755187402617
4224,-0.04832211597165963
4225,-0.06932869182571057
4226,-0.06885837247532119
4227,-0.0466628715431259
4228,-0.20976570528308291
4229,-0.019854689252551638
4230,-0.0654055466465809
4231,-0.0654055466465809
4232,-0.06548124615139964
4233,-0.016440148326755295
4234,-0.10644381915899351
4235,-0.09328725690345276
4236,-0.10589743340370077
4237,-0.06286848715632982
4238,-0.018961893185607974
4239,-0.022610287405381933
4240,0.025638517434875052
4241,-0.06368405690177292
4242,-0.03056561800588181
4243,-0.1061344318301301
4244,-0.1278459842868523
4245,-0.02574011484964199
4246,-0.09266335136293302
4247,-0.08867419040292328
4248,-0.06509859676881329
4249,-0.07851847196754091
4250,-0.0609880997080366
4251,0.0015347168572793092
4252,-0.10969834841796851
4253,0.00534810187891991
4254,0.008932834583516467
4255,-0.20022216495925402
4256,-0.05828259843995018
4257,-0.026348300011888155
4258,-0.07099761923010382
4259,-0.010583892794051298
4260,-0.08578053894152032
4261,0.014627665230921369
4262,-0.11288663144397425
4263,-0.05598126059506519
4264,-0.006686808693717276
4265,-0.006686808693717276
4266,-0.07403784517322952
4267,-0.024405636372917712
4268,-0.014824670038459498
4269,-0.06592044713502727
4270,-0.00557291597523519
4271,-0.08963001700089196
4272,-0.12111480020256091
4273,-0.057542858557244496
4274,-0.057542858557244496
4275,-0.13824938528430947
4276,0.019867324670443793
4277,-0.053976046303045075
4278,0.022253882266669623
4279,-0.07646896915637007
4280,0.021588527104347614
4281,-0.029106903700707502
4282,-0.10829792980074039
4283,-0.19299735762323514
4284,-0.05015705653236788
4285,-0.1182313559033953
4286,0.017886143900868835
4287,-0.11404926664380542
4288,-0.04988893962032456
4289,-0.011063560167723741
4290,-0.07014308840397201
4291,-0.07014308840397201
4292,-0.05871051699678783
4293,-0.11481931557379259
4294,-0.1412451722131411
4295,-0.1151774603405491
4296,-0.01496716023432737
4297,0.012898728164280584
4298,0.013282969873699308
4299,-0.06309428998634414
4300,-0.06363906068298052
4301,0.011153450867909009
4302,-0.06738000372880677
4303,0.009208501594331944
4304,-0.06776794617553464
4305,-0.19196211023202134
4306,-0.04158563775425815
4307,-0.023419880671713977
4308,-0.08594152091366916
4309,-0.11779951184011804
4310,-0.040892901009086116
4311,-0.04075933214590707
4312,-0.025877983757392857
4313,-0.11573936220229818
4314,-0.04121080625673876
4315,-0.07000540085859364
4316,-0.14212458026019287
4317,-0.051777112429532604
4318,-0.038095082768735085
4319,0.029700770621073104
4320,-0.18385403592638605
4321,-0.048433381393178536
4322,-0.01640930210242856
4323,0.044694870594695485
4324,-0.07757436277107928
4325,0.0558876427247843
4326,-0.10511197844484893
4327,-0.047338947982390876
4328,-0.11725963422618073
4329,0.049058706586334266
4330,-0.053093332868516196
4331,-0.11637550094877959
4332,-0.05648390051890037
4333,-0.05017473909784279
4334,0.04167585993970011
4335,-0.018395036920234982
4336,-0.07306879327016369
4337,-0.13396059327440316
4338,0.03454468815071829
4339,0.03454468815071829
4340,-0.07974709259640618
4341,-0.057166744083079826
4342,-0.02932699460866158
4343,-0.05822148355095123
4344,-0.05822148355095123
4345,-0.05819162335130516
4346,0.01714596920671602
4347,-0.08034093513594212
4348,-0.05330827337741288
4349,-0.11351278233915274
4350,0.02563479956770645
4351,-0.003936855758105774
4352,-0.11297445888769586
4353,-0.04707303074086548
4354,-0.014917374966240392
4355,-0.12331166331506005
4356,-0.03646366691238167
4357,0.036466994845144755
4358,-0.16993068273196163
4359,-0.04154518199834751
4360,-0.04154518199834751
4361,-0.07322224001435979
4362,-0.12070073506218125
4363,-0.07411965167536723
4364,0.030465767056138068
4365,-0.023780950190368723
4366,0.031045500570174744
4367,-0.06828197078171011
4368,-0.03329779757538392
4369,-0.035483509313547525
4370,-0.11470935557594383
4371,0.028318167261517868
4372,-0.14140094150515578
4373,-0.06012275448736411
4374,-0.06012275448736411
4375,0.029579815966841734
4376,-0.018619054878861646
4377,-0.018692553905383998
4378,-0.02616588831700247
4379,-0.11832082613746453
4380,-0.0601084776638813
4381,-0.0601084776638813
4382,0.0005680701971259888
4383,-0.07419357564644105
4384,0.02130883431128681
4385,-0.054690473451771054
4386,-0.030367231818704803
4387,-0.025867173906634393
4388,-0.06583491976761623
4389,-0.06394661005782037
4390,-0.10941872537148062
4391,-0.10866237128522996
4392,-0.12488560599711962
4393,-0.05523260276613186
4394,-0.012790874455613301
4395,-0.007537100372267243
4396,-0.062308245199541736
4397,0.006669110890520726
4398,-0.14209270092792556
4399,-0.05735298101196471
4400,-0.1650891421358007
4401,-0.04889658628574094
4402,-0.03867601968729933
4403,0.014240417465534552
4404,-0.025689508011702698
4405,-0.1292878718393302
4406,-0.03564763086510196
4407,-0.05554400096450214
4408,-0.10098485878871528
4409,-0.05668466485611586
4410,0.0036013632685831646
4411,6.0172584146304786e-05
4412,0.0036013632685831646
4413,-0.03428219280777513
4414,-0.040360402713518206
4415,-0.07004988394483282
4416,-0.020269251128138377
4417,0.0027898572345000203
4418,0.001436201584793973
4419,0.001436201584793973
4420,-0.052411875076022255
4421,-0.02452411967755825
4422,0.004211823281835101
4423,-0.04603837111204004
4424,-0.04710238760135634
4425,0.007222640273089617
4426,0.00781164523257617
4427,-0.11387973381039239
4428,0.00044923363761397084
4429,-0.04324833037792882
4430,-0.020039953047501658
4431,-0.0685423694040285
4432,-0.04961537449614662
4433,-0.013381805168893916
4434,0.020928110087167214
4435,-0.11510953054520887
4436,-0.0466668358532741
4437,-0.14509244567284085
4438,-0.023339049307958624
4439,-0.13307866371030774
4440,0.022818333122758327
4441,-0.008925690855910488
4442,-0.11464116873902007
4443,-0.0023884577114805716
4444,-0.0594587354421353
4445,-0.13782531680453547
4446,-0.11431452623855547
4447,-0.014215453147280035
4448,-0.08670831213585473
4449,0.018753675504360908
4450,0.013490288511759851
4451,-0.05698134531212976
4452,-0.04374960371090063
4453,-0.042855686433381696
4454,-0.12384969847502302
4455,-0.07371980515192064
4456,-0.00983650090849778
4457,-0.12352220932641313
4458,-0.1195648136952943
4459,-0.012957295201420508
4460,0.021132982191467607
4461,-0.022884081559974328
4462,-0.14337827446315032
4463,0.029601146052824004
4464,-0.03264494430180088
4465,-0.03264494430180088
4466,-0.09100443329516546
4467,0.022931048640135832
4468,-0.03552720348679257
4469,-0.03043805223179224
4470,-0.02584441650556261
4471,-0.07718193209176964
4472,-0.07741823973449098
4473,-0.06283502734308839
4474,-0.028141852311433495
4475,-0.07792887096133878
4476,-0.06168789421535604
4477,-0.022156731827432854
4478,-0.029668822938541874
4479,0.02180143260642765
4480,-0.020131410015061777
4481,-0.015700940812257584
4482,0.03360225149596177
4483,-0.07023606143918042
4484,-0.027687731291671427
4485,-0.06909802163035843
4486,-0.06989346042933309
4487,-0.09217970710399845
4488,-0.07578166188642281
4489,-0.011527945541967935
4490,-0.04635364624553861
4491,-0.014046054607892277
4492,-0.0571642266291524
4493,-0.060633917273475224
4494,-0.07600172141176532
4495,0.012138611727979459
4496,0.051669016945994795
4497,-0.049973677626612215
4498,-0.08074751342305975
4499,-0.040980588854337696
4500,-0.07521324908515847
4501,-0.010124603022438165
4502,-0.07397700060570778
4503,-0.055613931243431156
4504,-0.0014984343949590489
4505,-0.052572481375824945
4506,-0.01081652767883694
4507,-0.07036715905338427
4508,0.008186761919810992
4509,-0.06143902751841406
4510,-0.04643734988513906
4511,-0.012039083583608456
4512,-0.07078911485148756
4513,-0.015035199075371798
4514,-0.05405891830435906
4515,-0.06618505706787528
4516,-0.06346432269711108
4517,-0.044476701081071025
4518,0.008881110732061841
4519,-0.02332362034313922
4520,-0.023356866936440394
4521,-0.06814263293764224
4522,-0.05772637963219297
4523,-0.07330105579856258
4524,0.008495813982364977
4525,-0.052019998465069495
4526,-0.03471972258509451
4527,-0.09554351722604885
4528,-0.07385353680325793
4529,0.004564905045798867
4530,0.00756142622812633
4531,0.025570749221803805
4532,-0.07158984158869548
4533,0.002095593981279944
4534,-0.023853555639071676
4535,0.04398810197094448
4536,-0.026148392347299296
4537,0.019024840171887925
4538,-0.08244934232370736
4539,0.00783176018083835
4540,-0.0710757116301817
4541,-0.07339159337910905
4542,0.008645324110051937
4543,-0.010260179909046265
4544,-0.06994470823729433
4545,0.0025648123774272874
4546,-0.07154121207470174
4547,-0.03200356211601565
4548,-0.05955954949642284
4549,-0.06232851761048294
4550,-0.07340708396456183
4551,-0.09304352540641861
4552,-0.056100258026640454
4553,-0.07121351926728359
4554,0.03459698504925963
4555,-0.052093354008067375
4556,-0.08100127742034105
4557,0.03781061171334489
4558,0.0121135580963763
4559,-0.09164496609701406
4560,-0.06550657839565201
4561,-0.022928010065236853
4562,-0.031585360231642004
4563,-0.001103593914436247
4564,-0.0024981271900080173
4565,-0.0036293299389773197
4566,-0.03279427872558128
4567,-0.06565503619125303
4568,0.03238995163349259
4569,-0.04886037263148567
4570,-0.04690410127585849
4571,-0.07049659081995115
4572,-0.06537910602185218
4573,-0.04512802814662033
4574,0.023856728009266095
4575,0.031176499179303395
4576,0.00795148464837309
4577,-0.05045571316456089
4578,-0.06381813902252413
4579,-0.013290196804779952
4580,-0.013290196804779952
4581,-0.04725015061231792
4582,-0.04725015061231792
4583,-0.04279642334398477
4584,-0.06711270465288982
4585,-0.09918209029938738
4586,-0.07884898877551734
4587,-0.07312038506322227
4588,-0.03846075574889433
4589,0.04883648582083771
4590,-0.051992097783168864
4591,0.05317389152183778
4592,0.006190052804255094
4593,-0.09044413282726588
4594,-0.036632912651181876
4595,-0.08590953312614107
4596,0.0017964633861908329
4597,-0.053927657370163806
4598,-0.09190131569560141
4599,-0.044502545772472375
4600,-0.08674453573264843
4601,-0.058791710053510485
4602,-0.11320138594584798
4603,-0.045330784998312536
4604,0.000322272812463125
4605,0.037640471764845716
4606,-0.04471816640167508
4607,0.0006728472746712726
4608,-0.08927794938437192
4609,-0.042236326237977934
4610,0.025752767853729795
4611,-0.04424424065315027
4612,-0.09287721885407556
4613,0.03052229044472251
4614,-0.001098292342846861
4615,0.01605150786517852
4616,-0.07463670083857207
4617,-0.041440879350355335
4618,-0.003571538945966666
4619,-0.04120910653115554
4620,-0.055095993805358866
4621,-0.09008144427014049
4622,-0.040380853735545355
4623,-0.06130512679755078
4624,-0.09168787670540307
4625,-0.12213783051737538
4626,-0.09872098656378185
4627,-0.0499853983764395
4628,-0.0944052111436964
4629,-0.0944052111436964
4630,-0.05339115565640971
4631,-0.050690856056169714
4632,0.010544151684796735
4633,-0.05292707557524247
4634,-0.09976302844588295
4635,-0.0074758990952857865
4636,0.009603885740794247
4637,-0.09590360181212812
4638,-0.03212084645427377
4639,-0.09609458956197209
4640,-0.05842546854143443
4641,0.0033704573704904967
4642,0.007647675501605066
4643,-0.1013501508287749
4644,-0.08652820284030222
4645,-0.0686827578730033
4646,0.02614920071089532
4647,-0.1055273959589703
4648,0.005382380204352557
4649,-0.07306353431159421
4650,-0.07639145321425425
4651,-0.07965620054650843
4652,-0.11194113860283397
4653,0.006294062415843466
4654,0.012086811832563613
4655,0.008361534070825254
4656,0.008361534070825254
4657,-0.05331150889149901
4658,-0.09244194640859416
4659,0.0028042797367097264
4660,-0.10175349405051536
4661,-0.05761545293520514
4662,-0.05446428050025595
4663,-0.08825103922824896
4664,-0.09914404510403761
4665,-0.08976517123188994
4666,-0.08644108450678853
4667,-0.08066854520599917
4668,-0.10578484863927376
4669,-0.11852227254098056
4670,-0.09162331934686668
4671,0.004350360438146528
4672,-0.10784892416918947
4673,-0.09107783402976286
4674,-0.0051671615419423295
4675,-0.07661581233672339
4676,0.00866241106828856
4677,-0.07661581233672339
4678,-0.08437669257174417
4679,-0.09694418918301968
4680,-0.09837239042281147
4681,-0.0010361460606461979
4682,-0.11966770454479113
4683,-0.11277565729352246
4684,-0.034523015091483665
4685,-0.05178680193648525
4686,0.00959780503745648
4687,-0.11431895336522734
4688,-0.05833039621254407
4689,-0.11944105573159526
4690,-0.1191232636737941
4691,-0.10865913578853531
4692,0.044516597096214444
4693,-0.03673629073922198
4694,-0.10932039690583359
4695,0.006945646255101549
4696,-0.010645419427118948
4697,0.008739872895384047
4698,0.0102939476379572
4699,-0.015650513460850796
4700,0.010553781959971961
4701,-0.11168495000675027
4702,-0.04829747526764594
4703,-0.054744709298114654
4704,-0.10720637433617482
4705,-0.007122299690432848
4706,-0.13432230593174993
4707,-0.1267692568295783
4708,-0.13460788407437704
4709,-0.07138333343388438
4710,-0.07259872902142919
4711,-0.13359886489343908
4712,-0.0319114489903371
4713,-0.1354391892380038
4714,-0.1355761489909513
4715,-0.0355294682482711
4716,-0.1367190485553909
4717,-0.04398580415457989
4718,-0.07260109905615122
4719,0.0016643067078435149
4720,-0.13063854458311056
4721,-0.13063854458311056
4722,-0.04568298969463714
4723,-0.041049143072443034
4724,-0.12946867875374216
4725,-0.06657570376365518
4726,-0.13236460419653545
4727,-0.13236460419653545
4728,-0.1455347006890829
4729,-0.14695616270783624
4730,-0.06408961745697804
4731,-0.14341691820826577
4732,0.04635858161679588
4733,-0.06658255057971842
4734,-0.15069691931632054
4735,-0.1264534805912242
4736,0.0005829670269969505
4737,-0.15423021058860917
4738,-0.04653985903155817
4739,-0.104936997345071
4740,-0.12455898826703318
4741,-0.0016322036411896281
4742,-0.05133419514149803
4743,-0.04705081613491656
4744,-0.13121098821104854
4745,-0.12110626539865815
4746,-0.05328790395999395
4747,0.0032812261893321306
4748,-0.02525110038921127
4749,-0.14798774751746532
4750,-0.01682106078863603
4751,-0.01682106078863603
4752,-0.05978949613452313
4753,-0.05203334644920786
4754,-0.005538731949384477
4755,-0.13113372660298872
4756,-0.07228466090678584
4757,-0.1186098915547344
4758,-0.08230812140517423
4759,-0.08230812140517423
4760,-0.08747482598013713
4761,-0.005231791800981033
4762,-0.08793810455969062
4763,-0.06946407188912408
4764,-0.09641277154838801
4765,-0.13625015110897626
4766,-0.028631765481307393
4767,0.010368844892317474
4768,-0.06883780058929512
4769,-0.045040957236477344
4770,-0.08966929156131337
4771,-0.1157649033349257
4772,-0.13870027812917093
4773,0.0032433950241655134
4774,-0.13813591699997774
4775,-0.13813591699997774
4776,-0.031198628991385115
4777,-0.04116540921977582
4778,-0.13954123017771802
4779,-0.07993056216041154
4780,-0.1298191510972969
4781,-0.14274060766528543
4782,-0.11466439421207501
4783,-0.14349661372922828
4784,-0.11433347860134918
4785,-0.06604474375345747
4786,0.03865821426500469
4787,-0.11384020832102575
4788,-0.06327839040939791
4789,-0.11178220643209322
4790,-0.11252861139368933
4791,-0.0003602375919635681
4792,-0.11231159252379466
4793,-0.11196847171596667
4794,-0.03855521724322946
4795,-0.03891806107848346
4796,-0.046850803125819455
4797,-0.14609640657204662
4798,-0.10423940631759783
4799,-0.14583917376650535
4800,-0.05651440509704182
4801,-0.07674440039458284
4802,-0.07870287699537985
4803,-0.04341869306295289
4804,-0.13603475633171025
4805,-0.06813176386536389
4806,-0.1012205388618346
4807,-0.06550681288158777
4808,-0.10023907786483983
4809,-0.14082251723433767
4810,-0.06361223706922994
4811,-0.08782041857261715
4812,0.006834725004307378
4813,-0.13023553279776415
4814,-0.06314732278600577
4815,-0.04734955235858549
4816,-0.0821230797375673
4817,-0.12452349813657046
4818,-0.12452349813657046
4819,0.018324124174923507
4820,-0.14547908875368845
4821,-0.07306870104498941
4822,-0.12329360237582845
4823,0.019808444373088083
4824,-0.12304448492114148
4825,-0.06664383970845206
4826,-0.12262510832458862
4827,-0.12220304725194091
4828,-0.08029433831881051
4829,-0.10393916721180493
4830,0.041491609132276536
4831,0.024691013803398262
4832,-0.062105403778003054
4833,-0.07941711016691197
4834,-0.08040568473560494
4835,-0.12396873243500113
4836,-0.06088595945199939
4837,-0.0786325175502609
4838,-0.08234206687048388
4839,-0.030816114466381297
4840,-0.06735617912389022
4841,-0.03068708508244514
4842,-0.10914405296584048
4843,-0.06612601253016648
4844,-0.06577250779422565
4845,-0.02341343229606321
4846,-0.08212447746707516
4847,-0.10215604131956395
4848,-0.05597200048497184
4849,-0.07192791834167984
4850,-0.11592788451099678
4851,0.04309838634960249
4852,0.04309838634960249
4853,-0.0610155134210328
4854,-0.06013759990608291
4855,-0.06093325275333791
4856,-0.05475271438725954
4857,-0.06093325275333791
4858,-0.08208748406445138
4859,-0.06736283219958199
4860,-0.01156550010745877
4861,-0.09067017971959972
4862,-0.04889925898232149
4863,-0.03132773437932386
4864,-0.09035636484740729
4865,0.01671207113494578
4866,-0.08978593684833286
4867,-0.05927962739031621
4868,-0.0855786688803474
4869,-0.0855786688803474
4870,-0.08488901221232752
4871,-0.06373282247572498
4872,-0.0874253297090552
4873,-0.10428353019918825
4874,0.01591564295813549
4875,-0.04516648438127713
4876,-0.08459494961987274
4877,-0.10557960457359931
4878,0.013930312476677925
4879,-0.03255102621956597
4880,-0.07670410944277356
4881,-0.07903474163582176
4882,-0.05311918851700709
4883,0.020361040397855697
4884,-0.09585169618111848
4885,-0.08420812614020755
4886,-0.03207699271410655
4887,-0.06742888136586112
4888,-0.08447710122689517
4889,-0.08079851466122019
4890,-0.07977080398428442
4891,-0.07868291733789115
4892,-0.07173214428155755
4893,-0.09986668489708653
4894,-0.043503217862189913
4895,-0.07917463303737171
4896,-0.05705857598699913
4897,-0.05950338620656102
4898,-0.07486777366038692
4899,-0.07327625776419709
4900,-0.07540042913554554
4901,-0.019622841497324656
4902,-0.06085253651548959
4903,-0.043712300474760046
4904,-0.043293343182189255
4905,-0.0930588247671201
4906,-0.05923024315278786
4907,0.02944372903472748
4908,-0.05835340753184275
4909,-0.041709597555300015
4910,-0.05845050883805632
4911,-0.05845050883805632
4912,0.026419608521870922
4913,0.009083685422871884
4914,-0.05703757720934463
4915,-0.08274936060791764
4916,-0.13172255084863016
4917,-0.07498148086969429
4918,-0.01414982014139678
4919,-0.07037743290310736
4920,-0.05998973489268925
4921,-0.09034758229315504
4922,-0.07957948662465109
4923,0.023362360585428392
4924,-0.0618055718148157
4925,-0.040012668009827806
4926,0.06451898495148665
4927,-0.08161692190875218
4928,0.06451898495148665
4929,-0.0625516372193474
4930,-0.040499137343701794
4931,-0.08209512123406422
4932,-0.058703456780993944
4933,-0.06318512942301988
4934,-0.07979789817266877
4935,-0.09419046619962418
4936,-0.06887427882973954
4937,-0.086833128780739
4938,0.024347330680308744
4939,-0.09200940661154663
4940,-0.07222877184085219
4941,-0.07245445526844985
4942,-0.08099523501139355
4943,-0.0591504646603487
4944,-0.08152203746420067
4945,-0.06253963582858281
4946,-0.059570747610124854
4947,-0.08312421198292314
4948,0.0020489859903518493
4949,-0.024832381898246752
4950,-0.06284483664909334
4951,-0.024832381898246752
4952,-0.03920521782928209
4953,-0.06175638874042468
4954,0.030987605135347946
4955,-0.09728517096236483
4956,-0.14271261764937113
4957,-0.04599279836871507
4958,-0.06310582056140622
4959,-0.061026403257514274
4960,-0.07900070931313789
4961,-0.11408118303471997
4962,-0.018091697182536483
4963,-0.09620904672751743
4964,-0.06545759166971601
4965,-0.07325047223405215
4966,-0.059309672023516065
4967,-0.08502926626695419
4968,0.005192457553514367
4969,-0.0353065989766693
4970,-0.05742622597545314
4971,-0.06394320336200945
4972,0.026048715661647497
4973,-0.057639948924890744
4974,-0.057639948924890744
4975,-0.03635804700794185
4976,-0.051145376855483995
4977,-0.0664701358142347
4978,-0.09875102349820804
4979,0.027440627441945992
4980,-0.05918638022905473
4981,-0.06512911040519186
4982,-0.1113771350806717
4983,-0.07314111918292182
4984,-0.07597200796830861
4985,-0.048566636699811615
4986,-0.11608081769807911
4987,-0.052272264614570484
4988,-0.08657771145045753
4989,-0.06932804380543933
4990,-0.0034242551594045145
4991,0.0031057778825312296
4992,0.032441420393933225
4993,-0.024385790647512236
4994,-0.10871203143142734
4995,-0.06618638959658436
4996,-0.04247907610935037
4997,-0.05853400969654302
4998,-0.05853400969654302
4999,-0.06750418408945556
5000,-0.09151103043160035
5001,-0.06811810062489967
5002,-0.10594439771678515
5003,-0.06629026971176806
5004,0.03752053476622956
5005,-0.06536608238916147
5006,-0.04173558450268854
5007,-0.06723137725097579
5008,0.004661860314262512
5009,-0.049865145325764144
5010,0.03804041434344791
5011,0.03804041434344791
5012,-0.09801347209081267
5013,-0.11190365799000658
5014,-0.04810877645743344
5015,0.0324699048251084
5016,-0.05407528776746057
5017,-0.044130183420819584
5018,-0.013365262346737542
5019,0.02904693346015846
5020,0.02904693346015846
5021,-0.045099707194773575
5022,-0.09881594859421439
5023,-0.05645158045940565
5024,-0.0549261001559108
5025,-0.0363128248733693
5026,0.04934878583087404
5027,-0.06771636422144836
5028,-0.050839530189122094
5029,-0.11971149309859955
5030,-0.09920963787079724
5031,-0.08155644610130884
5032,-0.051829425825721635
5033,-0.05368228027021995
5034,0.0017665715732144939
5035,-0.05323296484158524
5036,-0.12493694920773935
5037,-0.06302234562114765
5038,0.013629902370404274
5039,-0.10597598649803096
5040,-0.06211454043110814
5041,-0.029947743889224485
5042,-0.10030703704708477
5043,-0.09017325664145702
5044,-0.06427099605684314
5045,-0.06385663270503295
5046,-0.0617831546216089
5047,-0.04997367704362595
5048,-0.06163785345120369
5049,-0.06080542484069892
5050,-0.11831363448777342
5051,-0.06228050412298657
5052,-0.018246111641109477
5053,-0.05735517410187587
5054,0.045091498109092354
5055,-0.018246111641109477
5056,0.045468916636587205
5057,-0.1082209969971923
5058,-0.056583767542321674
5059,-0.05956833534713146
5060,0.0006458316873822082
5061,-0.030314025445123165
5062,-0.05276412243745316
5063,-0.0527029759716299
5064,-0.004449089762539684
5065,-0.04697353356722996
5066,-0.024362773729966147
5067,-0.02912079935657925
5068,-0.05571624138449771
5069,-0.039872955882685204
5070,-0.05480769859775489
5071,-0.036814155166062096
5072,-0.08699073679360599
5073,-0.05969809011585983
5074,-0.10919201896130894
5075,-0.055804931584870654
5076,-0.07912012406842919
5077,-0.040871382971952336
5078,-0.05571172620980545
5079,-0.05500383267080421
5080,-0.05738237671106982
5081,-0.009876139459046874
5082,-0.02450072724376957
5083,-0.03710680059717012
5084,-0.03657955939300953
5085,-0.12550552915276614
5086,-0.0866421193837877
5087,-0.020552227575056786
5088,-0.027557070237905303
5089,-0.06224516634981637
5090,0.05167754799675218
5091,-0.03008735448358807
5092,-0.07418835807561551
5093,-0.022626721202138978
5094,0.05452665561642327
5095,-0.028124634660725543
5096,-0.0952783938809
5097,-0.05466378842640358
5098,0.05857365672392306
5099,-0.09635014759163607
5100,-0.06145030627057386
5101,-0.03196712712797943
5102,-0.05640341495434432
5103,-0.08984287768350953
5104,-0.01340142808698447
5105,0.05719628584095093
5106,-0.055035634625561276
5107,-0.059510852189435276
5108,-0.017127935626395745
5109,-0.055919677859026976
5110,-0.0559082828747758
5111,0.056091009572336696
5112,-0.025092669639891454
5113,-0.06371765247460762
5114,-0.023081657121557058
5115,-0.07830460875708935
5116,-0.10941472122775024
5117,-0.05973539279987524
5118,-0.08247255978651948
5119,-0.06079212619784864
5120,-0.028513570807091198
5121,-0.07168110894486934
5122,-0.0720784119917722
5123,-0.056068895443188896
5124,-0.06518708835824444
5125,0.06804823879019609
5126,-0.020467733268964318
5127,-0.051304566502927376
5128,-0.12802689840448392
5129,-0.030235857014260025
5130,-0.030615703907123985
5131,0.05292527475629226
5132,-0.010149003040623978
5133,-0.032573405519525624
5134,0.03269804987507004
5135,-0.12646277843959827
5136,-0.06271962807523854
5137,-0.03428408191121515
5138,-0.033071790393549357
5139,-0.030767228909088052
5140,-0.10573215825665092
5141,-0.01422728439324298
5142,-0.08621148943995693
5143,-0.10969942052684568
5144,-0.07426310218218823
5145,-0.012084368197021092
5146,0.05255612078270667
5147,0.05255612078270667
5148,-0.03287899914367935
5149,-0.07274146304371606
5150,-0.06718899694653543
5151,-0.03903940673967364
5152,-0.039544073189863645
5153,-0.03027599378820237
5154,-0.05549502741881785
5155,-0.017469324657597807
5156,-0.05549502741881785
5157,-0.09030270467359144
5158,-0.08813058837733428
5159,-0.09315541773888499
5160,-0.09792270540423724
5161,-0.05584500409670016
5162,0.056198883837464055
5163,-0.054631135237787065
5164,-0.054740913042508214
5165,0.018960758978151297
5166,-0.024175409877695914
5167,-0.011866085486057741
5168,-0.07683401639407864
5169,-0.0846014323137273
5170,-0.05486430209192208
5171,-0.08552397472147044
5172,-0.0546700919015652
5173,0.06555846853385618
5174,0.05885194009528423
5175,-0.04227479253971902
5176,-0.12592304252309602
5177,-0.083103664524026
5178,0.025797419828696617
5179,-0.052561082017100864
5180,-0.06551657603460549
5181,-0.005179713025133971
5182,0.060137004317560507
5183,-0.04250708398218115
5184,-0.04362164602225785
5185,-0.055225256168782974
5186,-0.0051354172162736775
5187,-0.042480915018309404
5188,-0.08259999676373014
5189,-0.03988260407753884
5190,-0.05601305380957295
5191,-0.08551210842429625
5192,-0.056286358988388095
5193,-0.005487339796131422
5194,-0.11407697982096973
5195,-0.08122971644626155
5196,-0.02369364056864078
5197,-0.062377071154511805
5198,0.04654564460064037
5199,-0.08042543522672406
5200,0.06429075415096844
5201,-0.02637414447358272
5202,-0.05802307913130473
5203,-0.05332283063624723
5204,-0.05332283063624723
5205,-0.03527774180939228
5206,-0.08670199967281406
5207,-0.03359540289055046
5208,-0.03359540289055046
5209,-0.059200823104129136
5210,-0.06397697528719179
5211,-0.07728909526695077
5212,-0.006334374126536478
5213,-0.07475612227246112
5214,-0.060923329880602596
5215,0.04137812075202481
5216,0.04137812075202481
5217,0.04399850038066228
5218,-0.0659322363743619
5219,-0.0013653722713852794
5220,-0.10155401986780457
5221,0.06442686195803912
5222,-0.0480775040507517
5223,-0.027301241206036175
5224,-0.060311907408080054
5225,-0.031807086996589476
5226,-0.03274585355457084
5227,0.007517818087061201
5228,0.0180573786254099
5229,0.005457825732848688
5230,-0.023588441563928576
5231,-0.06440209836106361
5232,-0.02860038124339335
5233,-0.04923558891022053
5234,-0.06631360092860109
5235,0.008776845707844034
5236,-0.057825218095347124
5237,-0.09237325925728375
5238,0.07559676928233681
5239,-0.03269325632946953
5240,-0.06104913745513469
5241,-0.0200252659323526
5242,-0.02016099308047572
5243,-0.12409649651286013
5244,-0.021250373102677675
5245,0.04576031802142849
5246,-0.05442702210886877
5247,-0.063035774950092
5248,-0.04171511709856309
5249,-0.043578693012782006
5250,-0.02242475323838561
5251,-0.06249417884066055
5252,-0.03036154736137902
5253,-0.10331700142044918
5254,-0.06836556450713473
5255,-0.024613506890811022
5256,0.06298499071294879
5257,-0.004351645920529987
5258,-0.051148477119859925
5259,-0.030198124685112838
5260,0.03159162828533549
5261,-0.03175500907780469
5262,-0.04946215656255684
5263,0.0398423591017936
5264,0.0398423591017936
5265,-0.025564695984676984
5266,-0.03100344059152637
5267,-0.028920523323147575
5268,0.01029609445636616
5269,-0.028547501849742224
5270,-0.04763844961794116
5271,0.033572437336199
5272,-0.0463775483670429
5273,-0.0463775483670429
5274,-0.05760687126526145
5275,0.04940874728651279
5276,-0.05762134283373152
5277,-0.10324631415436147
5278,-0.028254563864146022
5279,0.0681095520122765
5280,-0.02754393740188358
5281,-0.14856297559261322
5282,-0.0523703952638157
5283,-0.08671622777752051
5284,0.045249732619539386
5285,-0.06772370551587788
5286,-0.05380193240290201
5287,-0.053639843302348986
5288,-0.07335581865047677
5289,-0.02659639470862175
5290,-0.030074167463565053
5291,-0.085089074564057
5292,-0.09030575868856329
5293,-0.00021855747387952977
5294,-0.0549181123835834
5295,0.030848648493467124
5296,-0.023861200882599763
5297,-0.018121136642102718
5298,-0.031887406987592515
5299,-0.01676945905288104
5300,-0.05771130230866879
5301,-0.08580954879970171
5302,-0.014129146659424836
5303,0.042018871766187356
5304,0.035672801430686435
5305,0.035672801430686435
5306,-0.1215424358025004
5307,0.03542512237556136
5308,-0.019586032354889992
5309,-0.01895815810189344
5310,-0.018337510958518034
5311,-0.08852322082954406
5312,-0.0699437999632325
5313,-0.08936436362376421
5314,0.03667068505210135
5315,-0.057559396920000644
5316,0.04221004185060903
5317,-0.03493819455122678
5318,0.003218157959476366
5319,-0.17663019697242133
5320,-0.12171039029886492
5321,-0.027543164463490692
5322,-0.0019608994911751894
5323,-0.0010032136318101454
5324,-0.1365930571823167
5325,0.04705701515501144
5326,0.050267706148166905
5327,-0.16947217454527014
5328,-0.01088779380675263
5329,-0.10490495656951031
5330,-0.0025478231993948676
5331,-0.016015685987505503
5332,-0.00864234162945725
5333,-0.0006756354712248505
5334,-0.07339512126656328
5335,0.08011696342924186
5336,0.08202267026380282
5337,-0.029936000219268098
5338,0.01295925409620698
5339,-0.008731798743120384
5340,-0.15617196389498716
5341,-0.05500936805299221
5342,-0.14082758305691492
5343,-0.04712757152217503
5344,-0.00788330539392305
5345,-0.1549022433012819
5346,-0.10438169575246051
5347,-0.019908435993340422
5348,-0.10609823377207864
5349,0.01739898220584605
5350,0.024135899037791734
5351,-0.11893456479820741
5352,0.10244319860146446
5353,-0.04942815364318446
5354,0.010302108841798288
5355,-0.1781127394018483
5356,-0.16197138153235582
5357,0.11962891433597038
5358,-0.07013497955300035
5359,-0.11271273115100681
5360,-0.0017614169592652367
5361,0.014700932710910379
5362,0.11608967363233631
5363,-0.03860264568545779
5364,0.04278531503322387
5365,-0.17872551777051793
5366,-0.030824439753112883
5367,-0.10978327590908828
5368,-0.10055024543449623
5369,-0.007144621734860355
5370,0.10430721680362406
5371,0.09655039874973984
5372,-0.020804394194025064
5373,0.10231919961499737
5374,0.009400092945225575
5375,-0.17639702811456517
5376,-0.04264477808816965
5377,-0.08541328943710441
5378,-0.007420903419121106
5379,-0.03816378073065918
5380,0.09415292274617097
5381,0.09526419618478839
5382,-0.022188906209470935
5383,-0.029454256243025355
5384,-0.15437726121413894
5385,-0.07698829931432219
5386,-0.06608960568689314
5387,-0.07378343464713837
5388,-0.07130303391250344
5389,-0.15444818559369358
5390,-0.06718582991168076
5391,-0.025915636393782603
5392,-0.06077721212836431
5393,-6.485179332837319e-05
5394,-0.04016895092298384
5395,0.10829319793645714
5396,-0.06450122755754205
5397,-0.017304703526167423
5398,-0.022149832498382215
5399,-0.04115288183864248
5400,-0.15715820114801873
5401,-0.031718637961215566
5402,-0.05054973080614191
5403,-0.050110574375851855
5404,-0.047419824642973805
5405,-0.0004354806307939678
5406,-0.06920967525592335
5407,-0.08450881101968105
5408,-0.045527606438574536
5409,-0.045891550203988794
5410,-0.044499294783836275
5411,0.10209743812925705
5412,-0.0031601536291272106
5413,-0.0031601536291272106
5414,-0.039744002192954535
5415,0.01211837332927702
5416,-0.040591692221004394
5417,-0.03012258330495625
5418,0.007327887194535108
5419,-0.025482952791593183
5420,-0.061985901203914416
5421,-0.04233550189246502
5422,0.0922450987742017
5423,0.07879638837725036
5424,0.005143659690197526
5425,-0.03866666070744411
5426,0.009363111970108428
5427,-0.024112405043027304
5428,-0.15174637372531558
5429,-0.03220536973510502
5430,-0.02788269753086581
5431,-0.02750534753651053
5432,0.009448362710038266
5433,0.009475096271384287
5434,-0.04563367407722247
5435,-0.04998089309575044
5436,-0.0025936034138909847
5437,-0.06711795567236278
5438,-0.04814888442409795
5439,-0.024792220793738964
5440,-0.04689504570452703
5441,0.05260760483734026
5442,-0.02942366283939981
5443,0.05175862746691193
5444,-0.052093975170692294
5445,0.0031267104566234352
5446,-0.034194937507083856
5447,-0.03327892225326232
5448,-0.05416646074489398
5449,0.026644970892782702
5450,0.02070691152258054
5451,-0.023266677024935983
5452,-0.046139151383369874
5453,-0.008286123668792462
5454,-0.05120929617211457
5455,0.02435049121653246
5456,-0.05154060514604232
5457,0.02357956880740299
5458,-0.02116704777977351
5459,-0.014756569762878521
5460,-0.027727286409559935
5461,-0.13086845673031614
5462,0.03316416259667379
5463,-0.02665682609511295
5464,-0.040084142248745916
5465,-0.04101479719359794
5466,0.04021833836910676
5467,0.04021833836910676
5468,-0.06433343695831832
5469,-0.052379122056839436
5470,-0.040779468977871706
5471,-0.08576517839414262
5472,-0.047980246461437163
5473,-0.004632898212963909
5474,-0.047980246461437163
5475,0.018380725395146992
5476,-0.054479950396218224
5477,0.012567381478810447
5478,-0.043322626367155725
5479,-0.0512740242456822
5480,0.01731720976544465
5481,0.013965605889809028
5482,0.01731720976544465
5483,-0.014375311377723667
5484,-0.04921288604614534
5485,-0.04940022415618641
5486,0.04261472988890373
5487,0.040715281397107804
5488,-0.05116538560054383
5489,-0.014933532135934647
5490,-0.044454760575714895
5491,0.04393438466998664
5492,-0.04183609483256615
5493,0.0025374413356159557
5494,-0.09472646713466479
5495,-0.009623809863155603
5496,0.07622115321285558
5497,-0.03385121310769858
5498,-0.04802681489909042
5499,-0.09621447935862618
5500,0.054022299163331705
5501,-0.018413361549837092
5502,0.05115591640321818
5503,-0.03588320382526223
5504,-0.03528402944019744
5505,0.04015427777899354
5506,-0.03352484540903807
5507,-0.05515380548405886
5508,0.0401550508663119
5509,0.0415486673902577
5510,-0.024661704908060276
5511,-0.08331356729714928
5512,-0.08843266015053902
5513,0.0006724570914536406
5514,-0.02842009617266207
5515,0.004292723217892565
5516,-0.02779811982500793
5517,-0.02589220293588404
5518,-0.03455885847503657
5519,0.0005751487793231593
5520,-0.032465479216140236
5521,-0.027500216937611687
5522,-0.005635505838913785
5523,-0.023751160974884104
5524,-0.003066935993677822
5525,-0.026542565738303613
5526,-0.023196269103102147
5527,0.041807647240934366
5528,0.04144522141448826
5529,-0.0240272062324785
5530,-0.012462327936634647
5531,-0.05613858772391707
5532,-0.0608595772775551
5533,0.007845304910803935
5534,0.03873229408481432
5535,0.004024802507905556
5536,-0.019897513105777958
5537,-0.018023470084261892
5538,0.04368036463244063
5539,-0.018224827346208897
5540,-0.005126665266624735
5541,-0.046935119451532024
5542,-0.09474012980210636
5543,0.04478518790935694
5544,-0.09601115967842593
5545,0.0099015966616247
5546,0.04552568321258405
5547,-0.004939508302516397
5548,-0.04589615907776883
5549,-0.005133742633427795
5550,-0.07756573485203123
5551,0.04610528172328613
5552,-0.004213027194321243
5553,0.03779942995950076
5554,-0.02571685617965108
5555,0.010300714370363681
5556,-0.023372214143426155
5557,-0.004967667292064547
5558,0.005294985658600603
5559,-0.09693003773641584
5560,-0.00987022408743269
5561,0.004130021707242874
5562,-0.18914838551194543
5563,-0.007742739723328044
5564,0.02167696485791334
5565,0.02167696485791334
5566,-0.013807341255893469
5567,-0.01669547037675531
5568,-0.012208782367193626
5569,0.013343551724603374
5570,-0.014420411315275968
5571,-0.08843845539778589
5572,0.04493745941077731
5573,-0.017231490463780495
5574,0.04266427753504559
5575,-0.00622277530074349
5576,-0.040935074133588635
5577,-0.05653157552995564
5578,-0.0063992302630716145
5579,0.049798418451521664
5580,-0.017573870205743792
5581,-0.0274264160675868
5582,-0.0274264160675868
5583,-0.018948780098930876
5584,-0.012155644839323802
5585,-0.012252503097740541
5586,-0.010917815084081418
5587,-0.040756554859955225
5588,0.04858129194225494
5589,-0.04188097429975217
5590,-0.09320053499280392
5591,-0.09534586135345915
5592,0.0020851076084634876
5593,-0.010452893236748455
5594,0.046256954399161915
5595,-0.010452893236748455
5596,0.0406008575909767
5597,-0.09752730062615961
5598,0.034957270795283865
5599,-0.004815182475669504
5600,-0.01931986864863487
5601,0.021919056258584653
5602,-0.10846199596706645
5603,-0.01836128919827588
5604,-0.021364971679286013
5605,-0.10074995687859935
5606,-0.02068250875856698
5607,-0.016628458624624746
5608,-0.008027791696834484
5609,-0.007048792300162853
5610,-0.04048519384827037
5611,-0.017083850875159953
5612,-0.017083850875159953
5613,-0.017848594986478443
5614,-0.002405547758369176
5615,0.04125821831817497
5616,0.04013989263151621
5617,-0.00828545844889661
5618,-0.04574985690801006
5619,0.03539740251350161
5620,-0.06254345503129217
5621,0.03204668377064897
5622,-0.02040377675547054
5623,-0.02040377675547054
5624,-0.01984437512590049
5625,-0.010693820049274062
5626,-0.013619070881323404
5627,-0.022878372089635023
5628,-0.04526963139706011
5629,-0.062165212361358115
5630,0.014797040555839063
5631,-0.04089750037440362
5632,-0.012528059056034326
5633,0.00813900993365181
5634,-0.0009343680803304327
5635,0.005380703719371863
5636,-0.10049397834337269
5637,0.005380703719371863
5638,-0.10402965203648823
5639,-0.01934613323462224
5640,-0.020729435892121166
5641,0.0009601764589426242
5642,0.0308871859138765
5643,-0.025373600660106372
5644,-0.006840948113824297
5645,-0.1245481205705376
5646,-0.007320117489848864
5647,-0.04233473938041941
5648,-0.019329685360734077
5649,-0.00896769106260777
5650,-0.0071279937913864755
5651,-0.024551011941908115
5652,-0.019790049693124038
5653,-0.08894321575531397
5654,-0.017368026308929117
5655,-0.027325062263889314
5656,0.006700636096633029
5657,-0.0150226862024732
5658,-0.02326566073339171
5659,-0.021978275207269315
5660,0.007747031509878954
5661,0.007747031509878954
5662,-0.04051817054707037
5663,-0.030606906460078458
5664,-0.04528283515697887
5665,-0.023597505657035774
5666,-0.19862179756134218
5667,-0.009009916434161836
5668,-0.01573059792344002
5669,-0.08915092964768137
5670,0.005875781426153467
5671,-0.10429656418009811
5672,-0.02076250357441045
5673,-0.08121801600666309
5674,-0.0195326349985776
5675,-0.0195326349985776
5676,-0.11051219991703042
5677,-0.0898701708137225
5678,-0.01838978906439381
5679,-0.038057199360545205
5680,0.04253541769144314
5681,-0.009142021726959168
5682,-0.01994281596753075
5683,-0.0393549343507871
5684,0.006473702502053277
5685,-0.042257210017566486
5686,-0.038338004683666556
5687,0.0015213576800164994
5688,-0.01909098287746881
5689,-0.01582637569079544
5690,-0.01582637569079544
5691,0.0003112022924837736
5692,-0.0201147147104226
5693,0.007412893848201872
5694,-0.015678770821138034
5695,-0.040816340977388725
5696,-0.01988117782695942
5697,-0.10771101715062455
5698,-0.01060561428651262
5699,-0.007520349120463891
5700,-0.07397716092106621
5701,-0.011373281838190101
5702,-0.006641946951909049
5703,-0.01587496897080715
5704,-0.04283378990810928
5705,-0.052772916623012076
5706,-0.01772343416141845
5707,-0.05174913260734604
5708,-0.04627323242553117
5709,-0.05904064845484467
5710,-0.018552988480458107
5711,-0.008356160050517758
5712,0.016563695413592133
5713,-0.005652763031434391
5714,-0.015838154932957826
5715,-0.009310608612297091
5716,-0.013916758411874862
5717,-0.09213660745289365
5718,-0.08851817705191344
5719,-0.0762768633424155
5720,-0.009399647415497467
5721,-0.0005897468456818821
5722,-0.020805517153224897
5723,-0.04432475900881714
5724,-0.003532619641335838
5725,-0.003532619641335838
5726,-0.0077937142337704815
5727,-0.04166982690854273
5728,0.04547052351722536
5729,-0.004917494307231289
5730,-0.02054856516295828
5731,-0.005601034228045828
5732,-0.02161251482252873
5733,-0.02161251482252873
5734,-0.0029557025441021025
5735,-0.007658799200710995
5736,-0.006283877817570382
5737,-0.0066506409385645995
5738,-0.008978084404711043
5739,-0.013376997876493303
5740,-0.08378687822821917
5741,-0.05096508675119236
5742,-0.005997575745967495
5743,-0.06081646544946782
5744,-0.006625129441991124
5745,-0.035814446129816206
5746,-0.053236418221706924
5747,0.022265995574849172
5748,0.022265995574849172
5749,-0.058444796418397185
5750,-0.005116617037940622
5751,-0.009832433062104034
5752,0.0007790853552799618
5753,-0.06611531944381184
5754,-0.07173853236716102
5755,-0.007805097254234681
5756,-0.003518197397866382
5757,-0.0984147206348597
5758,-0.021911852748280954
5759,0.00014221848331011846
5760,-0.02371462272580292
5761,-0.020059153443619943
5762,-0.06549970204398448
5763,-0.0028892264289795072
5764,-0.11042949432425295
5765,-0.09133701408011125
5766,-0.018025302987122092
5767,0.05535804406058115
5768,-0.004010579599417005
5769,-0.06733223178712092
5770,-0.015271747620104281
5771,-0.03862597316380582
5772,-0.014284983557069109
5773,-0.0012468261982608337
5774,-0.036505904757148815
5775,-0.0008609403895995119
5776,-0.009079893825389353
5777,-0.005119710889641882
5778,-0.0392193978213467
5779,-0.0862244422747909
5780,-0.022692268895057474
5781,-0.10628026275862558
5782,-0.03835344725642911
5783,-0.06862432483506813
5784,-0.04047794647636309
5785,0.004688429103971574
5786,-0.07259735235902617
5787,0.004431491096173811
5788,-0.07430188833172081
5789,-0.006034052574374703
5790,-0.05168342275946882
5791,-0.008674769207695008
5792,-0.08913902960954624
5793,-0.09715105086310118
5794,-0.02813117080071042
5795,-0.017293070118681808
5796,-0.03565708225739441
5797,-0.0054339924964506335
5798,-0.08309324833640556
5799,-0.1184512989898095
5800,-0.02929432716031371
5801,-0.10077534044084882
5802,-0.03860106424776628
5803,-0.007140104440601824
5804,-0.04350900445284858
5805,-0.0026500213730659915
5806,0.043286347307274244
5807,-0.0753166571706951
5808,-0.09771774622360169
5809,-0.07564106304157812
5810,-0.007746401314278695
5811,-0.020255337038232964
5812,-0.020255337038232964
5813,-0.007646904042394125
5814,-0.039927195525044944
5815,-0.030300800292325826
5816,-0.0250725132070087
5817,-0.008274848616731573
5818,-0.010442053191634293
5819,-0.05591747058848666
5820,-0.01103532072302596
5821,-0.008639255599590195
5822,-0.008639255599590195
5823,-0.0879517138132509
5824,-0.07072524196009451
5825,-0.025706261999699935
5826,-0.04115903167642587
5827,-0.07147513857976132
5828,-0.07126026287142122
5829,-0.0015489653063244027
5830,-0.05287933956592679
5831,0.03491070721171202
5832,-0.12539276794734047
5833,-0.021958485801742488
5834,-0.039152498005478584
5835,-0.08541679264630049
5836,-0.07271368932619401
5837,-0.01070696087899471
5838,-0.10003745322216744
5839,-0.12052417732369598
5840,-0.07388249163534404
5841,-0.07388249163534404
5842,-0.01383400260733539
5843,-0.03271824657354548
5844,-0.02766549995993589
5845,-0.07218713857957869
5846,-0.09277428116328904
5847,0.07600433068948324
5848,-0.04504415192305435
5849,-0.07522065286331721
5850,-0.0021997011827785784
5851,-0.014946895953753547
5852,-0.015451009413940123
5853,0.0038785327400978034
5854,-0.10845749957927214
5855,0.004054736847175044
5856,-0.017453728156531026
5857,-0.0158153370077109
5858,-0.019284251982304868
5859,-0.019754552768988423
5860,-0.1302164209945786
5861,-0.02458084013767502
5862,-0.1139825187901857
5863,-0.08126119605892684
5864,-0.09309846241589512
5865,-0.02162658515060757
5866,-0.02162658515060757
5867,-0.046661799454450245
5868,-0.026126151865241334
5869,-0.01674758216750454
5870,-0.05306805508557093
5871,-0.0540235880074835
5872,-0.0938364877407373
5873,-0.06431420282084445
5874,-0.05410832991390391
5875,-0.04569975459491815
5876,-0.0490111435043627
5877,-0.05602298084889626
5878,-0.08232239604410249
5879,-0.022124568176159567
5880,-0.019082709759501527
5881,0.020162391428828565
5882,0.0184530102249654
5883,-0.10994320387642631
5884,-0.03870143985627051
5885,-0.016111532065890777
5886,-0.06888054443651914
5887,-0.1476163224244459
5888,-0.09211618720980354
5889,0.053941225837384484
5890,-0.01997375064284265
5891,-0.07704496006996853
5892,-0.09274312316787042
5893,-0.01682495802434615
5894,-0.01682495802434615
5895,-0.025170854001393902
5896,-0.018057281845380305
5897,-0.029939752189828563
5898,-0.07415787800234219
5899,-0.030423718116569926
5900,0.030783740306107532
5901,-0.02878825917896757
5902,-0.07197319573781683
5903,0.032030693501539816
5904,-0.025212640906576014
5905,-0.06006707460622369
5906,-0.0685010136558383
5907,-0.028325054350170326
5908,-0.11002487546389596
5909,-0.021344513236192936
5910,-0.1052945370485999
5911,-0.10559552456959853
5912,0.03259137680189536
5913,0.03259137680189536
5914,-0.03175840427396628
5915,-0.09234112326800595
5916,-0.05976356905810677
5917,-0.05765269785891696
5918,-0.025820058333987
5919,-0.050172925066800336
5920,-0.025025202071405246
5921,0.02401969014688012
5922,-0.09323646313098853
5923,-0.10033548605504865
5924,-0.09313009378532851
5925,-0.0933246052254969
5926,-0.11380293139685443
5927,-0.035683237920161315
5928,-0.07555740919753293
5929,0.031850487196203814
5930,-0.1077080642529639
5931,0.055039325614793085
5932,-0.03309243566102297
5933,-0.09925906388122896
5934,-0.1088714387945086
5935,-0.1106860990998085
5936,-0.0305217067038764
5937,-0.11078493872965227
5938,-0.026293630112927128
5939,0.025872547900341564
5940,-0.03917934942827176
5941,-0.025447810360565246
5942,-0.16800623774795526
5943,-0.022530660360073756
5944,-0.020759939185598958
5945,-0.05567898330768573
5946,-0.11680844362191699
5947,-0.018791162001192827
5948,-0.11506593231865754
5949,-0.11144630973525704
5950,-0.08700795504608291
5951,-0.024356217190738133
5952,-0.11241540640862528
5953,-0.11987429523735461
5954,-0.02099971306051685
5955,0.025553974685054468
5956,-0.03016616406259462
5957,-0.021983008104514257
5958,-0.12000948574990591
5959,-0.060354011088960886
5960,-0.07856106722235184
5961,-0.031007068190404986
5962,-0.11723095174999607
5963,-0.11429246125220524
5964,-0.11499357349821603
5965,-0.09281118038335547
5966,-0.06894371232845768
5967,0.021955671957246223
5968,-0.06943812198422109
5969,-0.018779568137644875
5970,-0.01940024770663304
5971,-0.1594213253207645
5972,-0.1202814647725471
5973,-0.12552271152962075
5974,0.03073071173150111
5975,-0.11771574081762137
5976,-0.12402668099793665
5977,0.036292814553704277
5978,-0.022395487308869234
5979,-0.02285479829856442
5980,-0.023384728811758498
5981,-0.02413270929124488
5982,-0.17471312200368533
5983,-0.17471312200368533
5984,-0.024099281395226928
5985,-0.12635337510572275
5986,-0.12425928485700792
5987,-0.12940219273919795
5988,-0.056875405724407135
5989,-0.13544675546924678
5990,-0.025288475387250778
5991,-0.13544675546924678
5992,-0.023727129831916507
5993,-0.1267972914764865
5994,-0.057129019873602666
5995,-0.127778329342223
5996,-0.15021238885070415
5997,-0.022238639041654105
5998,-0.03132858496877845
5999,-0.01932162224801582
6000,-0.022228077678601105
6001,-0.14705383158682997
6002,-0.08923676757308299
6003,-0.04564991250499082
6004,-0.15130208163501738
6005,0.030708803340441918
6006,0.030708803340441918
6007,-0.13919485905565232
6008,-0.0879798133240963
6009,0.03172828297134564
6010,-0.04598451641860895
6011,-0.030846249271010255
6012,0.027470197239522823
6013,-0.1344112535542626
6014,-0.027357799149638998
6015,-0.15137248398936776
6016,-0.13289935163687755
6017,-0.03338816452964171
6018,-0.12477471805414549
6019,-0.03542030001731725
6020,-0.12609268168261534
6021,-0.041891908492624606
6022,-0.046523338745541105
6023,-0.10635775514513983
6024,-0.044957905842147546
6025,-0.03991576163971748
6026,-0.12275938872300309
6027,-0.024722200451718804
6028,-0.15105511856115755
6029,0.01844765517297097
6030,-0.13479257231493721
6031,-0.12338633687438527
6032,-0.11206361427994997
6033,-0.1348811382988629
6034,0.02250903830827151
6035,-0.12624279117815307
6036,-0.10937766882493312
6037,-0.0332662575765264
6038,-0.1062971637856131
6039,-0.0863566046534789
6040,-0.07041967925841591
6041,-0.04199266358475114
6042,-0.15022660732233076
6043,-0.03996767154692716
6044,-0.13384734268413775
6045,-0.09299924086204757
6046,-0.07247947675142795
6047,-0.13232739965701903
6048,-0.09166340676743456
6049,-0.16833529342339962
6050,-0.0587325741229876
6051,-0.09289523165880628
6052,0.032769145918955786
6053,-0.044097674711676804
6054,-0.011351585222676661
6055,-0.14356556971126652
6056,-0.041022257731642475
6057,-0.04069712110284202
6058,0.026354220132988358
6059,-0.1371944646792624
6060,-0.10531906573878703
6061,-0.08386799167993095
6062,-0.047742180872470924
6063,-0.0411233313268493
6064,-0.1267612377957031
6065,-0.03933377593328878
6066,-0.11213925520026229
6067,-0.03788579812570178
6068,0.012513266402406254
6069,-0.012631581089872905
6070,-0.13655029417213932
6071,-0.10592813071337251
6072,-0.018245923647011282
6073,-0.14008436490643808
6074,-0.024577074761916205
6075,-0.14229218854480324
6076,-0.06805737424448817
6077,-0.09550851137535057
6078,-0.142254735583206
6079,-0.037672559155450626
6080,-0.1434952141778079
6081,-0.11128792441081484
6082,-0.11379336403465483
6083,0.046880240401648135
6084,-0.08225243126587861
6085,-0.14500373766404429
6086,-0.10768903420388923
6087,-0.0347032832843463
6088,-0.04519198097621365
6089,-0.17678554637355504
6090,-0.032796949618198436
6091,-0.04582017840589009
6092,-0.1441351556804221
6093,-0.1451240695946784
6094,-0.04123223676457625
6095,-0.05916206689217401
6096,-0.09636885652239843
6097,-0.036130332016339806
6098,-0.09830149802605206
6099,-0.011189507485853014
6100,0.07603143524035565
6101,0.04183757156578509
6102,-0.053433426990903435
6103,0.026409611449916024
6104,0.030744936622654522
6105,-0.009517054449803943
6106,-0.020414993602738376
6107,-0.0758019095324721
6108,-0.005547788211044045
6109,0.058265818308212765
6110,0.058265818308212765
6111,0.0398758600501284
6112,-0.02817434634704492
6113,-0.06487913016131915
6114,-0.003372852696406455
6115,0.0188960428413648
6116,-0.0316237680092717
6117,-0.003364389780036337
6118,-0.07232463689167515
6119,-0.03207437305978264
6120,-0.0480194349119806
6121,-0.15863383923092322
6122,-0.02974217071520732
6123,-0.028308565850687063
6124,-0.026106937225923676
6125,-0.006952953872638353
6126,-0.0516607877435912
6127,-0.02820722266755772
6128,0.0034744049800098735
6129,-0.007088079963790653
6130,-0.03488982993938172
6131,0.01760736291005086
6132,-0.01025523322424815
6133,-0.00411517298896226
6134,-0.0062684216825186845
6135,-0.006076837998787941
6136,-0.00574401894132829
6137,-0.07273279751204581
6138,0.01938397280571007
6139,-0.08245623768872772
6140,-0.015151337970535632
6141,0.015753787079977807
6142,-0.06445674521196211
6143,-0.00922663372137634
6144,-0.016387242759098346
6145,-0.05169585385365537
6146,-0.016134197951312636
6147,-0.0627422936917483
6148,-0.13854452513109156
6149,0.02091554064471329
6150,-0.02255522735347224
6151,-0.1377763439573985
6152,0.029854469403375744
6153,-0.02283120041019786
6154,-0.048027067464761826
6155,0.020244135017237187
6156,0.07718329331628014
6157,-0.04506635322989637
6158,-0.003137451292323398
6159,-0.03927276776801831
6160,-0.1245502241656327
6161,-0.04960924229879971
6162,-0.02250936715330458
6163,-0.07738013323023354
6164,-0.036056847643041845
6165,0.006140685593286594
6166,-0.042333659041220266
6167,-0.043289438174281325
6168,-0.07488345575024379
6169,-0.027368231296489583
6170,-0.04195714025602106
6171,0.048970135911501185
6172,-0.1231239607398774
6173,0.056930459130526856
6174,-0.069671290544672
6175,0.059932372976704465
6176,-0.046237773430495524
6177,-0.04314089594849065
6178,-0.03499158596428328
6179,-0.04529444840279929
6180,0.03693885177154237
6181,-0.03902155763004763
6182,-0.051038286289419005
6183,0.05343751231169272
6184,-0.0012923042867266886
6185,-0.03602816970691443
6186,0.08704627694892239
6187,-0.0036186450679850687
6188,0.028562874950830538
6189,-0.07307351178195137
6190,-0.03123027311370339
6191,0.06154555665589121
6192,-0.056670269798739424
6193,-0.0775813181119431
6194,-0.12185522651745255
6195,-0.03056630105127783
6196,0.05230282917048534
6197,-0.030348529831365222
6198,-0.02020555953369609
6199,-0.09215653505349336
6200,0.000778806150183619
6201,0.0030402015508735765
6202,-0.045677560498764355
6203,-0.028626107225044963
6204,-0.043718188339434236
6205,-0.028229873465781492
6206,-0.033470469384774236
6207,-0.005925606595324281
6208,-0.006849056111429551
6209,-0.027510594445025113
6210,-0.09733369023472747
6211,-0.02676874562335097
6212,-0.03122801065972127
6213,-0.059857283129576846
6214,-0.05902053775190652
6215,0.018702437465201
6216,0.04431725445655794
6217,-0.059687272742111226
6218,-0.11127751555221972
6219,-0.06147589485078561
6220,0.06961428514764503
6221,0.06961428514764503
6222,-0.0676394286285063
6223,0.06884772119061733
6224,-0.06542677566813229
6225,-0.027197213534128756
6226,-0.06377235277409654
6227,-0.0585445643966193
6228,0.06848119379524165
6229,-0.02063847850322012
6230,0.054671517678384234
6231,0.04969065319121183
6232,-0.07935351086421766
6233,-0.025470117018850495
6234,-0.05618888322732617
6235,-0.015589041001991873
6236,0.009480645737309197
6237,-0.012886278151888983
6238,-0.0063601881784764785
6239,-0.0063601881784764785
6240,0.010573594011122383
6241,0.01231934527900844
6242,0.01231934527900844
6243,-0.06707041495030036
6244,-0.05738405156029672
6245,0.004037398553409874
6246,-0.07752625480411511
6247,-0.13003404035330957
6248,-0.00377722294349538
6249,-0.006950261086342637
6250,-0.05582697576558643
6251,-0.05343324671085273
6252,-0.06613918210628321
6253,0.03065359532607145
6254,-0.07969057968193657
6255,0.005535633090783901
6256,0.03058692014301725
6257,-0.05096989531327692
6258,-0.019696542078044534
6259,-0.05053439542740826
6260,0.012520980178700366
6261,-0.049921400914955824
6262,-0.05684270868061736
6263,0.059967741381993955
6264,0.024468391657198805
6265,0.024468391657198805
6266,-0.05658315045083891
6267,-0.08458261342886246
6268,-0.11291746571626911
6269,0.026844391899610496
6270,-0.0527014186761667
6271,0.029440116452013304
6272,-0.0527014186761667
6273,-0.05014558936357674
6274,0.005313166844437647
6275,-0.049545318415816726
6276,0.05911037384718846
6277,0.044500185034309074
6278,0.06637523458605611
6279,0.014371845317514108
6280,-0.09512030911969713
6281,-0.046772838323109384
6282,0.10973998216641734
6283,0.03707803667673732
6284,0.028845133665973067
6285,0.028725150324949007
6286,-0.037646371987117976
6287,0.0521955932417087
6288,-0.046211064149340085
6289,0.054225782932849416
6290,-0.046426174681974144
6291,0.026331505212033493
6292,-0.08782958803497563
6293,0.04504543386646358
6294,-0.10710577793534312
6295,0.059358838336569596
6296,-0.08566942093701681
6297,0.04489202994073035
6298,-0.052824767353381846
6299,0.03445882372659478
6300,0.03302924189134422
6301,-0.05315298445773765
6302,0.027078419361724834
6303,-0.09520247605666016
6304,0.06505483514959914
6305,-0.05954744888712121
6306,0.07383325177980044
6307,-0.052408128572868126
6308,-0.040018434294657824
6309,0.0355722384246532
6310,0.029671748809571397
6311,-0.051465482957756575
6312,0.034942881580282886
6313,0.034942881580282886
6314,0.08285159822944003
6315,0.03433993581179812
6316,0.03404818057756943
6317,-0.11217569923800373
6318,-0.03416702520726391
6319,0.03342630511444432
6320,-0.045709346190690475
6321,0.024446901623747703
6322,0.07492628360772347
6323,-0.1120964871811958
6324,0.047330934518564315
6325,-0.08647660545266099
6326,-0.04653893876750221
6327,0.04355389633473612
6328,0.03894572041887307
6329,-0.046632422448681744
6330,-0.046632422448681744
6331,0.043378632599490194
6332,-0.045167163736525476
6333,0.03077634984054983
6334,-0.04786446354501752
6335,0.045653452120746174
6336,0.015969172149835176
6337,-0.10809871331694405
6338,0.057341499327131715
6339,0.05957062498396239
6340,0.017328258351763055
6341,0.02354439902237548
6342,-0.040026050703956234
6343,-0.05085236327317565
6344,-0.04584093810604752
6345,0.04194271926812005
6346,-0.05088574984509889
6347,0.024043095288662077
6348,0.024043095288662077
6349,0.02765072543953942
6350,-0.050881631856917305
6351,-0.08672916015963776
6352,0.026858433785777774
6353,0.026858433785777774
6354,0.041307565391290484
6355,-0.10220683738661701
6356,-0.0954731910167436
6357,0.035597480086135475
6358,0.03535463941971674
6359,-0.05307032989392829
6360,-0.04537360062332405
6361,0.054290919961430775
6362,-0.09789983833525312
6363,-0.05687573874240975
6364,0.04520908544214071
6365,0.03346351600209576
6366,-0.036099164412284765
6367,0.032892732582894164
6368,0.024170022338318164
6369,0.024170022338318164
6370,-0.0579843176574282
6371,0.02182236236556783
6372,0.046488706995509214
6373,-0.055721371130201404
6374,0.024984567310207994
6375,-0.050254883569340755
6376,0.018099596078373966
6377,0.04664830741739034
6378,0.018099596078373966
6379,0.03480597308938178
6380,-0.05041654927257271
6381,0.03766427455475779
6382,-0.09769516333011581
6383,-0.09263396332528355
6384,-0.04898061363822128
6385,-0.04898061363822128
6386,0.045229890988662404
6387,-0.05160642347714404
6388,0.04108735308956941
6389,0.0360050931392252
6390,-0.05182741234449619
6391,0.02578713291895052
6392,0.03310656788516683
6393,0.1139787571284918
6394,-0.0519672851729463
6395,0.049751204267790804
6396,-0.09544625779462006
6397,0.03773026393316981
6398,0.04866606118189656
6399,-0.050829557427862944
6400,0.034502755052957475
6401,0.03194923870251103
6402,-0.07175573159621297
6403,-0.05126922436654364
6404,0.027798949999084253
6405,-0.062026082715366686
6406,0.03335322860029406
6407,0.040091694244943826
6408,0.034363563769301365
6409,-0.07820541923525216
6410,-0.09064595797053521
6411,0.02449790967775795
6412,0.03488492802616823
6413,0.0322514563221857
6414,0.032000868763573574
6415,-0.048161839955264865
6416,-0.049117598335181166
6417,-0.05496413163815313
6418,0.0285203308523608
6419,-0.09348420658909347
6420,-0.04473374007789966
6421,-0.051984137178720406
6422,0.034154882515262656
6423,0.030784742016139375
6424,-0.05150629300845529
6425,0.037355792676321206
6426,0.037355792676321206
6427,0.05266998250808545
6428,0.042366652778355614
6429,-0.06596125864406674
6430,-0.05455339917225919
6431,0.05116652870654815
6432,-0.054452872044204036
6433,-0.04050738773245123
6434,-0.054585837221966686
6435,-0.07286124421752956
6436,-0.08058944606829274
6437,0.02401008066078435
6438,0.0783632739816669
6439,0.023232484767752765
6440,-0.055103286539928936
6441,0.025088130830964256
6442,-0.0020576473542880734
6443,-0.05567519474858689
6444,-0.05584559640920364
6445,0.030832525344467662
6446,0.02148936837991823
6447,0.015148394656785944
6448,-0.09119067583388389
6449,-0.05543095176455112
6450,0.026284324640870917
6451,0.023209862713102988
6452,-0.03834559398476304
6453,-0.0794950707218015
6454,0.02561990000175463
6455,-0.055022761086911134
6456,0.02561990000175463
6457,0.007082525181432796
6458,-0.07736275439944004
6459,0.026140199715672115
6460,-0.058229468941542795
6461,-0.08260782385620621
6462,0.02074409305173465
6463,-0.06076268264013524
6464,-0.07266451575342364
6465,0.034045687442392815
6466,0.007316653770047388
6467,0.03582721750322379
6468,0.02127216737086177
6469,0.05472770846686739
6470,-0.059951208747087904
6471,0.020949658412433497
6472,-0.09749805761729788
6473,0.02832863082301535
6474,0.02832863082301535
6475,-0.05162453839746329
6476,0.03666825052210858
6477,-0.06281415298395973
6478,-0.06503628153606765
6479,0.019786088365741427
6480,0.019786088365741427
6481,-0.000278408740283039
6482,-0.08439542426236062
6483,-0.007812495158501961
6484,-0.058666917213337236
6485,-0.08408223029022745
6486,-0.05782444076032727
6487,0.027694476357068308
6488,-0.057133838794070635
6489,-0.06419827773046563
6490,-0.06474092386829021
6491,-0.009824743528449751
6492,-0.06257510929924708
6493,0.05032948371974275
6494,-0.0635856162566524
6495,0.027782131336356222
6496,0.03585890774797886
6497,-0.06278272190165476
6498,-0.02092883718078471
6499,-0.06161338799177319
6500,0.03524246622804697
6501,-0.10822235972962226
6502,0.05829474258639347
6503,-0.05709584251590705
6504,0.0010167109296558394
6505,-0.011343867037683798
6506,-0.06278426282584523
6507,-0.051592022615509
6508,0.026573079505270193
6509,-0.05025591015880013
6510,0.0343989364221222
6511,0.0560321615914822
6512,-0.00274150693518887
6513,0.0536315808992799
6514,0.030299009554744856
6515,0.032718070912625186
6516,0.03977482075974871
6517,0.031829292597370606
6518,-0.08272262506668913
6519,-0.05647836606374088
6520,-0.008144359152981624
6521,-0.04753457934759249
6522,0.0030089898353405993
6523,-0.0566508509811961
6524,-0.06713307111495186
6525,0.028098514386598356
6526,0.029036585943051283
6527,0.04174423029525467
6528,-0.10821037494980879
6529,0.03560831847521509
6530,-0.05185358870776444
6531,-0.07203162148352146
6532,-0.05185358870776444
6533,0.03553184122419905
6534,-0.05710290703698657
6535,0.021443028795342194
6536,-0.02898731193228925
6537,0.007320920088185591
6538,-0.03400587049777776
6539,-0.0611499767271553
6540,-0.05576508675463006
6541,-0.053954824183977616
6542,0.0053588171546896605
6543,0.048034655152830806
6544,-0.0543089378089459
6545,-0.07449105161836281
6546,-0.052867584944101084
6547,-0.05108993658543988
6548,0.02210609275007062
6549,-0.031098091846022448
6550,-0.051942969705420096
6551,-0.04051233902506629
6552,-0.0516432837400034
6553,-0.0516432837400034
6554,-0.11526414851390554
6555,0.027452390280037823
6556,-0.08845694022322649
6557,-0.052494532515078705
6558,-0.06468743898978145
6559,-0.00746132544969212
6560,-0.08993140135839424
6561,0.057461887520860074
6562,0.05067533163470069
6563,-0.05246222092889394
6564,-0.08042895469609075
6565,-0.05246222092889394
6566,0.030469309595806703
6567,0.02842822653474811
6568,0.02842822653474811
6569,-0.038008230187382905
6570,-0.05185194255791388
6571,0.061514114910803545
6572,-0.03685083002637632
6573,0.0333735600753241
6574,0.11527596734861249
6575,0.11527596734861249
6576,0.013462586104018058
6577,-0.08403544639678547
6578,-0.045099396603846376
6579,0.029587270790193843
6580,-0.07234311259054638
6581,0.029587270790193843
6582,-0.06469937029630815
6583,-0.052476362760536084
6584,0.01202840181624869
6585,-0.04761566625342724
6586,-0.04847704429296206
6587,0.023187498674365023
6588,0.06390989009296588
6589,-0.10077988825280293
6590,-0.1152766902389769
6591,-0.07508475486639045
6592,-0.05658766012171564
6593,0.025766748894559453
6594,0.0014690311910014319
6595,-0.036031855700420334
6596,0.0014690311910014319
6597,0.03171776368890888
6598,-0.053438763544598755
6599,-0.03184324005680409
6600,0.03581386513914566
6601,0.06662500029363355
6602,-0.07294058781277213
6603,-0.0347672993522003
6604,-0.05878681269412593
6605,-0.0647351052024292
6606,-0.035505439071903434
6607,0.05573072618926841
6608,-0.03364739804746276
6609,-0.034744554968189026
6610,-0.0363240523734747
6611,-0.07438794182386947
6612,-0.03606038724554923
6613,-0.03606038724554923
6614,-0.10845850578427882
6615,0.04246864163532152
6616,-0.06079859208278178
6617,-0.11309156866165447
6618,0.022469711539972646
6619,0.08512112848247412
6620,-0.03820730713040753
6621,0.020160859159203327
6622,-0.0741525933764841
6623,-0.01543486022255109
6624,0.020517154951910987
6625,0.020089973140490953
6626,-0.058989573951470906
6627,-0.06168957554634898
6628,0.03219608342590639
6629,0.001207783949196017
6630,-0.05314780467757756
6631,-0.061445121043424034
6632,0.03467198752882614
6633,-0.05748002619237457
6634,-0.05397770576102821
6635,0.02906954796389789
6636,-0.04733661921589583
6637,0.04033248648883949
6638,0.033634949955887075
6639,0.04400904750109042
6640,-0.04013460540756018
6641,-0.11287430691964312
6642,-0.13320338561592324
6643,-0.04129902649584791
6644,-0.04129902649584791
6645,0.026427305885414074
6646,-0.06273596592404217
6647,0.03201398399256976
6648,0.023787970961225046
6649,0.036605628123558026
6650,-0.0855000261251694
6651,0.03750044861994848
6652,0.036611790800592854
6653,-0.07132591456334571
6654,-0.09023025464950113
6655,0.05541719808970295
6656,-0.04875590971967268
6657,-0.04929411187269783
6658,-0.07544357617772467
6659,-0.05304915339105153
6660,-0.06551880750587152
6661,-0.09941329177531529
6662,-0.04493002068107266
6663,-0.04493002068107266
6664,0.02565703180199722
6665,-0.04681226319462022
6666,-0.03263140064122562
6667,-0.04613321369438354
6668,0.03291452142967265
6669,0.04472749204042297
6670,-0.04041300837764025
6671,-0.023561101412393353
6672,0.039161443761553644
6673,-0.0677284458923717
6674,0.03940215778153444
6675,-0.07638745832043113
6676,-0.09164022892351525
6677,-0.1390127104753832
6678,-0.040763340953599035
6679,0.03821134807070094
6680,0.03821134807070094
6681,0.03821134807070094
6682,0.10145116188244829
6683,0.10145116188244829
6684,-0.08037388087375748
6685,0.05598951079314063
6686,0.011437972948970882
6687,0.010676218296710819
6688,-0.05373595644292619
6689,-0.022196272613036937
6690,-0.05206301048643425
6691,-0.05386441624292267
6692,0.05083496869898811
6693,-0.07131118105813808
6694,-0.09407474361171747
6695,-0.04674674502399131
6696,0.008712806322711772
6697,0.03971973744123332
6698,0.04814477949032774
6699,-0.09574063109677936
6700,-0.05046129692312807
6701,-0.10213507958307061
6702,-0.05369577191524811
6703,-0.052961164963929705
6704,-0.052292373148573656
6705,-0.1472356557034463
6706,-0.057988756669232075
6707,0.03597424566267444
6708,-0.008168320642931852
6709,-0.008168320642931852
6710,-0.0031165896841884666
6711,-0.08218840781003472
6712,-0.0831632816965248
6713,0.025411878238541026
6714,-0.09895230091747427
6715,-0.10624056606566457
6716,0.04955773667435726
6717,-0.05322476079185435
6718,-0.08299202440996305
6719,-0.049920873195189806
6720,-0.058430359976139434
6721,0.004927599885489299
6722,-0.05421368729569819
6723,-0.05390624157422171
6724,-0.053111099381009996
6725,-0.016831033814349434
6726,0.041509580709914416
6727,-0.0519220498253017
6728,-0.15850309125615974
6729,0.03070112377830224
6730,-0.05341810861389354
6731,-0.10652767589177241
6732,-0.05581498652631292
6733,0.047147465840447524
6734,0.008239684002959404
6735,0.008239684002959404
6736,0.008009350463364208
6737,-0.09352998724679529
6738,0.0127585828389789
6739,-0.010965286382289652
6740,-0.09354201246054734
6741,0.013855861303891225
6742,0.028787985860247632
6743,-0.04515214748093509
6744,0.03813186225608846
6745,0.007041309460468325
6746,0.010487399745288135
6747,-0.06947503179727593
6748,-0.04238547338916785
6749,0.04065562981114342
6750,0.010295273194527405
6751,0.04065562981114342
6752,-0.06558443717295971
6753,-0.06558443717295971
6754,0.009837476618769202
6755,0.052836262798949554
6756,0.034483573860451776
6757,-0.1724197245775469
6758,-0.05666012959080068
6759,0.1263358925220506
6760,0.046268293463363926
6761,0.05377249839944569
6762,-0.10687955706321083
6763,-0.09835248219674927
6764,0.05445050174719603
6765,-0.06580009357458552
6766,0.07208133273450605
6767,0.051154216952630754
6768,-0.09818100640801947
6769,-0.0680087525274704
6770,-0.04091832688774572
6771,-0.04938733836234599
6772,0.04849028895232079
6773,0.001751960320576401
6774,-0.05310087872262816
6775,0.11578032433610028
6776,-0.10733794978901755
6777,0.0006237838781982148
6778,-0.020591782059457497
6779,-0.056313798985820986
6780,-0.05487839814816355
6781,-0.00194589955065744
6782,-0.17072189306248794
6783,-0.05470181503713666
6784,0.0445107682428726
6785,-0.005135068872801509
6786,-0.09799667144042008
6787,-0.054165479877676795
6788,-0.054165479877676795
6789,-0.12328377176046323
6790,0.02885628073041937
6791,0.11054461756505223
6792,-0.09965338076521606
6793,0.11054461756505223
6794,0.024903789278825705
6795,-0.06999726364999638
6796,0.023411160994390962
6797,-0.05350169592858777
6798,-0.05350169592858777
6799,-0.024074411764225725
6800,-0.1068906742769679
6801,-0.10278222693694533
6802,-0.006023847219920033
6803,-0.07668605888747808
6804,-0.007251733864250165
6805,0.02464248037244387
6806,0.02464248037244387
6807,0.024328602723820484
6808,0.024328602723820484
6809,-0.05280468897625735
6810,-0.04114447532012095
6811,-0.09135669186583961
6812,0.02296512287070837
6813,0.05964879988628542
6814,-0.049559511112756964
6815,-0.10569370387895043
6816,-0.17330461780708753
6817,-0.11356819817958087
6818,-0.04839736506417679
6819,-0.04839736506417679
6820,0.009838403267824888
6821,0.009722506078317766
6822,0.009722506078317766
6823,-0.09769959548656336
6824,-0.09948683707179341
6825,0.0240526936769441
6826,-0.028009287256953286
6827,-0.10155682253378769
6828,0.05522574415124292
6829,-0.07623568532056076
6830,-0.04321320483382272
6831,-0.08039253157849988
6832,-0.04651573290949572
6833,-0.02033124340020338
6834,-0.04832068670177206
6835,0.023044896518140782
6836,-0.1697744797605543
6837,-0.050679200112747985
6838,0.007540646426626824
6839,-0.047540170500872767
6840,-0.04781074282257356
6841,-0.09442461002224768
6842,0.002077337375646512
6843,-0.0995433477639621
6844,-0.09516662125086113
6845,0.003656078129535872
6846,-0.05252211643986352
6847,0.004271820791070034
6848,0.0412292797358582
6849,-0.10130867282430092
6850,0.01546857045559625
6851,0.013766902971400591
6852,0.0005137310464557826
6853,0.015614660255894875
6854,0.016162628873194532
6855,-0.008855790613967855
6856,0.007760508839876946
6857,-0.06413799756598645
6858,0.009681241196276127
6859,-0.0406814512385719
6860,-0.0406814512385719
6861,-0.04085894991642749
6862,0.002506915688657211
6863,-0.057499237470900535
6864,0.00546379043763051
6865,-0.17201112999243098
6866,0.017704054522876485
6867,0.0026182731931323863
6868,0.08048084785745639
6869,0.006708408043614237
6870,0.006708408043614237
6871,-0.04225078516486589
6872,0.012406753950386935
6873,-0.09501570586989794
6874,-0.04886979053147292
6875,0.010203616270031959
6876,-0.09142586637578483
6877,0.004408852713981046
6878,-0.0853779581869152
6879,-0.09611755157144047
6880,-0.0244801569090124
6881,-0.04833960332348779
6882,0.013977059718436756
6883,-0.04899970820360293
6884,0.010088828097392982
6885,-0.053608076820761574
6886,-0.09781398179258398
6887,-0.049801949634676754
6888,-0.09899605843110171
6889,-0.16773823585529815
6890,-0.002011617965488991
6891,-0.044143489693037906
6892,-0.005673661620083198
6893,0.00040838340667800086
6894,-0.09402644622052538
6895,-0.04084575013730488
6896,-0.0855494692564887
6897,-0.04176620258369735
6898,0.005587027437368312
6899,-0.09469115272889082
6900,-0.0449041896382019
6901,-0.04555221076798467
6902,0.03699678973972165
6903,-0.04555221076798467
6904,0.005337298111247778
6905,-0.012621120210035143
6906,-0.013474776642819798
6907,0.01319749679981483
6908,-0.013474776642819798
6909,-0.055062738309128806
6910,-0.09603891132554489
6911,0.008397460737001565
6912,-0.043946728835974794
6913,-0.014509737294114002
6914,-0.043946728835974794
6915,0.006921634376476362
6916,0.006921634376476362
6917,0.007906054919274881
6918,-0.17647360779220453
6919,-0.00874699377472308
6920,-0.007759361033628228
6921,0.04980505132986553
6922,-0.09574760993533717
6923,-0.049556911306659776
6924,-0.046925304266965374
6925,0.010346923845358395
6926,0.12701272290255067
6927,0.12701272290255067
6928,-0.05287327622100754
6929,-0.05177917007230229
6930,-0.011853536406871477
6931,-0.10892193528753229
6932,0.016023409649514594
6933,-0.057000497848439975
6934,-0.008392686412026376
6935,-0.017596684097127044
6936,-0.08739928668655246
6937,0.01519507727476068
6938,0.0007062435932367549
6939,-0.08407197307094672
6940,-0.056682163140140976
6941,0.007319851401359194
6942,-0.0552492545886614
6943,-0.002394268159048202
6944,-0.055162143635130605
6945,-0.11564536035125034
6946,-0.003111626029593213
6947,-0.0019039122082452093
6948,-0.17589865612434538
6949,-0.10513594812114581
6950,-0.01854245079988498
6951,-0.01899358812025768
6952,-0.05865807557540276
6953,0.05806246312721626
6954,0.062470155030205525
6955,-0.0021776055689224543
6956,-0.0021776055689224543
6957,-0.05843501149670744
6958,-0.02173223319610602
6959,-0.11051013404816812
6960,-0.023821926230010962
6961,-0.02278420341683426
6962,-0.06003172877576471
6963,-0.00789002713263632
6964,-0.02055719234969225
6965,-0.019549926664229434
6966,-0.10584566040664861
6967,0.061469935959183555
6968,0.008780022511233578
6969,-0.03344848316082935
6970,-0.059119671878187514
6971,-0.05962833795685849
6972,-0.01963904970127201
6973,-0.0002669846160264802
6974,0.0060343595453044175
6975,-0.062179941373628624
6976,0.005509883317768071
6977,-0.018087098468782654
6978,-0.06396864130339713
6979,-0.10268613869025843
6980,-0.17131453200792865
6981,0.03157937575317141
6982,-0.1058652845529742
6983,-0.014724359107880008
6984,0.0018393431716516111
6985,-0.10945432199738594
6986,-0.02746815430721083
6987,-0.031441674761397434
6988,-0.06388387447180659
6989,-0.02103529149203454
6990,-0.014842606956652358
6991,-0.06263342954839948
6992,0.05770929784711258
6993,-0.11613690728192506
6994,0.05941777485592891
6995,-0.004460893596540464
6996,-0.05930436841191795
6997,-0.06358226320238224
6998,0.002329006955872969
6999,-0.020888525046281158
7000,-0.06618486249397229
7001,-0.015881724530718337
7002,0.06687015255789389
7003,-0.06293276631596166
7004,-0.10596447378623644
7005,-0.013679893879815922
7006,-0.014403722126793793
7007,-0.10451757348360208
7008,-0.0040530830222685645
7009,0.05675013553407722
7010,-0.10069501109867053
7011,-0.01709555967206508
7012,-0.030223867522994104
7013,0.05296902529874838
7014,-0.06073614878806221
7015,0.01681510563887163
7016,-0.06092065561426931
7017,-0.060490148565935084
7018,-0.1059451122326629
7019,-0.060678680068709356
7020,0.003056621812966181
7021,6.796856198879022e-05
7022,-0.0614255525927784
7023,0.0013235724794686404
7024,-0.014911382639354109
7025,-0.08589644187562483
7026,0.0003729555313961783
7027,-0.017283028195072325
7028,0.03131089308716412
7029,0.04331609056410665
7030,0.006581843742019498
7031,-0.05451721456114695
7032,-0.028551743606821285
7033,-0.014204373597130329
7034,-0.013066573481695539
7035,-0.06350284482622585
7036,0.006892853233585963
7037,-0.09263409248731777
7038,-0.061358881315708366
7039,-0.02294343467401149
7040,-0.10593206179307325
7041,-0.05771294062791983
7042,-0.10558054896653506
7043,0.05511977377560499
7044,0.0631435068685092
7045,-0.01021570963602234
7046,-0.04977781606560978
7047,-0.05007992770517274
7048,-0.10192718988980345
7049,-0.0870934391341835
7050,-0.0531899856085166
7051,-0.05320992115213344
7052,-0.0771718815173835
7053,0.005322321226517198
7054,-0.0037037278581638325
7055,-0.004723044661064184
7056,0.00441149815498998
7057,0.00441149815498998
7058,0.053447621639602864
7059,-0.029810171417427242
7060,-0.007305399347570558
7061,-0.007341643243344481
7062,-0.0513677697294684
7063,-0.05153239483509814
7064,-0.010641902576191463
7065,-0.024890295467715855
7066,-0.026806980621579973
7067,-0.07079516984655626
7068,-0.06897528991448873
7069,0.06698507115765721
7070,-0.014713353976209693
7071,-0.113303662897678
7072,-0.053998997209984606
7073,-0.05299439129722401
7074,-0.07849061892405292
7075,0.007227369625390111
7076,-0.02160706278799346
7077,-0.036917722896624795
7078,0.0015304597579749387
7079,-0.046348239801920516
7080,0.00978301001712635
7081,0.0775578701714119
7082,-0.039712420311405414
7083,0.00845907601857664
7084,-0.0233371589484802
7085,-0.05598822170517974
7086,-0.10700491616978958
7087,-0.017738833646141178
7088,-0.059006047514587386
7089,-0.05802762969257026
7090,-0.06382691537582436
7091,-0.05925821962669973
7092,-0.012138579421155277
7093,0.07379018487226272
7094,-0.058886833557998584
7095,0.023383657795640698
7096,-0.04209266628571932
7097,-0.059151548860865565
7098,-0.05737253383884839
7099,-0.015250858693324966
7100,-0.0182269845732195
7101,-0.006135554082426125
7102,-0.022983378913273157
7103,-0.04187786252626688
7104,-0.02460507757476691
7105,0.052571480196814846
7106,-0.07605183425104674
7107,-0.0662759314541391
7108,-0.11116182650087783
7109,-0.0719934092990373
7110,-0.09413805374064847
7111,-0.07020449850491578
7112,-0.10214479452476022
7113,0.007033227850801016
7114,-0.06962562847031288
7115,-0.03173000033723929
7116,-0.04080773134607534
7117,-0.06911724175031582
7118,-0.020877589007396637
7119,-0.10931308646521569
7120,0.043981919101012436
7121,-0.059610392219588665
7122,-0.07112090575029906
7123,-0.03205388829185413
7124,-0.07432724744120381
7125,0.0736365402168227
7126,-0.030846271542465165
7127,-0.09017476866090364
7128,0.01788563194496689
7129,-0.09373124841410377
7130,-0.03395252947187027
7131,-0.03443031573189534
7132,-0.08982667142751094
7133,-0.0948421808597086
7134,-0.0878551065868155
7135,-0.039126341143907485
7136,-0.0932966696530835
7137,0.04203717405621934
7138,-0.07519877243034004
7139,-0.022068334429089363
7140,-0.1692898494050169
7141,-0.0727592650767153
7142,-0.17082847031192866
7143,-0.033666844224532234
7144,-0.04578569211658953
7145,-0.05830534829277113
7146,-0.07652342689908159
7147,-0.005057045736049729
7148,-0.16815296457940035
7149,-0.06915469812118187
7150,-0.16426639758821046
7151,-0.032371921166119505
7152,0.01469609978796713
7153,-0.06569458486209646
7154,-0.06668882077013809
7155,-0.0938212644456601
7156,-0.06348244373375345
7157,-0.15607826341599065
7158,-0.039078804548607425
7159,-0.06003955506364122
7160,-0.050438639707822086
7161,-0.05007556030836514
7162,-0.05023597722163271
7163,-0.1515318025860335
7164,-0.05648016356841957
7165,-0.0729208953512572
7166,-0.13188240018058903
7167,-0.05994302242799812
7168,-0.13438599352081487
7169,-0.06458300688110358
7170,-0.13321995598414574
7171,-0.08803801364219889
7172,-0.03649986041547013
7173,-0.12527195205672134
7174,-0.07664758705430448
7175,-0.054024292219590646
7176,-0.10045580753764605
7177,-0.12630915461832398
7178,-0.11435762014084155
7179,-0.13768236717957416
7180,-0.062191625775090006
7181,-0.1192280560395203
7182,-0.05886645561264778
7183,-0.020789206969539818
7184,-0.058303158909974645
7185,-0.0740570793256626
7186,-0.12994575250089382
7187,-0.0935772876888698
7188,-0.1361102936940786
7189,-0.11242973668927085
7190,-0.13230767178238506
7191,-0.03994898810338231
7192,-0.06337532555312195
7193,-0.13493398402575896
7194,-0.0770104608719222
7195,-0.13544940513547019
7196,-0.13770869372743147
7197,-0.07138496424788757
7198,-0.06630895224066874
7199,-0.13986158962992323
7200,-0.03910083140669741
7201,-0.10322246714977472
7202,-0.1395423806963397
7203,-0.029362778460907252
7204,-0.1357297921184252
7205,-0.1415419130519543
7206,-0.13593382712673477
7207,-0.07098602212097271
7208,-0.034671612151910586
7209,-0.027978046559938373
7210,-0.12248008034850004
7211,-0.13707947458698186
7212,-0.13961891963357992
7213,-0.12547621831459776
7214,-0.05522472508505858
7215,-0.05370553852450263
7216,-0.015314545028758196
7217,-0.13249487304796392
7218,-0.13554334836743787
7219,-0.13589978995928556
7220,-0.043355619757187464
7221,-0.1388597969803454
7222,-0.07236721761903944
7223,-0.039516951633627874
7224,-0.026637869148649795
7225,-0.1436780850754618
7226,-0.12663283545954243
7227,-0.08422135831368445
7228,-0.05198180186344355
7229,-0.0412175799205585
7230,-0.13223585351078498
7231,-0.13934609194552897
7232,-0.13023557100951505
7233,-0.13875673245372805
7234,-0.13023557100951505
7235,-0.06384549458103186
7236,-0.06996386406840774
7237,-0.13333813511647505
7238,-0.13869889808364738
7239,-0.059299640575953445
7240,-0.08723122344538294
7241,-0.13374769803452735
7242,-0.06753968040410141
7243,-0.14027161286130918
7244,-0.03130989173125412
7245,-0.05676606278641735
7246,-0.1356744162626857
7247,-0.0999481543145008
7248,-0.1348523030710046
7249,-0.13336884665315216
7250,-0.015879369068186423
7251,-0.13249451572720614
7252,-0.13100070946893208
7253,-0.13090978827103736
7254,-0.13090978827103736
7255,-0.12825595405976845
7256,-0.06463716208720156
7257,-0.03867455075621894
7258,-0.03668266455575682
7259,-0.14357192491371243
7260,-0.04413642187870311
7261,-0.1275449910692045
7262,-0.1443340550206754
7263,-0.06614010432477295
7264,-0.14585360525024757
7265,-0.07510491499082692
7266,-0.14288679008603122
7267,-0.12471316901278269
7268,-0.14288679008603122
7269,-0.026044863803412987
7270,-0.026044863803412987
7271,-0.14160713170903014
7272,-0.12556655003683617
7273,-0.05962432499720175
7274,-0.049244547757651615
7275,-0.1152011010809001
7276,-0.13896590740827933
7277,-0.05752087408446067
7278,-0.008475391001874846
7279,-0.13597650076710588
7280,-0.11903522627575806
7281,-0.11903522627575806
7282,-0.09858337794956992
7283,-0.05697358388318784
7284,-0.11847097559339327
7285,-0.138041724369693
7286,-0.0436293137973532
7287,-0.11809018957622795
7288,-0.08237207501960224
7289,-0.03203805157625827
7290,0.013263437485000895
7291,-0.1138642290123627
7292,-0.14273537829960697
7293,-0.10613186013127568
7294,-0.03438074747477069
7295,-0.08347010334972044
7296,-0.1111709950193548
7297,-0.017178419213914463
7298,-0.10530303644514999
7299,-0.03988199699253688
7300,-0.12022219712386636
7301,-0.1092108873740701
7302,0.0005034069643597139
7303,-0.1132854301881536
7304,-0.0316205506845443
7305,-0.11257832546934686
7306,-0.09278828429546895
7307,-0.10874172938595722
7308,-0.03601652265496545
7309,-0.1511399491764882
7310,-0.15349120045617418
7311,-0.11140280995771433
7312,-0.12255099064983775
7313,-0.04955945844519358
7314,-0.032404328931426564
7315,-0.09058049908729128
7316,-0.11466094113885733
7317,-0.029523592946536864
7318,-0.14943792665741745
7319,-0.1477559164242535
7320,-0.0520549976269105
7321,-0.03127281904941781
7322,-0.1457821053153676
7323,-0.1196203173884894
7324,-0.05850014032134244
7325,-0.01980386926017125
7326,-0.147983056690459
7327,-0.10405520250894551
7328,-0.11259943019934934
7329,-0.10867252751424983
7330,-0.020476980824064756
7331,0.006585422340474354
7332,-0.10412306297137433
7333,-0.1473101436100542
7334,-0.110597974073718
7335,-0.04102209990419805
7336,-0.05204894417023501
7337,-0.007060676441120463
7338,-0.11070028632443119
7339,-0.14998196730857272
7340,-0.11296812937275516
7341,-0.0959825554804007
7342,0.029677641599426624
7343,-0.05144170617545889
7344,-0.15088358918679892
7345,-0.15134938225209887
7346,-0.0033186157443175694
7347,-0.11534359671607337
7348,-0.11766761808224704
7349,-0.09753400482259555
7350,-0.03769657970388675
7351,-0.04591910094648941
7352,-0.10661962718058493
7353,-0.014888258365886305
7354,-0.11462941824851546
7355,-0.11418145038066237
7356,0.0045949697197646714
7357,-0.08843030550869159
7358,-0.11210913778015605
7359,-0.11210913778015605
7360,-0.11158563287215749
7361,-0.03580649928847075
7362,-0.08195477411411266
7363,-0.11286303082511719
7364,-0.16041494000444814
7365,-0.15937561710844095
7366,-0.02693261583140919
7367,0.004998390322467535
7368,-0.12000125136684403
7369,-0.16103046501751025
7370,-0.09453129642965424
7371,-0.05784202130806144
7372,-0.08164959231104825
7373,-0.15995064905112494
7374,-0.15995064905112494
7375,0.006757267244377343
7376,-0.014588105263171643
7377,-0.014588105263171643
7378,-0.0415669243732675
7379,-0.1594559521733869
7380,-0.12324294497208567
7381,-0.05199028679936956
7382,-0.10058894062946842
7383,-0.0021296164674948067
7384,-0.07586215589562409
7385,-0.15194652311730153
7386,-0.07522113469342612
7387,-0.12076357421811096
7388,-0.1525545122138795
7389,-0.05775762128824185
7390,-0.0646067506920562
7391,-0.12611880652699914
7392,-0.16411282348554218
7393,-0.07743086626798305
7394,-0.11277368492255739
7395,0.0608534716283952
7396,0.032724289755121774
7397,0.032724289755121774
7398,-0.012549278863629287
7399,0.02187624641848777
7400,-0.10466489704218936
7401,-0.00783842485086491
7402,-0.1022918938560474
7403,-0.017944090641068153
7404,-0.10099401202681191
7405,-0.061818512698270614
7406,-0.08549708247826383
7407,-0.08277896441126588
7408,-0.02431913697733975
7409,-0.09692311022998841
7410,-0.1724278194607422
7411,-0.09611383175466129
7412,-0.08631924444668253
7413,-0.09854337777992883
7414,-0.08520376910031768
7415,-0.09854337777992883
7416,-0.0045881828947947805
7417,-0.136031550609746
7418,-0.11280871954594095
7419,-0.03958764671892351
7420,-0.16994484929108786
7421,-0.04345204339658127
7422,-0.07828704958679196
7423,-0.10332014903022108
7424,-0.024671591259975357
7425,-0.16711457233242832
7426,-0.008427981362791468
7427,-0.10645519669388766
7428,-0.0889700365360887
7429,-0.16639586547786067
7430,-0.07940631058587909
7431,-0.009881016469392923
7432,-0.03521006607595325
7433,-0.163372576106397
7434,-0.163372576106397
7435,-0.026475780949327198
7436,0.0025068283480813996
7437,-0.026891887237510105
7438,-0.0802358933373104
7439,-0.09652824848386553
7440,-0.10533988418683718
7441,-0.07406948040719401
7442,-0.07199952403847891
7443,-0.07113994541495479
7444,-0.036157319339279265
7445,-0.10060829302426658
7446,-0.004596700226938627
7447,0.0699583739586628
7448,-0.10573598626049252
7449,-0.15198278973904683
7450,-0.15379666455192598
7451,-0.09530665993590559
7452,-0.13122062657588315
7453,-0.12973646294578778
7454,-0.04932200702172372
7455,-0.10675364328133534
7456,0.034175330916053154
7457,-0.13006228535495234
7458,-0.13006228535495234
7459,0.07756390909989387
7460,-0.15164715671806464
7461,0.032238467406087504
7462,-0.11044645629724127
7463,0.006471153537981973
7464,-0.11044645629724127
7465,-0.028903023546281235
7466,-0.0949429698245795
7467,-0.08571836138111594
7468,-0.049608801817969596
7469,0.06757809683715543
7470,-0.05723710051205583
7471,-0.09062477864808019
7472,-0.12066590766567954
7473,-0.12066590766567954
7474,-0.05315381516694169
7475,-0.12252811454022933
7476,-0.12407837665853076
7477,-0.09374570945825465
7478,-0.06815960035037255
7479,-0.14277799190692714
7480,-0.11859828574312677
7481,-0.036619088201899665
7482,-0.1388204508277912
7483,-0.03731004507484033
7484,-0.09737556948228492
7485,-0.04931074529451818
7486,0.027038173065355095
7487,-0.1391987599674626
7488,-0.11680325734197845
7489,-0.1391987599674626
7490,0.03200498348777269
7491,-0.020394926484954157
7492,-0.020394926484954157
7493,-0.06933174098539634
7494,-0.15052115356072676
7495,0.07748456427291152
7496,-0.09737941925114171
7497,-0.0785854996770576
7498,-0.1364293166463051
7499,-0.1144942028016894
7500,-0.033520175052403095
7501,-0.13537508544232
7502,-0.06082102713115907
7503,-0.052635287829280425
7504,-0.05988341339940546
7505,-0.1075584671213168
7506,-0.04402643994959885
7507,0.04202068277510535
7508,-0.12105215687515389
7509,0.03789016551954531
7510,-0.13084119923273924
7511,0.08122649274303119
7512,0.02695312490019624
7513,0.02695312490019624
7514,-0.0979197263796478
7515,0.03352594340355374
7516,-0.056772583242015
7517,-0.09094211663744298
7518,-0.1035289511736711
7519,-0.12952097707692764
7520,-0.1487978167817616
7521,-0.02769602553018664
7522,-0.1045668605627877
7523,-0.10602895666132679
7524,-0.04995971129027183
7525,0.03533084244166877
7526,-0.10069648729664649
7527,-0.027351166061841264
7528,-0.09806716737421335
7529,-0.074461283472815
7530,-0.06678457644269072
7531,-0.035474813173756364
7532,-0.05478842537276478
7533,-0.06436579949526944
7534,-0.13826506575940112
7535,-0.09267055700759509
7536,0.039063820252059095
7537,-0.13990316249101092
7538,-0.10139071692127592
7539,-0.14204367352212485
7540,-0.04212619471256117
7541,-0.04037995207301375
7542,0.03778070537579484
7543,-0.03928577862770039
7544,-0.04799214244069
7545,-0.09661287435780126
7546,-0.04141425590602719
7547,0.08561381953078648
7548,0.03369634375154493
7549,-0.0349545114421691
7550,-0.07357407438574998
7551,-0.14100656506249337
7552,-0.11868448668268551
7553,-0.095811695325684
7554,-0.013169856685619282
7555,-0.11694770014692127
7556,-0.03606737387122197
7557,-0.09696735984132107
7558,0.04334623635039502
7559,-0.045974487023014175
7560,-0.08580494143034373
7561,0.09621492393241285
7562,-0.09406835824238587
7563,-0.11628284963725728
7564,-0.08567355010256886
7565,0.050969874737622274
7566,-0.10502047324519707
7567,-0.08787553092048404
7568,-0.14236025706712988
7569,-0.08787553092048404
7570,-0.09016779388597448
7571,-0.09704747237673501
7572,-0.1042157740474655
7573,-0.030299187570844616
7574,-0.00989660979129032
7575,-0.10418784790180732
7576,0.0648165092581526
7577,-0.10349970213742313
7578,-0.0777483307616837
7579,-0.07967348489125615
7580,-0.06945177272150643
7581,-0.018264337460479518
7582,-0.10227123600133783
7583,-0.10439848170907197
7584,-0.09929432433402122
7585,-0.0916029136876694
7586,-0.03048788138185362
7587,-0.047966459555425514
7588,-0.0956222124564537
7589,-0.04853221235579318
7590,-0.14102469597611478
7591,-0.10148374938226824
7592,-0.0982216322309749
7593,-0.0982216322309749
7594,-0.0948667330544069
7595,-0.09484344504169583
7596,-0.10904579433589628
7597,-0.02156602809039629
7598,0.05246012199425432
7599,0.010796013550345865
7600,-0.09760417285953012
7601,-0.08321938116646305
7602,-0.14104429693235537
7603,0.036407586894562236
7604,0.1284531281219362
7605,-0.09582703706820112
7606,-0.09863685470495274
7607,-0.09456949954981685
7608,-0.03928069247148138
7609,-0.033500083750252006
7610,-0.04822413971591687
7611,-0.04822413971591687
7612,-0.08952969887236034
7613,0.03116098136137201
7614,-0.03943171117942806
7615,-0.07868640058471021
7616,-0.10680670152067186
7617,0.018294104945619553
7618,-0.10680670152067186
7619,0.018236371356400407
7620,-0.10410048098210808
7621,0.1235605804340027
7622,-0.09584747537072019
7623,-0.14750526736603758
7624,0.026536790729649224
7625,0.026536790729649224
7626,0.019570576943537966
7627,-0.14274777739670214
7628,-0.09377616756878962
7629,-0.09763498517544487
7630,-0.08713779639239093
7631,-0.10290004715079966
7632,-0.11334946228961015
7633,0.027447584746086592
7634,-0.09835721618695514
7635,-0.05786869345507131
7636,0.022381572510296
7637,-0.0316894352547423
7638,-0.10011285205546591
7639,-0.009140966789939883
7640,-0.0689363533021459
7641,0.02410808553297205
7642,-0.09127733795974596
7643,-0.09318805187987714
7644,-0.021157425533890065
7645,-0.08621787683920476
7646,0.12908452141857216
7647,-0.0863525857665682
7648,0.024318815105654045
7649,0.02435147623247225
7650,-0.08297504625013429
7651,-0.1056383106974794
7652,-0.07600763789367887
7653,-0.07954064052267373
7654,-0.12282104835309154
7655,-0.031582845139390976
7656,0.09912262685137217
7657,-0.08297090796281584
7658,0.035920811874969094
7659,-0.1237363674086706
7660,-0.08250552354650453
7661,0.00959062640953847
7662,-0.06300822445035012
7663,-0.1400288843665519
7664,-0.13994475746900586
7665,-0.09407643016821894
7666,-0.08247492921497387
7667,0.06152755464859323
7668,-0.0825679956033908
7669,-0.07908643579679968
7670,0.012856163037785136
7671,-0.06049808404674914
7672,0.0993964444893811
7673,-0.07676491890943157
7674,-0.10714469824073866
7675,-0.023750496079401853
7676,-0.030788248895691216
7677,0.017917376609927038
7678,-0.03717796636360594
7679,-0.06753058395191973
7680,0.04995248707432711
7681,-0.1461846978779249
7682,-0.0736923755505535
7683,0.013539902017802464
7684,0.04903592429542755
7685,-0.07100773052730054
7686,-0.07020191507457889
7687,-0.06541192137190238
7688,0.0531076765617747
7689,-0.06306325438214909
7690,0.004325114309083854
7691,-0.10104056857196844
7692,-0.13500911247056083
7693,-0.029295400434816064
7694,-0.07080262381073918
7695,-0.07080262381073918
7696,-0.15610999122162342
7697,-0.03360303948885125
7698,-0.027893817490980057
7699,0.04588775006660407
7700,-0.03502412051950972
7701,-0.051894422844948336
7702,-0.06510225839949842
7703,-0.09438626094044457
7704,-0.10682285901112441
7705,-0.052341414075371864
7706,-0.033246080686141495
7707,-0.06958857083643809
7708,0.0002866338717510529
7709,0.003605609313713545
7710,-0.07037012756446541
7711,-0.07037012756446541
7712,0.04826573636054207
7713,-0.047822732171598305
7714,-0.047822732171598305
7715,-0.08100339765689962
7716,-0.07216753470342707
7717,0.10692185810929063
7718,-0.0032661739781747415
7719,0.04579421682547355
7720,-0.061119077702812906
7721,-0.07444578191100733
7722,-0.035111062523569124
7723,-0.07052273005678186
7724,-0.13893733866143082
7725,-0.13681445735753647
7726,0.048689981247849685
7727,-0.06064371711621607
7728,-0.008370465588518642
7729,-0.10001607917901699
7730,-0.040601753087099804
7731,-0.054256804184659224
7732,0.10107706077155391
7733,0.02470700570447345
7734,0.02470700570447345
7735,-0.14141210235334575
7736,0.03039402677418298
7737,-0.09312790087402942
7738,-0.14281246643021925
7739,0.04939342057436223
7740,-0.05559864544421867
7741,-0.054485185833791895
7742,-0.01925099600104123
7743,-0.1067275251139976
7744,-0.054511893129432984
7745,-0.027507892890261086
7746,-0.05388746521621699
7747,0.042284015146106045
7748,0.039373446725539815
7749,-0.050593445311876914
7750,-0.028896988517270777
7751,-0.13507939459714183
7752,-0.0960863738411041
7753,0.052521247212770295
7754,-0.09491073038860995
7755,-0.03795031532565247
7756,0.03957881889618582
7757,-0.052531239581228864
7758,-0.04430902843869739
7759,-0.018797491031273348
7760,-0.08951567127879663
7761,0.12683231327846883
7762,-0.04639713601889607
7763,-0.0555633802676954
7764,-0.055849238913745866
7765,-0.010248908609078965
7766,-0.05046295185890572
7767,0.03036262161419666
7768,-0.0560188461814103
7769,-0.09935656876049748
7770,-0.04980358641259371
7771,-0.14503023176002558
7772,-0.014639219939629664
7773,-0.013245998365663772
7774,0.13249924534316632
7775,-0.016538052899895343
7776,0.05020452201905211
7777,-0.05157463792264205
7778,-0.054102857898708834
7779,-0.052900195532976424
7780,-0.140547762471455
7781,-0.08803407605966936
7782,-0.1405373242486843
7783,0.014823314488406979
7784,-0.052329782673295556
7785,-0.011155232697808394
7786,-0.10141964547212945
7787,-0.049498930206609386
7788,-0.05479655962116574
7789,0.1300258399823781
7790,-0.010290464005997098
7791,-0.06687224206334252
7792,-0.05231661705517353
7793,-0.05065337183394365
7794,-0.09659020632331387
7795,-0.04810988986203892
7796,-0.1312711624798215
7797,-0.08965929570960203
7798,-0.01882295755197674
7799,-0.012380715185735141
7800,-0.05344581472971572
7801,-0.07142354393070914
7802,-0.06043047935627129
7803,0.0037280691765722352
7804,-0.050389790682006365
7805,-0.09465534030800203
7806,-0.056575576532696195
7807,-0.13118900702588923
7808,-0.060747574859125505
7809,-0.05178604869939471
7810,-0.14102111522322383
7811,-0.025202289545091492
7812,-0.05693300186512761
7813,-0.0574493795294391
7814,-0.13500573871505228
7815,-0.04348028172209042
7816,-0.015329249406405112
7817,-0.0974191825302612
7818,-0.06295188967618266
7819,-0.1368650380240116
7820,-0.0631907260841912
7821,-0.0631907260841912
7822,-0.015145517795837072
7823,-0.1453441458433861
7824,-0.0627831365102006
7825,-0.0420235151221483
7826,-0.040620605063206625
7827,-0.040620605063206625
7828,-0.09157830245214471
7829,-0.002942658388601319
7830,-0.033351609308741016
7831,-0.033351609308741016
7832,-0.019754646231751133
7833,0.13161827673050192
7834,-0.03254836656532066
7835,-0.0705454788738113
7836,-0.02651678026972422
7837,-0.06472873482694606
7838,-0.12798556741783343
7839,-0.0698319195413177
7840,-0.11208479742738992
7841,-0.0625647486292682
7842,-0.02436260573350631
7843,-0.005696886988018406
7844,-0.02805330071914094
7845,-0.07111924675771165
7846,-0.01932924519018117
7847,0.1258805160082539
7848,-0.12951855263126832
7849,-0.1060034462256202
7850,-0.15577278406838294
7851,-0.1290657276342888
7852,-0.03163688345398122
7853,-0.15627954513499207
7854,-0.09206704395114144
7855,-0.007698746556931746
7856,-0.10579519476580025
7857,-0.018819617800028724
7858,-0.05087910493247507
7859,-0.08543708843040625
7860,-0.02005145994212765
7861,-0.03458943123935404
7862,-0.0825093119379114
7863,-0.01975470381551708
7864,-0.0722333624122207
7865,-0.11886954034270136
7866,-0.08490701379996234
7867,-0.000532613045853385
7868,-0.040891506711652065
7869,-0.07947627117033113
7870,-0.0358723814582487
7871,-0.11423146425043088
7872,-0.13390682911260848
7873,-0.011876001456485069
7874,-0.07603767232922425
7875,-0.03340614602281421
7876,-0.021485995449732405
7877,-0.01573549974230885
7878,-0.022197323697934083
7879,-0.07061202584377617
7880,-0.13177567074796825
7881,-0.05634124688154763
7882,-0.03892966145513503
7883,0.13609371025365205
7884,-0.045021045455954735
7885,-0.020768076720289238
7886,-0.062305602611345746
7887,-0.016879343749556915
7888,-0.0891585356933935
7889,-0.1350561875863129
7890,-0.1350561875863129
7891,-0.11234651243585261
7892,-0.017942593783644264
7893,-0.04865237105436843
7894,-0.020276397711490715
7895,-0.011542349167864865
7896,-0.012834115202836628
7897,-0.08465807460076161
7898,-0.10734479009545542
7899,0.1268689508031293
7900,-0.09186266898914684
7901,-0.04273822085317872
7902,-0.12334247022225514
7903,-0.09206375793151157
7904,-0.13146544414238182
7905,-0.07363332837500672
7906,-0.09257177718798214
7907,-0.08466364091439109
7908,-0.00472602457776534
7909,-0.08466364091439109
7910,-0.00472602457776534
7911,-0.038192595193643354
7912,-0.016439141055862916
7913,-0.027347119307553593
7914,-0.053071247689267596
7915,-0.1413583385423764
7916,-0.12844578749664592
7917,-0.0780043399235913
7918,-0.09037283381345859
7919,-0.09800727544434586
7920,-0.057802441965177975
7921,-0.0034515413011784097
7922,-0.14532683690216083
7923,-0.08931022572527228
7924,-0.03723087404673066
7925,-0.0469874742599896
7926,-0.08239726834421822
7927,-0.0010636484450603952
7928,-0.09376765148344068
7929,0.003345341772279221
7930,-0.059910197830001045
7931,-0.10413982001270107
7932,-0.03674415187565033
7933,-0.03674415187565033
7934,-0.06380470163011838
7935,-0.020391285740549527
7936,-0.10868602245910512
7937,-0.10868602245910512
7938,-0.06653447325179297
7939,0.004092512539410643
7940,0.004092512539410643
7941,-0.13090875065611404
7942,-0.10810960776246949
7943,-0.040364486957771915
7944,0.008131338792286977
7945,-0.06670416162500552
7946,0.12435435722862132
7947,-0.04572575207086331
7948,-0.10684455088415674
7949,0.003205290711347088
7950,-0.13545035045943757
7951,-0.14104617987707294
7952,-0.08210140994015216
7953,-0.037027669067260495
7954,0.025596660940135095
7955,0.02823871882200427
7956,-0.09960922653065994
7957,-0.09960922653065994
7958,-0.13651345611387758
7959,-0.07461763519527849
7960,-0.12887977091079436
7961,-0.14090589668452716
7962,-0.09871962249477857
7963,-0.130807709927371
7964,-0.08519452171160068
7965,0.02721336029512705
7966,-0.07941977167928681
7967,-0.12123025295724528
7968,-0.13282903286730433
7969,-0.05547985993795919
7970,-0.1228556505937598
7971,-0.1228556505937598
7972,-0.13320934608009558
7973,-0.026741455976167502
7974,-0.10777328635873351
7975,-0.08124459303280256
7976,-0.06985816835808831
7977,0.02586881353061264
7978,-0.037205178123197416
7979,-0.12961147048664642
7980,-0.1318053897471782
7981,-0.12964402888750612
7982,-0.007038306279009779
7983,-0.025350906869784962
7984,0.027182779316682636
7985,-0.07132260803602702
7986,-0.12943338877832355
7987,-0.12890282436121375
7988,0.022501691920360688
7989,-0.12767222963361793
7990,-0.12767222963361793
7991,-0.07734424429540507
7992,-0.04843309284319401
7993,0.1331826253759953
7994,-0.08857841960673232
7995,-0.035520166595208416
7996,-0.08599920514515122
7997,-0.061963494181566374
7998,0.01819004344746667
7999,0.019932424395618584
8000,-0.1010871687112624
8001,-0.06174742115065182
8002,-0.1324055771439013
8003,-0.10299536258596623
8004,-0.06887779556895006
8005,0.018563588078219076
8006,-0.10425068864643944
8007,0.017317381204464903
8008,-0.10666388770772084
8009,-0.08589442031023808
8010,-0.1315049650561253
8011,0.020901512307149626
8012,-0.12583114815051005
8013,-0.12865238924947994
8014,0.027521187334324956
8015,-0.12636072563241588
8016,-0.099450378682557
8017,-0.07204812306335918
8018,-0.09581359485533056
8019,-0.07254179339699295
8020,-0.034917529636021516
8021,-0.04972002497946145
8022,-0.10546671355078144
8023,0.0016383670043518812
8024,-0.08316902819267893
8025,-0.10255080183761596
8026,-0.12199790132129741
8027,0.016534333383892555
8028,-0.028711426675306316
8029,-0.10843792301540821
8030,-0.06229602908533384
8031,-0.00504629508335109
8032,-0.10602985286530951
8033,0.021607240732626556
8034,-0.14553589317524693
8035,-0.08703398960154099
8036,0.021921828143164672
8037,-0.09069742819229251
8038,-0.14715310391374833
8039,0.02372984549676148
8040,-0.07930832825784817
8041,-0.0850405567475094
8042,-0.05263096271698856
8043,-0.03990130514441443
8044,0.10511498883061775
8045,-0.10066817109991746
8046,-0.10666509139316233
8047,-0.10728912590956648
8048,-0.05129343313942808
8049,-0.11329129575244543
8050,-0.03914314936855006
8051,-0.027297566739087637
8052,0.03692705897318483
8053,-0.13204246934427066
8054,-0.13035226701006727
8055,0.03341243701863859
8056,-0.08387307697091106
8057,-0.06342961511944038
8058,-0.09436713304084476
8059,-0.07633213928911603
8060,-0.07695858320410781
8061,-0.12284588184856939
8062,-0.0342973498575686
8063,-0.12284588184856939
8064,0.030661459535614197
8065,-0.03394371692169617
8066,-0.09499410630008794
8067,-0.03994039864829613
8068,-0.09692074566548527
8069,-0.024944191388831072
8070,-0.13085066261966272
8071,-0.11968775896582917
8072,-0.08942659708120448
8073,-0.04363925266118767
8074,-0.11768468202671968
8075,0.03975251663484977
8076,-0.03367355874174255
8077,-0.05411487202751425
8078,-0.09968072507599268
8079,-0.06743947103000934
8080,0.03354830336612659
8081,-0.1348396522991324
8082,-0.06447024337895559
8083,-0.02067113123990431
8084,-0.09247235384453563
8085,0.034257015311247065
8086,-0.02575308027131204
8087,0.07987753234639615
8088,-0.13509607584616853
8089,-0.020267001011428566
8090,-0.0081017552349495
8091,-0.08185905825896396
8092,-0.11455103161444721
8093,-0.08392273061618168
8094,-0.07674227774246546
8095,-0.11453074833459959
8096,-0.08745838763881467
8097,-0.07765530929588797
8098,-0.07420018432189242
8099,0.027978933787219606
8100,-0.015488454868783431
8101,-0.11815726387261123
8102,-0.1130614558074544
8103,-0.024629566788045957
8104,0.040642019070822315
8105,0.04112273063639097
8106,-0.03401231072753286
8107,-0.0795427389214992
8108,-0.011602367958600649
8109,-0.07484381272609056
8110,-0.12357398265814111
8111,-0.0740092324194034
8112,-0.06402657650936017
8113,0.0341864465483972
8114,-0.0717713974874834
8115,-0.03409456251041268
8116,-0.09603688956806959
8117,-0.08580488707346491
8118,-0.05193968316705958
8119,-0.01695509140705178
8120,0.03181185857598142
8121,-0.07503067200046977
8122,-0.04493106594288855
8123,-0.09057611311221278
8124,-0.008740307436535664
8125,0.024320996882958978
8126,0.07707405726109498
8127,-0.00457691445651054
8128,-0.07944207205874616
8129,-0.08184852310258299
8130,-0.08278298720146995
8131,-0.020973500830708654
8132,-0.10986209526737922
8133,-0.10986209526737922
8134,0.03511045866622945
8135,-0.0888380313169255
8136,-0.11970186720719853
8137,-0.08847931842268529
8138,-0.08993908257323949
8139,-0.019695459520093852
8140,-0.08555674699282519
8141,-0.10849694752030571
8142,-0.023399963418188847
8143,0.02846040487859318
8144,-0.031959231777984536
8145,-0.08400727521928002
8146,0.0008861725790398032
8147,-0.08488137891627617
8148,-0.08323687758737491
8149,-0.08918019129144218
8150,-0.03524657558389759
8151,0.033657401779002866
8152,0.00023560891525799046
8153,-0.03293611441054808
8154,0.02984632221196008
8155,0.03054742979048294
8156,-0.09833988404503696
8157,-0.12054482880388093
8158,-0.1473249097143335
8159,-0.08581127335097886
8160,-0.1315197261378058
8161,-0.08535822224779421
8162,0.0008158317191538913
8163,-0.12086769318608333
8164,-0.011819427367113465
8165,-0.04654064223757537
8166,0.01979655157716257
8167,-0.05079651820252356
8168,-0.07798473013719809
8169,-0.0804997848522441
8170,-0.06741194792901312
8171,-0.15878526299785076
8172,-0.04136758556015031
8173,-0.09100894089439085
8174,-0.06012103475647905
8175,-0.06152600626593625
8176,-0.04010715557597754
8177,-0.05486896595262978
8178,-0.07231176387701371
8179,-0.10921554867286974
8180,-0.088585262124686
8181,-0.016931107979652773
8182,-0.07964153802257543
8183,-0.09658408228885142
8184,0.013029739001260346
8185,-0.07442668176530313
8186,-0.06665230017122031
8187,-0.10431526622830177
8188,-0.15539006485855075
8189,-0.05502404234506162
8190,-0.10108432715848406
8191,-0.027333643549030815
8192,-0.06175266506668974
8193,-0.1717737821807982
8194,-0.08576003191559871
8195,-0.1196922989456508
8196,-0.10546570400484814
8197,-0.10322747130630036
8198,-0.14211944810366417
8199,0.03076142473692442
8200,-0.05242055772281368
8201,-0.19180539225190038
8202,-0.10432216578873128
8203,-0.10454918589096883
8204,-0.11323121828938185
8205,-0.05372337540222411
8206,-0.10719227008553753
8207,-0.17655048989608177
8208,-0.06794533138171889
8209,-0.10533516863577198
8210,-0.04969781063873209
8211,-0.15812648502938215
8212,-0.08339440082900151
8213,-0.11758109895497373
8214,-0.09863052441527612
8215,-0.06851551453605899
8216,-0.0964165999674407
8217,0.02382851145655564
8218,0.001587505617031615
8219,-0.03620216902693903
8220,-0.0975681111290219
8221,-0.07236844158148165
8222,0.029224665151543126
8223,-0.11159404106699508
8224,0.012051501767533352
8225,-0.0852727985576053
8226,-0.08926217506816796
8227,-0.008219115085827237
8228,-0.09359141085534906
8229,-0.09256145799127029
8230,-0.03693965402743258
8231,-0.08297843284519768
8232,-0.08802801249420826
8233,-0.05910704905797283
8234,-0.0978038155814481
8235,-0.0622370382828837
8236,-0.16831238441786833
8237,-0.09962192132840081
8238,-0.08816573172136888
8239,-0.09815919109011126
8240,-0.08506984070952185
8241,-0.11909814018040601
8242,-0.10891384912469727
8243,-0.08413745207629994
8244,-0.03741364267236078
8245,-0.10068210956662907
8246,-0.14805983007701354
8247,-0.07784199947414656
8248,-0.06706938153763879
8249,-0.015335913384694094
8250,-0.07934589571144876
8251,-0.10576106320442172
8252,0.0055561462703347
8253,-0.07753895723745077
8254,0.0076161336736718195
8255,-0.09461655310750212
8256,-0.02651187179364651
8257,-0.07752243173990984
8258,-0.09152085546665605
8259,-0.09152085546665605
8260,-0.0884278965787869
8261,-0.09103997110842836
8262,-0.08343016733835776
8263,-0.094522328543414
8264,-0.09919592252685265
8265,-0.0727996586673248
8266,-0.09230396703329291
8267,-0.00804169348686908
8268,-0.06783156512352569
8269,-0.11411683014233183
8270,-0.06680146887695688
8271,-0.06809047209097614
8272,0.016493878229774703
8273,-0.023641305147383513
8274,-0.027195015296336132
8275,-0.11213978179959962
8276,-0.06923709086040859
8277,-0.06612178005833518
8278,-0.09854329156107187
8279,-0.1096061830100543
8280,-0.15732688519650295
8281,-0.07917762001549807
8282,-0.051230565123968126
8283,-0.08409133926936134
8284,-0.06778581752040647
8285,0.003664665275068863
8286,-0.09567527563377567
8287,-0.10576101865399465
8288,-0.09850976836103131
8289,-0.09888383023201014
8290,-0.09888383023201014
8291,-0.08831808018852136
8292,-0.017150829132446314
8293,-0.1654937618202549
8294,-0.09775966429451663
8295,-0.02164345253838694
8296,-0.058186278538699954
8297,-0.013049796832851724
8298,-0.06912405911996548
8299,-0.10489490399864751
8300,-0.031779741796018855
8301,-0.08357899483360418
8302,-0.10428613211021108
8303,-0.1210559537754383
8304,-0.0007752221953448537
8305,0.00799998392559758
8306,-0.04084773609852989
8307,-0.08316565050319318
8308,-0.10691928457630302
8309,-0.07382787878526309
8310,-0.05974764743200026
8311,-0.0893968535076767
8312,-0.08330120946071642
8313,-0.12148760410545194
8314,0.001865305244022468
8315,-0.012445046062756973
8316,-0.024251210002596484
8317,-0.08095792998575928
8318,-0.05263658970091665
8319,-0.023747205916159763
8320,-0.03747665792144986
8321,-0.07519653910387424
8322,-0.07283780274463166
8323,-0.06997896311957011
8324,-0.07043738988966824
8325,-0.06291032945463997
8326,-0.10051277219768638
8327,-0.1880722219394225
8328,-0.11794511460174864
8329,-0.0975729995928098
8330,-0.08564696278596147
8331,0.005788109633999467
8332,-0.10668724487981103
8333,-0.10702562096434387
8334,-0.10702562096434387
8335,-0.10281180711943887
8336,-0.12018039818563514
8337,-0.037766416857546795
8338,-0.10406932474409569
8339,-0.15827681869955523
8340,-0.05579636040208862
8341,-0.11740267348557859
8342,-0.04358366639870004
8343,-0.10522108284689799
8344,-0.05458549571463014
8345,-0.0778095690208134
8346,-0.10570755697496255
8347,-0.047854883310947664
8348,-0.026039441175523446
8349,-0.05035346867436507
8350,-0.10879283975842363
8351,0.008080555534949957
8352,-0.11321638851316096
8353,-0.052176510075147745
8354,-0.03825215332873293
8355,-0.013249065315854352
8356,-0.11515716729056047
8357,-0.10400437821683371
8358,-0.10400437821683371
8359,-0.08506799454674763
8360,-0.017583288091275868
8361,-0.1067889992704774
8362,-0.04893223099729969
8363,-0.10212938668512912
8364,-0.08198740518303581
8365,-0.017158148593265612
8366,-0.10904303274687652
8367,-0.11894560054091285
8368,-0.06584463164505851
8369,-0.06584463164505851
8370,-0.014575636886381905
8371,-0.04178432874951931
8372,-0.05733377292613008
8373,-0.021681683467508716
8374,-0.1090216015810648
8375,-0.0962496631999804
8376,-0.05679819333227106
8377,-0.06154396763131637
8378,-0.06356758382404956
8379,-0.10867307051383125
8380,-0.06490165171452686
8381,-0.06774010908529156
8382,-0.057820727390293716
8383,-0.1802323322961556
8384,-0.1104698023461361
8385,-0.09864870868853436
8386,-0.00823301996207928
8387,-0.059882532515691374
8388,-0.09377503051064863
8389,-0.013218659143565955
8390,-0.08433867979744672
8391,-0.09004304850725739
8392,-0.08462824482736012
8393,-0.09004304850725739
8394,-0.09004304850725739
8395,-0.10664096618587539
8396,-0.08724711652356212
8397,-0.14053406552071845
8398,-0.06604255610705734
8399,-0.06481478164841435
8400,-0.030263795209657243
8401,-0.10819094482439891
8402,-0.09231808237261295
8403,-0.03615842622663379
8404,-0.0811428655571887
8405,-0.10136926848788017
8406,-0.09873570953081795
8407,-0.0226317952460455
8408,-0.00670528327862191
8409,-0.04442651451088862
8410,-0.04917712849982969
8411,-0.09193414705588769
8412,-0.08761799209206132
8413,-0.020953170330340058
8414,-0.11371505245439834
8415,-0.08347087838790374
8416,-0.12560709056992111
8417,-0.11031175867770553
8418,-0.10212979561399345
8419,-0.0347084863835934
8420,-0.01233009406605732
8421,-0.06248286113577511
8422,-0.10063461254029557
8423,-0.06914153319857277
8424,-0.026575557599316058
8425,-0.10806487951381409
8426,-0.03665381710828544
8427,-0.0987389300704643
8428,-0.06257743043648324
8429,-0.06542166067709002
8430,-0.06249842457549243
8431,-0.03645289099683541
8432,-0.07907159581746304
8433,-0.1668473952994775
8434,-0.06832820920641579
8435,-0.10503804417507193
8436,-0.03794009399166872
8437,-0.10823428376862747
8438,-0.028476555033170346
8439,-0.08018170934897528
8440,-0.006362589321997675
8441,-0.08428518241668836
8442,-0.08518903751715019
8443,-0.1029505152160733
8444,-0.0868360446181329
8445,-0.040258239879944056
8446,-0.12094776663010282
8447,-0.10472440501273977
8448,-0.09180467433931101
8449,-0.09967745639843459
8450,-0.14239125608464798
8451,-0.03785494656163961
8452,-0.09577969982730472
8453,-0.07530615153943539
8454,-0.09634804547763924
8455,-0.02507764478025302
8456,-0.05459142027648934
8457,-0.040422791396743235
8458,-0.10449811489913287
8459,-0.10449811489913287
8460,0.019166867655595003
8461,-0.08179064582744483
8462,-0.03987712902888978
8463,-0.0629186415337327
8464,-0.01799335183485509
8465,-0.015491001701731642
8466,-0.09885198921348964
8467,-0.13937614992704422
8468,-0.1391288417561013
8469,-0.07706612829224482
8470,-0.10559326128157959
8471,-0.06526721717868747
8472,-0.06528229924117378
8473,-0.06615759864024631
8474,-0.07785886691464033
8475,-0.038325147517439075
8476,-0.01550994582180923
8477,-0.019614607033629505
8478,-0.04802106301066419
8479,-0.0663579270769757
8480,-0.06130772277573467
8481,-0.11947393479022662
8482,-0.06679103108611553
8483,-0.06712341639547838
8484,-0.010673686521887963
8485,-0.06605397798635353
8486,-0.06605397798635353
8487,-0.12537878307458994
8488,-0.09016735571811926
8489,-0.14977087362101493
8490,-0.02910395248944737
8491,-0.12882226158602203
8492,-0.05550573068543935
8493,-0.02100886152812955
8494,-0.04939008787496076
8495,-0.09241835395623262
8496,-0.13393644767088392
8497,-0.13393644767088392
8498,-0.044813948790378866
8499,-0.04007588841984418
8500,-0.05741459082118953
8501,-0.12253017201912376
8502,-0.10298768979394582
8503,-0.13609627168038935
8504,-0.11864701700792768
8505,-0.0343237590672182
8506,-0.03745347346947716
8507,-0.15867296103517867
8508,-0.07927111404652021
8509,-0.10278913486424883
8510,-0.05756056326003101
8511,-0.12932528223792047
8512,-0.0405702829826601
8513,-0.03603137717936921
8514,-0.11401694226460951
8515,-0.05699265089714605
8516,-0.052024615534707844
8517,-0.051386434160475246
8518,0.005667910871504154
8519,-0.030208507574594673
8520,-0.1332976443415472
8521,-0.03469341246992069
8522,-0.13385199930578884
8523,-0.1664857663694998
8524,-0.13534701490012466
8525,-0.10858031974108008
8526,-0.09960050172513935
8527,-0.06312126976233867
8528,-0.01569208201996043
8529,-0.06039934857683934
8530,-0.0747448500160709
8531,-0.038616189938332476
8532,-0.04119199730719146
8533,-0.05724687579931479
8534,-0.025959654375987115
8535,-0.05907637345192006
8536,-0.11100181547090524
8537,0.004905315056305305
8538,-0.15331740637833086
8539,-0.12727391950706493
8540,-0.018398399674256435
8541,-0.15232773820983178
8542,-0.11345107668106873
8543,-0.043742282270657296
8544,-0.14734105991699178
8545,-0.073274081024889
8546,-0.07541559444677606
8547,-0.1537657579372749
8548,-0.016956087166060677
8549,-0.1369324743572123
8550,-0.07631616698519764
8551,-0.021424799322340066
8552,-0.05384598282728335
8553,-0.11763567307092151
8554,-0.03810882895181111
8555,-0.14456320180589502
8556,-0.055902540713785843
8557,-0.102107847963505
8558,-0.016596505344021104
8559,-0.07345005822609597
8560,-0.15772903768958854
8561,-0.040740508388527275
8562,-0.15307792901187933
8563,-0.0930873647325567
8564,-0.1528792027603884
8565,-0.06519509507960643
8566,0.013505767995660275
8567,-0.047049713145648146
8568,-0.04288449181828664
8569,-0.15579898952491522
8570,-0.1578212040274948
8571,-0.09637313444232468
8572,-0.01828875215982466
8573,-0.043830010722109715
8574,-0.18190389612747004
8575,-0.09409989418357331
8576,-0.11029532087135024
8577,-0.014036695270215567
8578,-0.09888510494275642
8579,-0.06458127681013316
8580,-0.04388498913392961
8581,-0.09133890713601665
8582,-0.09133890713601665
8583,-0.05468999827409595
8584,0.023079862708787525
8585,-0.03604484341945462
8586,-0.009608722742778441
8587,-0.09243637074038635
8588,-0.09243637074038635
8589,-0.02749039889452793
8590,-0.13945167118795077
8591,-0.1378333689475806
8592,-0.12455191846630433
8593,-0.09885361807223653
8594,-0.03015185403609627
8595,-0.09838658975508621
8596,-0.14567203774104165
8597,-0.09838658975508621
8598,-0.10534102693950445
8599,-0.10693987645372073
8600,-0.04890175401018398
8601,-0.14465676913963
8602,-0.14465676913963
8603,-0.04585393343675418
8604,-0.016679720142881715
8605,-0.14210171923048054
8606,-0.14210171923048054
8607,-0.11069811410726951
8608,-0.10894943097781008
8609,-0.0950385368905899
8610,-0.04920388567211579
8611,-0.1154137666987744
8612,-0.020724538122760983
8613,-0.13600459475801382
8614,-0.04615837038886253
8615,-0.17722144450521035
8616,-0.10449095013170792
8617,-0.01552132171185433
8618,-0.1050898873405725
8619,-0.14250807809082192
8620,-0.03621912484784706
8621,-0.10381110512424617
8622,-0.047039157977959045
8623,-0.028915410247805827
8624,-0.04485278909094277
8625,-0.15635765984985628
8626,-0.18018630850357129
8627,-0.09726499671964337
8628,-0.15963565692855705
8629,-0.0984809522486113
8630,-0.030133253036076342
8631,-0.04951212372294474
8632,-0.09635210308719386
8633,-0.09605385118612748
8634,-0.029364733545314624
8635,-0.014005974673740592
8636,-0.09744960945376054
8637,-0.025865575584949906
8638,-0.0302280124386281
8639,-0.04546123984821459
8640,-0.11578392418378232
8641,-0.011053744177609758
8642,-0.11388682598243581
8643,-0.1188660038775281
8644,-0.08484394092498822
8645,-0.03157420568766712
8646,-0.15352718380343516
8647,-0.1139134953777645
8648,-0.15425832929900515
8649,0.00045989447698251986
8650,-0.04877583022447682
8651,-0.15225031540715872
8652,-0.15181190424023328
8653,-0.027547410174392634
8654,-0.1076227241728161
8655,-0.04247542625149235
8656,-0.10950114795465961
8657,-0.014617651515822516
8658,-0.08284211099653688
8659,-0.09657743839420717
8660,-0.05561433319750371
8661,0.04259432761624902
8662,-0.19343000302697
8663,-0.021538473753425668
8664,-0.11049807979671375
8665,-0.11657945570895464
8666,-0.017602124254573265
8667,-0.02347366455456838
8668,-0.1705011045375031
8669,-0.17172304214503786
8670,-0.03713843509934345
8671,-0.0912030311859304
8672,-0.04481949653521316
8673,-0.1067298583895062
8674,-0.19193818664102294
8675,-0.19193818664102294
8676,-0.03337689245383912
8677,-0.09760125979876634
8678,-0.09768325015390729
8679,-0.0015790717589696172
8680,-0.11107785559179312
8681,-0.15899285179461306
8682,-0.042345882762810344
8683,-0.011689872947433441
8684,-0.15798998652802884
8685,-0.046800725824241204
8686,-0.10989263313779604
8687,-0.039254254466042776
8688,-0.039254254466042776
8689,-0.039254254466042776
8690,-0.01866987002256764
8691,-0.04189131494751012
8692,-0.02435320069076807
8693,-0.04371396506948448
8694,-0.0599659129733394
8695,-0.10187198848819419
8696,-0.12301544580326867
8697,-0.10527110779216842
8698,-0.10527110779216842
8699,-0.15107455008271542
8700,-0.010794722256683655
8701,-0.04744451710332894
8702,-0.028312020448310212
8703,-0.049018863093407486
8704,-0.15070226629870181
8705,-0.18753943557767666
8706,-0.18753943557767666
8707,-0.04251104195283416
8708,-0.08801642465486993
8709,-0.015138416970275594
8710,-0.08675748440325035
8711,-0.15694749415163733
8712,-0.15694749415163733
8713,-0.06029669775197037
8714,-0.055694218496800785
8715,-0.12069908032527178
8716,-0.1064444285968018
8717,-0.013745071611818855
8718,-0.17380456209106626
8719,-0.08623542305043393
8720,-0.01834744424121421
8721,-0.13969733152134595
8722,-0.08035058106996934
8723,-0.028895445571121604
8724,-0.10267761606357986
8725,-0.09475188008286936
8726,-0.007851173467191084
8727,-0.06602768391645479
8728,-0.14256821745472997
8729,-0.10430186092569477
8730,-0.14143460316335021
8731,0.01733372828572243
8732,-0.054094110779249006
8733,-0.1574609369424192
8734,-0.06170263725522449
8735,-0.07065985857882648
8736,-0.0022008566641507025
8737,-0.012455178733596002
8738,-0.10957377518068442
8739,-0.05637810262590672
8740,0.043365291033683875
8741,0.0014456272373128513
8742,-0.013662398194394212
8743,-0.11452499156061473
8744,-0.06112892368553205
8745,-0.08476785336537614
8746,-0.007614432827450086
8747,-0.11690472711194215
8748,-0.11507817228451135
8749,-0.11370311867047103
8750,-0.05064158964392589
8751,-0.0900443923035238
8752,-0.12118760307671994
8753,-0.04951669083234721
8754,-0.0831665299922482
8755,-0.11775192711871157
8756,-0.1514766222215431
8757,-0.05053185828430777
8758,-0.14854882936575353
8759,-0.14854882936575353
8760,0.03724298026647716
8761,-0.012716565351061757
8762,-0.13973218269727725
8763,-0.0851257892124198
8764,-0.02032317806170236
8765,-0.06276428589570895
8766,-0.08297511545549109
8767,-0.034164447103102284
8768,-0.13832214456588235
8769,-0.14033924072933776
8770,0.04567757157577852
8771,-0.014790809880810139
8772,-0.13471000430652277
8773,-0.027985973121986675
8774,-0.05246941616283188
8775,-0.046049376937109955
8776,-0.011245272465341174
8777,-0.08896020906462752
8778,-0.09869464912361328
8779,-0.04882154430341892
8780,-0.12793236972579924
8781,-0.13299978270637253
8782,-0.11524692677170707
8783,-0.13094122005499562
8784,-0.04958610759062714
8785,-0.11964595163737472
8786,-0.03955418702269861
8787,-0.051613619039136416
8788,-0.11857351776931065
8789,-0.11857351776931065
8790,-0.04449944993789322
8791,-0.027686903613942288
8792,-0.10138670857715149
8793,-0.03589381114887451
8794,-0.054386107313474985
8795,-0.10214233415861704
8796,-0.11338772086479657
8797,-0.010922343659526323
8798,-0.10256591805162733
8799,-0.13944845992461335
8800,-0.1112530386766459
8801,-0.09988744491698863
8802,-0.12387873323728633
8803,-0.04752986914246367
8804,-0.12610099195474736
8805,-0.05323237703501051
8806,-0.0391296184102083
8807,-0.11947685490606073
8808,-0.04452152899514327
8809,-0.1192632906842783
8810,-0.1213623192458593
8811,-0.047308223315397496
8812,-0.07412290801821855
8813,-0.11656030572443236
8814,-0.10762797963955048
8815,-0.11583850132215917
8816,-0.11583850132215917
8817,-0.04672562870848781
8818,-0.0933606478495198
8819,-0.12058332203414593
8820,-0.07696245608516177
8821,-0.0629646665513814
8822,-0.14017655638115542
8823,-0.04994346409305036
8824,-0.0731921784110578
8825,-0.019818401493469705
8826,-0.046992340160520625
8827,-0.11146034457000142
8828,-0.04530515081562286
8829,-0.03504476981226353
8830,-0.04556734842713869
8831,-0.11512501080220194
8832,-0.07704496263036598
8833,-0.1194687967445222
8834,-0.16028812282188595
8835,-0.04554915200326962
8836,-0.04051738293479279
8837,-0.04048540169643469
8838,-0.10440181252675253
8839,-0.10751062140144593
8840,-0.08592513946402394
8841,-0.04295307777532954
8842,-0.10125563383901157
8843,-0.1113547886505037
8844,-0.028646238896516126
8845,-0.09705645977016258
8846,-0.07777319322265729
8847,-0.06516391688573775
8848,-0.04525287338211128
8849,-0.09625705127754457
8850,-0.07247516804312346
8851,-0.039502055681252986
8852,-0.1350271769585665
8853,-0.03826315553718098
8854,-0.08642270276724681
8855,-0.09562701207659569
8856,-0.09451291799925508
8857,-0.04532558610640534
8858,-0.08262279519475334
8859,-0.10775377241813755
8860,-0.1437618692796169
8861,-0.029830707150683713
8862,-0.05457579917959781
8863,-0.11373335687904743
8864,-0.08907899030686621
8865,-0.0417157508354881
8866,-0.0843272669397782
8867,-0.07108296226987694
8868,-0.0686784690333458
8869,-0.06730129995041652
8870,-0.15409510441466953
8871,-0.06706203921701731
8872,-0.04544267589345283
8873,-0.05225437342511705
8874,-0.05056117600594798
8875,-0.1653002149418191
8876,-0.03553372474045285
8877,-0.0784402044861729
8878,-0.048485363088230087
8879,-0.06829932729189243
8880,-0.06818522952295274
8881,-0.09043878084957503
8882,-0.06913834271341493
8883,-0.08602558789619492
8884,-0.016812749691031893
8885,-0.16993129574954446
8886,-0.05195439135276441
8887,-0.07870068918435573
8888,-0.15456195741567436
8889,-0.09383814985865623
8890,-0.07783778687320889
8891,-0.07492066929946968
8892,-0.1169053285169013
8893,-0.042795252670363784
8894,-0.052480294819225976
8895,-0.0352387659677231
8896,-0.06765581567875394
8897,-0.057867402436002406
8898,-0.09099811808236304
8899,-0.06416509021433753
8900,-0.027809910609549238
8901,-0.06562065125203463
8902,-0.042654491207457824
8903,-0.1879848376004825
8904,-0.059715326257845
8905,-0.07008672089096657
8906,-0.04217538257564279
8907,-0.055917196134018556
8908,-0.057825514757615264
8909,-0.06009388993290013
8910,-0.1114667158157824
8911,-0.0921866540730301
8912,-0.1075847224791987
8913,-0.06697509887989932
8914,-0.04930976523491319
8915,-0.057492028440219584
8916,-0.04930976523491319
8917,-0.04742243613381954
8918,-0.04824327294261454
8919,-0.02453982015984697
8920,-0.05384738329813054
8921,-0.05028022766949436
8922,-0.09149922306296732
8923,-0.05948007400404381
8924,-0.1993129359033393
8925,-0.05948007400404381
8926,-0.05477283486861417
8927,-0.04075323562897628
8928,-0.06623288733049347
8929,0.02486597636204138
8930,-0.024795736793092465
8931,-0.05671807909262837
8932,-0.14458411427087678
8933,-0.07998329842710444
8934,-0.04264411922594809
8935,-0.04819367020315177
8936,-0.08008645406562176
8937,-0.08008645406562176
8938,-0.051896731817945574
8939,-0.02381392650615086
8940,-0.115318024879877
8941,-0.19707706124584257
8942,-0.022102970463545996
8943,-0.055086281024883575
8944,-0.03975074018618699
8945,-0.14994422023717913
8946,-0.13461555318747825
8947,-0.2026876694635535
8948,-0.01870289560047
8949,-0.046412041480590645
8950,-0.016885160867757557
8951,-0.13077414626357498
8952,-0.04471712286022515
8953,-0.052978730090820825
8954,-0.05042259038395544
8955,-0.0535658505600727
8956,-0.20320771670604312
8957,-0.05163838129244195
8958,-0.042952868889123065
8959,-0.042515547529771144
8960,-0.019419034885723517
8961,-0.09334212152581463
8962,-0.019509369446833708
8963,-0.06836096463222824
8964,-0.020548196911193205
8965,-0.029358797670628274
8966,-0.053974784266567266
8967,-0.2101764284254471
8968,-0.07178036695562097
8969,-0.06548432812693293
8970,0.03468983631195334
8971,-0.06803255483325404
8972,-0.04249472367003401
8973,-0.1240584464468145
8974,-0.03858471554698722
8975,-0.066538264716197
8976,-0.06004498357387981
8977,-0.17390088703402865
8978,-0.06533788078570055
8979,-0.08204149580516362
8980,0.0012653916340468914
8981,-0.04796704732887017
8982,-0.04383666117388418
8983,-0.06711429234161566
8984,-0.12626382702952751
8985,-0.055509068258702006
8986,-0.21991738296976426
8987,-0.04659849614744175
8988,-0.03882056631797426
8989,-0.05316192079266193
8990,-0.049091178149452394
8991,-0.04446726432533216
8992,-0.06362490102506209
8993,-0.059756888575761
8994,-0.05143562420157334
8995,-0.12240838965897896
8996,-0.08175171017861713
8997,-0.058919019337849154
8998,-0.02387046254155207
8999,-0.05290226348638859
9000,-0.048989677400840384
9001,-0.03068024085893759
9002,-0.22069478069047513
9003,-0.219323201519674
9004,-0.056394119289742764
9005,-0.05255062129233422
9006,-0.029024017810381556
9007,-0.033280844865528625
9008,-0.09731638698936333
9009,-0.13323170071836182
9010,-0.06293586479367631
9011,-0.0310524491987072
9012,-0.05470293363556307
9013,-0.05164758510357144
9014,-0.10046312728752134
9015,-0.1354920129607088
9016,-0.03751623056348881
9017,-0.05558921635169087
9018,-0.05558921635169087
9019,-0.054097519189538826
9020,-0.09794188301756607
9021,-0.032509452669147614
9022,0.0021527685433089735
9023,-0.051027578302321595
9024,-0.15894901175939236
9025,-0.04486085904448726
9026,-0.055242850921068426
9027,-0.006553801936894307
9028,-0.07223508291215852
9029,-0.02111048831393343
9030,-0.0783664759201378
9031,-0.226237331278482
9032,-0.07549469821015127
9033,-0.05822105034300841
9034,-0.0371828818561461
9035,-0.07475700916995988
9036,-0.05839752759752321
9037,-0.022850577596343583
9038,-0.04810557896638583
9039,-0.019438753157636927
9040,-0.06078154457673152
9041,-0.056503557093008625
9042,-0.05580885696346691
9043,-0.01716737249690576
9044,0.0066681192679250295
9045,-0.05218181795610524
9046,-0.2187544526988304
9047,-0.044640617513336256
9048,-0.05743398608953907
9049,-0.049206100540202295
9050,-0.011748677619490935
9051,-0.05211936596746428
9052,-0.048458570820105185
9053,-0.09022470501089852
9054,-0.009726345781113019
9055,-0.04591549660604201
9056,-0.10916956453431247
9057,-0.061523776751042376
9058,-0.00020653198338744226
9059,-0.04888251621546966
9060,-0.1308364064705699
9061,-0.12018150827899571
9062,-0.13144662984291955
9063,-0.008472481643760351
9064,-0.11833316189717052
9065,-0.04333247430109328
9066,-0.0644033036511092
9067,-0.005891637579871035
9068,0.0006327183343604282
9069,-0.04723115670817269
9070,-0.004198474850850105
9071,-0.06029342317266557
9072,-0.22099304456937333
9073,0.016871232171333836
9074,-0.05596230620828245
9075,-0.123042778266899
9076,-0.12594354005122937
9077,-0.05888424023448709
9078,-0.12528746963711704
9079,-0.08670870055174788
9080,-0.005291699937818983
9081,0.04425901121226271
9082,-0.02562262365619826
9083,-0.04859434857949276
9084,-0.23554966541307049
9085,-0.04645989444302346
9086,-0.09482568947029613
9087,0.05405056828263451
9088,0.05405056828263451
9089,-0.048083618195178195
9090,-0.06755815424569706
9091,-0.09040328488672882
9092,-0.08898728306152705
9093,-0.06709441618219622
9094,0.05827844347736546
9095,-0.08189585125172469
9096,-0.1507089301266643
9097,-0.15451600680687042
9098,-0.01765857450507515
9099,-0.10490813419697903
9100,-0.04953519334446496
9101,0.05243528405991892
9102,-0.03998609643816765
9103,-0.07514203378960325
9104,-0.05020919342024041
9105,-0.05020919342024041
9106,0.04124382393156421
9107,-0.2134649783820171
9108,-0.07510720431995195
9109,0.053767376922338114
9110,-0.03233634582127942
9111,-0.17892007784989197
9112,-0.1780513201500566
9113,-0.01514098859511586
9114,-0.06911829390302669
9115,-0.07643513890469741
9116,0.05124218315766011
9117,0.024371759767661715
9118,-0.12216741140732425
9119,-0.06615488739052851
9120,-0.2169001717078984
9121,-0.060348705478034226
9122,-0.059109835124214645
9123,-0.08941374373694533
9124,-0.05605353115619609
9125,-0.08887821121604399
9126,0.049056833052718254
9127,-0.03725109400673002
9128,-0.05866244615285325
9129,-0.18581334831560917
9130,0.04869110713832693
9131,-0.1895400396092957
9132,-0.05646325423163917
9133,-0.02374840431108426
9134,-0.005563758870952795
9135,-0.0589439254474358
9136,-0.05209557065820269
9137,-0.04472436177754178
9138,-0.03813397714406674
9139,-0.12002156244886177
9140,-0.026710167927485647
9141,-0.040122324218179656
9142,-0.08503439050689979
9143,-0.11501338278845612
9144,-0.11490901483640753
9145,-0.03495964673504828
9146,-0.012347512947431806
9147,-0.08868861946707701
9148,0.006985278646791315
9149,-0.03622196730272434
9150,-0.02920233991229353
9151,-0.03398714864966001
9152,-0.09747922303564253
9153,-0.06590472155221778
9154,-0.048169539715114604
9155,-0.017997344548587764
9156,-0.03053623888705846
9157,-0.09602928088879145
9158,-0.07368941756188328
9159,-0.015701879855269295
9160,-0.08677397201484868
9161,-0.045846605774483
9162,-0.0868381719926742
9163,-0.013487700774364576
9164,-0.009655356582388572
9165,-0.07675980039600212
9166,-0.07029973069557467
9167,0.004185318062982025
9168,-0.10361476859833339
9169,0.0010394352099802901
9170,-0.13158898630816257
9171,-0.10767476113465965
9172,-0.12443508419174686
9173,-0.02885885191750195
9174,-0.15337459934236108
9175,-0.06594891807004001
9176,-0.1029256170454272
9177,-0.14985668725622067
9178,-0.15069608188608133
9179,0.025846728451753807
9180,-0.12437100673424097
9181,-0.12440874440036347
9182,-0.02167373705102139
9183,-0.1199854353311117
9184,-0.15682042193267667
9185,-0.1306564730114326
9186,-0.006409972477084824
9187,-0.08710951461537976
9188,-0.11138366127129948
9189,-0.03683870086215355
9190,-0.0914515386042398
9191,-0.039475907151927045
9192,-0.12470015620990585
9193,-0.17353196607732607
9194,-0.0741027630769711
9195,-0.16861812339443727
9196,-0.03872097592139623
9197,-0.07593053386435
9198,-0.16662306787959494
9199,-0.10525870164215706
9200,-0.13347089497789255
9201,-0.16893085089804488
9202,-0.11546846599227081
9203,-0.12005785482481994
9204,0.019710994021164583
9205,-0.11254386012483969
9206,-0.16441342537097078
9207,-0.08292140249834212
9208,-0.05267246539149889
9209,-0.051029717877796636
9210,-0.10082156576443199
9211,-0.1094964883309876
9212,-0.02880845372883171
9213,-0.08570460242260843
9214,-0.12925988655888546
9215,-0.0015730742202366965
9216,-0.09337553069112572
9217,-0.1687811977253467
9218,-0.03278115498026149
9219,-0.10152003457467348
9220,-0.08976233067094391
9221,-0.16069168326513472
9222,-0.14017923797104445
9223,0.0006165453908456149
9224,-0.07955179265841533
9225,-0.120314444438263
9226,-0.037440983268728176
9227,-0.09449970785284063
9228,-0.15085903636728512
9229,-0.09560108224576988
9230,-0.09704775810891109
9231,-0.04081718511883788
9232,-0.15422141499496483
9233,-0.0977504179581167
9234,0.028574864027129786
9235,-0.1414393059525644
9236,-0.15776817094028914
9237,-0.00558575049511061
9238,-0.15458390101479644
9239,-0.04784222377056055
9240,-0.17858587996353503
9241,-0.08309210156065534
9242,-0.15365612629822578
9243,-0.08348784853507872
9244,-0.1180047069730062
9245,-0.090717419173897
9246,-0.15484062078952138
9247,-0.07705275790655737
9248,-0.0845905084868899
9249,-0.11067880018567841
9250,-0.08699262038334016
9251,-0.14871345212900344
9252,-0.00010120880930719527
9253,-0.08082681208871188
9254,-0.14447625003369907
9255,-0.08082681208871188
9256,-0.0541582153597424
9257,-0.03722134072842858
9258,-0.08140621060300794
9259,-0.08140621060300794
9260,-0.03633312504695347
9261,-0.11163745394106543
9262,-0.04672963542685326
9263,-0.11121445035771231
9264,-0.08266993178681908
9265,-0.07262571162353015
9266,-0.1169341306837331
9267,-0.050049667101803086
9268,-0.18918629592343914
9269,-0.08375611176694733
9270,-0.03703156145234512
9271,-0.15123246770014737
9272,-0.11456436851646787
9273,-0.08695205946659178
9274,-0.07239938524169101
9275,-0.07137285989891948
9276,-0.030365426874082335
9277,-0.1611553569271491
9278,-0.10539860148595184
9279,-0.15939518592065763
9280,-0.08060629696177465
9281,-0.023814792041277368
9282,-0.06803199415495838
9283,-0.163445329779292
9284,-0.133381419806665
9285,-0.021697765870805085
9286,-0.01974968677702613
9287,-0.031074434645089445
9288,-0.16560575972918556
9289,-0.160581687951942
9290,-0.05454819013031564
9291,-0.02604762260456851
9292,-0.1643479313536895
9293,-0.10211485339840555
9294,-0.07559149022112006
9295,-0.02069112774337148
9296,-0.10456777098871353
9297,-0.1836078985702939
9298,-0.16125519749692202
9299,-0.15859519172974082
9300,-0.1578053111925584
9301,-0.0853247387846869
9302,-0.08746887436176942
9303,-0.12415574653327913
9304,-0.08817597077553166
9305,0.007801723754119275
9306,-0.014336178753809542
9307,-0.05698172617995394
9308,-0.08734134603728033
9309,-0.027576116345592157
9310,-0.15147394308699264
9311,-0.0847084925605801
9312,-0.07612960372421361
9313,-0.10666550321739765
9314,-0.10622537178199987
9315,-0.005246525579650739
9316,-0.05900595129932453
9317,-0.14949260045239968
9318,-0.18282230840749134
9319,-0.08036613556581108
9320,-0.06746098421294905
9321,-0.039897236210302806
9322,-0.13836068540402047
9323,-0.08009980183752244
9324,-0.01854318530393967
9325,-0.10444620640722026
9326,-0.16392488290886578
9327,-0.06653390970694671
9328,-0.03775385904023106
9329,-0.10300981486889806
9330,-0.08004958513598624
9331,-0.07599464626576435
9332,-0.07664579243764333
9333,-0.1282902132046091
9334,-0.016848109869338452
9335,-0.1609491410375731
9336,-0.017705802764714843
9337,-0.12709695945793054
9338,-0.016581745439937012
9339,-0.13102901419732937
9340,-0.024230238947681934
9341,-0.06927231611132166
9342,-0.13077474238271256
9343,-0.17956653977898177
9344,-0.13050577216952622
9345,-0.04644942335975136
9346,-0.05065621299526706
9347,-0.009741064212523678
9348,-0.05279166412445848
9349,-0.1311101720707795
9350,-0.10306893543493548
9351,-0.13042338857229285
9352,0.005371082749711903
9353,-0.11195123494425425
9354,-0.06470917311075412
9355,-0.054257017816246464
9356,-0.13139469988168315
9357,-0.06288448458776003
9358,-0.10285165793990814
9359,-0.13181134216795712
9360,-0.1500099042154112
9361,-0.01664444740263115
9362,-0.016141670827993518
9363,-0.017883941217085073
9364,-0.060517853600317896
9365,-0.060517853600317896
9366,-0.10433651547388754
9367,-0.09449057467875245
9368,-0.08025395667924436
9369,-0.037518034513115944
9370,-0.06722936523986106
9371,-0.17749502175860524
9372,-0.14610548531010278
9373,-0.04737499137816092
9374,-0.026129367265005744
9375,-0.0640966444425589
9376,-0.11873614758689746
9377,-0.10400631552353636
9378,-0.06753290611335164
9379,-0.06864943032081687
9380,-0.05124166862650155
9381,-0.05173458443918019
9382,-0.15766075854390743
9383,-0.05191792620605072
9384,-0.019177955432269328
9385,-0.12581551590595894
9386,-0.14991320941489003
9387,-0.030219332267645838
9388,-0.1604136001638798
9389,-0.0292082504271506
9390,-0.12786739120354412
9391,-0.022329394232223042
9392,-0.052626493059646076
9393,-0.13128041603497898
9394,-0.13128041603497898
9395,-0.09534921284579084
9396,-0.02981609071889192
9397,-0.13305210130053238
9398,-0.08036232097928189
9399,-0.13263911458300962
9400,-0.06658610036702976
9401,-0.058803130719237415
9402,-0.16008743525275884
9403,-0.13082321223239982
9404,-0.054799118487668004
9405,-0.018467274273604783
9406,-0.060492884273439115
9407,-0.11114568654716733
9408,-0.060492884273439115
9409,-0.12824362773206405
9410,-0.05985615081609272
9411,-0.06164222007029736
9412,-0.02320143377371868
9413,-0.02305160010847377
9414,-0.0631876471381039
9415,-0.09861688113660787
9416,-0.06378320688171984
9417,-0.06025938187880527
9418,-0.022045431513519047
9419,-0.10943295308769314
9420,-0.08569345979037878
9421,-0.06380670162480431
9422,-0.11454666901993199
9423,-0.15289211453020152
9424,-0.055863007804950446
9425,-0.158894390295853
9426,-0.11500121554313285
9427,-0.055751303433903325
9428,-0.022823125179385104
9429,-0.12539917895553565
9430,-0.0583266054531966
9431,-0.054857933404324016
9432,-0.18411929242858424
9433,-0.1284938852735622
9434,-0.06605586500105505
9435,-0.0757141747176448
9436,-0.02715286872733618
9437,-0.09592549086725319
9438,-0.03594783217271611
9439,-0.12853595795881562
9440,-0.058925640821501195
9441,-0.1582672870383789
9442,-0.17000965833831486
9443,-0.07888168067734654
9444,-0.02984477534135987
9445,-0.0840224454521612
9446,-0.03808473395185764
9447,-0.178483378834201
9448,-0.12101931003144048
9449,-0.03205073918600807
9450,-0.15653209759298023
9451,-0.11888678488428972
9452,-0.11888678488428972
9453,-0.10719957686572518
9454,-0.11851263245868214
9455,-0.11851263245868214
9456,-0.07297413388251041
9457,-0.11866167434638869
9458,-0.11119621043002993
9459,-0.04297494929814227
9460,-0.055994318428329415
9461,-0.11600415386469878
9462,-0.08863784756398371
9463,-0.11160688298404405
9464,-0.18247361811478438
9465,-0.029483089608913444
9466,-0.089080307016076
9467,-0.089080307016076
9468,-0.10839219373565621
9469,-0.03365142377351399
9470,-0.11430361103196963
9471,-0.03520780482631539
9472,-0.12279291640566843
9473,-0.08075199157939322
9474,-0.07706205899245236
9475,-0.12299821976436674
9476,-0.047088351284085964
9477,-0.17403634905616133
9478,-0.03777473501685357
9479,-0.15408977579824137
9480,-0.1653927635087009
9481,-0.15408977579824137
9482,-0.1765849464529803
9483,-0.07398591108646793
9484,-0.09810995740513062
9485,-0.09221381058216709
9486,-0.0974284222617425
9487,-0.11172611195976194
9488,-0.0944150249216565
9489,-0.09092795121833466
9490,-0.09359595392139694
9491,-0.12232246050546167
9492,-0.021927410951361765
9493,-0.19047047098031036
9494,-0.0937288395110209
9495,-0.13771997987900048
9496,-0.047477859307340435
9497,-0.08536634570854473
9498,-0.12090596994875899
9499,-0.08820153855470692
9500,-0.11754610554459158
9501,-0.06814018664652367
9502,-0.08502886329933784
9503,-0.11916969577634877
9504,-0.050089665519481345
9505,-0.08723485770887836
9506,-0.06078869206412899
9507,-0.10224799425567589
9508,-0.07191847284775249
9509,-0.08230072508685755
9510,-0.1952599507491435
9511,-0.08350102082898239
9512,-0.03442835463573125
9513,-0.18437528458466756
9514,-0.09987392655265707
9515,-0.08350102082898239
9516,-0.060497725528318995
9517,-0.11215405264988684
9518,-0.03477598142865528
9519,-0.08321321067487361
9520,-0.07117988451956535
9521,-0.05947974842226461
9522,-0.10897683736819895
9523,-0.10826520636770569
9524,0.07014529474878921
9525,-0.07582441297578901
9526,-0.11188850564359544
9527,-0.15240941709247602
9528,-0.11254136801147281
9529,-0.06145708541147417
9530,-0.04522571309491478
9531,-0.0892805969644297
9532,-0.021006805240254438
9533,-0.07480120128405188
9534,-0.015307850152262747
9535,-0.14473153158114194
9536,-0.07472858154593245
9537,-0.07331178851918076
9538,-0.10530148376874117
9539,-0.06691350405689937
9540,-0.012823238152595631
9541,-0.11391306788887585
9542,-0.11274121358585562
9543,-0.06978833114048381
9544,-0.07177437543335188
9545,-0.05917112742532624
9546,-0.0931126432323024
9547,-0.19850507692126598
9548,0.07463766230786609
9549,-0.098583108463955
9550,-0.14637964104563836
9551,-0.06238713667141303
9552,-0.0546970338737636
9553,-0.14561191436818308
9554,-0.0931785505055726
9555,-0.01010629667726567
9556,-0.09087332692720866
9557,-0.012068425115776856
9558,-0.06853313713833858
9559,-0.03719607437885263
9560,-0.1453560713607036
9561,-0.05195591045964716
9562,-0.05597245723924302
9563,-0.05597245723924302
9564,-0.01993432459759569
9565,-0.06703897969175279
9566,-0.105370755025069
9567,-0.059149116302534034
9568,-0.14849093461820745
9569,-0.059149116302534034
9570,-0.19468993384036198
9571,-0.2132853063243429
9572,-0.05624071373990646
9573,-0.060790075429688374
9574,-0.06476446118832828
9575,-0.09989294999573686
9576,-0.1028253462120166
9577,-0.062036615667605904
9578,-0.09691917510065182
9579,-0.01785736812157657
9580,-0.027814843778565967
9581,-0.05719636891932769
9582,-0.0939956243968677
9583,-0.09537399269824395
9584,-0.0939956243968677
9585,-0.0976964315073646
9586,-0.0976964315073646
9587,-0.010923938154829376
9588,-0.0945259255277509
9589,-0.05894648280397384
9590,-0.09442194211277787
9591,0.010594016561257406
9592,-0.09689543079690131
9593,-0.1712368562704835
9594,-0.09750509887359954
9595,-0.059442963765233496
9596,-0.09606398705105931
9597,-0.1935263796213519
9598,-0.04851826443799515
9599,-0.08145334303866825
9600,-0.10991331801169117
9601,-0.22968459257724871
9602,-0.05070479564184603
9603,-0.09237787944399267
9604,-0.07238389450761977
9605,-0.05319176351383432
9606,-0.16356586903991277
9607,0.07756160615761916
9608,-0.02035258058663374
9609,-0.10575402275556348
9610,-0.02264459322516101
9611,-0.10713333088634967
9612,-0.2263923964325452
9613,-0.0772639132741237
9614,-0.009407681108662058
9615,-0.05900971682883799
9616,-0.18321613139863815
9617,-0.045678588610061216
9618,-0.045678588610061216
9619,-0.12555220462855404
9620,-0.037315882769700874
9621,-0.04514397059834271
9622,-0.08574646338394805
9623,-0.0397648642517847
9624,-0.08759832981500765
9625,-0.06590470114381623
9626,-0.0938271160346181
9627,-0.0799845801351405
9628,-0.10068845629045411
9629,-0.013979056771986808
9630,-0.021934891070294622
9631,-0.14712502128949898
9632,-0.0420089177021692
9633,-0.10114736431354916
9634,-0.006440871397933007
9635,-0.10218247521408388
9636,-0.10985168384084308
9637,-0.11484405690152104
9638,-0.022311582694186895
9639,-0.10672505197090706
9640,-0.1541956417260437
9641,-0.10378337691260926
9642,-0.14696737880697153
9643,-0.18975862169549618
9644,-0.10899712605645315
9645,-0.04609817211465899
9646,-0.05830840464008312
9647,-0.10892090282740503
9648,-0.005323194030133385
9649,-0.10807238390588111
9650,-0.10764716657633326
9651,-0.22570751969963
9652,-0.08167142144873189
9653,-0.15958841719971192
9654,-0.12576129215897178
9655,-0.051102702383114984
9656,-0.08399279836209285
9657,-0.012307168072938978
9658,-0.01793914366839182
9659,-0.11098645854875056
9660,-0.14344990818007297
9661,-0.019088857890088674
9662,-0.04319922801147285
9663,-0.01933245461624716
9664,-0.10201203424842449
9665,-0.042169718077319916
9666,-0.021229012788482295
9667,-0.19095576931481678
9668,-0.04232595715290274
9669,-0.05733113079926524
9670,-0.04232595715290274
9671,-0.11310712905590212
9672,-0.08374520221478876
9673,-0.1291465628824601
9674,-0.04289530123061649
9675,-0.11178019854746912
9676,-0.04289530123061649
9677,-0.11530905276768925
9678,-0.22230511370909228
9679,-0.11294361630884035
9680,-0.09375296483423412
9681,-0.08646569324018726
9682,-0.05835214646234354
9683,-0.04359464456903765
9684,0.003024364421041623
9685,-0.05593026219147263
9686,-0.11144556879754185
9687,-0.11106287802012166
9688,-0.05510826450792137
9689,-0.11067681389934794
9690,-0.11067681389934794
9691,-0.08185187923492103
9692,-0.07883063870098429
9693,-0.10938659690788434
9694,-0.06695266947551774
9695,-0.12941625347592095
9696,-0.04799040402507538
9697,-0.01495747218789265
9698,-0.06317218978003354
9699,-0.05485247540326972
9700,-0.13395331279666647
9701,-0.19707407584309172
9702,-0.05294464617455459
9703,-0.10411007746136798
9704,-0.11251177722839992
9705,-0.10372265284290444
9706,-0.051506656084926834
9707,-0.22407107875525387
9708,-0.08495870684470529
9709,-0.11134591854002977
9710,-0.11894279546142236
9711,-0.07821896606483465
9712,-0.04716729941444215
9713,0.009049013804348329
9714,-0.11269596789265203
9715,-0.03215622633316025
9716,-0.1426922826007891
9717,-0.09998561424949334
9718,-0.0463417724198199
9719,-0.12203933025397239
9720,-0.14756881878058634
9721,-0.00014365102330395177
9722,-0.053114696082807604
9723,-0.04229426085369225
9724,-0.04307089637713589
9725,-0.12742206810543036
9726,-0.047579243244176596
9727,-0.0826855712268772
9728,-0.0731922164624591
9729,-0.11215711070122754
9730,-0.055946330916610956
9731,-0.08356783515029366
9732,-0.049677032737034325
9733,-0.054600317790681745
9734,-0.07522311614315562
9735,-0.06688544769109271
9736,-0.06308870165603925
9737,-0.0916153349690896
9738,-0.22587513384637387
9739,0.011109266945653971
9740,-0.043372516323538335
9741,-0.06524764683204104
9742,-0.08953456540584091
9743,-0.08455736652335492
9744,-0.0888146766309525
9745,-0.04229621310380231
9746,-0.09703365207167026
9747,-0.08801838550768327
9748,-0.01685976061258958
9749,-0.12633488399321097
9750,-0.058253080089218486
9751,-0.09846935409788853
9752,-0.1365177197992771
9753,-0.19571515110956192
9754,-0.04641882669626822
9755,-0.0441957296585001
9756,-0.05182328422929194
9757,-0.08230148266234441
9758,-0.07215761843624531
9759,-0.0692007638310356
9760,-0.18200915326756495
9761,-0.12925202086168178
9762,-0.07976986176387399
9763,-0.05694070797081034
9764,0.008892249805101156
9765,-0.13931992592343506
9766,-0.07549676624417483
9767,-0.03327612904570036
9768,-0.07522419124749898
9769,-0.12480998739221924
9770,-0.24052473520575135
9771,-0.042930364240620675
9772,-0.0036785274698256302
9773,-0.06566701013813941
9774,-0.0799709110800441
9775,-0.18202576964886596
9776,-0.1352110862824553
9777,-0.056977469520577306
9778,0.03961319848914151
9779,-0.08403249929028674
9780,-0.23848164811712264
9781,-0.06976328813078717
9782,-0.030040787925024896
9783,-0.11649944932923134
9784,-0.06798516166917633
9785,-0.09356499097170033
9786,-0.08581187737319815
9787,-0.0693133379939745
9788,-0.08722063809636
9789,-0.0688693206633847
9790,-0.06773044751825426
9791,-0.09736981167829442
9792,-0.028845497248668545
9793,-0.015000837449188993
9794,-0.0725205332800849
9795,-0.0725205332800849
9796,-0.23629334353228743
9797,-0.0659206001435681
9798,-0.09436599140972969
9799,-0.09722811415746002
9800,-0.07020702185200245
9801,-0.0653755478444863
9802,-0.06630679650723993
9803,-0.06630679650723993
9804,-0.0935281984315605
9805,-0.06815570976482231
9806,-0.03488833332265631
9807,-0.11744767601379416
9808,0.002444210809367138
9809,-0.028331682830728098
9810,-0.06874831116704475
9811,-0.13723845924207054
9812,-0.17177816780548724
9813,-0.0425291441536733
9814,-0.05770573564646305
9815,-0.04593903410315407
9816,-0.06568559412671812
9817,-0.0943384488714117
9818,-0.061575580107301034
9819,-0.23178070432104012
9820,-0.09449597754447955
9821,-0.08601728245082589
9822,-0.07973450000812339
9823,-0.09102372593441689
9824,-0.022639403050594597
9825,-0.07416476333901155
9826,-0.1437890398511076
9827,-0.04883618046308798
9828,-0.2277139704786979
9829,-0.09854263256462747
9830,-0.012866301774687948
9831,-0.08287355691284044
9832,-0.05907771657662785
9833,-0.05084374870980155
9834,-0.0831581409963513
9835,0.012047178837530445
9836,-0.14295279964196014
9837,-0.04308297418818743
9838,-0.0793517740984665
9839,-0.08703055082158033
9840,-0.10069173725246619
9841,-0.04036018284222924
9842,-0.08774877514539062
9843,-0.05106580026581208
9844,-0.09551833666568668
9845,-0.07082649150878226
9846,-0.09896907624606242
9847,-0.10001052719139923
9848,0.0004096223229707016
9849,-0.10562240145523696
9850,-0.09509914959632657
9851,-0.04720603043059463
9852,-0.042731696995483834
9853,-0.047945875675848036
9854,-0.049429361154356824
9855,-0.07863659207273792
9856,-0.04095340366796996
9857,-0.10657990357925336
9858,0.0012150196100828854
9859,-0.06473662592520786
9860,-0.0849765333659964
9861,-0.1520859866090844
9862,-0.0486297195032218
9863,-0.15481867277866684
9864,-0.08998628537697614
9865,-0.04534325329242138
9866,-0.0423307332019863
9867,-0.10923653095685017
9868,-0.03596774159055143
9869,-0.1165884892069176
9870,-0.11065879590008425
9871,-0.09405428079108086
9872,-0.09686164631674957
9873,-0.09358628602360279
9874,-0.09358628602360279
9875,-0.05054655618526409
9876,0.021607840425487093
9877,-0.20854704284378253
9878,-0.23018845801867724
9879,-0.15344424174658633
9880,-0.03412773868292495
9881,-0.05155582772590162
9882,-0.04881104716883515
9883,0.017238295341230836
9884,-0.11346838242114357
9885,-0.05369713627322453
9886,-0.051771809855917374
9887,-0.04978741024385225
9888,-0.23107007869692728
9889,-0.11029240445910958
9890,-0.11648722030578947
9891,-0.10930935047976385
9892,-0.07742962577583168
9893,-0.08152428175183452
9894,-0.10383839587583694
9895,-0.10765487402062944
9896,-0.10029514881357643
9897,-0.051011330510517754
9898,-0.11047368109171515
9899,-0.09917033208315656
9900,-0.05996604929621971
9901,-0.10116071216527378
9902,-0.10116071216527378
9903,0.03634814897217717
9904,-0.05416200534332217
9905,-0.05402082003701279
9906,-0.053697387069561
9907,-0.053697387069561
9908,-0.10316960311367168
9909,-0.016819457490099797
9910,-0.013595333120375828
9911,-0.11527872779921426
9912,-0.12932965098076799
9913,-0.20667724474241989
9914,0.00695832291234487
9915,-0.1180681249580819
9916,-0.015103654263508827
9917,-0.07810650231009589
9918,-0.06412440687102557
9919,-0.13797835923878438
9920,-0.05420035481424259
9921,-0.10391644543850924
9922,-0.0516429203554248
9923,-0.20840825291673362
9924,-0.10012280944137421
9925,-0.10638398030750995
9926,-0.13732637713004633
9927,-0.2329827781017875
9928,-0.1618624438055171
9929,-0.11273538054115408
9930,-0.10873977100765041
9931,-0.0304537285878058
9932,-0.04734766408151659
9933,-0.11437114722508482
9934,0.04235438460227275
9935,-0.03930609133794817
9936,-0.11865595490780126
9937,-0.11881388938669966
9938,-0.14884822663133032
9939,-0.036239720825807745
9940,-0.11919349134219748
9941,-0.11919349134219748
9942,-0.12252535876154928
9943,-0.09387275900611682
9944,-0.08614411154682212
9945,-0.0424815328192002
9946,-0.061593790706544214
9947,-0.07608200308396743
9948,-0.123817781043442
9949,-0.04677752706069447
9950,-0.12428329736568981
9951,-0.12277439271847702
9952,-0.04168568271249705
9953,-0.04078200166215459
9954,-0.03926804543904334
9955,-0.03973680087767955
9956,-0.20852009012612402
9957,-0.039063749352224376
9958,0.011685330471053277
9959,-0.11710262315996008
9960,-0.11710262315996008
9961,-0.040984513872651326
9962,-0.102908104560297
9963,-0.03955665900879426
9964,-0.1258931054769569
9965,-0.10831942943889485
9966,-0.036298983185869056
9967,-0.11821100640249668
9968,-0.08471192836775773
9969,-0.24144469231430193
9970,-0.07641659518923366
9971,-0.10746055680357124
9972,-0.17129329560457662
9973,-0.0301002358574538
9974,-0.24269980169574926
9975,-0.1307313674533755
9976,-0.048095422799281876
9977,-0.027231473486378815
9978,-0.04482068594038129
9979,-0.20742610389727761
9980,-0.051517460582695684
9981,0.015280825819696715
9982,-0.1757600195069736
9983,-0.1340571663371556
9984,-0.10812858704038998
9985,-0.05076594051044331
9986,-0.0133535946012586
9987,-0.20170883253574076
9988,-0.1314588728568047
9989,-0.18691106694262621
9990,-0.12437555224143375
9991,-0.013744102963013899
9992,-0.013744102963013899
9993,-0.18194255302178677
9994,-0.053118859092710614
9995,-0.1323083770039804
9996,-0.1323083770039804
9997,-0.0534038638339689
9998,-0.24219421913119438
9999,-0.11673977793304918
10000,-0.011722344269087378
10001,-0.13486911451083544
10002,-0.11328572619676347
10003,-0.06343126702612636
10004,-0.12730696875814482
10005,-0.20336978685158255
10006,-0.010642583406453639
10007,-0.0606377946485427
10008,-0.1311939221155498
10009,0.034333530948227366
10010,-0.17073240858442779
10011,-0.11123087328753559
10012,-0.011921457113396957
10013,-0.13233084281938892
10014,-0.19929458930972854
10015,-0.130875453905897
10016,-0.12627177404844028
10017,-0.23437696761266702
10018,-0.17449427963551076
10019,-0.03795787463503833
10020,-0.20210625158755585
10021,-0.13330023738740696
10022,-0.010054513461833335
10023,-0.13432874219625568
10024,-0.03471086118154429
10025,-0.13282648301827926
10026,-0.23235314750396724
10027,0.029369472501126974
10028,-0.007733669846997202
10029,-0.13258805177035937
10030,-0.2431224073259715
10031,-0.13258805177035937
10032,-0.042184325111147114
10033,-0.009837826406432689
10034,-0.11361313193816389
10035,-0.13287635985399893
10036,-0.17356216638933386
10037,-0.13370391648378516
10038,-0.0502240234566325
10039,-0.1041291060159367
10040,-0.01176370998788856
10041,-0.011755735042781849
10042,-0.05844292354112071
10043,-0.18683893859334966
10044,-0.013470910466526076
10045,-0.13689211849688226
10046,-0.04895459315264465
10047,-0.1857229279316915
10048,-0.01405839397685612
10049,-0.13967822207777403
10050,-0.03466153335520068
10051,-0.2250891631307324
10052,-0.11843956728063681
10053,-0.031853800894906144
10054,0.03532349877711997
10055,0.035619955793485064
10056,-0.09625551433375096
10057,-0.14258181372991935
10058,-0.012597006487888482
10059,-0.1397828434997297
10060,-0.013592364975289671
10061,-0.06349007805438149
10062,-0.18064700919913163
10063,-0.10363612726689969
10064,-0.02172501897652464
10065,-0.012599820452940926
10066,-0.16856491252115594
10067,-0.16625477816499099
10068,-0.012613262386028138
10069,-0.012556070230077678
10070,-0.012556937944002979
10071,0.05730789600723931
10072,-0.01928253012847451
10073,-0.012549226889808557
10074,-0.14539725887000385
10075,-0.17417162084246582
10076,-0.14567575186319598
10077,-0.1457716729073556
10078,-0.06921026707679075
10079,-0.013407644683312429
10080,-0.15754927498708787
10081,-0.013886587464738349
10082,-0.013886587464738349
10083,-0.144603644496849
10084,-0.14408198007173886
10085,0.006192563501072592
10086,0.058953962021131644
10087,0.0004403912302555146
10088,-0.04688570915389247
10089,-0.005377848290694641
10090,-0.14739868380193966
10091,0.0577903401322978
10092,-0.1468222210643286
10093,0.05903441504076964
10094,-0.02284923152379748
10095,-0.05499196895614016
10096,-0.02413868304973605
10097,-0.12385586540528151
10098,-0.18334000102304074
10099,-0.2258525891138414
10100,-0.12456829860649189
10101,-0.10850116506663604
10102,-0.150960483763299
10103,-0.02738677055668672
10104,-0.00859699416671502
10105,-0.01589688405414303
10106,-0.1512804468321061
10107,-0.12444280659762086
10108,-0.009875659659630564
10109,0.05787162648666686
10110,-0.17394539316325877
10111,-0.012987063602767645
10112,-0.14941383739620095
10113,-0.14997005372659702
10114,-0.09671895606349266
10115,-0.01696854749157711
10116,-0.07791407638001835
10117,-0.017089385681790657
10118,-0.1431038132987095
10119,-0.017301491003929827
10120,-0.16666148117600593
10121,-0.22972021496665987
10122,-0.13634095232972274
10123,0.015097348593418712
10124,-0.09684740047257057
10125,-0.0055887021368042
10126,-0.1318675453875498
10127,0.05692759583541903
10128,-0.14584537411840054
10129,0.01650500667304874
10130,-0.07712116286276549
10131,-0.13062470671140014
10132,-0.2326365304378775
10133,-0.015069311702505472
10134,-0.10133049959924732
10135,-0.020245947534000677
10136,-0.07688208775375838
10137,-0.23228847988231457
10138,-0.07817902704787688
10139,-0.10607987185428844
10140,-0.004914893960864852
10141,-0.10772592244692285
10142,-0.05969073656877416
10143,-0.10867956179033576
10144,-0.10901699238615448
10145,-0.12934644108396434
10146,-0.23539659182512127
10147,-0.23440290750378784
10148,-0.13070912679891178
10149,-0.11446082307477282
10150,-0.11020032398075892
10151,-0.1101401443309149
10152,-0.035947680956651504
10153,-0.008654434028229878
10154,-0.23212824564940876
10155,-0.050054900923624364
10156,-0.11232552532827714
10157,-0.08815268086285648
10158,-0.09353338453700258
10159,-0.2254454097318176
10160,-0.051535347700140365
10161,-0.11980866161545406
10162,-0.03371972587733212
10163,-0.2066245347809436
10164,-0.08635198725805339
10165,-0.11092661707277944
10166,-0.20604318502757715
10167,0.0003312794264109597
10168,-0.050347571298250494
10169,-0.21428210220522378
10170,-0.11400622512537291
10171,-0.12127726530070643
10172,-0.10083354088393068
10173,-0.19209076705353553
10174,-0.04295220571399119
10175,-0.10410206223992356
10176,-0.04056395334468329
10177,-0.10343573165008735
10178,-0.07635627567390477
10179,-0.1362784034333557
10180,-0.05428213577193376
10181,-0.09648202700949192
10182,-0.13699871487027807
10183,-0.1322713764388721
10184,-0.17412449510664715
10185,-0.0834643585354255
10186,-0.12708240033282797
10187,-0.14737567525819414
10188,-0.009586942317308876
10189,0.02618575703968832
10190,-0.12709617092938355
10191,-0.14749913189707026
10192,0.008253610275076229
10193,0.024100418496462186
10194,-0.017343311336475327
10195,-0.10143939705447344
10196,-0.0853699762554013
10197,-0.018768710200902074
10198,-0.07730749753269299
10199,-0.10498620032076211
10200,-0.02356389976146859
10201,-0.1055302982858562
10202,-0.1152162246840441
10203,-0.12964501353902377
10204,-0.02581164357222156
10205,-0.11253854070566624
10206,-0.032391657634080286
10207,-0.10987042278262193
10208,-0.08724486143476405
10209,-0.12803922172128374
10210,-0.1183594351737081
10211,-0.10252453644362464
10212,-0.022800053556070815
10213,-0.022769173209140885
10214,-0.09088207399167872
10215,0.01782991853999787
10216,-0.07941168611393636
10217,-0.08224602772688495
10218,-0.09869032084476634
10219,-0.01566464629865333
10220,-0.09321858614476054
10221,0.025041448278179265
10222,-0.015143510873509559
10223,-0.10572131378393354
10224,-0.14286373186986545
10225,-0.037785259359830105
10226,-0.08189635053357375
10227,0.012795289689592246
10228,-0.13941602561596625
10229,-0.07585962473069027
10230,-0.09853044348685416
10231,0.03562506443876661
10232,-0.09785689950120077
10233,-0.03826927024784506
10234,-0.13549760712282163
10235,-0.08683315764279774
10236,-0.145816325559236
10237,-0.13412887699087764
10238,-0.06667487025543535
10239,-0.011750049473416024
10240,-0.1297656527157115
10241,-0.044428459261523744
10242,-0.1315004078784725
10243,0.026563320510849267
10244,-0.023333055417779438
10245,-0.005214638129234792
10246,-0.13738271204635508
10247,-0.08550413899884643
10248,-0.007916798857346502
10249,-0.04567926146786698
10250,-0.0936718338930822
10251,-0.13880360291469623
10252,-0.13876493458327022
10253,-0.007083618431667366
10254,-0.03505284163916332
10255,-0.1394962799374514
10256,-0.13777607327669547
10257,-0.0989794661237515
10258,-0.0989794661237515
10259,-0.11485737151453136
10260,-0.010791295679660204
10261,-0.03343520479216517
10262,-0.11549329386766152
10263,-0.04140731230994361
10264,-0.07627277745462784
10265,0.033266016925388706
10266,-0.09024358161007502
10267,-0.07423195370054102
10268,-0.09769429215867502
10269,-0.09769429215867502
10270,-0.12051029178740502
10271,-0.044248348250136654
10272,-0.14023369810401565
10273,-0.10448228935399081
10274,-0.13814695165767873
10275,-0.014696857692048171
10276,-0.10690062369094268
10277,-0.04112630831139698
10278,0.0300938222191925
10279,-0.13948732055745156
10280,-0.11412963323566663
10281,-0.03188449196422985
10282,-0.10108283874117724
10283,-0.14508162745328573
10284,0.015969044477509634
10285,-0.09929048216346663
10286,-0.11992013776212458
10287,-0.12616203671846662
10288,0.031114203803913342
10289,-0.03597640473373629
10290,-0.14531765394413818
10291,-0.015807871192915112
10292,-0.09958692450992063
10293,-0.0903503257129392
10294,-0.11153809545412567
10295,-0.03825691613126944
10296,-0.11559545160775914
10297,-0.14199283294464088
10298,-0.1447157571110511
10299,-0.10071726677746932
10300,-0.14456336735139316
10301,-0.1397516576054072
10302,-0.10258084267758587
10303,-0.1429118353341412
10304,-0.10441211713535699
10305,-0.02731927313284904
10306,-0.05169384662249603
10307,-0.1426135295841082
10308,-0.018954262460815562
10309,-0.09723920591345278
10310,-0.14366744776288448
10311,-0.13420190222899098
10312,-0.035422507854641
10313,-0.10085820769164454
10314,-0.10085820769164454
10315,-0.1281415966977019
10316,-0.017674509496997025
10317,-0.019552123390382977
10318,-0.09769401635328381
10319,0.028790751695965715
10320,-0.019693427952384088
10321,-0.019693427952384088
10322,-0.07832829276768769
10323,-0.06874679777293204
10324,-0.1085738648450423
10325,-0.11401477272733183
10326,-0.03971916438415066
10327,-0.1065537719754312
10328,0.04821947979323142
10329,-0.05268463099602484
10330,-0.10001776599273927
10331,-0.13987525625706856
10332,-0.10301450329143763
10333,-0.09510263273442489
10334,-0.02163372799228041
10335,-0.1426009433801602
10336,-0.14110792055923993
10337,0.021595006230709986
10338,-0.10094031046741804
10339,-0.14089443164403478
10340,-0.10049843181395139
10341,-0.09956926285430841
10342,-0.021935444781479876
10343,-0.05978182085948197
10344,-0.14537579252000168
10345,-0.1519611483297303
10346,-0.1011305651065411
10347,0.03724531516191342
10348,-0.09915223666999429
10349,-0.07508954891536691
10350,-0.0116743666545022
10351,-0.15087765909533352
10352,-0.057388480467063296
10353,-0.01236498815410472
10354,-0.14772755705586788
10355,-0.14800456347672664
10356,-0.15366992152930378
10357,-0.006402291071013022
10358,-0.12453484587457869
10359,-0.08995223181509589
10360,-0.14624617509955778
10361,-0.08775221025014149
10362,-0.01892830521164023
10363,-0.10102812583606222
10364,-0.14538928136166424
10365,-0.08661506712740223
10366,-0.05344829357852438
10367,-0.09940807980170678
10368,-0.08545223425581606
10369,-0.08545223425581606
10370,-0.03303164398982479
10371,-0.08840587466633272
10372,-0.07420799431201468
10373,-0.002437415846780418
10374,-0.09575390002003684
10375,-0.09618561419227357
10376,-0.10316188003695324
10377,0.023124522440170457
10378,-0.096716338074209
10379,-0.096716338074209
10380,-0.15802587197647616
10381,-0.10905846198110103
10382,-0.14754568485946606
10383,0.03599116535512058
10384,-0.07438365737698088
10385,-0.1011774591027331
10386,0.03874346979388671
10387,-0.06891936097333697
10388,0.024038976328964356
10389,-0.02719593118486828
10390,-0.10490418912029302
10391,-0.15402713904175733
10392,-0.15388763788786328
10393,0.03406556991344015
10394,-0.10947978102252101
10395,-0.07708942124050276
10396,-0.006724282595213416
10397,-0.06019061870531037
10398,-0.15185570893781447
10399,-0.15185570893781447
10400,-0.03043823495020637
10401,-0.10387060667478012
10402,-0.06608202461966449
10403,-0.015053374344352779
10404,-0.14720653419488605
10405,-0.1336540154533038
10406,-0.10994725961990236
10407,-0.10961073452883198
10408,-0.14664613904251403
10409,-0.14664613904251403
10410,-0.04960759606246472
10411,-0.11345444758436589
10412,-0.11695059882540387
10413,-0.1457814437953339
10414,-0.06164099102352695
10415,-0.0490596259788398
10416,-0.026421006421988656
10417,-0.12348191152370674
10418,-0.15273131496159045
10419,-0.06532418710491102
10420,-0.1136059144645808
10421,-0.013807976684392119
10422,-0.11966266974792375
10423,-0.07771299780342454
10424,-0.1536357370814586
10425,-0.015315970505017505
10426,-0.0329364642039693
10427,-0.10151095810166802
10428,0.03925761891452008
10429,-0.06336584409716327
10430,-0.11906917487029924
10431,-0.01697687507905071
10432,-0.06595140486687448
10433,-0.11268094269426365
10434,-0.10914084202300739
10435,-0.1078927640350739
10436,-0.15051220173401614
10437,-0.0683847325549458
10438,0.03935127992769592
10439,-0.16161980779295063
10440,-0.036534423690131525
10441,-0.11824890396845587
10442,-0.14150847953752035
10443,0.04814598336426171
10444,-0.10432160968127197
10445,-0.061421454739291774
10446,-0.1371774628162908
10447,-0.060673734981175655
10448,-0.10506894981331816
10449,-0.14215996683166923
10450,-0.14237882726881676
10451,-0.14237882726881676
10452,-0.03576227891307183
10453,-0.14042160361151593
10454,-0.10994365749624353
10455,-0.11707420857009856
10456,-0.05990502404271078
10457,-0.12382191971518443
10458,-0.03170951247846439
10459,-0.1382855689158748
10460,-0.12522651487943928
10461,-0.14197440891307295
10462,-0.15953124992757745
10463,-0.14049265765715094
10464,-0.0346481946431192
10465,-0.13951915457174843
10466,-0.1213957179761923
10467,-0.05381830430900739
10468,-0.03816823840022891
10469,0.05591563248623399
10470,-0.13241461845845953
10471,-0.026766320430722346
10472,-0.1190300013774765
10473,-0.04524784865326295
10474,-0.03502952287564779
10475,-0.04362011826581352
10476,-0.1159301677298176
10477,-0.1159301677298176
10478,-0.10177557916833115
10479,-0.11423367897078522
10480,-0.08163250707096953
10481,-0.05599800117600537
10482,-0.10455301017094139
10483,0.06996882578116645
10484,-0.13290073286238416
10485,-0.05486515878650024
10486,0.036883732355774815
10487,-0.031258989403604116
10488,-0.12570293496919632
10489,-0.03882454726901217
10490,-0.11152960946384516
10491,-0.03954608605820752
10492,-0.11207740943082707
10493,-0.04608907676377791
10494,-0.10468758546362379
10495,-0.1309011345986617
10496,-0.09396262169535165
10497,-0.035794242391062846
10498,-0.1587562120280971
10499,0.06230952986864243
10500,-0.018523673332560275
10501,-0.09415601524826442
10502,-0.011336175201627455
10503,-0.1362033910503984
10504,-0.02592945895044261
10505,-0.14093855825026538
10506,-0.044032313017989995
10507,-0.1364972392288619
10508,-0.022279350274992348
10509,-0.09887854456318623
10510,-0.020068244878704747
10511,-0.11920265938994645
10512,0.056074475636645756
10513,-0.12991249434551053
10514,-0.12956538740980655
10515,-0.08324542780411663
10516,-0.04440360728582206
10517,-0.13732171740088286
10518,-0.12830001895072896
10519,-0.07755688015055438
10520,-0.12593986303953794
10521,-0.04068113694224245
10522,-0.07621031706742394
10523,-0.13929791844644815
10524,-0.04739825367624341
10525,-0.07616616768555476
10526,-0.022867569085090793
10527,-0.12423084227191394
10528,0.06763823213260411
10529,-0.11654113251565418
10530,-0.07835649492073546
10531,-0.018730658373635047
10532,-0.07814111959300207
10533,-0.11791083183044966
10534,-0.13382842689485983
10535,-0.045026644621736195
10536,-0.026747133849197035
10537,-0.13917047595691562
10538,0.060626093139567676
10539,-0.09727639808204086
10540,-0.06597122182033097
10541,-0.06597122182033097
10542,-0.12816307993237325
10543,-0.07317283020769899
10544,-0.03201492912655036
10545,-0.1369206335169424
10546,-0.10109429939270877
10547,-0.04072952453437619
10548,-0.12314839672143715
10549,-0.03422843166785904
10550,-0.046259327527713716
10551,0.06805575456007038
10552,-0.025158208886459
10553,0.04222271868775555
10554,-0.09572647994521558
10555,-0.03843760381118913
10556,-0.022826693916254824
10557,-0.07195453639845356
10558,-0.04008468758860492
10559,-0.021175393206923295
10560,-0.12016268435847445
10561,-0.14772857646562285
10562,-0.09955127539472175
10563,-0.03245424270441272
10564,-0.11897553942997588
10565,-0.11800436887795895
10566,-0.0397257803129625
10567,-0.025224619847824703
10568,-0.1171426735596425
10569,-0.1171426735596425
10570,-0.04082132528087617
10571,-0.11562678027223804
10572,0.0522202888426397
10573,-0.11572450102754658
10574,0.00782938521294848
10575,-0.13544887652630938
10576,-0.11536252135072389
10577,-0.12626460658901065
10578,-0.1126144124813646
10579,-0.11374825674149096
10580,-0.03665013887043107
10581,-0.1030530031632677
10582,-0.0529612114117639
10583,-0.10300833565636855
10584,-0.09962996415296202
10585,-0.09962996415296202
10586,-0.04554339034330181
10587,-0.0979366035720124
10588,-0.04971959557760634
10589,-0.0945252497804699
10590,-0.09663810097922622
10591,-0.10001203384070276
10592,0.029094481421655327
10593,-0.06450334590590909
10594,-0.10131744601938891
10595,-0.1432853173617282
10596,-0.09803087454466489
10597,-0.05274706319684734
10598,-0.02062610311907628
10599,-0.02929845198211186
10600,-0.1252378304709037
10601,-0.09779104280561124
10602,-0.12813487339989343
10603,0.030970832243636125
10604,-0.029665245584226514
10605,-0.09086310218464572
10606,-0.04605588260248312
10607,-0.09059734452795833
10608,0.01726081552439332
10609,-0.08298055046654694
10610,-0.0658985661555322
10611,-0.04374795164907966
10612,-0.04548479799433311
10613,-0.04237727993004566
10614,-0.07615748842059952
10615,-0.13656266154985264
10616,-0.10498296383077861
10617,-0.06844101925995259
10618,-0.07186065204730165
10619,0.029622611371356435
10620,-0.06713518331677559
10621,-0.07414242487399605
10622,-0.07997437316878428
10623,-0.06995630480629426
10624,-0.09238001746393244
10625,-0.09190327892739836
10626,-0.154251172445533
10627,-0.06865460320176961
10628,-0.07475040366067723
10629,-0.09109674953015487
10630,-0.07975715812716787
10631,-0.03337903210980639
10632,-0.09209708145059826
10633,-0.016893490612717506
10634,-0.08585392252021486
10635,-0.07155117319364893
10636,-0.05413159849519834
10637,-0.08229856587773217
10638,-0.06038679870312693
10639,0.08556983129395133
10640,-0.1282230365181473
10641,-0.0774990760269566
10642,-0.07581875513455376
10643,0.006422355021878257
10644,-0.08527531154155436
10645,-0.06143001617145841
10646,-0.15682335043431112
10647,-0.08755266212561785
10648,-0.099351072260842
10649,-0.07990197105732873
10650,-0.09419563912221562
10651,-0.06383617150590956
10652,-0.1277236599329697
10653,0.013611095663176632
10654,-0.02107837692524494
10655,-0.018779906755424017
10656,-0.050177480068160474
10657,-0.039690053358648655
10658,-0.07915009349313733
10659,-0.08850839570874175
10660,0.0027238002936378733
10661,-0.09103295450733274
10662,-0.07147567737621759
10663,-0.1586779977261758
10664,-0.15696970573402683
10665,-0.06969293220666183
10666,-0.07764893683212166
10667,-0.07764893683212166
10668,-0.1029071312783099
10669,-0.04112693962433629
10670,-0.02907898685102334
10671,-0.056619219929787155
10672,-0.16284151407177885
10673,-0.06974019596188438
10674,-0.06677067787809339
10675,-0.08522430145863301
10676,-0.08421501406837553
10677,-0.10315527141737814
10678,-0.07905720117817981
10679,-0.07012744935070982
10680,-0.04801780902047342
10681,-0.059744331100080726
10682,-0.0716634608536113
10683,-0.0716634608536113
10684,-0.07336206144612392
10685,-0.09642153846150944
10686,-0.12318353126703396
10687,-0.07823959380233941
10688,-0.06280157531186861
10689,-0.06803646267867809
10690,-0.05548411778599424
10691,-0.10025306994825264
10692,-0.10025306994825264
10693,-0.10025306994825264
10694,-0.09829541094713597
10695,-0.05839398914904435
10696,-0.03563924882504073
10697,-0.07474936870540884
10698,-0.07874609360123412
10699,-0.014021932054066079
10700,-0.1676922842894617
10701,-0.09998835380411
10702,0.000316746024573086
10703,-0.07537050719699388
10704,-0.04143601553378804
10705,-0.07015068736669826
10706,-0.1036408583353001
10707,-0.1036408583353001
10708,-0.11412757016579782
10709,-0.006275693629430722
10710,-0.04370311265278552
10711,-0.07195458186549387
10712,-0.046794864823884466
10713,-0.07492612809138204
10714,-0.16690860223952556
10715,-0.014118599516290613
10716,-0.0519536990514882
10717,-0.06130013246742727
10718,-0.06514279305486934
10719,-0.10077264190704857
10720,-0.04492238635566518
10721,-0.16685175922734052
10722,-0.09590924610827596
10723,-0.07088985852586924
10724,-0.06627652479090312
10725,-0.07558467801960571
10726,-0.03276870799240054
10727,-0.006881355918764097
10728,-0.06954272986587573
10729,-0.01123119551451929
10730,-0.022683064155306052
10731,-0.07077540802880225
10732,-0.0707415881126325
10733,-0.09259007990477243
10734,-0.12001991067699892
10735,-0.06046006577768141
10736,-0.06603102719583344
10737,-0.10479366896315219
10738,-0.048555227508451294
10739,-0.07660544671781273
10740,-0.06151188890534721
10741,-0.10246791249810705
10742,-0.07679534336325151
10743,-0.10246791249810705
10744,-0.06083385952433673
10745,-0.06884301700472331
10746,-0.02556255259610291
10747,-0.02417393890133977
10748,-0.07589632209159916
10749,-0.10331583797154979
10750,-0.07120638533829853
10751,-0.030527132778422335
10752,-0.06655526847384667
10753,-0.16125050196604115
10754,-0.09514038257858919
10755,-0.03410651271192201
10756,-0.06425229664355092
10757,-0.017355489717707874
10758,-0.027936105682033727
10759,-0.0626740065810101
10760,-0.10709832099844231
10761,-0.035504555977447345
10762,-0.060087265117853596
10763,-0.061378083027075085
10764,-0.06721451060445652
10765,-0.06665951909232483
10766,-0.07185318051019945
10767,-0.09993317986055647
10768,-0.10507997268215126
10769,-0.11151108944608776
10770,-0.06188647897132627
10771,-0.17888224938483263
10772,-0.06043048023039184
10773,-0.1096850499323829
10774,-0.10900933149741321
10775,-0.06331202538380445
10776,-0.157800093252904
10777,-0.060785065381090256
10778,-0.05867874522696041
10779,-0.023099115159811726
10780,-0.18644727250850532
10781,-0.07683207929419304
10782,-0.08817006357956149
10783,-0.054420784942145244
10784,-0.10677540241511699
10785,-0.05256622078619905
10786,-0.10814156174735803
10787,-0.0550240644634832
10788,-0.07409279912314772
10789,-0.06861749388882714
10790,-0.07290895591062303
10791,-0.056815875938873425
10792,-0.05191004810144435
10793,-0.05552719165975796
10794,-0.05552719165975796
10795,-0.11751108219644339
10796,-0.19432042308395403
10797,-0.1190654187206307
10798,-0.061536482925388825
10799,-0.07721481059357614
10800,-0.059696078280250996
10801,-0.09490095696521021
10802,0.09580070998012467
10803,-0.05134438647159641
10804,-0.03251741707853826
10805,-0.03754494945537862
10806,-0.1669595840045333
10807,-0.06855433714548423
10808,-0.03703601815472863
10809,-0.12015291709792043
10810,-0.12015291709792043
10811,-0.06221861563344524
10812,-0.11567308713201713
10813,-0.07645245430369192
10814,-0.0357952053403234
10815,-0.11094184754175715
10816,0.006199193324549811
10817,-0.06865595023583157
10818,-0.09405805006304363
10819,-0.19361659726450342
10820,-0.025571395472187248
10821,-0.06518828855389937
10822,-0.03818815239411126
10823,-0.07493345373003137
10824,-0.07403317326015664
10825,-0.07538553535333625
10826,-0.10709612791686758
10827,-0.07005362725595031
10828,-0.07805737999688796
10829,-0.07748886036071978
10830,-0.10230196386839145
10831,-0.06244378735640572
10832,-0.07475394137254962
10833,-0.09074042770808802
10834,-0.030932476647955242
10835,-0.10492238785942612
10836,-0.07615834588653107
10837,-0.07879755342688134
10838,-0.16867721414418455
10839,-0.029582303226667196
10840,-0.08127358502371208
10841,-0.1991895789435101
10842,0.017857634062857047
10843,-0.042254281472450125
10844,-0.07259313406101293
10845,-0.10077474392037229
10846,-0.07947463349308731
10847,-0.08382040028098853
10848,-0.09968327464217305
10849,-0.06636006870781395
10850,-0.08283439148995986
10851,-0.06884215385388281
10852,-0.09829321653939432
10853,-0.0851355774960007
10854,-0.07546132093929225
10855,-0.08183307859640669
10856,-0.07319019677305175
10857,-0.0802340466247915
10858,-0.09353146223321553
10859,-0.03242756541014978
10860,-0.06126922764921759
10861,-0.17639282402605028
10862,-0.02000977808552064
10863,-0.06448073627193665
10864,-0.07303490638701385
10865,-0.09243130827742292
10866,-0.07041116077644335
10867,-0.009394391782873638
10868,-0.09177015544558381
10869,-0.09131015976852777
10870,-0.09131015976852777
10871,-0.20023083988169105
10872,0.020573759997478736
10873,-0.038060276353983055
10874,-0.06844113632921761
10875,-0.06937646220444418
10876,-0.008595327391661611
10877,-0.08950133728570762
10878,-0.07176393040432538
10879,-0.06686457906375984
10880,-0.05540410261825203
10881,-0.0808860545865784
10882,-0.0808860545865784
10883,-0.07172888386543327
10884,-0.08821967360611364
10885,-0.07435661826382302
10886,-0.0887597503872468
10887,-0.08235418916562326
10888,-0.18514592618693826
10889,-0.01757133587231717
10890,-0.20493392691028808
10891,-0.0807602749207139
10892,-0.06849668426242853
10893,-0.04341045110514058
10894,-0.026595887806279254
10895,-0.061526576871122465
10896,-0.0676196851413225
10897,-0.08927041911734213
10898,0.01176090782786908
10899,-0.06559014274592823
10900,-0.06559014274592823
10901,-0.08829278895409798
10902,-0.0866568872588859
10903,-0.07688427662402553
10904,-0.07420199527318558
10905,-0.03282738996958382
10906,-0.07830736829203234
10907,-0.09246399922247019
10908,-0.08542850630296529
10909,-0.08475910006232566
10910,-0.06176304865765845
10911,-0.08475910006232566
10912,-0.07259442111530638
10913,-0.18633859083450663
10914,-0.02536086802058057
10915,-0.08051278186421933
10916,-0.051116132019636946
10917,-0.07804884529515692
10918,-0.08789686479068584
10919,-0.059660691580792125
10920,-0.059660691580792125
10921,-0.08004111622571315
10922,-0.07286751893590407
10923,-0.05070187896139805
10924,-0.06213607648424711
10925,-0.04903007008350523
10926,-0.04855878559645805
10927,-0.05717866366447536
10928,-0.043447575384883974
10929,-0.0787924367763374
10930,-0.08864472902287984
10931,-0.06079332804454933
10932,-0.20007131565456274
10933,-0.08312638254734243
10934,-0.08913009023969792
10935,-0.19225073218577157
10936,-0.06652399099136978
10937,-0.08032791237184628
10938,-0.06466117383028963
10939,-0.0636144962459136
10940,-0.06951108157736476
10941,-0.03888476955257306
10942,-0.06803683193753801
10943,-0.08947749394628932
10944,-0.043227649362260215
10945,0.004903083574978575
10946,-0.0751613276051232
10947,-0.0815216851409481
10948,-0.06246051346310502
10949,-0.07423337363631055
10950,-0.046154934098947296
10951,-0.07788179153905968
10952,-0.060399375655522294
10953,-0.09031976531688916
10954,-0.08815512618281902
10955,-0.03986711939695313
10956,-0.19061684105124996
10957,-0.06001277458871188
10958,-0.0893716896820481
10959,-0.09198331350688553
10960,-0.06211180830721317
10961,-0.0704547254664782
10962,-0.07220738836536561
10963,-0.059764257355977644
10964,-0.04541770630620252
10965,-0.07162869795617859
10966,-0.1873148675880704
10967,-0.06984069711548821
10968,-0.045258832397353344
10969,-0.05364504913223067
10970,-0.002836560914299438
10971,-0.0331233700258993
10972,-0.03770636102827615
10973,-0.08064047053023722
10974,-0.03960803058837255
10975,-0.05703038332219227
10976,-0.06560494949637709
10977,-0.05826366061034419
10978,-0.055068479735293344
10979,-0.09362461785250659
10980,-0.057305452888561224
10981,-0.057305452888561224
10982,-0.08924205787552546
10983,-0.06107442999873164
10984,-0.05446468147106969
10985,-0.06077590919510437
10986,0.013899849736910075
10987,-0.05008733211308918
10988,-0.07047797933756704
10989,-0.05932078555117351
10990,-0.04514308283138551
10991,-0.07328785233611879
10992,-0.16824719235283622
10993,-0.04149482913283658
10994,-0.05650458797167418
10995,-0.07757195452493931
10996,-0.049906696450243274
10997,-0.04586147487793903
10998,-0.04646479324875755
10999,-0.05425101025546866
11000,-0.0388533581411227
11001,-0.050091089368558765
11002,-0.042756138497030735
11003,-0.16488728054454332
11004,-0.04791866155847756
11005,-0.05066926197600592
11006,-0.07815961228602811
11007,-0.04298840951699996
11008,-0.07010691154288107
11009,-0.06646057578950754
11010,-0.06838471051037194
11011,-0.04665669367921605
11012,-0.04853256869271281
11013,-0.0607280381020555
11014,-0.05851936708078431
11015,-0.15898083935482896
11016,-0.049305189883730914
11017,-0.04412674692293028
11018,-0.04376005359865612
11019,-0.07106941954989489
11020,-0.04679090332551929
11021,-0.03431545307342667
11022,-0.07319875152961476
11023,-0.03957352817296051
11024,-0.027236497053391834
11025,-0.05240505521099257
11026,-0.025054268274307435
11027,-0.025054268274307435
11028,-0.06540771282715965
11029,-0.043951845408887184
11030,-0.04354379916058603
11031,-0.05967537735127617
11032,-0.03109459649015123
11033,-0.025711465162932982
11034,-0.04659469486444518
11035,-0.05012622544523035
11036,-0.022986928291744826
11037,-0.06444436904423091
11038,-0.025560186935670328
11039,-0.039569849476860236
11040,-0.04972092871106315
11041,-0.030404024724349065
11042,-0.03309406583643235
11043,-0.1453395042157661
11044,-0.06006343097785156
11045,-0.06733417456265112
11046,-0.03749968521820408
11047,-0.1420980931260918
11048,-0.051731853736842935
11049,-0.034124369002676125
11050,-0.04885362081349022
11051,-0.05546439202290476
11052,-0.02377075710840674
11053,-0.05546439202290476
11054,-0.0338622235851805
11055,-0.024199451495522422
11056,-0.07627050241549646
11057,-0.053115947420872535
11058,-0.03937792713508723
11059,-0.08630987018352233
11060,-0.07383212357786785
11061,-0.03066778736393301
11062,-0.036081339734294074
11063,-0.05179754667800053
11064,-0.04019718289095087
11065,-0.04493588651558858
11066,-0.05644991160924891
11067,-0.1304697484857616
11068,-0.05424125174656248
11069,-0.04983743518057829
11070,-0.04132383196275544
11071,-0.05140755889886905
11072,-0.04220406703598353
11073,-0.05401433696677735
11074,-0.04405967754988876
11075,-0.06426301926385748
11076,-0.04529490687996225
11077,-0.05180868982953221
11078,-0.0523723873304456
11079,-0.07407513771400626
11080,-0.04997662159111908
11081,-0.04997662159111908
11082,-0.04681256295350265
11083,-0.03445370162067997
11084,-0.07145806351146977
11085,-0.027523999205805304
11086,-0.07560696273540332
11087,-0.022839159165997155
11088,-0.048251017641904585
11089,-0.05190180674581744
11090,-0.0692765959951687
11091,-0.053030020603300074
11092,-0.08305469246652729
11093,-0.059002527893669374
11094,-0.05406330817806066
11095,-0.0965570795682519
11096,-0.08349662540539458
11097,-0.06675450761983658
11098,-0.005498884975813264
11099,-0.0839241397642133
11100,-0.06815468053578133
11101,-0.05306191775943245
11102,-0.04238994819252726
11103,-0.0034442732766702677
11104,-0.05581947674321408
11105,-0.002836911014109416
11106,-0.0025507917686462427
11107,0.017710831891092522
11108,-0.050339065667475286
11109,-0.0021470056445432946
11110,-0.059921888646554476
11111,-0.15064465007443922
11112,-0.024568236026966814
11113,-0.05116729220846051
11114,-0.003787344844667897
11115,-0.06652875915304343
11116,-0.009736399152565491
11117,-0.05280269101207337
11118,-0.05593658902003826
11119,-0.0500330585651839
11120,-0.09470858392182874
11121,-0.05119852388866105
11122,-0.012509330532310662
11123,-0.0675488470423568
11124,-0.04600404803414514
11125,-0.09114640291152587
11126,-0.09302612270381072
11127,-0.0761905283388573
11128,-0.06236401709423751
11129,-0.05535741339705075
11130,-0.05022483216684823
11131,-0.062256921366653985
11132,-0.08167610323818815
11133,-0.1014497270928672
11134,-0.03552759118170098
11135,-0.01851149438495337
11136,-0.09581923016909062
11137,-0.09919040160440548
11138,-0.11284100871359633
11139,-0.10020252130265572
11140,-0.096374582697939
11141,-0.09741719496408416
11142,-0.11717357939494583
11143,-0.07058697188154966
11144,-0.09813984256557663
11145,-0.06719980114005492
11146,-0.09739020203529283
11147,-0.09032967470111039
11148,-0.09667960346901246
11149,-0.09585749335925003
11150,-0.06434156278430928
11151,-0.014265274798692492
11152,-0.12110808629356688
11153,-0.09311308865672606
11154,-0.0675411170099541
11155,-0.06969751537918822
11156,-0.05569722331141018
11157,-0.03145699750439283
11158,-0.12569033592853823
11159,-0.03451614465893256
11160,-0.10976578577598588
11161,0.019448898336986584
11162,-0.10770258451984407
11163,-0.027397250063881447
11164,-0.10770258451984407
11165,-0.05096685006426796
11166,-0.04212353695420923
11167,0.01460269819259068
11168,-0.029133429954606507
11169,0.07565155386596663
11170,-0.027869680743351215
11171,-0.09329799800968092
11172,-0.11137859246045836
11173,5.294978385684214e-05
11174,-0.05376558538641044
11175,-0.10892748467208589
11176,-0.08085111633048224
11177,-0.11772468878053374
11178,-0.0902321434290576
11179,-0.06101041219330928
11180,-0.10339684535537902
11181,-0.128098095295936
11182,-0.05035681083272354
11183,-0.06514384988292918
11184,-0.1252774360016476
11185,-0.1129162634193682
11186,-0.07691410698172713
11187,-0.06500918334761614
11188,-0.053141423082241256
11189,-0.1293148084834505
11190,-0.11784292377248334
11191,0.016082675031862812
11192,-0.0696262249802165
11193,-0.07680447458592114
11194,-0.06251044403394068
11195,-0.13468349613057037
11196,-0.038058694484323835
11197,-0.03913902132519659
11198,-0.08289185842098368
11199,-0.06806906160833993
11200,-0.142012507360361
11201,-0.06926641385113766
11202,-0.08326947950489666
11203,-0.06075762491988218
11204,-0.00487995233013017
11205,-0.02877878129172283
11206,-0.03056297901688814
11207,-0.040996219973692204
11208,-0.09011204763570063
11209,0.0011605457435105396
11210,0.0019852773204908623
11211,-0.011482070421326079
11212,-0.03363656719895714
11213,0.025391471440039896
11214,-0.021914366178705603
11215,-0.028219657617504213
11216,-0.04843384737089051
11217,-0.04358785918217728
11218,-0.10953778482086496
11219,-0.02444282209236882
11220,0.09194312844100747
11221,0.0009018013374962543
11222,-0.06844307612027206
11223,-0.051359397245462846
11224,-0.14058935660329022
11225,-0.15153355560560045
11226,-0.05324079483550848
11227,-0.15293684380595726
11228,-0.03460461302168604
11229,-0.11076245801205116
11230,-0.05334547509833165
11231,-0.11340833341327795
11232,0.0867562207456995
11233,0.022425690654381734
11234,-0.03181470859555567
11235,-0.15310561457011523
11236,-0.13720423578859664
11237,0.00036732978754673606
11238,-0.0213780600499951
11239,-0.15246397833000386
11240,-0.020945705694212686
11241,-0.030977963479293085
11242,-0.05789813914192764
11243,-0.07217669098404
11244,-0.05401945971972862
11245,0.025450810779731055
11246,-0.02783931749608682
11247,-0.11801014457873374
11248,0.043490830396446335
11249,-0.030881508784658097
11250,-0.02783219162913097
11251,-0.04957111228237249
11252,-0.11113879039106277
11253,-0.04821973198828763
11254,-0.06917966319165292
11255,-0.028360097246769297
11256,-0.0035833645406127155
11257,0.01314953202908846
11258,-0.04590272694381161
11259,-0.15361726719332533
11260,-0.0361234782075474
11261,-0.07271986649653396
11262,-0.06815836087206835
11263,-0.017850453995167378
11264,-0.04507234950914079
11265,-0.12526176378482498
11266,-0.027523943950637883
11267,-0.04511517036431849
11268,-0.043360526949616805
11269,-0.1277091879732191
11270,-0.036620663025584664
11271,-0.014025787853848235
11272,-0.16100513642206374
11273,-0.011002063049689093
11274,-0.07085054344502244
11275,-0.01140507728131332
11276,0.010080151694458967
11277,-0.16217693613826778
11278,-0.1363812967396752
11279,-0.1636789627643969
11280,0.014810083952224749
11281,-0.04682546616077609
11282,0.005674957122311429
11283,-0.05313856970620463
11284,-0.11947687592803288
11285,-0.036699836365073346
11286,-0.11615505461732274
11287,0.004959245507265295
11288,0.004959245507265295
11289,-0.16464450384975354
11290,-0.06198805079664841
11291,-0.06198805079664841
11292,-0.11241092005106491
11293,0.01218719109865163
11294,0.0031746827920564485
11295,-0.05649702341435891
11296,0.017548076382950025
11297,-0.07603516047365283
11298,-0.011680962724639438
11299,-0.05861437281660665
11300,-0.1588868263015628
11301,0.003029623007823369
11302,-0.06151063840005284
11303,0.007381185701271191
11304,0.05883662306184042
11305,-0.05884517334766451
11306,0.005374295080812116
11307,-0.14973008377978692
11308,-0.05503037848042859
11309,-0.07754262015157869
11310,-0.05456291702873534
11311,-0.0529857000010792
11312,-0.11595220091953824
11313,-0.11790562203035432
11314,-0.07430442541023866
11315,0.013365867674202158
11316,0.005427707668678309
11317,-0.1568135170875375
11318,-0.15955270945638214
11319,0.0050092849260871194
11320,0.011654403960299315
11321,-0.0766572505571416
11322,-0.12840079234689014
11323,-0.15854678442379963
11324,-0.05060076552985886
11325,0.01183550036891067
11326,-0.1557044255220684
11327,-0.058461152653139406
11328,0.008581619761716118
11329,-0.1495507546223898
11330,0.008581619761716118
11331,-0.05942911850451822
11332,-0.04614249524739872
11333,-0.03210736861332829
11334,-0.05706683701398388
11335,-0.05706683701398388
11336,-0.004986097591815464
11337,-0.05383515489741228
11338,-0.14476209015077826
11339,-0.07518792902438642
11340,-0.007244305942073768
11341,0.009146834835930297
11342,-0.13641314763717466
11343,-0.13641314763717466
11344,-0.010398726174941286
11345,-0.05267959921101449
11346,-0.049109906765698305
11347,-0.07571629617768932
11348,0.03989601066055489
11349,-0.053266110025097235
11350,0.013082087551429668
11351,-0.0617172051559582
11352,-0.009179562639551121
11353,-0.11272699214944587
11354,-0.06027169936588495
11355,-0.06664629303848084
11356,-0.0011462933384084237
11357,-0.06805766076245076
11358,-0.15116175043656968
11359,-0.004443268056387479
11360,-0.0015375994098970488
11361,-0.15116175043656968
11362,-0.12485402899096984
11363,-0.018638023722409983
11364,-0.10031759436036151
11365,-0.1505853696922553
11366,0.014272088732425572
11367,-0.020027522446741063
11368,-0.150625793079198
11369,0.02610059581581054
11370,-0.10020613486676244
11371,-0.01956403059555487
11372,-1.9203144526812205e-05
11373,-0.15340319736488586
11374,-0.07834769170706901
11375,0.020005315333687643
11376,-0.02155986239278726
11377,-0.08318606424277829
11378,-0.15879108297313396
11379,-0.08301091970663403
11380,-0.10613993974651921
11381,-0.08239443859516077
11382,-0.08239443859516077
11383,-0.09323828388387008
11384,-0.024638737517757296
11385,-0.07674021270781714
11386,-0.025520398084777744
11387,-0.019718489371595434
11388,-0.15202001663831005
11389,-0.0775291375365084
11390,0.006517812873405107
11391,-0.06507808250900085
11392,-0.06507808250900085
11393,-0.14684864172546333
11394,-0.07346079675854077
11395,-0.11538191793784981
11396,-0.06097366930716931
11397,-0.06279820801239738
11398,-0.14395709685210398
11399,-0.06493585862031653
11400,-0.07052329907969715
11401,-0.026148877554675088
11402,-0.05025832147300198
11403,-0.04794352220330989
11404,-0.005511267786555101
11405,-0.04981465675979094
11406,-0.09474730383881683
11407,-0.007350652406752781
11408,-0.1492592897600977
11409,-0.05805428728830093
11410,0.011337860110617532
11411,-0.14497753677523176
11412,0.004691746076519811
11413,-0.14513425142922629
11414,-0.11943633616792798
11415,-0.02707424456259669
11416,-0.028311941601695107
11417,-0.14317624134870446
11418,-0.14197116784122113
11419,-0.14242980547768297
11420,0.042020784248007266
11421,-0.07062920001363235
11422,-0.062237506007324785
11423,-0.03505412375315152
11424,-0.0073823950374148515
11425,-0.13716480374923196
11426,-0.13716480374923196
11427,-0.09200720798732653
11428,-0.024209600127602728
11429,-0.05836754431340299
11430,-0.06938773723055457
11431,-0.028376436489915013
11432,-0.09561930780595797
11433,-0.13389861856681584
11434,-0.06655528228208207
11435,-0.06655528228208207
11436,-0.024278882621576514
11437,-0.10714466436893581
11438,-0.06819940719557867
11439,-0.013434993763734294
11440,-0.12588970386300039
11441,-0.027766325230085338
11442,-0.08340599173975526
11443,-0.06451813214851727
11444,-0.010338496668226133
11445,-0.12111031865671865
11446,-0.12245194317950613
11447,-0.12192068986070943
11448,-0.016810439271209336
11449,-0.05204094481793694
11450,-0.07522194230890186
11451,-0.060893580217303664
11452,-0.027351833163269095
11453,-0.09840457436202528
11454,-0.07867441479218469
11455,-0.07936635827737823
11456,-0.09455756143716573
11457,-0.11523201951872641
11458,-0.09794917890449169
11459,-0.03890376650799383
11460,-0.0022269912005634246
11461,-0.0030208897801697688
11462,-0.003777353145171287
11463,-0.012287336134551493
11464,-0.06025563170715954
11465,-0.034318758095354604
11466,-0.052602276658600046
11467,-0.012278685032841439
11468,-0.1095003771018208
11469,-0.1095003771018208
11470,-0.010764670628124891
11471,-0.1095003771018208
11472,-0.07341564488034431
11473,0.010007402336440067
11474,-0.1233030758166408
11475,-0.03192536507482985
11476,-0.015109284829785779
11477,-0.10942061420473355
11478,-0.10942061420473355
11479,0.00992346781178445
11480,-0.06793805910167469
11481,-0.027577765432188504
11482,0.050573722697267585
11483,-0.05179515623369443
11484,-0.10619401182277415
11485,-0.07164386383622535
11486,0.0004256446043449637
11487,-0.07229221020147751
11488,-0.1063462731561379
11489,-0.07229221020147751
11490,-0.071240981168812
11491,-0.07275205266989407
11492,-0.10361511848165066
11493,-0.07058515183812586
11494,-0.1315208699384895
11495,-0.013931606325478206
11496,-0.09394436718760336
11497,0.005176443112417418
11498,-0.07638122749015715
11499,-0.04646159238071141
11500,-0.09863438006225982
11501,-0.12532402658649952
11502,-0.09472780352448064
11503,-0.08075483001481369
11504,-0.052993044444450646
11505,-0.0976622403107942
11506,-0.0715579707377768
11507,-0.026722516925648487
11508,-0.07794669838492067
11509,-0.0510673807035063
11510,-0.07727393928600114
11511,-0.07698911040599954
11512,-0.06081423335045946
11513,-0.06683431923366416
11514,-0.07073861595736536
11515,-0.021559695425834583
11516,-0.07303788054639632
11517,-0.0568236997908933
11518,-0.07654224494491636
11519,-0.03915670775211126
11520,-0.09524444872542494
11521,-0.12041305434609545
11522,-0.01601799891993098
11523,-0.06738187231129394
11524,-0.07026669491161144
11525,-0.05935175050786665
11526,-0.0039089823631073
11527,-0.1005230994997023
11528,-0.024042936799713387
11529,-0.07147102046029552
11530,-0.053563624585830145
11531,-0.04743309752719455
11532,-0.061346361502278936
11533,-0.06057702916534527
11534,-0.05101633775607591
11535,-0.018442356478328703
11536,-0.08374917692119607
11537,-0.05711215199906595
11538,-0.05711215199906595
11539,-0.14390431830842473
11540,0.06653966368306026
11541,-0.08353886089776359
11542,-0.032336519739208446
11543,-0.11231583979248033
11544,-0.05451299477767618
11545,-0.05436442702421618
11546,-0.08663019742288429
11547,-0.05274309608355522
11548,-0.08859805626266357
11549,-0.08859805626266357
11550,-0.11365865566681742
11551,-0.052851058656149086
11552,-0.1073140451529863
11553,-0.010911183040567667
11554,-0.10994808292796827
11555,-0.0727831119647213
11556,-0.03854454984211571
11557,-0.04413347619236138
11558,-0.044246274272934344
11559,-0.07481135962980513
11560,-0.10065967188464581
11561,-0.09848918962753875
11562,-0.044988311851469946
11563,-0.07970066537775453
11564,-0.008427908669402339
11565,-0.04417831543998044
11566,-0.04417831543998044
11567,-0.12275999675858404
11568,-0.03451605963579883
11569,-0.04256412633385297
11570,0.0031264565316783013
11571,-0.0678411018937725
11572,-0.03461812940760606
11573,-0.10199709110027647
11574,-0.04557980407795883
11575,0.01697549462946308
11576,-0.040025371578268784
11577,-0.11307694325036191
11578,-0.024774733974366896
11579,-0.07772276720323024
11580,-0.11978335841488089
11581,-0.046199078263245756
11582,-0.1222199821735269
11583,-0.12235349353959342
11584,-0.12235349353959342
11585,-0.052821437073495965
11586,0.011995209808560094
11587,-0.1527326621107076
11588,0.001913277095684343
11589,-0.03795623445664055
11590,0.0025705675301961363
11591,-0.03687799531146471
11592,-0.12110440173413205
11593,-0.11653227178960159
11594,-0.11653227178960159
11595,-0.03047636691631566
11596,-0.030231145079485856
11597,-0.03532011894302134
11598,-0.1165877930459341
11599,-0.04051097388057627
11600,-0.06986370508695779
11601,-0.032908551290809385
11602,-0.11563786818157612
11603,0.07812045970056636
11604,-0.060186542633904806
11605,-0.0235353802159617
11606,-0.0931935047191782
11607,-0.12307690538093986
11608,-0.12529795153453363
11609,-0.04775644303766269
11610,-0.08647361068624859
11611,-0.127116119855741
11612,-0.04653221343412096
11613,-0.03053863166532633
11614,-0.08351856828588015
11615,-0.0504125445930442
11616,-0.06595551216392824
11617,-0.06578715306823653
11618,-0.03538431589180086
11619,-0.1193271771062047
11620,-0.03984820426263415
11621,-0.02286544776296188
11622,-0.037049153933120915
11623,-0.0006120071854161036
11624,-0.04671463344747293
11625,-0.04671463344747293
11626,0.0027652655666718863
11627,-0.04960314622202317
11628,0.009491393395132709
11629,-0.09996951806283912
11630,-0.04960314622202317
11631,-0.11419446358169916
11632,0.07320336069173336
11633,-0.051012843303960616
11634,-0.11943077890790696
11635,-0.12237511744681706
11636,-0.12237511744681706
11637,-0.0824837718192603
11638,-0.05553548997995158
11639,-0.11910451487100275
11640,-0.14933910078447696
11641,0.01974692950407865
11642,-0.041039352199999705
11643,-0.11227101437685118
11644,-0.11384695582123364
11645,-0.10743363574865757
11646,-0.0380376477412665
11647,-0.0544580614213072
11648,-0.05478685473505631
11649,0.015820376324774923
11650,-0.0549687447582784
11651,0.016737707086356985
11652,-0.1300577674710201
11653,-0.05911427548583846
11654,-0.10678812361200507
11655,-0.02307377544805281
11656,-0.07630989480214026
11657,-0.11852689463793357
11658,-0.04938282474026633
11659,-0.051315021538530424
11660,-0.11833713229488048
11661,-0.07240622662345571
11662,-0.11345370625805594
11663,-0.07240622662345571
11664,-0.06723500095806378
11665,0.0034724176599855304
11666,-0.05563461590804275
11667,-0.10760337377552485
11668,-0.03623535167932643
11669,-0.1134650533673883
11670,0.01304131125138528
11671,-0.004984764293347916
11672,-0.05529436067792799
11673,-0.07216054206230069
11674,-0.07115094070057792
11675,-0.05678994374024624
11676,-0.05749687889410012
11677,-0.05749687889410012
11678,-0.07380078513011025
11679,-0.10388557907269798
11680,-0.05855016084496924
11681,0.06883718413157534
11682,-0.025825969167490796
11683,-0.11572094222696218
11684,0.002429858620206125
11685,-0.11799546082526077
11686,-0.11799546082526077
11687,-0.11644809746468122
11688,-0.0781804285510218
11689,0.024063657415063177
11690,-0.11644809746468122
11691,-0.06540246701182216
11692,-0.06910047864717024
11693,-0.029064787485379887
11694,-0.07497336579266498
11695,-0.16511544066076245
11696,-0.06979078460553656
11697,-0.06979078460553656
11698,-0.09911961121773419
11699,0.023817981903630898
11700,-0.1028540762789266
11701,-0.11298223647344496
11702,-0.11298223647344496
11703,-0.026478573180710153
11704,-0.06401521913866563
11705,-0.06420854183260309
11706,-0.11608408398574074
11707,-0.08733877062304445
11708,-0.0882378716136475
11709,0.01937902852109231
11710,-0.10769493765396179
11711,-0.06263273611164913
11712,-0.09132642255117401
11713,-0.10673571887465037
11714,-0.07284641804464101
11715,-0.0713202845986043
11716,-0.06532166192878273
11717,0.021653512186399878
11718,0.03873635831792661
11719,-0.09904100264327426
11720,0.020925939114929563
11721,-0.06166445331827794
11722,-0.026373678824133284
11723,0.03776297673853529
11724,-0.06089834701809131
11725,-0.06130413592450448
11726,-0.05237646357740247
11727,-0.10112740663639128
11728,-0.09693441983869075
11729,-0.0920547535758832
11730,-0.06308635998567878
11731,-0.006261273598634729
11732,-0.0993039814969527
11733,-0.07596412580982669
11734,-0.0025456525899827873
11735,-0.05819075860115481
11736,0.059252693691651225
11737,-0.09863838529881336
11738,-0.056745061084868216
11739,-0.10568678140420712
11740,-0.056745061084868216
11741,-0.10568678140420712
11742,-0.10568678140420712
11743,-0.10609934638483973
11744,-0.19431543396800183
11745,-0.08355404290763284
11746,-0.060001766049776147
11747,-0.032784374882185795
11748,-0.10087686901248526
11749,-0.0808807502248228
11750,-0.0808197803501793
11751,-0.05962429062364346
11752,0.03139322405274373
11753,0.031693316873414736
11754,-0.0986023566143663
11755,-0.05718878292323276
11756,0.03204109562447157
11757,-0.09418354076562208
11758,-0.10232127197966759
11759,-0.0918956888906208
11760,0.03242424909001591
11761,-0.06782455370686317
11762,0.032016410411426756
11763,-0.09008206202556034
11764,-0.06875506746263517
11765,-0.08988677407474469
11766,-0.08948613912383355
11767,0.046868566186649786
11768,0.0298893719419851
11769,-0.10256193526138083
11770,-0.03145451111490822
11771,-0.0653372746838183
11772,-0.052132330468403154
11773,-0.06315738072276539
11774,0.025076017553692084
11775,-0.0628706432396935
11776,0.00927146358288531
11777,-0.10283727532269671
11778,-0.07552466102781197
11779,-0.06141793082984247
11780,-0.11022954377717234
11781,0.042337170225064044
11782,-0.003832920444540871
11783,-0.10931891271217418
11784,0.08046313984474435
11785,-0.05973034997046023
11786,0.020955308730156417
11787,0.0004245553625149147
11788,-0.08498263127782742
11789,-0.10559710879444682
11790,-0.19198387199411276
11791,-0.05943212008075042
11792,0.015138450808661847
11793,-0.09633847632651797
11794,-0.058752661106547886
11795,-0.022250356111291985
11796,0.026579343423926698
11797,-0.04873080741171711
11798,-0.0956798923661196
11799,-0.05820840055722571
11800,-0.05820840055722571
11801,-0.095868449156741
11802,-0.06175709471151272
11803,-0.09201600632401222
11804,-0.07970100407096754
11805,-0.08698378031937332
11806,-0.10049457704204959
11807,-0.12286440483559342
11808,-0.062002444618047936
11809,-0.0807539490378414
11810,-0.08144391987200669
11811,-0.08144391987200669
11812,0.015294750152286206
11813,-0.06181924355395282
11814,-0.0785218727694259
11815,-0.08089150172285899
11816,-0.08571875785136264
11817,-0.08964212568648723
11818,-0.06123507512767976
11819,-0.1009758197360427
11820,-0.06106342555020541
11821,-0.10271252746896616
11822,0.03372997246620698
11823,0.051510536699981645
11824,-0.014162030631876304
11825,-0.09336177503258707
11826,0.02900373430081548
11827,-0.06145410688469867
11828,-0.09306572994390543
11829,-0.09306572994390543
11830,0.000206967674410281
11831,0.016229225806739342
11832,-0.06169424177825461
11833,-0.08972193390417889
11834,-0.09044721436121612
11835,0.024839679567584164
11836,-0.060026029779046496
11837,0.03476110860862237
11838,-0.09131505121350172
11839,0.005309288563205808
11840,-0.05907691870653585
11841,-0.08763634563009458
11842,-0.1864566463833962
11843,-0.0025549199678012954
11844,-0.09846805940389607
11845,-0.05930399757655558
11846,-0.09664135188933667
11847,-0.05967197317392241
11848,-0.05967197317392241
11849,-0.11051917934149155
11850,-0.09850156014264874
11851,0.010543740897175776
11852,0.010543740897175776
11853,-0.09346488711219002
11854,-0.09725384578263156
11855,-0.09112984640005346
11856,-0.09112984640005346
11857,-0.08624258522459241
11858,-0.08903674747087213
11859,-0.09326196347148627
11860,0.06516154844237479
11861,-0.11410632747107094
11862,0.0073997273094188335
11863,-0.08757557904620152
11864,-0.08161677843144363
11865,-0.060933028575949844
11866,0.039400093834821584
11867,-0.10380203829985858
11868,-0.0875456589690118
11869,0.021129826050769306
11870,-0.05891029554934859
11871,-0.05891029554934859
11872,0.039496159165756474
11873,0.038951863295289386
11874,0.004029502749348094
11875,0.039826549795744584
11876,-0.004523092762806001
11877,-0.05905905826027043
11878,-0.05906812615319629
11879,-0.08866543404564074
11880,-0.08796797166990786
11881,0.004335675509183458
11882,0.02579551372445231
11883,-0.08870739831504207
11884,0.009221165930229414
11885,0.04993157286107559
11886,-0.0898703191750674
11887,-0.10191509243005531
11888,-0.09062388462932078
11889,-0.09062388462932078
11890,-0.05063540953231379
11891,-0.09321330300199987
11892,0.02295830596092865
11893,-0.14882237349357408
11894,-0.10144524918509393
11895,-0.09699264379284056
11896,-0.10762315258220624
11897,-0.044854542863344435
11898,0.022586466732981723
11899,-0.11487612722586757
11900,-0.07527032398412571
11901,-0.11875274548012431
11902,-0.04502141566091074
11903,-0.08793090584930244
11904,-0.11603083820978605
11905,-0.0846588887397543
11906,-0.09590462549222736
11907,-0.09658068306805698
11908,0.05463492059630126
11909,-0.0889621010840858
11910,-0.0427591460059619
11911,-0.07812879547989361
11912,-0.04045460536297559
11913,-0.04045460536297559
11914,-0.07613509140511188
11915,0.006964939497863446
11916,-0.11543503378134459
11917,-0.09814352300744127
11918,-0.03887900050304422
11919,0.05010584757577507
11920,-0.038093579957025225
11921,0.06033949877894348
11922,0.022834393230298032
11923,-0.03710465693011054
11924,-0.08349274643476928
11925,-0.11924957053803346
11926,-0.08329365628864838
11927,0.024445927680430246
11928,-0.03185744146937413
11929,-0.03169478697901649
11930,-0.001510957015569624
11931,-0.03169478697901649
11932,-0.07748512795632284
11933,-0.08263896729124866
11934,-0.031287248767563884
11935,0.02400983979625784
11936,-0.08565264144953043
11937,-0.08520834257257573
11938,0.0530153204559076
11939,-0.09836255840300927
11940,-0.09520999253642998
11941,-0.02985176429702962
11942,-0.12288238485531336
11943,-0.09189165384224872
11944,-0.08155451985194768
11945,0.05056450840759223
11946,-0.10540225583026534
11947,-0.1047277417545535
11948,-0.03243696796806513
11949,-0.08181269888361907
11950,-0.0815715625665781
11951,-0.10056084172338696
11952,-0.034120778148268346
11953,-0.034209810650481745
11954,-0.08885286947010053
11955,-0.011404761137218297
11956,-0.1045184240745909
11957,-0.0336831261162828
11958,0.01580297942539078
11959,-0.07977319112242963
11960,-0.07089124388699422
11961,-0.08196179046525989
11962,-0.08058964248908182
11963,0.07822485189300772
11964,0.04609011009733286
11965,-0.08267070846615239
11966,0.04690165068912228
11967,-0.03462510756448449
11968,-0.10662286208064423
11969,-0.03464501563313951
11970,-0.10521381386523283
11971,-0.00948989063405295
11972,-0.03469407983627018
11973,-0.03328389907808742
11974,-0.07399873964632196
11975,-0.08544749400271746
11976,0.03869608365206872
11977,0.008023508407903824
11978,0.05561605118623889
11979,-0.03185283171810029
11980,-0.08648120031855769
11981,0.016915865031651652
11982,-0.11739870420175759
11983,-0.08921510348820626
11984,-0.09736550852006574
11985,-0.09176304566489862
11986,0.006695076564815104
11987,-0.08951380697426384
11988,0.005236660430754849
11989,-0.09516618947421102
11990,-0.0957027145463308
11991,-0.026250489666153714
11992,-0.10046391392119168
11993,-0.025001438578242784
11994,0.004579082790363731
11995,-0.09188918518876074
11996,-0.024989722992651005
11997,-0.09707715475237343
11998,-0.02631711365895026
11999,-0.08477311923850016
12000,-0.007419921261311402
12001,-0.09366169379406207
12002,-0.12516517905780483
12003,-0.09603923008647361
12004,-0.09739166604115826
12005,0.04661209567385224
12006,-0.09574378870594662
12007,-0.021523915133517684
12008,0.0818471054784152
12009,-0.016679449531522058
12010,-0.07134393315311843
12011,-0.016679449531522058
12012,-0.10036474836376502
12013,0.0009708017779810174
12014,-0.10069663355440499
12015,-0.04955384392236328
12016,-0.017881834299041978
12017,-0.10200142251309745
12018,0.01383203542235043
12019,0.04113502393968603
12020,-0.08883140466307701
12021,-0.09727595604482143
12022,-0.10064999213570298
12023,-0.0858189217486915
12024,-0.0960522346255455
12025,-0.051982448166369925
12026,-0.09686295515791192
12027,-0.048989647263343074
12028,-0.01969368261170209
12029,0.0023157766553066686
12030,-0.017838596935864277
12031,-0.08235207068604222
12032,0.0027590715241904876
12033,-0.08016533577223538
12034,-0.02166888698976886
12035,0.0034371911545879505
12036,-0.13176175430540196
12037,-0.09298337925956628
12038,-0.018168965041650772
12039,-0.13223330155219812
12040,0.05117187996777596
12041,-0.020296755416555293
12042,-0.003666229039762201
12043,-0.049795942689520395
12044,-0.09661882122646692
12045,-0.08815648278445865
12046,-0.10954398259469336
12047,-0.09150517647253717
12048,-0.09150517647253717
12049,-0.01849704051295456
12050,-0.0180143647396752
12051,-0.00423624670185716
12052,-0.0932902388597151
12053,0.0696340179322225
12054,-0.01557790905320783
12055,-0.08234823057684608
12056,-0.12161929217728948
12057,0.027662185967557696
12058,0.015416329588982125
12059,0.019490116468121044
12060,-0.019060256414183352
12061,-0.08328282128036459
12062,-0.09365193009595653
12063,-0.0511735878910377
12064,-0.057248615254867005
12065,0.03850893065725624
12066,-0.022473686847632013
12067,0.005094790188155086
12068,-0.07548100869647736
12069,-0.018126096275544477
12070,-0.025386356097372432
12071,-0.07080769941190361
12072,-0.08156724423466295
12073,-0.05741036735050278
12074,-0.08879650999412346
12075,-0.04212892510899104
12076,-0.02089400562807788
12077,-0.05991571945956276
12078,-0.034948421357751794
12079,0.013824528021370755
12080,-0.02025126537645532
12081,-0.016367339612895077
12082,-0.05706882902862576
12083,-0.012454164222366778
12084,-0.04006414466561848
12085,-0.05946334061691383
12086,-0.025468787389534158
12087,-0.05020812720318449
12088,-0.04399092521146952
12089,-0.1177053608770232
12090,-0.07888472402887012
12091,-0.05884295551176507
12092,-0.03730966798808175
12093,-0.02783094710708438
12094,-0.05994942809250714
12095,-0.10803597083949315
12096,0.025746348951877187
12097,-0.05472560316303989
12098,-0.023995367345263238
12099,-0.04415301219808664
12100,-0.02986666876505233
12101,-0.012356132941429298
12102,-0.025627901078760524
12103,-0.028930581914484117
12104,0.009068210958414515
12105,-0.02775575779045561
12106,-0.07881242596830945
12107,-0.06415397291168587
12108,-0.1145876887040503
12109,-0.06298208663516973
12110,-0.06253503478274487
12111,-0.06253503478274487
12112,-0.028881978677164397
12113,-0.07691628561058167
12114,-0.01675464365596522
12115,-0.02082048312001247
12116,-0.07121220802368554
12117,-0.05419958770836771
12118,-0.09028332603862946
12119,-0.029904747254232547
12120,-0.038929135760853315
12121,-0.011690654488144967
12122,-0.030749634544236133
12123,-0.05899559540018525
12124,-0.04742672091496749
12125,-0.06131193135193467
12126,-0.006379693637958779
12127,-0.07688309044594267
12128,-0.05642916582893316
12129,0.04351720248875338
12130,-0.0413917700313333
12131,-0.0029322109452608793
12132,0.008662672910513897
12133,-0.018137573799948233
12134,-3.206337598279282e-05
12135,-0.0733454537357434
12136,-0.06358498892743537
12137,0.023577171807505407
12138,-0.005377987645893086
12139,0.005597826856073975
12140,-0.012291990259122474
12141,0.005383577686086153
12142,-0.007473328842731354
12143,-0.06263666970139484
12144,-0.0038137697063196662
12145,-0.0240741207590591
12146,0.004116547981056157
12147,0.0009610059355960795
12148,-0.022651407391002604
12149,-0.043235585755099795
12150,-0.013254361502502176
12151,0.017348737032066734
12152,-0.056322466686580565
12153,-0.07824199231332343
12154,-0.005887123905789904
12155,0.017122102761330155
12156,-0.0646565400894924
12157,0.0030344021385092504
12158,-0.05953109748122183
12159,-0.05364438541724964
12160,0.011807861743914228
12161,-0.10336234410389501
12162,0.008249904031455708
12163,0.008040340479704733
12164,-0.10045937110240419
12165,-0.059258087019184356
12166,0.009020632509591862
12167,0.02402730434988707
12168,-0.006480437189528619
12169,-0.013551748692443848
12170,0.015841721087135812
12171,-0.05703306271075986
12172,-0.06803571908287581
12173,-0.003531277411837324
12174,0.008627307637225034
12175,0.023008832555849255
12176,-0.046270534051731114
12177,-0.05116123065315798
12178,-0.07704468924496206
12179,0.002298013855283567
12180,-0.09847198607120186
12181,0.0010633274379584893
12182,-0.08465176560484339
12183,-0.09903705187139722
12184,-0.07983605900407367
12185,-0.07983605900407367
12186,0.0018262414019771384
12187,0.0035588551176006854
12188,-0.056176591507289424
12189,-0.056176591507289424
12190,-0.10428929190258861
12191,0.1160437533744688
12192,0.0014256969016514258
12193,-0.05635834986941229
12194,-0.014710940081591219
12195,-0.002680305077610573
12196,-0.09309641800620651
12197,0.013140680753330995
12198,-0.22013018090594963
12199,-0.09889284771622366
12200,0.01266696082075473
12201,-0.05269424685370804
12202,0.01598614235372058
12203,-0.03995366112799382
12204,-0.04645574269829195
12205,-0.011691589614119776
12206,0.0027011345844947846
12207,0.0015554456457802495
12208,-0.01213840176161757
12209,-0.030661774512418142
12210,-0.06399141819779448
12211,-0.051316430349429634
12212,-0.002337125641711269
12213,0.0168433454695901
12214,-0.0010520099136583916
12215,0.012191088020665746
12216,0.014832207004295059
12217,0.002598558286545256
12218,-0.054334132416438405
12219,-0.05151512053500499
12220,0.013499739102959207
12221,0.0391076996889551
12222,0.0020720011682140538
12223,-0.09677985469420551
12224,-0.05243512037116577
12225,-0.05243512037116577
12226,-0.017117753177271107
12227,0.0007656070018270525
12228,-0.01760716994558391
12229,-0.011246165256669874
12230,-0.01672097146324645
12231,-0.04379580239967517
12232,-0.06115702881093232
12233,0.006872796254167483
12234,0.05416601533647395
12235,-0.05500254545790872
12236,-0.06928411998995304
12237,-0.0028156967052505493
12238,-0.02465854684305388
12239,-0.030137095844396205
12240,-0.02550405831213028
12241,-0.17830704989453475
12242,-0.029677624008213124
12243,-0.005615072333567558
12244,-0.005615072333567558
12245,-0.0007879813307602761
12246,-0.029313748921032477
12247,-0.00901036410407906
12248,-0.10967774524954729
12249,-0.06649730774578416
12250,-0.107557374543323
12251,0.005934206618953521
12252,0.005934206618953521
12253,-0.07654594876366196
12254,-0.021407259851859022
12255,0.0017719842824063389
12256,-0.07654594876366196
12257,-0.07890538481916129
12258,-0.10133014055571975
12259,-0.020531766351530076
12260,-0.07890538481916129
12261,0.048703549127985614
12262,-0.03486626509914644
12263,0.0009818300242074895
12264,-0.07962841073602321
12265,-0.050363957210048244
12266,-0.0326127234139228
12267,-0.10441411368932145
12268,-0.07515163051863069
12269,0.018807082041257063
12270,-0.07671277218555006
12271,-0.008004142129531221
12272,-0.007056462051999754
12273,-0.026495560683640503
12274,-0.013873757612000796
12275,-0.15452114282913842
12276,-0.0319934073416981
12277,-0.017577456470776895
12278,-0.06634726458866078
12279,0.005654260052398305
12280,0.025795660139718984
12281,0.005745404064958886
12282,0.0058014993038858174
12283,0.03221377082292956
12284,0.009183214749013957
12285,0.009862684485401485
12286,-0.05858586349824874
12287,-0.1003976422279889
12288,-0.057728306063324415
12289,-0.04677109272517344
12290,-0.05638124936464632
12291,-0.05638124936464632
12292,0.012197177037288388
12293,0.03893062471587554
12294,0.034637280270925025
12295,-0.050515141972405794
12296,-0.05543080873052857
12297,0.03517502586522791
12298,-0.05518865625950537
12299,-0.0013026042491566599
12300,0.0038687657556654414
12301,-0.055177166799005
12302,0.05193611112680778
12303,-0.04973650205417422
12304,0.0021331726277789577
12305,-0.06564663238893864
12306,0.05295962548096053
12307,-0.04851222082351989
12308,0.004100385838540288
12309,0.010788539229311276
12310,0.042519923579653784
12311,-0.1381946307528387
12312,-0.06029037294194671
12313,0.000578357633784419
12314,-0.08178848031826542
12315,-0.0008687981522995482
12316,-0.05307971336086896
12317,-0.10682409405197239
12318,-0.004972817592696676
12319,-0.0036717276529400727
12320,-0.005035090805734912
12321,0.0029707521091012446
12322,-0.03686590370722679
12323,-0.0348955919107121
12324,0.0029707521091012446
12325,0.005443991649593441
12326,0.02543671021094721
12327,0.02543671021094721
12328,-0.10356856829860064
12329,-0.10775119863206846
12330,-0.04307857408909754
12331,0.03661630290883207
12332,-0.04677431905716144
12333,-0.04590511760926473
12334,-0.04590511760926473
12335,-0.05478529760835013
12336,0.024473925067111497
12337,0.02508575757442037
12338,-0.02099532567367984
12339,-0.07335541566169598
12340,-0.053850938240771855
12341,-0.043878130748589504
12342,-0.05369997960987243
12343,0.01612096462607294
12344,-0.021678868640176457
12345,-0.050965430707546354
12346,-0.032976017538667524
12347,-0.05755059541332288
12348,-0.06448444614294925
12349,-0.02964506505134174
12350,0.042442464474098
12351,0.044385752972872755
12352,-0.061565062855625644
12353,-0.02197458827293082
12354,-0.04994835767535903
12355,0.017569467465203086
12356,-0.05267284646782898
12357,-0.09122126895919201
12358,0.04070299070401361
12359,-0.05288922481946109
12360,-0.05503334653184543
12361,-0.11883210951867058
12362,-0.07162939686023165
12363,-0.055607685294839636
12364,0.04731576892689674
12365,-0.055607685294839636
12366,-0.09971969413146446
12367,-0.053839850992314434
12368,-0.0552784562420285
12369,-0.06730442910729378
12370,-0.044170342073128165
12371,0.04198752361859081
12372,-0.05483724532422487
12373,-0.05483724532422487
12374,-0.07434214241480647
12375,-0.041913066943416157
12376,-0.10811227668567669
12377,-0.038598688329376414
12378,0.04116257972629464
12379,0.0432105635339393
12380,-0.05972909496677156
12381,0.0056583018888496026
12382,-0.044127841889906996
12383,-0.07320661879589475
12384,-0.05434428545342688
12385,-0.038695991369617794
12386,-0.05719648969247054
12387,-0.031403248276018314
12388,-0.0601613325731752
12389,-0.11572749322310157
12390,-0.013717758282814569
12391,-0.041170156778188395
12392,-0.07727019276095505
12393,-0.006796599802881495
12394,-0.04656300792302766
12395,-0.04766878363494292
12396,-0.04766878363494292
12397,-0.038292240310401286
12398,-0.08980370719435468
12399,-0.030184209326529775
12400,-0.030184209326529775
12401,-0.09965252762548786
12402,-0.05136022370930985
12403,-0.05095439705874786
12404,0.02860386983256109
12405,-0.07577561358225239
12406,-0.05048576279228606
12407,-0.05048576279228606
12408,0.030009379463226887
12409,0.04149789710171882
12410,-0.07273493584391541
12411,-0.12241755608827648
12412,-0.040482789144734126
12413,-0.08411604942168383
12414,-0.05229678281363989
12415,0.014331988854087452
12416,0.021733814392267854
12417,-0.03444805865379309
12418,-0.0501503781173767
12419,-0.046556560783222976
12420,-0.039645365796408934
12421,-0.06969554732064258
12422,-0.030672053687682464
12423,0.012792424263432496
12424,-0.0272968308114237
12425,-0.06420007304660953
12426,-0.11432778872179307
12427,-0.06676115926045194
12428,-0.030743181037983167
12429,-0.036742936592114285
12430,0.02676483812052118
12431,-0.06940181751878817
12432,-0.03681607245078796
12433,-0.03586815950685536
12434,0.015122064425280931
12435,-0.03507400005872237
12436,-0.08580835748209
12437,-0.03507400005872237
12438,-0.03366158727892593
12439,0.020039072996159365
12440,-0.03386935942656657
12441,-0.06234313664541172
12442,-0.03034697275721282
12443,-0.03299135054553578
12444,-0.03299135054553578
12445,0.05070386916076501
12446,-0.03313893923260673
12447,-0.06380512970173156
12448,-0.15184381223777496
12449,-0.06263893170133618
12450,-0.008469639556687393
12451,-0.026915722574989965
12452,0.022466714911258883
12453,-0.01211434313913138
12454,-0.04319385263678613
12455,-0.026037795509897606
12456,-0.00899386230726255
12457,-0.012386931689594951
12458,-0.07747668650455714
12459,-0.036094234717393564
12460,-0.056660317163738046
12461,-0.03825464321460439
12462,-0.07624546050078297
12463,-0.09176565073959726
12464,0.0022394367236950757
12465,-0.04163842320048264
12466,0.08344439156486246
12467,-0.09871234877836758
12468,-0.0559495454814158
12469,-0.04659332979304775
12470,-0.06131092232869142
12471,0.016604628383439415
12472,-0.04950308308125447
12473,-0.04955460082684156
12474,-0.04765608526024401
12475,-0.04765608526024401
12476,-0.08993472509790607
12477,-0.10159200828487944
12478,-0.02361620326505203
12479,-0.03963927191479255
12480,-0.08222571921920963
12481,-0.025028761533623104
12482,-0.03085283803565732
12483,-0.03085283803565732
12484,-0.0846711070828123
12485,-0.029334260596086046
12486,-0.1598527990174428
12487,-0.06484389640731177
12488,0.06521991374833423
12489,0.030526861910096643
12490,-0.030116394477731886
12491,0.02212093998787871
12492,-0.02462394163887924
12493,-0.090452176513614
12494,-0.05475872328207795
12495,-0.031225608983789736
12496,-0.05444829338512835
12497,0.026096212977567895
12498,-0.0972709426493664
12499,-0.03329752190201525
12500,0.02399036564106216
12501,-0.03425132080293114
12502,-0.10302086825444802
12503,-0.09954836868490127
12504,-0.11444823428422989
12505,-0.027968303532605696
12506,-0.029448876515441324
12507,-0.054299896088026676
12508,-0.042413258945059026
12509,0.01701848219223354
12510,-0.044658916774986346
12511,-0.04582730336957867
12512,0.023591377510711355
12513,-0.10381747451296759
12514,-0.04043456256746299
12515,-0.018166359683360386
12516,-0.09506490570868896
12517,0.06450104192862326
12518,-0.04161024890230621
12519,-0.09654596889784761
12520,-0.018239579222174677
12521,-0.1565247579338796
12522,-0.10211024163234962
12523,-0.017302174110421755
12524,0.011586393537371153
12525,-0.06276151747361214
12526,-0.18157647168537955
12527,-0.04010188956829216
12528,-0.011962692523743157
12529,-0.011962692523743157
12530,0.016808639853585224
12531,0.002109082423739456
12532,0.014842671555961681
12533,-0.06626094268450992
12534,-0.06726358386937992
12535,-0.09068332359617885
12536,-0.10817483830633784
12537,-0.10421166440195888
12538,0.011644967538294141
12539,-0.02725864268741468
12540,-0.0038750414746817653
12541,-0.10805822763548921
12542,-0.027728426761821596
12543,-0.06007537031614739
12544,-0.027328573803293624
12545,0.002756774206766231
12546,-0.09561115840817505
12547,-0.02871086366552065
12548,-0.02871086366552065
12549,-0.07205908092060315
12550,-0.008019292777448249
12551,-0.016046265646590646
12552,-0.01436719097675686
12553,-0.09192309192283923
12554,-0.021974477428873204
12555,-0.07047662564333827
12556,-0.0180321247390852
12557,-0.14818220547887415
12558,-0.11765634293632987
12559,0.02600916010341774
12560,-0.20837801909912934
12561,0.02276505570140404
12562,-0.01982417668407065
12563,-0.022346705142183308
12564,-0.018788176614483953
12565,0.01625533644691099
12566,-0.06285001043033474
12567,0.09089648085530513
12568,-0.015993740912491478
12569,-0.0772124567770154
12570,-0.07019861393547096
12571,-0.04671623966300155
12572,0.032561149854860146
12573,-0.002570240283741223
12574,-0.11872007341956009
12575,-0.11814774942729449
12576,0.028941925756211805
12577,-0.040097329201115445
12578,-0.01023457510204374
12579,-0.01023457510204374
12580,-0.013050585277812872
12581,-0.015824885446179115
12582,-0.05034954342131582
12583,0.04305477925510188
12584,0.013911427817650935
12585,-0.021559570476359115
12586,0.022123344963783487
12587,-0.015966217632730467
12588,-0.019593352696744365
12589,-0.009737325422786507
12590,-0.020093420052563864
12591,-0.07665385927406233
12592,0.11389493243833086
12593,-0.007060440336015596
12594,-0.12267155536261952
12595,-0.01771125305231346
12596,-0.12424011242241526
12597,0.025822164514503098
12598,-0.05311130785907561
12599,-0.2162036735904192
12600,0.027264444550117214
12601,0.023259462764946563
12602,-0.0273631847505096
12603,-0.04021057307970983
12604,-0.07123361434140522
12605,-0.07971071072730435
12606,-0.04976937709521223
12607,-0.06174924362134373
12608,0.02032839041451309
12609,-0.05041212012245309
12610,-0.123313779560473
12611,-0.04887581861800828
12612,-0.05143029195057441
12613,-0.06313013509338396
12614,-0.06313013509338396
12615,-0.04177487283277317
12616,0.04376824817947401
12617,-0.06438596018518142
12618,-0.06438596018518142
12619,-0.06603265013359022
12620,-0.08044273438915611
12621,-0.046544906699420685
12622,-0.043779432643613295
12623,-0.12308309061556776
12624,-0.05327384993272202
12625,-0.051367029598512436
12626,-0.0706381184191743
12627,-0.12577813493040835
12628,-0.0716393153481992
12629,-0.22066554821343395
12630,-0.05540267608171162
12631,-0.04640835652948861
12632,0.042150358779154865
12633,-0.14769034314154195
12634,-0.04798091506847416
12635,-0.07664969217993368
12636,0.03130096980727252
12637,-0.10773626941052894
12638,-0.04369188088122264
12639,-0.08480159660133099
12640,-0.080522482717584
12641,-0.12989387114607318
12642,0.041305374829280116
12643,-0.05221145451862578
12644,-0.08051965842368858
12645,-0.07542331294556719
12646,-0.13217483701493327
12647,-0.04918967243847682
12648,-0.05597885109377218
12649,-0.04281356794164042
12650,0.03753367106302588
12651,-0.06208553709768627
12652,-0.04015213461411631
12653,-0.05806778448216562
12654,-0.05806778448216562
12655,-0.05806778448216562
12656,-0.07087671355101936
12657,-0.0692652117820595
12658,0.09896350844405957
12659,0.03086271791757938
12660,-0.053718423541834516
12661,-0.06739458330986513
12662,-0.054412856749464916
12663,-0.1385590812927827
12664,0.02435685099183073
12665,-0.05567122751503983
12666,-0.13985572989135475
12667,-0.2201078732811997
12668,0.035866665713245566
12669,-0.0349606888137981
12670,0.028854139504251378
12671,-0.06077655519047864
12672,-0.0450577576690534
12673,-0.04756376366494837
12674,0.019766564523107974
12675,-0.07821350977197437
12676,-0.08771593986326084
12677,-0.14306567971947362
12678,-0.06256607025021196
12679,-0.14517768158234817
12680,-0.0541255577491308
12681,-0.14447512479279148
12682,-0.061463601374907695
12683,-0.061463601374907695
12684,-0.05818014582172688
12685,0.017696423463145195
12686,-0.049522985398773686
12687,-0.074383303010774
12688,-0.06263778885157176
12689,0.03158832994337394
12690,-0.04905573162673121
12691,-0.04045185046315024
12692,-0.07100158361211903
12693,-0.1396079611651751
12694,-0.05120397359299123
12695,-0.06550957847437548
12696,-0.07172279126301641
12697,-0.13991047639549428
12698,0.04346753892905487
12699,0.04420960548011835
12700,-0.048232140397749985
12701,-0.06581150494113064
12702,-0.06754154188165457
12703,0.015509947553260184
12704,-0.06564196515147191
12705,-0.06621562278703252
12706,0.05703875972339562
12707,-0.06480139334911948
12708,0.02012700625945751
12709,-0.09441854438847078
12710,-0.08773184195347683
12711,-0.07286339519751132
12712,-0.1451917906856929
12713,-0.14390094283927493
12714,-0.0557817407223173
12715,-0.07239520202646298
12716,-0.0730775678392019
12717,-0.06600850140009609
12718,-0.06607065111924756
12719,-0.003373753118528117
12720,-0.05530028286044521
12721,-0.0752463539241807
12722,-0.06410529370241436
12723,-0.07656719800275187
12724,-0.07777708243990757
12725,-0.03240568884896274
12726,-0.059735980434030826
12727,0.035331823941019275
12728,-0.05782932963609385
12729,-0.07145382581754485
12730,-0.1496837545614576
12731,-0.1503895490141306
12732,0.059998065909818786
12733,-0.05066433072267975
12734,0.05955126460690456
12735,0.028538765784337318
12736,-0.05959366677218741
12737,-0.06466306222779974
12738,-0.06466306222779974
12739,-0.01673485373958113
12740,-0.15547135354583694
12741,-0.10528849778360976
12742,-0.0786982924670905
12743,-0.07079226264761632
12744,-0.1623092569740164
12745,-0.1601118944673396
12746,-0.06396426370278396
12747,-0.06313168097425306
12748,-0.03938890859007572
12749,-0.06418597752742586
12750,-0.08288521847345157
12751,-0.08651268335985789
12752,0.045928693032100044
12753,-0.061473267613104544
12754,-0.0706841860221032
12755,-0.05469306862187691
12756,-0.0835415181812656
12757,-0.06726546883012463
12758,-0.08431241617200436
12759,-0.062244683670179636
12760,-0.026574068789834305
12761,-0.08477144951801083
12762,-0.07732983010974322
12763,-0.08497713391184838
12764,-0.17320833227309992
12765,0.09887441106985467
12766,-0.16981884517491022
12767,-0.07642502010262765
12768,0.059216852909581265
12769,-0.05268356317376983
12770,-0.08751932861996264
12771,-0.013903353773357642
12772,-0.08814014763129085
12773,-0.08814014763129085
12774,0.07297096923466667
12775,-0.0765854043937744
12776,0.02455666881480644
12777,0.02322383259645133
12778,0.0007219377298468505
12779,0.03598088758003397
12780,0.03814431492708864
12781,0.03814431492708864
12782,0.03385733207261331
12783,0.024557455878639223
12784,0.03671649854315187
12785,0.020601621996296844
12786,0.05096335185435997
12787,-0.21409978638915458
12788,0.03343197741328084
12789,0.03343197741328084
12790,0.017486014593261802
12791,0.052354052203978194
12792,-0.0065028182656738445
12793,0.04444327288909505
12794,0.024421586608411514
12795,0.006816680847744028
12796,-0.1737790552383231
12797,-0.026425262292748268
12798,0.08016071812386417
12799,0.014079832029795455
12800,-0.03259554155872976
12801,0.012182783944207576
12802,-0.009110551493308644
12803,-0.014053720517644214
12804,-0.033501031693958815
12805,-0.013352466006851726
12806,-0.15212481315824838
12807,0.07642574487480891
12808,0.07027435511240547
12809,-0.018880901656703274
12810,-0.151033510569085
12811,0.014917486515452863
12812,0.026636048907272773
12813,-0.14782799579569192
12814,0.010366282946100891
12815,-0.1544422753554558
12816,0.05938894033542507
12817,-0.13988151979155683
12818,0.006325680008645781
12819,-0.12301448391014758
12820,0.03587495900553955
12821,0.011645598385214916
12822,-0.1372913260987312
12823,-0.14626752860288958
12824,-0.0032131849274821917
12825,0.05075087665227591
12826,0.001107806204299818
12827,-0.07343305180056912
12828,0.047437961690824496
12829,-0.1529286406323241
12830,0.035492695316614156
12831,-0.07095717661120372
12832,0.05000631497696605
12833,-0.12266970318173927
12834,0.048176273853848595
12835,0.04368513881978928
12836,-0.006162540612023671
12837,0.043367200062416296
12838,-0.0028332167434950116
12839,-0.0035818167716324695
12840,0.02095250732945498
12841,-0.1561391341351565
12842,-0.14530594635690486
12843,-0.08162165343730783
12844,0.013616551363918115
12845,-0.012236877911412945
12846,-0.012647681858667109
12847,-0.15417549128898703
12848,0.026318829417632368
12849,-0.13290645760407593
12850,0.014410747549234607
12851,-0.015173393814024647
12852,-0.10030405545107396
12853,-0.09956933997564882
12854,-0.15752436954069976
12855,0.00822150251234058
12856,-0.017025048349841528
12857,0.03496677447130021
12858,-0.08227589432605271
12859,-0.09403041654381991
12860,-0.018046162481564838
12861,0.041503844132015945
12862,-0.020084451460219126
12863,0.012180611455075131
12864,-0.14815552590747796
12865,0.03799641093779383
12866,0.03872816508713907
12867,-0.020027676485697882
12868,-0.07694550628153136
12869,0.037854957737145346
12870,-0.015780275516067754
12871,-0.01676762039279207
12872,0.0399465277309344
12873,-0.14579816940383225
12874,0.042145277793536384
12875,0.06102221711160618
12876,-0.09224530548479516
12877,0.0017053006122030492
12878,-0.017984631743682016
12879,0.041445962154603895
12880,-0.08654403752558822
12881,-0.08654403752558822
12882,0.036240924914796684
12883,0.04104025177183009
12884,-0.0068821957270825025
12885,-0.16935145627523995
12886,-0.011592213089422453
12887,0.042074945002237296
12888,-0.09075680865995092
12889,-0.01693940097761515
12890,0.021538522747328374
12891,-0.01266016355755349
12892,-0.16312155012405652
12893,0.005600268623395638
12894,0.039684165811167176
12895,-0.016483022882892807
12896,-0.07025265641169491
12897,-0.13181303659632912
12898,-0.06589796238172402
12899,-0.06930200143258707
12900,0.026089365461016117
12901,-0.06841461851054632
12902,-0.011268358674013048
12903,0.0006464131191926523
12904,-0.14431315553331003
12905,0.04943203679108477
12906,0.025069536043437576
12907,0.0036400245591387786
12908,-0.16419553327318512
12909,-0.16657153465410776
12910,0.05714323734113167
12911,0.051977129358847754
12912,-0.09918503233051378
12913,0.031579858193870596
12914,-0.018641924310699887
12915,-0.13193702844854344
12916,-0.017441596264953067
12917,-0.08297510898460278
12918,-0.0024172839856552906
12919,-0.015593707986392346
12920,0.06161676514662591
12921,0.02463086442623445
12922,-0.1447193104373091
12923,-0.05557875258934174
12924,0.05958112947514603
12925,0.024715746494699955
12926,-0.01592686290801625
12927,-0.1809376654662503
12928,0.0016902265051281066
12929,0.06544226648343873
12930,-0.04984908122827549
12931,-0.01972939607469475
12932,-0.0021141977371928094
12933,-0.042433266779292184
12934,-0.016684504305845504
12935,0.06508120958635291
12936,0.029089864018567432
12937,-0.021895416914814468
12938,0.09898790139270033
12939,-0.18072146347750645
12940,0.059007197048879585
12941,-0.12045414333818277
12942,-0.09535819580375177
12943,-0.01752965419620082
12944,-0.040278138509492016
12945,-0.02079051774109053
12946,0.06473076020981898
12947,-0.03954048225202538
12948,-0.016788527861758266
12949,-0.17722724683259902
12950,0.0038335851628571505
12951,-0.02635870410291041
12952,-0.13004799734302147
12953,-0.0005149630254535543
12954,0.03622084349980085
12955,-0.09863080439360099
12956,-0.09484674552011284
12957,0.06232923719073629
12958,-0.013263305641808063
12959,0.06105162705935938
12960,-0.012000330229728896
12961,0.0008804549999649517
12962,-0.1039780231231845
12963,-0.11822057773809236
12964,0.040350637940191926
12965,-0.019484066687051587
12966,0.06573063634324114
12967,0.04160168026282296
12968,0.06392947593537356
12969,-0.01189199619924869
12970,-0.006916242309890297
12971,-0.008216962322734105
12972,-0.040979248078038
12973,-0.1783776203318105
12974,0.0419756870603092
12975,-0.13582507828319787
12976,-0.009012003512095251
12977,0.05698260953877795
12978,0.004472941010411275
12979,0.04040570760585485
12980,-0.0449498366353665
12981,-0.019776138039076876
12982,0.038496228627544864
12983,-0.005735312793591549
12984,-0.04752297104969382
12985,-0.04752297104969382
12986,0.0028854445152509136
12987,0.05279656663746121
12988,-0.022619239050059182
12989,0.08400777688686795
12990,-0.19124046423901364
12991,-0.11786095672699293
12992,-0.09264700380198664
12993,-0.05167856436623782
12994,0.060371126929028206
12995,-0.025883020414059002
12996,-0.026150176180251634
12997,0.06385543473352957
12998,-0.017318113859788112
12999,-0.035462244063638806
13000,-0.1475529922600267
13001,0.0005271448502903697
13002,-0.02487974182712023
13003,-0.11676665631818342
13004,0.057311101970248135
13005,0.00026693685422515926
13006,-0.02532492403121966
13007,0.04282481074691954
13008,-0.021910665234286853
13009,-0.12423540303539761
13010,-0.022320829155254598
13011,-0.09242149654525567
13012,-0.09141399436073995
13013,-0.023084388657542042
13014,0.05637040444001593
13015,-0.02115528823047782
13016,0.043068944311458496
13017,-0.021079949054551596
13018,-0.03603610694895683
13019,0.03127755651483104
13020,0.00571902528420792
13021,-0.02285583123393071
13022,-0.033177759802008724
13023,0.049933707808146745
13024,0.028548500166090156
13025,-0.018660214405614602
13026,-0.03284089425544092
13027,-0.13008890551202845
13028,-0.12700026538740006
13029,0.0014836611801126495
13030,0.053315365490882706
13031,-0.00923020417761906
13032,-0.1944557461824665
13033,-0.12845477883486306
13034,0.03294843227681306
13035,0.03314389681277229
13036,0.05215688237915074
13037,-0.0337815370655414
13038,-0.1123887323534493
13039,-0.08949554504790025
13040,-0.02180264183010094
13041,-0.0017114445658177725
13042,-0.02172821184120151
13043,-0.0014005704669183881
13044,0.04047359153952507
13045,-0.009481853787813872
13046,0.0006502069241168264
13047,0.01120207582051869
13048,-0.11832943114245542
13049,0.0013474436983277034
13050,0.01435938675769505
13051,-0.0005905651109156984
13052,-0.1166944644259144
13053,0.013400218698547382
13054,-0.09075427247537089
13055,-0.00234363938517304
13056,0.024405447861633595
13057,-0.12268382774056674
13058,-0.12821945528443932
13059,-0.0036639494079067666
13060,0.011899662105048867
13061,-0.004393683769258116
13062,-0.004393683769258116
13063,-0.08324209539734417
13064,0.04731927787122341
13065,-0.006118861478980716
13066,-0.013170341782968078
13067,0.016545598757942453
13068,-0.012151320333564891
13069,0.03318439352939299
13070,-0.011601625520687836
13071,0.031466252577269004
13072,0.005051163612380915
13073,0.003544110493382223
13074,-0.008742149172502005
13075,-0.008468479069385363
13076,-0.006029986019476213
13077,-0.008468479069385363
13078,-0.012251762462871017
13079,0.03914696575020751
13080,-0.17708722951563094
13081,0.0006464474015533085
13082,0.04057989054322258
13083,0.03560750318625188
13084,0.003949413021362201
13085,-0.08613026229393268
13086,-0.023345463409825337
13087,-0.002237792816630175
13088,-0.023361654809116637
13089,-0.01188400752457038
13090,-0.12054347822976244
13091,0.028052267299547646
13092,-0.07196021330547335
13093,-0.018194001403232962
13094,0.015470872096586055
13095,-0.012599749679077718
13096,-0.023710575483841756
13097,-0.11941492584466076
13098,-0.0035389131817930527
13099,-0.02755175260638066
13100,-0.08222435320566443
13101,-0.027027237218655874
13102,0.011956673758959552
13103,-0.137799261345136
13104,-0.13608895082467787
13105,0.03262558760397998
13106,0.020383338243970615
13107,-0.02477588155494487
13108,-0.07571927279418278
13109,-0.007752140808358932
13110,-0.024725831871163714
13111,-0.02459533040528166
13112,0.03451199582342912
13113,0.008704260145127764
13114,-0.02190216120244533
13115,0.023607386085180405
13116,0.04683555089417441
13117,-0.019543071886119597
13118,-0.005607114839064434
13119,0.029684819661796428
13120,-0.016860396799947344
13121,0.012636396633699927
13122,-0.0030268685585560597
13123,0.013300439087608772
13124,-0.0063611658679910725
13125,-0.13988910448692093
13126,-0.01986073379835111
13127,0.00046056006001904154
13128,-0.17767258341022768
13129,0.033986086151777666
13130,-0.024961338351036543
13131,-0.08011880153539744
13132,-0.01749488071447837
13133,-0.0819807146164016
13134,0.00971221820621355
13135,0.03224079414376368
13136,-0.02820198696358036
13137,-0.10135536373562101
13138,-0.159085439883917
13139,-0.0031544191974612738
13140,0.002306084965644755
13141,0.01623823643605068
13142,-0.011858788976845365
13143,0.014239482297152046
13144,-0.1308901696533285
13145,0.005017984784078006
13146,-0.02868848823767459
13147,0.006292645197700152
13148,0.056119337916827695
13149,-0.03036958189698768
13150,-0.03197209715759814
13151,0.002174223466484405
13152,0.009140493380785455
13153,-0.06110392330309446
13154,-0.029022526415979542
13155,0.0007804603310799157
13156,-0.007698893534744239
13157,-0.07690839840637148
13158,-0.03385099861238448
13159,-0.10139552721431647
13160,-0.03793143363460091
13161,-0.03793143363460091
13162,0.028209501470893766
13163,0.03804374067604203
13164,-0.022978637329081678
13165,-0.0017353616461635308
13166,0.025291872880555694
13167,0.0293836049562347
13168,-0.00148268495743905
13169,0.03600745597438646
13170,0.03600745597438646
13171,-0.005323864025331902
13172,-0.04464115034811805
13173,-0.001471409336488017
13174,-0.15524159581829453
13175,-0.08149378535202703
13176,-0.06921314423835342
13177,-0.058573515598146705
13178,-0.006799516964386339
13179,0.001966480920127363
13180,-0.04732767314765931
13181,0.0007971585782994142
13182,-0.016900581299287114
13183,-0.04272119510343948
13184,-0.1487404507534955
13185,-0.002648492014675984
13186,-0.14947409697001998
13187,-0.11495239284561314
13188,-0.07965142344288403
13189,-0.04435395985602978
13190,-0.044052090800327945
13191,-0.004029689286286495
13192,-0.08773497215008623
13193,-0.009432837915400862
13194,-0.07557349821374665
13195,-0.042276936462739834
13196,-0.04268249761281491
13197,0.0018347388042918194
13198,-0.01250323044742983
13199,-0.04198085975206512
13200,-0.040919124573143596
13201,-0.005542679673363142
13202,-0.06662739139760862
13203,-0.03832175477258847
13204,0.03502301462325144
13205,-0.038356251217175605
13206,-0.1464006668165249
13207,-0.004344352489927114
13208,-0.147439487077242
13209,-0.02208120975557136
13210,-0.03583748386245732
13211,0.02472690066352588
13212,0.02472690066352588
13213,-0.005377633668185526
13214,0.003051180145125076
13215,0.003051180145125076
13216,0.00013066677030850019
13217,6.239967025288781e-06
13218,-0.006458639721723176
13219,-0.14561689616696133
13220,0.010302229746159703
13221,-0.08264061473313637
13222,-0.005054453572741436
13223,-0.04072632839340417
13224,-0.007852601801068441
13225,-0.031243465144399237
13226,-0.01837746429142181
13227,-0.03102422093306113
13228,-0.013089551995520992
13229,0.0382165709618252
13230,-0.14729935982703526
13231,0.00352988976666808
13232,-0.1333350356425456
13233,0.023535198544540264
13234,-0.0003720916115539074
13235,-0.027482656065882377
13236,-0.03500438101946431
13237,-0.02552456775587615
13238,-0.00017146737809446
13239,-0.00017146737809446
13240,-0.014703812515662435
13241,-0.02157775700572639
13242,-0.05756862975343717
13243,-0.018263666399474892
13244,-0.07989635515909922
13245,-0.01060636475931103
13246,-0.02419588398373045
13247,-0.02419588398373045
13248,-0.02371778857097126
13249,-0.002554046379147799
13250,-0.027092739137429937
13251,-0.023503528622317357
13252,-0.020074354932089214
13253,-0.10767002670339963
13254,-0.02623828810239387
13255,-0.02623828810239387
13256,-0.017496932118255978
13257,0.005829301051883178
13258,-0.15883750180349165
13259,-0.0037222130662383115
13260,-0.12456841021778163
13261,0.0010149805308217804
13262,-0.023689227480462396
13263,-0.028774584868428967
13264,0.01477160088236854
13265,-0.017761506626110386
13266,0.011819624990052425
13267,0.011819624990052425
13268,-0.036227612718269436
13269,-0.025440389973307293
13270,-0.006843461619701013
13271,-0.0095490173665622
13272,-0.020722886345445196
13273,-0.11594429884808642
13274,-0.006550503352110189
13275,-0.07768928868051446
13276,-0.017941434467828157
13277,0.013382475903085092
13278,-0.03489643386119788
13279,-0.020716983750524862
13280,-0.006820995535209207
13281,-0.009804463048038647
13282,-0.023829650448532483
13283,0.010090437664348464
13284,-0.034095811037928955
13285,-0.18378280182613455
13286,-0.01388032371302312
13287,-0.00022824838246721728
13288,-0.10791853119448357
13289,-0.033879922155291176
13290,0.0019343457491088124
13291,-0.00758267772285628
13292,-0.002282934363592396
13293,-0.03537314050541131
13294,-0.12153418359173974
13295,-0.002607623443501346
13296,-0.036872375402863485
13297,-0.0042062904723008145
13298,-0.03664473713663845
13299,-0.0011468279848665702
13300,-0.0717006442827114
13301,-0.11239962080180523
13302,-0.006117470297529876
13303,-0.01376495175117694
13304,-0.014514661612121898
13305,-0.038759439455430145
13306,-0.016720173675802513
13307,-0.01379686531515688
13308,0.04431332496026565
13309,0.007349860878430473
13310,-0.08859560051997985
13311,-0.19547700078489583
13312,-0.015339502467745137
13313,0.0016942706934784102
13314,0.0019391938261324154
13315,-0.006864690721219539
13316,0.015449828665117205
13317,-0.03592512585672779
13318,-0.016135285225928688
13319,-0.051104341587325394
13320,0.019957093368960656
13321,-0.02322488771802744
13322,0.0037852511729096947
13323,0.019806330434338923
13324,-0.028283443510933814
13325,-0.06993388376546027
13326,-0.0586158904520679
13327,0.01605860696166593
13328,-0.0066265722660315066
13329,0.02717238335039931
13330,-0.06215208736456723
13331,-0.12179541810485561
13332,0.009291775952036407
13333,-0.20461304023666657
13334,-0.0066135675041957415
13335,-0.06694092000799926
13336,-0.022468303085696275
13337,-0.02203536199190169
13338,-0.049269202411594555
13339,-0.008844493953340238
13340,-0.005977039398536251
13341,-0.020007929066305698
13342,0.015842502811345863
13343,-0.06686295214648794
13344,-0.06615353800932726
13345,-0.0661317288564437
13346,-0.01830262303920741
13347,-0.01830262303920741
13348,-0.01741862796346758
13349,-0.06947214620678195
13350,0.009496486988289666
13351,-0.06799636138349796
13352,-0.018196770421397338
13353,-0.07549490819748979
13354,-0.021013900349393252
13355,-0.032349152408328176
13356,-0.007001728753292612
13357,-0.06275666463471141
13358,-0.1999619023337061
13359,-0.08687887442944227
13360,0.01123393782817684
13361,-0.021546594110978222
13362,-0.021546594110978222
13363,-0.08942236912555382
13364,-0.028029121918834474
13365,-0.040839516232582626
13366,0.008100304297093757
13367,-0.0031058815791987393
13368,-0.003016976961521005
13369,0.0037663606795669794
13370,0.0037663606795669794
13371,-0.03187889862370228
13372,-0.0769824890013242
13373,0.005410369647157208
13374,-0.09362383023317608
13375,-0.0227594315758743
13376,0.009256085211000669
13377,-0.12294014733755684
13378,-0.0764756023500138
13379,4.545864354314014e-05
13380,-0.05984893689424143
13381,-0.027365515546978574
13382,-0.022652532129439167
13383,0.00955149045696484
13384,-0.03342186831718193
13385,-0.09185889345667592
13386,-0.19823404280233103
13387,-0.009345592193471345
13388,0.029616921827576435
13389,-0.04418738130762479
13390,-0.047460794609615636
13391,-0.06822821062855176
13392,-0.12025902952370379
13393,-0.042391802793502166
13394,-0.0016166556867052652
13395,-0.0775698652913456
13396,-0.04457973654189493
13397,-0.009863449017293186
13398,0.0016810079814866797
13399,-0.04392367402999272
13400,-0.05262390000689436
13401,-0.04443475650224686
13402,0.008561861207379298
13403,-0.08757322525583845
13404,-0.001130599545890151
13405,-0.039980835614494
13406,-0.04116445370216985
13407,-0.08076967960246798
13408,-0.04102595597981288
13409,0.022291292716317784
13410,-0.08905197905016608
13411,-0.03828353363857166
13412,-0.03097395879836593
13413,-0.031866900246274636
13414,-0.022960514330241974
13415,-0.039516272591389366
13416,-0.1885118806507291
13417,0.03131695981832729
13418,-0.038664211541429856
13419,-0.08531130678401755
13420,-0.034114863625381436
13421,-0.08197971350433436
13422,-0.0072317307588399
13423,-0.049742303099678954
13424,-0.004679664256196198
13425,-0.0321261356927432
13426,0.010348701219334348
13427,-0.0781224129340049
13428,-0.03161610485021016
13429,-0.040554371646311746
13430,0.026157161737694282
13431,-0.03030177091049268
13432,-0.11503901662614086
13433,-0.07754796313322475
13434,-0.013057083034784256
13435,-0.06734414659047451
13436,-0.0769753122716194
13437,-0.04881853344970335
13438,-0.0415325571825295
13439,-0.04217325926302391
13440,-0.00867850768842121
13441,-0.06813988735934302
13442,-0.1969162227301327
13443,-0.0283769021864631
13444,-0.07862652072300219
13445,-0.008957137305027545
13446,-0.05626677857188742
13447,-0.027741508787777692
13448,-0.04587275866373337
13449,-0.12107578375182526
13450,-0.024807622268104203
13451,-0.024807622268104203
13452,-0.022962468963714257
13453,-0.022962468963714257
13454,-0.00549367039279224
13455,-0.08497703120027877
13456,-0.02220542557034916
13457,-0.02220542557034916
13458,-0.09036573062451428
13459,-0.018610905170696267
13460,-0.19965775464737162
13461,0.03619941648011569
13462,-0.05784991459451018
13463,-0.044053814026569986
13464,-0.01599768639365636
13465,-0.06106921519291676
13466,-0.0010424528354601747
13467,-0.02762683468015187
13468,-0.014090610171663524
13469,-0.09531177914739332
13470,-0.0003087560485292143
13471,-0.028793726252699305
13472,-0.09725163854599707
13473,-0.00034648669549189223
13474,-0.00929780951954565
13475,-0.00929780951954565
13476,-0.09973833989033691
13477,-0.028563017897103356
13478,-0.028563017897103356
13479,-0.041686905845494344
13480,-0.034171623747035765
13481,-0.1015914973820538
13482,0.0013793769282252927
13483,-0.015163035864168603
13484,-0.02834985471177074
13485,-0.03159441882674471
13486,-0.18819272704633805
13487,-0.03423738896781728
13488,-0.10864046497685988
13489,-0.0990798231445218
13490,-0.0973690265968335
13491,-0.0455342191613269
13492,-0.05161742542542943
13493,-0.006145970887034528
13494,-0.09575849297620526
13495,-0.03448402462368737
13496,-0.044684770111615986
13497,-0.044684770111615986
13498,0.03175549822674947
13499,-0.044499637518242346
13500,-0.04974505100006305
13501,-0.0982954951794871
13502,-0.05397729795181456
13503,-0.18915308590220545
13504,0.031235362648058443
13505,-0.009160197596989137
13506,-0.022760075586364854
13507,-0.05806489813075552
13508,-0.008351169093173648
13509,-0.0979380458968757
13510,-0.005163249789542529
13511,-0.09904935427162846
13512,-0.00020025086390775693
13513,-0.06300663449828751
13514,-0.005219032673596136
13515,0.017362875279112615
13516,5.8183973593672555e-05
13517,-0.0016899786388231619
13518,0.0008048315560421367
13519,0.0035235648722188677
13520,-0.06431523117732929
13521,0.0021015345066021304
13522,-0.020613332966978204
13523,-0.10950680087971923
13524,-0.19242355588839521
13525,-0.020171125736603006
13526,-0.06336711363538776
13527,-0.06336711363538776
13528,-0.0657904882957489
13529,-0.09716836231712056
13530,0.011601143020352183
13531,-0.09681118541601157
13532,-0.07144712048372598
13533,-0.07144712048372598
13534,-0.02003989940853025
13535,-0.0551125113047578
13536,-0.011972357198322462
13537,-0.07437071497927007
13538,-0.07492163288909845
13539,0.04275131307034281
13540,-0.07769100569960928
13541,-0.002667187495105857
13542,-0.008898865805925442
13543,-0.07780751187151418
13544,-0.009125367970670753
13545,-0.09881648478722548
13546,-0.009621012780380278
13547,-0.09805686601864046
13548,0.0010847431400192072
13549,-0.07167699042482915
13550,5.6159227317500735e-05
13551,0.0492942699610666
13552,0.0009322259007592162
13553,0.00018715442764674108
13554,-0.06991428872576107
13555,-0.03388206725081624
13556,-0.016745461595711088
13557,-0.0018807363602564681
13558,-0.0025924613343112717
13559,0.0006953402238100507
13560,-0.06749513917991788
13561,-0.18336245943172327
13562,-0.06150304414588855
13563,0.047542019854951746
13564,-0.037509862156882096
13565,-0.006490698534838856
13566,-0.09874071944051509
13567,-0.06031925449947054
13568,-0.09349293603083747
13569,-0.05917994117294999
13570,0.05457540707217103
13571,-0.007027870999270678
13572,-0.004465420495166636
13573,-0.058601526673615484
13574,-0.05725314187251847
13575,-0.05909874317311509
13576,-0.05500228436774405
13577,-0.008200343973519358
13578,0.0009959459553608855
13579,-0.055933920556964306
13580,-0.05718057350229305
13581,0.011580010392318443
13582,0.050462650582521903
13583,-0.08117937662000922
13584,-0.0015634374215126798
13585,-0.02437632157641181
13586,-0.08327434767563993
13587,-0.0023404882504531144
13588,0.013273574959149496
13589,-0.035109399125108826
13590,0.011116731180908852
13591,0.053187688245140835
13592,-0.05643709556307104
13593,-0.057194216247426995
13594,-0.057194216247426995
13595,0.010118477875118645
13596,0.015342543013034327
13597,-0.14827337473938706
13598,-0.03977101642667613
13599,-0.08695399348472056
13600,-0.05017769662365086
13601,-0.09219356682887467
13602,0.05790862951907698
13603,-0.043991566122998406
13604,-0.010305110990567523
13605,-0.08207949117415032
13606,0.010344091386365748
13607,-0.04368891880311506
13608,-0.04368891880311506
13609,0.017460634878264346
13610,-0.08524513860638659
13611,-0.020411327826371187
13612,0.0335317559213612
13613,0.008298502966428731
13614,-0.11185456611982045
13615,-0.03807964012317531
13616,0.007883624699820095
13617,0.04453234347089758
13618,-0.08420779555032759
13619,-0.015576441000083157
13620,-0.08515983741678311
13621,-0.08515983741678311
13622,0.0056748012008923125
13623,-0.00974394560026001
13624,0.022510664203568523
13625,0.04895011366556918
13626,-0.04610131948120239
13627,-0.04618534926556346
13628,-0.03528934226178114
13629,-0.1361032063811117
13630,-0.019022492080964987
13631,-0.04744888150319516
13632,0.06589015823893397
13633,-0.09197889352998256
13634,-0.09126936019505823
13635,-0.1043431381244078
13636,-0.045091326271302544
13637,-0.045023701276081816
13638,0.021540171828742363
13639,-0.07764810696495865
13640,0.019723393813756384
13641,-0.04433691953925281
13642,0.022649356616078767
13643,0.02412422889434645
13644,-0.015026695879208901
13645,-0.05288534755341984
13646,-0.05288534755341984
13647,0.025828754926937095
13648,-0.02832438586562443
13649,-0.08687348365756348
13650,-0.0918986775504905
13651,0.06829165520247077
13652,-0.06252019311570964
13653,-0.06252019311570964
13654,-0.017972549115927206
13655,-0.002273232668608498
13656,0.009098148621710503
13657,-0.03270616909823276
13658,-0.014152636045378482
13659,-0.05375314235802738
13660,-0.1497173615342776
13661,-0.10059293631739774
13662,-0.14892625530725861
13663,-0.049510112949277936
13664,-0.04557188312170869
13665,-0.05154808087419776
13666,-0.023669893566915918
13667,-0.08332657415405968
13668,-0.08332657415405968
13669,-0.14405118528255445
13670,-0.06399770255409411
13671,-0.09030891153500768
13672,-0.1456947571314416
13673,-0.05032640990632095
13674,-0.05536306038243553
13675,-0.05536306038243553
13676,-0.09533037620956443
13677,-0.07600873032020754
13678,-0.15638809997153108
13679,-0.06687411766569508
13680,-0.03695002605867246
13681,-0.17337626272269055
13682,-0.06532919046211957
13683,-0.16475219580037684
13684,-0.10869469594696651
13685,-0.05403313789010076
13686,-0.1789525974118937
13687,-0.08458357018603595
13688,-0.17291566647642342
13689,-0.04353499540774028
13690,-0.1790923201892726
13691,-0.1096882075125655
13692,-0.0930665802507978
13693,-0.10487245537963832
13694,-0.02860118893902856
13695,-0.0922899141808173
13696,-0.029003914608041526
13697,-0.08225554935722604
13698,-0.12956597625332014
13699,-0.1486541452053733
13700,-0.09193468971502369
13701,-0.0895657724602056
13702,-0.06864111157371705
13703,-0.06230648344215477
13704,-0.048978820771797174
13705,-0.07923147809461523
13706,-0.136153345671208
13707,-0.03276158122444604
13708,-0.13776525402361958
13709,-0.045271116181586184
13710,-0.09195004951292604
13711,-0.16925494511151207
13712,-0.049015708358723806
13713,-0.08207671357441815
13714,-0.051522917759338954
13715,-0.0236728614669782
13716,-0.08426756784558216
13717,-0.030005563238129137
13718,-0.0582245676493451
13719,-0.04903512469157997
13720,-0.14467774830240018
13721,-0.07957666702541069
13722,-0.16227578889969374
13723,-0.061607411179991134
13724,-0.06587546266460424
13725,-0.14405358683292455
13726,-0.03749899577135747
13727,-0.1619807143835946
13728,-0.037322625549681986
13729,0.002408504715344508
13730,-0.08523257357986214
13731,-0.08175784764371635
13732,-0.0493475558246505
13733,-0.08136952953342975
13734,-0.08417861928047496
13735,-0.13043076600739512
13736,-0.03065013659178463
13737,-0.1323825666894578
13738,-0.04955928684073339
13739,-0.08584797174810825
13740,-0.07754919324784028
13741,-0.09319434109858109
13742,-0.032748478261540974
13743,-0.08934001431714562
13744,-0.09961477002056998
13745,-0.15653585998169178
13746,-0.08891271692601323
13747,-0.13916973343660766
13748,-0.15548575270338108
13749,-0.042593080728461935
13750,-0.09920145226356179
13751,-0.05584331604979254
13752,-0.09974458086309076
13753,-0.09976374832233562
13754,-0.09976374832233562
13755,-0.1084347180671523
13756,-0.1084347180671523
13757,-0.10115060618752972
13758,-0.10331272092072981
13759,-0.11045399721374906
13760,-0.047298004960085786
13761,-0.15959885379988872
13762,-0.13796989322962894
13763,-0.10605504258579695
13764,-0.03375401976914953
13765,-0.07558956856422684
13766,-0.13782091907652663
13767,-0.020220921057777803
13768,-0.1514989602145203
13769,-0.05145833535801783
13770,-0.10067297727307457
13771,-0.10883118552066492
13772,-0.13753138284875224
13773,-0.13753138284875224
13774,-0.15195776269169245
13775,-0.02956975518148719
13776,-0.11097934667180237
13777,-0.06266501374508061
13778,-0.15072553592959606
13779,-0.14617436720298457
13780,-0.09027357449513364
13781,-0.10699686155205419
13782,-0.14159688570912743
13783,-0.10563273709163623
13784,-0.017874793156523017
13785,-0.0684814500788162
13786,-0.04164072369914429
13787,-0.005326571422227221
13788,-0.021751186322281436
13789,-0.060575292019694006
13790,-0.129684454383884
13791,-0.10801571234061166
13792,-0.09328102189266498
13793,-0.12595026749838842
13794,-0.1007630755966906
13795,-0.14510231517442174
13796,0.03451076756617158
13797,-0.09725054333139121
13798,-0.09725054333139121
13799,-0.05837952475781601
13800,-0.026622210253066762
13801,-0.13030359419655418
13802,-0.05728045021584295
13803,-0.08538802168126795
13804,-0.09363296421643345
13805,-0.10561539026671413
13806,-0.10538549151557015
13807,-0.10347862354299144
13808,-0.10519446289528159
13809,-0.12584754825287625
13810,-0.04007606741986684
13811,-0.030793939544700683
13812,-0.15382779069931982
13813,-0.07064178265434723
13814,-0.1510943986480364
13815,-0.11943201226070048
13816,-0.06279135294038603
13817,-0.15488505833693492
13818,-0.11407656644211901
13819,-0.1150198303846515
13820,-0.08452857357467014
13821,-0.009673993234415834
13822,-0.1140979382122525
13823,-0.03400956057776812
13824,-0.02472364677889463
13825,-0.013579899010632102
13826,-0.1171490596706733
13827,-0.07373397005987017
13828,-0.055572709999981665
13829,-0.15709744695165206
13830,-0.1123663608404277
13831,-0.11459689687339178
13832,-0.069419250727276
13833,-0.07057456417318267
13834,-0.021755950366341193
13835,-0.03245806878235415
13836,-0.11856644537578676
13837,-0.1501749896892921
13838,-0.0744808890297993
13839,-0.06291723690567397
13840,0.04689424245546821
13841,-0.06512337046231122
13842,-0.06432988963262645
13843,-0.1275971936507197
13844,-0.12975701012310134
13845,-0.11794288626360676
13846,-0.13666047405925394
13847,-0.07916479848158862
13848,-0.051104834013353
13849,-0.11928749888953177
13850,-0.07807933728212274
13851,-0.1388735080278946
13852,-0.1388000805796389
13853,-0.1397980874849462
13854,-0.06808032559291442
13855,-0.07471537964145367
13856,-0.11697577667737644
13857,-0.07278291408173103
13858,-0.14520532754695215
13859,-0.06476519310228429
13860,-0.11746733854343161
13861,-0.1446570641377468
13862,-0.07306984122969393
13863,-0.007699025329238719
13864,-0.13896348809444278
13865,-0.14489241758244573
13866,-0.14489241758244573
13867,-0.07942597924803572
13868,-0.07793689959079592
13869,-0.11387295496668551
13870,-0.14544283685024484
13871,-0.025613650392917454
13872,-0.11029237068679511
13873,-0.018677660828066014
13874,-0.07405765393299064
13875,-0.009280128992233655
13876,-0.04419552324656143
13877,-0.10899077353164716
13878,-0.14629715342030458
13879,-0.1380928014102764
13880,-0.14519337833894672
13881,-0.10424167352751762
13882,0.054759828696636745
13883,-0.06447571924151373
13884,0.009733899942658915
13885,-0.14843235112993905
13886,-0.01895094271547772
13887,-0.08394279274132951
13888,-0.08634656729490163
13889,-0.15187904137681812
13890,-0.1250837602080441
13891,-0.09826757347352817
13892,-0.07664057324349378
13893,-0.08774002003990801
13894,-0.15393987998432587
13895,-0.1034556325672472
13896,0.0006909746041496071
13897,-0.04949696169777981
13898,-0.12859214933569402
13899,-0.14268198880682134
13900,-0.11127299361494006
13901,-0.14181075556368639
13902,-0.12505375685428494
13903,-0.10759778137995099
13904,-0.14640339885469178
13905,0.005294999957345196
13906,-0.1438045466525458
13907,-0.06909486798122225
13908,-0.07752491920937617
13909,-0.06210040604413126
13910,-0.13684561006758272
13911,-0.14664247857136617
13912,-0.1496784799421869
13913,-0.13337074184095307
13914,-0.06141142545478314
13915,-0.08368498804210038
13916,-0.04718282031373952
13917,-0.04687411437738896
13918,-0.025173514163649463
13919,-0.09316482157305839
13920,-0.10765152383957996
13921,-0.00702652822508808
13922,-0.06758249306271634
13923,-0.14690124128863746
13924,-0.14690124128863746
13925,-0.062143457257750716
13926,-0.13939178932702467
13927,-0.1462964822931376
13928,-0.14043165568652735
13929,-0.06830921304250051
13930,0.012977931737945385
13931,-0.01850463988680508
13932,-0.14714466224210282
13933,-0.062171396108023046
13934,-0.14342866741978072
13935,-0.14487819526344695
13936,-0.0940864422533495
13937,-0.0862570093206195
13938,-0.0885941937103523
13939,-0.06002034535040972
13940,-0.0667967770692508
13941,-0.14999793340812884
13942,-0.06713025757799196
13943,-0.1015389162128268
13944,-0.08179200622454065
13945,-0.15462564993326144
13946,-0.15462564993326144
13947,-0.06408146447174093
13948,-0.15597993025899312
13949,-0.15623932538671212
13950,-0.015725292980659743
13951,-0.13886707075449578
13952,-0.15687932666026017
13953,0.02288592753669726
13954,-0.08559765596809252
13955,-0.15610201329619977
13956,-0.06371815148191676
13957,-0.13282789319349186
13958,-0.05103509498164918
13959,-0.0735871770963625
13960,-0.1499684040692024
13961,-0.13156714716450815
13962,-0.13156714716450815
13963,-0.06942773784905822
13964,-0.0877474646712596
13965,-0.16342301588929894
13966,-0.05638754892923316
13967,-0.10356468531509751
13968,-0.1534250792316534
13969,-0.06766748309221515
13970,-0.0318140927052843
13971,0.0024537716170694524
13972,-0.06142833729126597
13973,-0.12197683088494665
13974,-0.15829171129215205
13975,-0.12197683088494665
13976,0.00566043600323492
13977,-0.11319874514794309
13978,-0.09916979771719218
13979,0.004386449404509485
13980,-0.16030149955449027
13981,-0.07107482379507839
13982,-0.10211976637626181
13983,-0.1689866737984579
13984,-0.10014775883865848
13985,0.009505269245628877
13986,-0.06994255339281229
13987,-0.06907028916814342
13988,-0.07955232683319503
13989,-0.10748425932091589
13990,0.024443033925193466
13991,-0.07357589398961044
13992,-0.17182329041815336
13993,-0.16208496318854873
13994,-0.17413995517326522
13995,-0.17533645388158126
13996,-0.07070548032134596
13997,0.009149832192824576
13998,-0.07434722663626385
13999,-0.08028768281184819
14000,-0.17084861201237345
14001,-0.08501561492508936
14002,0.029163170569155298
14003,-0.06867238410596799
14004,-0.08970167793095526
14005,-0.1702297321544737
14006,-0.10444362735852177
14007,-0.10382177015877062
14008,-0.1052026428000273
14009,-0.11239811790471872
14010,-0.0005973946844005392
14011,-0.1180193695506361
14012,-0.0421059835340467
14013,-0.11849206652017348
14014,-0.10819707883627282
14015,-0.0688388606165814
14016,-0.09977141463228444
14017,-0.11772552619325935
14018,-0.08105902025634107
14019,-0.16807275326484822
14020,-0.1691476949785904
14021,0.02455568506863109
14022,-0.02515631935435741
14023,-0.08893916338718148
14024,-0.17341588203184058
14025,-0.17522111468230278
14026,-0.01114025016828441
14027,-0.06829863748855537
14028,-0.08557496428649167
14029,-0.12185916159109837
14030,-0.1299684739443181
14031,-0.10583543235542248
14032,-0.16913561172901395
14033,-0.10570854773104184
14034,-0.16524791966610056
14035,-0.003213562168726937
14036,-0.0677445801719627
14037,-0.06433717799741999
14038,-0.10024609616182738
14039,-0.17246441489068406
14040,-0.08339814203250571
14041,-0.0980899182473989
14042,-0.10272865801042308
14043,-0.17691224007431883
14044,-0.10486286647270412
14045,-0.1730138157609517
14046,-0.17166773403936925
14047,-0.13951375420761453
14048,-0.1693495051137614
14049,-0.01721464927549001
14050,-0.1693495051137614
14051,-0.1709725535351633
14052,-0.06512755411615304
14053,0.0005181209676276593
14054,-0.0939794822252466
14055,-0.08975713933331704
14056,-0.012135268948644494
14057,-0.174599426702882
14058,-0.09901253406266995
14059,-0.08980770299725077
14060,-0.1832173832225738
14061,-0.15196801997048948
14062,-0.019523094171012938
14063,-0.1508039335566488
14064,-0.1508039335566488
14065,-0.07571264387286533
14066,-0.08798843143286561
14067,-0.08880618594834296
14068,-0.1469216191219683
14069,-0.0664293467940293
14070,-0.19011084385483576
14071,-0.09847823508412135
14072,-0.00555737399535493
14073,-0.09990232985463711
14074,-0.18416176359449352
14075,-0.1055341671603579
14076,-0.18416176359449352
14077,-0.05430532858731099
14078,-0.06591205698423289
14079,-0.13004839192987344
14080,-0.060763668596221364
14081,-0.1848139081301131
14082,-0.1801411403315741
14083,-0.0639366138070268
14084,-0.0633285515741207
14085,-0.09362220913731638
14086,-0.07103915784275054
14087,-0.1682650533366035
14088,-0.1635549507045093
14089,-0.16548051246194861
14090,-0.006336589251218929
14091,0.003796717116264688
14092,-0.0949924160601771
14093,-0.0733947303424735
14094,-0.13731871149740685
14095,-0.16828392346158985
14096,-0.1393757745445831
14097,-0.06874920843911779
14098,-0.07082867680955827
14099,-0.13868417551700082
14100,-0.11765063023021438
14101,-0.06112793121196302
14102,-0.1175955009392906
14103,-0.1693889823351406
14104,-0.10172192288116526
14105,-0.054332718572945145
14106,-0.06264998399632643
14107,-0.05281799017301931
14108,-0.09378287790182327
14109,-0.07427529001007564
14110,-0.17533636678311873
14111,-0.13711843417435202
14112,-0.047348548919329825
14113,-0.1326316606364678
14114,-0.11995090829673842
14115,-0.11654147522139197
14116,-0.17928210511799078
14117,0.021513730561012447
14118,-0.18056906220588068
14119,-0.0767103360127285
14120,-0.11598478479745557
14121,-0.18245606105981785
14122,-0.10410394833283262
14123,-0.12924055409677146
14124,-0.024352505500959118
14125,-0.07436122390707398
14126,-0.11693908917343183
14127,-0.07624460373155496
14128,-0.16562735991171365
14129,-0.07891083704355613
14130,0.01121611032560402
14131,-0.18824460798363135
14132,-0.05027269085386559
14133,-0.18320306875991016
14134,-0.18320306875991016
14135,-0.18320306875991016
14136,-0.11231982877300943
14137,-0.06469907764590017
14138,-0.11359616634034087
14139,-0.06579687455023601
14140,-0.13404874674982872
14141,-0.1375613798745362
14142,-2.1003683857783907e-05
14143,-0.17983397643988713
14144,-0.13736956101181955
14145,-0.08269001293717174
14146,-0.07638810517932919
14147,-0.13424270598662294
14148,-0.13424270598662294
14149,-0.19278928360743475
14150,0.006543073608604449
14151,-0.06172611916814654
14152,-0.08694643703393927
14153,-0.17876435186455703
14154,-0.17632352174167953
14155,-0.12046537118074876
14156,-0.07314551479511693
14157,-0.018020518254219967
14158,-0.04730406097877701
14159,-0.1329487124711094
14160,-0.18532319432454705
14161,-0.14034927769573222
14162,-0.14036824555015637
14163,-0.1320753718675627
14164,-0.07172488855902635
14165,-0.06899993651667907
14166,-0.12357101673195514
14167,-0.08259104829191305
14168,-0.11740040920267786
14169,-0.10178048459088025
14170,-0.0768140586923587
14171,-0.17112861712225289
14172,-0.14335415899101503
14173,-0.07063036337692549
14174,-0.06346372060352419
14175,-0.17715506437512252
14176,-0.10419647158495195
14177,-0.07622822285847278
14178,-0.18077710880984546
14179,-0.08576873372750794
14180,-0.17563266350292078
14181,-0.07122806181900491
14182,-0.10188051524886449
14183,-0.014819738144457193
14184,-0.07247435687357973
14185,-0.0853904753924013
14186,-0.05168223246302032
14187,-0.18716452681730109
14188,-0.08359734270555996
14189,-0.19053749601039502
14190,-0.08404080104634862
14191,-0.1916266598148207
14192,-0.014724371390955483
14193,-0.15383834053273102
14194,-0.18954575932888637
14195,0.008626044649046243
14196,-0.10874944909183795
14197,-0.08710408909519003
14198,-0.0739384592591085
14199,-0.07770758305330779
14200,-0.18850790927068697
14201,-0.06706983870243705
14202,-0.10152826568650146
14203,-0.07095641150707829
14204,-0.08780594386164528
14205,-0.19286388524330927
14206,-0.14007513025371862
14207,-0.18929586338044058
14208,-0.06582016789830161
14209,-0.07179244789961611
14210,-0.06970821096364149
14211,-0.052650091876105906
14212,-0.08084838675859396
14213,-0.07391919568835174
14214,0.018326210320375992
14215,-0.055810507363222135
14216,-0.18840520307236205
14217,-0.08022715655401837
14218,-0.05286268659774003
14219,-0.04397985622825447
14220,-0.16079617533166937
14221,-0.05975343243129709
14222,-0.1261903094730716
14223,-0.011460061993461876
14224,-0.19284908665715633
14225,-0.18929694772413203
14226,-0.09041439776119616
14227,-0.10833059666920455
14228,-0.05404076174569883
14229,-0.07967873285204295
14230,-0.10239135390616548
14231,-0.09340584283573741
14232,-0.19590493964081873
14233,-0.19590493964081873
14234,0.00922703219303153
14235,-0.051486769794573284
14236,-0.11770658604931453
14237,-0.11468140514073166
14238,-0.20714143118768868
14239,-0.08083466014976791
14240,-0.11260652513243384
14241,-0.20991792076626628
14242,-0.07865518160324116
14243,-0.05460003581530051
14244,-0.21241717207012523
14245,-0.17450137682168237
14246,0.0066872676728335235
14247,-0.046754515982036664
14248,-0.10061996637735461
14249,-0.0844460138199915
14250,-0.07609053855548982
14251,-0.004762453876982173
14252,-0.20453959208746925
14253,-0.20453959208746925
14254,-0.11582124679258776
14255,-0.07942761877413573
14256,-0.2077998053030099
14257,-0.21080003366748518
14258,-0.1780779494709537
14259,-0.05630892654222234
14260,-0.06954063667985941
14261,-0.05630892654222234
14262,-0.07398178740093947
14263,-0.07524379023938609
14264,-0.11837444076972793
14265,-0.06675080738405165
14266,0.016469926470323866
14267,-0.09909872752944293
14268,-0.20645028451907918
14269,-0.12974497997757609
14270,-0.06367418846465887
14271,-0.061317085446543636
14272,-0.20122937020841947
14273,-0.012634041594793036
14274,-0.08120331762598541
14275,-0.10596210170023547
14276,-0.2022867845651818
14277,-0.0668246340275566
14278,-0.1959880601447592
14279,-0.0780985364535196
14280,-0.1098619495806228
14281,-0.19232965298275972
14282,-0.0805337647637661
14283,-0.07665966145778953
14284,-0.07788130535077713
14285,-0.2093037719905621
14286,-0.2093037719905621
14287,-0.07012053826101078
14288,-0.2154238073763141
14289,-0.20625578103892117
14290,0.007366464281695019
14291,-0.15622352789978405
14292,-0.004095620201657039
14293,-0.0710463535495801
14294,-0.11067580592951852
14295,-0.0719590068937241
14296,-0.07321919692100651
14297,-0.10768872016032462
14298,-0.07283734148488247
14299,-0.0753464680356838
14300,-0.18713056959589566
14301,-0.07642483081439001
14302,-0.06312410574666474
14303,-0.13255217178443887
14304,-0.15112333613204246
14305,-0.12921898851788177
14306,0.05261496663250414
14307,-0.05855630238966851
14308,-0.05654937215805781
14309,-0.08122851367673717
14310,-0.127005042121518
14311,-0.18428160956615575
14312,-0.18394881005579589
14313,-0.06378766951012457
14314,-0.12156351825983486
14315,-0.05549905200094767
14316,0.04678832386834867
14317,-0.06231277294526704
14318,-0.007091516966185892
14319,-0.06251345167931194
14320,-0.1822525179654631
14321,-0.1512697094389831
14322,-0.05623902643026599
14323,-0.1031309073914383
14324,-0.13731922361075682
14325,-0.19105983426236042
14326,-0.19176948803983784
14327,-0.08510672662223706
14328,-0.05191323947105776
14329,-0.19054735423983687
14330,-0.07841301709181173
14331,-0.08675364472409901
14332,-0.19389049102767897
14333,-0.13410839201855623
14334,-0.19200785440878687
14335,-0.09584986172955726
14336,-0.1909810668346192
14337,-0.06618300618584332
14338,-0.06704481494614366
14339,-0.08978511535320365
14340,-0.19129429252791216
14341,-0.19304778342088313
14342,-0.10037281119527655
14343,-0.14558974947539535
14344,0.003948677105567993
14345,0.011956213971955459
14346,-0.03501918512596496
14347,-0.19590661160691528
14348,-0.10178406267227788
14349,-0.0957026823989751
14350,-0.139660843745546
14351,-0.1953223962805449
14352,-0.02969534788671843
14353,-0.02969534788671843
14354,-0.1409544333119172
14355,-0.14083253242585034
14356,-0.09574247023797941
14357,-0.11247311762446761
14358,-0.07504372762625605
14359,-0.15224956873913525
14360,-0.18713806027896457
14361,-0.08607077996220606
14362,-0.06183851894463284
14363,-0.017934913877341297
14364,-0.018572687525469388
14365,-0.09395838830658129
14366,-0.18096022200223644
14367,-0.18178847621252048
14368,-0.09190790287837818
14369,0.026619670106622265
14370,0.025273924189795908
14371,-0.006148985070876765
14372,-0.17639257519156926
14373,-0.08564782683912903
14374,-0.08589454621643014
14375,-0.15685155906052123
14376,-0.05956318661166247
14377,-0.08967074624726394
14378,-0.15288833486726144
14379,-0.08370163518442619
14380,-0.0618112976334094
14381,-0.16142258780358484
14382,-0.05527685495888352
14383,-0.08822029970993737
14384,-0.13218861968072054
14385,-0.16052790412915185
14386,-0.16353593165005675
14387,-0.02459505218945937
14388,-0.09311043525788111
14389,0.025803719071608815
14390,-0.1351819832179785
14391,-0.014074522067808926
14392,-0.16306457436554225
14393,-0.00604591648261017
14394,-0.16210897424888004
14395,-0.1393282869059148
14396,-0.1393282869059148
14397,0.03084062084947857
14398,-0.0996944397330972
14399,-0.0031623589064270667
14400,-0.03748911544065104
14401,-0.13517736855531912
14402,-0.06597258651550199
14403,-0.1538955302154195
14404,-0.15279174847296598
14405,-0.0032618132318629166
14406,-0.14337437345080165
14407,-0.007373099522751406
14408,-0.11382534365769127
14409,0.056209897047750416
14410,-0.1428872168225255
14411,0.04881059946213641
14412,-0.06753261376647916
14413,-0.14337350348152675
14414,-0.1019672308977999
14415,-0.06857848360857635
14416,-0.14618107613458872
14417,-0.10722952894765558
14418,-0.14567609205432458
14419,-0.07981051788066712
14420,-0.15071040119543033
14421,-0.14565108881336994
14422,-0.032673228839580314
14423,-0.05915674589396687
14424,-0.14696898979476689
14425,-0.08160335513394519
14426,-0.14233055401240888
14427,-0.14032418586667547
14428,0.031569467915811014
14429,-0.14206482327538222
14430,0.012546829888586408
14431,0.012546829888586408
14432,0.014910482377471796
14433,-0.11996456171720198
14434,-0.0885117032450964
14435,-0.06704191413580804
14436,-0.13286062190088613
14437,-0.1225531061018539
14438,-0.07096828622915197
14439,-0.13721401364076988
14440,-0.030535073226221687
14441,0.023156519263876126
14442,-0.12283316659154189
14443,-0.13799936319157652
14444,-0.1300013087255941
14445,-0.05316487552066799
14446,-0.14038184585097252
14447,0.05576400244719867
14448,-0.1282302942448933
14449,-0.13547504197332413
14450,0.05350756755406808
14451,-0.13214051682447295
14452,-0.13142781179380805
14453,-0.13598255737773485
14454,-0.05819151512696896
14455,0.04565241983203227
14456,-0.004543844527472513
14457,-0.138970538299598
14458,-0.138970538299598
14459,-0.06959472783427115
14460,-0.09065281344048604
14461,-0.14681831039154747
14462,0.052075292006341804
14463,-0.13667108637925626
14464,-0.13065574197128135
14465,0.04829111204625201
14466,-0.13756556580251944
14467,-0.08444022502528854
14468,-0.001602387613634636
14469,0.05445928515466571
14470,-0.08701777648407084
14471,-0.08701777648407084
14472,-0.12968772129281378
14473,-0.08616316874634947
14474,-0.14085251742578087
14475,0.06727924584374861
14476,-0.14041576265544856
14477,0.03780581444995034
14478,-0.1168762827079194
14479,-0.0936925511550056
14480,-0.15211819541958077
14481,-0.0987776272040984
14482,-0.13673910363880815
14483,-0.152967924699143
14484,-0.1374470065244587
14485,-0.13835535221184442
14486,-0.12319548460674312
14487,0.04592051134310751
14488,-0.041650739851158344
14489,-0.007284692600373427
14490,0.058443421089889674
14491,-0.060106379362034404
14492,-0.028297428314380365
14493,-0.13612399061004746
14494,-0.01047805731752286
14495,-0.11986418665694908
14496,-0.14373347360440503
14497,0.027882785242025716
14498,-0.14784596767901045
14499,-0.11280550413906275
14500,-0.14601894762238377
14501,-0.06182656859864938
14502,-0.09475616309491679
14503,-0.011899938919414498
14504,-0.14814630850367028
14505,-0.14616412094781123
14506,-0.1073531462638568
14507,0.015098069636333658
14508,-0.10396569655931026
14509,-0.11768650291512076
14510,-0.09945165854666946
14511,-0.05102034603453034
14512,-0.12822756332062876
14513,-0.03174912152371343
14514,0.012148012727047916
14515,-0.0034490657511166384
14516,-0.02187049551470314
14517,-0.13831456924019137
14518,-0.14456671284821984
14519,-0.006972746204302649
14520,-0.09253833566215201
14521,0.000913689175746002
14522,-0.1386067714584865
14523,-0.14115161168645937
14524,-0.1290573845096327
14525,-0.12899969146450424
14526,-0.0841111123934159
14527,-0.016245167526844153
14528,-0.039067413884811525
14529,-0.08878154307524383
14530,-0.0886686242358877
14531,-0.08893568428924639
14532,-0.08010740275278924
14533,-0.07264648098461517
14534,-0.1102123810099959
14535,-0.08171701100137442
14536,-0.043433003517038354
14537,-0.08098257497027414
14538,-0.07915033200418509
14539,-0.07273893621993338
14540,-0.0745503565750132
14541,-0.0070065164332719036
14542,-0.0547060517693455
14543,-0.005933991010680696
14544,-0.08863782614676778
14545,-0.030203526302750597
14546,-0.07601213785898706
14547,-0.07940844988393667
14548,-0.0010080905765216311
14549,-0.0510453445134016
14550,-0.04493098101277928
14551,-0.0767642787284382
14552,-0.07500880410162447
14553,-0.034877820508089824
14554,-0.11740824211395783
14555,-0.07596072814472682
14556,-0.0055802386336847925
14557,-0.08050454739813702
14558,-0.03076778311192021
14559,-0.10528380317873083
14560,-0.08631689822575812
14561,-0.10298825857398353
14562,-0.09946484409811608
14563,-0.08243307532766699
14564,-0.027191361138610072
14565,-0.09092660138596706
14566,-0.10104968188699917
14567,-0.05807400381166547
14568,-0.07505720487076666
14569,-0.040938207390328406
14570,-0.10679813731146957
14571,-0.05857209051142096
14572,-0.09251861179226156
14573,0.005728472799414619
14574,0.006490748331924547
14575,-0.0983940517230182
14576,-0.06734873957955632
14577,-0.08612853942220558
14578,-0.10434339855461712
14579,-0.07707097321688781
14580,-0.02722039080111917
14581,-0.0193747386219523
14582,-0.08371677147978315
14583,-0.14150159976748508
14584,-0.1021298506311629
14585,-0.08282503875630522
14586,-0.006704537586557672
14587,-0.03576894756141996
14588,-0.09166089109965979
14589,-0.09534359146193085
14590,-0.09841982825536662
14591,-0.07901363576605014
14592,-0.1286520843971413
14593,-0.1004459870072147
14594,-0.08260022698894659
14595,-0.0895920203187121
14596,-0.08303747282480269
14597,-0.13666583349952607
14598,-0.0730668844931875
14599,-0.029938450598834678
14600,-0.08717828022792566
14601,-0.09279627838269099
14602,-0.14747312260198575
14603,-0.07420420391703358
14604,-0.10751469259789287
14605,-0.017779346492790404
14606,-0.07472543768789901
14607,0.043492595886286345
14608,-0.04226506075958085
14609,-0.07505122867399704
14610,0.03824960646552328
14611,-0.1110150701695277
14612,-0.07534368846168311
14613,-0.07633614103878594
14614,-0.010028448448003872
14615,-0.05413032721136613
14616,-0.018973133743307218
14617,-0.09801661558637102
14618,-0.11234293407067983
14619,-0.09990930946278104
14620,-0.1251976740568884
14621,-0.031175755316444613
14622,-0.10315123847279421
14623,-0.10279972134783369
14624,-0.07979680622730367
14625,-0.11313735972777947
14626,-0.0775506716433041
14627,-0.0775506716433041
14628,-0.15516869228598928
14629,-0.0706994901302842
14630,-0.0706994901302842
14631,-0.10207887862956445
14632,-0.023026236178189455
14633,-0.11376658431176323
14634,-0.025768226228113617
14635,-0.07074239584283025
14636,-0.06885067163274047
14637,-0.11413706172588203
14638,-0.054207787541795144
14639,-0.054207787541795144
14640,-0.10414501707265922
14641,0.021395030168014095
14642,-0.029596928776894606
14643,-0.015070434686012553
14644,-0.1537209991185586
14645,-0.09809631470336715
14646,-0.11083713451106798
14647,-0.055042785914874506
14648,-0.07489144843389497
14649,-0.02524616099769054
14650,-0.06882879551657678
14651,-0.13442150454832294
14652,-0.10109480167343679
14653,-0.11166293906244609
14654,-0.02990111830149139
14655,-0.0029010566076035963
14656,-0.1544294158527896
14657,-0.032228572480031324
14658,-0.0202684268778749
14659,-0.08153127803227421
14660,-0.08362119665149224
14661,-0.14475868245627996
14662,-0.0832052196322842
14663,0.03589145389444912
14664,-0.07768589962348779
14665,-0.13957867303293128
14666,-0.03462125065470501
14667,-0.08433560855427276
14668,-0.09965140970442467
14669,-0.08473583508678768
14670,-0.09297996235602544
14671,-0.09669087188144072
14672,-0.032011420508464936
14673,-0.07789789852063705
14674,-0.08820552366966944
14675,-0.08448652319285609
14676,-0.09094681297084448
14677,-0.09298135855519106
14678,-0.12332241496413464
14679,-0.09242409644388684
14680,-0.057620624288963224
14681,-0.015150366435614715
14682,-0.056265007093414046
14683,-0.004744837916991242
14684,-0.13049644959063392
14685,-0.07990636497726683
14686,-0.03513937227382433
14687,-0.04990543292784034
14688,-0.06793311713447359
14689,0.03137356995743301
14690,-0.09781700198026137
14691,-0.09519774864892101
14692,-0.1062408050672537
14693,-0.13537779341519843
14694,-0.08203618987784807
14695,-0.042778534648066975
14696,-0.0493444044573141
14697,-0.06918572694123272
14698,-0.05261229316932546
14699,-0.11906397630981226
14700,0.05749506772182083
14701,-0.04797175894951458
14702,-0.04360476555924809
14703,-0.032157193639059854
14704,-0.10366386218908435
14705,-0.14524026885011382
14706,-0.10907067375666878
14707,-0.06810247468650811
14708,-0.09933919227161486
14709,-0.06498787944662444
14710,-0.04816537757998154
14711,-0.027479402146476276
14712,-0.10354127985812252
14713,-0.10354127985812252
14714,-0.10354127985812252
14715,-0.04725251206725136
14716,-0.0375214346801102
14717,-0.08315675666303084
14718,-0.0884461729145203
14719,-0.11893661750899896
14720,-0.07132770197148514
14721,-0.11828333943081351
14722,-0.10316596524177492
14723,-0.10645166811373531
14724,-0.011036523576246435
14725,-0.11720852239573684
14726,-0.10977449347764832
14727,-0.10001589304114199
14728,-0.08104794843828397
14729,-0.09970454623271988
14730,-0.03085984186102827
14731,-0.11311911480011377
14732,-0.07671239068427792
14733,-0.11414064718350438
14734,-0.02017389323313487
14735,-0.07806427019613572
14736,-0.07806427019613572
14737,-0.06652030454238798
14738,-0.077481542643682
14739,-0.10428717402679176
14740,0.04081038891756598
14741,-0.09907163544162718
14742,-0.1093148247330379
14743,-0.10304330980139746
14744,-0.10468433570674267
14745,-0.06908095136753244
14746,-0.0474633714051552
14747,0.009910117097990029
14748,-0.10982924713348104
14749,-0.10982924713348104
14750,-0.04298481128047995
14751,-0.06787321363788035
14752,-0.07292680478000306
14753,-0.05328029347791321
14754,-0.011102389137381567
14755,0.052003129842794614
14756,-0.09237552228319547
14757,-0.03877477125798354
14758,-0.11156855087802263
14759,-0.02603285319543106
14760,-0.09340413334832541
14761,-0.09800953565530719
14762,-0.11343219372452734
14763,-0.15977970750897727
14764,-0.02861331050691355
14765,-0.11247699724043976
14766,-0.11123984695227347
14767,-0.05426296759632284
14768,-0.0379319197134969
14769,-0.10220615635101606
14770,-0.08906946953790384
14771,-0.10808954804077317
14772,-0.10621438272660755
14773,-0.1055802217648205
14774,-0.12927424357469552
14775,-0.026706271482002008
14776,-0.0806833468883575
14777,0.014716757481449329
14778,-0.0806833468883575
14779,-0.09844210964411584
14780,-0.0837854302813825
14781,-0.03522473828099366
14782,-0.10341027982916103
14783,0.02715423814844985
14784,-0.10872318392453426
14785,-0.06981773110277983
14786,-0.08723520461576077
14787,-0.09945020004250872
14788,-0.08874509045753208
14789,-0.10879297141419327
14790,-0.04917688215867377
14791,-0.09652967826872923
14792,-0.041569940916090786
14793,-0.11730873043241638
14794,-0.08291705274776487
14795,0.06684877867566522
14796,-0.03766584663293854
14797,-0.10379047090846737
14798,-0.07713585955901882
14799,-0.02966914340891296
14800,-0.07439783927658061
14801,-0.11933765355145234
14802,0.04815364579640016
14803,-0.11245817296053381
14804,-0.030032076635506683
14805,-0.11105309903215227
14806,-0.09848999038621496
14807,-0.09848999038621496
14808,-0.04535039594331747
14809,-0.09848999038621496
14810,-0.030552810717222868
14811,-0.10512057741699048
14812,-0.059898925212604086
14813,-0.17130420902258853
14814,-0.10548034469327623
14815,-0.10246482462227541
14816,-0.0969944847886387
14817,-0.12521486754164135
14818,-0.1036395562868592
14819,-0.10204595303686508
14820,7.440537579645539e-07
14821,-0.12479634562600875
14822,-0.12458778580762943
14823,-0.11935608680150847
14824,-0.10055261383560035
14825,-0.026681207961555393
14826,-0.17166703703175046
14827,-0.17166703703175046
14828,-0.024446568429986413
14829,-0.021522372109798987
14830,-0.05302823556264056
14831,-0.12313933079744326
14832,-0.05302823556264056
14833,-0.10863131539713487
14834,0.034823997962785465
14835,-0.05265763640192743
14836,-0.027315792244301536
14837,-0.12558521560277847
14838,-0.02790071485757341
14839,-0.01506898420895184
14840,-0.14032843952429527
14841,-0.12592901070703671
14842,-0.025314810002161167
14843,-0.0525891822107319
14844,-0.17811781554855888
14845,-0.10157165887103504
14846,0.06616675798264478
14847,-0.032699347685645364
14848,-0.10412697394169453
14849,-0.017763722140622832
14850,-0.18663114075069737
14851,-0.04805045164965065
14852,-0.10793055169549716
14853,-0.019641922044449787
14854,-0.1053220768076988
14855,-0.10935470770909173
14856,-0.10935470770909173
14857,-0.11273973370688885
14858,0.014718254383936737
14859,-0.0340155622009999
14860,-0.113373392083605
14861,-0.1102978425889603
14862,-0.07697526214286218
14863,-0.030047274844539597
14864,-0.02304567838140783
14865,-0.11356258206910345
14866,-0.11404925031361024
14867,-0.03714751819733683
14868,-0.11323444648392367
14869,-0.1004583278621024
14870,-0.13424027384571904
14871,0.012132234243450911
14872,-0.13091137182251333
14873,-0.09834317232687174
14874,-0.0415869786722193
14875,-0.11808168664944182
14876,-0.12983322328993446
14877,-0.11686953655357922
14878,-0.10491762142850007
14879,0.023672236837850965
14880,-0.11808647262302797
14881,-0.06478396291035395
14882,-0.1005906097418129
14883,-0.11440199265755471
14884,-0.11654651277982371
14885,0.004099343385022092
14886,-0.02282964987332403
14887,-0.13215622753147385
14888,-0.10615042734140263
14889,-0.047664892615768444
14890,-0.13301445481319085
14891,0.05418033575619594
14892,-0.06195233858322428
14893,-0.08514998105958704
14894,-0.12649440196461248
14895,-0.1286256907456557
14896,-0.04642587670242268
14897,-0.08776060458099214
14898,-0.13825763875296912
14899,-0.08658438686062146
14900,-0.11491836269547656
14901,-0.1174013759853519
14902,-0.1139885432509728
14903,-0.020193646536538143
14904,-0.06441967671596872
14905,-0.11449538445220567
14906,-0.11449538445220567
14907,-0.12004978747848011
14908,-0.12274665653825295
14909,-0.12274665653825295
14910,-0.13121555109156452
14911,-0.12156376663328429
14912,-0.133686120451415
14913,-0.028447279327385774
14914,0.018857697214992055
14915,-0.12256402121708793
14916,-0.03993328867309285
14917,-0.13163489409731943
14918,-0.040291899092312324
14919,-0.1258140480809383
14920,-0.13001539282126648
14921,-0.13001539282126648
14922,-0.13070574678294491
14923,-0.09517521993553674
14924,0.010947575565839892
14925,0.023395675234692305
14926,-0.05336391394781421
14927,-0.11196762350698958
14928,-0.09558651667917958
14929,-0.1268320346065562
14930,-0.02018934451234744
14931,-0.11796903705745757
14932,-0.12387731928995545
14933,-0.05710947814276517
14934,-0.04883848210556509
14935,-0.1153690528514252
14936,-0.11687707859565231
14937,0.026875854568537576
14938,-0.03332870824903043
14939,-0.10604482572137283
14940,-0.034987480937873426
14941,-0.1095529791226806
14942,-0.1300221944993925
14943,-0.09327238290917088
14944,-0.12760178224499027
14945,-0.052716373647757435
14946,-0.05560664443734866
14947,-0.11698693245557167
14948,-0.1186437199121037
14949,-0.12837263440582664
14950,-0.12325362141983975
14951,-0.13006901495778322
14952,-0.13180098933302445
14953,-0.13287391001524002
14954,-0.03546278385024327
14955,-0.1189242556020015
14956,-0.001871090547192163
14957,-0.09520386727048177
14958,-0.12746469716715306
14959,-0.03696691621099851
14960,-0.099679308059285
14961,-0.13121405149479085
14962,-0.12740036401638774
14963,-0.11898686466731227
14964,-0.12859807604384516
14965,-0.12840658092444054
14966,-0.14078810563736743
14967,0.008391453285579836
14968,-0.08701597450864318
14969,-0.09337941276383066
14970,-0.05849388200656997
14971,-0.09248340192709753
14972,-0.05716751007511357
14973,-0.053222509716730114
14974,-0.13319758992919564
14975,-0.0904481818355519
14976,-0.12748011537134013
14977,-0.132601464953717
14978,-0.09635338546579704
14979,-0.132601464953717
14980,-0.08885145741982718
14981,-0.11743453338131646
14982,-0.03622888690249921
14983,-0.08950972749542511
14984,0.022143875025527615
14985,-0.14540529190379917
14986,-0.10003588541726527
14987,-0.05714457701637796
14988,-0.14528273223767196
14989,-0.10152141473123474
14990,-0.14202745059451075
14991,-0.10306640566733129
14992,-0.14320737962638896
14993,-0.13051686734346582
14994,-0.030102270032412653
14995,-0.14837183154961955
14996,-0.046628099411082424
14997,-0.0621020619237707
14998,-0.0961915659867483
14999,-0.0832407275772356
15000,-0.15064059348036066
15001,-0.03466371381932921
15002,-0.11126137549958204
15003,-0.0338627937672941
15004,-0.1503159627764623
15005,-0.10158722461634964
15006,-0.0076622157113959396
15007,-0.15198847916377325
15008,-0.15198847916377325
15009,-0.09184186187395695
15010,-0.11948024418716216
15011,-0.006482215763096487
15012,-0.11225741101534006
15013,-0.08505363399259126
15014,-0.0360360367089624
15015,-0.15342640797633386
15016,-0.11553640709993526
15017,-0.11553640709993526
15018,-0.08242951755826765
15019,-0.08625583681131577
15020,-0.09664581105703438
15021,-0.15837288724097343
15022,-0.054709674335351385
15023,-0.11813043180970687
15024,-0.025159851336735845
15025,-0.08157869391727773
15026,-0.10276042517152155
15027,-0.07749818410933654
15028,-0.1603991258367245
15029,-0.06720207766138446
15030,-0.1065909128829653
15031,-0.16430127555659985
15032,-0.1656010743561557
15033,-0.0710810199502731
15034,-0.07546824686305507
15035,0.045380264050671595
15036,0.028798088885822633
15037,-0.016409222004813637
15038,-0.038974727567029764
15039,-0.12443734172617672
15040,-0.1089519891800881
15041,-0.07331309281527638
15042,-0.10080264750343768
15043,-0.07861547368664734
15044,-0.06367408886190468
15045,-0.16291020577038662
15046,-0.16279053584179343
15047,-0.12954468985282563
15048,-0.03672735371957229
15049,-0.16106752366739027
15050,-0.05612011182689158
15051,-0.12381344487467191
15052,-0.0785065948501519
15053,-0.10956244522408175
15054,-0.13530106292003796
15055,-0.07158227186768666
15056,-0.1627455520945298
15057,-0.0765946875213541
15058,-0.07532499984996814
15059,-0.1381609501203772
15060,-0.09397791592687928
15061,-0.03872831901583667
15062,-0.1593915349789927
15063,-0.09225150481245899
15064,0.0016269429069755514
15065,-0.1358500205944379
15066,-0.15942308725767707
15067,-0.07075251584487938
15068,-0.15523397504623862
15069,-0.09714888196416419
15070,-0.13950909442759105
15071,-0.15317426699404085
15072,-0.010690894982218912
15073,-0.05939668731247487
15074,-0.09798408873401292
15075,-0.05779927229690406
15076,-0.13313723634444785
15077,-0.13274524627873838
15078,-0.06547974989279318
15079,-0.08836481252059289
15080,-0.14944897500180632
15081,-0.15057363087392328
15082,-0.05336780797656922
15083,-0.08428282804908
15084,-0.12976352937744676
15085,-0.05019417296643503
15086,-0.07387978076417859
15087,-0.14127105165371015
15088,-0.14491242184348727
15089,-0.14638910056799648
15090,-0.04703669664006912
15091,-0.07985117131228718
15092,-0.07096969144647548
15093,-0.07849290091874164
15094,-0.05173163452950533
15095,-0.15107492851938284
15096,-0.15107492851938284
15097,-0.05295719482197615
15098,-0.10289636903873904
15099,-0.05742190721097117
15100,-0.08598466133413485
15101,-0.06493685453738383
15102,-0.13644943044707408
15103,-0.13644943044707408
15104,-0.08344050033431825
15105,-0.09042088023574679
15106,0.011475571379074937
15107,-0.11868948995887241
15108,-0.15232083354128814
15109,-0.13773862439789433
15110,-0.06428126374001449
15111,-0.020169595472595305
15112,-0.15569999722999175
15113,-0.05196868727100668
15114,-0.14295623612169417
15115,-0.08184112892929746
15116,-0.15451528440639972
15117,-0.14647516910040675
15118,-0.14647516910040675
15119,-0.010357977910625536
15120,-0.15279905808348754
15121,-0.1508603275309779
15122,-0.09696243720424166
15123,-0.07081060737859707
15124,-0.015235811990143433
15125,-0.13987277702066342
15126,-0.05752126654571377
15127,-0.04572165458708673
15128,-0.05825202667464934
15129,-0.09742543568098956
15130,-0.09865043843506545
15131,-0.1512743533507354
15132,-0.14202801941307994
15133,-0.09335528455714985
15134,-0.048589498692004886
15135,-0.10734736953629968
15136,-0.05491027141131957
15137,-0.1414553931633628
15138,-0.056391526099568996
15139,-0.09362854320157105
15140,-0.04240155734075557
15141,-0.14721012542338582
15142,-0.03921976416074694
15143,-0.08770935082697
15144,-0.04019764404347084
15145,-0.01379995348337953
15146,-0.15126505486956834
15147,-0.015563764349896014
15148,-0.061132720196190926
15149,-0.08771114168478346
15150,-0.09795348121117407
15151,-0.04810107575834103
15152,-0.15600417514276846
15153,-0.17479084036316844
15154,-0.15769424069620444
15155,-0.045110706445381614
15156,-0.08794912955325777
15157,-0.12302002465684204
15158,-0.15870370061743444
15159,-0.05786669328404273
15160,-0.05420535142243018
15161,-0.159029145093856
15162,-0.07922911637022541
15163,-0.15400189863100588
15164,-0.15727037124932666
15165,-0.15385311359746145
15166,-0.07700646914453069
15167,-0.038779416576182384
15168,-0.05208807453552751
15169,-0.020442098878149267
15170,0.0012953501062367178
15171,-0.15895930276725573
15172,-0.04603081368702624
15173,-0.16185561792964218
15174,-0.08058620009465135
15175,-0.16294344315852063
15176,-0.07550573922607301
15177,-0.15800725808036192
15178,-0.03156300482835863
15179,-0.15754333407212448
15180,-0.0915738277178929
15181,-0.10231852052292603
15182,-0.10062141096069455
15183,-0.05444954919075941
15184,-0.15581609540600844
15185,-0.05784171695598788
15186,-0.1616456925447485
15187,-0.16180268783354915
15188,-0.09654209797791845
15189,-0.029937609198644816
15190,-0.10332289621673459
15191,-0.055359450394301145
15192,-0.08883529600534035
15193,-0.15534816944737664
15194,-0.0643736496716064
15195,0.0013913625555716166
15196,-0.16338317932191243
15197,-0.16386646821849354
15198,-0.05627091442010519
15199,-0.16287254034403043
15200,-0.09648743138683376
15201,-0.0408786301633835
15202,-0.16285434298731116
15203,-0.0633911602104591
15204,-0.022741063706875137
15205,-0.16005260372607188
15206,-0.05503189128265528
15207,-0.1733323935965207
15208,-0.10705159717406733
15209,-0.05430806569454415
15210,-0.15706016963487504
15211,-0.15212460847281514
15212,-0.08857894844640961
15213,-0.11058293742044048
15214,-0.1522234947581102
15215,-0.020251794516373982
15216,-0.09478350670969893
15217,-0.01912620952969051
15218,-0.053852523323502856
15219,-0.03433013621816681
15220,0.012135497452977023
15221,-0.09797576535981156
15222,-0.16201827882467365
15223,-0.16276037594576329
15224,-0.030850867402456097
15225,-0.11368083024178471
15226,-0.1111894949800799
15227,-0.14449252427367038
15228,-0.049877917946403914
15229,-0.16382023379021843
15230,-0.16382023379021843
15231,-0.1512479178769925
15232,-0.16925334419928534
15233,-0.11367268909923062
15234,-0.1493830969973055
15235,-0.0024967335177268845
15236,-0.16565491654027403
15237,-0.09146964134549644
15238,-0.16403929185896865
15239,-0.12237872583114595
15240,-0.12471582738477671
15241,-0.10556405727362658
15242,-0.04027047472349115
15243,-0.15631138826474275
15244,-0.023538024263284562
15245,-0.15834302413632745
15246,-0.21506397182222425
15247,-0.08667393401013787
15248,-0.031120502717337798
15249,-0.15789880530165237
15250,-0.15873704163398242
15251,-0.13700587886145052
15252,-0.03216262186503075
15253,-0.12699210890881976
15254,-0.1000547609436143
15255,-0.13715884798051797
15256,-0.1546270544529614
15257,-0.025912397643584942
15258,-0.15174312127953157
15259,-0.03138591423376705
15260,0.010058739645537891
15261,-0.1422836682172279
15262,-0.15009172762527895
15263,-0.15521307018221614
15264,-0.07215537044050714
15265,-0.03131390825647818
15266,-0.15424528344395946
15267,-0.144214213302493
15268,-0.1437848285170748
15269,-0.03407795400890689
15270,-0.004051004210135548
15271,-0.04138673519567919
15272,-0.032421329496598116
15273,-0.14566360780818202
15274,-0.14566360780818202
15275,-0.1493198673795773
15276,-0.1070130623691556
15277,-0.14535661383285975
15278,-0.1272708955939623
15279,-0.10347430930585713
15280,-0.14488839353397123
15281,-0.022673629330678863
15282,-0.16370913065992204
15283,-0.16250092640041347
15284,-0.03541590148444555
15285,-0.11928698298248687
15286,-0.1361347750174575
15287,-0.13415233810619534
15288,-0.13415233810619534
15289,-0.019418016712050477
15290,-0.09536319309330733
15291,-0.1376032430929668
15292,-0.01596774288949894
15293,-0.029391281383867932
15294,-0.14407369275358645
15295,-0.14349098803287197
15296,-0.11745058152458622
15297,0.024186548345539082
15298,-0.028656819568800028
15299,-0.1458003019538733
15300,-0.12099517459206549
15301,-0.12201345197417118
15302,-0.1574416065090555
15303,-0.154575909486383
15304,-0.07584751737409719
15305,-0.14245276626443604
15306,-0.03412195512094223
15307,-0.014567729810406306
15308,-0.0285871552966387
15309,-0.04738378055473154
15310,-0.11398701399690553
15311,-0.11828219676183804
15312,-0.14351188569612502
15313,0.02141334847662461
15314,-0.2309651400897045
15315,-0.1269750713114393
15316,-0.14472814789146043
15317,-0.12533407455711942
15318,-0.021309892942506937
15319,-0.14353424131665848
15320,-0.11930776485012838
15321,-0.17064900725880372
15322,-0.16824017650333464
15323,0.0013395795297291453
15324,-0.14588027339441362
15325,-0.09603751920295706
15326,-0.11437743607860347
15327,-0.03544412528177123
15328,-0.14636948928063967
15329,-0.14625985084576537
15330,-0.05251456144734026
15331,0.03139046439816002
15332,-0.14494430574309486
15333,-0.14283821169091998
15334,-0.10423175001875298
15335,-0.10476107151107304
15336,-0.05410065652171906
15337,-0.03143419672934458
15338,-0.18500834304193203
15339,-0.0545622302918724
15340,-0.0545622302918724
15341,-0.14024892575316428
15342,-0.18329854923936634
15343,-0.038084630319348896
15344,-0.11412856430108341
15345,0.0100991064301213
15346,-0.034502644434926635
15347,-0.15166416895404405
15348,-0.15210777046555543
15349,-0.11092590651888608
15350,-0.027050947333475798
15351,-0.15149681006474272
15352,-0.1330165479655256
15353,-0.14859802364340713
15354,-0.1873612063836443
15355,-0.04731594796458184
15356,-0.1886266366105459
15357,-0.10705089676913618
15358,-0.14569455359798922
15359,0.00790928554957633
15360,-0.10046544846792528
15361,-0.08163023042834233
15362,-0.02758501903882839
15363,-0.14048433206910915
15364,-0.09538675242755265
15365,-0.13608779118268705
15366,0.021291760507382813
15367,-0.09485960971937167
15368,-0.21445679548570848
15369,-0.13240378109775056
15370,-0.053770656397970275
15371,-0.13240378109775056
15372,-0.09609400328063174
15373,-0.02295494457355209
15374,-0.21850366727566306
15375,-0.039566968782299046
15376,-0.01418099276985142
15377,-0.09899199081054462
15378,-0.1335997660929561
15379,-0.13371400464508526
15380,-0.03487570051386104
15381,-0.13841581226270092
15382,-0.13374263334882366
15383,-0.049140118481561364
15384,-0.22741321774734854
15385,-0.2307376445974884
15386,-0.12825491185521912
15387,-0.08912359336751749
15388,-0.10442645379848514
15389,-0.07894945881080458
15390,-0.04523675674124736
15391,-0.007648393937770116
15392,-0.23447503311308018
15393,-0.12379492380947221
15394,0.021512316116775725
15395,-0.1272041698760137
15396,0.024463426375096253
15397,-0.05591720206046046
15398,-0.06112153811030883
15399,-0.13472778608534203
15400,-0.1382202206505509
15401,-0.1061615930457603
15402,-0.06531232102410864
15403,-0.2507731033395059
15404,-0.04936423835071458
15405,-0.026952962068383945
15406,-0.25375435907217125
15407,-0.10275730602326394
15408,-0.14142626365153668
15409,-0.02197209715032751
15410,-0.143820538497181
15411,-0.0008273613116425895
15412,-0.0949125788997723
15413,-0.039755867968767525
15414,0.04571639129666476
15415,0.04915777576035021
15416,0.028399066202867043
15417,-0.07397841667598706
15418,0.00605425675108706
15419,-0.10017537734062146
15420,-0.10017537734062146
15421,0.07913040156019131
15422,-0.10552074276427359
15423,0.03756921729566322
15424,0.034572637391503985
15425,0.009636787288975046
15426,-0.030649188947366488
15427,-0.11158759537348506
15428,-0.11020053194083114
15429,0.03621217259590701
15430,0.0383952870549655
15431,-0.08966851650581631
15432,-0.11007548105403178
15433,0.020792094500226285
15434,-0.005738662251941727
15435,-0.09779265170361687
15436,0.021075707292484824
15437,-0.0843612109071407
15438,-0.011314263235064058
15439,-0.007535804028419804
15440,-0.03610622741163565
15441,-0.005722745715588776
15442,-0.08420937632115605
15443,0.006211107002443526
15444,-0.03106727567781634
15445,-0.18647285054857818
15446,-0.025250320266243846
15447,-0.06905060494924027
15448,-0.20043815026127482
15449,0.040180092854768215
15450,0.00066766905135731
15451,-0.06697133382972952
15452,0.03217593235338248
15453,-0.2149987705892006
15454,-0.1375814861507455
15455,-0.06654482363665179
15456,-0.1697529610956428
15457,-0.0760345003911622
15458,0.02610416243154657
15459,-0.07050574711857743
15460,-0.04799637983782862
15461,-0.07491474040794222
15462,-0.06843437323128324
15463,-0.09014545307756049
15464,-0.17340262403243373
15465,-0.23500143366856266
15466,-0.04999322756916865
15467,-0.17258345228918975
15468,-0.0327995120249333
15469,-0.1702668487396837
15470,-0.1679928563380072
15471,0.004321791793988678
15472,-0.05485254379221289
15473,-0.05778633206470506
15474,-0.08392536132091175
15475,0.034556073603479454
15476,-0.0587376530188482
15477,0.023253020156491076
15478,-0.1623933564133567
15479,0.014847460648292692
15480,-0.16590342262343005
15481,0.004188223339914264
15482,-0.06873798516389495
15483,-0.03935747911210639
15484,-0.04593674510522948
15485,-0.24072249061001133
15486,-0.04985609476800655
15487,-0.10441810840167487
15488,-0.06992514284774816
15489,-0.15231843274802093
15490,-0.06264947473209827
15491,-0.1536971159889456
15492,0.04931238232577139
15493,-0.1536971159889456
15494,-0.056692130442817644
15495,-0.00035781209256448906
15496,-0.05619030584388817
15497,-0.15258285303521152
15498,-0.04688564370121684
15499,-0.05571919197968694
15500,-0.14789831322658076
15501,-0.14525680987892037
15502,-0.2508052072560766
15503,-0.06392673149490431
15504,-0.14385273487002107
15505,-0.06261820531346027
15506,-0.06309485583296134
15507,-0.1431396070960573
15508,-0.14110305216641478
15509,-0.1549634484481243
15510,-0.14074525939636107
15511,-0.038924192417470284
15512,-0.04291496364642711
15513,-0.06350864568404195
15514,-0.06255741831149345
15515,0.039619215109432476
15516,-0.04621848804814754
15517,0.02461124617523964
15518,-0.06060987658258668
15519,0.008133086673569337
15520,-0.0572396527361949
15521,-0.13405760800517938
15522,0.025493401664638954
15523,-0.017526382336391103
15524,-0.058546968421888224
15525,-0.058546968421888224
15526,-0.12884078070348803
15527,0.03475521408599036
15528,0.030791214696150673
15529,0.031070794786599576
15530,-0.035289262116036384
15531,-0.25128091954745246
15532,-0.07201225935071555
15533,-0.13159445817082474
15534,0.03525711820829299
15535,-0.08010120825115975
15536,-0.12757856060858117
15537,0.031235721006013035
15538,-0.0007588342560330455
15539,-0.06909937838594586
15540,-0.08063722169093399
15541,-0.13175748684023714
15542,-0.04301568181940405
15543,-0.049654498111256745
15544,-0.09300259639618823
15545,-0.11330539608547247
15546,-0.13363639186653586
15547,-0.06352747320697916
15548,-0.12890356878786627
15549,-0.04884087933959415
15550,-0.0980457901066641
15551,0.029567350206093503
15552,-0.047167398963763624
15553,-0.047167398963763624
15554,-0.09361540612737568
15555,-0.13240245743092086
15556,-0.09590451098893901
15557,-0.1048771006690183
15558,-0.05747107748035275
15559,-0.13291021382106571
15560,-0.13291021382106571
15561,-0.03331934699702936
15562,-0.13362118960474445
15563,-0.14891461323511396
15564,-0.003489374987164296
15565,-0.08968615655269871
15566,0.0394868985760097
15567,0.0023799230436017255
15568,-0.04431584693464036
15569,-0.08933670909081132
15570,-0.1312595612456692
15571,-0.09079132496551157
15572,-0.006382381348671376
15573,-0.05202103579539374
15574,-0.07317372074759451
15575,-0.05576658462954127
15576,-0.13252017037915684
15577,-0.029525888424196834
15578,-0.12907823957967351
15579,-0.006762662238864404
15580,-0.0391714758096644
15581,-0.24438148791422692
15582,-0.08425489664561663
15583,-0.04708590773223429
15584,-0.01950611852956202
15585,-0.08587272395311821
15586,0.044058414295118836
15587,-0.02200717376589016
15588,0.032368504959280404
15589,-0.060397698938199955
15590,-0.1299881528571145
15591,-0.054729246348630266
15592,-0.06333191866172118
15593,-0.09290946576955823
15594,-0.12666347442404072
15595,-0.15227202448599642
15596,-0.0018612134098265998
15597,-0.12114794095256709
15598,-0.12114794095256709
15599,-0.011052601413492253
15600,-0.2514730199748487
15601,-0.03935343404558247
15602,-0.11932277973224018
15603,-0.06989694980600313
15604,-0.11174091047019448
15605,-0.06864399448221051
15606,-0.11686310564112241
15607,-0.11517121218025686
15608,-0.008791945864641037
15609,-0.11431773366280305
15610,-0.16797901441913612
15611,-0.09348422488865167
15612,-0.11096111955226948
15613,-0.07366909380962959
15614,0.00089220881678735
15615,-0.07366909380962959
15616,-0.06513124270760802
15617,0.03998193634298238
15618,-0.07874944872269375
15619,-0.09743106385007747
15620,-0.07103649733283181
15621,-0.09675464853432321
15622,-0.03703925063273075
15623,-0.0998414002114973
15624,-0.08500357850476846
15625,-0.1125942058940902
15626,-0.09166139740062787
15627,-0.12682680966618032
15628,-0.022480632626156755
15629,-0.10227531298370982
15630,-0.03203949353702114
15631,-0.01903111086536353
15632,-0.0846575219082894
15633,-0.0846575219082894
15634,-0.10413917059272489
15635,0.05455026404108431
15636,-0.10312992232224899
15637,-0.10051423681891491
15638,-0.06561762453040983
15639,-0.09515848995976696
15640,0.037347552650178244
15641,-0.06629359220047117
15642,-0.0747448442118765
15643,-0.1347508176398923
15644,-0.00581683072304027
15645,-0.06790376926198463
15646,-0.09451885725150984
15647,-0.062200674712520394
15648,-0.11390476558296694
15649,-0.09422548737983177
15650,-0.05190060188697663
15651,-0.09227682618332922
15652,-0.09114784718954798
15653,-0.08825383549469054
15654,-0.0021768827519530348
15655,-0.09128698779651676
15656,-0.10467739571731574
15657,-0.09356143574636354
15658,-0.0901509846352683
15659,-0.09467387817279213
15660,-0.08787343628347316
15661,0.039846920556329234
15662,-0.07125443856801945
15663,-0.08498448915208413
15664,-0.05521120045782976
15665,-0.08835187737500999
15666,-0.0928584017538076
15667,-0.08045062478652501
15668,-0.09668871752654169
15669,-0.07893010597372252
15670,-0.004475387031018093
15671,-0.003142996780965061
15672,-0.09894297447657104
15673,-0.0019547709008332155
15674,-0.08425970301564539
15675,-0.03733984018881013
15676,-0.08144914482777905
15677,-0.10526184339424988
15678,-0.22466900766180936
15679,-0.05170965797292772
15680,0.0031043339269388242
15681,-0.11294355727827537
15682,-0.0808336299979275
15683,-0.110213170480385
15684,-0.08149818051390542
15685,-0.05146139216185212
15686,-0.08238718899620834
15687,-0.11416715874589893
15688,-0.017795012287811177
15689,-0.0804322293818228
15690,-0.041375750045952564
15691,-0.07169545632431631
15692,-0.10864494104940282
15693,-0.07734051251011893
15694,-0.020057621774275936
15695,-0.09829391041870562
15696,-0.07818309555501769
15697,-0.05638518504677882
15698,-0.07442855663635069
15699,-0.07442855663635069
15700,-0.07442855663635069
15701,-0.08849994071118338
15702,-0.13855190918074292
15703,-0.05754821894389643
15704,-0.07635229745826642
15705,-0.13430537972013648
15706,-0.08187221365087857
15707,-0.08522765815609418
15708,-0.040679000529530523
15709,0.06664832152418418
15710,-0.13750439095062397
15711,-0.07659032823979371
15712,-0.022476301183948253
15713,-0.13861291513275453
15714,-0.13861291513275453
15715,0.008263802522835212
15716,-0.12447781697915594
15717,-0.043454087178969834
15718,-0.07613182858520227
15719,-0.05216136748472702
15720,-0.06363000181083223
15721,-0.058551063015996205
15722,-0.22684384121052115
15723,-0.08300859864062954
15724,-0.053311398899735796
15725,-0.08695166586556348
15726,-0.14057473722601405
15727,-0.14159348911324374
15728,-0.07763868055323345
15729,-0.07571839969044473
15730,-0.12610137622275946
15731,-0.06480657078960768
15732,-0.0923948684339079
15733,0.01341102509676714
15734,-0.03156920695237461
15735,0.04438142959655299
15736,-0.07803268403582818
15737,-0.07713005219734448
15738,-0.100701368149799
15739,-0.06445955211574037
15740,-0.1400434974328654
15741,-0.14785689535735863
15742,-0.06128144251753018
15743,-0.03032091831057638
15744,-0.057457445451727325
15745,-0.220255401483867
15746,-0.05581537363990582
15747,-0.1202887081602042
15748,-0.07237890657067805
15749,-0.0760837870961783
15750,-0.07300044970387877
15751,-0.07405268494810331
15752,-0.052636970141414476
15753,-0.13123679784327347
15754,-0.07712219255164343
15755,-0.1080101213359687
15756,0.04267099634722671
15757,-0.07705991019591227
15758,-0.15220680853760227
15759,-0.07490567989358024
15760,-0.055608209059311936
15761,-0.05170631170366125
15762,-0.030646300255866864
15763,-0.07641270276011873
15764,-0.04169970932935287
15765,-0.1472196180445216
15766,-0.0842479179804083
15767,-0.20083370880731022
15768,-0.05582325117159983
15769,-0.14873622770030082
15770,-0.04708083107099185
15771,-0.04766349877024848
15772,-0.08448157466754945
15773,-0.11025880222922088
15774,-0.08252086348359962
15775,-0.06649426056234274
15776,-0.1450403640716571
15777,-0.05380651500325962
15778,-0.11789548195153306
15779,-0.0551685611454226
15780,-0.0744717553312409
15781,-0.0514238881802283
15782,-0.07568518312042359
15783,-0.06118238249649646
15784,-0.07984587305172886
15785,-0.10966136830965444
15786,-0.14613155736215744
15787,-0.0578966098618589
15788,-0.1411783354254249
15789,-0.048751210138525555
15790,-0.11513823696538704
15791,-0.050687294439036544
15792,-0.18621953088746312
15793,-0.06480789091111004
15794,-0.11698199596595643
15795,-0.0806630721238904
15796,-0.07727912036804369
15797,-0.07727912036804369
15798,-0.11818406380404359
15799,-0.07613868522263194
15800,-0.09974115300217783
15801,-0.1584216570996525
15802,-0.07557775860504619
15803,0.05399510273332212
15804,-0.045215186473369
15805,-0.07118154921021584
15806,-0.07118154921021584
15807,-0.1550381529879284
15808,-0.04404663915658494
15809,-0.020460144922207886
15810,-0.15192295385006033
15811,-0.15192295385006033
15812,-0.06924917154715424
15813,-0.05878490892430356
15814,-0.044268424784051984
15815,-0.06822114724222629
15816,-0.05400743635655717
15817,-0.1596502065033213
15818,-0.04370213477660233
15819,-0.0676878649608315
15820,-0.18323911316735061
15821,-0.055409766235936714
15822,-0.14501210815645707
15823,-0.06773697292658634
15824,0.030991368027599973
15825,-0.06256039156823345
15826,0.04497633972395662
15827,-0.0549474285153737
15828,-0.06503493126980522
15829,-0.06228939271900803
15830,-0.0357698418120579
15831,-0.1541229533610076
15832,-0.058184937082407656
15833,-0.06757300659541207
15834,-0.18365128969136657
15835,-0.06567178187648476
15836,-0.06770435870649502
15837,-0.07622429745258023
15838,-0.0972372986731005
15839,-0.06384354181746335
15840,-0.06680015224609284
15841,-0.06321015345835353
15842,-0.15305461728125572
15843,-0.03575833127472266
15844,-0.0307136675050004
15845,0.05950625371575949
15846,-0.05611608863225358
15847,-0.15405734879395885
15848,-0.08257089494226968
15849,-0.03535637679657191
15850,-0.06064638722313263
15851,-0.04515759949759225
15852,-0.06188179919813968
15853,-0.06046933264707819
15854,-0.06045248527509892
15855,-0.15259518209178366
15856,-0.16898478548375004
15857,-0.031709461079716166
15858,-0.047184383341813865
15859,-0.06219691353188946
15860,-0.07693799612432942
15861,-0.18808901209220752
15862,-0.04693214722718946
15863,-0.09072597485052425
15864,-0.08034480033549879
15865,-0.15519442926599264
15866,-0.04687982591632977
15867,0.040658963173496564
15868,-0.06661654886143366
15869,-0.05816504963161782
15870,-0.15087028188602275
15871,-0.05143026761011938
15872,-0.051035432578242106
15873,-0.01073346270975516
15874,-0.02724535942978947
15875,-0.06788521412411744
15876,-0.1689505134825697
15877,-0.1574313534308103
15878,-0.10549947876446589
15879,-0.07484744255699927
15880,-0.013692426355161325
15881,-0.053536919351576576
15882,-0.07287021855029997
15883,-0.08038817473161981
15884,-0.05512854149319578
15885,-0.17085206255626056
15886,-0.05701670632648922
15887,-0.05701670632648922
15888,-0.07234605164055853
15889,-0.18135030234759975
15890,-0.05594439749522798
15891,-0.15465817179318347
15892,-0.056990041080479066
15893,-0.07172788320771166
15894,-0.021525750025787823
15895,0.0025233136332251716
15896,-0.18084468665302877
15897,-0.07103441526532539
15898,-0.17005674272552213
15899,-0.05840665737348535
15900,-0.1690628702594963
15901,-0.07143240599062459
15902,-0.16880266266959282
15903,-0.16880266266959282
15904,-0.05889054348299816
15905,-0.0697863555047066
15906,-0.038633400713800344
15907,-0.05892080329503229
15908,-0.18240298443626238
15909,-0.16453572170123898
15910,-0.062630205081307
15911,0.04496427472377334
15912,-0.06443222237217709
15913,-0.07271513988744704
15914,-0.17782888363491797
15915,-0.1629916308350855
15916,-0.07610651688418794
15917,-0.017549311153633347
15918,0.03043898858874773
15919,0.058428416771907014
15920,-0.0689353149148566
15921,-0.17240665825778753
15922,-0.0651247776391799
15923,-0.16773450421433045
15924,-0.0554780754950432
15925,-0.1729363914995281
15926,-0.06672048391069006
15927,0.013605372205192213
15928,-0.06977435990628206
15929,-0.1791499315904165
15930,-0.06302889921805455
15931,-0.15958724396245144
15932,-0.06709894029030017
15933,-0.07795449933940822
15934,-0.06912825189677231
15935,0.0023652803463765316
15936,-0.06830026010663506
15937,-0.15719659168497516
15938,-0.0721884669387474
15939,-0.0850873353504786
15940,-0.062073123119275576
15941,-0.17258614701262026
15942,-0.061837895334061366
15943,-0.07410865723826421
15944,-0.0744818426602324
15945,-0.006718092959647082
15946,-0.166550474854795
15947,0.07224718167719156
15948,-0.1840824457165721
15949,-0.15725594365427545
15950,-0.17393420718548022
15951,-0.0753399336539653
15952,-0.0032714399695626057
15953,-0.07550436477910108
15954,-0.06985600418270542
15955,-0.15465077637080887
15956,-0.08696675057818452
15957,0.002859788920343207
15958,-0.052220160243328054
15959,-0.1751704754348236
15960,-0.05972411032449214
15961,-0.07412278594155637
15962,-0.08215756343241351
15963,0.0056540810579867136
15964,-0.1301043400718357
15965,-0.06257282106218076
15966,-0.06954424417025801
15967,-0.05466089942979936
15968,-0.07045650609376945
15969,-0.09838611694676276
15970,-0.16808107341715905
15971,-0.09444643049816767
15972,-0.06383796368895406
15973,-0.06145261264698691
15974,-0.0005203092171462483
15975,-0.1090402704331543
15976,-0.17279750589139148
15977,-0.020162150911090842
15978,-0.10640062430743975
15979,-0.06526534171224352
15980,-0.05846181527624585
15981,-0.08865449947060637
15982,-0.07111222969446615
15983,-0.16601722415824707
15984,-0.06028910716975864
15985,-0.06856151461101982
15986,-0.07535398958605023
15987,-0.0076197584097482144
15988,-0.06784285937321691
15989,-0.17230690102420945
15990,0.010065874451267809
15991,-0.06738887606639507
15992,-0.1773021211030625
15993,-0.08055383747742105
15994,-0.07026906892838249
15995,-0.07026906892838249
15996,-0.16460255190512774
15997,-0.07504497090829235
15998,-0.07054287841241598
15999,0.010032317746526806
16000,-0.09947909006000931
16001,-0.01215990912551707
16002,-0.07572834530954582
16003,-0.167554446939606
16004,-0.0838446097313456
16005,-0.1776705961390217
16006,-0.17765601555132968
16007,-0.07490576522786352
16008,-0.17150590171026853
16009,-0.08193092808589549
16010,-0.17150590171026853
16011,-0.12338057937617672
16012,-0.04497212805368633
16013,-0.1781403081935137
16014,0.014715406493665333
16015,-0.09801355775582868
16016,-0.17877025219563025
16017,-0.0637450846095285
16018,-0.17582913476606923
16019,-0.07812243591428351
16020,-0.17564843744137118
16021,-0.19040006942541574
16022,-0.11849180647568561
16023,-0.07542828556905744
16024,-0.05195863877402709
16025,-0.009292955901154462
16026,0.009459547598672399
16027,-0.02914481425813257
16028,-0.085487533334809
16029,-0.08850042793507168
16030,-0.17078312513925262
16031,-0.08615334954875041
16032,-0.09194080052469887
16033,-0.06921932750977157
16034,-0.02692619635702789
16035,-0.09061174275615755
16036,-0.08752753304620507
16037,-0.17169334358576702
16038,-0.09113758796535386
16039,-0.08411101311324708
16040,-0.09334095963934592
16041,-0.06604736888914044
16042,-0.1110166680675497
16043,-0.08617671277846252
16044,-0.09341555839592622
16045,-0.09330290527835487
16046,-0.0013205825982767188
16047,-0.017628932165933923
16048,-0.1483282356026591
16049,-0.011668899128537552
16050,-0.09130171579471645
16051,-0.09315576708286778
16052,0.05913065203360824
16053,-0.01923870114300643
16054,-0.15232222502120543
16055,-0.15232222502120543
16056,-0.0977453789499334
16057,-0.20946264713333518
16058,-0.09257793299883244
16059,-0.11019439380978896
16060,-0.1506232552897233
16061,-0.09627844127262354
16062,-0.14983171476432383
16063,-0.08818107303065627
16064,0.005891952344860967
16065,-0.20675423779952457
16066,-0.14443119936357438
16067,-0.09871596400095921
16068,-0.14244444962309613
16069,-0.10855338521985719
16070,-0.16359643413453906
16071,-0.09691992222594148
16072,-0.08815652939975174
16073,-0.1017452713393496
16074,-0.14226136410928775
16075,-0.03081132262971277
16076,-0.05517540931368623
16077,-0.10393253113804107
16078,-0.18275847463498712
16079,-0.1991350800532588
16080,-0.02609353763716943
16081,-0.10356472226787163
16082,-0.10356472226787163
16083,-0.08854087398519597
16084,-0.0879025103585583
16085,-0.13408771997436617
16086,-0.10052982650659141
16087,-0.026048774502127888
16088,-0.0994194097974271
16089,-0.1530485629083742
16090,-0.059125898417727134
16091,-0.09990012493210139
16092,-0.09202578559356869
16093,-0.19161383276892674
16094,-0.1011979530226098
16095,-0.09767484327255585
16096,-0.18996982971612345
16097,0.014876418508497592
16098,-0.12058583926260627
16099,-0.10280317787545719
16100,-0.08528987168090005
16101,-0.11867687710662975
16102,-0.08930816318515324
16103,-0.011666067986159434
16104,-0.10377726665751814
16105,-0.1027753241688439
16106,-0.11733060695595464
16107,-0.10404944471912873
16108,-0.03570944500434949
16109,-0.11224996021752061
16110,0.014529183469397838
16111,-0.10391003855125423
16112,-0.18183463336371788
16113,-0.18141205451652503
16114,-0.10889378639314308
16115,0.042169283321640265
16116,-0.15565645291506763
16117,-0.054462703561220904
16118,-0.11308023084591731
16119,-0.10618216336710971
16120,-0.10579696493737549
16121,-0.18077957606565254
16122,-0.11083546305371046
16123,-0.041467429963682766
16124,-0.16989310991835405
16125,-0.10667197483972324
16126,-0.18235441991680298
16127,-0.09582783252504024
16128,-0.10631764409155377
16129,-0.05728133446837347
16130,-0.08185889888967086
16131,-0.11564157500017584
16132,-0.09738022826723024
16133,-0.10665126829707255
16134,-0.10823658484098714
16135,-0.10597905395510755
16136,-0.026989499964878694
16137,-0.04845184519955111
16138,-0.10876134453253444
16139,0.015015161433722495
16140,-0.1088514293092174
16141,-0.12790542665378196
16142,-0.09729004221194708
16143,-0.1093928589284344
16144,-0.09572927897824712
16145,-0.10937898021289623
16146,-0.0983577157841187
16147,-0.09142329063278798
16148,0.053333504720687035
16149,-0.11347132218760828
16150,-0.1876672844935342
16151,-0.11059648037609845
16152,-0.18774344268290372
16153,-0.10918179984021625
16154,-0.15485090149311945
16155,-0.09002127913553734
16156,-0.09008874515670275
16157,0.026710723297905303
16158,-0.11858449867658866
16159,-0.08429595635419049
16160,-0.17415096436135005
16161,-0.11950223689468921
16162,-0.04310473076726299
16163,-0.08847587349998261
16164,-0.10626806166842488
16165,-0.05192450469180813
16166,-0.09925573592948937
16167,-0.12417618515149832
16168,-0.035611039809901865
16169,-0.192655836857237
16170,-0.10585569978752184
16171,-0.105809462056809
16172,-0.06149349113656254
16173,-0.09649902038363971
16174,-0.0607337840516538
16175,-0.14807967340738407
16176,-0.10585143348663731
16177,-0.10563309353874524
16178,-0.10563309353874524
16179,-0.08292894740151734
16180,-0.10696534478715851
16181,-0.10763174606797893
16182,-0.08721576618211956
16183,-0.19840082668362644
16184,-0.10138829116981632
16185,-0.10876245863204141
16186,-0.11134129466863625
16187,-0.09280520206964163
16188,0.07858733414772057
16189,-0.1967432276967216
16190,-0.11283903939170004
16191,-0.11283903939170004
16192,-0.10107812916536947
16193,-0.1124488945258773
16194,-0.0935186177673588
16195,0.012468878572576269
16196,-0.1159843953324399
16197,-0.19280836758916137
16198,-0.14220985178500006
16199,-0.11692021608402697
16200,-0.11753634000625472
16201,-0.062257901896880206
16202,-0.13152627869004382
16203,-0.1094412295359216
16204,-0.10995168982592088
16205,-0.18936755952500334
16206,0.012327634511190148
16207,-0.06944448320258398
16208,-0.12314344571429926
16209,-0.14704029438358876
16210,-0.05904822494157491
16211,-0.09045908497755736
16212,-0.013080533215821128
16213,-0.12504198050372742
16214,-0.14010061942226176
16215,-0.12313915986787544
16216,-0.12313915986787544
16217,-0.1223899989192054
16218,-0.13821177711708452
16219,-0.13821177711708452
16220,-0.10821911208757762
16221,-0.08659663157025638
16222,-0.08659663157025638
16223,-0.09794568547635457
16224,-0.11931593355408317
16225,-0.10790889423331296
16226,-0.11596670413503019
16227,-0.19272843460728933
16228,-0.007474389406706068
16229,0.059881146682612664
16230,-0.1637185279873174
16231,-0.08864932642490313
16232,-0.18850209489982356
16233,-0.1554688957919549
16234,-0.12158184904297632
16235,-0.09144329742579996
16236,-0.14770285510255726
16237,-0.11519925501322249
16238,-0.11346995298236186
16239,-0.05984748067303925
16240,-0.14951905902940146
16241,-0.08162119365226678
16242,-0.06477490995427017
16243,-0.1730561542882087
16244,-0.07843960765322888
16245,-0.04578048108910236
16246,-0.06519229838952319
16247,-0.15162175241200618
16248,-0.11883385804174432
16249,0.0002251347664542099
16250,-0.1732267421795801
16251,-0.11627613001471847
16252,-0.07477107575411514
16253,-0.049778082542741284
16254,-0.07566911763235765
16255,-0.11394018262981788
16256,-0.05300519358613246
16257,-0.09927685649834132
16258,-0.16615865782047867
16259,-0.11107574284766117
16260,0.009234328109019644
16261,-0.1521470655689354
16262,-0.1152496187099252
16263,-0.11561646758765112
16264,-0.11561646758765112
16265,-0.0655182355351296
16266,-0.06402409499884787
16267,-0.03591005918830312
16268,-0.07741629716736036
16269,-0.16303395008583016
16270,0.07377749243568141
16271,-0.10312854813854958
16272,-0.02315452486091062
16273,-0.03284448247753231
16274,-0.03284448247753231
16275,-0.07343154617882179
16276,-0.04207480050628843
16277,-0.10534907929961403
16278,0.007164983486611166
16279,-0.16553973211513637
16280,-0.0273287180633484
16281,-0.06641439490661885
16282,-0.03140324958359723
16283,-0.10841415401081933
16284,-0.15908047728822733
16285,-0.10866108534638516
16286,-0.07075067453032162
16287,-0.09214407389252163
16288,-0.04095305329139674
16289,0.010858545458516047
16290,-0.08226944127745904
16291,-0.14726695535661058
16292,-0.11056970314963098
16293,-0.11004178801218335
16294,-0.18048466528619372
16295,-0.1126644984405165
16296,-0.14329620016387262
16297,-0.172251730406652
16298,-0.10576646046337151
16299,-0.17524286126728805
16300,-0.03179168071715778
16301,-0.02039036417744568
16302,-0.11793889780310317
16303,-0.11740856210147703
16304,-0.03125137582207929
16305,-0.02281574047003205
16306,-0.05137256175575488
16307,-0.03500040699584014
16308,-0.1923286352716654
16309,-0.03914979012882303
16310,-0.1859793025156578
16311,-0.019011224557075
16312,-0.12923549025292858
16313,-0.12782528190846137
16314,-0.12479726918771254
16315,-0.024401202103584933
16316,-0.18635464863061207
16317,0.017582261403590118
16318,-0.12790864661816034
16319,-0.18399151146974096
16320,-0.02289450003149742
16321,0.04809442080824583
16322,-0.18696055312150836
16323,0.06306542875292054
16324,-0.17823669671848624
16325,0.0031654417200903673
16326,-0.17764697276010138
16327,0.04181662748497441
16328,-0.17442390835777818
16329,-0.09877682362239504
16330,-0.023169469641117612
16331,0.03953285433280109
16332,-0.09508223641259349
16333,-0.06466086785799563
16334,-0.0120515583036905
16335,-0.13566841525955423
16336,-0.1713284990156794
16337,-0.10443684068415074
16338,-0.01840519858893263
16339,-0.13694260181294599
16340,-0.01782112586594184
16341,0.006905724467226892
16342,0.023148147834687414
16343,-0.10577975118733618
16344,-0.14062412477850714
16345,-0.13749181603741106
16346,-0.012542975289844738
16347,-0.10398207806130208
16348,-0.1257179296374456
16349,-0.11259760484464956
16350,-0.09595530591964216
16351,0.009356323991230136
16352,-0.015011767521516861
16353,-0.01594154896344583
16354,-0.12038466737492343
16355,-0.11900878758122169
16356,-0.11943770747169333
16357,-0.06376997136592252
16358,-0.10163913146576133
16359,-0.13839960429071294
16360,-0.022372537032498085
16361,-0.16647049022005603
16362,-0.12731828044488971
16363,-0.13725409909859232
16364,-0.013231189777142953
16365,-0.16735390489235705
16366,-0.05444238936659734
16367,-0.09575441471881987
16368,-0.09865064129462948
16369,-0.1336509674743193
16370,-0.08739362917355344
16371,-0.11834733245790226
16372,-0.11846574746624783
16373,-0.10842161134628124
16374,-0.08516011015775178
16375,0.002713814409450283
16376,-0.13548138706552493
16377,-0.1241458068676495
16378,-0.12386778407300787
16379,-0.12772088909359589
16380,-0.021376287541502583
16381,0.010964287546917535
16382,-0.13186420006519595
16383,-0.1575543764118475
16384,-0.11855509486682445
16385,-0.1306202309567864
16386,-0.16722643253580682
16387,-0.08406296067766589
16388,-0.12046914804614396
16389,-0.023125903818893574
16390,0.010044881758432532
16391,-0.1324290353380551
16392,-0.020762126937497127
16393,-0.1325729127176562
16394,-0.13261528073729378
16395,-0.13261528073729378
16396,-0.16198010714653122
16397,-0.13272352368422755
16398,-0.1315767034594618
16399,-0.08184260604508592
16400,-0.019887636667652992
16401,-0.009876751089648262
16402,-0.019887636667652992
16403,-0.020765100081186896
16404,-0.11152137396487818
16405,-0.16081255717034543
16406,0.005204636580685918
16407,-0.07266698581181855
16408,-0.11390385712365879
16409,-0.11418035866708737
16410,-0.1256411212120526
16411,-0.11418035866708737
16412,-0.16309782229031605
16413,-0.041095396058044645
16414,-0.07386369605713601
16415,-0.1587729745493671
16416,-0.08572951739946576
16417,-0.1301645786921781
16418,-0.13248723353176184
16419,-0.13308950119249588
16420,-0.15420572800654633
16421,-0.12358414699191717
16422,0.0045306650446882415
16423,-0.11875538499676783
16424,-0.06801140117927894
16425,-0.12228862375447291
16426,-0.14506215217066046
16427,-0.03234836913619105
16428,-0.1213305029716216
16429,-0.1419760820830796
16430,-0.027045355797600253
16431,-0.034735250990514
16432,-0.14411691466498439
16433,-0.01079758533850358
16434,-0.14527636080197365
16435,-0.13065928038338445
16436,-0.06856580093554351
16437,-0.02699311216380873
16438,-0.14461434393213518
16439,-0.13547371434238648
16440,-0.12472353219587211
16441,-0.14437755483831413
16442,-0.09554041194857774
16443,-0.03550980862056612
16444,-0.14579601992437585
16445,-0.1473766162411261
16446,-0.12326977667530802
16447,-0.14838984514154271
16448,-0.03672439716628822
16449,-0.1482757706655264
16450,-0.06472191476038032
16451,-0.11014246767147431
16452,-0.07083461128007992
16453,-0.11146203254876523
16454,-0.03841215072195193
16455,-0.10787460421561637
16456,-0.04114365065604255
16457,-0.021958642385445155
16458,-0.10514121745873137
16459,-0.11154043062749389
16460,-0.04076612801126664
16461,-0.012146444687523269
16462,-0.011038477975805455
16463,-0.06150732910518899
16464,-0.1359732672060343
16465,-0.11591599392780613
16466,-0.14711474916541042
16467,-0.1285181066320127
16468,-0.12447379474173417
16469,-0.09493288235066275
16470,-0.08967611285068093
16471,-0.12504601485025707
16472,-0.05821362780981447
16473,-0.09043952730268386
16474,0.0318876629900376
16475,-0.12265736312905666
16476,-0.1040474353001148
16477,-0.004190444819205282
16478,-0.12892841979156563
16479,0.002896885752839744
16480,-0.08151419655925411
16481,-0.12510195834527774
16482,-0.04115559417218705
16483,-0.08491467825686051
16484,-0.012677576757290998
16485,-0.0076937560011769305
16486,-0.0999662204511067
16487,-0.11861771798322637
16488,-0.14046904866190593
16489,-0.09558460006181135
16490,-0.042495650178177816
16491,-0.1114810765591677
16492,-0.1114810765591677
16493,-0.09647715009745361
16494,-0.1156861994706874
16495,-0.11779754524914723
16496,-0.04512201043317925
16497,-0.11986416030879905
16498,-0.0981634419117488
16499,-0.06315331466399446
16500,-0.044977905955194776
16501,-0.12523607671690087
16502,-0.014896091574284344
16503,-0.099965937249708
16504,-0.021224086228830603
16505,-0.11370932634129825
16506,-0.123965118763263
16507,-0.04046096385188575
16508,-0.09914342818197458
16509,-0.04888899510589967
16510,-0.11848425609752812
16511,-0.11848425609752812
16512,-0.047171184264796835
16513,-0.12322798587966294
16514,-0.030696850269401242
16515,-0.05938931081246098
16516,-0.12268576956333696
16517,-0.09287703116003163
16518,-0.09515645779813242
16519,-0.15536540071260319
16520,-0.03748996474582679
16521,-0.12370234594136471
16522,-0.09772315057835836
16523,-0.12299014348070678
16524,0.025952943762494
16525,-0.020355913966784506
16526,-0.08434152537302206
16527,-0.09772146819466843
16528,-0.09431314755305799
16529,0.0026582992096756165
16530,-0.08494904695294353
16531,-0.13594414343349315
16532,-0.07593970572459598
16533,-0.0945128530675797
16534,-0.09467236652776806
16535,-0.021411114486433413
16536,-0.10820326320013603
16537,-0.07432956889301331
16538,-0.10733678681051988
16539,-0.10995097542674633
16540,-0.10995097542674633
16541,-0.09371604394822786
16542,-0.042590472692847964
16543,-0.11505130639888712
16544,-0.11039302845308555
16545,-0.03127080750210673
16546,-0.04210414740908926
16547,-0.028957072570150344
16548,-0.11141564625056063
16549,-0.02910839728621446
16550,-0.020574662707087313
16551,-0.020574662707087313
16552,-0.06903034390411776
16553,-0.11217048809747343
16554,-0.10634137794948777
16555,-0.025774837297473832
16556,-0.025226182396910365
16557,-0.1085250337716419
16558,-0.019382916450728843
16559,-0.17299047632425082
16560,-0.07975867100943788
16561,-0.1153515911064877
16562,-0.08983148933736981
16563,-0.05035101883239699
16564,-0.0826211117007063
16565,-0.11251853936964996
16566,-0.015766674160688172
16567,-0.12055475648070661
16568,-0.1371092933745243
16569,-0.0654352383159558
16570,0.014040609804514582
16571,-0.11352512746730477
16572,-0.08630705573129921
16573,-0.031198103684030542
16574,-0.108479557880476
16575,0.010431252187127758
16576,-0.13419794981561542
16577,-0.09680466088171345
16578,-0.040453287676472376
16579,-0.08765878782314027
16580,-0.034351121604330105
16581,-0.06958712580446073
16582,-0.09177301403200117
16583,-0.09283784211302866
16584,-0.09523323557133144
16585,-0.0977227236727018
16586,-0.12095124001790132
16587,-0.039883792571740524
16588,-0.09596832900021983
16589,-0.09596832900021983
16590,-0.06518693453905457
16591,-0.04334365630627584
16592,-0.0502745473935464
16593,-0.013173566378624362
16594,-0.0927356177661231
16595,-0.11719358777941095
16596,-0.012599023908377872
16597,-0.011817610884027491
16598,-0.06781662863726455
16599,-0.07788773536227786
16600,-0.023135404023761755
16601,-0.08836106361264363
16602,-0.1159847477195888
16603,-0.1159847477195888
16604,-0.05602806832404604
16605,-0.09136907797423259
16606,-0.006973276755053544
16607,-0.006126475448243568
16608,-0.11823425968491584
16609,-0.17403852555079746
16610,-0.06273721592988198
16611,-0.07246664412908634
16612,-0.09444974125764108
16613,-0.0504441703482119
16614,0.00037806804139614255
16615,-0.11897303694874443
16616,0.02564980739984714
16617,-0.08482137612875648
16618,-0.14070542665446964
16619,-0.07975479627669263
16620,-0.04750060157373293
16621,0.022060967722296553
16622,-0.05755287482360929
16623,-0.1854264948841804
16624,-0.012145317932322
16625,-0.09490852420729283
16626,-0.0690494746502923
16627,-0.011467165052629548
16628,-0.0690494746502923
16629,-0.05053907399911885
16630,-0.021102900031829037
16631,-0.06463114772322155
16632,-0.05992394486667305
16633,-0.05992394486667305
16634,-0.028387625452477923
16635,-0.059078234197759746
16636,-0.024665585847902016
16637,-0.043089718711897276
16638,-0.11118813878215662
16639,-0.077217012630618
16640,-0.06782174523390402
16641,-0.058086947919304716
16642,-0.007001602960029411
16643,-0.1111770272381983
16644,-0.038226142502424336
16645,-0.009703940650765464
16646,-0.03210343962202708
16647,-0.06097856399872724
16648,-0.11197871874185175
16649,-0.0545518683240788
16650,-0.03058634287523204
16651,-0.09099274871061809
16652,-0.029738976620384865
16653,-0.043168566643696976
16654,-0.050358448091613967
16655,-0.05580395304434048
16656,-0.06569341857536196
16657,-0.09568945806729562
16658,-0.045286060766869786
16659,-0.11433475737544664
16660,-0.055862185213572134
16661,-0.08825659489501017
16662,-0.18833457994383457
16663,-0.11553231912859328
16664,-0.0807737435533364
16665,0.010189069303746748
16666,-0.049211075403626646
16667,-0.0022318941859040685
16668,-0.06660014648158588
16669,-0.0016984785859462306
16670,0.02498004440242922
16671,-0.0697279296210801
16672,-0.04275422251549296
16673,-0.042698340239169956
16674,-0.03326823852120537
16675,-0.05820561291431757
16676,-0.07415693192667194
16677,-0.14010992045268475
16678,0.00687281269017588
16679,-0.04152481999507122
16680,-0.18238113642873674
16681,-0.09932113032462925
16682,0.00807429180915383
16683,-0.0698651004310088
16684,0.0030600700239960645
16685,-0.06760067151147482
16686,-0.0654762115430648
16687,-0.0654762115430648
16688,-0.05036071774646605
16689,-0.04886158377428658
16690,-0.12316853492838437
16691,-0.12316853492838437
16692,-0.07607747162933863
16693,-0.051382837590891905
16694,0.006617813220626634
16695,-0.07202813510818534
16696,-0.07364952510919016
16697,-0.1176887513974481
16698,-0.1176887513974481
16699,-0.030221481726469334
16700,-0.09704031427684957
16701,-0.07674076251993377
16702,-0.04495455742452094
16703,-0.11362484579188536
16704,-0.09185850929320323
16705,-0.0698693382266353
16706,-0.04200036077427491
16707,-0.19902343958659968
16708,-0.07547929060745717
16709,-0.13608508988445134
16710,-0.07738793932975278
16711,-0.043746458378496236
16712,0.013859395150409296
16713,-0.0471259414281629
16714,-0.06816003705363446
16715,-0.07963632300294365
16716,0.011022416917048647
16717,-0.07856314823343913
16718,-0.06812295620573351
16719,-0.037162972459795
16720,-0.09140136911656069
16721,-0.19782276980589303
16722,-0.0699934153201968
16723,-0.07300728951047195
16724,-0.0743665980407198
16725,-0.07839525397246785
16726,-0.07366031750205436
16727,-0.07523977127851503
16728,-0.11912417233711778
16729,-0.07523545045814085
16730,-0.14781198932324618
16731,-0.03483070297151043
16732,-0.07426904473358777
16733,-0.07812278445790655
16734,-0.1477956767498678
16735,-0.07776287884206079
16736,-0.07705887329612345
16737,-0.07385439645134119
16738,-0.0783340464194753
16739,-0.04267838796055178
16740,-0.14792414973081547
16741,0.01722096227720929
16742,-0.06668589479760496
16743,-0.06288024644565393
16744,0.012432786554165126
16745,-0.11838898596754906
16746,-0.0275747104064659
16747,-0.025471193590203115
16748,-0.07314262555877285
16749,-0.09099706274901483
16750,-0.20946811727451664
16751,-0.06702241478920978
16752,-0.07886975826142123
16753,-0.1521231773880228
16754,-0.07414197047657592
16755,-0.0009713494020269236
16756,0.003553348129265391
16757,-0.033952999070198414
16758,-0.1304856934692279
16759,-0.07518736828699522
16760,-0.16223632879969052
16761,-0.08258791584774403
16762,-0.07074231894751275
16763,-0.08020356232221665
16764,-0.014086503495623274
16765,-0.06662509945849979
16766,0.0009480732405559398
16767,-0.09372660522237818
16768,-0.08558668860246849
16769,-0.0652572382700052
16770,-0.06731539430383399
16771,-0.09759023637755257
16772,-0.09536512325528448
16773,-0.06799071642802999
16774,-0.2159530419491612
16775,-0.029472926753196554
16776,-0.0668826619873653
16777,-0.0022156450292492857
16778,-0.10240461963317339
16779,-0.042579755523676106
16780,-0.0844422936101303
16781,-0.07074417272814433
16782,-0.16100536095424334
16783,-0.06628011269933803
16784,-0.09520640749452015
16785,-0.1602951621145266
16786,-0.07032112401841736
16787,-0.08455463629686409
16788,-0.07271968296855515
16789,-0.15901218313335605
16790,-0.009295129211745648
16791,-0.07543150147027691
16792,-0.15960702636111418
16793,-0.07543150147027691
16794,-0.09170330433503526
16795,0.08322120474120674
16796,-0.04580491109894416
16797,0.010919643993190791
16798,-0.012440537455830628
16799,-0.08238337004405262
16800,-0.09062514249796352
16801,-0.09387279580275931
16802,-0.1498402329286729
16803,-0.2032714406527356
16804,-0.07634727189891014
16805,-0.09313999756194173
16806,-0.14702786161534215
16807,0.0009826459323281714
16808,0.0012303428116889584
16809,0.004918526946793037
16810,-0.06840071343299282
16811,-0.03677674179235588
16812,-0.07771660106546766
16813,-0.12360227854410401
16814,-0.07948737980551117
16815,-0.09162249746833567
16816,-0.02284025236009766
16817,0.04887536772380923
16818,-0.09780741618494
16819,-0.08144127418510551
16820,-0.08061165740967478
16821,-0.09185183446443022
16822,-0.08654805853679176
16823,-0.2162080754901046
16824,-0.07508534849541108
16825,-0.08159502700542806
16826,-0.08159502700542806
16827,-0.07616035590616263
16828,-0.07669096986285322
16829,-0.07441370174378995
16830,-0.06627351883147535
16831,-0.07395502019172466
16832,-0.12918982800076576
16833,-0.07341153138490498
16834,-0.1285863176964538
16835,-0.02944721681735302
16836,-0.09949594961759482
16837,-0.07827571158173151
16838,-0.005242300112544573
16839,-0.005242300112544573
16840,-0.04802955584064919
16841,-0.06881772459005889
16842,-0.023805542769687157
16843,-0.12767200328605516
16844,-0.06092650204123897
16845,-0.07859370790522992
16846,-0.06092650204123897
16847,-0.06977287952021241
16848,-0.0912209155262369
16849,-0.12283557201610906
16850,-0.21515669567020548
16851,-0.06640867714408244
16852,-0.07688998770204207
16853,-0.06826420219392952
16854,-0.07117646773491457
16855,-0.11868415526849188
16856,0.0137446505652979
16857,-0.07025052391147438
16858,-0.08235438542860629
16859,-0.13416927285897642
16860,-0.06665434623085727
16861,-0.07367596323966996
16862,-0.07138934828278928
16863,-0.07138934828278928
16864,0.0004512289386065311
16865,-0.017432082871159854
16866,-0.09823278463212404
16867,-0.0368160722656343
16868,-0.06582024278848445
16869,-0.046021613223961776
16870,-0.06362827887041893
16871,-0.05772580146408634
16872,-0.0647790118392881
16873,-0.08015089303248213
16874,-0.06290629228491165
16875,-0.10041368659385563
16876,-0.21412703796520896
16877,-0.058375599688405014
16878,-0.06542342866649833
16879,0.012761476329408144
16880,-0.05430120200316957
16881,-0.06525581863247656
16882,-0.0552786853392375
16883,-0.0319701918062434
16884,-0.010818545615090814
16885,-0.053768376434031366
16886,-0.053768376434031366
16887,-0.0600972508523076
16888,-0.052919613314689855
16889,0.007028002870042153
16890,-0.06125072427540269
16891,-0.09783027952587503
16892,-0.05893242053703984
16893,-0.04404576651130876
16894,-0.11602489982671566
16895,0.010286232516840894
16896,-0.11397500858951387
16897,-0.05540030525431164
16898,-0.11397500858951387
16899,-0.04735744053060627
16900,-0.01363002285866506
16901,-0.06721134328763839
16902,-0.21136496106662386
16903,-0.05344850243434145
16904,-0.10867787271069956
16905,-0.08358538016669004
16906,-0.006609113988686113
16907,-0.10866115376173852
16908,-0.00874008205327786
16909,-0.09152054573934275
16910,-0.05565831215719866
16911,-0.0018207907115898947
16912,-0.04458710828569342
16913,-0.14569101249440816
16914,-0.05742762938351545
16915,-0.060625651761580884
16916,-0.04839796395158985
16917,-0.04853883007702916
16918,-0.10519333171979287
16919,-0.060571835100628135
16920,0.005162849693041494
16921,-0.058695459866034964
16922,-0.22677656623942705
16923,-0.06067892347055185
16924,-0.05053931948568809
16925,-0.07583897461950297
16926,-0.05495012559951045
16927,-0.053453607342487
16928,-0.054355914647824334
16929,-0.10252671358943134
16930,-0.048580905148345226
16931,-0.07469317990553088
16932,-0.05597452490843892
16933,-0.0503375051251397
16934,-0.10070294391942863
16935,-0.11418717589517256
16936,-0.05004365863965313
16937,-0.023816002974346284
16938,0.018739393713158154
16939,-0.10051434677397114
16940,-0.04848755106331256
16941,-0.11196279722090105
16942,-0.025059666550513778
16943,-0.026654275274193055
16944,-0.04233734875595598
16945,-0.03259129244288775
16946,-0.04731978801872101
16947,-0.045988056817848295
16948,-0.024737015813097087
16949,-0.08536265106423288
16950,-0.103702215248455
16951,-0.09676122089722088
16952,-0.2423436192023221
16953,-0.10059574962892252
16954,-0.03845786019726896
16955,-0.10451383460248073
16956,-0.08581138152780773
16957,-0.1555333316928316
16958,-0.03905848024511176
16959,-0.03405527654607127
16960,-0.08933054197684347
16961,0.021998307180991716
16962,-0.02394335155818943
16963,-0.034190039214890805
16964,-0.03211525385000614
16965,-0.03183974096725821
16966,-0.0875532972144767
16967,-0.11423414952285317
16968,-0.02896542930997551
16969,0.008600465036369395
16970,-0.030159253962851525
16971,-0.029943741168819392
16972,-0.25941733846913606
16973,-0.03410844240271667
16974,-0.035013897779719916
16975,-0.10937557113011637
16976,-0.035013897779719916
16977,-0.03591336508550485
16978,-0.0623591388539812
16979,-0.021220581108452066
16980,-0.09664003551489657
16981,-0.042238588050148136
16982,-0.03560932756377564
16983,-0.022766325453887293
16984,-0.02306969221405158
16985,-0.04325190288899393
16986,-0.09518731592739282
16987,-0.0423359875842804
16988,-0.03116079614203292
16989,0.02004484682400551
16990,-0.07753186775690703
16991,-0.0996337327190479
16992,-0.01304454781913047
16993,-0.020344680421764717
16994,-0.025073999305328092
16995,-0.02473866647020072
16996,-0.014836934775730828
16997,-0.09233443301635334
16998,-0.026636133486076817
16999,-0.0745783131887091
17000,-0.03615379044644726
17001,-0.12410685459156451
17002,-0.274159565123291
17003,-0.03126402014216506
17004,-0.029165670559649803
17005,-0.0733403665475576
17006,-0.019944232720485983
17007,-0.1415545840919331
17008,-0.07206892559242027
17009,-0.02539359280472428
17010,-0.024011768586354336
17011,-0.037371779813960934
17012,-0.02176260188105502
17013,-0.03464718717710233
17014,-0.0057683814412858294
17015,-0.07866594058204376
17016,0.00745021760673463
17017,-0.26166037666475184
17018,-0.02199552067240798
17019,-0.08835588601130814
17020,-0.037870209724364695
17021,-0.02816904354309619
17022,-0.028805286934482914
17023,-0.046274784826609884
17024,-0.04317278473300669
17025,-0.02598694718207663
17026,-0.07856539300138751
17027,-0.008359978157861377
17028,-0.023238948447568453
17029,-0.03858251982663672
17030,0.0016055364818460503
17031,-0.019017982425459726
17032,-0.041284159652164025
17033,-0.0304921713399639
17034,-0.04196408357664392
17035,-0.0696554066904151
17036,-0.020757626639944828
17037,-0.0696554066904151
17038,-0.13807018830576495
17039,0.00041326366746067026
17040,-0.09823220778728899
17041,-0.029592510706980234
17042,-0.023234452337729507
17043,-0.0688433898196515
17044,-0.26916618179727564
17045,-0.0719194526136843
17046,-0.06983663500640173
17047,-0.06754476213324018
17048,-0.15620903249448134
17049,-0.06928537505809387
17050,-0.026214116444395884
17051,-0.028143341884701183
17052,-0.026353556798108992
17053,-0.030242177094795628
17054,-0.024243555799339407
17055,-0.021343608640854318
17056,-0.02775583922089398
17057,-0.015393360547563462
17058,-0.01846085836840461
17059,-0.2586763199864723
17060,-0.019771646097980263
17061,-0.09069228991348623
17062,-0.07414504039786061
17063,-0.014638865094243106
17064,-0.037927429356299204
17065,-0.012644665628587274
17066,-0.010319383983775897
17067,-0.06994362199009888
17068,0.006917673422247634
17069,-0.07344344106530018
17070,-0.033059014596587825
17071,-0.04815703562537223
17072,-0.07914099641099084
17073,-0.04756484577203981
17074,-0.0034090802698768193
17075,0.00693425749647102
17076,-0.03248838730538153
17077,-0.027123623113568435
17078,-0.04638183122172959
17079,-0.07400838098811235
17080,-0.07210341188045319
17081,-0.24815076078510637
17082,-0.031862495018065554
17083,-0.1361417836146832
17084,-0.0934137806850264
17085,-0.003020245695456205
17086,0.0016720217843667225
17087,0.00335239447079812
17088,-0.020717552387768293
17089,-0.02924179144878101
17090,-0.05932024571192946
17091,0.002093607879988308
17092,-0.02489983385564932
17093,-0.03541027195750468
17094,-0.07456338999902046
17095,-0.08765407222399868
17096,-0.24371994127540847
17097,0.0020712997665337653
17098,-0.07643238947885929
17099,-0.0629796943618457
17100,0.0007642198238604498
17101,-0.0003358239606463648
17102,-0.07849318396339454
17103,-0.07434196981597338
17104,0.001344198459117095
17105,0.007285931364961137
17106,-0.012358412125368007
17107,0.006014330857157989
17108,-0.060496589725335594
17109,-0.06112273466587393
17110,0.0028697913182524184
17111,-0.037393116062996154
17112,-0.00992741761103489
17113,0.0043170213843303044
17114,-0.08224345528413586
17115,-0.08347785164658258
17116,-0.09242585357888629
17117,-0.23766142352543437
17118,-0.09295640699520043
17119,0.011896956999734254
17120,-0.0657905677078254
17121,-0.0008552305554494955
17122,-0.09351838609223351
17123,0.011500758277932779
17124,-0.01147886025268488
17125,0.011483599865468293
17126,0.011483599865468293
17127,-0.07940860967514964
17128,-0.05333985257804858
17129,-0.0754876085284737
17130,0.0011148288877997718
17131,-0.22143417406445506
17132,-0.08821545377935047
17133,-0.03620727987814209
17134,0.005804126432572362
17135,-0.06609442170614112
17136,-0.051634819816593874
17137,0.003157762412535545
17138,-0.049590460202338905
17139,0.0002301674130051806
17140,-0.0820543829603014
17141,-0.05802773434445259
17142,0.007013112946377842
17143,-0.002337648093946955
17144,-0.012421504553836567
17145,-0.006226794580389097
17146,-0.026470706340681226
17147,-0.020022484301822924
17148,-0.018551854509640323
17149,-0.08443027390562668
17150,-0.013072133556580786
17151,-0.0784741561600428
17152,-0.20428786028471546
17153,-0.07753614985239804
17154,-0.006391879482079324
17155,-0.045819752276396876
17156,-0.038574886315323444
17157,-0.00789648484027181
17158,0.01842677563701536
17159,-0.00873581927018575
17160,-0.03359259146677516
17161,-0.0067848130574397906
17162,-0.0320521346668917
17163,-0.029467274838053604
17164,-0.07325339303204234
17165,-0.07212537677196748
17166,-0.06759825001233136
17167,-0.004240382190583685
17168,0.023004912794418138
17169,-0.001583835429002233
17170,-0.0404398749261657
17171,-0.07433947872515785
17172,-0.008923148463641404
17173,-0.07616171405916573
17174,-0.13632478937197376
17175,-0.015214073200932435
17176,0.010535286245755122
17177,-0.005350045204608423
17178,0.006639035277895055
17179,-0.08578933940580585
17180,-0.011748208422036905
17181,-0.010379116780750175
17182,-0.17791345497419936
17183,-0.012419786119659087
17184,-0.012419786119659087
17185,-0.10014247181409675
17186,-0.04892197629568114
17187,-0.07252507011708283
17188,-0.08725360170803567
17189,-0.01623620385688973
17190,-0.10034896504480496
17191,-0.04884667244913775
17192,-0.05063007598919022
17193,-0.10603423272098626
17194,-0.12993320193475064
17195,-0.09085754767441152
17196,-0.03328837594564643
17197,-0.04189597136160058
17198,-0.09632561635988757
17199,0.02811414515199039
17200,-0.038164405925887504
17201,-0.0364218152365523
17202,-0.057524878761748756
17203,-0.10945727996490792
17204,-0.11145868781193523
17205,-0.10742154971477974
17206,-0.04810719425874003
17207,-0.04660884081485168
17208,-0.04813731508486908
17209,-0.026007190087615595
17210,-0.05127739571199318
17211,-0.07466681731584254
17212,-0.024158458491939087
17213,-0.08345874506499637
17214,-0.08417950545128823
17215,-0.06198980392512583
17216,-0.0625751343363417
17217,-0.08464038454872469
17218,-0.11619472836913568
17219,-0.05751334679544461
17220,-0.06546950256564313
17221,-0.11226875681812284
17222,-0.08172063283502083
17223,-0.05007223818837803
17224,-0.1292717754692505
17225,-0.13532751828671455
17226,-0.06643487192137634
17227,0.014207761177765642
17228,-0.0163938418062751
17229,-0.06019667208355378
17230,-0.09610105415311555
17231,-0.14139946848766122
17232,-0.062223705785325385
17233,-0.12271908643164747
17234,-0.06073760556711596
17235,-0.05810928460005422
17236,0.025403774246984298
17237,-0.12994214266358745
17238,-0.03250968117579286
17239,-0.06327330063517642
17240,-0.06853576811231267
17241,-0.1335266814420257
17242,-0.06072875675970316
17243,-0.07825808850266136
17244,0.02438305279250238
17245,-0.05745674479401707
17246,-0.14171634110493864
17247,-0.0317245728156783
17248,-0.10278606334271338
17249,-0.1453348587049475
17250,-0.061102571388841606
17251,-0.02857899210661821
17252,0.015837872626701898
17253,-0.09229959049233906
17254,-0.15479598976200443
17255,0.02329305328195369
17256,-0.08913678307205457
17257,-0.01424634329432475
17258,-0.02987063818656442
17259,-0.027918422595680246
17260,-0.0575800048636475
17261,-0.10000208514658271
17262,0.021624479479943916
17263,-0.022044555783667805
17264,-0.08944539858909646
17265,-0.11823980139425025
17266,-0.1609388942928881
17267,0.1268901153051204
17268,-0.11212469906190412
17269,-0.06810598916272398
17270,-0.10520625261057442
17271,-0.1108517875788468
17272,-0.09055052336459847
17273,-0.16278610183173678
17274,-0.017164342786150696
17275,-0.1677412158788119
17276,0.03481886843337274
17277,-0.0068171800466492296
17278,-0.12186191277248706
17279,-0.018408800113178404
17280,-0.0680417510436822
17281,-0.12356510697964662
17282,-0.0192429092579784
17283,-0.020087127341900008
17284,-0.12166336976202091
17285,-0.12166336976202091
17286,0.045037808767999954
17287,-0.1350890121379428
17288,-0.13487152040545447
17289,-0.019439528908432126
17290,-0.07627071289600218
17291,-0.13552931164914514
17292,-0.16304997340315242
17293,-0.01969383136229486
17294,-0.1636938392072065
17295,0.08895892445771637
17296,-0.12478053570922401
17297,-0.13350498780904518
17298,-0.06574268183970833
17299,-0.010219467657134324
17300,-0.13429395917401019
17301,-0.03064420245066562
17302,0.03781389858826213
17303,0.03448916864941511
17304,-0.05299780221614537
17305,-0.12439548336028448
17306,-0.1666547797926565
17307,-0.0227612671602083
17308,-0.10956336993129161
17309,-0.16709360466579665
17310,0.0015160034844479277
17311,-0.11264761129067871
17312,-0.025000778132946978
17313,-0.06678828966513373
17314,-0.1109937339478816
17315,-0.12087775038718816
17316,-0.02589370104272426
17317,-0.10427380532050495
17318,-0.10054722735258192
17319,-0.10200130059233689
17320,-0.020623152200848684
17321,-0.12559313052982912
17322,-0.16344523784588996
17323,-0.07226741371304903
17324,-0.12344018945767042
17325,-0.12344018945767042
17326,0.043398473689361824
17327,-0.1593060710828346
17328,-0.12191971165472391
17329,-0.020932429701149127
17330,-0.11571418985656497
17331,0.04757418827956658
17332,-0.07080799253299216
17333,-0.12164830237411184
17334,-0.10053347615538175
17335,-0.04874227829552622
17336,0.0504381929226206
17337,-0.12630958920614155
17338,-0.1004527386268384
17339,-0.102324765157882
17340,-0.10259656737016978
17341,-0.12023115815957679
17342,-0.027114631450050733
17343,-0.15419689703154932
17344,-0.15569295892956825
17345,-0.09939371870858864
17346,0.012881091480634904
17347,-0.09939371870858864
17348,-0.06326159083984759
17349,-0.10992768821693982
17350,-0.02959420283167643
17351,-0.18471550627793049
17352,-0.10114143372235153
17353,-0.10085092377218369
17354,-0.03045703769779996
17355,0.045905859779148565
17356,-0.031745531672579465
17357,-0.1280458183882442
17358,-0.12939880738083986
17359,-0.09889357109482007
17360,-0.03371160102456789
17361,-0.13491377876086658
17362,-0.13491377876086658
17363,-0.15779510382203024
17364,-0.159963446553655
17365,-0.10281373220500481
17366,-0.12828353093463568
17367,0.04363824106389443
17368,-0.06674458618275127
17369,-0.1479129254199982
17370,-0.11274062296207081
17371,-0.11305778433865413
17372,-0.02676446799146355
17373,0.05049407869541042
17374,-0.09782615173256574
17375,-0.012329508715939044
17376,-0.038864190332848166
17377,-0.009398357008762053
17378,-0.12498828943167085
17379,-0.16585868952528363
17380,-0.15074565591666908
17381,-0.1631177973486874
17382,-0.11806234564855692
17383,-0.0402841050117687
17384,0.01631969375872536
17385,-0.12514592939938687
17386,-0.11435549900454257
17387,-0.11869996783689932
17388,-0.11882478065677887
17389,-0.004135666917252662
17390,-0.030023034813831555
17391,0.006678308794450743
17392,-0.1422489923167809
17393,-0.1146945030012845
17394,-0.16626588040414594
17395,-0.11748865426220903
17396,-0.14428582675951684
17397,-0.14259754534492414
17398,-0.14259754534492414
17399,-0.00956141986861765
17400,-0.17451307207199176
17401,0.011992155380721887
17402,-0.10463892284433494
17403,-0.03715302137481236
17404,-0.028818907019369754
17405,-0.06231212017202452
17406,-0.09356043611808224
17407,-0.019912350198659147
17408,-0.11556870263096064
17409,-0.06322751610423256
17410,-0.1426263039294294
17411,-0.17054062623594435
17412,-0.04363791187633412
17413,0.015687064339699467
17414,0.03470546394347018
17415,-0.1438851395219055
17416,-0.1806109137904927
17417,-0.09323501537833884
17418,-0.09323501537833884
17419,-0.016236604205666125
17420,-0.18211613539810087
17421,-0.14550467810025985
17422,0.026880676574570966
17423,-0.09323751941758453
17424,-0.09296734391279851
17425,-0.09296734391279851
17426,-0.10375861610586476
17427,-0.07130210843337256
17428,-0.09299951076147114
17429,0.0009114067575631114
17430,-0.14966351222856564
17431,-0.09297367003765751
17432,0.00231404448683477
17433,-0.09347448389093824
17434,-0.15015796616369148
17435,-0.08878229573581438
17436,-0.09303483503597776
17437,-0.15084385296544567
17438,-0.15145273871426207
17439,-0.17962213229131793
17440,-0.15145273871426207
17441,-0.17687033961005888
17442,0.008417919560926745
17443,0.011307890289682064
17444,-0.08756574795560558
17445,-0.09348030400717335
17446,-0.09415115482763249
17447,0.008180582328276582
17448,-0.08443714491391272
17449,-0.060209728702902476
17450,-0.15456780985552
17451,0.04605888976360746
17452,0.003559466393666908
17453,-0.152938481060364
17454,-0.021058183080046314
17455,-0.04337472196001337
17456,0.03630787033827538
17457,0.013819257841388842
17458,-0.08773790233835659
17459,0.015140381224249731
17460,-0.1745805079168611
17461,0.019719301851213327
17462,-0.08336263637494956
17463,-0.13844741307322458
17464,-0.1752977607442327
17465,-0.08823801136301984
17466,0.04040747487776306
17467,-0.07147367338872034
17468,-0.09628209811921058
17469,0.031581188655488424
17470,-0.06535788101987944
17471,-0.061464189927966484
17472,-0.12634000570865098
17473,-0.09583645490421996
17474,-0.029433298390994247
17475,-0.09508136164407648
17476,-0.1771924677205625
17477,-0.09431337049733363
17478,-0.09431337049733363
17479,-0.06871998740941106
17480,-0.09401030199926613
17481,-0.03783377438977699
17482,-0.14006529262249026
17483,-0.09451578229792708
17484,0.04028062926069131
17485,-0.13622880571318793
17486,-0.10109492246264579
17487,-0.13622880571318793
17488,-0.17244373306724065
17489,0.04279388627619608
17490,-0.063697436510833
17491,-0.1707083766562971
17492,-0.13396575498397406
17493,-0.016400457376939025
17494,-0.10400927554700479
17495,-0.12186202329630098
17496,-0.05099407154608569
17497,-0.07689185052456868
17498,-0.13050130908954638
17499,-0.03911838852329542
17500,-0.05377743945441607
17501,-0.06335187706726114
17502,0.03486924215576268
17503,-0.12749151145224338
17504,-0.10864851646883544
17505,-0.03420785594400612
17506,0.0516778680710442
17507,-0.10856986389688399
17508,-0.16604061756759328
17509,-0.12153935449116172
17510,-0.16858416114776334
17511,0.03818828123062703
17512,0.06286920588896976
17513,0.03512148359627024
17514,-0.07451125518764043
17515,-0.10043727061517807
17516,-0.121318511886908
17517,-0.09901529879783641
17518,-0.09949504655261716
17519,-0.06528809911634738
17520,0.06399479842384916
17521,-0.10119270359731355
17522,-0.10119270359731355
17523,-0.10287539507111199
17524,-0.10287539507111199
17525,0.02970413143159057
17526,0.06298747983343558
17527,-0.12578920077673084
17528,-0.059405125715444346
17529,0.05935791095303653
17530,-0.10117063103919181
17531,-0.03329714486291603
17532,-0.10148078403864937
17533,-0.16521947861659628
17534,-0.10381557784533149
17535,-0.1251066271931939
17536,-0.16110352887869095
17537,-0.1251066271931939
17538,-0.030877875398348627
17539,-0.1251066271931939
17540,-0.1374449913412453
17541,-0.06029014687826772
17542,-0.12605499570479897
17543,-0.061302964174770595
17544,-0.046117280068846446
17545,0.009398283449266923
17546,-0.09898488229032923
17547,-0.12939978651193085
17548,-0.14044317221162456
17549,-0.09814327523166377
17550,-0.13684702884031935
17551,0.019600728223540417
17552,-0.10948750681757653
17553,-0.054988628645470224
17554,-0.0996239511276604
17555,-0.09895117603866664
17556,-0.0602100821533728
17557,-0.04819466148191537
17558,-0.03633584896451854
17559,-0.09590108661068182
17560,-0.09390906603933397
17561,-0.09390906603933397
17562,-0.09407612549339728
17563,-0.09435535636505173
17564,0.04132329380082632
17565,-0.052845019967969545
17566,-0.03386883540489133
17567,-0.14621919393771574
17568,-0.09554899744834303
17569,-0.1341526772309461
17570,-0.1341526772309461
17571,0.04339999820041765
17572,-0.13599358843644607
17573,-0.13599358843644607
17574,-0.016759597815978466
17575,-0.1469443707960167
17576,0.050200064515026885
17577,-0.15192997544772074
17578,0.0505617408188604
17579,-0.0929507665205113
17580,-0.05158163204553086
17581,-0.0615833664689792
17582,-0.13068741052934002
17583,-0.08424479681027841
17584,-0.05876659122070266
17585,0.0060312521084325025
17586,-0.03201767204849121
17587,-0.12604381889333663
17588,-0.0897863917934004
17589,-0.04861576688079558
17590,-0.02201654872695473
17591,-0.09346256871341561
17592,-0.15173566159098323
17593,0.030673289800092374
17594,-0.15822698437946284
17595,-0.08780986585887404
17596,0.03959650456980459
17597,0.005829774593847007
17598,-0.0865474910931563
17599,-0.08892873524594204
17600,-0.08892873524594204
17601,-0.06028989595463019
17602,-0.0691556775242366
17603,-0.023745959508949286
17604,-0.09046081066847965
17605,0.012392001606920349
17606,-0.0917619231025039
17607,0.010063862267693877
17608,-0.08567696932847654
17609,-0.03487687382412359
17610,-0.08583413632517141
17611,0.04906815981897453
17612,-0.12868613637901594
17613,-0.08605551895815369
17614,-0.12605490430590724
17615,0.01713129107819832
17616,0.004707160081171782
17617,-0.12198776286493547
17618,-0.12198776286493547
17619,-0.1583842061808133
17620,-0.022395790288180093
17621,-0.1569259761796172
17622,-0.06911811074234157
17623,0.00962990333316392
17624,-0.0831055104602832
17625,-0.17715834776072145
17626,0.006568164103537655
17627,-0.12880633389309265
17628,-0.04805653746227283
17629,-0.12650372373476565
17630,0.007059976613179354
17631,-0.04086154840684426
17632,-0.02239282392239962
17633,-0.07904380887505749
17634,-0.14652944021316963
17635,-0.077235790983738
17636,-0.077235790983738
17637,-0.02642926415298995
17638,-0.07293846589273964
17639,-0.13850468438460295
17640,-0.1361601490775257
17641,-0.07693969377193847
17642,0.023799949702400083
17643,-0.0826340933614054
17644,-0.08775297037023387
17645,-0.05498282335502262
17646,-0.08575671289629047
17647,-0.08602667254134094
17648,-0.1343584929725239
17649,0.05757861090148707
17650,-0.0874117980959619
17651,-0.08769037096333794
17652,-0.13606942188684115
17653,-0.08818882860685338
17654,-0.08818882860685338
17655,-0.04988084046651518
17656,-0.14296271862162274
17657,-0.0462616475940259
17658,-0.14296271862162274
17659,-0.0022657067348147257
17660,-0.0849213173374037
17661,-0.14990656333486554
17662,0.011307532544080897
17663,-0.13103826548616287
17664,-0.07170236011897842
17665,-0.1691540633950155
17666,0.01185662142186853
17667,-0.04108394503082043
17668,-0.08633259785334457
17669,-0.08561911191763909
17670,-0.039713341757322815
17671,-0.0418401463271139
17672,-0.09059028172814233
17673,-0.07988509334697395
17674,-0.14810216932387177
17675,-0.04225538700261166
17676,-0.06152647262077375
17677,-0.06225033428266405
17678,-0.07539150972336688
17679,-0.0755798025662094
17680,-0.0027574483414802907
17681,-0.012417433146118586
17682,-0.14627055138129497
17683,-0.10946130523423192
17684,-0.07364616129226878
17685,0.036361807835723174
17686,-0.08226488706225486
17687,-0.096141312937315
17688,-0.07184041579131141
17689,-0.006120942064082337
17690,-0.006976588552403189
17691,-0.07047400070247033
17692,-0.0693758897871201
17693,-0.02994312036823241
17694,-0.12023061674403233
17695,-0.14386429708295434
17696,-0.05913628466959932
17697,-0.07007187097415961
17698,-0.03835868687187578
17699,-0.14247035125596771
17700,-0.07038469758193913
17701,-0.07007070363926747
17702,-0.07007070363926747
17703,-0.12715477692675947
17704,-0.07069614950897021
17705,0.00027344944388126756
17706,-0.12943510167384795
17707,0.10336714280744141
17708,-0.1374637023034007
17709,-0.06750079551035205
17710,-0.1374637023034007
17711,-0.15702760535885887
17712,-0.08481361718108953
17713,-0.07291247979349544
17714,-0.037652824643570205
17715,-0.1426247372238856
17716,0.009030173371389595
17717,-0.061774940379551446
17718,-0.14445048156905835
17719,0.0071799738374018545
17720,-0.08893889044772975
17721,-0.06177766056099277
17722,-0.06587189850664149
17723,-0.047317189582101286
17724,-0.12821436404434408
17725,-0.06147179481789728
17726,-0.12639377516354477
17727,-0.09292299785448394
17728,-0.06089819895804492
17729,0.02274083932505617
17730,-0.06194037429026098
17731,-0.04755255439235127
17732,-0.07929364465316277
17733,-0.0618390293222887
17734,-0.0944595060191638
17735,-0.0644480131129885
17736,-0.0644480131129885
17737,-0.06866692294010494
17738,-0.1385004378905341
17739,-0.06733518054089647
17740,-0.025788357856475572
17741,-0.03716762545708319
17742,-0.06897444945082004
17743,-0.13707249345003317
17744,0.1112301984769187
17745,-0.06816535920142121
17746,-0.06816535920142121
17747,-0.0012143898010570314
17748,0.004116332145664346
17749,-0.09589821388251352
17750,-0.12271460043453164
17751,-0.12877526744768333
17752,-0.00402462053790303
17753,-0.17787773051149253
17754,-0.025864631924176183
17755,-0.1325357203502757
17756,-0.13140674092714025
17757,-0.04561363124655079
17758,-0.12759570263783707
17759,0.09408947446735222
17760,-0.09919167758233798
17761,-0.06428416500243503
17762,-0.06391539994557358
17763,-0.13465733658904067
17764,-0.009748247298230591
17765,-0.1345232990120126
17766,-0.06457343470562708
17767,-0.03926033778070233
17768,-0.005162397695243112
17769,-0.06601080293938698
17770,-0.06602492570744918
17771,-0.05833924709328851
17772,0.02992058445165007
17773,-0.06571769875949104
17774,-0.07614225356593068
17775,-0.056108607642379196
17776,-0.0049245507938096645
17777,-0.06453553168987806
17778,-0.06351114440109462
17779,-0.06351114440109462
17780,-0.11553407859181393
17781,-0.046423938110871185
17782,-0.053797459608690625
17783,-0.061385642842773466
17784,-0.061385642842773466
17785,-0.11211557158646791
17786,-0.15121385844625698
17787,-0.006624324007692008
17788,-0.006624324007692008
17789,-0.060319735006241375
17790,-0.060319735006241375
17791,-0.15097379980292372
17792,0.10282164695251918
17793,0.040676877059015605
17794,-0.07173109347450563
17795,-0.14970656092034687
17796,-0.10818298924242609
17797,-0.0008319745220845174
17798,-0.10656096522607349
17799,-0.06092229304625269
17800,-0.08103087749056131
17801,-0.05598197904230972
17802,-0.004269641798482246
17803,-0.10724579897384603
17804,-0.07355285864208054
17805,-0.10245134019072155
17806,-0.017833527378728783
17807,-0.04938692241217794
17808,-0.046781092439575706
17809,-0.07092592148780082
17810,-0.15584343393644418
17811,-0.16021063537489275
17812,-0.004692538608109332
17813,-0.04474891004524367
17814,0.06497451251986101
17815,-0.0950058918607162
17816,-0.04430758043415913
17817,-0.04430758043415913
17818,-0.04430758043415913
17819,-0.05523493874001924
17820,-0.08239901112906216
17821,-0.042733397991952
17822,-0.11476513639221551
17823,-0.038153111006992584
17824,-0.038153111006992584
17825,-0.0036374829711196825
17826,-0.11020211999833199
17827,0.008637177372110286
17828,-0.04568558910137348
17829,-0.11490039473723175
17830,-0.01024149026719823
17831,-0.14676417359991226
17832,-0.14809327443823686
17833,-0.01860130538998416
17834,-0.01860130538998416
17835,0.018804085057334673
17836,-0.1263677975919222
17837,-0.015307557484478497
17838,-0.03311305529587535
17839,-0.08258929002077409
17840,-0.04113387722629538
17841,-0.11045760659056394
17842,-0.11045760659056394
17843,0.08030626313164846
17844,-0.10736308450667084
17845,-0.08964802191989947
17846,-0.027229367304138986
17847,-0.14270152747452178
17848,-0.026833731534703902
17849,-0.01056090319553914
17850,-0.14350557560287278
17851,-0.028641840977708423
17852,-0.1107089181723688
17853,-0.021632947659374936
17854,0.04653919242032064
17855,-0.02961273608728347
17856,-0.028356711112609952
17857,-0.044147289448528436
17858,-0.0725742657899101
17859,-0.02662748831284258
17860,-0.0210173377066701
17861,-0.10825706389161217
17862,-0.03193609328955541
17863,-0.03193609328955541
17864,-0.10795157954286569
17865,-0.009968008277544814
17866,-0.034816183411404425
17867,-0.034816183411404425
17868,0.05433452655395662
17869,-0.10424584117465495
17870,-0.013952468038247526
17871,-0.054431204043230104
17872,-0.14654091366019484
17873,-0.1098805864445127
17874,-0.013275034753237361
17875,-0.03111358504925393
17876,-0.12880540104444604
17877,-0.013129450522258779
17878,-0.02901693461972289
17879,-0.0968062901882184
17880,-0.14216769694792183
17881,-0.11506681263868239
17882,-0.0278149017400414
17883,-0.03778410272597076
17884,-0.10642622715158957
17885,-0.13315227578386626
17886,-0.02476720619298715
17887,-0.13315227578386626
17888,-0.02533017538323262
17889,-0.1279430585576138
17890,-0.022099307937259872
17891,0.07231171902893342
17892,-0.023815379061621622
17893,-0.010040945383465007
17894,-0.03286250237625544
17895,-0.08293742763241459
17896,-0.1087037290115532
17897,-0.023930725629847365
17898,-0.025866900056075563
17899,-0.02488396944713677
17900,-0.02243446634868014
17901,-0.02682118885128758
17902,-0.02627977481020609
17903,-0.029329337630258672
17904,0.05366044762291904
17905,-0.1041506981954455
17906,-0.028138902193560925
17907,-0.12215830200951588
17908,-0.10288910758231636
17909,-0.009549598379116788
17910,-0.05412175095267105
17911,-0.1187727080947476
17912,-0.14105312022606858
17913,-0.0034009415258234874
17914,-0.05146399990774521
17915,-0.013078574400922274
17916,-0.10079719871160088
17917,-0.03108093326794404
17918,-0.1058851184490666
17919,-0.1436968194923228
17920,-0.0257048011281371
17921,-0.12284006891425715
17922,-0.018612647139249844
17923,-0.03497881466368139
17924,-0.033911779301668894
17925,-0.12285790442843202
17926,-0.008846894420890372
17927,-0.0078042384850360875
17928,-0.0242247562668558
17929,-0.0242247562668558
17930,0.05827313144060604
17931,-0.04776351003082969
17932,-0.023658866300043862
17933,-0.10516289227595531
17934,-0.0698743607460506
17935,-0.04573037376220757
17936,-0.04048233495187534
17937,-0.025038526212014946
17938,-0.09019434648099058
17939,-0.10193522839582114
17940,-0.02327450990207063
17941,-0.02585887763326835
17942,-0.12252243876663999
17943,-0.10143190819028015
17944,0.04088874171975282
17945,-0.12495425729709517
17946,-0.12110575015425337
17947,-0.08805055310076115
17948,-0.03627358484553642
17949,-0.09953426487074159
17950,-0.023738735262279452
17951,-0.022121165262500412
17952,-0.15252839256229048
17953,-0.11567342380370431
17954,-0.03625720289420962
17955,-0.019979728703053947
17956,-0.11279205790030063
17957,0.0523637699370156
17958,-0.012563782105489113
17959,-0.026851661388552637
17960,-0.015237302863462181
17961,-0.059835749515731
17962,-0.08755259281506174
17963,-0.0972072092232763
17964,-0.027017358551467092
17965,-0.047735403345249505
17966,-0.02912871924695053
17967,-0.04744141672063034
17968,0.0033646847201835796
17969,-0.0885934015182244
17970,-0.08809574738352004
17971,-0.08644183670799624
17972,-0.11515405415748504
17973,-0.1060156389596458
17974,-0.011892015507167597
17975,-0.025924358576325482
17976,-0.017604167401378525
17977,-0.1083566302421532
17978,-0.03398691785586297
17979,-0.08625553292606132
17980,-0.047013158701993706
17981,-0.01856133062651295
17982,-0.040779393220648164
17983,-0.10377783718838376
17984,-0.01852804773937214
17985,0.027658052446326402
17986,-0.052122814873339356
17987,-0.05105466731690363
17988,0.010507384582859571
17989,-0.08826548942051217
17990,-0.061358686440541335
17991,-0.08558554707960367
17992,-0.08899527901853949
17993,-0.08920784694982355
17994,-0.12380145373853772
17995,-0.08920784694982355
17996,-0.10303635834585956
17997,-0.08521109993361362
17998,0.04878214759246959
17999,-0.054046710800448136
18000,-0.08733412826451599
18001,-0.0509661283343102
18002,-0.014129157001332712
18003,0.028136736207743495
18004,-0.11502170292119533
18005,-0.07283286744547315
18006,-0.06691123475661843
18007,-0.11735098106126406
18008,-0.032144937456647746
18009,-0.06810171081789367
18010,0.011834320383929354
18011,-0.08141012259776459
18012,-0.07096985446019058
18013,-0.07096985446019058
18014,-0.0698672847504395
18015,0.045287267045775965
18016,-0.06485207956360728
18017,-0.07944107616097502
18018,0.020945522307622366
18019,-0.13115604158382055
18020,-0.08254646770330844
18021,-0.026451384362204722
18022,-0.05256222836701158
18023,-0.08053203707166895
18024,0.011161959415413012
18025,-0.0919261186657209
18026,-0.06143446833132824
18027,-0.08394584209561144
18028,-0.0602192796389092
18029,-0.1063888765777352
18030,-0.005067634635227293
18031,0.06237142513258902
18032,-0.0640794653032211
18033,0.008411927716114589
18034,-0.08428964907530895
18035,0.04824801993807149
18036,-0.05925513461107142
18037,-0.09590526749854425
18038,-0.005424037374221558
18039,0.06924953221934375
18040,0.037978498513311
18041,-0.047798724942850146
18042,0.007414542957256487
18043,-0.027869257811419332
18044,-0.10172672524122649
18045,0.020381677208152562
18046,-0.09056504506808187
18047,-0.02215182457497914
18048,-0.046599733747740284
18049,-0.002175495396655684
18050,0.0007200087507641957
18051,-0.0015008905146145235
18052,-0.008269079201403228
18053,-0.09200900550822684
18054,-0.05345293153180174
18055,-0.09542254864595522
18056,-0.08875772247826622
18057,-0.09289038967869934
18058,-0.04235510539112882
18059,-0.055693082527299195
18060,-0.029145993132087312
18061,0.01360582647986081
18062,-0.023519626570431218
18063,-0.088941499853827
18064,-0.08639865607294639
18065,-0.022414100927719487
18066,-0.08402363634277028
18067,-0.020372191405066024
18068,-0.12115546565507267
18069,-0.07638276664477711
18070,-0.014015801398696357
18071,-0.06070685682836188
18072,-0.03772087791703768
18073,-0.06343519482647803
18074,-0.07436016587658678
18075,-0.05898556563208877
18076,-0.041689358961675124
18077,-0.1369771265374344
18078,-0.06361635165333333
18079,-0.013225511128511903
18080,-0.07126633883016059
18081,0.004617335930626524
18082,-0.05622934557196733
18083,-0.06554717393635935
18084,-0.04866095340299365
18085,-0.0026107322495334457
18086,-0.05543565838556123
18087,-0.05696193853746071
18088,-0.08624473290665466
18089,-0.1130199199005334
18090,0.027588722894781665
18091,-0.08296330989820128
18092,-0.055541867709556776
18093,-0.07445185252007815
18094,-0.07019481088961017
18095,-0.07019481088961017
18096,-0.08390811170259509
18097,-0.033358284078311706
18098,0.0068960412460418235
18099,-0.054381445780277
18100,-0.030307191101430066
18101,-0.06041461009308044
18102,-0.05416638269409413
18103,-0.057363742408875366
18104,0.050585150114164874
18105,-0.04290715458966973
18106,-0.13025887567660832
18107,-0.08866509005298533
18108,0.0020194567136182806
18109,-0.055038327974438486
18110,-0.09079602060652148
18111,0.004427910237677768
18112,-0.037408836120312386
18113,-0.04486397218065317
18114,-0.05167289727400851
18115,-0.05415324564464031
18116,-0.0031511348709890945
18117,-0.0031511348709890945
18118,-0.03893960204699706
18119,-0.027444174689011804
18120,-0.03413443117466544
18121,-0.1131670663479385
18122,-0.08165383607495162
18123,0.0283307899264754
18124,-0.08012320308384932
18125,-0.03277921718714537
18126,-0.10046189239218489
18127,-0.00835460955452843
18128,-0.07902371173779399
18129,-0.07902371173779399
18130,-0.10302853286630444
18131,-0.012073235819534473
18132,-0.00240598450037048
18133,-0.019384380895852895
18134,-0.04427150217619034
18135,-0.08493536967608101
18136,-0.04068574442483324
18137,0.056865749823490234
18138,0.03419626720929374
18139,-0.125142745157023
18140,-0.04318665097569422
18141,-0.09916310494662925
18142,-0.1755415741765755
18143,-0.09396296556948289
18144,-0.05192267869668211
18145,-0.0348559084441047
18146,0.023477898680091924
18147,-0.0448664576512848
18148,-0.05075616225121043
18149,-0.05820911437860794
18150,-0.047023416059643414
18151,-0.047226508322470634
18152,-0.048214676111801476
18153,-0.048596762461193696
18154,-0.08511158258565944
18155,-0.11517247935723915
18156,0.044057621025277244
18157,-0.08358346395288008
18158,-0.0865496260418552
18159,-0.05023263162171744
18160,-0.07587329404009391
18161,-0.07587329404009391
18162,-0.07734396966360035
18163,-0.008167406292245084
18164,-0.007281057608349113
18165,-0.05101547325840658
18166,-0.08102502704286854
18167,-0.03794517625248187
18168,-0.08127437073823247
18169,-0.018486650314818234
18170,0.03274206737833213
18171,-0.021980071819563126
18172,-0.022489809104924676
18173,-0.08503326544267491
18174,-0.11123425161855219
18175,-0.08487770559056095
18176,0.020580798784457476
18177,-0.030914734823426236
18178,0.01154435197511723
18179,-0.048306639894085436
18180,-0.01640685454255973
18181,-0.013644824635152776
18182,-0.06615634822904842
18183,-0.01565445969068527
18184,-0.02033420122550982
18185,-0.024917024015957134
18186,-0.058052849445151884
18187,-0.1184110997284908
18188,-0.03805352237929408
18189,-0.064713629107013
18190,-0.02538665075576723
18191,0.02965406896401234
18192,-0.08217297524851974
18193,-0.04221743265768032
18194,-0.04428281120951853
18195,-0.0590281260540978
18196,-0.058390590487731237
18197,-0.058390590487731237
18198,-0.09402644902669356
18199,-0.006833115249009781
18200,-0.028298098330441578
18201,-0.028298098330441578
18202,-0.023557584048129316
18203,-0.04841258142079713
18204,-0.05261320132563289
18205,0.0036387244762104785
18206,-0.1832364206557539
18207,-0.04278266099697489
18208,0.06361822145923893
18209,0.008082542026693586
18210,-0.047061765310914695
18211,-0.08865075096549661
18212,-0.03153758909213176
18213,-0.09288138224966208
18214,-0.038649011071599036
18215,0.02799244205720086
18216,-0.028013798445322292
18217,0.0009769582995469016
18218,-0.04970417028236221
18219,-0.01942211822058362
18220,-0.019223637598765282
18221,-0.019223637598765282
18222,0.07030060782727937
18223,-0.014908356804640921
18224,-0.019911432886970015
18225,-0.11724752141569805
18226,-0.047882922135922365
18227,-0.01889966031078124
18228,0.025136556547853305
18229,-0.011603616022112087
18230,-0.05437041671073021
18231,-0.08554896258605288
18232,-0.01111780734412271
18233,-0.011457680930151112
18234,0.055387362803064104
18235,-0.007742735165682438
18236,-0.0975443723428865
18237,-0.08119827851473331
18238,-0.05364706998136694
18239,-0.015407107034149825
18240,-0.0674872828584343
18241,-0.010749971372694603
18242,-0.011874661543928501
18243,-0.08481331876341287
18244,-0.09089002595075439
18245,0.06775146076677455
18246,-0.06531961566953366
18247,-0.019305501744811226
18248,-0.009228537406956552
18249,-0.11674986267801443
18250,-0.00599636184235197
18251,-0.04190242186998501
18252,-0.025922407640631116
18253,-0.011678100336436344
18254,-0.11151437803332008
18255,-0.0685005679628456
18256,-0.0685005679628456
18257,-0.015856221594416187
18258,0.03218575289017271
18259,-0.031063131215472658
18260,0.054194927094896456
18261,-0.009685002713036787
18262,0.00723772667499642
18263,-0.0072905323320591854
18264,-0.0054680042577745554
18265,-0.09767309631701437
18266,-0.0062914578156277705
18267,-0.10843171429900363
18268,-0.045860947455070335
18269,-0.1051334635034027
18270,0.023944198322090948
18271,-0.04814548301130852
18272,-0.034842382239403294
18273,-0.04814548301130852
18274,-0.02986714650218159
18275,-0.004800679216349395
18276,-0.11574332692387232
18277,-0.0019044563197556468
18278,-0.06136295242996729
18279,-0.1148232431090179
18280,-0.1148232431090179
18281,0.0051520924768278745
18282,-0.058901119581076675
18283,-0.056547229621764
18284,-0.032096813051344375
18285,0.007900565043504063
18286,0.09457565386690212
18287,-0.026500767968371246
18288,-0.01883832424300751
18289,-0.07101813499065004
18290,-0.13012861295451866
18291,-0.13247429363848973
18292,-0.009753975444103903
18293,-0.018309966530364874
18294,0.05576623940594438
18295,0.018528948928684084
18296,-0.000568772383878769
18297,-0.01881397317229921
18298,-0.01881397317229921
18299,-0.020025976968331013
18300,-0.06510909346099958
18301,-0.022432903456184452
18302,0.00192631742952987
18303,0.005197981767559591
18304,-0.0279140493300419
18305,-0.09884026905083354
18306,-0.124113381412206
18307,-0.004244678728824256
18308,-0.004244678728824256
18309,-0.03543408259122242
18310,-0.007203385333996564
18311,0.043013087650906445
18312,-0.07971352901588753
18313,-0.13223026185856013
18314,0.0041060826208045
18315,-0.00577188888922443
18316,0.08806567886897268
18317,-0.05965272731110709
18318,-0.06864832367675423
18319,-0.07970048150727317
18320,-0.013193243788171036
18321,-0.017914305805907887
18322,-0.12766386722584394
18323,-0.01956165453101945
18324,-0.02690985639619092
18325,-0.02692967386642594
18326,-0.02300998296341673
18327,-0.01943758160125684
18328,-0.06589329764540958
18329,0.0025154785150522906
18330,0.05342334674638989
18331,-0.10974447301148678
18332,-0.051951673707330046
18333,-0.12688556397800022
18334,-0.05134593836484328
18335,-0.027264967463294886
18336,-0.12494276203131335
18337,-0.07328567081119435
18338,-0.03277496819624982
18339,-0.07723154166827437
18340,0.00872234003621342
18341,-0.014479109335399427
18342,0.048751825468773574
18343,-0.14087376329155496
18344,-0.029397994018635614
18345,-0.023822503564479607
18346,-0.012384545088926715
18347,-0.023822503564479607
18348,-0.003427135648736892
18349,-0.028821303994490163
18350,-0.050356994872843314
18351,-0.14776898895117435
18352,-0.05174611327908346
18353,-0.008099861450226068
18354,-0.008099861450226068
18355,-0.008099861450226068
18356,0.005068985322546138
18357,-0.055354221540467596
18358,-0.0787567384391093
18359,-0.1864221450047195
18360,-0.015553362743500814
18361,-0.01809929209451707
18362,-0.1517536797282632
18363,-0.12311174773801042
18364,-0.017065921372855775
18365,-0.0002962465384019546
18366,-0.012541377254878864
18367,0.08595044744468822
18368,-0.15788101587189754
18369,-0.006617077606941368
18370,-0.006617077606941368
18371,-0.006617077606941368
18372,0.005148321343236687
18373,0.06248852273908074
18374,0.00547162131806436
18375,-0.017547889238782362
18376,-0.0691111850680082
18377,-0.019860475595668264
18378,-0.01822435286234579
18379,-0.07782018311542523
18380,-0.05414111815755462
18381,-0.16336764841441456
18382,-0.017837063909892845
18383,0.060740076866157115
18384,-0.01893420994975955
18385,-0.01893420994975955
18386,-0.013606761931453465
18387,-0.02079614503447154
18388,-0.005514755590416705
18389,-0.02234809727571432
18390,-0.1673009130657922
18391,-0.10585387331028492
18392,-0.09360337415335301
18393,-0.019806170706054414
18394,0.010520635794173033
18395,-0.06762900273195649
18396,0.06604911464618804
18397,-0.032530533265736274
18398,-0.0036237595934427384
18399,-0.01000812031271007
18400,-0.02072366293156963
18401,-0.00777328685314578
18402,0.016043201923435682
18403,-0.0050770744010733004
18404,-0.12238615841270613
18405,-0.1763148279132349
18406,-0.19223495374213656
18407,0.07657676239995397
18408,-0.004972253691250897
18409,-0.0969222317223802
18410,-0.030921040477084407
18411,0.0011869138576426398
18412,-0.022462185175611576
18413,-0.02231361321136847
18414,-0.09807214162462924
18415,-0.04519762342767704
18416,-0.09296508430283687
18417,-0.026484865393032294
18418,-0.026484865393032294
18419,-0.1708549151832912
18420,-0.05511976283598054
18421,-0.023362087691665527
18422,-0.17399543942570184
18423,-0.042504035166613316
18424,-0.042504035166613316
18425,0.024431995964460475
18426,-0.09049738975085515
18427,0.07649421428781815
18428,-0.06863076444152269
18429,0.0074558663589906074
18430,-0.004982372126936321
18431,-0.045270406009731035
18432,0.0769237828953594
18433,-0.04440005425329609
18434,-0.04141802533581953
18435,-0.016672441631220735
18436,0.0016195395043266554
18437,-0.043168709450084976
18438,0.0639882192658386
18439,-0.09634203070602769
18440,-0.045990651584556785
18441,-0.15544476179837505
18442,0.018637639035931932
18443,-0.15385434837328285
18444,-0.005815586840658486
18445,0.0787775428705874
18446,0.0024119738009842485
18447,-0.04634961102442669
18448,-0.04923207183353729
18449,-0.05068985344031251
18450,-0.05068985344031251
18451,-0.0457193126511049
18452,-0.10257948366238116
18453,-0.028659709585633065
18454,-0.01554468848394267
18455,-0.0947898780074833
18456,0.007935137044124288
18457,-0.01689928935422876
18458,0.05209584241165901
18459,-0.03223222984052608
18460,-0.09473985234827834
18461,-0.03432199292479785
18462,-0.15438919384252098
18463,0.031244812423571675
18464,-0.1486895290063409
18465,-0.06253988471606985
18466,0.07456334039991405
18467,-0.010811618731637489
18468,-0.09309492366550032
18469,-0.03868041728588695
18470,0.08241355340763352
18471,-0.04155147567830496
18472,-0.014850215796564033
18473,-0.02344817917893482
18474,-0.01493953134497045
18475,-0.08019252796283613
18476,-0.01891793356628912
18477,-0.16942428238455776
18478,0.030905760903775677
18479,-0.1735267029934416
18480,-0.01480943702342939
18481,0.08211822145658965
18482,-0.016205386373070587
18483,-0.0172829542161786
18484,-0.016205386373070587
18485,-0.01571439032947979
18486,-0.014531071115238527
18487,-0.02328237440447524
18488,0.03898610350124733
18489,-0.015342063429067462
18490,-0.05934553641469358
18491,-0.015056392175439127
18492,-0.10018790590051194
18493,-0.07601775451865328
18494,-0.06357095335348983
18495,-0.06631092815451216
18496,-0.17107548169039605
18497,0.03080708688380971
18498,-0.005621863011152067
18499,-0.16892924070255178
18500,0.062278930148691285
18501,0.047521165147204836
18502,-0.08776314792523247
18503,-0.01445705157450616
18504,-0.005990016356450321
18505,0.1044846830391579
18506,-0.07631309387658496
18507,-0.0708834038745594
18508,-0.05950589216995387
18509,-0.01781952744318059
18510,-0.03637771629187424
18511,-0.014106934925856785
18512,0.02189341760934446
18513,-0.01678669640489071
18514,0.06555257301069468
18515,-0.16953741257567553
18516,-0.16647730696798785
18517,-0.012868865396282736
18518,-0.012868865396282736
18519,-0.012416302358511797
18520,-0.009506920731613045
18521,0.07676112923230279
18522,0.011703588333802384
18523,-0.018204270165156886
18524,-0.01941818442844135
18525,-0.07819163284474734
18526,-0.026132798682593137
18527,-0.10202580190163238
18528,-0.0771060570568133
18529,0.04374283045936865
18530,-0.021293979698742322
18531,-0.07955039613383307
18532,0.0379545916141016
18533,-0.017664555486548023
18534,-0.17711518513269459
18535,0.06700334938529302
18536,-0.06915555387397783
18537,0.026236600012516778
18538,-0.06534185175944222
18539,-0.07201167063582802
18540,-0.06923030089122964
18541,0.0038373228490776123
18542,-0.06129070492699051
18543,-0.018803279457781884
18544,-0.116802336583028
18545,-0.18802172441794243
18546,-0.020026878669571938
18547,-0.06753677698678323
18548,-0.11535969039029587
18549,-0.19141161329905426
18550,0.052933216016313
18551,-0.022252164880093035
18552,0.08075195584198963
18553,-0.021652617426317324
18554,-0.021652617426317324
18555,0.011774065538461654
18556,-0.022183550454685237
18557,0.015359614115147508
18558,-0.023396909923291534
18559,-0.02155867819609415
18560,0.04913462569584548
18561,-0.023552220516195134
18562,-0.023690540345222298
18563,-0.07956227871732507
18564,-0.05315014906089387
18565,-0.06911697963376554
18566,0.028310509143393472
18567,-0.11940791234154008
18568,-0.06432019651833558
18569,-0.20145128682973434
18570,-0.06786107815437205
18571,-0.06612107263504388
18572,-0.2055286955786373
18573,0.054754368412369595
18574,-0.012864516163076548
18575,-0.07916541071912694
18576,0.04685819652482582
18577,0.002473741452261679
18578,-0.07199890536282934
18579,-0.026122873552782484
18580,-0.028774652687728018
18581,-0.05466367542714601
18582,-0.10801854862040153
18583,-0.0340136685003871
18584,-0.2021212309781732
18585,0.030136564476854918
18586,-0.20228645778643192
18587,-0.0820268105255705
18588,-0.037334113597515414
18589,-0.03751008567253621
18590,-0.03768238700933675
18591,-0.09275826212184017
18592,-0.09332995961875898
18593,0.01094472981143611
18594,-0.009225929891128774
18595,-0.039694747595535776
18596,-0.003563989247279883
18597,-0.03808594219164575
18598,-0.06901822437602673
18599,-0.0406760279083094
18600,0.03363653218403694
18601,-0.09375357616336506
18602,-0.11707489779218926
18603,-0.031989053243415014
18604,-0.00765424608310871
18605,-0.09462629423028307
18606,-0.2081036774566185
18607,-0.21278613663062057
18608,-0.06156990271888376
18609,-0.07013784444006058
18610,0.06210259901010712
18611,-0.010224408815474005
18612,-0.09791009575972658
18613,-0.0412527480620512
18614,-0.0412527480620512
18615,-0.0944059104288478
18616,-0.09455336406649972
18617,-0.05809323505601369
18618,-0.04447146844183376
18619,-0.04447146844183376
18620,0.025218365570175604
18621,-0.21370633931823446
18622,-0.053612975845519925
18623,-0.21327110194554072
18624,-0.03662928227214943
18625,-0.01948265175270909
18626,-0.01660764948080086
18627,-0.03324581159898255
18628,-0.10614232692860312
18629,-0.10129084008330144
18630,-0.033894428468776105
18631,-0.03352313930816386
18632,0.036227498584104637
18633,-0.11166609013215127
18634,-0.03238276145910123
18635,0.02823511947206091
18636,-0.1315192518212514
18637,0.0066723983052677655
18638,-0.11268642101130621
18639,-0.03700361260204934
18640,-0.20760064761883212
18641,-0.06733887203094818
18642,-0.21113314276872178
18643,-0.04914772965108675
18644,-0.02537508686856306
18645,-0.10321459241001282
18646,-0.03129035968316103
18647,-0.029477704864783967
18648,-0.049532910789056264
18649,-0.08049220414694336
18650,-0.09619077066879846
18651,-0.012943432194674007
18652,0.014113026763322337
18653,-0.1994090449500244
18654,-0.2015536694942491
18655,-0.02632535810713504
18656,-0.010004011256997267
18657,-0.09368716520580675
18658,-0.035259671083470404
18659,-0.09022992212443917
18660,-0.019906426336033595
18661,-0.015983040033513203
18662,-0.039585298377158615
18663,-0.024889951519232748
18664,-0.08690888710342692
18665,0.017329133053844793
18666,-0.02833946593278106
18667,-0.0833900021027094
18668,-0.04131987319930885
18669,-0.18507189435656768
18670,-0.18004645452834905
18671,-0.07149880025051109
18672,-0.04384078753460632
18673,0.08483996384036512
18674,0.07026019260764944
18675,-0.03428820659188379
18676,0.010966207768998282
18677,-0.04264126905093546
18678,-0.14387138961397727
18679,0.04436136328961313
18680,0.008167658208373877
18681,0.004376290329560563
18682,-0.005727674627848448
18683,-0.0015821817471388816
18684,0.0454702737896409
18685,0.04555308353862691
18686,0.04260266678991093
18687,0.00702237154167706
18688,-0.0053499109717162095
18689,0.049720536147695935
18690,-0.00991838360834499
18691,-0.21407977648649257
18692,0.05357915980591976
18693,0.052841964185734364
18694,-0.003968089110467992
18695,-0.018385169797782656
18696,-0.007861188516638728
18697,0.048773811759164995
18698,0.009059287243298637
18699,-0.02819993350414861
18700,0.011694714591528644
18701,0.004455018467415857
18702,-0.021541390551438912
18703,0.013334417403666173
18704,-0.02486022283978932
18705,-0.053132889925700574
18706,-0.009050285486077283
18707,0.02585894021502379
18708,0.003075796623300193
18709,-0.1275023954273473
18710,0.025122206673674694
18711,0.004248482587772508
18712,-0.12633006473428304
18713,0.03193179649858787
18714,-0.13904921614127183
18715,-0.025206866718478688
18716,-0.006833668869167251
18717,-0.011513434521129618
18718,-0.11504666499449884
18719,-0.01464370592683506
18720,-0.12891041850309923
18721,-0.03179022079637821
18722,-0.13358812590122496
18723,0.04527265784673139
18724,0.009533037118476256
18725,-0.14483738580319774
18726,0.038993867906536125
18727,0.04858019977581114
18728,0.049488206782378676
18729,-0.006328561467935994
18730,-0.11933313626602679
18731,-0.006328561467935994
18732,-0.07847884291296967
18733,0.05494959059024751
18734,-0.10106826074940815
18735,-0.13314599547980321
18736,0.051482230594186426
18737,-0.04277248592035531
18738,-0.015497349058467549
18739,0.00181846371120675
18740,0.045048884264668264
18741,0.045048884264668264
18742,-0.13894992014525762
18743,-0.0125333584245741
18744,0.003203097755626795
18745,-0.013674275460809201
18746,-0.10367489824644043
18747,0.054987885637111586
18748,-0.10419524641806695
18749,-0.09403839214912714
18750,0.0560565908129147
18751,-0.07681549025612916
18752,-0.13036400997825323
18753,-0.10378528472017959
18754,0.05629332887740003
18755,-0.1516351363265028
18756,0.05629332887740003
18757,0.03177698476653636
18758,-0.0208139782299661
18759,-0.08111681946507329
18760,-0.11842910613517459
18761,-0.11842910613517459
18762,-0.01554018742085649
18763,0.007229914544237019
18764,-0.01799143380923091
18765,0.007464269163225834
18766,0.0747683243291885
18767,0.024245085471174564
18768,0.07209459167644942
18769,0.0750083748545094
18770,-0.07522490711905737
18771,-0.01874854025429003
18772,-0.018382017590676147
18773,0.08232847151316633
18774,-0.06441032840007647
18775,0.009329687326018011
18776,0.0802319573253283
18777,-0.01894766548485391
18778,-0.10150441678560468
18779,-0.12359390044890854
18780,-0.06120977973734253
18781,-0.01937661868711098
18782,0.0879170193078902
18783,0.004257058790906795
18784,0.08875302199379786
18785,0.010487247376782121
18786,-0.15737436607977617
18787,-0.12843850733246281
18788,-0.1321580601829622
18789,-0.1321580601829622
18790,0.007700164645380087
18791,0.08479493183807432
18792,0.08288326648111975
18793,-0.014637990955037027
18794,-0.09642996938590999
18795,0.06254626098398214
18796,0.007500240226095077
18797,-0.06998995765060939
18798,-0.0701589262570664
18799,-0.11623577958475388
18800,0.07946899941044336
18801,-0.11574442624302801
18802,-0.012555405863600771
18803,0.010452814686347883
18804,0.07410098396516202
18805,-0.026744407602510806
18806,-0.0699797281248524
18807,-0.10616116700406
18808,0.07547105499704526
18809,0.0733085893953768
18810,0.0196958425255274
18811,-0.1683541738145579
18812,-0.00916790946517684
18813,0.009616306573493435
18814,-0.12331472360684863
18815,0.012966591704141684
18816,0.020732572757486998
18817,0.06410221834015979
18818,0.06336138704187032
18819,-0.008404543394976743
18820,0.015849144185732137
18821,-0.06884409006305313
18822,-0.07795191230871557
18823,0.061677153685235596
18824,0.05988572916974637
18825,0.012240022275536803
18826,0.06059736288607285
18827,-0.11994551317761161
18828,-0.10848796749727797
18829,-0.11994551317761161
18830,-0.012561016572935442
18831,-0.10840261271133937
18832,-0.17264518293218512
18833,-0.010246120106717558
18834,-0.061385345790392815
18835,0.059938342806177346
18836,-0.010800319865147167
18837,0.02248863052622643
18838,0.014506974203961192
18839,-0.10630576496909416
18840,0.053819579533453024
18841,0.012360479748396453
18842,0.06151879549025631
18843,-0.13381540074272813
18844,-0.08731277887652106
18845,-0.0960038968727515
18846,-0.004032746324110013
18847,0.049676808599761146
18848,0.002351624733166274
18849,0.051855220219474286
18850,-0.0738712492184862
18851,-0.09503700469336147
18852,0.0005244541119832372
18853,-0.034385871118339996
18854,-0.1434157652466699
18855,-0.17603708375001745
18856,-0.09271371790569947
18857,0.06600234053658934
18858,0.01980352547615111
18859,0.062058894663218636
18860,0.062058894663218636
18861,-0.006680453677563057
18862,-0.0855035958191587
18863,0.0013673363292629442
18864,-0.1615132279516757
18865,-0.05632236225386367
18866,0.024323661360423066
18867,-0.07681669690370513
18868,0.0564198212447329
18869,-0.01629490580071856
18870,-0.06200780987932673
18871,-0.0014943601099623035
18872,0.0564198212447329
18873,-0.018907745174572364
18874,0.05384403278212079
18875,0.05384403278212079
18876,-0.00011815329946660369
18877,0.05952947167031132
18878,-0.18326994206947705
18879,-0.13923291979543584
18880,-0.06216808496375563
18881,0.0033237802019535976
18882,-0.02844586387354045
18883,-0.09145396928028522
18884,0.03384184970554355
18885,-0.030188591904618794
18886,-0.031038465288578652
18887,0.05482224450505497
18888,0.05482224450505497
18889,-0.09481406466249787
18890,-0.09481406466249787
18891,-0.09481406466249787
18892,0.0013441860285892866
18893,0.05396080077821518
18894,-0.014603922180709904
18895,0.06084836178192123
18896,-0.1368524784351806
18897,0.0022570177215454896
18898,-0.0744390361730834
18899,0.05511560950028293
18900,-0.09484294830021664
18901,-0.07076745658177022
18902,-0.0036532441398338094
18903,-0.09544338880405961
18904,-0.04913405238442574
18905,-0.16417172901793536
18906,0.05410730260136942
18907,0.021760578693635027
18908,-0.01178533142618589
18909,-0.14658937387548385
18910,-0.023348856728822216
18911,-0.0590391129621622
18912,0.02356844986564444
18913,-0.034166566373955355
18914,0.06208958719275691
18915,0.06176460681560196
18916,0.06142939823450634
18917,-0.08911039806382798
18918,-0.06932063948930584
18919,0.0594713888838475
18920,-0.008662745155833087
18921,0.056757207729000544
18922,0.06483351003351542
18923,0.05580659682610597
18924,0.054866237285521105
18925,0.05334961094467968
18926,0.04804183268969662
18927,-0.14635775912562435
18928,0.05564958088559375
18929,-0.00836295791028509
18930,0.05446351860434378
18931,-0.08296582824569022
18932,0.01916071681496823
18933,-0.08296582824569022
18934,-0.021359603277062367
18935,-0.020554467488908896
18936,-0.007365225100600254
18937,-0.07477831226424464
18938,-0.0670280564877844
18939,-0.030655185968574594
18940,-0.004164367567277886
18941,-0.12769549086751675
18942,-0.006863758531546624
18943,-0.008993051532862738
18944,-0.07743043930488636
18945,-0.07796848621747252
18946,-0.0574187340108757
18947,0.0546410449186867
18948,-0.11241201795691368
18949,-0.07686069270897598
18950,-0.1531747122157296
18951,-0.030401282668006225
18952,0.062102029614837885
18953,0.04927423854184972
18954,0.016176276483885425
18955,0.024952259880226615
18956,-0.06840665751357576
18957,-0.15665288487447507
18958,0.014722856733758775
18959,0.047794832174107245
18960,0.046634722237330506
18961,0.046634722237330506
18962,0.02545577846204399
18963,-0.07652081786032966
18964,0.04506184108490579
18965,0.008835435128629542
18966,0.03983176110283937
18967,0.03919107379966595
18968,0.009027554741299048
18969,0.037290264100383025
18970,-0.15648988366100602
18971,0.03593142219288852
18972,-0.06881211527872985
18973,-0.06672619374522637
18974,-0.018240985972133257
18975,0.03488566710973005
18976,-0.06672619374522637
18977,0.011568288145754491
18978,0.009611093110823537
18979,-0.06262955755910116
18980,-0.06262955755910116
18981,0.07496452073503121
18982,0.018867200296650812
18983,0.010227547881672558
18984,-0.09160004500501083
18985,-0.14031418383986285
18986,-0.030439839715474096
18987,0.005590719619268938
18988,0.04784062776753613
18989,0.024209072261734417
18990,0.010771351062908824
18991,-0.03899352337699602
18992,-0.06955740437858612
18993,-0.08924796240477692
18994,0.014986210283536016
18995,0.022421285536247428
18996,-0.1646383770868606
18997,-0.01713312582435467
18998,0.01702332458095253
18999,-0.028696523987858418
19000,0.024152101162653795
19001,0.012835317297429576
19002,-0.10614940614712642
19003,-0.06124576101058106
19004,0.016402107832143933
19005,0.00813370243958671
19006,-0.0015341428298049568
19007,0.03829583345278225
19008,0.009716111200061446
19009,-0.0897112895486512
19010,-0.05720061261248331
19011,0.013594881020912051
19012,-0.12900166132920354
19013,0.012988555768097682
19014,0.008047907782015919
19015,-0.008488187954361551
19016,-0.008632865481749028
19017,-0.04329304432516199
19018,0.005536855164058047
19019,0.005536855164058047
19020,0.0014808802952554025
19021,-0.049615980148826136
19022,-0.1645483489854751
19023,-0.008903409931487317
19024,0.07475121726769797
19025,-0.042818551916194485
19026,0.03510321145590596
19027,0.04818267052685516
19028,0.008285513194780592
19029,-0.04287649774658223
19030,0.015029073505439508
19031,0.018422620881504002
19032,0.014952024279466155
19033,-0.15078166892697106
19034,-0.045422625939152514
19035,0.037580427881583674
19036,0.03140149234241928
19037,0.016970582832210104
19038,-0.045268657165802056
19039,-0.047330969439977465
19040,-0.09117210976842482
19041,-0.053978611755527504
19042,0.01538328832704994
19043,-0.0472592834676361
19044,-0.10695505687980991
19045,0.006083845724416938
19046,-0.15843691853401373
19047,0.025629748602782693
19048,0.018208693353630654
19049,0.019468800132785954
19050,-0.011512409043968512
19051,-0.012149556885035849
19052,0.023340514297977597
19053,0.024322228570816944
19054,0.022853477075103056
19055,0.02423981980714703
19056,-0.13033067902852588
19057,-0.09114433744068298
19058,-0.047817638390944606
19059,0.015943905197103748
19060,0.015943905197103748
19061,-0.08261466006585345
19062,0.015983226761762954
19063,0.015983226761762954
19064,0.013096264244280034
19065,-0.013637275943434186
19066,0.012206788269618681
19067,0.011866996146189138
19068,0.012466188360059362
19069,-0.010436351756750034
19070,-0.046763093968657535
19071,-0.1605385849910123
19072,-0.052918364552328755
19073,-0.008508130404533867
19074,0.014189629748496415
19075,0.011324758921438452
19076,0.027246420137090156
19077,-0.04902241208515322
19078,0.07172147844311332
19079,-0.04926658543795689
19080,-0.04926658543795689
19081,0.01882787451406462
19082,0.015730781378285288
19083,-0.04571642015052817
19084,-0.16955522412912608
19085,0.016068806712931757
19086,-0.08166756032087337
19087,-0.009365406519893048
19088,-0.042578504320301316
19089,-0.05219325940591907
19090,-6.362781216137001e-05
19091,-0.17359324971750503
19092,-0.007061625602737723
19093,0.011915960154459783
19094,-0.11770451353373836
19095,0.006806386130338765
19096,-0.00206140129644809
19097,-0.0942584569934867
19098,0.013101397103774759
19099,0.01216802739842222
19100,0.017218553789745
19101,0.02534792042196623
19102,-0.03984892892910829
19103,-0.00542766279945109
19104,0.017391745828321356
19105,-0.087662688104644
19106,0.02105096650796832
19107,-0.06259458222048078
19108,0.024264359125771615
19109,-0.04102946936574256
19110,-0.0018899505703232314
19111,0.08877074874615129
19112,0.025461301585334464
19113,0.0047693604887587265
19114,-0.16947091026396832
19115,0.007337627203164553
19116,-0.013394877934041068
19117,-0.011836267173633582
19118,0.017401904403340752
19119,-0.035818427017902936
19120,-0.00793469632187014
19121,-0.0031821581969321755
19122,-0.03458759497264779
19123,-0.03125852048088321
19124,0.012872873230786676
19125,-0.09232336092504104
19126,-0.08525714358023087
19127,-0.14802996289290093
19128,-0.03449678856762235
19129,0.012176449420582627
19130,-0.005936832625782569
19131,-0.07596812949290295
19132,0.009121846627927437
19133,-0.0034683952867752
19134,-0.004726226214904893
19135,-0.029042162247678787
19136,-0.012542566635262372
19137,-0.16131688947890038
19138,-0.14198421678017292
19139,0.005828490765834827
19140,0.008630244049954642
19141,-0.1147382447438283
19142,0.003914350679359699
19143,0.003914350679359699
19144,-0.02946117049531168
19145,0.0003824986315004548
19146,-0.02436876444343969
19147,-0.02433853414802791
19148,-9.432813131801685e-05
19149,0.006946744539461422
19150,-0.1269801351257589
19151,-0.018426536648581737
19152,-0.038335812165099695
19153,-0.00477532530510326
19154,-0.007714813629850523
19155,-0.008055841721345361
19156,-0.02035610119493726
19157,-0.09590317825154009
19158,-0.12026683702131233
19159,-0.01687953960068672
19160,-0.01193655045261008
19161,-0.01193655045261008
19162,-0.03985765012147147
19163,-0.01582444871423359
19164,-0.07733013840177579
19165,-0.01582444871423359
19166,-0.15137284479462584
19167,-0.007732137033820665
19168,-0.018820430049398536
19169,-0.13067472735030158
19170,-0.01951147129756461
19171,-0.02366744278326407
19172,-0.02369352538057757
19173,-0.02369352538057757
19174,0.07163200848060995
19175,-0.027583597203218988
19176,-0.030671441343553717
19177,-0.015190371769314669
19178,-0.09546233592859789
19179,-0.13249757824492397
19180,-0.014614066465300569
19181,-0.04035358858982444
19182,-0.017242428208174017
19183,-0.0379888643010339
19184,-0.029056763962965006
19185,-0.01971075645243165
19186,-0.035118593308558405
19187,-0.1515419224381155
19188,-0.12390825701467706
19189,-0.027062160449542128
19190,-0.11794414690186983
19191,-0.0999345486971807
19192,-0.011299861086342804
19193,-0.020060170695289738
19194,-0.005980980376907932
19195,-0.044758991228568606
19196,-0.018748562704408393
19197,-0.030724804399219444
19198,-0.017859804488498648
19199,-0.02246631112203012
19200,-0.02026184642327995
19201,-0.01888449052577196
19202,-0.010813284934743376
19203,-0.019900310838728907
19204,-0.1070625255886798
19205,-0.08564327702740968
19206,-0.04888740791289224
19207,-0.013009825829621005
19208,-0.02542354857285441
19209,-0.017872417364186814
19210,-0.051711988414558596
19211,-0.030963144788284238
19212,-0.030840661147658953
19213,-0.11432863049426041
19214,-0.07089271157414445
19215,-0.031199303624761254
19216,0.054220509972912
19217,-0.023572964384232512
19218,-0.017798404049390804
19219,-0.01483628487206221
19220,-0.04581836622433597
19221,-0.03801648362002329
19222,-0.12043533476316026
19223,-0.04983794176651378
19224,-0.029003419471538547
19225,-0.040340771749259915
19226,-0.03074069435505415
19227,-0.024773560093602622
19228,-0.10177455433679779
19229,-0.009054067787290671
19230,-0.16188221693276733
19231,-0.05998464097072664
19232,-0.03774234120229161
19233,-0.03310354252869271
19234,-0.011701897843093464
19235,-0.07283618645740612
19236,-0.06559197766991623
19237,-0.018798330412300984
19238,-0.028685453668520676
19239,-0.0065441542600591625
19240,-0.0884127034219911
19241,-0.16029751943228782
19242,-0.12945998195622396
19243,-0.0651782381885818
19244,0.009317615359582358
19245,0.008308279458075928
19246,-0.029624405596849247
19247,0.005813455958793314
19248,-0.022965755531387747
19249,-0.025737655596368526
19250,-0.06323996027639509
19251,-0.11336766334468887
19252,-0.013178343065524045
19253,-0.030162445011455395
19254,0.01626562869375836
19255,0.01626562869375836
19256,0.014704782485156113
19257,-0.03503158522021809
19258,-0.06587854769513019
19259,-0.0650104677743745
19260,0.01774183629321862
19261,0.018314704081253203
19262,-0.06325921809053571
19263,-0.017436805096960092
19264,0.020256885887599125
19265,-0.08675751104996889
19266,-0.08416149148489106
19267,-0.07164720087405906
19268,-0.15386424965053636
19269,-0.07043988998570368
19270,-0.012467115234065103
19271,-0.03177287328899751
19272,-0.01188777363826032
19273,0.01606164982145144
19274,-0.020280677327649987
19275,-0.020952410104961804
19276,-0.020952410104961804
19277,-0.06204416044395892
19278,-0.023450975727685137
19279,-0.010466534834783145
19280,0.013853471833780375
19281,-0.08435243711030849
19282,0.013853471833780375
19283,-0.058117204153718655
19284,-0.057440927177968455
19285,0.023479172519033902
19286,-0.025246319948451335
19287,-0.026003150094647827
19288,0.022080985079246863
19289,-0.0072000920022264134
19290,-0.048924598254020533
19291,-0.055927471570217685
19292,-0.01904393972496443
19293,-0.14757232715482574
19294,-0.13441782240675493
19295,-0.07132234576863244
19296,-0.020585811109939754
19297,0.03167323635428661
19298,0.035981122624694266
19299,-0.058166296176301854
19300,-0.032948985711669834
19301,-0.09520393885631805
19302,-0.05860691452641418
19303,0.04051933908089211
19304,-0.022715820096537453
19305,-0.024634590000715127
19306,-0.04933499332399484
19307,0.02389550623845104
19308,-0.041169566176034574
19309,0.021724723714848064
19310,-0.0509253490072827
19311,-0.10066368997283695
19312,-0.031789675087126254
19313,0.016998418385583202
19314,0.017406805568290138
19315,-0.0788757715580111
19316,-0.08229793829158659
19317,0.012199984164722056
19318,0.041264924605589004
19319,0.01907781493631893
19320,-0.006023201331918064
19321,-0.05262275727314441
19322,-0.024702998599640685
19323,-0.023040474610973628
19324,0.025970601428686336
19325,-0.14385204501102036
19326,-0.0423711732706092
19327,-0.026187544941764663
19328,-0.010626813919787113
19329,-0.07056572084237982
19330,0.02393240238149126
19331,-0.01789321415446067
19332,-0.04319173726549564
19333,0.015471849567454706
19334,-0.002053907359831049
19335,-0.018535604736675034
19336,-0.029496031688386805
19337,-0.015484260018820936
19338,-0.034467743011849766
19339,-0.018648700796430908
19340,0.040479398290571726
19341,0.03993333922834229
19342,0.039684627006429156
19343,-0.07739695033430251
19344,-0.11537382559854228
19345,-0.009036096951088852
19346,-0.14900490663801497
19347,-0.004100794784100058
19348,-0.03321288728163145
19349,-0.04347944544329312
19350,0.050780573534807
19351,0.0506458072992318
19352,-0.05568058480012794
19353,-0.04232741567234486
19354,-0.03287686114743677
19355,-0.006812315429608699
19356,0.05724280317112977
19357,-0.006396249396930157
19358,0.0557245089312637
19359,-0.050432476280249994
19360,-0.013322206816480687
19361,0.04928111029994863
19362,-0.0530419821433292
19363,0.003264975609739617
19364,-0.08487703587542805
19365,0.04817386028874802
19366,0.04817386028874802
19367,-0.14790985423228614
19368,-0.08926571634392481
19369,-0.006478801540545666
19370,-0.00476957471698702
19371,-0.032171678826978335
19372,-0.05761166573341887
19373,-0.005024970700394687
19374,0.03389661343007798
19375,0.029786315031553573
19376,0.02907026315617071
19377,-0.060149871657692394
19378,-0.014441626915732858
19379,0.03985224900094323
19380,-0.014441626915732858
19381,-0.0052635088963995155
19382,-0.013249735421909128
19383,-0.07053219399065139
19384,0.03347328289793369
19385,-0.06231174955384932
19386,-0.011224772644207391
19387,0.011543218688212287
19388,0.011543218688212287
19389,-0.01794729944379534
19390,-0.06337411498815815
19391,-0.010756263986302028
19392,-0.12712521124318066
19393,0.008087595655677291
19394,-0.11967273372597427
19395,-0.04318312086127207
19396,-0.06549889329536718
19397,-0.0024668990546067213
19398,-0.06383201849521082
19399,0.0269034640752493
19400,0.0269034640752493
19401,-0.005216239931316009
19402,-0.05122589365096779
19403,-0.06542787565326708
19404,0.03236626377247608
19405,-0.0427169676557027
19406,0.00854372612656684
19407,0.03152784520191796
19408,0.015401091186279936
19409,-0.09641234702861283
19410,0.03321660848222238
19411,0.0004096258735623252
19412,0.0016461720168860648
19413,0.0022737896179741354
19414,-0.009528060493826688
19415,-0.05979604431693243
19416,-0.08511977593329992
19417,0.04092700791500981
19418,-0.052031586027659525
19419,-0.015915954322359517
19420,-0.09809365866232904
19421,-0.12492523452385991
19422,-0.002509892390311881
19423,-0.0025563287324764056
19424,-0.0025563287324764056
19425,-0.006663743980755203
19426,0.038169967200954516
19427,-0.024060619193460253
19428,0.04088489879431749
19429,-0.07721847518193349
19430,0.041427655234119995
19431,-0.11836420707286816
19432,0.04064993914119794
19433,0.03730765052689571
19434,0.035259843517019544
19435,0.0030195811033910318
19436,0.029580870123085693
19437,0.004358064971942802
19438,-0.08934539544557947
19439,-0.04817201753949429
19440,0.0336287782272723
19441,0.0336287782272723
19442,-0.12231796744226144
19443,0.029426069222587822
19444,0.025337290422417804
19445,0.012126071046982252
19446,-0.09666233987470023
19447,-0.028079621094537557
19448,-0.006949661060180054
19449,-0.05093377824140756
19450,-0.09035202397119094
19451,-0.03341425596557907
19452,0.01964940545931463
19453,0.020215706094975968
19454,-0.03955905137539269
19455,-0.061588078381464136
19456,-0.05948964265825355
19457,0.013613877610614545
19458,-0.07927789151393323
19459,-0.03050254886549582
19460,0.01790552969574221
19461,-0.043378606168809695
19462,-0.022916691536460383
19463,0.03307267382528243
19464,0.007552129865765199
19465,0.011884078637257269
19466,0.011645823958366426
19467,-0.017504646267017254
19468,-0.09550500265782692
19469,-0.007761655194971431
19470,-0.009249663530019502
19471,-0.08577189386796691
19472,-0.01011871739246408
19473,-0.014116608781737816
19474,0.013325207182467297
19475,-0.014116608781737816
19476,-0.029548192660283377
19477,-0.03531879546837675
19478,-0.08301114828836616
19479,0.00845766767563613
19480,-0.014615959600936621
19481,-0.03442827636569227
19482,-0.019621409890894087
19483,-0.020189863289262318
19484,-0.09055194162390776
19485,-0.03132422845409459
19486,-0.022442938056733055
19487,-0.0315243998923095
19488,-0.024737972646210533
19489,0.0015927743078932295
19490,-0.08435578560090541
19491,0.005159883138831974
19492,-0.002954588523555074
19493,0.018843229914450668
19494,0.0013075544350375523
19495,0.000581819859200502
19496,-0.06956083893507739
19497,-0.02703878986048295
19498,-0.024078325988288806
19499,-0.06271490560679127
19500,-0.025987025997335867
19501,-0.038974209691327685
19502,-0.03878376229436976
19503,-0.017647212086903143
19504,0.0009220529247730178
19505,-0.03750963488882434
19506,-0.09348075347052613
19507,0.013200932144978616
19508,-0.044233075176002584
19509,0.011132215344162717
19510,-0.07295486526040439
19511,-0.07076561108740531
19512,-0.049193780778678815
19513,-0.00822612789164454
19514,-0.05125494139651429
19515,0.0065598754210484875
19516,-0.054096656350811935
19517,-0.03690139406744717
19518,0.001217012351621764
19519,-0.040300307915695006
19520,-0.07510812147112633
19521,-0.05704019577318925
19522,-0.044197701825004036
19523,-0.02863525545870996
19524,-0.07106979086513047
19525,-0.06609494963823515
19526,-0.06307132287149261
19527,-0.0027403393962565623
19528,-0.06716370787945856
19529,-0.036012367562304054
19530,0.007071681995356211
19531,-0.05957625876123873
19532,-0.008713309700897932
19533,-0.06532998751423817
19534,-0.06214441603845176
19535,-0.06218448107003813
19536,-0.06632125836122325
19537,0.008011065680321184
19538,-0.06875452936754219
19539,-0.004485983425297971
19540,-0.010632433178768755
19541,-0.05353921482388983
19542,-0.05121718629909895
19543,0.005059211551056205
19544,-0.07252381670346066
19545,-0.0471441595490415
19546,-0.05021717850583713
19547,-0.013677608580374255
19548,-0.05081377750096615
19549,0.01118510508169325
19550,-0.0519169598385135
19551,-0.06588618688649227
19552,-0.05655753862327808
19553,0.007602016806225055
19554,-0.05255758315448268
19555,-0.07524548809584118
19556,-0.04633648500524409
19557,0.005998814113432408
19558,-0.07151815213826818
19559,-0.05498022665594032
19560,-0.0545798569743382
19561,0.02245607244686339
19562,-0.05710508166329203
19563,-0.06369845406886473
19564,0.007152647491879445
19565,-0.03898409643594496
19566,-0.02634362208093602
19567,-0.06224703625907396
19568,-0.13968139754006023
19569,-0.1457424181316256
19570,-0.029530885345145703
19571,-0.066580309743195
19572,-0.06743559081324077
19573,-0.09838738637025
19574,0.009466086525228375
19575,-0.06052257380361598
19576,-0.14075208155147897
19577,-0.14274075352599347
19578,-0.02681958162114917
19579,-0.05659087108612154
19580,-0.061993107735530247
19581,-0.0556769641083239
19582,-0.11032652451828764
19583,-0.020649560098202846
19584,-0.12470866352430096
19585,-0.06581031853220111
19586,-0.045247419633796505
19587,-0.036769751268359845
19588,-0.14278384192075855
19589,-0.044663336297767434
19590,-0.13700142788521077
19591,-0.08287508736389952
19592,-0.13899510013418426
19593,-0.03051227139153361
19594,-0.02031226600348081
19595,-0.1479082839783104
19596,-0.05141327866337635
19597,-0.009761791112676268
19598,-0.06504187946353203
19599,-0.005767809979477001
19600,-0.0687176826769138
19601,-0.10865150038418322
19602,-0.13892648859224516
19603,-0.04458546107604689
19604,-0.07841250740685034
19605,-0.0146545339527908
19606,-0.104763429518266
19607,-0.015475228969639114
19608,-0.08672536730987587
19609,-0.04933845114439922
19610,-0.13148720425969038
19611,-0.07110464122174576
19612,-0.09912705347202523
19613,-0.05489426500263813
19614,-0.02537123951983348
19615,-0.06584115456111228
19616,-0.015945443742608586
19617,-0.06304910694760105
19618,-0.09892836659748523
19619,-0.0820973455524125
19620,-0.014141206559980071
19621,-0.057346682281722634
19622,-0.05584751122829187
19623,-0.002609990764866005
19624,-0.09093033125760666
19625,-0.01509660489112569
19626,-0.113093920551106
19627,-0.055615295942572016
19628,-0.045021548480070554
19629,-0.08667577172802546
19630,-0.06923000728498864
19631,-0.10333639366181246
19632,0.033133612610305424
19633,-0.0643861844440981
19634,-0.043756241479651736
19635,-0.1053791540200348
19636,-0.07674152263161158
19637,-0.06757852536448664
19638,-0.07681201975713814
19639,-0.07749308172863746
19640,-0.08614520838933513
19641,-0.06270801583960034
19642,-0.12440361789868838
19643,-0.04140429118423869
19644,-0.0608600262144039
19645,-0.05796441861016455
19646,-0.11319270108085094
19647,-0.026727510631581384
19648,-0.017429609204568073
19649,-0.0391804502828548
19650,-0.05744594506174162
19651,-0.1126473261181427
19652,-0.04680750087810037
19653,-0.03790494213123321
19654,-0.04124528226496812
19655,-0.04589804616221717
19656,-0.11538637339532215
19657,-0.06871573171210331
19658,-0.025505794705388034
19659,-0.026050029671216113
19660,-0.05950267413615102
19661,-0.10262143234392407
19662,-0.020517277015507318
19663,-0.05927718536248429
19664,-0.039083818300587506
19665,-0.0036351189744663706
19666,-0.058481947122937784
19667,-0.0875540248005196
19668,-0.06441811043712053
19669,-0.061174733858401144
19670,-0.018120660663347773
19671,-0.07871080669967395
19672,-0.10415057860716424
19673,-0.07893243296871978
19674,-0.03966141928680241
19675,-0.07362474951162058
19676,-0.07362474951162058
19677,-0.10737797366006595
19678,-0.0896167156821576
19679,0.04570975395243311
19680,-0.04943972252835376
19681,0.002891723792991981
19682,-0.1032709867505483
19683,-0.07789362100094052
19684,-0.0642330173483372
19685,-0.14056239708964668
19686,-0.06714466847717868
19687,-0.07476490202218339
19688,0.01607598413428203
19689,-0.10223798899898418
19690,-0.09113052200628141
19691,-0.11058464063125674
19692,-0.043560304133596295
19693,-0.08552647933245668
19694,-0.03707459499659867
19695,-0.07703304623465981
19696,0.02445189697377436
19697,-0.07634458144293924
19698,-0.05918867011372211
19699,-0.07443596882982581
19700,-0.02534487447589744
19701,-0.0897694898226317
19702,-0.09351192722425242
19703,-0.0981507577693051
19704,0.0075996878596139164
19705,-0.05881126672745869
19706,-0.06541057813731117
19707,-0.10660047425586386
19708,-0.14690377279206385
19709,-0.09459200281598171
19710,-0.11124159380495593
19711,-0.10903945464280128
19712,-0.1111253489106366
19713,-0.08775687213708058
19714,-0.021205682695352533
19715,0.011676888072491011
19716,-0.06452137505447053
19717,-0.10956123918520774
19718,-0.07412468219714655
19719,0.009468825919532733
19720,0.013649640143914253
19721,-0.04495343575880531
19722,-0.10270791111501613
19723,-0.07151443715101212
19724,0.01086007043202897
19725,-0.11433908131466303
19726,-0.03826931226658674
19727,-0.06661081056962309
19728,0.02735465239167429
19729,-0.11126439326707702
19730,-0.09752822004288986
19731,-0.0694573855143518
19732,-0.14269910919358578
19733,-0.057751757522547985
19734,-0.11738105259352567
19735,-0.09815956893250538
19736,-0.06580020858304012
19737,-0.05935663510164306
19738,-0.012238050323757783
19739,-0.030892575051801582
19740,-0.08851180844004922
19741,-0.11718405895976866
19742,-0.03592940268458417
19743,0.011673541488544565
19744,-0.06204561648793263
19745,-0.1445743383908973
19746,-0.1457522722388583
19747,-0.08155439859868978
19748,-0.12407943890441141
19749,-0.13993593112331595
19750,-0.06698438747271517
19751,-0.13873809605145337
19752,-0.07114923687469304
19753,-0.14876634780231465
19754,-0.14876634780231465
19755,-0.07520452074889539
19756,-0.08706496533807849
19757,-0.017833161090554783
19758,-0.14918874685414607
19759,-0.01108762136272702
19760,-0.06516327497069554
19761,-0.023407886618869833
19762,-0.15324134435629969
19763,-0.0009898371412740044
19764,-0.15324134435629969
19765,-0.017632344636199348
19766,-0.09351127104680025
19767,-0.1600816937147415
19768,-0.0875335770528562
19769,-0.0230865895240996
19770,-0.06156674705208389
19771,-0.05820084793861259
19772,-0.16098713040976595
19773,-0.08729191119367868
19774,-0.08729191119367868
19775,-0.018367100994973073
19776,0.010428999809773038
19777,0.02569519821828979
19778,-0.10062585475787314
19779,-0.09198146467870284
19780,-0.07252885478756707
19781,-0.0730280048325616
19782,-0.0661630653074028
19783,-0.07202312089482502
19784,-0.10372949591718322
19785,-0.013401109829898776
19786,-0.16622087337926636
19787,-0.06975636452900351
19788,-0.05815562946169481
19789,-0.019261682367048286
19790,-0.1658464682203467
19791,-0.11808724949624035
19792,-0.014956711193757213
19793,-0.08518527974392308
19794,-0.0648225704182111
19795,-0.01427106348449009
19796,-0.01427106348449009
19797,-0.08699557567859885
19798,-0.10943930311553773
19799,-0.17492112563476056
19800,-0.1190111636744954
19801,-0.07297434409937166
19802,-0.06938057333133878
19803,-0.07873726063001381
19804,-0.1773871636936524
19805,-0.17535617570385348
19806,-0.06579919372908792
19807,-0.18270546453701406
19808,-0.18181663713010718
19809,-0.09863088226650284
19810,0.022836427612960328
19811,-0.17820244365566976
19812,-0.022783523604126606
19813,-0.13501280001871568
19814,-0.17458803382671167
19815,-0.05563589662600294
19816,-0.0378968369178879
19817,-0.11452405320061834
19818,-0.07239396739011773
19819,-0.08016517131838388
19820,-0.09479347497010326
19821,-0.16918962653831396
19822,-0.0954697654693971
19823,0.0230040120109215
19824,-0.09375103244462916
19825,-0.07245372092946782
19826,-0.09686728209982134
19827,-0.015996915795451264
19828,-0.05239883805363723
19829,-0.14704769456416433
19830,-0.06320358782615552
19831,-0.1299277124481648
19832,-0.1763106002139795
19833,-0.11552202863421074
19834,-0.03339798547801717
19835,-0.18075592460681983
19836,-0.0831837301930956
19837,0.005387834439045649
19838,-0.18266488899562017
19839,-0.12103246014171046
19840,-0.08079288754246072
19841,-0.02300242683302785
19842,-0.07782904842656117
19843,-0.18480693920127853
19844,-0.0363952404394732
19845,-0.060475212025138295
19846,-0.08556447631758983
19847,-0.17657747324723885
19848,-0.17657747324723885
19849,-0.0019927474902355635
19850,-0.06511696102914076
19851,-0.09281350688487694
19852,-0.17970251590034841
19853,0.0005988044243348881
19854,-0.08611692696819802
19855,-0.18047073984122228
19856,-0.1815866053170386
19857,-0.0941950949128509
19858,-0.01949741305425347
19859,-0.06605459809492756
19860,-0.17435325211925007
19861,-0.171644183139739
19862,-0.07301940895379797
19863,-0.09567900818756696
19864,-0.12742054396570598
19865,-0.09567900818756696
19866,-0.0944207116011817
19867,-0.026444107876070846
19868,-0.05474913307450964
19869,0.012544268944339902
19870,-0.18199375748309343
19871,-0.02465336245353704
19872,-0.05636789530889537
19873,-0.18114104584960566
19874,-0.019616339356730177
19875,0.005236257931688619
19876,-0.0956595279164986
19877,-0.08661523705501854
19878,-0.009161144894504137
19879,-0.09272204204344815
19880,-0.13476795217233098
19881,-0.1773065863197743
19882,-0.059628114869984025
19883,-0.11799974148890302
19884,-0.06879237099660898
19885,-0.02717716240772245
19886,-0.18116886856343414
19887,-0.1809660207846518
19888,-0.0218508671983037
19889,-0.07720077766567747
19890,-0.05637179221045582
19891,-0.10071662648010099
19892,-0.08193449412341458
19893,-0.08988474059901787
19894,-0.021387268881613793
19895,-0.05831737283990357
19896,-0.18641160758356673
19897,-0.08343714067032983
19898,-0.1869358918886768
19899,-0.14030838172077917
19900,-0.056369170761241746
19901,-0.18259588638744567
19902,-0.18634129158304027
19903,-0.18734468933216783
19904,-0.018387723322904247
19905,-0.1867201976432675
19906,-0.13368935845501523
19907,-0.10436761018040522
19908,0.004000365208926107
19909,-0.07576604537796847
19910,-0.055621223389436904
19911,-0.02026143301784234
19912,-0.015246746918272089
19913,-0.05802113156917846
19914,-0.13996038877634745
19915,-0.19082969391737917
19916,-0.139458107505557
19917,-0.017575517454084484
19918,-0.18771900247224735
19919,-0.021564202034049948
19920,-0.11435044429531924
19921,-0.04733372609327807
19922,-0.09457643500602543
19923,-0.06887548078733781
19924,-0.13127166305367713
19925,-0.1572257705425506
19926,-0.056492157290566156
19927,-0.20174589216477076
19928,-0.1129906239710098
19929,-0.1341694462469271
19930,-0.20493410070057924
19931,-0.046483939545615714
19932,-0.1087165154332629
19933,-0.20773510962092254
19934,-0.036665029135413335
19935,-0.048882597645268956
19936,-0.20827933127522555
19937,-0.023392183996741988
19938,-0.023392183996741988
19939,-0.1388644305346455
19940,-0.08849986307128709
19941,-0.07714293133861243
19942,-0.20696718541877132
19943,-0.20261580518257552
19944,-0.09260882712641248
19945,-0.05338958034706152
19946,-0.07460758606232071
19947,-0.20836464167980848
19948,-0.045605667382056875
19949,-0.20621504558407874
19950,-0.08947504927887062
19951,-0.1621103090984464
19952,-0.20370999625720335
19953,0.013655513915822752
19954,-0.1622446127338827
19955,-0.20579174675278827
19956,-0.02927966823667902
19957,-0.20371826088065992
19958,-0.05177787604241425
19959,-0.060021994799119426
19960,-0.20279472434518225
19961,-0.1718789231859381
19962,-0.06883820523547236
19963,-0.1745799699209122
19964,-0.1745799699209122
19965,-0.05549225866547108
19966,-0.09083648556511188
19967,-0.05688254547529053
19968,-0.2005499649602419
19969,-0.08086804338399863
19970,-0.09027242979641174
19971,-0.18983818773269967
19972,-0.06192947970410047
19973,-0.06573296758317512
19974,-0.15796081845457202
19975,-0.21208748138812786
19976,-0.033836114907542854
19977,-0.20601859016958232
19978,-0.05145471123238329
19979,-0.023107954933895992
19980,-0.0626643276403634
19981,-0.20356431179672535
19982,-0.20794035378931847
19983,-0.01868881018048856
19984,-0.12176380779857358
19985,-0.05091431803291497
19986,-0.06316508711611857
19987,-0.21124471257801894
19988,-0.1490289635910326
19989,-0.07149971704534774
19990,-0.21015599073560723
19991,-0.21015599073560723
19992,-0.12759061122940255
19993,-0.030385788134080022
19994,-0.20152160520661216
19995,-0.08984949739567134
19996,0.005186224724431995
19997,-0.06549652521863068
19998,-0.19092313745230935
19999,-0.04924025974721387
20000,-0.017888771940323966
20001,-0.06148493513898888
20002,-0.19970181525114353
20003,-0.06729198696298612
20004,-0.02646484281821542
20005,-0.19221357463413657
20006,-0.19125074742679501
20007,-0.18110124847393816
20008,-0.028317236629124564
20009,-0.18894429098936086
20010,-0.07828059618781151
20011,-0.06788962877130507
20012,-0.1838378544410141
20013,-0.061287520189584895
20014,-0.06771663669349895
20015,-0.18665530117277654
20016,-0.18546633780123958
20017,-0.07727694004730351
20018,-0.13413573266839113
20019,-0.030733275639325083
20020,-0.1820583364706159
20021,-0.00936399267088987
20022,-0.12972214801513665
20023,-0.15371712307324906
20024,-0.18290950279162907
20025,-0.02573793969057234
20026,-0.023297812306806734
20027,-0.18393124809008218
20028,-0.06649337949445239
20029,-0.18004542457242537
20030,-0.0692279313310759
20031,-0.13336547876404445
20032,-0.0934078489783657
20033,-0.18454148006353935
20034,-0.0253710794196417
20035,-0.06746722714634217
20036,-0.06795779701782555
20037,-0.18653724933312707
20038,-0.07640840034079659
20039,-0.03151540340452876
20040,-0.06469290839949107
20041,-0.1074417174360518
20042,-0.1855905942435964
20043,-0.20262185287328202
20044,-0.03653040673518687
20045,-0.1784684706214515
20046,-0.005058749060564099
20047,0.008466705720113946
20048,-0.10869863866601856
20049,-0.1742324998261061
20050,-0.07791788486096944
20051,-0.1859584748991391
20052,-0.06093692047447065
20053,-0.18491661202769122
20054,-0.07884062069286434
20055,-0.18785401606271376
20056,0.0023305487156407324
20057,-0.06300963577840772
20058,-0.19388603046172267
20059,-0.18592041410628765
20060,-0.19388603046172267
20061,-0.19412693998878716
20062,-0.0773884701688347
20063,-0.07350653509842335
20064,-0.05228249764347795
20065,-0.0771189726981747
20066,-0.18330447018135165
20067,-0.18285042819654462
20068,-0.18285042819654462
20069,-0.1460166841684465
20070,-0.13136398024920365
20071,-0.047594588166976114
20072,-0.07227661029379448
20073,-0.1800490200038075
20074,-0.07653722894244272
20075,-0.1983913359107049
20076,-0.10696847019007252
20077,-0.06750543828082256
20078,-0.059250223871689066
20079,-0.20071783279602548
20080,-0.18100369085229337
20081,-0.09583234284780667
20082,-0.062143817829825
20083,-0.03718796343346586
20084,-0.20309563317942275
20085,-0.07883652855802122
20086,-0.06825867996138929
20087,-0.09824288406152384
20088,-0.20517493728790073
20089,0.003141886415869683
20090,-0.08141735726239895
20091,-0.07047352813906925
20092,-0.14150741904879346
20093,-0.07580068989241683
20094,-0.14178013106229886
20095,-0.19385182435273504
20096,-0.06869416082908782
20097,-0.1835018154599812
20098,-0.1835018154599812
20099,-0.1588695430368471
20100,-0.1159227092694206
20101,0.002617427758393007
20102,-0.15722831944529364
20103,-0.08222504203236512
20104,-0.06266165753997419
20105,-0.17428208980149196
20106,-0.1745999335026966
20107,-0.15395430459711204
20108,-0.16131878715063702
20109,-0.08531663881776959
20110,0.0010496723691393534
20111,-0.04860050058288254
20112,-0.18080128667654163
20113,-0.08343091574444846
20114,-0.18012760861098503
20115,-0.03332988374155587
20116,-0.1615527308453258
20117,-0.05467902053597367
20118,-0.1886200331716612
20119,-0.061840672446323706
20120,-0.15018853025290527
20121,-0.11477966907439752
20122,-0.1117011664983538
20123,-0.16242771961757432
20124,-0.1163586856686206
20125,-0.16286352621013436
20126,-0.053686795998736075
20127,-0.20228301525093423
20128,-0.058605231156745895
20129,-0.05750829839637047
20130,-0.20259966053018405
20131,-0.0960267526169894
20132,-0.20552621221191525
20133,-0.10363592100930936
20134,-0.20324248245854834
20135,-0.11002199210537476
20136,-0.14719552534037364
20137,-0.06234362076734258
20138,0.00501334326631453
20139,-0.07855206589689166
20140,-0.09976074942431819
20141,-0.20516377276551
20142,-0.06316174438017551
20143,-0.052412333379341494
20144,-0.0551348088404104
20145,-0.20228423393981831
20146,-0.20228423393981831
20147,-0.0957363778492259
20148,-0.2026744786530829
20149,-0.10470716191167004
20150,-0.05770024498179292
20151,-0.2080062780479123
20152,-0.2080062780479123
20153,-0.11133374572861915
20154,0.008730493334865183
20155,-0.20512570399601524
20156,0.011486938490618295
20157,-0.14411521650726747
20158,-0.03856484085888599
20159,-0.11324585605769179
20160,-0.10176848741788151
20161,-0.11628807787955346
20162,-0.14413708178047147
20163,-0.11908389882427352
20164,-0.060974228225582364
20165,-0.18436294233979844
20166,-0.14329657113884284
20167,-0.06584925851520504
20168,-0.14329657113884284
20169,-0.18753072336181908
20170,-0.10807188877382116
20171,-0.07148598279764232
20172,-0.07304047423993233
20173,-0.13656733564741094
20174,-0.05383631210099121
20175,-0.1365308715457485
20176,-0.12476229380785826
20177,-0.06178975974800583
20178,-0.1901416565368559
20179,-0.11323274555604106
20180,-0.07194647932269195
20181,-0.06781114016569854
20182,-0.11097790859155043
20183,0.0204191494530464
20184,-0.0748658510811776
20185,-0.09791444031146228
20186,-0.12670275349118998
20187,-0.19221059333687074
20188,0.011295502603864775
20189,-0.19000158624188368
20190,-0.10316275213977077
20191,-0.07936899619956822
20192,-0.09408442836984451
20193,-0.1790728830395119
20194,-0.04535910028523486
20195,-0.106805610101893
20196,-0.17410084663010583
20197,-0.12308874526153939
20198,-0.0955153619573463
20199,-0.16897956852443477
20200,0.019478848652144803
20201,-0.1688160889853205
20202,-0.16925714030150907
20203,-0.1419800130408961
20204,-0.005939016780072702
20205,0.017996559444933558
20206,-0.11852235953465504
20207,-0.11336790353593106
20208,-0.11594455487114004
20209,-0.09968100797476748
20210,-0.09209062301178665
20211,-0.12846331733681893
20212,-0.17869064415471791
20213,-0.11153759003332214
20214,-0.17869064415471791
20215,-0.09940537062321465
20216,0.014260582443294973
20217,-0.12769951542631458
20218,-0.1273423955508651
20219,-0.07479541693835896
20220,-0.14117971471919014
20221,-0.050450661043815355
20222,-0.11368456379402155
20223,-0.16878801611075833
20224,-0.10177772942367415
20225,-0.16878801611075833
20226,-0.10674823880670865
20227,-0.11413817246860283
20228,-0.10703961658470461
20229,-0.06303725632296923
20230,-0.14267503511293333
20231,-0.1688573521991245
20232,-0.11206027107468249
20233,0.038371730460203195
20234,-0.16017669924577851
20235,-0.07916496491015167
20236,-0.1548658862119182
20237,-0.12280046502507423
20238,-0.11732057665408169
20239,-0.10653650045843516
20240,-0.11600198858293342
20241,-0.12477631573468181
20242,-0.07603762136217697
20243,-0.16010474126477905
20244,-0.11754606176210788
20245,-0.04664890248288541
20246,-0.12853877440087516
20247,-0.051682179272127024
20248,-0.15950019138028246
20249,-0.15950019138028246
20250,-0.13007190830479787
20251,-0.11887904645819238
20252,-0.15783088618052582
20253,-0.1552409515200589
20254,-0.15681501728343583
20255,-0.15544251711776402
20256,-0.15919443530024138
20257,0.012092109115190942
20258,-0.10759068834529036
20259,-0.0157224836786773
20260,-0.11561780553365854
20261,0.04199647002940118
20262,-0.0783341083427462
20263,-0.13383354777603632
20264,-0.15725561951979672
20265,-0.09720405219942606
20266,-0.0993824356555192
20267,-0.15564211353479024
20268,-0.11719042405657173
20269,-0.15241421008962117
20270,-0.09267520015474082
20271,-0.13410387597318058
20272,-0.08403837441987311
20273,-0.14829549890088484
20274,-0.0298868884520069
20275,-0.09440553203804455
20276,-0.11191948249018308
20277,-0.1324609352295277
20278,-0.08167753840421184
20279,0.02594318197948019
20280,-0.14185345250771342
20281,-0.11423895227662084
20282,-0.10086401542986165
20283,-0.036117027514725494
20284,-0.11638137943819371
20285,-0.15204339835817682
20286,-0.1490405805911608
20287,-0.08161670923750883
20288,-0.1471933517761752
20289,-0.08713338363767961
20290,-0.14762997631910355
20291,-0.05049475266983268
20292,-0.11416933279755993
20293,-0.11788656780538652
20294,-0.1521700027407004
20295,-0.07048249911431316
20296,-0.1513455807462152
20297,-0.15079320561132728
20298,-0.1156503225984338
20299,-0.11158398863908327
20300,-0.15075978365094436
20301,-0.06702681794554591
20302,-0.11217826336094838
20303,0.01928999756427812
20304,0.007481878547124449
20305,-0.15057377713344092
20306,-0.14575107952882282
20307,-0.0618150099964101
20308,-0.06159595586218215
20309,-0.1081788806893866
20310,-0.1128842412561944
20311,-0.14377721231291388
20312,-0.14766891991952402
20313,0.013565715098510267
20314,-0.0346461840278933
20315,-0.0495002368095008
20316,-0.15042737155936728
20317,-0.1453852516719576
20318,-0.07186925602896654
20319,-0.0480303102198641
20320,-0.04653646224560947
20321,-0.08487871054716173
20322,0.018749580379631064
20323,-0.15095238025808214
20324,-0.09689457268727926
20325,-0.15153413999706572
20326,-0.15655511062622107
20327,-0.12908904383806724
20328,-0.14700828704103147
20329,-0.1627520010971746
20330,-0.13298535895639477
20331,-0.09916373016642722
20332,-0.049055739450184585
20333,-0.11571470580108914
20334,-0.15683559254433332
20335,-0.037558501226523204
20336,-0.16309067640449096
20337,-0.16358848649984584
20338,-0.1626782107296998
20339,-0.1626782107296998
20340,-0.03767774154525567
20341,-0.1533167801000726
20342,0.007439911802427658
20343,-0.1299867804784933
20344,-0.17245579029766023
20345,-0.03615420604095095
20346,-0.16909363457586055
20347,-0.1287298173012031
20348,-0.030448027792171074
20349,0.03365125556229415
20350,-0.07556052228376625
20351,-0.12080182914426257
20352,-0.0350171215056805
20353,-0.15430431265802558
20354,-0.039684015496004595
20355,-0.1633742878031876
20356,-0.16078370649881754
20357,0.031920099459340386
20358,-0.06268612990146481
20359,-0.15819398753102618
20360,-0.1643418133594151
20361,-0.12593684648428047
20362,-0.0897970783672653
20363,0.01516468263934298
20364,-0.16427839625877513
20365,-0.10760537343828736
20366,-0.16427839625877513
20367,-0.05252743225339974
20368,-0.057323810809548244
20369,-0.022910482400044778
20370,-0.15677291810185542
20371,-0.10406199446887661
20372,-0.16207640732386233
20373,-0.16207640732386233
20374,-0.16773001484001818
20375,-0.170501608912925
20376,0.03818778535884659
20377,-0.02735802325741951
20378,-0.02791569794590736
20379,-0.1606387700715915
20380,-0.17880746823185584
20381,-0.1282773940405183
20382,-0.1282773940405183
20383,-0.017058171587248372
20384,-0.1273160982686951
20385,-0.16094322941760744
20386,-0.11718759721213401
20387,-0.05924499177733251
20388,-0.03432531514490272
20389,-0.17223427239400663
20390,-0.17102590320847805
20391,-0.12008836826868227
20392,-0.025938399356576523
20393,-0.0652265453119695
20394,0.02482186888714714
20395,-0.1734105494924439
20396,-0.1550106154850782
20397,-0.1273170838017644
20398,-0.17216029602224167
20399,-0.1279342668254372
20400,-0.1505015081086972
20401,-0.09855212184090262
20402,-0.1738289331295464
20403,-0.04624105297359143
20404,-0.17428556613879168
20405,-0.013026174126551335
20406,0.031620926154735954
20407,-0.06485812198626752
20408,-0.09558535305174039
20409,-0.014842179858924038
20410,-0.1195344757629886
20411,-0.18377971821755865
20412,-0.1831474407408985
20413,-0.01810146047352404
20414,0.004815845426869237
20415,-0.18355250381633484
20416,-0.11119770169113113
20417,-0.10950392404370879
20418,0.03101313061244197
20419,-0.12220764531360412
20420,-0.06773137003443397
20421,-0.018389076361177707
20422,-0.18390948208619207
20423,-0.15176374297866158
20424,-0.18165523103733464
20425,-0.15231024913416819
20426,0.03990027448622291
20427,-0.07545374623721353
20428,-0.17734012475884797
20429,-0.1545292846824351
20430,-0.05473943897773512
20431,-0.10500821026796328
20432,-0.10793798451286103
20433,-0.17261216522017414
20434,-0.07326700243251612
20435,-0.02515740153102358
20436,-0.026932906517226362
20437,-0.16819661228154473
20438,-0.08966702657433998
20439,-0.17015860076306627
20440,-0.16894174161715056
20441,-0.0862592761855721
20442,-0.0862592761855721
20443,-0.022692660082136
20444,0.04002775593882901
20445,-0.164973844135453
20446,-0.11788598726421591
20447,-0.020486484584088662
20448,-0.017372341283536017
20449,-0.12448103928937243
20450,-0.12237214566834223
20451,-0.16932781987531584
20452,-0.11629425826854085
20453,-0.02441472229173948
20454,-0.0851391660734463
20455,-0.16103845969067135
20456,-0.06400352154276903
20457,0.02563198249795332
20458,-0.06221991708053296
20459,-0.07125766639361801
20460,-0.038927242154213754
20461,-0.07321768926859291
20462,-0.03623878236298028
20463,-0.0617963450359797
20464,-0.06220271329239988
20465,-0.12437129634122582
20466,-0.06356864708969193
20467,-0.08062171784390953
20468,-0.06086022718338453
20469,-0.08121734700580523
20470,-0.04393589040482932
20471,-0.022354220201984056
20472,-0.051390870063749386
20473,-0.07033463483058361
20474,-0.09856295956856664
20475,-0.037028976066547016
20476,-0.07235978239276804
20477,-0.05312600109544994
20478,-0.05427219379704562
20479,0.02281323559471499
20480,-0.02588734320219974
20481,-0.025198146667540507
20482,-0.1223740658385256
20483,-0.061236071175299764
20484,-0.06132442314116258
20485,-0.06132442314116258
20486,-0.0897157644109497
20487,-0.019725215972315968
20488,-0.05651444583401245
20489,-0.10059252957150014
20490,-0.1049260709027197
20491,-0.08423169762155391
20492,-0.06839007397057091
20493,-0.12968185393594572
20494,-0.06199639040883306
20495,-0.11817215235347019
20496,-0.12860413979527052
20497,-0.09837934156092369
20498,-0.03266010168677299
20499,-0.05311495601674923
20500,-0.06340940477281012
20501,-0.10725441461729024
20502,-0.062250119759285245
20503,-0.04550046929410749
20504,0.00042520100780940595
20505,-0.06134212334285713
20506,-0.10576761139504047
20507,-0.03255883430632064
20508,-0.08857416498156319
20509,-0.1012140224454299
20510,-0.042215948860586786
20511,-0.07560306551634711
20512,0.006456738231734091
20513,-0.08516139627775658
20514,-0.0937357047123686
20515,-0.019606846411545687
20516,-0.09790792288124042
20517,-0.10150860838743388
20518,-0.02352259709963534
20519,-0.08691743033760187
20520,-0.0904829467020106
20521,-0.0037475695843872613
20522,0.010891735590998075
20523,-0.10732873181028656
20524,-0.049374229225856166
20525,-0.02173948721241313
20526,-0.08933918564121854
20527,-0.08794704077188822
20528,-0.02025594281457341
20529,-0.08025612660534474
20530,-0.027810130003028354
20531,0.0020880103932451816
20532,-0.0801313763623567
20533,-0.0876665702846606
20534,-0.10440161023953906
20535,-0.07972255646397801
20536,-0.04767031415865101
20537,-0.021176827146006837
20538,-0.07804398827546218
20539,-0.08747460511786626
20540,0.018378638492489083
20541,0.0028584226727884038
20542,-0.07264027302552556
20543,-0.12793198125630176
20544,-0.07795136391436046
20545,-0.12454613734344545
20546,-0.020495266154771718
20547,-0.06897598148091211
20548,-0.02701729282537995
20549,-0.022923331395492706
20550,-0.0736216541142255
20551,-0.07244280521922257
20552,-0.06955086932440735
20553,-0.0717782820857316
20554,-0.06766477276430347
20555,-0.020318336983325764
20556,0.009441709855491365
20557,-0.06991413794539289
20558,-0.09589382468905212
20559,-0.0960906912824491
20560,-0.13466060313704517
20561,-0.06942899316505674
20562,-0.13112445635830486
20563,-0.07365145620820272
20564,-0.038703284867975675
20565,-0.09982199235997434
20566,-0.0204296177316755
20567,-0.06377720108200582
20568,0.02479050045081907
20569,-0.1630795899360651
20570,0.001792167567580265
20571,-0.0022973250259062596
20572,0.014676505780830738
20573,-0.06292324175585642
20574,-0.13110306596134816
20575,-0.0750309087398822
20576,-0.05854982668832201
20577,-0.1307260033862247
20578,-0.03163110603561097
20579,-0.06446190610701129
20580,-0.03487866198988076
20581,-0.06583736607054261
20582,-0.02913880098543219
20583,-0.0757649819450577
20584,-0.06600886313273377
20585,-0.07141245060199321
20586,-0.0021896126118148636
20587,0.006555088495713798
20588,-0.06951280185673459
20589,-0.09418810735522633
20590,-0.1272102110496722
20591,-0.07679344522692952
20592,-0.09539449918465216
20593,-0.13384422056033668
20594,-0.021065657696857486
20595,-0.03775518567566239
20596,-0.0675119256573545
20597,-0.0671638538788758
20598,-0.10047286444832505
20599,0.001603086351355676
20600,0.04100978923321577
20601,-0.08889548508882213
20602,-0.003370445576014638
20603,-0.15059879378928073
20604,-0.07657127564019031
20605,-0.07657127564019031
20606,-0.09701210137683217
20607,-0.09587397153251213
20608,-0.1500057601344447
20609,-0.09210567581324865
20610,-0.09210567581324865
20611,-0.09747686850138462
20612,-0.0930593398721016
20613,-0.02368064025665691
20614,-0.08161002571683564
20615,-0.05351926689019051
20616,-0.03447186081639561
20617,-0.09654626086171736
20618,-0.0832591879514405
20619,-0.10099170837421857
20620,-0.08597430976438251
20621,-0.10610329097330587
20622,0.013471735250339312
20623,-0.08491677890865675
20624,-0.089193169473606
20625,-0.10722604454354358
20626,-0.15777655567234072
20627,-0.1079692085137586
20628,-0.15529923494237607
20629,-0.09682847626165339
20630,-0.06332043696673591
20631,-0.09882062768714162
20632,-0.0287037850599559
20633,-0.09396798706699619
20634,-0.09396798706699619
20635,-0.09860941884128133
20636,-0.05262673069811616
20637,0.027300295168734712
20638,-0.10164523249145423
20639,-0.09131082697405196
20640,-0.013722396274753478
20641,0.05760053212500115
20642,-0.014608430143760023
20643,-0.15233789995954408
20644,-0.0897433912341519
20645,-0.1640410442719995
20646,-0.15430171520798713
20647,-0.10772248702655267
20648,-0.09060215163519607
20649,-0.09086414946642363
20650,-0.031160165178324862
20651,-0.08614322081738089
20652,-0.05198806374599263
20653,-0.04656554079956637
20654,-0.09076489098533704
20655,-0.08958612940615654
20656,-0.0885770696525299
20657,-0.08661740746467309
20658,0.00918783745237406
20659,-0.09407530843554744
20660,-0.12397791536823378
20661,-0.09134906604577403
20662,-0.09925382899008159
20663,0.03376432998728822
20664,-0.1543018623162013
20665,-0.16693428157195497
20666,-0.10739613925036857
20667,-0.12255721045040928
20668,-0.12255721045040928
20669,-0.14601242135654333
20670,-0.12086191751671128
20671,-0.03295395542786688
20672,-0.11750470889945834
20673,-0.05164253124993799
20674,-0.10821933309835705
20675,-0.08999735009787832
20676,-0.1209938532323811
20677,-0.1709566087266866
20678,-0.0150951782124572
20679,-0.025151201580673622
20680,0.05426346166472389
20681,-0.10302768892477715
20682,-0.1203943010665304
20683,-0.13247758192400988
20684,-0.13049046615157228
20685,-0.1068888579575701
20686,-0.10745121605580814
20687,-0.021970995576851837
20688,-0.032865936774174376
20689,-0.053040671280675696
20690,-0.10963324107133902
20691,-0.10667956862829413
20692,-0.08371218629541172
20693,-0.10356522875546852
20694,-0.10356522875546852
20695,-0.10356522875546852
20696,0.009946951687479638
20697,-0.10257695389004778
20698,-0.13266152373727885
20699,-0.07846906793363978
20700,-0.13310967804651083
20701,-0.002940281183999457
20702,-0.12562890739673346
20703,-0.021967442876798388
20704,-0.12607479818696696
20705,-0.09852292399641736
20706,-0.13400936987018708
20707,-0.13400936987018708
20708,-0.07778493949751113
20709,-0.05833235805070312
20710,-0.07733852165022971
20711,-0.07784548072064117
20712,-0.1400741776462983
20713,-0.05207851112725618
20714,-0.07982265362344447
20715,-0.1014411084491158
20716,-0.1405381081266015
20717,-0.10052385500998427
20718,0.05003640396592566
20719,-0.013731944181272432
20720,-0.03136336309237881
20721,-0.11720280119134621
20722,-0.09251662609314885
20723,-0.09251662609314885
20724,-0.11444803471561904
20725,-0.11628562365438268
20726,-0.07968200279249694
20727,-0.033652161814879435
20728,-0.07992687751550563
20729,-0.09482769256226187
20730,-0.09465618103247718
20731,-0.09229000550678226
20732,-0.04253570032807977
20733,-0.05999926565389036
20734,-0.09463654359087802
20735,-0.09147209405405295
20736,-0.08641355323605797
20737,-0.013528925173926787
20738,-0.13402807139851342
20739,-0.0917757524591827
20740,0.0022476454250736537
20741,-0.14327543611150903
20742,-0.1218262914965193
20743,-0.09815587395477875
20744,-0.14164519050200047
20745,-0.06893664323045583
20746,0.03459842584355476
20747,-0.07295732659810657
20748,-0.13611905530519736
20749,-0.13611905530519736
20750,-0.17934477158150053
20751,-0.12054833479098641
20752,-0.0753333899283092
20753,-0.03757052055291742
20754,-0.09016409251200622
20755,-0.1289575071998697
20756,-0.025389300954562627
20757,-0.1280073230059309
20758,-0.00890634335567077
20759,0.06297166194378524
20760,-0.11964196823074635
20761,-0.17409178061263142
20762,-0.08858976994367009
20763,-0.10004021431127426
20764,-0.09122060642336056
20765,-0.06143068449064353
20766,-0.09710596667227678
20767,-0.11577801535276429
20768,-0.033477475735215825
20769,-0.1017013388208178
20770,-0.10045473706430857
20771,-0.0609608747478628
20772,-0.029240884785113937
20773,-0.09841281325952017
20774,-0.0661386740823574
20775,-0.0982573741929813
20776,-0.09629573949252343
20777,-0.09629573949252343
20778,-0.09629573949252343
20779,-0.013305249266345838
20780,-0.140999082258275
20781,-0.06817473342663831
20782,0.006106239153633662
20783,0.039327190757184216
20784,-0.07038915636024533
20785,-0.13881816342367595
20786,-0.07090129412023734
20787,-0.09973325349272319
20788,-0.14070767706758017
20789,-0.14070767706758017
20790,-0.10691899037807086
20791,-0.09628057471732938
20792,-0.10790236992092549
20793,-0.14588382472205377
20794,-0.03595382018171937
20795,-0.13005188437089968
20796,-0.0960740908410713
20797,-0.03195567952180951
20798,-0.020802001323816766
20799,0.039584349436047425
20800,-0.07406550587518962
20801,-0.10784148039097823
20802,-0.10325244098429906
20803,-0.037052989073328206
20804,-0.07145391118824328
20805,-0.06827602466812603
20806,-0.03581127736425932
20807,-0.061934152328390606
20808,-0.06384073458324396
20809,-0.06528009906149444
20810,-0.06528009906149444
20811,0.022742688250056275
20812,-0.02174913190317056
20813,-0.19847150465646937
20814,-0.13536721461811296
20815,-0.06251543875864596
20816,-0.011154724188684989
20817,-0.06279779847246514
20818,-0.07464227827333082
20819,-0.09467820252067538
20820,-0.06983319337478033
20821,-0.06983319337478033
20822,-0.13476371031230575
20823,-0.06343781201869529
20824,-0.11146074539374862
20825,-0.09291786573173369
20826,-0.20008345923047768
20827,-0.13049048003441133
20828,-0.13049048003441133
20829,-0.0940845703369348
20830,-0.04122783042120798
20831,-0.11765422631080666
20832,-0.044436279079274416
20833,-0.13610527069790254
20834,-0.12990972741010048
20835,0.03364599592719678
20836,-0.026483453203651516
20837,-0.038349468208145464
20838,-0.043003792970711045
20839,-0.08776526491036218
20840,-0.05530678479809847
20841,-0.061169587513597454
20842,-0.08626156807356909
20843,-0.027610307544568585
20844,-0.0496850135612327
20845,-0.040595891882693524
20846,-0.05347651615165757
20847,-0.05347651615165757
20848,-0.09040918181000653
20849,-0.048793127418920286
20850,-0.057500738392686136
20851,-0.0596303288156165
20852,-0.044513244657019065
20853,-0.0596303288156165
20854,-0.058422026274058785
20855,-0.020955210723934324
20856,-0.12493562291380066
20857,-0.044305772510133894
20858,0.037430996518240105
20859,-0.03024909349474721
20860,-0.045417610358011104
20861,-0.12203456260973096
20862,-0.08073536428779031
20863,-0.12619593193509263
20864,-0.12619593193509263
20865,-0.10833752820990969
20866,-0.08636873962499127
20867,-0.13139448853693392
20868,-0.08812439508970611
20869,-0.07994451290712712
20870,-0.12616227520132609
20871,-0.04852754016656161
20872,-0.07440301499532456
20873,-0.1255145431028248
20874,-0.0492306889397283
20875,-0.0443161259731084
20876,-0.036527798624435885
20877,0.014025684061616066
20878,-0.09592504034315898
20879,-0.0676352305223372
20880,-0.11806181496544739
20881,-0.02950694664309553
20882,-0.10920677481345857
20883,-0.1102962064932111
20884,-0.05778742470554132
20885,-0.08684289729693599
20886,-0.11425413428666989
20887,-0.11425413428666989
20888,-0.11215750936386909
20889,-0.05060864254580193
20890,-0.11373461564177521
20891,-0.2194864867619927
20892,0.03936116844833921
20893,-0.12530423529184304
20894,-0.06239491653120485
20895,-0.04188643434686288
20896,-0.10828709578547882
20897,-0.10828709578547882
20898,-0.12766607485393974
20899,-0.1301059490260973
20900,-0.10868104768368023
20901,-0.10868104768368023
20902,-0.1301059490260973
20903,0.0012594647516477903
20904,-0.21227406233318288
20905,-0.10110620088548278
20906,-0.21080284508993788
20907,-0.061465482890678644
20908,-0.13426916350080298
20909,-0.212025728374133
20910,-0.029106962722517286
20911,-0.05392952209221952
20912,-0.1261483165806173
20913,-0.045520888100053274
20914,-0.07248025788590487
20915,-0.05201725312827734
20916,-0.1460814395288516
20917,0.004635989399799357
20918,-0.11945399857723671
20919,-0.1417055676510304
20920,-0.11442275372503398
20921,-0.15104895090969733
20922,-0.05989381500884074
20923,-0.05802693392008371
20924,-0.1567417046096343
20925,-0.04121147148278913
20926,-0.05582471069425748
20927,-0.0799225969948497
20928,-0.16099122938503907
20929,-0.09075566874004515
20930,-0.1648882665227799
20931,-0.04373363178974857
20932,-0.06439941825270394
20933,-0.16589961663946537
20934,-0.1651918678716028
20935,-0.16297896906973672
20936,-0.16297896906973672
20937,0.010458066580586524
20938,-0.15885107593472667
20939,-0.05279041982379874
20940,0.03212821459170335
20941,-0.16891553830862047
20942,-0.15962122602694892
20943,-0.07008640449622124
20944,-0.06081096853205144
20945,-0.16251245587875696
20946,-0.06054109075853965
20947,-0.16251245587875696
20948,-0.06054109075853965
20949,-0.07847410413276927
20950,-0.15289310697082747
20951,-0.027513353202657322
20952,-0.01586522771675747
20953,-0.1779298067822071
20954,-0.05929381257396516
20955,0.029461558084087278
20956,-0.049830959220894394
20957,-0.1456780664654334
20958,-0.058322477559836945
20959,-0.04821547566542734
20960,-0.1891906998827472
20961,-0.08053398271209486
20962,-0.0315358601888136
20963,-0.11030978185910907
20964,-0.1925122960961371
20965,-0.11988857559163421
20966,-0.09359575073471985
20967,-0.048223756635768326
20968,-0.19518501059438947
20969,-0.03642003183752932
20970,-0.1946932852944282
20971,-0.1946932852944282
20972,-0.19522323710795036
20973,-0.2018523319733718
20974,-0.1509417676100258
20975,0.005939529392324003
20976,-0.05816862223326728
20977,0.023851898218363136
20978,-0.12610088059072702
20979,-0.0676905425905974
20980,-0.18962356648211806
20981,-0.15200471505459795
20982,-0.12416662812261482
20983,-0.07714181893836465
20984,-0.18669396459452858
20985,-0.18669396459452858
20986,-0.0384700808677554
20987,-0.1532072832358874
20988,-0.1555781359147912
20989,-0.054187475595142545
20990,-0.05504780891241739
20991,-0.18571115703385283
20992,-0.032186781463748274
20993,-0.15390751482271509
20994,-0.05705060826112321
20995,0.010250567007579252
20996,-0.06494264996422186
20997,-0.017829895913803
20998,-0.14912198437320098
20999,-0.20702181745434195
21000,-0.06825562823708506
21001,-0.18844245684269098
21002,-0.14995087455023892
21003,-0.19464756840210112
21004,-0.0520531767317697
21005,-0.0761161547012352
21006,-0.19514788264611474
21007,-0.19514788264611474
21008,-0.025671667028227894
21009,-0.19514788264611474
21010,-0.09705882389115089
21011,-0.19308675133888234
21012,-0.1893058111637389
21013,-0.0006524680014313463
21014,-0.1893058111637389
21015,-0.16230256631609
21016,-0.08078110646127748
21017,-0.0643953871099502
21018,-0.1885197754054547
21019,-0.08197540376275034
21020,-0.16490757481205162
21021,-0.18564458192954575
21022,-0.15124002519410304
21023,-0.16573907693136716
21024,-0.15217375199271713
21025,-0.0747454118518031
21026,-0.03833290291268045
21027,-0.0757811105705524
21028,-0.03148636660431257
21029,-0.04420286862291024
21030,-0.10497213720301829
21031,-0.17163940526679086
21032,-0.0388340205513066
21033,0.02296622745919879
21034,-0.037402554185134634
21035,-0.07388140913569546
21036,0.004255303117286432
21037,-0.10551028109542697
21038,-0.1842713125098685
21039,-0.1674213150417191
21040,-0.06266368166360087
21041,-0.08320696271588222
21042,-0.01997481405472995
21043,-0.18079340820774903
21044,-0.16379352704633934
21045,-0.18375915229801648
21046,-0.09699809511173112
21047,-0.11075040376769901
21048,-0.17596305487388972
21049,-0.17670803208672364
21050,-0.151111628234881
21051,-0.0029417816341861516
21052,-0.01743904691269488
21053,-0.17577499785575004
21054,-0.0851331095898067
21055,-0.1854601706967364
21056,-0.17363607030920758
21057,-0.17363607030920758
21058,-0.0840073765173798
21059,-0.16604679157339844
21060,-0.09193984993522593
21061,-0.17596356646970138
21062,-0.18303812118164822
21063,-0.17932189106689017
21064,-0.16259769299444204
21065,-0.024320347342468344
21066,-0.16690931148623564
21067,-0.025736673012758168
21068,-0.08041340604400121
21069,-0.06537281655304848
21070,-0.03158476043408755
21071,-0.16715322444261194
21072,-0.08473002332243301
21073,-0.17319306274170637
21074,-0.2007603272697456
21075,-0.16454938314522063
21076,-0.02972859010067612
21077,-0.10307326698711732
21078,-0.20275360477339668
21079,-0.048608099142587465
21080,-0.07738876286678961
21081,-0.1609988128430452
21082,-0.1609988128430452
21083,-0.03388982943886063
21084,-0.15450123360263462
21085,-0.11370551246839453
21086,-0.08062564975812432
21087,-0.17442789629833075
21088,-0.04951102523570642
21089,-0.15417643499513836
21090,-0.15279304718245432
21091,-0.11688263838241666
21092,-0.07133636605307823
21093,-0.17457706588961763
21094,0.040391109698061894
21095,-0.018004480193644146
21096,-0.23367181460607733
21097,-0.08208884122946203
21098,-0.15393375087728214
21099,-0.18055865287610154
21100,-0.18048508000814806
21101,-0.23547843566508778
21102,-0.23644284725414472
21103,-0.035753784022090486
21104,-0.08427497823460077
21105,-0.09337307453600889
21106,-0.01944262700341512
21107,-0.03511270898861225
21108,-0.0836940768751238
21109,-0.15476970997573708
21110,-0.02985817975540965
21111,-0.12918275347642524
21112,-0.09274312227299988
21113,-0.24403251300732443
21114,-0.15890559311735064
21115,-0.24871993138099663
21116,-0.0850842562151566
21117,-0.16617117603607573
21118,-0.06472379977418269
21119,-0.16246354715687716
21120,-0.1641518152941005
21121,-0.12374461926579775
21122,-0.17298373286747654
21123,-0.1637442810969814
21124,-0.1303600592028639
21125,-0.021299016897923538
21126,-0.16215757672826642
21127,-0.16121012381201535
21128,-0.16347815510712424
21129,-0.15931982869117164
21130,0.042179179169743154
21131,-0.03414830696120917
21132,-0.16865316762923263
21133,-0.16851051330977493
21134,-0.16991251270257096
21135,-0.08275385669347222
21136,-0.2762406989209162
21137,-0.28342664585794025
21138,-0.16301419447955076
21139,-0.03679863709561425
21140,-0.08976699882948375
21141,-0.022394929863207378
21142,-0.1730044286289452
21143,-0.17147814423019872
21144,-0.16852315711975965
21145,-0.15488566918414662
21146,-0.11593359098456184
21147,-0.14180312668007253
21148,-0.010799745578926618
21149,-0.2958167124571922
21150,-0.08785965930995784
21151,-0.29271551667535234
21152,-0.1713345103448498
21153,-0.09160014836121304
21154,-0.14420774722979438
21155,-0.05731614330692362
21156,-0.12411893031647725
21157,-0.019468031088851805
21158,-0.145485498160054
21159,-0.16180884584344424
21160,-0.08835901354579576
21161,-0.16900739751120067
21162,-0.16692909095853292
21163,-0.1457901058035419
21164,-0.023574817154669032
21165,0.025163086061444757
21166,-0.1615238054378336
21167,-0.3030240679989676
21168,-0.13914698568745612
21169,-0.3011921389442142
21170,-0.2989018390458741
21171,-0.08209965150265877
21172,-0.058892615379759976
21173,-0.014484486668170189
21174,-0.16612635587485475
21175,-0.16612635587485475
21176,-0.12209276875880004
21177,-0.002152526085559123
21178,-0.3013926098233933
21179,-0.09609872243120797
21180,-0.30852675378543465
21181,-0.16861304694118798
21182,-0.1702263234370053
21183,-0.12447094250711416
21184,-0.04021334954069403
21185,-0.12637137729962344
21186,0.009519301804093971
21187,-0.1337980675309533
21188,-0.12633757967235093
21189,-0.026971795243781425
21190,-0.1742133107999228
21191,-0.1742133107999228
21192,-0.12059522489393473
21193,0.008883129896632425
21194,-0.11920591907058187
21195,-0.13739552262421004
21196,0.006434826522328014
21197,-0.3042511733846546
21198,-0.1755839489274401
21199,-0.08210716316202345
21200,-0.13097556791590248
21201,-0.294714843131824
21202,-0.034664755119147954
21203,-0.16157778802998074
21204,-0.017289755194586285
21205,-0.16025293306382699
21206,-0.10465005874929321
21207,-0.07575955502533678
21208,-0.06587160328164021
21209,0.04499951983709067
21210,-0.10205302707796948
21211,0.05175288338239609
21212,-0.07848321143884525
21213,-0.1063629367951599
21214,0.012012668294796672
21215,-0.059938133012694676
21216,-0.043693626557515144
21217,-0.10798849734641552
21218,-0.10870437925641674
21219,0.03155273703774386
21220,0.002588671125844819
21221,-0.10328721509004887
21222,-0.015854189696659436
21223,0.04074609492215259
21224,0.03207249426585828
21225,0.047090085347478064
21226,-0.16821950837797917
21227,-0.09813789557623982
21228,-0.09201855687332036
21229,-0.05022754101478709
21230,0.04261737420418624
21231,-0.06708418053782442
21232,-0.0808600616235204
21233,-0.02544379596389609
21234,-0.09069076060729041
21235,-0.09219982612962578
21236,-0.09139309328684828
21237,-0.006747741863353365
21238,-0.0855281212164092
21239,0.07080720197646566
21240,0.03981150728820941
21241,-0.16024157290452515
21242,-0.08582526969453001
21243,-0.08582526969453001
21244,-0.026849824195393557
21245,-0.03723093976348275
21246,0.013857035989959677
21247,-0.06995987684307518
21248,-0.05803542808738866
21249,-0.07019725310258448
21250,0.022387419340170894
21251,-0.17304864347504964
21252,-0.055957402712164615
21253,-0.02439395044971324
21254,-0.05001367039452598
21255,0.03394995808476528
21256,-0.07714036578740674
21257,0.02216803184228185
21258,0.03189503343083928
21259,-0.20496669335396656
21260,-0.05461357806780586
21261,-0.017410130574696397
21262,0.02032240827094966
21263,0.023887693410459918
21264,-0.08066846242020276
21265,-0.02901425418446963
21266,0.02144902857104574
21267,0.022103242614817775
21268,-0.21734839212125273
21269,-0.008450049297543772
21270,0.00752120567224503
21271,0.02671655453316965
21272,-0.07843577397735514
21273,-0.09387268692317452
21274,-0.08062013807454846
21275,0.02073649454205113
21276,-0.05211526946187834
21277,-0.030028694170445257
21278,0.022555949616823546
21279,0.014318681904384706
21280,0.013638660400413059
21281,0.03411315135134366
21282,-0.22949493090373554
21283,-0.03261751669051632
21284,-0.013000469206237967
21285,0.05836060913976904
21286,0.030560967613803048
21287,-0.09821460328052044
21288,-0.0907690553082689
21289,-0.2324894988415065
21290,-0.033451743674522395
21291,-0.03919853396428021
21292,-0.032728999368701044
21293,-0.060430964961142294
21294,-0.014242827305220878
21295,-0.00605788813098496
21296,-0.013262987962014281
21297,-0.02851485936617073
21298,-0.06784721711242873
21299,-0.02635623392177032
21300,0.0514327994772101
21301,-0.00025325353733612514
21302,-0.04075756391169694
21303,-0.22697057478153404
21304,-0.04330102603319535
21305,0.02907264117450044
21306,-0.09587193544358982
21307,0.034864970955824255
21308,-0.04060239206166804
21309,0.03921166760524167
21310,-0.04215448493980424
21311,-0.09669228777980159
21312,-0.08904354667283337
21313,-0.03565398390500536
21314,-0.2331838688210962
21315,-0.052645758347278936
21316,-0.05324121696459935
21317,-0.03644496428557804
21318,-0.05602781366176993
21319,-0.035378966376403566
21320,-0.06414544002113429
21321,-0.02290126995689096
21322,0.00871385399771607
21323,-0.050120582844465786
21324,-0.044400601805734005
21325,-0.03600253927975606
21326,-0.0499352190419408
21327,0.05576414889590112
21328,0.05125372303182842
21329,-0.037900544865762824
21330,-0.037900544865762824
21331,-0.04399586392820652
21332,-0.24486325158022748
21333,-0.04249480173081308
21334,-0.04453656608380797
21335,-0.07841760915053239
21336,-0.11718979406544469
21337,-0.044173505835857094
21338,-0.036276988461657694
21339,0.06049526888670581
21340,0.006850361678046144
21341,-0.09666382190403842
21342,0.025005650759733968
21343,-0.052363995476639766
21344,0.028607115616839016
21345,-0.08475880047806766
21346,-0.09860066539626305
21347,-0.24154626364469173
21348,-0.042697066640392654
21349,-0.0434563469362834
21350,-0.04126730310335063
21351,-0.08011578066195346
21352,-0.04101740226874534
21353,-0.04101740226874534
21354,-0.045902623744121275
21355,-0.04181001076832536
21356,-0.040825757666633905
21357,-0.042031853191412914
21358,-0.01799804279292348
21359,0.02042429506975313
21360,-0.05473594667030986
21361,-0.010959001522703434
21362,0.017805283140222516
21363,-0.06182776910142653
21364,-0.012094348671439801
21365,-0.04258587155001732
21366,-0.06431164572028715
21367,-0.11148509469857976
21368,-0.24505057719594453
21369,-0.04684624632365629
21370,-0.026122477273212243
21371,-0.06834083622616868
21372,-0.11551476467384841
21373,0.06800224364902788
21374,-0.10130453874214929
21375,-0.020457789704619016
21376,-0.054224208871098786
21377,-0.06913357558304728
21378,0.005935257727522796
21379,0.004177309068311507
21380,-0.06471427230479887
21381,-0.07559744412605739
21382,-0.06402400212437508
21383,-0.11326963470817616
21384,-0.022196183068050254
21385,-0.06402400212437508
21386,-0.247191932015328
21387,-0.05974594378957763
21388,-0.0240980699196401
21389,-0.024775593690899395
21390,-0.07043335257033981
21391,-0.0663311630397233
21392,-0.08101216503120452
21393,-0.013591717003890193
21394,-0.011882417122688458
21395,0.01900816374110454
21396,-0.08172616241871129
21397,-0.009595900684620608
21398,-0.0824360476936442
21399,0.0030708515704856473
21400,0.01055101139347091
21401,-0.07683380034894
21402,-0.024192248447585833
21403,-0.023158454580707963
21404,0.007018163939033437
21405,-0.11444939480907006
21406,-0.08331532703079905
21407,-0.2438471843102636
21408,-0.0009537770682960403
21409,-0.07573804658185088
21410,-0.07573804658185088
21411,-0.1014235552295784
21412,-0.07601053622276996
21413,-0.10879334013408358
21414,-0.010822338838502008
21415,0.08943652050493515
21416,-0.09855990701808802
21417,-0.012542916799393894
21418,0.012337677092226234
21419,0.008643268174169697
21420,-0.10381935988662534
21421,-0.048019733096012776
21422,-0.10927464220339862
21423,-0.0823340680913592
21424,-0.026877682342630976
21425,-0.23892960181184195
21426,-0.027596732362759904
21427,-0.0621994172649991
21428,-0.03030769855410416
21429,-0.0437842253497326
21430,-0.026480272530607866
21431,-0.10210960550547965
21432,-0.08516728427648462
21433,-0.024898379749442468
21434,-0.013902608147056381
21435,-0.014592074417859906
21436,-0.09075087520142144
21437,-0.002693642833671231
21438,-0.08867708226715379
21439,-0.09401842944724986
21440,-0.09401842944724986
21441,-0.09401842944724986
21442,-0.0112163093780566
21443,-0.08643141106441544
21444,0.04354442761322687
21445,-0.08263123677798724
21446,-0.042633014117736276
21447,-0.047483880928110504
21448,-0.11981853552427517
21449,-0.23652226197671117
21450,-0.09249240422403009
21451,-0.05218055128646246
21452,-0.03487968745222126
21453,-0.09582940381439774
21454,-0.10073981686651058
21455,0.059227933341808925
21456,-0.08564796234183612
21457,-0.017767024243984506
21458,-0.08931384137132668
21459,-0.042297982486376055
21460,-0.09157990733175278
21461,-0.09474729462455037
21462,-0.06663918833959966
21463,-0.09030562253662514
21464,-0.09719960479572362
21465,-0.10656356754159416
21466,-0.07606223374631317
21467,-0.2312033723051402
21468,-0.02160381205519404
21469,-0.020090768437067127
21470,-0.01802919099039338
21471,-0.014933327687548266
21472,-0.09467645748172734
21473,-0.09385313518768919
21474,-0.09530131237687743
21475,-0.09579371785242875
21476,-0.025231336491259065
21477,-0.12332446076953985
21478,-0.05831481684169559
21479,-0.08934218018624736
21480,-0.09978994160889268
21481,0.04238452022650341
21482,-0.010886720426452121
21483,-0.08087552257670415
21484,-0.004164126530715634
21485,-0.10174383558915741
21486,-0.09077184852517314
21487,-0.09077184852517314
21488,-0.003750818824533439
21489,-0.06898438178750857
21490,-0.028414616378426853
21491,-0.07449972659444444
21492,-0.07449972659444444
21493,-0.11430328739836917
21494,-0.22184860763467149
21495,-0.08957566425234675
21496,-0.024719695943805246
21497,-0.04608196700032509
21498,-0.10235572598263577
21499,-0.01583927899995173
21500,-0.0971435880450975
21501,-0.08661634424797213
21502,0.05234775561042013
21503,-0.1230853134679779
21504,-0.015488624638292526
21505,0.011276345909848001
21506,-0.08935819047048307
21507,0.009627197258368286
21508,-0.021074367966520718
21509,-0.08372648052334113
21510,-0.11107241040786663
21511,-0.005709424878427823
21512,-0.005709424878427823
21513,-0.0779312663190055
21514,-0.2198286539604418
21515,-0.005270399092542735
21516,-0.005011075719641833
21517,-0.0016992919986566644
21518,-0.06279692746052241
21519,-0.07641714700798728
21520,-0.09385678439951678
21521,-0.03478466017924253
21522,-0.07921820524339226
21523,0.01560251524630128
21524,-0.0979822323955249
21525,-0.0979822323955249
21526,-0.01961130913430064
21527,-0.08215064959161796
21528,-0.09645427191360458
21529,-0.09645427191360458
21530,0.013749345291122641
21531,-0.02484979707525988
21532,-0.0863188417857526
21533,-0.04313864318346971
21534,0.03408007029846681
21535,-0.1099241555360183
21536,-0.04261561552635021
21537,-0.21745162485243472
21538,-0.103409846787339
21539,-0.028400727334191883
21540,-0.08774647750514486
21541,-0.10523903699130034
21542,0.06592880211178459
21543,-0.1187720429712407
21544,-0.032363959777191344
21545,0.01441643941511219
21546,0.019076550748804204
21547,-0.08664168457060577
21548,-0.019061327569571206
21549,-0.01637071841894808
21550,-0.10750296105942121
21551,-0.21568197238829945
21552,-0.018592832891634842
21553,-0.06789971687100185
21554,-0.09162730272915766
21555,-0.10883198278869723
21556,-0.08338478165031513
21557,-0.1301155668077686
21558,-0.023315802127414593
21559,-0.09866279823837956
21560,-0.08589342226371914
21561,-0.10022073652354488
21562,0.026357760771228447
21563,-0.09924832097065399
21564,0.0261693347252223
21565,-0.023129454168988015
21566,-0.0982037938476903
21567,-0.0982037938476903
21568,-0.024423006238501504
21569,-0.024423006238501504
21570,-0.10872859272448218
21571,-0.10752812077724785
21572,0.026804129304429183
21573,-0.0488817329859137
21574,-0.05427555091776894
21575,-0.080331988890816
21576,-0.10409999741839852
21577,-0.10154235558815192
21578,-0.21356946267470972
21579,-0.018453837106844714
21580,-0.1039191092494578
21581,-0.08658981339266147
21582,-0.09782576010624258
21583,-0.06841698470127246
21584,0.018534547343777838
21585,-0.022059412032487236
21586,-0.022059412032487236
21587,0.025193540702742722
21588,-0.023171474476449103
21589,-0.12164271163897901
21590,0.03258549881410521
21591,-0.06944054009958069
21592,-0.014787297815083884
21593,-0.10282248776698101
21594,-0.20296736858223585
21595,-0.07426103847476521
21596,-0.011008133657579858
21597,-0.12191607487114899
21598,-0.09699245089665733
21599,-0.009275840587417277
21600,-0.009943444422135019
21601,-0.12655231615545745
21602,-0.0734941924314265
21603,-0.06496545251693055
21604,-0.12965790145340725
21605,0.020449710528863945
21606,-0.11332850070413612
21607,0.03438811007723205
21608,-0.015345421909664387
21609,0.0478090760848768
21610,-0.07004968750341997
21611,-0.028061845656711045
21612,-0.13448930970894915
21613,-0.09405695550532953
21614,-0.18816861962620865
21615,-0.1254869280138459
21616,-0.1254869280138459
21617,-0.12455640784120837
21618,0.0027984571973824557
21619,0.0027984571973824557
21620,-0.12455640784120837
21621,0.012913908523442296
21622,-0.08925206409347256
21623,-0.07275758900412484
21624,0.009730224708075181
21625,-0.0919376983299802
21626,0.006355721210076704
21627,-0.12138861968705983
21628,-0.1282861909089162
21629,-0.13548167916416406
21630,0.031580601659924844
21631,-0.1351546791106024
21632,-0.00018490989828647613
21633,-0.00018490989828647613
21634,0.03162319032071033
21635,-0.0818728031542405
21636,-0.022459542469805412
21637,-0.10007813299386026
21638,-0.08511440825664715
21639,-0.1956419674716254
21640,-0.0001242541299080575
21641,-0.05880610072874046
21642,-0.1310982260281628
21643,-0.04153307553733449
21644,-0.13810170309931172
21645,0.0050975148557238425
21646,-0.0680182941487524
21647,-0.09719352412671632
21648,-0.13878534071976995
21649,0.011307045007794283
21650,0.011307045007794283
21651,0.04501376617768053
21652,-0.13679602224843287
21653,-0.1378255086134904
21654,-0.13832165378794573
21655,0.06507716992213572
21656,-0.13614136972779528
21657,-0.1328970807017139
21658,0.021277036696034743
21659,-0.1328970807017139
21660,-0.09626301452551318
21661,-0.10604020806020632
21662,-0.13764403816394655
21663,-0.17424673614182026
21664,0.056433310833713765
21665,0.03367809313009302
21666,-0.11921017827859308
21667,-0.06181057174404177
21668,-0.02538551708917811
21669,-0.11969661495056402
21670,-0.08532016192716016
21671,0.04330134978285146
21672,0.0173343645219643
21673,-0.07541503936461628
21674,0.0512593627559327
21675,0.04190681931248699
21676,0.05961948267607077
21677,-0.14297380358316528
21678,0.03854845647688201
21679,-0.044320568606291466
21680,-0.09731976890256086
21681,-0.06770546819355466
21682,-0.18298218467225902
21683,-0.14610669063263232
21684,-0.045123400627124916
21685,0.05626099623757486
21686,0.054753061971599994
21687,-0.13500073716436983
21688,-0.06291321660557327
21689,-0.049287400331024134
21690,0.05106946667990518
21691,0.05106946667990518
21692,0.03976835064701225
21693,-0.13971941473909683
21694,-0.13971941473909683
21695,-0.10416784818588627
21696,0.05038981975031708
21697,0.047460013798826695
21698,-0.1387630525791829
21699,-0.11021638140020941
21700,0.04674036467228816
21701,0.05050082666430178
21702,-0.1166767809519284
21703,-0.1166767809519284
21704,-0.10057525354136473
21705,-0.031348425183575786
21706,-0.09072683987786848
21707,-0.17907340379702247
21708,-0.12527446787863972
21709,0.052362159154849416
21710,-0.059751930172913865
21711,-0.14852843656257844
21712,-0.1400342860432205
21713,0.003942006744213838
21714,-0.0677502465141535
21715,-0.15095430328623485
21716,-0.09281996045971712
21717,0.05486527836477527
21718,0.058961953656354094
21719,0.019541013687293607
21720,-0.08303966931519795
21721,0.011015608779405757
21722,-0.07856927627088287
21723,-0.04123687872183093
21724,-0.09582126315215193
21725,-0.06258457365371767
21726,-0.17570759202511432
21727,0.06492978387493481
21728,-0.07066040733001627
21729,0.06217847248703689
21730,-0.13539266259836896
21731,-0.03501456903880007
21732,0.022863808189029257
21733,-0.15067129099876025
21734,-0.1494432690890776
21735,-0.16069558725388366
21736,0.0011834543048384863
21737,0.04588312725482333
21738,-0.0013327862948818805
21739,0.050710233762605965
21740,-0.09225152513357596
21741,0.050710233762605965
21742,-0.16663913185686346
21743,-0.038041341581966266
21744,-0.14018499344324659
21745,-0.16203339373304193
21746,0.05432143185672569
21747,-0.10014967766578921
21748,-0.17939756681168412
21749,-0.17002648611973237
21750,-0.1532279976593453
21751,-0.05617669050750943
21752,-0.1827910971296577
21753,0.01073281794274363
21754,-0.12278106483230462
21755,0.034555909033405656
21756,0.0318588461574207
21757,0.03481748680711668
21758,-0.010003087911179001
21759,-0.14781635238132945
21760,-0.011704967975009764
21761,-0.14853761056769288
21762,-0.06886974540170127
21763,-0.038321069493832925
21764,-0.0013881495843540077
21765,0.03689509247042816
21766,-0.08915559756020132
21767,0.03689509247042816
21768,-0.06779506435949167
21769,-0.17111052860572892
21770,-0.14682334213686632
21771,0.04184548428348328
21772,-0.14461763257179228
21773,-0.06333931873078351
21774,-0.19469634063222083
21775,-0.003530761282012179
21776,-0.14970663002969653
21777,-0.034519845311288266
21778,-0.1884865858532077
21779,-0.03676134601206682
21780,0.03953985268887508
21781,-0.10574488758450305
21782,-0.021991774634280717
21783,0.03597429977260389
21784,-0.1964730379520248
21785,-0.0834245756203285
21786,-0.046758907324873304
21787,-0.14585354729505218
21788,-0.2014414206812338
21789,-0.17034960425033313
21790,0.025369850513602674
21791,-0.07054879245849643
21792,0.0031936087992441684
21793,-0.09237427308773817
21794,-0.0485571377658761
21795,-0.1762951026861819
21796,0.016072340361866635
21797,-0.037133801942005454
21798,0.010374873210469182
21799,0.010374873210469182
21800,-0.05216235356485398
21801,-0.20768422487681124
21802,-0.14193082616961278
21803,-0.041680278801104004
21804,-0.14253266345504684
21805,-0.05071356291713913
21806,-0.16497245334840524
21807,-0.06987286357118491
21808,-0.06563909795928602
21809,-0.15973541642298456
21810,-0.16070726359156737
21811,0.032499744092558465
21812,0.03605084369024156
21813,0.03605084369024156
21814,-0.1392053039926368
21815,-0.06418934325557993
21816,-0.13807990301689738
21817,-0.16380985864177602
21818,0.02414946834207003
21819,-0.13420522038835578
21820,-0.20899178735284907
21821,0.00502232185324896
21822,-0.044618049038207305
21823,-0.1353710786637714
21824,0.014384260466009841
21825,-0.20986654568030733
21826,0.006819265446133205
21827,-0.045026138314758504
21828,-0.04203242131614712
21829,-0.10584389697632994
21830,-0.01217552565249598
21831,-0.21546907141544888
21832,-0.06535990618901065
21833,-0.155539946836634
21834,-0.21688876100790502
21835,0.0007944883890013658
21836,-0.06780140909311148
21837,-0.1377718422479132
21838,-0.22133089825733915
21839,0.004137790595752851
21840,-0.03235203765525704
21841,0.021952340096619075
21842,-0.005326361084580452
21843,-0.003944051825639131
21844,-0.05585715010548225
21845,-0.05674859258524214
21846,-0.145947178293405
21847,-0.06130331639264454
21848,-0.05999347099560547
21849,-0.16035414683853416
21850,-0.04965692174619508
21851,-0.1402740265454148
21852,0.005795788254937458
21853,0.004550084975441484
21854,-0.17494097744925577
21855,0.003320462404849448
21856,0.003320462404849448
21857,-0.06838184770890074
21858,-0.05535352460589486
21859,0.01303397405086659
21860,-0.0007943279613992491
21861,-0.13616552624857894
21862,-0.21255000057328652
21863,-0.13641222797948468
21864,-0.21091718570512102
21865,-0.0712503506850906
21866,-0.21091718570512102
21867,-0.000897113284145921
21868,-0.07370901872008796
21869,-0.07892150015417196
21870,-0.09871456086372854
21871,-0.008813327915919574
21872,-0.06138461676105568
21873,-0.20635443743767098
21874,-0.1525256597270688
21875,0.0013608255309433084
21876,0.0013608255309433084
21877,-0.07117761787987213
21878,-0.019502590040159928
21879,0.00545997531278194
21880,-0.14918366115512005
21881,-0.010621413095322064
21882,-0.09353196407897355
21883,-0.09565102599270205
21884,-0.18385272915569698
21885,-0.014084709209863343
21886,-0.08000777071700634
21887,-0.15583098823112343
21888,-0.009336864825529251
21889,-0.047354119281727225
21890,-0.18571539310255358
21891,-0.058662841441072804
21892,-0.04458827152216404
21893,-0.21124669906564253
21894,-0.005312124679441094
21895,-0.1487984637231073
21896,-0.005351976432890655
21897,-0.06494151491948692
21898,-0.15031044982460764
21899,-0.056248897769703175
21900,-0.19439931238559965
21901,-0.005298518543711101
21902,0.03213786180251971
21903,-0.20872640410912405
21904,-0.14934549006829007
21905,-0.14868633913890292
21906,-0.004856592369342767
21907,-0.10347373179642456
21908,-0.20801467844000643
21909,-0.10362954523851842
21910,-0.19117064971090617
21911,0.014369624920737989
21912,-0.03332247576590879
21913,-0.15071757838836272
21914,-0.19758868861039164
21915,-0.002841127737242641
21916,0.001790796401647727
21917,-0.07551215005702946
21918,-0.18686446934871506
21919,0.0052775597184990175
21920,-0.011181884982318927
21921,-0.026955477996081067
21922,-0.0972675598456295
21923,-0.08419846541342103
21924,-0.08566917741274424
21925,-0.16912891099022526
21926,-0.04448439105528974
21927,-0.04810637926979057
21928,-0.17915817332850814
21929,-0.13600519068242192
21930,-0.04997637258023131
21931,-0.18839072947111898
21932,-0.009398982623705702
21933,-0.009519280566874176
21934,-0.1736046873493715
21935,-0.009653974211426265
21936,-0.09262973435387108
21937,-0.010062333352754868
21938,0.0643985110202631
21939,-0.05302162893880405
21940,-0.17677188161020685
21941,-0.08895624884735956
21942,-0.09280903887287434
21943,-0.1735375728450239
21944,-0.01507372343726876
21945,-0.09005200120670781
21946,-0.007014059296969414
21947,-0.04657368506828322
21948,-0.13958280681306479
21949,-0.1670097984252923
21950,-0.01032971891448476
21951,-0.01032971891448476
21952,0.022027434485937976
21953,-0.05800192285330915
21954,-0.00830384147514341
21955,-0.08690523743866818
21956,-0.0008712740120415273
21957,-0.08601463644219133
21958,-0.18477650515229274
21959,-0.05328652327466108
21960,-0.18289434584447856
21961,-0.19559533659331385
21962,-0.03866503091100359
21963,-0.05651790343707902
21964,-0.0449888546028106
21965,-0.14430020489032316
21966,-0.20397213756076849
21967,-0.0075456614850287805
21968,-0.008246467255549674
21969,-0.09277209060922896
21970,-0.07350753829074382
21971,-0.052668912812893584
21972,0.04194820280462313
21973,-0.13563389547309082
21974,-0.1772530695518339
21975,-0.20507978894290577
21976,-0.014101954757117164
21977,-0.07822374289367914
21978,-0.07963545139320781
21979,-0.014521019212028207
21980,0.011247061164775488
21981,-0.12536036520871557
21982,-0.12286580633526167
21983,-0.13379219954213797
21984,-0.023851944514290437
21985,-0.023228356761485727
21986,-0.12119111617838307
21987,-0.1250624547348208
21988,-0.12424583122078349
21989,-0.014722606404699036
21990,-0.15910251150174554
21991,-0.1618201520641633
21992,0.04881411073004308
21993,0.0030080868156767224
21994,-0.07063260249965254
21995,-0.10098110355013631
21996,-0.07344827672253171
21997,-0.12051574213049067
21998,-0.12051574213049067
21999,-0.11209147568909654
22000,-0.07673348504451273
22001,-0.03878717038040207
22002,-0.024630990422290604
22003,-0.12534924036547956
22004,-0.15518493288605265
22005,-0.12598446441960015
22006,-0.15346576740537995
22007,-0.024137241728612816
22008,-0.12130608710862036
22009,-0.12078686603622174
22010,-0.05366887922326478
22011,-0.08103714781109972
22012,-0.1373947217600309
22013,-0.14297530046587156
22014,0.061244072532618925
22015,-0.1254059164574323
22016,-0.14061828293723802
22017,-0.07369604868696589
22018,-0.12654087859980387
22019,-0.12637603990246551
22020,-0.1165069600154526
22021,-0.027077466695133827
22022,-0.1259866387236272
22023,-0.14897605208999298
22024,-0.037673445666593613
22025,-0.04656665129409004
22026,-0.12208151167928614
22027,-0.1223071613915183
22028,-0.06979225272239355
22029,-0.010029749685896476
22030,-0.1412914511108436
22031,0.0829282889942809
22032,-0.01584308090657611
22033,-0.13149586096308058
22034,-0.09394024470416687
22035,-0.09997267092679138
22036,-0.13597606690922867
22037,-0.1258534662935376
22038,-0.06757942767531228
22039,-0.0024928800114548517
22040,-0.13331879465449983
22041,-0.1297085911504731
22042,0.06379561395056818
22043,-0.01729228047865226
22044,-0.12018026559511359
22045,-0.14070134134559142
22046,-0.07097567051677846
22047,0.03292764297457209
22048,-0.014471205531006547
22049,-0.0817172652832637
22050,-0.010197765832215605
22051,-0.14187685105304396
22052,0.08830494598888226
22053,-0.13575355933678676
22054,-0.15516674509960637
22055,-0.12291276421024486
22056,-0.07584575573341007
22057,0.003532117283855879
22058,-0.018124208042567137
22059,-0.11881600554331832
22060,0.010489093248039028
22061,-0.1415976668789081
22062,0.057868997773780864
22063,-0.010806499244672947
22064,-0.09997513035485434
22065,-0.135947421094712
22066,-0.004619585794280921
22067,-0.1311987831075338
22068,-0.0033983781454124404
22069,-0.0032860083488473564
22070,-0.1086536302289955
22071,-0.09417601818295188
22072,-0.13372367325895043
22073,-0.1297144665284744
22074,0.007429170141825647
22075,-0.11771923050468773
22076,0.0573575368849342
22077,-0.010010468565922132
22078,-0.09598373603056813
22079,-0.1258660716322816
22080,-0.00981166103987334
22081,-0.11583629639565474
22082,-0.13229522069345528
22083,-0.01501397773658077
22084,-0.07301509307273989
22085,-0.11736466607199574
22086,-0.13435313479500366
22087,-0.014189462104308404
22088,-0.014189462104308404
22089,-0.10978074553459233
22090,-0.05658985443797526
22091,-0.11063993577820912
22092,-0.1191729783360476
22093,-0.12204319423657012
22094,0.006832045231342856
22095,-0.07170485699832718
22096,-0.11461985965177508
22097,-0.10485533081894925
22098,-0.012972147752275176
22099,-0.10082941726901544
22100,-0.08402118815380943
22101,0.04915866764397017
22102,-0.08993204120450154
22103,-0.12074389856841711
22104,-0.012876413603331584
22105,-0.09861601299438223
22106,-0.09861601299438223
22107,-0.10106233978535523
22108,-0.08169194004709518
22109,-0.054291376934087726
22110,-0.00959697121433889
22111,-0.12839700033989931
22112,-0.00959697121433889
22113,-0.09468904860531474
22114,-0.0930522137619613
22115,-0.08982710811855162
22116,-0.008077591849786812
22117,-0.12497565517502449
22118,-0.12497565517502449
22119,-0.1244007427301743
22120,-0.08763707101580084
22121,-0.08276457665851901
22122,-0.06925873211739082
22123,-0.13361471791383545
22124,-0.08503579723354589
22125,-0.0844486366615404
22126,-0.08074387463796788
22127,-0.1227218062014007
22128,0.002730727826209474
22129,-0.12393563932320974
22130,-0.07638605913183494
22131,-0.0903432306066934
22132,-0.07965109001105644
22133,-0.0034136638443862657
22134,-0.08786786230785261
22135,0.020439626288401982
22136,-0.13841030595576478
22137,-0.09499253155835874
22138,-0.08358061456905941
22139,0.0046185635856229946
22140,0.025013934152484534
22141,-0.07277063015990821
22142,-0.07277063015990821
22143,0.011840814544347643
22144,-0.07790399528917633
22145,-0.07249314702496487
22146,-0.11916038259450347
22147,-0.07184567037585962
22148,-0.11963203470332073
22149,-0.057885523131322
22150,0.012345549523151105
22151,0.011287793309274877
22152,-0.07157407809495887
22153,-0.11983097758415143
22154,-0.11983097758415143
22155,-0.06845941837104957
22156,-0.08013994648054693
22157,-0.07167852977532828
22158,-0.13810561332642454
22159,-0.12029732562144525
22160,0.01412211792458768
22161,-0.0617623891482948
22162,-0.07176317221100223
22163,-0.11785815127648644
22164,-0.08366433615258584
22165,0.017111279555509305
22166,-0.0564100290500391
22167,-0.05974874636385589
22168,-0.07719656448549578
22169,-0.05800154719600674
22170,0.03173920894365019
22171,-0.07166920179536662
22172,-0.0076305034780788945
22173,0.025531867473544512
22174,0.03434915908465118
22175,-0.061290248830339865
22176,-0.14061789643985184
22177,-0.08824617746773321
22178,-0.06493343671916947
22179,-0.06123800693930369
22180,0.03564001050542237
22181,-0.061273947053541895
22182,-0.09087393736240923
22183,-0.05760939888958659
22184,-0.13820777447188645
22185,0.035880212922135155
22186,0.035880212922135155
22187,-0.07042856930062431
22188,-0.06394075209681749
22189,-0.13163347509305015
22190,-0.13163347509305015
22191,-0.05819505334682805
22192,-0.06401330039291812
22193,-0.1313755554974922
22194,-0.059109428886220894
22195,-0.09827669642660812
22196,-0.08892625762103194
22197,-0.13589191674298903
22198,-0.13646121975032924
22199,-0.05267474236164883
22200,-0.07372074285744622
22201,-0.11908101355642917
22202,-0.13729303552596994
22203,-0.08228217573371997
22204,-0.05511729316467131
22205,0.014343112282265109
22206,-0.06941215125629539
22207,-0.06754422218206348
22208,-0.05880339380893529
22209,-0.05408342668954946
22210,0.00648015494473082
22211,-0.05967046397088136
22212,0.0376864531444689
22213,-0.06094417803209423
22214,-0.14940287748852052
22215,-0.05165883653585749
22216,-0.061277990804060635
22217,-0.08949231883681508
22218,0.020707228312859028
22219,0.039261260834706
22220,-0.06177693129471459
22221,-0.06195356958515004
22222,0.035616279614966655
22223,-0.09730130776272936
22224,-0.14992825771627982
22225,-0.057546414640432114
22226,-0.05552527040763172
22227,-0.06287891464160099
22228,-0.0812505347083457
22229,-0.15227352143050352
22230,0.040377649908500415
22231,-0.1545971569938983
22232,-0.1545971569938983
22233,-0.0019527290703230697
22234,-0.05882389857280758
22235,0.04031285955792336
22236,-0.10617577990494202
22237,-0.09478697233193392
22238,-0.1461895017135803
22239,-0.14988000678860497
22240,-0.05917942932058014
22241,-0.04243364876712361
22242,-0.1154312509215719
22243,0.06362079688537028
22244,-0.048819243746318276
22245,-0.0945248278378003
22246,-0.13954706164821623
22247,0.0171078002687449
22248,-0.05583580296028545
22249,-0.047406935667310364
22250,-0.05424877714515293
22251,-0.05826647503378653
22252,-0.046283296716995145
22253,-0.10511279523768709
22254,0.0652365333239034
22255,0.049549640061863624
22256,0.06548992972557624
22257,-0.05353498225607554
22258,-0.15594214787978403
22259,-0.08408893547888685
22260,-0.047909604786909935
22261,-0.05846319076544707
22262,-0.05104959410954568
22263,-0.10040675793762122
22264,-0.044806171888980686
22265,-0.044806171888980686
22266,0.061756911500016845
22267,-0.045595623940834426
22268,-0.06098864637335503
22269,-0.14522658433372448
22270,-0.045327705528644846
22271,4.901759228332346e-05
22272,-0.07907246803582604
22273,-0.04414372177596584
22274,-0.14768066887776132
22275,0.05783115262776924
22276,0.07008186995907419
22277,-0.041909782430462665
22278,-0.1356670403604647
22279,-0.1356670403604647
22280,-0.10736216023919101
22281,-0.15494853314845142
22282,0.04922040520443723
22283,-0.04851426232170333
22284,-0.13102567077412544
22285,-0.035041361087499286
22286,-0.0353018044066258
22287,-0.13217686875649298
22288,-0.10192513633141814
22289,0.02085419522357908
22290,-0.12447101642524747
22291,-0.0639270012487424
22292,-0.03354687160654818
22293,-0.12694835452491401
22294,-0.037131282010386533
22295,0.05477291254351631
22296,-0.0507482727144512
22297,-0.04591184492615777
22298,-0.07276573977908882
22299,-0.034482767538948765
22300,-0.034482767538948765
22301,-0.1604696461535013
22302,-0.03888726339966271
22303,-0.061883174517699195
22304,-0.04180498110858414
22305,-0.0941494132672636
22306,0.0515330979872952
22307,-0.0005579104014439368
22308,-0.09924799074646318
22309,-0.03448563737819806
22310,-0.0624853442798264
22311,0.05061474335713717
22312,0.05244321394752571
22313,-0.11233399048257671
22314,-0.062225851176473126
22315,-0.03539158153994111
22316,-0.11113580469471367
22317,-0.07819395533166626
22318,0.053205250701754844
22319,-0.06421359723847961
22320,-0.10560488501378637
22321,-0.10560488501378637
22322,-0.13360589633189365
22323,-0.09626459720748583
22324,0.055310211780285556
22325,-0.10501202712825797
22326,-0.17352453106199525
22327,-0.023948882302774987
22328,-0.06386574109114317
22329,-0.12299159394767312
22330,-0.10622305963965066
22331,0.005218191883495235
22332,-0.057876573265078626
22333,-0.021715659370011964
22334,-0.06283979710378303
22335,-0.021201285298893698
22336,-0.06789521298922273
22337,0.005445865591418053
22338,-0.09619888653946192
22339,-0.1696720658296385
22340,-0.018114962216222698
22341,0.0700882055350948
22342,-0.06644016462377099
22343,-0.099964414424544
22344,-0.016775194513499153
22345,-0.016775194513499153
22346,-0.10701116009439468
22347,-0.0162717544300731
22348,-0.0162717544300731
22349,-0.06761235873312436
22350,0.028268235882413725
22351,-0.05746988089827395
22352,-0.0681846756514514
22353,0.06751733208426822
22354,-0.0848858741722111
22355,0.06670529572019553
22356,-0.017473076125106943
22357,-0.06373032404138727
22358,-0.06365782750773508
22359,-0.06365782750773508
22360,0.061265812348818116
22361,-0.056983648827435986
22362,-0.1032275874332241
22363,-0.15310254805420698
22364,0.03328434118076329
22365,-0.16394650265398247
22366,-0.07678046616522799
22367,-0.05090886432906792
22368,-0.02427268747281877
22369,-0.12891619347907515
22370,-0.09455086409731046
22371,-0.099571181466425
22372,-0.012161032261600035
22373,-0.027790559846418324
22374,-0.022423783422449012
22375,-0.05198561960164936
22376,-0.020073982724190698
22377,-0.020580858450611
22378,-0.049439738634729447
22379,0.05414941489891517
22380,-0.10317024794431011
22381,-0.15128108663042694
22382,-0.09146271284609325
22383,-0.047542062224621956
22384,0.05250340949753964
22385,-0.009981906482765915
22386,-0.0016447918223057424
22387,-0.010415167483940961
22388,-0.010565489196995839
22389,-0.007895512442840865
22390,-0.007895512442840865
22391,-0.09461044243054306
22392,-0.07093989560476263
22393,0.05358940354075853
22394,-0.08826997408152182
22395,-0.08838420013182396
22396,0.053560127637871956
22397,-0.008122263631481474
22398,0.05503209474288317
22399,-0.011670336133385152
22400,-0.039465234266557674
22401,-0.0008313248294625071
22402,-0.07884411998585905
22403,-0.07884411998585905
22404,-0.04042191317270397
22405,-0.0893669933554999
22406,-0.15122850287993195
22407,-0.010009045830125986
22408,-0.02971715351689683
22409,-0.08544539472633597
22410,-0.1673559357172391
22411,-0.07171980993661159
22412,0.051308489308429996
22413,-0.10361264581857092
22414,-0.027011338385470325
22415,-0.0447807529056419
22416,-0.008291586095031228
22417,-0.008291586095031228
22418,-0.016338045300958292
22419,-0.006172877291396415
22420,-0.02270489591116318
22421,-0.07621776617726123
22422,0.051119028443522736
22423,-0.16762579094610908
22424,-0.016913328431441756
22425,-0.01193484579424598
22426,-0.10940192891062385
22427,0.0007987788574757566
22428,-0.16017885657935105
22429,-6.887940770824015e-05
22430,-0.07923876894357637
22431,-6.887940770824015e-05
22432,-0.019645304610889605
22433,-0.0024980072613186885
22434,-0.002525077033466976
22435,0.050382375467927724
22436,-0.0740493500760084
22437,-0.06260835477136825
22438,0.052295226404846705
22439,-0.08949087721126645
22440,-0.0954375838226663
22441,-0.017338853205266777
22442,-0.0005061433898488806
22443,-0.010611395902354211
22444,-0.0022747414313048935
22445,-0.09823846916978267
22446,-0.024662682979412577
22447,-0.09756643070633028
22448,-0.09756643070633028
22449,-0.17297431703926486
22450,-0.025029319295855355
22451,-0.06130610877268472
22452,-0.17347902724670178
22453,-0.10563334750307182
22454,0.011504629117369438
22455,-0.03953283760820525
22456,0.055688940968019074
22457,-0.056224528864065274
22458,-0.10164560985076954
22459,-0.03921296935524024
22460,-0.04090229161334174
22461,-0.11201805207593087
22462,0.031287338163579204
22463,-0.04797804699769512
22464,0.039654383998662515
22465,-0.047398663945862486
22466,0.04523250892017234
22467,0.036136398174399176
22468,-0.11355664010969756
22469,-0.1754707002328817
22470,-0.07035220833481005
22471,0.04367016086888244
22472,0.04367016086888244
22473,0.04994673421655476
22474,-0.004967376908764545
22475,-0.04758148356111474
22476,0.04587890682708818
22477,0.04934853449512637
22478,0.046574728206158544
22479,0.046574728206158544
22480,-0.04944942432107319
22481,-0.08884079696352412
22482,-0.05598262636243971
22483,0.03527394126886308
22484,-0.089891036413314
22485,-0.056066189067731004
22486,0.03578978017468467
22487,-0.08592770996096202
22488,0.052069617792052846
22489,-0.08514460605830128
22490,-0.08514460605830128
22491,-0.056636155928638174
22492,-0.15178496767566477
22493,-0.05245534182387906
22494,0.031669185468057935
22495,-0.16836585527087095
22496,-0.08455051699043589
22497,0.046290831069923474
22498,-0.05518521842785616
22499,-0.05718357863019148
22500,-0.12440106577764645
22501,-0.05483566945639159
22502,-0.029313545501915568
22503,0.05400469102114647
22504,-0.0501690177816705
22505,0.05717299720348486
22506,-0.08948285175715326
22507,-0.0552908158440304
22508,0.035376219450041775
22509,-0.09999838254688008
22510,-0.17503122000298982
22511,0.04130402168967466
22512,-0.004110705605899507
22513,0.0447554766969656
22514,0.04435506985571637
22515,-0.048711457080959024
22516,0.04435506985571637
22517,-0.0527500981114058
22518,0.048053832906630456
22519,0.03741223049399632
22520,-0.06668218203168448
22521,-0.08670261177141393
22522,-0.03324525858435772
22523,-0.06638613000392547
22524,0.037689989583124146
22525,0.04181965831827574
22526,-0.07774819763213772
22527,0.037943098623845255
22528,-0.04117056798229693
22529,-0.08158703393630545
22530,-0.08158703393630545
22531,-0.06144371285990756
22532,-0.08542279937190335
22533,-0.08185021203898857
22534,-0.18002002104240267
22535,0.0347997086721085
22536,-0.06348928272137677
22537,-0.150719319139649
22538,-0.06212302793259064
22539,-0.08808504904938594
22540,-0.026416886815932978
22541,0.02884301562617195
22542,-0.08779124770425688
22543,0.02392427859302063
22544,-0.059310987931845124
22545,-0.10206685740187334
22546,-0.05655178213620782
22547,0.03512375448656892
22548,0.022157193149310393
22549,-0.09539863514941825
22550,-0.048129590152432115
22551,-0.19216130078622556
22552,-0.02639650123261625
22553,0.022628211139319388
22554,0.019905644641014925
22555,0.019979055995640902
22556,-0.048975631367297004
22557,0.018418238180727665
22558,-0.0950807449759217
22559,-0.04277483240684489
22560,-0.08392446464983028
22561,0.02063329015108716
22562,0.015497772773059948
22563,0.02063329015108716
22564,-0.04704856668366642
22565,-0.09782761662775884
22566,-0.058741813011795346
22567,0.0228703966784277
22568,-0.016306558745259003
22569,-0.09839160616378016
22570,-0.09950009094663083
22571,-0.04096434634687052
22572,0.09073084805771306
22573,-0.09929297281564707
22574,-0.0019226983034269815
22575,0.019344988892748747
22576,0.019344988892748747
22577,-0.1949290860171323
22578,-0.10585173164995379
22579,-0.049299135733574175
22580,0.01743508184642306
22581,-0.021310190893081737
22582,-0.10601821914546006
22583,-0.01246823058051603
22584,-0.10977514622713448
22585,-0.017437939988408927
22586,-0.049808643630809196
22587,0.03418212502733954
22588,0.03442401674696557
22589,-0.12938391982605033
22590,-0.055050700582669546
22591,0.026856810995697863
22592,-0.08990652456932742
22593,0.030351343413015278
22594,0.030351343413015278
22595,-0.20170088039165202
22596,-0.07294902690703557
22597,-0.06136259225134415
22598,0.006091370232184047
22599,-0.06108092144357518
22600,-0.05653888887511286
22601,0.038910974333799336
22602,-0.11515789648068907
22603,-0.10006210389038295
22604,0.010045812782168423
22605,0.044702484786143665
22606,-0.0184869065101332
22607,-0.10296331968788362
22608,-0.0651599445362591
22609,-0.10106501120855624
22610,0.009423345671152833
22611,-0.10360174456480119
22612,-0.06283450150748303
22613,0.0077538361242224406
22614,-0.07635654805354102
22615,0.05048692190117058
22616,-0.058446619172384646
22617,-0.1447363170056366
22618,0.0522786882620838
22619,-0.11412407350534662
22620,-0.036220679447193704
22621,-0.21337043116503762
22622,-0.0558323669662669
22623,0.04772726500657995
22624,-0.12025934023392199
22625,-0.09995070364454495
22626,0.05599886678503628
22627,-0.10069534710562628
22628,-0.01642988395826075
22629,-0.032801235760474425
22630,0.05480377405648784
22631,-0.05291681683831285
22632,0.05222378304561972
22633,-0.05456252452840965
22634,-0.10494855196328534
22635,-0.225054613887272
22636,0.07030366688217396
22637,-0.11948681534618838
22638,0.06302350798211381
22639,-0.048193430204099316
22640,0.062226025005863266
22641,0.062226025005863266
22642,0.01975141578636553
22643,-0.07498299275314886
22644,0.024661596006123783
22645,-0.12899608943202862
22646,0.058965730716926255
22647,0.029835219279730516
22648,-0.05134025819518844
22649,-0.1099548201891732
22650,0.02897904554526665
22651,0.05737443084405303
22652,-0.028896706328526176
22653,-0.0898068784760247
22654,-0.10988682387459132
22655,-0.11086613867531131
22656,-0.03669260318609436
22657,-0.03364663575532192
22658,-0.1277994430651369
22659,-0.02809832421440787
22660,0.024822703522832265
22661,-0.11375534665484717
22662,-0.21419683810066892
22663,0.07392073703271766
22664,-0.1427379474389521
22665,-0.020550965681145637
22666,-0.1324820500931731
22667,-0.036131540212233464
22668,-0.00987086194473299
22669,-0.018777918733889284
22670,0.07459261951961868
22671,-0.01740372077012085
22672,0.0809565363056886
22673,-0.10641627545914613
22674,0.07897443645877121
22675,-0.07256396310374752
22676,0.07897443645877121
22677,-0.07501948917922083
22678,-0.2051231668958686
22679,-0.07577559329134173
22680,-0.10572382258115916
22681,0.07605276263136933
22682,0.07605276263136933
22683,0.07605276263136933
22684,0.016885270247192663
22685,-0.08126057577133118
22686,0.016213098543086536
22687,-0.008333432142165401
22688,0.004566667737173321
22689,-0.08696669029374146
22690,-0.07569801731520888
22691,0.017989878179137952
22692,-0.10940638312478122
22693,-0.12448218376307328
22694,0.06967968679176334
22695,-0.002609264974607789
22696,-0.10698000931001027
22697,-0.005998202790440435
22698,-0.10002297450624824
22699,-0.13105351583644478
22700,0.06876856630160892
22701,-0.19593967840388093
22702,-0.10283532770779105
22703,0.06779314380153524
22704,0.06678068409613014
22705,-0.006128949684326456
22706,0.06349686120503208
22707,-0.10551488961030016
22708,-0.04767153419712815
22709,-0.13247186202840303
22710,0.006906980067333672
22711,-0.007959497686894102
22712,0.06689567961613618
22713,0.06655599162658467
22714,-0.005119258914954625
22715,0.025321641911153017
22716,-0.12891629029855356
22717,-0.09638757092606605
22718,-0.19696320106790743
22719,-0.08349280853102363
22720,-0.010383610304366681
22721,0.01398361560618582
22722,0.0660688668158409
22723,-0.12262352304558288
22724,0.06482120693421602
22725,-0.08621507903308084
22726,-0.06892075553985468
22727,0.06040140587187693
22728,-0.09036043798519464
22729,-0.010095123606771388
22730,0.061859441956114855
22731,-0.08686643860261345
22732,-0.0026956614374998664
22733,0.010461984256186654
22734,0.02181085044818298
22735,-0.0077494124795621944
22736,-0.11980944245415248
22737,-0.00586073307422678
22738,-0.19368266163965642
22739,-0.0764422593924855
22740,0.06346624299704742
22741,0.06218209600357516
22742,0.0037692144500491654
22743,-0.0301704643427699
22744,0.059503889350963554
22745,0.05986923249653028
22746,-0.0066605628016419985
22747,0.034456825725928994
22748,-0.003080258288031955
22749,-0.1328104121199907
22750,-0.08343026802891011
22751,-0.06523808848923247
22752,-0.07923173792155945
22753,-0.07858644564883258
22754,0.049110630482250124
22755,-0.08762214763817248
22756,0.0521260660392372
22757,-0.1530850320922541
22758,0.008413990879208556
22759,0.04302373468016753
22760,0.06286303346001748
22761,0.04570306046516082
22762,-0.08539829125132065
22763,-0.07642847716001781
22764,-0.08515657133509849
22765,-0.10396800806393697
22766,0.010631858587432874
22767,0.009026913885707763
22768,-0.0727447937769951
22769,0.04488373050405254
22770,-0.10329344402913623
22771,0.03775117220040778
22772,-0.08161435752963672
22773,-0.16401472431389977
22774,0.030639778305168137
22775,0.030639778305168137
22776,0.014644427179594712
22777,0.03376922163666221
22778,-0.06532883000936592
22779,-0.09591577290481888
22780,-0.0944179301832642
22781,-0.03290739103863033
22782,-0.10439184410253431
22783,-0.12804643650016323
22784,-0.09987748222102706
22785,0.0024114289030229366
22786,0.0033963411899337608
22787,0.006415928492195312
22788,-0.11530578649114762
22789,0.024321080981436066
22790,-0.09022367940775103
22791,-0.07959253005894587
22792,-0.10579480054565045
22793,0.0036759121933810177
22794,-0.10429317311780378
22795,-0.12152885455668935
22796,-0.08773121249614416
22797,-0.006532567488019238
22798,-0.008528504849158035
22799,-0.06566540745126047
22800,0.01087391963663769
22801,-0.1104347823405
22802,-0.0163570560576688
22803,-0.0026882213666726286
22804,-0.13387086303632886
22805,-0.010581789687148785
22806,-0.0047307903398761154
22807,-0.11377799086075921
22808,-0.06332320394977017
22809,-0.00613943102493061
22810,-0.09365978706223839
22811,-0.12665948908905184
22812,-0.09095913082899468
22813,-0.11500479004809529
22814,-0.02173537268117636
22815,-0.02173537268117636
22816,0.0169911376759328
22817,-0.15329408910807768
22818,-0.13756247310705041
22819,-0.011508398228990656
22820,-0.09489683819707978
22821,-0.04893499920582221
22822,-0.1412695517979939
22823,-0.09116026754153506
22824,-0.1396873048695892
22825,-0.11776057882966043
22826,-0.061534601285695614
22827,0.02698071835935155
22828,-0.06260684253314881
22829,-0.15546034584740565
22830,0.0035770071351426303
22831,-0.16309147023575216
22832,-0.08316011893973213
22833,-0.07444584223478194
22834,-0.16034719433575026
22835,-0.11504478348985979
22836,0.011568760192135505
22837,-0.014117516529963797
22838,-0.07242498230972629
22839,-0.15617860047934315
22840,0.018276270821919866
22841,-0.1615733752646939
22842,-0.1648958848081763
22843,-0.05824962091998478
22844,-0.17119296733128495
22845,-0.1123347176118852
22846,-0.0841014666863128
22847,-0.08786188632060354
22848,0.06725435557893429
22849,-0.09074773121080591
22850,-0.1565699022949965
22851,-0.07256957518839385
22852,0.02130435235311861
22853,-0.11812067094515297
22854,-0.09456702870066835
22855,-0.09456702870066835
22856,-0.1560511291457475
22857,-0.09716529327390513
22858,-0.06329308037570854
22859,0.038025961955202005
22860,-0.034726627180249305
22861,-0.1828594124813117
22862,-0.0776894307009225
22863,-0.16052278628861652
22864,-0.060818111093595424
22865,-0.12266258299910614
22866,0.01779600058205552
22867,-0.11262379938466505
22868,-0.0640936394787158
22869,-0.16241616323698327
22870,0.038826123029031955
22871,-0.09575080828642979
22872,-0.11406892670703073
22873,-0.17716237965283135
22874,0.02422624513620885
22875,-0.18415473488443643
22876,-0.06220442485270137
22877,-0.09665363880951991
22878,-0.0969229058688779
22879,-0.18155629303282025
22880,-0.06337636606026838
22881,-0.1304522016734461
22882,-0.06350810341278594
22883,-0.1311828484370995
22884,-0.05862560308682332
22885,-0.01966153781494548
22886,-0.16071467776937662
22887,-0.1592026891119854
22888,-0.05972963334875381
22889,-0.058689566345375546
22890,-0.18372836054916375
22891,0.04324941574581578
22892,0.09394190258043607
22893,-0.17557808934428146
22894,-0.09231222984978991
22895,-0.14035078677200527
22896,-0.18335263865621837
22897,-0.1838861903544148
22898,-0.03894690765080722
22899,-0.023966128920397022
22900,-0.1785871376420941
22901,-0.012284314965541818
22902,-0.10209696743975367
22903,-0.13935857926450856
22904,-0.026066371202781755
22905,-0.18537649003133946
22906,-0.04230988393413972
22907,-0.04388518110265349
22908,-0.18522556185648653
22909,-0.1345579987324957
22910,-0.033521361557086536
22911,0.03151397923573903
22912,-0.049215510306693376
22913,-0.09354565053576232
22914,-0.04427744267999196
22915,-0.13204290595188
22916,-0.10132001987834822
22917,-0.20196717173504802
22918,-0.12798762529065216
22919,-0.12749421888495044
22920,-0.04897041988803143
22921,-0.011304389989667908
22922,0.028920971643612254
22923,-0.0090720368649017
22924,-0.15530250432318382
22925,-0.03292848583597077
22926,-0.1257670557489697
22927,-0.15224966369109616
22928,-0.1468749205300392
22929,-0.1468749205300392
22930,-0.21433178895692748
22931,-0.2126013653567117
22932,0.1131965838400027
22933,-0.04431211688705806
22934,-0.09154374093234048
22935,-0.1446113796908387
22936,-0.12429382737592608
22937,-0.22767609589016335
22938,-0.14702103734786612
22939,-0.057983246022422816
22940,0.05386190021561369
22941,-0.1051664574181604
22942,-0.030143193776026138
22943,-0.12570289969764267
22944,-0.12584320891283413
22945,-0.23125148337383017
22946,-0.04387942032490268
22947,-0.23198309833558925
22948,-0.13719815697245932
22949,0.0222677458300635
22950,-0.08347482210289375
22951,-0.1365745631397367
22952,-0.10038965417156787
22953,-0.22450689037407584
22954,-0.14068338951522744
22955,-0.03799728419812789
22956,-0.038196257023951345
22957,-0.1416049683746903
22958,-0.06230776101169826
22959,0.02900800961806287
22960,-0.03995737532928315
22961,0.009462411846293229
22962,-0.13994326134199797
22963,-0.22635806808937953
22964,-0.03976171351471042
22965,-0.0200085197960529
22966,-0.1730770286491237
22967,-0.04015640036242043
22968,-0.1730770286491237
22969,-0.23265612414456305
22970,-0.14604552842522855
22971,-0.17485735853744963
22972,-0.17485735853744963
22973,-0.07336802417745786
22974,0.09493877203888273
22975,-0.09869691573608394
22976,-0.173470074186012
22977,-0.14404671577405875
22978,-0.23582033909513275
22979,-0.06829961987625027
22980,0.0319364270966362
22981,-0.1041786333357773
22982,-0.050043437320487764
22983,-0.15018869089684733
22984,-0.1499744677886808
22985,-0.23214411532684423
22986,-0.14271481385430773
22987,-0.2350080307630155
22988,-0.156791720473609
22989,-0.0508417839171424
22990,-0.029298563919465923
22991,0.007236908046250945
22992,-0.05422486263687251
22993,-0.10244293208812928
22994,-0.1561888557574382
22995,-0.0742513778018422
22996,-0.15841257706644268
22997,-0.15950874868064435
22998,-0.05655417686634792
22999,-0.23576539282630649
23000,-0.15785057373892653
23001,-0.1601111670177419
23002,0.0068608756881471744
23003,-0.05455975494728218
23004,-0.06696573630783116
23005,-0.2320726784967987
23006,0.011942490952111605
23007,-0.0412376465122977
23008,-0.16177301050104345
23009,-0.15635680130965507
23010,-0.16126103420991186
23011,-0.16126103420991186
23012,-0.22893529069821647
23013,0.06112834935225716
23014,-0.06521111984112327
23015,-0.09881003552002716
23016,-0.23572112214660826
23017,-0.15706552667334625
23018,-0.15623649189016262
23019,-0.15862948741249375
23020,-0.06565691102010679
23021,-0.05495452991597619
23022,-0.09047521023640523
23023,0.034897664794524504
23024,-0.15120000222136878
23025,-0.14883051641807832
23026,-0.14690600702358955
23027,-0.2407822790494692
23028,-0.2398832885887026
23029,-0.002486732668899124
23030,-0.13849791835709188
23031,-0.13849791835709188
23032,-0.1426040027267664
23033,-0.03958731985532189
23034,-0.06986849234392263
23035,-0.067286968085621
23036,-0.24354512647596419
23037,-0.14399511172294643
23038,-0.03745783584056942
23039,-0.03782659259741478
23040,-0.14166838366501178
23041,-0.06968789564406162
23042,-0.14312213791232353
23043,-0.15566568687535087
23044,-0.0026241531120957673
23045,-0.07300226047870033
23046,-0.09147040086632258
23047,-0.15753072645370456
23048,0.009538861657775753
23049,-0.24877887809494661
23050,-0.1589960907282011
23051,-0.03181953107407297
23052,-0.1589960907282011
23053,-0.13625132233578932
23054,-0.24461945911615718
23055,-0.03463691210947745
23056,-0.07034545180716992
23057,-0.07199345266031952
23058,-0.15354966636321177
23059,0.026234402240888112
23060,-0.031149982153619367
23061,-0.2346586601123893
23062,-0.13480092624815043
23063,-0.056759225720891295
23064,-0.061320263119433845
23065,-0.02059717507505256
23066,-0.1474915547166543
23067,-0.07374964215249227
23068,0.0263703002917482
23069,-0.1329544285499854
23070,-0.13085864319551369
23071,-0.22446595222049243
23072,-0.08999291323301169
23073,-0.2207850041076327
23074,-0.15669004537206063
23075,-0.007315151677060641
23076,-0.0017676404321293074
23077,-0.12823913359465738
23078,-0.12823913359465738
23079,-0.08246848353935413
23080,-0.05390512375789693
23081,-0.019921210397822076
23082,-0.12700767015765657
23083,-0.12700767015765657
23084,-0.17539231409087958
23085,-0.12554184480182606
23086,-0.12297862940874335
23087,-0.2364188360778717
23088,-0.022389789851382725
23089,-0.04217529549821026
23090,-0.027692272132112717
23091,-0.12290407414313392
23092,-0.07201779968260232
23093,-0.034974723177580276
23094,-0.01047559234344141
23095,-0.134098861469189
23096,-0.03167725542744021
23097,-0.13313452852162216
23098,-0.23779100068030617
23099,0.012967996590086175
23100,-0.12395654436324238
23101,-0.13581797385432365
23102,-0.2335549280327381
23103,-0.13581797385432365
23104,-0.07359591797092178
23105,0.016604311805096937
23106,-0.04046040540728835
23107,-0.13438829731354254
23108,-0.12281167072667784
23109,-0.23874362778129832
23110,-0.13999716205623364
23111,-0.06785085222509867
23112,-0.07263143866614874
23113,0.015707036907252576
23114,-0.039711189571921435
23115,-0.1247188283824727
23116,-0.11914523163061354
23117,-0.01265979828535877
23118,-0.11757482087712662
23119,-0.2219578097922989
23120,-0.22349587204316815
23121,-0.00861038285989607
23122,-0.1163443557815828
23123,-0.1163443557815828
23124,-0.04941731420064917
23125,-0.07845056956256842
23126,-0.05413954711996598
23127,-0.10710844450832219
23128,-0.10710844450832219
23129,-0.015350460588745162
23130,-0.015983986226126713
23131,-0.2286930967731001
23132,-0.08047451568743791
23133,-0.02855198514839075
23134,-0.17728455962261436
23135,-0.1331855854622037
23136,-0.0244304987771077
23137,-0.021615551195645823
23138,-0.2298386081409499
23139,-0.10791456355265353
23140,-0.020336091112933385
23141,-0.1047647155475632
23142,-0.12956869896661752
23143,-0.12956869896661752
23144,0.02356478897375371
23145,-0.13013005109100953
23146,-0.106061426593951
23147,-0.2388214938157488
23148,0.004775114561592024
23149,-0.08325259236903447
23150,-0.13624961733496432
23151,-0.05093848771802644
23152,-0.10289951106478647
23153,-0.23177736882255878
23154,-0.07000108408318607
23155,-0.07178295355399068
23156,-0.03762059786447329
23157,0.031181596914456777
23158,-0.10556018837484524
23159,-0.10569604422492167
23160,-0.20613523104128326
23161,-0.20492887817065747
23162,-0.16988234574916514
23163,-0.008956729061770655
23164,-0.08833707810577264
23165,-0.044759220267359616
23166,-0.10124892223808453
23167,-0.10124892223808453
23168,-0.10124892223808453
23169,-0.10079213867002967
23170,-0.10079213867002967
23171,-0.21431971751446396
23172,-0.10360096799445363
23173,-0.045848731594953396
23174,0.03862663521769883
23175,-0.016317652468254118
23176,-0.014148951970850065
23177,-0.04065390727627792
23178,-0.05134651446391349
23179,-0.11648761170589741
23180,-0.20462145420358305
23181,-0.11566101501302337
23182,-0.10299891028987754
23183,-0.10948839464142152
23184,-0.10948839464142152
23185,-0.0204617567436529
23186,-0.20033110868818177
23187,-0.019721050918206067
23188,-0.019758196331352052
23189,-0.01920587323036147
23190,-0.016017008470150116
23191,-0.052387958375274386
23192,-0.027364035479401586
23193,-0.11292970544006609
23194,-0.10160124398539426
23195,-0.2089711016826808
23196,-0.11692155832248763
23197,-0.018921443778039525
23198,-0.10172468157083929
23199,0.031777099516581093
23200,-0.059800128481366996
23201,-0.048180651658395336
23202,-0.0968090611997587
23203,-0.008158824291208013
23204,-0.21365429064930108
23205,-0.09413684827061837
23206,-0.21366417191787723
23207,-0.16173357599883406
23208,0.019752269247839613
23209,-0.03222900496591778
23210,-0.08638713392194006
23211,-0.08655183102702588
23212,-0.010098656543116502
23213,-0.08371779413474854
23214,-0.08310243030474997
23215,-0.08327044055872375
23216,-0.04876253569392079
23217,-0.2179419807476325
23218,0.04354165893042045
23219,-0.051183099246519044
23220,-0.011151141212580915
23221,-0.011741907036251274
23222,-0.031049850278756022
23223,-0.016402615518190358
23224,-0.07584836227065801
23225,-0.22276984848617487
23226,-0.09346173072029283
23227,-0.09253035442077426
23228,-0.22062630653064905
23229,-0.07578266770816523
23230,-0.07578266770816523
23231,-0.06739786803270356
23232,-0.04173593373846744
23233,-0.02038498512181327
23234,-0.03279409085196625
23235,-0.09695391862224184
23236,-0.03380243138016482
23237,-0.1048588576184062
23238,-0.1048588576184062
23239,-0.22454950692697245
23240,-0.068653140868505
23241,-0.06037154592006511
23242,-0.006781657063689019
23243,-0.05353124758525239
23244,-0.014455094549067514
23245,-0.10384013552568003
23246,-0.05017027151477403
23247,-0.06099120647185129
23248,-0.06333673987419987
23249,-0.043699026912635726
23250,-0.23322308604009598
23251,-0.06429157985146174
23252,-0.04795139378591894
23253,0.03302231523943425
23254,-0.08666600499770084
23255,-0.2283739911325242
23256,-0.06944021546976212
23257,-0.0714152807003811
23258,-0.016604083186034197
23259,-0.06014163103775308
23260,-0.07215041892045576
23261,-0.22124368286375756
23262,-0.051836557236383723
23263,-0.03312203079644496
23264,-0.06611471715841762
23265,-0.21919487952826266
23266,-0.01799721119132356
23267,-0.06609867402051202
23268,-0.11573178579997408
23269,-0.06945046804842184
23270,-0.02487275726544962
23271,0.05259383857487116
23272,-0.02320291390246436
23273,-0.11541908174606284
23274,-0.06172176766974494
23275,-0.06172176766974494
23276,-0.11528501212274805
23277,-0.21436884983047072
23278,-0.11528501212274805
23279,-0.045094947992522304
23280,-0.05678773664322909
23281,-0.04460309805854142
23282,-0.04859009399165748
23283,-0.06513154271732224
23284,-0.10869903255129541
23285,-0.20936830979872054
23286,-0.10924290095225876
23287,-0.0818994899112673
23288,-0.05856747577768597
23289,-0.03716183440770994
23290,-0.06076991611616777
23291,-0.05955964645394937
23292,-0.045191718750677005
23293,-0.055874088861098084
23294,-0.20495703581350963
23295,-0.013872219553562718
23296,-0.058525854659305265
23297,-0.2090125688765339
23298,0.021717024068470772
23299,-0.16265832140755657
23300,-0.06681118765611299
23301,-0.072161937944085
23302,-0.059569727854454406
23303,-0.060765485565478096
23304,-0.01568049655099388
23305,-0.016378991100153815
23306,-0.06302767867669953
23307,-0.20641528796311676
23308,-0.0416470308514087
23309,-0.05846411319404805
23310,-0.05846411319404805
23311,-0.05846411319404805
23312,0.03728332302807831
23313,-0.04645999278324899
23314,-0.07697610342928564
23315,-0.20516530900379307
23316,-0.014636213665615728
23317,-0.013257685632276518
23318,-0.11530367475768678
23319,-0.1154463137270034
23320,-0.1154463137270034
23321,-0.1154463137270034
23322,-0.20858981581920782
23323,-0.017564586876745412
23324,-0.05045749154457756
23325,-0.15599927094221835
23326,-0.07799866183546315
23327,-0.012055291947149384
23328,-0.11529311710923068
23329,-0.0753065053864228
23330,-0.05817840215909277
23331,-0.19986413511762197
23332,-0.04798957249659377
23333,-0.07341919962504338
23334,-0.11293122565347226
23335,-0.011055026267138302
23336,-0.07066422044723317
23337,-0.07336485777953797
23338,-0.06000477072955307
23339,-0.043505297864941735
23340,-0.20220589741058198
23341,-0.043041367648563984
23342,0.02387818134271302
23343,-0.14896645462832278
23344,-0.06513757391443356
23345,-0.19115738541986463
23346,-0.19115738541986463
23347,-0.05309921780288525
23348,-0.05309921780288525
23349,-0.06989623202683803
23350,-0.07670078119208192
23351,-0.049786250350562465
23352,-0.050169609933464726
23353,-0.014855257432809046
23354,-0.046711293971264944
23355,-0.046711293971264944
23356,-0.19456314142090222
23357,-0.043380240286998877
23358,0.03724607935508977
23359,-0.08886071037619639
23360,-0.049919121312095714
23361,-0.19451997041242755
23362,-0.04957480836627661
23363,-0.1512736578571602
23364,-0.08753273659910249
23365,-0.08649763958157797
23366,-0.06074079354231244
23367,-0.01668419455054807
23368,-0.03863009173411712
23369,-0.01907892176193392
23370,-0.07323362196238088
23371,-0.08082122093516972
23372,-0.04537536909069307
23373,-0.19427935555997033
23374,-0.04250899173952971
23375,-0.060833466546618635
23376,-0.04637157855018844
23377,-0.02504648322648648
23378,-0.0804038922932551
23379,-0.05181891690702813
23380,-0.07606585635274629
23381,-0.07798500029543716
23382,-0.041216152926393995
23383,-0.020789228721122148
23384,-0.18746807462782827
23385,-0.034811100770379924
23386,-0.1931724959243123
23387,0.05689187811407749
23388,-0.04177575587645902
23389,-0.04177575587645902
23390,-0.03861119663353028
23391,-0.03072924626349246
23392,-0.06368890127841392
23393,-0.19551885208094938
23394,-0.06920486780433173
23395,-0.03328694099140829
23396,-0.032103854173217324
23397,-0.027413120244214925
23398,-0.03232895609352713
23399,-0.06980172051640471
23400,-0.032464955082909024
23401,-0.04494271356061938
23402,0.05315397885868056
23403,-0.09231191492586444
23404,-0.02683804182893339
23405,-0.09485621051826935
23406,-0.03060116426309601
23407,-0.02703768046695804
23408,-0.09536004356885672
23409,-0.19765681062152812
23410,-0.03596305893564861
23411,0.06483929479242134
23412,-0.042658742143289255
23413,-0.09765680924305031
23414,-0.20124832472256746
23415,-0.02750615570784093
23416,-0.06427631686786126
23417,-0.10574655833569582
23418,-0.03296998383805324
23419,-0.036833763523070676
23420,-0.06558104275696011
23421,-0.03432104078857324
23422,-0.08183911679601938
23423,-0.09912442559464278
23424,-0.04223449063310834
23425,-0.20470409881581356
23426,-0.03653163322686135
23427,-0.07162582466175628
23428,-0.03660455861203081
23429,-0.08236992865186298
23430,-0.2046430108663155
23431,0.06089236367605743
23432,-0.05396188296367829
23433,-0.027063664394702487
23434,-0.027063664394702487
23435,-0.2030359656786521
23436,-0.03284804977286262
23437,-0.035674604793120006
23438,-0.0677247750026509
23439,-0.03215810827441506
23440,-0.03215810827441506
23441,-0.05913410223954016
23442,-0.03407448106449907
23443,-0.03407448106449907
23444,0.05589527266065242
23445,-0.02531138724081535
23446,-0.04130708804904246
23447,-0.03547224029044532
23448,-0.0351293347115646
23449,-0.1036903824468354
23450,-0.1036903824468354
23451,-0.10314343097614338
23452,-0.037144176083194216
23453,-0.03303440830887143
23454,-0.18411702088423526
23455,-0.036397342714214694
23456,-0.04372281335917003
23457,-0.036917715768204504
23458,-0.0747298621067906
23459,-0.18591094069601427
23460,-0.10312408166554664
23461,-0.03735886482038046
23462,-0.18677679297900365
23463,-0.04926748217642861
23464,-0.04976336820870369
23465,-0.10359011754707129
23466,-0.013153530792075614
23467,-0.08408892417722856
23468,-0.03449611075745644
23469,-0.03449611075745644
23470,-0.18007706368758733
23471,-0.0339073449928494
23472,-0.1293462672419817
23473,-0.040314276403746636
23474,-0.041831958927888366
23475,-0.04276111936936738
23476,-0.05946249680946428
23477,-0.04264146093081814
23478,-0.02166399582366514
23479,-0.02166399582366514
23480,-0.02166399582366514
23481,-0.020670596530424093
23482,-0.020670596530424093
23483,-0.06376514180659823
23484,-0.18066296543613336
23485,-0.11408006919506004
23486,-0.02390894043213157
23487,-0.17864802014416717
23488,0.05812716805660402
23489,-0.09919541534621552
23490,-0.029948756397519816
23491,-0.061564691819661614
23492,-0.09725540199825672
23493,-0.049187477548637455
23494,-0.0974755979041082
23495,-0.17759366758692458
23496,-0.1779549905570763
23497,-0.07380761590495488
23498,-0.047175578909151535
23499,-0.0553738094437457
23500,-0.09762284583857983
23501,-0.17203568135551264
23502,-0.027485305882328233
23503,-0.033602482108454214
23504,-0.0768969215801065
23505,-0.030671827255777523
23506,-0.11736619104338104
23507,-0.00791608517337375
23508,-0.03240663934299318
23509,-0.022621354909296013
23510,-0.03464042770542459
23511,-0.03744321057217206
23512,-0.17192866695609962
23513,-0.1698264429738017
23514,0.016743021768592745
23515,-0.061428817533470785
23516,-0.16785157365926695
23517,-0.05620057295800404
23518,-0.04867044724049137
23519,-0.08994291946039855
23520,-0.051239473765559054
23521,-0.032709714499752324
23522,-0.024978312906584737
23523,-0.03109856342077645
23524,-0.05609195060763304
23525,-0.03109856342077645
23526,-0.09017074128511983
23527,-0.0586623116386612
23528,0.038205955899252284
23529,-0.029015450013287192
23530,-0.05776511839524005
23531,-0.08697115949144692
23532,-0.03336115159553196
23533,-0.15780575511344064
23534,-0.02910026864916694
23535,0.03862573924490485
23536,-0.056193494476900564
23537,-0.15111352393119137
23538,-0.049006493370103904
23539,-0.05012826520484653
23540,-0.08583583061806282
23541,-0.15570134471597588
23542,-0.03327580833442428
23543,-0.037310170047528304
23544,-0.0783954917571531
23545,-0.03809471011225219
23546,-0.039284109592918025
23547,-0.1447762380333778
23548,0.008619252840923727
23549,-0.04241780029801451
23550,-0.1466082280794357
23551,-0.040232695033832026
23552,-0.05541100019757006
23553,-0.14887811706546358
23554,-0.07984564763808316
23555,0.024035448522982297
23556,-0.03672799955357808
23557,-0.07012300913049027
23558,-0.06168030244769221
23559,-0.02293258863078207
23560,-0.1498859105362764
23561,-0.03950262519973804
23562,-0.07884294745924231
23563,-0.04055850480965565
23564,-0.0367039447799761
23565,0.03457065997392119
23566,0.03331856460339918
23567,-0.06822245000261028
23568,-0.03796758417689151
23569,-0.13670130972326586
23570,-0.06616349287351661
23571,-0.07761429804789385
23572,-0.12993878162838726
23573,0.054538349757410565
23574,-0.06926101810779971
23575,-0.14108847757098558
23576,-0.14312794749851732
23577,-0.02720075682683457
23578,-0.02720075682683457
23579,-0.02737589532104435
23580,0.032733721840835894
23581,-0.019633584962122592
23582,-0.018949446758939142
23583,-0.1577074267144122
23584,-0.15439373821842242
23585,-0.15598822412630858
23586,0.04088201642075186
23587,-0.07405369198924262
23588,-0.06511959225012331
23589,-0.07804423708369836
23590,-0.06620522904945404
23591,-0.012107414158389146
23592,-0.0800354307628404
23593,-0.14916351613903062
23594,-0.009704397724690011
23595,-0.10878253482244458
23596,-0.03173288106451152
23597,-0.06937049632513258
23598,-0.05572898201215175
23599,-0.06789138204868501
23600,-0.13865655437730945
23601,-0.0189651223214017
23602,-0.054069214641726815
23603,-0.08177559581357424
23604,-0.14095048102695248
23605,-0.017261317606232156
23606,-0.017927411484407265
23607,-0.0006153232724505401
23608,-0.022634949343257462
23609,-0.05319005617868892
23610,-0.07449436492141664
23611,-0.07449436492141664
23612,-0.01370408892690042
23613,-0.011521974011206413
23614,-0.10665119096531808
23615,-0.14053758483183237
23616,-0.023698497589128804
23617,-0.10423033127294963
23618,0.020255935633456658
23619,0.022573790960057977
23620,0.05963143800642653
23621,-0.0926777466389974
23622,-0.027860578802156772
23623,-0.1217203792162576
23624,-0.09130248975238406
23625,-0.10639250883779168
23626,0.03735162042358618
23627,-0.01694660002010982
23628,0.00044870649160411337
23629,-0.09216045135701603
23630,-0.0335719602722827
23631,-0.09296886297195481
23632,-0.10382561621546318
23633,-0.10564717732130287
23634,0.03512932251033848
23635,-0.11077749516083078
23636,-0.09053674558084368
23637,-0.08919735851420345
23638,-0.11610895499671578
23639,-0.030429074382182817
23640,-0.10652489698614105
23641,0.04299662246949017
23642,-0.11926873004095477
23643,-0.09623159347436584
23644,-0.09623159347436584
23645,-0.09623159347436584
23646,-0.09342126072450371
23647,-0.024970025107710955
23648,0.037509726907726464
23649,-0.09226636637742532
23650,-0.08972107221987852
23651,0.05352149313257781
23652,-0.10808874404758495
23653,-0.08100062640766582
23654,-0.08070165738771412
23655,-0.12862035550864964
23656,-0.024633935781295437
23657,-0.08706797843379832
23658,0.03951111374473463
23659,-0.02172837916619615
23660,0.014122628438538794
23661,-0.09744843980092924
23662,-0.01968185767533683
23663,-0.10150823111353083
23664,-0.11419120917028433
23665,-0.0871339761124372
23666,-0.03223923142610557
23667,-0.08170873675592454
23668,-0.113628893837153
23669,0.03879531371166097
23670,-0.12220014043899227
23671,-0.008821082351658741
23672,0.05606793483450729
23673,-0.12449520551291182
23674,-0.09740627707290414
23675,-0.05578883998099822
23676,-0.04167769596842929
23677,0.025338212326582128
23678,-0.13771745454026418
23679,0.04947884895390845
23680,-0.13451652474710926
23681,-0.05220964791170434
23682,-0.14230978723755933
23683,-0.07303926175055872
23684,0.009434408579283739
23685,-0.03700412704146777
23686,-0.03390179939126706
23687,-0.14755932652129594
23688,0.04381740753405814
23689,0.015926767515232036
23690,0.016737725619602073
23691,-0.1429157457711614
23692,-0.07078156318953141
23693,0.007961776492245498
23694,-0.10448661769996033
23695,-0.14632144066442082
23696,-0.055055768268996365
23697,-0.016738020673767916
23698,-0.13219431494127276
23699,-0.008769743152159847
23700,-0.15555656568269438
23701,0.03170094019507495
23702,-0.12292460768558343
23703,0.019634003555746144
23704,-0.15580483824009556
23705,0.019634003555746144
23706,-0.03946506673662129
23707,0.017306297661878297
23708,-0.0829789465484947
23709,-0.08240156808555783
23710,-0.009623287264868515
23711,0.0190943864755836
23712,-0.1558390042937199
23713,-0.11786683609581892
23714,0.02221501800757165
23715,-0.05450912163141057
23716,-0.09218236175881028
23717,-0.04695076251914214
23718,-0.008680886065853452
23719,-0.016700728912783565
23720,-0.11634419178432165
23721,-0.02011606740035783
23722,0.03931424782433454
23723,-0.15377422759379936
23724,-0.15563521741477973
23725,0.030114667450556486
23726,-0.04341973906708313
23727,-0.05327866037190952
23728,0.03068991695148548
23729,-0.018630859677273515
23730,0.02942442357312071
23731,-0.02044839526700115
23732,-0.15905676348470454
23733,-0.10834845883636018
23734,-0.09755484395584962
23735,-0.022138939256837038
23736,-0.12983797353656862
23737,-0.12983797353656862
23738,0.020183737239411307
23739,-0.13227670782758902
23740,-0.13227670782758902
23741,-0.008769297330548874
23742,-0.16154765364748738
23743,-0.009156442468282133
23744,-0.07799497953414111
23745,-0.16211869220851763
23746,-0.10908136983847846
23747,-0.05858090297650285
23748,-0.026048381560288856
23749,-0.11508277116505473
23750,-0.1432733671282427
23751,-0.03195146330918579
23752,-0.027487092424920093
23753,-0.0010686258854302856
23754,-0.126858251251817
23755,-0.03239150390234821
23756,-0.1687103899203989
23757,0.01775687567772083
23758,-0.16792220827021104
23759,0.014443557998480584
23760,-0.05040830113444613
23761,-0.05086955166673689
23762,-0.17018597715176068
23763,-0.02923082129020444
23764,0.012550419959820484
23765,-0.12713890442888492
23766,-0.03279746215112922
23767,0.009429873044563032
23768,0.008989110033508566
23769,-0.12724117517606062
23770,-0.005608194541873539
23771,-0.031225830766372947
23772,-0.12830559436632286
23773,0.005693707676540212
23774,-0.12383361179283697
23775,-0.12383361179283697
23776,-0.16996767589913608
23777,-0.0881794513196708
23778,0.004074293653317391
23779,-0.16807828972771144
23780,-0.06941988426278152
23781,-0.1249268715708791
23782,-0.1708120443504846
23783,-0.04193799976455446
23784,-0.13373037312712754
23785,-0.0427294239663689
23786,-0.16935412979152817
23787,-0.13309753096021923
23788,-0.03591952731481414
23789,0.015086908057435936
23790,-0.12179400933484474
23791,-0.04552178474537858
23792,-0.16509362422613638
23793,-0.04365175555965918
23794,-0.1307489774782993
23795,-0.01171566140310396
23796,-0.16368490497432858
23797,-0.011337165922460913
23798,0.0330234707084212
23799,-0.039145633360620755
23800,-0.037297609291685005
23801,-0.05984278797032073
23802,-0.033877754485009064
23803,-0.030040995355702746
23804,-0.10647970213836896
23805,-0.040216634997994945
23806,-0.13272736359576054
23807,-0.03152699366772192
23808,-0.13492455891479294
23809,-0.010480764891041128
23810,-0.1334527184932979
23811,-0.032482668586120235
23812,-0.00033810713472553003
23813,-0.10215105905493121
23814,-0.16596380456795412
23815,-0.13122167558667883
23816,-0.13122167558667883
23817,0.006211297813986226
23818,-0.17527530378377912
23819,-0.1307781627686387
23820,-0.0331563313315057
23821,-0.18149873440826228
23822,-0.1432418375751617
23823,-0.03091585653132865
23824,-0.08747000289961075
23825,-0.11502336371528815
23826,-0.1445579043292132
23827,-0.0963004684658794
23828,-0.039916959652588256
23829,-0.0036210010739415785
23830,-0.027729941880754696
23831,-0.1951974802466711
23832,-0.03082272254387807
23833,-0.03402017543699007
23834,0.030930728170845138
23835,-0.2055826888077069
23836,-0.03655722354863448
23837,-0.04359482807286949
23838,-0.007107439105858893
23839,-0.01893220332366632
23840,-0.051826599510743504
23841,-0.001966107056400883
23842,-0.03525454888229326
23843,-0.09893613404830309
23844,-0.21723187628612495
23845,-0.007434922113414114
23846,-0.026347262230810787
23847,-0.08833408209193198
23848,-0.06095034220988233
23849,-0.1589610003743701
23850,-0.03060631102381564
23851,-0.012217260373124792
23852,-0.08369655172173898
23853,-0.07680995583591566
23854,-0.08703733560711248
23855,-0.08703733560711248
23856,-0.010956068623480213
23857,-0.2269384728005385
23858,-0.012283665361872923
23859,-0.23088116233181424
23860,-0.14833505461794044
23861,-0.0164517532143621
23862,-0.024840638938274474
23863,-0.09513017132825986
23864,-0.10313208551298934
23865,-0.22816014288714276
23866,-0.030732635116819694
23867,-0.14144425667438554
23868,0.0549966744369379
23869,-0.028509391058720343
23870,-0.09713435718515655
23871,-0.13913028857502616
23872,0.007773456233858946
23873,0.04571695472829513
23874,-0.009371280561580861
23875,-0.09669582276197967
23876,-0.023907281028850508
23877,-0.013384653840641369
23878,-0.23536686708125285
23879,-0.2332247867738591
23880,0.03773319833857567
23881,-0.007669753133685647
23882,-0.014554700626834503
23883,-0.03696933203985978
23884,-0.008631483801429087
23885,-0.007841558694856634
23886,-0.23432029508008867
23887,-0.07040258704431922
23888,-0.017621741379145774
23889,-0.018860533090616548
23890,-0.09441332166926572
23891,-0.010589995900654178
23892,-0.16523301861483375
23893,-0.09128127788391867
23894,-0.010910683117272032
23895,-0.23060744449727377
23896,-0.01162444853293787
23897,-0.02383872458113971
23898,-0.08909719456293089
23899,-0.08458601199764476
23900,-0.013780166402557619
23901,-0.08458601199764476
23902,-0.013780166402557619
23903,-0.23331995563113925
23904,-0.10131959641089917
23905,-0.15990079348389472
23906,-0.11272148727790765
23907,-0.020321610009186027
23908,-0.08174866717698055
23909,-0.23759198797730882
23910,-0.018959532955611473
23911,0.06789155576976133
23912,-0.07234433170795056
23913,-0.020419576474764913
23914,-0.09705416458446907
23915,-0.012122727175847087
23916,-0.16750250781812584
23917,-0.011969591376573918
23918,-0.2427328663882328
23919,-0.040214500000772424
23920,-0.060008411010674036
23921,-0.013319739354305346
23922,-0.24578953564393935
23923,0.03345084061913424
23924,-0.006605639406545006
23925,-0.006605639406545006
23926,-0.061642827453953226
23927,0.012602135666865633
23928,-0.046142816407737625
23929,-0.009478412627317561
23930,-0.04317890658595953
23931,-0.2517872107144341
23932,-0.010800299947174071
23933,-0.05711370023367664
23934,-0.07238076409226793
23935,-0.07229437504197575
23936,-0.01634853276705997
23937,-0.014183176986357049
23938,-0.15842224255214848
23939,-0.04342620170970644
23940,-0.04546041473059515
23941,-0.04546041473059515
23942,-0.012846926943096961
23943,-0.0768013743181644
23944,-0.06319533171073306
23945,-0.06319533171073306
23946,-0.25082396365285764
23947,-0.1186619847841528
23948,-0.10189055042554984
23949,-0.04775065003388603
23950,0.010617701400560071
23951,-0.250924901762251
23952,-0.2509364253219472
23953,-0.022032542127001856
23954,-0.1631250811109945
23955,-0.15828667440882266
23956,-0.015099022156924331
23957,-0.11339756212653704
23958,-0.043251453450617434
23959,-0.2538416430218192
23960,-0.02671971806445646
23961,-0.022181425611837446
23962,-0.2517186905664726
23963,0.03194098020732836
23964,0.01718577434299539
23965,-0.06828668438717704
23966,-0.252276376485235
23967,-0.02309255427525454
23968,-0.16755170762738827
23969,-0.02526258126621325
23970,-0.05707358348557275
23971,-0.04018887234427247
23972,-0.018065160703129513
23973,-0.018065160703129513
23974,-0.09269963689711952
23975,-0.057642530528489784
23976,-0.032647016524912156
23977,-0.26014987338040535
23978,-0.012655019261200948
23979,-0.012443018387843485
23980,-0.05607552967625499
23981,-0.0077031307286643015
23982,-0.055501537164148435
23983,-0.05976015674356776
23984,-0.03068387076010848
23985,-0.03068387076010848
23986,-0.2617755786640829
23987,-0.06946499524117233
23988,0.06204414480260566
23989,-0.0681707128162097
23990,-0.02758193482164547
23991,-0.2627984531984395
23992,-0.16056661273272158
23993,-0.018734981936423218
23994,-0.1579188251448871
23995,-0.024644207055264863
23996,-0.08968221613855581
23997,-0.058769668686958314
23998,-0.01420876615520251
23999,-0.257569087320302
24000,-0.008045254231679665
24001,-0.010591743037719542
24002,-0.07127213331604416
24003,-0.2534528755420233
24004,0.040760645248061014
24005,-0.0846981343807398
24006,0.07807471961849474
24007,0.04767285562742416
24008,-0.07902162325467939
24009,-0.04174094752066884
24010,-0.012118705366243916
24011,-0.0690141547202004
24012,-0.2593901274847188
24013,-0.11757477954612809
24014,-0.0038296376343369054
24015,-0.015822357485351646
24016,0.0008749813492961959
24017,-0.07275217875955634
24018,-0.013360319907677306
24019,-0.15074141799242233
24020,-0.001667281186516026
24021,-0.008540115770350444
24022,-0.07356160762127786
24023,-0.2605450333952265
24024,-0.26354583642811
24025,-0.049003897722696685
24026,0.005776324582403655
24027,0.005776324582403655
24028,-0.01307201652470534
24029,-0.01307201652470534
24030,-0.15567963508075477
24031,-0.13313604106944923
24032,-0.07061443336869214
24033,-0.0072859195775266125
24034,-0.267350024957075
24035,0.03592262273038305
24036,0.1020483149994413
24037,-0.1552225039043291
24038,0.000450566659969123
24039,0.0034907001085350067
24040,-0.033668829812231967
24041,-0.03887483177017294
24042,-0.056870308406658465
24043,0.006982883774780683
24044,-0.0665747771160156
24045,0.013308646087176242
24046,-0.2653665847053895
24047,-0.1405211596456887
24048,-0.26414967008418316
24049,0.0635549512446855
24050,0.003505930127815588
24051,0.02849488505563845
24052,-0.03375745880512632
24053,-0.09358794676857922
24054,0.013177433732319145
24055,-0.2622306452198544
24056,0.015294987550790125
24057,-0.03784771214855012
24058,-0.16403522655518998
24059,-0.04350492229087921
24060,0.0067486899411416165
24061,-0.06507480397581525
24062,-0.004294694026159107
24063,-0.07687419075740388
24064,-0.006673321781952931
24065,0.010549127182752228
24066,0.010549127182752228
24067,0.01142008585626947
24068,-0.013812087788244264
24069,-0.013812087788244264
24070,-0.045757840755046915
24071,-0.03937817037618655
24072,-0.26087248476250907
24073,-0.05557304334090011
24074,-0.2607962727369057
24075,-0.04639252814122731
24076,-0.26206974265017574
24077,-0.020197529988192783
24078,0.021587775766410213
24079,-0.15831654414952645
24080,0.019976203193430478
24081,-0.02147335724226484
24082,-0.16111325095290063
24083,-0.05578742260845306
24084,-0.1491133734061272
24085,-0.05059508164766417
24086,-0.07430381007081188
24087,-0.0945065430157976
24088,0.007781093029203827
24089,-0.26102979334695187
24090,-0.05438093130296377
24091,0.003020044753099346
24092,-0.2653528047264249
24093,0.003020044753099346
24094,0.05298426860561528
24095,-0.07388168630663396
24096,0.01732021064840872
24097,0.0002400194788327786
24098,-0.09439184520492244
24099,-0.27071245140607425
24100,0.0018140312933566936
24101,-0.06114978764126406
24102,-0.05952975243220327
24103,-0.0545658391859094
24104,0.0063790998519014765
24105,-0.15550237917069393
24106,-0.024740887027225555
24107,-0.0570529373360638
24108,0.00030499504766927376
24109,-0.03598085438506413
24110,-0.026008582235472043
24111,-0.26092496188097597
24112,-0.002882697214006817
24113,-0.002882697214006817
24114,-0.05541131224540306
24115,-0.25584299707567326
24116,-0.148122848428579
24117,-0.05551287572223076
24118,-0.02449059377279779
24119,-0.02449059377279779
24120,0.013661605213739955
24121,-0.24630757040001078
24122,-0.1607024941940316
24123,-0.07706604359135447
24124,-0.14465575377380213
24125,-0.0016062342029621178
24126,-0.021013688574601067
24127,-0.11204769396396051
24128,-0.06322195056395487
24129,-0.04299464287359187
24130,0.001038787282083538
24131,-0.0820644479374864
24132,-0.01559606500129705
24133,-0.05530389931391241
24134,-0.24212361774637803
24135,0.010433497763417354
24136,-0.2370958673498338
24137,0.06581010914889857
24138,-0.09278714614744163
24139,0.01204172252219821
24140,0.018982454617228427
24141,0.024321829260489102
24142,0.024321829260489102
24143,-0.061868311003669074
24144,-0.08963931426052171
24145,-0.12715388375380723
24146,-0.23653250044400462
24147,-0.014957737281743794
24148,-0.0633725179506968
24149,0.0199352914920756
24150,-0.020331908990278785
24151,-0.020311416059632874
24152,-0.14073941898269465
24153,-0.02382459491600109
24154,-0.23350185808127744
24155,-0.03458426254470556
24156,-0.18128342595758765
24157,-0.23794489170079866
24158,-0.040989423921756175
24159,0.02857121411807335
24160,-0.13968814417200381
24161,-0.08390919771839757
24162,0.03950355298802406
24163,-0.23804430900091977
24164,-0.04524501814168391
24165,-0.1425702456557156
24166,-0.07317490337752547
24167,0.036345597149073344
24168,-0.06029793747327109
24169,-0.025555986829857835
24170,-0.09654489301688034
24171,-0.044141254692541855
24172,0.028389503431211414
24173,-0.24119557705190842
24174,0.058489588744421686
24175,-0.059766702351537124
24176,-0.2465172691177205
24177,-0.0984600024816872
24178,-0.058697983132776424
24179,0.020495039973355462
24180,0.014620715705318992
24181,-0.023634461201872438
24182,-0.06492682271994277
24183,0.019268923537737678
24184,0.02136146095423907
24185,0.02136146095423907
24186,0.02350623095381322
24187,-0.06591343188188933
24188,-0.2554908030650327
24189,-0.056766621294123805
24190,-0.02296975985226139
24191,-0.13382306697473736
24192,0.023248480295649836
24193,-0.0761334584905617
24194,-0.06002381575456288
24195,-0.2541225931685911
24196,-0.09055813243515072
24197,-0.060884013128719175
24198,-0.2541180074111208
24199,-0.13218122363903137
24200,-0.19947121737568924
24201,-0.07379489874576194
24202,0.018054968554836886
24203,-0.06147417669074255
24204,-0.24942444117406692
24205,0.01364996576186905
24206,0.01241044804160101
24207,0.06046748105128923
24208,-0.036916231199748024
24209,-0.13045047181189814
24210,0.0008015654302552036
24211,-0.07003560541072004
24212,-0.1289321859444579
24213,0.009880033763117867
24214,0.01731716609156591
24215,-0.08564982309236448
24216,-0.11195232974470379
24217,-0.08845776532596583
24218,-0.253206907359965
24219,-0.10708948566982451
24220,-5.4798907051987e-05
24221,-0.03232328775884596
24222,0.01617873392086082
24223,-0.25548120380794304
24224,-0.03304012771550461
24225,0.002282220352241473
24226,0.002282220352241473
24227,-0.25202940142948904
24228,0.039938396931186074
24229,-0.003830358848625977
24230,-0.053713469843864506
24231,-0.11946544657600501
24232,0.0022299407215120516
24233,-0.07846514495260738
24234,-0.24794826184098157
24235,-0.06504526500631051
24236,-0.0014426546502968325
24237,-0.0007730118412318625
24238,-0.08322550688125227
24239,-0.21742901443058865
24240,-0.08064632375423905
24241,0.03923516097907656
24242,-0.023075264899818298
24243,-0.24666497119852213
24244,-0.2463811247795243
24245,-0.024544613110270033
24246,-0.07263983475674454
24247,-0.11174590953051777
24248,-0.11079609782830067
24249,-0.0681492844874794
24250,0.13110146572683531
24251,-0.009447340325688966
24252,-0.06347079381462198
24253,-0.009714005984181484
24254,-0.15985387692356443
24255,-0.08237005326173812
24256,-0.10157890205097944
24257,-0.24611845256537865
24258,0.01550542467690809
24259,-0.25288951007956956
24260,-0.09900960513139871
24261,0.005257703667129945
24262,-0.09492182350074764
24263,-0.2590682436473142
24264,0.03631932064511269
24265,-0.07707201027505922
24266,-0.15201219686582362
24267,-0.0058741566840792795
24268,-0.0058741566840792795
24269,-0.10795296064280417
24270,-0.08082242140554347
24271,-0.00217504148110907
24272,-0.015693745850731883
24273,-0.10452531042936627
24274,-0.26109878911445544
24275,-0.10452531042936627
24276,0.0033454048537647396
24277,-0.05695575778145774
24278,-0.10629263238486751
24279,0.006730666128161891
24280,0.006730666128161891
24281,-0.0758207179842169
24282,-0.25753925269112476
24283,-0.2573032707303115
24284,0.031141754739763394
24285,-0.076709858641006
24286,-0.10342400569183366
24287,-0.2308192906304729
24288,-0.2571076106386192
24289,-0.08647208718160954
24290,-0.07757081941584987
24291,-0.09254816877065591
24292,0.020925556516163537
24293,-0.10429020188487546
24294,0.001408754764660805
24295,-0.05891001637770387
24296,-0.006025853006867749
24297,-0.06747987678489709
24298,-0.007697597866922291
24299,-0.2564205256937359
24300,-0.011922514541029976
24301,-0.10341056865139285
24302,-0.01425495317137925
24303,-0.2443416949891697
24304,-0.2443416949891697
24305,0.032357543352549666
24306,-0.06077170227903329
24307,-0.09089360704530644
24308,-0.08936768884269873
24309,-0.012870607824768964
24310,0.008501040266818513
24311,-0.08492238981322185
24312,-0.010814931687428893
24313,-0.06139068481437178
24314,-0.05811573748993427
24315,-0.02074979839870871
24316,-0.08922109512911022
24317,-0.013165146119507844
24318,-0.09115710854492358
24319,-0.09779238254136598
24320,-0.004097781094063062
24321,-0.2552575674720245
24322,-0.2552982848121571
24323,-0.08864834398078765
24324,-0.0601282751871946
24325,-0.057265891467868556
24326,0.014895243957187455
24327,-0.08546495318600807
24328,-0.2561122822996152
24329,-0.10377429924870593
24330,0.004632389818008563
24331,-0.08698079100778845
24332,-0.08812866898113453
24333,0.0352315074123632
24334,-0.06403263569467744
24335,0.009240490984406723
24336,-0.09927902350491441
24337,-0.09971247955908942
24338,0.013164438190205081
24339,-0.09551440984381727
24340,-0.26121129578121116
24341,-0.26370971403406
24342,-0.0033286442105137553
24343,0.01942271174483951
24344,-0.09577227236820367
24345,-0.09424833575445091
24346,-0.09303264589776457
24347,-0.0902631105032845
24348,-0.052648407413025046
24349,0.005329951043609007
24350,-0.09444956776922063
24351,0.02910065766576122
24352,-0.2613690097001269
24353,-0.09004080489697325
24354,0.02844092212249914
24355,-0.004112904625532523
24356,-0.0682951887749243
24357,-0.2564107471836887
24358,0.03617885672804869
24359,-0.2554075702080362
24360,-0.04842295764483414
24361,-0.2550828027998325
24362,-0.06550289719562348
24363,-0.0011390459009439574
24364,-0.0826534743989759
24365,-0.08974465693061708
24366,0.04851907978282126
24367,-0.07638019724215978
24368,-0.25738980506362596
24369,0.04567243948243371
24370,-0.10265490934432463
24371,0.05815274319257482
24372,-0.26761990921105444
24373,-0.26725708022111705
24374,0.00857711582689283
24375,-0.11132832616898525
24376,-0.10542284379981401
24377,-0.037483597798607736
24378,-0.06277621312591294
24379,0.0549701447248134
24380,-0.26118328834670196
24381,-0.06408017702043523
24382,0.04867901746948345
24383,-0.07789126824809856
24384,-0.030722410565906928
24385,0.06981445344679695
24386,0.03484853550120513
24387,-0.06043287127492612
24388,0.03317341559604971
24389,-0.05855890525161577
24390,-0.005871471490704661
24391,-0.053691151433358
24392,-0.25347410960507216
24393,-0.08448082773025535
24394,0.04350061237707585
24395,-0.12279995165847209
24396,-0.042592509825370606
24397,-0.25059931519812223
24398,0.04809739623625914
24399,-0.06265985829626135
24400,-0.10306736158476083
24401,-0.11536523106150133
24402,-0.03787462916156624
24403,0.02237780725263318
24404,0.011896241925214204
24405,0.008352823153587135
24406,0.008352823153587135
24407,0.019081079367980393
24408,0.019081079367980393
24409,-0.025384838981531797
24410,0.034449094252322475
24411,-0.030383837773144372
24412,0.02071067032205127
24413,-0.1662720940993082
24414,0.02659186782785122
24415,0.002433797157712763
24416,0.02775204400894046
24417,0.03213772642018495
24418,-0.017863588041474098
24419,0.027472312061447974
24420,0.0032953060278797133
24421,0.033565645696528604
24422,0.03464910932524091
24423,0.021393115827122108
24424,0.009772538271917543
24425,-0.01964522897523303
24426,0.005399497757985399
24427,0.01837098145617046
24428,0.007741555807592787
24429,0.004911959408396487
24430,0.015287591182517208
24431,0.017660615133168127
24432,-0.00013265594467532407
24433,-0.0788071675010003
24434,-0.02927041547078827
24435,-0.029881741459707876
24436,0.01628311004765064
24437,-0.08510883203248779
24438,-0.0034148996447493367
24439,-0.032107948715709385
24440,-0.07024019005944548
24441,0.0478784179642584
24442,-0.01559409408216722
24443,-0.06815729713898655
24444,-0.007396473250512467
24445,-0.04809992036443192
24446,-0.0298605942058909
24447,-0.0811569226952319
24448,-0.05032000710170555
24449,0.0305563827477305
24450,-0.029365627680886457
24451,0.026113669925465863
24452,-0.02965295620055102
24453,-0.009204281135584066
24454,0.04166833460152262
24455,-0.07261169630611485
24456,-0.02733750874603106
24457,0.025116295722882112
24458,-0.04887156539471704
24459,-0.04887156539471704
24460,0.007052964269926794
24461,-0.020836557287703526
24462,0.012126607290919529
24463,0.029037042801321664
24464,-0.014310068276343702
24465,0.02754729790809054
24466,0.05920982480453783
24467,-0.041787017193839274
24468,-0.041787017193839274
24469,0.03252730552418529
24470,-0.03767287318350089
24471,-0.04266450155854403
24472,-0.04014117550768347
24473,-0.004080450874967714
24474,0.0010198394474056805
24475,0.027421435978583167
24476,-0.0017797003615473883
24477,-0.08420779232331688
24478,-0.03549800788251438
24479,0.03630134763004759
24480,-0.027921921747956824
24481,-0.03409527592204415
24482,0.04001621286073744
24483,-0.03409527592204415
24484,-0.005504460949194445
24485,-0.08821052473768576
24486,0.018926908801615273
24487,-0.12414914083316143
24488,-0.05417135907313098
24489,0.049845347966091996
24490,0.05169300628972509
24491,-0.016213040393873827
24492,-0.04137682978954453
24493,0.05604916319027974
24494,-0.04614049523429502
24495,-0.038655510152388356
24496,0.022988919471910004
24497,-0.02276017974802103
24498,-0.08220397594651936
24499,0.0521650249851377
24500,-0.04382055694292412
24501,0.04705864207872552
24502,-0.04696865514026631
24503,-0.04645450440881231
24504,-0.04645450440881231
24505,0.03946220961054228
24506,0.03851887260378138
24507,-0.026178386089018794
24508,-0.011470799861016515
24509,0.04353582244008503
24510,-0.04858912289405395
24511,-0.010758050087013325
24512,-0.02949011817064802
24513,0.028625554613468805
24514,-0.027390042738813892
24515,-0.045286950225909436
24516,-0.04040521986679744
24517,-0.08765179189701795
24518,0.01951115620916527
24519,-0.03073300847624189
24520,-0.03073300847624189
24521,-0.08664606114296526
24522,0.01948194782059797
24523,-0.05163533356387815
24524,-0.03752472132045104
24525,0.002593053447964808
24526,-0.028893647133911234
24527,-0.03695967548393311
24528,-0.06991954636900576
24529,-0.03195841223816771
24530,-0.03381231771202278
24531,-0.02393690688616431
24532,-0.02674842254848679
24533,-0.028549733041965522
24534,-0.022909158075411964
24535,-0.13096697823995998
24536,-0.04010012251007106
24537,0.001142249191678361
24538,0.028506018488641396
24539,-0.10481988414213114
24540,-0.058770299057626096
24541,-0.035409092076058274
24542,-0.02611349310484497
24543,-0.001200736960307474
24544,-0.001200736960307474
24545,0.019862718407297263
24546,0.003276315607256663
24547,-0.06310296616955238
24548,-0.03061794215941419
24549,0.018836104410785096
24550,-0.054513513853377195
24551,-0.03938152766635062
24552,0.008831905001076466
24553,-0.1064682207688908
24554,-0.044819609299949735
24555,-0.05752467034155195
24556,-0.0232130288575119
24557,-0.031922562438244866
24558,-0.03370047897130164
24559,0.013049498078116225
24560,0.014802107588246087
24561,-0.04678473297289214
24562,-0.04682819396993013
24563,0.020510203336473187
24564,0.035045175734030584
24565,0.016764009703223105
24566,-0.09202678861872461
24567,-0.06118140361205681
24568,-0.058059365086240274
24569,-0.03685718468845707
24570,-0.03959508825992582
24571,-0.041134071629172195
24572,-0.060944346394380254
24573,-0.01592802711700328
24574,-0.01918756248463982
24575,0.03337413393875481
24576,-0.04973629580485849
24577,-0.022304923653230453
24578,0.012696186072095661
24579,0.03844111508216374
24580,-0.05520481501056882
24581,-0.019769461376287486
24582,-0.05355254750194306
24583,-0.012730931506109065
24584,-0.03347692541975825
24585,-0.10459277282221685
24586,-0.031178189845763645
24587,-0.04531721180205707
24588,-0.04907643813202175
24589,-0.0977598502235313
24590,0.044843612466887166
24591,-0.007361925377889194
24592,0.0327317984410521
24593,-0.06980017241853935
24594,-0.0010344659825935153
24595,0.030339115791939878
24596,0.030339115791939878
24597,0.008198965674736025
24598,-0.05005429022222008
24599,-0.06293987292608454
24600,0.026085922072216685
24601,0.0010533536976187914
24602,-0.04151085224232629
24603,-0.07161536202310326
24604,0.00802208058198168
24605,0.007478056042626249
24606,0.008083226093700158
24607,-0.09783319392223801
24608,0.012916337401014073
24609,-0.051675340149878846
24610,0.011900633559989675
24611,0.0014545587583080313
24612,-0.05248394098086982
24613,0.007789664686254706
24614,0.007131957070875047
24615,-0.04467940784968636
24616,0.053180150566398916
24617,-0.08340722839239754
24618,-0.08644849937932368
24619,-0.08679995571294034
24620,0.004079065751568358
24621,-0.012070981990112766
24622,-0.06463230757570153
24623,-0.08797486543006261
24624,-0.03717359915739413
24625,-0.08784195316496206
24626,-0.12596938038674443
24627,-0.06088208374443683
24628,-0.009844015095774428
24629,-0.09328909697227793
24630,-0.09408443468289168
24631,0.010271205513075476
24632,-0.03389565784000963
24633,0.010271205513075476
24634,-0.024247730422826463
24635,-0.008167870841354818
24636,-0.08162281087430007
24637,0.014039675288416275
24638,-0.06514229208184877
24639,-0.029601371926517347
24640,-0.06316906110539286
24641,-0.06316906110539286
24642,0.001862818413858675
24643,-0.05677666388547661
24644,0.0069846426758827145
24645,-0.09742217233970928
24646,0.012991995926742463
24647,0.03539994362661572
24648,-0.043994654246561106
24649,-0.030776615579557524
24650,-0.14115860418138315
24651,0.010765868886578203
24652,0.00704181665467987
24653,-0.12208933778913306
24654,0.007319978953560812
24655,0.02620145355024185
24656,-0.04305444333875025
24657,-0.09029340150605326
24658,0.005885417861215908
24659,0.008544976784131441
24660,-0.09227974464005287
24661,-0.06361779311498399
24662,-0.09371511234903149
24663,-0.03899281227553761
24664,0.008830502611338189
24665,-0.0717748290804168
24666,0.014591700006995837
24667,-0.03720165587637954
24668,0.0077504289002691875
24669,-0.0792628739091896
24670,-0.061078316161357095
24671,-0.010380090473905833
24672,-0.1188333183979296
24673,-0.002887371614217716
24674,-0.1022722947679311
24675,0.0073628995728588905
24676,-0.06187231929201905
24677,0.00499737194933541
24678,-0.10158901775227364
24679,0.00791001747391971
24680,-0.02581800131424604
24681,0.06742922122373664
24682,0.0068163095346471655
24683,-0.05715772036715103
24684,0.003177561767152614
24685,-0.037662164779759054
24686,0.00990326183245196
24687,-0.07669098804435605
24688,-0.07559255091335831
24689,-0.0597545551682717
24690,0.006116746448593938
24691,-0.02949066063293478
24692,-0.03407719181556389
24693,0.008437419577805933
24694,-0.14303325932847097
24695,0.01248362250659379
24696,-0.06220752145320532
24697,-0.0363785202715216
24698,-0.10420240033158504
24699,-0.0035196041867256106
24700,0.010822829359918074
24701,0.008368713090822918
24702,0.00895808724131252
24703,-0.0014228310070140246
24704,0.010004626973238595
24705,-4.236814301683378e-05
24706,0.015849297262104156
24707,0.011495073266406341
24708,-0.03715988761004646
24709,0.011495073266406341
24710,0.011495073266406341
24711,-0.08166182354875334
24712,-0.07086433215912746
24713,-0.0649022517727851
24714,0.006137569703021567
24715,0.012385869353536857
24716,0.011514745775763374
24717,-0.0019513702465870193
24718,0.0699563274219989
24719,0.011084237571569731
24720,-0.10780124258856905
24721,-0.08339437412609835
24722,-0.009375406860783003
24723,-0.08257452168889413
24724,-0.0849385347818222
24725,-0.05159638550499608
24726,0.023205289508795333
24727,0.00406329267600493
24728,0.009210167802409087
24729,-0.08842912623779906
24730,-0.0864997705484078
24731,-0.0864997705484078
24732,-0.03920171410663545
24733,0.00294594600018926
24734,-0.043826188721034845
24735,-0.08777875389758492
24736,-0.12414336865675604
24737,0.00805800064020781
24738,-0.08172378647268849
24739,-0.08685388364584441
24740,-0.059178896200256736
24741,-0.06425463838778507
24742,-0.044571613040610726
24743,0.012398551608713745
24744,-0.08648057415870518
24745,-0.04903501130539769
24746,-0.018039888406980526
24747,-0.08409616227780278
24748,-0.07438688160332153
24749,-0.09449032002713027
24750,0.005487126364175437
24751,-0.011793169573891525
24752,-0.023372373675213904
24753,0.02857732409789862
24754,0.028092399745244707
24755,-0.14820315167708137
24756,-0.025250299802893516
24757,-0.08150825215505511
24758,-0.02618458889803774
24759,0.03562002947896039
24760,-0.02255411552176182
24761,-0.08584806335399724
24762,-0.06216586846111942
24763,-0.07745468868630703
24764,0.032098133842365845
24765,0.043418844690700946
24766,-0.06088468304587428
24767,-0.039029720784426104
24768,-0.026381596041914986
24769,-0.07518882914098834
24770,-0.06478382123438282
24771,-0.030004395355607373
24772,-0.07352063539397692
24773,-0.03474178272286681
24774,0.07514095913101124
24775,-0.04582827591274921
24776,-0.022983774816707082
24777,0.055722530097151134
24778,-0.05337253285047268
24779,-0.05337253285047268
24780,-0.07226017912578551
24781,0.054141267018141925
24782,0.020690276463297876
24783,-0.02948661693441984
24784,-0.049339677596042394
24785,0.04908925812939207
24786,-0.030645921227903123
24787,-0.05187467060601246
24788,-0.03964864811799367
24789,-0.05187467060601246
24790,-0.03249291036440809
24791,-0.06818735981610141
24792,-0.04875009942874653
24793,-0.1110301967033949
24794,0.045412809549779505
24795,-0.04435732184518422
24796,-0.03299213976881021
24797,-0.06156096846994489
24798,0.06189892596216049
24799,-0.07963825854189795
24800,-0.026126186864742162
24801,-0.05358301856721605
24802,-0.08965198905469603
24803,0.013350802163223692
24804,-0.1343077116642361
24805,-0.06011473338372354
24806,-0.06011473338372354
24807,0.022760092230622038
24808,-0.06563332494686293
24809,-0.05966178816762039
24810,-0.05966178816762039
24811,-0.05372888834270335
24812,0.05897221339958172
24813,0.0434923163459028
24814,0.02336798442993636
24815,-0.02138960825756021
24816,0.03707810086540213
24817,-0.05830773115505243
24818,-0.05830773115505243
24819,-0.058165721327548034
24820,-0.061005210648627475
24821,-0.06105320021752271
24822,-0.06105320021752271
24823,-0.06141011877999405
24824,-0.042052273351857274
24825,0.06412389918615423
24826,-0.04564263653319468
24827,0.03081486160393676
24828,-0.03944419156553576
24829,0.01987381796206349
24830,0.028632856100438666
24831,-0.04595057461340728
24832,-0.03762644105750544
24833,0.027508908268967246
24834,-0.045722349693771216
24835,-0.045722349693771216
24836,-0.11733745553010282
24837,-0.035433815188713615
24838,-0.02374858512865924
24839,-0.06171178557513525
24840,-0.06963647848790949
24841,-0.015423405103791006
24842,-0.025175966886449335
24843,-0.06174392574011108
24844,-0.06044127779035461
24845,-0.047033939676390975
24846,-0.011860009646347753
24847,-0.04240605991131705
24848,0.0136348732377306
24849,-0.08764212569448393
24850,0.011546005524442796
24851,-0.10162243285693133
24852,-0.09647805512969022
24853,0.003126240609432631
24854,-0.061845215129082316
24855,-0.029922475968891058
24856,0.020652830036753767
24857,-0.13584017347992902
24858,-0.06180662876317287
24859,-0.0576245189575468
24860,-0.051590321733817376
24861,0.007995481480858681
24862,-0.07616278725883123
24863,0.016319543314009248
24864,0.017438236132068723
24865,-0.06454498979274761
24866,0.006414481291901947
24867,-0.05687967717659519
24868,0.016728104907599278
24869,-0.0893792920530903
24870,-0.0657650937688358
24871,-0.03044511831802223
24872,-0.11024298787011773
24873,-0.04558090174323293
24874,-0.05241855489949373
24875,-0.02811377608743874
24876,-0.03595476751812084
24877,-0.08435208894861967
24878,-0.05028202785427651
24879,-0.026764521151103303
24880,-0.04147756968665567
24881,0.01759141364141332
24882,0.024187508544198218
24883,-0.023276220908658697
24884,-0.0691739346561511
24885,-0.06945554924469263
24886,-0.03288512832961649
24887,-0.05153328521767309
24888,0.07316674609738949
24889,0.019991690228035187
24890,0.022393220265607243
24891,0.00021684851772950343
24892,-0.07242650865423705
24893,-0.03813906140420175
24894,-0.0807382433012746
24895,0.016528927483190077
24896,-0.05546813191181854
24897,-0.03727116489912187
24898,-0.08513335898861148
24899,-0.046529186810596236
24900,0.016273347612590243
24901,-0.051578407526279416
24902,-0.042686562283349536
24903,0.012830510073527321
24904,-0.0738833807466349
24905,-0.12438163139767949
24906,-0.08329536338937873
24907,-0.11354717961820053
24908,-0.07593891013119314
24909,0.015200380960370394
24910,0.009125231360854441
24911,-0.020848811060259233
24912,-0.08918772186317823
24913,0.007600655474771531
24914,-0.05954822616040812
24915,-0.10393640183431718
24916,-0.079242804951416
24917,0.006234762119646409
24918,0.014386455992822423
24919,-0.08534629181874687
24920,-0.005210731953390821
24921,-0.0808384075577276
24922,-0.0808384075577276
24923,0.008029240600795037
24924,0.009983762084406177
24925,-0.05993041705906571
24926,-0.040169828455696534
24927,-0.08263031286233233
24928,0.021302493174482965
24929,-0.05920005899649228
24930,-0.08325756471090948
24931,-0.06220514716480678
24932,0.06970622536561376
24933,-0.034579569559451614
24934,-0.05600450653966749
24935,0.024776695641492916
24936,0.005301876668455037
24937,-0.1330566809337344
24938,-0.08363732238091574
24939,-0.03678375996301997
24940,-0.03678375996301997
24941,-0.056976618935631204
24942,-0.056976618935631204
24943,0.032171668992493685
24944,-0.05449435825087704
24945,-0.0643078075680513
24946,-0.06723670350582185
24947,-0.033059236455288764
24948,-0.043553426852949224
24949,0.025873341985318547
24950,-0.07792682741485923
24951,-0.08857322191637589
24952,0.005220140033629179
24953,0.027152252902669684
24954,-0.06975327422221954
24955,0.03265441381566885
24956,-0.110721923166744
24957,-0.06751314741263184
24958,-0.08092397424755116
24959,-0.09432568033251816
24960,-0.06653376468919467
24961,-0.016739873523278014
24962,-0.05051824344858136
24963,-0.05630958075557041
24964,-0.09126035053333222
24965,-0.08682470832871826
24966,-0.08682470832871826
24967,-0.0881233121055196
24968,-0.04039793090017063
24969,0.000887689801566629
24970,-0.011965297960769445
24971,-0.11652392222637711
24972,-0.05993563828724386
24973,-0.090394000527429
24974,-0.04234789023801752
24975,0.043788450929224364
24976,-0.09236127396635789
24977,-0.08283650540833469
24978,-0.004390883583374935
24979,-0.12993244356048803
24980,-0.05360991274794303
24981,-0.09299677482646723
24982,0.04255693525611397
24983,0.0402947381315784
24984,0.03512397829859656
24985,-0.0955701885660977
24986,-0.0840208269315456
24987,-0.06589361689519097
24988,-0.08563978032938856
24989,-0.08812837239856501
24990,-0.12925702949778636
24991,-0.041919389746714754
24992,-0.06690391835774587
24993,-0.025349270972571288
24994,-0.13198447773549182
24995,-0.011557348280418425
24996,0.02967998718023553
24997,-0.02509614843875946
24998,-0.089545441348926
24999,0.031942869616631384
25000,-0.06711583139388969
25001,-0.05146557741229717
25002,-0.0831505261705869
25003,-0.08658849325627803
25004,-0.018676334128103173
25005,-0.028644547675757696
25006,-0.11335558907376456
25007,0.01482492768230656
25008,0.06870391902061203
25009,0.02603557135935016
25010,-0.0817398903684639
25011,-0.08408990656356363
25012,-0.08408990656356363
25013,0.026045404444262416
25014,-0.05652885369262082
25015,-0.0793333272462975
25016,-0.08612466380358033
25017,0.02401967697013015
25018,-0.10224317674266002
25019,-0.13696759293878868
25020,-0.08657610870167574
25021,-0.027872349326516433
25022,-0.08411538840968485
25023,-0.08987258519402985
25024,0.021278456957336687
25025,-0.015076659146837843
25026,-0.05639265032730159
25027,-0.110368359037835
25028,0.021187466738197828
25029,-0.09299997431950842
25030,-0.09687584247123147
25031,-0.06016343502822959
25032,0.012105921432611256
25033,-0.035400469213034864
25034,0.017591210765474666
25035,-0.0847072173255158
25036,0.017591210765474666
25037,-0.060008500759668106
25038,-0.01805850047804158
25039,-0.0866428605316901
25040,-0.08486477635372665
25041,0.01796656077711516
25042,-0.08450694900787716
25043,-0.08450694900787716
25044,-0.08450694900787716
25045,-0.04624212546098788
25046,-0.08249982462187835
25047,-0.13398434059948122
25048,0.053795083489306485
25049,-0.09073290796567378
25050,-0.059819504334151695
25051,-0.059819504334151695
25052,-0.018092177057011903
25053,-0.07513419654732592
25054,-0.04623145305637832
25055,-0.04623145305637832
25056,-0.12799493390678754
25057,0.009227012653362423
25058,-0.045330465620988775
25059,-0.081891813138576
25060,-0.10374904292012295
25061,-0.013925074977574167
25062,-0.10144419430891145
25063,0.01447419586325664
25064,-0.05932566819065265
25065,-0.12304990840736638
25066,-0.0797868556563644
25067,0.010236865640922965
25068,-0.001822093066950135
25069,-0.10342789191094308
25070,0.008482813009304842
25071,-0.055430971073211814
25072,-0.10582401756448823
25073,-0.006378746763234851
25074,-0.04169907063054707
25075,-0.10634848472315708
25076,-0.02922896907451452
25077,-0.10479775058363003
25078,-0.04686542201896108
25079,-0.0512870492048524
25080,-0.10543442073550799
25081,-0.09467359595348929
25082,-0.018127481243850312
25083,-0.11988280805598743
25084,-0.007980911314025162
25085,-0.09267601821643354
25086,-0.019302609615879415
25087,-0.09599448578991657
25088,-0.015580868558907704
25089,-0.11827535516041632
25090,-0.09569387361567049
25091,-0.08067403885241906
25092,-0.07432762917799943
25093,-0.01719528757967763
25094,-0.01719528757967763
25095,-0.09547196683005767
25096,-0.09537814161704206
25097,-0.07123969356523789
25098,-0.05135021865542467
25099,-0.09506384363483651
25100,-0.0952438577401591
25101,-0.021141724336623213
25102,-0.09403468590259731
25103,-0.13203196082010996
25104,-0.09946246326689359
25105,-0.09398736402724112
25106,0.0524542629093578
25107,-0.02326896998003859
25108,-0.09448196093324357
25109,-0.05891358037067757
25110,-0.03201165534380479
25111,-0.09838763902158791
25112,-0.0876125250134183
25113,-0.036428152739365144
25114,-0.03707660790134767
25115,-0.05881118677146692
25116,-0.08953615075238507
25117,-0.046422191773494575
25118,-0.10342061781340137
25119,-0.10307058633167118
25120,-0.045357876922497646
25121,-0.03981880045636125
25122,-0.053492836136486706
25123,-0.04299989478717066
25124,-0.03899081019474938
25125,-0.09226068915478632
25126,-0.09311988171733913
25127,-0.04181194439222954
25128,-0.09498320798610789
25129,-0.09423281360070844
25130,-0.0319086805370476
25131,-0.06393948148714224
25132,-0.08536254311878647
25133,-0.10566827851248062
25134,-0.09015945429532367
25135,-0.09015945429532367
25136,-0.032948890802605234
25137,-0.04110810983489763
25138,-0.09908351922327775
25139,-0.03878174206840742
25140,-0.03442946429623018
25141,-0.07237731183559802
25142,-0.040814225670475324
25143,-0.08868793455133979
25144,-0.03858758247047167
25145,0.012879594118711842
25146,-0.04199365668083073
25147,-0.08804258521307837
25148,-0.08691952912448436
25149,-0.04203569517009985
25150,-0.0730739472629848
25151,0.07222812905713051
25152,-0.03986577816578719
25153,-0.0880064720737042
25154,-0.0925465399301473
25155,-0.0435873026020468
25156,-0.08782712504614368
25157,-0.08782712504614368
25158,-0.04439228149141581
25159,-0.06538435293799888
25160,-0.12319784756683505
25161,-0.03302813428366177
25162,-0.09372805579152409
25163,-0.046550586641538584
25164,-0.08494768187992602
25165,-0.08028629672840737
25166,-0.0465729138680218
25167,-0.08585628510088639
25168,-0.08028629672840737
25169,-0.09699252388022363
25170,-0.03189230051963388
25171,-0.06510614412143602
25172,-0.06510614412143602
25173,0.006070117320796715
25174,-0.048998914614926094
25175,-0.04934887954339021
25176,-0.08499829374192233
25177,-0.01589762317217454
25178,-0.048098007750862794
25179,-0.05054973135584957
25180,-0.0944267638409007
25181,-0.014379049619651078
25182,-0.06735572699956745
25183,-0.06207457844062294
25184,-0.06961572465075978
25185,-0.08497873780198734
25186,-0.0676340396431449
25187,-0.10525105952370734
25188,-0.05249203344132724
25189,-0.05054243288993229
25190,-0.03616551879559174
25191,-0.028393859914087834
25192,-0.07179849578190828
25193,-0.030090622516647462
25194,-0.07231303374784716
25195,-0.08402599282093463
25196,-0.08936020522905713
25197,-0.06409153117911695
25198,-0.07051258530304859
25199,-0.03951699859956743
25200,-0.06690793974884697
25201,-0.05903379152874244
25202,-0.06138308689109533
25203,-0.0493035613300206
25204,-0.03909769874420281
25205,-0.06186335999018921
25206,-0.03602270952591707
25207,-0.0630962945438299
25208,-0.0630962945438299
25209,-0.004461753912086943
25210,-0.06564253376320142
25211,-0.056163633326403097
25212,0.06407715442073236
25213,-0.13532313419940908
25214,-0.049118394105034185
25215,-0.02653844014541958
25216,-0.02920799570588427
25217,-0.05617597859419911
25218,-0.03193763982138045
25219,-0.09666443163977043
25220,-0.0418456856082326
25221,-0.0418456856082326
25222,-0.1017902047580817
25223,-0.023164840807620553
25224,-0.024950739857062663
25225,-0.03416914103840995
25226,-0.06586326878176987
25227,-0.06251876074091504
25228,-0.08686479589979981
25229,-0.03511296685930887
25230,-0.03924380474414701
25231,-0.05917402819516157
25232,-0.06064782966712806
25233,-0.09704741246358506
25234,-0.039481719899829786
25235,-0.06468604338748712
25236,-0.11572021620867337
25237,-0.006733452410661001
25238,-0.025352709081715236
25239,-0.06386830098503066
25240,-0.053311984980670045
25241,-0.01909277211966403
25242,-0.08281400978218416
25243,-0.03851176546969816
25244,-0.06918355981880124
25245,-0.04868607129331596
25246,-0.04868607129331596
25247,-0.03024891339566609
25248,-0.08484063980477681
25249,-0.04798961319915919
25250,-0.05027847389154213
25251,-0.02362381235177096
25252,-0.07156862165643497
25253,-0.03449796613732713
25254,-0.056407948437163985
25255,-0.07157131396059654
25256,-0.10142921343948176
25257,-0.023258974244689083
25258,-0.024325374479203188
25259,-0.05293366205138502
25260,-0.038777831772827516
25261,0.0552285022876023
25262,-0.08992814241762266
25263,-0.06524339363972322
25264,-0.011621653500694275
25265,-0.002721748751548357
25266,-0.01509673491731479
25267,-0.03727662011930198
25268,-0.09344914005051277
25269,-0.0916958757592887
25270,-0.041018349026728164
25271,-0.06369419447569313
25272,5.428975540299472e-05
25273,-0.04104398747984972
25274,-0.04127342119809935
25275,-0.05285016881125538
25276,-0.043556316591673666
25277,-0.015710298142496675
25278,-0.05868499548618081
25279,-0.06147700416494447
25280,0.012196019368178379
25281,-0.08189658263755514
25282,-0.00033322042295518006
25283,-0.060244817734610184
25284,-0.1404406502186642
25285,-0.05313316012464177
25286,-0.08458847034339895
25287,-0.055415514439070446
25288,-0.029592372424500465
25289,0.0021909474299440382
25290,-0.052160809585462736
25291,-0.11278550380514053
25292,-0.028623198800644192
25293,0.05749402667573255
25294,0.00308712788573252
25295,-0.028386319283770587
25296,-0.0516052734853295
25297,-0.03398898804619428
25298,-0.04691749948992286
25299,-0.04607436250614301
25300,-0.043225757373838165
25301,-0.10450015454101727
25302,0.008044801097285403
25303,0.014405550080987447
25304,-0.05348724004163775
25305,-0.054608002528170836
25306,-0.04442903536240426
25307,0.011794261261976831
25308,-0.11198047720043236
25309,-0.026022652483792822
25310,-0.013887161843346563
25311,0.020417017109252814
25312,-0.05447435922705513
25313,-0.05447435922705513
25314,-0.04851240832342224
25315,-0.027301607739004894
25316,-0.05124274890699561
25317,-0.022280343208229594
25318,-0.0203097747714014
25319,-0.06582243693091287
25320,0.014180122612968431
25321,-0.07046367410946443
25322,0.003957243320329389
25323,-0.018879145215906813
25324,-0.08024648951501637
25325,-0.050950549790906685
25326,-0.10564302782742147
25327,0.002427639092054342
25328,-0.06981639595032058
25329,-0.06399453125333131
25330,-0.0009681048823898155
25331,-0.02627309753781472
25332,-0.057925854859114945
25333,-0.05921196799791635
25334,-0.12667717813323454
25335,-0.06041200354882639
25336,-0.061052161664395595
25337,0.04530058880383477
25338,-0.10677936857983104
25339,0.02443523972117446
25340,-0.010197130038782812
25341,-0.06458432233384676
25342,-0.06458432233384676
25343,-0.03970559779063189
25344,0.00504740749372465
25345,-0.005710988743114491
25346,-0.06667940044324816
25347,-0.027359482921953455
25348,-0.024737292697283548
25349,-0.005721212932701341
25350,-0.06467733577298716
25351,-0.005873140613564013
25352,-0.16140473316108306
25353,-0.07461501909768482
25354,-0.06326744955208305
25355,-0.020663239270988728
25356,-0.08202964312480814
25357,-0.02526200593119351
25358,0.016366939168325965
25359,-0.03378626514214039
25360,-0.11350590839732431
25361,-0.060563913200031065
25362,-0.03329115019443285
25363,-0.015623839417419023
25364,0.0049172300458915795
25365,-0.1253563845722108
25366,-0.061810094024075966
25367,-0.01341799694010522
25368,-0.05048846973566783
25369,-0.06084810103653386
25370,-0.05364516765250033
25371,0.01797129348352677
25372,-0.10799458265135493
25373,-0.04410661973219255
25374,0.01616076397953506
25375,-0.03146822328213252
25376,-0.04861882633569594
25377,-0.03078434571679803
25378,-0.0908521994095408
25379,-0.09327002569268537
25380,-0.0064005820001039
25381,-0.09380715810901825
25382,-0.01497308284607989
25383,-0.061446358502710574
25384,-0.12909475811591734
25385,0.0022178275407865634
25386,-0.05722855436401304
25387,-0.17143790088891345
25388,-0.08493378136933555
25389,-0.09053596551091768
25390,-0.01943480339298426
25391,-0.05235065747868491
25392,-0.04632075612377695
25393,-0.022585268672210307
25394,-0.0443099662454631
25395,-0.0417858275344819
25396,-0.0793932155189457
25397,-0.004121891392439933
25398,-0.07735776260884242
25399,-0.028969234379523943
25400,-0.07529699145237355
25401,-0.02482004750823702
25402,-0.0047309900409831145
25403,-0.0742000295304889
25404,-0.006376011748664188
25405,-0.05885733359602767
25406,-0.08346149531869661
25407,-0.055366655297207766
25408,-0.006254220731798744
25409,-0.05594764501126048
25410,-0.023459920667979077
25411,-0.07787746477164655
25412,-0.03192484891890396
25413,0.00046728821305148173
25414,-0.07611811032698132
25415,-0.10066033042294915
25416,-0.04728291442646833
25417,-0.007100317674970634
25418,-0.08782914900289007
25419,-0.04231171143615531
25420,-0.07180640372351385
25421,-0.01449228820236592
25422,-0.08776158622963925
25423,-0.019018305482495165
25424,-0.06367918706531121
25425,-0.06423051961650451
25426,-0.021444212736760022
25427,-0.08638457605908971
25428,-0.018441835249153736
25429,-0.05324898165408276
25430,-0.14804904006411032
25431,-0.06359870958967413
25432,-0.07589118747798902
25433,-0.05254830897365873
25434,-0.04201287410378114
25435,-0.0773039590586419
25436,-0.07772808644762345
25437,-0.0849436729120114
25438,-0.0840773580931004
25439,-0.0903630388618029
25440,-0.08249333954978795
25441,-0.04985325720774395
25442,-0.03983543470421163
25443,-0.014831861953420764
25444,-0.0821316842997214
25445,-0.09085436223601914
25446,-0.01021418346595206
25447,-0.007082771717592068
25448,-0.08754413180897344
25449,-0.012239135200390803
25450,-0.04343411580791944
25451,-0.062290875174692936
25452,0.0322693989105225
25453,-0.07114799009607778
25454,-0.07710709279598656
25455,-0.09211549633853847
25456,-0.10728678337297139
25457,-0.14875002200212353
25458,-0.13493945976865432
25459,-0.01414020437329319
25460,-0.06769900021666914
25461,-0.09674421666193211
25462,-0.031043216475192807
25463,-0.10709931450180665
25464,-0.15725642146319413
25465,-0.10082127751008496
25466,-0.10059629100506838
25467,-0.029249871552045413
25468,0.0007979270162212431
25469,-0.08155677847782435
25470,-0.034565809863085245
25471,-0.09765704245678009
25472,-0.03651341948774827
25473,-0.02378213660798965
25474,-0.09126484143320006
25475,-0.020540223393626583
25476,-0.0015991490336475962
25477,-0.0920138824717446
25478,-0.0802216504005736
25479,-0.06468535361973145
25480,-0.08751189635165323
25481,-0.006061322158313432
25482,-0.08359571157372649
25483,-0.02370966663659079
25484,-0.08211283587497013
25485,-0.08164629609353159
25486,-0.012470669258549262
25487,-0.08167868413672622
25488,-0.08167868413672622
25489,-0.10476078096965345
25490,-0.028990170020822055
25491,0.004611091881222062
25492,0.004611091881222062
25493,-0.1060082148178244
25494,-0.022623923227891297
25495,-0.050924291252772896
25496,-0.020199191734558305
25497,-0.09452592776768294
25498,-0.102565600728937
25499,-0.102565600728937
25500,0.006491474209759772
25501,0.03405166681694962
25502,-0.101956195511957
25503,-0.02706620284189063
25504,-0.026924504168158118
25505,-0.07851131554653121
25506,-0.020982619053029606
25507,-0.16378877147312543
25508,-0.08053595820420988
25509,-0.10726678500851998
25510,-0.1049807341866225
25511,-0.1646480816083619
25512,-0.019016895107023604
25513,-0.040976328593740015
25514,-0.09915428616164355
25515,-0.042319608252950565
25516,-0.059313764543732744
25517,-0.03092988376179749
25518,-0.12267624298704381
25519,-0.09726730169997112
25520,-0.07686489257935347
25521,-0.09487696379595792
25522,0.01031673806862693
25523,-0.014001457621941958
25524,-0.04644227452941356
25525,-0.11089742443364739
25526,-0.07869736537744292
25527,-0.1019655740074698
25528,-0.10504443927439419
25529,-0.010355820158417559
25530,-0.07296022145343066
25531,-0.10531519851773673
25532,-0.0033562908654521614
25533,-0.007368965130926841
25534,-0.0033562908654521614
25535,-0.09342401114263191
25536,-0.03273407876365088
25537,-0.10631935732617391
25538,0.00044383045043595973
25539,-0.10864118446151264
25540,-0.07333948076181095
25541,-0.03858691144842795
25542,-0.10260581260685299
25543,0.006850902235374586
25544,-0.03577856640341231
25545,-0.10184015176514064
25546,-0.06351790318739993
25547,0.011092239067084233
25548,-0.11546681794671149
25549,0.0029977071096556024
25550,-0.03991089327523593
25551,-0.10129696473066292
25552,-0.0005689367494605824
25553,-0.003401153974709072
25554,-0.11446253667800327
25555,0.03788943460299677
25556,-0.11436164602667559
25557,-0.13616577750115746
25558,-0.057193564600992355
25559,-0.06860123541504419
25560,0.00541910410963488
25561,-0.08785723848792892
25562,-0.0951397550069443
25563,-0.09076243559288089
25564,-0.11421645484977869
25565,0.011049032124896583
25566,-0.15411158304213018
25567,-0.1040606720500328
25568,-0.13200085288573715
25569,-0.10909205163073311
25570,0.030737226590974425
25571,-0.04331889869603859
25572,-0.04425161796432225
25573,-0.10413437269167572
25574,-0.10419213229835478
25575,-0.054200975951206265
25576,0.019316974102742957
25577,-0.0997547306323396
25578,-0.002036848852524328
25579,-0.04126522490172387
25580,-0.0009856565286976927
25581,-0.10929518420687001
25582,-0.05687253887213721
25583,-0.08028861902007152
25584,-0.1279999766402247
25585,-0.09349155978581211
25586,0.0024321054385024283
25587,-0.11841090409908307
25588,0.021213746782496365
25589,0.009016624973743002
25590,-0.12300593859054487
25591,-0.12363073629668048
25592,0.009925829299604292
25593,-0.04113420261008246
25594,-0.11354794902452459
25595,-0.04028477617869466
25596,0.028379385373498156
25597,-0.12415466736833995
25598,-0.043991609562268844
25599,-0.06522045779062632
25600,0.014731290718215884
25601,-0.12746946050334676
25602,0.03779998214873898
25603,-0.10929865976720853
25604,-0.12677013980998816
25605,0.03988771181359495
25606,0.008173527041914503
25607,0.035941284020865175
25608,0.01767526778888084
25609,-0.11115441603343465
25610,-0.11115441603343465
25611,0.006608754463690654
25612,-0.045329648670356625
25613,-0.07435827748004413
25614,0.0271380816909061
25615,-0.024076907730806965
25616,-0.09976581931986878
25617,-0.08728226897581591
25618,-0.12954647593906515
25619,-0.13677562103095464
25620,-0.11658430616361257
25621,-0.12714755433790745
25622,-0.02492137244872679
25623,0.03138596328969005
25624,-0.12858061700891882
25625,-0.05436782438920474
25626,0.028706418532171714
25627,-0.07563443255814845
25628,-0.12018357115395803
25629,0.028946177937652195
25630,-0.055831158078274164
25631,-0.12740363039190541
25632,0.04324928643412676
25633,0.043253535411166735
25634,-0.08095863283013448
25635,-0.12832263481866787
25636,-0.11151719979218466
25637,-0.12947841533601914
25638,-0.12947841533601914
25639,0.03580410709208779
25640,-0.13672868647369477
25641,-0.10815451251615714
25642,-0.09216558459301805
25643,-0.12633430359490283
25644,0.04728913465518627
25645,-0.05553107528956056
25646,-0.13177067580866603
25647,-0.12847263117997088
25648,-0.12847263117997088
25649,-0.1312391111362978
25650,0.0014077031554512178
25651,-0.031402428513784685
25652,0.045855316037672025
25653,-0.13235058036717393
25654,-0.08194744404327134
25655,0.05019410600368247
25656,-0.1311526679740616
25657,0.04502482131398951
25658,0.008076218931111954
25659,-0.12158883024706882
25660,0.05105201153325291
25661,-0.035901278372695807
25662,-0.11989578323735739
25663,-0.12566799684132626
25664,-0.08382121178238536
25665,-0.08595079883036162
25666,-0.14014233091968392
25667,0.04812743727765215
25668,-0.10874898563732065
25669,-0.06955669025957024
25670,-0.12538377554032926
25671,-0.1449908145720338
25672,-0.07525756764145713
25673,-2.4800446538026532e-05
25674,-0.1255965714211112
25675,0.03897875212964624
25676,-0.14614059455514894
25677,-0.12678423008016199
25678,-0.12683274863362795
25679,-0.08917382047730248
25680,-0.15147658765943295
25681,0.03800535233131503
25682,-0.09036477332958741
25683,-0.12603836189681056
25684,-0.12352120628652331
25685,-0.12447973027860199
25686,-0.08267171047768737
25687,0.031185837551829024
25688,-0.08125940865558268
25689,-0.11984982945604941
25690,-0.12290744702575929
25691,0.03462892652091838
25692,-0.12244462661690042
25693,-0.01619643315742637
25694,-0.05483587362283072
25695,-0.1213288638173413
25696,0.040933002584489085
25697,-0.1524322141014029
25698,0.030805307975117928
25699,-0.0744312751050808
25700,-0.031812010044391784
25701,-0.007374074744363205
25702,-0.10791764243184566
25703,0.0385589435563177
25704,-0.09121548346879929
25705,-0.14652287723138635
25706,-0.15165189042432067
25707,-0.15165189042432067
25708,-0.11561524158438878
25709,0.02425109908883957
25710,-0.04798033585196573
25711,0.03356025116093531
25712,0.02213349842100912
25713,0.02213349842100912
25714,0.001759454417404762
25715,-0.07097076675177344
25716,-0.08206243360971169
25717,-0.11380668698786038
25718,0.02877374665100067
25719,-0.1256056359043729
25720,-0.10695869412773255
25721,-0.12659583780072967
25722,0.02434655532726966
25723,-0.1165448373815539
25724,-0.16125109509489158
25725,-0.033977270727154577
25726,-0.12517000742296866
25727,-0.026779256022358023
25728,-0.1674691596766191
25729,0.0013833741709711998
25730,-0.130750976298348
25731,-0.12566661701493442
25732,0.023368910905932853
25733,-0.07809253266283282
25734,-0.13301085897987086
25735,0.01980455744050201
25736,-0.062849111959537
25737,-0.036708157790367194
25738,0.022970674245079595
25739,-0.01650430781249464
25740,-0.07986042828726551
25741,0.03781644285579188
25742,-0.1357989684343147
25743,-0.11813984692589102
25744,-0.13768510858166108
25745,-0.08260107862061648
25746,0.013653839170145047
25747,-0.13330497682445008
25748,0.037082810367192305
25749,-0.13511691140899948
25750,-0.13511691140899948
25751,0.008177094723938053
25752,-0.13841630015117912
25753,0.009896639239235146
25754,-0.012505707774222203
25755,-0.03851351211515343
25756,0.007551729262994168
25757,-0.1714091149743486
25758,0.02903594655687865
25759,-0.07734612899548553
25760,0.006505199795198397
25761,-0.03377086174820722
25762,-0.07689462002893314
25763,-0.14412462232558682
25764,-0.17760116805854784
25765,0.0332814851425819
25766,-0.059436106496135066
25767,-0.023882362048202856
25768,-0.057530151947090186
25769,-0.020290756255668514
25770,-0.15923812197310686
25771,-0.06355556890158817
25772,-0.11784453808447432
25773,-0.07889525548967231
25774,-0.18646349243580207
25775,0.028970761645230603
25776,-0.04298904621480121
25777,-0.12754799781655607
25778,-0.19276091208892326
25779,-0.13012531797027282
25780,-0.13801720277448867
25781,-0.02217884561305341
25782,0.03694984380298339
25783,-0.13442793669110567
25784,0.019586101233969304
25785,-0.0730433188268649
25786,0.004706037985648388
25787,-0.13560161724034328
25788,0.027139137628150102
25789,-0.04470969618373356
25790,-0.197645044413507
25791,-0.07637119035655035
25792,-0.13571347977742804
25793,0.015838629613875256
25794,-0.12676687421863891
25795,-0.13256369050085978
25796,0.014773173718556555
25797,-0.08268475912833502
25798,-0.1341436858377923
25799,-0.13397078853588393
25800,-0.13397078853588393
25801,-0.020290858574622518
25802,0.00879899956217275
25803,0.013180064789811785
25804,-0.13480169353433874
25805,-0.19961751552952103
25806,0.011985725684477847
25807,-0.03161094364242215
25808,-0.08210162136979805
25809,0.014529869761162972
25810,0.019170762123015703
25811,-0.20154253647140513
25812,0.012476449449313233
25813,-0.09250743639292051
25814,-0.13481064236808202
25815,-0.17552958501854826
25816,-0.20722619974995626
25817,-0.20722619974995626
25818,-0.02828296414150225
25819,-0.13803792349405408
25820,0.0034713888420430023
25821,-0.07335553811193975
25822,-0.08469951106477906
25823,-0.11625768059972699
25824,-0.2149636248369808
25825,-0.13404113052367092
25826,-0.052785159004779446
25827,-0.040760866725045725
25828,-0.04042951232152858
25829,-0.028187483961332933
25830,-0.029867722577123498
25831,-0.12925695750573535
25832,0.029149659711573912
25833,0.006772160095439786
25834,-0.07705659942253398
25835,-0.050853653348044
25836,-0.13034665066348058
25837,-0.21254639395402358
25838,0.005573268062821838
25839,-0.027253231139738827
25840,-0.08480529442421142
25841,-0.12752081796317913
25842,-0.016023237120527715
25843,-0.11353796759493176
25844,0.004376614487088792
25845,-0.08116796602948663
25846,0.0037592943933285328
25847,-0.12247258830033549
25848,-0.11377400728008102
25849,-0.029206080461271135
25850,-0.12221834746099085
25851,-0.029356006035648148
25852,-0.20831656036567328
25853,-0.0377972289337399
25854,-0.17737197578459374
25855,0.03332390391994654
25856,0.036740833182277804
25857,-0.11392009746356638
25858,-0.20928443536606267
25859,-0.11108335776332913
25860,-0.09204111240980098
25861,-0.11227697890093376
25862,0.0018426299265358885
25863,-0.20974880817805702
25864,0.0073381304267653965
25865,-0.020898347545285224
25866,-0.09460557727076611
25867,0.027380769140987176
25868,-0.18157716380787176
25869,0.0062991125393752154
25870,-0.1084329406415607
25871,-0.12607404725301077
25872,-0.0032270995836703718
25873,-0.03929484469761532
25874,-0.07295782480039448
25875,-0.21446373735483126
25876,-0.06554445131933569
25877,-0.004088871163976198
25878,-0.0433155878087779
25879,-0.05753848059108738
25880,-0.21774931505176573
25881,-0.06621572573580183
25882,-0.021616405945376307
25883,0.010352678148528924
25884,-0.0022195753247681595
25885,-0.1330393082830131
25886,-0.13309136201985536
25887,-0.13309136201985536
25888,-0.04330432072661351
25889,-0.08660304370683346
25890,0.03198254653795804
25891,-0.00796958684047784
25892,-0.006208903504600617
25893,0.004376194540755884
25894,-0.0883127424653468
25895,-0.22360756188446
25896,-0.12667992045417656
25897,-0.17810887224590904
25898,-0.10977987056065684
25899,-0.010014143968673067
25900,-0.13495791732143125
25901,-0.13495791732143125
25902,-0.07594244543123464
25903,-0.13494663551455413
25904,-0.13941155504662617
25905,-0.13941155504662617
25906,-0.011278055785002053
25907,0.02125409446867797
25908,-0.007155858140255837
25909,-0.04174215384938121
25910,0.02077307635777457
25911,-0.146564954231417
25912,-0.22824445780747182
25913,-0.01329430309977664
25914,0.020499760090799048
25915,-0.03862196697570121
25916,-0.01909958714589148
25917,-0.010585442308549117
25918,-0.07728239173799067
25919,0.020063092727501463
25920,-0.14869867060135494
25921,-0.22683739774678227
25922,-0.22635507643449357
25923,-0.22635507643449357
25924,-0.0069695849986266345
25925,0.010496961385885533
25926,-0.058473341263032885
25927,-0.034791207065274665
25928,0.011962553739984665
25929,-0.22199973043174695
25930,-0.11231089072748407
25931,-0.080214181951541
25932,0.0060446714675796214
25933,-0.15697013383163372
25934,0.005182705696231493
25935,-0.03194633084917949
25936,0.004792141503053718
25937,-0.1569378296035166
25938,-0.19244321736619485
25939,-0.22307437134477792
25940,-0.03555493806730141
25941,0.007574567673007655
25942,-0.0899348586646666
25943,-0.01658360624653718
25944,-0.1573426723435877
25945,-0.07315227574367772
25946,-0.15746307508930893
25947,-0.15746889298321898
25948,-0.05968652523728874
25949,-0.18550047396246305
25950,-0.22999885644885207
25951,0.0022221478987666417
25952,-0.0023014531201215596
25953,-0.06749498346325138
25954,-0.16072382487907466
25955,-0.1613043025114106
25956,-0.008372357656753492
25957,-0.18381172774539759
25958,-0.08195085356238832
25959,-0.11132941790995202
25960,-0.1709086264552307
25961,-0.1743763326597884
25962,-0.17650220534731315
25963,-0.004741074880773802
25964,-0.004741074880773802
25965,-0.17755260211559384
25966,0.0009044419478540599
25967,-0.22813621839169862
25968,-0.05273619902113082
25969,-0.030513530470564543
25970,-0.053748395994221314
25971,-0.1773094005101871
25972,0.015889171751245972
25973,-0.03832999989469487
25974,-0.22603156395397667
25975,-0.06648897283021961
25976,-0.0018923398243599198
25977,-0.22579402149818792
25978,-0.004876720054906294
25979,-0.042739664920410564
25980,-0.03829765021053769
25981,-0.05501892858302253
25982,-0.06460561236793205
25983,-0.17762875203429607
25984,-0.19422587207210976
25985,0.0012110574845198173
25986,-0.10246631179671706
25987,-0.08337502221026137
25988,-0.22354111089233997
25989,-0.02769708397702954
25990,-0.028055020724599717
25991,-0.18996158856616405
25992,-0.0024464584757440413
25993,-0.2142883704306524
25994,-0.004591687659856675
25995,-0.05496710836502907
25996,-0.18932196720738453
25997,0.015168938656192248
25998,-0.17234736708724385
25999,-0.10369767009788278
26000,-0.08402529901818719
26001,-0.17077263601950138
26002,-0.06250799018697437
26003,-0.043898317631735795
26004,-0.2039689890264087
26005,-0.0049758401876933015
26006,-0.004565459297831647
26007,-0.1741616462776585
26008,-0.17629409954839853
26009,-0.17629409954839853
26010,-0.17629409954839853
26011,-0.08935997247009451
26012,-0.07272619413579154
26013,-0.11074491171971947
26014,-0.16913290672444917
26015,-0.03634146569481307
26016,-0.005549722401810569
26017,-0.04054148686179577
26018,-0.1702942750071094
26019,-0.20646895374124535
26020,-0.013451660268074601
26021,-0.16669982032590516
26022,-0.19582216819644915
26023,0.003177249998402005
26024,-0.1091925629540935
26025,-0.05015667371871148
26026,-0.16692874161015397
26027,-0.08608082300698243
26028,-0.017008626451564278
26029,-0.1936420759040187
26030,-0.04535222324429595
26031,-0.03754493242206135
26032,-0.08758298949040616
26033,-0.19197992216784407
26034,-0.19197992216784407
26035,-0.16782231759360958
26036,-0.05307467260638402
26037,-0.021730222405561148
26038,0.011853717412412701
26039,-0.017641061361852246
26040,-0.16582778765317696
26041,-0.0885105084081284
26042,-0.09115465789314543
26043,-0.07192309606752484
26044,-0.188613503242559
26045,-0.17051111543971137
26046,-0.014702865313112082
26047,-0.10876858751357137
26048,-0.01854176929426611
26049,-0.18231706967510505
26050,-0.12193614018000642
26051,-0.029641682760117735
26052,0.0030251222806882004
26053,-0.07455683907533202
26054,-0.08965928668129573
26055,-0.16819035607966742
26056,-0.1038682482035517
26057,-0.16397260134872613
26058,-0.0950506824266775
26059,-0.18097331147294118
26060,-0.021381381619075754
26061,-0.02302697144686808
26062,-0.042208444868006095
26063,-0.0974282727906497
26064,-0.1644077493039511
26065,-0.1644077493039511
26066,-0.02695776430544727
26067,-0.09320773685102025
26068,-0.11918584049461103
26069,-0.16393344174203078
26070,-0.028375827509156258
26071,-0.1687198336210419
26072,-0.1687198336210419
26073,-0.0297132966712976
26074,-0.19695155054325358
26075,-0.16837122486410275
26076,-0.0730746530567345
26077,0.022939937587407838
26078,-0.03425912701243535
26079,-0.07121374431138226
26080,-0.1606111392533953
26081,0.013841163762782209
26082,-0.0942366469779442
26083,-0.0919952131057189
26084,-0.09231466399122641
26085,-0.18106339755872802
26086,-0.15691506283408463
26087,-0.03856660943420861
26088,-0.15455426224640278
26089,-0.1809879814259816
26090,-0.07225327530301599
26091,-0.08088494753112392
26092,-0.1508322914899215
26093,-0.0868182139375928
26094,-0.1508322914899215
26095,-0.03976001082547272
26096,-0.019807575029493225
26097,-0.07025805009909454
26098,-0.09269518982669091
26099,-0.1470832971849221
26100,-0.04284321061955762
26101,-0.17637155061934862
26102,0.002174478008960304
26103,-0.07315815188773174
26104,-0.16320897586242195
26105,-0.09764394236230471
26106,-0.16802251747372413
26107,-0.04488921410424556
26108,-0.039316350705099354
26109,-0.08798067792410975
26110,-0.08456052457588953
26111,-0.1641289882511557
26112,-0.09743644279929863
26113,-0.10051789287532269
26114,-0.0847040741214044
26115,-0.15795891114559504
26116,-0.10162859575686134
26117,-0.08679610794532938
26118,-0.08639161789688565
26119,-0.1598673165080654
26120,-0.16358469082966812
26121,-0.16358469082966812
26122,-0.16604849991380755
26123,-0.04450436220390408
26124,-0.16604849991380755
26125,-0.05799021258619806
26126,-0.10201999249183952
26127,-0.051159881057059174
26128,-0.10135357854827359
26129,-0.1682949119398411
26130,-0.05449394982778777
26131,0.005215835774704785
26132,-0.14401305689352145
26133,-0.04285707491947628
26134,0.005531505485686945
26135,-0.1712345890922779
26136,-0.1040843582791046
26137,-0.10261277289221979
26138,-0.1355862653845209
26139,-0.08168168989483685
26140,-0.05579002432961347
26141,-0.13625142379408764
26142,0.0009629459272945727
26143,-0.10910916604678085
26144,-0.08047242330365768
26145,-0.10462957838648701
26146,-0.08554843623305858
26147,-0.10529107558104044
26148,-0.1069313163249239
26149,-0.13243954743588274
26150,-0.14285897144472914
26151,-0.1360124489110998
26152,-0.056348373414299664
26153,-0.1859183459026784
26154,-0.15510445569532297
26155,-0.046475147757510375
26156,-0.06705010163278124
26157,-0.0013630615785624127
26158,-0.05283756782006847
26159,-0.04031688879355836
26160,0.011348532952559397
26161,-0.16212713523590663
26162,-0.16212713523590663
26163,-0.052891855074349674
26164,-0.07970264360831701
26165,-0.16367342023938275
26166,-0.11486313772340508
26167,-0.050559683924907575
26168,-0.11350891627627949
26169,-0.10270491002285081
26170,-0.1636951815041779
26171,-0.16339804274953085
26172,-0.07045184027519434
26173,-0.16199017449251774
26174,-0.0833766814319182
26175,-0.051937445290798565
26176,-0.16160967924702868
26177,-0.05079098784351025
26178,-0.061579342310711646
26179,-0.16954342288675828
26180,-0.16955677044279735
26181,-0.1690479699821361
26182,-0.12285587940379233
26183,-0.10979133193041543
26184,0.024300798619140886
26185,-0.05524177681508829
26186,-0.1100334146249643
26187,-0.058545868406207624
26188,-0.16961413268121422
26189,-0.10426043013654764
26190,-0.17677136339018165
26191,-0.12114968747564267
26192,-0.12114968747564267
26193,-0.10597699736096883
26194,-0.05840349774053771
26195,-0.05598015490029276
26196,-0.054883877973443115
26197,-0.10649997857084736
26198,-0.1102064373087552
26199,-0.1102064373087552
26200,-0.11347058769402327
26201,-0.06865085216671651
26202,-0.051053840670608384
26203,-0.19609794076748024
26204,-0.10269788448730456
26205,-0.07160748283836539
26206,-0.04514740037857269
26207,0.019916795173483152
26208,-0.1917512421279399
26209,-0.1699297514050894
26210,-0.19292592220226132
26211,-0.09568793782389916
26212,-0.15216653175440215
26213,-0.04151617102358512
26214,-0.10190052510166239
26215,-0.1945799087309802
26216,-0.03942493143311797
26217,-0.11660489577218405
26218,-0.19613592947368716
26219,-0.09367408249027996
26220,-0.1266593015581011
26221,-0.11086496853196577
26222,-0.19920481516155053
26223,-0.19920481516155053
26224,-0.1999470426823267
26225,-0.03576891480281083
26226,-0.09861203663942301
26227,-0.06285787714742062
26228,-0.09666051763074476
26229,-0.19571505353681312
26230,-0.19653443362544398
26231,-0.11794273653166816
26232,-0.1637485944220341
26233,0.01199652648685443
26234,-0.09032980301118493
26235,-0.03907464350914983
26236,-0.10142824610526414
26237,-0.084579696821439
26238,-0.03732626588383637
26239,-0.11416820674328054
26240,-0.08527189760429586
26241,-0.03180685316251493
26242,-0.12090481515482841
26243,-0.2098333820767486
26244,-0.09031944834815113
26245,-0.10934293571987612
26246,-0.039404354273896484
26247,-0.12303803406054052
26248,-0.03874306950813123
26249,0.04601839222970885
26250,-0.09266813782581072
26251,-0.026534648915321767
26252,-0.09628214459000366
26253,-0.03652855856317334
26254,-0.2038221217779569
26255,-0.04397430899974019
26256,-0.04205343961536594
26257,-0.13037471575062942
26258,-0.12242415156568137
26259,-0.17634695204294917
26260,-0.1959429384097253
26261,-0.10863412620151022
26262,-0.08368237186662501
26263,-0.0681399051415264
26264,-0.1965331116961576
26265,-0.1979560800550501
26266,-0.02255396452063545
26267,-0.19718450762468737
26268,-0.06394426520715712
26269,-0.17399649300760284
26270,-0.1981228622223893
26271,-0.02821640856502511
26272,-0.0585521487765959
26273,-0.03436548914595676
26274,0.0063142434456489125
26275,-0.17696413769209676
26276,-0.13698734150209615
26277,-0.03357893094281709
26278,-0.20508697161386805
26279,-0.17939238574273153
26280,-0.1377967657997313
26281,-0.037644146386229316
26282,-0.01969045877988016
26283,-0.05373878883152225
26284,-0.1018713796389897
26285,-0.11015043186691775
26286,-0.044892007204580746
26287,-0.11363695271715928
26288,-0.20591376706174844
26289,-0.019205451106257813
26290,-0.04971817957201563
26291,-0.07148223565867888
26292,0.028908116860025628
26293,-0.2062195969814337
26294,-0.057619068653591086
26295,-0.06359377798650247
26296,-0.12987278308638578
26297,-0.054334369973385775
26298,-0.08467438146506297
26299,-0.07533238596183556
26300,-0.2080331573606039
26301,-0.20814616672651776
26302,-0.1822961081092718
26303,-0.15640264129038803
26304,-0.20866656473442172
26305,-0.04398371034006136
26306,-0.06634050646292813
26307,-0.20729735643508856
26308,-0.05460210606055926
26309,-0.03403614466191713
26310,-0.20814362844242104
26311,0.0067889289185713375
26312,-0.07535959069397669
26313,-0.07826465983845937
26314,-0.05186833692057303
26315,-0.16641801338659787
26316,-0.07911035449741152
26317,-0.047096473958250215
26318,-0.08198056682173661
26319,-0.051617430192935194
26320,-0.21168694896704227
26321,-0.2118127261458042
26322,-0.048712909599824335
26323,-0.12507242946923178
26324,0.027536650281660927
26325,-0.07739278157904525
26326,-0.052435140591675436
26327,-0.04444900753216249
26328,-0.13005007128656143
26329,-0.21157784692551349
26330,-0.1860144037906757
26331,-0.06061691102251627
26332,-0.2127322340912812
26333,-0.0366186398891073
26334,-0.17256595106753886
26335,-0.09445828226897081
26336,-0.04527923083129209
26337,-0.20853081540772966
26338,-0.18782790720972703
26339,-0.03623686579869386
26340,-0.1516399737666113
26341,-0.04475384180533392
26342,-0.001963845895588593
26343,-0.04013091158077865
26344,-0.20985066161125862
26345,-0.05108237533591462
26346,-0.20736130216128185
26347,-0.05292664880192535
26348,-0.20526654587456106
26349,-0.17760148797309852
26350,-0.2036041375801656
26351,-0.1774642588816514
26352,-0.043422347022431994
26353,-0.17353973479801463
26354,0.03232522355856921
26355,-0.0943439677080206
26356,-0.028147001628043938
26357,-0.13604422227331353
26358,-0.13604422227331353
26359,0.037870565653348065
26360,-0.0973187621925538
26361,0.005900197575613868
26362,0.009233344837158099
26363,-0.055439913165864586
26364,-0.055788894429313125
26365,-0.10779962570182558
26366,-0.002383355776495967
26367,-0.006486753536481791
26368,0.003439694603310774
26369,-0.011390437540715333
26370,0.014948201133507717
26371,0.01825813711133621
26372,-0.0969350267436928
26373,-0.07700865131526625
26374,-0.0035173092558344137
26375,-0.004259253668522666
26376,-0.01283154942010184
26377,-0.02881126799505991
26378,-0.0128902504112092
26379,-0.057761428423510446
26380,-0.006631334919250719
26381,-0.07483852225202889
26382,0.047235258986185025
26383,-0.023615668061039128
26384,-0.03132164525103501
26385,-0.03662481224572565
26386,-0.10097282559940743
26387,0.01079765497185316
26388,0.012394838046126675
26389,0.0343205740253777
26390,-0.0925801794318894
26391,0.010475039140192656
26392,-0.03987515128079966
26393,-0.03494513943837833
26394,0.005156237100443902
26395,0.0035361701389074406
26396,0.007532094010172067
26397,0.006396392300002725
26398,-0.09012750448404415
26399,-0.0011091322733230015
26400,-0.04588687497720832
26401,-0.04553898643053587
26402,-0.037251396023271516
26403,-0.045199733869057936
26404,-0.006846227525785298
26405,0.020817951726992565
26406,-0.04925055556169762
26407,-0.009892024398318865
26408,-0.020654234698752716
26409,-0.07827144604468891
26410,-0.04847921252732415
26411,-0.017151014487383022
26412,-0.030896415772684607
26413,-0.06121622383987684
26414,0.0054868203981991446
26415,-0.03925554579219692
26416,-0.06830836023366849
26417,0.003963258572336004
26418,-0.0600311715510858
26419,0.04272829489755923
26420,-0.026663802466036387
26421,-0.07734198552486315
26422,-0.0013284395109079245
26423,-0.06593359568660802
26424,0.037615366922313334
26425,-0.06487694027227595
26426,-0.062061458540892823
26427,-0.01720106919303458
26428,0.03615369910457047
26429,-0.054002238264533535
26430,0.033013031370596004
26431,0.010469587126553909
26432,-0.0798546881696999
26433,0.05330614939982943
26434,0.012377901586771716
26435,0.030274234193746228
26436,-0.014743743029787504
26437,-0.015335007503146815
26438,-0.07702838278467747
26439,-0.03842468330339953
26440,0.03467267719209881
26441,-0.03653296059764078
26442,-0.020777113687446697
26443,-0.018656119622716776
26444,-0.06841975443428129
26445,-0.09143886684884131
26446,0.025881198669716384
26447,0.002172221905549826
26448,-0.0317784172643009
26449,-0.03271355483294447
26450,-0.060541176891215465
26451,-0.06492520698900517
26452,0.035229779258940025
26453,0.005614918291658898
26454,-0.09454091637284513
26455,-0.00969020265185147
26456,0.021610510634523544
26457,-0.08899907050145248
26458,0.027503713576521576
26459,-0.03477794112199574
26460,-0.022790642112115764
26461,0.00767563405968386
26462,-0.005953983636587375
26463,-0.09324792327666687
26464,-0.03335007246513313
26465,-0.03279678524806264
26466,-0.009245265936114635
26467,0.00480974269180354
26468,-0.00918489982114135
26469,-0.008406691541182527
26470,0.024682663499157247
26471,-0.07278367537498345
26472,-0.01014522738263171
26473,-0.0691675020225275
26474,-0.017334212428142867
26475,-0.09497092436430773
26476,-0.09767571664791197
26477,-0.006883054076260105
26478,-0.03835948525580344
26479,-0.07387305175759187
26480,0.00037383419492798334
26481,-0.03742748609729649
26482,-0.045800566716135124
26483,-0.09767358774916678
26484,0.0334554194420522
26485,0.006832048660991039
26486,-0.011785138771485003
26487,-0.04533333494592036
26488,-0.047106425227333576
26489,-0.09421765992151095
26490,-0.09498646296031647
26491,0.0005018835235794237
26492,-0.05067913427541919
26493,-0.0865088642917397
26494,0.020033696530606625
26495,-0.019232417975611697
26496,-0.0021446397545244076
26497,-0.04096179053450335
26498,-0.050786966890398605
26499,-0.050786966890398605
26500,-0.03951281150851985
26501,-0.03774949564356739
26502,-0.09818261235959516
26503,-0.029793006257169477
26504,0.023422630462750452
26505,-0.15074984212415674
26506,-0.0955777390407017
26507,-0.014508719582593164
26508,-0.0960424342484755
26509,-0.021809450137947328
26510,-0.01839323477498027
26511,-0.05123277236410554
26512,-0.10312787232541414
26513,-0.043511429991379726
26514,0.02357709649251977
26515,-0.1194047397641882
26516,-0.10786677405553437
26517,-0.01895554619320647
26518,-0.17367261462296066
26519,-0.09121527583913136
26520,0.017804930874269126
26521,-0.018368046298041764
26522,-0.1089236593241777
26523,0.02583504328445463
26524,0.012845861200949249
26525,-0.03426033773519705
26526,-0.07551785912547644
26527,-0.10760067001487068
26528,-0.10760067001487068
26529,-0.11232567209946649
26530,-0.0590079912840002
26531,-0.07145635055138376
26532,0.021973581274805174
26533,-0.028537157504059774
26534,-0.057714699737757676
26535,-0.031696714378317725
26536,0.007487882970810068
26537,-0.1642393588916229
26538,-0.02492901296502302
26539,-0.06860688434750913
26540,-0.10800499928104322
26541,-0.01642674723384905
26542,-0.059021719216382586
26543,-0.059021719216382586
26544,-0.0174566811236799
26545,-0.0010574097925383327
26546,-0.020806187085230854
26547,-0.057296775385195765
26548,-0.057296775385195765
26549,-0.013742105800227278
26550,-0.11472082266985029
26551,0.00709164172606319
26552,-0.11613702663794377
26553,-0.07193978192497703
26554,-0.05310551655790111
26555,-0.07018300696668557
26556,-0.11603927697391042
26557,-0.11603927697391042
26558,-0.05083875463609011
26559,0.007063672137165866
26560,-0.013757479171713856
26561,-0.11666653552851299
26562,-0.06899989041096655
26563,-0.012040182019330143
26564,0.02712666954406828
26565,0.0023136597036926324
26566,-0.06583168923190766
26567,-0.03715008439018958
26568,-0.01323464630395334
26569,-0.06300480891205619
26570,-0.06302624992811055
26571,-0.05944470968631541
26572,-0.05889418351341955
26573,-0.01932540036850381
26574,0.033470268141705166
26575,-0.1878528182570106
26576,-0.06881459493886014
26577,-0.020199359582453388
26578,-0.020199359582453388
26579,-0.021347565093108062
26580,-0.015492235404390644
26581,-0.039866288526545716
26582,-0.012267838455351295
26583,-0.012368856050388476
26584,-0.06900369569109689
26585,-0.1856577669635535
26586,0.009179902499461068
26587,-0.1153131886237428
26588,-0.07623738190754518
26589,-0.03655440134228225
26590,-0.02148256783930379
26591,-0.11468211226531799
26592,-0.014652252870973298
26593,-0.1136396513153202
26594,-0.1136396513153202
26595,-0.06901194638038943
26596,-0.08221346401238742
26597,-0.07061945067296165
26598,-0.05871296875898779
26599,-0.014500452786987597
26600,-0.12046366661479808
26601,-0.19104575115402309
26602,-0.03802354231924637
26603,-0.07269086228534241
26604,-0.015369790260714916
26605,0.05119339935684948
26606,-0.1181803229366408
26607,-0.10118414549423523
26608,-0.02550702209311846
26609,-0.037522486575793206
26610,0.017443689875927877
26611,-0.019250974796990717
26612,-0.05415573975610275
26613,-0.06709823054309744
26614,-0.0678107827120413
26615,0.027325596111832842
26616,-0.019218047388074297
26617,-0.1981420094385003
26618,-0.020164772217904223
26619,-0.020164772217904223
26620,-0.03146013582299525
26621,-0.03653797054032253
26622,-0.021572963300993536
26623,-0.021572963300993536
26624,-0.022025823293011847
26625,-0.07872266815841872
26626,-0.024809387948418735
26627,-0.07794974241135147
26628,-0.06584423168816779
26629,-0.0017277805837270684
26630,-0.004300060091924618
26631,-0.11706389681956386
26632,-0.046448298014864955
26633,-0.027019346552028315
26634,-0.07444090747845677
26635,-0.06488382589343461
26636,-0.1222000716747203
26637,-0.027254297082067877
26638,-0.12522410150426877
26639,-0.12522410150426877
26640,-0.062040231384451236
26641,-0.07283599202432423
26642,-0.07733700015785937
26643,0.01061545899572152
26644,-0.07342881090495286
26645,-0.02629021772447712
26646,-0.12316168234258604
26647,-0.17152224376663305
26648,-0.03296643148838583
26649,0.013401289301689418
26650,0.024529341572185833
26651,-0.07381670664991213
26652,-0.12588842664580965
26653,0.005369923172848993
26654,-0.053813927273770996
26655,-0.06125842814394915
26656,-0.04377242412754776
26657,-0.06584383580183602
26658,-0.06925153210152983
26659,0.02689593480322048
26660,-0.05122512176042776
26661,-0.052267009310265296
26662,-0.052267009310265296
26663,-0.06704342156667656
26664,-0.04609052202934512
26665,-0.033762108943513856
26666,-0.05209002378498138
26667,-0.0520169771596916
26668,-0.11520268701952222
26669,-0.051954316956881096
26670,-0.05309709887827241
26671,-0.05309709887827241
26672,-0.058126321893666205
26673,0.015515490829330486
26674,-0.05331369704085849
26675,-0.06591417322183989
26676,0.028126909143988847
26677,-0.03347436464444718
26678,-0.13399715612897267
26679,-0.13443885205292835
26680,-0.05751890537408166
26681,-0.055448054919876984
26682,-0.049975471302538294
26683,-0.1351198772548614
26684,-0.1351198772548614
26685,-0.046260408790709355
26686,-0.06301322792838267
26687,0.006168667508920463
26688,-0.1335637944492508
26689,-0.02724025037239578
26690,-0.04283173929131506
26691,-0.22017073336338058
26692,-0.07030620416745761
26693,-0.053740523351469525
26694,0.003892146758629406
26695,-0.13169978724645962
26696,-0.05548741329889033
26697,-0.09864626176350497
26698,-0.029031229057002887
26699,-0.06954185498486219
26700,0.013449445765046829
26701,-0.056742373346961764
26702,-0.21560452873030123
26703,-0.0595801181606322
26704,-0.04539618590514056
26705,-0.06031869231879439
26706,0.04042850005849692
26707,-0.05482457692421959
26708,-0.05224589603748159
26709,-0.02957515878800069
26710,-0.21718883236141573
26711,-0.048467539765646515
26712,-0.04748295425467409
26713,-0.06684742739863672
26714,-0.048456726585149094
26715,-0.043369086931132395
26716,-0.03881988904790654
26717,-0.043369086931132395
26718,0.00975950683105909
26719,-0.004044066026755819
26720,-0.0391321865035394
26721,-0.0391321865035394
26722,-0.0695774644262283
26723,-0.12931893588749865
26724,-0.047700699026101266
26725,-0.04403284095668203
26726,-0.03318507011253085
26727,-0.014388973352989195
26728,-0.12823290111630659
26729,-0.04687845350529729
26730,-0.12657753252135465
26731,-0.12657753252135465
26732,-0.047223613860372354
26733,-0.047355071138085854
26734,0.01396464146069891
26735,-0.13312785710474948
26736,-0.13019163172098064
26737,-0.030580459948756578
26738,-0.05799941610868056
26739,-0.0337977409216972
26740,0.017775749094806448
26741,0.01362843880820359
26742,0.04580733172142062
26743,-0.07524692591374156
26744,-0.061800830231257355
26745,-0.03418134439751785
26746,-0.06741656284894393
26747,-0.04989831393755593
26748,-0.02863187576358921
26749,0.045801288062592246
26750,-0.025678902442544463
26751,-0.025678902442544463
26752,-0.02525487109538619
26753,-0.028413883721267158
26754,-0.07253988821404897
26755,-0.06754329432935705
26756,-0.03545407767302774
26757,-0.008012647754022249
26758,-0.037029508440289724
26759,-0.2134370367735015
26760,-0.08253018550169576
26761,-0.02945587660337495
26762,-0.13300624117492446
26763,-0.02736921350155898
26764,-0.02679117132159519
26765,-0.1335904655932983
26766,-0.02514288019822492
26767,-0.028744363324975104
26768,-0.0650545566451996
26769,-0.010884643796720035
26770,-0.12805383570238882
26771,-0.12805383570238882
26772,-0.025211002705079866
26773,-0.06461707654547677
26774,-0.02657394008925641
26775,-0.01574433135872437
26776,-0.02226993265659381
26777,-0.13324779459123953
26778,-0.0660374717918435
26779,-0.03991558101988577
26780,-0.13401319867443337
26781,-0.1369617312415427
26782,-0.01562879496248688
26783,-0.03623835138949461
26784,-0.028824724385584127
26785,-0.0882618643949
26786,-0.03567611409960122
26787,0.0020253511224745694
26788,-0.038707022915744016
26789,-0.07828040439546861
26790,-0.08174357858241171
26791,0.04453506165483662
26792,-0.23056543389328646
26793,-0.03390429615098482
26794,-0.03390429615098482
26795,-0.03390429615098482
26796,-0.007837613500769367
26797,-0.05413770099436059
26798,-0.041575732750305315
26799,-0.08462562945323018
26800,-0.09565413482519715
26801,-0.03621166874387614
26802,-0.021078048009076346
26803,-0.0944658519970808
26804,-0.14038510600597143
26805,-0.048975544399313925
26806,-0.031059939843836086
26807,-0.0889608643365239
26808,-0.02860244075422114
26809,-0.1410439539977273
26810,-0.0488196984270229
26811,-0.14139198061039968
26812,-0.0312773265735629
26813,-0.14139198061039968
26814,-0.09285118722579895
26815,-0.01677915734959227
26816,-0.12712694308638056
26817,-0.03115229736891237
26818,-0.01991871665609199
26819,-0.1433751814188118
26820,-0.00376174449630141
26821,-0.04117987792892609
26822,-0.1030789717349356
26823,-0.029160693276250118
26824,-0.02070346988353329
26825,0.0024835583772078807
26826,-0.09484576046565348
26827,-0.03311779128907302
26828,-0.14590230185002137
26829,-0.03141101977525593
26830,-0.0940448226713483
26831,-0.010164932507505076
26832,-0.03117026141262502
26833,-0.23079217767910412
26834,-0.14012552089579472
26835,-0.0864680361426736
26836,-0.02250744512789267
26837,0.029266781578960288
26838,-0.02958810464673358
26839,-0.23220236427865876
26840,-0.0077798563473502
26841,-0.042054920856102074
26842,-0.11565179813649389
26843,-0.029877318877333157
26844,-0.040185733082454954
26845,-0.040185733082454954
26846,-0.04233525130366387
26847,-0.031001756318397005
26848,-0.04059639415190715
26849,-0.04059639415190715
26850,-0.0919731833138272
26851,-0.09839357664266538
26852,-0.044904806796129536
26853,-0.0134476629162052
26854,0.004846509809835765
26855,-0.22310452074513415
26856,-0.14673412858338764
26857,-0.032949726089788925
26858,-0.10238652207526738
26859,-0.14692087037477602
26860,-0.0341071031028504
26861,-0.15020822863137875
26862,-0.031370838791213364
26863,-0.15020822863137875
26864,-0.1002467463084493
26865,-0.024181143828756035
26866,-0.04078845850396711
26867,0.012082034695653802
26868,-0.10100086892647685
26869,-0.01652694607332332
26870,-0.15492101095883426
26871,-0.018295973695759235
26872,-0.03220272462968891
26873,-0.15584872556226195
26874,-0.14039366844126322
26875,0.0036643020074402736
26876,-0.008130742162928941
26877,-0.08912109376615776
26878,-0.024773786319115785
26879,-0.09537061441561384
26880,-0.09720232858251211
26881,-0.024064585493640576
26882,-0.02369872858390689
26883,-0.04749550216704449
26884,-0.22112486526251435
26885,-0.12166795320266145
26886,7.182784888182749e-05
26887,-0.04921699369723007
26888,-0.04831785263186035
26889,-0.02109554907903382
26890,-0.04833584309351045
26891,-0.05073082050296724
26892,-0.0911118676536701
26893,-0.1556618613219819
26894,-0.04976222035223621
26895,-0.04976222035223621
26896,-0.04173854290578202
26897,-0.03687095986596712
26898,-0.08990465768128696
26899,-0.013115456899797269
26900,-0.013115456899797269
26901,-0.08506390762117165
26902,-0.015230484014523586
26903,-0.05582570655433149
26904,-0.16338163294970232
26905,-0.09336595633166982
26906,-0.16364504607997737
26907,-0.16364504607997737
26908,-0.04605084732205126
26909,-0.03782329565555935
26910,0.0004784573063764595
26911,-0.04449223766076558
26912,-0.09231352760280584
26913,-0.02457094028461807
26914,-0.018591078713328248
26915,-0.1078559058580636
26916,-0.16670623327682338
26917,-0.04760571545243482
26918,-0.0469349030552528
26919,-0.04341421303194409
26920,-0.023452914030685352
26921,-0.08337565081804321
26922,-0.05181097009483814
26923,-0.10605517903314908
26924,-0.1031210559546553
26925,-0.07129605582119944
26926,-0.02119675555619388
26927,-0.0455137212872271
26928,-0.01506484517797999
26929,-0.11949138777560762
26930,-0.035721461600391496
26931,-0.09567792726575967
26932,-0.07784965204993168
26933,-0.030312262156978034
26934,-0.06413397705235013
26935,-0.20862514831786919
26936,-0.029800493092994033
26937,-0.029800493092994033
26938,-0.17375393451036877
26939,-0.07200185651143359
26940,-0.075477027678107
26941,-0.026407987122626354
26942,-0.026407987122626354
26943,-0.09373870707968325
26944,-0.017109661883084184
26945,-0.021939542714562783
26946,-0.17165555329125207
26947,-0.01721507880969794
26948,-0.17165555329125207
26949,-0.008412794963111264
26950,-0.10103831311675182
26951,-0.02042880588386999
26952,-0.09428608676306131
26953,-0.06195682205173073
26954,-0.0014150375213836301
26955,-0.18139085725892037
26956,-0.010032454485328569
26957,-0.03178155558719543
26958,-0.08454633783194687
26959,-0.18944139313237973
26960,-0.027192369836275022
26961,-0.03644586827947547
26962,-0.05521966264485163
26963,-0.01539012493037178
26964,-0.06524563575883038
26965,-0.0400875083053578
26966,-0.03044884894442748
26967,-0.043128677255220946
26968,-0.0942591475576452
26969,-0.09612990209657728
26970,-0.05008424271612009
26971,-0.029762292102704847
26972,-0.011555902479315185
26973,-0.004073656180030312
26974,-0.022650530400389703
26975,-0.022650530400389703
26976,-0.08723530292983184
26977,-0.1343626930571647
26978,-0.0151553811027293
26979,-0.022920203675275766
26980,-0.023597274299093533
26981,-0.06127073966871336
26982,-0.19009591771092643
26983,-0.1622130634938074
26984,-0.013212751799762357
26985,-0.08199376854992736
26986,-0.024154061115717784
26987,-0.023787910567110153
26988,-0.02604194833828798
26989,-0.07821348638098802
26990,-0.153851110068241
26991,-0.02128250530090836
26992,-0.15385245443502965
26993,-0.004412041202857864
26994,-0.06822645153156287
26995,-0.09335300268983229
26996,-0.0428088408167564
26997,-0.18267022252679427
26998,-0.032396840029582256
26999,-0.0023744627526922336
27000,-0.14910637944091928
27001,-0.048203030487245356
27002,-0.009569708212094392
27003,-0.07139678080628656
27004,-0.06420528913219756
27005,-0.033647450331692794
27006,0.016479190762435272
27007,-0.14796758281213762
27008,-0.034359071575932564
27009,-0.03446653456037438
27010,-0.08735787144504116
27011,-0.03597839886862028
27012,-0.026962881860287818
27013,-0.07803121592194433
27014,-0.020233167739851624
27015,-0.08081346223736433
27016,-0.0705591747901024
27017,-0.1776723369463967
27018,-0.036672221775032744
27019,-0.036721580995779934
27020,-0.036721580995779934
27021,0.009665695299283699
27022,-0.0321952683204899
27023,-0.1364814621389015
27024,-0.17458114276046408
27025,-0.036407405501063854
27026,-0.036407405501063854
27027,-0.03887056538470715
27028,-0.03742788247406933
27029,-0.10710414055246026
27030,0.004795616592105375
27031,-0.041986681690513984
27032,-0.14164441795374572
27033,-0.08090611217168422
27034,-0.03138816637371892
27035,-0.00798733887636619
27036,-0.17156810245160908
27037,-0.1418915457879919
27038,-0.0984107089694617
27039,-0.142439338739261
27040,-0.044352922174435504
27041,-0.10991740469538361
27042,-0.02810049845484209
27043,-0.08446096843725792
27044,-0.04087982434894982
27045,0.010321385427646998
27046,-0.11661593380734617
27047,-0.019169295483722173
27048,-0.03603324633998527
27049,-0.022173396619609972
27050,-0.1248068328380477
27051,-0.1248068328380477
27052,-0.048315329977074495
27053,-0.08098537161841039
27054,-0.035597784659443424
27055,-0.10736852285760032
27056,-0.043527927989431926
27057,-0.10059326118258817
27058,-0.039350527366325584
27059,-0.06371810558906066
27060,0.0029553692996912993
27061,-0.13715199308172185
27062,-0.043068084941662144
27063,-0.16318544046904682
27064,-0.040011743213272284
27065,-0.04289690903771125
27066,-0.12581114228934706
27067,-0.03658693604956481
27068,-0.03658693604956481
27069,-0.03658693604956481
27070,-0.1197257455127312
27071,-0.044617273266806104
27072,-0.12434612799383919
27073,-0.037075385611482804
27074,-0.03358646967565666
27075,-0.014118029835636925
27076,0.010667530842348838
27077,-0.12490607522419549
27078,-0.12523389344917193
27079,-0.04073011484154546
27080,-0.029627415809915816
27081,-0.07263656305232177
27082,-0.13404343679126046
27083,-0.03774277153523685
27084,-0.044950674803757376
27085,-0.12159943478674316
27086,-0.1410201189712516
27087,-0.03314244330273921
27088,-0.03837631422782146
27089,-0.03570778397665839
27090,-0.013443703921362894
27091,-0.15113079177810565
27092,-0.0934708947456226
27093,-0.05791838972506266
27094,-0.04245204645383161
27095,-0.05188392847055843
27096,-0.15941926225643152
27097,-0.04932782719894586
27098,-0.1620554474271356
27099,-0.05212924784705278
27100,-0.06699159800499206
27101,-0.05638224452849012
27102,-0.006710214554962392
27103,-0.165909208968002
27104,-0.15088727779963362
27105,-0.05533707123645206
27106,-0.12520234498439742
27107,-0.1541031808136043
27108,-0.05159148448503885
27109,-0.05693693164343512
27110,-0.15440754582262473
27111,-0.05739921865142707
27112,-0.033484956423230676
27113,-0.15488596631393048
27114,-0.054329794583578825
27115,-0.13407933904034944
27116,-0.05401871932498603
27117,-0.005309440929852517
27118,-0.13631383865242727
27119,-0.16719602128441732
27120,-0.004235243865863194
27121,-0.17246101609593778
27122,-0.1566315342086428
27123,-0.028215854963494016
27124,-0.15701873707420327
27125,-0.05670853355243244
27126,-0.15940226044996186
27127,-0.007837877009702968
27128,-0.07289625075071461
27129,-0.05617131586295921
27130,-0.1807672109430099
27131,-0.06492333638117928
27132,-0.1548401750103851
27133,0.007466700325022938
27134,-0.03554376312529974
27135,-0.11704167730519813
27136,-0.06138568465007667
27137,-0.18569342155818747
27138,-0.18774570555402798
27139,-0.06044735231604538
27140,-0.08030280695455339
27141,-0.022211812959326956
27142,-0.07388443210264435
27143,-0.08179260553784859
27144,-0.16369119083704886
27145,-0.08621894858160872
27146,-0.147538552387287
27147,-0.18173758566667508
27148,-0.08824074388273147
27149,-0.06777729197909065
27150,-0.033129883989659326
27151,0.009723635434188306
27152,-0.16261971146816367
27153,-0.022546796362892325
27154,-0.06903337641734772
27155,-0.09120596813121838
27156,-0.161453470340566
27157,-0.19330725829495154
27158,-0.19319744224695407
27159,-0.025557197651553596
27160,-0.16829259920372552
27161,-0.026223400245822096
27162,-0.1925311996669593
27163,-0.16746024552182925
27164,-0.060632320622447305
27165,-0.0874901578017674
27166,0.02386757776103849
27167,-0.11483680277428719
27168,-0.09108418869067236
27169,-0.19557605092146
27170,-0.057895168319767626
27171,-0.19896180437311223
27172,-0.08080486134405594
27173,-0.10615429213478944
27174,-0.14484897634724492
27175,0.025290790803979595
27176,-0.16074429774973903
27177,-0.10702346848332973
27178,-0.20147007137053774
27179,-0.11095649136753528
27180,-0.056636458357190146
27181,-0.15890941171841932
27182,-0.1580729383955671
27183,-0.06289111879470358
27184,-0.07409033070212959
27185,-0.023901558760047723
27186,-0.15373673531648108
27187,-0.20488119349699913
27188,-0.10556963482711888
27189,-0.16354958954790152
27190,-0.10743628829421553
27191,-0.2032676602224821
27192,-0.0018277578624657821
27193,-0.16526213542748244
27194,-0.05625304063250728
27195,-0.16606097782651794
27196,-0.11104303617460796
27197,-0.02407210005579179
27198,-0.1093038770205425
27199,-0.10834725222250961
27200,-0.10738039177534009
