obs_id,pareto_shape
0,-0.10471751571455419
1,-0.07036414128417051
2,-0.038927048837609876
3,-0.17925248588831003
4,-0.062090330672411966
5,-0.008453905093993998
6,-0.09203134643089185
7,-0.06486763019042267
8,-0.11115189852617555
9,-0.14186417494423206
10,0.010736817138386933
11,-0.050699072899175884
12,-0.05361088655591459
13,0.0006736728139515897
14,0.0011171183124532513
15,-0.025464582348077656
16,0.0210924672591525
17,-0.02952267856933774
18,-0.08612202246460336
19,-0.14770076206250704
20,-0.06597979875392083
21,-0.04086134765192072
22,0.00839563938689492
23,-0.01893954553498744
24,0.009080436747075045
25,0.010380294548974349
26,0.025111406379931266
27,-0.05199322609013812
28,-0.020896465152687053
29,-0.07221823731392911
30,-0.05811658794371532
31,0.037755283885805103
32,0.017079327365194543
33,-0.08483917541316452
34,-0.06020489791173967
35,0.06620517701666408
36,-0.13678917732571105
37,0.007251437148148932
38,-0.011893163283976015
39,0.09427633156817264
40,-0.059386629786286275
41,0.015038308056693636
42,0.015038308056693636
43,0.010367059758112813
44,-0.09655157513537571
45,-0.013285145981332106
46,-0.04691690775609679
47,-0.15599563618590145
48,0.052883187064785384
49,-0.050184159913315436
50,-0.03998136971332782
51,0.002144756760252033
52,-0.15856299499034107
53,0.004833198952912123
54,-0.02515579173240202
55,0.005513951072962066
56,0.08767503420103027
57,0.05536041056225658
58,-0.02802393642430536
59,-0.10403384296314659
60,-0.07628689224214469
61,0.014443014221640288
62,0.001055709929203279
63,0.014223862758463232
64,0.032820313084109556
65,-0.0037074968472777378
66,-0.04058920230948017
67,0.06436005309175749
68,-0.053603448253369906
69,0.049728593533145245
70,-0.035840930339580974
71,-0.030889145267359672
72,0.02243395040679256
73,-0.15520215913974897
74,-0.019000381481924417
75,0.1032193163502063
76,-0.03168222846291544
77,-0.1061109731914321
78,-0.07682418901192263
79,-0.17145470707411928
80,-0.11760552918987384
81,0.049871790522227885
82,-0.06462644960945844
83,-0.04666836147469753
84,-0.11712434112942896
85,0.04197244800299086
86,-0.06053108722843615
87,-0.10814962318438369
88,0.04266570852393187
89,-0.10863655150765406
90,0.005205034270757753
91,-0.04330007905805366
92,-0.019893652050232823
93,0.007142613460694007
94,-0.07519024937739084
95,-0.0892519659955008
96,-0.03360236750682046
97,0.037113192325459676
98,0.009439952728091706
99,0.033517026954448095
100,-0.1975772544064626
101,-0.1975772544064626
102,-0.0639187741901833
103,-0.042848737797499696
104,0.01378682275013594
105,-0.044481252734408165
106,-0.04133154840316707
107,-0.12302610139257227
108,-0.1266705878253057
109,-0.037261135189343174
110,-0.11858344186427845
111,-0.12758071124219372
112,-0.042780475704219646
113,-0.03967411593379116
114,-0.01120843000563463
115,-0.08177736978504926
116,-0.11327987011973514
117,-0.05290880382870761
118,0.042344848657923304
119,-0.08267694350889024
120,0.1012845758198376
121,0.0022378804737178478
122,-0.09046157919919431
123,0.03415553999755748
124,0.012267846777383245
125,-0.03583244714659884
126,0.016875216031615944
127,-0.14106678196048306
128,-0.11559073359554833
129,-0.11668565704915133
130,-0.08303674735738863
131,-0.12724689491961866
132,-0.08410597923628259
133,0.022508212985117956
134,-0.040706129831895574
135,-0.08166782125324434
136,-0.08345104226216626
137,-0.08345104226216626
138,0.023301537537139424
139,-0.05148910543628186
140,0.0005187385927800644
141,-0.049152441893345146
142,-0.048918727589458415
143,0.09529590619851537
144,-0.08465305374376444
145,-0.1226439214358872
146,-0.1005177792579195
147,-0.03529233992524076
148,-0.12946556764844305
149,-0.045685549335711895
150,-0.016900269984020062
151,0.07223505469613149
152,0.015183770235142838
153,-0.09064073892830178
154,-0.03741844487907103
155,-0.09745837244868871
156,-0.03157853917008655
157,-0.05943946296916097
158,-0.03365583068365388
159,-0.11590026031510932
160,-0.09889885311158401
161,-0.1455170397679722
162,-0.06646908943414573
163,0.0013002230747409524
164,0.0397406201637352
165,-0.017661661922146597
166,-0.04935133919204541
167,-0.14205707594607564
168,0.0411577249527921
169,0.009483576328802958
170,-0.07215770107626147
171,-0.010302787146792067
172,-0.0011010447486605316
173,-0.04568382597854679
174,0.028951005117510406
175,-0.040099793318142
176,-0.07528932977740366
177,-0.02606450273134394
178,-0.07924798138811535
179,-0.021697774930011873
180,-0.04659999031068167
181,-0.1151463724587196
182,0.06804495333115321
183,-0.15023860832912259
184,-0.15023860832912259
185,-0.07747290106740203
186,0.03552594334508041
187,-0.14552177817420878
188,-0.11097901037404168
189,-0.10970686043771538
190,-0.043796567472198886
191,-0.04955523057495992
192,0.11056447986992193
193,-0.029673120479301537
194,-0.07224822519456107
195,-0.0862831569180223
196,-0.0714375030299342
197,0.020250705405843426
198,-0.07364806788008613
199,0.04430003995254774
200,0.03474323916515015
201,0.030210326473236047
202,-0.035343380424135123
203,-0.035343380424135123
204,-0.0054668800960582615
205,-0.12138358414281757
206,-0.12145384397972567
207,0.017724548195700598
208,-0.060726344120210954
209,-0.051983360504894424
210,-0.095273174838889
211,-0.13822833447792385
212,-0.1548942206035535
213,-0.04360752445847357
214,-0.08844523647513758
215,-0.12138640461393398
216,0.01989254363221077
217,-0.05147841566246084
218,-0.02092131447005497
219,-0.00972587684196587
220,-0.02123902281462302
221,-0.0794228476288938
222,0.039703982971597565
223,-0.12130327638261792
224,-0.047520987027728036
225,-0.008180019340111826
226,0.01806724079460626
227,-0.0988259654604522
228,-0.09739971539522546
229,-0.1702425144132258
230,-0.09424085797351348
231,-0.09916545002098157
232,-0.05903135409513704
233,-0.13376565117156977
234,0.024911533192466126
235,0.03918775132803822
236,-0.11979849896374827
237,-0.09350413300877161
238,0.030665326638433035
239,-0.08038859131494842
240,-0.07212000124027486
241,-0.07212000124027486
242,0.003666015800354233
243,-0.014630323822241878
244,-0.1044957232262699
245,-0.06619259897324865
246,0.021565091955872452
247,-0.027656711961752803
248,-0.15536080950014708
249,-0.027656711961752803
250,0.041309985262873265
251,-0.03674470193236703
252,0.008074469457760676
253,-0.035245692946374134
254,-0.06828749545943756
255,-0.03904007841495616
256,-0.11106116044150746
257,-0.012758968779781436
258,-0.0649304841652217
259,0.004058261084602156
260,-0.05757136307558488
261,-0.12480510629461963
262,-0.07831018970353387
263,0.03764031855346968
264,-0.11299471352033279
265,-0.06016984257399059
266,-0.15831789931660867
267,-0.16810716569753636
268,-0.07598637815305685
269,-0.043597180672318485
270,-0.003108914824902335
271,-0.12110906928554765
272,-0.03161704920966274
273,0.006331552212054152
274,-0.13429562515165525
275,-0.04256814859536118
276,0.07914076879264632
277,-0.02297480871985168
278,-0.03132115845040319
279,-0.03132115845040319
280,0.022317932532409778
281,-0.007871449311478172
282,-0.026275846551872005
283,-0.11189105416564629
284,-0.07374825146030918
285,-0.027849393710021902
286,-0.1476782142802321
287,-0.031811085100317264
288,-0.053575506956205624
289,-0.15639080607742561
290,-0.11770734697139497
291,-0.028881801533096593
292,-0.028881801533096593
293,-0.19463893002730384
294,-0.04370878312781179
295,-0.017495324610958103
296,-0.05894004377946012
297,-0.1359940062776456
298,0.03850264783907762
299,-0.05799317461527485
300,0.0147865036660174
301,-0.010448817687224764
302,-0.048814158150060655
303,0.007820237432348054
304,-0.0025177203538057366
305,-0.09720111503427259
306,-0.06099326081783126
307,-0.17621617796674532
308,0.000663307069438682
309,-0.035534330054696625
310,0.06234252330172763
311,-0.1285107305264633
312,-0.10349209799196596
313,-0.16709698874226106
314,-0.05261064034616636
315,-0.11912571843430873
316,0.011634752067427765
317,0.06392197941046307
318,-0.019778396144319175
319,-0.07557038284830334
320,-0.15281169409308532
321,-0.029775153413326445
322,-0.03513276097773003
323,-0.060600261462233046
324,0.006993755856708347
325,-0.03313399710899948
326,0.06182855262045009
327,0.055063908066081226
328,0.055063908066081226
329,-0.11662508408844378
330,-0.0590895899033956
331,-0.009384665989267169
332,-0.039567736825743584
333,-0.06284999666078567
334,-0.11559580915447461
335,-0.025710725746140254
336,-0.19037186807233047
337,-0.018675017456522877
338,0.006525923586714882
339,-0.15438610272140746
340,-0.15438610272140746
341,-0.10175899338301696
342,0.047710176217531555
343,0.013579593087975747
344,-0.08085483716488262
345,-0.03403705898490087
346,-0.09464123127947778
347,-0.05579044751140917
348,-0.08717713747066824
349,-0.03298177465483545
350,-0.0627474587029889
351,0.014809301668498974
352,-0.11602388401202748
353,-0.15577191490845038
354,-0.07892066375150375
355,-0.12443690893767186
356,0.038987289809464414
357,0.03202746200897602
358,-0.1600056698571084
359,-0.09915718485110174
360,-0.05592708929658408
361,-0.1193545100627602
362,0.021166837237802726
363,-0.08344427085525355
364,-0.12463105140415762
365,-0.14461056516250784
366,-0.12552458495583751
367,0.07441136327353183
368,0.022057827586247927
369,-0.10161242106467212
370,-0.006877334272323234
371,-0.12714404585295222
372,0.04973289451850417
373,-0.037054871809299325
374,-0.05753782874871936
375,0.057228740188040556
376,-0.05655363871462056
377,-0.021751090712006278
378,-0.017328800108406983
379,-0.09530388128642067
380,-0.11192582490794432
381,-0.02645954024225666
382,-0.07146113789823838
383,-0.02026102093924373
384,-0.08499325790121247
385,-0.09671757822553029
386,0.014156634864421456
387,0.014156634864421456
388,0.11390459157677825
389,-0.08907967803749313
390,-0.10932973982269849
391,-0.0984066873998518
392,-0.02836267041617255
393,-0.010008195321848535
394,-0.06702285215347731
395,-0.030924792873724002
396,-0.01836246432224748
397,-0.15536838452072405
398,-0.02176445423693331
399,-0.19575607174585663
400,0.030752595447457138
401,-0.09873068008169866
402,-0.03977067323946984
403,0.024223128862546857
404,-0.04713106278841958
405,0.031552122716370486
406,-0.09388104983972488
407,-0.11783601159205924
408,-0.11845702287825588
409,-0.011571781291785927
410,0.016617246325827846
411,0.018592205878172494
412,0.08318745708998175
413,-0.12984825546807705
414,-0.037387711804169436
415,-0.03352557292189683
416,0.021405269369399335
417,-0.09598266475383413
418,-0.1439198743217869
419,-0.11013726084906443
420,-0.04740327558540322
421,-0.052757278525371334
422,-0.09011559711439861
423,-0.0586014944766968
424,-0.11754598792266178
425,-0.050109044930696095
426,-0.11549760681438453
427,-0.07708743305965916
428,-0.02950707097532026
429,-0.053139357329145494
430,-0.015545458575446118
431,0.037029516904736715
432,-0.04523378747429035
433,-0.08115387113754316
434,-0.036839308561666846
435,-0.10062561427327657
436,-0.09044652348173501
437,-0.053658910649078406
438,0.017574120519712345
439,-0.05546054701212431
440,-0.11961701670261647
441,-0.018879065627352382
442,-0.16140183443865938
443,-0.04286431618355793
444,-0.06961642188806602
445,-0.04549596277895872
446,-0.13068950697887655
447,-0.07977743925322346
448,-0.01005258848145493
449,-0.030916254138601915
450,-0.048892676871066604
451,-0.026121248670479144
452,-0.005793292222297767
453,-0.15504719172327278
454,-0.19598732136307548
455,-0.06750715798979706
456,-0.18400182107970092
457,-0.05961641252217309
458,-0.0777429095112943
459,-0.06622792147605784
460,-0.07897178541666323
461,0.021506443853986586
462,-0.024359042772889958
463,-0.15342873761238915
464,-0.1278596960317495
465,-0.015969422621833925
466,-0.052344981953084145
467,0.031470448281669526
468,-0.054393826027164895
469,-0.04795782859903605
470,-0.08035826474756677
471,-0.08035826474756677
472,-0.10917287141321144
473,-0.002592509705230121
474,-0.1331123452678187
475,-0.10062922154919426
476,-0.07441242747481035
477,-0.0001474630037406462
478,-0.09578155199728543
479,-0.05817942801343375
480,-0.05596052840064992
481,-0.08515324939371813
482,-0.11005482784564667
483,-0.14097092416842438
484,-0.17394163850745167
485,-0.03515064664677047
486,-0.16858830450216886
487,-0.2096600927709114
488,-0.06802957983760041
489,-0.1532914577820833
490,-0.05482038276698048
491,-0.028498436572573723
492,-0.16425556189066975
493,-0.015020354768974719
494,-0.1397825052129661
495,-0.15335508296736935
496,-0.061104026635144755
497,-0.05688014814336552
498,-0.030734522278577273
499,-0.0696727164177019
500,0.006125127783545575
501,-0.052648013775278654
502,-0.07052884899759956
503,-0.14334429004324548
504,-0.03376964879995893
505,-0.10873207950383636
506,-0.0940690667954193
507,-0.09386658005363434
508,-0.05758250363381201
509,-0.04186105011057771
510,-0.002664514358287357
511,-0.20623821512524965
512,-0.11999972922642939
513,-0.03114317710411557
514,-0.07985275573013183
515,-0.035682817205828346
516,-0.009151348886892795
517,-0.18211434158801088
518,-0.0735654587408955
519,-0.0735654587408955
520,-0.14390814859826054
521,-0.07590490719082578
522,-0.011402122104785714
523,-0.061819328464596694
524,-0.1677691570007177
525,-0.07054015358813069
526,-0.051450814678910106
527,-0.09398499305419858
528,-0.18146486316558597
529,-0.036371683772425084
530,0.0025590887537291812
531,-0.13707701585451806
532,-0.08209763053782228
533,0.010655338893733686
534,0.03608689461719704
535,-0.08838084768836894
536,-0.021942681433343082
537,-0.026517811010779473
538,-0.18851179178191177
539,-0.04725118162376308
540,-0.15508152155100244
541,-0.10341001067265237
542,-0.10447686197610152
543,-0.07729409856043075
544,-0.07729409856043075
545,-0.1077566808314014
546,-0.03697426877870453
547,-0.02382957952094225
548,-0.11491636066696856
549,-0.14447447330744678
550,-0.06678218629198564
551,-0.15608763781566756
552,-0.08602517882267775
553,-0.10691866890127628
554,-0.04941113051657891
555,-0.1851383599075451
556,-0.021890048158388947
557,-0.024665215058907
558,-0.061407510108507125
559,-0.1567315417073118
560,-0.21079713481094295
561,-0.09083365019833334
562,-0.07902836882619695
563,-0.20449470910121612
564,-0.07693813006282328
565,-0.06051985803798519
566,0.009076614887562146
567,-0.03578855169928012
568,-0.06748338532384572
569,-0.1733152143180372
570,-0.021155236386352683
571,-0.1448451606668692
572,-0.18214318962829176
573,-0.0620698921066623
574,-0.14252175519891824
575,-0.1339766906621979
576,-0.005928545549451646
577,0.007647500772858478
578,0.007647500772858478
579,-0.20726633803061636
580,-0.060109610303485946
581,-0.05880196475077794
582,-0.06341487611959906
583,-0.08880645943604883
584,-0.08880645943604883
585,-0.0008803841827696086
586,-0.2018622818018571
587,-0.15823678784528883
588,-0.14801708572648992
589,-0.08658369690915747
590,-0.2225596904001354
591,-0.07083163544937665
592,-0.04144083500896158
593,0.041979453812964904
594,0.04555030357951581
595,-0.07294480459481668
596,-0.12289384365718177
597,-0.0409805889481557
598,-0.1485134153697316
599,-0.07570790867568697
600,-0.03488242567449885
601,-0.021941768456494648
602,-0.08429136419610603
603,-0.07407634340820544
604,-0.17826781870229644
605,-0.13807121818729215
606,-0.06747432898637151
607,-0.0598479084161296
608,-0.02970913617176987
609,-0.14680516946879293
610,0.02190538467979916
611,-0.10560501580793533
612,-0.22041381913900063
613,-0.03355238420208443
614,-0.18093935940500688
615,0.005446193999469041
616,-0.07445557175502632
617,-0.07007181863786821
618,-0.0781438418722713
619,-0.05883127203909606
620,-0.19611666705086234
621,-0.037228747215828716
622,-0.09625189276655965
623,-0.01716907298434068
624,-0.03185835059903213
625,-0.056394701517305475
626,-0.07179252178529448
627,-0.04534533765937169
628,-0.11826581511192967
629,-0.20522265394813588
630,-0.055916387026171584
631,-0.029464820118968008
632,-0.10425360524981868
633,-0.10425360524981868
634,-0.1772059898429035
635,-0.13248775343734237
636,-0.07325851849031126
637,-0.0785959379891985
638,0.017971575239745758
639,0.021576937956758812
640,0.043704445922325225
641,0.043704445922325225
642,-0.09964515631453631
643,-0.12419468772869653
644,-0.2020714437342876
645,-0.07805487660786874
646,-0.05589619665392283
647,-0.060688571055366444
648,-0.1290952388704131
649,-0.1419593002936242
650,-0.18737068740931564
651,-0.17626344918494244
652,-0.04240030355346668
653,-0.014735913369308448
654,-0.13315808747210206
655,-0.03306061976960138
656,-0.08994803201540175
657,-0.1372193792143743
658,-0.13406794565077945
659,-0.09057691327955526
660,-0.08112953361371386
661,-0.16217042542193852
662,-0.09589293817266
663,0.03786431620382269
664,-0.13486118753148246
665,0.03384709011354053
666,-0.0821055728664679
667,-0.05777315900043574
668,-0.05777315900043574
669,-0.24079908873325612
670,-0.07988645086835895
671,0.0024287513321266346
672,-0.08371270574727409
673,-0.1782472286989011
674,-0.13672801964176898
675,-0.21674207119132807
676,-0.25029957028269917
677,-0.06328104525001439
678,-0.014210414850975005
679,-0.12058288104942327
680,-0.13375543074750187
681,-0.21035563455953463
682,-0.08916264762997152
683,0.0019111720589716323
684,-0.08817994986449472
685,-0.06833050618476058
686,-0.03211630467477494
687,-0.0295605515241616
688,-0.14412000180059406
689,-0.0937023428046466
690,-0.10862700854770087
691,-0.07156594938851144
692,0.0027734374808324976
693,-0.10190301840308093
694,-0.06520516158352255
695,-0.08231039575844701
696,-0.019776225813108027
697,-0.01565902896397412
698,-0.06397522665798208
699,-0.08378985316680516
700,-0.1660522138745948
701,-0.04930744979932815
702,-0.11945923037125565
703,-0.07707081677438758
704,-0.09515099609928396
705,-0.20778841127012843
706,-0.23739249900519338
707,-0.09746855737059601
708,-0.042742616583454775
709,-0.10176465820045265
710,-0.02372736251670261
711,-0.13342754751091618
712,-0.07987955869065391
713,-0.10573353311649314
714,-0.027021381002376672
715,-0.0036314937690638542
716,-0.0073103990934719
717,-0.04079599171066279
718,-0.06941324301666063
719,-0.06941324301666063
720,-0.0985419453921316
721,0.016729734452955565
722,-0.09035143590666092
723,-0.024297797801195876
724,-0.21345088392308129
725,-0.09277526173144911
726,-0.1814204395839504
727,-0.07275888706903702
728,-0.07976454393539248
729,-0.10543708762600973
730,-0.06608877379573525
731,-0.11477437045838863
732,-0.06915603469342295
733,0.015361912957821213
734,-0.0019049552233799272
735,0.05552238646647451
736,-0.054019209429128065
737,-0.08406169667522248
738,-0.055219591263152734
739,-0.00031364426342681814
740,-0.00031364426342681814
741,-0.11545515948888478
742,-0.0630297454544789
743,-0.03909589662639577
744,-0.05581159782406187
745,-0.15423162958844558
746,-0.07822740283595063
747,-0.08894897782751383
748,0.001566282154877462
749,-0.12487421675781686
750,-0.028490824363766546
751,-0.06126574720026819
752,-0.17296933863530675
753,-0.04199214991944042
754,-0.0704669143831052
755,-0.03378058265176859
756,0.023973005392560875
757,-0.035736153694957876
758,-0.012261941857433076
759,-0.05639151842142074
760,-0.12544426780670256
761,0.011447819282902427
762,0.007319710013797911
763,-0.163531560247215
764,-0.025687710022613042
765,-0.025687710022613042
766,-0.038793363377166254
767,-0.18159930127813728
768,-0.03010367067224187
769,-0.0603451165957606
770,-0.05826829579534973
771,-0.037076117453756614
772,-0.04771597758939919
773,-0.03272068185161451
774,-0.031479544174599694
775,-0.0726875081872094
776,0.020368237064911164
777,-0.14667747480808094
778,-0.01771784760255154
779,-0.10533937344455663
780,-0.07042213827159374
781,-0.08420370633430593
782,-0.07571702807728417
783,0.031995775907077785
784,-0.16690338460042342
785,-0.031380688935980686
786,-0.010122005989682409
787,-0.017953652220270802
788,-0.160520799436882
789,-0.03978709790155449
790,-0.0387483878450821
791,-0.020245291687828966
792,-0.14811042370625138
793,-0.07027634240776313
794,-0.04317615809809566
795,-0.03565764143513489
796,-0.15879773916166656
797,-0.07488032609130993
798,-0.08661106782194966
799,-0.01891427947860072
800,0.007451181557218097
801,-0.154810447490827
802,-0.08728393803654295
803,-0.1415943221902181
804,-0.07167996187322392
805,-0.0024911279762665165
806,-0.0025681385147552213
807,-0.06369063828196682
808,-0.009166724691234574
809,-0.06716361282169361
810,-0.13781865640894445
811,-0.11861757614530297
812,-0.029229317245634965
813,-0.1448609030583071
814,-0.14586523104429172
815,0.007747725509001891
816,-0.08198655625817892
817,-0.07952739151044395
818,-0.023601561381983077
819,-0.023601561381983077
820,-0.002851873807558905
821,-0.017354727445158157
822,-0.011628934490961555
823,-0.002690504589648406
824,-0.12640201605286003
825,-0.025870932491476352
826,-0.14148060354746356
827,0.0057692889098965305
828,-0.1336407969723668
829,-0.12477460077375395
830,0.011489169272295685
831,-0.026875710886335672
832,-0.15190707887260843
833,0.052867924641282094
834,0.012208110456666975
835,-0.026936572902976935
836,-0.14525834717955993
837,-0.007694698900296905
838,-0.12673815788281279
839,-0.03370872932201914
840,-0.058357231316869256
841,-0.008919026294092556
842,-0.039801590026961424
843,-0.05303676206859607
844,-0.05692789596657978
845,-0.06876943499354746
846,0.08497898882627523
847,-0.014952021415636764
848,-0.08940570608263179
849,-0.10433901573541897
850,-0.10150976129007262
851,-0.002562139094120383
852,-0.08846721661057869
853,-0.12243341404181281
854,-0.11008626038526098
855,-0.06635165522837554
856,-0.07444027110217954
857,0.028124445939926745
858,-0.04215382988630922
859,-0.07534413536066642
860,-0.11410262152659419
861,-0.037791206787730326
862,-0.04121117000594084
863,-0.08280848840411363
864,-0.03295143344053708
865,-0.04688854282164317
866,-0.03978267198800761
867,-0.09068691551046063
868,-0.10315518551831625
869,-0.09754673196930744
870,-0.06771579996687711
871,-0.047369533309777
872,-0.045280441522847506
873,-0.00705300394034074
874,-0.08955294236117589
875,-0.07152781515119046
876,-0.10968648693735616
877,-0.07884033030511327
878,-0.14781669718529322
879,-0.11638992965906221
880,-0.08092455718908619
881,0.016181878608943327
882,-0.08825043332574181
883,-0.03175870886278275
884,-0.01826439507518075
885,-0.09760571563101496
886,-0.0358150137722151
887,-0.09769054884922827
888,-0.12694682341778976
889,-0.14299152118842995
890,-0.1554785310449208
891,-0.04449144369839222
892,-0.16373020665824498
893,-0.07867460946000733
894,-0.07457833046531383
895,-0.05062390796337588
896,-0.1098019893719352
897,-0.09637648601355332
898,-0.04989734760307062
899,-0.02008597081083677
900,-0.13319796228457784
901,-0.08549568448084958
902,-0.16207284500609362
903,-0.16207284500609362
904,-0.2198671870769326
905,0.07475748802020023
906,-0.11180657802993933
907,-0.11111194026754581
908,-0.15063187669052358
909,-0.08925165234556506
910,-0.03514900363899799
911,-0.035754683147016894
912,0.005265534085912689
913,-0.0396395219613911
914,-0.108999891312372
915,-0.055756262938737214
916,-0.03551174178087648
917,-0.1125974809569758
918,-0.002836536924731678
919,-0.07444462331153809
920,-0.057160388240731996
921,-0.09305808841783131
922,-0.042048689739339076
923,-0.09252093203467301
924,-0.06511148550864344
925,-0.05723276508078245
926,-0.1717593865624437
927,-0.05719876127855294
928,-0.11650217636199617
929,-0.13586711425507927
930,-0.05118826538381085
931,0.06535445452231274
932,-0.002915400447779735
933,-0.017656016175839163
934,-0.1175204006921699
935,-0.14474087067337812
936,-0.127051496578126
937,-0.16470842874140607
938,-0.04944637317716364
939,-0.03701757236327896
940,-0.054932797683024004
941,-0.05666294630583179
942,-0.05526491216054979
943,-0.04878780308779999
944,-0.09056230557112101
945,-0.06016446521798046
946,-0.046007952805475406
947,-0.08971037228526174
948,-0.09032826816252724
949,-0.11236835429346463
950,-0.08312622969627433
951,-0.15961620686623654
952,-0.09071670207288017
953,-0.14659864617987306
954,0.0250152042334317
955,-0.05043599327362474
956,0.05527815181419731
957,-0.09700367492377805
958,-0.09700367492377805
959,-0.14100392502106304
960,0.01427502533756691
961,-0.09715327653491249
962,-0.07147736210017779
963,0.0017342269463663984
964,-0.05758312088727697
965,-0.14252531355441103
966,-0.041347770559470774
967,-0.11900077690490928
968,-0.0025772332439310272
969,-0.04039654594351504
970,-0.1304771434703613
971,-0.11471368362154788
972,-0.010726672114401202
973,-0.0779574608385968
974,-0.14582892886173582
975,-0.07240742209523524
976,-0.12212027527333492
977,-0.05328208931331885
978,-0.05096730400184751
979,-0.08675991727462402
980,-0.12432990617837243
981,0.006402141433365988
982,-0.038225932147445886
983,-0.11770656660135606
984,-0.08521960846201714
985,-0.10528032883856317
986,-0.04623016420789098
987,-0.04299347494450004
988,-0.042218822103557464
989,-0.15897282607901442
990,-0.11997701450249396
991,-0.11586938709810506
992,-0.12317905203954074
993,-0.08345314290441101
994,-0.049890740153867366
995,-0.03488229962831146
996,-0.07997292978636537
997,-0.038172536061635495
998,-0.05920804458185572
999,-0.15104795741887983
1000,-0.02781206691327692
1001,-0.027303982219674807
1002,-0.08103754521709501
1003,-0.09001149111145844
1004,-0.10375083119450386
1005,-0.08318590446413629
1006,-0.027815028768189653
1007,-0.1266171019076388
1008,-0.03833776990058283
1009,-0.03833776990058283
1010,-0.13731982972398948
1011,-0.057495678970920464
1012,-0.14217832510933795
1013,-0.10325275903514378
1014,-0.09365578712216079
1015,-0.09954509389677496
1016,-0.07074793746853301
1017,-0.07427905749687783
1018,0.0036368674201612567
1019,-0.09492036760748747
1020,-0.09427274277112932
1021,-0.08890479272312786
1022,-0.09013254596866958
1023,-0.02047452691785924
1024,-0.017837933747584685
1025,-0.05625520394234725
1026,-0.05281262929092046
1027,-0.03898817838358462
1028,-0.09021606068537637
1029,-0.05378553278284075
1030,-0.13813308817454692
1031,-0.04135411210398698
1032,-0.10913555333347758
1033,0.015337509924564396
1034,-0.08973438547722916
1035,-0.03944227250226464
1036,-0.03949876724313362
1037,-0.09370114240200396
1038,-0.10506650729929955
1039,-0.054328288719506075
1040,-0.09597439085307163
1041,-0.09232657794409656
1042,-0.044367554703762774
1043,-0.08723728630774528
1044,-0.09391935022355212
1045,-0.13618243119359794
1046,-0.09220529715243209
1047,-0.041197845183712764
1048,-0.09140369321015367
1049,-0.058719730586821395
1050,-0.04163064734088389
1051,-0.055109769510571276
1052,-0.060711909576177225
1053,0.0015963512755778435
1054,-0.05396938938588912
1055,-0.10861469979855728
1056,-0.08127598832993708
1057,-0.0593475020509772
1058,-0.08892005547078184
1059,-0.18564520755236313
1060,0.004227165028032506
1061,-0.04778994459520853
1062,-0.10780462949556574
1063,-0.043877230340085685
1064,-0.11548512064016386
1065,-0.0932528074869697
1066,-0.07554448815222847
1067,-0.09273779778718921
1068,-0.14823471492162046
1069,-0.10222177180635532
1070,-0.02431124187973097
1071,-0.1370861016344313
1072,-0.09715911753245976
1073,-0.1190711529350248
1074,-0.09688350775572938
1075,-0.04689599204250391
1076,-0.10141928464936327
1077,-0.061289172945554006
1078,-0.05206569336289258
1079,-0.06480866101689127
1080,-0.08913782766807693
1081,-0.012584394812957398
1082,0.02692138140604732
1083,-0.08307589003220277
1084,0.011955671741853338
1085,-0.0627368478758587
1086,-0.06306396310143077
1087,-0.0601953139252843
1088,-0.09551294333408197
1089,-0.040251315821768385
1090,-0.02368200353544909
1091,-0.04913528852929781
1092,-0.05320237628228214
1093,0.06523356669117328
1094,-0.05886359392020757
1095,-0.054052038376813404
1096,-0.1737732356275662
1097,-0.027403463418050278
1098,-0.005524051652284193
1099,-0.08606151836427314
1100,-0.04441140795571754
1101,-0.09008409714379065
1102,0.0909098068207628
1103,0.021118503534147695
1104,0.025568240456053843
1105,-0.06607015375539636
1106,-0.06144221666658672
1107,0.03423591161795403
1108,-0.0798640611594996
1109,-0.06259673162771251
1110,-0.08201935716359902
1111,-0.08992766210459972
1112,-0.049002443969507196
1113,-0.11212599462603072
1114,-0.0622493635325463
1115,-0.038940865116624694
1116,-0.05650993577702881
1117,-0.07895241952488091
1118,0.09728540911575549
1119,0.010503898025693684
1120,-0.10633062164257658
1121,-0.07826530090504273
1122,-0.05304793371336417
1123,-0.16543044729890216
1124,-0.03939123056085894
1125,-0.018219424966405322
1126,-0.10981460395571677
1127,-0.01690992065864576
1128,-0.041330096331351804
1129,-0.03268853975531422
1130,0.0369068523441335
1131,-0.0006127295266290516
1132,0.08871619678796043
1133,0.03155550936901606
1134,-0.12259205523877284
1135,-0.06566171349721638
1136,-0.04827537965995761
1137,-0.03867963980880015
1138,-0.013769893595418695
1139,-0.05232971995493408
1140,-0.035846407503918404
1141,-0.11888375918949287
1142,0.025696634539192714
1143,-0.04471261417783356
1144,-0.056632097966722444
1145,-0.003944114994084532
1146,-0.15907563916783765
1147,-0.05613854646267535
1148,-0.0794203408496556
1149,-0.047595411353856795
1150,-0.06895465974165585
1151,0.03232311933400752
1152,-0.047269277824087574
1153,-0.04676878714116108
1154,-0.031972296318735355
1155,-0.05142918936688661
1156,-0.10197318845205565
1157,-0.037509594184694794
1158,-0.05090782775825457
1159,-0.04869693431543934
1160,-0.08255478268082177
1161,0.02710210567371798
1162,-0.05697389325066129
1163,-0.05818354744002696
1164,-0.05697389325066129
1165,-0.019512764537068492
1166,-0.06638348623885848
1167,-0.04072331881855256
1168,-0.07828729113967442
1169,0.00599505865403881
1170,-0.0006278277572232195
1171,-0.04132165087389634
1172,-0.006415677028234558
1173,0.021334636238882213
1174,-0.13335999707126212
1175,-0.02067921663017244
1176,-0.0780389560951589
1177,-0.0467298255231433
1178,-0.031213589901582375
1179,-0.07416169287955292
1180,-0.06350019179449336
1181,-0.055272619476991997
1182,-0.036532564673007806
1183,-0.024140260636372313
1184,-0.043700466808220734
1185,0.011343832099588896
1186,-0.0866508620640795
1187,-0.055777007468232685
1188,-0.04475456079799038
1189,-0.04543952372804137
1190,0.009581230333901737
1191,-0.054260575831728296
1192,-0.04901437379262269
1193,0.0029369317864976867
1194,-0.012086751092631876
1195,-0.05253468290782662
1196,0.024109010017990318
1197,-0.09184867208953275
1198,-0.04005972804179822
1199,-0.04629105382195633
1200,-0.07773730557051989
1201,-0.017176441848592024
1202,-0.016015777569313206
1203,-0.07904509571267224
1204,-0.02224168397282642
1205,-0.03209057173406601
1206,0.03454291304435078
1207,-0.1082420047417141
1208,-0.02958810231542974
1209,-0.07839573173318386
1210,-0.002205805913059618
1211,-0.05579085022447023
1212,-0.03101459495339059
1213,0.0023335008490769243
1214,-0.06464271242716715
1215,0.033463232992938095
1216,-0.13246945143183508
1217,-0.13246945143183508
1218,-0.05116950713654191
1219,-0.13103532849046487
1220,-0.06616181550510238
1221,-0.03566919837028446
1222,-0.07589758798101834
1223,-0.05987899011508166
1224,-0.05157857339800649
1225,-0.09838776697903348
1226,-0.06481567309388432
1227,-0.09916582145071734
1228,-0.06080246179436737
1229,-0.06284929785032553
1230,-0.0496954102768568
1231,0.01193609023290103
1232,-0.008761357411585497
1233,-0.0905612319873996
1234,-0.1007740689233998
1235,-0.043872883345413095
1236,0.019509851093839098
1237,-0.146915603965739
1238,-0.09936350648625228
1239,-0.10385027001096962
1240,-0.0796205288729408
1241,-0.10553676675267658
1242,-0.10553676675267658
1243,-0.11518870249234586
1244,-0.039818309286691035
1245,0.014099687493618028
1246,-0.14568142159132624
1247,-0.04326193759211079
1248,-0.12887327693460351
1249,-0.1082720959862927
1250,-0.127873671880523
1251,-0.12800309895138315
1252,-0.05531573064593527
1253,-0.1100249406302989
1254,-0.06603011263087956
1255,-0.03416048644241638
1256,0.001710035441006585
1257,-0.12090834335383761
1258,-0.12497931551271231
1259,-0.13928393411255205
1260,-0.0087356064299436
1261,0.009714445888833006
1262,-0.0022454278188215717
1263,0.01814770776823776
1264,-0.07455520115978183
1265,-0.06303281318275462
1266,-0.04347200279776084
1267,-0.12909667150420312
1268,0.015967335710966417
1269,-0.016221054193581764
1270,-0.04055909831531285
1271,-0.06504843735593538
1272,-0.06084362029305362
1273,-0.014560746983901082
1274,-0.08865497317676585
1275,0.019155574094870818
1276,-0.08212791421120696
1277,-0.03563548088898863
1278,-0.028858297582155152
1279,-0.03292882315048407
1280,0.010386546881781096
1281,-0.030231755664910844
1282,-0.034109847988923934
1283,-0.032490338158485864
1284,-0.1361180661579024
1285,-0.1293984852557075
1286,-0.06513426831048115
1287,-0.15955181748322683
1288,-0.17832393783903527
1289,-0.04515260534975297
1290,-0.1682525884505339
1291,-0.05271674137423405
1292,-0.05171464950870755
1293,-0.06368504003273301
1294,-0.11795784771401063
1295,-0.10562096652195767
1296,-0.18436864922600235
1297,-0.17508220734034177
1298,-0.12164100046455285
1299,-0.13705113168303068
1300,-0.12316759284550394
1301,-0.00025639086485139954
1302,-0.16701964052124454
1303,-0.054248941408244766
1304,-0.0887330257742002
1305,-0.15900453461894662
1306,-0.013807744148075429
1307,-0.05924211069923099
1308,-0.01621939594596947
1309,-0.04173220618052595
1310,-0.10457723637593877
1311,-0.15470606620256588
1312,-0.0931585346626707
1313,-0.045785188721851416
1314,-0.08305985497383751
1315,-0.15087611494154246
1316,-0.0611372191724836
1317,-0.03992760557077831
1318,-0.06964529353513026
1319,-0.1295185764595274
1320,-0.12540711898335605
1321,-0.15522220204158724
1322,-0.1529751161985085
1323,-0.10226471194779453
1324,-0.04644357968169001
1325,-0.062136694015752225
1326,-0.062136694015752225
1327,-0.051949651079919404
1328,-0.08132055203798685
1329,-0.025299787813361528
1330,-0.051007295971591766
1331,-0.019058631462408552
1332,-0.1429951304577474
1333,-0.07060395846413098
1334,-0.13503471004945572
1335,-0.04684564170719335
1336,-0.042147477948721083
1337,-0.08030720400565586
1338,-0.10720521754657852
1339,-0.03823215015567
1340,-0.07716753279521639
1341,-0.07629026632227408
1342,-0.1473158666128225
1343,-0.15688944206308636
1344,0.004361290189307603
1345,-0.03817272566657851
1346,-0.08803878635303694
1347,-0.06869267854923795
1348,-0.09733373723800401
1349,-0.014254419632549772
1350,-0.07688406123720293
1351,-0.07407884928986098
1352,-0.03381740966633597
1353,-0.016890725353078145
1354,-0.07774964882317155
1355,-0.08936510965816014
1356,-0.09189222471787088
1357,-0.06511897672581665
1358,-0.05643316298238871
1359,-0.1487696761713946
1360,-0.18947054013161402
1361,-0.08182948021029829
1362,-0.08914119239146315
1363,-0.04188977805729685
1364,-0.12700852201846322
1365,-0.04643949270717485
1366,-0.05224034135368477
1367,-0.07985684539910591
1368,-0.07610086517709172
1369,-0.041444436377189614
1370,-0.08968100560783565
1371,-0.056459287646603525
1372,-0.09179450280147683
1373,-0.06491450950278674
1374,-0.09175985050343011
1375,-0.0971466206454856
1376,-0.09985216663425234
1377,-0.09897131090529378
1378,-0.10383576681229596
1379,-0.07187736600817823
1380,-0.07590573478259968
1381,-0.08589180739952577
1382,-0.05395580964526797
1383,-0.016141697173928576
1384,-0.08999217242838484
1385,-0.06273777342995711
1386,-0.06273777342995711
1387,-0.009981804103164555
1388,-0.1169375220334854
1389,-0.0700080845260964
1390,-0.08227050775020671
1391,-0.09986595100188089
1392,-0.04987296667621955
1393,-0.07048978212194233
1394,-0.06492450044147151
1395,-0.08107071063040096
1396,-0.0920251800240112
1397,-0.16033057414734597
1398,-0.1112150033012833
1399,0.039755663060966305
1400,-0.07894331167347106
1401,-0.03619995856420165
1402,-0.09081837699364335
1403,-0.14688252881699698
1404,-0.1164153973171757
1405,-0.06585281668780205
1406,-0.07882457707303932
1407,-0.10299582447542154
1408,-0.09390302081062314
1409,-0.13811713031956988
1410,-0.13895366803715523
1411,-0.07543789733800643
1412,-0.06738756240260269
1413,-0.02959778994497834
1414,-0.09315014945024393
1415,0.024062100625701004
1416,6.171742476680236e-05
1417,-0.05885258097379727
1418,-0.09843889976503128
1419,-0.08521493584246442
1420,-0.10016398892750084
1421,-0.09570541004857636
1422,-0.04366555452902555
1423,-0.11619822678710297
1424,-0.07069727185858256
1425,-0.07069727185858256
1426,-0.08361949710836492
1427,-0.07585231426007502
1428,-0.07271117484681029
1429,-0.11128892931927785
1430,-0.1485446480424104
1431,-0.11753059852991571
1432,-0.08199004889634275
1433,-0.12748668590715814
1434,-0.06513931968150721
1435,-0.011247131110418043
1436,-0.0947862600842726
1437,-0.15227108563832464
1438,-0.059829195406207604
1439,0.04529730723172467
1440,-0.11643587258047812
1441,-0.06798050831668165
1442,-0.06465549877183781
1443,-0.10788165451674109
1444,-0.08343661267275211
1445,-0.1635290455306939
1446,-0.026502918404759834
1447,-0.07644229693102725
1448,-0.10353291814657006
1449,-0.12247987417030579
1450,-0.06034719107177936
1451,-0.1169533580665391
1452,-0.054025528808571005
1453,-0.06248351711209989
1454,-0.034172341968437436
1455,-0.06662262776634284
1456,-0.039945831401470594
1457,-0.08058956522676691
1458,-0.07973799630048957
1459,-0.1006418295337748
1460,-0.1233197560826911
1461,-0.08473437605410607
1462,0.026594208521825247
1463,-0.0013660321993874504
1464,-0.103777910454952
1465,-0.10206153969693461
1466,-0.057763881438455844
1467,-0.10563443240438979
1468,-0.1257638277335745
1469,-0.11323749632800241
1470,-0.10088263918434888
1471,-0.05978235786097364
1472,-0.036415670098090165
1473,-0.07144659680395644
1474,-0.09000754715219415
1475,-0.08763493421930806
1476,-0.06566757543750106
1477,-0.06290741766817441
1478,-0.04941305042213336
1479,-0.11777086246821648
1480,-0.06838071478003861
1481,-0.011250628707996157
1482,-0.09855379293852642
1483,-0.10185847472004016
1484,-0.10520199552453263
1485,0.051554472777858525
1486,-0.021728367929954553
1487,-0.09943840433747902
1488,-0.055306393686736274
1489,-0.09166173254784657
1490,-0.12187724766897784
1491,-0.13691671434616132
1492,-0.060990334053223544
1493,-0.02417662077739669
1494,-0.09928772053219025
1495,0.03313355026444953
1496,-0.09003259825298998
1497,-0.08946952155224337
1498,-0.07152876897324578
1499,-0.08697883160961002
1500,-0.023878268316170653
1501,-0.07287135625756473
1502,-0.06505530238260851
1503,-0.10930008164763759
1504,-0.07966408218994409
1505,-0.022473417907716342
1506,-0.009536468078550898
1507,-0.07957059909859827
1508,-0.1272617020387211
1509,-0.1145424803306288
1510,0.004549252560687456
1511,-0.07587473703406257
1512,-0.09742865731218807
1513,-0.08334255526376334
1514,-0.03763809026046057
1515,-0.06296168918290045
1516,-0.07274992187233177
1517,-0.09344599755389481
1518,-0.13430079383490048
1519,-0.04274391779428433
1520,-0.13339971555663646
1521,-0.09131634036031701
1522,-0.07062903148533767
1523,-0.07933740791847146
1524,-0.04982021108579474
1525,-0.0494130927658587
1526,-0.011112743996122432
1527,-0.053585153454065435
1528,-0.14015443808344968
1529,-0.061614109433109035
1530,-0.16812942915018403
1531,0.014894780172895408
1532,-0.08173194362207749
1533,-0.051193158937366985
1534,-0.09564111755267043
1535,-0.15235272517375292
1536,-0.07281285400325284
1537,-0.062474071108534306
1538,-0.06170970940083269
1539,-0.08720729988346969
1540,-0.1430573065702266
1541,-0.0896854984508403
1542,-0.04179268533319761
1543,-0.04837877556625535
1544,-0.0608381682226845
1545,-0.06908313709986316
1546,-0.09331642970980689
1547,-0.06810653691974511
1548,-0.12564424728719142
1549,-0.006803979094362662
1550,-0.1344510644682683
1551,-0.08550699616189257
1552,0.006185343720609097
1553,-0.1365992381501391
1554,-0.06540190923415924
1555,-0.07692081090705247
1556,-0.10155296239655137
1557,-0.028560143180777046
1558,-0.05311028324315446
1559,-0.07799406013522016
1560,-0.08745943578097148
1561,-0.1697773651225716
1562,-0.11489787535561613
1563,-0.08405088978507974
1564,-0.03206066687833812
1565,-0.11614268635578215
1566,-0.02848881692603847
1567,-0.09691196664752548
1568,-0.03309208674631786
1569,-0.15120969492056652
1570,-0.1531764657846552
1571,-0.004700874317067503
1572,-0.05540177466879252
1573,-0.03424373758811306
1574,-0.051889392484794405
1575,-0.02572410455635986
1576,-0.04294253951611468
1577,-0.07224351708090726
1578,-0.03724107623332796
1579,-0.20077065566341973
1580,-0.11228923037165026
1581,-0.11638934933201138
1582,-0.025964439981564332
1583,-0.03822402525416968
1584,-0.03822402525416968
1585,0.025485270771794126
1586,-0.1138631277450922
1587,-0.045081816259274626
1588,-0.041171583378776945
1589,-0.03538768068783953
1590,-0.14933037783489173
1591,-0.08568405299917402
1592,-0.0522757151127933
1593,-0.18764708615920606
1594,-0.026161236248409034
1595,-0.08024166770913785
1596,-0.052658662302004
1597,-0.09760276508072661
1598,-0.07729923554005606
1599,-0.09090449041957736
1600,0.006621617524985635
1601,-0.1236754835794008
1602,0.0039534097169546395
1603,-0.09325960519299657
1604,0.0024630296214086696
1605,-0.07268324517006625
1606,0.031982732832753866
1607,-0.004525004190610157
1608,-0.00020393303665935616
1609,-0.02514530002790306
1610,-0.009520368067453988
1611,0.015478292193244092
1612,-0.05866736191660806
1613,-0.10850229921514555
1614,-0.025913812178853832
1615,-0.005735226205386987
1616,0.0005764586671477656
1617,-0.146189999118857
1618,-0.00906792862651638
1619,0.013958733640080722
1620,-0.011342862241778837
1621,-0.032231141561928155
1622,-0.01317261325665537
1623,-0.06991096539256676
1624,-0.029958820875822197
1625,-0.08013599323341444
1626,-0.03741749665293932
1627,-0.07129053871094972
1628,-0.08700298678560679
1629,-0.08700298678560679
1630,-5.657508747257671e-05
1631,-0.10301754124660144
1632,-0.05034198738735558
1633,-0.008940697538615887
1634,-0.004836101485652011
1635,-0.011559796041573664
1636,-0.1638002573838057
1637,-0.163187907873782
1638,0.027949217804410904
1639,0.004455391235558462
1640,-0.16544506151051452
1641,-0.05526505369388639
1642,-0.12286100441644764
1643,-0.1305813928492366
1644,-0.20114307311485596
1645,-0.04938528732585155
1646,0.031912487136767295
1647,-0.11042396393675152
1648,0.00821325595455857
1649,-0.11959826538510517
1650,-0.06665500760068953
1651,-0.04961116694258212
1652,-0.04961116694258212
1653,-0.011175806731651828
1654,0.0025790655031223265
1655,0.03446785064697532
1656,-0.03577071069790454
1657,0.04305211624683772
1658,-0.03035648947033168
1659,-0.13333129946482938
1660,-0.011119305672832903
1661,-0.0067545621180239235
1662,-0.01600960971477756
1663,-0.004861619694168914
1664,-0.08597736364096717
1665,-0.11761101378597366
1666,0.018126868225304734
1667,-0.07452315642316433
1668,-0.0739908944755222
1669,0.005886081149390464
1670,0.005931227569290766
1671,-0.006405301290738666
1672,-0.0028387567615525684
1673,-0.09446306022196885
1674,-0.04898567776989274
1675,-0.03158877739333402
1676,-0.1458771310604454
1677,-0.11960509381470262
1678,-0.009177526139447088
1679,-0.009653009143400223
1680,-0.18240390633391546
1681,-0.11592526448359604
1682,-0.13907423088799858
1683,-0.021845654419905162
1684,-0.13894037753222652
1685,-0.08427983074850914
1686,-0.13105124436895735
1687,-0.04895181578741128
1688,-0.020824836216964057
1689,-0.04977217628490168
1690,-0.13634230342056466
1691,-0.08648368767945007
1692,-0.06879857045505504
1693,-0.15258943433993688
1694,-0.0647119664902594
1695,-0.0908396444110824
1696,-0.0540188090558382
1697,-0.06659842515093886
1698,-0.02502425734834124
1699,-0.13359191465955214
1700,-0.07817211334916245
1701,-0.043018059292327056
1702,-0.06777329933380181
1703,-0.05598322410022911
1704,-0.09243102030213166
1705,-0.03940470804590385
1706,-0.04840831500604433
1707,-0.08802739110955736
1708,-0.14611158201593943
1709,-0.017010140073440778
1710,-0.06315304185434444
1711,-0.1351535634357026
1712,-0.12931450590308952
1713,0.0038147052371343645
1714,-0.11498294937801169
1715,-0.02392238824329275
1716,-0.16144931433278698
1717,-0.07251325285382579
1718,-0.147709596280842
1719,-0.06259579394531664
1720,-0.06684635582317906
1721,-0.16265254448576577
1722,-0.01967623706975841
1723,-0.15387655930571262
1724,-0.0358689115232296
1725,-0.022896575613060858
1726,-0.07811406005101179
1727,-0.021595679340719744
1728,-0.021595679340719744
1729,-0.10930104279727719
1730,-0.07462413591215727
1731,-0.10535650365674276
1732,-0.055616508106745434
1733,-0.00727875234015587
1734,-0.1463422215796681
1735,0.002139195558899856
1736,-0.03991755025121574
1737,-0.05878136552021602
1738,-0.132441114349783
1739,-0.02618710208643426
1740,0.01009096175562042
1741,-0.04823827852304336
1742,-0.1003990642636401
1743,-0.06457569504570945
1744,0.02228196144777543
1745,-0.08828451611183097
1746,-0.11916371130541689
1747,-0.019502943359225224
1748,-0.08352678028125268
1749,-0.07308017253828226
1750,-0.1037314495872425
1751,-0.16302854200463676
1752,-0.05210668320337221
1753,-0.10211403604217922
1754,-0.22679408409005
1755,-0.034632851404461346
1756,-0.15308225156475969
1757,-0.11787809404652373
1758,-0.16138045762075154
1759,-0.14137746915542496
1760,-0.1625325641507604
1761,-0.24358790447398201
1762,-0.02813680143522981
1763,-0.010737950323985942
1764,-0.12418825306708402
1765,-0.1938637857250195
1766,-0.018688697044441697
1767,-0.05326346197641481
1768,-0.01292277279943469
1769,-0.257399642118907
1770,-0.0975907621926563
1771,-0.08223593826026049
1772,-0.16497331243913338
1773,-0.03370190835573547
1774,-0.09353123687195568
1775,-0.1320611351259456
1776,-0.04456533309506003
1777,-0.049867051566840515
1778,-0.0602385241306542
1779,-0.11647166314760117
1780,-0.09000215347090702
1781,-0.1725438399852425
1782,-0.1730615959077787
1783,-0.11873691446292522
1784,-0.010245122910681121
1785,-0.08370944251489255
1786,-0.01579914173840161
1787,-0.03361594131264687
1788,-0.23752373065357538
1789,-0.06326193613092253
1790,-0.10097388978110278
1791,-0.04299502836043441
1792,-0.09225038391781162
1793,-0.025733530269111602
1794,-0.02145927216941071
1795,-0.08568432241276072
1796,0.0031006737897049225
1797,-0.0526545412048738
1798,-0.012046636245281017
1799,-0.04198222965541138
1800,0.002608592030520328
1801,-0.13504987947228972
1802,-0.1654270877178989
1803,-0.05548712576261257
1804,-0.05610663008625389
1805,-0.1366805053360882
1806,-0.07151339318194755
1807,-0.06904888930233032
1808,-0.07846244669304883
1809,-0.018513901378504203
1810,-0.16715456559888026
1811,-0.03596173628176403
1812,0.021039421375287654
1813,-0.15593185165719214
1814,-0.060822418168120125
1815,-0.12611879302577625
1816,-0.030191246896151255
1817,-0.030191246896151255
1818,-0.06510260198452851
1819,-0.02276234350769434
1820,-0.13077472872756696
1821,-0.05184323510694047
1822,-0.03506978114778951
1823,-0.05814756062031356
1824,-0.044945293838069826
1825,-0.030687316200307874
1826,-0.022588422261514227
1827,-0.13955331077171296
1828,0.00818081472780121
1829,-0.0562097035689581
1830,-0.033434463271023535
1831,-0.07925734582605976
1832,-0.07256424276963146
1833,0.009126491932629188
1834,-0.17789527254531923
1835,-0.05604966258501763
1836,-0.02832524838191493
1837,-0.11363814077364268
1838,0.026110441312673743
1839,-0.12543439528760664
1840,-0.11716731901473977
1841,-0.053793656565004226
1842,0.00798563058693024
1843,-0.08066261439168851
1844,-0.12276125665389094
1845,-0.04100362387311402
1846,-0.10569886872212154
1847,-0.10581509740413454
1848,-0.142697427101077
1849,-0.01332752446916547
1850,-0.05056423876242689
1851,-0.017812982184458332
1852,0.0034309129238649953
1853,-0.14189042932875462
1854,-0.05004245430542979
1855,-0.04708979550025299
1856,-0.024860935629791966
1857,-0.1795596742481481
1858,-0.05794821885214962
1859,-0.03829154644207542
1860,-0.03471233133688099
1861,-0.11240868376721376
1862,-0.14164850955252356
1863,0.014378230439721919
1864,-0.05867355415842621
1865,-0.08779112199221861
1866,-0.14799498016582796
1867,-0.08595774328679806
1868,-0.11136570541114969
1869,-0.06188421026146946
1870,-0.0989306591066478
1871,-0.1571696025397183
1872,-0.11670360429296611
1873,-0.17907869373978635
1874,-0.04066626892616085
1875,-0.1113181571601171
1876,-0.03514378357313894
1877,-0.015881152000099985
1878,-0.07786690079518419
1879,-0.03665815655196785
1880,-0.012078827059099307
1881,-0.1736841633762958
1882,-0.033408077032611595
1883,-0.16700807579332666
1884,-0.02719643576823274
1885,-0.04848767637440847
1886,-0.010433902201498112
1887,-0.034024571427747244
1888,-0.07711306032720873
1889,-0.03757250854592535
1890,-0.08565677997502505
1891,-0.059749302744974905
1892,-0.05622883517641179
1893,0.0011051208694529827
1894,-0.13083863699104456
1895,0.017240008413522624
1896,-0.03524037651889521
1897,-0.0033801985314334537
1898,-0.08023850885459449
1899,-0.14676546970773208
1900,-0.06390544406085766
1901,0.04203791396354381
1902,-0.06006414384756971
1903,-0.05882142518607817
1904,-0.08654557043384196
1905,-0.05862936247386655
1906,-0.0324379663064691
1907,-0.09201970638702428
1908,-0.004601017655171901
1909,0.01655462719416751
1910,-0.0891899959738479
1911,-0.05998839505176293
1912,-0.08451352502750843
1913,-0.05949511221387157
1914,-0.09794262821818724
1915,0.04171657019925571
1916,-0.120867812648022
1917,-0.1173376430306479
1918,0.01496839521750148
1919,-0.07935632938681693
1920,-0.0970626966307723
1921,-0.049095522198784
1922,0.03379290433176102
1923,-0.056811144618660554
1924,-0.09147502426278956
1925,-0.002892448157855513
1926,0.02401314443968262
1927,-0.09191388562803135
1928,0.002658294156505326
1929,-0.04041694418098012
1930,-0.03426093025859624
1931,-0.0013931207013141273
1932,-0.078898578292297
1933,-0.0853999813311737
1934,0.004180926871344338
1935,-0.007779922554976573
1936,-0.07131398023554548
1937,-0.08603151430391404
1938,-0.03869817480080799
1939,-0.04841849823709815
1940,-0.09958587046884519
1941,-0.06554067868592933
1942,-0.08332401574855262
1943,-0.11348216710469895
1944,-0.03271907878613825
1945,-0.03542681973736566
1946,-0.07245005555794187
1947,-0.08904705264918386
1948,-0.11331915219964267
1949,-0.012869359508487116
1950,-0.16367668251038786
1951,-0.1801370657329015
1952,-0.06820357785265047
1953,-0.07530492757539829
1954,-0.16560540501378584
1955,-0.022600237525734118
1956,-0.16702437618356308
1957,0.0022541062676768235
1958,-0.022018101951438624
1959,-0.03884214321618024
1960,-0.16609915992350416
1961,-0.1122096578157823
1962,-0.10308851316920943
1963,0.012095654491918325
1964,-0.06901419986939494
1965,0.013844729615038465
1966,-0.14520371373633087
1967,-0.07800456715631746
1968,-0.10123704298438103
1969,-0.019846997759224994
1970,-0.06929419771695092
1971,-0.07111127750697921
1972,-0.07991476933774634
1973,-0.07991476933774634
1974,0.015106346823888735
1975,-0.061755067626576246
1976,-0.08612100016918746
1977,-0.017891935431150238
1978,-0.004389836888030238
1979,-0.02765509985517168
1980,-0.15288533577567726
1981,-0.1116370721545238
1982,0.041813195919224604
1983,-0.03999513024163696
1984,-0.04645354764345048
1985,-0.08163730123845772
1986,0.0025317437505308466
1987,-0.07372263205334928
1988,-0.00566656648781529
1989,0.05595897192118151
1990,-0.06517604025474441
1991,-0.02439442986562055
1992,0.01584728218162221
1993,-0.20909720679022548
1994,-0.02309943116780709
1995,-0.003548714219074132
1996,-0.06742853347583652
1997,-0.0006662694498093504
1998,0.011818120918126137
1999,-0.024892765459224513
2000,-0.11701990420708361
2001,0.043084114467008945
2002,-0.04270424798278135
2003,-0.05876857669971817
2004,-0.08148145860687026
2005,0.00776857978543529
2006,-0.06708515598105712
2007,-0.06500925180698405
2008,-0.073087441444238
2009,-0.07332009652169774
2010,0.02655404833762915
2011,-0.10594857677124091
2012,-0.07507434297714312
2013,-0.04916724459496417
2014,-0.014408147292133376
2015,-0.08261543269739316
2016,-0.05583635006913161
2017,-0.01808726262418384
2018,-0.05965538368642724
2019,-0.05965538368642724
2020,-0.08185136131671587
2021,-0.10889213230520679
2022,-0.041243018216397816
2023,-0.023952067359180488
2024,-0.02908698216461653
2025,-0.07319622532258416
2026,-0.08916442427456368
2027,-0.08859924628702431
2028,-0.02024740561655624
2029,-0.10775974067311228
2030,-0.028801019491273006
2031,-0.1612175739140271
2032,-0.03958806864307805
2033,-0.07004262835234562
2034,-0.04768812881766226
2035,-0.03140280273288925
2036,-0.07700220546359816
2037,0.006415614335793371
2038,-0.006212334319463979
2039,-0.02727851093353341
2040,-0.15378272023397963
2041,0.01141605071866303
2042,-0.002660364933465426
2043,-0.06132119016368696
2044,-0.19689723425281885
2045,-0.07486693865544461
2046,-0.02176005047152282
2047,-0.062453005822451425
2048,-0.0538875291191918
2049,-0.016458443144924687
2050,-0.09784516906426421
2051,-0.10674373858770377
2052,-0.11248715553465764
2053,-0.016974529728728354
2054,-0.030069545069636928
2055,-0.07532496319654398
2056,-0.14929165813460232
2057,-0.03777984473272782
2058,-0.11583229808235453
2059,-0.1096975270658357
2060,-0.1096975270658357
2061,-0.06145222010116839
2062,-0.0016113521158642966
2063,-0.15877284898691013
2064,-0.15877284898691013
2065,-0.060475626076572295
2066,-0.014753028305261063
2067,0.014983489113984897
2068,-0.011680230384429528
2069,-0.023404449358248876
2070,-0.1066049580973595
2071,-0.1593768367236228
2072,-0.08032454394711255
2073,0.03393565410635697
2074,-0.09149997774270657
2075,-0.01905499924019189
2076,-0.02026078780613724
2077,-0.09551240190314128
2078,-0.14739928008055536
2079,-0.008770315763651754
2080,-0.05157382365426072
2081,-0.0095603563149632
2082,-0.05857424001654974
2083,-0.06669879834774192
2084,-0.015923463119977724
2085,-0.025221043036701463
2086,-0.1472864915158663
2087,-0.10177879931190387
2088,-0.0037762327904199275
2089,-0.032331739291678784
2090,-0.01432572257851214
2091,-0.017996738964462078
2092,-0.11866754142051025
2093,-0.015580327670164706
2094,-0.015580327670164706
2095,-0.09916680824625203
2096,-0.1100655602053863
2097,-0.09181019238967417
2098,-0.07721919518291284
2099,-0.15764347255056307
2100,-0.005615771879774895
2101,-0.10387474669519443
2102,-0.03218667078708537
2103,-0.08942739099654777
2104,-0.1291470511975001
2105,-0.059103599961715866
2106,-0.019048101702568637
2107,-0.17080901297126708
2108,-0.13732780025241614
2109,-0.18160490928465348
2110,-0.052561044509893885
2111,-0.037068647689213585
2112,-0.1172173646027641
2113,-0.10501984899587624
2114,-0.037232568021989
2115,-0.013400170536797772
2116,-0.06301927172659504
2117,-0.014883509994435641
2118,-0.04975632461105515
2119,-0.0421043798725854
2120,-0.05354898543668406
2121,-0.11345858546721634
2122,-0.06623355556496087
2123,-0.07282129718673898
2124,-0.09458747538749396
2125,-0.016683627463345004
2126,-0.12567540897111737
2127,0.005439711560904652
2128,-0.03908766860514526
2129,-0.09470070515504724
2130,-0.05902305677880204
2131,-0.09737860213469383
2132,-0.005793261578386091
2133,-0.12438585141136754
2134,-0.030728682094467805
2135,0.0711355480059776
2136,0.0711355480059776
2137,-0.09006216717530587
2138,0.04186308221196547
2139,-0.03614317172760424
2140,-0.0924630245074791
2141,-0.06703625301628546
2142,-0.16274646949473776
2143,-0.12188655167332975
2144,-0.12375329661520698
2145,-0.11832662231304916
2146,-0.04570246643490764
2147,-0.06162988876649253
2148,0.03793323653995179
2149,-0.03037822908065318
2150,-0.07850567520957602
2151,-0.17791503851071191
2152,-0.10345274714186849
2153,0.016127093704997514
2154,-0.10508511828667323
2155,-0.06475386996420641
2156,-0.13485475812811024
2157,0.010882572130680874
2158,-0.13659321142582806
2159,-0.171484945091545
2160,-0.10127078466286751
2161,-0.10086843954075442
2162,-0.03383745535432479
2163,-0.029889622867835867
2164,-0.11493616977988642
2165,-0.043064629426503555
2166,-0.09138300140435834
2167,-0.09382282200834491
2168,-0.08245758375312376
2169,-0.03893544146932211
2170,-0.03893544146932211
2171,-0.09345181988449401
2172,-0.03740133578763069
2173,-0.10123749324535815
2174,-0.1485515165581209
2175,-0.10344381686796886
2176,-0.02808459268564912
2177,-0.09311181573007779
2178,-0.07298069285091702
2179,-0.03529866292012124
2180,-0.08062622154913848
2181,-0.07356202871044336
2182,-0.045084678450267805
2183,-0.05214925822506563
2184,0.035027625823307644
2185,-0.08141729803705981
2186,0.03795598682581111
2187,-0.04107505220929386
2188,-0.0853958628941703
2189,-0.04545485807827767
2190,-0.0840942036234768
2191,-0.14240035979087468
2192,-0.15861894515063085
2193,-0.06773782352155945
2194,-0.029821347184692575
2195,-0.05696702747197618
2196,-0.01624284319353384
2197,-0.08152276434804205
2198,-0.0833086855457435
2199,-0.05514098123496851
2200,-0.0692092719498933
2201,-0.03163165994635601
2202,-0.12071121365284766
2203,-0.04722921401341827
2204,-0.056428637861138685
2205,0.05621675422865103
2206,-0.15539322214618828
2207,-0.060420102424583746
2208,-0.09655293964673263
2209,-0.09102455715933479
2210,-0.0255491048774325
2211,-0.24406979020209263
2212,-0.24406979020209263
2213,-0.08221652106260767
2214,-0.1435171850947485
2215,0.007408246253265006
2216,-0.05298162876987094
2217,-0.19233656828119866
2218,-0.1238050285584701
2219,-0.13222257772178206
2220,-0.06906704699187416
2221,-0.17239105048088224
2222,-0.03195675189425003
2223,-0.18570661004532504
2224,-0.03623528047723925
2225,-0.030701898218980936
2226,-0.046968414775883545
2227,-0.03892657727101642
2228,-0.040650293248868284
2229,-0.07205696533692431
2230,-0.07189315948548351
2231,0.0024019748439773414
2232,-0.02349465036652244
2233,-0.10711094248895532
2234,-0.10665293387506554
2235,0.021406193677042926
2236,-0.09806345659627608
2237,-0.07948857481467497
2238,-0.03474958644092435
2239,-0.05468823820786066
2240,-0.09529449692734444
2241,-0.058228850679323416
2242,-0.04257189270473777
2243,-0.009402567060058167
2244,-0.009902708577466654
2245,-0.10602972493314047
2246,-0.06663549338669508
2247,-0.016417335963524796
2248,0.0614441856881986
2249,-0.11016737272640638
2250,-0.05302854927207619
2251,-0.15788536495693276
2252,-0.05329732727755007
2253,-0.0826139241456026
2254,-0.09421212639614011
2255,-0.06272124642008124
2256,-0.08921615727003344
2257,-0.04577075985415784
2258,-0.07564930075141209
2259,-0.17624376690494367
2260,-0.17606554686383433
2261,-0.033619317642433255
2262,-0.007545054022910628
2263,-0.06723169943526647
2264,-0.06112607182111273
2265,-0.005635454453013303
2266,-0.12133560984638987
2267,0.031753828890107
2268,-0.15055089808383174
2269,-0.06230225412393071
2270,-0.07530200686926093
2271,-0.12980627314017648
2272,-0.08908749122239547
2273,-0.08644461133806552
2274,-0.06462800336728611
2275,-0.0749312009747206
2276,-0.1758070126998117
2277,-0.1450274321822236
2278,-0.04598785144642507
2279,-0.023610343732675742
2280,0.017930410872767595
2281,-0.06429308386178842
2282,-0.04851507207973583
2283,0.003163628819194926
2284,-0.09051712168277361
2285,-0.08114234285881544
2286,0.01600063659822491
2287,-0.1588659577570874
2288,-0.07494136160220376
2289,-0.15439786801859004
2290,-0.07597143172150518
2291,-0.08523203259122664
2292,-0.08424014793874393
2293,-0.022981483321051332
2294,-0.11308941625006429
2295,-0.09729044362545124
2296,0.07711592762076264
2297,-0.07612170774921742
2298,-0.07186387098816323
2299,-0.0840780059380485
2300,-0.10965010298409347
2301,-0.10965010298409347
2302,-0.05466139073816784
2303,-0.024499546740718522
2304,-0.10898851446552468
2305,0.023444567497329746
2306,-0.08437332741006649
2307,0.054350258716508164
2308,-0.17923405961911523
2309,-0.09985985063604656
2310,-0.08096108871737097
2311,-0.07854009160743336
2312,-0.07293217088977841
2313,-0.09002865952451894
2314,-0.18950196533717092
2315,0.020771020393258694
2316,-0.056335007048003996
2317,-0.09380156001808812
2318,-0.14513150283675122
2319,-0.019375935547891705
2320,-0.052170617175129094
2321,-0.07054293916791568
2322,-0.05354511929195791
2323,-0.07495573776994002
2324,-0.09287083342336111
2325,-0.026289258193331812
2326,-0.033873425829674016
2327,-0.060568878986273854
2328,-0.08125740954984738
2329,-0.0969712875160206
2330,-0.06301196709791758
2331,0.0928594227875632
2332,-0.1072532717320532
2333,-0.13386287243510603
2334,-0.08267577244788546
2335,-0.08163809090421277
2336,-0.0988561075049611
2337,-0.0868578589105053
2338,-0.1079967852919173
2339,-0.1311868547316406
2340,-0.05829867290901398
2341,-0.04382596515532204
2342,-0.04489896333011108
2343,-0.010454383971849631
2344,-0.07812473914728076
2345,-0.032671320667505804
2346,0.02884126721308578
2347,-0.032671320667505804
2348,0.009869460669730894
2349,-0.07038236399108876
2350,0.1041014958376113
2351,-0.08424305124412597
2352,-0.14231167544975626
2353,-0.0510430697771489
2354,-0.07873772263222557
2355,-0.05265404128719574
2356,0.05427651548599633
2357,-0.10273417862155332
2358,-0.11670922379051346
2359,-0.1475872135018709
2360,-0.12220615819352348
2361,-0.04430724451635773
2362,-0.032965119764138316
2363,-0.08049209078285534
2364,-0.03781353675422236
2365,-0.0773832008318495
2366,-0.029472347996955237
2367,-0.07702463026497362
2368,-0.11348914629928825
2369,0.026458619120016295
2370,-0.07858750264623246
2371,-0.06622046760203565
2372,-0.09148923148981213
2373,-0.07592053452801666
2374,-0.046884529096420054
2375,-0.004277344288113175
2376,-0.05480470817587488
2377,-0.11951795257552397
2378,0.01090350731652637
2379,-0.07159013786690585
2380,-0.07653529993381512
2381,-0.07661908455363263
2382,-0.08384044971642209
2383,-0.04341197459407374
2384,-0.06407581834174475
2385,-0.04411153890023973
2386,-0.026200259287591777
2387,0.0641904831846484
2388,-0.04764921695849045
2389,0.08366987628500785
2390,-0.044334645239779515
2391,-0.044334645239779515
2392,-0.0169949515719402
2393,-0.08997665331354675
2394,-0.01378410294059495
2395,-0.15131675730208793
2396,-0.0929158663363046
2397,-0.06506821821013485
2398,0.012356401369432791
2399,-0.0633122435388933
2400,-0.058560911109115155
2401,-0.007780830290693721
2402,-0.1597901038565126
2403,-0.10024301516964357
2404,-0.05148569395656502
2405,-0.05115751214943244
2406,-0.08879161315835966
2407,0.015546664058797852
2408,-0.07600703191253669
2409,-0.07029089898835432
2410,-0.06034826972690937
2411,-0.01718801682844058
2412,0.02703672000954297
2413,-0.10548804009699543
2414,-0.06090712364559403
2415,-0.07391916507071562
2416,-0.021272763546237253
2417,-0.09427147466847488
2418,-0.09994333840778277
2419,-0.09994333840778277
2420,0.015619674967004426
2421,-0.014974125200092699
2422,-0.07479215757084655
2423,-0.053364505500691835
2424,-0.023091373581460555
2425,-0.023091373581460555
2426,-0.0883977401076085
2427,-0.02575939587760478
2428,-0.0621547894648904
2429,-0.04479295726449311
2430,-0.017758075855236255
2431,-0.06758403265631828
2432,-0.047954614126291616
2433,-0.0014595309026565525
2434,0.004210438089103407
2435,-0.08585467226404538
2436,-0.08177756368928482
2437,-0.1266042877300528
2438,-0.12555787039764074
2439,-0.08806197594411887
2440,-0.06300933230291848
2441,-0.06086636827288725
2442,-0.012484455562277631
2443,-0.038691209309469364
2444,0.021816369961412337
2445,-0.08913699330581258
2446,-0.09982071065960718
2447,-0.05234592966237296
2448,-0.014049955046179606
2449,-0.08494292447170462
2450,-0.07047490069054618
2451,-0.1270434372820143
2452,-0.14547964257095244
2453,-0.03237578527974471
2454,-0.005280445328129365
2455,-0.044062096648334145
2456,-0.044062096648334145
2457,-0.0820041888421539
2458,-0.031923208072660345
2459,-0.10131457272618109
2460,-0.04194002834646303
2461,0.012509064143524921
2462,-0.12131441328568877
2463,-0.07344637729337374
2464,-0.09188520030901852
2465,-0.04107373942150065
2466,-0.08832357435377591
2467,-0.12814917032488732
2468,-0.007583954263176678
2469,-0.10229145964740467
2470,-0.04915626111334025
2471,-0.1556801159557507
2472,-0.08763585975891798
2473,-0.16349268643020012
2474,-0.11333141909693231
2475,-0.07674650918099861
2476,-0.07746462298862616
2477,-0.176753884721734
2478,-0.1763126017100371
2479,0.028264747185956337
2480,-0.01991931528154106
2481,-0.12681050449212966
2482,-0.14467782749262506
2483,-0.07004378922486858
2484,-0.09771331608668679
2485,-0.09498654020860785
2486,-0.1711291634759706
2487,0.008758078560347412
2488,-0.1717554689827054
2489,-0.17680408062036862
2490,-0.09791575750467948
2491,-0.08670246053996342
2492,-0.1119684459998014
2493,-0.08972063948652104
2494,-0.1218091595802266
2495,-0.13165923962782422
2496,-0.08006719543075295
2497,-0.07745994304566725
2498,-0.11089965038169941
2499,0.1526954424860645
2500,-0.04237737467795372
2501,0.1526954424860645
2502,-0.09350934534919252
2503,-0.08415776456903586
2504,-0.04287048223935619
2505,-0.11624945464605721
2506,-0.1383536220503923
2507,-0.0599350194732496
2508,-0.13273824286331037
2509,-0.07452493357970476
2510,-0.16276452246765513
2511,-0.12043899477730163
2512,-0.0488490154029975
2513,-0.07225499360266908
2514,-0.12635424772974482
2515,-0.10206904206074059
2516,-0.14299786118964902
2517,-0.14299137557706929
2518,-0.048429971446551416
2519,-0.07708509371210619
2520,-0.050857000548348144
2521,-0.07765425053704383
2522,-0.060253662790211125
2523,-0.133644367721255
2524,-0.08034429716536659
2525,-0.07486653535445019
2526,-0.04074925127344369
2527,-0.021820547093906118
2528,-0.05260162586574098
2529,0.0887092896793986
2530,0.0887092896793986
2531,-0.03264693471796568
2532,-0.0921199429284686
2533,-0.11811358220284728
2534,-0.1277784811965998
2535,-0.1095842172184865
2536,-0.08156201801282302
2537,-0.13598258213689132
2538,-0.11579085819851213
2539,-0.1315147152289108
2540,-0.07277635230933538
2541,-0.1099709210091906
2542,-0.09273792850190597
2543,-0.07317214330613835
2544,-0.09769174697617253
2545,-0.047225831999058374
2546,-0.11374445988372917
2547,-0.08641502766258663
2548,0.004027564021694337
2549,-0.12094688628288316
2550,-0.10206494338925305
2551,-0.09372493326966276
2552,0.013671845715841617
2553,-0.056138565724072796
2554,-0.08466356871065585
2555,-0.09133348385553011
2556,-0.09529527906923961
2557,-0.04492678324451268
2558,-0.055952313958712335
2559,-0.12045173301684291
2560,-0.058083865522895926
2561,-0.07794117448306866
2562,-0.04153021786836533
2563,-0.04766164172543581
2564,-0.09791185252393014
2565,-0.09197364915923288
2566,-0.04825613069958596
2567,-0.16111015142250582
2568,-0.09850833819231772
2569,-0.03652268365289157
2570,-0.05536251129149604
2571,-0.09220254538214828
2572,-0.08818823646048901
2573,-0.06321317703828964
2574,-0.08211646938366796
2575,-0.059873638818718274
2576,-0.09652740633676225
2577,-0.17317735801367234
2578,-0.03726572248942034
2579,-0.05321179559589115
2580,-0.05051156211506315
2581,-0.06338603804239344
2582,-0.12190413278489713
2583,-0.08798047434984815
2584,-0.014485629628143646
2585,0.12179870447485831
2586,-0.0703561381657407
2587,-0.09878476447583509
2588,-0.08589599689212825
2589,-0.041303015997200654
2590,-0.041303015997200654
2591,-0.07193047538960155
2592,-0.045657598205971525
2593,-0.031313926204077816
2594,-0.12421950120298313
2595,-0.0849706777390056
2596,-0.19137996915011968
2597,-0.015748685307997314
2598,-0.04957747908508436
2599,-0.16909524226261213
2600,-0.028505267643758547
2601,-0.007954215688071304
2602,-0.05635229567675386
2603,-0.047096585647463364
2604,-0.04160695000027941
2605,-0.09657596241482945
2606,-0.1355976820271831
2607,-0.06531841714620927
2608,-0.06795854045651088
2609,-0.07264945234368415
2610,-0.07182172760154427
2611,-0.048074452204787246
2612,-0.022257084862973193
2613,-0.03333614510161332
2614,-0.10744322684926695
2615,-0.030211975558621908
2616,-0.08936995800519691
2617,-0.0855266949334437
2618,-0.1096510901883445
2619,-0.12899504556506336
2620,-0.09975274385913033
2621,-0.04831730453315862
2622,-0.19114908408366205
2623,-0.05195133777629419
2624,-0.03442696158653183
2625,-0.0754614790257069
2626,-0.08870881607365345
2627,-0.011101486431964623
2628,-0.07496859319630565
2629,0.00873605474820559
2630,-0.054127378152840064
2631,-0.11634115777210965
2632,-0.05176743663367775
2633,-0.042895588608342215
2634,-0.06175944949072428
2635,-0.060649722265829445
2636,-0.09239421966343025
2637,-0.07492275298070859
2638,-0.0846923025401766
2639,-0.09010260717675825
2640,-0.10120096558109794
2641,-0.12582661439091147
2642,-0.04337784113113107
2643,-0.04089306565755615
2644,0.028098628479811757
2645,-0.08669964036793339
2646,-0.04100110206377629
2647,-0.1386960497216777
2648,-0.046534330611550406
2649,0.02817600256094253
2650,-0.02970159878135803
2651,-0.005682119481130178
2652,-0.014057096878572095
2653,-0.06330611936988333
2654,-0.04797864726511885
2655,-0.06642590264038413
2656,-0.08556960721764943
2657,-0.05768019443612656
2658,-0.04223135137585744
2659,-0.02500460327151161
2660,-0.1394786833372679
2661,-0.06448067192722338
2662,-0.05517362255778106
2663,-0.042346980762400725
2664,-0.02986906802284901
2665,-0.13977111640350487
2666,-0.13977111640350487
2667,-0.08566691698714136
2668,-0.07989305418783525
2669,-0.054318969738756905
2670,-0.14945428350737555
2671,0.0020041133210143454
2672,-0.058235627590113526
2673,-0.10304895988637568
2674,-0.0531006664296838
2675,0.016878634220064376
2676,-0.08247823852204686
2677,-0.10271343561128758
2678,-0.05752061450655914
2679,-0.04761977571015011
2680,-0.09456152479124466
2681,-0.07889794602864172
2682,-0.018092001506750627
2683,-0.03546319734462916
2684,-0.03261535639550128
2685,-0.04552954667435976
2686,0.0014978671512322435
2687,-0.04818852310352072
2688,-0.025439148537819114
2689,-0.05165251728769229
2690,-0.024833895714767955
2691,-0.01272819302736001
2692,-0.058192347528426606
2693,-0.010061225251862017
2694,-0.10305776738759387
2695,-0.1258085933619394
2696,-0.04458047150042857
2697,-0.07642648115977908
2698,-0.07930893331621702
2699,-0.06562380390318391
2700,-0.02604794071692556
2701,-0.034280928936471895
2702,-0.10973618027771262
2703,-0.03001853662871063
2704,-0.04779537494964372
2705,-0.010798419043046273
2706,-0.08327074156122787
2707,-0.06471427846062211
2708,-0.10486685102948984
2709,-0.07816067635695868
2710,0.004733593732340806
2711,-0.0004892102946829847
2712,-0.0680054057516849
2713,-0.09566814692692509
2714,-0.045525822423171526
2715,-0.06061406038827346
2716,-0.05914023055939931
2717,-0.019864711106599736
2718,-0.05195262492622879
2719,-0.053323408925598094
2720,0.03383783391329073
2721,-0.050540003942494874
2722,-0.14377084342952057
2723,0.001796218186940548
2724,-0.03205604819355803
2725,-0.0184691804238752
2726,-0.08957286642709374
2727,-0.05672118862514613
2728,-0.059229121985343296
2729,-0.04331953665451167
2730,-0.1116269559449063
2731,-0.03589245868885361
2732,-0.06934037953757706
2733,-0.09684857853685315
2734,-0.03885357170919571
2735,-0.054306103823903815
2736,-0.054306103823903815
2737,-0.03866142652586217
2738,-0.0539342150314959
2739,-0.06691153041566589
2740,-0.043778513355290975
2741,-0.04600700932844645
2742,-0.1362448803445764
2743,-0.15926441028884525
2744,-0.038454644274011664
2745,0.007606381973336115
2746,-0.0973049006313451
2747,-0.0973049006313451
2748,-0.09946607056116819
2749,-0.07545654625781557
2750,-0.06906200447063006
2751,-0.023375983383571327
2752,-0.03623071250103588
2753,-0.05170702658856424
2754,-0.018845743398884094
2755,-0.05890369928651203
2756,-0.10746239711312587
2757,-0.12375371994525743
2758,-0.08185355881803112
2759,-0.04669956554341711
2760,-0.019527738624096565
2761,-0.05086691313778388
2762,0.01093775913738494
2763,-0.13046356643695559
2764,-0.20343929144428438
2765,-0.003060909775132441
2766,0.017572777422074998
2767,0.0029583221792911416
2768,-0.1559357215259821
2769,-0.04015616299374418
2770,-0.03179708457849664
2771,-0.03702221818945054
2772,-0.06244466914543484
2773,-0.10972026002792244
2774,-0.06441330347635786
2775,-0.0835123579264529
2776,-0.052501682742622756
2777,-0.05278029252816402
2778,0.0023757218384541172
2779,0.01698715720470156
2780,-0.06092730299274826
2781,-0.016320282734015337
2782,-0.021645826175416064
2783,-0.049107988237140014
2784,0.011887339201652742
2785,-0.03513116218530491
2786,-0.03513116218530491
2787,-0.022232416602651846
2788,-0.11759120137596532
2789,-0.0601680631565162
2790,-0.026058090685701363
2791,-0.044863452055389906
2792,0.0007139853337213808
2793,-0.06995764187380502
2794,-0.03406501935028264
2795,-0.058190997994797614
2796,0.002455960788766567
2797,0.00546401804406449
2798,0.002901950041645024
2799,-0.051005841329662294
2800,-0.09028800907397308
2801,-0.13584415300272787
2802,-0.0921362391260946
2803,-0.05183355636265805
2804,-0.03713706408426989
2805,-0.016242032695500033
2806,-0.05231554370253544
2807,-0.08769537506996947
2808,-0.15849074500826354
2809,-0.040527551404084976
2810,-0.10508710645157511
2811,-0.02216111142868283
2812,-0.038080994610133
2813,-0.09085465449977621
2814,0.024817386157980535
2815,0.025460913946829766
2816,-0.10448249188661725
2817,-0.009515099438962768
2818,-0.057705633042713186
2819,-0.019837583695953658
2820,-0.13192982284254
2821,0.06201728338659412
2822,-0.033819401493203546
2823,-0.06626553994459514
2824,0.0904913175732905
2825,-0.08348513048767732
2826,-0.08348513048767732
2827,-0.07895851427477184
2828,-0.07895851427477184
2829,-0.1037093373813822
2830,-0.060850271473939795
2831,0.04980575609207886
2832,-0.16773628896615717
2833,0.0003772364779009681
2834,0.05100990411789551
2835,0.03601897406869413
2836,-0.04213051863356621
2837,-0.15348660261743322
2838,-0.06180674604910553
2839,-0.04247929423595402
2840,-0.042141051598994554
2841,0.05222013675722916
2842,-0.07471878743229175
2843,0.009023872936500059
2844,-0.0375629217850278
2845,0.08627377907916943
2846,-0.09100293361026959
2847,0.05456673959104493
2848,-0.16124503284553562
2849,0.034645946710284
2850,-0.13707916532053982
2851,-0.0400233032138079
2852,-0.0997234573174346
2853,-0.00864637433260303
2854,-0.04582693047930806
2855,-0.07730370675442452
2856,0.01941054873834332
2857,0.004631057768548758
2858,-0.04867909561810414
2859,-0.049691548205667964
2860,-0.10966325326107783
2861,-0.1325425248476984
2862,-0.11744676690042392
2863,-0.10375274123875824
2864,-0.06518293630378752
2865,-0.06014376625771632
2866,-0.1434488935844517
2867,0.04306858066047798
2868,-0.0722343743749597
2869,0.01345216996402392
2870,-0.05933304652333944
2871,-0.06951532767469805
2872,0.06621501714679605
2873,-0.1397307044146608
2874,-0.0715982864468578
2875,-0.07407928362884587
2876,-0.07407928362884587
2877,0.011741848981526661
2878,-0.015688605839540376
2879,-0.06565434905308139
2880,-0.06565434905308139
2881,-0.05421973749604108
2882,-0.05870460192682932
2883,-0.030744213645546463
2884,-0.0615464777919601
2885,-0.07026251734943448
2886,0.020528273986394455
2887,0.008874200598026656
2888,-0.05075093240803494
2889,-0.07913376599195046
2890,-0.06298597371241836
2891,-0.06740919242666432
2892,0.015255722838625738
2893,-0.03149326084902095
2894,-0.012759062140741776
2895,0.0010044361182363637
2896,-0.015663106507390893
2897,-0.11503027678421089
2898,-0.03770751587376173
2899,0.04240403600333894
2900,-0.02805668592752955
2901,0.030451303924417618
2902,-0.07272759742702586
2903,-0.0041360432520089275
2904,-0.04211246783737388
2905,-0.007327084077833204
2906,0.03372483065847474
2907,0.012026060905890226
2908,-0.05001283859192504
2909,-0.0323866758305067
2910,-0.011139400904556902
2911,-0.011388817445517523
2912,-0.006719200195972912
2913,-0.027737208249945924
2914,-0.10085403291466623
2915,-0.045544798243740275
2916,-0.0688195448980828
2917,0.0012775715866083454
2918,-0.08611188946719987
2919,-0.00039535311571103064
2920,-0.09736230095309134
2921,0.021667495939174605
2922,-0.12254785159286902
2923,0.026301177773342062
2924,0.02278026571346219
2925,0.013111410211814436
2926,-0.0032507203310321617
2927,0.04110384573945849
2928,0.04110384573945849
2929,-0.011224300624939515
2930,-0.08941502175383839
2931,-0.0790362460333321
2932,-0.0460715613543497
2933,-0.017045084694792153
2934,0.028260518036794614
2935,-0.08740911971943764
2936,-0.02851519488372519
2937,-0.09220934023836663
2938,-0.06195420969417846
2939,-0.009484820933247609
2940,-0.07457642599833762
2941,-0.09351100957936125
2942,0.013356154210450555
2943,-0.06181789615338042
2944,-0.005369368913994337
2945,-0.023491923600880753
2946,-0.05713033305175635
2947,-0.07119737994332742
2948,0.026093117153413937
2949,-0.13365929713229757
2950,-0.00012771850465169668
2951,-0.06764569553017821
2952,0.002094188119750766
2953,-0.023136390344146177
2954,1.9420636955491745e-05
2955,-0.073844036906327
2956,-0.025307870022098392
2957,-0.0028482507320176606
2958,-0.10286136680833899
2959,-0.08825971324359731
2960,-0.02625423175914069
2961,-0.11415706591226814
2962,-0.060706946800744815
2963,-0.09211511634600625
2964,-0.11620647620654403
2965,0.05668614407659937
2966,-0.048652882972697785
2967,-0.048652882972697785
2968,-0.14939489028160385
2969,0.028606396338411257
2970,-0.004930904381144868
2971,-0.02702957206644267
2972,-0.004853230104301341
2973,-0.1253105442696276
2974,-0.13891836828010223
2975,0.015618005238577736
2976,0.025074973303924126
2977,-0.10609370563151595
2978,-0.14502073652526715
2979,-0.033579274245432396
2980,-0.07760117181409219
2981,-0.03936361438899832
2982,-0.04476075813371169
2983,-0.171236942003551
2984,-0.12511806211726473
2985,-0.06317122470937106
2986,-0.1490866394395575
2987,-0.0024151336500930335
2988,-0.03490461546127988
2989,0.0792352868103022
2990,-0.07703947271104108
2991,-0.036068059610619624
2992,-0.026836174329376083
2993,-0.05237079371917589
2994,0.031751883873331756
2995,0.03864776402001879
2996,-0.10397598811891252
2997,-0.05317171025183929
2998,-0.05581425297892013
2999,0.008542909945971868
3000,0.042876614672037086
3001,-0.034064292027746364
3002,0.0054709119795930995
3003,-0.030800569341408353
3004,-0.09902734348434347
3005,-0.033350182095724296
3006,-0.03351049570358753
3007,-0.08155349194573558
3008,-0.049322738517533216
3009,-0.16648798623501174
3010,-0.20813854296400192
3011,-0.03470986796132695
3012,-0.10273178026715235
3013,-0.05054711271643529
3014,-0.06816296983235666
3015,-0.08220967786297098
3016,-0.05110455316234574
3017,-0.05110455316234574
3018,-0.018366217186529744
3019,0.016253784876539546
3020,0.009057885358537469
3021,-0.02061449789389051
3022,-0.13318638923891743
3023,-0.09786219116268781
3024,-0.03290174619950346
3025,-0.09875059948891234
3026,-0.07798878245824445
3027,-0.14886614031743342
3028,-0.15048977010847361
3029,-0.07138638114297562
3030,-0.07816315670532387
3031,-0.13130200431215222
3032,0.0058897149640316955
3033,-0.014178435690565453
3034,-0.05886933611883891
3035,-0.075663117373833
3036,-0.16366759382640986
3037,-0.010832223899212868
3038,-0.08627231064504136
3039,0.004217366205783385
3040,0.0027405932409030457
3041,0.02399327195759193
3042,-0.04424077221443708
3043,-0.018646673621810914
3044,-0.058689339947063525
3045,-0.02717468164752816
3046,-0.040943370430559144
3047,-0.1445531135061052
3048,-0.050368138744731214
3049,-0.0028367466325938734
3050,-0.03486252844618685
3051,-0.18888899942242152
3052,-0.018467879660636614
3053,0.027467795734745996
3054,-0.0406506932386874
3055,0.0013418425439187284
3056,-0.03682740213279759
3057,-0.2177598589081807
3058,-0.036092758244138615
3059,0.05395528057052891
3060,-0.2472314624264226
3061,-0.01805311376787647
3062,-0.02187883903759706
3063,0.002022859991206455
3064,-0.09975813664205904
3065,-0.0014082645886604019
3066,-0.07967307797483751
3067,-0.05257121125879874
3068,-0.07698156073307144
3069,-0.23484077034325085
3070,-0.1281356456343203
3071,-0.1427758354427959
3072,-0.09434533812673786
3073,-0.09434533812673786
3074,-0.028637452335743153
3075,-0.09472576242225776
3076,-0.1189553343987893
3077,-0.040329785451639094
3078,-0.06463681757281212
3079,-0.022260787984023263
3080,-0.09363161895528663
3081,-0.04002022055665482
3082,-0.14615358099725445
3083,-0.19034933917146804
3084,-0.038408719159654464
3085,-0.04268528304541165
3086,-0.04997809020714366
3087,-0.017290194233516683
3088,-0.03671399693267544
3089,0.048426288618670446
3090,-0.0944286428879196
3091,-0.1126042506685346
3092,-0.1495112473290068
3093,-0.05200549287321686
3094,0.031196424507670815
3095,-0.05272393091889151
3096,-0.07757338174252901
3097,-0.017552187770377415
3098,-0.13257004456425972
3099,-0.013196209895276576
3100,-0.008211127971167147
3101,-0.028840677976210736
3102,-0.022008883747439437
3103,-0.07460499666480673
3104,0.004337842545124963
3105,-0.12656284210652916
3106,-0.07305041543559705
3107,-0.042341632226610436
3108,-0.04043917145074858
3109,-0.16450379399575002
3110,-0.06680422789487432
3111,-0.08787683095426166
3112,-0.1411801398499671
3113,-0.110909663327969
3114,-0.15289640674051141
3115,-0.03233763924190428
3116,-0.098987555009666
3117,0.03436991314075919
3118,-0.03993112789361114
3119,-0.08610064082675072
3120,-0.061359393184378073
3121,-0.07100574002065003
3122,-0.17355332319454983
3123,-0.07100574002065003
3124,-0.007351579056572581
3125,-0.025215214384698054
3126,-0.03659120957096166
3127,-0.016746962758794573
3128,-0.016746962758794573
3129,0.004094879593958387
3130,-0.17371942555335967
3131,-0.07445033135639324
3132,-0.04736107026035964
3133,-0.0903396021073079
3134,-0.20412885912563514
3135,-0.03622604484952999
3136,-0.011531484769907167
3137,-0.011583363605967819
3138,-0.019919027181153428
3139,-0.07874157663164755
3140,0.07616090112412789
3141,-0.02713254922462238
3142,-0.10785135238292444
3143,-0.05758909019067359
3144,-0.20593789898956955
3145,0.05229472562463136
3146,-0.01709161084580135
3147,-0.01709161084580135
3148,-0.05400784904214325
3149,-0.05356702143634429
3150,-0.08548236603128073
3151,-0.08231199828962192
3152,-0.052515271232669386
3153,-0.19600634582850157
3154,-0.0880370367958875
3155,-0.07997680117066369
3156,-0.018505937530585718
3157,-0.1063065864667218
3158,-0.10589787045413168
3159,-0.026767457622108443
3160,-0.15117134811971122
3161,-0.043655330691280796
3162,-0.053985574428353195
3163,-0.10069487314686669
3164,-0.17741091045873017
3165,-0.21693952597463284
3166,-0.09012949590864107
3167,-0.025802819282384166
3168,-0.06355090197744344
3169,0.11960407227211405
3170,-0.02684101821668225
3171,-0.10152253848004529
3172,-0.03567846120139229
3173,-0.061075721455044016
3174,-0.025880020552619575
3175,-0.07352893005782876
3176,-0.024759790961665494
3177,0.01710356695958888
3178,-0.10475479444829922
3179,-0.2314903607228274
3180,-0.10836413751688491
3181,-0.13227735617843742
3182,-0.1759027404391081
3183,-0.06131123083150094
3184,-0.12171440483055895
3185,-0.05010223338801498
3186,-0.0006171464491833411
3187,-0.19227883440406401
3188,-0.07700851039351757
3189,0.03552223906073807
3190,-0.0649507991513793
3191,-0.07563472390711377
3192,-0.041831199501776266
3193,-0.06290446262232989
3194,-0.06290446262232989
3195,-0.07190113580098986
3196,-0.0960666436360382
3197,-0.1662373788696068
3198,-0.1212239067009756
3199,-0.11137003971064277
3200,-0.040220690247783235
3201,-0.07707264451411983
3202,-0.06640551661531781
3203,-0.11462435484468446
3204,0.05671557817639528
3205,-0.08310993197737927
3206,-0.05425162270997123
3207,-0.06568393106775407
3208,-0.04273539120604725
3209,-0.26534258534698046
3210,-0.061761464014099175
3211,-0.1335437381919842
3212,-0.14866149559581443
3213,-0.19017861291548724
3214,-0.0988742068126354
3215,-0.06263027273346905
3216,-0.013195226368114663
3217,-0.16647732850441416
3218,-0.09520329421342255
3219,0.01243822092652613
3220,-0.03264262195192929
3221,0.03846521803766574
3222,-0.04313452148328365
3223,-0.13630303244171812
3224,-0.02206425197891377
3225,0.047569749883704195
3226,-0.09154987423678262
3227,-0.05173416485156505
3228,-0.22241362886639857
3229,-0.10000955018510363
3230,-0.08877529481497469
3231,-0.016022039041393425
3232,-0.07537482997283165
3233,-0.046196879368206954
3234,-0.009946211142817777
3235,-0.0854822926065058
3236,-0.03367408327473251
3237,-0.08728215017206044
3238,-0.08442714363839622
3239,-0.0838633146576083
3240,-0.08381993711344568
3241,-0.12667402445701745
3242,-0.044221415780463486
3243,-0.08390143268055085
3244,-0.15186071467742654
3245,-0.016604876206234357
3246,-0.17619743954935738
3247,-0.13547944154732278
3248,-0.10118795537941223
3249,-0.06920553659930846
3250,-0.04494869042808048
3251,-0.0227010726334492
3252,-0.16080941902126877
3253,-0.16706518669946308
3254,-0.13168586524399584
3255,-0.058441472710401524
3256,-0.02071773691906462
3257,-0.03222862476678623
3258,-0.1057884481014765
3259,-0.04171424746080487
3260,0.008404389823115144
3261,-0.17398322715977207
3262,-0.09398123082349265
3263,-0.0228375595139036
3264,-0.17389045527978697
3265,-0.03246799381368823
3266,-0.16262828200495674
3267,-0.009474292122032955
3268,-0.07245393245015956
3269,-0.18422213624213435
3270,-0.08803509703264006
3271,-0.167579053739854
3272,-0.12713144642852064
3273,-0.08178758635602414
3274,-0.08487977851703107
3275,-0.05252220844238855
3276,-0.0072829155418709275
3277,-0.22412584096748184
3278,-0.18214902212320527
3279,-0.18502150747015114
3280,-0.0376776868450435
3281,-0.14375368412044304
3282,-0.17606625429310213
3283,-0.1491766323351211
3284,-0.13823710772638279
3285,0.02990608223357252
3286,0.01772286644611992
3287,-0.08978006570358815
3288,-0.07949668578369738
3289,-0.028759600723459105
3290,-0.15300695799062827
3291,-0.07758134414060647
3292,-0.07916599974195823
3293,-0.0749426536216879
3294,-0.15855743947011677
3295,-0.1303695006907526
3296,-0.05827264229036861
3297,-0.056235384830853066
3298,-0.025429299030277058
3299,-0.04115240628311249
3300,0.009158014691550174
3301,-0.11482374981673729
3302,-0.11425661081462497
3303,-0.04609189485399872
3304,-0.15775744106122255
3305,-0.11081007072025759
3306,-0.11081007072025759
3307,-0.08647880188156853
3308,-0.08647880188156853
3309,-0.05864383354232598
3310,-0.030542326561835125
3311,-0.05604793035483606
3312,-0.0585567259758693
3313,-0.16302022504658614
3314,-0.010431168437575293
3315,-0.01708841569570179
3316,-0.021496093408493573
3317,-0.07406068050850384
3318,-0.18071481265761205
3319,-0.031291155094593584
3320,-0.10290442071515718
3321,-0.06094380119525305
3322,-0.08360711692153268
3323,-0.1396222572908462
3324,-0.16203294510513302
3325,-0.09493037335022425
3326,-0.142749474794565
3327,-0.14861589118493185
3328,-0.058416988732006216
3329,-0.11731237057838233
3330,0.023776525906020734
3331,-0.051410683981215274
3332,-0.055483944238434516
3333,-0.06507194268691519
3334,-0.09713860524749601
3335,-0.04194857866644028
3336,-0.04501905869100189
3337,-0.18727387907858226
3338,-0.10153198363651718
3339,-0.1307621619988771
3340,-0.03909251680330592
3341,-0.16042279566271248
3342,-0.011072161121705273
3343,-0.12297829898722307
3344,-0.06255055328689083
3345,-0.12447555999736243
3346,0.05095570494066266
3347,-0.03732351363007194
3348,-0.08296795571323147
3349,-0.10392389024118948
3350,-0.13493418309183783
3351,-0.031665816236553554
3352,-0.11432315054109364
3353,-0.11432315054109364
3354,-0.021213541228330274
3355,-0.021213541228330274
3356,-0.04277534130878908
3357,-0.1561405894471331
3358,-0.12679925905465342
3359,-0.054431399688108846
3360,-0.15197812266808008
3361,-0.1262587005271662
3362,-0.053200306165567285
3363,-0.16128800421986575
3364,-0.17797953455057383
3365,-0.05730230308611076
3366,-0.1406663815855439
3367,-0.04764427096481087
3368,-0.06075387626979523
3369,-0.12728814040028094
3370,0.03078695027856506
3371,-0.07988309656544347
3372,-0.11599257942668202
3373,-0.007560408347797182
3374,-0.016328589115435714
3375,-0.10070460585095625
3376,-0.15484266447542228
3377,-0.0849919989875694
3378,-0.20390982675184086
3379,-0.18131340253160833
3380,-0.09101335504409515
3381,-0.1702624800288576
3382,-0.03409600173679609
3383,-0.1797878224334368
3384,-0.051140059471076575
3385,-0.14166110959126474
3386,-0.02704111242756647
3387,-0.1542603445697431
3388,-0.05845204532357812
3389,-0.048368051978310796
3390,-0.09793250539324842
3391,-0.02458162820055777
3392,-0.179824547672738
3393,-0.08467574921658506
3394,0.0059099109665321226
3395,-0.053840846603096106
3396,-0.16055342643102435
3397,-0.140174791231927
3398,-0.1517919745697174
3399,0.03804752279804138
3400,-0.10695124208919911
3401,0.021898324184767278
3402,-0.11436830670764976
3403,-0.07053107150108973
3404,-0.12206451347023331
3405,-0.13640278183458898
3406,-0.09223730451626959
3407,-0.05954814820804363
3408,-0.03218294979504687
3409,-0.05251250041076872
3410,-0.029468979861574266
3411,-0.11391346080667877
3412,-0.1858312234696857
3413,-0.15003548610750836
3414,-0.15874252663011587
3415,-0.047775309004992855
3416,-0.10060582847503183
3417,-0.061014657116316054
3418,-0.018293016154160156
3419,-0.06604494964070938
3420,0.0020158315012979646
3421,-0.08704262805789595
3422,-0.06995812090717249
3423,-0.08999095143117483
3424,0.012464867388615426
3425,-0.06433987552607509
3426,-0.019211430451872027
3427,-0.1422248504204113
3428,0.0028221530299031884
3429,-0.09615592492352339
3430,-0.08117280752062217
3431,0.00045966667131060884
3432,-0.05995932809608279
3433,-0.0585760801706767
3434,-0.015482791912270998
3435,-0.08684484931463436
3436,0.06072575918856142
3437,-0.030621427592194946
3438,-0.18108442266322533
3439,-0.16470593356638283
3440,-0.1581821760944204
3441,-0.09647774398825373
3442,-0.17380759168535778
3443,-0.018257818969872698
3444,-0.05831761898221004
3445,-0.062955367568717
3446,-0.16428985974183996
3447,-0.02534225806393316
3448,0.03360607341133798
3449,-0.07243558852089642
3450,-0.07243558852089642
3451,-0.11710910883189589
3452,-0.17059003012160745
3453,-0.1246898259543695
3454,-0.03264266528786874
3455,-0.07452729863416227
3456,-0.1543415819119691
3457,-0.008797039663704292
3458,-0.14654016373511433
3459,-0.07948844276557569
3460,-0.0037054227793338252
3461,-0.1894264581230836
3462,-0.03050118820508807
3463,-0.1845901978160791
3464,-0.07557656715940453
3465,0.006541658740285438
3466,-0.18049208335350042
3467,-0.09682209283357317
3468,-0.058636542380047445
3469,-0.013703579087526355
3470,-0.11692691029571235
3471,0.06035870930071378
3472,-0.11693492043142917
3473,-0.06285685730714925
3474,-0.11634495846982128
3475,-0.004345792986062508
3476,-0.09941803215648155
3477,-0.0779540238537834
3478,0.07923297144390015
3479,-0.17695344628839968
3480,-0.10503826043000632
3481,-0.05450879641268325
3482,-0.12511530481435715
3483,-0.12114472124673961
3484,-0.14467814304165344
3485,-0.07169985721407733
3486,-0.15634611449938535
3487,0.04465745677677429
3488,-0.03645609811601752
3489,-0.11433613194738924
3490,-0.14194894444821188
3491,-0.03344231035980797
3492,0.00955940926653858
3493,0.009652456803397973
3494,-0.1543811989920005
3495,-0.1543811989920005
3496,-0.10201837556313892
3497,-0.1307046424191301
3498,-0.01928792638375509
3499,-0.10970537507084561
3500,-0.15948672683857087
3501,-0.09052806864635633
3502,0.009596063430221527
3503,-0.047264258389541014
3504,-0.03880757116474398
3505,-0.006811978969423074
3506,-0.1484105447584644
3507,-0.14134745182416864
3508,-0.04958705914258964
3509,-0.05440959831436513
3510,-0.11333585912419196
3511,-0.01663844598244072
3512,-0.1027534684759967
3513,-0.10577333784496083
3514,0.012695892064969514
3515,-0.04343807200507575
3516,-0.149561630623556
3517,-0.059976427729416464
3518,-0.05684675557318638
3519,-0.09172938867764269
3520,-0.14625240457915759
3521,-0.14441074843548785
3522,-0.05138254591009182
3523,-0.05138254591009182
3524,-0.07111977792151047
3525,-0.12255474203644845
3526,0.04828217393914744
3527,-0.05563072615145212
3528,-0.10866467402388993
3529,-0.024774276480966726
3530,-0.00897165195693934
3531,-0.14613481386920335
3532,-0.14800884840978756
3533,-0.14750446221075597
3534,-0.06786462063265883
3535,-0.04999587943274358
3536,-0.041457999652153625
3537,-0.07509435473679624
3538,-0.12331992753038604
3539,-0.11962113171263283
3540,0.0340065302267818
3541,-0.16130084095660038
3542,-0.06138110474722262
3543,-0.04990662478619251
3544,-0.11609802308975452
3545,-0.11609802308975452
3546,-0.017722361583655432
3547,-0.09644007528629485
3548,0.07352070993911888
3549,-0.006310055775349037
3550,-0.08079082187616617
3551,-0.0651347186392025
3552,-0.15971255342920399
3553,-0.112879204657983
3554,-0.15644788550302938
3555,-0.12789565972351638
3556,-0.017836798861013713
3557,-0.11326795645135267
3558,-0.11204530181362805
3559,-0.11609665049177899
3560,-0.0924933141773202
3561,-0.04763306820237227
3562,-0.1080689001700471
3563,0.01152534785847546
3564,-0.025859364933907593
3565,0.026293603315234653
3566,-0.045294263509348336
3567,-0.12433856924501538
3568,-0.027849188173304056
3569,-0.027849188173304056
3570,-0.05027036425266704
3571,-0.11922809187744654
3572,-0.07420427007391829
3573,-0.1160557538585574
3574,-0.11016974527695736
3575,-0.021541452242880833
3576,-0.038924498166924684
3577,-0.10327542176359887
3578,-0.126223879176582
3579,-0.07794094659769224
3580,-0.03710833065093402
3581,-0.014225748629937793
3582,-0.012755661691622924
3583,-0.09227599649006664
3584,-0.11451878756156852
3585,-0.02948468627639371
3586,-0.10162971783630466
3587,-0.028465688189503385
3588,0.03667083485083152
3589,0.014150063666061087
3590,-0.09671019815277529
3591,-0.04624510422194705
3592,-0.07493895677894162
3593,-0.07604870900510481
3594,-0.04161592357907717
3595,-0.04419609253459983
3596,-0.03159358986848292
3597,-0.12593450481055582
3598,-0.001351262616351286
3599,-0.001351262616351286
3600,-0.03771427433097609
3601,-0.0598573240007126
3602,-0.01556185496087928
3603,-0.06787809177477297
3604,-0.019228487773058522
3605,-0.13721550615058767
3606,-0.033003980043848906
3607,-0.05097027513572595
3608,0.02330002979807136
3609,-0.1399142909072119
3610,-0.06397538826059238
3611,0.13131805235649213
3612,-0.1388576141564426
3613,-0.08451368871092328
3614,-0.03630513605231859
3615,-0.008583731891517267
3616,-0.09795659069428035
3617,-0.02674247712930091
3618,-0.057197766089289254
3619,-0.1753298726276676
3620,-0.0514281010442484
3621,0.02935600838266586
3622,0.004909467084271285
3623,-0.00806971429902666
3624,-0.12189722957789148
3625,-0.02605934865832153
3626,-0.04558795167193274
3627,-0.01246641136573594
3628,-0.12493410128984707
3629,-0.026615948253247895
3630,0.0067538021866061886
3631,-0.029185920472720273
3632,-0.10387496362858648
3633,0.005048066765589651
3634,-0.11509291825770972
3635,-0.09004504448113282
3636,-0.007357822377171628
3637,-0.14069763215744327
3638,-0.06379468297425235
3639,-0.0679328535544671
3640,-0.03327247778451689
3641,-0.1272679825437153
3642,-0.06585194481476447
3643,-0.15690295018914807
3644,-0.0632971086649456
3645,-0.08039951049476002
3646,-0.18043795028934084
3647,-0.06811958346083694
3648,0.004720006085765918
3649,-0.03666554462678058
3650,-0.09249053528663939
3651,-0.09021169689387255
3652,-0.05938093462706449
3653,-0.042752946465324605
3654,-0.021148056348375268
3655,-0.014481346689370673
3656,-0.10970794506883814
3657,-0.10165284468673684
3658,-0.11722798839537613
3659,-0.12837800668108795
3660,-0.05529273039325924
3661,-0.09785471700796915
3662,0.0372497468696943
3663,-0.030641909070201506
3664,0.001851704143617891
3665,-0.054210734550155404
3666,-0.04187034700105969
3667,-0.08489375961430268
3668,-0.03624638424352446
3669,-0.02990881011347973
3670,0.09754760901275529
3671,-0.048533557434494785
3672,-0.048533557434494785
3673,-0.056184378737596734
3674,-0.015481497694964295
3675,-0.0793575708220965
3676,-0.08763587258461202
3677,-0.02532030292075724
3678,-0.002769224321269546
3679,-0.11170801622953391
3680,-0.20735951098857838
3681,-0.013094385724507308
3682,-0.08454956320163817
3683,-0.04236136245220277
3684,-0.13462804003616413
3685,-0.08346123660381059
3686,0.0009719540935366629
3687,-0.11088960129035978
3688,-0.002752118525763553
3689,-0.08556119063869241
3690,-0.07821403233733339
3691,-0.026752908769076027
3692,-0.01979046463200953
3693,-0.1260769966222604
3694,-0.03735049959534816
3695,-0.0016035503230441498
3696,-0.11461982130645022
3697,-0.12124055780011009
3698,-0.07146188386192666
3699,-0.06558575760279921
3700,-0.11977983685040719
3701,-0.09733167706542414
3702,-0.08171861924284919
3703,-0.08725526540393021
3704,-0.08225784546911818
3705,-0.06610085787657813
3706,-0.06280195154040524
3707,-0.03869484512749563
3708,-0.03173254451191911
3709,0.021798781768961637
3710,-0.03526243003622027
3711,-0.03526243003622027
3712,-0.11927785560564966
3713,-0.03210973821765283
3714,-0.0684555629294249
3715,-0.13148119811990588
3716,0.005831313083551013
3717,-0.020814015768587428
3718,-0.024656306223645785
3719,-0.06915071413704496
3720,-0.04787494377424599
3721,-0.1709192502433308
3722,-0.05197125605751466
3723,-0.0872292397216127
3724,0.0550855238163443
3725,-0.10204197492139151
3726,-0.15387190820049557
3727,0.003729723159928845
3728,-0.022011986507437062
3729,-0.07020334052100043
3730,-0.017971207219605587
3731,0.0086814283946949
3732,-0.13479693780416563
3733,-0.11389102634671289
3734,-0.014323476184387755
3735,-0.18755957779614152
3736,-0.015585099059083726
3737,-0.011230260418941219
3738,-0.06666227997438806
3739,-0.009348784123111648
3740,-0.0784748510426552
3741,-0.11599345265331586
3742,-0.08232238479350336
3743,-0.05864715446753802
3744,-0.2031213182462887
3745,0.0009355177229172962
3746,-0.09811713082167547
3747,-0.13111273167632295
3748,-0.05705134070855301
3749,-0.09864536787164925
3750,-0.12371200858521968
3751,-0.029770846727471323
3752,-0.1095122599225609
3753,-0.015573650055290144
3754,-0.15057305606582297
3755,-0.11765310709272536
3756,-0.1350902427975251
3757,-0.025290037704164534
3758,-0.13046652423814184
3759,-0.08600421899028741
3760,-0.05909602908807546
3761,-0.05727341252108937
3762,-0.1485203068209068
3763,0.02958704014313072
3764,-0.11288846906072118
3765,0.02874422863997563
3766,-0.0704133315589994
3767,-0.07035985591394382
3768,-0.15956770575993465
3769,-0.07994465328049108
3770,-0.04070649044982696
3771,-0.07739640409234781
3772,-0.11104253277928715
3773,-0.03762194242638583
3774,-0.07025374476008736
3775,-0.10155058085020456
3776,-0.07368698684951511
3777,-0.07492043685771171
3778,-0.05117096002817768
3779,-0.035416607957664
3780,-0.03841983214017817
3781,0.021703100909746614
3782,0.021703100909746614
3783,-0.09917334896943357
3784,-0.14359498280411415
3785,-0.13138856095785348
3786,-0.11057988317965974
3787,-0.0927265579933066
3788,0.03537254499990464
3789,-0.028842804763400485
3790,-0.0866018598636394
3791,-0.04870054453591822
3792,-0.06905304702579781
3793,0.025913257375414427
3794,-0.09189712259296098
3795,-0.0972862892355431
3796,-0.020523691471723848
3797,-0.04316984058353706
3798,-0.06526983527134674
3799,-0.08208689169655665
3800,-0.07516711887412912
3801,-0.21261552222095387
3802,-0.09466074054487461
3803,-0.14241668693443732
3804,-0.023706972308930204
3805,-0.06963300957485645
3806,-0.054831096804540555
3807,0.01711939366930783
3808,-0.02004398108800822
3809,-0.12780983116126218
3810,-0.029228753868004533
3811,-0.03682759559489047
3812,-0.05123904104140654
3813,-0.07613759278371587
3814,-0.077770790961502
3815,-0.164711942916287
3816,-0.08424496931544798
3817,0.003037152817274925
3818,-0.10415505400787217
3819,-0.08276902146993888
3820,-0.07694431468479516
3821,-0.052988008080555225
3822,-0.06667686075340094
3823,-0.045823914598134854
3824,-0.10756916697508626
3825,-0.01172280789135304
3826,-0.10123929533300062
3827,0.01604495111369673
3828,0.029794598323221396
3829,-0.050379094584182986
3830,-0.11129079994955415
3831,-0.0056058450268906095
3832,-0.028385942922785904
3833,-0.05829321016866608
3834,0.011987918260843387
3835,-0.1479084382278532
3836,-0.032925506954565156
3837,-0.12029205030055708
3838,-0.05191240938206153
3839,-0.019608934627363343
3840,-0.10485121717694364
3841,0.01894462297406045
3842,-0.04069669166286944
3843,-0.05790827605375694
3844,-0.04619779110368859
3845,-0.06452422690702622
3846,-0.04432156882235167
3847,-0.085448576756238
3848,-0.0946960403625029
3849,-0.12044801465578486
3850,-0.13584452608891137
3851,-0.08672103416806501
3852,-0.016725271981075446
3853,0.0032233193401148877
3854,-0.11662199443230893
3855,-0.11355879238619092
3856,-0.09939946685377396
3857,-0.049599925903249416
3858,-0.11272361670555288
3859,-0.0010114833267234546
3860,-0.007673490022373017
3861,-0.14106294563153984
3862,-0.0680989565671851
3863,0.0044716716826931945
3864,-0.038677902045379735
3865,-0.04254314388309188
3866,-0.008945461343800084
3867,-0.012169166306543872
3868,-0.07731621675594962
3869,-0.03543878442644587
3870,-0.13926215045949225
3871,-0.03323326680681952
3872,-0.02383673277188446
3873,-0.06133618553737966
3874,0.01308630061137522
3875,-0.044937261002551125
3876,-0.044937261002551125
3877,-0.060759825000658504
3878,-0.08606578928246142
3879,-0.04704027000542224
3880,-0.08446309384482018
3881,-0.10538105166260298
3882,-0.09636355128025363
3883,-0.17507311173310916
3884,-0.0880475532131923
3885,-0.04831866852096966
3886,-0.08293597277700848
3887,-0.06653223699005269
3888,-0.015452018622647553
3889,-0.0855990897162562
3890,-0.04006284495851615
3891,-0.17033334379681947
3892,-0.05613253928284555
3893,-0.062351464415106916
3894,-0.018824244595996516
3895,-0.13508772584766784
3896,-0.08722907909821996
3897,-0.02487116111370954
3898,0.03674375636356337
3899,-0.014491026496313243
3900,-0.01502064228059663
3901,-0.08718293465151784
3902,-0.13207320055983487
3903,-0.18200576598432852
3904,-0.031518476390406495
3905,0.018573257054152446
3906,-0.060036029133361396
3907,0.01724428160116757
3908,-0.06840674315882338
3909,-0.13397769450409241
3910,-0.0897020112528758
3911,-0.012210087171062298
3912,-0.03806591486163947
3913,-0.1372603382720442
3914,-0.17698835028801793
3915,0.03830676609810606
3916,-0.10017206419290975
3917,-0.05705379607661153
3918,-0.044611501658566574
3919,-0.02215948565343034
3920,-0.020500610060118957
3921,-0.06760416410088341
3922,-0.09186936850673381
3923,-0.0302784991632097
3924,0.003137462435145248
3925,-0.05481934460589088
3926,-0.05481934460589088
3927,-0.1567349840321869
3928,-0.026803801718377828
3929,0.027303301359220346
3930,-0.0109170600764891
3931,-0.036227653416960576
3932,-0.023540939623094108
3933,-0.06963923698764561
3934,0.019457730487127626
3935,-0.05218115604454486
3936,-0.02024997199484525
3937,-0.04908710856583977
3938,-0.054261361316252615
3939,-0.02708576586002206
3940,-0.12857779121270113
3941,-0.05877692005528263
3942,-0.17898584913057514
3943,-0.16098295398070434
3944,0.006903737022780864
3945,0.004047007118705981
3946,-0.12449339983220094
3947,-0.008257569798202354
3948,-0.03579350256632428
3949,-0.05096462435276792
3950,-0.07799489206869357
3951,-0.014333899667567969
3952,-0.03400402110670659
3953,-0.0680610784930068
3954,-0.033798055678850816
3955,-0.04856701830317368
3956,-0.06645374647336631
3957,-0.1874324982470241
3958,-0.0950056110854541
3959,-0.10135612541678721
3960,-0.04135147316811735
3961,-0.14380477269535585
3962,-0.04386559715189449
3963,-0.04360162773013648
3964,-0.12117635582921481
3965,-0.043719904999306704
3966,-0.04953465721882997
3967,-0.13296259657021522
3968,-0.037849356550201906
3969,-0.027353627954330106
3970,0.0732399813664961
3971,-0.19831281733344996
3972,-0.1448496709930825
3973,-0.03885606687009457
3974,-0.026414452527383156
3975,-0.06795460188410128
3976,0.03294135330395338
3977,-0.048085234589387654
3978,-0.058153598508388527
3979,-0.11004359710114879
3980,-0.16478545873627662
3981,-0.054282344618069724
3982,-0.025758787104085443
3983,0.009753164410049014
3984,-0.0874892462091257
3985,-0.1473852464215151
3986,-0.019051256666983624
3987,-0.013527663774607535
3988,-0.046118933167813826
3989,-0.04592020691839561
3990,-0.0024934754375758902
3991,-0.1464336431890047
3992,-0.09166907170227788
3993,0.007769899584769457
3994,-0.13977412122711733
3995,0.0025494906240098388
3996,-0.026385401891922393
3997,-0.11482377651449886
3998,-0.05943009111060381
3999,0.019081616211738196
4000,-0.09188727858089969
4001,-0.15357972415011845
4002,-0.003213319676616056
4003,-0.147459265087953
4004,-0.1395415704603593
4005,-0.14246849232689135
4006,-3.402505247534664e-05
4007,0.01363909890384814
4008,-0.08620759777729531
4009,-0.032664779633754665
4010,-0.08377013211261482
4011,-0.0407679519181021
4012,-0.009666683440512665
4013,0.00025546463387263624
4014,-0.05765126071220869
4015,-0.062031396478921474
4016,-0.11383254164041437
4017,-0.05398405879428293
4018,-0.1311705823560219
4019,-0.044575456334291205
4020,-0.04880087432903053
4021,-0.05321205776496895
4022,-0.07210837136426422
4023,-0.1404275301276755
4024,-0.015378878591182138
4025,-0.05858040728155288
4026,-0.06829044280138025
4027,-0.007046057772634864
4028,-0.018725768923904013
4029,-0.04582363418309512
4030,-0.08023633613134397
4031,-0.17488898005591796
4032,-0.02120120541799123
4033,-0.10791719571827857
4034,-0.06528779002850606
4035,-0.10733891708719749
4036,0.019848779853917985
4037,-0.06751109857266507
4038,-0.013814283506568666
4039,-0.06879792348864981
4040,-0.1094849463778504
4041,-0.03387946875219917
4042,-0.05794326886548956
4043,-0.1398564002258821
4044,-0.11168564070722321
4045,-0.11113208795389842
4046,-0.013151201150805399
4047,-0.10649596245378339
4048,-0.014439437977599083
4049,-0.17637166683137
4050,-0.027977290344451684
4051,-0.17301605463188285
4052,-0.17301605463188285
4053,-0.10460765680740709
4054,0.06550122211260193
4055,-0.10092653490521988
4056,-0.09545422307668998
4057,-0.17795322317211307
4058,-0.03446607723207196
4059,-0.07358360507123825
4060,-0.028669842935818243
4061,-0.1680401535361833
4062,-0.06736040243529412
4063,-0.058499211612948965
4064,-0.10345992448306154
4065,-0.10198437797132334
4066,-0.1387273957354881
4067,-0.09936547127594293
4068,-0.12647504757843425
4069,-0.08618263034893403
4070,-0.09061821492417252
4071,-0.168059661972673
4072,-0.08947314558992721
4073,-0.09655556654353607
4074,-0.16282613369493368
4075,0.013792911878737898
4076,-0.1145443874659587
4077,0.012927477851611148
4078,-0.23099008565153725
4079,-0.11126716196792093
4080,-0.07500942137945818
4081,-0.061518415384137035
4082,-0.10687852118865207
4083,-0.09040785210202484
4084,-0.15785822226496646
4085,-0.010372509951750632
4086,-0.012010157297247057
4087,-0.09579813911428171
4088,-0.14548922887383195
4089,-0.0771066050146006
4090,-0.21864443128075126
4091,-0.14842772297618673
4092,-0.04452894867718211
4093,-0.12169151634982517
4094,-0.05135666894072159
4095,-0.1458558341306211
4096,-0.1458558341306211
4097,-0.1105127582350597
4098,-0.04624696964131554
4099,-0.04537139532321073
4100,-0.13419375117791188
4101,0.01359882481645009
4102,-0.1376795609270946
4103,-0.09959888685182254
4104,-0.09628944018300055
4105,-0.07128493639317587
4106,-0.045283898132648714
4107,-0.10519206165818654
4108,-0.08533071046314393
4109,-0.09957039319179777
4110,-0.10697079578817709
4111,-0.13455369290721664
4112,-0.09749127767922112
4113,-0.08073938641810637
4114,-0.045167895259748535
4115,-0.10316541306238554
4116,-0.15107782984300566
4117,-0.11225437581370838
4118,-0.16343236747346007
4119,-0.10663418343184151
4120,-0.01760792514168903
4121,-0.11264059889887133
4122,-0.049142243756374694
4123,-0.06419882541117325
4124,-0.008416479160297
4125,-0.04737118427016412
4126,-0.11686209725434855
4127,-0.10365843710800988
4128,-0.11652372938279257
4129,-0.07421244888339462
4130,-0.05939325267005555
4131,-0.1651805270239822
4132,-0.1946937299825412
4133,-0.14909492914155015
4134,-0.10120521590737327
4135,-0.17991938051823111
4136,-0.07433663189843676
4137,-0.08550472768212242
4138,-0.023208977945522923
4139,-0.09154282200680701
4140,-0.04400490260314179
4141,-0.06226079571762938
4142,-0.16400749296532943
4143,-0.1258240879715301
4144,-0.0357311427313169
4145,-0.06933211219811053
4146,-0.104265336014844
4147,-0.19174066954719107
4148,-0.050192205012234696
4149,-0.04150286958889846
4150,-0.023644354585380063
4151,-0.05040362689727257
4152,-0.08158542848058256
4153,-0.11050676534566761
4154,-0.062413408808023756
4155,-0.042952878598132
4156,-0.16430879653847494
4157,-0.07082626166140546
4158,-0.11475415766081104
4159,-0.10819249230004768
4160,-0.03612409746424954
4161,-0.07255781461448484
4162,-0.06101013196001438
4163,-0.04239170641039688
4164,-0.0537765440738804
4165,-0.1360993274025626
4166,-0.13634122219708322
4167,-0.12283992320939045
4168,0.01107526302213133
4169,-0.017358858060591266
4170,-0.07143585344959982
4171,-0.07901514322283187
4172,-0.14325488285631802
4173,-0.04370694199036786
4174,-0.053637011714068844
4175,-0.1407466300822469
4176,-0.11154017575957308
4177,-0.11723618952332031
4178,-0.09900730599497401
4179,-0.010728264142831323
4180,-0.10269617160551588
4181,-0.11187716376860482
4182,-0.11685366411798251
4183,-0.13073191237760357
4184,-0.08297370348939849
4185,-0.05187470915699083
4186,-0.13945859721203516
4187,-0.005203675616129418
4188,-0.037213177019942305
4189,-0.10518704907903116
4190,-0.10518704907903116
4191,-0.08046115902449881
4192,-0.09501160034439816
4193,-0.1446225314703588
4194,-0.07299256738770811
4195,-0.14976634804490713
4196,-0.17838324778159087
4197,-0.13361509757043644
4198,-0.09232528070084396
4199,-0.044921911656492675
4200,-0.019048292398785742
4201,-0.11422365577114439
4202,-0.11434185245746979
4203,-0.07344698882463431
4204,-0.03353935364460533
4205,-0.11396949660746222
4206,-0.044182072390609124
4207,-0.05642411650713749
4208,-0.1352969170913962
4209,-0.16948145664987505
4210,-0.02647693320893166
4211,-0.026569819480805144
4212,-0.12400635160475883
4213,-0.036563222041949665
4214,-0.1279911077844228
4215,-0.11038614127925113
4216,-0.15507704754630236
4217,-0.15871416322300325
4218,-0.12072469203249793
4219,-0.13196396817247938
4220,-0.07093422172565485
4221,-0.057647027566803385
4222,-0.043086042420908334
4223,0.02025678877936184
4224,-0.05638840829850323
4225,-0.08881619022916365
4226,-0.08819640477960035
4227,-0.12634067539425295
4228,-0.11327410135796989
4229,-0.1147191529134841
4230,-0.11916392465974197
4231,-0.13092047329026457
4232,-0.12644997346250866
4233,-0.08418861456141799
4234,-0.08382513209141193
4235,-0.07486159337571865
4236,-0.05707784527210952
4237,-0.047815521938034226
4238,-0.16400170923337143
4239,-0.07414574325102784
4240,-0.13594916300988344
4241,-0.048233805003406106
4242,-0.15834397918670048
4243,-0.08872847574233174
4244,-0.050064648735796996
4245,-0.14892253914881168
4246,-0.0362202229764526
4247,-0.0807444656491594
4248,-0.09517787347073654
4249,-0.14095914051274835
4250,-0.08385906800648411
4251,-0.08607926415741199
4252,-0.13594937468612975
4253,-0.03364974070431694
4254,-0.07886899087470975
4255,-0.11294611361424911
4256,-0.037427171238273466
4257,-0.09664282161157275
4258,-0.12761366881577108
4259,-0.04294928648964154
4260,-0.047662462564192654
4261,-0.14702298667486483
4262,-0.050808590156686866
4263,-0.03787498333722159
4264,-0.0649199323335322
4265,-0.06322448098285344
4266,-0.09764042106764378
4267,-0.09923195616197014
4268,-0.004430612466617064
4269,-0.0611090276697826
4270,-0.07931596503487434
4271,-0.10512283327610415
4272,-0.07654413871768423
4273,-0.03071648622249302
4274,-0.09523564132474617
4275,-0.16725793801037414
4276,-0.15980724888597497
4277,-0.06932923965179867
4278,-0.13607274952371612
4279,-0.13607274952371612
4280,-0.08648018047546796
4281,-0.018128486666586202
4282,-0.13239404561169307
4283,-0.05534538830862064
4284,-0.08153086684531703
4285,-0.12390102962980944
4286,-0.07499519101575801
4287,-0.027112218187643068
4288,-0.019946444801444932
4289,-0.09046271146491221
4290,-0.07285207274075566
4291,-0.028456343635837128
4292,-0.15846128030123716
4293,-0.06819598769109747
4294,-0.06259630886486353
4295,-0.07899916014245066
4296,-0.059655310611169174
4297,-0.08435313115368151
4298,0.026686652055312253
4299,-0.12748135796574553
4300,-0.061579848603746275
4301,-0.1285361954180224
4302,-0.037889635337530196
4303,-0.0806621023495951
4304,-0.0642584127686858
4305,-0.18454184141064395
4306,-0.05515014860863318
4307,-0.15508894541733897
4308,-0.09144716847147792
4309,-0.04379304246530125
4310,-0.09596965054711587
4311,-0.1577237817764536
4312,-0.03384437777517874
4313,-0.10925125852759034
4314,-0.11541824628384925
4315,-0.0417575134220111
4316,-0.07615102024743667
4317,-0.0655155499157269
4318,-0.05160350174223499
4319,-0.051645817635592374
4320,-0.051645817635592374
4321,-0.1952571997846352
4322,-0.07390445036512917
4323,-0.15857317111594635
4324,-0.052141527953403106
4325,0.018926621767785836
4326,-0.10466122272263521
4327,-0.07954942976321672
4328,-0.03695101732402466
4329,-0.06199225602398939
4330,-0.1436760040105983
4331,-0.14090165639788343
4332,-0.08092251545251578
4333,-0.0746479159274316
4334,0.014865085051964988
4335,-0.095068077339481
4336,-0.008578367439518626
4337,-0.14164297971568954
4338,-0.045894863850383605
4339,0.026867233255745766
4340,-0.029463529325465313
4341,-0.0484406562064961
4342,-0.004254388643771537
4343,-0.14997450288505038
4344,-0.08525017846512795
4345,-0.1864070195110573
4346,-0.0331709499017575
4347,-0.15682636034400627
4348,-0.19159454332664877
4349,-0.03948616833437752
4350,0.0026045773641553273
4351,-0.023168251326669383
4352,0.005177234863491936
4353,-0.1255672994282457
4354,-0.07721624319496039
4355,-0.022680889175651607
4356,-0.11795874950833071
4357,-0.10515229462228508
4358,0.005128385886062589
4359,-0.13463764740247153
4360,-0.003344127723630577
4361,-0.03161339931799794
4362,-0.18980987936441662
4363,-0.05714727946209894
4364,-0.1476640497287168
4365,-0.22299665950839853
4366,-0.04161421280257804
4367,-0.028720595466021216
4368,-0.030484423533148928
4369,-0.0379447488740435
4370,-0.08986754916350238
4371,0.03353955388752482
4372,-0.10400049499446072
4373,-0.004556752386836767
4374,-0.09222234174404717
4375,-0.04755936330240772
4376,-0.15053741417704342
4377,-0.026421771275769508
4378,-0.01865140992873707
4379,-0.18767136692917574
4380,-0.13866945640854567
4381,-0.006789304674658191
4382,-0.01067642817405948
4383,-0.21620261305530133
4384,-0.009682917226174982
4385,0.02601061668624237
4386,-0.014378927855505968
4387,0.009845193126152287
4388,-0.017168665828182772
4389,-0.12801843995880324
4390,-0.01943820152692345
4391,-0.054508907687198446
4392,-0.051254054350779794
4393,0.045046039793500185
4394,-0.06812400621812968
4395,-0.14828490469566447
4396,-0.038489850427705544
4397,-0.22493710156495514
4398,-0.15072833580523406
4399,-0.08466471307467914
4400,-0.1562284217408581
4401,-0.025107215520709585
4402,-0.03260490562638145
4403,-0.05330681462348965
4404,-0.20515320875050252
4405,-0.09449782155332755
4406,-0.10006753087821293
4407,-0.11583383765071915
4408,-0.022151570873841026
4409,-0.06228273374752405
4410,-0.0398482430888209
4411,-0.04006087444619292
4412,-0.1410785498504571
4413,-0.006459356989858159
4414,0.022567348554544082
4415,0.013902109657056985
4416,-0.09844813347918026
4417,-0.12911414522481898
4418,-0.061004453218638253
4419,-0.009172852876777325
4420,-0.025685232212954153
4421,-0.01856644675580165
4422,-0.029718327251659148
4423,-0.044890327293109884
4424,0.012221912293074191
4425,-0.007972083310609373
4426,-0.06948522545885391
4427,-0.07959361533632373
4428,-0.15023920373467728
4429,-0.1266083696984931
4430,-0.1758254831086813
4431,0.05235234754495121
4432,-0.1343751625765936
4433,-0.12903423928770302
4434,-0.008978014963600425
4435,0.03365802526577732
4436,-0.13779456467802476
4437,0.016406728398765922
4438,-0.05720126590517215
4439,0.05347034477347407
4440,0.016955618045981762
4441,0.020325907670148906
4442,-0.01263171903510421
4443,-0.04044349912612924
4444,0.002551260061391
4445,-0.1534801989368383
4446,-0.1981504511314516
4447,8.580532089919605e-05
4448,-0.11391495707273061
4449,-0.014889232348114982
4450,-0.0693353848686929
4451,-0.11358511358694205
4452,-0.10338959374426411
4453,-0.12764206582570697
4454,-0.006192618360576013
4455,0.014634432239772687
4456,-0.04944610042006353
4457,-0.05172948113994637
4458,-0.003146731329896531
4459,-0.14997193381470456
4460,-0.043339555403500755
4461,-0.058137562252600285
4462,-0.09143806496936104
4463,0.023712524929228696
4464,-0.008125331440005214
4465,-0.031053535912542438
4466,-0.027693985336860943
4467,-0.14902405916956168
4468,0.0001373822744412793
4469,-0.14945304335384477
4470,-0.08597812158465645
4471,-0.18829396418857558
4472,-0.08949317353907076
4473,-0.08332609461644257
4474,-0.12011171708436243
4475,-0.04728920788005412
4476,-0.04889771326754512
4477,-0.11853744936704519
4478,-0.05402473357746417
4479,-0.03718360155178171
4480,-0.06826915392176842
4481,-0.07923360761730514
4482,0.05274896408190496
4483,-0.03029664823277607
4484,-0.08681057462341013
4485,-0.015939207167252053
4486,-0.09104529235442176
4487,-0.06695395165135899
4488,-0.050144968240631464
4489,0.044707361407941106
4490,-0.1240538881126639
4491,-0.1200028107387374
4492,-0.1200028107387374
4493,-0.17725300416018
4494,-0.1227860700683759
4495,-0.10081314719072046
4496,-0.16481494402841465
4497,-0.03231440973014128
4498,-0.03661604443135136
4499,0.0379754503625377
4500,-0.04012914951796265
4501,0.009426153844268429
4502,-0.0960086906348471
4503,-0.1432679529105123
4504,-0.039298775023198874
4505,-0.019226757519926366
4506,-0.12047966026774415
4507,0.028353381843382205
4508,-0.027127747368692095
4509,-0.05269209427221344
4510,-0.020316320690609475
4511,0.04148829136944919
4512,0.039148843748759224
4513,-0.03973081555737713
4514,-0.03704114731631295
4515,-0.08223712421121401
4516,-0.0856460398340672
4517,-0.13030006749961695
4518,-0.08644140588659599
4519,-0.0725108756827101
4520,0.014001369244141113
4521,-0.08236256978219102
4522,0.009895066652431525
4523,-0.1488944686917466
4524,-0.02864937727974649
4525,-0.01898940630810001
4526,-0.13318657690985194
4527,0.029044745547946588
4528,-0.10360482497842806
4529,-0.037575320708483344
4530,-0.032449668767405924
4531,-0.13686313911791134
4532,-0.013440624318108586
4533,-0.05066137049539133
4534,-0.15267734049371579
4535,0.027676655508766364
4536,-0.0034728081585288055
4537,-0.056083786574061496
4538,-0.056083786574061496
4539,0.04539536855074121
4540,-0.02664424592761706
4541,-0.034616249506213365
4542,-0.07237827794765986
4543,-0.028261642619378406
4544,-0.09281335326554134
4545,-0.06170832468162182
4546,-0.003775986141153251
4547,-0.1622616328903924
4548,0.012677811980887162
4549,-0.0068724900377996195
4550,0.011030340022450477
4551,-0.030952624409121676
4552,-0.027302972184477445
4553,-0.20819658541185482
4554,-0.06449943757421343
4555,-0.04115751700119507
4556,-0.12308807046705807
4557,-0.013527581608406988
4558,0.0561881889626269
4559,-0.0710459988382434
4560,-0.19062103792622173
4561,0.005359617919676704
4562,-0.12724019309779303
4563,0.07540205077930995
4564,-0.07533720631518714
4565,-0.03492229546360872
4566,-0.11969579936322099
4567,-0.08485448652421647
4568,-0.09454454659976022
4569,-0.09991542691812558
4570,-0.18758005322247415
4571,-0.0941283651020527
4572,-0.00827258861184648
4573,-0.11722740071377248
4574,-0.004739160157187892
4575,-0.08033950775324852
4576,-0.0373427748004552
4577,0.004169321732764783
4578,0.04375629059775179
4579,-0.14072366401087427
4580,-0.007385842272575547
4581,-0.0015003451074795783
4582,-0.07240892019368597
4583,-0.005623811936319568
4584,-0.1844440537031508
4585,-0.1844440537031508
4586,-0.027523176913009074
4587,-0.04527256928553623
4588,-0.019476782532561035
4589,-0.09711322888823663
4590,-0.09561833760872893
4591,-0.08488203620553564
4592,-0.16657388349192903
4593,-0.015231473963055827
4594,-0.18313530019827082
4595,-0.1851081962532872
4596,-0.11079459075572078
4597,-0.11532053652068423
4598,-0.06340984656064319
4599,-0.14100471863594496
4600,-0.1284127834875439
4601,-0.08935713033575328
4602,-0.02502214370439089
4603,0.012189647982670334
4604,-0.01857855839244964
4605,-0.157647464022443
4606,-0.03940463012186943
4607,-0.18436376333411164
4608,-0.022379221400949386
4609,0.048713067676525154
4610,-0.012607355034622543
4611,0.0010605809148002308
4612,-0.05728096392299532
4613,-0.030701698398892297
4614,-0.0729944628943328
4615,-0.027933143289338887
4616,-0.004642689957137792
4617,-0.16091728717827766
4618,0.01593961357626786
4619,-0.005476082895635414
4620,-0.1520115135834113
4621,-0.04271185422208553
4622,0.0037815471512364996
4623,0.012114342662147646
4624,-0.09827154941065493
4625,-0.03898780346575483
4626,-0.19031889277552083
4627,-0.03845473730184652
4628,-0.12613601274282094
4629,0.06438429072160892
4630,-0.1183366666079027
4631,-0.1136116366752527
4632,-0.1136116366752527
4633,0.09052559169854439
4634,-0.023247860524765025
4635,-0.03826232082526026
4636,-0.004380527469026281
4637,-0.016427730369653754
4638,-0.00033509814089407883
4639,-0.1409917171255417
4640,-0.01216170774011342
4641,-0.04381357194928728
4642,-0.006422255486417991
4643,-0.04539469998928342
4644,-0.031005965697703367
4645,0.0011692217999780075
4646,-0.1959065702201149
4647,-0.023284585613235407
4648,-0.02097289072492385
4649,-0.17821310006184538
4650,-0.028597730218994324
4651,-0.031461197048293206
4652,-0.1163630466064233
4653,-0.013851723757483477
4654,-0.12497052414721387
4655,-0.007875082922492766
4656,-0.07308969536029757
4657,-0.02586744810207779
4658,-0.06219234882871891
4659,-0.04029344630001809
4660,-0.07711405948793618
4661,-0.09066790226600181
4662,0.004948836451381852
4663,-0.09843758232696183
4664,0.04806858049989141
4665,-0.05434953600922793
4666,-0.04180502206804565
4667,-0.00798449030795519
4668,-0.031451681937983915
4669,-0.05096002663070916
4670,-0.1478292578994337
4671,-0.17445055833014808
4672,-0.025779187480267272
4673,-0.012985060643962695
4674,-0.04409207474430232
4675,-0.11603036325891707
4676,-0.012644231421639644
4677,-0.03917835524194926
4678,-0.09380553839519831
4679,-0.0735403061982986
4680,-0.11078894807211359
4681,0.041043797646741445
4682,-0.12316709438910799
4683,-0.029027705595108363
4684,-0.029027705595108363
4685,-0.09977362021792395
4686,-0.14517109529805577
4687,0.008591729196760767
4688,-0.028958690456373493
4689,-0.03942900698330049
4690,-0.02492802368550423
4691,-0.08583703245275015
4692,-0.12801441129359029
4693,-0.11039037301151468
4694,-0.03548232878918074
4695,-0.12128584086661316
4696,-0.002119118230944754
4697,-0.050863677706513725
4698,-0.042665403876963624
4699,-0.08501372062008511
4700,-0.026839584388074076
4701,-0.09074974743278127
4702,-0.09377540131561077
4703,-0.0191020447781936
4704,-0.17750781080548905
4705,-0.13564114894286058
4706,0.011117041302646376
4707,-0.014106197436693451
4708,-0.055588756873232024
4709,-0.16883841605217778
4710,-0.019570658190934172
4711,0.023870055941478625
4712,-0.09295893179296918
4713,-0.10023656342965723
4714,-0.043243588024135395
4715,-0.016066803401357847
4716,-0.1624346916133721
4717,-0.016807895187812096
4718,-0.06989996191647184
4719,-0.08910750240313565
4720,-0.13598546390393848
4721,-0.08137593940853842
4722,-0.025512367193374023
4723,-0.016242312924328237
4724,-0.03317240038693898
4725,-0.18310710314206632
4726,-0.13836878185735177
4727,-0.05836638074026842
4728,-0.10686221542488837
4729,-0.09436772252734661
4730,-0.22549392077806768
4731,-0.22549392077806768
4732,-0.11533519806751519
4733,-0.1410975754044176
4734,0.00630402895213005
4735,-0.0943100622224804
4736,-0.058180336325107135
4737,-0.15289415673619608
4738,-0.11612507123561859
4739,-0.1403625447976874
4740,-0.05552820607803251
4741,0.02552991262754396
4742,-0.04645486886719686
4743,0.00802205465048127
4744,-0.10705821545201158
4745,-0.01796820315788071
4746,-0.1224428007089741
4747,-0.11217642525578655
4748,0.0003897281428265166
4749,-0.018952939347486514
4750,-0.10679499299003962
4751,-0.10654083569575692
4752,-0.168981013440697
4753,0.010534341967055636
4754,0.01708788224061706
4755,-0.14273209844521928
4756,0.028927734018837543
4757,-0.10569848399723256
4758,0.0157406859517455
4759,-0.07601219717241084
4760,-0.07298270198956913
4761,-0.006212696034959385
4762,-0.02660276340308201
4763,-0.05854842620766919
4764,0.0019539723928649875
4765,-0.04215312035298371
4766,-0.17681809258728975
4767,-0.09371920724626223
4768,-0.004249848099001533
4769,-0.08828091242289446
4770,-0.1700715994848108
4771,-0.07103872902617644
4772,-0.1194947750766197
4773,-0.16513122801211655
4774,-0.002221810539128196
4775,0.07721583217471582
4776,-0.056160001747088385
4777,-0.05207047111393647
4778,-0.10926920770273484
4779,0.0015931953276866137
4780,-0.1610571952559459
4781,-0.1507584651583622
4782,-0.03335329062315731
4783,0.05003716689247926
4784,-0.014310652087141981
4785,-0.019270544883943655
4786,-0.0029004831909831778
4787,-0.08889763023557513
4788,0.04093550867646873
4789,0.02578728862825356
4790,-0.23421930024333185
4791,-0.08524865391843443
4792,-0.01798452013486176
4793,-0.032360779210302504
4794,-0.09619275625855594
4795,-0.03713627670637174
4796,-0.09143066057625811
4797,0.0014603410114839301
4798,-0.048259465660472206
4799,0.037495897123593226
4800,0.013098684356798916
4801,-0.13874011189349053
4802,0.012975327919583923
4803,-0.007248228541870262
4804,0.03700145711116373
4805,0.08417800122136893
4806,-0.09432858391660066
4807,-0.016451242622792447
4808,-0.07107212259620195
4809,-0.08243508995339768
4810,-0.05185595843562413
4811,-0.02988494254254924
4812,-0.13533205423226335
4813,-0.017775426701312273
4814,-0.07330334441834097
4815,-0.1443713512816032
4816,-0.020261617538984346
4817,0.06399549731625123
4818,-0.010527172109899306
4819,0.02673502317320365
4820,-0.09920643764880442
4821,-0.0034932728490894385
4822,-0.15886570592060065
4823,-0.05667731918093616
4824,-0.010735356984187164
4825,-0.01087770183234143
4826,-0.0738747918078912
4827,-0.1396576093068775
4828,-0.11440740402120343
4829,-0.007539751023288371
4830,-0.05522474960479468
4831,0.012664203745861543
4832,-0.11295368670480442
4833,-0.03573599330334318
4834,0.0016197320273699457
4835,-0.060143830512252874
4836,-0.05783910109267277
4837,-0.07793418868524174
4838,-0.11718975469862286
4839,-0.061602163189046696
4840,-0.13124091664750692
4841,-0.11432324761523224
4842,-0.15976050301016623
4843,-0.028687770122513907
4844,-0.15085119326894952
4845,-0.03579862935403451
4846,-0.14424653244652857
4847,-0.06496841518006384
4848,-0.08168692118753205
4849,-0.16188892080190498
4850,-0.04476021373051547
4851,-0.13300367951978995
4852,-0.04024447094529363
4853,-0.1586996430623363
4854,-0.1555334991310294
4855,-0.05499848616076343
4856,-0.11920611609481309
4857,-0.18836586099279298
4858,-0.0971927150895276
4859,-0.1662252638949188
4860,-0.11881380836580387
4861,-0.11920421137380764
4862,-0.0870251139721278
4863,-0.011489945371065902
4864,-0.033416407063186104
4865,-0.0588498493016295
4866,0.008461480227080114
4867,-0.05973817456997845
4868,-0.16039852098328045
4869,-0.11302833902985171
4870,-0.1434766291600841
4871,-0.06412743368311022
4872,-0.14629572365072954
4873,0.014918587124019889
4874,-0.06389972180803363
4875,-0.09582964277850635
4876,-0.15610188075990403
4877,-0.009102806265008253
4878,-0.13857961636442662
4879,-0.07362152627503107
4880,-0.08787522830942726
4881,-0.10536318905979349
4882,-0.007710353046565621
4883,-0.10760482022848854
4884,-0.12627163340952738
4885,-0.15797424765198925
4886,-0.07152305348138818
4887,-0.03985420023448111
4888,-0.09417222205634115
4889,-0.11023310265191309
4890,-0.09144677696084637
4891,-0.12786508603902363
4892,-0.10011418007183254
4893,-0.08299645979625389
4894,-0.17203983294553601
4895,-0.09820263235545491
4896,-0.05842966746124441
4897,-0.08955005809471865
4898,-0.11311904780402192
4899,-0.060966550356385284
4900,-0.12288272342942357
4901,-0.12288272342942357
4902,-0.01090001699160047
4903,0.031495156516083436
4904,0.028798779267814056
4905,-0.09009322925582006
4906,-0.09306583730051583
4907,-0.04433961241449328
4908,-0.17562903076575012
4909,-0.1014551338836368
4910,-0.010309419869239713
4911,-0.04434374226176397
4912,-0.044092073231571584
4913,-0.050527402897103384
4914,-0.07909559184298583
4915,0.06117632401809116
4916,-0.12608758127361017
4917,-0.12608758127361017
4918,-0.17956165276881123
4919,-0.12145830703536435
4920,-0.16990344490038925
4921,-0.11911959129432535
4922,-0.12134596419866696
4923,-0.09907120842543042
4924,-0.010504119461893757
4925,-0.09721244137668654
4926,-0.012454658667445911
4927,-0.12022009244674828
4928,-0.007211875999828429
4929,-0.11213615809346446
4930,-0.1850253660979708
4931,-0.007744542217114294
4932,-0.04275808135628386
4933,-0.10189616226468536
4934,-0.10378930016622041
4935,0.00630437656150426
4936,-0.1189734966529158
4937,-0.10183598331301656
4938,-0.10183598331301656
4939,0.007900433503930871
4940,-0.1301868680595237
4941,-0.0820454364110174
4942,-0.016661353861969694
4943,-0.056130978743303465
4944,-0.030094828840955413
4945,-0.1356489415944379
4946,-0.06365307752302213
4947,-0.12024852782596337
4948,-0.08572559736043486
4949,-0.10619957305692017
4950,-0.10628446269250903
4951,-0.028656005509714207
4952,-0.029911613636036147
4953,-0.10989615337297741
4954,-0.11617867468513356
4955,-0.026750792720540505
4956,0.004545774837558382
4957,-0.009758117635400871
4958,-0.0882626342517576
4959,-0.1190885674944296
4960,-0.1190885674944296
4961,0.008803113884553359
4962,-0.056216263244121496
4963,0.018741070218462507
4964,-0.08846546068593392
4965,-0.03198727397854431
4966,-0.003936210681888665
4967,-0.10332785201053601
4968,-0.10848601318897845
4969,-0.09589310247449521
4970,-0.02775410008169704
4971,-0.06361088532367361
4972,-0.009683570391886644
4973,-0.11196152250576537
4974,0.00020814640616073353
4975,0.004744836107958057
4976,-0.20209534039634947
4977,-0.049146465146799184
4978,-0.056975333512941845
4979,-0.10538026139049038
4980,-0.001225944619316162
4981,-0.031036501605425676
4982,0.0342696095404811
4983,-0.11711960220446464
4984,-0.11625265768933842
4985,-0.11625265768933842
4986,0.008599736683442829
4987,-0.1362035646960404
4988,-0.03520851887915994
4989,-0.03530682797269266
4990,-0.0651118744572529
4991,-0.0059615154604654936
4992,-0.03962114859051148
4993,-0.02707343120912785
4994,-0.19212897501305037
4995,-0.12298490684263985
4996,-0.019271136065261776
4997,-0.05012205440641404
4998,-0.026767039714689717
4999,-0.19148418270565043
5000,-0.01850007802517325
5001,-0.0194412511985663
5002,-0.05570071566795216
5003,-0.1077303207402803
5004,0.05356332967683212
5005,-0.0526855592684872
5006,-0.14037950177328581
5007,-0.17479549727018284
5008,0.07423638388126251
5009,-0.14995765324564062
5010,-0.09482898248229671
5011,-0.09984602264056901
5012,-0.09984602264056901
5013,-0.058392214528196144
5014,-0.08600600579454468
5015,-0.11899367699161845
5016,-0.12322270383213521
5017,-0.16411356440194771
5018,-0.11298351549508101
5019,-0.1782524396468183
5020,-0.01932137584948358
5021,-0.10165544857921886
5022,-0.07005146072050533
5023,-0.08199774877699612
5024,-0.11048173965495356
5025,-0.11473757166263036
5026,0.05554915171618043
5027,-0.11317322259344814
5028,-0.11317322259344814
5029,-0.05470545234344317
5030,0.0026756719499618693
5031,-0.027346022407927863
5032,-0.05755089435844711
5033,-0.11045128480492453
5034,-0.05656386251841393
5035,-0.0514429650044678
5036,-0.11957162112738484
5037,-0.14208540004168688
5038,-0.09897110880258096
5039,-0.0790533118246087
5040,-0.12122377602810232
5041,-0.11069088535733801
5042,-0.13356560793083677
5043,-0.016441011201687207
5044,-0.11228573776988063
5045,-0.16121098680929385
5046,0.011125364204846803
5047,-0.12722838595798464
5048,-0.1292132592012012
5049,-0.18194857288510172
5050,-0.09587994543772692
5051,-0.09587994543772692
5052,-0.10628988832749374
5053,-0.08285568712434108
5054,0.00034094204511456015
5055,-0.06729715467655055
5056,-0.079022330176169
5057,-0.1092437222993624
5058,-0.1328649784206733
5059,0.012128826986132433
5060,-0.09643824698980273
5061,-0.14959238550351983
5062,-0.14618057864350212
5063,-0.10634687585248265
5064,-0.028135107731811278
5065,-0.04577015742953093
5066,-0.05200085718917448
5067,-0.0687996732346331
5068,-0.14401446325090983
5069,-0.04740146625280682
5070,-0.18283719387453662
5071,-0.0847157075681843
5072,-0.052242683726831114
5073,-0.07155982943774673
5074,-0.1354383821598358
5075,-0.1412927512793519
5076,-0.009437809723446192
5077,-0.1412927512793519
5078,-0.08539571861518064
5079,-0.06684548848504872
5080,-0.11912310368635196
5081,-0.10309017750898065
5082,-0.08295734120495236
5083,-0.016492242543476494
5084,-0.1603975664661289
5085,-0.07622262449342952
5086,-0.08486578964600994
5087,-0.05190494701409874
5088,-0.060382825756355264
5089,-0.16265366380253019
5090,-0.03577693305905015
5091,0.0108151284012087
5092,-0.07250285766765234
5093,-0.096874292994094
5094,-0.05581847210753879
5095,-0.15481929972265496
5096,-0.1322988725971843
5097,-0.1322988725971843
5098,-0.005661166503730728
5099,-0.0810397349749134
5100,-0.13868199763915157
5101,-0.1735536538800809
5102,-0.11330075717198168
5103,-0.10289314607994268
5104,-0.14516540026414124
5105,-0.05679334291336564
5106,-0.16218807451103484
5107,-0.10572944515859081
5108,-0.07493046447088299
5109,-0.17879755401338582
5110,-0.07546175687831114
5111,-0.1301221111136097
5112,-0.1538524165606431
5113,-0.03508759026064932
5114,-0.14450772204705192
5115,-0.05820258689731223
5116,-0.014534053997812093
5117,-0.13009493896159854
5118,-0.06945031009555726
5119,-0.10509041624264132
5120,-0.07447881128521155
5121,-0.06269617848553716
5122,-0.05292124117146788
5123,-0.05261071329731699
5124,-0.12543691855905975
5125,-0.05909108704396353
5126,-0.1154928324487962
5127,-0.08036596433146243
5128,-0.0604363260605983
5129,-0.17659011284732792
5130,-0.0722104139565019
5131,-0.04201975182866758
5132,-0.104928781945147
5133,-0.12924697083204256
5134,-0.03314438904778697
5135,-0.14673206659750077
5136,-0.10007209185324313
5137,-0.1277596320763791
5138,-0.03440322981110342
5139,-0.12883130599224027
5140,-0.005814624375926997
5141,-0.09725496731045415
5142,-0.0908574491138606
5143,-0.032690554206264266
5144,-0.15838189976017764
5145,-0.09754883946311166
5146,-0.09055498493736903
5147,-0.08304057563363684
5148,-0.1595899939390467
5149,-0.06564377384487007
5150,-0.02102347923363755
5151,-0.07685392053136701
5152,-0.07685392053136701
5153,-0.07966790309486656
5154,-0.04472702159983706
5155,-0.07059269408746535
5156,-0.09109203327973033
5157,-0.10885954321515497
5158,-0.1982998312101605
5159,-0.10892010549643803
5160,-0.10299607859567321
5161,-0.08870452293211262
5162,-0.09076594013797525
5163,-0.09137925635543523
5164,-0.07384590216459294
5165,-0.06695937834289663
5166,-0.09882152456297405
5167,-0.009023518037433453
5168,-0.14944523160667067
5169,-0.10431371666753372
5170,-0.08410461591333564
5171,-0.12352252074959748
5172,-0.03086705005317451
5173,-0.14990172313524494
5174,-0.14887904791224277
5175,-0.09448576380328265
5176,-0.041603985665664756
5177,-0.09350944980891947
5178,-0.13577373319723818
5179,-0.06983137513383864
5180,-0.08489743916474517
5181,-0.05417251321924754
5182,-0.03636101612988061
5183,-0.07251616226013662
5184,-0.03233992118800273
5185,-0.10750424456461945
5186,-0.08179680271377818
5187,-0.05539372501893836
5188,0.006184357311449303
5189,-0.10376902139286451
5190,-0.07558914398480547
5191,-0.08382524777977657
5192,-0.0864710696366534
5193,0.01666503152924204
5194,-0.12123204897342467
5195,-0.039168728820730865
5196,-0.14341852631706403
5197,0.010499719609947555
5198,-0.09723363064339537
5199,-0.11612010868955384
5200,-0.06616004334303402
5201,-0.061187082671831615
5202,-0.06930037851206212
5203,-0.03016053448821708
5204,-0.19434739273550247
5205,-0.12619042079600545
5206,-0.053541694721611334
5207,-0.030327306146482023
5208,-0.07512939693302147
5209,-0.03563254687227727
5210,0.0005385422732898568
5211,-0.03339202880804236
5212,0.014316483494777873
5213,-0.08553703402101158
5214,-0.11463668227558553
5215,-0.11539407634934853
5216,0.0055967946009848205
5217,-0.1253547963350685
5218,0.06382024272385659
5219,-0.024411373315347124
5220,-0.09201128059015666
5221,-0.12859265179804044
5222,-0.05930510692076469
5223,-0.05040917335879113
5224,-0.07631066973794802
5225,-0.04885005595582523
5226,-0.09755515968387293
5227,0.030507297678606923
5228,-0.10383083647289515
5229,-0.1297624170206192
5230,-0.010502192911091385
5231,0.04852585342220098
5232,-0.05966609739195638
5233,-0.033954077324118
5234,-0.036983388859766805
5235,-0.17379484129343026
5236,-0.10497387826134803
5237,-0.12823916897964543
5238,-0.11818260026225312
5239,-0.013335105378411996
5240,-0.12765436415331405
5241,-0.12171574276261997
5242,-0.003063385903050112
5243,-0.008364287221356974
5244,-0.03614638734957991
5245,-0.11356313654578516
5246,-0.07545663129234877
5247,-0.0916998914727941
5248,-0.1238194661572743
5249,-0.028780006746324218
5250,-0.12074575952024481
5251,0.0032480597798046997
5252,-0.08146011845203087
5253,-0.026583613123577366
5254,-0.14317292886873312
5255,-0.09896915368388347
5256,-0.08617530678139639
5257,-0.04906864459435815
5258,-0.20611774306675412
5259,0.0023347947662945606
5260,-0.08390597169252657
5261,-0.07302380430545662
5262,-0.07051897602557301
5263,-0.22209571949590912
5264,-0.11196768024286044
5265,-0.08781314591755181
5266,0.007488963459073162
5267,0.0009919897327601232
5268,-0.07600646712638302
5269,-0.09497007704612301
5270,-0.09460285782028309
5271,-0.12504281918882762
5272,-0.1602196082735002
5273,-0.16007144596638384
5274,-0.09630443353366458
5275,-0.13909120230894464
5276,0.06465980634844112
5277,-0.0613789012940395
5278,-0.03125815166996209
5279,-0.12572670340678788
5280,-0.06434611951293429
5281,-0.08565398598697561
5282,0.014809496364864425
5283,0.052898934068124286
5284,0.06264871826224334
5285,-0.11179008374595445
5286,-0.03605511219405803
5287,-0.06668952122378445
5288,-0.1386928635318613
5289,-0.043154305983763144
5290,-0.134113963764453
5291,-0.05939252640717626
5292,-0.07202608517988661
5293,-0.04915472929196666
5294,-0.0956745848461274
5295,-0.15482125043262177
5296,-0.04826102073074677
5297,-0.10687053491452622
5298,-0.09921524622179773
5299,-0.04929347446264228
5300,-0.04315754011740205
5301,-0.034410411429371776
5302,-0.12130223334472022
5303,-0.07126676349028087
5304,-0.04015725527057622
5305,-0.039531492055209304
5306,-0.12668291728828107
5307,-0.10400775964381122
5308,-0.07427230963292183
5309,-0.10347430955084713
5310,-0.10485887851924935
5311,-0.04925228643459646
5312,-0.08659066278151333
5313,-0.05378045277062068
5314,-0.07023925011487014
5315,-0.035613529934237706
5316,-0.12463464813854813
5317,-0.14302157873795357
5318,-0.12706693978102795
5319,-0.10720161998591826
5320,0.04273254358419346
5321,-0.03364057002316236
5322,-0.07626996569072401
5323,-0.043387757847595486
5324,-0.09852475390559459
5325,-0.07124971753004475
5326,-0.06443883550507856
5327,-0.06739247525834013
5328,-0.0641433735927562
5329,-0.06540084112724177
5330,-0.10491253316859024
5331,-0.05726057048390529
5332,-0.03790173884111601
5333,-0.06459935712730255
5334,-0.07092115613627221
5335,-0.09454651921372968
5336,-0.07859872025675692
5337,-0.12661130688021802
5338,-0.08197629713814246
5339,0.08976211058623519
5340,-0.09229865492385826
5341,-0.09229865492385826
5342,-0.07725689110288306
5343,-0.11360565168081782
5344,0.07983537333563759
5345,-0.0788803290767777
5346,-0.033340275900647594
5347,-0.09649822910499509
5348,-0.07455671000847633
5349,-0.08623629351636347
5350,-0.11611647235987545
5351,-0.10148094226512504
5352,-0.07719187104843328
5353,-0.021660559681329683
5354,-0.07049984258522522
5355,-0.08042679221824478
5356,-0.0534665685832266
5357,-0.10218635640528949
5358,-0.08401936275830417
5359,-0.07329664773707753
5360,-0.08336106932031691
5361,-0.1276537313377226
5362,-0.03216494933204745
5363,-0.06613541625372166
5364,-0.06886413447201424
5365,-0.11021138776745651
5366,0.031753867280370184
5367,-0.0921684999788709
5368,-0.11024754931181642
5369,-0.05500399486429087
5370,0.046424392400901106
5371,-0.10238960777448058
5372,-0.03831035635643099
5373,-0.0812884658477996
5374,-0.055546672547171695
5375,-0.04765569951763384
5376,-0.04815256915535841
5377,-0.08723440238516499
5378,-0.023484905721060316
5379,-0.03106259892641645
5380,-0.028300921658485207
5381,-0.0949803832844601
5382,-0.055200971112479784
5383,0.024740525570901256
5384,-0.09193471513177359
5385,-0.013680313726134008
5386,-0.027663343788562895
5387,-0.04819492611850402
5388,-0.10404316017088922
5389,-0.13795865335588073
5390,-0.02943488345226123
5391,-0.04956768649917859
5392,-0.07152444483781446
5393,-0.09044433026447826
5394,-0.0642731477088804
5395,-0.06610710538634351
5396,-0.061941736963358474
5397,-0.04818348296957736
5398,-0.06468097986786596
5399,-0.07420740552394528
5400,-0.06864817247013179
5401,-0.038636060315420995
5402,-0.0454498576276933
5403,-0.08454268339328615
5404,-0.05770100094863941
5405,-0.047111540001742995
5406,-0.03870457869137842
5407,-0.01139036465399298
5408,-0.11570069353847443
5409,-0.07603319232823809
5410,0.04342350895149299
5411,-0.12362980040478551
5412,-0.07963197756593215
5413,-0.05351199182128224
5414,-0.023656008905163416
5415,-0.07188255885277539
5416,-0.04693773350048641
5417,-0.05249905497119222
5418,-0.046353891067680335
5419,-0.05117649888776023
5420,-0.10081188647400859
5421,-0.10233059961075347
5422,-0.07539864085614353
5423,-0.11986246030559936
5424,-0.06924532519434855
5425,-0.03462127516052514
5426,-0.06831919122214301
5427,-0.1300959176075272
5428,-0.10746112521091507
5429,0.027668722547535014
5430,-0.06562573275892539
5431,-0.08535235531529571
5432,-0.07119391990244597
5433,-0.03552547725649058
5434,-0.12736249768935912
5435,-0.0855193115005593
5436,-0.09156517355210572
5437,-0.018088539951124985
5438,-0.053655093417851504
5439,-0.07177704544897415
5440,-0.10315080569650605
5441,0.009660719109514356
5442,-0.049884901762009964
5443,-0.06340889460949332
5444,-0.0853812668045997
5445,-0.14740282064655585
5446,-0.05370851652655006
5447,-0.0432280176172914
5448,-0.08465430010135483
5449,-0.09560343178366863
5450,-0.14941228658999117
5451,-0.04724171430520372
5452,-0.033057700963813816
5453,-0.0035991949881804056
5454,-0.08814487169854011
5455,-0.0805344007057174
5456,-0.08792205854870756
5457,-0.0485518717877089
5458,-0.022759717378048563
5459,-0.02173766814653019
5460,-0.06393078443268842
5461,-0.028270281112082355
5462,0.00383834709940057
5463,-0.09823257108797408
5464,-0.10127101832036324
5465,-0.023872670889378632
5466,-0.14237322063299987
5467,-0.06624846053660569
5468,-0.2223966127947491
5469,-0.018711607438420354
5470,-0.07079899278539428
5471,-0.14415974067985915
5472,-0.0731189357366104
5473,-0.04486439347360365
5474,-0.005932129343675821
5475,-0.12103681816360247
5476,-0.06488459844452064
5477,-0.15307561794792637
5478,0.007420546370478728
5479,-0.016735909633230857
5480,-0.13340125671710792
5481,-0.09497030863413045
5482,-0.061391953892187906
5483,0.0021236799045415834
5484,-0.020025101753091516
5485,-0.14107781426105864
5486,-0.017930295129016574
5487,-0.01712572332947214
5488,-0.1415963204769679
5489,-0.03990742956182187
5490,-0.03419681477428325
5491,-0.03973813513840806
5492,-0.16679449924003753
5493,-0.10310571946770428
5494,0.11181118723233789
5495,-0.10279924884506836
5496,-0.15235151476557238
5497,-0.027357130192858792
5498,-0.14525205935711785
5499,-0.15518570865236314
5500,-0.027664597911564184
5501,-0.01107731731787872
5502,-1.6445525434950418e-05
5503,0.06245757680229484
5504,-0.0815560592024818
5505,-0.1053007199698144
5506,-0.07774587856289576
5507,-0.13763406165163633
5508,0.0006700436738588426
5509,0.0029150749730865923
5510,-0.036713429738522804
5511,-0.025667795559971392
5512,0.02477263993725423
5513,0.0025857953942491165
5514,-0.08411257719809088
5515,-0.01192021718280705
5516,-0.03486823519057063
5517,-0.0524118181717193
5518,-0.12167479312848213
5519,-0.06325080144489872
5520,0.034592777105827685
5521,-0.10352826303550593
5522,-0.025474697449507155
5523,0.014551766167487467
5524,-0.12531589239553062
5525,-0.10156105180658218
5526,-0.10471976870272023
5527,0.05792124137377028
5528,-0.08959268427769737
5529,-0.02858814410827606
5530,-0.038980148085621
5531,-0.038980148085621
5532,-0.006173291744416268
5533,-0.0868188058532119
5534,0.01437701421065768
5535,-0.0695757286431836
5536,-0.01881661979688274
5537,0.010090348811202219
5538,0.02123783579893225
5539,-0.05504877234757401
5540,-0.05151132993380938
5541,-0.07584421566296853
5542,0.01161013317327253
5543,-0.0648772262819253
5544,-0.167453850767149
5545,-0.016559061244324866
5546,-0.10294259939221304
5547,0.020508499000305797
5548,-0.10948273176333384
5549,-0.1324991650752283
5550,-0.07511782403184744
5551,-0.026741798296232827
5552,-0.06194784054701045
5553,-0.012010048873149467
5554,-0.09179720330529044
5555,0.004730533557470379
5556,-0.023576050930801395
5557,-0.08330920235146198
5558,-0.098716077676171
5559,0.04143987153191852
5560,0.004323451682769509
5561,0.008249867633960262
5562,-0.05880259449485247
5563,0.06306945982992528
5564,-0.04182267095542901
5565,-0.0710515646251297
5566,-0.05692155427479992
5567,-0.09339274064838289
5568,-0.06740607740753397
5569,-0.0969745703609728
5570,-0.027112810093762877
5571,-0.08072525349062547
5572,-0.09196222819351435
5573,-0.14017359231015053
5574,-0.035317450439387214
5575,-0.03310321513926527
5576,-0.10407977619371678
5577,-0.09322392867593045
5578,-0.04731650836154125
5579,-0.036315469639327684
5580,0.04865637187028783
5581,-0.18922447056206282
5582,-0.10674310932013523
5583,-0.028377396323459196
5584,-0.028377396323459196
5585,-0.06938797353124662
5586,0.04942458474846279
5587,-0.0888146119119964
5588,-0.03208621440520623
5589,-0.15222159184486286
5590,-0.08793566545337488
5591,-0.03652922770311409
5592,0.01586898589975528
5593,0.09373449887641208
5594,-0.08628620665127124
5595,0.03917025794379371
5596,0.030824000445258667
5597,-0.08099483621455421
5598,-0.04913636351401571
5599,0.017351301286167017
5600,-0.012942856384943448
5601,-0.06023051833776058
5602,-0.16904347317636884
5603,0.015398700786096751
5604,-0.13793446746207666
5605,-0.10023704765857092
5606,-0.12890024220436835
5607,-0.07765318814702359
5608,-0.11091022567595667
5609,-0.12035499741151306
5610,0.041625004221122336
5611,0.03755030204657078
5612,-0.11731937328775038
5613,-0.01684834810252313
5614,-0.040277789348047696
5615,-0.040277789348047696
5616,-0.04252991513024857
5617,0.012693709388172289
5618,-0.009875075083944139
5619,-0.024684898381016607
5620,-0.047732913406199826
5621,-0.030146075147275735
5622,0.0013879333413119386
5623,-0.10677191286839996
5624,-0.05495651725321265
5625,0.02659602683746471
5626,-0.12698163133472135
5627,-0.09030363835859372
5628,-0.079390513808913
5629,0.012048195894336854
5630,-0.0038878529643924897
5631,-0.077582743334914
5632,-0.1064365906158995
5633,-0.12671303255161748
5634,0.010360149908095952
5635,-0.07081692385950257
5636,-0.07694868689680552
5637,0.017294008466879673
5638,-0.022079278751657654
5639,-0.03155128470194176
5640,-0.05995487161562489
5641,-0.014090723335673846
5642,-0.05787424866832389
5643,-0.05911680438811257
5644,-0.06766860947301911
5645,-0.036611461375445804
5646,-0.13859205139417088
5647,-0.11405398602427334
5648,-0.11609059680537794
5649,-0.024354047220448347
5650,-0.05247881485140587
5651,-0.1316138907707527
5652,-0.003383290240789988
5653,0.02108852714558127
5654,-0.030859042821911223
5655,-0.03131385569313201
5656,-0.03131385569313201
5657,-0.08262626230085479
5658,-0.057185374384159146
5659,-0.04053557902385148
5660,-0.04135648922688714
5661,0.013269057411007952
5662,-0.052990727163221125
5663,-0.09351805115522414
5664,-0.16549307043733755
5665,-0.10783441891680733
5666,-0.04199936627046002
5667,-0.017386041284422577
5668,-0.05306785117182
5669,-0.1818412335827154
5670,-0.03272439906582568
5671,0.022946924948334797
5672,-0.05150903724045213
5673,-0.023515089224533336
5674,-0.06618985764121675
5675,-0.036303152159989034
5676,-0.02215581788271062
5677,-0.09045111396720104
5678,-0.1446799487435471
5679,-0.1886115252350487
5680,-0.06394667476053051
5681,-0.04907380566492574
5682,-0.07207486701862824
5683,-0.04203735432189907
5684,-0.02247418719033283
5685,-0.11785948286495747
5686,-0.04707372397301208
5687,-0.1012830332924982
5688,-0.05892139269308331
5689,-0.04272025617414503
5690,-0.09566434501650013
5691,-0.04046563623227506
5692,-0.11490918099972389
5693,-0.025220692836535556
5694,-0.05766677866469169
5695,0.00796762580379597
5696,-0.04798766869227074
5697,-0.155081431115008
5698,-0.12139830253167005
5699,-0.01757581494229548
5700,-0.1686372234928079
5701,-0.015427044535010556
5702,-0.13902952333173446
5703,-0.018006100899102716
5704,-0.010707870701973637
5705,-0.11743625123945037
5706,-0.13061781778462567
5707,-0.06475705348433063
5708,-0.13073939608589927
5709,-0.008801034975769964
5710,-0.04194585100808344
5711,-0.16722870925749317
5712,-0.038151603860650425
5713,-0.026567213812341523
5714,0.04201959565890206
5715,-0.027265682652179067
5716,-0.14101091305566577
5717,-0.0262831810789667
5718,-0.06441250319288631
5719,-0.030628920449982687
5720,-0.0929246210124439
5721,-0.09228877935192407
5722,-0.03542806484631815
5723,-0.006716352089075038
5724,-0.06181077911590665
5725,0.027178832475180475
5726,-0.022632607308723494
5727,0.014986067675292593
5728,-0.08588932687241807
5729,0.00674220635258469
5730,-0.01732563037862133
5731,-0.030873377358925657
5732,-0.03642161762986949
5733,0.06758642668850927
5734,-0.001690428444519904
5735,0.041640774185277146
5736,-0.08438398122222687
5737,-0.08236089221408707
5738,-0.10923376335695796
5739,-0.0799432651907277
5740,-0.03775979204338745
5741,-0.18790552562079574
5742,0.02448020321122836
5743,-0.1009835689289742
5744,-0.08204287805391837
5745,-0.03785432070185663
5746,-0.17508428871824325
5747,-0.057491491727469216
5748,-0.16448642514988046
5749,-0.019502654261610304
5750,-0.21888232829034535
5751,-0.09757368457953125
5752,-0.06692667248008709
5753,0.041639724709490844
5754,-0.19476923895427747
5755,-0.11696744530675779
5756,-0.11241505257538052
5757,-0.04075357998674426
5758,-0.060638781609936646
5759,-0.04080289645783428
5760,-0.03859035040704438
5761,0.005005966995501403
5762,-0.021295909228508658
5763,-0.05605445095370367
5764,-0.02598658961853553
5765,-0.05021843831959344
5766,-0.05618627645310267
5767,-0.026108109814299774
5768,-0.028169156764475536
5769,0.015370775370427641
5770,-0.009721552706063645
5771,-0.06293504833350248
5772,-0.024325780481578147
5773,0.011913817851060873
5774,-0.03597866018036881
5775,-0.01105166275527452
5776,0.018817557010824687
5777,0.022107808935456785
5778,-0.20953307738953497
5779,-0.040136846465820074
5780,0.015395744862122949
5781,-0.053382041507697896
5782,-0.05334634290533541
5783,0.033201623302245374
5784,-0.04657261815841731
5785,-0.04657261815841731
5786,0.023655467730549485
5787,-0.11224504528687977
5788,-0.19004323832320427
5789,-0.09958028972129129
5790,0.007677184782472048
5791,-0.19178397327461835
5792,0.01697753162097339
5793,-0.2072657528854779
5794,0.01573492789305921
5795,-0.03468199064926154
5796,-0.0356290873795691
5797,0.047373915786613305
5798,-0.04426976336220849
5799,-0.053760081902295566
5800,-0.056553638486072
5801,-0.030799624583456336
5802,-0.0648067327425518
5803,-0.10175313945637325
5804,-0.03306445945836357
5805,-0.07938958386858894
5806,-0.02618754987671343
5807,-0.132845028543655
5808,-0.09584267340664386
5809,-0.06049644908990692
5810,-0.01735085879195422
5811,0.033313249815590695
5812,-0.1205522265247819
5813,-0.12106229905156014
5814,-0.08375231601789154
5815,-0.1976549342448473
5816,-0.02556421124142642
5817,-0.17796510326575082
5818,-0.06102867533371942
5819,-0.07907597182786284
5820,-0.016052106451631788
5821,-0.05537495648804659
5822,-0.09227909868197953
5823,-0.1950821970924722
5824,-0.03673940579199372
5825,-0.04771211963407386
5826,-0.09665272670647176
5827,0.03339664157041736
5828,-0.10982919737020229
5829,-0.13602811736538914
5830,-0.17214935428363098
5831,-0.07891489169771207
5832,-0.014265288253017904
5833,-0.020454652227278214
5834,-0.07333212250465564
5835,-0.007101756209471007
5836,-0.11721252169027704
5837,-0.012248303007972174
5838,-0.05899291515795289
5839,-0.04750203153926778
5840,-0.09490363367553352
5841,-0.057670034232756046
5842,-0.10288241198735763
5843,-0.13924680724681127
5844,-0.1711266555819658
5845,-0.23365925599771573
5846,-0.04921774299427464
5847,-0.012585182081861051
5848,-0.018756470133183694
5849,-0.14058306832377446
5850,-0.01790741257943307
5851,-0.13497217303754316
5852,-0.1323493079979083
5853,-0.011342380928253242
5854,0.02483770249944537
5855,-0.0879730317239019
5856,-0.06352500435362965
5857,-0.08279904871310953
5858,-0.09896814555727097
5859,-0.10292511035978691
5860,-0.09087112164543429
5861,-0.07438273459382815
5862,-0.10933542091249591
5863,-0.014205513871414652
5864,0.012286030648025989
5865,0.0007350365672950969
5866,0.007045670073482928
5867,-0.0031974065276298112
5868,-0.03176339425448564
5869,-0.06229452161129025
5870,-0.09084535587756636
5871,-0.1791768272420515
5872,0.011263978440889513
5873,-0.1609513375318973
5874,-0.04013801783637342
5875,-0.09946500840551686
5876,-0.14814802071282787
5877,0.02539899063887636
5878,-0.02498815767666526
5879,-0.14201026268591183
5880,-0.06683388073143173
5881,0.02709019343306325
5882,0.012563950958379371
5883,0.07394878864584738
5884,-0.017937373427938174
5885,-0.21965544802648937
5886,-0.14840969958185612
5887,-0.15739349174165868
5888,-0.15736906877553616
5889,-0.13244720602018512
5890,-0.08667981232538467
5891,-0.022870555222336362
5892,-0.21689923030561548
5893,-0.07829426507800133
5894,-0.019641028135908376
5895,-0.013102892211037817
5896,-0.1589937137862539
5897,-0.09612697893530722
5898,0.05408742994052203
5899,-0.02031141688569436
5900,-0.08548192271458341
5901,-0.09397000571218331
5902,-0.0523028422423336
5903,-0.14738491841246734
5904,-0.14738491841246734
5905,0.012842329309317566
5906,-0.03440610727016922
5907,-0.02974947553084286
5908,-0.04257662831330298
5909,-0.12699862028900633
5910,-0.046333349208400494
5911,-0.021557407939367303
5912,-0.10699984013301266
5913,-0.16566453691387184
5914,-0.06649337377329419
5915,0.01173860933542095
5916,-0.04113262365109344
5917,-0.13159973753865814
5918,-0.14727593766736405
5919,-0.006730302863498657
5920,0.008970482900531266
5921,-0.057897031076394496
5922,-0.14232025073989107
5923,-0.02280066128228253
5924,0.042581239212959074
5925,-0.10674807450606831
5926,-0.1570010529458108
5927,-0.054181194735880914
5928,-0.13356129675559453
5929,-0.06856350470745898
5930,-0.10907463907467886
5931,-0.13244061093488313
5932,-0.11286048261358436
5933,-0.04842245775426177
5934,-0.13852663132712748
5935,-0.11593932046465226
5936,-0.11074441104510405
5937,-0.029241098826607047
5938,-0.15728531354288894
5939,-0.1565444813144451
5940,-0.013048100681372948
5941,-0.046630090987202895
5942,-0.002519826543012797
5943,-0.036894274797384025
5944,-0.036894274797384025
5945,-0.1753514610100728
5946,-0.13015296100075874
5947,-0.017827053901035263
5948,-0.14846017668436481
5949,-0.01096342998710261
5950,-0.11721681129182347
5951,-0.13540848829954694
5952,-0.04965571158940266
5953,0.005698786526179207
5954,-0.08016342698160603
5955,-0.044207526220637026
5956,-0.1705668006390303
5957,-0.013401261709218184
5958,-0.06128943346388606
5959,-0.16503399193996296
5960,-0.11036586997195079
5961,0.045710417987045435
5962,-0.1380600257120858
5963,-0.18245143437023661
5964,-0.04849902005426678
5965,-0.1202572266704508
5966,0.0003100284003431537
5967,-0.08207314175622851
5968,-0.1262889325341629
5969,-0.10249294979899219
5970,-0.03584140824760723
5971,-0.033777488596386705
5972,-0.007098981925598546
5973,-0.06621294320694486
5974,-0.17025299688175588
5975,-0.16625892271355489
5976,-0.09758201154449293
5977,-0.132091246054014
5978,-0.10892660248838823
5979,-0.08931826142823335
5980,-0.03645821451776991
5981,-0.04297167610546496
5982,-0.0716646939461842
5983,0.07213175588085238
5984,-0.120367336967149
5985,-0.10278332495571861
5986,-0.22148626612515604
5987,-0.22148626612515604
5988,-0.054997858980105764
5989,-0.12942510913669464
5990,-0.005293711124277977
5991,-0.04521642321826
5992,0.004956179450648473
5993,0.003947775226394442
5994,-0.0517855150238609
5995,-0.1967480029293478
5996,-0.14900213732777115
5997,-0.10553791866332117
5998,-0.09701114097358923
5999,-0.15789491508962783
6000,-0.04680009825178792
6001,-0.1553094934052067
6002,-0.060668513528369036
6003,-0.08744915382880468
6004,0.0854630035063207
6005,-0.11451367036210604
6006,-0.10426942841424792
6007,-0.16049560793854958
6008,-0.1101779910819606
6009,-0.1448319131087797
6010,-0.021236875050918647
6011,-0.0680923514515384
6012,-0.11725832622449259
6013,-0.010780915853368628
6014,-0.08841921842300098
6015,-0.0676671573855551
6016,-0.14666800575093
6017,0.012168990623161109
6018,-0.1216557459330711
6019,-0.17003438812478833
6020,-0.10016222877893842
6021,-0.023701420607240106
6022,-0.17584047096069974
6023,-0.06762953247653294
6024,-0.03122090853994181
6025,-0.029293788966479637
6026,-0.13329531654845922
6027,-0.06862891309063777
6028,0.02040151625943779
6029,-0.11480266424736872
6030,-0.11480266424736872
6031,-0.1913658218510961
6032,0.014718059440729011
6033,-0.0634297992988196
6034,0.02347038784726525
6035,-0.03104984700387899
6036,-0.08643126389218957
6037,-0.19551828214796535
6038,-0.13416079018705782
6039,-0.09590723148562182
6040,-0.088814395805073
6041,-0.04561931356371105
6042,-0.09253646005101189
6043,-0.12889214348573927
6044,-0.002553871626434996
6045,-0.07091226652181985
6046,-0.01823431018351522
6047,-0.05245479558892838
6048,-0.027053726746394766
6049,-0.07349390849325461
6050,0.0022579537526406794
6051,-0.19663929190339252
6052,-0.04987319565923087
6053,-0.06495303268719906
6054,-0.0880869931152199
6055,-0.28621824231743487
6056,-0.18604344710630052
6057,-0.14629222258044602
6058,-0.03719293807938941
6059,-0.03838595929474562
6060,-0.020544084141755636
6061,-0.09164413949351892
6062,-0.0442970723620278
6063,-0.026398311973164754
6064,-0.16224266244498395
6065,-0.16185683078770316
6066,-0.044343889574117
6067,-0.036193217595121195
6068,-0.10674792902548008
6069,-0.10591867839186257
6070,-0.1518955789798369
6071,-0.08709027307248553
6072,-0.17191072390897846
6073,-0.07655953282994003
6074,-0.0336246697933261
6075,-0.07838786166303639
6076,-0.03173241405638553
6077,-0.0038825154790245887
6078,-0.04522687538959634
6079,-0.16682686380806966
6080,-0.09627335674915757
6081,-0.04634755161008181
6082,-0.14507946753604353
6083,-0.1460189988383091
6084,-0.016591140529177716
6085,-0.09027107092959823
6086,-0.05190387559102683
6087,0.047021266293773255
6088,-0.08685823632414955
6089,0.05360377195450909
6090,-0.14778384335727787
6091,-0.060428008250498606
6092,-0.053244352285792426
6093,0.00871896472007397
6094,-0.049858344798357795
6095,-0.04317976313712374
6096,-0.13033467591473313
6097,-0.1544025627479743
6098,-0.007480417880678714
6099,-0.08222324764563897
6100,-0.15184760787664967
6101,-0.10278937440157894
6102,-0.02400475792754307
6103,-0.08668638964098814
6104,-0.03790157898179462
6105,-0.04821729614083306
6106,-0.10550485767373896
6107,-0.050620045173840014
6108,-0.1360871273958691
6109,-0.02872047126325625
6110,-0.1556813196722668
6111,-0.07832182612979056
6112,-0.1556813196722668
6113,-0.08928039004581483
6114,-0.1333844345538813
6115,-0.017729044810858297
6116,-0.16451257991881635
6117,-0.13776271937419227
6118,-0.10898147666411362
6119,-0.05964270541096644
6120,-0.061939959139735996
6121,-0.058465575032768224
6122,-0.037580829937983326
6123,-0.1058655494181313
6124,-0.04306856669254795
6125,-0.06420166993265329
6126,-0.061230281749434456
6127,-0.0549094443164082
6128,-0.06734244258779015
6129,-0.03199348403868749
6130,-0.036483539161414336
6131,-0.08053377942851168
6132,-0.11714315896813089
6133,-0.11011517271765098
6134,-0.08341551684768068
6135,-0.0453849430986979
6136,-0.11087135820311865
6137,-0.10524640667818227
6138,-0.07520668925867362
6139,-0.11259195855452926
6140,-0.22898069916156574
6141,-0.07030680108030121
6142,-0.15543750283765959
6143,-0.020130185680152828
6144,-0.03573801657795702
6145,-0.0064780821388925654
6146,-0.10949119478298615
6147,-0.06720496049775636
6148,0.012663825640820896
6149,-0.05711725565954594
6150,-0.006322409115779513
6151,-0.035762937509728164
6152,0.0046538263750437086
6153,-0.10402684629809297
6154,-0.09765176160256107
6155,-0.12006678772642815
6156,-0.06933531706101731
6157,-0.0777359354479332
6158,-0.06430317540235363
6159,-0.1303086310925656
6160,-0.11563198496443296
6161,0.014999748815130711
6162,-0.14629225630223577
6163,-0.06712364046492757
6164,-0.05872985386079426
6165,0.015246362885598193
6166,-0.09335639602274098
6167,-0.12290404154960376
6168,-0.14204341231171191
6169,-0.08119515849034903
6170,-0.10736185575834303
6171,-0.0698971367941729
6172,-0.10313220702885065
6173,0.00048447395076919706
6174,0.035691228271145715
6175,-0.15241327877888938
6176,-0.055053097861921495
6177,-0.12549937301608965
6178,-0.10330136805144073
6179,-0.09577186463278595
6180,-0.023006325882330828
6181,-0.14379783721984396
6182,-0.1139358693804219
6183,-0.02319460703638426
6184,-0.05802423027625649
6185,-0.09974279384379724
6186,-0.11328915679440443
6187,-0.10983162868810789
6188,-0.04864144203726147
6189,0.001910092549563454
6190,-0.07155527411024004
6191,0.01180225636164932
6192,-0.0753893790895242
6193,-0.105106860237714
6194,-0.10589130560336106
6195,-0.0782001263291925
6196,-0.12476885409047189
6197,-0.11218349659686172
6198,0.005185737684693098
6199,-0.09038663708261142
6200,-0.04138612240168676
6201,-0.12536735044121383
6202,-0.06952112032000797
6203,-0.11577325640226659
6204,-0.0967169192647313
6205,-0.07104750294759449
6206,-0.10254677781337541
6207,0.06650638252332856
6208,-0.0914666892708186
6209,-0.04259550426754463
6210,-0.03656444741634685
6211,-0.05441842567438876
6212,-0.02615237107846636
6213,-0.0755537529020584
6214,-0.04299371812378758
6215,-0.16095951457396973
6216,-0.04656339968339893
6217,-0.05129990936686704
6218,-0.05175753763022574
6219,-0.071075869244227
6220,-0.056118431304950166
6221,-0.13636345827039703
6222,-0.07767002131829667
6223,-0.005678422479421576
6224,-0.11807996447726073
6225,-0.09984225177330935
6226,0.032303655521377324
6227,-0.02860047902820034
6228,-0.15286311990050225
6229,-0.09704622313405831
6230,0.06571246054592764
6231,-0.07935219908349475
6232,-0.027797930508061643
6233,-0.0142034967638102
6234,-0.08002636540150383
6235,0.04784791608438413
6236,-0.013906010482160844
6237,0.004959947355023251
6238,-0.04872466499679525
6239,-0.12561182416942898
6240,-0.024035767870227525
6241,-0.06872544397448521
6242,0.0030818952097998752
6243,-0.024129646180475302
6244,-0.09613848582730342
6245,-0.1462030556968947
6246,-0.14471022402349623
6247,0.05597291154828458
6248,-0.0643992426201421
6249,-0.05304206613677125
6250,-0.04884512918513689
6251,-0.143620501212163
6252,-0.026207545741263938
6253,-0.04466381886178427
6254,0.0008379451776551649
6255,0.0008379451776551649
6256,-0.04530564810224939
6257,0.06400204696755138
6258,-0.10244944310630262
6259,-0.09375091005880656
6260,-0.049916310332968575
6261,-0.10675885386523215
6262,-0.003693177747579289
6263,-0.04349751785939797
6264,-0.0505556023111732
6265,-0.005717358271965094
6266,-0.10782177974187117
6267,-0.030912254756426154
6268,-0.025478184702259543
6269,-0.1330741150153746
6270,-0.03751284658424002
6271,-0.039261889129832035
6272,-0.03198327821921076
6273,-0.05823665971556407
6274,-0.03986705750691028
6275,-0.04371458719207387
6276,-0.023027064621500747
6277,-0.06670224015548448
6278,-0.09054507437049433
6279,-0.06369196587953055
6280,-0.04766769501571664
6281,-0.009371183432251969
6282,-0.0655903518250725
6283,0.0010056036175689145
6284,-0.049683228857467
6285,-0.1407936801732328
6286,-0.14576375417616294
6287,-0.02037965050575274
6288,-0.0804286112645413
6289,-0.0724719240559699
6290,-0.08954116135248938
6291,-0.07483332581655441
6292,-0.1490175043827679
6293,-0.013488556517384457
6294,-0.18298639000237216
6295,-0.07022171625125578
6296,0.017842002670323414
6297,-0.03335138587325118
6298,-0.12531268388485078
6299,-0.03147464707387575
6300,-0.034907800185697946
6301,-0.04059973251414374
6302,-0.053245717250748864
6303,-0.03741797506014872
6304,-0.13298364846163968
6305,-0.053431596363377125
6306,-0.1627587285026199
6307,-0.07262210127666498
6308,-0.10101701432931692
6309,-0.04674693137571618
6310,-0.13395065843521262
6311,0.0001704207431134222
6312,-0.032019846553620855
6313,-0.14324265888733242
6314,-0.05530608911606773
6315,-0.14857570897309388
6316,-0.09362033076848343
6317,-0.053336512395103584
6318,-0.09738465489521414
6319,-0.022374841539549523
6320,-0.13730707962194955
6321,-0.02571995391506602
6322,0.06339048225888497
6323,-0.05653699566880596
6324,-0.02314753562031875
6325,-0.15626352526849818
6326,0.05295321068507977
6327,-0.0876028255540069
6328,-0.10714062215590699
6329,-0.02286482937933931
6330,-0.04704051530213418
6331,-0.10234580242783416
6332,-0.08543892467420787
6333,-0.09748031465435626
6334,-0.027841375947519675
6335,-0.10924590900544195
6336,0.026865263967741363
6337,-0.12121923045549583
6338,-0.04534305125199162
6339,0.014622842676166493
6340,-0.012128563288895926
6341,-0.10734820355791139
6342,-0.13673671577555935
6343,-0.07293931777124274
6344,-0.014668832524363701
6345,-0.032892853706494606
6346,0.010053640852406521
6347,-0.047330545789919326
6348,-0.06822636722190491
6349,-0.026545269704495923
6350,-0.026545269704495923
6351,-0.14783438704289004
6352,-0.0010614136374036368
6353,-0.0014135481606693879
6354,0.014963259262927993
6355,-0.004267396485819551
6356,-0.05333250810064697
6357,-0.02884915148635276
6358,-0.08098804048054255
6359,-0.09299393675300506
6360,-0.0325314910200386
6361,-0.11101319957361208
6362,-0.015884276390604406
6363,-0.07013395227497962
6364,-0.01484240936517133
6365,-0.1384128992139581
6366,0.04466386205925032
6367,-0.03949183082392616
6368,-0.09590834864320748
6369,-0.13600097202836064
6370,-0.03802331524046664
6371,0.02231936854451283
6372,0.021122778733698753
6373,-0.2369702708234294
6374,-0.16983909018256654
6375,-0.1542633130293397
6376,0.04108290059108603
6377,0.0213666126782467
6378,-0.16973623737338475
6379,-0.05599965786779223
6380,-0.013007930315749615
6381,-0.13123863503615996
6382,0.017548343333469867
6383,0.016415117049761438
6384,-0.16936983059361913
6385,-0.035958558907406735
6386,-0.08467260413177059
6387,-0.023690427339601368
6388,-0.05193169489515594
6389,-0.027020104509473404
6390,-0.1662366655523735
6391,-0.16205340275309127
6392,-0.018483661071764034
6393,-0.0100972944820207
6394,-0.024549219307749427
6395,-0.12597731338368545
6396,-0.182836952967568
6397,-0.06251315983852847
6398,-0.07386157652475363
6399,-0.018339412381541593
6400,-0.036465659472609144
6401,-0.18963472645989013
6402,-0.09260397423641341
6403,0.0009531769603681296
6404,-0.0717976854928165
6405,-0.18174738395740966
6406,-0.1878557953151534
6407,-0.07339489620680183
6408,-0.04029665579022628
6409,-0.027439229438380435
6410,-0.0006175619695179257
6411,-0.028703093604112703
6412,-0.008653104111686192
6413,-0.10359699563745065
6414,-0.05507583890827289
6415,-0.009162495751729137
6416,-0.048192955475779946
6417,-0.0032918688998341407
6418,-0.04828256771168093
6419,-0.18278891447355522
6420,-0.04908043226150116
6421,-0.09238977373966085
6422,-0.054437449097602376
6423,-0.05702249104784629
6424,-0.16443203246808313
6425,0.011249197916259978
6426,-0.030984912453488084
6427,-0.11506854501905946
6428,-0.02694195427300883
6429,-0.06780477535562528
6430,-0.0601747502860717
6431,-0.0601747502860717
6432,-0.03529646410509702
6433,-0.12618262668295416
6434,-0.1862331533517262
6435,-0.08518058740006403
6436,-0.0975387935567526
6437,-0.1281009331696552
6438,-0.06757936940171781
6439,-0.09217628745500674
6440,-0.06451790084691471
6441,-0.028918041948719973
6442,-0.17884767787785852
6443,-0.041423048464903287
6444,-0.03676307919719832
6445,-0.02939340244923933
6446,-0.014610791805186174
6447,-0.15727599014176893
6448,-0.21711073861288907
6449,0.02655970683247632
6450,-0.11349521838728345
6451,-0.07685568229355952
6452,-0.04502122362184476
6453,-0.05644220313004396
6454,-0.19449482427894113
6455,-0.01711771649352597
6456,0.005764690049753289
6457,-0.03933665429467603
6458,-0.05443071837940449
6459,0.012764610138422292
6460,-0.03960463431707845
6461,-0.09930827859948167
6462,-0.08519759922117337
6463,-0.10581149254208093
6464,-0.05741679151168198
6465,-0.11451607544770706
6466,-0.05001792738996073
6467,-0.11537259183837897
6468,-0.04266357013598404
6469,-0.09041977377582822
6470,-0.03537661409956047
6471,-0.2053740076512211
6472,0.017133180083631256
6473,-0.04824484734387478
6474,-0.18641628732760726
6475,-0.042150225005590077
6476,-0.0425045293696981
6477,-0.056203253357566055
6478,-0.006917755418351275
6479,-0.02143696955340329
6480,0.011136065680798937
6481,-0.13919849501016698
6482,-0.08897837231568538
6483,-0.08603302846616398
6484,-0.008584432511759789
6485,-0.10343269758793186
6486,-0.1927971402551965
6487,-0.05716432518051386
6488,-0.003289550320658946
6489,-0.09393972393167699
6490,-0.21423804095689827
6491,-0.0670069628277187
6492,-0.21420164050983861
6493,0.013412115353223748
6494,0.014231152278936425
6495,-0.20699601012209
6496,-0.19227712900016353
6497,-0.10496886147029727
6498,-0.06007964494150676
6499,0.016169961194482465
6500,-0.17541882038076737
6501,-0.09119603721850277
6502,-0.05756444512907152
6503,-0.010151699450973363
6504,-0.041901718382394725
6505,-0.17018320333045597
6506,-0.03674063580535286
6507,-0.019776518092242543
6508,-0.1755352988471902
6509,-0.10196700193545506
6510,-0.016836985829047066
6511,0.004772649458326193
6512,-0.05750579448154938
6513,0.010820563092569046
6514,-0.07014850079843969
6515,-0.08739714993819836
6516,-0.0498948397560329
6517,-0.05275278690520991
6518,-0.020445873623151933
6519,-0.15579818613731933
6520,-0.05067323404086054
6521,-0.07044317059692583
6522,-0.15378872471050925
6523,-0.05401399331250334
6524,-0.18146297245150653
6525,-0.19877605725997655
6526,-0.07894160135946247
6527,-0.04592078809297112
6528,-0.06614122166215285
6529,-0.09287687087559739
6530,-0.20373978964094946
6531,-0.03981090185858451
6532,-0.02796496596849595
6533,-0.07995362311187547
6534,-0.08067958051744589
6535,-0.1933635037416708
6536,-0.03018743951513549
6537,-0.08650226347505224
6538,-0.088358235546536
6539,-0.08656952261711856
6540,-0.20525825501681896
6541,-0.09802404534682409
6542,0.0025081719641265564
6543,0.056095293948235626
6544,-0.06826621914610684
6545,-0.08716667996918362
6546,-0.11326476972923545
6547,-0.05521596017528184
6548,-0.1782664326427357
6549,-0.10040080228496953
6550,-0.016663572681347456
6551,-0.0675498608335343
6552,0.02877662749014314
6553,-0.039391000053523695
6554,-0.029850195813670932
6555,-0.012847831550160513
6556,-0.11289349690835762
6557,-0.016627146201616726
6558,-0.03150748622910663
6559,-0.0546231703022458
6560,-0.057069943434333165
6561,-0.09931006268299097
6562,-0.02755614885640462
6563,-0.07179738116217288
6564,-0.03894379868944529
6565,0.061487798951413535
6566,-0.062002008585774385
6567,-0.1280335476573617
6568,-0.0433052925894978
6569,-0.029827790218319467
6570,-0.00556330703274851
6571,-0.12748799128279614
6572,-0.11470206510712645
6573,-0.04753563820451995
6574,-0.12608554238915406
6575,-0.013488277695967287
6576,-0.07069887829998214
6577,-0.12698533538927018
6578,-0.15688007878425186
6579,-0.06096504784919626
6580,-0.16871074868020533
6581,-0.07179484198333634
6582,-0.030941356879719373
6583,-0.05754234360792919
6584,-0.08338174670317836
6585,-0.0665596128486631
6586,-0.0519768803443609
6587,-0.024427081151716913
6588,-0.0670529495089339
6589,-0.1338339676974723
6590,-0.0309138920439577
6591,-0.13868896503678102
6592,-0.09561794692966104
6593,-0.054029542167679655
6594,-0.06532220329618096
6595,-0.09250260084384042
6596,-0.09250260084384042
6597,-0.08622197260972746
6598,-0.027701233164892
6599,-0.1608358983627837
6600,-0.03223562384906631
6601,-0.0617458746443997
6602,-0.1625174614976658
6603,-0.03945040431893718
6604,-0.04212688858059807
6605,-0.07287647873677569
6606,-0.0442175697784033
6607,-0.06858993644627503
6608,-0.09419835449709762
6609,-0.17051830203232665
6610,-0.052946523298521966
6611,-0.060450071737754484
6612,0.00213985292529786
6613,-0.011941747328741398
6614,-0.1013249290304623
6615,-0.04410217821781312
6616,0.020708136211397693
6617,-0.1558595020969034
6618,-0.0943393232758469
6619,-0.0719944786175028
6620,-0.03266056288808563
6621,-0.06727198684985883
6622,-0.06963675526064651
6623,-0.07758546115965156
6624,-0.01398486313459732
6625,-0.07956142095612331
6626,-0.07708186457821518
6627,-0.05205692915668282
6628,-0.047140418699841376
6629,-0.04935673970845047
6630,-0.04935673970845047
6631,-0.07887062825058322
6632,-0.011932818285333921
6633,-0.06314300993208716
6634,-0.14934317330132887
6635,0.04787783178202643
6636,-0.05606910970359963
6637,-0.006803912507189196
6638,-0.09056864370648782
6639,-0.03521267773841148
6640,-0.05412196719631763
6641,-0.14170197338501497
6642,-0.18199290260802095
6643,-0.06745592986211477
6644,-0.03990779939816843
6645,-0.04543565655196076
6646,-0.07693350827128902
6647,-0.1503572474849022
6648,-0.0724776727598489
6649,-0.07232326961844542
6650,-0.10520736468998473
6651,-0.06771463976550625
6652,-0.13871070355310122
6653,-0.06063948550260051
6654,-0.168310300391591
6655,-0.15320527473615267
6656,-0.052450320589898417
6657,-0.08136384220569454
6658,-0.08120548138089673
6659,-0.05185740435152233
6660,-0.13456696569365015
6661,-0.05144939328732052
6662,-0.08750095155275783
6663,-0.10100953602062326
6664,-0.09386005376019634
6665,-0.010511384235404514
6666,-0.132208470512747
6667,-0.030343168770839635
6668,-0.1351927056161498
6669,-0.07126925745983782
6670,-0.1263549605068529
6671,-0.08086957230094113
6672,-0.18148599961120004
6673,-0.033275713871772236
6674,-0.08684003613936737
6675,-0.05382282979468954
6676,-0.05734860353408775
6677,-0.08537128743603177
6678,-0.1246464866291074
6679,-0.07753387899473464
6680,-0.02142519231894887
6681,-0.07661552628182926
6682,-0.15946059967976778
6683,-0.11054963450709697
6684,-0.06538615669408698
6685,-0.08707745313723098
6686,-0.16457805996337907
6687,-0.12801748171417038
6688,-0.1099826059784785
6689,-0.1092899760017
6690,-0.11836037425425755
6691,-0.0035268144968772217
6692,-0.09177173348702206
6693,-0.19196371488194564
6694,-0.19196371488194564
6695,-0.08507928228433077
6696,-0.036055061860479035
6697,-0.07904966465697252
6698,-0.06679385204936183
6699,-0.12039177290848552
6700,-0.045616228998272584
6701,0.014173315584873308
6702,-0.06591761772176548
6703,-0.10630164925560485
6704,-0.19253025374620453
6705,-0.12666648589940524
6706,-0.03051846730158159
6707,-0.08652413555035195
6708,-0.19481003572157024
6709,-0.014360019184151805
6710,-0.03423508402464294
6711,-0.06889591237729041
6712,-0.10173796601801069
6713,-0.040322185417375346
6714,-0.05215595438941841
6715,-0.10104303116590255
6716,-0.1280764846571022
6717,-0.09147038177602948
6718,-0.09441030366172744
6719,-0.09988518650064353
6720,-0.050508518356516915
6721,-0.059407712899271624
6722,-0.01550618317498336
6723,-0.1060885075738493
6724,-0.07520615779802045
6725,-0.028450955546154025
6726,-0.07395669648240022
6727,-0.16758586870814354
6728,-0.02095639243810716
6729,-0.08081357888102529
6730,-0.0957987145943423
6731,-0.051956799729620244
6732,-0.11199670747491729
6733,-0.0859171744873934
6734,-0.08269658881472088
6735,-0.03507623381311862
6736,-0.05025719916154252
6737,-0.17325988088913924
6738,-0.17325988088913924
6739,-0.0932314665458065
6740,-0.030134491251083164
6741,-0.11497988401213838
6742,-0.11500067532370999
6743,-0.1365260604007511
6744,-0.07851340942417873
6745,-0.09189907625614178
6746,-0.1145840343990861
6747,-0.09719832000315076
6748,-0.039769830129305336
6749,-0.11802269251801024
6750,-0.07732062963722823
6751,-0.08713349081611754
6752,-0.17531852962521058
6753,0.027933569038590775
6754,-0.045897664579311194
6755,-0.12847732607719933
6756,-0.1349686949943046
6757,-0.08038470582605732
6758,-0.08624400441062086
6759,-0.029851135072543
6760,-0.04496700848970966
6761,-0.09202540674257256
6762,-0.0875798140730509
6763,-0.12074121878018072
6764,-0.15238319895973385
6765,-0.12120712004312248
6766,-0.13106453337980015
6767,-0.15828642893125394
6768,-0.030348290458937447
6769,-0.053750309800398875
6770,-0.09830636014231968
6771,-0.1047255387506602
6772,-0.12226921845605541
6773,-0.10691769071383972
6774,-0.12909837117111053
6775,-0.07542820581723711
6776,-0.06226731385071687
6777,-0.1327607540189611
6778,-0.036142375555466226
6779,-0.09993271184458381
6780,-0.0090607905033589
6781,-0.09373596225285169
6782,-0.06327757419243232
6783,-0.09030143897920291
6784,-0.09030143897920291
6785,-0.09536043381454323
6786,-0.12191355768327845
6787,-0.142287610246053
6788,-0.059972034552050156
6789,-0.06247497360522631
6790,-0.059274300165139696
6791,-0.09528151616388222
6792,-0.1379029648867883
6793,-0.04879273773701317
6794,-0.06730363148124092
6795,-0.08757359746212322
6796,-0.1355014894663909
6797,-0.05089371817595082
6798,-0.1279852414327333
6799,-0.13838591989627802
6800,-0.02355947160072756
6801,0.1126609962146509
6802,-0.047522837448722655
6803,-0.07781322312243681
6804,-0.1646985048985315
6805,-0.13852564207788717
6806,-0.09251467399494435
6807,-0.0725035862714793
6808,-0.11315596621189025
6809,-0.11184638307303392
6810,-0.09838758379616817
6811,-0.04172997018235518
6812,-0.04513189064622468
6813,-0.04584183471764285
6814,-0.0751441066376659
6815,-0.09162185878117972
6816,-0.12169811711369699
6817,-0.11713889140612718
6818,-0.11771233642232296
6819,-0.19682844717892167
6820,-0.13999717597146277
6821,-0.049164644351090324
6822,-0.10182397346863875
6823,-0.07205670450026704
6824,-0.13986281384467697
6825,-0.07770260434400947
6826,-0.046517324209510345
6827,-0.19388605578033807
6828,-0.1200312199987026
6829,-0.08969879034490828
6830,-0.13835172104536164
6831,-0.1755771432658668
6832,-0.04616578904089489
6833,-0.055190521847772615
6834,-0.18490154258097702
6835,-0.1701957467000432
6836,-0.12164421008402893
6837,-0.1324822084342888
6838,-0.03658251494814813
6839,-0.06434793881094888
6840,-0.13481733243942476
6841,-0.17234256687655583
6842,-0.05196750860651543
6843,-0.14647971258683345
6844,-0.04437294366634222
6845,-0.031195745875921096
6846,-0.06508364943287885
6847,-0.027250130734915605
6848,-0.07540602086987619
6849,-0.05397869304047083
6850,-0.062132044816754155
6851,-0.10203953713474308
6852,-0.053493135627546116
6853,-0.12545521577866278
6854,-0.11622870248917544
6855,-0.09416767353230888
6856,-0.1270293882024785
6857,-0.06542350803014962
6858,-0.12117515817132478
6859,-0.038455307557055556
6860,-0.13251416860238688
6861,-0.027145150632335073
6862,-0.12900447071124418
6863,-0.10102997375854836
6864,-0.0299039042621333
6865,-0.13884963440932885
6866,-0.1342740812841562
6867,-0.1184965707275135
6868,-0.05810565845898156
6869,-0.0788378154398058
6870,-0.19132777018960287
6871,-0.14426850723289372
6872,-0.12249460546791496
6873,-0.06536185055449983
6874,-0.11182988690470738
6875,-0.1266730871472385
6876,-0.01780475428549898
6877,-0.11886296212746449
6878,-0.11602741106067811
6879,-0.09818837202755316
6880,-0.12533195856564464
6881,-0.12223560004543041
6882,-0.20371698959454185
6883,-0.10678766310222307
6884,-0.11054808943375098
6885,-0.04652905536602347
6886,-0.07881701826688393
6887,0.007894518975205893
6888,-0.11909992598649087
6889,-0.0180772481857982
6890,-0.09257971356477551
6891,-0.03747201474152555
6892,-0.12399119436435038
6893,-0.19646131176465229
6894,-0.032262607632642326
6895,-0.11016323590066555
6896,-0.09481427363952645
6897,-0.03578016320743927
6898,-0.06602779863407272
6899,-0.1687410286320972
6900,-0.12927785025391478
6901,-0.1291809754295423
6902,-0.08233344312542144
6903,0.03250475479430317
6904,-0.0927614128448463
6905,-0.0758005547432078
6906,-0.01982724162380479
6907,0.03425349081337842
6908,-0.04297609623155824
6909,-0.03438346351235819
6910,-0.15172904031787154
6911,0.02510614656255968
6912,-0.1671289187087852
6913,-0.07232505710804189
6914,-0.050909510697467956
6915,0.011951355781783348
6916,-0.0505750510321389
6917,-0.10628681258299981
6918,-0.044536785434249895
6919,-0.07416206539145491
6920,0.0032048182364325423
6921,0.0044764574315431386
6922,0.0037695583224284486
6923,-0.16027195824410959
6924,0.02552349116669622
6925,-0.03756805629419126
6926,-0.04912912559690161
6927,-0.07429285820612753
6928,-0.13669407156913943
6929,0.017385900063036672
6930,-0.06274764979978509
6931,-0.06464974581424879
6932,-0.1316041879736409
6933,-0.09059396760802071
6934,0.02614231283314881
6935,0.01713075726780507
6936,-0.11693902794945348
6937,-0.0030692755351738993
6938,-0.03065861724519822
6939,0.003794612600987843
6940,-0.130628078259899
6941,-0.06723727178256247
6942,-0.0115179825897254
6943,-0.07747427654211671
6944,0.027032170445875844
6945,-0.023518393153927643
6946,-0.04288030954742107
6947,-0.08860358990846774
6948,-0.1471927613546877
6949,-0.15412588929853976
6950,-0.15412588929853976
6951,-0.14666627211238514
6952,0.03285633737388483
6953,-0.0362603859002582
6954,-0.15308205398954972
6955,-0.04509911492426775
6956,-0.06377525590120546
6957,-0.041851906773185274
6958,0.007424767762772392
6959,-0.021956293964335686
6960,-0.09599912984960736
6961,-0.06860251030380025
6962,-0.00767796735103633
6963,0.018950836376109354
6964,0.015846387913438644
6965,-0.07943062791178662
6966,0.010555810381593152
6967,-0.17288367874066402
6968,-0.14219884087895446
6969,0.0035283445717325494
6970,-0.04518455328234341
6971,0.04018713224030951
6972,-0.08318621949216937
6973,0.020537343656865627
6974,-0.09955283424208956
6975,-0.07931340751576849
6976,-0.07350226096823609
6977,-0.15210879245233125
6978,-0.07855602854451757
6979,-0.03444965485980334
6980,-0.0025305007413681
6981,-0.07472405943271015
6982,-0.011102349935804839
6983,0.002512852376946413
6984,-0.0393828298998188
6985,-0.031145240825313166
6986,-0.12716649513661302
6987,-0.009188801574623328
6988,-0.036751944758476575
6989,-0.09180217234251725
6990,-0.09180217234251725
6991,-0.16162567118991533
6992,-0.11082369967643797
6993,-0.08915961568807368
6994,-0.15120007127481175
6995,-0.09392263482590471
6996,-0.06513233767410344
6997,-0.043897879545555206
6998,0.017583232164310826
6999,-0.08246071980410705
7000,-0.031806474267777426
7001,-0.10799378063499168
7002,-0.08049392965174258
7003,-0.07453281819033279
7004,-0.06622771025134044
7005,-0.07450957704261675
7006,-0.02379480153078912
7007,-0.15049618496809006
7008,-0.07534834978647689
7009,-0.09677685656849767
7010,-0.13211119670538737
7011,-0.1273415938332691
7012,0.030335224476849616
7013,-0.0667413152915598
7014,-0.06967310269089895
7015,-0.09161176150736718
7016,-0.185868654955083
7017,-0.01301122548202817
7018,-0.025902828970580723
7019,0.06543211544437764
7020,-0.07424642364214275
7021,-0.06307111673996267
7022,-0.07129000842453809
7023,0.03435766944696253
7024,-0.08045508578223151
7025,-0.05320491591638688
7026,0.033113147641656
7027,-0.10870401207028417
7028,-0.10870401207028417
7029,-0.06668054767312336
7030,-0.017699896280026488
7031,-0.07319494207927507
7032,-0.01176059110106758
7033,-0.12786964559896435
7034,-0.011865138198200374
7035,-0.06439958356042175
7036,0.031133867994209384
7037,0.00788397025393516
7038,-0.05657294658384202
7039,-0.051146833605695115
7040,-0.05339569565735377
7041,-0.056055273933274606
7042,-0.06198366043290044
7043,-0.06123126701089119
7044,-0.012860747699025886
7045,-0.035807723119735464
7046,0.023391533194799776
7047,-0.060956915653437596
7048,-0.03101129569702002
7049,-0.06914929311243681
7050,-0.11348710300365614
7051,-0.13774987967036206
7052,-0.08527506808040822
7053,-0.04502708562770017
7054,-0.14008307085035038
7055,-0.09431515971142618
7056,-0.06592660284572069
7057,-0.10856445577014266
7058,-0.08774414322898319
7059,-0.0061289125591786385
7060,-0.07483038935948765
7061,-0.04785638559222933
7062,-0.004965207778295662
7063,-0.018987008582044725
7064,-0.02721587351780102
7065,-0.04153674224369866
7066,-0.0198255108252293
7067,-0.022609041912152156
7068,-0.12165989410939981
7069,-0.0372108594592897
7070,0.007222687662669684
7071,-0.055216093565932226
7072,-0.03776146547860128
7073,-0.16738666338782623
7074,-0.03675055004611404
7075,-0.03675055004611404
7076,-0.07019324431533581
7077,0.051570265112420216
7078,-0.10850546115640157
7079,-0.066574993565856
7080,-0.0821665419023772
7081,-0.09689027902419925
7082,-0.11915996537837639
7083,-0.10473689241704036
7084,-0.11045289657900266
7085,-0.01773560736659492
7086,-0.08264117162237089
7087,-0.041765682913972646
7088,-0.03955845798018489
7089,-0.052429867036051486
7090,-0.10921307479911795
7091,-0.04557909912711264
7092,-0.023745626912925883
7093,-0.1266743485624002
7094,-0.0411807967420248
7095,-0.060843840728466346
7096,-0.05657416171361343
7097,-0.07913962154379656
7098,-0.06776024122407756
7099,-0.11216004052283003
7100,-0.08633403435193936
7101,-0.0823687212268053
7102,-0.05516225366033716
7103,-0.06948372570786111
7104,-0.07256821988640476
7105,0.003945713569044687
7106,-0.03552435562311903
7107,-0.03246001354540146
7108,-0.15532173708411134
7109,-0.06374083466474151
7110,-0.04391694229292561
7111,-0.10275083088074048
7112,0.04551870194192008
7113,-0.049679337749294034
7114,-0.13282420963533187
7115,-0.03576379673419377
7116,-0.004484930620740914
7117,-0.07260376720099423
7118,-0.027203805201401147
7119,-0.10534924103153356
7120,-0.0569670512743726
7121,-0.02314306132507516
7122,-0.06761250050139973
7123,-0.01180602478653714
7124,-0.10874892980709015
7125,-0.012369223927657196
7126,-0.06705997212490479
7127,-0.023395960135551706
7128,0.07015482047319237
7129,-0.12003809507632099
7130,-0.016930872713223074
7131,0.07094627116782291
7132,-0.07141436092562636
7133,-0.08442147355043259
7134,-0.08553884282884705
7135,-0.06064824756291014
7136,-0.1779125345198019
7137,-0.02779407626273123
7138,-0.07011482013297693
7139,-0.08017135711946269
7140,-0.11342319057669341
7141,0.04045434780761845
7142,-0.07041015006507675
7143,-0.003696812034159641
7144,0.07453197889169509
7145,-0.039222360749955124
7146,0.026378496981727312
7147,-0.027426742356984203
7148,-0.033157416821739304
7149,-0.06128000340511392
7150,0.022725885104307904
7151,-0.13462545863207862
7152,-0.0731437177579376
7153,-0.014513907704482142
7154,-0.03611186606410676
7155,-0.04913475755092717
7156,-0.014018324741112493
7157,0.04688389057857918
7158,-0.17034281956255223
7159,-0.10251023651717522
7160,-0.10251023651717522
7161,-0.01919184250290227
7162,-0.09666863631054964
7163,-0.11143834566355956
7164,-0.02997951880752947
7165,-0.018557048201070778
7166,-0.11100482655653021
7167,0.02657597592558282
7168,-0.12470265921554613
7169,-0.03502709942203872
7170,-0.018609299746443857
7171,-0.007087320441389985
7172,0.0347361061513455
7173,-0.08015352315645223
7174,-0.15915178530337368
7175,-0.06165598916874742
7176,-0.0849404963800501
7177,-0.0005240856751832662
7178,-0.06211856848764582
7179,-0.12424725887493078
7180,0.07630861304802258
7181,-0.13759036121264487
7182,-0.005526960202912267
7183,-0.08825012702672336
7184,-0.1106858222424412
7185,-0.029462766725218532
7186,-0.016146116825615238
7187,-0.0007722094807466252
7188,-0.08485187768887699
7189,-0.1548693669996902
7190,-0.07846495593678252
7191,-0.04667666503430489
7192,0.08431451562459835
7193,-0.010674995922522934
7194,-0.05144779059381263
7195,-0.029975706808071715
7196,-0.015748476563261775
7197,-0.04915938626008791
7198,-0.06070745540582296
7199,-0.16399222622632034
7200,-0.04718975864830103
7201,-0.09682785079192333
7202,-0.004265986207037483
7203,0.07944258460335252
7204,0.05311116888923015
7205,-0.0553343549565718
7206,-0.018952499646264075
7207,-0.08114870775829915
7208,-0.20610625988269557
7209,0.010979034931153672
7210,0.08328816443570533
7211,-0.1275187602967371
7212,-0.006216731304767656
7213,-0.06556656160674872
7214,-0.05772559488641986
7215,0.0077094360710219705
7216,-0.03652652712103276
7217,-0.0008145679938412914
7218,-0.07347748261204223
7219,-0.021644914922441204
7220,-0.047210683959929466
7221,-0.19939090529602382
7222,-0.10460103143437977
7223,-0.1002674821994101
7224,-0.007753615977508951
7225,-0.1941436558809526
7226,-0.0589367367060528
7227,-0.05521757170437596
7228,0.06533040529081853
7229,-0.10664039455675259
7230,-0.004553630711860127
7231,-0.10899081534434844
7232,-0.1921084736612378
7233,-0.08979883224583292
7234,-0.04769040186521206
7235,-0.19279314972451264
7236,-0.06528356738921313
7237,-0.018712262589770837
7238,-0.009552615122278707
7239,-0.015249282753602354
7240,-0.08286949958283817
7241,-0.16613334513704717
7242,-0.02384381434276017
7243,0.0011251187144138415
7244,-0.07679785734916417
7245,-0.22539983832705787
7246,-0.11009571643972997
7247,0.003137655228904718
7248,-0.10622931523282331
7249,-0.14523441559406386
7250,-0.11266931452121877
7251,0.042338681404962976
7252,0.08438237557682635
7253,0.004186630422085248
7254,-0.09668652765311833
7255,-0.04729586704387268
7256,-0.21265502929531582
7257,-0.03207486976451525
7258,-0.06025770988687215
7259,-0.11642465321570876
7260,-0.06992534304574657
7261,-0.2221493258969657
7262,-0.08397525955472608
7263,-0.07160355139586709
7264,0.02329271173698149
7265,-0.15598048318220756
7266,0.058015540203103136
7267,-0.10583035473472563
7268,-0.23222039515380935
7269,-0.11290597345378131
7270,0.0162414696185743
7271,0.03142755265415482
7272,-0.022094632574106838
7273,-0.22514370177390086
7274,-0.021151611028999064
7275,-0.055344392349291095
7276,-0.060471422947750514
7277,-0.22292490073182394
7278,0.0053186298383007405
7279,-0.21608791996716825
7280,0.016873814269200354
7281,-0.13246967908259216
7282,0.051766452851697405
7283,-0.2222767742464135
7284,-0.14483849077832192
7285,-0.024433723858290596
7286,-0.06687092737052597
7287,-0.007291832540038207
7288,0.015633885371455523
7289,-0.2028073221764801
7290,0.017755016438836077
7291,-0.22378724275279402
7292,-0.011790351595041453
7293,0.06628569341789095
7294,-0.11571287612345887
7295,0.04334610622887426
7296,-0.13278169693681416
7297,-0.03626031872462592
7298,-0.057893309366867235
7299,-0.03501917774910087
7300,-0.04804808985637364
7301,-0.10855217893171273
7302,-0.09209435451393837
7303,-0.04400895741278594
7304,-0.058047443826367104
7305,-0.10876123860476461
7306,0.033605282616588676
7307,-0.11598823429942014
7308,-0.06731817573819687
7309,-0.07828241401709941
7310,-0.0957259297861425
7311,-0.13685521971188627
7312,-0.08199619273421402
7313,-0.10974484849883415
7314,-0.007699350689327592
7315,-0.05879952489353802
7316,-0.07598674808304866
7317,-0.05027324943301123
7318,-0.07715701372675184
7319,-0.10919273301998954
7320,-0.011603746593198759
7321,-0.04918137633532043
7322,-0.030043815413707913
7323,-0.10787065327049357
7324,-0.029207911242753487
7325,-0.0852187931782028
7326,-0.11193140924896426
7327,-0.03895795859595296
7328,-0.03406967365486672
7329,-0.05110804671023549
7330,-0.029155974767743082
7331,0.01698363988192482
7332,-0.019022949874884443
7333,-0.07192468184475256
7334,-0.15669078333764044
7335,-0.21502012809300214
7336,-0.03916111547258164
7337,-0.065602614111635
7338,-0.02023153182082318
7339,-0.12332166123862126
7340,-0.1198010094026729
7341,-0.09575857910542568
7342,-0.060150576917098054
7343,0.045813423072360165
7344,-0.08195443319220609
7345,-0.06096790611957151
7346,-0.10406171610412557
7347,-0.10410407006484748
7348,-0.024639541524048823
7349,-0.12711875300493294
7350,-0.0745569703500225
7351,-0.03827425913828164
7352,-0.12012258912288011
7353,-0.06690395893636654
7354,-0.12226772126959129
7355,-0.1504063976183419
7356,-0.040231572786492434
7357,-0.04733239247332339
7358,-0.043519537868058795
7359,-0.11377058642652985
7360,-0.019030455695279103
7361,-0.15642765468822736
7362,-0.04784590380751306
7363,-0.03448521627622326
7364,-0.04178637998728731
7365,-0.05056693103454857
7366,-0.13882665284533097
7367,-0.0038237101165468626
7368,-0.040203653641239
7369,-0.07692474065144139
7370,-0.013179715506973274
7371,-0.12945047820474057
7372,-0.12369430742806657
7373,-0.03170735093117663
7374,-0.1952769233988141
7375,-0.18848704716777523
7376,0.008663209112967486
7377,-0.04606723255244421
7378,-0.03084063127470614
7379,-0.07673508192247923
7380,-0.06060538545150733
7381,-0.0707869103674712
7382,-0.013251648539671486
7383,-0.12910876505597113
7384,-0.04635259190771539
7385,-0.13648263888337644
7386,-0.0651665257139768
7387,-0.08223643848432696
7388,-0.08615430577982156
7389,-0.12496070469897
7390,-0.11679612316073477
7391,-0.09818474262177376
7392,-0.04267390083418339
7393,-0.07193436261612175
7394,-0.04028300117652624
7395,-0.10536239190813988
7396,0.0053834785637332395
7397,-0.046868768574060755
7398,-0.07675801456582536
7399,-0.05417813007792005
7400,-0.029150725343776086
7401,-0.08404033689209106
7402,-0.042939093955391416
7403,-0.0948810868286523
7404,-0.030578697962772145
7405,-0.13376409731533287
7406,-0.02257697816534117
7407,-0.03199206077181223
7408,-0.026779333820243768
7409,0.020847485216793697
7410,-0.07093473466635886
7411,-0.0036138409294800985
7412,-0.1332765024851128
7413,-0.14213194223551448
7414,-0.05556425731910783
7415,-0.09983864792285316
7416,-0.09983864792285316
7417,-0.04749871434596305
7418,-0.05284922582489145
7419,0.004646428873929569
7420,-0.10272399690061151
7421,-0.049343536215303706
7422,-0.0006438897110418588
7423,-0.09655559487455592
7424,-0.027696478871758665
7425,-0.002572980749167964
7426,-0.12498322489106777
7427,-0.025921677707603653
7428,-0.09258468607260704
7429,-0.017997120741028095
7430,-0.07761004742551153
7431,-0.11821735056482142
7432,-0.1589937635664344
7433,-0.14043462144058436
7434,-0.08448754581569268
7435,-0.12135862703026673
7436,-0.06670734757667507
7437,0.021478478026572247
7438,0.012851454952471243
7439,-0.03839053089588351
7440,-0.18133934198266738
7441,0.029245248767303323
7442,-0.10512417141934098
7443,-0.13925487283034454
7444,-0.0069901404560514056
7445,-0.08660611589219887
7446,-0.15507277410055934
7447,-0.007411377622196224
7448,-0.16700495462986473
7449,-0.08609846170425703
7450,-0.0997994132012666
7451,-0.0997994132012666
7452,-0.17069716837135504
7453,-0.05438253179374804
7454,0.011588620271827277
7455,-0.08000336946211817
7456,-0.010062711422685241
7457,-0.15652597251991787
7458,-0.11706527869644946
7459,-0.1317384022071943
7460,-0.010910967954329786
7461,-0.057706531215305217
7462,-0.06314081679021472
7463,-0.10048097606408489
7464,-0.008775725237781591
7465,-0.02417555500987527
7466,-0.18120207506639255
7467,-0.06255654349029834
7468,-0.06727603297671772
7469,-0.0730954774017704
7470,-0.07730625604875044
7471,0.036222545137774495
7472,-0.07472490477104311
7473,-0.11925999962089565
7474,-0.1125559644225043
7475,-0.1493188656181137
7476,-0.10685995399384524
7477,-0.04055208800901837
7478,-0.11958291740628584
7479,-0.030435988615037237
7480,-0.0294074899996092
7481,-0.08553474436554345
7482,-0.1287170915521024
7483,-0.12930709230640722
7484,-0.055149018945008406
7485,-0.11750606246598744
7486,-0.10405776831083395
7487,-0.09128185841686207
7488,-0.13324260551981987
7489,-0.13324260551981987
7490,-0.048260536720991114
7491,-0.045033117851748516
7492,-0.12420454434306138
7493,-0.09652599459101291
7494,-0.0946382894483888
7495,-0.07500727048175168
7496,-0.16957437605991918
7497,-0.016710223110550752
7498,0.003126984703251882
7499,-0.002748606252940761
7500,-0.019814735187591206
7501,-0.0672426399310546
7502,-0.03324990758426478
7503,0.007538536283969822
7504,0.04339382717471355
7505,-0.12885023037641732
7506,-0.13902915505430624
7507,-0.009688396630691487
7508,-0.04944785873088314
7509,-0.0999414512456862
7510,-0.06426706184543807
7511,-0.08945719756446452
7512,-0.09122964948903789
7513,-0.07887365170451292
7514,-0.1300118908996358
7515,-0.04669138143084431
7516,-0.12420351261057935
7517,-0.04426465833980896
7518,-0.08620259227232721
7519,-0.08872872985528739
7520,-0.08777888871256234
7521,-0.011754147184248179
7522,-0.06433618003352816
7523,-0.1023177187059151
7524,0.006612271749200263
7525,-0.13453673335184882
7526,0.00818970929140131
7527,-0.030851199205898752
7528,-0.07241867156004356
7529,-0.07855668706063063
7530,-0.11306254833042449
7531,-0.10645868253274939
7532,-0.09340838115518602
7533,0.004345274153134078
7534,-0.08584876479140371
7535,-0.03470645986296491
7536,-0.04468406614470757
7537,-0.1048847053108757
7538,-0.09644534829568376
7539,-0.020589114698628543
7540,-0.029394886599707588
7541,-0.07301836074603779
7542,-0.05832354878936466
7543,-0.0906712015609102
7544,-0.0961942292142178
7545,-0.08199182798430002
7546,-0.055311945231054545
7547,-0.13430446828029532
7548,-0.14250732596404297
7549,-0.19278255469687658
7550,-0.03290006066655964
7551,-0.13333887520689067
7552,-0.09202541124210575
7553,-0.054135345082694034
7554,-0.10104278522191627
7555,-0.10567885257727455
7556,-0.045890347081126145
7557,-0.005946601755630395
7558,-0.02068806156230609
7559,-0.12351313781948209
7560,-0.07377234400826506
7561,-0.04251603002629686
7562,-0.108155416042828
7563,-0.035186862087595715
7564,-0.10936843080905238
7565,-0.07930627725336202
7566,-0.06948035883095256
7567,-0.04291641005031318
7568,-0.12346615208078829
7569,-0.06466762549308609
7570,-0.10881413304347705
7571,0.0025923182290414695
7572,-0.12071939426539453
7573,-0.05228992550880311
7574,-0.06892327574926049
7575,-0.1330106134005957
7576,-0.13265966279954475
7577,-0.12041110766161434
7578,-0.14135350101560903
7579,-0.003368575280072455
7580,-0.07868283322276656
7581,-0.0013377739391639872
7582,-0.09700558133439875
7583,-0.12217941150781483
7584,-0.017515336010145165
7585,-0.029337171710008415
7586,-0.1742397970615909
7587,-0.03432518578635093
7588,-0.20370778449785895
7589,-0.0816457338091422
7590,-0.12787898618707036
7591,-0.006186537760408033
7592,-0.050693280211391877
7593,-0.12632026427329693
7594,-0.10460992956121318
7595,-0.0906200407000391
7596,-0.07125566883767749
7597,-0.10457472643347093
7598,-0.11093755597977685
7599,-0.05721539024869226
7600,-0.1486262717861748
7601,0.03999184997068288
7602,-0.07897959890174906
7603,-0.09733391320145737
7604,-0.05786553461914151
7605,-0.09659330817383198
7606,-0.14722490419268758
7607,-0.0888371184623894
7608,-0.12748728884944172
7609,-0.060384135513328725
7610,-0.05607026478548024
7611,-0.05470975541114231
7612,-0.011779525247012366
7613,-0.11106684661153546
7614,-0.08538902667619308
7615,-0.12493928873704926
7616,-0.042756174030022305
7617,-0.11864741045022142
7618,0.09372893335354009
7619,-0.026191742597052817
7620,-0.026191742597052817
7621,-0.10382673061789216
7622,-0.16065397311758434
7623,-0.02810779083386079
7624,-0.11077088335034914
7625,-0.13295791775094845
7626,-0.103692420107597
7627,-0.032304593518076394
7628,-0.02923534353210926
7629,-0.16583801151130856
7630,-0.05123814705919052
7631,-0.09745560247102145
7632,-0.08382775491304043
7633,-0.04452174898257289
7634,-0.04452174898257289
7635,-0.13191381991992188
7636,-0.04801371470829046
7637,-0.01601486326068343
7638,-0.0535087490476664
7639,-0.07710233101266394
7640,-0.08630377039030004
7641,-0.04812155254670838
7642,-0.11699912349917028
7643,-0.04908492665952842
7644,0.06441505387426581
7645,-0.1542532389880378
7646,-0.1542532389880378
7647,-0.06985310461635759
7648,-0.0697226453115749
7649,-0.031015729470687616
7650,-0.08168716782262948
7651,0.011013611225596206
7652,-0.06260450599165375
7653,-0.10461518322521554
7654,-0.004712926539017453
7655,-0.09153627361787352
7656,-0.05041094179858981
7657,-0.14832560792106617
7658,0.04275881178046563
7659,8.530923683801728e-05
7660,-0.05962716305643682
7661,-0.004922619621424819
7662,-0.15866882806579446
7663,-0.08407537978035552
7664,-0.08407537978035552
7665,-0.11178069473755117
7666,-0.1198510868931747
7667,-0.02048552033724436
7668,-0.08133198553330412
7669,-0.16547687194721644
7670,-0.07296125623745618
7671,0.08170209229329925
7672,-0.0549613087857606
7673,-0.0860715967554414
7674,-0.144513006745
7675,-0.0764982301933578
7676,-0.104397716723484
7677,-0.10691855623879201
7678,0.00016317057144357036
7679,-0.10110585041973559
7680,-0.05424254154082653
7681,-0.05424254154082653
7682,-0.11876121246387829
7683,-0.096999458216118
7684,-0.0477411438477952
7685,-0.06301779403077508
7686,-0.10071409711173765
7687,-0.1504506039864325
7688,-0.138206425552678
7689,-0.05374218734164784
7690,-0.04650596793269112
7691,-0.1523675652164302
7692,-0.1144038005730371
7693,0.0019300991840636539
7694,0.027814086838965614
7695,-0.13857684471080953
7696,-0.08635080336174143
7697,-0.08635080336174143
7698,-0.05736797573340617
7699,-0.09638209209819582
7700,-0.10293863363883271
7701,-0.0469147105305132
7702,-0.0906403993672498
7703,-0.11269977014583721
7704,-0.06551764138217264
7705,-0.06551764138217264
7706,-0.1393141932746324
7707,0.025612065260173258
7708,-0.1128087642582194
7709,-0.030618513344587883
7710,-0.06901270868597877
7711,-0.04693961698665468
7712,-0.016357888728057546
7713,-0.05351116854970875
7714,0.018951976319285396
7715,-0.18192209476025728
7716,-0.18192209476025728
7717,-0.028114849780326818
7718,-0.07390486691941074
7719,-0.072326934749938
7720,-0.1582540219866132
7721,-0.022412073097011733
7722,-0.10293740199321955
7723,-0.05470269665074045
7724,-0.18075932865604713
7725,-0.1838408490678931
7726,0.0023668602925760247
7727,-0.11293261126524086
7728,-0.08552265620436779
7729,-0.0509015397722533
7730,-0.10498307105070993
7731,-0.09829512397697551
7732,-0.06445383983672849
7733,-0.017546655712140896
7734,-0.059368746660821876
7735,-0.07287957847710054
7736,-0.12874172835870903
7737,-0.0752376175699764
7738,-0.07798469953042922
7739,-0.10967215336084435
7740,0.0007964954984420233
7741,-0.021540715455005417
7742,-0.08005141717769658
7743,-0.19104614128013764
7744,-0.12002352637000198
7745,-0.04375531020878646
7746,-0.07036231975822181
7747,-0.07190577804180227
7748,-0.05198776565352474
7749,-0.04658932839476912
7750,-0.06202621036455863
7751,-0.09949658175187083
7752,-0.02180952097161956
7753,-0.08899632594051801
7754,-0.006316870564755839
7755,-0.10626421197098683
7756,-0.015547946960395907
7757,0.03617664462484443
7758,-0.13830312417584673
7759,-0.14526858438606902
7760,-0.016065238173313026
7761,-0.005503692971595278
7762,-0.08373130122197289
7763,-0.10860773849166969
7764,-0.08976430700457813
7765,-0.08723450713803022
7766,-0.0628120359960729
7767,0.03761695791927823
7768,-0.11313013076329162
7769,-0.023879037609707075
7770,-0.012578925662944844
7771,-0.06003772643812265
7772,-0.09737692806190754
7773,-0.044534224425450505
7774,-0.09937347302106618
7775,-0.006819650076996085
7776,-0.011730642704988083
7777,0.004098894574766598
7778,-0.07710984514146031
7779,-0.054418075448130404
7780,-0.09549756727254552
7781,-0.03774246572952175
7782,0.030521904701752096
7783,-0.08764519393394805
7784,0.027101296450073944
7785,-0.054063479117369445
7786,-0.0749476111334037
7787,0.039517957992758534
7788,-0.028938842315614298
7789,-0.03876760352781047
7790,0.04200942220170912
7791,-0.03225153532294579
7792,0.04942681582224223
7793,-0.1306853178318764
7794,0.015286715789099709
7795,0.011272210386338829
7796,0.04589818978442794
7797,-0.07853704599404794
7798,0.03330576265489162
7799,-0.17462039904192392
7800,0.011778231771301127
7801,0.024723548621676368
7802,-0.08034248118842417
7803,-0.15433719923914227
7804,-0.0400886698348858
7805,-0.05631869105661477
7806,-0.08039816099803566
7807,0.0675324178915445
7808,-0.06511410028924186
7809,-0.12723585255880454
7810,-0.04639658441871487
7811,-0.08649326541316686
7812,-0.04909131572793734
7813,-0.04936559504746612
7814,-0.10059059338679092
7815,0.013931329044070568
7816,-0.09934774208055187
7817,-0.08813947889981731
7818,-0.02365068852185951
7819,-0.19739978349584117
7820,0.08521147918447552
7821,-0.05294353376832861
7822,0.07394306993427371
7823,-0.10499334846905718
7824,-0.05306942064741848
7825,-0.19800499215234785
7826,-0.04053091640903232
7827,0.06680605168872457
7828,-0.04364381883340976
7829,-0.13688632015784066
7830,-0.06078116193695477
7831,-0.0022990524642613735
7832,-0.0738962375118408
7833,-0.04131396312959768
7834,-0.1731973216334478
7835,-0.08111892234588627
7836,-0.06224678076859201
7837,-0.1181144169517558
7838,-0.036457863563275766
7839,-0.09942017630598073
7840,-0.04632205764337649
7841,-0.015783802006537975
7842,0.051576324586238724
7843,-0.07916724973587959
7844,-0.06106092914951098
7845,-0.17481788706679224
7846,-0.11994724693625479
7847,-0.07124178784528312
7848,-0.1561656854873766
7849,-0.06982019017709802
7850,-0.06303950493034303
7851,0.05337556466905442
7852,-0.04595686811489525
7853,-0.026531350302746372
7854,-0.06470551391962537
7855,-0.08650995022605025
7856,-0.10221474881376723
7857,-0.06240497456478639
7858,-0.09384159060215844
7859,0.0568006931390535
7860,-0.07397538386920918
7861,-0.13222331807225143
7862,-0.14185701158171415
7863,-0.1311061155213279
7864,-0.04742473763186483
7865,0.009855420938636311
7866,-0.09044827594945117
7867,-0.09040112097531758
7868,-0.03892748343253215
7869,0.056015185657632305
7870,-0.08642633590135114
7871,-0.05318184124855766
7872,-0.1202577472212619
7873,-0.0761084946933201
7874,0.019053361463612174
7875,-0.050797964645211385
7876,0.03451122173016465
7877,-0.05358324097455849
7878,-0.08481473140089844
7879,-0.09593895887802809
7880,-0.12382829540789983
7881,-0.1544221332321316
7882,0.03818281051471701
7883,-0.15563896746929443
7884,-0.0458487320760277
7885,-0.10810539473317911
7886,-0.04562558947330203
7887,0.03449256855354921
7888,0.07128428241744908
7889,-0.09725044445681624
7890,-0.06798051839725446
7891,-0.0878117775896869
7892,-0.10201320150389048
7893,0.05952919405052591
7894,-0.07835855772607095
7895,0.02232595513236429
7896,-0.026727307906078662
7897,0.054566318864379446
7898,-0.07646894346972663
7899,-0.02837157365331496
7900,-0.15051280771876743
7901,-0.12022372471611777
7902,-0.11788871172318453
7903,-0.025221427280385605
7904,-0.15300586178985415
7905,-0.04146691899953594
7906,-0.07409778706245265
7907,-0.050249515214485674
7908,-0.02328138246951732
7909,-0.05777460105654897
7910,0.04813541091965949
7911,0.026886490848762115
7912,0.02411914134284606
7913,0.008708398632589667
7914,-0.11961785389958775
7915,-0.06509336147573606
7916,-0.06631342491105086
7917,-0.08503846913787695
7918,-0.058813950906863095
7919,-0.06458233315430043
7920,-0.16875711759767137
7921,-0.13338899160642087
7922,-0.04425439499364143
7923,-0.0885388504913618
7924,-0.016063580586562893
7925,0.008710840473714388
7926,-0.061094272385220076
7927,0.008527764047601128
7928,-0.09340195786581125
7929,-0.034666768094160416
7930,0.0773914554171649
7931,-0.06759732507840545
7932,-0.09361201499343116
7933,-0.07647335396873277
7934,-0.14435816714533922
7935,-0.14946224250568554
7936,0.07708503906216124
7937,-0.005357018424640092
7938,-0.15909163705729107
7939,-0.013444295125633424
7940,-0.1537118267764511
7941,0.026013550966384365
7942,-0.10512859912722576
7943,0.014799584229342362
7944,0.038468231906987754
7945,-0.08194871657616568
7946,-0.08344364813445582
7947,-0.09427447902819554
7948,-0.021830932419136553
7949,-0.07202231233947336
7950,-0.17909809827205864
7951,-0.15318886241899965
7952,-0.13756213897674335
7953,-0.01898571718142292
7954,-0.09364422432819398
7955,-0.10081012748668945
7956,0.05826957143892365
7957,-0.08480234817473312
7958,-0.05040906165746713
7959,0.07120821927105156
7960,-0.1370135656906722
7961,-0.07243400435127964
7962,-0.03016196936264413
7963,-0.046048131231653376
7964,-0.17194420127345025
7965,-0.1564665251475936
7966,0.029513491719287802
7967,0.01427960453708254
7968,-0.04290264143781534
7969,-0.04290264143781534
7970,-0.09669456256610584
7971,-0.005580597475514844
7972,-0.1940872163560617
7973,0.006703135658786591
7974,0.005879925170018957
7975,-0.10855786432152503
7976,-0.09712915601946691
7977,-0.04391898682094934
7978,-0.18971157524800725
7979,-0.09886062182881046
7980,-0.09049903048602717
7981,-0.04952119159443817
7982,-0.04037449867012287
7983,-0.09072599021790462
7984,-0.08585572602158725
7985,-0.09671303983853846
7986,-0.2059425977949579
7987,-0.13213602741061897
7988,-0.04881272179737909
7989,-0.03542300917551987
7990,0.00016534249589648654
7991,0.02942283158545251
7992,0.04925849825450337
7993,-0.04433335517038243
7994,-0.01764896541970704
7995,-0.1746918841015773
7996,-0.12006559630748022
7997,0.004878332080934483
7998,-0.03963793642461593
7999,-0.19150823348920595
8000,-0.05755743747208866
8001,-0.1201088896596916
8002,-0.09761359295129238
8003,-0.14225422349433395
8004,-0.1571559227080336
8005,-0.09074505898322409
8006,-0.016787479888998043
8007,-0.1283543454134695
8008,-0.06790525289039832
8009,-0.05423757408699381
8010,-0.09507638168498041
8011,-0.07176725767123811
8012,-0.14797581965944048
8013,-0.09174276578265407
8014,0.0208777258119872
8015,-0.04167611943865796
8016,-0.04167611943865796
8017,-0.12021413590960445
8018,0.02604183121849781
8019,-0.04938653404481338
8020,-0.03799695482505271
8021,-0.05643313261894995
8022,-0.015011902569624987
8023,-0.05629938021529104
8024,-0.02351074883212657
8025,-0.04566957356959418
8026,-0.14559032256655485
8027,-0.0449332341692179
8028,-0.006712746409535917
8029,-0.07551268725941995
8030,-0.10393216188513815
8031,-0.09175494003327855
8032,-0.08564870191964498
8033,-0.010690015301665044
8034,0.03965277700418986
8035,-0.10029595787531018
8036,-0.032215938659357554
8037,-0.01898149261146956
8038,-0.07908792623430652
8039,0.04499505120079542
8040,-0.013053937141003046
8041,-0.1566308652981683
8042,-0.05659241212782627
8043,-0.1260685566561661
8044,0.05238165603400212
8045,-0.16253845075978846
8046,-0.08203739730598571
8047,-0.07149943172511426
8048,-0.035101796913170835
8049,-0.03066651482555859
8050,-0.0352888638394006
8051,-0.17340300166406794
8052,-0.12502892144563904
8053,-0.08355577076293207
8054,-0.0821974369877803
8055,-0.057414587412397564
8056,-0.051378675022377966
8057,-0.06387252572690341
8058,-0.16752185173595588
8059,-0.08501079916395295
8060,-0.06489690716306344
8061,-0.056654219610042404
8062,0.05313537574858595
8063,-0.027394210371027187
8064,-0.053766658010231144
8065,-0.043599181044053706
8066,-0.06175911084738768
8067,-0.043599181044053706
8068,-0.02429262504429015
8069,-0.09447899432014426
8070,-0.018769773891035794
8071,-0.09391561991063198
8072,-0.04359543377898978
8073,-0.1625594003615209
8074,-0.13189975947374902
8075,-0.12920886792245967
8076,-0.024503681433345536
8077,-0.028093135712889166
8078,0.0073239177870779845
8079,-0.13979900005613868
8080,-0.07467150218392951
8081,-0.046402727314926444
8082,0.03242366986936053
8083,-0.13553251639710887
8084,-0.07537334635539257
8085,-0.11772680378263983
8086,-0.12291274685293321
8087,-0.0400319858362944
8088,-0.0400319858362944
8089,-0.04355960235245805
8090,-0.054693855600337904
8091,-0.06478320211084834
8092,-0.15836720885784641
8093,-0.12906120366410218
8094,-0.20354022053852194
8095,-0.05929852421619749
8096,-0.06048409370981926
8097,0.03660791915869983
8098,-0.047440096275429305
8099,-0.028646986262531562
8100,-0.09739576009608662
8101,-0.17378761956167507
8102,-0.07111460722164406
8103,0.023739655853664006
8104,-0.04631581800654354
8105,-0.05865852001309133
8106,-0.04482801934258324
8107,-0.024549660661267212
8108,-0.05792476226141099
8109,-0.07538705542668796
8110,-0.042113209521882
8111,-0.1621191157351065
8112,-0.03547069970899971
8113,-0.1779557076344625
8114,-0.06817596024298468
8115,0.0029651711294911456
8116,-0.07589820285571702
8117,-0.10156046690246862
8118,-0.11298675283020632
8119,-0.16243645116817634
8120,-0.02661867650681016
8121,-0.05470958693352309
8122,-0.0014883532748558364
8123,-0.09248404259495892
8124,-0.0978037162335997
8125,-0.04283525712719411
8126,-0.07492115409404174
8127,0.027743838222835254
8128,-0.017491679085670026
8129,-0.0920599539391405
8130,-0.09884363827182777
8131,-0.027968525160411404
8132,-0.11248715305231452
8133,-0.0807508624948583
8134,-0.0801074399420399
8135,0.005504827142022123
8136,-0.04801308025979046
8137,-0.06924309089552333
8138,-0.05119269712576394
8139,-0.10146915600190085
8140,-0.07490922633178451
8141,-0.12462180588246856
8142,-0.10108971768460236
8143,-0.2154749479499627
8144,-0.12382884619221035
8145,0.007971700557063718
8146,0.04947447396763165
8147,-0.19786605803127225
8148,-0.025801788341173852
8149,0.034480325737714194
8150,-0.10260718903265294
8151,-0.01681156206284391
8152,-0.11044651440709466
8153,-0.13337058926388923
8154,-0.020015742640398407
8155,-0.06802771590711308
8156,-0.019366347657804026
8157,-0.01948817186658309
8158,-0.024627851482920914
8159,-0.1394840660266943
8160,-0.13048476092471417
8161,-0.1847050199237719
8162,0.026062342149565473
8163,-0.1365117733051996
8164,-0.14260284750730406
8165,-0.14260284750730406
8166,-0.15799123393652248
8167,-0.07989264942525824
8168,-0.007443382750818621
8169,0.030122527896287585
8170,-0.0006538654097733265
8171,-0.1073783418650557
8172,0.0227822540793488
8173,-0.11498968295974865
8174,-0.119703070809952
8175,-0.07652738024169868
8176,-0.003381304674280438
8177,0.06350011437147429
8178,-0.2088997224108919
8179,-0.0876857227024775
8180,-0.09528485336453302
8181,-0.07086303076979984
8182,-0.08421926706484416
8183,0.030535253447389117
8184,-0.12804704380791626
8185,-0.06155494918921672
8186,-0.19259666587245242
8187,-0.013009561141426387
8188,-0.008473400885130397
8189,-0.005999066038036337
8190,-0.11741153109868974
8191,-0.043263887444834885
8192,-0.14339950656154948
8193,-0.0023246562386105493
8194,-0.10944523978313765
8195,-0.1149542925489394
8196,-0.08568186984828585
8197,-0.09711613233615929
8198,-0.0035592318906251313
8199,-0.0024054592603516257
8200,-0.07721109933651718
8201,-0.10586025566350285
8202,-0.1594544122428814
8203,0.03012546719783001
8204,-0.054007143876793666
8205,-0.21051072438421592
8206,-0.15470502106603595
8207,-0.07648012312486757
8208,-0.16698711836668506
8209,-0.086307464400378
8210,-0.12953714358193646
8211,-0.17584271391520773
8212,-0.12023955878250932
8213,-0.16150706275652232
8214,-0.06033386762332677
8215,-0.1906340269838172
8216,0.010097729016362378
8217,-0.008701278827877112
8218,-0.17379982852865092
8219,-0.2073028474567884
8220,-0.12400400240233067
8221,-0.12702677958519398
8222,-0.07305380822697118
8223,-0.0010697516251730156
8224,-0.06634703029716618
8225,-0.03400904643142715
8226,-0.06510869669301493
8227,-0.020124324547307216
8228,-0.07139436818038522
8229,-0.10436377958839631
8230,-0.18564643556149032
8231,-0.11919733814764467
8232,0.048356349802753704
8233,-0.07880512022770025
8234,-0.04527591662473985
8235,-0.10733214963706071
8236,-0.20108214348274045
8237,-0.1998400772939905
8238,-0.14228560490348127
8239,-0.10407874934293791
8240,-0.20337830347929356
8241,0.022127131968428436
8242,-0.20337830347929356
8243,0.008701731970254707
8244,-0.198633209264845
8245,-0.13951239293387255
8246,-0.044082829284856434
8247,-0.0745045669982488
8248,0.095846504866666
8249,-0.06909829842100962
8250,-0.011425312998967967
8251,0.00874661469890552
8252,-0.13312197209048052
8253,-0.0175905378240793
8254,0.04566841135476988
8255,-0.12259154817418003
8256,-0.09125070112294406
8257,-0.06221893663587205
8258,-0.14746725841582833
8259,0.09108755440224744
8260,-0.051998164673688035
8261,-0.13294497518931409
8262,-0.0870520312166327
8263,-0.03820364582769844
8264,0.024893841771921228
8265,-0.04422651258043563
8266,-0.117240302555775
8267,-0.04342936398844601
8268,-0.2054035942128687
8269,-0.24792743516037422
8270,-0.0736027436021638
8271,-0.12545000752897525
8272,-0.018932636008340217
8273,-0.03879224096351355
8274,-0.09436437612885477
8275,0.04756653727436037
8276,-0.11754939693518035
8277,-0.09797002301705536
8278,-0.09764073343720739
8279,0.007116868404057819
8280,-0.26448292721496525
8281,-0.1439045072694237
8282,-0.008033328947282828
8283,0.03453194814899603
8284,-0.16602018062276597
8285,-0.26851826259567657
8286,-0.26851826259567657
8287,-0.0834272085222747
8288,-0.15642364740128611
8289,-0.019810110502290205
8290,-0.09045049915171212
8291,-0.08184815335861725
8292,-0.09234894551020575
8293,-0.12055208267536055
8294,-0.1266172605978642
8295,-0.176501293525522
8296,-0.0594194242875371
8297,-0.09101499988314134
8298,-0.07426422954429096
8299,-0.0759157229717475
8300,-0.13076940413543128
8301,-0.050663653642609656
8302,-0.11208466340511204
8303,-0.18666116864710208
8304,-0.008401111666466695
8305,-0.12646915714098075
8306,0.05025751353605603
8307,0.02701379498677923
8308,-0.12512293642755914
8309,-0.09290693899077691
8310,0.019179593366130912
8311,-0.05976671869633173
8312,-0.008354994771053647
8313,-0.08269503485774388
8314,-0.05982063751526776
8315,-0.08556809528650693
8316,-0.17113550770190722
8317,0.024886389746252548
8318,-0.053841895696605975
8319,-0.013119464894141179
8320,-0.05972472895823778
8321,-0.03253597240922696
8322,-0.07616427932240173
8323,-0.04327895949339382
8324,-0.12521094038036418
8325,-0.1283208414092227
8326,0.0252012833731083
8327,-0.12736294644974613
8328,-0.16407380013814857
8329,-0.19768910035536497
8330,-0.0906384352060963
8331,-0.0906384352060963
8332,-0.047930353570406474
8333,0.01576724247390892
8334,-0.15198369571090173
8335,-0.14916296610172827
8336,0.02226925730703105
8337,-0.03274923806724831
8338,0.0036618659402595745
8339,0.05161297927260587
8340,-0.1170253385161342
8341,-0.08763201181028801
8342,-0.03582137470967337
8343,-0.1105534737325577
8344,-0.05661928152555951
8345,-0.05753699352036849
8346,-0.15728887363686184
8347,-0.12315318124496005
8348,-0.032696635340447824
8349,-0.16326547953178885
8350,-0.15782880772731198
8351,-0.050769896541709
8352,0.020353364539989278
8353,-0.07792832897253858
8354,-0.0650882767474511
8355,-0.0937953642256612
8356,-0.16709385972119173
8357,-0.017566184793353406
8358,-0.11161121013572055
8359,-0.012867520289475605
8360,-0.08259572897655924
8361,0.029208861465971573
8362,-0.2796260637571035
8363,-0.12219408111425113
8364,0.03189575490432266
8365,-0.03635974409168193
8366,0.003577682774031531
8367,-0.08438506999936093
8368,-0.273953910447739
8369,-0.04986954992234437
8370,-0.028806433203999636
8371,-0.08033672560832107
8372,0.017830546808267022
8373,-0.05005400084214172
8374,-0.15697207182606182
8375,-0.15697207182606182
8376,-0.009630113164004101
8377,-0.02454966082860015
8378,-0.27420008952670305
8379,-0.05361274756147657
8380,-0.07986784928156238
8381,-0.0006792719160425795
8382,-0.05936321816163017
8383,-0.11486590161145444
8384,-0.0470463888899406
8385,-0.03562011762155928
8386,0.015558357168087558
8387,-0.08620253857054815
8388,-0.11941655752361519
8389,-0.09556777235509804
8390,-0.0057318989468410474
8391,-0.0675671027052701
8392,0.01189291112240242
8393,-0.042337917337385594
8394,-0.13671608093701432
8395,-0.24982550326593617
8396,-0.024780509755366498
8397,-0.13895462547936105
8398,-0.03686749511993859
8399,-0.2406984254071075
8400,-0.22372062878968138
8401,-0.10800653490276929
8402,-0.11731937609168307
8403,-0.04504372782548449
8404,-0.043764545469086695
8405,-0.058197567772774184
8406,-0.07662695121703812
8407,0.002630454361637552
8408,-0.04333865906766005
8409,0.010443910167710855
8410,-0.13769666399302016
8411,-0.22122165236738164
8412,-0.11686208732814886
8413,-0.08857985465423764
8414,0.02295152546198928
8415,-0.12331685851388009
8416,-0.04643420539888187
8417,-0.0968762427003172
8418,-0.08278556272532697
8419,-0.10117161061228894
8420,-0.12163182218230081
8421,-0.01627064470461342
8422,-0.11532807245021537
8423,-0.17880924724559608
8424,-0.12257643971054517
8425,-0.11445353941878479
8426,-0.08712011707040794
8427,-0.11361440734425995
8428,-0.062079920020959176
8429,-0.18389953715913382
8430,-0.13356526803718455
8431,0.004085287998115648
8432,-0.06401124646879347
8433,-0.15295550453194234
8434,0.014667064336281404
8435,-0.2320127657022301
8436,-0.06653949010392472
8437,-0.13321251860074773
8438,-0.16938023368668817
8439,-0.06201172291950513
8440,-0.058004146962735724
8441,-0.07080881086703629
8442,-0.10926331347326039
8443,-0.09277984601243298
8444,-0.11399479583095685
8445,-0.10330422653945041
8446,-0.1457557437094795
8447,-0.1480055176002437
8448,-0.019898617689209825
8449,-0.14866659308193514
8450,0.011301290492095125
8451,-0.1410220559025227
8452,-0.15943567339815443
8453,-0.15514160680697708
8454,-0.15044683191600616
8455,-0.08189355411971788
8456,-0.15575463503711956
8457,-0.1516985365732291
8458,-0.010588385349396625
8459,-0.06635612410736676
8460,-0.1399544335906355
8461,-0.1442340903336852
8462,-0.19959227695779408
8463,-0.19934181469356788
8464,-0.08599652201426711
8465,-0.13891347860209508
8466,-0.07938406487108737
8467,-0.05914757229668423
8468,-0.18517831464241447
8469,-0.06359991536950779
8470,0.035187717349297966
8471,-0.1333562651501469
8472,-0.02678119955161181
8473,-0.10877625581679365
8474,-0.12310064859087887
8475,-0.12931854113897798
8476,-0.05710657080271414
8477,-0.06071792477706607
8478,-0.18699848487642648
8479,-0.019831232675399595
8480,-0.06832808561627639
8481,-0.08435509530070717
8482,-0.11052043725143552
8483,-0.10162322380872156
8484,-0.08588908696064425
8485,-0.0877202394988943
8486,0.02795270006102413
8487,0.024189424928059533
8488,0.03170914289164578
8489,-0.0581149490007736
8490,-0.053862408158530814
8491,-0.06837407567644432
8492,0.05616322907229955
8493,-0.07512459852695712
8494,-0.049700780419699504
8495,-0.14353223527557113
8496,-0.12922141783097071
8497,-0.12886519710633595
8498,-0.03167388286685381
8499,-0.10940758147316504
8500,-0.0361228914814525
8501,-0.12200072807674658
8502,-0.1431959786848726
8503,-0.07118095623442852
8504,-0.05243755502286828
8505,-0.09575714358015969
8506,-0.00730857192122631
8507,-0.03502311073384042
8508,-0.07783986932744476
8509,-0.16016630805015458
8510,-0.1590171396972873
8511,-0.06729803309402917
8512,-0.048742440128587076
8513,-0.06936726062493648
8514,-0.1785684822779397
8515,-0.05082306929489893
8516,-0.06614737847483915
8517,-0.043856855986325015
8518,-0.16307359314849285
8519,-0.004376646720336726
8520,-0.08380473318338394
8521,-0.15424054114538016
8522,-0.006107063435299105
8523,0.0595710844853754
8524,-0.020235497635759037
8525,-0.08156025611137382
8526,-0.04290806659973582
8527,-0.08157494138071288
8528,-0.05755879461802872
8529,-0.038223171065708925
8530,-0.038223171065708925
8531,-0.034130935689513364
8532,-0.0721608744752859
8533,-0.0004744556140145346
8534,-0.13520920295396135
8535,-0.11386969823793831
8536,-0.038027265760620904
8537,-0.038027265760620904
8538,0.008191006123039381
8539,-0.09156118834173796
8540,0.012792461120116274
8541,-0.012208781839930469
8542,-0.08272665199325058
8543,-0.10407927405228738
8544,0.006368971687385754
8545,-0.08088715607474957
8546,-0.023245941052384478
8547,0.029376688384393963
8548,-0.05666798499285509
8549,-0.09408970523295829
8550,-0.1213970295712036
8551,-0.10392649049780335
8552,0.012292637730934046
8553,-0.1028859698022951
8554,-0.014286337104730554
8555,-0.03592261404514414
8556,-0.13012310963515342
8557,-0.03167360759148472
8558,-0.03167360759148472
8559,-0.04570821742076974
8560,-0.16194172036231053
8561,-0.1550576996964706
8562,-0.08002931242656791
8563,-0.05530772010347037
8564,-0.09287541163021805
8565,-0.0947552263185487
8566,-0.18408148305481428
8567,-0.08983307936029233
8568,-0.09262168166209662
8569,-0.03397125197673609
8570,-0.12684883858218002
8571,0.0525948546271622
8572,-0.12632241911130274
8573,0.016193203388318
8574,-0.13670064531829115
8575,-0.12542735053729995
8576,-0.12542735053729995
8577,0.0025104940074962977
8578,-0.034627730730851576
8579,0.011380516368870906
8580,-0.07653979197451323
8581,-0.02896359088162197
8582,-0.14404447057220887
8583,-0.07320901144781687
8584,-0.029437234174157
8585,-0.010981613616793163
8586,-0.109398300233074
8587,-0.034377640608393066
8588,-0.06777008411178911
8589,-0.02465092896263837
8590,-0.05761621267881489
8591,-0.10527017539547497
8592,-0.08260110225869126
8593,-0.15505805710155646
8594,-0.046748054729417045
8595,-0.06663349878620745
8596,-0.1320677754544378
8597,-0.012940336951225394
8598,-0.08280721710616974
8599,-0.07002497588472881
8600,0.0032452541260587424
8601,0.0032452541260587424
8602,-0.05493219179130737
8603,-0.14579771985980927
8604,-0.02214747373454962
8605,-0.10088942564129313
8606,-0.1020577828818566
8607,-0.04445696899722
8608,-0.082651584712438
8609,-0.10907471315205852
8610,-0.10555708131018675
8611,-0.038945149404172215
8612,-0.013244554190504968
8613,-0.10378074302790506
8614,-0.07115606152504833
8615,0.023681173816586246
8616,-0.053724740008678995
8617,-0.03376201613949951
8618,-0.11586813079945509
8619,-0.07816290903207483
8620,-0.07122868476707532
8621,-0.14796908949683635
8622,-0.17667375279568343
8623,-0.07094458845500975
8624,-0.07360333507208613
8625,-0.010354397357013774
8626,0.009390239805655124
8627,-0.010098995196844889
8628,-0.010098995196844889
8629,-0.004129932184032665
8630,-0.22485520594091885
8631,-0.010395076162981715
8632,-0.11650486250344116
8633,-0.06700340716132377
8634,-0.06285954966738945
8635,-0.019082486016719392
8636,-0.12576851121241842
8637,-0.0565524754644515
8638,-0.07781613218203651
8639,-0.036287100882445376
8640,-0.15429975872538
8641,-0.10531058077989003
8642,-0.011782305878956246
8643,-0.09930946659611509
8644,-0.13741419288528586
8645,-0.26571127184110416
8646,-0.13741419288528586
8647,-0.1873120980923002
8648,-0.05464172261549561
8649,-0.06171830425643297
8650,-0.08602635906258543
8651,-0.15509360574331535
8652,-0.15424209992031868
8653,-0.07812655486443029
8654,-0.04587136370244145
8655,-0.10741454576309276
8656,-0.1347204396070243
8657,-0.04528374394440624
8658,-0.03196811763807566
8659,-0.0621600333967929
8660,-0.1460480573030614
8661,-0.13951481378870084
8662,-0.10798843464746637
8663,-0.02706098740872343
8664,-0.08425230040137267
8665,-0.044890011761241314
8666,-0.01506944857463444
8667,-0.21758887310663877
8668,-0.18970423958367955
8669,-0.04510858214549324
8670,-0.14091140258642593
8671,0.004413553058585918
8672,-0.08568408030091575
8673,-0.06199097740404517
8674,-0.11575894601967082
8675,-0.0687013476902513
8676,-0.04964294307002016
8677,-0.03483927712038777
8678,-0.1012168627216134
8679,-0.10995057081282976
8680,-0.03192163756236973
8681,-0.09820307552609221
8682,-0.03360442951730281
8683,-0.08054830217130587
8684,0.016851356075004233
8685,-0.05654810320355618
8686,0.009194721633716464
8687,-0.12181544480926197
8688,-0.05389654723559823
8689,-0.08481848902357604
8690,0.028772543762537624
8691,-0.09235808489718375
8692,-0.1519562070120245
8693,-0.11150682030158764
8694,-0.04403629722304654
8695,-0.06043576274903239
8696,-0.05362390886654382
8697,-0.12443210087707025
8698,0.02117841819631992
8699,-0.09592253588282433
8700,-0.0561032281189283
8701,0.01738239298144232
8702,-0.06244519116641722
8703,-0.08583054361789173
8704,-0.04306873220584928
8705,-0.11676176845760633
8706,-0.14052090348189236
8707,-0.13392262386177695
8708,-0.08724380394928327
8709,-0.08831955851188147
8710,-0.2766188895412672
8711,0.026483747776027872
8712,-0.14145605996302596
8713,-0.09947947890713216
8714,-0.14126308854297148
8715,-0.043562186362049046
8716,-0.16024159657636136
8717,-0.0684128415147508
8718,-0.12041722637191266
8719,-0.09772392156336572
8720,-0.06980104484419153
8721,-0.07545816898658081
8722,-0.10064810015987537
8723,-0.04930727155993689
8724,-0.16299589127120295
8725,0.018617048589139484
8726,-0.18703787468986932
8727,-0.04057791588069185
8728,-0.15250567104222446
8729,-0.15610105809522062
8730,0.04889537139346861
8731,-0.1898153058516123
8732,-0.05662974823029024
8733,-0.005451086256997953
8734,-0.0900064297322313
8735,-0.08952767255112973
8736,-0.08408132552709864
8737,0.0254999387430192
8738,-0.10162433104592437
8739,0.025973082760885786
8740,-0.1016893609992685
8741,-0.16567734197362352
8742,-0.010157096242108971
8743,-0.16437090788675132
8744,-0.0768943141956117
8745,-0.059758570715694494
8746,-0.15475604149245895
8747,0.013124961813231402
8748,-0.07077919599755156
8749,-0.0195978284941981
8750,-0.09885722308360645
8751,-0.09903409309238581
8752,-0.06733508773386435
8753,-0.09877613727125127
8754,0.003116511897792624
8755,-0.09805778121203225
8756,0.03587784299288707
8757,-0.08427016698194882
8758,-0.06569516533533266
8759,0.009075230349372212
8760,-0.09566817561924039
8761,-0.08950667099468892
8762,-0.030368828305855966
8763,0.002750181814601332
8764,-0.1128390455612712
8765,0.009832583752426271
8766,-0.03036275614109886
8767,-0.11968920479603415
8768,-0.1500915395284402
8769,-0.04103594493752714
8770,-0.04485252978650132
8771,-0.021386537355169766
8772,-0.1259629687610984
8773,-0.01425592926434231
8774,-0.13634370914187047
8775,-0.038820828539117926
8776,-0.11324010717302507
8777,-0.019675644805039735
8778,-0.012498000961455981
8779,-0.007088579476072122
8780,0.011823330051528039
8781,-0.002185049493558863
8782,-0.17448171987319275
8783,0.012083593255586854
8784,-0.09835196262269459
8785,-0.14614347224850865
8786,-0.03416462576424997
8787,0.020090943781984488
8788,-0.11088027648123112
8789,-0.11088027648123112
8790,-0.009669775821010735
8791,-0.005618941807555706
8792,-0.04690105465455198
8793,-0.10323493143011316
8794,-0.07886277816162306
8795,-0.022185146559484344
8796,-0.010404542492500437
8797,-0.010817374712492568
8798,-0.15262168143167465
8799,-0.017242664651831746
8800,-0.09527520253917099
8801,-0.009886865435002013
8802,-0.07547490762711126
8803,-0.004711376685783437
8804,0.043323798895363884
8805,-0.08528675903916935
8806,-0.08528675903916935
8807,-0.19240177598573782
8808,-0.10633980824580562
8809,-0.03747318400241105
8810,0.0036719571873742155
8811,-0.011574901531234173
8812,-0.09292250588960702
8813,-0.028360670618701556
8814,-0.15414289218311847
8815,-0.15414289218311847
8816,-0.004425315425761816
8817,-0.08898769993743591
8818,0.004029057185867492
8819,-0.043136762742235275
8820,0.0011764974230454106
8821,-0.10851687386496946
8822,-0.035073900116358
8823,-0.1457310222090014
8824,-0.07351915031547934
8825,0.04598602362415207
8826,-0.13758845251745414
8827,-0.05214188898257862
8828,-0.004422572705964326
8829,-0.105811962301549
8830,-0.10187926002880092
8831,0.005620487763039484
8832,0.03536433950104222
8833,0.006240261298879176
8834,0.05003644169397709
8835,-0.034305782050323766
8836,-0.04437462593565375
8837,0.04612539353197971
8838,-0.1627884000673747
8839,-0.16124494642693923
8840,-0.06874937002871892
8841,-0.03503115268613569
8842,-0.1517067026736747
8843,0.015120481546662562
8844,0.07641887458833224
8845,-0.17453917420645165
8846,-0.05538741652695991
8847,-0.21714163774580517
8848,0.002223456002337311
8849,-0.0502773486851244
8850,-0.12807502143028976
8851,0.020029622458292123
8852,-0.1583356964812762
8853,0.012747653672250536
8854,-0.06801025939013845
8855,-0.13444353555029878
8856,0.0013056780143420638
8857,-0.14447290621469278
8858,-0.06661612671702172
8859,-0.21191597465400425
8860,-0.09081780481649139
8861,-0.18353405350546645
8862,-0.18353405350546645
8863,-0.15767889844912958
8864,-0.011662495023264653
8865,-0.01009486732370906
8866,-0.05413672650531058
8867,-0.09073334550215716
8868,0.04217806929378314
8869,-0.06887216473419075
8870,-0.05623964667221556
8871,-0.1080687023753011
8872,-0.10184770992138516
8873,-0.11828551265184029
8874,-0.11828551265184029
8875,-0.022867324586168917
8876,-0.15586108507174654
8877,-0.05710270005328611
8878,-0.071654080612157
8879,0.038981054732092416
8880,-0.03800346010113528
8881,-0.08054253643846619
8882,-0.08069742685786005
8883,-0.1736789051160385
8884,-0.026553764709282782
8885,-0.09702824418308084
8886,-0.09702824418308084
8887,-0.11340239067655129
8888,-0.03362891483839861
8889,-0.18452050809225568
8890,-0.07632911528102022
8891,-0.0846124446266404
8892,-0.09176620918467919
8893,0.05801109425885244
8894,-0.0780595057809957
8895,-0.17912628170478984
8896,-0.05516382391005405
8897,-0.08593104692274194
8898,-0.08593104692274194
8899,-0.14754746815760122
8900,-0.07056582646160495
8901,-0.07389152213230095
8902,-0.06584166695248891
8903,-0.08806010043517465
8904,-0.009332543966377027
8905,-0.005226473348548892
8906,-0.06910694836651247
8907,-0.06223339952768008
8908,-0.06357165201095803
8909,-0.18440827003223695
8910,-0.08762332542799438
8911,-0.17047645196204617
8912,-0.18847924075730135
8913,-0.06823103247789185
8914,-0.079752659077808
8915,-0.009606583752035719
8916,-0.07997875042402895
8917,-0.0833738470146074
8918,-0.14137649217335227
8919,-0.06111101249911724
8920,-0.10385747978578921
8921,-0.0866480392509962
8922,-0.05934313908630825
8923,-0.13539330681600711
8924,-0.10654519399785524
8925,-0.06603802188137546
8926,-0.0684163469178935
8927,-0.10967662303897042
8928,-0.08515328516639
8929,-0.08409602257936165
8930,-0.022710029839482736
8931,-0.08630498206351457
8932,-0.08199213852370052
8933,-0.07589229513661544
8934,-0.10852415726886924
8935,-0.10778752543544684
8936,-0.11001690387879576
8937,-0.08722559466514505
8938,-0.041435362271572115
8939,-0.09532272608283457
8940,-0.08992663062654217
8941,0.07983233965020703
8942,-0.05648053102955556
8943,-0.08850807512394603
8944,-0.13392818880404106
8945,-0.04465862516131149
8946,-0.06368098681225284
8947,-0.11345765285041137
8948,-0.14854524803222222
8949,-0.11695342405044157
8950,-0.03518143161198138
8951,-0.08010749876346515
8952,-0.09328785850790725
8953,-0.11263525727890653
8954,-0.09634331325983113
8955,-0.04255161876669138
8956,-0.09804280271250444
8957,-0.11832829913799943
8958,-0.05121692511280857
8959,-0.09774667702889937
8960,-0.07430033185885529
8961,-0.07253164851886636
8962,-0.10324701014581258
8963,-0.0736821919198252
8964,-0.05314826857733374
8965,-0.08768951645208489
8966,-0.11781489447697645
8967,-0.09534896499841096
8968,-0.10031097782857352
8969,-0.08738610630167089
8970,-0.03503591443296634
8971,-0.028311928776108667
8972,-0.01799786834607895
8973,-0.10219983439275389
8974,-0.07578331930644801
8975,0.05613909590909848
8976,0.05588374063601607
8977,-0.041859482691209836
8978,-0.08669027813838763
8979,-0.011006621549461597
8980,-0.04580491052879029
8981,-0.027351997809786623
8982,-0.13017970786973201
8983,-0.013665182255885377
8984,-0.08406193105562622
8985,-0.0884946824377144
8986,0.03772415512879566
8987,-0.027202182991224816
8988,-0.08703923555074759
8989,0.013909303314740037
8990,-0.12778766895580668
8991,-0.0785994499870321
8992,0.01926637630124006
8993,0.010763439240930778
8994,-0.08421042730785974
8995,-0.024355564954226718
8996,-0.08037105046123509
8997,-0.017651167992721505
8998,0.03926454103692081
8999,-0.06045160653696169
9000,-0.030239475435668753
9001,-0.16221568667764352
9002,-0.07707325351933078
9003,0.02187640330314875
9004,-0.11885060394844746
9005,-0.07804074508960834
9006,-0.07784774891646588
9007,-0.0031624363584752484
9008,0.026910787566444105
9009,-0.10640979716090876
9010,-0.10872737062781077
9011,0.013612266289183163
9012,-0.05730135697527014
9013,0.007686515647625875
9014,0.005765910760664335
9015,-0.08817357815686665
9016,-0.07721828688395214
9017,0.010645219956091101
9018,-0.07837775010671179
9019,-0.08459913859412219
9020,0.006174522159716591
9021,-0.13431738845639646
9022,0.05421735642229679
9023,0.0070182501744172655
9024,0.05414319978425467
9025,0.03305595821460819
9026,-0.09768241444656962
9027,-0.05080300450290487
9028,0.057847405643759814
9029,-0.10038882940504906
9030,-0.07197149096635957
9031,0.01585915677749296
9032,-0.057920488025331264
9033,-0.003518306868040483
9034,0.013169562658501166
9035,-0.008425904258048907
9036,-0.08146911688832237
9037,-0.07768618714172308
9038,-0.09149541042849824
9039,-0.007545719447912177
9040,0.02957471802204472
9041,-0.10381927983243798
9042,-0.002139872451912139
9043,-0.10814238183560189
9044,-0.07951840857074906
9045,-0.05392637383520992
9046,-0.012846866388117759
9047,-0.11781987514770352
9048,-0.06644543256185466
9049,-0.06644543256185466
9050,-0.10634865306105695
9051,-0.11639169141348765
9052,-0.08489497231250973
9053,-0.06868402429382998
9054,-0.08657754694812274
9055,-0.12023803543318894
9056,-0.13858451928060633
9057,0.03856247573091772
9058,-0.024081796501284593
9059,-0.005522423743384319
9060,-0.06410294352875133
9061,-0.08898392001503794
9062,0.026817687230539025
9063,-0.10138351509952064
9064,-0.016899504766698298
9065,-0.050640962852984917
9066,-0.10463739477844564
9067,-0.12809560284748042
9068,-0.12809560284748042
9069,-0.08082923924778893
9070,-0.15072857902006964
9071,-0.12292630934495383
9072,-0.02266318280486255
9073,-0.09903190847428521
9074,0.024108111704807547
9075,-0.14249656893911372
9076,0.008511591735826418
9077,-0.025536950391355697
9078,-0.030500386761958397
9079,-0.11183614314490606
9080,-0.006705394164318603
9081,-0.12281034824256723
9082,-0.051277832110357746
9083,-0.03650560761557573
9084,-0.0003013020483124126
9085,-0.12832552381894913
9086,-0.0009643992320533924
9087,-0.01202954884748752
9088,-0.053979591876900185
9089,-0.12069680843088142
9090,-0.0854482001506503
9091,-0.09336027028998739
9092,0.0022544613197431067
9093,-0.055851190172446885
9094,-0.11265904665028346
9095,-0.018647788325567193
9096,-0.03023795439401467
9097,-0.03679956449518007
9098,-0.14622838703664978
9099,-0.16395089281582695
9100,0.01478713714436985
9101,-0.07770504226514711
9102,-0.07770504226514711
9103,-0.1486873408437135
9104,-0.09752301798864271
9105,-0.15000902776690658
9106,-0.034274382583207995
9107,-0.032280066791557156
9108,-0.1134217945634322
9109,-0.03568660232242319
9110,-0.009566650446186209
9111,-0.07705459070591637
9112,-0.06658422146579697
9113,0.0356818303000271
9114,-0.15475764047631793
9115,-0.15475764047631793
9116,-0.026012628747066932
9117,-0.16571087079409053
9118,-0.14994668442955808
9119,-0.022640054174076323
9120,-0.0630869891953926
9121,-0.14945393394833334
9122,-0.03539269459646536
9123,-0.17647728374465416
9124,-0.07420952293199237
9125,-0.1882736827219891
9126,0.03118653624773167
9127,-0.008359201129206701
9128,-0.00043731274738969904
9129,-0.038509842179935
9130,-0.1428164639921779
9131,-0.034248363018355404
9132,-0.18766946475199245
9133,-0.11683177935856114
9134,-0.005945679816680749
9135,-0.051899528470810405
9136,-0.09803480061710312
9137,-0.10222137648890456
9138,-0.02548100572033687
9139,-0.08847879793985108
9140,-0.11535287037958747
9141,-0.02773315512406447
9142,-0.007140045604709676
9143,-0.2014417737072658
9144,-0.12039925507230193
9145,-0.10950760958282856
9146,-0.20970519498128637
9147,0.07861388189020138
9148,-0.11600985354944651
9149,-0.05596380208097324
9150,-0.07862174088168225
9151,-0.07126129241020883
9152,-0.09170559112086553
9153,-0.11774532193803183
9154,0.00046005602965453434
9155,-0.11915111087689194
9156,-0.027065438916575972
9157,-0.07061307499232485
9158,-0.05812648288977627
9159,-0.09769490184949443
9160,-0.14845669448116888
9161,-0.12712761279180493
9162,-0.2334284826163152
9163,-0.014135996744332253
9164,-0.19205897800774638
9165,-0.10007358032143657
9166,0.006604306087038127
9167,-0.034021103129916165
9168,-0.06466879597175977
9169,-0.0446041562067452
9170,-0.21431565846225767
9171,-0.05268999826368299
9172,-0.21659280390572347
9173,-0.2349997705060436
9174,-0.22878031488211914
9175,-0.022986919456836577
9176,-0.10008380473213283
9177,-0.029150912793325393
9178,-0.14603158850234643
9179,-0.032916272103130334
9180,-0.24211306282435466
9181,-0.04811014083702296
9182,-0.06632240525241491
9183,-0.05648950021898598
9184,-0.21283394886870546
9185,-0.0668820006322851
9186,-0.10456143418114251
9187,-0.2336549741951881
9188,-0.22404706069602315
9189,0.025064090333939866
9190,0.008327374856366128
9191,-0.05612954070827556
9192,-0.04587488473723951
9193,-0.08216537759226702
9194,0.00354153099749821
9195,-0.12659261377661368
9196,-0.10874682563784281
9197,-0.08984380485908912
9198,-0.07359864916987391
9199,-0.13255273478152113
9200,-0.0763956226329041
9201,0.028910478248597434
9202,-0.11264658468672949
9203,-0.05248641953054118
9204,0.023432553083183722
9205,-0.05580622898383886
9206,-0.18580775432399538
9207,-0.043616996837761574
9208,-0.0646107691370379
9209,-0.017017416573060835
9210,-0.0895233299522921
9211,-0.0710862949712466
9212,0.06108584041371117
9213,-0.053355124228729615
9214,-0.053091027710894106
9215,-0.06283033319588154
9216,-0.003194143569495737
9217,-0.052793885757867906
9218,-0.10769348695053706
9219,-0.16169182318982614
9220,-0.11297985304285212
9221,-0.06464906241072331
9222,-0.10088296101780428
9223,-0.15721353656095063
9224,-0.05009283207267563
9225,-0.06013391419815541
9226,-0.1287867665741118
9227,-0.03305682039092651
9228,-0.06567763403333544
9229,-0.07519105601288514
9230,-0.022960868921776696
9231,-0.05286268507867097
9232,-0.13689213520346888
9233,-0.030373009586471565
9234,0.0684854746197629
9235,-0.16468729036221588
9236,-0.17038464602775727
9237,-0.052930409190521006
9238,-0.13297581629620892
9239,-0.056251878624121496
9240,-0.08415741656361138
9241,-0.02411710168791628
9242,-0.06904155574084321
9243,-0.12575253507776912
9244,-0.09017771239521695
9245,-0.1874707971343406
9246,0.012784865911431605
9247,0.020616576364441367
9248,-0.07585861507501046
9249,0.023441658033135856
9250,-0.07908700870140725
9251,-0.07023383182011725
9252,-0.07023383182011725
9253,0.019101001320892687
9254,-0.044677508721790576
9255,-0.19016565497018512
9256,-0.13319004517567037
9257,-0.1740563281100891
9258,-0.1252913645667962
9259,-0.03519715495800636
9260,-0.08156882006768416
9261,-0.057102429035056544
9262,-0.18583327638960126
9263,-0.058466796248255806
9264,-0.06362004155688747
9265,-0.05721416256798879
9266,-0.06100905554385799
9267,-0.09482500399860974
9268,-0.10929784313213077
9269,-0.10929784313213077
9270,-0.026439670426895028
9271,-0.11281200064297017
9272,0.04212412556546425
9273,-0.11137580245486274
9274,-0.012922102879897
9275,-0.024725742506796974
9276,-0.014779610666243245
9277,-0.015771598989416262
9278,-0.0007276806215541973
9279,-0.11709679729160032
9280,0.00166880654044231
9281,-0.07436823824945595
9282,-0.06601099225909879
9283,-0.1703406969922941
9284,-0.05296308858689778
9285,-0.13910408895813933
9286,-0.06542546381384191
9287,-0.0967726659550557
9288,-0.08647700463233433
9289,-0.2201358861577483
9290,-0.10863879863212438
9291,-0.08263725822707339
9292,-0.06509609925248412
9293,-0.059651494082717714
9294,-0.01577958909072197
9295,-0.11566675941022377
9296,-0.01577958909072197
9297,-0.07114054435430639
9298,-0.10916808006049396
9299,-0.11607634609943893
9300,-0.03180877535035695
9301,-0.21460828492894712
9302,0.014803324091785856
9303,-0.021533499781960726
9304,0.030710188138816357
9305,-0.03763463677216712
9306,-0.068373400238407
9307,-0.059125768443011914
9308,-0.056986854105837474
9309,-0.11320639710159484
9310,-0.13787351711468396
9311,-0.020470630635967643
9312,-0.10769961914221168
9313,-0.06982590842852651
9314,-0.037947335512737976
9315,-0.037947335512737976
9316,-0.2813886349900153
9317,-0.20589760093140827
9318,-0.06898484264095317
9319,-0.0026143380340538417
9320,-0.09399452724797798
9321,-0.11195802556311116
9322,-0.0005300652282391906
9323,-0.09790633229289886
9324,-0.04040558165705816
9325,-0.01808574850169855
9326,-0.11803023514329215
9327,0.010610137990429595
9328,-0.09281133101408895
9329,-0.07456284128689035
9330,-0.059317947631972956
9331,-0.04094015713134675
9332,-0.13706587773319748
9333,0.0015300280632771968
9334,0.0047593704173704895
9335,0.015959859779997372
9336,-0.10745083814478643
9337,-0.0017059961021519592
9338,-0.05647830296494007
9339,-0.03862114809975477
9340,-0.17223250459262388
9341,-0.10445674649870056
9342,-0.17760347770515025
9343,-0.06863499598036296
9344,-0.04648302912168513
9345,0.025084321668941683
9346,-0.10327842996112256
9347,-0.15900232064589864
9348,-0.03641800173259669
9349,0.005517420240652853
9350,-0.12100411359512422
9351,-0.11642822093578978
9352,-0.07942292001882836
9353,-0.04384631852799925
9354,0.0008455226007663248
9355,-0.030516115020607
9356,-0.030516115020607
9357,-0.16738003389225314
9358,-0.10402221292600623
9359,-0.10814415015661652
9360,-0.06651116111566036
9361,-0.02433831600163331
9362,-0.10556778380751257
9363,0.008729747991910453
9364,-0.07247752866346036
9365,-0.06173005289811748
9366,0.010714004219387578
9367,-0.10846539849555821
9368,-0.06859446844222052
9369,-0.02695704384521796
9370,-0.03438436045052494
9371,-0.10576960598418898
9372,-0.10576960598418898
9373,-0.022911082619731803
9374,-0.04149683483012468
9375,-0.11089333661872001
9376,-0.090092831529376
9377,-0.11638424964963197
9378,-0.04590759429192652
9379,-0.016353161728512818
9380,0.009673160598187723
9381,-0.1460434094058578
9382,-0.04078813061603601
9383,-0.03904807510784703
9384,-0.07031698065803405
9385,0.015183240004448578
9386,0.00229415826285284
9387,-0.035818701501715816
9388,-0.10586552491853093
9389,-0.0275260284561366
9390,-0.03618047594292203
9391,-0.12097396320333471
9392,-0.12097396320333471
9393,-0.03536863249112462
9394,0.009542621835575773
9395,-0.0537822447390891
9396,0.016842499588870692
9397,-0.1913369780478895
9398,-0.034105916798258015
9399,-0.049474598154877834
9400,-0.08739412179076914
9401,-0.08738929680194002
9402,-0.14652247327801682
9403,-0.12947779612281152
9404,-0.08026976239097044
9405,0.010715456754734941
9406,-0.049678801009328095
9407,0.0012233842180642232
9408,-0.17662189732679656
9409,-0.04066671698587477
9410,-0.03268127694570147
9411,0.053577595145979075
9412,-0.05851474648890093
9413,-0.06170282908761156
9414,-0.061765985474837866
9415,-0.16283051509621008
9416,-0.023949616389199704
9417,-0.12653092741929725
9418,-0.007343485304109867
9419,-0.03999332405560377
9420,-0.06999071030569907
9421,-0.034360208769048925
9422,-0.06369241460204157
9423,-0.14348934066957475
9424,0.00022068123015894152
9425,-0.08364589080108735
9426,-0.14246794345478206
9427,-0.03998118573135709
9428,-0.11485649854720484
9429,-0.04744256694103603
9430,-0.06953083247535868
9431,-0.13383505632556816
9432,-0.11410931193289275
9433,-0.038830450652826566
9434,-0.012383047787791732
9435,-0.010002389216514699
9436,-0.13310882903463062
9437,0.012675467888945767
9438,-0.025836308918727582
9439,-0.04240065206643098
9440,-0.053533989759220094
9441,-0.0032051522521320537
9442,-0.05604798693489297
9443,-0.007335287129546164
9444,-0.07007735388990467
9445,-0.0858781024320681
9446,-0.05633748915605319
9447,-0.04868536843320419
9448,-0.037494342102437135
9449,-0.14495379406992687
9450,-0.018772195470052593
9451,-0.08044296272520077
9452,0.005945989388334163
9453,0.029959194177628663
9454,0.015247184958743174
9455,-0.01761229085397975
9456,-0.07076415861652263
9457,-0.04066793954289227
9458,-0.07952298994223514
9459,-0.11272258070147911
9460,-0.08722735234427684
9461,-0.1017077133947194
9462,-0.13388404283801
9463,0.01679445151385786
9464,-0.027404858955149113
9465,-0.11403511141168327
9466,-0.038985011132195664
9467,-0.10282595145708888
9468,-0.1058760151712146
9469,-0.1277391697302532
9470,-0.04662868217734373
9471,-0.08039075510842274
9472,-0.08813301655042037
9473,-0.09475713032321045
9474,-0.10844555172423934
9475,-0.0802243665566357
9476,-0.05364446639846704
9477,-0.09566763242955865
9478,-0.11865221858023235
9479,-0.1002544539752142
9480,-0.1440765930953575
9481,-0.09199257155415874
9482,-0.0026662315750806444
9483,-0.12446930449889614
9484,-0.10422358590067125
9485,-0.025737487722444292
9486,-0.05645863978822696
9487,-0.1241951864295842
9488,-0.1153479079759898
9489,-0.0775803375411389
9490,-0.004056173243693632
9491,-0.1473642531625001
9492,-0.0939659669148517
9493,-0.06173956282075997
9494,-0.08057112098590669
9495,-0.10989026531704972
9496,-0.020371104677820218
9497,-0.04405467560087243
9498,-0.03736545231523766
9499,-0.06509678918694128
9500,-0.03166361801042336
9501,-0.13642190561504647
9502,-0.044537639076552754
9503,-0.07486941832963506
9504,-0.12166309714692045
9505,-0.14060638118098226
9506,-0.10186455698073583
9507,-0.1211830497085692
9508,-0.06671082777392408
9509,0.03166191055383286
9510,-0.04264522641594655
9511,-0.058367547178091894
9512,-0.13758061038066116
9513,-0.09619667786797519
9514,-0.12782646178064633
9515,-0.07608076088667186
9516,-0.04765827460694668
9517,-0.031501089877596936
9518,-0.1303647623903028
9519,0.018550434089119994
9520,-0.10533694002504757
9521,-0.06228706342716966
9522,-0.07523100365102464
9523,-0.09052467653765481
9524,-0.037189548984884704
9525,-0.020276487112789947
9526,-0.099964118697911
9527,-0.20373303743502735
9528,-0.04087462039609701
9529,-0.06774279570744567
9530,-0.01931189193083067
9531,-0.05970333290405752
9532,-0.06977929903946557
9533,-0.10637148068842764
9534,-0.1294077494369571
9535,-0.1310522443407093
9536,-0.03282287443635053
9537,-0.034541282077736525
9538,-0.0499764740785593
9539,-0.059665519460691256
9540,-0.09621119819023809
9541,-0.11905568378383471
9542,0.025383477833744277
9543,-0.13109053559604616
9544,-0.12317222652832766
9545,-0.08705783321836252
9546,-0.06209517222754608
9547,-0.05608064081541512
9548,-0.07244813218662378
9549,-0.08356229313960674
9550,-0.057458095263638126
9551,-0.0020691225526943947
9552,-0.03384432205032527
9553,-0.03912816386318093
9554,-0.13465357640039088
9555,-0.10122780678167904
9556,-0.10309084111816622
9557,-0.12611789771486115
9558,-0.07315369853109732
9559,-0.17416517356891575
9560,-0.14091956203702058
9561,-0.0591495777148559
9562,-0.0746452801967243
9563,-0.030700774136600523
9564,-0.046400587121708026
9565,-0.04115858518569738
9566,-0.01105101171630957
9567,-0.1532279450811727
9568,-0.0367817889270476
9569,-0.050102279027342704
9570,-0.07443540124490829
9571,-0.10490928794521664
9572,-0.11046814123282728
9573,-0.05365583910561974
9574,-0.01962974402616204
9575,-0.13210616612621998
9576,-0.1274628800141172
9577,-0.006230151633090743
9578,-0.0956167865910705
9579,-0.1633777893758147
9580,-0.09601229504501613
9581,0.013422699808679267
9582,-0.04570130589654056
9583,-0.041703240439343384
9584,0.02108540328475558
9585,-0.10721172051454252
9586,-0.05936494031008295
9587,-0.16767378815157255
9588,-0.02768846561823497
9589,0.020723203711821476
9590,-0.08436497884090063
9591,-0.02594071676659097
9592,-0.09172743843314554
9593,-0.0880725749763149
9594,-0.0880725749763149
9595,-0.009053339627687658
9596,0.015528573141448248
9597,-0.12093204403906488
9598,-0.12088097939860412
9599,0.004985072686900234
9600,-0.10356797201523076
9601,-0.11694543614483748
9602,-0.05550618329202782
9603,-0.04815757762477589
9604,-0.011097818412507579
9605,-0.11927072914740859
9606,-0.1217231973466008
9607,-0.01728839338126726
9608,-0.06653627928753034
9609,-0.05001287496965698
9610,-0.11227084385858291
9611,-0.07864484569011403
9612,-0.1643758777580236
9613,-0.1643758777580236
9614,-0.01518055980997404
9615,-0.10039911378466339
9616,-0.10642399244984149
9617,-0.08896930832535135
9618,-0.13092424018517643
9619,-0.07547546720853104
9620,0.002941653717201433
9621,-0.09035854855133321
9622,-0.01613512158223008
9623,-0.05328464058518537
9624,0.017040032308539396
9625,-0.061835732035008556
9626,-0.09248857976108724
9627,-0.07436528711907553
9628,-0.06636231525113058
9629,-0.15986193376059996
9630,-0.15986193376059996
9631,-0.06658413301630103
9632,-0.08744605396793129
9633,-0.06132185210342001
9634,-0.07910686951273715
9635,-0.08810841817870353
9636,-0.04777885960442684
9637,-0.05295853079626653
9638,-0.06007388607038504
9639,-0.12489350927206887
9640,-0.06904279119668572
9641,0.010073889299013445
9642,-0.17748703631613996
9643,-0.05628487631026176
9644,-0.07135920157174765
9645,-0.07597142720474188
9646,-0.07597142720474188
9647,-0.025010822165881096
9648,-0.06665193870775071
9649,-0.08083956401761692
9650,-0.07899072807872402
9651,-0.11968377742869034
9652,-0.17741668346849215
9653,-0.12349837540424155
9654,-0.07975600890991164
9655,0.05418281735031445
9656,0.01954535615414616
9657,0.0017365917962161382
9658,-0.03334052144869744
9659,-0.08011264523528382
9660,-0.08199677267242134
9661,-0.08199677267242134
9662,-0.07491873227600615
9663,-0.04548971990417516
9664,-0.06654289032592833
9665,-0.10990502747086253
9666,-0.10906644126296237
9667,-0.09153675683965581
9668,-0.18454472758602153
9669,0.022673985778937946
9670,-0.11799272750525486
9671,-0.1008532448851223
9672,-0.12413912367037588
9673,-0.09455769909857223
9674,-0.05417665062542543
9675,-0.03184959764406875
9676,-0.09956566668957098
9677,0.03237672703159218
9678,-0.05570686144283927
9679,0.05488442419088232
9680,-0.1161463460044824
9681,-0.11677191496765345
9682,-0.09343268464908068
9683,-0.09343268464908068
9684,-0.16146198365122597
9685,-0.044375418992467885
9686,-0.12407144560897378
9687,-0.07139395548265744
9688,-0.1320780704100478
9689,-0.12516465037312374
9690,-0.053281950856113945
9691,-0.1744805708661893
9692,0.01720708139751283
9693,0.030880024321999086
9694,-0.02226197672029872
9695,-0.1040794442975058
9696,-0.06290906995389745
9697,-0.07858234225139826
9698,-0.10445477904975352
9699,-0.14527721308591965
9700,0.013425153853748064
9701,-0.06526210398780842
9702,0.041162604501292534
9703,-0.0998531132843705
9704,0.008678371665937084
9705,-0.13193806368555083
9706,-0.05814151627074002
9707,-0.05463102240329861
9708,0.028219624288452542
9709,-0.04710963156127743
9710,-0.007655394341143331
9711,-0.0565581145505179
9712,-0.023308439577998073
9713,-0.04273906968216299
9714,-0.10369228784698332
9715,-0.11111233764699287
9716,0.07089643405466932
9717,-0.13139078659092024
9718,-0.06846532769445814
9719,0.04813909664402357
9720,-0.06442608889386532
9721,0.035331212082455196
9722,-0.05114903390190199
9723,0.05237574093357852
9724,-0.030494917127493578
9725,-0.16048838732587592
9726,0.026475539075110004
9727,0.017734082005149355
9728,0.023641172696579033
9729,-0.06418816314470976
9730,-0.1617789686746936
9731,-0.13884224543491536
9732,0.05014878712961071
9733,-0.11969191279455943
9734,-0.04436692170030627
9735,-0.08385343447010488
9736,0.02033800023455686
9737,-0.03784283739132062
9738,-0.09535656564964438
9739,-0.020833027242174576
9740,-0.07714971303251042
9741,0.041015420607254334
9742,0.03125378464786282
9743,-0.08412691580702913
9744,-0.20229532145071252
9745,-0.06617527264544898
9746,-0.031332484198090677
9747,-0.09529968655196841
9748,-0.09457103460009733
9749,-0.0814156923967432
9750,-0.06745582670504204
9751,-0.07168456017120255
9752,0.008339916591001277
9753,-0.01963107855889303
9754,-0.062381428502012067
9755,0.017710583764255158
9756,-0.08837164022043997
9757,-0.0701682895209872
9758,-0.11128066703718464
9759,0.018130554860223875
9760,-0.054890986380546875
9761,-0.007191773783122559
9762,-0.058527784552320876
9763,-0.15436420137821086
9764,0.011518483578035468
9765,-0.038500296108734094
9766,-0.1750662680472825
9767,0.0167485449344414
9768,-0.15758453461361172
9769,-0.09573852454278135
9770,-0.0850243758212665
9771,-0.07715248046043276
9772,-0.1740398629662438
9773,0.014910453886015916
9774,0.03414750699542645
9775,-0.02876310176591248
9776,0.059741265170242176
9777,-0.0724991050011466
9778,0.004765363468254037
9779,-0.025621625466751004
9780,-0.02755728381402997
9781,-0.03510390287053893
9782,-0.024395254807414397
9783,-0.16008998058320253
9784,-0.07475478701248556
9785,0.022195260456945424
9786,0.0032013977812682818
9787,-0.0222121596000379
9788,0.005634345719070677
9789,-0.027608491060848454
9790,-0.014135511010759997
9791,-0.06640531637778924
9792,-0.030307303510864254
9793,-0.02448040984665418
9794,-0.1032229818614561
9795,0.0972910920061561
9796,-0.10232047540417885
9797,0.03320427609887241
9798,-0.0494907456539707
9799,-0.008984371043362686
9800,0.02199606516819102
9801,0.024994400905836715
9802,-0.15805150290820963
9803,0.06501356614160711
9804,-0.10122267146257159
9805,-0.08520202408966372
9806,-0.10363817126427156
9807,0.005780996060336318
9808,-0.033056626509774305
9809,-0.02425983910389298
9810,-0.16833186908252226
9811,-0.0465214377597662
9812,-0.01038493204091626
9813,-0.023368194741200273
9814,0.04896525039175909
9815,-0.10229109688825613
9816,0.006212344501257525
9817,-0.053304312608726666
9818,-0.01634311511869117
9819,0.07246455369716445
9820,0.05454574332993757
9821,-0.019652171227215895
9822,-0.1219696010470385
9823,-0.0729366123763729
9824,-0.08007434466578955
9825,-0.03453853333284446
9826,-0.05284117709768119
9827,-0.023008384584227656
9828,0.04631128917632688
9829,-0.03025136060055244
9830,-0.036562045807442496
9831,-0.08101753655996591
9832,-0.14689132239128674
9833,-0.060758516264470895
9834,-0.054550835634128665
9835,-0.03180532635797174
9836,0.09942323020460005
9837,-0.15944141508390253
9838,-0.03831725998795412
9839,-0.1557922874554308
9840,0.03393154205579364
9841,0.03895529618619452
9842,-0.050125375945549264
9843,-0.02517647738788222
9844,-0.004843776257484575
9845,-0.09478348440375423
9846,-0.14631550022507664
9847,0.040941531172686584
9848,-0.028007789593030318
9849,0.07045424816290109
9850,-0.09066276506657978
9851,0.026397045547111555
9852,-0.0626612728305501
9853,-0.0018324026809325134
9854,-0.0381856178670178
9855,-0.14608834220790293
9856,0.046150946187094304
9857,0.07339983203414935
9858,0.051543578723291246
9859,-0.019612874900993244
9860,-0.1720219549934102
9861,-0.06441826100611499
9862,0.019706796321236023
9863,-0.11604285713053906
9864,-0.0022617426548742488
9865,0.051783186497493486
9866,-0.059067355986986675
9867,-0.022985882849143418
9868,0.0004914372916017674
9869,-0.03927676548035261
9870,-0.15559426616263985
9871,-0.15559426616263985
9872,0.0493739666011012
9873,-0.11843731011353162
9874,-0.01583139042186314
9875,-0.12083949412857943
9876,-0.045302449601552615
9877,-0.033518610565940604
9878,-0.03460722351456518
9879,-0.05741605968127181
9880,0.0445123504153359
9881,-0.1179377530918047
9882,-0.17825402845738658
9883,-0.03280021983108759
9884,0.04757517650340015
9885,-0.03934158488367985
9886,-0.05113990051723621
9887,-0.06026619900804383
9888,-0.1731536962800538
9889,-0.0006505386321264752
9890,-0.07044666838908845
9891,-0.0032838241267989874
9892,-0.09832489157405255
9893,-0.1238256770754553
9894,-0.019355098696990383
9895,0.034335135319541896
9896,-0.16889236891417628
9897,-0.083658380800471
9898,0.006650550245986343
9899,-0.046895682479871956
9900,-0.06531854217998924
9901,-0.17129421835164024
9902,-0.17129421835164024
9903,0.028176644649881417
9904,-0.06525436282642963
9905,-0.17447225837615551
9906,-0.031491005415762226
9907,-0.07997297816738627
9908,0.026424818190234095
9909,-0.0758894445764959
9910,-0.1311252277876786
9911,-0.04413018542598485
9912,-0.07069420420180388
9913,-0.030554779643414808
9914,-0.08667113395602294
9915,-0.06164429703527049
9916,-0.165002160825637
9917,-0.1703743131363865
9918,-0.08908115327585113
9919,-0.029186834378129092
9920,-0.0647038604024769
9921,-0.02976258841631164
9922,-0.06710768127377426
9923,-0.1036094187885805
9924,0.013582560024716745
9925,-0.17956878655056913
9926,-0.0773395358996277
9927,-0.16118005549777562
9928,-0.0739976133401606
9929,-0.16983108013163534
9930,-0.02248563237138424
9931,-0.08916194195918695
9932,-0.124284058941341
9933,-0.12345734848350397
9934,-0.020142354237693675
9935,0.038711366757750866
9936,-0.022064525654007988
9937,0.02045804140501773
9938,-0.07211877378828242
9939,-0.11118129545801413
9940,-0.18034603167196228
9941,-0.059706835494251174
9942,0.0205848864428844
9943,0.0205848864428844
9944,-0.17987194857355152
9945,-0.06313726653548356
9946,0.02748507457246481
9947,0.05146193894155351
9948,-0.1161872213402041
9949,0.010038766203558881
9950,-0.08736287247189906
9951,-0.16618857252012365
9952,-0.019341639554919514
9953,-0.21132662076099326
9954,-0.09210178999753033
9955,-0.09750274367038753
9956,-0.005674077280461727
9957,0.047089653321754715
9958,-0.07486775117078245
9959,-0.10586818832805893
9960,-0.10802892059549886
9961,-0.1632434588978724
9962,-0.057736342848071415
9963,0.048265228137899144
9964,0.06064937920305554
9965,-0.028181021119022088
9966,0.02980743198585264
9967,-0.13502990638549905
9968,-0.03286185425040413
9969,-0.17918374195360867
9970,-0.12064285184157753
9971,-0.005702703254751891
9972,0.0268369288092586
9973,-0.1584236524745085
9974,-0.11130106646937218
9975,-0.09578062648401192
9976,-0.11199143813635033
9977,-0.026008291580800834
9978,-0.1141122048379546
9979,-0.08185628714064373
9980,-0.08299662348567674
9981,-0.06695279784397494
9982,-0.06695279784397494
9983,-0.12404237392129715
9984,-0.12352356046729612
9985,-0.10743262094938481
9986,-0.06816998644992345
9987,-0.10801225808830528
9988,-0.016730902018944973
9989,-0.10266754246450563
9990,-0.1203884924915421
9991,-0.1697063397998889
9992,-0.13553367146561746
9993,-0.058733469003881045
9994,-0.11930887076263114
9995,-0.13845862555582134
9996,-0.10901787273830957
9997,-0.05440955738255898
9998,-0.0992504330249357
9999,-0.18825305249611796
10000,0.04600812472371522
10001,-0.1483624243822835
10002,-0.11521910332491839
10003,-0.05058395857966484
10004,-0.05464206284511489
10005,-0.2024649543370374
10006,-0.12812407866184816
10007,-0.1460422509443368
10008,-0.03519107449194967
10009,-0.1151428502807703
10010,-0.11497021787464787
10011,-0.14650671211504634
10012,-0.10098432637701067
10013,0.006465799443969558
10014,-0.0958592310723079
10015,-0.10511410336563683
10016,-0.10515900698114043
10017,-0.02170948499369136
10018,-0.03832521802307154
10019,-0.07045884333702437
10020,-0.074549186413668
10021,-0.010376256812229865
10022,-0.16746192846507832
10023,0.015297749232503405
10024,-0.16218987392186038
10025,-0.07638055680044875
10026,-0.09968147631373366
10027,-0.19025606310382195
10028,-0.05408655263645809
10029,-0.11779725270406732
10030,-0.0828390082012283
10031,-0.09632353581852082
10032,-0.07533782591518386
10033,-0.1261888215942097
10034,-0.01860018589306893
10035,-0.1519155325020504
10036,-0.08536949795682147
10037,-0.015080476578062363
10038,-0.121052425601391
10039,-0.17937904053905893
10040,-0.040559061100838914
10041,-0.08029458389153381
10042,0.00756277950987703
10043,-0.146537065690229
10044,-0.1342225037580004
10045,-0.09232638675818573
10046,-0.1336306314687606
10047,-0.11695301881465862
10048,-0.024344698190702823
10049,-0.12235561330286879
10050,-0.1124236886643193
10051,-0.06527811361166012
10052,0.04570746966941663
10053,-0.029886950939019604
10054,-0.034944784362444054
10055,-0.11446933116992569
10056,-0.03941151866698155
10057,-0.1309336886911649
10058,-0.04022342351587658
10059,-0.08300229474803009
10060,-0.15921010904061247
10061,-0.07991013822167307
10062,-0.005801483904753351
10063,-0.10506246818395996
10064,-0.13755835765241275
10065,-0.1765844228970979
10066,-0.08532076788378617
10067,-0.13171888844552462
10068,-0.11984190708370074
10069,-0.09012697254993467
10070,-0.1452645722201795
10071,-0.15801335292024746
10072,-0.14257014007633448
10073,-0.14035825323226678
10074,0.05562802615475631
10075,-0.017087780593966904
10076,-0.1881743559385659
10077,-0.10684068477485278
10078,-0.13105662067567853
10079,-0.0008633190487594714
10080,-0.008431872647761454
10081,-0.03678678375504786
10082,-0.0960901004377782
10083,-0.08921608347482204
10084,-0.1368452198885899
10085,-0.02982413034898234
10086,-0.000313421508719152
10087,-0.11106998719793597
10088,-0.11712388691989549
10089,-0.06689016584336845
10090,-0.11986517009988192
10091,-0.08281621031882593
10092,-0.08360067325269382
10093,-0.06717995822775169
10094,-0.09826933641967964
10095,0.10744133232185538
10096,-0.02581648252761649
10097,-0.09208716775633949
10098,-0.12234449176158652
10099,-0.08701509252925446
10100,-0.1481810479513025
10101,-0.08045982070688279
10102,-0.08232134990356034
10103,-0.08726175150696538
10104,-0.14167692193390416
10105,0.0087279363739786
10106,-0.08134634684952924
10107,-0.1362398727798606
10108,-0.026114768894230415
10109,-0.05360103126702383
10110,-0.055407729144074484
10111,-0.03194049752863145
10112,0.09682256398816536
10113,-0.0883627250316791
10114,-0.19793891864457216
10115,-0.0189714868464244
10116,-0.15864744057892458
10117,-0.04855866068838286
10118,-0.05525798696120993
10119,-0.09328315237027841
10120,-0.05437940782097483
10121,-0.07453436050850833
10122,-0.02984974922603069
10123,-0.11544129576716464
10124,-0.06346147662180898
10125,0.04299849605532805
10126,-0.1045249168427467
10127,-0.0685857861117834
10128,-0.10915515931299168
10129,-0.013867289227943464
10130,-0.009903498335818741
10131,-0.10349153352345862
10132,-0.000750969367304797
10133,-0.12718213277928153
10134,-0.004998312478688176
10135,-0.007530608425834978
10136,-0.12636625935424445
10137,-0.011318417392430906
10138,-0.10166685272191658
10139,-0.05471913952455215
10140,0.08246167926268719
10141,0.04269605492367763
10142,-0.14608680962551024
10143,-0.14612082681733013
10144,-0.07241771454341922
10145,0.026776421491286017
10146,-0.09633263661312379
10147,-0.11157460735425985
10148,-0.03141064449340072
10149,-0.07272488192026078
10150,-0.021732233268099015
10151,0.08112925693602784
10152,-0.05101550529486316
10153,-0.08262846366791093
10154,-0.16857419898987905
10155,-0.0147490876883492
10156,0.029912566844781895
10157,-0.08934084175477282
10158,-0.04821407334801956
10159,0.0031353094375592516
10160,-0.02207968854913358
10161,0.04092990961681622
10162,-0.07614751807124606
10163,0.03146253570745417
10164,-0.14892920736771756
10165,-0.0865363535222707
10166,-0.12309489337471291
10167,-0.017609486202788516
10168,0.004443094564288359
10169,-0.03837334925798738
10170,-0.1625922592836787
10171,-0.1625922592836787
10172,-0.10210677559432708
10173,-0.03431858521572808
10174,0.041554693444051834
10175,-0.04857900303776371
10176,-0.06326331534092317
10177,0.022476191234460475
10178,0.0463542484370118
10179,-0.0883090814861411
10180,-0.16198163852608222
10181,-0.009545351847205143
10182,-0.024268557624565947
10183,-0.08190974455125034
10184,0.04359817820396992
10185,-0.10058330073076364
10186,-0.06911410662275268
10187,0.0868029437830323
10188,-0.03314832570763526
10189,0.026723189181229134
10190,-0.01643385425588612
10191,-0.07567609679887573
10192,-0.07470064554662063
10193,0.04770553067080316
10194,-0.13526422321297094
10195,-0.06667653434500524
10196,-0.01048653554404981
10197,0.02937950633750084
10198,-0.1064017291433502
10199,-0.07343888298718435
10200,-0.0640417836212881
10201,0.06437066334752584
10202,0.010666715137515617
10203,-0.08501591162149769
10204,0.047690594879156514
10205,-0.0974793235432716
10206,-0.05762015222363961
10207,-0.1260301460557328
10208,-0.16946404755209876
10209,-0.16946404755209876
10210,-0.04507637335589226
10211,-0.01864071175396102
10212,-0.017490808428462658
10213,-0.093953670411746
10214,-0.05167143503936789
10215,-0.20294547656058093
10216,-0.028552827184175643
10217,0.008699403966303828
10218,-0.11779826212647107
10219,-0.03933072213985607
10220,-0.09981225363459527
10221,-0.09684367301628156
10222,0.06929775606241495
10223,-0.02667349650039282
10224,0.023440538539545423
10225,-0.1173858513894142
10226,-0.03154079234200189
10227,-0.12488314220973361
10228,-0.1641606188722863
10229,-0.19708072683961245
10230,-0.16395224384860577
10231,-0.0814486103405098
10232,-0.0853040876135352
10233,-0.03111800877944805
10234,-0.11888649584136235
10235,-0.14890061896370804
10236,0.03440247709419096
10237,-0.19442474252711078
10238,-0.19442474252711078
10239,-0.17940157665903644
10240,-0.17938176408436707
10241,-0.034508586009485635
10242,-0.20320298048432966
10243,-0.09409579882550129
10244,-0.02605251868621657
10245,-0.0890402236691893
10246,-0.11744727402189264
10247,-0.08337842912134633
10248,0.08062539087312194
10249,-0.02832780175468937
10250,0.06237240329702056
10251,0.019366110243569417
10252,0.020233350919599373
10253,-0.042402562205864074
10254,-0.03095149895537417
10255,0.009212038665578053
10256,-0.08100410712277904
10257,-0.060008811289093134
10258,0.029562647897821898
10259,-0.020038509204306502
10260,-0.07376874166507459
10261,0.0023759564737790336
10262,-0.10738661157340737
10263,-0.00039693443044519706
10264,0.03389046861121044
10265,-0.037745246533064776
10266,-0.14140190669688663
10267,0.01720189658392137
10268,-0.03003981119853413
10269,-0.0973255213717251
10270,-0.14523279697511535
10271,0.030239705126843097
10272,-0.0717777320343
10273,-0.0717777320343
10274,0.020601303950843277
10275,-0.06636628245303175
10276,-0.16365395504011193
10277,-0.1843574640748834
10278,-0.058671167341902586
10279,-0.06687348459176372
10280,-0.07232526752252304
10281,-0.055359601935505286
10282,-0.011048383870784254
10283,-0.01635367681455262
10284,-0.11878845803053614
10285,0.03185905139698899
10286,-0.06969292340588218
10287,-0.09730590097630304
10288,-0.09221807419728356
10289,-0.04171740110898374
10290,0.009069012491722796
10291,-0.10664754081340078
10292,-0.25021754343686337
10293,-0.038714961978172126
10294,-0.05555348978702377
10295,-0.14635836737438204
10296,-0.011651603571483921
10297,0.024458947836269052
10298,-0.12479150183105892
10299,-0.24772447147381582
10300,-0.08179854562387501
10301,0.02825424040249993
10302,0.002013232930905255
10303,0.06166161153087926
10304,-0.10416656617405831
10305,-0.07212949778720985
10306,0.0299092164478267
10307,-0.13863133965151087
10308,-0.07458024797800462
10309,-0.22518163599907132
10310,-0.08802860207672364
10311,-0.10201444885305844
10312,0.013774767276363939
10313,-0.17428419858855387
10314,-0.023315195887291976
10315,-0.14365921287319652
10316,0.03361953602504447
10317,-0.07258007680185984
10318,-0.07258007680185984
10319,-0.04727940347412743
10320,-0.1339927343608309
10321,0.010477371693507187
10322,-0.2146440795810227
10323,-0.0351996629000546
10324,-0.01760473315882346
10325,-0.0721547391504811
10326,-0.1994393749262909
10327,-0.02444899824936887
10328,-0.04106937211959704
10329,0.03242748518317613
10330,0.05202473133916811
10331,-0.08989486889502592
10332,-0.03679564281596176
10333,0.02272954784986279
10334,-0.20812048035442635
10335,-0.10474578772897113
10336,-0.1630864043380558
10337,-0.006480636808799954
10338,-0.01828500668439507
10339,-0.21146373192352988
10340,-0.008168175031121147
10341,-0.10036846219799164
10342,0.027052422225953304
10343,-0.20467979545839246
10344,-0.08280318711986004
10345,-0.07099252943523832
10346,-0.21728842375356192
10347,-0.08904136379857315
10348,-0.030952177911216964
10349,-0.0417543627473483
10350,-0.15775084211654555
10351,0.023929527581636172
10352,-0.18482066975590736
10353,-0.053445028981003125
10354,-0.05037704582749588
10355,-0.1277431201741097
10356,-0.2058871956196593
10357,-0.051328120664783095
10358,-0.04550827126220096
10359,-0.023795135468348473
10360,-0.018649631928336616
10361,0.014588233159037583
10362,0.07201477175385482
10363,-0.0007599161475150127
10364,-0.05234141431947824
10365,0.04442517590100536
10366,0.03574000537169809
10367,-0.03413080859599729
10368,-0.11392445070288369
10369,-0.03926642511370713
10370,-0.050919197847139414
10371,-0.1584232431218127
10372,0.0011741735817688203
10373,-0.14133312581338642
10374,-0.010867922378014457
10375,-0.06614817163202755
10376,-0.0053140483166703575
10377,-0.04202344796476234
10378,-0.028261977492379544
10379,-0.02563382367814118
10380,-0.1276365959070316
10381,-0.07835728614239328
10382,-0.08110067215054213
10383,-0.1792018633199124
10384,-0.10040050690125939
10385,-0.08018966761473671
10386,0.03791612463875176
10387,-0.11834297156364894
10388,-0.19026070801598577
10389,-0.07260426915938428
10390,-0.026332258593850976
10391,-0.17555075703582151
10392,0.012873091659976656
10393,-0.08488689483093721
10394,-0.10327928361280322
10395,-0.08442083423323203
10396,-0.08063663189527565
10397,-0.20397625076201628
10398,-0.06479050089478512
10399,-0.10440553417075185
10400,-0.13243475144714953
10401,-0.1256661928794709
10402,-0.1414070074083638
10403,-0.04326563643807398
10404,0.026775269348541905
10405,-0.19323096921473876
10406,-0.03066904070999204
10407,-0.09035747569529669
10408,-0.16861387711422737
10409,-0.1514357105059061
10410,-0.09555077663344316
10411,0.0036768257282725333
10412,-0.09597621660875316
10413,-0.00014009935415975998
10414,-0.169379208612513
10415,-0.09803295673047123
10416,-0.09824519982170479
10417,-0.07344294731824917
10418,-0.14660443255633393
10419,0.01612518495621011
10420,-0.06697844671853384
10421,-0.05243205419684577
10422,-0.15806908688933574
10423,-0.07157165374048227
10424,-0.07449106478740346
10425,-0.1575697268474242
10426,-0.017663965090183868
10427,-0.05048706008837649
10428,-0.10380661385575439
10429,-0.024278918936718446
10430,0.027220561441632513
10431,-0.1095487264758024
10432,-0.058856505132934986
10433,-0.1675822127246525
10434,0.00024705737872436374
10435,0.02537268893376887
10436,-0.05710829832592822
10437,-0.14616479309153604
10438,-0.1126105324149708
10439,-0.1352749380803856
10440,-0.022661818347369442
10441,-0.17447116709375268
10442,-0.177340940203052
10443,-0.04748173034350877
10444,-0.1732319711605012
10445,-0.17374354386214805
10446,0.06466658395818735
10447,0.025941142737744744
10448,-0.1234744247280393
10449,-0.04153201659013093
10450,-0.045088178188755976
10451,-0.12388280309883107
10452,-0.11881054613273098
10453,-0.18687798181445614
10454,-0.11884692215863062
10455,-0.07701663754983021
10456,-0.13298619836079448
10457,-0.06326009084492058
10458,-0.03401654096766956
10459,-0.17002544593569155
10460,-0.046718705965079495
10461,-0.10794584271988905
10462,-0.09800894200989353
10463,-0.046871833749712065
10464,0.043732241587829214
10465,-0.04779604704426826
10466,-0.032829098016719814
10467,-0.11479933679814787
10468,-0.028935972142466876
10469,-0.030383437303210074
10470,-0.14449725934233945
10471,-0.08170389942685875
10472,-0.02260059613932019
10473,-0.10460574727675148
10474,-0.043009605956863824
10475,-0.10642035819363163
10476,-0.022862315682983178
10477,-0.1345000504733427
10478,-0.026537509509502052
10479,-0.07448945822406083
10480,-0.12463526377754311
10481,0.018173277250098346
10482,-0.109884502661538
10483,-0.07291302285726022
10484,-0.00698041947567798
10485,0.03869357182875133
10486,-0.08699762374659395
10487,-0.10799974897223674
10488,0.0002276475819653497
10489,-0.015030747898524655
10490,-0.05835332007184199
10491,-0.0045183625704640976
10492,0.008215604011105415
10493,-0.03284943398733636
10494,0.018375150984608273
10495,-0.10235576759416283
10496,-0.06969563220441996
10497,-0.09473175162539217
10498,-0.053129532263302394
10499,0.052399526521438325
10500,-0.0013449548694768108
10501,0.003985457300749512
10502,-0.06601044208295086
10503,-0.06196642205116902
10504,-0.08311758821122187
10505,-0.0601090847444552
10506,0.007960594160152618
10507,0.007960594160152618
10508,-0.10810644096228132
10509,0.008982500472701781
10510,0.06638605290758505
10511,-0.10919586110766404
10512,-0.028311445231281276
10513,-0.03471042221041071
10514,-0.11018055224327732
10515,-0.010656284728259517
10516,0.009007015452143568
10517,-0.025538019304949946
10518,-0.0983694509137327
10519,-0.047459965311856644
10520,-0.047459965311856644
10521,-0.0795353861538553
10522,0.013596438319200136
10523,-0.11884363772054148
10524,-0.10882393104490258
10525,0.0013315296680034745
10526,-0.051635026298857835
10527,0.004148635767535721
10528,-0.060797416893697546
10529,-0.0030990886172630435
10530,-0.054305446326757205
10531,-0.054305446326757205
10532,-0.07325388599309735
10533,0.003946744149330816
10534,0.033193311987727916
10535,-0.015130008868889693
10536,0.031013112947137562
10537,-0.06624002381300326
10538,-0.11116880793635633
10539,-0.09486534942500874
10540,-0.09864203704979195
10541,-0.048622837001797994
10542,-0.048995212366129214
10543,-0.14517352495277028
10544,0.005715628450953618
10545,-0.05686073613620071
10546,-0.05686073613620071
10547,-0.05299388376712766
10548,-0.006680497175246606
10549,0.0015275365028452317
10550,-0.11278762558381836
10551,-0.021292266938096233
10552,-0.05650371179097578
10553,-0.10767333298448206
10554,-0.09309725844432022
10555,-0.13197072387808859
10556,-0.029609855772168996
10557,-0.03226974803392734
10558,0.009754594743376742
10559,-0.1197753413640514
10560,-0.053500302956291594
10561,-0.053500302956291594
10562,-0.10473994936671713
10563,-0.020506948788523924
10564,-0.05337906139365369
10565,-0.09791535861941394
10566,-0.07700233672506082
10567,0.05494770764734224
10568,-0.0690523623003
10569,0.010242872552406248
10570,-0.1410732533669113
10571,-0.05344959687933669
10572,-0.056085803483592316
10573,0.0076001581691738235
10574,-0.043836578460650796
10575,-0.12417756232918514
10576,-0.07962750997686434
10577,-0.1202567514100581
10578,-0.018135786373637282
10579,0.06986618053131427
10580,-0.10090616350849728
10581,-0.08512354233693606
10582,0.04257949350231032
10583,-0.06747440175420769
10584,-0.0369409101244826
10585,0.028480584206321127
10586,-0.06433210346082031
10587,-0.06433210346082031
10588,-0.1124007349296136
10589,-0.10937800147925454
10590,-0.11551445853313004
10591,-0.1382727149738603
10592,-0.08086836212091174
10593,-0.090693818871167
10594,0.08164914855528138
10595,0.0007577046362794786
10596,-0.05737210940133893
10597,-0.07719922340871102
10598,-0.011517808665637466
10599,-0.07719922340871102
10600,-0.10435214873611184
10601,-0.0154882210482503
10602,-0.06943301457696942
10603,0.004823703337920133
10604,-0.14616912799568718
10605,-0.024368521538289716
10606,-0.05528330436197947
10607,-0.07265980196278561
10608,-0.16740670280056538
10609,-0.08179473017917575
10610,-0.005255530592080065
10611,0.09704202866468473
10612,-0.09577451305702656
10613,-0.06966952694046849
10614,-0.011636789305098816
10615,-0.07656390058597554
10616,-0.011778098025668121
10617,-0.20925388113966537
10618,-0.05569704920539391
10619,-0.08802154828181157
10620,-0.14774326507234223
10621,-0.06967497730896208
10622,-0.18759231519479336
10623,-0.16986036970875332
10624,-0.055881976857644025
10625,-0.045109293257933544
10626,-0.002641593226914008
10627,-0.10647626014065882
10628,-0.16368907445997719
10629,-0.16368907445997719
10630,-0.1419173632468811
10631,0.016210708895615912
10632,0.010346058959918754
10633,-0.06578384075476933
10634,-0.06578384075476933
10635,-0.09954274122417583
10636,-0.1451477744633078
10637,-0.001130944581630642
10638,0.007016680877060087
10639,-0.17077617405420015
10640,-0.16765957829623646
10641,-0.09265073926081527
10642,-0.10159790688656559
10643,0.01102804477240318
10644,-0.1552420548017925
10645,-0.012890543906873596
10646,0.011161265347784896
10647,0.004038758379777737
10648,-0.10564693782240822
10649,-0.1129819268508586
10650,-0.04036293552446802
10651,-0.06767980404838309
10652,-0.13732566654768624
10653,-0.0667151916322351
10654,-0.07378702456136293
10655,-0.263910965347293
10656,0.06738509196343959
10657,-0.14539889733519343
10658,-0.03795096137245099
10659,-0.15443968428123195
10660,-0.10800700364784353
10661,-0.010612880795715774
10662,-0.028071738032467937
10663,-0.07800413520049351
10664,-0.042555988596827576
10665,-0.1282485602253394
10666,-0.13560766626697537
10667,-0.11076255222400197
10668,-0.020435878931631363
10669,-0.1338775881978803
10670,-0.21172852506842837
10671,-0.12073566976557834
10672,-0.12796655698384476
10673,-0.08506242795191905
10674,-0.016359138486651936
10675,-0.03834747337154819
10676,-0.11628149092544816
10677,-0.012084166096631125
10678,-0.1490094452712163
10679,0.07830384142333276
10680,-0.15488389116505916
10681,-0.2827715259852189
10682,-0.13632629344404756
10683,0.00175772868776844
10684,-0.2042928490836896
10685,-0.11383139169410586
10686,-0.04990940857888279
10687,-0.21159720837552667
10688,-0.12685456514338292
10689,-0.05885802634949184
10690,-0.11835318163921739
10691,-0.10149478142011485
10692,-0.1585165237231316
10693,-0.015142691788783648
10694,-0.06977587340245826
10695,0.04511981988633944
10696,-0.10367056189220042
10697,-0.035774092381819333
10698,-0.13813468431034018
10699,-0.037240476270654216
10700,-0.10132317399831003
10701,-0.04080326920508956
10702,-0.08922865433563644
10703,-0.18893098456956703
10704,-0.06914482013741356
10705,0.03577872961893067
10706,-0.17200501118957331
10707,-0.10772573546436408
10708,-0.019108329525810153
10709,-0.07793079793281468
10710,-0.07646114298176063
10711,0.09962153085768137
10712,-0.12508376658167028
10713,-0.0596360433052553
10714,-0.10310634432710876
10715,-0.0999776334958658
10716,-0.1561006734964457
10717,-0.0030100772876670116
10718,-0.0806240526161498
10719,0.01308814540395984
10720,-0.14617605675125733
10721,-0.09847488597272483
10722,-0.10159772903154764
10723,-0.1371593237292922
10724,-0.0008698803360584732
10725,-0.04104337343722443
10726,-0.15310353207810376
10727,-0.03835422188945185
10728,-0.006985453451048635
10729,-0.09083763999808453
10730,-0.05662628846178823
10731,-0.13462538827340503
10732,-0.07278971402027187
10733,0.024133857459720298
10734,-0.03380989903232972
10735,-0.1016110956617866
10736,-0.09722374793393052
